2026-07-15 13:07:15 | INFO     | Initialized Data Store.
2026-07-15 13:07:15 | INFO     | Homepage GET status=429 (attempt 1/3)
2026-07-15 13:07:15 | INFO     | Cookie extracted [request_key=...].
2026-07-15 13:07:15 | INFO     | SkebClient ready (impersonate=chrome120, rate=1.0/s, concurrency=10, max_runtime=39600s)
2026-07-15 13:43:08 | INFO     | Ready to scrape 715 items
2026-07-15 13:43:09 | INFO     | OK https://skeb.jp/api/users/yuriyuha03
2026-07-15 13:43:09 | INFO     | Saving at archive\skeb\yuriyuha03-1f53c3.json
2026-07-15 13:43:10 | INFO     | OK https://skeb.jp/api/users/kinmugi2325
2026-07-15 13:43:10 | INFO     | Saving at archive\skeb\kinmugi2325-6ad06a.json
2026-07-15 13:43:11 | INFO     | OK https://skeb.jp/api/users/hatenakuro
2026-07-15 13:43:11 | INFO     | Saving at archive\skeb\hatenakuro-2bcc66.json
2026-07-15 13:43:12 | INFO     | OK https://skeb.jp/api/users/nkm_ssk
2026-07-15 13:43:12 | INFO     | Saving at archive\skeb\nkm_ssk-0f46df.json
2026-07-15 13:43:13 | INFO     | OK https://skeb.jp/api/users/kagamiya
2026-07-15 13:43:13 | INFO     | Saving at archive\skeb\kagamiya-52cd8e.json
2026-07-15 13:43:14 | INFO     | OK https://skeb.jp/api/users/Yug_mog
2026-07-15 13:43:14 | INFO     | Saving at archive\skeb\Yug_mog-0849cf.json
2026-07-15 13:43:15 | INFO     | OK https://skeb.jp/api/users/possess_k
2026-07-15 13:43:15 | INFO     | Saving at archive\skeb\possess_k-982313.json
2026-07-15 13:43:16 | INFO     | OK https://skeb.jp/api/users/Litzgerald
2026-07-15 13:43:16 | INFO     | Saving at archive\skeb\Litzgerald-b1113d.json
2026-07-15 13:43:17 | INFO     | OK https://skeb.jp/api/users/neginer
2026-07-15 13:43:17 | INFO     | Saving at archive\skeb\neginer-073412.json
2026-07-15 13:43:18 | INFO     | OK https://skeb.jp/api/users/siyo0216
2026-07-15 13:43:18 | INFO     | Saving at archive\skeb\siyo0216-e5e7e0.json
2026-07-15 13:43:19 | INFO     | OK https://skeb.jp/api/users/jge1000
2026-07-15 13:43:19 | INFO     | Saving at archive\skeb\jge1000-510264.json
2026-07-15 13:43:20 | INFO     | OK https://skeb.jp/api/users/yayoi13331
2026-07-15 13:43:20 | INFO     | Saving at archive\skeb\yayoi13331-72dee6.json
2026-07-15 13:43:21 | INFO     | OK https://skeb.jp/api/users/hey__silly98
2026-07-15 13:43:21 | INFO     | Saving at archive\skeb\hey__silly98-c15448.json
2026-07-15 13:43:22 | WARNING  | 404 on https://skeb.jp/api/users/m3x3_sk (attempt 1/3)
2026-07-15 13:43:23 | INFO     | OK https://skeb.jp/api/users/sinohana_kyou
2026-07-15 13:43:23 | INFO     | Saving at archive\skeb\sinohana_kyou-2dd5db.json
2026-07-15 13:43:24 | INFO     | OK https://skeb.jp/api/users/kuru96m30
2026-07-15 13:43:24 | INFO     | Saving at archive\skeb\kuru96m30-d70166.json
2026-07-15 13:43:25 | WARNING  | 404 on https://skeb.jp/api/users/m3x3_sk (attempt 2/3)
2026-07-15 13:43:26 | INFO     | OK https://skeb.jp/api/users/miyon
2026-07-15 13:43:26 | INFO     | Saving at archive\skeb\miyon-f68bfe.json
2026-07-15 13:43:27 | INFO     | OK https://skeb.jp/api/users/ozoekkk
2026-07-15 13:43:27 | INFO     | Saving at archive\skeb\ozoekkk-0c4b9e.json
2026-07-15 13:43:28 | INFO     | OK https://skeb.jp/api/users/yu3me_023
2026-07-15 13:43:28 | INFO     | Saving at archive\skeb\yu3me_023-7e2fe0.json
2026-07-15 13:43:29 | WARNING  | 404 on https://skeb.jp/api/users/Axnya (attempt 1/3)
2026-07-15 13:43:30 | INFO     | OK https://skeb.jp/api/users/OYASHIRAZU_1218
2026-07-15 13:43:30 | INFO     | Saving at archive\skeb\OYASHIRAZU_1218-173bbd.json
2026-07-15 13:43:31 | INFO     | OK https://skeb.jp/api/users/DEVOxtedxLOVE
2026-07-15 13:43:31 | INFO     | Saving at archive\skeb\DEVOxtedxLOVE-b0bf92.json
2026-07-15 13:43:32 | WARNING  | 404 on https://skeb.jp/api/users/oshino_Iriss (attempt 1/3)
2026-07-15 13:43:33 | INFO     | OK https://skeb.jp/api/users/DanFktm
2026-07-15 13:43:33 | INFO     | Saving at archive\skeb\DanFktm-e78057.json
2026-07-15 13:43:34 | INFO     | OK https://skeb.jp/api/users/mzk_7o
2026-07-15 13:43:34 | INFO     | Saving at archive\skeb\mzk_7o-492a82.json
2026-07-15 13:43:35 | INFO     | OK https://skeb.jp/api/users/trpg_iru
2026-07-15 13:43:35 | INFO     | Saving at archive\skeb\trpg_iru-e22316.json
2026-07-15 13:43:36 | INFO     | OK https://skeb.jp/api/users/horus_illust
2026-07-15 13:43:36 | INFO     | Saving at archive\skeb\horus_illust-2579e5.json
2026-07-15 13:43:37 | INFO     | OK https://skeb.jp/api/users/Nanaazarashi
2026-07-15 13:43:37 | INFO     | Saving at archive\skeb\Nanaazarashi-1418d3.json
2026-07-15 13:43:38 | WARNING  | 404 on https://skeb.jp/api/users/Axnya (attempt 2/3)
2026-07-15 13:43:39 | INFO     | OK https://skeb.jp/api/users/lapislazulisky_
2026-07-15 13:43:39 | INFO     | Saving at archive\skeb\lapislazulisky_-1daece.json
2026-07-15 13:43:40 | WARNING  | 404 on https://skeb.jp/api/users/m3x3_sk (attempt 3/3)
2026-07-15 13:43:41 | INFO     | OK https://skeb.jp/api/users/7thwww
2026-07-15 13:43:41 | INFO     | Saving at archive\skeb\7thwww-2e6807.json
2026-07-15 13:43:42 | INFO     | OK https://skeb.jp/api/users/asa967
2026-07-15 13:43:42 | INFO     | Saving at archive\skeb\asa967-29544a.json
2026-07-15 13:43:43 | INFO     | OK https://skeb.jp/api/users/nekoze_ebi
2026-07-15 13:43:43 | INFO     | Saving at archive\skeb\nekoze_ebi-367b72.json
2026-07-15 13:43:44 | WARNING  | 404 on https://skeb.jp/api/users/Axnya (attempt 3/3)
2026-07-15 13:43:45 | INFO     | OK https://skeb.jp/api/users/RITSUKAWAA
2026-07-15 13:43:45 | INFO     | Saving at archive\skeb\RITSUKAWAA-6a84e5.json
2026-07-15 13:43:46 | INFO     | OK https://skeb.jp/api/users/kyo_seeee
2026-07-15 13:43:46 | INFO     | Saving at archive\skeb\kyo_seeee-9b9b5f.json
2026-07-15 13:43:47 | INFO     | OK https://skeb.jp/api/users/meltdown001
2026-07-15 13:43:47 | INFO     | Saving at archive\skeb\meltdown001-a30ba2.json
2026-07-15 13:43:48 | INFO     | OK https://skeb.jp/api/users/chu_osushi
2026-07-15 13:43:48 | INFO     | Saving at archive\skeb\chu_osushi-d947ff.json
2026-07-15 13:43:49 | WARNING  | 404 on https://skeb.jp/api/users/kiNero30901 (attempt 1/3)
2026-07-15 13:43:50 | INFO     | OK https://skeb.jp/api/users/echiho_shi
2026-07-15 13:43:50 | INFO     | Saving at archive\skeb\echiho_shi-321990.json
2026-07-15 13:43:51 | WARNING  | 404 on https://skeb.jp/api/users/lkjeudnduy44 (attempt 1/3)
2026-07-15 13:43:52 | INFO     | OK https://skeb.jp/api/users/Kuina_Natumiya
2026-07-15 13:43:52 | INFO     | Saving at archive\skeb\Kuina_Natumiya-56e683.json
2026-07-15 13:43:53 | INFO     | OK https://skeb.jp/api/users/ronku_69
2026-07-15 13:43:53 | INFO     | Saving at archive\skeb\ronku_69-1b7ff4.json
2026-07-15 13:43:54 | INFO     | OK https://skeb.jp/api/users/micoa215
2026-07-15 13:43:54 | INFO     | Saving at archive\skeb\micoa215-871859.json
2026-07-15 13:43:55 | WARNING  | 404 on https://skeb.jp/api/users/aki_ra3_ (attempt 1/3)
2026-07-15 13:43:56 | WARNING  | 404 on https://skeb.jp/api/users/kiNero30901 (attempt 2/3)
2026-07-15 13:43:57 | INFO     | OK https://skeb.jp/api/users/xSAIKAxDELICx
2026-07-15 13:43:57 | INFO     | Saving at archive\skeb\xSAIKAxDELICx-02a194.json
2026-07-15 13:43:58 | WARNING  | 404 on https://skeb.jp/api/users/aki_ra3_ (attempt 2/3)
2026-07-15 13:43:59 | INFO     | OK https://skeb.jp/api/users/kouya_kurogane
2026-07-15 13:43:59 | INFO     | Saving at archive\skeb\kouya_kurogane-8e3c6f.json
2026-07-15 13:44:00 | INFO     | OK https://skeb.jp/api/users/hamuaki_kun
2026-07-15 13:44:00 | INFO     | Saving at archive\skeb\hamuaki_kun-c4e3f3.json
2026-07-15 13:44:01 | WARNING  | 404 on https://skeb.jp/api/users/oshino_Iriss (attempt 2/3)
2026-07-15 13:44:02 | INFO     | OK https://skeb.jp/api/users/oOpeetiii
2026-07-15 13:44:02 | INFO     | Saving at archive\skeb\oOpeetiii-25007a.json
2026-07-15 13:44:03 | INFO     | OK https://skeb.jp/api/users/HipstarPloxyz
2026-07-15 13:44:03 | INFO     | Saving at archive\skeb\HipstarPloxyz-12d428.json
2026-07-15 13:44:04 | INFO     | OK https://skeb.jp/api/users/sssiii7610
2026-07-15 13:44:04 | INFO     | Saving at archive\skeb\sssiii7610-0fa77a.json
2026-07-15 13:44:05 | WARNING  | 404 on https://skeb.jp/api/users/kiNero30901 (attempt 3/3)
2026-07-15 13:44:06 | WARNING  | 404 on https://skeb.jp/api/users/aki_ra3_ (attempt 3/3)
2026-07-15 13:44:07 | INFO     | OK https://skeb.jp/api/users/les
2026-07-15 13:44:07 | INFO     | Saving at archive\skeb\les-3f816a.json
2026-07-15 13:44:08 | INFO     | OK https://skeb.jp/api/users/mokomokomonmo
2026-07-15 13:44:08 | INFO     | Saving at archive\skeb\mokomokomonmo-27122e.json
2026-07-15 13:44:09 | INFO     | OK https://skeb.jp/api/users/niboshi0522
2026-07-15 13:44:09 | INFO     | Saving at archive\skeb\niboshi0522-4f71ed.json
2026-07-15 13:44:10 | INFO     | OK https://skeb.jp/api/users/ugoku_kamo
2026-07-15 13:44:10 | INFO     | Saving at archive\skeb\ugoku_kamo-36e420.json
2026-07-15 13:44:11 | INFO     | OK https://skeb.jp/api/users/s_sot_01
2026-07-15 13:44:11 | INFO     | Saving at archive\skeb\s_sot_01-6668e9.json
2026-07-15 13:44:12 | INFO     | OK https://skeb.jp/api/users/orururu
2026-07-15 13:44:12 | INFO     | Saving at archive\skeb\orururu-78e88a.json
2026-07-15 13:44:13 | INFO     | OK https://skeb.jp/api/users/spacegorilla01
2026-07-15 13:44:13 | INFO     | Saving at archive\skeb\spacegorilla01-67a02d.json
2026-07-15 13:44:14 | INFO     | OK https://skeb.jp/api/users/Rain_k7
2026-07-15 13:44:14 | INFO     | Saving at archive\skeb\Rain_k7-676c25.json
2026-07-15 13:44:15 | WARNING  | 404 on https://skeb.jp/api/users/lkjeudnduy44 (attempt 2/3)
2026-07-15 13:44:16 | INFO     | OK https://skeb.jp/api/users/numaduke
2026-07-15 13:44:16 | INFO     | Saving at archive\skeb\numaduke-5dbd4e.json
2026-07-15 13:44:17 | WARNING  | 404 on https://skeb.jp/api/users/3hankikan0220 (attempt 1/3)
2026-07-15 13:44:18 | INFO     | OK https://skeb.jp/api/users/rukamr_fgo
2026-07-15 13:44:18 | INFO     | Saving at archive\skeb\rukamr_fgo-24d06c.json
2026-07-15 13:44:19 | INFO     | OK https://skeb.jp/api/users/u_tiu_ti
2026-07-15 13:44:19 | INFO     | Saving at archive\skeb\u_tiu_ti-bba79e.json
2026-07-15 13:44:20 | WARNING  | 404 on https://skeb.jp/api/users/lkjeudnduy44 (attempt 3/3)
2026-07-15 13:44:21 | INFO     | OK https://skeb.jp/api/users/simonjamina
2026-07-15 13:44:21 | INFO     | Saving at archive\skeb\simonjamina-44832d.json
2026-07-15 13:44:22 | INFO     | OK https://skeb.jp/api/users/ANM_no1
2026-07-15 13:44:22 | INFO     | Saving at archive\skeb\ANM_no1-b52e79.json
2026-07-15 13:44:23 | INFO     | OK https://skeb.jp/api/users/syouyu_0805
2026-07-15 13:44:23 | INFO     | Saving at archive\skeb\syouyu_0805-28cb1c.json
2026-07-15 13:44:24 | INFO     | OK https://skeb.jp/api/users/neko_superman
2026-07-15 13:44:24 | INFO     | Saving at archive\skeb\neko_superman-fc92cc.json
2026-07-15 13:44:25 | INFO     | OK https://skeb.jp/api/users/Kiro_04112
2026-07-15 13:44:25 | INFO     | Saving at archive\skeb\Kiro_04112-d10b74.json
2026-07-15 13:44:26 | INFO     | OK https://skeb.jp/api/users/mkgnmk3
2026-07-15 13:44:26 | INFO     | Saving at archive\skeb\mkgnmk3-ff68fc.json
2026-07-15 13:44:27 | WARNING  | 404 on https://skeb.jp/api/users/oshino_Iriss (attempt 3/3)
2026-07-15 13:44:28 | INFO     | OK https://skeb.jp/api/users/ru__mochi
2026-07-15 13:44:28 | INFO     | Saving at archive\skeb\ru__mochi-ff1c42.json
2026-07-15 13:44:29 | INFO     | OK https://skeb.jp/api/users/houka_
2026-07-15 13:44:29 | INFO     | Saving at archive\skeb\houka_-50f67d.json
2026-07-15 13:44:30 | INFO     | OK https://skeb.jp/api/users/tata__ra
2026-07-15 13:44:30 | INFO     | Saving at archive\skeb\tata__ra-26dee8.json
2026-07-15 13:44:31 | INFO     | OK https://skeb.jp/api/users/otmr0000
2026-07-15 13:44:31 | INFO     | Saving at archive\skeb\otmr0000-d0053c.json
2026-07-15 13:44:32 | INFO     | OK https://skeb.jp/api/users/calomo
2026-07-15 13:44:32 | INFO     | Saving at archive\skeb\calomo-a5f0ed.json
2026-07-15 13:44:34 | INFO     | OK https://skeb.jp/api/users/SUNFAIL
2026-07-15 13:44:34 | INFO     | Saving at archive\skeb\SUNFAIL-3fefd4.json
2026-07-15 13:44:34 | INFO     | OK https://skeb.jp/api/users/kei_082205
2026-07-15 13:44:34 | INFO     | Saving at archive\skeb\kei_082205-ba56f1.json
2026-07-15 13:44:35 | INFO     | OK https://skeb.jp/api/users/tori__ko__san
2026-07-15 13:44:35 | INFO     | Saving at archive\skeb\tori__ko__san-106ed1.json
2026-07-15 13:44:36 | INFO     | OK https://skeb.jp/api/users/0pg_1122
2026-07-15 13:44:36 | INFO     | Saving at archive\skeb\0pg_1122-30200f.json
2026-07-15 13:44:37 | INFO     | OK https://skeb.jp/api/users/yamakagasi08
2026-07-15 13:44:37 | INFO     | Saving at archive\skeb\yamakagasi08-0b36d1.json
2026-07-15 13:44:38 | INFO     | OK https://skeb.jp/api/users/DENTOX
2026-07-15 13:44:38 | INFO     | Saving at archive\skeb\DENTOX-318d32.json
2026-07-15 13:44:39 | INFO     | OK https://skeb.jp/api/users/qp97458303
2026-07-15 13:44:39 | INFO     | Saving at archive\skeb\qp97458303-633846.json
2026-07-15 13:44:40 | INFO     | OK https://skeb.jp/api/users/T_T_61200
2026-07-15 13:44:40 | INFO     | Saving at archive\skeb\T_T_61200-f064e7.json
2026-07-15 13:44:42 | INFO     | OK https://skeb.jp/api/users/katakuri_kona
2026-07-15 13:44:42 | INFO     | Saving at archive\skeb\katakuri_kona-8dd5ea.json
2026-07-15 13:44:43 | INFO     | OK https://skeb.jp/api/users/shikiso
2026-07-15 13:44:43 | INFO     | Saving at archive\skeb\shikiso-0fc3aa.json
2026-07-15 13:44:44 | INFO     | OK https://skeb.jp/api/users/503NF_
2026-07-15 13:44:44 | INFO     | Saving at archive\skeb\503NF_-7247d3.json
2026-07-15 13:44:45 | INFO     | OK https://skeb.jp/api/users/tetete127
2026-07-15 13:44:45 | INFO     | Saving at archive\skeb\tetete127-404e4a.json
2026-07-15 13:44:46 | INFO     | OK https://skeb.jp/api/users/emon_goya
2026-07-15 13:44:46 | INFO     | Saving at archive\skeb\emon_goya-765a68.json
2026-07-15 13:44:47 | INFO     | OK https://skeb.jp/api/users/himekura
2026-07-15 13:44:47 | INFO     | Saving at archive\skeb\himekura-ff50ba.json
2026-07-15 13:44:48 | WARNING  | 404 on https://skeb.jp/api/users/3hankikan0220 (attempt 2/3)
2026-07-15 13:44:49 | INFO     | OK https://skeb.jp/api/users/1mm_252
2026-07-15 13:44:49 | INFO     | Saving at archive\skeb\1mm_252-70e756.json
2026-07-15 13:44:50 | INFO     | OK https://skeb.jp/api/users/yuixxxe
2026-07-15 13:44:50 | INFO     | Saving at archive\skeb\yuixxxe-9e3a44.json
2026-07-15 13:44:51 | INFO     | OK https://skeb.jp/api/users/Ur1F0x
2026-07-15 13:44:51 | INFO     | Saving at archive\skeb\Ur1F0x-566700.json
2026-07-15 13:44:52 | INFO     | OK https://skeb.jp/api/users/Logy_Mipo
2026-07-15 13:44:52 | INFO     | Saving at archive\skeb\Logy_Mipo-cbe73f.json
2026-07-15 13:44:53 | INFO     | OK https://skeb.jp/api/users/sudassannn
2026-07-15 13:44:53 | INFO     | Saving at archive\skeb\sudassannn-ee6262.json
2026-07-15 13:44:54 | INFO     | OK https://skeb.jp/api/users/je0901777
2026-07-15 13:44:54 | INFO     | Saving at archive\skeb\je0901777-bae0f2.json
2026-07-15 13:44:55 | WARNING  | 404 on https://skeb.jp/api/users/3hankikan0220 (attempt 3/3)
2026-07-15 13:44:56 | INFO     | OK https://skeb.jp/api/users/akamokuren
2026-07-15 13:44:56 | INFO     | Saving at archive\skeb\akamokuren-158d8e.json
2026-07-15 13:44:57 | INFO     | OK https://skeb.jp/api/users/sur7st_gt
2026-07-15 13:44:57 | INFO     | Saving at archive\skeb\sur7st_gt-428221.json
2026-07-15 13:44:58 | INFO     | OK https://skeb.jp/api/users/kawatare398
2026-07-15 13:44:58 | INFO     | Saving at archive\skeb\kawatare398-10eebd.json
2026-07-15 13:44:59 | INFO     | OK https://skeb.jp/api/users/sktkun
2026-07-15 13:44:59 | INFO     | Saving at archive\skeb\sktkun-6679c9.json
2026-07-15 13:45:00 | INFO     | OK https://skeb.jp/api/users/___kompei1_0
2026-07-15 13:45:00 | INFO     | Saving at archive\skeb\___kompei1_0-74b2fb.json
2026-07-15 13:45:01 | INFO     | OK https://skeb.jp/api/users/hananamofu
2026-07-15 13:45:01 | INFO     | Saving at archive\skeb\hananamofu-a03c5a.json
2026-07-15 13:45:02 | INFO     | OK https://skeb.jp/api/users/KuonReino
2026-07-15 13:45:02 | INFO     | Saving at archive\skeb\KuonReino-a5a602.json
2026-07-15 13:45:03 | INFO     | OK https://skeb.jp/api/users/Rokukakudai
2026-07-15 13:45:03 | INFO     | Saving at archive\skeb\Rokukakudai-75792a.json
2026-07-15 13:45:04 | INFO     | OK https://skeb.jp/api/users/arumaji0123
2026-07-15 13:45:04 | INFO     | Saving at archive\skeb\arumaji0123-25ea81.json
2026-07-15 13:45:05 | INFO     | OK https://skeb.jp/api/users/hk_jj_2
2026-07-15 13:45:05 | INFO     | Saving at archive\skeb\hk_jj_2-04b3bd.json
2026-07-15 13:45:06 | INFO     | OK https://skeb.jp/api/users/myonoekaki
2026-07-15 13:45:06 | INFO     | Saving at archive\skeb\myonoekaki-741c9e.json
2026-07-15 13:45:07 | INFO     | OK https://skeb.jp/api/users/aiiro_amam717
2026-07-15 13:45:07 | INFO     | Saving at archive\skeb\aiiro_amam717-b5fe53.json
2026-07-15 13:45:08 | INFO     | OK https://skeb.jp/api/users/iro__ihs
2026-07-15 13:45:08 | INFO     | Saving at archive\skeb\iro__ihs-8bfff5.json
2026-07-15 13:45:09 | INFO     | OK https://skeb.jp/api/users/_usagi_chama_
2026-07-15 13:45:09 | INFO     | Saving at archive\skeb\_usagi_chama_-ed405e.json
2026-07-15 13:45:10 | WARNING  | 404 on https://skeb.jp/api/users/polar_kuma62 (attempt 1/3)
2026-07-15 13:45:11 | INFO     | OK https://skeb.jp/api/users/P30Pesamaru
2026-07-15 13:45:11 | INFO     | Saving at archive\skeb\P30Pesamaru-e3face.json
2026-07-15 13:45:12 | INFO     | OK https://skeb.jp/api/users/Boo_cipher
2026-07-15 13:45:12 | INFO     | Saving at archive\skeb\Boo_cipher-2ed083.json
2026-07-15 13:45:13 | INFO     | OK https://skeb.jp/api/users/square_asterism
2026-07-15 13:45:13 | INFO     | Saving at archive\skeb\square_asterism-ad9252.json
2026-07-15 13:45:14 | WARNING  | 404 on https://skeb.jp/api/users/polar_kuma62 (attempt 2/3)
2026-07-15 13:45:15 | INFO     | OK https://skeb.jp/api/users/morino_white
2026-07-15 13:45:15 | INFO     | Saving at archive\skeb\morino_white-645101.json
2026-07-15 13:45:16 | WARNING  | 404 on https://skeb.jp/api/users/Llu_ulg (attempt 1/3)
2026-07-15 13:45:17 | INFO     | OK https://skeb.jp/api/users/alicer
2026-07-15 13:45:17 | INFO     | Saving at archive\skeb\alicer-556230.json
2026-07-15 13:45:18 | INFO     | OK https://skeb.jp/api/users/TorySakuraba
2026-07-15 13:45:18 | INFO     | Saving at archive\skeb\TorySakuraba-b1d525.json
2026-07-15 13:45:19 | WARNING  | 404 on https://skeb.jp/api/users/Llu_ulg (attempt 2/3)
2026-07-15 13:45:20 | INFO     | OK https://skeb.jp/api/users/oikorananisite
2026-07-15 13:45:20 | INFO     | Saving at archive\skeb\oikorananisite-6e7d49.json
2026-07-15 13:45:21 | INFO     | OK https://skeb.jp/api/users/M27_os
2026-07-15 13:45:21 | INFO     | Saving at archive\skeb\M27_os-af5b4d.json
2026-07-15 13:45:22 | INFO     | OK https://skeb.jp/api/users/tamaki_heiwa
2026-07-15 13:45:22 | INFO     | Saving at archive\skeb\tamaki_heiwa-ef4255.json
2026-07-15 13:45:23 | INFO     | OK https://skeb.jp/api/users/ChihiroBlood
2026-07-15 13:45:23 | INFO     | Saving at archive\skeb\ChihiroBlood-666430.json
2026-07-15 13:45:24 | WARNING  | 404 on https://skeb.jp/api/users/Genkyou (attempt 1/3)
2026-07-15 13:45:25 | INFO     | OK https://skeb.jp/api/users/HOKUSAI_san1
2026-07-15 13:45:25 | INFO     | Saving at archive\skeb\HOKUSAI_san1-51a7c8.json
2026-07-15 13:45:26 | INFO     | OK https://skeb.jp/api/users/hebinumaRINNE
2026-07-15 13:45:26 | INFO     | Saving at archive\skeb\hebinumaRINNE-cfb31c.json
2026-07-15 13:45:27 | WARNING  | 404 on https://skeb.jp/api/users/polar_kuma62 (attempt 3/3)
2026-07-15 13:45:28 | INFO     | OK https://skeb.jp/api/users/CROWN_UNDEAD
2026-07-15 13:45:28 | INFO     | Saving at archive\skeb\CROWN_UNDEAD-1e84b2.json
2026-07-15 13:45:29 | INFO     | OK https://skeb.jp/api/users/suzuki_mioshi
2026-07-15 13:45:29 | INFO     | Saving at archive\skeb\suzuki_mioshi-704986.json
2026-07-15 13:45:30 | WARNING  | 404 on https://skeb.jp/api/users/Genkyou (attempt 2/3)
2026-07-15 13:45:31 | INFO     | OK https://skeb.jp/api/users/daiouika_495
2026-07-15 13:45:31 | INFO     | Saving at archive\skeb\daiouika_495-e457b5.json
2026-07-15 13:45:32 | INFO     | OK https://skeb.jp/api/users/toriki_pbw
2026-07-15 13:45:32 | INFO     | Saving at archive\skeb\toriki_pbw-323efc.json
2026-07-15 13:45:33 | INFO     | OK https://skeb.jp/api/users/koniekayu09
2026-07-15 13:45:33 | INFO     | Saving at archive\skeb\koniekayu09-4b3fa2.json
2026-07-15 13:45:34 | INFO     | OK https://skeb.jp/api/users/mk6skebyou
2026-07-15 13:45:34 | INFO     | Saving at archive\skeb\mk6skebyou-7406bc.json
2026-07-15 13:45:35 | WARNING  | 404 on https://skeb.jp/api/users/Genkyou (attempt 3/3)
2026-07-15 13:45:36 | INFO     | OK https://skeb.jp/api/users/Sayukichi_EN
2026-07-15 13:45:36 | INFO     | Saving at archive\skeb\Sayukichi_EN-3ff525.json
2026-07-15 13:45:37 | INFO     | OK https://skeb.jp/api/users/sun07_06
2026-07-15 13:45:37 | INFO     | Saving at archive\skeb\sun07_06-543480.json
2026-07-15 13:45:38 | WARNING  | 404 on https://skeb.jp/api/users/77_t2w (attempt 1/3)
2026-07-15 13:45:39 | INFO     | OK https://skeb.jp/api/users/m_00_n_s
2026-07-15 13:45:39 | INFO     | Saving at archive\skeb\m_00_n_s-f7cc7e.json
2026-07-15 13:45:40 | INFO     | OK https://skeb.jp/api/users/gggga1102
2026-07-15 13:45:40 | INFO     | Saving at archive\skeb\gggga1102-45e223.json
2026-07-15 13:45:41 | INFO     | OK https://skeb.jp/api/users/yunorot
2026-07-15 13:45:41 | INFO     | Saving at archive\skeb\yunorot-8a491b.json
2026-07-15 13:45:42 | INFO     | OK https://skeb.jp/api/users/yuupmp
2026-07-15 13:45:42 | INFO     | Saving at archive\skeb\yuupmp-24ac40.json
2026-07-15 13:45:43 | INFO     | OK https://skeb.jp/api/users/no_igame
2026-07-15 13:45:43 | INFO     | Saving at archive\skeb\no_igame-46b9f0.json
2026-07-15 13:45:44 | WARNING  | 404 on https://skeb.jp/api/users/Llu_ulg (attempt 3/3)
2026-07-15 13:45:45 | INFO     | OK https://skeb.jp/api/users/lencon_5
2026-07-15 13:45:45 | INFO     | Saving at archive\skeb\lencon_5-7f2f11.json
2026-07-15 13:45:46 | INFO     | OK https://skeb.jp/api/users/619_tetsu
2026-07-15 13:45:46 | INFO     | Saving at archive\skeb\619_tetsu-c8ed67.json
2026-07-15 13:45:47 | INFO     | OK https://skeb.jp/api/users/rikurikugyo_067
2026-07-15 13:45:47 | INFO     | Saving at archive\skeb\rikurikugyo_067-a75e61.json
2026-07-15 13:45:48 | INFO     | OK https://skeb.jp/api/users/chinchira_desu
2026-07-15 13:45:48 | INFO     | Saving at archive\skeb\chinchira_desu-6a3f01.json
2026-07-15 13:45:49 | INFO     | OK https://skeb.jp/api/users/kurehamiu
2026-07-15 13:45:49 | INFO     | Saving at archive\skeb\kurehamiu-3d6a7e.json
2026-07-15 13:45:50 | INFO     | OK https://skeb.jp/api/users/_O125_a
2026-07-15 13:45:50 | INFO     | Saving at archive\skeb\_O125_a-2f5aaa.json
2026-07-15 13:45:51 | INFO     | OK https://skeb.jp/api/users/d1w2bPbMBYCT3i0
2026-07-15 13:45:51 | INFO     | Saving at archive\skeb\d1w2bPbMBYCT3i0-d316fb.json
2026-07-15 13:45:52 | INFO     | OK https://skeb.jp/api/users/ogamaru525
2026-07-15 13:45:52 | INFO     | Saving at archive\skeb\ogamaru525-3f845e.json
2026-07-15 13:45:53 | INFO     | OK https://skeb.jp/api/users/uq8IZM1uzWfqKel
2026-07-15 13:45:53 | INFO     | Saving at archive\skeb\uq8IZM1uzWfqKel-72d7b8.json
2026-07-15 13:45:54 | INFO     | OK https://skeb.jp/api/users/akajikou
2026-07-15 13:45:54 | INFO     | Saving at archive\skeb\akajikou-51825d.json
2026-07-15 13:45:55 | INFO     | OK https://skeb.jp/api/users/kannnokosan0101
2026-07-15 13:45:55 | INFO     | Saving at archive\skeb\kannnokosan0101-d46dcd.json
2026-07-15 13:45:56 | WARNING  | 404 on https://skeb.jp/api/users/p_pfp5 (attempt 1/3)
2026-07-15 13:45:57 | INFO     | OK https://skeb.jp/api/users/kmo_nob
2026-07-15 13:45:57 | INFO     | Saving at archive\skeb\kmo_nob-68385c.json
2026-07-15 13:45:58 | INFO     | OK https://skeb.jp/api/users/mizi_miko
2026-07-15 13:45:58 | INFO     | Saving at archive\skeb\mizi_miko-7f919d.json
2026-07-15 13:45:59 | WARNING  | 404 on https://skeb.jp/api/users/77_t2w (attempt 2/3)
2026-07-15 13:46:00 | INFO     | OK https://skeb.jp/api/users/Shirakawaseibei
2026-07-15 13:46:00 | INFO     | Saving at archive\skeb\Shirakawaseibei-2c3376.json
2026-07-15 13:46:01 | INFO     | OK https://skeb.jp/api/users/_0rag
2026-07-15 13:46:01 | INFO     | Saving at archive\skeb\_0rag-2ddd9a.json
2026-07-15 13:46:02 | INFO     | OK https://skeb.jp/api/users/u_tkmkrh
2026-07-15 13:46:02 | INFO     | Saving at archive\skeb\u_tkmkrh-5357cd.json
2026-07-15 13:46:03 | WARNING  | 404 on https://skeb.jp/api/users/p_pfp5 (attempt 2/3)
2026-07-15 13:46:04 | INFO     | OK https://skeb.jp/api/users/takepenn
2026-07-15 13:46:04 | INFO     | Saving at archive\skeb\takepenn-0470f1.json
2026-07-15 13:46:05 | INFO     | OK https://skeb.jp/api/users/Reel_dayo_
2026-07-15 13:46:05 | INFO     | Saving at archive\skeb\Reel_dayo_-bdcd4d.json
2026-07-15 13:46:06 | INFO     | OK https://skeb.jp/api/users/hayaseyayoi
2026-07-15 13:46:06 | INFO     | Saving at archive\skeb\hayaseyayoi-89fb4c.json
2026-07-15 13:46:07 | INFO     | OK https://skeb.jp/api/users/hozumi_tsuno
2026-07-15 13:46:07 | INFO     | Saving at archive\skeb\hozumi_tsuno-ca464a.json
2026-07-15 13:46:08 | INFO     | OK https://skeb.jp/api/users/ho_nav1
2026-07-15 13:46:08 | INFO     | Saving at archive\skeb\ho_nav1-3ed4b7.json
2026-07-15 13:46:09 | INFO     | OK https://skeb.jp/api/users/isabusan_136
2026-07-15 13:46:09 | INFO     | Saving at archive\skeb\isabusan_136-a0c7d2.json
2026-07-15 13:46:10 | INFO     | OK https://skeb.jp/api/users/niken_message
2026-07-15 13:46:10 | INFO     | Saving at archive\skeb\niken_message-ae51b8.json
2026-07-15 13:46:11 | WARNING  | 404 on https://skeb.jp/api/users/fm7hxj (attempt 1/3)
2026-07-15 13:46:12 | INFO     | OK https://skeb.jp/api/users/govsoyN7As8j0hV
2026-07-15 13:46:12 | INFO     | Saving at archive\skeb\govsoyN7As8j0hV-354a62.json
2026-07-15 13:46:13 | INFO     | OK https://skeb.jp/api/users/sakanaya_trpg
2026-07-15 13:46:13 | INFO     | Saving at archive\skeb\sakanaya_trpg-93d663.json
2026-07-15 13:46:14 | WARNING  | 404 on https://skeb.jp/api/users/sakayama_lazuli (attempt 1/3)
2026-07-15 13:46:15 | INFO     | OK https://skeb.jp/api/users/nononowaki
2026-07-15 13:46:15 | INFO     | Saving at archive\skeb\nononowaki-35289b.json
2026-07-15 13:46:16 | INFO     | OK https://skeb.jp/api/users/BG00023
2026-07-15 13:46:16 | INFO     | Saving at archive\skeb\BG00023-e522c8.json
2026-07-15 13:46:17 | WARNING  | 404 on https://skeb.jp/api/users/sakayama_lazuli (attempt 2/3)
2026-07-15 13:46:18 | INFO     | OK https://skeb.jp/api/users/Vrpg_x
2026-07-15 13:46:18 | INFO     | Saving at archive\skeb\Vrpg_x-098651.json
2026-07-15 13:46:19 | INFO     | OK https://skeb.jp/api/users/siotasio_work
2026-07-15 13:46:19 | INFO     | Saving at archive\skeb\siotasio_work-bde92c.json
2026-07-15 13:46:20 | INFO     | OK https://skeb.jp/api/users/kuro_rudorufu
2026-07-15 13:46:20 | INFO     | Saving at archive\skeb\kuro_rudorufu-7e7f2b.json
2026-07-15 13:46:21 | WARNING  | 404 on https://skeb.jp/api/users/sakayama_lazuli (attempt 3/3)
2026-07-15 13:46:22 | INFO     | OK https://skeb.jp/api/users/cosinerein
2026-07-15 13:46:22 | INFO     | Saving at archive\skeb\cosinerein-47ef03.json
2026-07-15 13:46:24 | INFO     | OK https://skeb.jp/api/users/osakanakuou
2026-07-15 13:46:24 | INFO     | Saving at archive\skeb\osakanakuou-10bc9c.json
2026-07-15 13:46:24 | WARNING  | 404 on https://skeb.jp/api/users/77_t2w (attempt 3/3)
2026-07-15 13:46:25 | INFO     | OK https://skeb.jp/api/users/jenicopen
2026-07-15 13:46:25 | INFO     | Saving at archive\skeb\jenicopen-f45183.json
2026-07-15 13:46:27 | INFO     | OK https://skeb.jp/api/users/meeeeton333
2026-07-15 13:46:27 | INFO     | Saving at archive\skeb\meeeeton333-8d273a.json
2026-07-15 13:46:28 | INFO     | OK https://skeb.jp/api/users/yuaaa___n
2026-07-15 13:46:28 | INFO     | Saving at archive\skeb\yuaaa___n-4fd802.json
2026-07-15 13:46:29 | INFO     | OK https://skeb.jp/api/users/meina_x
2026-07-15 13:46:29 | INFO     | Saving at archive\skeb\meina_x-567179.json
2026-07-15 13:46:30 | INFO     | OK https://skeb.jp/api/users/_chikuwawa_
2026-07-15 13:46:30 | INFO     | Saving at archive\skeb\_chikuwawa_-75bb1c.json
2026-07-15 13:46:31 | INFO     | OK https://skeb.jp/api/users/tap_coffee_img
2026-07-15 13:46:31 | INFO     | Saving at archive\skeb\tap_coffee_img-4a7eb4.json
2026-07-15 13:46:32 | INFO     | OK https://skeb.jp/api/users/rinka_nekoneko8
2026-07-15 13:46:32 | INFO     | Saving at archive\skeb\rinka_nekoneko8-0595b4.json
2026-07-15 13:46:33 | WARNING  | 404 on https://skeb.jp/api/users/p_pfp5 (attempt 3/3)
2026-07-15 13:46:34 | WARNING  | 404 on https://skeb.jp/api/users/meguru_nero (attempt 1/3)
2026-07-15 13:46:35 | INFO     | OK https://skeb.jp/api/users/Buddha_777
2026-07-15 13:46:35 | INFO     | Saving at archive\skeb\Buddha_777-2f6c65.json
2026-07-15 13:46:36 | INFO     | OK https://skeb.jp/api/users/no928nolife
2026-07-15 13:46:36 | INFO     | Saving at archive\skeb\no928nolife-e4d48e.json
2026-07-15 13:46:37 | INFO     | OK https://skeb.jp/api/users/Yoshizawaniki
2026-07-15 13:46:37 | INFO     | Saving at archive\skeb\Yoshizawaniki-a85600.json
2026-07-15 13:46:38 | INFO     | OK https://skeb.jp/api/users/sbr_mnr_
2026-07-15 13:46:38 | INFO     | Saving at archive\skeb\sbr_mnr_-6c1121.json
2026-07-15 13:46:39 | INFO     | OK https://skeb.jp/api/users/poruporu_no
2026-07-15 13:46:39 | INFO     | Saving at archive\skeb\poruporu_no-4a2bd4.json
2026-07-15 13:46:40 | WARNING  | 404 on https://skeb.jp/api/users/8oSSUHCnXXz4tBp (attempt 1/3)
2026-07-15 13:46:41 | INFO     | OK https://skeb.jp/api/users/tamagawarinri
2026-07-15 13:46:41 | INFO     | Saving at archive\skeb\tamagawarinri-20dbf7.json
2026-07-15 13:46:42 | INFO     | OK https://skeb.jp/api/users/romdrm
2026-07-15 13:46:42 | INFO     | Saving at archive\skeb\romdrm-a8e783.json
2026-07-15 13:46:43 | INFO     | OK https://skeb.jp/api/users/kkkr0_0
2026-07-15 13:46:43 | INFO     | Saving at archive\skeb\kkkr0_0-df66b7.json
2026-07-15 13:46:44 | WARNING  | 404 on https://skeb.jp/api/users/meguru_nero (attempt 2/3)
2026-07-15 13:46:45 | INFO     | OK https://skeb.jp/api/users/Megumi_garden_
2026-07-15 13:46:45 | INFO     | Saving at archive\skeb\Megumi_garden_-605497.json
2026-07-15 13:46:46 | INFO     | OK https://skeb.jp/api/users/ueki_3332
2026-07-15 13:46:46 | INFO     | Saving at archive\skeb\ueki_3332-9447a2.json
2026-07-15 13:46:47 | INFO     | OK https://skeb.jp/api/users/7387gi
2026-07-15 13:46:47 | INFO     | Saving at archive\skeb\7387gi-530532.json
2026-07-15 13:46:48 | INFO     | OK https://skeb.jp/api/users/garuru_garue
2026-07-15 13:46:48 | INFO     | Saving at archive\skeb\garuru_garue-9d1258.json
2026-07-15 13:46:49 | INFO     | OK https://skeb.jp/api/users/Mare_hoshizora
2026-07-15 13:46:49 | INFO     | Saving at archive\skeb\Mare_hoshizora-1fae53.json
2026-07-15 13:46:50 | INFO     | OK https://skeb.jp/api/users/Yotubanako
2026-07-15 13:46:50 | INFO     | Saving at archive\skeb\Yotubanako-dbefc6.json
2026-07-15 13:46:51 | WARNING  | 404 on https://skeb.jp/api/users/meguru_nero (attempt 3/3)
2026-07-15 13:46:52 | INFO     | OK https://skeb.jp/api/users/katekin_kobo
2026-07-15 13:46:52 | INFO     | Saving at archive\skeb\katekin_kobo-06ccc8.json
2026-07-15 13:46:53 | INFO     | OK https://skeb.jp/api/users/nineo969san
2026-07-15 13:46:53 | INFO     | Saving at archive\skeb\nineo969san-a3eacf.json
2026-07-15 13:46:54 | INFO     | OK https://skeb.jp/api/users/patsunnooekaki
2026-07-15 13:46:54 | INFO     | Saving at archive\skeb\patsunnooekaki-2848c5.json
2026-07-15 13:46:55 | INFO     | OK https://skeb.jp/api/users/mizuyorumuro
2026-07-15 13:46:55 | INFO     | Saving at archive\skeb\mizuyorumuro-47f612.json
2026-07-15 13:46:56 | INFO     | OK https://skeb.jp/api/users/shirowaniwani
2026-07-15 13:46:56 | INFO     | Saving at archive\skeb\shirowaniwani-142056.json
2026-07-15 13:46:57 | INFO     | OK https://skeb.jp/api/users/kurokobokujo
2026-07-15 13:46:57 | INFO     | Saving at archive\skeb\kurokobokujo-9bf302.json
2026-07-15 13:46:58 | INFO     | OK https://skeb.jp/api/users/H1kaziro4916
2026-07-15 13:46:58 | INFO     | Saving at archive\skeb\H1kaziro4916-57f728.json
2026-07-15 13:46:59 | WARNING  | 404 on https://skeb.jp/api/users/8oSSUHCnXXz4tBp (attempt 2/3)
2026-07-15 13:47:00 | INFO     | OK https://skeb.jp/api/users/fruit__08
2026-07-15 13:47:00 | INFO     | Saving at archive\skeb\fruit__08-7f91ae.json
2026-07-15 13:47:01 | INFO     | OK https://skeb.jp/api/users/tino_pi54
2026-07-15 13:47:01 | INFO     | Saving at archive\skeb\tino_pi54-dbff6a.json
2026-07-15 13:47:02 | INFO     | OK https://skeb.jp/api/users/thumaru
2026-07-15 13:47:02 | INFO     | Saving at archive\skeb\thumaru-1a27c7.json
2026-07-15 13:47:03 | INFO     | OK https://skeb.jp/api/users/picoalto
2026-07-15 13:47:03 | INFO     | Saving at archive\skeb\picoalto-7f66f3.json
2026-07-15 13:47:04 | WARNING  | 404 on https://skeb.jp/api/users/Ryuzi_27 (attempt 1/3)
2026-07-15 13:47:05 | INFO     | OK https://skeb.jp/api/users/mushioicharax
2026-07-15 13:47:05 | INFO     | Saving at archive\skeb\mushioicharax-51e765.json
2026-07-15 13:47:06 | INFO     | OK https://skeb.jp/api/users/135_daso
2026-07-15 13:47:06 | INFO     | Saving at archive\skeb\135_daso-9493c6.json
2026-07-15 13:47:07 | INFO     | OK https://skeb.jp/api/users/Shimon_27
2026-07-15 13:47:07 | INFO     | Saving at archive\skeb\Shimon_27-afd07b.json
2026-07-15 13:47:08 | WARNING  | 404 on https://skeb.jp/api/users/Ryuzi_27 (attempt 2/3)
2026-07-15 13:47:09 | INFO     | OK https://skeb.jp/api/users/sinluh_
2026-07-15 13:47:09 | INFO     | Saving at archive\skeb\sinluh_-c8e789.json
2026-07-15 13:47:10 | INFO     | OK https://skeb.jp/api/users/atmos10129895
2026-07-15 13:47:10 | INFO     | Saving at archive\skeb\atmos10129895-05cedd.json
2026-07-15 13:47:11 | INFO     | OK https://skeb.jp/api/users/Sicottie0521
2026-07-15 13:47:11 | INFO     | Saving at archive\skeb\Sicottie0521-3e3ef3.json
2026-07-15 13:47:12 | INFO     | OK https://skeb.jp/api/users/watanabe777_sk
2026-07-15 13:47:12 | INFO     | Saving at archive\skeb\watanabe777_sk-4918ab.json
2026-07-15 13:47:13 | WARNING  | 404 on https://skeb.jp/api/users/Ryuzi_27 (attempt 3/3)
2026-07-15 13:47:14 | INFO     | OK https://skeb.jp/api/users/shiro_iro6
2026-07-15 13:47:14 | INFO     | Saving at archive\skeb\shiro_iro6-fabcbd.json
2026-07-15 13:47:15 | INFO     | OK https://skeb.jp/api/users/nobkoba
2026-07-15 13:47:15 | INFO     | Saving at archive\skeb\nobkoba-f377ec.json
2026-07-15 13:47:16 | WARNING  | 404 on https://skeb.jp/api/users/8oSSUHCnXXz4tBp (attempt 3/3)
2026-07-15 13:47:17 | INFO     | OK https://skeb.jp/api/users/tukimihano
2026-07-15 13:47:17 | INFO     | Saving at archive\skeb\tukimihano-4992e1.json
2026-07-15 13:47:18 | INFO     | OK https://skeb.jp/api/users/snbbn_yngc
2026-07-15 13:47:18 | INFO     | Saving at archive\skeb\snbbn_yngc-698794.json
2026-07-15 13:47:19 | INFO     | OK https://skeb.jp/api/users/boku_panda115
2026-07-15 13:47:19 | INFO     | Saving at archive\skeb\boku_panda115-dd8b83.json
2026-07-15 13:47:20 | INFO     | OK https://skeb.jp/api/users/kyoya_oxo
2026-07-15 13:47:20 | INFO     | Saving at archive\skeb\kyoya_oxo-1e8e1d.json
2026-07-15 13:47:21 | INFO     | OK https://skeb.jp/api/users/sanamusi666
2026-07-15 13:47:21 | INFO     | Saving at archive\skeb\sanamusi666-782565.json
2026-07-15 13:47:22 | WARNING  | 404 on https://skeb.jp/api/users/fm7hxj (attempt 2/3)
2026-07-15 13:47:23 | INFO     | OK https://skeb.jp/api/users/kaninowau
2026-07-15 13:47:23 | INFO     | Saving at archive\skeb\kaninowau-ceccb6.json
2026-07-15 13:47:24 | INFO     | OK https://skeb.jp/api/users/Alisa_Yumesaki
2026-07-15 13:47:24 | INFO     | Saving at archive\skeb\Alisa_Yumesaki-82b47a.json
2026-07-15 13:47:25 | INFO     | OK https://skeb.jp/api/users/panda_copanda22
2026-07-15 13:47:25 | INFO     | Saving at archive\skeb\panda_copanda22-539ff3.json
2026-07-15 13:47:26 | INFO     | OK https://skeb.jp/api/users/gyuuhi002
2026-07-15 13:47:26 | INFO     | Saving at archive\skeb\gyuuhi002-71e712.json
2026-07-15 13:47:27 | WARNING  | 404 on https://skeb.jp/api/users/fm7hxj (attempt 3/3)
2026-07-15 13:47:28 | INFO     | OK https://skeb.jp/api/users/1yx7n
2026-07-15 13:47:28 | INFO     | Saving at archive\skeb\1yx7n-d1e902.json
2026-07-15 13:47:29 | INFO     | OK https://skeb.jp/api/users/animatorfollow
2026-07-15 13:47:29 | INFO     | Saving at archive\skeb\animatorfollow-059086.json
2026-07-15 13:47:30 | INFO     | OK https://skeb.jp/api/users/mingoof
2026-07-15 13:47:30 | INFO     | Saving at archive\skeb\mingoof-8a1dc5.json
2026-07-15 13:47:31 | INFO     | OK https://skeb.jp/api/users/yayoi_kinugasa
2026-07-15 13:47:31 | INFO     | Saving at archive\skeb\yayoi_kinugasa-63ce60.json
2026-07-15 13:47:32 | INFO     | OK https://skeb.jp/api/users/Quasis_Alter
2026-07-15 13:47:32 | INFO     | Saving at archive\skeb\Quasis_Alter-d39504.json
2026-07-15 13:47:33 | INFO     | OK https://skeb.jp/api/users/vermeed
2026-07-15 13:47:33 | INFO     | Saving at archive\skeb\vermeed-784143.json
2026-07-15 13:47:34 | INFO     | OK https://skeb.jp/api/users/Kmiminsky
2026-07-15 13:47:34 | INFO     | Saving at archive\skeb\Kmiminsky-2e087b.json
2026-07-15 13:47:35 | INFO     | OK https://skeb.jp/api/users/RRRhino_xxx
2026-07-15 13:47:35 | INFO     | Saving at archive\skeb\RRRhino_xxx-fffbcf.json
2026-07-15 13:47:36 | INFO     | OK https://skeb.jp/api/users/kotsumodic
2026-07-15 13:47:36 | INFO     | Saving at archive\skeb\kotsumodic-444376.json
2026-07-15 13:47:37 | INFO     | OK https://skeb.jp/api/users/kumanelico
2026-07-15 13:47:37 | INFO     | Saving at archive\skeb\kumanelico-c91eb7.json
2026-07-15 13:47:38 | INFO     | OK https://skeb.jp/api/users/hn_oq4
2026-07-15 13:47:38 | INFO     | Saving at archive\skeb\hn_oq4-21fd8f.json
2026-07-15 13:47:39 | INFO     | OK https://skeb.jp/api/users/2QX60
2026-07-15 13:47:39 | INFO     | Saving at archive\skeb\2QX60-4d0520.json
2026-07-15 13:47:40 | INFO     | OK https://skeb.jp/api/users/kurimu___
2026-07-15 13:47:40 | INFO     | Saving at archive\skeb\kurimu___-2a4897.json
2026-07-15 13:47:41 | INFO     | OK https://skeb.jp/api/users/toshigoum
2026-07-15 13:47:41 | INFO     | Saving at archive\skeb\toshigoum-68fea0.json
2026-07-15 13:47:42 | INFO     | OK https://skeb.jp/api/users/Mz_3kaku_3
2026-07-15 13:47:42 | INFO     | Saving at archive\skeb\Mz_3kaku_3-88b7fa.json
2026-07-15 13:47:43 | INFO     | OK https://skeb.jp/api/users/Arato02
2026-07-15 13:47:43 | INFO     | Saving at archive\skeb\Arato02-4f3fe6.json
2026-07-15 13:47:44 | INFO     | OK https://skeb.jp/api/users/Allenoliveira14
2026-07-15 13:47:44 | INFO     | Saving at archive\skeb\Allenoliveira14-7597d4.json
2026-07-15 13:47:45 | INFO     | OK https://skeb.jp/api/users/Iroha_Vtub
2026-07-15 13:47:45 | INFO     | Saving at archive\skeb\Iroha_Vtub-87b2ca.json
2026-07-15 13:47:46 | INFO     | OK https://skeb.jp/api/users/yunagi423
2026-07-15 13:47:46 | INFO     | Saving at archive\skeb\yunagi423-11dd79.json
2026-07-15 13:47:47 | INFO     | OK https://skeb.jp/api/users/ichiyuku1214
2026-07-15 13:47:47 | INFO     | Saving at archive\skeb\ichiyuku1214-19e4e3.json
2026-07-15 13:47:48 | INFO     | OK https://skeb.jp/api/users/imoyama_01
2026-07-15 13:47:48 | INFO     | Saving at archive\skeb\imoyama_01-6c77cc.json
2026-07-15 13:47:49 | INFO     | OK https://skeb.jp/api/users/uid52496hm
2026-07-15 13:47:49 | INFO     | Saving at archive\skeb\uid52496hm-18b9ee.json
2026-07-15 13:47:50 | INFO     | OK https://skeb.jp/api/users/mikage_emerald
2026-07-15 13:47:50 | INFO     | Saving at archive\skeb\mikage_emerald-db60dc.json
2026-07-15 13:47:51 | INFO     | OK https://skeb.jp/api/users/kosakiakira
2026-07-15 13:47:51 | INFO     | Saving at archive\skeb\kosakiakira-82f81e.json
2026-07-15 13:47:52 | INFO     | OK https://skeb.jp/api/users/fc5Jd4cDso
2026-07-15 13:47:52 | INFO     | Saving at archive\skeb\fc5Jd4cDso-5f2fa6.json
2026-07-15 13:47:53 | WARNING  | 404 on https://skeb.jp/api/users/kasha0927 (attempt 1/3)
2026-07-15 13:47:54 | INFO     | OK https://skeb.jp/api/users/alicemarch032
2026-07-15 13:47:54 | INFO     | Saving at archive\skeb\alicemarch032-d80dca.json
2026-07-15 13:47:55 | WARNING  | 404 on https://skeb.jp/api/users/Henzu_23 (attempt 1/3)
2026-07-15 13:47:56 | INFO     | OK https://skeb.jp/api/users/hirekam
2026-07-15 13:47:56 | INFO     | Saving at archive\skeb\hirekam-4f2a06.json
2026-07-15 13:47:57 | INFO     | OK https://skeb.jp/api/users/nejirimakuru
2026-07-15 13:47:57 | INFO     | Saving at archive\skeb\nejirimakuru-d4b72a.json
2026-07-15 13:47:58 | WARNING  | 404 on https://skeb.jp/api/users/Henzu_23 (attempt 2/3)
2026-07-15 13:47:59 | WARNING  | 404 on https://skeb.jp/api/users/kasha0927 (attempt 2/3)
2026-07-15 13:48:00 | INFO     | OK https://skeb.jp/api/users/yui_koyoi
2026-07-15 13:48:00 | INFO     | Saving at archive\skeb\yui_koyoi-7e086c.json
2026-07-15 13:48:01 | INFO     | OK https://skeb.jp/api/users/fried_333
2026-07-15 13:48:01 | INFO     | Saving at archive\skeb\fried_333-790d86.json
2026-07-15 13:48:02 | INFO     | OK https://skeb.jp/api/users/mikiri_hassya42
2026-07-15 13:48:02 | INFO     | Saving at archive\skeb\mikiri_hassya42-429602.json
2026-07-15 13:48:03 | INFO     | OK https://skeb.jp/api/users/shimejitakeyama
2026-07-15 13:48:03 | INFO     | Saving at archive\skeb\shimejitakeyama-793936.json
2026-07-15 13:48:04 | WARNING  | 404 on https://skeb.jp/api/users/kasha0927 (attempt 3/3)
2026-07-15 13:48:05 | INFO     | OK https://skeb.jp/api/users/halta__q
2026-07-15 13:48:05 | INFO     | Saving at archive\skeb\halta__q-485814.json
2026-07-15 13:48:07 | INFO     | OK https://skeb.jp/api/users/cyanoooon
2026-07-15 13:48:07 | INFO     | Saving at archive\skeb\cyanoooon-0ffcb7.json
2026-07-15 13:48:08 | INFO     | OK https://skeb.jp/api/users/TOGE0TOGE0
2026-07-15 13:48:08 | INFO     | Saving at archive\skeb\TOGE0TOGE0-e7121b.json
2026-07-15 13:48:09 | INFO     | OK https://skeb.jp/api/users/0o_v_v_0o
2026-07-15 13:48:09 | INFO     | Saving at archive\skeb\0o_v_v_0o-72a237.json
2026-07-15 13:48:10 | INFO     | OK https://skeb.jp/api/users/_ibk14
2026-07-15 13:48:10 | INFO     | Saving at archive\skeb\_ibk14-29f294.json
2026-07-15 13:48:11 | INFO     | OK https://skeb.jp/api/users/AWADOURAKU
2026-07-15 13:48:11 | INFO     | Saving at archive\skeb\AWADOURAKU-9e7cad.json
2026-07-15 13:48:12 | INFO     | OK https://skeb.jp/api/users/Tdrngm
2026-07-15 13:48:12 | INFO     | Saving at archive\skeb\Tdrngm-eef461.json
2026-07-15 13:48:12 | WARNING  | 404 on https://skeb.jp/api/users/Henzu_23 (attempt 3/3)
2026-07-15 13:48:14 | INFO     | OK https://skeb.jp/api/users/fws_mira0310
2026-07-15 13:48:14 | INFO     | Saving at archive\skeb\fws_mira0310-4bf032.json
2026-07-15 13:48:15 | INFO     | OK https://skeb.jp/api/users/_ttrzt
2026-07-15 13:48:15 | INFO     | Saving at archive\skeb\_ttrzt-f647c0.json
2026-07-15 13:48:16 | INFO     | OK https://skeb.jp/api/users/goubouA
2026-07-15 13:48:16 | INFO     | Saving at archive\skeb\goubouA-7440e9.json
2026-07-15 13:48:17 | INFO     | OK https://skeb.jp/api/users/kyogenheki_6665
2026-07-15 13:48:17 | INFO     | Saving at archive\skeb\kyogenheki_6665-58c125.json
2026-07-15 13:48:18 | INFO     | OK https://skeb.jp/api/users/borurun_
2026-07-15 13:48:18 | INFO     | Saving at archive\skeb\borurun_-2ba92d.json
2026-07-15 13:48:19 | INFO     | OK https://skeb.jp/api/users/ao_paco
2026-07-15 13:48:19 | INFO     | Saving at archive\skeb\ao_paco-2af382.json
2026-07-15 13:48:20 | INFO     | OK https://skeb.jp/api/users/ebichiri_171
2026-07-15 13:48:20 | INFO     | Saving at archive\skeb\ebichiri_171-eb9ba8.json
2026-07-15 13:48:21 | INFO     | OK https://skeb.jp/api/users/tuvari_krsk
2026-07-15 13:48:21 | INFO     | Saving at archive\skeb\tuvari_krsk-ca119c.json
2026-07-15 13:48:22 | INFO     | OK https://skeb.jp/api/users/hokahoka10
2026-07-15 13:48:22 | INFO     | Saving at archive\skeb\hokahoka10-8584a8.json
2026-07-15 13:48:23 | INFO     | OK https://skeb.jp/api/users/nochebuena1225
2026-07-15 13:48:23 | INFO     | Saving at archive\skeb\nochebuena1225-abb0ee.json
2026-07-15 13:48:24 | INFO     | OK https://skeb.jp/api/users/Hayashino0129
2026-07-15 13:48:24 | INFO     | Saving at archive\skeb\Hayashino0129-54a217.json
2026-07-15 13:48:25 | INFO     | OK https://skeb.jp/api/users/Peroinnu
2026-07-15 13:48:25 | INFO     | Saving at archive\skeb\Peroinnu-b07331.json
2026-07-15 13:48:26 | INFO     | OK https://skeb.jp/api/users/thenextstopis__
2026-07-15 13:48:26 | INFO     | Saving at archive\skeb\thenextstopis__-9d9d68.json
2026-07-15 13:48:27 | INFO     | OK https://skeb.jp/api/users/Nokia_FoTe
2026-07-15 13:48:27 | INFO     | Saving at archive\skeb\Nokia_FoTe-c82b84.json
2026-07-15 13:48:28 | INFO     | OK https://skeb.jp/api/users/emaemusan
2026-07-15 13:48:28 | INFO     | Saving at archive\skeb\emaemusan-a07bb2.json
2026-07-15 13:48:29 | INFO     | OK https://skeb.jp/api/users/nyao_various
2026-07-15 13:48:29 | INFO     | Saving at archive\skeb\nyao_various-6a29ee.json
2026-07-15 13:48:30 | INFO     | OK https://skeb.jp/api/users/_38sa_e_
2026-07-15 13:48:30 | INFO     | Saving at archive\skeb\_38sa_e_-9b4876.json
2026-07-15 13:48:31 | INFO     | OK https://skeb.jp/api/users/tamaki_sango
2026-07-15 13:48:31 | INFO     | Saving at archive\skeb\tamaki_sango-cd6ae2.json
2026-07-15 13:48:32 | INFO     | OK https://skeb.jp/api/users/nw_lukapia
2026-07-15 13:48:32 | INFO     | Saving at archive\skeb\nw_lukapia-33f40e.json
2026-07-15 13:48:33 | INFO     | OK https://skeb.jp/api/users/K1S4__K13
2026-07-15 13:48:33 | INFO     | Saving at archive\skeb\K1S4__K13-131d6d.json
2026-07-15 13:48:34 | INFO     | OK https://skeb.jp/api/users/shinhima
2026-07-15 13:48:34 | INFO     | Saving at archive\skeb\shinhima-2f9778.json
2026-07-15 13:48:35 | INFO     | OK https://skeb.jp/api/users/tyo_ko_m
2026-07-15 13:48:35 | INFO     | Saving at archive\skeb\tyo_ko_m-f09c15.json
2026-07-15 13:48:36 | INFO     | OK https://skeb.jp/api/users/a_cok_a
2026-07-15 13:48:36 | INFO     | Saving at archive\skeb\a_cok_a-ad4c14.json
2026-07-15 13:48:37 | INFO     | OK https://skeb.jp/api/users/kishiyou_
2026-07-15 13:48:37 | INFO     | Saving at archive\skeb\kishiyou_-5cd5d9.json
2026-07-15 13:48:38 | WARNING  | 404 on https://skeb.jp/api/users/soraumi2000_50_ (attempt 1/3)
2026-07-15 13:48:39 | INFO     | OK https://skeb.jp/api/users/kkitsunai
2026-07-15 13:48:39 | INFO     | Saving at archive\skeb\kkitsunai-90d0c0.json
2026-07-15 13:48:40 | INFO     | OK https://skeb.jp/api/users/yorumilune5200
2026-07-15 13:48:40 | INFO     | Saving at archive\skeb\yorumilune5200-3d5446.json
2026-07-15 13:48:41 | INFO     | OK https://skeb.jp/api/users/mizuki__illust
2026-07-15 13:48:41 | INFO     | Saving at archive\skeb\mizuki__illust-ec4e85.json
2026-07-15 13:48:42 | INFO     | OK https://skeb.jp/api/users/1_0wa
2026-07-15 13:48:42 | INFO     | Saving at archive\skeb\1_0wa-490516.json
2026-07-15 13:48:43 | INFO     | OK https://skeb.jp/api/users/Tori_nu
2026-07-15 13:48:43 | INFO     | Saving at archive\skeb\Tori_nu-00c046.json
2026-07-15 13:48:44 | INFO     | OK https://skeb.jp/api/users/onigiri__LOVE__
2026-07-15 13:48:44 | INFO     | Saving at archive\skeb\onigiri__LOVE__-037cc8.json
2026-07-15 13:48:45 | INFO     | OK https://skeb.jp/api/users/kanariahonpo
2026-07-15 13:48:45 | INFO     | Saving at archive\skeb\kanariahonpo-50273e.json
2026-07-15 13:48:46 | INFO     | OK https://skeb.jp/api/users/Hizatsuking
2026-07-15 13:48:46 | INFO     | Saving at archive\skeb\Hizatsuking-bf3c66.json
2026-07-15 13:48:47 | INFO     | OK https://skeb.jp/api/users/AhoKE7Zhkg
2026-07-15 13:48:47 | INFO     | Saving at archive\skeb\AhoKE7Zhkg-72cf2e.json
2026-07-15 13:48:48 | INFO     | OK https://skeb.jp/api/users/had_b_e16T
2026-07-15 13:48:48 | INFO     | Saving at archive\skeb\had_b_e16T-9e5a1d.json
2026-07-15 13:48:49 | INFO     | OK https://skeb.jp/api/users/KMTanubis
2026-07-15 13:48:49 | INFO     | Saving at archive\skeb\KMTanubis-aa76e6.json
2026-07-15 13:48:50 | INFO     | OK https://skeb.jp/api/users/kai_doronko
2026-07-15 13:48:50 | INFO     | Saving at archive\skeb\kai_doronko-136d9f.json
2026-07-15 13:48:51 | WARNING  | 404 on https://skeb.jp/api/users/mimamorichan (attempt 1/3)
2026-07-15 13:48:52 | INFO     | OK https://skeb.jp/api/users/pale_design
2026-07-15 13:48:52 | INFO     | Saving at archive\skeb\pale_design-99f898.json
2026-07-15 13:48:53 | INFO     | OK https://skeb.jp/api/users/fantail_96
2026-07-15 13:48:53 | INFO     | Saving at archive\skeb\fantail_96-0324e4.json
2026-07-15 13:48:54 | INFO     | OK https://skeb.jp/api/users/Phine_LaLa
2026-07-15 13:48:54 | INFO     | Saving at archive\skeb\Phine_LaLa-2d7e10.json
2026-07-15 13:48:55 | INFO     | OK https://skeb.jp/api/users/lob10ster
2026-07-15 13:48:55 | INFO     | Saving at archive\skeb\lob10ster-9f76b2.json
2026-07-15 13:48:56 | INFO     | OK https://skeb.jp/api/users/Mg2HClMgcl2H2
2026-07-15 13:48:56 | INFO     | Saving at archive\skeb\Mg2HClMgcl2H2-ef7ef1.json
2026-07-15 13:48:57 | WARNING  | 404 on https://skeb.jp/api/users/soraumi2000_50_ (attempt 2/3)
2026-07-15 13:48:58 | INFO     | OK https://skeb.jp/api/users/yunanadesun
2026-07-15 13:48:58 | INFO     | Saving at archive\skeb\yunanadesun-707740.json
2026-07-15 13:48:59 | INFO     | OK https://skeb.jp/api/users/konasshi
2026-07-15 13:48:59 | INFO     | Saving at archive\skeb\konasshi-53cc9c.json
2026-07-15 13:49:00 | INFO     | OK https://skeb.jp/api/users/nimraey
2026-07-15 13:49:00 | INFO     | Saving at archive\skeb\nimraey-2c2e93.json
2026-07-15 13:49:01 | INFO     | OK https://skeb.jp/api/users/bearglasses1
2026-07-15 13:49:01 | INFO     | Saving at archive\skeb\bearglasses1-0c2689.json
2026-07-15 13:49:02 | INFO     | OK https://skeb.jp/api/users/pittori1234
2026-07-15 13:49:02 | INFO     | Saving at archive\skeb\pittori1234-793c4b.json
2026-07-15 13:49:03 | INFO     | OK https://skeb.jp/api/users/99ya01
2026-07-15 13:49:03 | INFO     | Saving at archive\skeb\99ya01-dc4b8a.json
2026-07-15 13:49:04 | INFO     | OK https://skeb.jp/api/users/kake_uuuu
2026-07-15 13:49:04 | INFO     | Saving at archive\skeb\kake_uuuu-02c3a0.json
2026-07-15 13:49:05 | INFO     | OK https://skeb.jp/api/users/ichiba0226
2026-07-15 13:49:05 | INFO     | Saving at archive\skeb\ichiba0226-7118af.json
2026-07-15 13:49:06 | INFO     | OK https://skeb.jp/api/users/Milkrure_ice
2026-07-15 13:49:06 | INFO     | Saving at archive\skeb\Milkrure_ice-53f077.json
2026-07-15 13:49:07 | INFO     | OK https://skeb.jp/api/users/shiraeda_
2026-07-15 13:49:07 | INFO     | Saving at archive\skeb\shiraeda_-6f8339.json
2026-07-15 13:49:08 | INFO     | OK https://skeb.jp/api/users/dassouhei_303
2026-07-15 13:49:08 | INFO     | Saving at archive\skeb\dassouhei_303-b012c8.json
2026-07-15 13:49:09 | INFO     | OK https://skeb.jp/api/users/hiyoMk3
2026-07-15 13:49:09 | INFO     | Saving at archive\skeb\hiyoMk3-6882f9.json
2026-07-15 13:49:10 | INFO     | OK https://skeb.jp/api/users/oiro_616
2026-07-15 13:49:10 | INFO     | Saving at archive\skeb\oiro_616-b4de9e.json
2026-07-15 13:49:11 | INFO     | OK https://skeb.jp/api/users/kumada_ran
2026-07-15 13:49:11 | INFO     | Saving at archive\skeb\kumada_ran-f646a3.json
2026-07-15 13:49:12 | INFO     | OK https://skeb.jp/api/users/rukitoooo
2026-07-15 13:49:12 | INFO     | Saving at archive\skeb\rukitoooo-2b4cbc.json
2026-07-15 13:49:13 | INFO     | OK https://skeb.jp/api/users/renshuu_shitai
2026-07-15 13:49:13 | INFO     | Saving at archive\skeb\renshuu_shitai-70679d.json
2026-07-15 13:49:14 | INFO     | OK https://skeb.jp/api/users/ichimaru_5_5
2026-07-15 13:49:14 | INFO     | Saving at archive\skeb\ichimaru_5_5-700070.json
2026-07-15 13:49:15 | INFO     | OK https://skeb.jp/api/users/odendendazo
2026-07-15 13:49:15 | INFO     | Saving at archive\skeb\odendendazo-797f64.json
2026-07-15 13:49:16 | INFO     | OK https://skeb.jp/api/users/musasab
2026-07-15 13:49:16 | INFO     | Saving at archive\skeb\musasab-69ba28.json
2026-07-15 13:49:17 | INFO     | OK https://skeb.jp/api/users/AxRayh0
2026-07-15 13:49:17 | INFO     | Saving at archive\skeb\AxRayh0-6fa8b7.json
2026-07-15 13:49:18 | INFO     | OK https://skeb.jp/api/users/givup33
2026-07-15 13:49:18 | INFO     | Saving at archive\skeb\givup33-d7ae8a.json
2026-07-15 13:49:19 | INFO     | OK https://skeb.jp/api/users/e7b499_
2026-07-15 13:49:19 | INFO     | Saving at archive\skeb\e7b499_-c4c69c.json
2026-07-15 13:49:20 | INFO     | OK https://skeb.jp/api/users/THJk7o2Tg08xCmN
2026-07-15 13:49:20 | INFO     | Saving at archive\skeb\THJk7o2Tg08xCmN-486a04.json
2026-07-15 13:49:21 | WARNING  | 404 on https://skeb.jp/api/users/mimamorichan (attempt 2/3)
2026-07-15 13:49:22 | INFO     | OK https://skeb.jp/api/users/torishima03
2026-07-15 13:49:22 | INFO     | Saving at archive\skeb\torishima03-e1233e.json
2026-07-15 13:49:23 | INFO     | OK https://skeb.jp/api/users/sinotashiro
2026-07-15 13:49:23 | INFO     | Saving at archive\skeb\sinotashiro-e5b80b.json
2026-07-15 13:49:24 | INFO     | OK https://skeb.jp/api/users/hchc_89
2026-07-15 13:49:24 | INFO     | Saving at archive\skeb\hchc_89-06941a.json
2026-07-15 13:49:25 | WARNING  | 404 on https://skeb.jp/api/users/mimamorichan (attempt 3/3)
2026-07-15 13:49:26 | WARNING  | 404 on https://skeb.jp/api/users/soraumi2000_50_ (attempt 3/3)
2026-07-15 13:49:27 | INFO     | OK https://skeb.jp/api/users/mupe_303
2026-07-15 13:49:27 | INFO     | Saving at archive\skeb\mupe_303-5c72d5.json
2026-07-15 13:49:28 | INFO     | OK https://skeb.jp/api/users/kon_gitune3
2026-07-15 13:49:28 | INFO     | Saving at archive\skeb\kon_gitune3-860041.json
2026-07-15 13:49:29 | INFO     | OK https://skeb.jp/api/users/aoj_032
2026-07-15 13:49:29 | INFO     | Saving at archive\skeb\aoj_032-b8a097.json
2026-07-15 13:49:30 | INFO     | OK https://skeb.jp/api/users/jm897_
2026-07-15 13:49:30 | INFO     | Saving at archive\skeb\jm897_-713706.json
2026-07-15 13:49:31 | INFO     | OK https://skeb.jp/api/users/aui_TRPG
2026-07-15 13:49:31 | INFO     | Saving at archive\skeb\aui_TRPG-25d26a.json
2026-07-15 13:49:32 | INFO     | OK https://skeb.jp/api/users/dasono777
2026-07-15 13:49:32 | INFO     | Saving at archive\skeb\dasono777-c1ac29.json
2026-07-15 13:49:33 | INFO     | OK https://skeb.jp/api/users/Marim01001
2026-07-15 13:49:33 | INFO     | Saving at archive\skeb\Marim01001-9791ff.json
2026-07-15 13:49:34 | INFO     | OK https://skeb.jp/api/users/act4949
2026-07-15 13:49:34 | INFO     | Saving at archive\skeb\act4949-15f29a.json
2026-07-15 13:49:35 | INFO     | OK https://skeb.jp/api/users/mogupancake
2026-07-15 13:49:35 | INFO     | Saving at archive\skeb\mogupancake-2d9b25.json
2026-07-15 13:49:36 | INFO     | OK https://skeb.jp/api/users/izumi_keika
2026-07-15 13:49:36 | INFO     | Saving at archive\skeb\izumi_keika-607d49.json
2026-07-15 13:49:37 | INFO     | OK https://skeb.jp/api/users/Xx2vxG
2026-07-15 13:49:37 | INFO     | Saving at archive\skeb\Xx2vxG-9fd1bc.json
2026-07-15 13:49:38 | INFO     | OK https://skeb.jp/api/users/riyyy202212
2026-07-15 13:49:38 | INFO     | Saving at archive\skeb\riyyy202212-500a10.json
2026-07-15 13:49:39 | INFO     | OK https://skeb.jp/api/users/Tsumugi_Lounge
2026-07-15 13:49:39 | INFO     | Saving at archive\skeb\Tsumugi_Lounge-b528f8.json
2026-07-15 13:49:40 | WARNING  | 404 on https://skeb.jp/api/users/Uo_oU_us (attempt 1/3)
2026-07-15 13:49:41 | INFO     | OK https://skeb.jp/api/users/gomasannta
2026-07-15 13:49:41 | INFO     | Saving at archive\skeb\gomasannta-1418e9.json
2026-07-15 13:49:42 | INFO     | OK https://skeb.jp/api/users/SyumImokenpi
2026-07-15 13:49:42 | INFO     | Saving at archive\skeb\SyumImokenpi-301bab.json
2026-07-15 13:49:43 | INFO     | OK https://skeb.jp/api/users/mixiyan1011
2026-07-15 13:49:43 | INFO     | Saving at archive\skeb\mixiyan1011-2c0915.json
2026-07-15 13:49:44 | INFO     | OK https://skeb.jp/api/users/NF3_Burnability
2026-07-15 13:49:44 | INFO     | Saving at archive\skeb\NF3_Burnability-006f8d.json
2026-07-15 13:49:45 | INFO     | OK https://skeb.jp/api/users/mkm_trpg05
2026-07-15 13:49:45 | INFO     | Saving at archive\skeb\mkm_trpg05-d91cc1.json
2026-07-15 13:49:46 | INFO     | OK https://skeb.jp/api/users/hizumiaoba
2026-07-15 13:49:46 | INFO     | Saving at archive\skeb\hizumiaoba-287c62.json
2026-07-15 13:49:48 | INFO     | OK https://skeb.jp/api/users/bNoNd4
2026-07-15 13:49:48 | INFO     | Saving at archive\skeb\bNoNd4-c6ca41.json
2026-07-15 13:49:49 | INFO     | OK https://skeb.jp/api/users/17352koji
2026-07-15 13:49:49 | INFO     | Saving at archive\skeb\17352koji-d15f0c.json
2026-07-15 13:49:50 | INFO     | OK https://skeb.jp/api/users/rraluse_
2026-07-15 13:49:50 | INFO     | Saving at archive\skeb\rraluse_-77ace2.json
2026-07-15 13:49:51 | INFO     | OK https://skeb.jp/api/users/mayoponnne
2026-07-15 13:49:51 | INFO     | Saving at archive\skeb\mayoponnne-f2bc75.json
2026-07-15 13:49:52 | INFO     | OK https://skeb.jp/api/users/companion_403
2026-07-15 13:49:52 | INFO     | Saving at archive\skeb\companion_403-14c103.json
2026-07-15 13:49:53 | INFO     | OK https://skeb.jp/api/users/meneneneneneneh
2026-07-15 13:49:53 | INFO     | Saving at archive\skeb\meneneneneneneh-50c4d0.json
2026-07-15 13:49:54 | WARNING  | 404 on https://skeb.jp/api/users/Uo_oU_us (attempt 2/3)
2026-07-15 13:49:55 | INFO     | OK https://skeb.jp/api/users/hano_yuyu
2026-07-15 13:49:55 | INFO     | Saving at archive\skeb\hano_yuyu-975305.json
2026-07-15 13:49:56 | INFO     | OK https://skeb.jp/api/users/azaris_lycoris
2026-07-15 13:49:56 | INFO     | Saving at archive\skeb\azaris_lycoris-a5dc41.json
2026-07-15 13:49:57 | INFO     | OK https://skeb.jp/api/users/0yx0x
2026-07-15 13:49:57 | INFO     | Saving at archive\skeb\0yx0x-b28e15.json
2026-07-15 13:49:58 | INFO     | OK https://skeb.jp/api/users/neko_tama45
2026-07-15 13:49:58 | INFO     | Saving at archive\skeb\neko_tama45-0c5eb0.json
2026-07-15 13:49:59 | INFO     | OK https://skeb.jp/api/users/_numakara
2026-07-15 13:49:59 | INFO     | Saving at archive\skeb\_numakara-7f2be1.json
2026-07-15 13:50:00 | INFO     | OK https://skeb.jp/api/users/Cure_musuka
2026-07-15 13:50:00 | INFO     | Saving at archive\skeb\Cure_musuka-bbb7d9.json
2026-07-15 13:50:01 | INFO     | OK https://skeb.jp/api/users/tokumei_y_
2026-07-15 13:50:01 | INFO     | Saving at archive\skeb\tokumei_y_-d423e8.json
2026-07-15 13:50:02 | WARNING  | 404 on https://skeb.jp/api/users/Uo_oU_us (attempt 3/3)
2026-07-15 13:50:03 | INFO     | OK https://skeb.jp/api/users/nb1_grO
2026-07-15 13:50:03 | INFO     | Saving at archive\skeb\nb1_grO-af24c5.json
2026-07-15 13:50:04 | INFO     | OK https://skeb.jp/api/users/gomabura
2026-07-15 13:50:04 | INFO     | Saving at archive\skeb\gomabura-6e67a8.json
2026-07-15 13:50:05 | INFO     | OK https://skeb.jp/api/users/Tsk__777
2026-07-15 13:50:05 | INFO     | Saving at archive\skeb\Tsk__777-840151.json
2026-07-15 13:50:06 | INFO     | OK https://skeb.jp/api/users/hiyasiTMT
2026-07-15 13:50:06 | INFO     | Saving at archive\skeb\hiyasiTMT-c9dac0.json
2026-07-15 13:50:07 | INFO     | OK https://skeb.jp/api/users/sora_yozora1014
2026-07-15 13:50:07 | INFO     | Saving at archive\skeb\sora_yozora1014-ffe4d1.json
2026-07-15 13:50:08 | INFO     | OK https://skeb.jp/api/users/x_127x
2026-07-15 13:50:08 | INFO     | Saving at archive\skeb\x_127x-f4ced5.json
2026-07-15 13:50:09 | INFO     | OK https://skeb.jp/api/users/MeSoBons
2026-07-15 13:50:09 | INFO     | Saving at archive\skeb\MeSoBons-5bfb69.json
2026-07-15 13:50:10 | INFO     | OK https://skeb.jp/api/users/Dr_nori07
2026-07-15 13:50:10 | INFO     | Saving at archive\skeb\Dr_nori07-176c05.json
2026-07-15 13:50:11 | INFO     | OK https://skeb.jp/api/users/chocomint_gohan
2026-07-15 13:50:11 | INFO     | Saving at archive\skeb\chocomint_gohan-213f86.json
2026-07-15 13:50:12 | INFO     | OK https://skeb.jp/api/users/0Axn4n
2026-07-15 13:50:12 | INFO     | Saving at archive\skeb\0Axn4n-8568e8.json
2026-07-15 13:50:13 | INFO     | OK https://skeb.jp/api/users/mnm_tc
2026-07-15 13:50:13 | INFO     | Saving at archive\skeb\mnm_tc-4f14c7.json
2026-07-15 13:50:14 | INFO     | OK https://skeb.jp/api/users/sub_he4rt
2026-07-15 13:50:14 | INFO     | Saving at archive\skeb\sub_he4rt-7ead61.json
2026-07-15 13:50:15 | INFO     | OK https://skeb.jp/api/users/siawaseninaru50
2026-07-15 13:50:15 | INFO     | Saving at archive\skeb\siawaseninaru50-01164c.json
2026-07-15 13:50:16 | INFO     | OK https://skeb.jp/api/users/mofu_ra
2026-07-15 13:50:16 | INFO     | Saving at archive\skeb\mofu_ra-3e4072.json
2026-07-15 13:50:17 | INFO     | OK https://skeb.jp/api/users/SyoSaaaa
2026-07-15 13:50:17 | INFO     | Saving at archive\skeb\SyoSaaaa-e5719d.json
2026-07-15 13:50:18 | INFO     | OK https://skeb.jp/api/users/tyabasirak555
2026-07-15 13:50:18 | INFO     | Saving at archive\skeb\tyabasirak555-928fd2.json
2026-07-15 13:50:19 | WARNING  | 404 on https://skeb.jp/api/users/NOm0y0i (attempt 1/3)
2026-07-15 13:50:20 | INFO     | OK https://skeb.jp/api/users/154OE
2026-07-15 13:50:20 | INFO     | Saving at archive\skeb\154OE-ea9a1f.json
2026-07-15 13:50:21 | INFO     | OK https://skeb.jp/api/users/hayakawakenn
2026-07-15 13:50:21 | INFO     | Saving at archive\skeb\hayakawakenn-be77ca.json
2026-07-15 13:50:22 | INFO     | OK https://skeb.jp/api/users/satoko_yu
2026-07-15 13:50:22 | INFO     | Saving at archive\skeb\satoko_yu-731701.json
2026-07-15 13:50:23 | INFO     | OK https://skeb.jp/api/users/U_KAMIKANDERA
2026-07-15 13:50:23 | INFO     | Saving at archive\skeb\U_KAMIKANDERA-84c5b5.json
2026-07-15 13:50:24 | INFO     | OK https://skeb.jp/api/users/ashuran_arushia
2026-07-15 13:50:24 | INFO     | Saving at archive\skeb\ashuran_arushia-cf3d3b.json
2026-07-15 13:50:25 | INFO     | OK https://skeb.jp/api/users/CMDRyumeneko
2026-07-15 13:50:25 | INFO     | Saving at archive\skeb\CMDRyumeneko-31a93e.json
2026-07-15 13:50:26 | INFO     | OK https://skeb.jp/api/users/lliiilliiiliiil
2026-07-15 13:50:26 | INFO     | Saving at archive\skeb\lliiilliiiliiil-26f704.json
2026-07-15 13:50:27 | INFO     | OK https://skeb.jp/api/users/r_xn002
2026-07-15 13:50:27 | INFO     | Saving at archive\skeb\r_xn002-19ce4b.json
2026-07-15 13:50:28 | INFO     | OK https://skeb.jp/api/users/nana72710193
2026-07-15 13:50:28 | INFO     | Saving at archive\skeb\nana72710193-2ea564.json
2026-07-15 13:50:29 | INFO     | OK https://skeb.jp/api/users/hp_judo
2026-07-15 13:50:29 | INFO     | Saving at archive\skeb\hp_judo-32c883.json
2026-07-15 13:50:30 | INFO     | OK https://skeb.jp/api/users/Pen_Ne_ul10ra
2026-07-15 13:50:30 | INFO     | Saving at archive\skeb\Pen_Ne_ul10ra-95afb1.json
2026-07-15 13:50:31 | INFO     | OK https://skeb.jp/api/users/matuyoi1412
2026-07-15 13:50:31 | INFO     | Saving at archive\skeb\matuyoi1412-e984d9.json
2026-07-15 13:50:32 | INFO     | OK https://skeb.jp/api/users/hushityoubot
2026-07-15 13:50:32 | INFO     | Saving at archive\skeb\hushityoubot-b6130e.json
2026-07-15 13:50:33 | WARNING  | 404 on https://skeb.jp/api/users/kagoyama_sns (attempt 1/3)
2026-07-15 13:50:34 | INFO     | OK https://skeb.jp/api/users/primil
2026-07-15 13:50:34 | INFO     | Saving at archive\skeb\primil-2b11d6.json
2026-07-15 13:50:35 | INFO     | OK https://skeb.jp/api/users/Ymd_HnkTru
2026-07-15 13:50:35 | INFO     | Saving at archive\skeb\Ymd_HnkTru-826295.json
2026-07-15 13:50:36 | WARNING  | 404 on https://skeb.jp/api/users/kagoyama_sns (attempt 2/3)
2026-07-15 13:50:37 | INFO     | OK https://skeb.jp/api/users/Sou_su_i
2026-07-15 13:50:37 | INFO     | Saving at archive\skeb\Sou_su_i-0e541f.json
2026-07-15 13:50:38 | WARNING  | 404 on https://skeb.jp/api/users/vHoo__ (attempt 1/3)
2026-07-15 13:50:39 | INFO     | OK https://skeb.jp/api/users/tetzco
2026-07-15 13:50:39 | INFO     | Saving at archive\skeb\tetzco-e56efb.json
2026-07-15 13:50:40 | INFO     | OK https://skeb.jp/api/users/LamourestbleuRu
2026-07-15 13:50:40 | INFO     | Saving at archive\skeb\LamourestbleuRu-09b1e8.json
2026-07-15 13:50:41 | WARNING  | 404 on https://skeb.jp/api/users/kagoyama_sns (attempt 3/3)
2026-07-15 13:50:42 | INFO     | OK https://skeb.jp/api/users/illust_ani
2026-07-15 13:50:42 | INFO     | Saving at archive\skeb\illust_ani-e8bebe.json
2026-07-15 13:50:43 | WARNING  | 404 on https://skeb.jp/api/users/NOm0y0i (attempt 2/3)
2026-07-15 13:50:44 | INFO     | OK https://skeb.jp/api/users/obk_booo
2026-07-15 13:50:44 | INFO     | Saving at archive\skeb\obk_booo-8662e0.json
2026-07-15 13:50:45 | INFO     | OK https://skeb.jp/api/users/morishimamoria
2026-07-15 13:50:45 | INFO     | Saving at archive\skeb\morishimamoria-44a0e2.json
2026-07-15 13:50:46 | WARNING  | 404 on https://skeb.jp/api/users/vHoo__ (attempt 2/3)
2026-07-15 13:50:47 | INFO     | OK https://skeb.jp/api/users/pompokouu
2026-07-15 13:50:47 | INFO     | Saving at archive\skeb\pompokouu-1f97e1.json
2026-07-15 13:50:48 | INFO     | OK https://skeb.jp/api/users/aji____n
2026-07-15 13:50:48 | INFO     | Saving at archive\skeb\aji____n-395797.json
2026-07-15 13:50:49 | INFO     | OK https://skeb.jp/api/users/magata283
2026-07-15 13:50:49 | INFO     | Saving at archive\skeb\magata283-f3f8f9.json
2026-07-15 13:50:50 | INFO     | OK https://skeb.jp/api/users/teiburi
2026-07-15 13:50:50 | INFO     | Saving at archive\skeb\teiburi-02d999.json
2026-07-15 13:50:51 | INFO     | OK https://skeb.jp/api/users/monihachi
2026-07-15 13:50:51 | INFO     | Saving at archive\skeb\monihachi-171339.json
2026-07-15 13:50:52 | WARNING  | 404 on https://skeb.jp/api/users/vHoo__ (attempt 3/3)
2026-07-15 13:50:53 | INFO     | OK https://skeb.jp/api/users/sho_o0__
2026-07-15 13:50:53 | INFO     | Saving at archive\skeb\sho_o0__-a525b3.json
2026-07-15 13:50:54 | INFO     | OK https://skeb.jp/api/users/05xxko
2026-07-15 13:50:54 | INFO     | Saving at archive\skeb\05xxko-89122b.json
2026-07-15 13:50:55 | INFO     | OK https://skeb.jp/api/users/oo000_oo000
2026-07-15 13:50:55 | INFO     | Saving at archive\skeb\oo000_oo000-44a6ac.json
2026-07-15 13:50:56 | WARNING  | 404 on https://skeb.jp/api/users/yamin_himamo23 (attempt 1/3)
2026-07-15 13:50:57 | INFO     | OK https://skeb.jp/api/users/ICHI110_works
2026-07-15 13:50:57 | INFO     | Saving at archive\skeb\ICHI110_works-eada9e.json
2026-07-15 13:50:58 | INFO     | OK https://skeb.jp/api/users/st_0619
2026-07-15 13:50:58 | INFO     | Saving at archive\skeb\st_0619-c614c4.json
2026-07-15 13:50:59 | INFO     | OK https://skeb.jp/api/users/karibe_manga
2026-07-15 13:50:59 | INFO     | Saving at archive\skeb\karibe_manga-86f48c.json
2026-07-15 13:51:00 | INFO     | OK https://skeb.jp/api/users/KituneKoon
2026-07-15 13:51:00 | INFO     | Saving at archive\skeb\KituneKoon-35a3c8.json
2026-07-15 13:51:01 | WARNING  | 404 on https://skeb.jp/api/users/nyatta_san (attempt 1/3)
2026-07-15 13:51:02 | INFO     | OK https://skeb.jp/api/users/poepoepo_
2026-07-15 13:51:02 | INFO     | Saving at archive\skeb\poepoepo_-0bee0d.json
2026-07-15 13:51:03 | INFO     | OK https://skeb.jp/api/users/Awairo_3700
2026-07-15 13:51:03 | INFO     | Saving at archive\skeb\Awairo_3700-265e92.json
2026-07-15 13:51:04 | INFO     | OK https://skeb.jp/api/users/noasama0322
2026-07-15 13:51:04 | INFO     | Saving at archive\skeb\noasama0322-b9ffb5.json
2026-07-15 13:51:05 | INFO     | OK https://skeb.jp/api/users/34sasshino
2026-07-15 13:51:05 | INFO     | Saving at archive\skeb\34sasshino-8d99ef.json
2026-07-15 13:51:06 | INFO     | OK https://skeb.jp/api/users/hasune_tngn
2026-07-15 13:51:06 | INFO     | Saving at archive\skeb\hasune_tngn-8b203d.json
2026-07-15 13:51:07 | WARNING  | 404 on https://skeb.jp/api/users/fukafuka_no_inu (attempt 1/3)
2026-07-15 13:51:08 | INFO     | OK https://skeb.jp/api/users/ryuuseki11
2026-07-15 13:51:08 | INFO     | Saving at archive\skeb\ryuuseki11-c66c88.json
2026-07-15 13:51:09 | WARNING  | 404 on https://skeb.jp/api/users/29Kota2 (attempt 1/3)
2026-07-15 13:51:10 | INFO     | OK https://skeb.jp/api/users/A_I_D_color
2026-07-15 13:51:10 | INFO     | Saving at archive\skeb\A_I_D_color-c20fb7.json
2026-07-15 13:51:11 | INFO     | OK https://skeb.jp/api/users/Rea_Hanase
2026-07-15 13:51:11 | INFO     | Saving at archive\skeb\Rea_Hanase-2e2bce.json
2026-07-15 13:51:12 | WARNING  | 404 on https://skeb.jp/api/users/29Kota2 (attempt 2/3)
2026-07-15 13:51:13 | INFO     | OK https://skeb.jp/api/users/Soba_Land
2026-07-15 13:51:13 | INFO     | Saving at archive\skeb\Soba_Land-050630.json
2026-07-15 13:51:14 | INFO     | OK https://skeb.jp/api/users/Ocyo_mulaki
2026-07-15 13:51:14 | INFO     | Saving at archive\skeb\Ocyo_mulaki-b5124f.json
2026-07-15 13:51:15 | WARNING  | 404 on https://skeb.jp/api/users/nyatta_san (attempt 2/3)
2026-07-15 13:51:16 | INFO     | OK https://skeb.jp/api/users/Noback_lie
2026-07-15 13:51:16 | INFO     | Saving at archive\skeb\Noback_lie-9f10d9.json
2026-07-15 13:51:17 | INFO     | OK https://skeb.jp/api/users/_251_nicoichi
2026-07-15 13:51:17 | INFO     | Saving at archive\skeb\_251_nicoichi-2f165b.json
2026-07-15 13:51:18 | INFO     | OK https://skeb.jp/api/users/nulnul494
2026-07-15 13:51:18 | INFO     | Saving at archive\skeb\nulnul494-8658f8.json
2026-07-15 13:51:19 | WARNING  | 404 on https://skeb.jp/api/users/yamin_himamo23 (attempt 2/3)
2026-07-15 13:51:20 | WARNING  | 404 on https://skeb.jp/api/users/fukafuka_no_inu (attempt 2/3)
2026-07-15 13:51:21 | INFO     | OK https://skeb.jp/api/users/Melomelo_dream_
2026-07-15 13:51:21 | INFO     | Saving at archive\skeb\Melomelo_dream_-0eef72.json
2026-07-15 13:51:22 | WARNING  | 404 on https://skeb.jp/api/users/NOm0y0i (attempt 3/3)
2026-07-15 13:51:23 | WARNING  | 404 on https://skeb.jp/api/users/nyatta_san (attempt 3/3)
2026-07-15 13:51:24 | WARNING  | 404 on https://skeb.jp/api/users/fukafuka_no_inu (attempt 3/3)
2026-07-15 13:51:25 | WARNING  | 404 on https://skeb.jp/api/users/Geshi_to_ (attempt 1/3)
2026-07-15 13:51:27 | WARNING  | 404 on https://skeb.jp/api/users/yamin_himamo23 (attempt 3/3)
2026-07-15 13:51:28 | WARNING  | 404 on https://skeb.jp/api/users/29Kota2 (attempt 3/3)
2026-07-15 13:51:28 | WARNING  | 404 on https://skeb.jp/api/users/Geshi_to_ (attempt 2/3)
2026-07-15 13:51:30 | INFO     | OK https://skeb.jp/api/users/SKRI001
2026-07-15 13:51:30 | INFO     | Saving at archive\skeb\SKRI001-40e4c8.json
2026-07-15 13:51:31 | INFO     | OK https://skeb.jp/api/users/ox84xo
2026-07-15 13:51:31 | INFO     | Saving at archive\skeb\ox84xo-c25f58.json
2026-07-15 13:51:32 | INFO     | OK https://skeb.jp/api/users/kinag
2026-07-15 13:51:32 | INFO     | Saving at archive\skeb\kinag-099397.json
2026-07-15 13:51:33 | WARNING  | 404 on https://skeb.jp/api/users/Geshi_to_ (attempt 3/3)
2026-07-15 13:51:34 | INFO     | OK https://skeb.jp/api/users/hikyaku1258
2026-07-15 13:51:34 | INFO     | Saving at archive\skeb\hikyaku1258-d8c54a.json
2026-07-15 13:51:35 | INFO     | OK https://skeb.jp/api/users/22jijyo
2026-07-15 13:51:35 | INFO     | Saving at archive\skeb\22jijyo-43a0c9.json
2026-07-15 13:51:36 | WARNING  | 404 on https://skeb.jp/api/users/EDO__nyan (attempt 1/3)
2026-07-15 13:51:37 | INFO     | OK https://skeb.jp/api/users/Enthu3654gtb
2026-07-15 13:51:37 | INFO     | Saving at archive\skeb\Enthu3654gtb-bdd754.json
2026-07-15 13:51:38 | INFO     | OK https://skeb.jp/api/users/kashiwo_AK
2026-07-15 13:51:38 | INFO     | Saving at archive\skeb\kashiwo_AK-a73764.json
2026-07-15 13:51:39 | WARNING  | 404 on https://skeb.jp/api/users/EDO__nyan (attempt 2/3)
2026-07-15 13:51:40 | INFO     | OK https://skeb.jp/api/users/coc0inu
2026-07-15 13:51:40 | INFO     | Saving at archive\skeb\coc0inu-03be1e.json
2026-07-15 13:51:41 | INFO     | OK https://skeb.jp/api/users/posha_008
2026-07-15 13:51:41 | INFO     | Saving at archive\skeb\posha_008-2f9755.json
2026-07-15 13:51:42 | INFO     | OK https://skeb.jp/api/users/To_misty
2026-07-15 13:51:42 | INFO     | Saving at archive\skeb\To_misty-3d4655.json
2026-07-15 13:51:43 | INFO     | OK https://skeb.jp/api/users/nakomitsuha
2026-07-15 13:51:43 | INFO     | Saving at archive\skeb\nakomitsuha-0cf73e.json
2026-07-15 13:51:44 | WARNING  | 404 on https://skeb.jp/api/users/se3ifinal (attempt 1/3)
2026-07-15 13:51:45 | INFO     | OK https://skeb.jp/api/users/ALiCETY_DESIGN
2026-07-15 13:51:45 | INFO     | Saving at archive\skeb\ALiCETY_DESIGN-60f644.json
2026-07-15 13:51:46 | INFO     | OK https://skeb.jp/api/users/yowayawaxx
2026-07-15 13:51:46 | INFO     | Saving at archive\skeb\yowayawaxx-1c740b.json
2026-07-15 13:51:47 | INFO     | OK https://skeb.jp/api/users/x_yjg
2026-07-15 13:51:47 | INFO     | Saving at archive\skeb\x_yjg-9ae85b.json
2026-07-15 13:51:48 | INFO     | OK https://skeb.jp/api/users/makonakocom
2026-07-15 13:51:48 | INFO     | Saving at archive\skeb\makonakocom-b381d4.json
2026-07-15 13:51:49 | INFO     | OK https://skeb.jp/api/users/yuuduki_Flower
2026-07-15 13:51:49 | INFO     | Saving at archive\skeb\yuuduki_Flower-ea22b5.json
2026-07-15 13:51:50 | INFO     | OK https://skeb.jp/api/users/urue_euru
2026-07-15 13:51:50 | INFO     | Saving at archive\skeb\urue_euru-93cf28.json
2026-07-15 13:51:51 | INFO     | OK https://skeb.jp/api/users/10_10_tenC
2026-07-15 13:51:51 | INFO     | Saving at archive\skeb\10_10_tenC-bd912a.json
2026-07-15 13:51:52 | INFO     | OK https://skeb.jp/api/users/itsuki51olo
2026-07-15 13:51:52 | INFO     | Saving at archive\skeb\itsuki51olo-6b1d65.json
2026-07-15 13:51:53 | INFO     | OK https://skeb.jp/api/users/siyu_21
2026-07-15 13:51:53 | INFO     | Saving at archive\skeb\siyu_21-0a4f01.json
2026-07-15 13:51:54 | WARNING  | 404 on https://skeb.jp/api/users/se3ifinal (attempt 2/3)
2026-07-15 13:51:55 | INFO     | OK https://skeb.jp/api/users/rukacyuu411
2026-07-15 13:51:55 | INFO     | Saving at archive\skeb\rukacyuu411-64372b.json
2026-07-15 13:51:56 | INFO     | OK https://skeb.jp/api/users/r2to10
2026-07-15 13:51:56 | INFO     | Saving at archive\skeb\r2to10-474d55.json
2026-07-15 13:51:57 | WARNING  | 404 on https://skeb.jp/api/users/EDO__nyan (attempt 3/3)
2026-07-15 13:51:58 | INFO     | OK https://skeb.jp/api/users/Puzzlevenge
2026-07-15 13:51:58 | INFO     | Saving at archive\skeb\Puzzlevenge-06243d.json
2026-07-15 13:51:59 | INFO     | OK https://skeb.jp/api/users/sous_vrc
2026-07-15 13:51:59 | INFO     | Saving at archive\skeb\sous_vrc-fc2549.json
2026-07-15 13:52:00 | INFO     | OK https://skeb.jp/api/users/amane_mahiru_
2026-07-15 13:52:00 | INFO     | Saving at archive\skeb\amane_mahiru_-65279b.json
2026-07-15 13:52:01 | WARNING  | 404 on https://skeb.jp/api/users/g33kst (attempt 1/3)
2026-07-15 13:52:02 | INFO     | OK https://skeb.jp/api/users/sansyo_3
2026-07-15 13:52:02 | INFO     | Saving at archive\skeb\sansyo_3-4e7ca2.json
2026-07-15 13:52:03 | WARNING  | 404 on https://skeb.jp/api/users/se3ifinal (attempt 3/3)
2026-07-15 13:52:04 | INFO     | OK https://skeb.jp/api/users/0_AnnaNika_0
2026-07-15 13:52:04 | INFO     | Saving at archive\skeb\0_AnnaNika_0-50a2b1.json
2026-07-15 13:52:05 | INFO     | OK https://skeb.jp/api/users/11seika_main15
2026-07-15 13:52:05 | INFO     | Saving at archive\skeb\11seika_main15-531db0.json
2026-07-15 13:52:06 | INFO     | OK https://skeb.jp/api/users/yugiiro_mf0
2026-07-15 13:52:06 | INFO     | Saving at archive\skeb\yugiiro_mf0-e58310.json
2026-07-15 13:52:07 | INFO     | OK https://skeb.jp/api/users/suyari_suya
2026-07-15 13:52:07 | INFO     | Saving at archive\skeb\suyari_suya-a40589.json
2026-07-15 13:52:08 | INFO     | OK https://skeb.jp/api/users/DKDKduck18
2026-07-15 13:52:08 | INFO     | Saving at archive\skeb\DKDKduck18-4bbe2b.json
2026-07-15 13:52:09 | INFO     | OK https://skeb.jp/api/users/CHbuXV31tT
2026-07-15 13:52:09 | INFO     | Saving at archive\skeb\CHbuXV31tT-e61fe2.json
2026-07-15 13:52:10 | INFO     | OK https://skeb.jp/api/users/fukirigyakua
2026-07-15 13:52:10 | INFO     | Saving at archive\skeb\fukirigyakua-9d82d3.json
2026-07-15 13:52:11 | INFO     | OK https://skeb.jp/api/users/kuragehayate
2026-07-15 13:52:11 | INFO     | Saving at archive\skeb\kuragehayate-ea808c.json
2026-07-15 13:52:12 | INFO     | OK https://skeb.jp/api/users/hanbyousuki_
2026-07-15 13:52:12 | INFO     | Saving at archive\skeb\hanbyousuki_-0cbdb5.json
2026-07-15 13:52:13 | INFO     | OK https://skeb.jp/api/users/Yonnjuusann
2026-07-15 13:52:13 | INFO     | Saving at archive\skeb\Yonnjuusann-4293fd.json
2026-07-15 13:52:14 | INFO     | OK https://skeb.jp/api/users/m_poco_m
2026-07-15 13:52:14 | INFO     | Saving at archive\skeb\m_poco_m-4759e8.json
2026-07-15 13:52:15 | INFO     | OK https://skeb.jp/api/users/usamochi_1756
2026-07-15 13:52:15 | INFO     | Saving at archive\skeb\usamochi_1756-603845.json
2026-07-15 13:52:16 | INFO     | OK https://skeb.jp/api/users/nonnondesu00
2026-07-15 13:52:16 | INFO     | Saving at archive\skeb\nonnondesu00-941506.json
2026-07-15 13:52:17 | INFO     | OK https://skeb.jp/api/users/Mooncastle
2026-07-15 13:52:17 | INFO     | Saving at archive\skeb\Mooncastle-ac64da.json
2026-07-15 13:52:18 | INFO     | OK https://skeb.jp/api/users/camellia287
2026-07-15 13:52:18 | INFO     | Saving at archive\skeb\camellia287-893b25.json
2026-07-15 13:52:19 | INFO     | OK https://skeb.jp/api/users/gogoTpig
2026-07-15 13:52:19 | INFO     | Saving at archive\skeb\gogoTpig-2bb71c.json
2026-07-15 13:52:20 | INFO     | OK https://skeb.jp/api/users/_hono2_
2026-07-15 13:52:20 | INFO     | Saving at archive\skeb\_hono2_-d7f458.json
2026-07-15 13:52:21 | INFO     | OK https://skeb.jp/api/users/Maho_Girl_Khk
2026-07-15 13:52:21 | INFO     | Saving at archive\skeb\Maho_Girl_Khk-0929a3.json
2026-07-15 13:52:22 | INFO     | OK https://skeb.jp/api/users/kinsanta
2026-07-15 13:52:22 | INFO     | Saving at archive\skeb\kinsanta-d52015.json
2026-07-15 13:52:23 | INFO     | OK https://skeb.jp/api/users/Araragi_Nana_23
2026-07-15 13:52:23 | INFO     | Saving at archive\skeb\Araragi_Nana_23-82f39c.json
2026-07-15 13:52:24 | INFO     | OK https://skeb.jp/api/users/Yuzumaru_ink
2026-07-15 13:52:24 | INFO     | Saving at archive\skeb\Yuzumaru_ink-729d1b.json
2026-07-15 13:52:25 | INFO     | OK https://skeb.jp/api/users/koamaru21
2026-07-15 13:52:25 | INFO     | Saving at archive\skeb\koamaru21-69b8a2.json
2026-07-15 13:52:26 | INFO     | OK https://skeb.jp/api/users/sametadayo
2026-07-15 13:52:26 | INFO     | Saving at archive\skeb\sametadayo-18c41e.json
2026-07-15 13:52:27 | INFO     | OK https://skeb.jp/api/users/jtakaj33
2026-07-15 13:52:27 | INFO     | Saving at archive\skeb\jtakaj33-ea4783.json
2026-07-15 13:52:28 | INFO     | OK https://skeb.jp/api/users/nymikou
2026-07-15 13:52:28 | INFO     | Saving at archive\skeb\nymikou-cf61bd.json
2026-07-15 13:52:29 | INFO     | OK https://skeb.jp/api/users/SatekoK
2026-07-15 13:52:29 | INFO     | Saving at archive\skeb\SatekoK-384bdf.json
2026-07-15 13:52:30 | INFO     | OK https://skeb.jp/api/users/macha_5
2026-07-15 13:52:30 | INFO     | Saving at archive\skeb\macha_5-bf99a7.json
2026-07-15 13:52:31 | INFO     | OK https://skeb.jp/api/users/Artaka331
2026-07-15 13:52:31 | INFO     | Saving at archive\skeb\Artaka331-f40ca5.json
2026-07-15 13:52:32 | WARNING  | 404 on https://skeb.jp/api/users/g33kst (attempt 2/3)
2026-07-15 13:52:33 | INFO     | OK https://skeb.jp/api/users/MH
2026-07-15 13:52:33 | INFO     | Saving at archive\skeb\MH-002f27.json
2026-07-15 13:52:34 | INFO     | OK https://skeb.jp/api/users/kodukiduko
2026-07-15 13:52:34 | INFO     | Saving at archive\skeb\kodukiduko-206cfa.json
2026-07-15 13:52:35 | INFO     | OK https://skeb.jp/api/users/tana_bab
2026-07-15 13:52:35 | INFO     | Saving at archive\skeb\tana_bab-fce0a5.json
2026-07-15 13:52:36 | INFO     | OK https://skeb.jp/api/users/10ro18
2026-07-15 13:52:36 | INFO     | Saving at archive\skeb\10ro18-7acb7a.json
2026-07-15 13:52:37 | INFO     | OK https://skeb.jp/api/users/akarenga
2026-07-15 13:52:37 | INFO     | Saving at archive\skeb\akarenga-a1dd56.json
2026-07-15 13:52:38 | WARNING  | 404 on https://skeb.jp/api/users/mimei_Illust (attempt 1/3)
2026-07-15 13:52:39 | INFO     | OK https://skeb.jp/api/users/gyahonnu
2026-07-15 13:52:39 | INFO     | Saving at archive\skeb\gyahonnu-837a67.json
2026-07-15 13:52:40 | INFO     | OK https://skeb.jp/api/users/fedzCwl6p4Ts6vu
2026-07-15 13:52:40 | INFO     | Saving at archive\skeb\fedzCwl6p4Ts6vu-8edcfc.json
2026-07-15 13:52:41 | INFO     | OK https://skeb.jp/api/users/kabo_thin
2026-07-15 13:52:41 | INFO     | Saving at archive\skeb\kabo_thin-4654b6.json
2026-07-15 13:52:42 | INFO     | OK https://skeb.jp/api/users/KaAru_03
2026-07-15 13:52:42 | INFO     | Saving at archive\skeb\KaAru_03-1da419.json
2026-07-15 13:52:43 | INFO     | OK https://skeb.jp/api/users/ice_ice_mint
2026-07-15 13:52:43 | INFO     | Saving at archive\skeb\ice_ice_mint-f0fc7d.json
2026-07-15 13:52:44 | INFO     | OK https://skeb.jp/api/users/momo_n_1
2026-07-15 13:52:44 | INFO     | Saving at archive\skeb\momo_n_1-934e22.json
2026-07-15 13:52:45 | INFO     | OK https://skeb.jp/api/users/suzuroni
2026-07-15 13:52:45 | INFO     | Saving at archive\skeb\suzuroni-aab916.json
2026-07-15 13:52:46 | INFO     | OK https://skeb.jp/api/users/kinako_404_77
2026-07-15 13:52:46 | INFO     | Saving at archive\skeb\kinako_404_77-2e9e2c.json
2026-07-15 13:52:47 | WARNING  | 404 on https://skeb.jp/api/users/g33kst (attempt 3/3)
2026-07-15 13:52:48 | WARNING  | 404 on https://skeb.jp/api/users/killy810 (attempt 1/3)
2026-07-15 13:52:49 | INFO     | OK https://skeb.jp/api/users/magic_hour_99
2026-07-15 13:52:49 | INFO     | Saving at archive\skeb\magic_hour_99-2f1b25.json
2026-07-15 13:52:50 | INFO     | OK https://skeb.jp/api/users/jagaririri
2026-07-15 13:52:50 | INFO     | Saving at archive\skeb\jagaririri-c31553.json
2026-07-15 13:52:51 | INFO     | OK https://skeb.jp/api/users/K_v_91
2026-07-15 13:52:51 | INFO     | Saving at archive\skeb\K_v_91-4f7ea7.json
2026-07-15 13:52:52 | INFO     | OK https://skeb.jp/api/users/8108_sub
2026-07-15 13:52:52 | INFO     | Saving at archive\skeb\8108_sub-527ea2.json
2026-07-15 13:52:53 | WARNING  | 404 on https://skeb.jp/api/users/_meruruto_ (attempt 1/3)
2026-07-15 13:52:54 | INFO     | OK https://skeb.jp/api/users/nekorakko_
2026-07-15 13:52:54 | INFO     | Saving at archive\skeb\nekorakko_-9fe93f.json
2026-07-15 13:52:55 | WARNING  | 404 on https://skeb.jp/api/users/killy810 (attempt 2/3)
2026-07-15 13:52:56 | INFO     | OK https://skeb.jp/api/users/sugar176
2026-07-15 13:52:56 | INFO     | Saving at archive\skeb\sugar176-dcba61.json
2026-07-15 13:52:57 | INFO     | OK https://skeb.jp/api/users/p_qmion
2026-07-15 13:52:57 | INFO     | Saving at archive\skeb\p_qmion-31571f.json
2026-07-15 13:52:58 | INFO     | OK https://skeb.jp/api/users/higan_aoi924
2026-07-15 13:52:58 | INFO     | Saving at archive\skeb\higan_aoi924-fb8c43.json
2026-07-15 13:52:59 | WARNING  | 404 on https://skeb.jp/api/users/killy810 (attempt 3/3)
2026-07-15 13:53:00 | INFO     | OK https://skeb.jp/api/users/L_N_C_0000
2026-07-15 13:53:01 | INFO     | Saving at archive\skeb\L_N_C_0000-13768c.json
2026-07-15 13:53:01 | INFO     | OK https://skeb.jp/api/users/shakuna_kachiki
2026-07-15 13:53:01 | INFO     | Saving at archive\skeb\shakuna_kachiki-4020ff.json
2026-07-15 13:53:03 | INFO     | OK https://skeb.jp/api/users/MizukakiSango
2026-07-15 13:53:03 | INFO     | Saving at archive\skeb\MizukakiSango-86e532.json
2026-07-15 13:53:03 | WARNING  | 404 on https://skeb.jp/api/users/mimei_Illust (attempt 2/3)
2026-07-15 13:53:05 | INFO     | OK https://skeb.jp/api/users/1200banchi
2026-07-15 13:53:05 | INFO     | Saving at archive\skeb\1200banchi-edd7b1.json
2026-07-15 13:53:06 | INFO     | OK https://skeb.jp/api/users/ruruka_ryu
2026-07-15 13:53:06 | INFO     | Saving at archive\skeb\ruruka_ryu-d5cd31.json
2026-07-15 13:53:07 | INFO     | OK https://skeb.jp/api/users/kurosakimanbou
2026-07-15 13:53:07 | INFO     | Saving at archive\skeb\kurosakimanbou-cd1afb.json
2026-07-15 13:53:08 | INFO     | OK https://skeb.jp/api/users/koto_420
2026-07-15 13:53:08 | INFO     | Saving at archive\skeb\koto_420-cfaa6d.json
2026-07-15 13:53:09 | INFO     | OK https://skeb.jp/api/users/rio_pepelo
2026-07-15 13:53:09 | INFO     | Saving at archive\skeb\rio_pepelo-86197c.json
2026-07-15 13:53:10 | WARNING  | 404 on https://skeb.jp/api/users/_meruruto_ (attempt 2/3)
2026-07-15 13:53:11 | INFO     | OK https://skeb.jp/api/users/murasaki_ice
2026-07-15 13:53:11 | INFO     | Saving at archive\skeb\murasaki_ice-2ef274.json
2026-07-15 13:53:12 | WARNING  | 404 on https://skeb.jp/api/users/mimei_Illust (attempt 3/3)
2026-07-15 13:53:13 | INFO     | OK https://skeb.jp/api/users/Roco
2026-07-15 13:53:13 | INFO     | Saving at archive\skeb\Roco-38f4c0.json
2026-07-15 13:53:14 | INFO     | OK https://skeb.jp/api/users/FuyutsumiChiaki
2026-07-15 13:53:14 | INFO     | Saving at archive\skeb\FuyutsumiChiaki-98cbaf.json
2026-07-15 13:53:15 | INFO     | OK https://skeb.jp/api/users/kz_ki2
2026-07-15 13:53:15 | INFO     | Saving at archive\skeb\kz_ki2-d543c3.json
2026-07-15 13:53:16 | INFO     | OK https://skeb.jp/api/users/search_sausouc
2026-07-15 13:53:16 | INFO     | Saving at archive\skeb\search_sausouc-6f6f43.json
2026-07-15 13:53:17 | INFO     | OK https://skeb.jp/api/users/ryoto_asagi
2026-07-15 13:53:17 | INFO     | Saving at archive\skeb\ryoto_asagi-395d85.json
2026-07-15 13:53:18 | INFO     | OK https://skeb.jp/api/users/harupii_piano
2026-07-15 13:53:18 | INFO     | Saving at archive\skeb\harupii_piano-e99f84.json
2026-07-15 13:53:19 | INFO     | OK https://skeb.jp/api/users/iaskoftheeartt1
2026-07-15 13:53:19 | INFO     | Saving at archive\skeb\iaskoftheeartt1-34f769.json
2026-07-15 13:53:20 | INFO     | OK https://skeb.jp/api/users/rito331144
2026-07-15 13:53:20 | INFO     | Saving at archive\skeb\rito331144-463fc6.json
2026-07-15 13:53:21 | INFO     | OK https://skeb.jp/api/users/inferiorfurokar
2026-07-15 13:53:21 | INFO     | Saving at archive\skeb\inferiorfurokar-8e0074.json
2026-07-15 13:53:22 | INFO     | OK https://skeb.jp/api/users/MSO_3WR
2026-07-15 13:53:22 | INFO     | Saving at archive\skeb\MSO_3WR-b07147.json
2026-07-15 13:53:23 | INFO     | OK https://skeb.jp/api/users/ytr006
2026-07-15 13:53:23 | INFO     | Saving at archive\skeb\ytr006-c1d7b4.json
2026-07-15 13:53:24 | INFO     | OK https://skeb.jp/api/users/Akane_Imari
2026-07-15 13:53:24 | INFO     | Saving at archive\skeb\Akane_Imari-582065.json
2026-07-15 13:53:25 | INFO     | OK https://skeb.jp/api/users/A62d
2026-07-15 13:53:25 | INFO     | Saving at archive\skeb\A62d-5a01be.json
2026-07-15 13:53:26 | INFO     | OK https://skeb.jp/api/users/tatsutorinose
2026-07-15 13:53:26 | INFO     | Saving at archive\skeb\tatsutorinose-cd653d.json
2026-07-15 13:53:27 | INFO     | OK https://skeb.jp/api/users/nokoko0427
2026-07-15 13:53:27 | INFO     | Saving at archive\skeb\nokoko0427-5df79d.json
2026-07-15 13:53:28 | INFO     | OK https://skeb.jp/api/users/izrh_nao
2026-07-15 13:53:28 | INFO     | Saving at archive\skeb\izrh_nao-d2f134.json
2026-07-15 13:53:29 | INFO     | OK https://skeb.jp/api/users/maru86_o0
2026-07-15 13:53:29 | INFO     | Saving at archive\skeb\maru86_o0-601e20.json
2026-07-15 13:53:30 | INFO     | OK https://skeb.jp/api/users/mochoshii
2026-07-15 13:53:30 | INFO     | Saving at archive\skeb\mochoshii-9ad27a.json
2026-07-15 13:53:31 | INFO     | OK https://skeb.jp/api/users/pkyo96
2026-07-15 13:53:31 | INFO     | Saving at archive\skeb\pkyo96-7ed981.json
2026-07-15 13:53:32 | INFO     | OK https://skeb.jp/api/users/n_ob_o_fujitani
2026-07-15 13:53:32 | INFO     | Saving at archive\skeb\n_ob_o_fujitani-05ac67.json
2026-07-15 13:53:33 | INFO     | OK https://skeb.jp/api/users/kuranchM
2026-07-15 13:53:33 | INFO     | Saving at archive\skeb\kuranchM-234f5c.json
2026-07-15 13:53:34 | INFO     | OK https://skeb.jp/api/users/kuyuru_asagiri
2026-07-15 13:53:34 | INFO     | Saving at archive\skeb\kuyuru_asagiri-a26b8e.json
2026-07-15 13:53:35 | INFO     | OK https://skeb.jp/api/users/miiitu_002
2026-07-15 13:53:35 | INFO     | Saving at archive\skeb\miiitu_002-303816.json
2026-07-15 13:53:36 | INFO     | OK https://skeb.jp/api/users/k_shinoxxxx
2026-07-15 13:53:36 | INFO     | Saving at archive\skeb\k_shinoxxxx-04f4b1.json
2026-07-15 13:53:37 | INFO     | OK https://skeb.jp/api/users/Daichi_SAN_room
2026-07-15 13:53:37 | INFO     | Saving at archive\skeb\Daichi_SAN_room-58070a.json
2026-07-15 13:53:38 | INFO     | OK https://skeb.jp/api/users/NyankoPatriots
2026-07-15 13:53:38 | INFO     | Saving at archive\skeb\NyankoPatriots-8a87ba.json
2026-07-15 13:53:39 | INFO     | OK https://skeb.jp/api/users/kozuka46
2026-07-15 13:53:39 | INFO     | Saving at archive\skeb\kozuka46-93be36.json
2026-07-15 13:53:40 | INFO     | OK https://skeb.jp/api/users/utamaruarufa
2026-07-15 13:53:40 | INFO     | Saving at archive\skeb\utamaruarufa-2bdb48.json
2026-07-15 13:53:41 | INFO     | OK https://skeb.jp/api/users/ishimaru328
2026-07-15 13:53:41 | INFO     | Saving at archive\skeb\ishimaru328-4198b8.json
2026-07-15 13:53:42 | INFO     | OK https://skeb.jp/api/users/Charles_DTM
2026-07-15 13:53:42 | INFO     | Saving at archive\skeb\Charles_DTM-a1c1e2.json
2026-07-15 13:53:43 | INFO     | OK https://skeb.jp/api/users/nmru185u
2026-07-15 13:53:43 | INFO     | Saving at archive\skeb\nmru185u-5da726.json
2026-07-15 13:53:44 | INFO     | OK https://skeb.jp/api/users/tokonote
2026-07-15 13:53:44 | INFO     | Saving at archive\skeb\tokonote-1ed4ed.json
2026-07-15 13:53:45 | INFO     | OK https://skeb.jp/api/users/hiko_mw
2026-07-15 13:53:45 | INFO     | Saving at archive\skeb\hiko_mw-dec91a.json
2026-07-15 13:53:46 | INFO     | OK https://skeb.jp/api/users/kanatakanon
2026-07-15 13:53:46 | INFO     | Saving at archive\skeb\kanatakanon-017cc2.json
2026-07-15 13:53:47 | INFO     | OK https://skeb.jp/api/users/myenro_vtuber
2026-07-15 13:53:47 | INFO     | Saving at archive\skeb\myenro_vtuber-a54962.json
2026-07-15 13:53:48 | INFO     | OK https://skeb.jp/api/users/Sakuramoti_3710
2026-07-15 13:53:48 | INFO     | Saving at archive\skeb\Sakuramoti_3710-164869.json
2026-07-15 13:53:49 | WARNING  | 404 on https://skeb.jp/api/users/_meruruto_ (attempt 3/3)
2026-07-15 13:53:50 | INFO     | OK https://skeb.jp/api/users/poechan_xxx
2026-07-15 13:53:50 | INFO     | Saving at archive\skeb\poechan_xxx-eb0769.json
2026-07-15 13:53:51 | INFO     | OK https://skeb.jp/api/users/speegel1999
2026-07-15 13:53:51 | INFO     | Saving at archive\skeb\speegel1999-fa9cf3.json
2026-07-15 13:53:52 | INFO     | OK https://skeb.jp/api/users/bgebgd
2026-07-15 13:53:52 | INFO     | Saving at archive\skeb\bgebgd-3a17a5.json
2026-07-15 13:53:53 | INFO     | OK https://skeb.jp/api/users/vcatrea
2026-07-15 13:53:53 | INFO     | Saving at archive\skeb\vcatrea-f44b80.json
2026-07-15 13:53:54 | INFO     | OK https://skeb.jp/api/users/sa___vii
2026-07-15 13:53:54 | INFO     | Saving at archive\skeb\sa___vii-74aa0f.json
2026-07-15 13:53:55 | INFO     | OK https://skeb.jp/api/users/yo_illust
2026-07-15 13:53:55 | INFO     | Saving at archive\skeb\yo_illust-4de635.json
2026-07-15 13:53:56 | WARNING  | 404 on https://skeb.jp/api/users/kokorono_376 (attempt 1/3)
2026-07-15 13:53:57 | INFO     | OK https://skeb.jp/api/users/Siramu_Kanata
2026-07-15 13:53:57 | INFO     | Saving at archive\skeb\Siramu_Kanata-3b401c.json
2026-07-15 13:53:58 | INFO     | OK https://skeb.jp/api/users/kurai628
2026-07-15 13:53:58 | INFO     | Saving at archive\skeb\kurai628-8c0df3.json
2026-07-15 13:53:59 | INFO     | OK https://skeb.jp/api/users/KinmugiMan_sm
2026-07-15 13:53:59 | INFO     | Saving at archive\skeb\KinmugiMan_sm-15f59f.json
2026-07-15 13:54:00 | INFO     | OK https://skeb.jp/api/users/ougin
2026-07-15 13:54:00 | INFO     | Saving at archive\skeb\ougin-483fc6.json
2026-07-15 13:54:01 | INFO     | OK https://skeb.jp/api/users/inada_h_work
2026-07-15 13:54:01 | INFO     | Saving at archive\skeb\inada_h_work-e55763.json
2026-07-15 13:54:02 | INFO     | OK https://skeb.jp/api/users/meze_illust
2026-07-15 13:54:02 | INFO     | Saving at archive\skeb\meze_illust-5249ba.json
2026-07-15 13:54:03 | INFO     | OK https://skeb.jp/api/users/narimis0
2026-07-15 13:54:03 | INFO     | Saving at archive\skeb\narimis0-8b7657.json
2026-07-15 13:54:04 | INFO     | OK https://skeb.jp/api/users/bi_bo6
2026-07-15 13:54:04 | INFO     | Saving at archive\skeb\bi_bo6-70627c.json
2026-07-15 13:54:05 | INFO     | OK https://skeb.jp/api/users/touwa_AowoA
2026-07-15 13:54:05 | INFO     | Saving at archive\skeb\touwa_AowoA-afdef2.json
2026-07-15 13:54:06 | WARNING  | 404 on https://skeb.jp/api/users/kokorono_376 (attempt 2/3)
2026-07-15 13:54:07 | INFO     | OK https://skeb.jp/api/users/yuritaro_0316
2026-07-15 13:54:07 | INFO     | Saving at archive\skeb\yuritaro_0316-236c1e.json
2026-07-15 13:54:08 | INFO     | OK https://skeb.jp/api/users/yuibonirlg4500
2026-07-15 13:54:08 | INFO     | Saving at archive\skeb\yuibonirlg4500-cb3bb3.json
2026-07-15 13:54:09 | INFO     | OK https://skeb.jp/api/users/noupu1115
2026-07-15 13:54:09 | INFO     | Saving at archive\skeb\noupu1115-daa352.json
2026-07-15 13:54:10 | INFO     | OK https://skeb.jp/api/users/minatoo86
2026-07-15 13:54:10 | INFO     | Saving at archive\skeb\minatoo86-e7e0a3.json
2026-07-15 13:54:11 | INFO     | OK https://skeb.jp/api/users/very_matimati
2026-07-15 13:54:11 | INFO     | Saving at archive\skeb\very_matimati-0937e0.json
2026-07-15 13:54:12 | INFO     | OK https://skeb.jp/api/users/toooooooooomori
2026-07-15 13:54:12 | INFO     | Saving at archive\skeb\toooooooooomori-738c1e.json
2026-07-15 13:54:13 | INFO     | OK https://skeb.jp/api/users/Nattyandayon
2026-07-15 13:54:13 | INFO     | Saving at archive\skeb\Nattyandayon-571d9c.json
2026-07-15 13:54:14 | INFO     | OK https://skeb.jp/api/users/Anago_pie
2026-07-15 13:54:14 | INFO     | Saving at archive\skeb\Anago_pie-33a808.json
2026-07-15 13:54:15 | INFO     | OK https://skeb.jp/api/users/InAnO_s
2026-07-15 13:54:15 | INFO     | Saving at archive\skeb\InAnO_s-fc3531.json
2026-07-15 13:54:16 | INFO     | OK https://skeb.jp/api/users/sakissaki_voice
2026-07-15 13:54:16 | INFO     | Saving at archive\skeb\sakissaki_voice-735d7d.json
2026-07-15 13:54:17 | INFO     | OK https://skeb.jp/api/users/Maya_kikushita
2026-07-15 13:54:17 | INFO     | Saving at archive\skeb\Maya_kikushita-4b7de7.json
2026-07-15 13:54:18 | INFO     | OK https://skeb.jp/api/users/H_yp__e_914
2026-07-15 13:54:18 | INFO     | Saving at archive\skeb\H_yp__e_914-e226bd.json
2026-07-15 13:54:19 | WARNING  | 404 on https://skeb.jp/api/users/ghcfujfc1 (attempt 1/3)
2026-07-15 13:54:20 | WARNING  | 404 on https://skeb.jp/api/users/kokorono_376 (attempt 3/3)
2026-07-15 13:54:21 | INFO     | OK https://skeb.jp/api/users/haiirodane
2026-07-15 13:54:21 | INFO     | Saving at archive\skeb\haiirodane-b188e9.json
2026-07-15 13:54:22 | INFO     | OK https://skeb.jp/api/users/morotamatama
2026-07-15 13:54:22 | INFO     | Saving at archive\skeb\morotamatama-72826a.json
2026-07-15 13:54:23 | INFO     | OK https://skeb.jp/api/users/amav000
2026-07-15 13:54:23 | INFO     | Saving at archive\skeb\amav000-b2b13c.json
2026-07-15 13:54:24 | INFO     | OK https://skeb.jp/api/users/kopiyeeee
2026-07-15 13:54:24 | INFO     | Saving at archive\skeb\kopiyeeee-26105f.json
2026-07-15 13:54:25 | INFO     | OK https://skeb.jp/api/users/naziman__
2026-07-15 13:54:25 | INFO     | Saving at archive\skeb\naziman__-6c26d8.json
2026-07-15 13:54:26 | INFO     | OK https://skeb.jp/api/users/4ROSUKE
2026-07-15 13:54:26 | INFO     | Saving at archive\skeb\4ROSUKE-38b0c2.json
2026-07-15 13:54:27 | INFO     | OK https://skeb.jp/api/users/kmatsuri888
2026-07-15 13:54:27 | INFO     | Saving at archive\skeb\kmatsuri888-5eb242.json
2026-07-15 13:54:28 | INFO     | OK https://skeb.jp/api/users/mayuko
2026-07-15 13:54:28 | INFO     | Saving at archive\skeb\mayuko-b33874.json
2026-07-15 13:54:29 | INFO     | OK https://skeb.jp/api/users/Koha_2652
2026-07-15 13:54:29 | INFO     | Saving at archive\skeb\Koha_2652-c0612a.json
2026-07-15 13:54:30 | INFO     | OK https://skeb.jp/api/users/koukai_kurage
2026-07-15 13:54:30 | INFO     | Saving at archive\skeb\koukai_kurage-ccac13.json
2026-07-15 13:54:32 | INFO     | OK https://skeb.jp/api/users/158dg
2026-07-15 13:54:32 | INFO     | Saving at archive\skeb\158dg-7d93a3.json
2026-07-15 13:54:33 | INFO     | OK https://skeb.jp/api/users/mokona_magika
2026-07-15 13:54:33 | INFO     | Saving at archive\skeb\mokona_magika-9996ff.json
2026-07-15 13:54:34 | INFO     | OK https://skeb.jp/api/users/mikimoto141423
2026-07-15 13:54:34 | INFO     | Saving at archive\skeb\mikimoto141423-e0b9e6.json
2026-07-15 13:54:35 | INFO     | OK https://skeb.jp/api/users/tensui_1228
2026-07-15 13:54:35 | INFO     | Saving at archive\skeb\tensui_1228-60f811.json
2026-07-15 13:54:36 | INFO     | OK https://skeb.jp/api/users/murakouk
2026-07-15 13:54:36 | INFO     | Saving at archive\skeb\murakouk-d49f72.json
2026-07-15 13:54:37 | INFO     | OK https://skeb.jp/api/users/mushiba_itaiyo
2026-07-15 13:54:37 | INFO     | Saving at archive\skeb\mushiba_itaiyo-df5b88.json
2026-07-15 13:54:38 | INFO     | OK https://skeb.jp/api/users/Oekaki_Disuki
2026-07-15 13:54:38 | INFO     | Saving at archive\skeb\Oekaki_Disuki-975ee8.json
2026-07-15 13:54:39 | INFO     | OK https://skeb.jp/api/users/Qa6Qy
2026-07-15 13:54:39 | INFO     | Saving at archive\skeb\Qa6Qy-cac6b7.json
2026-07-15 13:54:40 | INFO     | OK https://skeb.jp/api/users/sakekasu_sou
2026-07-15 13:54:40 | INFO     | Saving at archive\skeb\sakekasu_sou-a931a0.json
2026-07-15 13:54:41 | WARNING  | 404 on https://skeb.jp/api/users/Iam_Ciikawa (attempt 1/3)
2026-07-15 13:54:42 | INFO     | OK https://skeb.jp/api/users/rena_0315
2026-07-15 13:54:42 | INFO     | Saving at archive\skeb\rena_0315-72ff04.json
2026-07-15 13:54:43 | INFO     | OK https://skeb.jp/api/users/ryojihido
2026-07-15 13:54:43 | INFO     | Saving at archive\skeb\ryojihido-46381e.json
2026-07-15 13:54:44 | INFO     | OK https://skeb.jp/api/users/mk7o_
2026-07-15 13:54:44 | INFO     | Saving at archive\skeb\mk7o_-47672c.json
2026-07-15 13:54:45 | INFO     | OK https://skeb.jp/api/users/Uo_oU__1
2026-07-15 13:54:45 | INFO     | Saving at archive\skeb\Uo_oU__1-87fb38.json
2026-07-15 13:54:46 | INFO     | OK https://skeb.jp/api/users/stk333_h
2026-07-15 13:54:46 | INFO     | Saving at archive\skeb\stk333_h-30a324.json
2026-07-15 13:54:47 | INFO     | OK https://skeb.jp/api/users/0klowd
2026-07-15 13:54:47 | INFO     | Saving at archive\skeb\0klowd-edf481.json
2026-07-15 13:54:48 | INFO     | OK https://skeb.jp/api/users/373_pic
2026-07-15 13:54:48 | INFO     | Saving at archive\skeb\373_pic-4b940b.json
2026-07-15 13:54:49 | INFO     | OK https://skeb.jp/api/users/u2_85269
2026-07-15 13:54:49 | INFO     | Saving at archive\skeb\u2_85269-679adc.json
2026-07-15 13:54:50 | INFO     | OK https://skeb.jp/api/users/Bonifatius888
2026-07-15 13:54:50 | INFO     | Saving at archive\skeb\Bonifatius888-59a1cb.json
2026-07-15 13:54:51 | INFO     | OK https://skeb.jp/api/users/kawaiindrk
2026-07-15 13:54:51 | INFO     | Saving at archive\skeb\kawaiindrk-7902f6.json
2026-07-15 13:54:52 | WARNING  | 404 on https://skeb.jp/api/users/ghcfujfc1 (attempt 2/3)
2026-07-15 13:54:53 | INFO     | OK https://skeb.jp/api/users/RiaraCat
2026-07-15 13:54:53 | INFO     | Saving at archive\skeb\RiaraCat-24c384.json
2026-07-15 13:54:54 | INFO     | OK https://skeb.jp/api/users/noteism
2026-07-15 13:54:54 | INFO     | Saving at archive\skeb\noteism-8448a5.json
2026-07-15 13:54:55 | INFO     | OK https://skeb.jp/api/users/koyaaaaa_n
2026-07-15 13:54:55 | INFO     | Saving at archive\skeb\koyaaaaa_n-882845.json
2026-07-15 13:54:56 | WARNING  | 404 on https://skeb.jp/api/users/Iam_Ciikawa (attempt 2/3)
2026-07-15 13:54:57 | WARNING  | 404 on https://skeb.jp/api/users/ghcfujfc1 (attempt 3/3)
2026-07-15 13:54:58 | INFO     | OK https://skeb.jp/api/users/Salt97772180
2026-07-15 13:54:58 | INFO     | Saving at archive\skeb\Salt97772180-9c6c47.json
2026-07-15 13:54:59 | INFO     | OK https://skeb.jp/api/users/Haramenpo
2026-07-15 13:54:59 | INFO     | Saving at archive\skeb\Haramenpo-c5ee90.json
2026-07-15 13:55:00 | INFO     | OK https://skeb.jp/api/users/skso_a
2026-07-15 13:55:00 | INFO     | Saving at archive\skeb\skso_a-6c830f.json
2026-07-15 13:55:01 | INFO     | OK https://skeb.jp/api/users/kariore
2026-07-15 13:55:01 | INFO     | Saving at archive\skeb\kariore-316025.json
2026-07-15 13:55:02 | INFO     | OK https://skeb.jp/api/users/youha_hituki
2026-07-15 13:55:02 | INFO     | Saving at archive\skeb\youha_hituki-d9542f.json
2026-07-15 13:55:03 | INFO     | OK https://skeb.jp/api/users/Lein173
2026-07-15 13:55:03 | INFO     | Saving at archive\skeb\Lein173-326c8c.json
2026-07-15 13:55:04 | INFO     | OK https://skeb.jp/api/users/yomogi_23y
2026-07-15 13:55:04 | INFO     | Saving at archive\skeb\yomogi_23y-04a02d.json
2026-07-15 13:55:05 | WARNING  | 404 on https://skeb.jp/api/users/kotonesansukida (attempt 1/3)
2026-07-15 13:55:06 | WARNING  | 404 on https://skeb.jp/api/users/Iam_Ciikawa (attempt 3/3)
2026-07-15 13:55:07 | INFO     | OK https://skeb.jp/api/users/121212kata
2026-07-15 13:55:07 | INFO     | Saving at archive\skeb\121212kata-a4fbd0.json
2026-07-15 13:55:08 | INFO     | OK https://skeb.jp/api/users/_zhililing
2026-07-15 13:55:08 | INFO     | Saving at archive\skeb\_zhililing-7f409b.json
2026-07-15 13:55:09 | WARNING  | 404 on https://skeb.jp/api/users/toxizaki (attempt 1/3)
2026-07-15 13:55:10 | INFO     | OK https://skeb.jp/api/users/baaaaaaaaaalu
2026-07-15 13:55:10 | INFO     | Saving at archive\skeb\baaaaaaaaaalu-cdbe02.json
2026-07-15 13:55:11 | INFO     | OK https://skeb.jp/api/users/8YA_nagi
2026-07-15 13:55:11 | INFO     | Saving at archive\skeb\8YA_nagi-fbff7e.json
2026-07-15 13:55:12 | INFO     | OK https://skeb.jp/api/users/neve0205
2026-07-15 13:55:12 | INFO     | Saving at archive\skeb\neve0205-87e728.json
2026-07-15 13:55:13 | INFO     | OK https://skeb.jp/api/users/nol_rom
2026-07-15 13:55:13 | INFO     | Saving at archive\skeb\nol_rom-b2b14d.json
2026-07-15 13:55:14 | INFO     | OK https://skeb.jp/api/users/marimo_dayoyo
2026-07-15 13:55:14 | INFO     | Saving at archive\skeb\marimo_dayoyo-da960a.json
2026-07-15 13:55:15 | INFO     | OK https://skeb.jp/api/users/riiru_wm
2026-07-15 13:55:15 | INFO     | Saving at archive\skeb\riiru_wm-38f629.json
2026-07-15 13:55:16 | INFO     | OK https://skeb.jp/api/users/Ria0261032776
2026-07-15 13:55:16 | INFO     | Saving at archive\skeb\Ria0261032776-6ba4b8.json
2026-07-15 13:55:17 | INFO     | OK https://skeb.jp/api/users/natuki77kanna
2026-07-15 13:55:17 | INFO     | Saving at archive\skeb\natuki77kanna-f1849e.json
2026-07-15 13:55:18 | WARNING  | 404 on https://skeb.jp/api/users/toxizaki (attempt 2/3)
2026-07-15 13:55:19 | INFO     | OK https://skeb.jp/api/users/iine_soune
2026-07-15 13:55:19 | INFO     | Saving at archive\skeb\iine_soune-02a549.json
2026-07-15 13:55:20 | INFO     | OK https://skeb.jp/api/users/kaduise
2026-07-15 13:55:20 | INFO     | Saving at archive\skeb\kaduise-223672.json
2026-07-15 13:55:21 | INFO     | OK https://skeb.jp/api/users/sphincter_mito
2026-07-15 13:55:21 | INFO     | Saving at archive\skeb\sphincter_mito-a50dba.json
2026-07-15 13:55:22 | INFO     | OK https://skeb.jp/api/users/box_x0x
2026-07-15 13:55:22 | INFO     | Saving at archive\skeb\box_x0x-02de55.json
2026-07-15 13:55:23 | INFO     | OK https://skeb.jp/api/users/Yamaraita1
2026-07-15 13:55:23 | INFO     | Saving at archive\skeb\Yamaraita1-aea730.json
2026-07-15 13:55:24 | INFO     | OK https://skeb.jp/api/users/futatugi1125
2026-07-15 13:55:24 | INFO     | Saving at archive\skeb\futatugi1125-4205eb.json
2026-07-15 13:55:25 | INFO     | OK https://skeb.jp/api/users/roribitanx
2026-07-15 13:55:25 | INFO     | Saving at archive\skeb\roribitanx-b1741e.json
2026-07-15 13:55:26 | INFO     | OK https://skeb.jp/api/users/nerururi7878
2026-07-15 13:55:26 | INFO     | Saving at archive\skeb\nerururi7878-15dad2.json
2026-07-15 13:55:27 | WARNING  | 404 on https://skeb.jp/api/users/T4k73gqSZ26h5si (attempt 1/3)
2026-07-15 13:55:28 | INFO     | OK https://skeb.jp/api/users/ukyo_samidare
2026-07-15 13:55:28 | INFO     | Saving at archive\skeb\ukyo_samidare-94283e.json
2026-07-15 13:55:29 | INFO     | OK https://skeb.jp/api/users/Gomi_Bako_ura
2026-07-15 13:55:29 | INFO     | Saving at archive\skeb\Gomi_Bako_ura-4ca050.json
2026-07-15 13:55:30 | INFO     | OK https://skeb.jp/api/users/HoneyBearCat29
2026-07-15 13:55:30 | INFO     | Saving at archive\skeb\HoneyBearCat29-e3cdaa.json
2026-07-15 13:55:31 | INFO     | OK https://skeb.jp/api/users/CHAKIKI247
2026-07-15 13:55:31 | INFO     | Saving at archive\skeb\CHAKIKI247-5159c0.json
2026-07-15 13:55:32 | INFO     | OK https://skeb.jp/api/users/oiru_613
2026-07-15 13:55:32 | INFO     | Saving at archive\skeb\oiru_613-0a5e4a.json
2026-07-15 13:55:33 | WARNING  | 404 on https://skeb.jp/api/users/kotonesansukida (attempt 2/3)
2026-07-15 13:55:34 | INFO     | OK https://skeb.jp/api/users/Chill_0x0
2026-07-15 13:55:34 | INFO     | Saving at archive\skeb\Chill_0x0-3f47cb.json
2026-07-15 13:55:35 | WARNING  | 404 on https://skeb.jp/api/users/toxizaki (attempt 3/3)
2026-07-15 13:55:36 | INFO     | OK https://skeb.jp/api/users/sekai9010
2026-07-15 13:55:36 | INFO     | Saving at archive\skeb\sekai9010-178e8f.json
2026-07-15 13:55:37 | INFO     | OK https://skeb.jp/api/users/itoe_piyopiyo
2026-07-15 13:55:37 | INFO     | Saving at archive\skeb\itoe_piyopiyo-bfef79.json
2026-07-15 13:55:38 | INFO     | OK https://skeb.jp/api/users/taitya_illust
2026-07-15 13:55:38 | INFO     | Saving at archive\skeb\taitya_illust-c329cd.json
2026-07-15 13:55:39 | INFO     | OK https://skeb.jp/api/users/noritofeeling
2026-07-15 13:55:39 | INFO     | Saving at archive\skeb\noritofeeling-257688.json
2026-07-15 13:55:40 | INFO     | OK https://skeb.jp/api/users/rurukajiya
2026-07-15 13:55:40 | INFO     | Saving at archive\skeb\rurukajiya-a4cf36.json
2026-07-15 13:55:41 | INFO     | OK https://skeb.jp/api/users/kitsuneko_222
2026-07-15 13:55:41 | INFO     | Saving at archive\skeb\kitsuneko_222-5ca74e.json
2026-07-15 13:55:42 | INFO     | OK https://skeb.jp/api/users/suzu_shiro_01
2026-07-15 13:55:42 | INFO     | Saving at archive\skeb\suzu_shiro_01-66c946.json
2026-07-15 13:55:43 | INFO     | OK https://skeb.jp/api/users/gmkzyruds
2026-07-15 13:55:43 | INFO     | Saving at archive\skeb\gmkzyruds-0413f1.json
2026-07-15 13:55:44 | INFO     | OK https://skeb.jp/api/users/sarihira303
2026-07-15 13:55:44 | INFO     | Saving at archive\skeb\sarihira303-bc6bbc.json
2026-07-15 13:55:45 | INFO     | OK https://skeb.jp/api/users/sun2001_sun
2026-07-15 13:55:45 | INFO     | Saving at archive\skeb\sun2001_sun-4af39e.json
2026-07-15 13:55:46 | INFO     | OK https://skeb.jp/api/users/n_trpga
2026-07-15 13:55:46 | INFO     | Saving at archive\skeb\n_trpga-141d41.json
2026-07-15 13:55:47 | INFO     | OK https://skeb.jp/api/users/Egakakitaikara
2026-07-15 13:55:47 | INFO     | Saving at archive\skeb\Egakakitaikara-0f28ce.json
2026-07-15 13:55:48 | INFO     | OK https://skeb.jp/api/users/gasoka
2026-07-15 13:55:48 | INFO     | Saving at archive\skeb\gasoka-20daed.json
2026-07-15 13:55:49 | WARNING  | 404 on https://skeb.jp/api/users/T4k73gqSZ26h5si (attempt 2/3)
2026-07-15 13:55:50 | INFO     | OK https://skeb.jp/api/users/muqulily
2026-07-15 13:55:50 | INFO     | Saving at archive\skeb\muqulily-a6bce2.json
2026-07-15 13:55:51 | INFO     | OK https://skeb.jp/api/users/TaroTaronun
2026-07-15 13:55:51 | INFO     | Saving at archive\skeb\TaroTaronun-fd4f12.json
2026-07-15 13:55:52 | INFO     | OK https://skeb.jp/api/users/nyomuyan
2026-07-15 13:55:52 | INFO     | Saving at archive\skeb\nyomuyan-2518f2.json
2026-07-15 13:55:53 | INFO     | OK https://skeb.jp/api/users/yatude8
2026-07-15 13:55:53 | INFO     | Saving at archive\skeb\yatude8-a04aba.json
2026-07-15 13:55:54 | WARNING  | 404 on https://skeb.jp/api/users/T4k73gqSZ26h5si (attempt 3/3)
2026-07-15 13:55:55 | INFO     | OK https://skeb.jp/api/users/amzk_kaname
2026-07-15 13:55:55 | INFO     | Saving at archive\skeb\amzk_kaname-e5dd79.json
2026-07-15 13:55:56 | INFO     | OK https://skeb.jp/api/users/himegumo01
2026-07-15 13:55:56 | INFO     | Saving at archive\skeb\himegumo01-a9f971.json
2026-07-15 13:55:57 | INFO     | OK https://skeb.jp/api/users/UMIU_hoge
2026-07-15 13:55:57 | INFO     | Saving at archive\skeb\UMIU_hoge-af3394.json
2026-07-15 13:55:58 | INFO     | OK https://skeb.jp/api/users/m_u_x
2026-07-15 13:55:58 | INFO     | Saving at archive\skeb\m_u_x-fb4953.json
2026-07-15 13:55:59 | INFO     | OK https://skeb.jp/api/users/m618aw
2026-07-15 13:55:59 | INFO     | Saving at archive\skeb\m618aw-7a3282.json
2026-07-15 13:56:00 | INFO     | OK https://skeb.jp/api/users/Rei_actrm_9051
2026-07-15 13:56:00 | INFO     | Saving at archive\skeb\Rei_actrm_9051-6d4258.json
2026-07-15 13:56:01 | WARNING  | 404 on https://skeb.jp/api/users/ronn_irai (attempt 1/3)
2026-07-15 13:56:03 | INFO     | OK https://skeb.jp/api/users/maomao_voice
2026-07-15 13:56:03 | INFO     | Saving at archive\skeb\maomao_voice-1804cd.json
2026-07-15 13:56:03 | WARNING  | 404 on https://skeb.jp/api/users/kotonesansukida (attempt 3/3)
2026-07-15 13:56:05 | INFO     | OK https://skeb.jp/api/users/YohanadaToki
2026-07-15 13:56:05 | INFO     | Saving at archive\skeb\YohanadaToki-805c9f.json
2026-07-15 13:56:06 | INFO     | OK https://skeb.jp/api/users/moniheru
2026-07-15 13:56:06 | INFO     | Saving at archive\skeb\moniheru-44a379.json
2026-07-15 13:56:07 | INFO     | OK https://skeb.jp/api/users/aibisd
2026-07-15 13:56:07 | INFO     | Saving at archive\skeb\aibisd-abae97.json
2026-07-15 13:56:08 | INFO     | OK https://skeb.jp/api/users/Y70401042
2026-07-15 13:56:08 | INFO     | Saving at archive\skeb\Y70401042-989fed.json
2026-07-15 13:56:09 | INFO     | OK https://skeb.jp/api/users/NiKiBi0illust
2026-07-15 13:56:09 | INFO     | Saving at archive\skeb\NiKiBi0illust-461e68.json
2026-07-15 13:56:10 | INFO     | OK https://skeb.jp/api/users/yaminoaka1018
2026-07-15 13:56:10 | INFO     | Saving at archive\skeb\yaminoaka1018-c981bf.json
2026-07-15 13:56:11 | INFO     | OK https://skeb.jp/api/users/midorinokokochi
2026-07-15 13:56:11 | INFO     | Saving at archive\skeb\midorinokokochi-e88ffe.json
2026-07-15 13:56:12 | INFO     | OK https://skeb.jp/api/users/zabi__02
2026-07-15 13:56:12 | INFO     | Saving at archive\skeb\zabi__02-b30106.json
2026-07-15 13:56:13 | INFO     | OK https://skeb.jp/api/users/N_NO_HO_HE
2026-07-15 13:56:13 | INFO     | Saving at archive\skeb\N_NO_HO_HE-6eefb5.json
2026-07-15 13:56:14 | INFO     | OK https://skeb.jp/api/users/PokeMH_iroiro
2026-07-15 13:56:14 | INFO     | Saving at archive\skeb\PokeMH_iroiro-770622.json
2026-07-15 13:56:15 | INFO     | OK https://skeb.jp/api/users/yanagi_tooru
2026-07-15 13:56:15 | INFO     | Saving at archive\skeb\yanagi_tooru-3f6de9.json
2026-07-15 13:56:16 | WARNING  | 404 on https://skeb.jp/api/users/923kaku (attempt 1/3)
2026-07-15 13:56:17 | WARNING  | 404 on https://skeb.jp/api/users/pgpcvDCE9G (attempt 1/3)
2026-07-15 13:56:18 | INFO     | OK https://skeb.jp/api/users/otyobooo
2026-07-15 13:56:18 | INFO     | Saving at archive\skeb\otyobooo-beaf3d.json
2026-07-15 13:56:19 | INFO     | OK https://skeb.jp/api/users/iridakodako
2026-07-15 13:56:19 | INFO     | Saving at archive\skeb\iridakodako-355d01.json
2026-07-15 13:56:20 | INFO     | OK https://skeb.jp/api/users/8686cure
2026-07-15 13:56:20 | INFO     | Saving at archive\skeb\8686cure-4927b6.json
2026-07-15 13:56:21 | WARNING  | 404 on https://skeb.jp/api/users/923kaku (attempt 2/3)
2026-07-15 13:56:22 | INFO     | OK https://skeb.jp/api/users/yuzu_ss_31019
2026-07-15 13:56:22 | INFO     | Saving at archive\skeb\yuzu_ss_31019-9e689a.json
2026-07-15 13:56:23 | INFO     | OK https://skeb.jp/api/users/fw3911
2026-07-15 13:56:23 | INFO     | Saving at archive\skeb\fw3911-353a7c.json
2026-07-15 13:56:24 | INFO     | OK https://skeb.jp/api/users/obt_chika
2026-07-15 13:56:24 | INFO     | Saving at archive\skeb\obt_chika-bbf13b.json
2026-07-15 13:56:25 | WARNING  | 404 on https://skeb.jp/api/users/ronn_irai (attempt 2/3)
2026-07-15 13:56:26 | WARNING  | 404 on https://skeb.jp/api/users/pgpcvDCE9G (attempt 2/3)
2026-07-15 13:56:27 | INFO     | OK https://skeb.jp/api/users/shir_amado
2026-07-15 13:56:27 | INFO     | Saving at archive\skeb\shir_amado-751e57.json
2026-07-15 13:56:28 | INFO     | OK https://skeb.jp/api/users/FreeKamui
2026-07-15 13:56:28 | INFO     | Saving at archive\skeb\FreeKamui-545d98.json
2026-07-15 13:56:29 | INFO     | OK https://skeb.jp/api/users/umzkr_
2026-07-15 13:56:29 | INFO     | Saving at archive\skeb\umzkr_-06fd81.json
2026-07-15 13:56:30 | WARNING  | 404 on https://skeb.jp/api/users/923kaku (attempt 3/3)
2026-07-15 13:56:31 | INFO     | OK https://skeb.jp/api/users/hatoneko00
2026-07-15 13:56:31 | INFO     | Saving at archive\skeb\hatoneko00-b73b3e.json
2026-07-15 13:56:32 | INFO     | OK https://skeb.jp/api/users/touga_23
2026-07-15 13:56:32 | INFO     | Saving at archive\skeb\touga_23-5bf03b.json
2026-07-15 13:56:33 | INFO     | OK https://skeb.jp/api/users/Shio2cham
2026-07-15 13:56:33 | INFO     | Saving at archive\skeb\Shio2cham-3643ab.json
2026-07-15 13:56:34 | INFO     | OK https://skeb.jp/api/users/nekokan_t
2026-07-15 13:56:34 | INFO     | Saving at archive\skeb\nekokan_t-38a86e.json
2026-07-15 13:56:35 | INFO     | OK https://skeb.jp/api/users/msssmanibi
2026-07-15 13:56:35 | INFO     | Saving at archive\skeb\msssmanibi-8fb275.json
2026-07-15 13:56:36 | INFO     | OK https://skeb.jp/api/users/reamismn
2026-07-15 13:56:36 | INFO     | Saving at archive\skeb\reamismn-4c823e.json
2026-07-15 13:56:37 | INFO     | OK https://skeb.jp/api/users/room12f1oonn
2026-07-15 13:56:37 | INFO     | Saving at archive\skeb\room12f1oonn-5c923a.json
2026-07-15 13:56:38 | INFO     | OK https://skeb.jp/api/users/taji_hawa
2026-07-15 13:56:38 | INFO     | Saving at archive\skeb\taji_hawa-0cd593.json
2026-07-15 13:56:39 | WARNING  | 404 on https://skeb.jp/api/users/ronn_irai (attempt 3/3)
2026-07-15 13:56:40 | WARNING  | 404 on https://skeb.jp/api/users/pgpcvDCE9G (attempt 3/3)
2026-07-15 13:56:41 | INFO     | OK https://skeb.jp/api/users/Anemone_Ash
2026-07-15 13:56:41 | INFO     | Saving at archive\skeb\Anemone_Ash-783bf3.json
2026-07-15 13:56:41 | INFO     |  --- SUMMARY REPORT --- 
  Sources Retreived    : 715
  Profiles Fetched     : 670
  Profile Missing      : 45
  Profile Rate Limited : 0
  Profile Error Others : 0

2026-07-15 13:56:41 | INFO     | Started creating static api data.
2026-07-15 14:33:51 | INFO     | Album index written to archive\albums\index.json (366 albums)
