2026-09-19 17:26:07 | INFO     | Initialized Data Store.
2026-09-19 17:26:08 | INFO     | Homepage GET status=200 (attempt 1/3)
2026-09-19 17:26:08 | WARNING  | request_key not found in homepage HTML (status=200).
2026-09-19 17:26:08 | INFO     | SkebClient ready (impersonate=chrome120, rate=1.0/s, concurrency=10, max_runtime=10800s)
2026-09-19 17:26:08 | INFO     | Pagination start: type='works' genre='art'.
2026-09-19 17:26:08 | INFO     | OK https://skeb.jp/api/works?sort=date&genre=art&offset=0&limit=90
2026-09-19 17:26:09 | INFO     | OK https://skeb.jp/api/works?sort=date&genre=art&offset=360&limit=90
2026-09-19 17:26:10 | INFO     | OK https://skeb.jp/api/works?sort=date&genre=art&offset=270&limit=90
2026-09-19 17:26:11 | INFO     | OK https://skeb.jp/api/works?sort=date&genre=art&offset=810&limit=90
2026-09-19 17:26:12 | INFO     | OK https://skeb.jp/api/works?sort=date&genre=art&offset=90&limit=90
2026-09-19 17:26:13 | INFO     | OK https://skeb.jp/api/works?sort=date&genre=art&offset=450&limit=90
2026-09-19 17:26:14 | INFO     | OK https://skeb.jp/api/works?sort=date&genre=art&offset=540&limit=90
2026-09-19 17:26:15 | INFO     | OK https://skeb.jp/api/works?sort=date&genre=art&offset=630&limit=90
2026-09-19 17:26:16 | INFO     | OK https://skeb.jp/api/works?sort=date&genre=art&offset=180&limit=90
2026-09-19 17:26:17 | INFO     | OK https://skeb.jp/api/works?sort=date&genre=art&offset=720&limit=90
2026-09-19 17:26:18 | INFO     | OK https://skeb.jp/api/works?sort=date&genre=art&offset=1440&limit=90
2026-09-19 17:26:19 | INFO     | OK https://skeb.jp/api/works?sort=date&genre=art&offset=1080&limit=90
2026-09-19 17:26:20 | INFO     | OK https://skeb.jp/api/works?sort=date&genre=art&offset=1260&limit=90
2026-09-19 17:26:21 | INFO     | OK https://skeb.jp/api/works?sort=date&genre=art&offset=1350&limit=90
2026-09-19 17:26:22 | INFO     | OK https://skeb.jp/api/works?sort=date&genre=art&offset=1170&limit=90
2026-09-19 17:26:23 | INFO     | OK https://skeb.jp/api/works?sort=date&genre=art&offset=990&limit=90
2026-09-19 17:26:24 | INFO     | OK https://skeb.jp/api/works?sort=date&genre=art&offset=1710&limit=90
2026-09-19 17:26:25 | INFO     | OK https://skeb.jp/api/works?sort=date&genre=art&offset=1530&limit=90
2026-09-19 17:26:26 | INFO     | OK https://skeb.jp/api/works?sort=date&genre=art&offset=1620&limit=90
2026-09-19 17:26:27 | INFO     | OK https://skeb.jp/api/works?sort=date&genre=art&offset=900&limit=90
2026-09-19 17:26:28 | INFO     | OK https://skeb.jp/api/works?sort=date&genre=art&offset=2430&limit=90
2026-09-19 17:26:29 | INFO     | OK https://skeb.jp/api/works?sort=date&genre=art&offset=2610&limit=90
2026-09-19 17:26:30 | INFO     | OK https://skeb.jp/api/works?sort=date&genre=art&offset=2160&limit=90
2026-09-19 17:26:31 | INFO     | OK https://skeb.jp/api/works?sort=date&genre=art&offset=2340&limit=90
2026-09-19 17:26:32 | INFO     | OK https://skeb.jp/api/works?sort=date&genre=art&offset=1800&limit=90
2026-09-19 17:26:33 | INFO     | OK https://skeb.jp/api/works?sort=date&genre=art&offset=2520&limit=90
2026-09-19 17:26:34 | INFO     | OK https://skeb.jp/api/works?sort=date&genre=art&offset=1890&limit=90
2026-09-19 17:26:35 | INFO     | OK https://skeb.jp/api/works?sort=date&genre=art&offset=1980&limit=90
2026-09-19 17:26:36 | INFO     | OK https://skeb.jp/api/works?sort=date&genre=art&offset=2250&limit=90
2026-09-19 17:26:37 | INFO     | OK https://skeb.jp/api/works?sort=date&genre=art&offset=2070&limit=90
2026-09-19 17:26:38 | INFO     | OK https://skeb.jp/api/works?sort=date&genre=art&offset=3330&limit=90
2026-09-19 17:26:39 | INFO     | OK https://skeb.jp/api/works?sort=date&genre=art&offset=3240&limit=90
2026-09-19 17:26:40 | INFO     | OK https://skeb.jp/api/works?sort=date&genre=art&offset=3510&limit=90
2026-09-19 17:26:41 | INFO     | OK https://skeb.jp/api/works?sort=date&genre=art&offset=2790&limit=90
2026-09-19 17:26:42 | INFO     | OK https://skeb.jp/api/works?sort=date&genre=art&offset=2700&limit=90
2026-09-19 17:26:43 | INFO     | OK https://skeb.jp/api/works?sort=date&genre=art&offset=3420&limit=90
2026-09-19 17:26:44 | INFO     | OK https://skeb.jp/api/works?sort=date&genre=art&offset=3150&limit=90
2026-09-19 17:26:45 | INFO     | OK https://skeb.jp/api/works?sort=date&genre=art&offset=2880&limit=90
2026-09-19 17:26:46 | INFO     | OK https://skeb.jp/api/works?sort=date&genre=art&offset=2970&limit=90
2026-09-19 17:26:47 | INFO     | OK https://skeb.jp/api/works?sort=date&genre=art&offset=3060&limit=90
2026-09-19 17:26:48 | INFO     | OK https://skeb.jp/api/works?sort=date&genre=art&offset=4320&limit=90
2026-09-19 17:26:49 | INFO     | OK https://skeb.jp/api/works?sort=date&genre=art&offset=3780&limit=90
2026-09-19 17:26:50 | INFO     | OK https://skeb.jp/api/works?sort=date&genre=art&offset=4230&limit=90
2026-09-19 17:26:51 | INFO     | OK https://skeb.jp/api/works?sort=date&genre=art&offset=4410&limit=90
2026-09-19 17:26:52 | INFO     | OK https://skeb.jp/api/works?sort=date&genre=art&offset=4050&limit=90
2026-09-19 17:26:53 | INFO     | OK https://skeb.jp/api/works?sort=date&genre=art&offset=3690&limit=90
2026-09-19 17:26:54 | INFO     | OK https://skeb.jp/api/works?sort=date&genre=art&offset=3960&limit=90
2026-09-19 17:26:55 | INFO     | OK https://skeb.jp/api/works?sort=date&genre=art&offset=4140&limit=90
2026-09-19 17:26:56 | INFO     | OK https://skeb.jp/api/works?sort=date&genre=art&offset=3870&limit=90
2026-09-19 17:26:57 | INFO     | OK https://skeb.jp/api/works?sort=date&genre=art&offset=3600&limit=90
2026-09-19 17:26:57 | INFO     | Empty page (consecutive=1)
2026-09-19 17:26:57 | INFO     | Empty page (consecutive=2)
2026-09-19 17:26:57 | INFO     | End of pagination (2 empty pages).
2026-09-19 17:26:57 | INFO     | Pagination done: 4000 items for 'works'.
2026-09-19 17:26:57 | INFO     | Pagination start: type='users' genre='art'.
2026-09-19 17:26:58 | INFO     | OK https://skeb.jp/api/users?sort=date&genre=art&offset=810&limit=90
2026-09-19 17:26:59 | INFO     | OK https://skeb.jp/api/users?sort=date&genre=art&offset=0&limit=90
2026-09-19 17:27:00 | INFO     | OK https://skeb.jp/api/users?sort=date&genre=art&offset=360&limit=90
2026-09-19 17:27:01 | INFO     | OK https://skeb.jp/api/users?sort=date&genre=art&offset=450&limit=90
2026-09-19 17:27:02 | INFO     | OK https://skeb.jp/api/users?sort=date&genre=art&offset=270&limit=90
2026-09-19 17:27:03 | INFO     | OK https://skeb.jp/api/users?sort=date&genre=art&offset=90&limit=90
2026-09-19 17:27:04 | INFO     | OK https://skeb.jp/api/users?sort=date&genre=art&offset=540&limit=90
2026-09-19 17:27:05 | INFO     | OK https://skeb.jp/api/users?sort=date&genre=art&offset=180&limit=90
2026-09-19 17:27:06 | INFO     | OK https://skeb.jp/api/users?sort=date&genre=art&offset=720&limit=90
2026-09-19 17:27:07 | INFO     | OK https://skeb.jp/api/users?sort=date&genre=art&offset=630&limit=90
2026-09-19 17:27:07 | INFO     | Empty page (consecutive=1)
2026-09-19 17:27:07 | INFO     | Empty page (consecutive=2)
2026-09-19 17:27:07 | INFO     | End of pagination (2 empty pages).
2026-09-19 17:27:07 | INFO     | Pagination done: 400 items for 'users'.
2026-09-19 17:27:07 | INFO     | Ready to scrape 3441 items
2026-09-19 17:27:08 | INFO     | OK https://skeb.jp/api/users/___AntennA___
2026-09-19 17:27:08 | INFO     | Saving at a/skeb/___AntennA___-f2a7dc.json
2026-09-19 17:27:09 | INFO     | OK https://skeb.jp/api/users/k0xyu6
2026-09-19 17:27:09 | INFO     | Saving at a/skeb/k0xyu6-f307af.json
2026-09-19 17:27:10 | INFO     | OK https://skeb.jp/api/users/nagira0822
2026-09-19 17:27:10 | INFO     | Saving at a/skeb/nagira0822-438124.json
2026-09-19 17:27:11 | INFO     | OK https://skeb.jp/api/users/ataka_ina
2026-09-19 17:27:11 | INFO     | Saving at a/skeb/ataka_ina-614bac.json
2026-09-19 17:27:12 | INFO     | OK https://skeb.jp/api/users/ebimirin1214
2026-09-19 17:27:12 | INFO     | Saving at a/skeb/ebimirin1214-28f96f.json
2026-09-19 17:27:13 | INFO     | OK https://skeb.jp/api/users/Korukua_
2026-09-19 17:27:13 | INFO     | Saving at a/skeb/Korukua_-61181e.json
2026-09-19 17:27:14 | INFO     | OK https://skeb.jp/api/users/kumano_yonayona
2026-09-19 17:27:14 | INFO     | Saving at a/skeb/kumano_yonayona-6b48ed.json
2026-09-19 17:27:15 | INFO     | OK https://skeb.jp/api/users/hayabusa_exex
2026-09-19 17:27:15 | INFO     | Saving at a/skeb/hayabusa_exex-5358fe.json
2026-09-19 17:27:16 | INFO     | OK https://skeb.jp/api/users/aaatarashi_
2026-09-19 17:27:16 | INFO     | Saving at a/skeb/aaatarashi_-f019c2.json
2026-09-19 17:27:17 | INFO     | OK https://skeb.jp/api/users/OdoruKaminoke
2026-09-19 17:27:17 | INFO     | Saving at a/skeb/OdoruKaminoke-ebd71b.json
2026-09-19 17:27:18 | INFO     | OK https://skeb.jp/api/users/keseranpasaraa
2026-09-19 17:27:18 | INFO     | Saving at a/skeb/keseranpasaraa-33dcb0.json
2026-09-19 17:27:19 | INFO     | OK https://skeb.jp/api/users/orrbchan
2026-09-19 17:27:19 | INFO     | Saving at a/skeb/orrbchan-50b682.json
2026-09-19 17:27:20 | INFO     | OK https://skeb.jp/api/users/m_w_cat
2026-09-19 17:27:20 | INFO     | Saving at a/skeb/m_w_cat-c126f9.json
2026-09-19 17:27:21 | INFO     | OK https://skeb.jp/api/users/gear_harukaze
2026-09-19 17:27:21 | INFO     | Saving at a/skeb/gear_harukaze-3b5de3.json
2026-09-19 17:27:22 | INFO     | OK https://skeb.jp/api/users/rinri_828
2026-09-19 17:27:22 | INFO     | Saving at a/skeb/rinri_828-4ad8ab.json
2026-09-19 17:27:23 | INFO     | OK https://skeb.jp/api/users/daou_vrc
2026-09-19 17:27:23 | INFO     | Saving at a/skeb/daou_vrc-e33ae3.json
2026-09-19 17:27:24 | INFO     | OK https://skeb.jp/api/users/sing_unitya
2026-09-19 17:27:24 | INFO     | Saving at a/skeb/sing_unitya-59d4b2.json
2026-09-19 17:27:25 | INFO     | OK https://skeb.jp/api/users/akumuuuu
2026-09-19 17:27:25 | INFO     | Saving at a/skeb/akumuuuu-dee83e.json
2026-09-19 17:27:26 | INFO     | OK https://skeb.jp/api/users/shiroimoyamoya
2026-09-19 17:27:26 | INFO     | Saving at a/skeb/shiroimoyamoya-bd06ef.json
2026-09-19 17:27:27 | INFO     | OK https://skeb.jp/api/users/B1chamon
2026-09-19 17:27:27 | INFO     | Saving at a/skeb/B1chamon-f8e827.json
2026-09-19 17:27:28 | INFO     | OK https://skeb.jp/api/users/kuo0
2026-09-19 17:27:28 | INFO     | Saving at a/skeb/kuo0-449851.json
2026-09-19 17:27:29 | INFO     | OK https://skeb.jp/api/users/ah_pjs
2026-09-19 17:27:29 | INFO     | Saving at a/skeb/ah_pjs-052c2d.json
2026-09-19 17:27:30 | INFO     | OK https://skeb.jp/api/users/siorayu
2026-09-19 17:27:30 | INFO     | Saving at a/skeb/siorayu-7e61a5.json
2026-09-19 17:27:31 | INFO     | OK https://skeb.jp/api/users/namishiba_
2026-09-19 17:27:31 | INFO     | Saving at a/skeb/namishiba_-567e74.json
2026-09-19 17:27:32 | INFO     | OK https://skeb.jp/api/users/pictus0083
2026-09-19 17:27:32 | INFO     | Saving at a/skeb/pictus0083-637ab9.json
2026-09-19 17:27:33 | INFO     | OK https://skeb.jp/api/users/gobouame
2026-09-19 17:27:33 | INFO     | Saving at a/skeb/gobouame-3101b0.json
2026-09-19 17:27:34 | INFO     | OK https://skeb.jp/api/users/8_______com
2026-09-19 17:27:34 | INFO     | Saving at a/skeb/8_______com-43bd4d.json
2026-09-19 17:27:35 | INFO     | OK https://skeb.jp/api/users/yuuno2010
2026-09-19 17:27:35 | INFO     | Saving at a/skeb/yuuno2010-25c705.json
2026-09-19 17:27:36 | INFO     | OK https://skeb.jp/api/users/GraceFlora
2026-09-19 17:27:36 | INFO     | Saving at a/skeb/GraceFlora-5f126d.json
2026-09-19 17:27:37 | INFO     | OK https://skeb.jp/api/users/maroyaka_8
2026-09-19 17:27:37 | INFO     | Saving at a/skeb/maroyaka_8-56219b.json
2026-09-19 17:27:38 | INFO     | OK https://skeb.jp/api/users/yamikawaryu
2026-09-19 17:27:38 | INFO     | Saving at a/skeb/yamikawaryu-48c389.json
2026-09-19 17:27:39 | INFO     | OK https://skeb.jp/api/users/kinkan0_5
2026-09-19 17:27:39 | INFO     | Saving at a/skeb/kinkan0_5-685121.json
2026-09-19 17:27:40 | INFO     | OK https://skeb.jp/api/users/DreamingJuliet_
2026-09-19 17:27:40 | INFO     | Saving at a/skeb/DreamingJuliet_-38266a.json
2026-09-19 17:27:41 | INFO     | OK https://skeb.jp/api/users/pipioo08
2026-09-19 17:27:41 | INFO     | Saving at a/skeb/pipioo08-ceffb7.json
2026-09-19 17:27:42 | INFO     | OK https://skeb.jp/api/users/NAnoDA_HAM
2026-09-19 17:27:42 | INFO     | Saving at a/skeb/NAnoDA_HAM-a59eb1.json
2026-09-19 17:27:43 | INFO     | OK https://skeb.jp/api/users/mugibirokou
2026-09-19 17:27:43 | INFO     | Saving at a/skeb/mugibirokou-18dfbc.json
2026-09-19 17:27:44 | INFO     | OK https://skeb.jp/api/users/uzisany
2026-09-19 17:27:44 | INFO     | Saving at a/skeb/uzisany-b4b460.json
2026-09-19 17:27:45 | INFO     | OK https://skeb.jp/api/users/Nabetabetaiz
2026-09-19 17:27:45 | INFO     | Saving at a/skeb/Nabetabetaiz-6c1757.json
2026-09-19 17:27:46 | INFO     | OK https://skeb.jp/api/users/Yuyu_Omoha
2026-09-19 17:27:46 | INFO     | Saving at a/skeb/Yuyu_Omoha-69f659.json
2026-09-19 17:27:47 | INFO     | OK https://skeb.jp/api/users/subSAMDA
2026-09-19 17:27:47 | INFO     | Saving at a/skeb/subSAMDA-818b20.json
2026-09-19 17:27:48 | INFO     | OK https://skeb.jp/api/users/futa_____ba_
2026-09-19 17:27:48 | INFO     | Saving at a/skeb/futa_____ba_-4846fc.json
2026-09-19 17:27:49 | INFO     | OK https://skeb.jp/api/users/iruruku_ver2
2026-09-19 17:27:49 | INFO     | Saving at a/skeb/iruruku_ver2-2c2fb2.json
2026-09-19 17:27:50 | INFO     | OK https://skeb.jp/api/users/ADoX8xAJy264595
2026-09-19 17:27:50 | INFO     | Saving at a/skeb/ADoX8xAJy264595-714111.json
2026-09-19 17:27:51 | INFO     | OK https://skeb.jp/api/users/06153NOHI
2026-09-19 17:27:51 | INFO     | Saving at a/skeb/06153NOHI-2f579a.json
2026-09-19 17:27:52 | INFO     | OK https://skeb.jp/api/users/oekakiJOJI
2026-09-19 17:27:52 | INFO     | Saving at a/skeb/oekakiJOJI-b985a9.json
2026-09-19 17:27:53 | INFO     | OK https://skeb.jp/api/users/O_tizu
2026-09-19 17:27:53 | INFO     | Saving at a/skeb/O_tizu-50b6a3.json
2026-09-19 17:27:54 | INFO     | OK https://skeb.jp/api/users/trmimimi
2026-09-19 17:27:54 | INFO     | Saving at a/skeb/trmimimi-a0cde5.json
2026-09-19 17:27:55 | INFO     | OK https://skeb.jp/api/users/Ly05YY
2026-09-19 17:27:55 | INFO     | Saving at a/skeb/Ly05YY-ad96bc.json
2026-09-19 17:27:56 | INFO     | OK https://skeb.jp/api/users/ego_cm
2026-09-19 17:27:56 | INFO     | Saving at a/skeb/ego_cm-887925.json
2026-09-19 17:27:57 | INFO     | OK https://skeb.jp/api/users/akaakamilky
2026-09-19 17:27:57 | INFO     | Saving at a/skeb/akaakamilky-0a2ac7.json
2026-09-19 17:27:58 | INFO     | OK https://skeb.jp/api/users/WORLD8383
2026-09-19 17:27:58 | INFO     | Saving at a/skeb/WORLD8383-2f2acb.json
2026-09-19 17:27:59 | INFO     | OK https://skeb.jp/api/users/mel_anchol_ic
2026-09-19 17:27:59 | INFO     | Saving at a/skeb/mel_anchol_ic-841991.json
2026-09-19 17:28:00 | INFO     | OK https://skeb.jp/api/users/misopimaru
2026-09-19 17:28:00 | INFO     | Saving at a/skeb/misopimaru-cabb58.json
2026-09-19 17:28:01 | INFO     | OK https://skeb.jp/api/users/Bon_jin_Bong
2026-09-19 17:28:01 | INFO     | Saving at a/skeb/Bon_jin_Bong-c95636.json
2026-09-19 17:28:02 | INFO     | OK https://skeb.jp/api/users/unknown__3rd
2026-09-19 17:28:02 | INFO     | Saving at a/skeb/unknown__3rd-cdac69.json
2026-09-19 17:28:03 | INFO     | OK https://skeb.jp/api/users/yoru_oekakisan
2026-09-19 17:28:03 | INFO     | Saving at a/skeb/yoru_oekakisan-d640d6.json
2026-09-19 17:28:04 | INFO     | OK https://skeb.jp/api/users/whis11
2026-09-19 17:28:04 | INFO     | Saving at a/skeb/whis11-895736.json
2026-09-19 17:28:05 | INFO     | OK https://skeb.jp/api/users/shakohchan
2026-09-19 17:28:05 | INFO     | Saving at a/skeb/shakohchan-882e5e.json
2026-09-19 17:28:06 | INFO     | OK https://skeb.jp/api/users/pipopubebu
2026-09-19 17:28:06 | INFO     | Saving at a/skeb/pipopubebu-b97081.json
2026-09-19 17:28:07 | INFO     | OK https://skeb.jp/api/users/suzuno3110
2026-09-19 17:28:07 | INFO     | Saving at a/skeb/suzuno3110-1059df.json
2026-09-19 17:28:08 | INFO     | OK https://skeb.jp/api/users/shirayuki_kkk
2026-09-19 17:28:08 | INFO     | Saving at a/skeb/shirayuki_kkk-6f5328.json
2026-09-19 17:28:09 | INFO     | OK https://skeb.jp/api/users/85439jtpa
2026-09-19 17:28:09 | INFO     | Saving at a/skeb/85439jtpa-dba8ab.json
2026-09-19 17:28:10 | INFO     | OK https://skeb.jp/api/users/0_5zero
2026-09-19 17:28:10 | INFO     | Saving at a/skeb/0_5zero-f7c391.json
2026-09-19 17:28:11 | INFO     | OK https://skeb.jp/api/users/matatabinomoi
2026-09-19 17:28:11 | INFO     | Saving at a/skeb/matatabinomoi-2ed9a0.json
2026-09-19 17:28:12 | INFO     | OK https://skeb.jp/api/users/PwgP6_tomato
2026-09-19 17:28:12 | INFO     | Saving at a/skeb/PwgP6_tomato-831c46.json
2026-09-19 17:28:13 | INFO     | OK https://skeb.jp/api/users/dvcn3150
2026-09-19 17:28:13 | INFO     | Saving at a/skeb/dvcn3150-a20742.json
2026-09-19 17:28:14 | INFO     | OK https://skeb.jp/api/users/Taco_828
2026-09-19 17:28:14 | INFO     | Saving at a/skeb/Taco_828-c1fa8e.json
2026-09-19 17:28:15 | INFO     | OK https://skeb.jp/api/users/maniac_theater
2026-09-19 17:28:15 | INFO     | Saving at a/skeb/maniac_theater-e29fb7.json
2026-09-19 17:28:16 | INFO     | OK https://skeb.jp/api/users/owo_tomatoto
2026-09-19 17:28:16 | INFO     | Saving at a/skeb/owo_tomatoto-3987f7.json
2026-09-19 17:28:17 | INFO     | OK https://skeb.jp/api/users/mashiro_v_046
2026-09-19 17:28:17 | INFO     | Saving at a/skeb/mashiro_v_046-8e7ebe.json
2026-09-19 17:28:18 | INFO     | OK https://skeb.jp/api/users/kaz_shamrock
2026-09-19 17:28:18 | INFO     | Saving at a/skeb/kaz_shamrock-822eac.json
2026-09-19 17:28:19 | INFO     | OK https://skeb.jp/api/users/_nnwnoiros
2026-09-19 17:28:19 | INFO     | Saving at a/skeb/_nnwnoiros-138ac6.json
2026-09-19 17:28:20 | INFO     | OK https://skeb.jp/api/users/210210gaga
2026-09-19 17:28:20 | INFO     | Saving at a/skeb/210210gaga-1fba39.json
2026-09-19 17:28:21 | INFO     | OK https://skeb.jp/api/users/ojsn_00
2026-09-19 17:28:21 | INFO     | Saving at a/skeb/ojsn_00-fe2551.json
2026-09-19 17:28:22 | INFO     | OK https://skeb.jp/api/users/aki0107_inica
2026-09-19 17:28:22 | INFO     | Saving at a/skeb/aki0107_inica-737033.json
2026-09-19 17:28:23 | INFO     | OK https://skeb.jp/api/users/natsu_kumo88
2026-09-19 17:28:23 | INFO     | Saving at a/skeb/natsu_kumo88-390fad.json
2026-09-19 17:28:24 | INFO     | OK https://skeb.jp/api/users/n_112382
2026-09-19 17:28:24 | INFO     | Saving at a/skeb/n_112382-fb5e01.json
2026-09-19 17:28:25 | INFO     | OK https://skeb.jp/api/users/hsmishima
2026-09-19 17:28:25 | INFO     | Saving at a/skeb/hsmishima-b11464.json
2026-09-19 17:28:26 | INFO     | OK https://skeb.jp/api/users/enisibe
2026-09-19 17:28:26 | INFO     | Saving at a/skeb/enisibe-350efd.json
2026-09-19 17:28:27 | INFO     | OK https://skeb.jp/api/users/r3b8
2026-09-19 17:28:27 | INFO     | Saving at a/skeb/r3b8-a8f5c1.json
2026-09-19 17:28:28 | INFO     | OK https://skeb.jp/api/users/Mini_sokay3
2026-09-19 17:28:28 | INFO     | Saving at a/skeb/Mini_sokay3-988cc1.json
2026-09-19 17:28:29 | INFO     | OK https://skeb.jp/api/users/i_kemeeeeen
2026-09-19 17:28:29 | INFO     | Saving at a/skeb/i_kemeeeeen-92b199.json
2026-09-19 17:28:30 | INFO     | OK https://skeb.jp/api/users/Bamboo_Tac
2026-09-19 17:28:30 | INFO     | Saving at a/skeb/Bamboo_Tac-6f5c95.json
2026-09-19 17:28:31 | INFO     | OK https://skeb.jp/api/users/viva_sanba
2026-09-19 17:28:31 | INFO     | Saving at a/skeb/viva_sanba-dbcd52.json
2026-09-19 17:28:32 | INFO     | OK https://skeb.jp/api/users/harukake325
2026-09-19 17:28:32 | INFO     | Saving at a/skeb/harukake325-6df809.json
2026-09-19 17:28:33 | INFO     | OK https://skeb.jp/api/users/377_Yuki
2026-09-19 17:28:33 | INFO     | Saving at a/skeb/377_Yuki-a95343.json
2026-09-19 17:28:34 | INFO     | OK https://skeb.jp/api/users/kirakishow7
2026-09-19 17:28:34 | INFO     | Saving at a/skeb/kirakishow7-9807fd.json
2026-09-19 17:28:35 | INFO     | OK https://skeb.jp/api/users/sakiika0513
2026-09-19 17:28:35 | INFO     | Saving at a/skeb/sakiika0513-2d8d25.json
2026-09-19 17:28:36 | INFO     | OK https://skeb.jp/api/users/kinakomochi
2026-09-19 17:28:36 | INFO     | Saving at a/skeb/kinakomochi-ea07b1.json
2026-09-19 17:28:37 | INFO     | OK https://skeb.jp/api/users/Maju_5427
2026-09-19 17:28:37 | INFO     | Saving at a/skeb/Maju_5427-d9ad33.json
2026-09-19 17:28:38 | INFO     | OK https://skeb.jp/api/users/OPQRSTUV_chan
2026-09-19 17:28:38 | INFO     | Saving at a/skeb/OPQRSTUV_chan-c69c01.json
2026-09-19 17:28:39 | INFO     | OK https://skeb.jp/api/users/Shino_BunnYs
2026-09-19 17:28:39 | INFO     | Saving at a/skeb/Shino_BunnYs-b6174d.json
2026-09-19 17:28:40 | INFO     | OK https://skeb.jp/api/users/oosaka_koume
2026-09-19 17:28:40 | INFO     | Saving at a/skeb/oosaka_koume-2e5923.json
2026-09-19 17:28:41 | INFO     | OK https://skeb.jp/api/users/mattya0495
2026-09-19 17:28:41 | INFO     | Saving at a/skeb/mattya0495-100ddc.json
2026-09-19 17:28:42 | INFO     | OK https://skeb.jp/api/users/moja4192
2026-09-19 17:28:42 | INFO     | Saving at a/skeb/moja4192-0aca1e.json
2026-09-19 17:28:43 | INFO     | OK https://skeb.jp/api/users/MassaQ_oekaki
2026-09-19 17:28:43 | INFO     | Saving at a/skeb/MassaQ_oekaki-f8e053.json
2026-09-19 17:28:44 | INFO     | OK https://skeb.jp/api/users/yellowsb2024
2026-09-19 17:28:44 | INFO     | Saving at a/skeb/yellowsb2024-d22769.json
2026-09-19 17:28:45 | INFO     | OK https://skeb.jp/api/users/lalaaino1
2026-09-19 17:28:45 | INFO     | Saving at a/skeb/lalaaino1-d521a3.json
2026-09-19 17:28:46 | INFO     | OK https://skeb.jp/api/users/kusunotaiboku
2026-09-19 17:28:46 | INFO     | Saving at a/skeb/kusunotaiboku-d2ad7a.json
2026-09-19 17:28:47 | INFO     | OK https://skeb.jp/api/users/Reisen_Alice
2026-09-19 17:28:47 | INFO     | Saving at a/skeb/Reisen_Alice-ac91b6.json
2026-09-19 17:28:48 | INFO     | OK https://skeb.jp/api/users/uruta33
2026-09-19 17:28:48 | INFO     | Saving at a/skeb/uruta33-127972.json
2026-09-19 17:28:49 | INFO     | OK https://skeb.jp/api/users/__4the2ofus
2026-09-19 17:28:49 | INFO     | Saving at a/skeb/__4the2ofus-c16b0f.json
2026-09-19 17:28:50 | INFO     | OK https://skeb.jp/api/users/apota_333
2026-09-19 17:28:50 | INFO     | Saving at a/skeb/apota_333-e47580.json
2026-09-19 17:28:51 | INFO     | OK https://skeb.jp/api/users/zkpkmn0
2026-09-19 17:28:51 | INFO     | Saving at a/skeb/zkpkmn0-a57b7a.json
2026-09-19 17:28:52 | INFO     | OK https://skeb.jp/api/users/toyanagi6go
2026-09-19 17:28:52 | INFO     | Saving at a/skeb/toyanagi6go-cb58e1.json
2026-09-19 17:28:53 | INFO     | OK https://skeb.jp/api/users/zettai22
2026-09-19 17:28:53 | INFO     | Saving at a/skeb/zettai22-728462.json
2026-09-19 17:28:54 | INFO     | OK https://skeb.jp/api/users/GuyzOtona
2026-09-19 17:28:54 | INFO     | Saving at a/skeb/GuyzOtona-16a14c.json
2026-09-19 17:28:55 | INFO     | OK https://skeb.jp/api/users/travelerhosi
2026-09-19 17:28:55 | INFO     | Saving at a/skeb/travelerhosi-da2d6f.json
2026-09-19 17:28:56 | INFO     | OK https://skeb.jp/api/users/aka8mori
2026-09-19 17:28:56 | INFO     | Saving at a/skeb/aka8mori-b98b34.json
2026-09-19 17:28:57 | INFO     | OK https://skeb.jp/api/users/Conana_716
2026-09-19 17:28:57 | INFO     | Saving at a/skeb/Conana_716-5dbe8d.json
2026-09-19 17:28:58 | INFO     | OK https://skeb.jp/api/users/waishinoaka
2026-09-19 17:28:58 | INFO     | Saving at a/skeb/waishinoaka-e07a8e.json
2026-09-19 17:28:59 | INFO     | OK https://skeb.jp/api/users/ankocha_mgmg
2026-09-19 17:28:59 | INFO     | Saving at a/skeb/ankocha_mgmg-242a11.json
2026-09-19 17:29:00 | INFO     | OK https://skeb.jp/api/users/kesiks0616
2026-09-19 17:29:00 | INFO     | Saving at a/skeb/kesiks0616-abd6dd.json
2026-09-19 17:29:01 | INFO     | OK https://skeb.jp/api/users/Zr6Ov
2026-09-19 17:29:01 | INFO     | Saving at a/skeb/Zr6Ov-aa7ea3.json
2026-09-19 17:29:02 | INFO     | OK https://skeb.jp/api/users/dallchsub
2026-09-19 17:29:02 | INFO     | Saving at a/skeb/dallchsub-080310.json
2026-09-19 17:29:03 | INFO     | OK https://skeb.jp/api/users/izumikei001
2026-09-19 17:29:03 | INFO     | Saving at a/skeb/izumikei001-90c8a0.json
2026-09-19 17:29:04 | INFO     | OK https://skeb.jp/api/users/OTOME_made
2026-09-19 17:29:04 | INFO     | Saving at a/skeb/OTOME_made-d0c4b7.json
2026-09-19 17:29:05 | INFO     | OK https://skeb.jp/api/users/ShimotsukiAoi19
2026-09-19 17:29:05 | INFO     | Saving at a/skeb/ShimotsukiAoi19-d3f1ee.json
2026-09-19 17:29:06 | INFO     | OK https://skeb.jp/api/users/nagane29
2026-09-19 17:29:06 | INFO     | Saving at a/skeb/nagane29-e3aa1b.json
2026-09-19 17:29:07 | INFO     | OK https://skeb.jp/api/users/bypo89_
2026-09-19 17:29:07 | INFO     | Saving at a/skeb/bypo89_-775e88.json
2026-09-19 17:29:08 | INFO     | OK https://skeb.jp/api/users/mogahonu
2026-09-19 17:29:08 | INFO     | Saving at a/skeb/mogahonu-37d6d1.json
2026-09-19 17:29:09 | INFO     | OK https://skeb.jp/api/users/ii_87_oo
2026-09-19 17:29:09 | INFO     | Saving at a/skeb/ii_87_oo-520375.json
2026-09-19 17:29:10 | INFO     | OK https://skeb.jp/api/users/_xxx_i___
2026-09-19 17:29:10 | INFO     | Saving at a/skeb/_xxx_i___-ce21db.json
2026-09-19 17:29:11 | INFO     | OK https://skeb.jp/api/users/ikurasujico6
2026-09-19 17:29:11 | INFO     | Saving at a/skeb/ikurasujico6-17201a.json
2026-09-19 17:29:12 | INFO     | OK https://skeb.jp/api/users/Child0ut
2026-09-19 17:29:12 | INFO     | Saving at a/skeb/Child0ut-f4c718.json
2026-09-19 17:29:13 | INFO     | OK https://skeb.jp/api/users/Byellowlightst1
2026-09-19 17:29:13 | INFO     | Saving at a/skeb/Byellowlightst1-a19270.json
2026-09-19 17:29:14 | INFO     | OK https://skeb.jp/api/users/8heavens8
2026-09-19 17:29:14 | INFO     | Saving at a/skeb/8heavens8-067374.json
2026-09-19 17:29:15 | INFO     | OK https://skeb.jp/api/users/sekitan_mmmm
2026-09-19 17:29:15 | INFO     | Saving at a/skeb/sekitan_mmmm-6ab312.json
2026-09-19 17:29:16 | INFO     | OK https://skeb.jp/api/users/0atori
2026-09-19 17:29:16 | INFO     | Saving at a/skeb/0atori-c34d66.json
2026-09-19 17:29:17 | INFO     | OK https://skeb.jp/api/users/illu_kamo
2026-09-19 17:29:17 | INFO     | Saving at a/skeb/illu_kamo-4a395f.json
2026-09-19 17:29:18 | INFO     | OK https://skeb.jp/api/users/Shitsuha_Isaku
2026-09-19 17:29:18 | INFO     | Saving at a/skeb/Shitsuha_Isaku-68a88b.json
2026-09-19 17:29:19 | INFO     | OK https://skeb.jp/api/users/ak4meno
2026-09-19 17:29:19 | INFO     | Saving at a/skeb/ak4meno-bbc79d.json
2026-09-19 17:29:20 | INFO     | OK https://skeb.jp/api/users/yO7VdaqenSz5Txy
2026-09-19 17:29:20 | INFO     | Saving at a/skeb/yO7VdaqenSz5Txy-ae45db.json
2026-09-19 17:29:21 | INFO     | OK https://skeb.jp/api/users/Pep_29eshi
2026-09-19 17:29:21 | INFO     | Saving at a/skeb/Pep_29eshi-9cd02d.json
2026-09-19 17:29:22 | INFO     | OK https://skeb.jp/api/users/infelnity0
2026-09-19 17:29:22 | INFO     | Saving at a/skeb/infelnity0-60050d.json
2026-09-19 17:29:23 | INFO     | OK https://skeb.jp/api/users/nsnrk_
2026-09-19 17:29:23 | INFO     | Saving at a/skeb/nsnrk_-6424f6.json
2026-09-19 17:29:24 | INFO     | OK https://skeb.jp/api/users/11mamemame33
2026-09-19 17:29:24 | INFO     | Saving at a/skeb/11mamemame33-de2e17.json
2026-09-19 17:29:25 | INFO     | OK https://skeb.jp/api/users/Yaya_07_y
2026-09-19 17:29:25 | INFO     | Saving at a/skeb/Yaya_07_y-ce9cd8.json
2026-09-19 17:29:26 | INFO     | OK https://skeb.jp/api/users/yuzu09skm
2026-09-19 17:29:26 | INFO     | Saving at a/skeb/yuzu09skm-5e3b6f.json
2026-09-19 17:29:27 | INFO     | OK https://skeb.jp/api/users/Sano_zyuuzyou
2026-09-19 17:29:27 | INFO     | Saving at a/skeb/Sano_zyuuzyou-b8f52a.json
2026-09-19 17:29:28 | INFO     | OK https://skeb.jp/api/users/vw_psd_CandY
2026-09-19 17:29:28 | INFO     | Saving at a/skeb/vw_psd_CandY-caf7d6.json
2026-09-19 17:29:29 | INFO     | OK https://skeb.jp/api/users/awawa_anaya
2026-09-19 17:29:29 | INFO     | Saving at a/skeb/awawa_anaya-062cdd.json
2026-09-19 17:29:30 | INFO     | OK https://skeb.jp/api/users/choicesakusaku
2026-09-19 17:29:30 | INFO     | Saving at a/skeb/choicesakusaku-314b1c.json
2026-09-19 17:29:31 | INFO     | OK https://skeb.jp/api/users/nisemono
2026-09-19 17:29:31 | INFO     | Saving at a/skeb/nisemono-ff0baf.json
2026-09-19 17:29:32 | INFO     | OK https://skeb.jp/api/users/saigusa54
2026-09-19 17:29:32 | INFO     | Saving at a/skeb/saigusa54-43807e.json
2026-09-19 17:29:33 | INFO     | OK https://skeb.jp/api/users/mamezako_chan
2026-09-19 17:29:33 | INFO     | Saving at a/skeb/mamezako_chan-2ed2a3.json
2026-09-19 17:29:34 | INFO     | OK https://skeb.jp/api/users/ar_mess
2026-09-19 17:29:34 | INFO     | Saving at a/skeb/ar_mess-6e47b0.json
2026-09-19 17:29:35 | INFO     | OK https://skeb.jp/api/users/ham121ham
2026-09-19 17:29:35 | INFO     | Saving at a/skeb/ham121ham-e8119c.json
2026-09-19 17:29:36 | INFO     | OK https://skeb.jp/api/users/TOTOTOTO_TK
2026-09-19 17:29:36 | INFO     | Saving at a/skeb/TOTOTOTO_TK-c2acf9.json
2026-09-19 17:29:37 | INFO     | OK https://skeb.jp/api/users/nrkw_illust
2026-09-19 17:29:37 | INFO     | Saving at a/skeb/nrkw_illust-bf5c85.json
2026-09-19 17:29:38 | INFO     | OK https://skeb.jp/api/users/sae_naiyatsu
2026-09-19 17:29:38 | INFO     | Saving at a/skeb/sae_naiyatsu-d203b0.json
2026-09-19 17:29:39 | INFO     | OK https://skeb.jp/api/users/SsrUyou9
2026-09-19 17:29:39 | INFO     | Saving at a/skeb/SsrUyou9-4c8d66.json
2026-09-19 17:29:40 | INFO     | OK https://skeb.jp/api/users/rtenwnds
2026-09-19 17:29:40 | INFO     | Saving at a/skeb/rtenwnds-ff5172.json
2026-09-19 17:29:41 | INFO     | OK https://skeb.jp/api/users/unienenen
2026-09-19 17:29:41 | INFO     | Saving at a/skeb/unienenen-d2df35.json
2026-09-19 17:29:42 | INFO     | OK https://skeb.jp/api/users/nene_tsuiron
2026-09-19 17:29:42 | INFO     | Saving at a/skeb/nene_tsuiron-1616b8.json
2026-09-19 17:29:43 | INFO     | OK https://skeb.jp/api/users/chu_hamuuu
2026-09-19 17:29:43 | INFO     | Saving at a/skeb/chu_hamuuu-cccd3b.json
2026-09-19 17:29:44 | INFO     | OK https://skeb.jp/api/users/PHIDAE_HYDRO
2026-09-19 17:29:44 | INFO     | Saving at a/skeb/PHIDAE_HYDRO-94a4a5.json
2026-09-19 17:29:45 | INFO     | OK https://skeb.jp/api/users/ABCmoris
2026-09-19 17:29:45 | INFO     | Saving at a/skeb/ABCmoris-df3a6e.json
2026-09-19 17:29:46 | INFO     | OK https://skeb.jp/api/users/karutosu_se
2026-09-19 17:29:46 | INFO     | Saving at a/skeb/karutosu_se-cf4778.json
2026-09-19 17:29:47 | INFO     | OK https://skeb.jp/api/users/0516_nikki
2026-09-19 17:29:47 | INFO     | Saving at a/skeb/0516_nikki-082c7a.json
2026-09-19 17:29:48 | INFO     | OK https://skeb.jp/api/users/91L4i
2026-09-19 17:29:48 | INFO     | Saving at a/skeb/91L4i-22e440.json
2026-09-19 17:29:49 | INFO     | OK https://skeb.jp/api/users/Sakehabera
2026-09-19 17:29:49 | INFO     | Saving at a/skeb/Sakehabera-2a5108.json
2026-09-19 17:29:50 | INFO     | OK https://skeb.jp/api/users/commushows
2026-09-19 17:29:50 | INFO     | Saving at a/skeb/commushows-1e3b17.json
2026-09-19 17:29:51 | INFO     | OK https://skeb.jp/api/users/MKMK_915
2026-09-19 17:29:51 | INFO     | Saving at a/skeb/MKMK_915-f57bec.json
2026-09-19 17:29:52 | INFO     | OK https://skeb.jp/api/users/sasasatotototo
2026-09-19 17:29:52 | INFO     | Saving at a/skeb/sasasatotototo-e22920.json
2026-09-19 17:29:53 | INFO     | OK https://skeb.jp/api/users/E_27910
2026-09-19 17:29:53 | INFO     | Saving at a/skeb/E_27910-22bb46.json
2026-09-19 17:29:54 | INFO     | OK https://skeb.jp/api/users/Mt_Tsuruta
2026-09-19 17:29:54 | INFO     | Saving at a/skeb/Mt_Tsuruta-916eac.json
2026-09-19 17:29:55 | INFO     | OK https://skeb.jp/api/users/hachi_0789
2026-09-19 17:29:55 | INFO     | Saving at a/skeb/hachi_0789-5486a8.json
2026-09-19 17:29:56 | INFO     | OK https://skeb.jp/api/users/suzuhohotaru
2026-09-19 17:29:56 | INFO     | Saving at a/skeb/suzuhohotaru-bf7da0.json
2026-09-19 17:29:57 | INFO     | OK https://skeb.jp/api/users/__Ntrc
2026-09-19 17:29:57 | INFO     | Saving at a/skeb/__Ntrc-2c8744.json
2026-09-19 17:29:58 | INFO     | OK https://skeb.jp/api/users/fuwa_on
2026-09-19 17:29:58 | INFO     | Saving at a/skeb/fuwa_on-ace983.json
2026-09-19 17:29:59 | INFO     | OK https://skeb.jp/api/users/abc0348
2026-09-19 17:29:59 | INFO     | Saving at a/skeb/abc0348-ca4b88.json
2026-09-19 17:30:00 | INFO     | OK https://skeb.jp/api/users/aikumofuwari
2026-09-19 17:30:00 | INFO     | Saving at a/skeb/aikumofuwari-b7cb47.json
2026-09-19 17:30:01 | INFO     | OK https://skeb.jp/api/users/e18541
2026-09-19 17:30:01 | INFO     | Saving at a/skeb/e18541-d32311.json
2026-09-19 17:30:02 | INFO     | OK https://skeb.jp/api/users/ippaipa
2026-09-19 17:30:02 | INFO     | Saving at a/skeb/ippaipa-290a59.json
2026-09-19 17:30:03 | INFO     | OK https://skeb.jp/api/users/stellar_way
2026-09-19 17:30:03 | INFO     | Saving at a/skeb/stellar_way-4d08c0.json
2026-09-19 17:30:04 | INFO     | OK https://skeb.jp/api/users/Yaku_shiba1214
2026-09-19 17:30:04 | INFO     | Saving at a/skeb/Yaku_shiba1214-271750.json
2026-09-19 17:30:05 | INFO     | OK https://skeb.jp/api/users/batttsu_404
2026-09-19 17:30:05 | INFO     | Saving at a/skeb/batttsu_404-5b2069.json
2026-09-19 17:30:06 | INFO     | OK https://skeb.jp/api/users/TR_002_TR
2026-09-19 17:30:06 | INFO     | Saving at a/skeb/TR_002_TR-3f6ebc.json
2026-09-19 17:30:07 | INFO     | OK https://skeb.jp/api/users/hgnbn09nosabu
2026-09-19 17:30:07 | INFO     | Saving at a/skeb/hgnbn09nosabu-c30543.json
2026-09-19 17:30:08 | INFO     | OK https://skeb.jp/api/users/EbiMaYo595
2026-09-19 17:30:08 | INFO     | Saving at a/skeb/EbiMaYo595-c88754.json
2026-09-19 17:30:09 | INFO     | OK https://skeb.jp/api/users/himeyamayuri
2026-09-19 17:30:09 | INFO     | Saving at a/skeb/himeyamayuri-709aec.json
2026-09-19 17:30:10 | INFO     | OK https://skeb.jp/api/users/shimipan
2026-09-19 17:30:10 | INFO     | Saving at a/skeb/shimipan-6bffec.json
2026-09-19 17:30:11 | INFO     | OK https://skeb.jp/api/users/tomoyamaru
2026-09-19 17:30:11 | INFO     | Saving at a/skeb/tomoyamaru-e20f47.json
2026-09-19 17:30:12 | INFO     | OK https://skeb.jp/api/users/lightgamein
2026-09-19 17:30:12 | INFO     | Saving at a/skeb/lightgamein-06a743.json
2026-09-19 17:30:13 | INFO     | OK https://skeb.jp/api/users/suikaoishisugi
2026-09-19 17:30:13 | INFO     | Saving at a/skeb/suikaoishisugi-56d148.json
2026-09-19 17:30:14 | INFO     | OK https://skeb.jp/api/users/arpeggio_kaga
2026-09-19 17:30:14 | INFO     | Saving at a/skeb/arpeggio_kaga-7cf5cd.json
2026-09-19 17:30:15 | INFO     | OK https://skeb.jp/api/users/kasanecoo
2026-09-19 17:30:15 | INFO     | Saving at a/skeb/kasanecoo-a86a73.json
2026-09-19 17:30:16 | INFO     | OK https://skeb.jp/api/users/simanokoB
2026-09-19 17:30:16 | INFO     | Saving at a/skeb/simanokoB-977cb7.json
2026-09-19 17:30:17 | INFO     | OK https://skeb.jp/api/users/yutora_tekui123
2026-09-19 17:30:17 | INFO     | Saving at a/skeb/yutora_tekui123-ad861f.json
2026-09-19 17:30:18 | INFO     | OK https://skeb.jp/api/users/grgrton
2026-09-19 17:30:18 | INFO     | Saving at a/skeb/grgrton-533673.json
2026-09-19 17:30:19 | INFO     | OK https://skeb.jp/api/users/halufiysuperstar
2026-09-19 17:30:19 | INFO     | Saving at a/skeb/halufiysuperstar-6f2990.json
2026-09-19 17:30:20 | INFO     | OK https://skeb.jp/api/users/nemu_omi
2026-09-19 17:30:20 | INFO     | Saving at a/skeb/nemu_omi-17284f.json
2026-09-19 17:30:21 | INFO     | OK https://skeb.jp/api/users/co6_3g
2026-09-19 17:30:21 | INFO     | Saving at a/skeb/co6_3g-8b7336.json
2026-09-19 17:30:22 | INFO     | OK https://skeb.jp/api/users/hyaku_okomu
2026-09-19 17:30:22 | INFO     | Saving at a/skeb/hyaku_okomu-bd6bd9.json
2026-09-19 17:30:23 | INFO     | OK https://skeb.jp/api/users/Lc72W
2026-09-19 17:30:23 | INFO     | Saving at a/skeb/Lc72W-bc9312.json
2026-09-19 17:30:24 | INFO     | OK https://skeb.jp/api/users/menmenmennma
2026-09-19 17:30:24 | INFO     | Saving at a/skeb/menmenmennma-feb945.json
2026-09-19 17:30:25 | INFO     | OK https://skeb.jp/api/users/strangepop
2026-09-19 17:30:25 | INFO     | Saving at a/skeb/strangepop-d14f0f.json
2026-09-19 17:30:26 | INFO     | OK https://skeb.jp/api/users/snd_kmc
2026-09-19 17:30:26 | INFO     | Saving at a/skeb/snd_kmc-ec8e3e.json
2026-09-19 17:30:27 | INFO     | OK https://skeb.jp/api/users/yxulxse
2026-09-19 17:30:27 | INFO     | Saving at a/skeb/yxulxse-b36a28.json
2026-09-19 17:30:28 | INFO     | OK https://skeb.jp/api/users/sodeviiiiiimu
2026-09-19 17:30:28 | INFO     | Saving at a/skeb/sodeviiiiiimu-257205.json
2026-09-19 17:30:29 | INFO     | OK https://skeb.jp/api/users/azami039
2026-09-19 17:30:29 | INFO     | Saving at a/skeb/azami039-6f231e.json
2026-09-19 17:30:30 | INFO     | OK https://skeb.jp/api/users/taruto_um17
2026-09-19 17:30:30 | INFO     | Saving at a/skeb/taruto_um17-28ea4c.json
2026-09-19 17:30:31 | INFO     | OK https://skeb.jp/api/users/Luca_dreamy000
2026-09-19 17:30:31 | INFO     | Saving at a/skeb/Luca_dreamy000-b24ddd.json
2026-09-19 17:30:32 | INFO     | OK https://skeb.jp/api/users/mina10_pnpn
2026-09-19 17:30:32 | INFO     | Saving at a/skeb/mina10_pnpn-2170d1.json
2026-09-19 17:30:33 | INFO     | OK https://skeb.jp/api/users/pkchanonline
2026-09-19 17:30:33 | INFO     | Saving at a/skeb/pkchanonline-923c27.json
2026-09-19 17:30:34 | INFO     | OK https://skeb.jp/api/users/daidaihuku_sub
2026-09-19 17:30:34 | INFO     | Saving at a/skeb/daidaihuku_sub-d1f6a3.json
2026-09-19 17:30:35 | INFO     | OK https://skeb.jp/api/users/ec5_j7
2026-09-19 17:30:35 | INFO     | Saving at a/skeb/ec5_j7-ce3518.json
2026-09-19 17:30:36 | INFO     | OK https://skeb.jp/api/users/sirokuro0212
2026-09-19 17:30:36 | INFO     | Saving at a/skeb/sirokuro0212-a1f5a8.json
2026-09-19 17:30:37 | INFO     | OK https://skeb.jp/api/users/subnoei
2026-09-19 17:30:37 | INFO     | Saving at a/skeb/subnoei-9abcd5.json
2026-09-19 17:30:38 | INFO     | OK https://skeb.jp/api/users/momimomi258
2026-09-19 17:30:38 | INFO     | Saving at a/skeb/momimomi258-f3e6c8.json
2026-09-19 17:30:39 | INFO     | OK https://skeb.jp/api/users/meeeeeeco
2026-09-19 17:30:39 | INFO     | Saving at a/skeb/meeeeeeco-4dc9f5.json
2026-09-19 17:30:40 | INFO     | OK https://skeb.jp/api/users/rkgkllow
2026-09-19 17:30:40 | INFO     | Saving at a/skeb/rkgkllow-611515.json
2026-09-19 17:30:41 | INFO     | OK https://skeb.jp/api/users/kurumi_alto
2026-09-19 17:30:41 | INFO     | Saving at a/skeb/kurumi_alto-d00f38.json
2026-09-19 17:30:42 | INFO     | OK https://skeb.jp/api/users/megumin_pwpr
2026-09-19 17:30:42 | INFO     | Saving at a/skeb/megumin_pwpr-8b12f5.json
2026-09-19 17:30:43 | INFO     | OK https://skeb.jp/api/users/4ta1ODbI1u53789
2026-09-19 17:30:43 | INFO     | Saving at a/skeb/4ta1ODbI1u53789-568d2d.json
2026-09-19 17:30:44 | INFO     | OK https://skeb.jp/api/users/takami5go
2026-09-19 17:30:44 | INFO     | Saving at a/skeb/takami5go-145ca1.json
2026-09-19 17:30:45 | INFO     | OK https://skeb.jp/api/users/HidingImmortal
2026-09-19 17:30:45 | INFO     | Saving at a/skeb/HidingImmortal-58e427.json
2026-09-19 17:30:46 | INFO     | OK https://skeb.jp/api/users/cocco1192
2026-09-19 17:30:46 | INFO     | Saving at a/skeb/cocco1192-42f5ff.json
2026-09-19 17:30:47 | INFO     | OK https://skeb.jp/api/users/kurotora03
2026-09-19 17:30:47 | INFO     | Saving at a/skeb/kurotora03-9a3d39.json
2026-09-19 17:30:48 | INFO     | OK https://skeb.jp/api/users/tougean
2026-09-19 17:30:48 | INFO     | Saving at a/skeb/tougean-ea048e.json
2026-09-19 17:30:49 | INFO     | OK https://skeb.jp/api/users/condotakeshi2
2026-09-19 17:30:49 | INFO     | Saving at a/skeb/condotakeshi2-9ee8d2.json
2026-09-19 17:30:50 | INFO     | OK https://skeb.jp/api/users/sirokohi
2026-09-19 17:30:50 | INFO     | Saving at a/skeb/sirokohi-951393.json
2026-09-19 17:30:51 | INFO     | OK https://skeb.jp/api/users/naadearimasuru
2026-09-19 17:30:51 | INFO     | Saving at a/skeb/naadearimasuru-2cea64.json
2026-09-19 17:30:52 | INFO     | OK https://skeb.jp/api/users/TaranekoMiso
2026-09-19 17:30:52 | INFO     | Saving at a/skeb/TaranekoMiso-4f0ff3.json
2026-09-19 17:30:53 | INFO     | OK https://skeb.jp/api/users/graper0220
2026-09-19 17:30:53 | INFO     | Saving at a/skeb/graper0220-ea63a3.json
2026-09-19 17:30:54 | INFO     | OK https://skeb.jp/api/users/nezumi_trpg
2026-09-19 17:30:54 | INFO     | Saving at a/skeb/nezumi_trpg-208900.json
2026-09-19 17:30:55 | INFO     | OK https://skeb.jp/api/users/marumetu100
2026-09-19 17:30:55 | INFO     | Saving at a/skeb/marumetu100-0517f4.json
2026-09-19 17:30:56 | INFO     | OK https://skeb.jp/api/users/96kawashu
2026-09-19 17:30:56 | INFO     | Saving at a/skeb/96kawashu-65c4d0.json
2026-09-19 17:30:57 | INFO     | OK https://skeb.jp/api/users/kuraunteitoku
2026-09-19 17:30:57 | INFO     | Saving at a/skeb/kuraunteitoku-afc469.json
2026-09-19 17:30:58 | INFO     | OK https://skeb.jp/api/users/iaia_58
2026-09-19 17:30:58 | INFO     | Saving at a/skeb/iaia_58-af355a.json
2026-09-19 17:30:59 | INFO     | OK https://skeb.jp/api/users/sekhr0w0
2026-09-19 17:30:59 | INFO     | Saving at a/skeb/sekhr0w0-97506c.json
2026-09-19 17:31:00 | INFO     | OK https://skeb.jp/api/users/LPclzz
2026-09-19 17:31:00 | INFO     | Saving at a/skeb/LPclzz-1ba81a.json
2026-09-19 17:31:01 | INFO     | OK https://skeb.jp/api/users/terisa52853
2026-09-19 17:31:01 | INFO     | Saving at a/skeb/terisa52853-feb8d1.json
2026-09-19 17:31:02 | INFO     | OK https://skeb.jp/api/users/kemono250106
2026-09-19 17:31:02 | INFO     | Saving at a/skeb/kemono250106-e83c2c.json
2026-09-19 17:31:03 | INFO     | OK https://skeb.jp/api/users/kinomotokinou
2026-09-19 17:31:03 | INFO     | Saving at a/skeb/kinomotokinou-475e93.json
2026-09-19 17:31:04 | INFO     | OK https://skeb.jp/api/users/koshimakitokage
2026-09-19 17:31:04 | INFO     | Saving at a/skeb/koshimakitokage-6dcd32.json
2026-09-19 17:31:05 | INFO     | OK https://skeb.jp/api/users/yugi_yuuki
2026-09-19 17:31:05 | INFO     | Saving at a/skeb/yugi_yuuki-0c1e78.json
2026-09-19 17:31:06 | INFO     | OK https://skeb.jp/api/users/hr_ccr
2026-09-19 17:31:06 | INFO     | Saving at a/skeb/hr_ccr-d7d7ac.json
2026-09-19 17:31:07 | INFO     | OK https://skeb.jp/api/users/onakasamui
2026-09-19 17:31:07 | INFO     | Saving at a/skeb/onakasamui-3fceab.json
2026-09-19 17:31:08 | INFO     | OK https://skeb.jp/api/users/suimizG
2026-09-19 17:31:08 | INFO     | Saving at a/skeb/suimizG-2beb3c.json
2026-09-19 17:31:09 | INFO     | OK https://skeb.jp/api/users/zan_nekku
2026-09-19 17:31:09 | INFO     | Saving at a/skeb/zan_nekku-690189.json
2026-09-19 17:31:10 | INFO     | OK https://skeb.jp/api/users/68ta_2
2026-09-19 17:31:10 | INFO     | Saving at a/skeb/68ta_2-4d79a5.json
2026-09-19 17:31:11 | INFO     | OK https://skeb.jp/api/users/gashu_s_
2026-09-19 17:31:11 | INFO     | Saving at a/skeb/gashu_s_-49ecc2.json
2026-09-19 17:31:12 | INFO     | OK https://skeb.jp/api/users/Takumi_ha_DX
2026-09-19 17:31:12 | INFO     | Saving at a/skeb/Takumi_ha_DX-a218fb.json
2026-09-19 17:31:13 | INFO     | OK https://skeb.jp/api/users/riliy_riliy
2026-09-19 17:31:13 | INFO     | Saving at a/skeb/riliy_riliy-8df721.json
2026-09-19 17:31:14 | INFO     | OK https://skeb.jp/api/users/pom_de_hamster
2026-09-19 17:31:14 | INFO     | Saving at a/skeb/pom_de_hamster-aafc60.json
2026-09-19 17:31:15 | INFO     | OK https://skeb.jp/api/users/bokenasu_11
2026-09-19 17:31:15 | INFO     | Saving at a/skeb/bokenasu_11-19df45.json
2026-09-19 17:31:16 | INFO     | OK https://skeb.jp/api/users/q9rrhi
2026-09-19 17:31:16 | INFO     | Saving at a/skeb/q9rrhi-09ecad.json
2026-09-19 17:31:17 | INFO     | OK https://skeb.jp/api/users/yamimiya4
2026-09-19 17:31:17 | INFO     | Saving at a/skeb/yamimiya4-dda13c.json
2026-09-19 17:31:18 | INFO     | OK https://skeb.jp/api/users/createplus_02
2026-09-19 17:31:18 | INFO     | Saving at a/skeb/createplus_02-b05525.json
2026-09-19 17:31:19 | INFO     | OK https://skeb.jp/api/users/MinazukiAmayo
2026-09-19 17:31:19 | INFO     | Saving at a/skeb/MinazukiAmayo-9b8a7a.json
2026-09-19 17:31:20 | INFO     | OK https://skeb.jp/api/users/Astala_AUC
2026-09-19 17:31:20 | INFO     | Saving at a/skeb/Astala_AUC-5e9343.json
2026-09-19 17:31:21 | INFO     | OK https://skeb.jp/api/users/ohe_mang
2026-09-19 17:31:21 | INFO     | Saving at a/skeb/ohe_mang-b7458f.json
2026-09-19 17:31:22 | INFO     | OK https://skeb.jp/api/users/sessa_wm
2026-09-19 17:31:22 | INFO     | Saving at a/skeb/sessa_wm-7403be.json
2026-09-19 17:31:23 | INFO     | OK https://skeb.jp/api/users/ninjin_x1
2026-09-19 17:31:23 | INFO     | Saving at a/skeb/ninjin_x1-0b9707.json
2026-09-19 17:31:24 | INFO     | OK https://skeb.jp/api/users/3l_n8b1g1_z
2026-09-19 17:31:24 | INFO     | Saving at a/skeb/3l_n8b1g1_z-cba316.json
2026-09-19 17:31:25 | INFO     | OK https://skeb.jp/api/users/myaji_maki
2026-09-19 17:31:25 | INFO     | Saving at a/skeb/myaji_maki-075cf6.json
2026-09-19 17:31:26 | INFO     | OK https://skeb.jp/api/users/simatten0131
2026-09-19 17:31:26 | INFO     | Saving at a/skeb/simatten0131-7dff20.json
2026-09-19 17:31:27 | INFO     | OK https://skeb.jp/api/users/chi17_chan
2026-09-19 17:31:27 | INFO     | Saving at a/skeb/chi17_chan-c20964.json
2026-09-19 17:31:28 | INFO     | OK https://skeb.jp/api/users/umeckiti2
2026-09-19 17:31:28 | INFO     | Saving at a/skeb/umeckiti2-060dce.json
2026-09-19 17:31:29 | INFO     | OK https://skeb.jp/api/users/pchandayo_
2026-09-19 17:31:29 | INFO     | Saving at a/skeb/pchandayo_-f8a24c.json
2026-09-19 17:31:30 | INFO     | OK https://skeb.jp/api/users/ronousa_jyagaimo
2026-09-19 17:31:30 | INFO     | Saving at a/skeb/ronousa_jyagaimo-72cc42.json
2026-09-19 17:31:31 | INFO     | OK https://skeb.jp/api/users/Okkinatintin_O
2026-09-19 17:31:31 | INFO     | Saving at a/skeb/Okkinatintin_O-b9f189.json
2026-09-19 17:31:32 | INFO     | OK https://skeb.jp/api/users/uziegishi6462
2026-09-19 17:31:32 | INFO     | Saving at a/skeb/uziegishi6462-ad8782.json
2026-09-19 17:31:33 | INFO     | OK https://skeb.jp/api/users/homarenyo2
2026-09-19 17:31:33 | INFO     | Saving at a/skeb/homarenyo2-035ead.json
2026-09-19 17:31:34 | INFO     | OK https://skeb.jp/api/users/thanks_haikyu
2026-09-19 17:31:34 | INFO     | Saving at a/skeb/thanks_haikyu-9feeeb.json
2026-09-19 17:31:35 | INFO     | OK https://skeb.jp/api/users/kisasageDrawing
2026-09-19 17:31:35 | INFO     | Saving at a/skeb/kisasageDrawing-a64217.json
2026-09-19 17:31:36 | INFO     | OK https://skeb.jp/api/users/rissenka
2026-09-19 17:31:36 | INFO     | Saving at a/skeb/rissenka-be7cd4.json
2026-09-19 17:31:37 | INFO     | OK https://skeb.jp/api/users/FurryDolly810
2026-09-19 17:31:37 | INFO     | Saving at a/skeb/FurryDolly810-3580fc.json
2026-09-19 17:31:38 | INFO     | OK https://skeb.jp/api/users/ACID_C_O
2026-09-19 17:31:38 | INFO     | Saving at a/skeb/ACID_C_O-b87e3f.json
2026-09-19 17:31:39 | INFO     | OK https://skeb.jp/api/users/mugino_haru_00
2026-09-19 17:31:39 | INFO     | Saving at a/skeb/mugino_haru_00-e9ee52.json
2026-09-19 17:31:40 | INFO     | OK https://skeb.jp/api/users/DenMasked
2026-09-19 17:31:40 | INFO     | Saving at a/skeb/DenMasked-920a67.json
2026-09-19 17:31:41 | INFO     | OK https://skeb.jp/api/users/Sio_Musubi101
2026-09-19 17:31:41 | INFO     | Saving at a/skeb/Sio_Musubi101-a83757.json
2026-09-19 17:31:42 | INFO     | OK https://skeb.jp/api/users/suro113
2026-09-19 17:31:42 | INFO     | Saving at a/skeb/suro113-061c76.json
2026-09-19 17:31:43 | INFO     | OK https://skeb.jp/api/users/mine_2434
2026-09-19 17:31:43 | INFO     | Saving at a/skeb/mine_2434-ed4af2.json
2026-09-19 17:31:44 | INFO     | OK https://skeb.jp/api/users/fooyutaRE
2026-09-19 17:31:44 | INFO     | Saving at a/skeb/fooyutaRE-0e57ea.json
2026-09-19 17:31:45 | INFO     | OK https://skeb.jp/api/users/mizumi3
2026-09-19 17:31:45 | INFO     | Saving at a/skeb/mizumi3-f7028e.json
2026-09-19 17:31:46 | INFO     | OK https://skeb.jp/api/users/UmihaHiroinaOKN
2026-09-19 17:31:46 | INFO     | Saving at a/skeb/UmihaHiroinaOKN-4cd558.json
2026-09-19 17:31:47 | INFO     | OK https://skeb.jp/api/users/lovelive_ritaso
2026-09-19 17:31:47 | INFO     | Saving at a/skeb/lovelive_ritaso-60d1c0.json
2026-09-19 17:31:48 | INFO     | OK https://skeb.jp/api/users/MonteMasa
2026-09-19 17:31:48 | INFO     | Saving at a/skeb/MonteMasa-b2e46f.json
2026-09-19 17:31:49 | INFO     | OK https://skeb.jp/api/users/tomo_ajino
2026-09-19 17:31:49 | INFO     | Saving at a/skeb/tomo_ajino-2b33cb.json
2026-09-19 17:31:50 | INFO     | OK https://skeb.jp/api/users/cho580872171943
2026-09-19 17:31:50 | INFO     | Saving at a/skeb/cho580872171943-13dbd0.json
2026-09-19 17:31:51 | INFO     | OK https://skeb.jp/api/users/Lv13
2026-09-19 17:31:51 | INFO     | Saving at a/skeb/Lv13-9cdf9e.json
2026-09-19 17:31:52 | INFO     | OK https://skeb.jp/api/users/momi_yuro
2026-09-19 17:31:52 | INFO     | Saving at a/skeb/momi_yuro-bad385.json
2026-09-19 17:31:53 | INFO     | OK https://skeb.jp/api/users/Yneet8282
2026-09-19 17:31:53 | INFO     | Saving at a/skeb/Yneet8282-d81c3b.json
2026-09-19 17:31:54 | INFO     | OK https://skeb.jp/api/users/st3llaaaaaaaaa_
2026-09-19 17:31:54 | INFO     | Saving at a/skeb/st3llaaaaaaaaa_-a87e95.json
2026-09-19 17:31:55 | INFO     | OK https://skeb.jp/api/users/8oyasan
2026-09-19 17:31:55 | INFO     | Saving at a/skeb/8oyasan-fa7290.json
2026-09-19 17:31:56 | INFO     | OK https://skeb.jp/api/users/BigBear20240827
2026-09-19 17:31:56 | INFO     | Saving at a/skeb/BigBear20240827-78bff1.json
2026-09-19 17:31:57 | INFO     | OK https://skeb.jp/api/users/siinaP_game
2026-09-19 17:31:57 | INFO     | Saving at a/skeb/siinaP_game-77456e.json
2026-09-19 17:31:58 | INFO     | OK https://skeb.jp/api/users/hizi_ki04
2026-09-19 17:31:58 | INFO     | Saving at a/skeb/hizi_ki04-b7ce1f.json
2026-09-19 17:31:59 | INFO     | OK https://skeb.jp/api/users/dontbel_s
2026-09-19 17:31:59 | INFO     | Saving at a/skeb/dontbel_s-e42f90.json
2026-09-19 17:32:00 | INFO     | OK https://skeb.jp/api/users/03fArLWzfAd5w68
2026-09-19 17:32:00 | INFO     | Saving at a/skeb/03fArLWzfAd5w68-9e95bf.json
2026-09-19 17:32:01 | INFO     | OK https://skeb.jp/api/users/ag16_
2026-09-19 17:32:01 | INFO     | Saving at a/skeb/ag16_-701e3f.json
2026-09-19 17:32:02 | INFO     | OK https://skeb.jp/api/users/snkk_g
2026-09-19 17:32:02 | INFO     | Saving at a/skeb/snkk_g-d39a7d.json
2026-09-19 17:32:03 | INFO     | OK https://skeb.jp/api/users/Hrtl_Season2
2026-09-19 17:32:03 | INFO     | Saving at a/skeb/Hrtl_Season2-072122.json
2026-09-19 17:32:04 | INFO     | OK https://skeb.jp/api/users/ChosChos_315
2026-09-19 17:32:04 | INFO     | Saving at a/skeb/ChosChos_315-efd2a3.json
2026-09-19 17:32:05 | INFO     | OK https://skeb.jp/api/users/kouchis
2026-09-19 17:32:05 | INFO     | Saving at a/skeb/kouchis-17c224.json
2026-09-19 17:32:06 | INFO     | OK https://skeb.jp/api/users/nunske_desu
2026-09-19 17:32:06 | INFO     | Saving at a/skeb/nunske_desu-01afb0.json
2026-09-19 17:32:07 | INFO     | OK https://skeb.jp/api/users/yuuuuuara2525
2026-09-19 17:32:07 | INFO     | Saving at a/skeb/yuuuuuara2525-6ed095.json
2026-09-19 17:32:08 | INFO     | OK https://skeb.jp/api/users/_PECOROOM2_
2026-09-19 17:32:08 | INFO     | Saving at a/skeb/_PECOROOM2_-e8950e.json
2026-09-19 17:32:09 | INFO     | OK https://skeb.jp/api/users/szsz_mmtto
2026-09-19 17:32:09 | INFO     | Saving at a/skeb/szsz_mmtto-f92f62.json
2026-09-19 17:32:10 | INFO     | OK https://skeb.jp/api/users/nyomonyomri
2026-09-19 17:32:10 | INFO     | Saving at a/skeb/nyomonyomri-8258d7.json
2026-09-19 17:32:11 | INFO     | OK https://skeb.jp/api/users/hanada_trpg
2026-09-19 17:32:11 | INFO     | Saving at a/skeb/hanada_trpg-d8f41b.json
2026-09-19 17:32:12 | INFO     | OK https://skeb.jp/api/users/72_meru
2026-09-19 17:32:12 | INFO     | Saving at a/skeb/72_meru-f2d474.json
2026-09-19 17:32:13 | INFO     | OK https://skeb.jp/api/users/uni45158
2026-09-19 17:32:13 | INFO     | Saving at a/skeb/uni45158-a40f49.json
2026-09-19 17:32:14 | INFO     | OK https://skeb.jp/api/users/Niko_andou
2026-09-19 17:32:14 | INFO     | Saving at a/skeb/Niko_andou-cd51be.json
2026-09-19 17:32:15 | INFO     | OK https://skeb.jp/api/users/Maruchangmang
2026-09-19 17:32:15 | INFO     | Saving at a/skeb/Maruchangmang-c4a54f.json
2026-09-19 17:32:16 | INFO     | OK https://skeb.jp/api/users/nemonadine
2026-09-19 17:32:16 | INFO     | Saving at a/skeb/nemonadine-dd2164.json
2026-09-19 17:32:17 | INFO     | OK https://skeb.jp/api/users/ayame0802
2026-09-19 17:32:17 | INFO     | Saving at a/skeb/ayame0802-0ade33.json
2026-09-19 17:32:18 | INFO     | OK https://skeb.jp/api/users/ageha_asg
2026-09-19 17:32:18 | INFO     | Saving at a/skeb/ageha_asg-05ba0d.json
2026-09-19 17:32:19 | INFO     | OK https://skeb.jp/api/users/tantaka00
2026-09-19 17:32:19 | INFO     | Saving at a/skeb/tantaka00-4457b2.json
2026-09-19 17:32:20 | INFO     | OK https://skeb.jp/api/users/ao_191229
2026-09-19 17:32:20 | INFO     | Saving at a/skeb/ao_191229-aaf69d.json
2026-09-19 17:32:21 | INFO     | OK https://skeb.jp/api/users/misoperopero
2026-09-19 17:32:21 | INFO     | Saving at a/skeb/misoperopero-75df33.json
2026-09-19 17:32:22 | INFO     | OK https://skeb.jp/api/users/wot_Haru_Amu
2026-09-19 17:32:22 | INFO     | Saving at a/skeb/wot_Haru_Amu-f0e86e.json
2026-09-19 17:32:23 | INFO     | OK https://skeb.jp/api/users/chajo1225
2026-09-19 17:32:23 | INFO     | Saving at a/skeb/chajo1225-8b87d4.json
2026-09-19 17:32:24 | INFO     | OK https://skeb.jp/api/users/_Lamperuge
2026-09-19 17:32:24 | INFO     | Saving at a/skeb/_Lamperuge-a30651.json
2026-09-19 17:32:25 | INFO     | OK https://skeb.jp/api/users/UC91776165
2026-09-19 17:32:25 | INFO     | Saving at a/skeb/UC91776165-adf9e5.json
2026-09-19 17:32:26 | INFO     | OK https://skeb.jp/api/users/motoiwork
2026-09-19 17:32:26 | INFO     | Saving at a/skeb/motoiwork-95861c.json
2026-09-19 17:32:27 | INFO     | OK https://skeb.jp/api/users/mahiro_01_10
2026-09-19 17:32:27 | INFO     | Saving at a/skeb/mahiro_01_10-7c3b74.json
2026-09-19 17:32:28 | INFO     | OK https://skeb.jp/api/users/kazunoko600
2026-09-19 17:32:28 | INFO     | Saving at a/skeb/kazunoko600-e776ec.json
2026-09-19 17:32:29 | INFO     | OK https://skeb.jp/api/users/a_ma_ilst
2026-09-19 17:32:29 | INFO     | Saving at a/skeb/a_ma_ilst-34270b.json
2026-09-19 17:32:30 | INFO     | OK https://skeb.jp/api/users/chocomin_0310
2026-09-19 17:32:30 | INFO     | Saving at a/skeb/chocomin_0310-0d17b8.json
2026-09-19 17:32:31 | INFO     | OK https://skeb.jp/api/users/Potato2xyz
2026-09-19 17:32:31 | INFO     | Saving at a/skeb/Potato2xyz-51058c.json
2026-09-19 17:32:32 | INFO     | OK https://skeb.jp/api/users/hanomoge
2026-09-19 17:32:32 | INFO     | Saving at a/skeb/hanomoge-81535c.json
2026-09-19 17:32:33 | INFO     | OK https://skeb.jp/api/users/prsk_nene
2026-09-19 17:32:33 | INFO     | Saving at a/skeb/prsk_nene-8191f7.json
2026-09-19 17:32:34 | INFO     | OK https://skeb.jp/api/users/Ominaesi0204
2026-09-19 17:32:34 | INFO     | Saving at a/skeb/Ominaesi0204-d18dae.json
2026-09-19 17:32:35 | INFO     | OK https://skeb.jp/api/users/gumi0gumi
2026-09-19 17:32:35 | INFO     | Saving at a/skeb/gumi0gumi-6216a7.json
2026-09-19 17:32:36 | INFO     | OK https://skeb.jp/api/users/chibineco_m
2026-09-19 17:32:36 | INFO     | Saving at a/skeb/chibineco_m-b3e145.json
2026-09-19 17:32:37 | INFO     | OK https://skeb.jp/api/users/Kurone_Nekoriri
2026-09-19 17:32:37 | INFO     | Saving at a/skeb/Kurone_Nekoriri-c82752.json
2026-09-19 17:32:38 | INFO     | OK https://skeb.jp/api/users/Kuu_Loistaa
2026-09-19 17:32:38 | INFO     | Saving at a/skeb/Kuu_Loistaa-3b5098.json
2026-09-19 17:32:39 | INFO     | OK https://skeb.jp/api/users/nikudnk_trpg
2026-09-19 17:32:39 | INFO     | Saving at a/skeb/nikudnk_trpg-fbc35b.json
2026-09-19 17:32:40 | INFO     | OK https://skeb.jp/api/users/yubikoyu
2026-09-19 17:32:40 | INFO     | Saving at a/skeb/yubikoyu-f2a855.json
2026-09-19 17:32:41 | INFO     | OK https://skeb.jp/api/users/SignalViolet
2026-09-19 17:32:41 | INFO     | Saving at a/skeb/SignalViolet-0ac1f3.json
2026-09-19 17:32:42 | INFO     | OK https://skeb.jp/api/users/motiCHIKUWA
2026-09-19 17:32:42 | INFO     | Saving at a/skeb/motiCHIKUWA-9118a8.json
2026-09-19 17:32:43 | INFO     | OK https://skeb.jp/api/users/gekishiro1
2026-09-19 17:32:43 | INFO     | Saving at a/skeb/gekishiro1-011aa2.json
2026-09-19 17:32:44 | INFO     | OK https://skeb.jp/api/users/medamayaki_trpg
2026-09-19 17:32:44 | INFO     | Saving at a/skeb/medamayaki_trpg-caff72.json
2026-09-19 17:32:45 | INFO     | OK https://skeb.jp/api/users/skbkanif
2026-09-19 17:32:45 | INFO     | Saving at a/skeb/skbkanif-07a316.json
2026-09-19 17:32:46 | INFO     | OK https://skeb.jp/api/users/47haruka
2026-09-19 17:32:46 | INFO     | Saving at a/skeb/47haruka-2cefb4.json
2026-09-19 17:32:47 | INFO     | OK https://skeb.jp/api/users/dd6_16
2026-09-19 17:32:47 | INFO     | Saving at a/skeb/dd6_16-c4e3ae.json
2026-09-19 17:32:48 | INFO     | OK https://skeb.jp/api/users/peppermint_jet
2026-09-19 17:32:48 | INFO     | Saving at a/skeb/peppermint_jet-e7a685.json
2026-09-19 17:32:49 | INFO     | OK https://skeb.jp/api/users/KNCY_4
2026-09-19 17:32:49 | INFO     | Saving at a/skeb/KNCY_4-39d9d9.json
2026-09-19 17:32:50 | INFO     | OK https://skeb.jp/api/users/Cv9Lz
2026-09-19 17:32:50 | INFO     | Saving at a/skeb/Cv9Lz-11d5ef.json
2026-09-19 17:32:51 | INFO     | OK https://skeb.jp/api/users/habame_ao
2026-09-19 17:32:51 | INFO     | Saving at a/skeb/habame_ao-1bb118.json
2026-09-19 17:32:52 | INFO     | OK https://skeb.jp/api/users/139_cheri
2026-09-19 17:32:52 | INFO     | Saving at a/skeb/139_cheri-0e2705.json
2026-09-19 17:32:53 | INFO     | OK https://skeb.jp/api/users/sankakuma_ku
2026-09-19 17:32:53 | INFO     | Saving at a/skeb/sankakuma_ku-19885b.json
2026-09-19 17:32:54 | INFO     | OK https://skeb.jp/api/users/yumejidake_
2026-09-19 17:32:54 | INFO     | Saving at a/skeb/yumejidake_-fd6ca5.json
2026-09-19 17:32:55 | INFO     | OK https://skeb.jp/api/users/gamibueeee
2026-09-19 17:32:55 | INFO     | Saving at a/skeb/gamibueeee-757200.json
2026-09-19 17:32:56 | INFO     | OK https://skeb.jp/api/users/kamina2027
2026-09-19 17:32:56 | INFO     | Saving at a/skeb/kamina2027-8891a2.json
2026-09-19 17:32:57 | INFO     | OK https://skeb.jp/api/users/aft69e
2026-09-19 17:32:57 | INFO     | Saving at a/skeb/aft69e-8624ae.json
2026-09-19 17:32:58 | INFO     | OK https://skeb.jp/api/users/kagami1999
2026-09-19 17:32:58 | INFO     | Saving at a/skeb/kagami1999-4b6f8d.json
2026-09-19 17:32:59 | INFO     | OK https://skeb.jp/api/users/WLhYA81jJg
2026-09-19 17:32:59 | INFO     | Saving at a/skeb/WLhYA81jJg-4860b3.json
2026-09-19 17:33:00 | INFO     | OK https://skeb.jp/api/users/IiIiikmn
2026-09-19 17:33:00 | INFO     | Saving at a/skeb/IiIiikmn-c14204.json
2026-09-19 17:33:01 | INFO     | OK https://skeb.jp/api/users/htnnm_2
2026-09-19 17:33:01 | INFO     | Saving at a/skeb/htnnm_2-58e147.json
2026-09-19 17:33:02 | INFO     | OK https://skeb.jp/api/users/ismrRRR
2026-09-19 17:33:02 | INFO     | Saving at a/skeb/ismrRRR-25ef4c.json
2026-09-19 17:33:03 | INFO     | OK https://skeb.jp/api/users/kabesasu
2026-09-19 17:33:03 | INFO     | Saving at a/skeb/kabesasu-58f062.json
2026-09-19 17:33:04 | INFO     | OK https://skeb.jp/api/users/kuum_paretto
2026-09-19 17:33:04 | INFO     | Saving at a/skeb/kuum_paretto-511b08.json
2026-09-19 17:33:05 | INFO     | OK https://skeb.jp/api/users/mayoi_zzz
2026-09-19 17:33:05 | INFO     | Saving at a/skeb/mayoi_zzz-ce6b07.json
2026-09-19 17:33:06 | INFO     | OK https://skeb.jp/api/users/CureShogo
2026-09-19 17:33:06 | INFO     | Saving at a/skeb/CureShogo-62e311.json
2026-09-19 17:33:07 | INFO     | OK https://skeb.jp/api/users/kanemitsu411
2026-09-19 17:33:07 | INFO     | Saving at a/skeb/kanemitsu411-a1b25c.json
2026-09-19 17:33:08 | INFO     | OK https://skeb.jp/api/users/izuminanase
2026-09-19 17:33:08 | INFO     | Saving at a/skeb/izuminanase-80a09a.json
2026-09-19 17:33:09 | INFO     | OK https://skeb.jp/api/users/tamagpeople
2026-09-19 17:33:09 | INFO     | Saving at a/skeb/tamagpeople-36d549.json
2026-09-19 17:33:10 | INFO     | OK https://skeb.jp/api/users/super_mican
2026-09-19 17:33:10 | INFO     | Saving at a/skeb/super_mican-f03b98.json
2026-09-19 17:33:11 | INFO     | OK https://skeb.jp/api/users/tatenosettan
2026-09-19 17:33:11 | INFO     | Saving at a/skeb/tatenosettan-17fd18.json
2026-09-19 17:33:12 | INFO     | OK https://skeb.jp/api/users/chidorisub
2026-09-19 17:33:12 | INFO     | Saving at a/skeb/chidorisub-fae586.json
2026-09-19 17:33:13 | INFO     | OK https://skeb.jp/api/users/nonbe19
2026-09-19 17:33:13 | INFO     | Saving at a/skeb/nonbe19-491de6.json
2026-09-19 17:33:14 | INFO     | OK https://skeb.jp/api/users/kyouen2
2026-09-19 17:33:14 | INFO     | Saving at a/skeb/kyouen2-6b4d9a.json
2026-09-19 17:33:15 | INFO     | OK https://skeb.jp/api/users/ntk_iia
2026-09-19 17:33:15 | INFO     | Saving at a/skeb/ntk_iia-3c6fef.json
2026-09-19 17:33:16 | INFO     | OK https://skeb.jp/api/users/kino_u0
2026-09-19 17:33:16 | INFO     | Saving at a/skeb/kino_u0-099aef.json
2026-09-19 17:33:17 | INFO     | OK https://skeb.jp/api/users/927013
2026-09-19 17:33:17 | INFO     | Saving at a/skeb/927013-4d5c11.json
2026-09-19 17:33:18 | INFO     | OK https://skeb.jp/api/users/A_My_d100
2026-09-19 17:33:18 | INFO     | Saving at a/skeb/A_My_d100-461d4e.json
2026-09-19 17:33:19 | INFO     | OK https://skeb.jp/api/users/sikuissick
2026-09-19 17:33:19 | INFO     | Saving at a/skeb/sikuissick-1a8723.json
2026-09-19 17:33:20 | INFO     | OK https://skeb.jp/api/users/karatsuki_fox
2026-09-19 17:33:20 | INFO     | Saving at a/skeb/karatsuki_fox-609259.json
2026-09-19 17:33:21 | INFO     | OK https://skeb.jp/api/users/UMUGA_YASUSI
2026-09-19 17:33:21 | INFO     | Saving at a/skeb/UMUGA_YASUSI-c490c6.json
2026-09-19 17:33:22 | INFO     | OK https://skeb.jp/api/users/killifish_
2026-09-19 17:33:22 | INFO     | Saving at a/skeb/killifish_-416125.json
2026-09-19 17:33:23 | INFO     | OK https://skeb.jp/api/users/popotowari
2026-09-19 17:33:23 | INFO     | Saving at a/skeb/popotowari-5e029a.json
2026-09-19 17:33:24 | INFO     | OK https://skeb.jp/api/users/finusgloria
2026-09-19 17:33:24 | INFO     | Saving at a/skeb/finusgloria-704d47.json
2026-09-19 17:33:25 | INFO     | OK https://skeb.jp/api/users/kxxxta
2026-09-19 17:33:25 | INFO     | Saving at a/skeb/kxxxta-652b8e.json
2026-09-19 17:33:26 | INFO     | OK https://skeb.jp/api/users/TZ1uLbQ1vf
2026-09-19 17:33:26 | INFO     | Saving at a/skeb/TZ1uLbQ1vf-3106c7.json
2026-09-19 17:33:27 | INFO     | OK https://skeb.jp/api/users/mentaico__
2026-09-19 17:33:27 | INFO     | Saving at a/skeb/mentaico__-a6616a.json
2026-09-19 17:33:28 | INFO     | OK https://skeb.jp/api/users/lime_first1
2026-09-19 17:33:28 | INFO     | Saving at a/skeb/lime_first1-a8526b.json
2026-09-19 17:33:29 | INFO     | OK https://skeb.jp/api/users/monookimon
2026-09-19 17:33:29 | INFO     | Saving at a/skeb/monookimon-360088.json
2026-09-19 17:33:30 | INFO     | OK https://skeb.jp/api/users/wanzach1
2026-09-19 17:33:30 | INFO     | Saving at a/skeb/wanzach1-074b44.json
2026-09-19 17:33:31 | INFO     | OK https://skeb.jp/api/users/TOMORI156203
2026-09-19 17:33:31 | INFO     | Saving at a/skeb/TOMORI156203-b89451.json
2026-09-19 17:33:32 | INFO     | OK https://skeb.jp/api/users/bentAK8
2026-09-19 17:33:32 | INFO     | Saving at a/skeb/bentAK8-1fa3e3.json
2026-09-19 17:33:33 | INFO     | OK https://skeb.jp/api/users/AkaBin_0
2026-09-19 17:33:33 | INFO     | Saving at a/skeb/AkaBin_0-a5b950.json
2026-09-19 17:33:34 | INFO     | OK https://skeb.jp/api/users/oromnt
2026-09-19 17:33:34 | INFO     | Saving at a/skeb/oromnt-775ebf.json
2026-09-19 17:33:35 | INFO     | OK https://skeb.jp/api/users/lacaleche
2026-09-19 17:33:35 | INFO     | Saving at a/skeb/lacaleche-c09a55.json
2026-09-19 17:33:36 | INFO     | OK https://skeb.jp/api/users/blue2_curacao
2026-09-19 17:33:36 | INFO     | Saving at a/skeb/blue2_curacao-28c6bd.json
2026-09-19 17:33:37 | INFO     | OK https://skeb.jp/api/users/hastia666
2026-09-19 17:33:37 | INFO     | Saving at a/skeb/hastia666-0df0f3.json
2026-09-19 17:33:38 | INFO     | OK https://skeb.jp/api/users/kasuteraya_nyan
2026-09-19 17:33:38 | INFO     | Saving at a/skeb/kasuteraya_nyan-823cbd.json
2026-09-19 17:33:39 | INFO     | OK https://skeb.jp/api/users/atumare872
2026-09-19 17:33:39 | INFO     | Saving at a/skeb/atumare872-6e7ffd.json
2026-09-19 17:33:40 | INFO     | OK https://skeb.jp/api/users/c6uc6u_
2026-09-19 17:33:40 | INFO     | Saving at a/skeb/c6uc6u_-b028d1.json
2026-09-19 17:33:41 | INFO     | OK https://skeb.jp/api/users/ikaokura_sushi
2026-09-19 17:33:41 | INFO     | Saving at a/skeb/ikaokura_sushi-c518e7.json
2026-09-19 17:33:42 | INFO     | OK https://skeb.jp/api/users/akrngo_0708
2026-09-19 17:33:42 | INFO     | Saving at a/skeb/akrngo_0708-d2375c.json
2026-09-19 17:33:43 | INFO     | OK https://skeb.jp/api/users/kgnkkrrggnn
2026-09-19 17:33:43 | INFO     | Saving at a/skeb/kgnkkrrggnn-8c9f96.json
2026-09-19 17:33:44 | INFO     | OK https://skeb.jp/api/users/monokurolove
2026-09-19 17:33:44 | INFO     | Saving at a/skeb/monokurolove-37d176.json
2026-09-19 17:33:45 | INFO     | OK https://skeb.jp/api/users/chibitora8810
2026-09-19 17:33:45 | INFO     | Saving at a/skeb/chibitora8810-3f8c3b.json
2026-09-19 17:33:46 | INFO     | OK https://skeb.jp/api/users/Perack3
2026-09-19 17:33:46 | INFO     | Saving at a/skeb/Perack3-907084.json
2026-09-19 17:33:47 | INFO     | OK https://skeb.jp/api/users/1_ichiwo
2026-09-19 17:33:47 | INFO     | Saving at a/skeb/1_ichiwo-0457b3.json
2026-09-19 17:33:48 | INFO     | OK https://skeb.jp/api/users/huumachii
2026-09-19 17:33:48 | INFO     | Saving at a/skeb/huumachii-0b60b7.json
2026-09-19 17:33:49 | INFO     | OK https://skeb.jp/api/users/yura_momose_
2026-09-19 17:33:49 | INFO     | Saving at a/skeb/yura_momose_-1fbde5.json
2026-09-19 17:33:50 | INFO     | OK https://skeb.jp/api/users/tocmei2692
2026-09-19 17:33:50 | INFO     | Saving at a/skeb/tocmei2692-ee6a56.json
2026-09-19 17:33:51 | INFO     | OK https://skeb.jp/api/users/mikito_amon
2026-09-19 17:33:51 | INFO     | Saving at a/skeb/mikito_amon-fd54b8.json
2026-09-19 17:33:52 | INFO     | OK https://skeb.jp/api/users/u3yU_
2026-09-19 17:33:52 | INFO     | Saving at a/skeb/u3yU_-fe1782.json
2026-09-19 17:33:53 | INFO     | OK https://skeb.jp/api/users/nodonisasaru
2026-09-19 17:33:53 | INFO     | Saving at a/skeb/nodonisasaru-02dd2f.json
2026-09-19 17:33:54 | INFO     | OK https://skeb.jp/api/users/inu_tsuki145
2026-09-19 17:33:54 | INFO     | Saving at a/skeb/inu_tsuki145-6813be.json
2026-09-19 17:33:55 | INFO     | OK https://skeb.jp/api/users/sino24tsuki
2026-09-19 17:33:55 | INFO     | Saving at a/skeb/sino24tsuki-52b458.json
2026-09-19 17:33:56 | INFO     | OK https://skeb.jp/api/users/himqwar1
2026-09-19 17:33:56 | INFO     | Saving at a/skeb/himqwar1-a559f8.json
2026-09-19 17:33:57 | INFO     | OK https://skeb.jp/api/users/Ru_A_Ti_DDLC
2026-09-19 17:33:57 | INFO     | Saving at a/skeb/Ru_A_Ti_DDLC-37be1a.json
2026-09-19 17:33:58 | INFO     | OK https://skeb.jp/api/users/inui_r18
2026-09-19 17:33:58 | INFO     | Saving at a/skeb/inui_r18-9efe0c.json
2026-09-19 17:33:59 | INFO     | OK https://skeb.jp/api/users/kato_siyunn
2026-09-19 17:33:59 | INFO     | Saving at a/skeb/kato_siyunn-c733a6.json
2026-09-19 17:34:00 | INFO     | OK https://skeb.jp/api/users/azakura_mako
2026-09-19 17:34:00 | INFO     | Saving at a/skeb/azakura_mako-27a2ce.json
2026-09-19 17:34:01 | INFO     | OK https://skeb.jp/api/users/yuge_0625e
2026-09-19 17:34:01 | INFO     | Saving at a/skeb/yuge_0625e-45f681.json
2026-09-19 17:34:02 | INFO     | OK https://skeb.jp/api/users/nnkhmhm
2026-09-19 17:34:02 | INFO     | Saving at a/skeb/nnkhmhm-b9cb63.json
2026-09-19 17:34:03 | INFO     | OK https://skeb.jp/api/users/IV111111
2026-09-19 17:34:03 | INFO     | Saving at a/skeb/IV111111-aa6380.json
2026-09-19 17:34:04 | INFO     | OK https://skeb.jp/api/users/jiganogazoran
2026-09-19 17:34:04 | INFO     | Saving at a/skeb/jiganogazoran-837d7d.json
2026-09-19 17:34:05 | INFO     | OK https://skeb.jp/api/users/toknkm
2026-09-19 17:34:05 | INFO     | Saving at a/skeb/toknkm-285e97.json
2026-09-19 17:34:06 | INFO     | OK https://skeb.jp/api/users/yabaiyo66666
2026-09-19 17:34:06 | INFO     | Saving at a/skeb/yabaiyo66666-bbcd60.json
2026-09-19 17:34:07 | INFO     | OK https://skeb.jp/api/users/am_is_gozen
2026-09-19 17:34:07 | INFO     | Saving at a/skeb/am_is_gozen-e72dc7.json
2026-09-19 17:34:08 | INFO     | OK https://skeb.jp/api/users/kamibukuro_ge
2026-09-19 17:34:08 | INFO     | Saving at a/skeb/kamibukuro_ge-63f326.json
2026-09-19 17:34:09 | INFO     | OK https://skeb.jp/api/users/fT7vnrO1iM
2026-09-19 17:34:09 | INFO     | Saving at a/skeb/fT7vnrO1iM-de943c.json
2026-09-19 17:34:10 | INFO     | OK https://skeb.jp/api/users/Mia_Mint0
2026-09-19 17:34:10 | INFO     | Saving at a/skeb/Mia_Mint0-63ff18.json
2026-09-19 17:34:11 | INFO     | OK https://skeb.jp/api/users/Aoi_Omoi
2026-09-19 17:34:11 | INFO     | Saving at a/skeb/Aoi_Omoi-9c3293.json
2026-09-19 17:34:12 | INFO     | OK https://skeb.jp/api/users/krgame_
2026-09-19 17:34:12 | INFO     | Saving at a/skeb/krgame_-bf5b1a.json
2026-09-19 17:34:13 | INFO     | OK https://skeb.jp/api/users/yura0125
2026-09-19 17:34:13 | INFO     | Saving at a/skeb/yura0125-ee8005.json
2026-09-19 17:34:14 | INFO     | OK https://skeb.jp/api/users/hananeko113
2026-09-19 17:34:14 | INFO     | Saving at a/skeb/hananeko113-6db40e.json
2026-09-19 17:34:15 | INFO     | OK https://skeb.jp/api/users/sappitsu
2026-09-19 17:34:15 | INFO     | Saving at a/skeb/sappitsu-0268c4.json
2026-09-19 17:34:16 | INFO     | OK https://skeb.jp/api/users/komekawaii_yo
2026-09-19 17:34:16 | INFO     | Saving at a/skeb/komekawaii_yo-333328.json
2026-09-19 17:34:17 | INFO     | OK https://skeb.jp/api/users/hanasakichu
2026-09-19 17:34:17 | INFO     | Saving at a/skeb/hanasakichu-1f3890.json
2026-09-19 17:34:18 | INFO     | OK https://skeb.jp/api/users/KeieNu_0
2026-09-19 17:34:18 | INFO     | Saving at a/skeb/KeieNu_0-4a1e3b.json
2026-09-19 17:34:19 | INFO     | OK https://skeb.jp/api/users/ekawata_kiw
2026-09-19 17:34:19 | INFO     | Saving at a/skeb/ekawata_kiw-238b70.json
2026-09-19 17:34:20 | INFO     | OK https://skeb.jp/api/users/E01Imaru
2026-09-19 17:34:20 | INFO     | Saving at a/skeb/E01Imaru-9884a5.json
2026-09-19 17:34:21 | INFO     | OK https://skeb.jp/api/users/Haruno_riku_
2026-09-19 17:34:21 | INFO     | Saving at a/skeb/Haruno_riku_-fa9163.json
2026-09-19 17:34:22 | INFO     | OK https://skeb.jp/api/users/mimt_odd_us
2026-09-19 17:34:22 | INFO     | Saving at a/skeb/mimt_odd_us-7398e3.json
2026-09-19 17:34:23 | INFO     | OK https://skeb.jp/api/users/tsuruyama123
2026-09-19 17:34:23 | INFO     | Saving at a/skeb/tsuruyama123-0595c5.json
2026-09-19 17:34:24 | INFO     | OK https://skeb.jp/api/users/CBkomaru
2026-09-19 17:34:24 | INFO     | Saving at a/skeb/CBkomaru-469906.json
2026-09-19 17:34:25 | INFO     | OK https://skeb.jp/api/users/chimidoroid
2026-09-19 17:34:25 | INFO     | Saving at a/skeb/chimidoroid-c8f95a.json
2026-09-19 17:34:26 | INFO     | OK https://skeb.jp/api/users/hitoto_ao
2026-09-19 17:34:26 | INFO     | Saving at a/skeb/hitoto_ao-e6f217.json
2026-09-19 17:34:27 | INFO     | OK https://skeb.jp/api/users/Tokagator
2026-09-19 17:34:27 | INFO     | Saving at a/skeb/Tokagator-4016c8.json
2026-09-19 17:34:28 | INFO     | OK https://skeb.jp/api/users/gokuaku029
2026-09-19 17:34:28 | INFO     | Saving at a/skeb/gokuaku029-392581.json
2026-09-19 17:34:29 | INFO     | OK https://skeb.jp/api/users/ann7dornat
2026-09-19 17:34:29 | INFO     | Saving at a/skeb/ann7dornat-c5f3f2.json
2026-09-19 17:34:30 | INFO     | OK https://skeb.jp/api/users/raiou_
2026-09-19 17:34:30 | INFO     | Saving at a/skeb/raiou_-caf907.json
2026-09-19 17:34:31 | INFO     | OK https://skeb.jp/api/users/aaangimoraaaa
2026-09-19 17:34:31 | INFO     | Saving at a/skeb/aaangimoraaaa-bbb0dd.json
2026-09-19 17:34:32 | INFO     | OK https://skeb.jp/api/users/f0bLv95bwU32258
2026-09-19 17:34:32 | INFO     | Saving at a/skeb/f0bLv95bwU32258-124323.json
2026-09-19 17:34:33 | INFO     | OK https://skeb.jp/api/users/zjeuk
2026-09-19 17:34:33 | INFO     | Saving at a/skeb/zjeuk-ba1e80.json
2026-09-19 17:34:34 | INFO     | OK https://skeb.jp/api/users/yuutokagura
2026-09-19 17:34:34 | INFO     | Saving at a/skeb/yuutokagura-18268a.json
2026-09-19 17:34:35 | INFO     | OK https://skeb.jp/api/users/ameinuni
2026-09-19 17:34:35 | INFO     | Saving at a/skeb/ameinuni-a4c986.json
2026-09-19 17:34:36 | INFO     | OK https://skeb.jp/api/users/HMAHD_009
2026-09-19 17:34:36 | INFO     | Saving at a/skeb/HMAHD_009-bddc94.json
2026-09-19 17:34:37 | INFO     | OK https://skeb.jp/api/users/risuou
2026-09-19 17:34:37 | INFO     | Saving at a/skeb/risuou-b038f4.json
2026-09-19 17:34:38 | INFO     | OK https://skeb.jp/api/users/EMODAKIKI
2026-09-19 17:34:38 | INFO     | Saving at a/skeb/EMODAKIKI-b75194.json
2026-09-19 17:34:39 | INFO     | OK https://skeb.jp/api/users/Gineno91
2026-09-19 17:34:39 | INFO     | Saving at a/skeb/Gineno91-8f18c1.json
2026-09-19 17:34:40 | INFO     | OK https://skeb.jp/api/users/shuri2
2026-09-19 17:34:40 | INFO     | Saving at a/skeb/shuri2-6dd41d.json
2026-09-19 17:34:41 | INFO     | OK https://skeb.jp/api/users/cowocz
2026-09-19 17:34:41 | INFO     | Saving at a/skeb/cowocz-9298e4.json
2026-09-19 17:34:42 | INFO     | OK https://skeb.jp/api/users/henpenkene_
2026-09-19 17:34:42 | INFO     | Saving at a/skeb/henpenkene_-7f9c89.json
2026-09-19 17:34:43 | INFO     | OK https://skeb.jp/api/users/nemnemnemne11
2026-09-19 17:34:43 | INFO     | Saving at a/skeb/nemnemnemne11-514736.json
2026-09-19 17:34:44 | INFO     | OK https://skeb.jp/api/users/simo_furi
2026-09-19 17:34:44 | INFO     | Saving at a/skeb/simo_furi-1300ac.json
2026-09-19 17:34:45 | INFO     | OK https://skeb.jp/api/users/OmotiU009
2026-09-19 17:34:45 | INFO     | Saving at a/skeb/OmotiU009-2f5e4f.json
2026-09-19 17:34:46 | INFO     | OK https://skeb.jp/api/users/sickybull
2026-09-19 17:34:46 | INFO     | Saving at a/skeb/sickybull-929b0c.json
2026-09-19 17:34:47 | INFO     | OK https://skeb.jp/api/users/Jikasei_tennen
2026-09-19 17:34:47 | INFO     | Saving at a/skeb/Jikasei_tennen-d4311d.json
2026-09-19 17:34:48 | INFO     | OK https://skeb.jp/api/users/oniku0u0
2026-09-19 17:34:48 | INFO     | Saving at a/skeb/oniku0u0-a16584.json
2026-09-19 17:34:49 | INFO     | OK https://skeb.jp/api/users/302_dokkoi
2026-09-19 17:34:49 | INFO     | Saving at a/skeb/302_dokkoi-7a1f63.json
2026-09-19 17:34:50 | INFO     | OK https://skeb.jp/api/users/cfvn5759b
2026-09-19 17:34:50 | INFO     | Saving at a/skeb/cfvn5759b-c30f05.json
2026-09-19 17:34:51 | INFO     | OK https://skeb.jp/api/users/Ypz9F
2026-09-19 17:34:51 | INFO     | Saving at a/skeb/Ypz9F-4db2c8.json
2026-09-19 17:34:52 | INFO     | OK https://skeb.jp/api/users/jomijjd
2026-09-19 17:34:52 | INFO     | Saving at a/skeb/jomijjd-af5f38.json
2026-09-19 17:34:53 | INFO     | OK https://skeb.jp/api/users/D14kcal
2026-09-19 17:34:53 | INFO     | Saving at a/skeb/D14kcal-fe12a4.json
2026-09-19 17:34:54 | INFO     | OK https://skeb.jp/api/users/Rine_mini
2026-09-19 17:34:54 | INFO     | Saving at a/skeb/Rine_mini-26ad5d.json
2026-09-19 17:34:55 | INFO     | OK https://skeb.jp/api/users/kaninaka_
2026-09-19 17:34:55 | INFO     | Saving at a/skeb/kaninaka_-00b03e.json
2026-09-19 17:34:56 | INFO     | OK https://skeb.jp/api/users/nyoon0_
2026-09-19 17:34:56 | INFO     | Saving at a/skeb/nyoon0_-452f4c.json
2026-09-19 17:34:57 | INFO     | OK https://skeb.jp/api/users/mushimogu20
2026-09-19 17:34:57 | INFO     | Saving at a/skeb/mushimogu20-e1537a.json
2026-09-19 17:34:58 | INFO     | OK https://skeb.jp/api/users/rime_sumire
2026-09-19 17:34:58 | INFO     | Saving at a/skeb/rime_sumire-cab15f.json
2026-09-19 17:34:59 | INFO     | OK https://skeb.jp/api/users/ringobata
2026-09-19 17:34:59 | INFO     | Saving at a/skeb/ringobata-36ca68.json
2026-09-19 17:35:00 | INFO     | OK https://skeb.jp/api/users/wakka_p
2026-09-19 17:35:00 | INFO     | Saving at a/skeb/wakka_p-3a5dc8.json
2026-09-19 17:35:01 | INFO     | OK https://skeb.jp/api/users/nanashi20304286
2026-09-19 17:35:01 | INFO     | Saving at a/skeb/nanashi20304286-468624.json
2026-09-19 17:35:02 | INFO     | OK https://skeb.jp/api/users/waongayuku
2026-09-19 17:35:02 | INFO     | Saving at a/skeb/waongayuku-35e8e6.json
2026-09-19 17:35:03 | INFO     | OK https://skeb.jp/api/users/ruruepa
2026-09-19 17:35:03 | INFO     | Saving at a/skeb/ruruepa-23477b.json
2026-09-19 17:35:04 | INFO     | OK https://skeb.jp/api/users/kkyyaa2
2026-09-19 17:35:04 | INFO     | Saving at a/skeb/kkyyaa2-6d7960.json
2026-09-19 17:35:05 | INFO     | OK https://skeb.jp/api/users/Shi_0_8
2026-09-19 17:35:05 | INFO     | Saving at a/skeb/Shi_0_8-7910e4.json
2026-09-19 17:35:06 | INFO     | OK https://skeb.jp/api/users/Tsubamesu727
2026-09-19 17:35:06 | INFO     | Saving at a/skeb/Tsubamesu727-3fd72c.json
2026-09-19 17:35:07 | INFO     | OK https://skeb.jp/api/users/t3gam1
2026-09-19 17:35:07 | INFO     | Saving at a/skeb/t3gam1-587689.json
2026-09-19 17:35:08 | INFO     | OK https://skeb.jp/api/users/lukehat_002
2026-09-19 17:35:08 | INFO     | Saving at a/skeb/lukehat_002-0832d0.json
2026-09-19 17:35:09 | INFO     | OK https://skeb.jp/api/users/Kurumi_12_13
2026-09-19 17:35:09 | INFO     | Saving at a/skeb/Kurumi_12_13-efa63d.json
2026-09-19 17:35:10 | INFO     | OK https://skeb.jp/api/users/saimo_imoimo
2026-09-19 17:35:10 | INFO     | Saving at a/skeb/saimo_imoimo-4ab873.json
2026-09-19 17:35:11 | INFO     | OK https://skeb.jp/api/users/gzn_pp
2026-09-19 17:35:11 | INFO     | Saving at a/skeb/gzn_pp-6556cd.json
2026-09-19 17:35:12 | INFO     | OK https://skeb.jp/api/users/cobacci_oekaki
2026-09-19 17:35:12 | INFO     | Saving at a/skeb/cobacci_oekaki-026ce2.json
2026-09-19 17:35:13 | INFO     | OK https://skeb.jp/api/users/Fdwmpd
2026-09-19 17:35:13 | INFO     | Saving at a/skeb/Fdwmpd-121cc7.json
2026-09-19 17:35:14 | INFO     | OK https://skeb.jp/api/users/lunch_f
2026-09-19 17:35:14 | INFO     | Saving at a/skeb/lunch_f-39c3a8.json
2026-09-19 17:35:16 | INFO     | OK https://skeb.jp/api/users/sh1r0sh1su
2026-09-19 17:35:16 | INFO     | Saving at a/skeb/sh1r0sh1su-6c1acb.json
2026-09-19 17:35:16 | INFO     | OK https://skeb.jp/api/users/jime_asyl
2026-09-19 17:35:16 | INFO     | Saving at a/skeb/jime_asyl-f5fdc8.json
2026-09-19 17:35:17 | INFO     | OK https://skeb.jp/api/users/Teru_Cats
2026-09-19 17:35:17 | INFO     | Saving at a/skeb/Teru_Cats-cf4590.json
2026-09-19 17:35:18 | INFO     | OK https://skeb.jp/api/users/Raun0ekaki
2026-09-19 17:35:18 | INFO     | Saving at a/skeb/Raun0ekaki-4c7920.json
2026-09-19 17:35:20 | INFO     | OK https://skeb.jp/api/users/a16850155
2026-09-19 17:35:20 | INFO     | Saving at a/skeb/a16850155-127ffa.json
2026-09-19 17:35:20 | INFO     | OK https://skeb.jp/api/users/Ituki_ouji
2026-09-19 17:35:20 | INFO     | Saving at a/skeb/Ituki_ouji-064ddb.json
2026-09-19 17:35:21 | INFO     | OK https://skeb.jp/api/users/hugu00043
2026-09-19 17:35:21 | INFO     | Saving at a/skeb/hugu00043-484dc9.json
2026-09-19 17:35:22 | INFO     | OK https://skeb.jp/api/users/epiwu35
2026-09-19 17:35:22 | INFO     | Saving at a/skeb/epiwu35-5169f8.json
2026-09-19 17:35:23 | INFO     | OK https://skeb.jp/api/users/I71YO
2026-09-19 17:35:23 | INFO     | Saving at a/skeb/I71YO-1cb895.json
2026-09-19 17:35:24 | INFO     | OK https://skeb.jp/api/users/KagioBell
2026-09-19 17:35:24 | INFO     | Saving at a/skeb/KagioBell-afe0aa.json
2026-09-19 17:35:25 | INFO     | OK https://skeb.jp/api/users/ponpon_mym
2026-09-19 17:35:25 | INFO     | Saving at a/skeb/ponpon_mym-7fb6d0.json
2026-09-19 17:35:26 | INFO     | OK https://skeb.jp/api/users/niku405
2026-09-19 17:35:26 | INFO     | Saving at a/skeb/niku405-a1e3cf.json
2026-09-19 17:35:27 | INFO     | OK https://skeb.jp/api/users/sato_sio_sj30
2026-09-19 17:35:27 | INFO     | Saving at a/skeb/sato_sio_sj30-c3862f.json
2026-09-19 17:35:28 | INFO     | OK https://skeb.jp/api/users/origamisayah
2026-09-19 17:35:28 | INFO     | Saving at a/skeb/origamisayah-1d9ba8.json
2026-09-19 17:35:29 | INFO     | OK https://skeb.jp/api/users/kumanomi
2026-09-19 17:35:29 | INFO     | Saving at a/skeb/kumanomi-9e8c6f.json
2026-09-19 17:35:30 | INFO     | OK https://skeb.jp/api/users/tamasyabu
2026-09-19 17:35:30 | INFO     | Saving at a/skeb/tamasyabu-3385b5.json
2026-09-19 17:35:32 | INFO     | OK https://skeb.jp/api/users/nemumu_tensi_
2026-09-19 17:35:32 | INFO     | Saving at a/skeb/nemumu_tensi_-1e7da2.json
2026-09-19 17:35:32 | INFO     | OK https://skeb.jp/api/users/ll_sunnday_ll
2026-09-19 17:35:32 | INFO     | Saving at a/skeb/ll_sunnday_ll-3ae8cd.json
2026-09-19 17:35:33 | INFO     | OK https://skeb.jp/api/users/vn6l0r
2026-09-19 17:35:33 | INFO     | Saving at a/skeb/vn6l0r-c47c78.json
2026-09-19 17:35:34 | INFO     | OK https://skeb.jp/api/users/mirisan
2026-09-19 17:35:34 | INFO     | Saving at a/skeb/mirisan-7b790f.json
2026-09-19 17:35:35 | INFO     | OK https://skeb.jp/api/users/UWh4k
2026-09-19 17:35:35 | INFO     | Saving at a/skeb/UWh4k-cdb0ba.json
2026-09-19 17:35:37 | INFO     | OK https://skeb.jp/api/users/skirthike
2026-09-19 17:35:37 | INFO     | Saving at a/skeb/skirthike-ae6c87.json
2026-09-19 17:35:37 | INFO     | OK https://skeb.jp/api/users/BH20647
2026-09-19 17:35:37 | INFO     | Saving at a/skeb/BH20647-355cf1.json
2026-09-19 17:35:38 | INFO     | OK https://skeb.jp/api/users/iromishiro
2026-09-19 17:35:38 | INFO     | Saving at a/skeb/iromishiro-7380c2.json
2026-09-19 17:35:39 | INFO     | OK https://skeb.jp/api/users/nknk_tayu
2026-09-19 17:35:39 | INFO     | Saving at a/skeb/nknk_tayu-005935.json
2026-09-19 17:35:40 | INFO     | OK https://skeb.jp/api/users/MAKIRA_001
2026-09-19 17:35:40 | INFO     | Saving at a/skeb/MAKIRA_001-43fa9c.json
2026-09-19 17:35:41 | INFO     | OK https://skeb.jp/api/users/_Rtms__
2026-09-19 17:35:41 | INFO     | Saving at a/skeb/_Rtms__-252e2e.json
2026-09-19 17:35:42 | INFO     | OK https://skeb.jp/api/users/9ya_9yeah
2026-09-19 17:35:42 | INFO     | Saving at a/skeb/9ya_9yeah-3166bb.json
2026-09-19 17:35:43 | INFO     | OK https://skeb.jp/api/users/tomura_amane
2026-09-19 17:35:43 | INFO     | Saving at a/skeb/tomura_amane-61935a.json
2026-09-19 17:35:44 | INFO     | OK https://skeb.jp/api/users/pyoin_pyoin
2026-09-19 17:35:44 | INFO     | Saving at a/skeb/pyoin_pyoin-aa0e98.json
2026-09-19 17:35:45 | INFO     | OK https://skeb.jp/api/users/Tako_ya2
2026-09-19 17:35:45 | INFO     | Saving at a/skeb/Tako_ya2-e4c89d.json
2026-09-19 17:35:46 | INFO     | OK https://skeb.jp/api/users/Suzu245612
2026-09-19 17:35:46 | INFO     | Saving at a/skeb/Suzu245612-a0bbac.json
2026-09-19 17:35:47 | INFO     | OK https://skeb.jp/api/users/Not_A_Chan
2026-09-19 17:35:47 | INFO     | Saving at a/skeb/Not_A_Chan-9b4372.json
2026-09-19 17:35:48 | INFO     | OK https://skeb.jp/api/users/une0009
2026-09-19 17:35:48 | INFO     | Saving at a/skeb/une0009-a95610.json
2026-09-19 17:35:49 | INFO     | OK https://skeb.jp/api/users/nekopisu222
2026-09-19 17:35:49 | INFO     | Saving at a/skeb/nekopisu222-51c58c.json
2026-09-19 17:35:50 | INFO     | OK https://skeb.jp/api/users/otofu_tea
2026-09-19 17:35:50 | INFO     | Saving at a/skeb/otofu_tea-52e54e.json
2026-09-19 17:35:51 | INFO     | OK https://skeb.jp/api/users/MikageYue_
2026-09-19 17:35:51 | INFO     | Saving at a/skeb/MikageYue_-8ecee5.json
2026-09-19 17:35:52 | INFO     | OK https://skeb.jp/api/users/_pialqo
2026-09-19 17:35:52 | INFO     | Saving at a/skeb/_pialqo-e087aa.json
2026-09-19 17:35:53 | INFO     | OK https://skeb.jp/api/users/sue0eus
2026-09-19 17:35:53 | INFO     | Saving at a/skeb/sue0eus-250a5b.json
2026-09-19 17:35:54 | INFO     | OK https://skeb.jp/api/users/zU__022
2026-09-19 17:35:54 | INFO     | Saving at a/skeb/zU__022-cc680e.json
2026-09-19 17:35:55 | INFO     | OK https://skeb.jp/api/users/toobi365
2026-09-19 17:35:55 | INFO     | Saving at a/skeb/toobi365-95809d.json
2026-09-19 17:35:56 | INFO     | OK https://skeb.jp/api/users/mtk_hoshi
2026-09-19 17:35:56 | INFO     | Saving at a/skeb/mtk_hoshi-b0cb96.json
2026-09-19 17:35:57 | INFO     | OK https://skeb.jp/api/users/gi_irst
2026-09-19 17:35:57 | INFO     | Saving at a/skeb/gi_irst-5c51ec.json
2026-09-19 17:35:58 | INFO     | OK https://skeb.jp/api/users/pem2p
2026-09-19 17:35:58 | INFO     | Saving at a/skeb/pem2p-266dbc.json
2026-09-19 17:35:59 | INFO     | OK https://skeb.jp/api/users/hatohachi_tu
2026-09-19 17:35:59 | INFO     | Saving at a/skeb/hatohachi_tu-e019f9.json
2026-09-19 17:36:00 | INFO     | OK https://skeb.jp/api/users/uni_pkmn
2026-09-19 17:36:00 | INFO     | Saving at a/skeb/uni_pkmn-bd2797.json
2026-09-19 17:36:01 | INFO     | OK https://skeb.jp/api/users/I7F9kK8V4d
2026-09-19 17:36:01 | INFO     | Saving at a/skeb/I7F9kK8V4d-d83ed7.json
2026-09-19 17:36:02 | INFO     | OK https://skeb.jp/api/users/8mera_art
2026-09-19 17:36:02 | INFO     | Saving at a/skeb/8mera_art-e37943.json
2026-09-19 17:36:03 | INFO     | OK https://skeb.jp/api/users/GKYB_
2026-09-19 17:36:03 | INFO     | Saving at a/skeb/GKYB_-a9c8c1.json
2026-09-19 17:36:04 | INFO     | OK https://skeb.jp/api/users/suzuno_suzuran
2026-09-19 17:36:04 | INFO     | Saving at a/skeb/suzuno_suzuran-72e117.json
2026-09-19 17:36:05 | INFO     | OK https://skeb.jp/api/users/Andou_Honpo
2026-09-19 17:36:05 | INFO     | Saving at a/skeb/Andou_Honpo-3b0875.json
2026-09-19 17:36:06 | INFO     | OK https://skeb.jp/api/users/korukoruno
2026-09-19 17:36:06 | INFO     | Saving at a/skeb/korukoruno-6b8fe0.json
2026-09-19 17:36:07 | INFO     | OK https://skeb.jp/api/users/Noir666Room
2026-09-19 17:36:07 | INFO     | Saving at a/skeb/Noir666Room-ff5960.json
2026-09-19 17:36:08 | INFO     | OK https://skeb.jp/api/users/naotakami8
2026-09-19 17:36:08 | INFO     | Saving at a/skeb/naotakami8-9d2a89.json
2026-09-19 17:36:09 | INFO     | OK https://skeb.jp/api/users/kisyaku3
2026-09-19 17:36:09 | INFO     | Saving at a/skeb/kisyaku3-97013d.json
2026-09-19 17:36:10 | INFO     | OK https://skeb.jp/api/users/10enjondo
2026-09-19 17:36:10 | INFO     | Saving at a/skeb/10enjondo-6b19ec.json
2026-09-19 17:36:11 | INFO     | OK https://skeb.jp/api/users/yudoufu_plus
2026-09-19 17:36:11 | INFO     | Saving at a/skeb/yudoufu_plus-f6258c.json
2026-09-19 17:36:12 | INFO     | OK https://skeb.jp/api/users/kiyomasatumire
2026-09-19 17:36:12 | INFO     | Saving at a/skeb/kiyomasatumire-53d85e.json
2026-09-19 17:36:13 | INFO     | OK https://skeb.jp/api/users/Shori39639
2026-09-19 17:36:13 | INFO     | Saving at a/skeb/Shori39639-e186eb.json
2026-09-19 17:36:14 | INFO     | OK https://skeb.jp/api/users/hu_nhey
2026-09-19 17:36:14 | INFO     | Saving at a/skeb/hu_nhey-c73918.json
2026-09-19 17:36:15 | INFO     | OK https://skeb.jp/api/users/rensyuuyouno
2026-09-19 17:36:15 | INFO     | Saving at a/skeb/rensyuuyouno-96b495.json
2026-09-19 17:36:16 | INFO     | OK https://skeb.jp/api/users/lnhr_824
2026-09-19 17:36:16 | INFO     | Saving at a/skeb/lnhr_824-4e28c8.json
2026-09-19 17:36:17 | INFO     | OK https://skeb.jp/api/users/PaisrdA
2026-09-19 17:36:17 | INFO     | Saving at a/skeb/PaisrdA-68d5f9.json
2026-09-19 17:36:19 | INFO     | OK https://skeb.jp/api/users/runa_shirayuki
2026-09-19 17:36:19 | INFO     | Saving at a/skeb/runa_shirayuki-a5ebd5.json
2026-09-19 17:36:19 | INFO     | OK https://skeb.jp/api/users/orange555_555
2026-09-19 17:36:19 | INFO     | Saving at a/skeb/orange555_555-9ae56f.json
2026-09-19 17:36:20 | INFO     | OK https://skeb.jp/api/users/naru_otk
2026-09-19 17:36:20 | INFO     | Saving at a/skeb/naru_otk-69f569.json
2026-09-19 17:36:21 | INFO     | OK https://skeb.jp/api/users/engawa110
2026-09-19 17:36:21 | INFO     | Saving at a/skeb/engawa110-cbd13c.json
2026-09-19 17:36:22 | INFO     | OK https://skeb.jp/api/users/LLelunlun
2026-09-19 17:36:22 | INFO     | Saving at a/skeb/LLelunlun-d7f2c1.json
2026-09-19 17:36:23 | INFO     | OK https://skeb.jp/api/users/99migiy
2026-09-19 17:36:23 | INFO     | Saving at a/skeb/99migiy-297e00.json
2026-09-19 17:36:24 | INFO     | OK https://skeb.jp/api/users/mochiiinyam
2026-09-19 17:36:24 | INFO     | Saving at a/skeb/mochiiinyam-a387d5.json
2026-09-19 17:36:25 | INFO     | OK https://skeb.jp/api/users/chi_nc0
2026-09-19 17:36:25 | INFO     | Saving at a/skeb/chi_nc0-6760a1.json
2026-09-19 17:36:26 | INFO     | OK https://skeb.jp/api/users/ushiushido
2026-09-19 17:36:26 | INFO     | Saving at a/skeb/ushiushido-f86d78.json
2026-09-19 17:36:27 | INFO     | OK https://skeb.jp/api/users/mu__trpg
2026-09-19 17:36:27 | INFO     | Saving at a/skeb/mu__trpg-3d9572.json
2026-09-19 17:36:28 | INFO     | OK https://skeb.jp/api/users/chaos555__lv
2026-09-19 17:36:28 | INFO     | Saving at a/skeb/chaos555__lv-0e34ec.json
2026-09-19 17:36:29 | INFO     | OK https://skeb.jp/api/users/pooooisuke
2026-09-19 17:36:29 | INFO     | Saving at a/skeb/pooooisuke-902fc7.json
2026-09-19 17:36:30 | INFO     | OK https://skeb.jp/api/users/zota26
2026-09-19 17:36:30 | INFO     | Saving at a/skeb/zota26-6539ab.json
2026-09-19 17:36:32 | INFO     | OK https://skeb.jp/api/users/mono_lith_
2026-09-19 17:36:32 | INFO     | Saving at a/skeb/mono_lith_-706159.json
2026-09-19 17:36:33 | INFO     | OK https://skeb.jp/api/users/1341milky
2026-09-19 17:36:33 | INFO     | Saving at a/skeb/1341milky-0d4481.json
2026-09-19 17:36:34 | INFO     | OK https://skeb.jp/api/users/gag_iwashi
2026-09-19 17:36:34 | INFO     | Saving at a/skeb/gag_iwashi-c71bfb.json
2026-09-19 17:36:34 | INFO     | OK https://skeb.jp/api/users/84hsh
2026-09-19 17:36:34 | INFO     | Saving at a/skeb/84hsh-0691f3.json
2026-09-19 17:36:35 | INFO     | OK https://skeb.jp/api/users/yoshidan
2026-09-19 17:36:35 | INFO     | Saving at a/skeb/yoshidan-c21739.json
2026-09-19 17:36:36 | INFO     | OK https://skeb.jp/api/users/mol_moe
2026-09-19 17:36:36 | INFO     | Saving at a/skeb/mol_moe-f6aad1.json
2026-09-19 17:36:37 | INFO     | OK https://skeb.jp/api/users/soramametuki
2026-09-19 17:36:37 | INFO     | Saving at a/skeb/soramametuki-1976b7.json
2026-09-19 17:36:38 | INFO     | OK https://skeb.jp/api/users/qUO1ydVUUP45715
2026-09-19 17:36:38 | INFO     | Saving at a/skeb/qUO1ydVUUP45715-bab4e1.json
2026-09-19 17:36:39 | INFO     | OK https://skeb.jp/api/users/opachomouse2008
2026-09-19 17:36:39 | INFO     | Saving at a/skeb/opachomouse2008-cb53a6.json
2026-09-19 17:36:40 | INFO     | OK https://skeb.jp/api/users/hosisorara0
2026-09-19 17:36:40 | INFO     | Saving at a/skeb/hosisorara0-4b7515.json
2026-09-19 17:36:41 | INFO     | OK https://skeb.jp/api/users/ic_ml5
2026-09-19 17:36:41 | INFO     | Saving at a/skeb/ic_ml5-de7747.json
2026-09-19 17:36:43 | INFO     | OK https://skeb.jp/api/users/sinitidennis
2026-09-19 17:36:43 | INFO     | Saving at a/skeb/sinitidennis-5e971c.json
2026-09-19 17:36:44 | INFO     | OK https://skeb.jp/api/users/popopopopo623
2026-09-19 17:36:44 | INFO     | Saving at a/skeb/popopopopo623-d2ac71.json
2026-09-19 17:36:45 | INFO     | OK https://skeb.jp/api/users/gizagizawing
2026-09-19 17:36:45 | INFO     | Saving at a/skeb/gizagizawing-6fd72a.json
2026-09-19 17:36:45 | INFO     | OK https://skeb.jp/api/users/mo9_mog_
2026-09-19 17:36:45 | INFO     | Saving at a/skeb/mo9_mog_-d104e1.json
2026-09-19 17:36:46 | INFO     | OK https://skeb.jp/api/users/enunaitsu
2026-09-19 17:36:46 | INFO     | Saving at a/skeb/enunaitsu-de8548.json
2026-09-19 17:36:47 | INFO     | OK https://skeb.jp/api/users/noname__da
2026-09-19 17:36:47 | INFO     | Saving at a/skeb/noname__da-7a1bf8.json
2026-09-19 17:36:49 | INFO     | OK https://skeb.jp/api/users/Nyan_McQ
2026-09-19 17:36:49 | INFO     | Saving at a/skeb/Nyan_McQ-49b2eb.json
2026-09-19 17:36:50 | INFO     | OK https://skeb.jp/api/users/nuishiron
2026-09-19 17:36:50 | INFO     | Saving at a/skeb/nuishiron-15b9f2.json
2026-09-19 17:36:51 | INFO     | OK https://skeb.jp/api/users/EXP_66
2026-09-19 17:36:51 | INFO     | Saving at a/skeb/EXP_66-d4e9f6.json
2026-09-19 17:36:51 | INFO     | OK https://skeb.jp/api/users/106_dokuberry
2026-09-19 17:36:51 | INFO     | Saving at a/skeb/106_dokuberry-2d2a9c.json
2026-09-19 17:36:52 | INFO     | OK https://skeb.jp/api/users/ganenranpu
2026-09-19 17:36:52 | INFO     | Saving at a/skeb/ganenranpu-d3f0e6.json
2026-09-19 17:36:54 | INFO     | OK https://skeb.jp/api/users/kanato_345
2026-09-19 17:36:54 | INFO     | Saving at a/skeb/kanato_345-025896.json
2026-09-19 17:36:54 | INFO     | OK https://skeb.jp/api/users/miiainukawaii
2026-09-19 17:36:54 | INFO     | Saving at a/skeb/miiainukawaii-f7fe44.json
2026-09-19 17:36:56 | INFO     | OK https://skeb.jp/api/users/mt_nmti
2026-09-19 17:36:56 | INFO     | Saving at a/skeb/mt_nmti-fbb042.json
2026-09-19 17:36:56 | INFO     | OK https://skeb.jp/api/users/marotanidatta8
2026-09-19 17:36:56 | INFO     | Saving at a/skeb/marotanidatta8-9b056e.json
2026-09-19 17:36:57 | INFO     | OK https://skeb.jp/api/users/fwpla
2026-09-19 17:36:57 | INFO     | Saving at a/skeb/fwpla-bccd8a.json
2026-09-19 17:36:59 | INFO     | OK https://skeb.jp/api/users/dokukasa
2026-09-19 17:36:59 | INFO     | Saving at a/skeb/dokukasa-596e5e.json
2026-09-19 17:36:59 | INFO     | OK https://skeb.jp/api/users/mamemochi_hobby
2026-09-19 17:36:59 | INFO     | Saving at a/skeb/mamemochi_hobby-cf71f9.json
2026-09-19 17:37:00 | INFO     | OK https://skeb.jp/api/users/Enc_node
2026-09-19 17:37:00 | INFO     | Saving at a/skeb/Enc_node-1ce9d5.json
2026-09-19 17:37:01 | INFO     | OK https://skeb.jp/api/users/higuma4281
2026-09-19 17:37:01 | INFO     | Saving at a/skeb/higuma4281-eca5e1.json
2026-09-19 17:37:03 | INFO     | OK https://skeb.jp/api/users/zebra_vz
2026-09-19 17:37:03 | INFO     | Saving at a/skeb/zebra_vz-ea89b8.json
2026-09-19 17:37:04 | INFO     | OK https://skeb.jp/api/users/ruihana___
2026-09-19 17:37:04 | INFO     | Saving at a/skeb/ruihana___-444ab6.json
2026-09-19 17:37:05 | INFO     | OK https://skeb.jp/api/users/c_thise
2026-09-19 17:37:05 | INFO     | Saving at a/skeb/c_thise-fc5188.json
2026-09-19 17:37:05 | INFO     | OK https://skeb.jp/api/users/luxandra37564
2026-09-19 17:37:05 | INFO     | Saving at a/skeb/luxandra37564-33a433.json
2026-09-19 17:37:07 | INFO     | OK https://skeb.jp/api/users/clavis_kz
2026-09-19 17:37:07 | INFO     | Saving at a/skeb/clavis_kz-ba2297.json
2026-09-19 17:37:07 | INFO     | OK https://skeb.jp/api/users/tonnkatuman
2026-09-19 17:37:07 | INFO     | Saving at a/skeb/tonnkatuman-a9b1ae.json
2026-09-19 17:37:08 | INFO     | OK https://skeb.jp/api/users/Akasha
2026-09-19 17:37:08 | INFO     | Saving at a/skeb/Akasha-c7c4a3.json
2026-09-19 17:37:09 | INFO     | OK https://skeb.jp/api/users/sousan_xxxx
2026-09-19 17:37:09 | INFO     | Saving at a/skeb/sousan_xxxx-a35884.json
2026-09-19 17:37:10 | INFO     | OK https://skeb.jp/api/users/stntmk2_s6
2026-09-19 17:37:10 | INFO     | Saving at a/skeb/stntmk2_s6-adbbb9.json
2026-09-19 17:37:12 | INFO     | OK https://skeb.jp/api/users/shiduki_ayame
2026-09-19 17:37:12 | INFO     | Saving at a/skeb/shiduki_ayame-006f39.json
2026-09-19 17:37:12 | INFO     | OK https://skeb.jp/api/users/ashiro1018
2026-09-19 17:37:12 | INFO     | Saving at a/skeb/ashiro1018-fccd35.json
2026-09-19 17:37:13 | INFO     | OK https://skeb.jp/api/users/kouji_am3
2026-09-19 17:37:13 | INFO     | Saving at a/skeb/kouji_am3-8be08f.json
2026-09-19 17:37:14 | INFO     | OK https://skeb.jp/api/users/rokusai_2
2026-09-19 17:37:14 | INFO     | Saving at a/skeb/rokusai_2-6b6330.json
2026-09-19 17:37:16 | INFO     | OK https://skeb.jp/api/users/kdm_k
2026-09-19 17:37:16 | INFO     | Saving at a/skeb/kdm_k-d01300.json
2026-09-19 17:37:17 | INFO     | OK https://skeb.jp/api/users/rMQwVgRUu19qR4G
2026-09-19 17:37:17 | INFO     | Saving at a/skeb/rMQwVgRUu19qR4G-c54945.json
2026-09-19 17:37:17 | INFO     | OK https://skeb.jp/api/users/jin_morisono
2026-09-19 17:37:17 | INFO     | Saving at a/skeb/jin_morisono-ce12fa.json
2026-09-19 17:37:19 | INFO     | OK https://skeb.jp/api/users/mo2upoyo
2026-09-19 17:37:19 | INFO     | Saving at a/skeb/mo2upoyo-f01663.json
2026-09-19 17:37:20 | INFO     | OK https://skeb.jp/api/users/kanannbo
2026-09-19 17:37:20 | INFO     | Saving at a/skeb/kanannbo-967915.json
2026-09-19 17:37:21 | INFO     | OK https://skeb.jp/api/users/szpw_nmh3
2026-09-19 17:37:21 | INFO     | Saving at a/skeb/szpw_nmh3-e8280f.json
2026-09-19 17:37:22 | INFO     | OK https://skeb.jp/api/users/Guu8_
2026-09-19 17:37:22 | INFO     | Saving at a/skeb/Guu8_-fccdde.json
2026-09-19 17:37:22 | INFO     | OK https://skeb.jp/api/users/kepi_63
2026-09-19 17:37:22 | INFO     | Saving at a/skeb/kepi_63-bcd3b4.json
2026-09-19 17:37:23 | INFO     | OK https://skeb.jp/api/users/syaaaaneeeyona
2026-09-19 17:37:23 | INFO     | Saving at a/skeb/syaaaaneeeyona-77c107.json
2026-09-19 17:37:25 | INFO     | OK https://skeb.jp/api/users/hattyakeyarou
2026-09-19 17:37:25 | INFO     | Saving at a/skeb/hattyakeyarou-ebae8e.json
2026-09-19 17:37:25 | INFO     | OK https://skeb.jp/api/users/hina_emiii
2026-09-19 17:37:25 | INFO     | Saving at a/skeb/hina_emiii-2cd99c.json
2026-09-19 17:37:26 | INFO     | OK https://skeb.jp/api/users/364ing01
2026-09-19 17:37:26 | INFO     | Saving at a/skeb/364ing01-b41a0a.json
2026-09-19 17:37:27 | INFO     | OK https://skeb.jp/api/users/latteneko_san
2026-09-19 17:37:27 | INFO     | Saving at a/skeb/latteneko_san-d06c76.json
2026-09-19 17:37:29 | INFO     | OK https://skeb.jp/api/users/denzau_2
2026-09-19 17:37:29 | INFO     | Saving at a/skeb/denzau_2-d66d13.json
2026-09-19 17:37:30 | INFO     | OK https://skeb.jp/api/users/ryuakt
2026-09-19 17:37:30 | INFO     | Saving at a/skeb/ryuakt-ec663a.json
2026-09-19 17:37:31 | INFO     | OK https://skeb.jp/api/users/nao014o
2026-09-19 17:37:31 | INFO     | Saving at a/skeb/nao014o-f179cb.json
2026-09-19 17:37:31 | INFO     | OK https://skeb.jp/api/users/kaeruekaru
2026-09-19 17:37:31 | INFO     | Saving at a/skeb/kaeruekaru-8b7f6f.json
2026-09-19 17:37:32 | INFO     | OK https://skeb.jp/api/users/hatino_miya
2026-09-19 17:37:32 | INFO     | Saving at a/skeb/hatino_miya-5382e0.json
2026-09-19 17:37:33 | INFO     | OK https://skeb.jp/api/users/matsuzaki_black
2026-09-19 17:37:33 | INFO     | Saving at a/skeb/matsuzaki_black-fb4571.json
2026-09-19 17:37:34 | INFO     | OK https://skeb.jp/api/users/hino_wa0
2026-09-19 17:37:34 | INFO     | Saving at a/skeb/hino_wa0-fbeed2.json
2026-09-19 17:37:35 | INFO     | OK https://skeb.jp/api/users/IwashiGIG
2026-09-19 17:37:35 | INFO     | Saving at a/skeb/IwashiGIG-b111bb.json
2026-09-19 17:37:37 | INFO     | OK https://skeb.jp/api/users/sousaku_suru
2026-09-19 17:37:37 | INFO     | Saving at a/skeb/sousaku_suru-4dfe68.json
2026-09-19 17:37:37 | INFO     | OK https://skeb.jp/api/users/matatabi_tatie
2026-09-19 17:37:37 | INFO     | Saving at a/skeb/matatabi_tatie-6b6dcf.json
2026-09-19 17:37:39 | INFO     | OK https://skeb.jp/api/users/fpWGFNrixm35508
2026-09-19 17:37:39 | INFO     | Saving at a/skeb/fpWGFNrixm35508-00e23a.json
2026-09-19 17:37:40 | INFO     | OK https://skeb.jp/api/users/pikatiu_3104
2026-09-19 17:37:40 | INFO     | Saving at a/skeb/pikatiu_3104-2d44ad.json
2026-09-19 17:37:41 | INFO     | OK https://skeb.jp/api/users/MZ2FQKoXakQl1el
2026-09-19 17:37:41 | INFO     | Saving at a/skeb/MZ2FQKoXakQl1el-cb556a.json
2026-09-19 17:37:42 | INFO     | OK https://skeb.jp/api/users/Nuka__00
2026-09-19 17:37:42 | INFO     | Saving at a/skeb/Nuka__00-7c4cbf.json
2026-09-19 17:37:43 | INFO     | OK https://skeb.jp/api/users/he_be_rrr
2026-09-19 17:37:43 | INFO     | Saving at a/skeb/he_be_rrr-261563.json
2026-09-19 17:37:43 | INFO     | OK https://skeb.jp/api/users/ekimiya_23
2026-09-19 17:37:43 | INFO     | Saving at a/skeb/ekimiya_23-e44f79.json
2026-09-19 17:37:45 | INFO     | OK https://skeb.jp/api/users/yaga_yaga7
2026-09-19 17:37:45 | INFO     | Saving at a/skeb/yaga_yaga7-71ac4b.json
2026-09-19 17:37:46 | INFO     | OK https://skeb.jp/api/users/jamo23123120693
2026-09-19 17:37:46 | INFO     | Saving at a/skeb/jamo23123120693-55e2ca.json
2026-09-19 17:37:46 | INFO     | OK https://skeb.jp/api/users/vulpesmaru
2026-09-19 17:37:46 | INFO     | Saving at a/skeb/vulpesmaru-55c515.json
2026-09-19 17:37:47 | INFO     | OK https://skeb.jp/api/users/ymtm28
2026-09-19 17:37:47 | INFO     | Saving at a/skeb/ymtm28-eb2d60.json
2026-09-19 17:37:49 | INFO     | OK https://skeb.jp/api/users/VurDV8a8gbGRctd
2026-09-19 17:37:49 | INFO     | Saving at a/skeb/VurDV8a8gbGRctd-685c1d.json
2026-09-19 17:37:49 | INFO     | OK https://skeb.jp/api/users/meiroheart
2026-09-19 17:37:49 | INFO     | Saving at a/skeb/meiroheart-6ca684.json
2026-09-19 17:37:50 | INFO     | OK https://skeb.jp/api/users/leally_big_rice
2026-09-19 17:37:50 | INFO     | Saving at a/skeb/leally_big_rice-991af6.json
2026-09-19 17:37:52 | INFO     | OK https://skeb.jp/api/users/sibaena_avenge
2026-09-19 17:37:52 | INFO     | Saving at a/skeb/sibaena_avenge-292e77.json
2026-09-19 17:37:53 | INFO     | OK https://skeb.jp/api/users/K6kero_o
2026-09-19 17:37:53 | INFO     | Saving at a/skeb/K6kero_o-888318.json
2026-09-19 17:37:53 | INFO     | OK https://skeb.jp/api/users/acoloredpencil
2026-09-19 17:37:53 | INFO     | Saving at a/skeb/acoloredpencil-96b373.json
2026-09-19 17:37:54 | INFO     | OK https://skeb.jp/api/users/Higure_Mikan
2026-09-19 17:37:54 | INFO     | Saving at a/skeb/Higure_Mikan-9cdc9d.json
2026-09-19 17:37:56 | INFO     | OK https://skeb.jp/api/users/hasenyo
2026-09-19 17:37:56 | INFO     | Saving at a/skeb/hasenyo-2d5e91.json
2026-09-19 17:37:57 | INFO     | OK https://skeb.jp/api/users/tenonom
2026-09-19 17:37:57 | INFO     | Saving at a/skeb/tenonom-2e8e47.json
2026-09-19 17:37:57 | INFO     | OK https://skeb.jp/api/users/sample0122
2026-09-19 17:37:57 | INFO     | Saving at a/skeb/sample0122-83c99b.json
2026-09-19 17:37:59 | INFO     | OK https://skeb.jp/api/users/sakuraxx0905
2026-09-19 17:37:59 | INFO     | Saving at a/skeb/sakuraxx0905-59cd49.json
2026-09-19 17:37:59 | INFO     | OK https://skeb.jp/api/users/kajaneko
2026-09-19 17:37:59 | INFO     | Saving at a/skeb/kajaneko-c2d5e8.json
2026-09-19 17:38:01 | INFO     | OK https://skeb.jp/api/users/Rodeo_vt
2026-09-19 17:38:01 | INFO     | Saving at a/skeb/Rodeo_vt-16f0f0.json
2026-09-19 17:38:01 | INFO     | OK https://skeb.jp/api/users/Chigiripan242
2026-09-19 17:38:01 | INFO     | Saving at a/skeb/Chigiripan242-5edb0c.json
2026-09-19 17:38:02 | INFO     | OK https://skeb.jp/api/users/gomananoni
2026-09-19 17:38:02 | INFO     | Saving at a/skeb/gomananoni-574810.json
2026-09-19 17:38:03 | INFO     | OK https://skeb.jp/api/users/yonayonaya
2026-09-19 17:38:03 | INFO     | Saving at a/skeb/yonayonaya-a9ae5b.json
2026-09-19 17:38:04 | INFO     | OK https://skeb.jp/api/users/Hayashida_y_o_u
2026-09-19 17:38:04 | INFO     | Saving at a/skeb/Hayashida_y_o_u-3ce34c.json
2026-09-19 17:38:06 | INFO     | OK https://skeb.jp/api/users/mikado968
2026-09-19 17:38:06 | INFO     | Saving at a/skeb/mikado968-9a45fd.json
2026-09-19 17:38:07 | INFO     | OK https://skeb.jp/api/users/Kuwakuma_93
2026-09-19 17:38:07 | INFO     | Saving at a/skeb/Kuwakuma_93-800d56.json
2026-09-19 17:38:08 | INFO     | OK https://skeb.jp/api/users/_nagi_onemu
2026-09-19 17:38:08 | INFO     | Saving at a/skeb/_nagi_onemu-83b0f8.json
2026-09-19 17:38:09 | INFO     | OK https://skeb.jp/api/users/miso_misoni
2026-09-19 17:38:09 | INFO     | Saving at a/skeb/miso_misoni-9c7ba9.json
2026-09-19 17:38:10 | INFO     | OK https://skeb.jp/api/users/Masuyu_rumu
2026-09-19 17:38:10 | INFO     | Saving at a/skeb/Masuyu_rumu-dbfd84.json
2026-09-19 17:38:11 | INFO     | OK https://skeb.jp/api/users/utouto_siteru
2026-09-19 17:38:11 | INFO     | Saving at a/skeb/utouto_siteru-0a1f7f.json
2026-09-19 17:38:11 | INFO     | OK https://skeb.jp/api/users/aaaaa_cyomateyo
2026-09-19 17:38:11 | INFO     | Saving at a/skeb/aaaaa_cyomateyo-a1a362.json
2026-09-19 17:38:12 | INFO     | OK https://skeb.jp/api/users/7nameru
2026-09-19 17:38:12 | INFO     | Saving at a/skeb/7nameru-997b6a.json
2026-09-19 17:38:14 | INFO     | OK https://skeb.jp/api/users/AMIBAnotTOKI
2026-09-19 17:38:14 | INFO     | Saving at a/skeb/AMIBAnotTOKI-34a285.json
2026-09-19 17:38:15 | INFO     | OK https://skeb.jp/api/users/hakko_cat
2026-09-19 17:38:15 | INFO     | Saving at a/skeb/hakko_cat-d725e9.json
2026-09-19 17:38:16 | INFO     | OK https://skeb.jp/api/users/kakitamajiru_23
2026-09-19 17:38:16 | INFO     | Saving at a/skeb/kakitamajiru_23-f12f2a.json
2026-09-19 17:38:17 | INFO     | OK https://skeb.jp/api/users/B_Saigennaku
2026-09-19 17:38:17 | INFO     | Saving at a/skeb/B_Saigennaku-3812ef.json
2026-09-19 17:38:18 | INFO     | OK https://skeb.jp/api/users/oimanji
2026-09-19 17:38:18 | INFO     | Saving at a/skeb/oimanji-2f9c12.json
2026-09-19 17:38:19 | INFO     | OK https://skeb.jp/api/users/_kudryavka_trop
2026-09-19 17:38:19 | INFO     | Saving at a/skeb/_kudryavka_trop-a791b8.json
2026-09-19 17:38:20 | INFO     | OK https://skeb.jp/api/users/tunral
2026-09-19 17:38:20 | INFO     | Saving at a/skeb/tunral-ff943a.json
2026-09-19 17:38:21 | INFO     | OK https://skeb.jp/api/users/mon_zaemon925
2026-09-19 17:38:21 | INFO     | Saving at a/skeb/mon_zaemon925-162f6b.json
2026-09-19 17:38:22 | INFO     | OK https://skeb.jp/api/users/nepu_pose
2026-09-19 17:38:22 | INFO     | Saving at a/skeb/nepu_pose-8b8e87.json
2026-09-19 17:38:23 | INFO     | OK https://skeb.jp/api/users/2Mei2yan
2026-09-19 17:38:23 | INFO     | Saving at a/skeb/2Mei2yan-d87117.json
2026-09-19 17:38:24 | INFO     | OK https://skeb.jp/api/users/suiu_4
2026-09-19 17:38:24 | INFO     | Saving at a/skeb/suiu_4-ca63f3.json
2026-09-19 17:38:25 | INFO     | OK https://skeb.jp/api/users/mokyumokyu_33
2026-09-19 17:38:25 | INFO     | Saving at a/skeb/mokyumokyu_33-2eda60.json
2026-09-19 17:38:26 | INFO     | OK https://skeb.jp/api/users/Aosaki_Yuri
2026-09-19 17:38:26 | INFO     | Saving at a/skeb/Aosaki_Yuri-60e259.json
2026-09-19 17:38:27 | INFO     | OK https://skeb.jp/api/users/BeroarN
2026-09-19 17:38:27 | INFO     | Saving at a/skeb/BeroarN-3ecb11.json
2026-09-19 17:38:28 | INFO     | OK https://skeb.jp/api/users/B3jD3wDmUXfhNxF
2026-09-19 17:38:28 | INFO     | Saving at a/skeb/B3jD3wDmUXfhNxF-e67aff.json
2026-09-19 17:38:28 | INFO     | OK https://skeb.jp/api/users/_srtr
2026-09-19 17:38:28 | INFO     | Saving at a/skeb/_srtr-fe3167.json
2026-09-19 17:38:30 | INFO     | OK https://skeb.jp/api/users/kusoesutebakot1
2026-09-19 17:38:30 | INFO     | Saving at a/skeb/kusoesutebakot1-394e2a.json
2026-09-19 17:38:31 | INFO     | OK https://skeb.jp/api/users/BecoMori
2026-09-19 17:38:31 | INFO     | Saving at a/skeb/BecoMori-5a5cb4.json
2026-09-19 17:38:32 | INFO     | OK https://skeb.jp/api/users/MINK343
2026-09-19 17:38:32 | INFO     | Saving at a/skeb/MINK343-33c3e0.json
2026-09-19 17:38:33 | INFO     | OK https://skeb.jp/api/users/mochimochi0143
2026-09-19 17:38:33 | INFO     | Saving at a/skeb/mochimochi0143-8d94c1.json
2026-09-19 17:38:34 | INFO     | OK https://skeb.jp/api/users/karikankan
2026-09-19 17:38:34 | INFO     | Saving at a/skeb/karikankan-b4a90a.json
2026-09-19 17:38:34 | INFO     | OK https://skeb.jp/api/users/skm3
2026-09-19 17:38:34 | INFO     | Saving at a/skeb/skm3-440679.json
2026-09-19 17:38:36 | INFO     | OK https://skeb.jp/api/users/s_ot7p
2026-09-19 17:38:36 | INFO     | Saving at a/skeb/s_ot7p-88803e.json
2026-09-19 17:38:37 | INFO     | OK https://skeb.jp/api/users/0tonari3
2026-09-19 17:38:37 | INFO     | Saving at a/skeb/0tonari3-9ef4a8.json
2026-09-19 17:38:37 | INFO     | OK https://skeb.jp/api/users/beetar18
2026-09-19 17:38:37 | INFO     | Saving at a/skeb/beetar18-d50c2a.json
2026-09-19 17:38:39 | INFO     | OK https://skeb.jp/api/users/ArumaT_mk5thstudio
2026-09-19 17:38:39 | INFO     | Saving at a/skeb/ArumaT_mk5thstudio-a35a37.json
2026-09-19 17:38:40 | INFO     | OK https://skeb.jp/api/users/tkns_yk
2026-09-19 17:38:40 | INFO     | Saving at a/skeb/tkns_yk-9b4d85.json
2026-09-19 17:38:41 | INFO     | OK https://skeb.jp/api/users/tachiyawolf
2026-09-19 17:38:41 | INFO     | Saving at a/skeb/tachiyawolf-db4329.json
2026-09-19 17:38:42 | INFO     | OK https://skeb.jp/api/users/sigure_dd142
2026-09-19 17:38:42 | INFO     | Saving at a/skeb/sigure_dd142-922e63.json
2026-09-19 17:38:43 | INFO     | OK https://skeb.jp/api/users/3359QQ
2026-09-19 17:38:43 | INFO     | Saving at a/skeb/3359QQ-b76404.json
2026-09-19 17:38:44 | INFO     | OK https://skeb.jp/api/users/senngonn_v
2026-09-19 17:38:44 | INFO     | Saving at a/skeb/senngonn_v-127e45.json
2026-09-19 17:38:45 | INFO     | OK https://skeb.jp/api/users/TouRin_KiKou
2026-09-19 17:38:45 | INFO     | Saving at a/skeb/TouRin_KiKou-0f7cde.json
2026-09-19 17:38:46 | INFO     | OK https://skeb.jp/api/users/broiler_u
2026-09-19 17:38:46 | INFO     | Saving at a/skeb/broiler_u-100311.json
2026-09-19 17:38:47 | INFO     | OK https://skeb.jp/api/users/uta_ta_nee
2026-09-19 17:38:47 | INFO     | Saving at a/skeb/uta_ta_nee-d34c05.json
2026-09-19 17:38:48 | INFO     | OK https://skeb.jp/api/users/uIspICQH2N
2026-09-19 17:38:48 | INFO     | Saving at a/skeb/uIspICQH2N-c1e1e9.json
2026-09-19 17:38:49 | INFO     | OK https://skeb.jp/api/users/___obj_
2026-09-19 17:38:49 | INFO     | Saving at a/skeb/___obj_-f5837a.json
2026-09-19 17:38:50 | INFO     | OK https://skeb.jp/api/users/Obo3ym
2026-09-19 17:38:50 | INFO     | Saving at a/skeb/Obo3ym-0cb0e5.json
2026-09-19 17:38:51 | INFO     | OK https://skeb.jp/api/users/hamusuke1017
2026-09-19 17:38:51 | INFO     | Saving at a/skeb/hamusuke1017-85e628.json
2026-09-19 17:38:52 | INFO     | OK https://skeb.jp/api/users/raau_3_
2026-09-19 17:38:52 | INFO     | Saving at a/skeb/raau_3_-68c727.json
2026-09-19 17:38:53 | INFO     | OK https://skeb.jp/api/users/yamero_tweet_
2026-09-19 17:38:53 | INFO     | Saving at a/skeb/yamero_tweet_-5cfa44.json
2026-09-19 17:38:53 | INFO     | OK https://skeb.jp/api/users/VE3pSZXpu222801
2026-09-19 17:38:53 | INFO     | Saving at a/skeb/VE3pSZXpu222801-246069.json
2026-09-19 17:38:55 | INFO     | OK https://skeb.jp/api/users/Czow
2026-09-19 17:38:55 | INFO     | Saving at a/skeb/Czow-123fe3.json
2026-09-19 17:38:56 | INFO     | OK https://skeb.jp/api/users/yuruyunaZNK
2026-09-19 17:38:56 | INFO     | Saving at a/skeb/yuruyunaZNK-8cfd9f.json
2026-09-19 17:38:57 | INFO     | OK https://skeb.jp/api/users/morotake
2026-09-19 17:38:57 | INFO     | Saving at a/skeb/morotake-f07179.json
2026-09-19 17:38:58 | INFO     | OK https://skeb.jp/api/users/TMparask
2026-09-19 17:38:58 | INFO     | Saving at a/skeb/TMparask-55fe6b.json
2026-09-19 17:38:59 | INFO     | OK https://skeb.jp/api/users/tasuketei_i
2026-09-19 17:38:59 | INFO     | Saving at a/skeb/tasuketei_i-e3df1d.json
2026-09-19 17:39:00 | INFO     | OK https://skeb.jp/api/users/jim_tttttet99
2026-09-19 17:39:00 | INFO     | Saving at a/skeb/jim_tttttet99-2077ef.json
2026-09-19 17:39:01 | INFO     | OK https://skeb.jp/api/users/nuifarm
2026-09-19 17:39:01 | INFO     | Saving at a/skeb/nuifarm-25ee54.json
2026-09-19 17:39:02 | INFO     | OK https://skeb.jp/api/users/OREKASASASUKEDO
2026-09-19 17:39:02 | INFO     | Saving at a/skeb/OREKASASASUKEDO-094f68.json
2026-09-19 17:39:03 | INFO     | OK https://skeb.jp/api/users/yunoji_trpg
2026-09-19 17:39:03 | INFO     | Saving at a/skeb/yunoji_trpg-130d2c.json
2026-09-19 17:39:04 | INFO     | OK https://skeb.jp/api/users/9x2no18
2026-09-19 17:39:04 | INFO     | Saving at a/skeb/9x2no18-d0ede8.json
2026-09-19 17:39:05 | INFO     | OK https://skeb.jp/api/users/neconotaki
2026-09-19 17:39:05 | INFO     | Saving at a/skeb/neconotaki-da7ab2.json
2026-09-19 17:39:06 | INFO     | OK https://skeb.jp/api/users/el87_gdhk
2026-09-19 17:39:06 | INFO     | Saving at a/skeb/el87_gdhk-0647d7.json
2026-09-19 17:39:06 | INFO     | OK https://skeb.jp/api/users/o_o0809_
2026-09-19 17:39:06 | INFO     | Saving at a/skeb/o_o0809_-1c8b1b.json
2026-09-19 17:39:08 | INFO     | OK https://skeb.jp/api/users/2yk_dog
2026-09-19 17:39:08 | INFO     | Saving at a/skeb/2yk_dog-77f8bd.json
2026-09-19 17:39:09 | INFO     | OK https://skeb.jp/api/users/aka_fuji_
2026-09-19 17:39:09 | INFO     | Saving at a/skeb/aka_fuji_-75949f.json
2026-09-19 17:39:10 | INFO     | OK https://skeb.jp/api/users/mochip_0
2026-09-19 17:39:10 | INFO     | Saving at a/skeb/mochip_0-9abac9.json
2026-09-19 17:39:11 | INFO     | OK https://skeb.jp/api/users/Eruna_kp
2026-09-19 17:39:11 | INFO     | Saving at a/skeb/Eruna_kp-a0b38e.json
2026-09-19 17:39:12 | INFO     | OK https://skeb.jp/api/users/konnikichan
2026-09-19 17:39:12 | INFO     | Saving at a/skeb/konnikichan-ec7afd.json
2026-09-19 17:39:13 | INFO     | OK https://skeb.jp/api/users/koku_code777
2026-09-19 17:39:13 | INFO     | Saving at a/skeb/koku_code777-5c5936.json
2026-09-19 17:39:14 | INFO     | OK https://skeb.jp/api/users/omo_kemo
2026-09-19 17:39:14 | INFO     | Saving at a/skeb/omo_kemo-ef9a82.json
2026-09-19 17:39:15 | INFO     | OK https://skeb.jp/api/users/odoruika5
2026-09-19 17:39:15 | INFO     | Saving at a/skeb/odoruika5-caaea3.json
2026-09-19 17:39:16 | INFO     | OK https://skeb.jp/api/users/ri_FA1028
2026-09-19 17:39:16 | INFO     | Saving at a/skeb/ri_FA1028-28bd04.json
2026-09-19 17:39:17 | INFO     | OK https://skeb.jp/api/users/X3rIMpiGxXMFRWO
2026-09-19 17:39:17 | INFO     | Saving at a/skeb/X3rIMpiGxXMFRWO-c688a6.json
2026-09-19 17:39:18 | INFO     | OK https://skeb.jp/api/users/ca_no_tr
2026-09-19 17:39:18 | INFO     | Saving at a/skeb/ca_no_tr-a91cf5.json
2026-09-19 17:39:19 | INFO     | OK https://skeb.jp/api/users/Lmitian360
2026-09-19 17:39:19 | INFO     | Saving at a/skeb/Lmitian360-7ba83f.json
2026-09-19 17:39:19 | INFO     | OK https://skeb.jp/api/users/smkzocb
2026-09-19 17:39:19 | INFO     | Saving at a/skeb/smkzocb-c251e8.json
2026-09-19 17:39:21 | INFO     | OK https://skeb.jp/api/users/Y__ox3
2026-09-19 17:39:21 | INFO     | Saving at a/skeb/Y__ox3-8f5f7a.json
2026-09-19 17:39:22 | INFO     | OK https://skeb.jp/api/users/taneimo_drop
2026-09-19 17:39:22 | INFO     | Saving at a/skeb/taneimo_drop-821e98.json
2026-09-19 17:39:23 | INFO     | OK https://skeb.jp/api/users/koromokodon
2026-09-19 17:39:23 | INFO     | Saving at a/skeb/koromokodon-84f1ce.json
2026-09-19 17:39:24 | INFO     | OK https://skeb.jp/api/users/hinanagusa
2026-09-19 17:39:24 | INFO     | Saving at a/skeb/hinanagusa-003d81.json
2026-09-19 17:39:25 | INFO     | OK https://skeb.jp/api/users/kuroirogaitou
2026-09-19 17:39:25 | INFO     | Saving at a/skeb/kuroirogaitou-5005dd.json
2026-09-19 17:39:26 | INFO     | OK https://skeb.jp/api/users/kamo_ashi_
2026-09-19 17:39:26 | INFO     | Saving at a/skeb/kamo_ashi_-a91e64.json
2026-09-19 17:39:27 | INFO     | OK https://skeb.jp/api/users/syumosama
2026-09-19 17:39:27 | INFO     | Saving at a/skeb/syumosama-dd310e.json
2026-09-19 17:39:28 | INFO     | OK https://skeb.jp/api/users/Mg3Lb
2026-09-19 17:39:28 | INFO     | Saving at a/skeb/Mg3Lb-140159.json
2026-09-19 17:39:29 | INFO     | OK https://skeb.jp/api/users/SatoImozou
2026-09-19 17:39:29 | INFO     | Saving at a/skeb/SatoImozou-77140a.json
2026-09-19 17:39:30 | INFO     | OK https://skeb.jp/api/users/Uo_oUrrrrr_
2026-09-19 17:39:30 | INFO     | Saving at a/skeb/Uo_oUrrrrr_-de7fe4.json
2026-09-19 17:39:31 | INFO     | OK https://skeb.jp/api/users/tokumori_kaisen
2026-09-19 17:39:31 | INFO     | Saving at a/skeb/tokumori_kaisen-d66d7c.json
2026-09-19 17:39:32 | INFO     | OK https://skeb.jp/api/users/ASAKA_haru123
2026-09-19 17:39:32 | INFO     | Saving at a/skeb/ASAKA_haru123-b72aaa.json
2026-09-19 17:39:33 | INFO     | OK https://skeb.jp/api/users/fug_oh
2026-09-19 17:39:33 | INFO     | Saving at a/skeb/fug_oh-a0c5c9.json
2026-09-19 17:39:34 | INFO     | OK https://skeb.jp/api/users/20XX_XX_2X
2026-09-19 17:39:34 | INFO     | Saving at a/skeb/20XX_XX_2X-a83ee7.json
2026-09-19 17:39:35 | INFO     | OK https://skeb.jp/api/users/ityohii_
2026-09-19 17:39:35 | INFO     | Saving at a/skeb/ityohii_-383da3.json
2026-09-19 17:39:36 | INFO     | OK https://skeb.jp/api/users/k_0_02
2026-09-19 17:39:36 | INFO     | Saving at a/skeb/k_0_02-342971.json
2026-09-19 17:39:37 | INFO     | OK https://skeb.jp/api/users/motiuma3
2026-09-19 17:39:37 | INFO     | Saving at a/skeb/motiuma3-0a820f.json
2026-09-19 17:39:38 | INFO     | OK https://skeb.jp/api/users/gunbata_st
2026-09-19 17:39:38 | INFO     | Saving at a/skeb/gunbata_st-8ec05d.json
2026-09-19 17:39:39 | INFO     | OK https://skeb.jp/api/users/Ripccmesj
2026-09-19 17:39:39 | INFO     | Saving at a/skeb/Ripccmesj-d30d6e.json
2026-09-19 17:39:40 | INFO     | OK https://skeb.jp/api/users/nonococom
2026-09-19 17:39:40 | INFO     | Saving at a/skeb/nonococom-4ca234.json
2026-09-19 17:39:41 | INFO     | OK https://skeb.jp/api/users/Lv103000
2026-09-19 17:39:41 | INFO     | Saving at a/skeb/Lv103000-9d3d6b.json
2026-09-19 17:39:42 | INFO     | OK https://skeb.jp/api/users/asakaze_abyss
2026-09-19 17:39:42 | INFO     | Saving at a/skeb/asakaze_abyss-8068be.json
2026-09-19 17:39:43 | INFO     | OK https://skeb.jp/api/users/origami_1008
2026-09-19 17:39:43 | INFO     | Saving at a/skeb/origami_1008-3afac9.json
2026-09-19 17:39:44 | INFO     | OK https://skeb.jp/api/users/han19salt
2026-09-19 17:39:44 | INFO     | Saving at a/skeb/han19salt-7e1084.json
2026-09-19 17:39:45 | INFO     | OK https://skeb.jp/api/users/shiokonbu_trpg
2026-09-19 17:39:45 | INFO     | Saving at a/skeb/shiokonbu_trpg-0037f8.json
2026-09-19 17:39:46 | INFO     | OK https://skeb.jp/api/users/pupue_picture1
2026-09-19 17:39:46 | INFO     | Saving at a/skeb/pupue_picture1-ba6897.json
2026-09-19 17:39:47 | INFO     | OK https://skeb.jp/api/users/siruhitozosiru
2026-09-19 17:39:47 | INFO     | Saving at a/skeb/siruhitozosiru-2214aa.json
2026-09-19 17:39:47 | INFO     | OK https://skeb.jp/api/users/Kinak0_mitu
2026-09-19 17:39:47 | INFO     | Saving at a/skeb/Kinak0_mitu-8a6a5b.json
2026-09-19 17:39:49 | INFO     | OK https://skeb.jp/api/users/km170
2026-09-19 17:39:49 | INFO     | Saving at a/skeb/km170-3f9924.json
2026-09-19 17:39:50 | INFO     | OK https://skeb.jp/api/users/yoshiki_i1
2026-09-19 17:39:50 | INFO     | Saving at a/skeb/yoshiki_i1-4f2ed4.json
2026-09-19 17:39:51 | INFO     | OK https://skeb.jp/api/users/daiwa_ya
2026-09-19 17:39:51 | INFO     | Saving at a/skeb/daiwa_ya-a4c86a.json
2026-09-19 17:39:52 | INFO     | OK https://skeb.jp/api/users/Negidesu1105
2026-09-19 17:39:52 | INFO     | Saving at a/skeb/Negidesu1105-30143b.json
2026-09-19 17:39:53 | INFO     | OK https://skeb.jp/api/users/Chilfa_112
2026-09-19 17:39:53 | INFO     | Saving at a/skeb/Chilfa_112-0ea692.json
2026-09-19 17:39:53 | INFO     | OK https://skeb.jp/api/users/gachagacha_pon
2026-09-19 17:39:53 | INFO     | Saving at a/skeb/gachagacha_pon-273429.json
2026-09-19 17:39:55 | INFO     | OK https://skeb.jp/api/users/yawaraka_mukade
2026-09-19 17:39:55 | INFO     | Saving at a/skeb/yawaraka_mukade-26106d.json
2026-09-19 17:39:56 | INFO     | OK https://skeb.jp/api/users/R18_itinana
2026-09-19 17:39:56 | INFO     | Saving at a/skeb/R18_itinana-6f19a7.json
2026-09-19 17:39:57 | INFO     | OK https://skeb.jp/api/users/kaga_kazuna
2026-09-19 17:39:57 | INFO     | Saving at a/skeb/kaga_kazuna-f1c087.json
2026-09-19 17:39:58 | INFO     | OK https://skeb.jp/api/users/kinakomocheeni
2026-09-19 17:39:58 | INFO     | Saving at a/skeb/kinakomocheeni-0fb0b7.json
2026-09-19 17:39:59 | INFO     | OK https://skeb.jp/api/users/setomocco
2026-09-19 17:39:59 | INFO     | Saving at a/skeb/setomocco-f5bf75.json
2026-09-19 17:40:00 | INFO     | OK https://skeb.jp/api/users/Inori39s
2026-09-19 17:40:00 | INFO     | Saving at a/skeb/Inori39s-e691bd.json
2026-09-19 17:40:00 | INFO     | OK https://skeb.jp/api/users/yomo_253
2026-09-19 17:40:01 | INFO     | Saving at a/skeb/yomo_253-2f2ff3.json
2026-09-19 17:40:02 | INFO     | OK https://skeb.jp/api/users/mi_irasut
2026-09-19 17:40:02 | INFO     | Saving at a/skeb/mi_irasut-9e04d5.json
2026-09-19 17:40:03 | INFO     | OK https://skeb.jp/api/users/i4ru_0221
2026-09-19 17:40:03 | INFO     | Saving at a/skeb/i4ru_0221-aab27d.json
2026-09-19 17:40:04 | INFO     | OK https://skeb.jp/api/users/heiti__shiki
2026-09-19 17:40:04 | INFO     | Saving at a/skeb/heiti__shiki-19de55.json
2026-09-19 17:40:05 | INFO     | OK https://skeb.jp/api/users/hachitomato
2026-09-19 17:40:05 | INFO     | Saving at a/skeb/hachitomato-66c988.json
2026-09-19 17:40:06 | INFO     | OK https://skeb.jp/api/users/beniI_mo
2026-09-19 17:40:06 | INFO     | Saving at a/skeb/beniI_mo-f6ee02.json
2026-09-19 17:40:07 | INFO     | OK https://skeb.jp/api/users/justkajiki
2026-09-19 17:40:07 | INFO     | Saving at a/skeb/justkajiki-eac10a.json
2026-09-19 17:40:08 | INFO     | OK https://skeb.jp/api/users/555iisuimin
2026-09-19 17:40:08 | INFO     | Saving at a/skeb/555iisuimin-d18511.json
2026-09-19 17:40:09 | INFO     | OK https://skeb.jp/api/users/akirapakupaku
2026-09-19 17:40:09 | INFO     | Saving at a/skeb/akirapakupaku-d27ba5.json
2026-09-19 17:40:10 | INFO     | OK https://skeb.jp/api/users/137Q36
2026-09-19 17:40:10 | INFO     | Saving at a/skeb/137Q36-c7bd03.json
2026-09-19 17:40:11 | INFO     | OK https://skeb.jp/api/users/Mithril_SS
2026-09-19 17:40:11 | INFO     | Saving at a/skeb/Mithril_SS-bac566.json
2026-09-19 17:40:12 | INFO     | OK https://skeb.jp/api/users/Miya_xxx_38
2026-09-19 17:40:12 | INFO     | Saving at a/skeb/Miya_xxx_38-7199e9.json
2026-09-19 17:40:13 | INFO     | OK https://skeb.jp/api/users/todohagane
2026-09-19 17:40:13 | INFO     | Saving at a/skeb/todohagane-707ec0.json
2026-09-19 17:40:14 | INFO     | OK https://skeb.jp/api/users/Noalamode
2026-09-19 17:40:14 | INFO     | Saving at a/skeb/Noalamode-8dbeec.json
2026-09-19 17:40:15 | INFO     | OK https://skeb.jp/api/users/Kenichi__art
2026-09-19 17:40:15 | INFO     | Saving at a/skeb/Kenichi__art-127468.json
2026-09-19 17:40:16 | INFO     | OK https://skeb.jp/api/users/kmc_oisiiyone
2026-09-19 17:40:16 | INFO     | Saving at a/skeb/kmc_oisiiyone-9085d7.json
2026-09-19 17:40:17 | INFO     | OK https://skeb.jp/api/users/Ikura_Mogumogu
2026-09-19 17:40:17 | INFO     | Saving at a/skeb/Ikura_Mogumogu-78c3f0.json
2026-09-19 17:40:18 | INFO     | OK https://skeb.jp/api/users/comifur
2026-09-19 17:40:18 | INFO     | Saving at a/skeb/comifur-d9d571.json
2026-09-19 17:40:19 | INFO     | OK https://skeb.jp/api/users/omiso_1029
2026-09-19 17:40:19 | INFO     | Saving at a/skeb/omiso_1029-d2fb8f.json
2026-09-19 17:40:20 | INFO     | OK https://skeb.jp/api/users/omrff14
2026-09-19 17:40:20 | INFO     | Saving at a/skeb/omrff14-5125cd.json
2026-09-19 17:40:21 | INFO     | OK https://skeb.jp/api/users/kasuka_sub
2026-09-19 17:40:21 | INFO     | Saving at a/skeb/kasuka_sub-43e2ce.json
2026-09-19 17:40:22 | INFO     | OK https://skeb.jp/api/users/L0WR15E
2026-09-19 17:40:22 | INFO     | Saving at a/skeb/L0WR15E-8c5532.json
2026-09-19 17:40:23 | INFO     | OK https://skeb.jp/api/users/nekomushi_
2026-09-19 17:40:23 | INFO     | Saving at a/skeb/nekomushi_-cca1f1.json
2026-09-19 17:40:24 | INFO     | OK https://skeb.jp/api/users/tnk_tmtm
2026-09-19 17:40:24 | INFO     | Saving at a/skeb/tnk_tmtm-c038c1.json
2026-09-19 17:40:25 | INFO     | OK https://skeb.jp/api/users/hellmayuge
2026-09-19 17:40:25 | INFO     | Saving at a/skeb/hellmayuge-153829.json
2026-09-19 17:40:26 | INFO     | OK https://skeb.jp/api/users/DGFahrenheit
2026-09-19 17:40:26 | INFO     | Saving at a/skeb/DGFahrenheit-608157.json
2026-09-19 17:40:27 | INFO     | OK https://skeb.jp/api/users/AAA20109625
2026-09-19 17:40:27 | INFO     | Saving at a/skeb/AAA20109625-1741fe.json
2026-09-19 17:40:28 | INFO     | OK https://skeb.jp/api/users/nrn_sk
2026-09-19 17:40:28 | INFO     | Saving at a/skeb/nrn_sk-818580.json
2026-09-19 17:40:29 | INFO     | OK https://skeb.jp/api/users/ushichansama
2026-09-19 17:40:29 | INFO     | Saving at a/skeb/ushichansama-f23324.json
2026-09-19 17:40:30 | INFO     | OK https://skeb.jp/api/users/sochin_douji
2026-09-19 17:40:30 | INFO     | Saving at a/skeb/sochin_douji-1373d5.json
2026-09-19 17:40:31 | INFO     | OK https://skeb.jp/api/users/0q404
2026-09-19 17:40:31 | INFO     | Saving at a/skeb/0q404-cfa7bc.json
2026-09-19 17:40:32 | INFO     | OK https://skeb.jp/api/users/TamagoDYOOO
2026-09-19 17:40:32 | INFO     | Saving at a/skeb/TamagoDYOOO-ad9ca9.json
2026-09-19 17:40:33 | INFO     | OK https://skeb.jp/api/users/HarBaLLL
2026-09-19 17:40:33 | INFO     | Saving at a/skeb/HarBaLLL-6be31b.json
2026-09-19 17:40:34 | INFO     | OK https://skeb.jp/api/users/gigabite0725
2026-09-19 17:40:34 | INFO     | Saving at a/skeb/gigabite0725-c32eae.json
2026-09-19 17:40:35 | INFO     | OK https://skeb.jp/api/users/pokpok_775
2026-09-19 17:40:35 | INFO     | Saving at a/skeb/pokpok_775-3de93b.json
2026-09-19 17:40:36 | INFO     | OK https://skeb.jp/api/users/dU7OjqwlvE52150
2026-09-19 17:40:36 | INFO     | Saving at a/skeb/dU7OjqwlvE52150-6871cf.json
2026-09-19 17:40:37 | INFO     | OK https://skeb.jp/api/users/afenvao
2026-09-19 17:40:37 | INFO     | Saving at a/skeb/afenvao-e9c93d.json
2026-09-19 17:40:38 | INFO     | OK https://skeb.jp/api/users/ro__mt
2026-09-19 17:40:38 | INFO     | Saving at a/skeb/ro__mt-666ed1.json
2026-09-19 17:40:39 | INFO     | OK https://skeb.jp/api/users/Daikikin
2026-09-19 17:40:39 | INFO     | Saving at a/skeb/Daikikin-79019b.json
2026-09-19 17:40:40 | INFO     | OK https://skeb.jp/api/users/Living_deadroom
2026-09-19 17:40:40 | INFO     | Saving at a/skeb/Living_deadroom-eb8cc0.json
2026-09-19 17:40:41 | INFO     | OK https://skeb.jp/api/users/yamafuzi_
2026-09-19 17:40:41 | INFO     | Saving at a/skeb/yamafuzi_-eaaa85.json
2026-09-19 17:40:42 | INFO     | OK https://skeb.jp/api/users/dx770bpp
2026-09-19 17:40:42 | INFO     | Saving at a/skeb/dx770bpp-23a3a8.json
2026-09-19 17:40:43 | INFO     | OK https://skeb.jp/api/users/aoi_artx
2026-09-19 17:40:43 | INFO     | Saving at a/skeb/aoi_artx-4ca2ab.json
2026-09-19 17:40:44 | INFO     | OK https://skeb.jp/api/users/amairoka
2026-09-19 17:40:44 | INFO     | Saving at a/skeb/amairoka-9a30b1.json
2026-09-19 17:40:45 | INFO     | OK https://skeb.jp/api/users/ao3_ru
2026-09-19 17:40:45 | INFO     | Saving at a/skeb/ao3_ru-7820ba.json
2026-09-19 17:40:46 | INFO     | OK https://skeb.jp/api/users/flyco_
2026-09-19 17:40:46 | INFO     | Saving at a/skeb/flyco_-bc7c21.json
2026-09-19 17:40:47 | INFO     | OK https://skeb.jp/api/users/akaneya
2026-09-19 17:40:47 | INFO     | Saving at a/skeb/akaneya-61bc6f.json
2026-09-19 17:40:48 | INFO     | OK https://skeb.jp/api/users/TREAT_0x1A
2026-09-19 17:40:48 | INFO     | Saving at a/skeb/TREAT_0x1A-a9eac4.json
2026-09-19 17:40:49 | INFO     | OK https://skeb.jp/api/users/fffff5_fego
2026-09-19 17:40:49 | INFO     | Saving at a/skeb/fffff5_fego-c21027.json
2026-09-19 17:40:50 | INFO     | OK https://skeb.jp/api/users/KEIYA_GNST
2026-09-19 17:40:50 | INFO     | Saving at a/skeb/KEIYA_GNST-e54d3a.json
2026-09-19 17:40:51 | INFO     | OK https://skeb.jp/api/users/uo_1ba
2026-09-19 17:40:51 | INFO     | Saving at a/skeb/uo_1ba-eca5bb.json
2026-09-19 17:40:52 | INFO     | OK https://skeb.jp/api/users/suzuki_kaisui
2026-09-19 17:40:52 | INFO     | Saving at a/skeb/suzuki_kaisui-0029d3.json
2026-09-19 17:40:53 | INFO     | OK https://skeb.jp/api/users/SASAHARA_kurage
2026-09-19 17:40:53 | INFO     | Saving at a/skeb/SASAHARA_kurage-12a2dc.json
2026-09-19 17:40:54 | INFO     | OK https://skeb.jp/api/users/kinnensiro
2026-09-19 17:40:54 | INFO     | Saving at a/skeb/kinnensiro-f7ab2b.json
2026-09-19 17:40:55 | INFO     | OK https://skeb.jp/api/users/1a1aCthulhu
2026-09-19 17:40:55 | INFO     | Saving at a/skeb/1a1aCthulhu-34d33d.json
2026-09-19 17:40:56 | INFO     | OK https://skeb.jp/api/users/WxS_Tenr_
2026-09-19 17:40:56 | INFO     | Saving at a/skeb/WxS_Tenr_-995370.json
2026-09-19 17:40:57 | INFO     | OK https://skeb.jp/api/users/______n___7
2026-09-19 17:40:57 | INFO     | Saving at a/skeb/______n___7-5e5536.json
2026-09-19 17:40:58 | INFO     | OK https://skeb.jp/api/users/Satolier
2026-09-19 17:40:58 | INFO     | Saving at a/skeb/Satolier-388b23.json
2026-09-19 17:40:59 | INFO     | OK https://skeb.jp/api/users/sanmayaroooooo
2026-09-19 17:40:59 | INFO     | Saving at a/skeb/sanmayaroooooo-3ca2df.json
2026-09-19 17:41:00 | INFO     | OK https://skeb.jp/api/users/violetta25sora
2026-09-19 17:41:00 | INFO     | Saving at a/skeb/violetta25sora-58a0fb.json
2026-09-19 17:41:01 | INFO     | OK https://skeb.jp/api/users/shihan_seroom
2026-09-19 17:41:01 | INFO     | Saving at a/skeb/shihan_seroom-8aa775.json
2026-09-19 17:41:02 | INFO     | OK https://skeb.jp/api/users/mare_ma_
2026-09-19 17:41:02 | INFO     | Saving at a/skeb/mare_ma_-cec4c2.json
2026-09-19 17:41:03 | INFO     | OK https://skeb.jp/api/users/53_trpg_r2
2026-09-19 17:41:03 | INFO     | Saving at a/skeb/53_trpg_r2-3614a1.json
2026-09-19 17:41:04 | INFO     | OK https://skeb.jp/api/users/u_uchaaan
2026-09-19 17:41:04 | INFO     | Saving at a/skeb/u_uchaaan-457183.json
2026-09-19 17:41:05 | INFO     | OK https://skeb.jp/api/users/h1na_nemui
2026-09-19 17:41:05 | INFO     | Saving at a/skeb/h1na_nemui-eaaf6f.json
2026-09-19 17:41:06 | INFO     | OK https://skeb.jp/api/users/SilSolSUB
2026-09-19 17:41:06 | INFO     | Saving at a/skeb/SilSolSUB-f8861f.json
2026-09-19 17:41:07 | INFO     | OK https://skeb.jp/api/users/subatinkurage
2026-09-19 17:41:07 | INFO     | Saving at a/skeb/subatinkurage-c8922b.json
2026-09-19 17:41:08 | INFO     | OK https://skeb.jp/api/users/nomerunoka_milk
2026-09-19 17:41:08 | INFO     | Saving at a/skeb/nomerunoka_milk-8b9bc7.json
2026-09-19 17:41:09 | INFO     | OK https://skeb.jp/api/users/myuga66666
2026-09-19 17:41:09 | INFO     | Saving at a/skeb/myuga66666-750a38.json
2026-09-19 17:41:10 | INFO     | OK https://skeb.jp/api/users/Balsamic
2026-09-19 17:41:10 | INFO     | Saving at a/skeb/Balsamic-d37441.json
2026-09-19 17:41:11 | INFO     | OK https://skeb.jp/api/users/enunomiya
2026-09-19 17:41:11 | INFO     | Saving at a/skeb/enunomiya-c21810.json
2026-09-19 17:41:12 | INFO     | OK https://skeb.jp/api/users/chanryi_spla
2026-09-19 17:41:12 | INFO     | Saving at a/skeb/chanryi_spla-44de81.json
2026-09-19 17:41:13 | INFO     | OK https://skeb.jp/api/users/kadaikenkyu0306
2026-09-19 17:41:13 | INFO     | Saving at a/skeb/kadaikenkyu0306-8052c4.json
2026-09-19 17:41:14 | INFO     | OK https://skeb.jp/api/users/jf5437
2026-09-19 17:41:14 | INFO     | Saving at a/skeb/jf5437-af5279.json
2026-09-19 17:41:15 | INFO     | OK https://skeb.jp/api/users/asase55
2026-09-19 17:41:15 | INFO     | Saving at a/skeb/asase55-1a3de2.json
2026-09-19 17:41:16 | INFO     | OK https://skeb.jp/api/users/nekohi2tetrapod
2026-09-19 17:41:16 | INFO     | Saving at a/skeb/nekohi2tetrapod-8475ab.json
2026-09-19 17:41:17 | INFO     | OK https://skeb.jp/api/users/shadow_obja
2026-09-19 17:41:17 | INFO     | Saving at a/skeb/shadow_obja-2fafcd.json
2026-09-19 17:41:18 | INFO     | OK https://skeb.jp/api/users/nanashi_nogi
2026-09-19 17:41:18 | INFO     | Saving at a/skeb/nanashi_nogi-d554f5.json
2026-09-19 17:41:19 | INFO     | OK https://skeb.jp/api/users/happy_moth2
2026-09-19 17:41:19 | INFO     | Saving at a/skeb/happy_moth2-684b04.json
2026-09-19 17:41:20 | INFO     | OK https://skeb.jp/api/users/Nejiro_001
2026-09-19 17:41:20 | INFO     | Saving at a/skeb/Nejiro_001-601509.json
2026-09-19 17:41:21 | INFO     | OK https://skeb.jp/api/users/MWRbuvXlkr
2026-09-19 17:41:21 | INFO     | Saving at a/skeb/MWRbuvXlkr-675541.json
2026-09-19 17:41:22 | INFO     | OK https://skeb.jp/api/users/otaku_yane
2026-09-19 17:41:22 | INFO     | Saving at a/skeb/otaku_yane-20db5b.json
2026-09-19 17:41:23 | INFO     | OK https://skeb.jp/api/users/MarScorpio8
2026-09-19 17:41:23 | INFO     | Saving at a/skeb/MarScorpio8-d8c77f.json
2026-09-19 17:41:24 | INFO     | OK https://skeb.jp/api/users/qo_uz8
2026-09-19 17:41:24 | INFO     | Saving at a/skeb/qo_uz8-a4ac17.json
2026-09-19 17:41:25 | INFO     | OK https://skeb.jp/api/users/ma2uwa
2026-09-19 17:41:25 | INFO     | Saving at a/skeb/ma2uwa-ff791f.json
2026-09-19 17:41:26 | INFO     | OK https://skeb.jp/api/users/QZM0903
2026-09-19 17:41:26 | INFO     | Saving at a/skeb/QZM0903-68f1fc.json
2026-09-19 17:41:27 | INFO     | OK https://skeb.jp/api/users/kasino_kimi
2026-09-19 17:41:27 | INFO     | Saving at a/skeb/kasino_kimi-4d25aa.json
2026-09-19 17:41:28 | INFO     | OK https://skeb.jp/api/users/168namu3
2026-09-19 17:41:28 | INFO     | Saving at a/skeb/168namu3-5e090f.json
2026-09-19 17:41:29 | INFO     | OK https://skeb.jp/api/users/4ikutose_mo
2026-09-19 17:41:29 | INFO     | Saving at a/skeb/4ikutose_mo-672847.json
2026-09-19 17:41:30 | INFO     | OK https://skeb.jp/api/users/Xzeong
2026-09-19 17:41:30 | INFO     | Saving at a/skeb/Xzeong-7dfe43.json
2026-09-19 17:41:31 | INFO     | OK https://skeb.jp/api/users/itukiharno
2026-09-19 17:41:31 | INFO     | Saving at a/skeb/itukiharno-c15318.json
2026-09-19 17:41:32 | INFO     | OK https://skeb.jp/api/users/siwasiwakasiwa
2026-09-19 17:41:32 | INFO     | Saving at a/skeb/siwasiwakasiwa-e04fe2.json
2026-09-19 17:41:33 | INFO     | OK https://skeb.jp/api/users/shin_newsyain
2026-09-19 17:41:33 | INFO     | Saving at a/skeb/shin_newsyain-9201f3.json
2026-09-19 17:41:34 | INFO     | OK https://skeb.jp/api/users/pylite6
2026-09-19 17:41:34 | INFO     | Saving at a/skeb/pylite6-e99ed3.json
2026-09-19 17:41:35 | INFO     | OK https://skeb.jp/api/users/ast_2017
2026-09-19 17:41:35 | INFO     | Saving at a/skeb/ast_2017-4cb4e0.json
2026-09-19 17:41:36 | INFO     | OK https://skeb.jp/api/users/0gbr2098xG4aJM2
2026-09-19 17:41:36 | INFO     | Saving at a/skeb/0gbr2098xG4aJM2-2479ba.json
2026-09-19 17:41:37 | INFO     | OK https://skeb.jp/api/users/purihora_ekaki
2026-09-19 17:41:37 | INFO     | Saving at a/skeb/purihora_ekaki-4b1fab.json
2026-09-19 17:41:38 | INFO     | OK https://skeb.jp/api/users/tomari_drew
2026-09-19 17:41:38 | INFO     | Saving at a/skeb/tomari_drew-90bc3f.json
2026-09-19 17:41:39 | INFO     | OK https://skeb.jp/api/users/Rayka
2026-09-19 17:41:39 | INFO     | Saving at a/skeb/Rayka-28cbc7.json
2026-09-19 17:41:40 | INFO     | OK https://skeb.jp/api/users/kotu_pon0315
2026-09-19 17:41:40 | INFO     | Saving at a/skeb/kotu_pon0315-abf47e.json
2026-09-19 17:41:41 | INFO     | OK https://skeb.jp/api/users/brothertoki
2026-09-19 17:41:41 | INFO     | Saving at a/skeb/brothertoki-ce8f29.json
2026-09-19 17:41:42 | INFO     | OK https://skeb.jp/api/users/Tps9g
2026-09-19 17:41:42 | INFO     | Saving at a/skeb/Tps9g-fbdaa3.json
2026-09-19 17:41:43 | INFO     | OK https://skeb.jp/api/users/shu1ch_san
2026-09-19 17:41:43 | INFO     | Saving at a/skeb/shu1ch_san-9e89b9.json
2026-09-19 17:41:44 | INFO     | OK https://skeb.jp/api/users/Ganbaru4on
2026-09-19 17:41:44 | INFO     | Saving at a/skeb/Ganbaru4on-e046e6.json
2026-09-19 17:41:45 | INFO     | OK https://skeb.jp/api/users/vfmelu
2026-09-19 17:41:45 | INFO     | Saving at a/skeb/vfmelu-78a7b2.json
2026-09-19 17:41:46 | INFO     | OK https://skeb.jp/api/users/yume0534
2026-09-19 17:41:46 | INFO     | Saving at a/skeb/yume0534-66e939.json
2026-09-19 17:41:47 | INFO     | OK https://skeb.jp/api/users/usui_iigame
2026-09-19 17:41:47 | INFO     | Saving at a/skeb/usui_iigame-ae0ed1.json
2026-09-19 17:41:48 | INFO     | OK https://skeb.jp/api/users/Shhi
2026-09-19 17:41:48 | INFO     | Saving at a/skeb/Shhi-a3b493.json
2026-09-19 17:41:49 | INFO     | OK https://skeb.jp/api/users/Mijik49
2026-09-19 17:41:49 | INFO     | Saving at a/skeb/Mijik49-6832af.json
2026-09-19 17:41:50 | INFO     | OK https://skeb.jp/api/users/kprs_ff
2026-09-19 17:41:50 | INFO     | Saving at a/skeb/kprs_ff-12e85a.json
2026-09-19 17:41:51 | INFO     | OK https://skeb.jp/api/users/rimekooo
2026-09-19 17:41:51 | INFO     | Saving at a/skeb/rimekooo-c91a27.json
2026-09-19 17:41:52 | INFO     | OK https://skeb.jp/api/users/tamakiyasan_2
2026-09-19 17:41:52 | INFO     | Saving at a/skeb/tamakiyasan_2-85045e.json
2026-09-19 17:41:53 | INFO     | OK https://skeb.jp/api/users/GuruminnSD
2026-09-19 17:41:53 | INFO     | Saving at a/skeb/GuruminnSD-3c2346.json
2026-09-19 17:41:54 | INFO     | OK https://skeb.jp/api/users/izukemomo
2026-09-19 17:41:54 | INFO     | Saving at a/skeb/izukemomo-3fb602.json
2026-09-19 17:41:55 | INFO     | OK https://skeb.jp/api/users/wata_ann
2026-09-19 17:41:55 | INFO     | Saving at a/skeb/wata_ann-9d11ee.json
2026-09-19 17:41:56 | INFO     | OK https://skeb.jp/api/users/kosiannri
2026-09-19 17:41:56 | INFO     | Saving at a/skeb/kosiannri-fa0992.json
2026-09-19 17:41:57 | INFO     | OK https://skeb.jp/api/users/kouizumi_
2026-09-19 17:41:57 | INFO     | Saving at a/skeb/kouizumi_-32be94.json
2026-09-19 17:41:58 | INFO     | OK https://skeb.jp/api/users/nohahanota
2026-09-19 17:41:58 | INFO     | Saving at a/skeb/nohahanota-e621b3.json
2026-09-19 17:41:59 | INFO     | OK https://skeb.jp/api/users/_syouya_seiheki
2026-09-19 17:41:59 | INFO     | Saving at a/skeb/_syouya_seiheki-3104f0.json
2026-09-19 17:42:00 | INFO     | OK https://skeb.jp/api/users/neko__jp
2026-09-19 17:42:00 | INFO     | Saving at a/skeb/neko__jp-1665fe.json
2026-09-19 17:42:01 | INFO     | OK https://skeb.jp/api/users/yama_nashiz
2026-09-19 17:42:01 | INFO     | Saving at a/skeb/yama_nashiz-e2e95f.json
2026-09-19 17:42:02 | INFO     | OK https://skeb.jp/api/users/BBBucky_p
2026-09-19 17:42:02 | INFO     | Saving at a/skeb/BBBucky_p-79ea28.json
2026-09-19 17:42:03 | INFO     | OK https://skeb.jp/api/users/RasMell_
2026-09-19 17:42:03 | INFO     | Saving at a/skeb/RasMell_-00d45d.json
2026-09-19 17:42:04 | INFO     | OK https://skeb.jp/api/users/shiro_noha04
2026-09-19 17:42:04 | INFO     | Saving at a/skeb/shiro_noha04-809bde.json
2026-09-19 17:42:05 | INFO     | OK https://skeb.jp/api/users/haman_mahaman
2026-09-19 17:42:05 | INFO     | Saving at a/skeb/haman_mahaman-b6dfa1.json
2026-09-19 17:42:06 | INFO     | OK https://skeb.jp/api/users/anima_miko
2026-09-19 17:42:06 | INFO     | Saving at a/skeb/anima_miko-d2d921.json
2026-09-19 17:42:07 | INFO     | OK https://skeb.jp/api/users/99subkyu
2026-09-19 17:42:07 | INFO     | Saving at a/skeb/99subkyu-3bb8d1.json
2026-09-19 17:42:08 | INFO     | OK https://skeb.jp/api/users/KUROGREY_
2026-09-19 17:42:08 | INFO     | Saving at a/skeb/KUROGREY_-49774a.json
2026-09-19 17:42:09 | INFO     | OK https://skeb.jp/api/users/kotarou83
2026-09-19 17:42:09 | INFO     | Saving at a/skeb/kotarou83-2dd37d.json
2026-09-19 17:42:10 | INFO     | OK https://skeb.jp/api/users/micca3266
2026-09-19 17:42:10 | INFO     | Saving at a/skeb/micca3266-c8da1b.json
2026-09-19 17:42:11 | INFO     | OK https://skeb.jp/api/users/ushih_43
2026-09-19 17:42:11 | INFO     | Saving at a/skeb/ushih_43-01ca42.json
2026-09-19 17:42:12 | INFO     | OK https://skeb.jp/api/users/ringokuro999
2026-09-19 17:42:12 | INFO     | Saving at a/skeb/ringokuro999-6455f2.json
2026-09-19 17:42:13 | INFO     | OK https://skeb.jp/api/users/mayoineko0915
2026-09-19 17:42:13 | INFO     | Saving at a/skeb/mayoineko0915-0bece7.json
2026-09-19 17:42:14 | INFO     | OK https://skeb.jp/api/users/PULANE10Ar
2026-09-19 17:42:14 | INFO     | Saving at a/skeb/PULANE10Ar-df180a.json
2026-09-19 17:42:15 | INFO     | OK https://skeb.jp/api/users/yoshiwo0000
2026-09-19 17:42:15 | INFO     | Saving at a/skeb/yoshiwo0000-32dacd.json
2026-09-19 17:42:16 | INFO     | OK https://skeb.jp/api/users/78k_6
2026-09-19 17:42:16 | INFO     | Saving at a/skeb/78k_6-193f37.json
2026-09-19 17:42:17 | INFO     | OK https://skeb.jp/api/users/rourou_ill
2026-09-19 17:42:17 | INFO     | Saving at a/skeb/rourou_ill-441b51.json
2026-09-19 17:42:18 | INFO     | OK https://skeb.jp/api/users/sadg0o
2026-09-19 17:42:18 | INFO     | Saving at a/skeb/sadg0o-fe4a98.json
2026-09-19 17:42:19 | INFO     | OK https://skeb.jp/api/users/_onymki2
2026-09-19 17:42:19 | INFO     | Saving at a/skeb/_onymki2-e68c26.json
2026-09-19 17:42:20 | INFO     | OK https://skeb.jp/api/users/escort0o
2026-09-19 17:42:20 | INFO     | Saving at a/skeb/escort0o-1dab6a.json
2026-09-19 17:42:21 | INFO     | OK https://skeb.jp/api/users/sleepiness18
2026-09-19 17:42:21 | INFO     | Saving at a/skeb/sleepiness18-aab61e.json
2026-09-19 17:42:22 | INFO     | OK https://skeb.jp/api/users/nukani_shio
2026-09-19 17:42:22 | INFO     | Saving at a/skeb/nukani_shio-44b380.json
2026-09-19 17:42:23 | INFO     | OK https://skeb.jp/api/users/Oh_MoBoz
2026-09-19 17:42:23 | INFO     | Saving at a/skeb/Oh_MoBoz-90553c.json
2026-09-19 17:42:24 | INFO     | OK https://skeb.jp/api/users/rebasuto102702
2026-09-19 17:42:24 | INFO     | Saving at a/skeb/rebasuto102702-5f425b.json
2026-09-19 17:42:25 | INFO     | OK https://skeb.jp/api/users/aaa_1122
2026-09-19 17:42:25 | INFO     | Saving at a/skeb/aaa_1122-382f7b.json
2026-09-19 17:42:26 | INFO     | OK https://skeb.jp/api/users/UminoKio
2026-09-19 17:42:26 | INFO     | Saving at a/skeb/UminoKio-437fb4.json
2026-09-19 17:42:27 | INFO     | OK https://skeb.jp/api/users/aisansan
2026-09-19 17:42:27 | INFO     | Saving at a/skeb/aisansan-94f500.json
2026-09-19 17:42:28 | INFO     | OK https://skeb.jp/api/users/umo_daaaaaa
2026-09-19 17:42:28 | INFO     | Saving at a/skeb/umo_daaaaaa-4f80a6.json
2026-09-19 17:42:29 | INFO     | OK https://skeb.jp/api/users/v3tzul
2026-09-19 17:42:29 | INFO     | Saving at a/skeb/v3tzul-387af6.json
2026-09-19 17:42:30 | INFO     | OK https://skeb.jp/api/users/kakato1209
2026-09-19 17:42:30 | INFO     | Saving at a/skeb/kakato1209-29211c.json
2026-09-19 17:42:31 | INFO     | OK https://skeb.jp/api/users/N_73ya
2026-09-19 17:42:31 | INFO     | Saving at a/skeb/N_73ya-20e73b.json
2026-09-19 17:42:32 | INFO     | OK https://skeb.jp/api/users/ikwkm_0610
2026-09-19 17:42:32 | INFO     | Saving at a/skeb/ikwkm_0610-d3a649.json
2026-09-19 17:42:33 | INFO     | OK https://skeb.jp/api/users/le_mo_abc
2026-09-19 17:42:33 | INFO     | Saving at a/skeb/le_mo_abc-074f9c.json
2026-09-19 17:42:34 | INFO     | OK https://skeb.jp/api/users/tofu_bam
2026-09-19 17:42:34 | INFO     | Saving at a/skeb/tofu_bam-d19c18.json
2026-09-19 17:42:35 | INFO     | OK https://skeb.jp/api/users/mtr_310
2026-09-19 17:42:35 | INFO     | Saving at a/skeb/mtr_310-3f704c.json
2026-09-19 17:42:36 | INFO     | OK https://skeb.jp/api/users/NYAPOTA2
2026-09-19 17:42:36 | INFO     | Saving at a/skeb/NYAPOTA2-474318.json
2026-09-19 17:42:37 | INFO     | OK https://skeb.jp/api/users/dooon_chaaan
2026-09-19 17:42:37 | INFO     | Saving at a/skeb/dooon_chaaan-b36117.json
2026-09-19 17:42:38 | INFO     | OK https://skeb.jp/api/users/monster_vex
2026-09-19 17:42:38 | INFO     | Saving at a/skeb/monster_vex-1c56a8.json
2026-09-19 17:42:39 | INFO     | OK https://skeb.jp/api/users/CatAstley11
2026-09-19 17:42:39 | INFO     | Saving at a/skeb/CatAstley11-97ea6b.json
2026-09-19 17:42:40 | INFO     | OK https://skeb.jp/api/users/poyapoya00
2026-09-19 17:42:40 | INFO     | Saving at a/skeb/poyapoya00-88b922.json
2026-09-19 17:42:41 | INFO     | OK https://skeb.jp/api/users/haokosan
2026-09-19 17:42:41 | INFO     | Saving at a/skeb/haokosan-721dbc.json
2026-09-19 17:42:42 | INFO     | OK https://skeb.jp/api/users/moratorium24yo
2026-09-19 17:42:42 | INFO     | Saving at a/skeb/moratorium24yo-4e7cf1.json
2026-09-19 17:42:43 | INFO     | OK https://skeb.jp/api/users/himajinsan0401
2026-09-19 17:42:43 | INFO     | Saving at a/skeb/himajinsan0401-cb5b8c.json
2026-09-19 17:42:44 | INFO     | OK https://skeb.jp/api/users/HiiRagi__219
2026-09-19 17:42:44 | INFO     | Saving at a/skeb/HiiRagi__219-fb3c23.json
2026-09-19 17:42:45 | INFO     | OK https://skeb.jp/api/users/unabarakairo
2026-09-19 17:42:45 | INFO     | Saving at a/skeb/unabarakairo-af9a5d.json
2026-09-19 17:42:46 | INFO     | OK https://skeb.jp/api/users/yanagi_lila0708
2026-09-19 17:42:46 | INFO     | Saving at a/skeb/yanagi_lila0708-047804.json
2026-09-19 17:42:47 | INFO     | OK https://skeb.jp/api/users/snd52n
2026-09-19 17:42:47 | INFO     | Saving at a/skeb/snd52n-cc7ca8.json
2026-09-19 17:42:48 | INFO     | OK https://skeb.jp/api/users/kisui_sinkailab
2026-09-19 17:42:48 | INFO     | Saving at a/skeb/kisui_sinkailab-9c5b3f.json
2026-09-19 17:42:49 | INFO     | OK https://skeb.jp/api/users/mybrokenpencil1
2026-09-19 17:42:49 | INFO     | Saving at a/skeb/mybrokenpencil1-637155.json
2026-09-19 17:42:50 | INFO     | OK https://skeb.jp/api/users/tsukiyopoke
2026-09-19 17:42:50 | INFO     | Saving at a/skeb/tsukiyopoke-688f1e.json
2026-09-19 17:42:51 | INFO     | OK https://skeb.jp/api/users/ruka1_126
2026-09-19 17:42:51 | INFO     | Saving at a/skeb/ruka1_126-f2d1d9.json
2026-09-19 17:42:52 | INFO     | OK https://skeb.jp/api/users/yuzumeno_sr
2026-09-19 17:42:52 | INFO     | Saving at a/skeb/yuzumeno_sr-a2cccd.json
2026-09-19 17:42:53 | INFO     | OK https://skeb.jp/api/users/kaon_umr
2026-09-19 17:42:53 | INFO     | Saving at a/skeb/kaon_umr-050e19.json
2026-09-19 17:42:54 | INFO     | OK https://skeb.jp/api/users/yo2egui
2026-09-19 17:42:54 | INFO     | Saving at a/skeb/yo2egui-8879e6.json
2026-09-19 17:42:55 | INFO     | OK https://skeb.jp/api/users/Nabeno26_
2026-09-19 17:42:55 | INFO     | Saving at a/skeb/Nabeno26_-2eecd1.json
2026-09-19 17:42:56 | INFO     | OK https://skeb.jp/api/users/OboroKakeru
2026-09-19 17:42:56 | INFO     | Saving at a/skeb/OboroKakeru-f4b109.json
2026-09-19 17:42:57 | INFO     | OK https://skeb.jp/api/users/mofumofu_nyaro
2026-09-19 17:42:57 | INFO     | Saving at a/skeb/mofumofu_nyaro-09e069.json
2026-09-19 17:42:58 | INFO     | OK https://skeb.jp/api/users/l450_s50
2026-09-19 17:42:58 | INFO     | Saving at a/skeb/l450_s50-26f077.json
2026-09-19 17:42:59 | INFO     | OK https://skeb.jp/api/users/mokemokenari
2026-09-19 17:42:59 | INFO     | Saving at a/skeb/mokemokenari-fbef1c.json
2026-09-19 17:43:00 | INFO     | OK https://skeb.jp/api/users/18KTettttt
2026-09-19 17:43:00 | INFO     | Saving at a/skeb/18KTettttt-47d6a9.json
2026-09-19 17:43:01 | INFO     | OK https://skeb.jp/api/users/Liet4649
2026-09-19 17:43:01 | INFO     | Saving at a/skeb/Liet4649-3687f5.json
2026-09-19 17:43:02 | INFO     | OK https://skeb.jp/api/users/nintoku619
2026-09-19 17:43:02 | INFO     | Saving at a/skeb/nintoku619-f08d5e.json
2026-09-19 17:43:03 | INFO     | OK https://skeb.jp/api/users/bebop_sensen
2026-09-19 17:43:03 | INFO     | Saving at a/skeb/bebop_sensen-da1d9b.json
2026-09-19 17:43:04 | INFO     | OK https://skeb.jp/api/users/Oz_zzzn
2026-09-19 17:43:04 | INFO     | Saving at a/skeb/Oz_zzzn-f607ef.json
2026-09-19 17:43:05 | INFO     | OK https://skeb.jp/api/users/Guopopopon
2026-09-19 17:43:05 | INFO     | Saving at a/skeb/Guopopopon-26e99e.json
2026-09-19 17:43:06 | INFO     | OK https://skeb.jp/api/users/kumorinochikum
2026-09-19 17:43:06 | INFO     | Saving at a/skeb/kumorinochikum-0a8303.json
2026-09-19 17:43:07 | INFO     | OK https://skeb.jp/api/users/watti3600
2026-09-19 17:43:07 | INFO     | Saving at a/skeb/watti3600-1b70d6.json
2026-09-19 17:43:08 | INFO     | OK https://skeb.jp/api/users/Nikon_oekaki
2026-09-19 17:43:08 | INFO     | Saving at a/skeb/Nikon_oekaki-e55692.json
2026-09-19 17:43:09 | INFO     | OK https://skeb.jp/api/users/ZINKAKU_HITEI
2026-09-19 17:43:09 | INFO     | Saving at a/skeb/ZINKAKU_HITEI-41b07c.json
2026-09-19 17:43:10 | INFO     | OK https://skeb.jp/api/users/s_ssssssss
2026-09-19 17:43:10 | INFO     | Saving at a/skeb/s_ssssssss-189d6d.json
2026-09-19 17:43:11 | INFO     | OK https://skeb.jp/api/users/woooooo_t
2026-09-19 17:43:11 | INFO     | Saving at a/skeb/woooooo_t-15edd9.json
2026-09-19 17:43:12 | INFO     | OK https://skeb.jp/api/users/sbtn_illust
2026-09-19 17:43:12 | INFO     | Saving at a/skeb/sbtn_illust-ad5a77.json
2026-09-19 17:43:13 | INFO     | OK https://skeb.jp/api/users/murabitoufu
2026-09-19 17:43:13 | INFO     | Saving at a/skeb/murabitoufu-2ea5bb.json
2026-09-19 17:43:14 | INFO     | OK https://skeb.jp/api/users/roieoekaki
2026-09-19 17:43:14 | INFO     | Saving at a/skeb/roieoekaki-3509fb.json
2026-09-19 17:43:15 | INFO     | OK https://skeb.jp/api/users/aihcnim
2026-09-19 17:43:15 | INFO     | Saving at a/skeb/aihcnim-6bf1b9.json
2026-09-19 17:43:16 | INFO     | OK https://skeb.jp/api/users/chanOdaO
2026-09-19 17:43:16 | INFO     | Saving at a/skeb/chanOdaO-743251.json
2026-09-19 17:43:17 | INFO     | OK https://skeb.jp/api/users/skyk_eat
2026-09-19 17:43:17 | INFO     | Saving at a/skeb/skyk_eat-6d8949.json
2026-09-19 17:43:18 | INFO     | OK https://skeb.jp/api/users/ud12888
2026-09-19 17:43:18 | INFO     | Saving at a/skeb/ud12888-ad50fd.json
2026-09-19 17:43:19 | INFO     | OK https://skeb.jp/api/users/nkdoI3Kb0F59511
2026-09-19 17:43:19 | INFO     | Saving at a/skeb/nkdoI3Kb0F59511-e3536a.json
2026-09-19 17:43:20 | INFO     | OK https://skeb.jp/api/users/nina_mi6
2026-09-19 17:43:20 | INFO     | Saving at a/skeb/nina_mi6-602c05.json
2026-09-19 17:43:21 | INFO     | OK https://skeb.jp/api/users/ikachangenemaHH
2026-09-19 17:43:21 | INFO     | Saving at a/skeb/ikachangenemaHH-e11f98.json
2026-09-19 17:43:22 | INFO     | OK https://skeb.jp/api/users/Kametaro_uu
2026-09-19 17:43:22 | INFO     | Saving at a/skeb/Kametaro_uu-ef9624.json
2026-09-19 17:43:23 | INFO     | OK https://skeb.jp/api/users/ibara_380
2026-09-19 17:43:23 | INFO     | Saving at a/skeb/ibara_380-282541.json
2026-09-19 17:43:24 | INFO     | OK https://skeb.jp/api/users/kuromizuKey
2026-09-19 17:43:24 | INFO     | Saving at a/skeb/kuromizuKey-788ee0.json
2026-09-19 17:43:25 | INFO     | OK https://skeb.jp/api/users/Scalaplace
2026-09-19 17:43:25 | INFO     | Saving at a/skeb/Scalaplace-1e5b74.json
2026-09-19 17:43:26 | INFO     | OK https://skeb.jp/api/users/kiyoharu_v
2026-09-19 17:43:26 | INFO     | Saving at a/skeb/kiyoharu_v-d6f8d7.json
2026-09-19 17:43:27 | INFO     | OK https://skeb.jp/api/users/z50eu
2026-09-19 17:43:27 | INFO     | Saving at a/skeb/z50eu-d4ddae.json
2026-09-19 17:43:28 | INFO     | OK https://skeb.jp/api/users/dededeteiu
2026-09-19 17:43:28 | INFO     | Saving at a/skeb/dededeteiu-1e567e.json
2026-09-19 17:43:29 | INFO     | OK https://skeb.jp/api/users/suiheisen_HR
2026-09-19 17:43:29 | INFO     | Saving at a/skeb/suiheisen_HR-7e182a.json
2026-09-19 17:43:30 | INFO     | OK https://skeb.jp/api/users/yagilion_B
2026-09-19 17:43:30 | INFO     | Saving at a/skeb/yagilion_B-bb4349.json
2026-09-19 17:43:31 | INFO     | OK https://skeb.jp/api/users/illust_caguya
2026-09-19 17:43:31 | INFO     | Saving at a/skeb/illust_caguya-969270.json
2026-09-19 17:43:32 | INFO     | OK https://skeb.jp/api/users/chiwa_zt
2026-09-19 17:43:32 | INFO     | Saving at a/skeb/chiwa_zt-bc28c4.json
2026-09-19 17:43:33 | INFO     | OK https://skeb.jp/api/users/oniku00
2026-09-19 17:43:33 | INFO     | Saving at a/skeb/oniku00-d48779.json
2026-09-19 17:43:34 | INFO     | OK https://skeb.jp/api/users/39___ayukotori
2026-09-19 17:43:34 | INFO     | Saving at a/skeb/39___ayukotori-fc4af0.json
2026-09-19 17:43:35 | INFO     | OK https://skeb.jp/api/users/MOMOU_illust
2026-09-19 17:43:35 | INFO     | Saving at a/skeb/MOMOU_illust-82d85d.json
2026-09-19 17:43:36 | INFO     | OK https://skeb.jp/api/users/chomokichi23
2026-09-19 17:43:36 | INFO     | Saving at a/skeb/chomokichi23-74e69b.json
2026-09-19 17:43:37 | INFO     | OK https://skeb.jp/api/users/LAGI_oekaki_2nd
2026-09-19 17:43:37 | INFO     | Saving at a/skeb/LAGI_oekaki_2nd-e2613a.json
2026-09-19 17:43:38 | INFO     | OK https://skeb.jp/api/users/Itn_2
2026-09-19 17:43:38 | INFO     | Saving at a/skeb/Itn_2-fb9d50.json
2026-09-19 17:43:39 | INFO     | OK https://skeb.jp/api/users/VvimT0
2026-09-19 17:43:39 | INFO     | Saving at a/skeb/VvimT0-449fa8.json
2026-09-19 17:43:40 | INFO     | OK https://skeb.jp/api/users/pYSC42T84Kt39IR
2026-09-19 17:43:40 | INFO     | Saving at a/skeb/pYSC42T84Kt39IR-01d140.json
2026-09-19 17:43:41 | INFO     | OK https://skeb.jp/api/users/opopopon171498
2026-09-19 17:43:41 | INFO     | Saving at a/skeb/opopopon171498-538d88.json
2026-09-19 17:43:42 | INFO     | OK https://skeb.jp/api/users/metanoia__7
2026-09-19 17:43:42 | INFO     | Saving at a/skeb/metanoia__7-e9d942.json
2026-09-19 17:43:43 | INFO     | OK https://skeb.jp/api/users/wvr_h
2026-09-19 17:43:43 | INFO     | Saving at a/skeb/wvr_h-cb7d73.json
2026-09-19 17:43:44 | INFO     | OK https://skeb.jp/api/users/ushiinu2
2026-09-19 17:43:44 | INFO     | Saving at a/skeb/ushiinu2-0172b2.json
2026-09-19 17:43:45 | INFO     | OK https://skeb.jp/api/users/Pixel25258
2026-09-19 17:43:45 | INFO     | Saving at a/skeb/Pixel25258-2f1844.json
2026-09-19 17:43:46 | INFO     | OK https://skeb.jp/api/users/shiroyama_ab
2026-09-19 17:43:46 | INFO     | Saving at a/skeb/shiroyama_ab-bd08ac.json
2026-09-19 17:43:47 | INFO     | OK https://skeb.jp/api/users/tatutaage_uma
2026-09-19 17:43:47 | INFO     | Saving at a/skeb/tatutaage_uma-97e1fd.json
2026-09-19 17:43:48 | INFO     | OK https://skeb.jp/api/users/balbal3s
2026-09-19 17:43:48 | INFO     | Saving at a/skeb/balbal3s-ef38e7.json
2026-09-19 17:43:49 | INFO     | OK https://skeb.jp/api/users/mirisa0909
2026-09-19 17:43:49 | INFO     | Saving at a/skeb/mirisa0909-fb1e00.json
2026-09-19 17:43:50 | INFO     | OK https://skeb.jp/api/users/_arane
2026-09-19 17:43:50 | INFO     | Saving at a/skeb/_arane-20c8d0.json
2026-09-19 17:43:51 | INFO     | OK https://skeb.jp/api/users/sh0npet
2026-09-19 17:43:51 | INFO     | Saving at a/skeb/sh0npet-91324d.json
2026-09-19 17:43:52 | INFO     | OK https://skeb.jp/api/users/IRASUTO__7520
2026-09-19 17:43:52 | INFO     | Saving at a/skeb/IRASUTO__7520-6db429.json
2026-09-19 17:43:53 | INFO     | OK https://skeb.jp/api/users/liche_Illust
2026-09-19 17:43:53 | INFO     | Saving at a/skeb/liche_Illust-8d7fe4.json
2026-09-19 17:43:54 | INFO     | OK https://skeb.jp/api/users/u3g1n
2026-09-19 17:43:54 | INFO     | Saving at a/skeb/u3g1n-e8b18e.json
2026-09-19 17:43:55 | INFO     | OK https://skeb.jp/api/users/kurosawamadoka
2026-09-19 17:43:55 | INFO     | Saving at a/skeb/kurosawamadoka-057b62.json
2026-09-19 17:43:56 | INFO     | OK https://skeb.jp/api/users/ABABfly
2026-09-19 17:43:56 | INFO     | Saving at a/skeb/ABABfly-bcce9b.json
2026-09-19 17:43:57 | INFO     | OK https://skeb.jp/api/users/itookq4
2026-09-19 17:43:57 | INFO     | Saving at a/skeb/itookq4-8d2302.json
2026-09-19 17:43:58 | INFO     | OK https://skeb.jp/api/users/Ano_Req_
2026-09-19 17:43:58 | INFO     | Saving at a/skeb/Ano_Req_-8df49c.json
2026-09-19 17:43:59 | INFO     | OK https://skeb.jp/api/users/scskarm_sub
2026-09-19 17:43:59 | INFO     | Saving at a/skeb/scskarm_sub-51ee9e.json
2026-09-19 17:44:00 | INFO     | OK https://skeb.jp/api/users/ma_____ry_
2026-09-19 17:44:00 | INFO     | Saving at a/skeb/ma_____ry_-926243.json
2026-09-19 17:44:01 | INFO     | OK https://skeb.jp/api/users/EA8YSQ95k1
2026-09-19 17:44:01 | INFO     | Saving at a/skeb/EA8YSQ95k1-b0589d.json
2026-09-19 17:44:02 | INFO     | OK https://skeb.jp/api/users/suzukinoshi
2026-09-19 17:44:02 | INFO     | Saving at a/skeb/suzukinoshi-3f3386.json
2026-09-19 17:44:03 | INFO     | OK https://skeb.jp/api/users/hinoki_sere
2026-09-19 17:44:03 | INFO     | Saving at a/skeb/hinoki_sere-f43834.json
2026-09-19 17:44:04 | INFO     | OK https://skeb.jp/api/users/H4L_8686
2026-09-19 17:44:04 | INFO     | Saving at a/skeb/H4L_8686-cfdfe4.json
2026-09-19 17:44:05 | INFO     | OK https://skeb.jp/api/users/eye20806972
2026-09-19 17:44:05 | INFO     | Saving at a/skeb/eye20806972-b06af8.json
2026-09-19 17:44:06 | INFO     | OK https://skeb.jp/api/users/ojisanno_tikubi
2026-09-19 17:44:06 | INFO     | Saving at a/skeb/ojisanno_tikubi-35fffe.json
2026-09-19 17:44:07 | INFO     | OK https://skeb.jp/api/users/suttoko_mgmg
2026-09-19 17:44:07 | INFO     | Saving at a/skeb/suttoko_mgmg-a3f541.json
2026-09-19 17:44:08 | INFO     | OK https://skeb.jp/api/users/namaakl
2026-09-19 17:44:08 | INFO     | Saving at a/skeb/namaakl-13426a.json
2026-09-19 17:44:09 | INFO     | OK https://skeb.jp/api/users/Petal_Sea
2026-09-19 17:44:09 | INFO     | Saving at a/skeb/Petal_Sea-3db718.json
2026-09-19 17:44:10 | INFO     | OK https://skeb.jp/api/users/diz_tem
2026-09-19 17:44:10 | INFO     | Saving at a/skeb/diz_tem-987315.json
2026-09-19 17:44:11 | INFO     | OK https://skeb.jp/api/users/mojuke_
2026-09-19 17:44:11 | INFO     | Saving at a/skeb/mojuke_-84cda0.json
2026-09-19 17:44:12 | INFO     | OK https://skeb.jp/api/users/corg1IiIii
2026-09-19 17:44:12 | INFO     | Saving at a/skeb/corg1IiIii-a1354f.json
2026-09-19 17:44:13 | INFO     | OK https://skeb.jp/api/users/mochimocim
2026-09-19 17:44:13 | INFO     | Saving at a/skeb/mochimocim-1e6c28.json
2026-09-19 17:44:14 | INFO     | OK https://skeb.jp/api/users/hinamochang
2026-09-19 17:44:14 | INFO     | Saving at a/skeb/hinamochang-a82753.json
2026-09-19 17:44:15 | INFO     | OK https://skeb.jp/api/users/op_na_ura
2026-09-19 17:44:15 | INFO     | Saving at a/skeb/op_na_ura-021ab7.json
2026-09-19 17:44:16 | INFO     | OK https://skeb.jp/api/users/popi3313
2026-09-19 17:44:16 | INFO     | Saving at a/skeb/popi3313-9724dc.json
2026-09-19 17:44:17 | INFO     | OK https://skeb.jp/api/users/nekomelonRURU
2026-09-19 17:44:17 | INFO     | Saving at a/skeb/nekomelonRURU-6ae655.json
2026-09-19 17:44:18 | INFO     | OK https://skeb.jp/api/users/gummy1024
2026-09-19 17:44:18 | INFO     | Saving at a/skeb/gummy1024-994282.json
2026-09-19 17:44:19 | INFO     | OK https://skeb.jp/api/users/unizono2
2026-09-19 17:44:19 | INFO     | Saving at a/skeb/unizono2-d7e828.json
2026-09-19 17:44:20 | INFO     | OK https://skeb.jp/api/users/ZToU0fyX1hDmHyf
2026-09-19 17:44:20 | INFO     | Saving at a/skeb/ZToU0fyX1hDmHyf-1e422f.json
2026-09-19 17:44:21 | INFO     | OK https://skeb.jp/api/users/anagumasan_
2026-09-19 17:44:21 | INFO     | Saving at a/skeb/anagumasan_-2249b2.json
2026-09-19 17:44:22 | INFO     | OK https://skeb.jp/api/users/sobakonattou07
2026-09-19 17:44:22 | INFO     | Saving at a/skeb/sobakonattou07-0e9480.json
2026-09-19 17:44:23 | INFO     | OK https://skeb.jp/api/users/_poni_p
2026-09-19 17:44:23 | INFO     | Saving at a/skeb/_poni_p-f6a594.json
2026-09-19 17:44:24 | INFO     | OK https://skeb.jp/api/users/lock_the_b0x
2026-09-19 17:44:24 | INFO     | Saving at a/skeb/lock_the_b0x-de7a79.json
2026-09-19 17:44:25 | INFO     | OK https://skeb.jp/api/users/dooo_ioi
2026-09-19 17:44:25 | INFO     | Saving at a/skeb/dooo_ioi-74e336.json
2026-09-19 17:44:26 | INFO     | OK https://skeb.jp/api/users/ywyw_MNTL
2026-09-19 17:44:26 | INFO     | Saving at a/skeb/ywyw_MNTL-44a8e3.json
2026-09-19 17:44:27 | INFO     | OK https://skeb.jp/api/users/serurosu1226
2026-09-19 17:44:27 | INFO     | Saving at a/skeb/serurosu1226-3dc5d4.json
2026-09-19 17:44:28 | INFO     | OK https://skeb.jp/api/users/sh1ba415
2026-09-19 17:44:28 | INFO     | Saving at a/skeb/sh1ba415-4e84ad.json
2026-09-19 17:44:29 | INFO     | OK https://skeb.jp/api/users/ncrph6
2026-09-19 17:44:29 | INFO     | Saving at a/skeb/ncrph6-ed2abb.json
2026-09-19 17:44:30 | INFO     | OK https://skeb.jp/api/users/zekamasichan
2026-09-19 17:44:30 | INFO     | Saving at a/skeb/zekamasichan-a94d0c.json
2026-09-19 17:44:31 | INFO     | OK https://skeb.jp/api/users/o_mitomi
2026-09-19 17:44:31 | INFO     | Saving at a/skeb/o_mitomi-345517.json
2026-09-19 17:44:32 | INFO     | OK https://skeb.jp/api/users/kuronecororo
2026-09-19 17:44:32 | INFO     | Saving at a/skeb/kuronecororo-f5aef0.json
2026-09-19 17:44:33 | INFO     | OK https://skeb.jp/api/users/sweets__land
2026-09-19 17:44:33 | INFO     | Saving at a/skeb/sweets__land-5470ce.json
2026-09-19 17:44:34 | INFO     | OK https://skeb.jp/api/users/shdgt_w
2026-09-19 17:44:34 | INFO     | Saving at a/skeb/shdgt_w-992e94.json
2026-09-19 17:44:35 | INFO     | OK https://skeb.jp/api/users/Liyocafe
2026-09-19 17:44:35 | INFO     | Saving at a/skeb/Liyocafe-17b9c3.json
2026-09-19 17:44:36 | INFO     | OK https://skeb.jp/api/users/kuu_haku3029
2026-09-19 17:44:36 | INFO     | Saving at a/skeb/kuu_haku3029-b96acb.json
2026-09-19 17:44:37 | INFO     | OK https://skeb.jp/api/users/wani3s
2026-09-19 17:44:37 | INFO     | Saving at a/skeb/wani3s-c40908.json
2026-09-19 17:44:38 | INFO     | OK https://skeb.jp/api/users/243fx
2026-09-19 17:44:38 | INFO     | Saving at a/skeb/243fx-4d9426.json
2026-09-19 17:44:39 | INFO     | OK https://skeb.jp/api/users/GsOW22vjcx
2026-09-19 17:44:39 | INFO     | Saving at a/skeb/GsOW22vjcx-ff19e1.json
2026-09-19 17:44:40 | INFO     | OK https://skeb.jp/api/users/smshamstersuki
2026-09-19 17:44:40 | INFO     | Saving at a/skeb/smshamstersuki-ed52f0.json
2026-09-19 17:44:41 | INFO     | OK https://skeb.jp/api/users/Miou_CoC
2026-09-19 17:44:41 | INFO     | Saving at a/skeb/Miou_CoC-c861ac.json
2026-09-19 17:44:42 | INFO     | OK https://skeb.jp/api/users/ha_tak
2026-09-19 17:44:42 | INFO     | Saving at a/skeb/ha_tak-22eb44.json
2026-09-19 17:44:43 | INFO     | OK https://skeb.jp/api/users/eroinuinu
2026-09-19 17:44:43 | INFO     | Saving at a/skeb/eroinuinu-3e2924.json
2026-09-19 17:44:44 | INFO     | OK https://skeb.jp/api/users/eN6AAT7IxI65800
2026-09-19 17:44:44 | INFO     | Saving at a/skeb/eN6AAT7IxI65800-85776d.json
2026-09-19 17:44:45 | INFO     | OK https://skeb.jp/api/users/shimoyake933
2026-09-19 17:44:45 | INFO     | Saving at a/skeb/shimoyake933-60ec8a.json
2026-09-19 17:44:46 | INFO     | OK https://skeb.jp/api/users/hny_mg_
2026-09-19 17:44:46 | INFO     | Saving at a/skeb/hny_mg_-365204.json
2026-09-19 17:44:47 | INFO     | OK https://skeb.jp/api/users/moz9_shinonome
2026-09-19 17:44:47 | INFO     | Saving at a/skeb/moz9_shinonome-112175.json
2026-09-19 17:44:48 | INFO     | OK https://skeb.jp/api/users/tutsucha
2026-09-19 17:44:48 | INFO     | Saving at a/skeb/tutsucha-d1f685.json
2026-09-19 17:44:49 | INFO     | OK https://skeb.jp/api/users/ekakineko2026
2026-09-19 17:44:49 | INFO     | Saving at a/skeb/ekakineko2026-32a40e.json
2026-09-19 17:44:50 | INFO     | OK https://skeb.jp/api/users/gokaruma_
2026-09-19 17:44:50 | INFO     | Saving at a/skeb/gokaruma_-7d08ea.json
2026-09-19 17:44:51 | INFO     | OK https://skeb.jp/api/users/yoshio_296
2026-09-19 17:44:51 | INFO     | Saving at a/skeb/yoshio_296-cb65ea.json
2026-09-19 17:44:52 | INFO     | OK https://skeb.jp/api/users/kumoarare_025
2026-09-19 17:44:52 | INFO     | Saving at a/skeb/kumoarare_025-37b1e0.json
2026-09-19 17:44:53 | INFO     | OK https://skeb.jp/api/users/pyms11
2026-09-19 17:44:53 | INFO     | Saving at a/skeb/pyms11-ee3586.json
2026-09-19 17:44:54 | INFO     | OK https://skeb.jp/api/users/oekakiribu
2026-09-19 17:44:54 | INFO     | Saving at a/skeb/oekakiribu-dc904b.json
2026-09-19 17:44:55 | INFO     | OK https://skeb.jp/api/users/CBvsMechaCB
2026-09-19 17:44:55 | INFO     | Saving at a/skeb/CBvsMechaCB-a06835.json
2026-09-19 17:44:56 | INFO     | OK https://skeb.jp/api/users/Luke29847282
2026-09-19 17:44:56 | INFO     | Saving at a/skeb/Luke29847282-8b72fd.json
2026-09-19 17:44:57 | INFO     | OK https://skeb.jp/api/users/_uuu10xox
2026-09-19 17:44:57 | INFO     | Saving at a/skeb/_uuu10xox-9943a7.json
2026-09-19 17:44:58 | INFO     | OK https://skeb.jp/api/users/gotsugotsu_san
2026-09-19 17:44:58 | INFO     | Saving at a/skeb/gotsugotsu_san-99be37.json
2026-09-19 17:44:59 | INFO     | OK https://skeb.jp/api/users/tanonosan
2026-09-19 17:44:59 | INFO     | Saving at a/skeb/tanonosan-7cd00b.json
2026-09-19 17:45:00 | INFO     | OK https://skeb.jp/api/users/Maxakiru
2026-09-19 17:45:00 | INFO     | Saving at a/skeb/Maxakiru-b00fa8.json
2026-09-19 17:45:01 | INFO     | OK https://skeb.jp/api/users/GaMeTu1000
2026-09-19 17:45:01 | INFO     | Saving at a/skeb/GaMeTu1000-6c9624.json
2026-09-19 17:45:02 | INFO     | OK https://skeb.jp/api/users/sio2_tiny
2026-09-19 17:45:02 | INFO     | Saving at a/skeb/sio2_tiny-265b47.json
2026-09-19 17:45:03 | INFO     | OK https://skeb.jp/api/users/ha_nami02
2026-09-19 17:45:03 | INFO     | Saving at a/skeb/ha_nami02-4f2891.json
2026-09-19 17:45:04 | INFO     | OK https://skeb.jp/api/users/haru_furr
2026-09-19 17:45:04 | INFO     | Saving at a/skeb/haru_furr-f3956e.json
2026-09-19 17:45:05 | INFO     | OK https://skeb.jp/api/users/asaumelove2
2026-09-19 17:45:05 | INFO     | Saving at a/skeb/asaumelove2-0dd452.json
2026-09-19 17:45:06 | INFO     | OK https://skeb.jp/api/users/marukoon0141
2026-09-19 17:45:06 | INFO     | Saving at a/skeb/marukoon0141-136fa7.json
2026-09-19 17:45:07 | INFO     | OK https://skeb.jp/api/users/tebahonpo
2026-09-19 17:45:07 | INFO     | Saving at a/skeb/tebahonpo-0cfc79.json
2026-09-19 17:45:08 | INFO     | OK https://skeb.jp/api/users/tsuruse852
2026-09-19 17:45:08 | INFO     | Saving at a/skeb/tsuruse852-bde34d.json
2026-09-19 17:45:09 | INFO     | OK https://skeb.jp/api/users/furaifish
2026-09-19 17:45:09 | INFO     | Saving at a/skeb/furaifish-ea02dd.json
2026-09-19 17:45:10 | INFO     | OK https://skeb.jp/api/users/zmm_88
2026-09-19 17:45:10 | INFO     | Saving at a/skeb/zmm_88-fd77b5.json
2026-09-19 17:45:11 | INFO     | OK https://skeb.jp/api/users/tajitajitaji
2026-09-19 17:45:11 | INFO     | Saving at a/skeb/tajitajitaji-6d0ebe.json
2026-09-19 17:45:12 | INFO     | OK https://skeb.jp/api/users/nasuno42
2026-09-19 17:45:12 | INFO     | Saving at a/skeb/nasuno42-797448.json
2026-09-19 17:45:13 | INFO     | OK https://skeb.jp/api/users/75RYrNYp9rtngjo
2026-09-19 17:45:13 | INFO     | Saving at a/skeb/75RYrNYp9rtngjo-69dfee.json
2026-09-19 17:45:14 | INFO     | OK https://skeb.jp/api/users/Sirosawatyn
2026-09-19 17:45:14 | INFO     | Saving at a/skeb/Sirosawatyn-9b9835.json
2026-09-19 17:45:15 | INFO     | OK https://skeb.jp/api/users/green_ll17
2026-09-19 17:45:15 | INFO     | Saving at a/skeb/green_ll17-825522.json
2026-09-19 17:45:16 | INFO     | OK https://skeb.jp/api/users/OEK1895238
2026-09-19 17:45:16 | INFO     | Saving at a/skeb/OEK1895238-649901.json
2026-09-19 17:45:17 | INFO     | OK https://skeb.jp/api/users/pakipakiiishi
2026-09-19 17:45:17 | INFO     | Saving at a/skeb/pakipakiiishi-d7140d.json
2026-09-19 17:45:18 | INFO     | OK https://skeb.jp/api/users/ultimate_canon
2026-09-19 17:45:18 | INFO     | Saving at a/skeb/ultimate_canon-0e4550.json
2026-09-19 17:45:19 | INFO     | OK https://skeb.jp/api/users/fuwa2pinktyan
2026-09-19 17:45:19 | INFO     | Saving at a/skeb/fuwa2pinktyan-1681cc.json
2026-09-19 17:45:20 | INFO     | OK https://skeb.jp/api/users/sumari_r18
2026-09-19 17:45:20 | INFO     | Saving at a/skeb/sumari_r18-8f7b97.json
2026-09-19 17:45:21 | INFO     | OK https://skeb.jp/api/users/Sou_121dog
2026-09-19 17:45:21 | INFO     | Saving at a/skeb/Sou_121dog-3d0eb4.json
2026-09-19 17:45:22 | INFO     | OK https://skeb.jp/api/users/iworuru
2026-09-19 17:45:22 | INFO     | Saving at a/skeb/iworuru-808a63.json
2026-09-19 17:45:23 | INFO     | OK https://skeb.jp/api/users/suamachi
2026-09-19 17:45:23 | INFO     | Saving at a/skeb/suamachi-092b17.json
2026-09-19 17:45:24 | INFO     | OK https://skeb.jp/api/users/kobenidou
2026-09-19 17:45:24 | INFO     | Saving at a/skeb/kobenidou-f0b8bc.json
2026-09-19 17:45:25 | INFO     | OK https://skeb.jp/api/users/Oo____xmx
2026-09-19 17:45:25 | INFO     | Saving at a/skeb/Oo____xmx-8d5b8a.json
2026-09-19 17:45:26 | INFO     | OK https://skeb.jp/api/users/xxoxx_01a
2026-09-19 17:45:26 | INFO     | Saving at a/skeb/xxoxx_01a-d8dbd1.json
2026-09-19 17:45:27 | INFO     | OK https://skeb.jp/api/users/aioao100
2026-09-19 17:45:27 | INFO     | Saving at a/skeb/aioao100-892117.json
2026-09-19 17:45:28 | INFO     | OK https://skeb.jp/api/users/Butaoink_555
2026-09-19 17:45:28 | INFO     | Saving at a/skeb/Butaoink_555-fe2fbc.json
2026-09-19 17:45:29 | INFO     | OK https://skeb.jp/api/users/saty_ill_voice
2026-09-19 17:45:29 | INFO     | Saving at a/skeb/saty_ill_voice-d7ddb0.json
2026-09-19 17:45:30 | INFO     | OK https://skeb.jp/api/users/z_z__Z_cat
2026-09-19 17:45:30 | INFO     | Saving at a/skeb/z_z__Z_cat-05572e.json
2026-09-19 17:45:31 | INFO     | OK https://skeb.jp/api/users/9pokamoyo
2026-09-19 17:45:31 | INFO     | Saving at a/skeb/9pokamoyo-395231.json
2026-09-19 17:45:32 | INFO     | OK https://skeb.jp/api/users/mejiro_pi
2026-09-19 17:45:32 | INFO     | Saving at a/skeb/mejiro_pi-f4e6c3.json
2026-09-19 17:45:33 | INFO     | OK https://skeb.jp/api/users/yuri_fuwari
2026-09-19 17:45:33 | INFO     | Saving at a/skeb/yuri_fuwari-35706b.json
2026-09-19 17:45:34 | INFO     | OK https://skeb.jp/api/users/gumi_9357
2026-09-19 17:45:34 | INFO     | Saving at a/skeb/gumi_9357-75271d.json
2026-09-19 17:45:35 | INFO     | OK https://skeb.jp/api/users/75G7oO7KRMu827J
2026-09-19 17:45:35 | INFO     | Saving at a/skeb/75G7oO7KRMu827J-323560.json
2026-09-19 17:45:36 | INFO     | OK https://skeb.jp/api/users/koyalilo
2026-09-19 17:45:36 | INFO     | Saving at a/skeb/koyalilo-cef518.json
2026-09-19 17:45:37 | INFO     | OK https://skeb.jp/api/users/krkrnmr_
2026-09-19 17:45:37 | INFO     | Saving at a/skeb/krkrnmr_-d7c5a7.json
2026-09-19 17:45:38 | INFO     | OK https://skeb.jp/api/users/Rize129_oo
2026-09-19 17:45:38 | INFO     | Saving at a/skeb/Rize129_oo-a8bf17.json
2026-09-19 17:45:39 | INFO     | OK https://skeb.jp/api/users/CLQarts
2026-09-19 17:45:39 | INFO     | Saving at a/skeb/CLQarts-21378f.json
2026-09-19 17:45:40 | INFO     | OK https://skeb.jp/api/users/yokoshima696969
2026-09-19 17:45:40 | INFO     | Saving at a/skeb/yokoshima696969-be0334.json
2026-09-19 17:45:41 | INFO     | OK https://skeb.jp/api/users/ikou_56
2026-09-19 17:45:41 | INFO     | Saving at a/skeb/ikou_56-8a6a3e.json
2026-09-19 17:45:42 | INFO     | OK https://skeb.jp/api/users/cexwdq
2026-09-19 17:45:42 | INFO     | Saving at a/skeb/cexwdq-61405f.json
2026-09-19 17:45:43 | INFO     | OK https://skeb.jp/api/users/ratemodoki
2026-09-19 17:45:43 | INFO     | Saving at a/skeb/ratemodoki-9835ec.json
2026-09-19 17:45:44 | INFO     | OK https://skeb.jp/api/users/Ototo1_3
2026-09-19 17:45:44 | INFO     | Saving at a/skeb/Ototo1_3-3682f3.json
2026-09-19 17:45:45 | INFO     | OK https://skeb.jp/api/users/ikuchan_kaoru
2026-09-19 17:45:45 | INFO     | Saving at a/skeb/ikuchan_kaoru-1c0ae6.json
2026-09-19 17:45:46 | INFO     | OK https://skeb.jp/api/users/anohito_x
2026-09-19 17:45:46 | INFO     | Saving at a/skeb/anohito_x-be1513.json
2026-09-19 17:45:47 | INFO     | OK https://skeb.jp/api/users/Nobabys_perfect
2026-09-19 17:45:47 | INFO     | Saving at a/skeb/Nobabys_perfect-8b43be.json
2026-09-19 17:45:48 | INFO     | OK https://skeb.jp/api/users/NEK0_DESU_0709
2026-09-19 17:45:48 | INFO     | Saving at a/skeb/NEK0_DESU_0709-27972d.json
2026-09-19 17:45:49 | INFO     | OK https://skeb.jp/api/users/JENESUSHI
2026-09-19 17:45:49 | INFO     | Saving at a/skeb/JENESUSHI-3f1b0b.json
2026-09-19 17:45:50 | INFO     | OK https://skeb.jp/api/users/H047E
2026-09-19 17:45:50 | INFO     | Saving at a/skeb/H047E-6865a6.json
2026-09-19 17:45:51 | INFO     | OK https://skeb.jp/api/users/jdigivfzgsbsigc
2026-09-19 17:45:51 | INFO     | Saving at a/skeb/jdigivfzgsbsigc-74cd46.json
2026-09-19 17:45:52 | INFO     | OK https://skeb.jp/api/users/kaiware5339
2026-09-19 17:45:52 | INFO     | Saving at a/skeb/kaiware5339-f22e5a.json
2026-09-19 17:45:53 | INFO     | OK https://skeb.jp/api/users/souvenir
2026-09-19 17:45:53 | INFO     | Saving at a/skeb/souvenir-59b782.json
2026-09-19 17:45:54 | INFO     | OK https://skeb.jp/api/users/pnemo_color
2026-09-19 17:45:54 | INFO     | Saving at a/skeb/pnemo_color-f7e7ed.json
2026-09-19 17:45:55 | INFO     | OK https://skeb.jp/api/users/SH2A3EHJ96zEC1s
2026-09-19 17:45:55 | INFO     | Saving at a/skeb/SH2A3EHJ96zEC1s-8a962f.json
2026-09-19 17:45:56 | INFO     | OK https://skeb.jp/api/users/majideka_skeb
2026-09-19 17:45:56 | INFO     | Saving at a/skeb/majideka_skeb-2712f3.json
2026-09-19 17:45:57 | INFO     | OK https://skeb.jp/api/users/iriaaaaaa0w0
2026-09-19 17:45:57 | INFO     | Saving at a/skeb/iriaaaaaa0w0-e8b5b5.json
2026-09-19 17:45:58 | INFO     | OK https://skeb.jp/api/users/mmck111
2026-09-19 17:45:58 | INFO     | Saving at a/skeb/mmck111-b7f82b.json
2026-09-19 17:45:59 | INFO     | OK https://skeb.jp/api/users/yoru8st
2026-09-19 17:45:59 | INFO     | Saving at a/skeb/yoru8st-07b550.json
2026-09-19 17:46:00 | INFO     | OK https://skeb.jp/api/users/binssen
2026-09-19 17:46:00 | INFO     | Saving at a/skeb/binssen-cc2739.json
2026-09-19 17:46:01 | INFO     | OK https://skeb.jp/api/users/yorinoa
2026-09-19 17:46:01 | INFO     | Saving at a/skeb/yorinoa-3c1dee.json
2026-09-19 17:46:02 | INFO     | OK https://skeb.jp/api/users/KIBADORI_Rue
2026-09-19 17:46:02 | INFO     | Saving at a/skeb/KIBADORI_Rue-6cda70.json
2026-09-19 17:46:03 | INFO     | OK https://skeb.jp/api/users/tdtk18
2026-09-19 17:46:03 | INFO     | Saving at a/skeb/tdtk18-17dd4d.json
2026-09-19 17:46:04 | INFO     | OK https://skeb.jp/api/users/semi3_3
2026-09-19 17:46:04 | INFO     | Saving at a/skeb/semi3_3-55427c.json
2026-09-19 17:46:05 | INFO     | OK https://skeb.jp/api/users/Hinomiya_sousak
2026-09-19 17:46:05 | INFO     | Saving at a/skeb/Hinomiya_sousak-a7344c.json
2026-09-19 17:46:06 | INFO     | OK https://skeb.jp/api/users/kotokoto_1147
2026-09-19 17:46:06 | INFO     | Saving at a/skeb/kotokoto_1147-3b4eb7.json
2026-09-19 17:46:07 | INFO     | OK https://skeb.jp/api/users/yohikooooo
2026-09-19 17:46:07 | INFO     | Saving at a/skeb/yohikooooo-5c200c.json
2026-09-19 17:46:08 | INFO     | OK https://skeb.jp/api/users/jorxxn
2026-09-19 17:46:08 | INFO     | Saving at a/skeb/jorxxn-d017e5.json
2026-09-19 17:46:09 | INFO     | OK https://skeb.jp/api/users/YNMR3
2026-09-19 17:46:09 | INFO     | Saving at a/skeb/YNMR3-06661f.json
2026-09-19 17:46:10 | INFO     | OK https://skeb.jp/api/users/CANOP_s
2026-09-19 17:46:10 | INFO     | Saving at a/skeb/CANOP_s-6f231c.json
2026-09-19 17:46:11 | INFO     | OK https://skeb.jp/api/users/kawaii_saikyo__
2026-09-19 17:46:11 | INFO     | Saving at a/skeb/kawaii_saikyo__-babb20.json
2026-09-19 17:46:12 | INFO     | OK https://skeb.jp/api/users/metyayurusu
2026-09-19 17:46:12 | INFO     | Saving at a/skeb/metyayurusu-600a42.json
2026-09-19 17:46:13 | INFO     | OK https://skeb.jp/api/users/suttobi_neko
2026-09-19 17:46:13 | INFO     | Saving at a/skeb/suttobi_neko-114460.json
2026-09-19 17:46:14 | INFO     | OK https://skeb.jp/api/users/henka_suki
2026-09-19 17:46:14 | INFO     | Saving at a/skeb/henka_suki-fc51c2.json
2026-09-19 17:46:15 | INFO     | OK https://skeb.jp/api/users/2ki6ura_
2026-09-19 17:46:15 | INFO     | Saving at a/skeb/2ki6ura_-440566.json
2026-09-19 17:46:16 | INFO     | OK https://skeb.jp/api/users/HUqtt
2026-09-19 17:46:16 | INFO     | Saving at a/skeb/HUqtt-91ea06.json
2026-09-19 17:46:17 | INFO     | OK https://skeb.jp/api/users/re1
2026-09-19 17:46:17 | INFO     | Saving at a/skeb/re1-f8e6c9.json
2026-09-19 17:46:18 | INFO     | OK https://skeb.jp/api/users/nnnnnnegi_2
2026-09-19 17:46:18 | INFO     | Saving at a/skeb/nnnnnnegi_2-5e6a89.json
2026-09-19 17:46:19 | INFO     | OK https://skeb.jp/api/users/k0banzame_omo
2026-09-19 17:46:19 | INFO     | Saving at a/skeb/k0banzame_omo-85d322.json
2026-09-19 17:46:20 | INFO     | OK https://skeb.jp/api/users/44tanutanu
2026-09-19 17:46:20 | INFO     | Saving at a/skeb/44tanutanu-95bd5b.json
2026-09-19 17:46:21 | INFO     | OK https://skeb.jp/api/users/hasunohato_
2026-09-19 17:46:21 | INFO     | Saving at a/skeb/hasunohato_-6ab511.json
2026-09-19 17:46:22 | INFO     | OK https://skeb.jp/api/users/teu_mini
2026-09-19 17:46:22 | INFO     | Saving at a/skeb/teu_mini-4c8e46.json
2026-09-19 17:46:23 | INFO     | OK https://skeb.jp/api/users/Otsubu0
2026-09-19 17:46:23 | INFO     | Saving at a/skeb/Otsubu0-829495.json
2026-09-19 17:46:24 | INFO     | OK https://skeb.jp/api/users/kamaboko903
2026-09-19 17:46:24 | INFO     | Saving at a/skeb/kamaboko903-5d046a.json
2026-09-19 17:46:25 | INFO     | OK https://skeb.jp/api/users/rB4BMwXoxbfxsL9
2026-09-19 17:46:25 | INFO     | Saving at a/skeb/rB4BMwXoxbfxsL9-796dc1.json
2026-09-19 17:46:26 | INFO     | OK https://skeb.jp/api/users/naop03
2026-09-19 17:46:26 | INFO     | Saving at a/skeb/naop03-c92ded.json
2026-09-19 17:46:27 | INFO     | OK https://skeb.jp/api/users/Yield_R
2026-09-19 17:46:27 | INFO     | Saving at a/skeb/Yield_R-f06298.json
2026-09-19 17:46:28 | INFO     | OK https://skeb.jp/api/users/manochan
2026-09-19 17:46:28 | INFO     | Saving at a/skeb/manochan-52c982.json
2026-09-19 17:46:29 | INFO     | OK https://skeb.jp/api/users/Bakuhadaze
2026-09-19 17:46:29 | INFO     | Saving at a/skeb/Bakuhadaze-e91080.json
2026-09-19 17:46:30 | INFO     | OK https://skeb.jp/api/users/UDNdn
2026-09-19 17:46:30 | INFO     | Saving at a/skeb/UDNdn-c73444.json
2026-09-19 17:46:31 | INFO     | OK https://skeb.jp/api/users/chani_531
2026-09-19 17:46:31 | INFO     | Saving at a/skeb/chani_531-8a8a7f.json
2026-09-19 17:46:32 | INFO     | OK https://skeb.jp/api/users/chocomint_null
2026-09-19 17:46:32 | INFO     | Saving at a/skeb/chocomint_null-4e8051.json
2026-09-19 17:46:33 | INFO     | OK https://skeb.jp/api/users/AkaTsuki_0822
2026-09-19 17:46:33 | INFO     | Saving at a/skeb/AkaTsuki_0822-361aea.json
2026-09-19 17:46:34 | INFO     | OK https://skeb.jp/api/users/dcrowly
2026-09-19 17:46:34 | INFO     | Saving at a/skeb/dcrowly-44b989.json
2026-09-19 17:46:35 | INFO     | OK https://skeb.jp/api/users/13_dekutori
2026-09-19 17:46:35 | INFO     | Saving at a/skeb/13_dekutori-17b8da.json
2026-09-19 17:46:36 | INFO     | OK https://skeb.jp/api/users/_q_QTq
2026-09-19 17:46:36 | INFO     | Saving at a/skeb/_q_QTq-e0d325.json
2026-09-19 17:46:37 | INFO     | OK https://skeb.jp/api/users/OocCrs
2026-09-19 17:46:37 | INFO     | Saving at a/skeb/OocCrs-1e6166.json
2026-09-19 17:46:38 | INFO     | OK https://skeb.jp/api/users/muzinataro2021
2026-09-19 17:46:38 | INFO     | Saving at a/skeb/muzinataro2021-79461b.json
2026-09-19 17:46:39 | INFO     | OK https://skeb.jp/api/users/hibi89_
2026-09-19 17:46:39 | INFO     | Saving at a/skeb/hibi89_-826f6a.json
2026-09-19 17:46:40 | INFO     | OK https://skeb.jp/api/users/pomedog1
2026-09-19 17:46:40 | INFO     | Saving at a/skeb/pomedog1-b3e983.json
2026-09-19 17:46:41 | INFO     | OK https://skeb.jp/api/users/HanetsukiYcaseY
2026-09-19 17:46:41 | INFO     | Saving at a/skeb/HanetsukiYcaseY-3c4df4.json
2026-09-19 17:46:42 | INFO     | OK https://skeb.jp/api/users/nemochi1021
2026-09-19 17:46:42 | INFO     | Saving at a/skeb/nemochi1021-faf07f.json
2026-09-19 17:46:43 | INFO     | OK https://skeb.jp/api/users/I_7190_I
2026-09-19 17:46:43 | INFO     | Saving at a/skeb/I_7190_I-998a65.json
2026-09-19 17:46:44 | INFO     | OK https://skeb.jp/api/users/yppah_omom
2026-09-19 17:46:44 | INFO     | Saving at a/skeb/yppah_omom-a7cbb4.json
2026-09-19 17:46:45 | INFO     | OK https://skeb.jp/api/users/hebitoguro_op
2026-09-19 17:46:45 | INFO     | Saving at a/skeb/hebitoguro_op-240441.json
2026-09-19 17:46:46 | INFO     | OK https://skeb.jp/api/users/moru147650
2026-09-19 17:46:46 | INFO     | Saving at a/skeb/moru147650-adc3ca.json
2026-09-19 17:46:47 | INFO     | OK https://skeb.jp/api/users/017ri
2026-09-19 17:46:47 | INFO     | Saving at a/skeb/017ri-688cbb.json
2026-09-19 17:46:48 | INFO     | OK https://skeb.jp/api/users/kuroiroku961
2026-09-19 17:46:48 | INFO     | Saving at a/skeb/kuroiroku961-bcdef8.json
2026-09-19 17:46:49 | INFO     | OK https://skeb.jp/api/users/zis2Le
2026-09-19 17:46:49 | INFO     | Saving at a/skeb/zis2Le-2332f5.json
2026-09-19 17:46:50 | INFO     | OK https://skeb.jp/api/users/hamico0320
2026-09-19 17:46:50 | INFO     | Saving at a/skeb/hamico0320-7989b5.json
2026-09-19 17:46:51 | INFO     | OK https://skeb.jp/api/users/sharknes_Head
2026-09-19 17:46:51 | INFO     | Saving at a/skeb/sharknes_Head-da9cb9.json
2026-09-19 17:46:52 | INFO     | OK https://skeb.jp/api/users/Hizikata398
2026-09-19 17:46:52 | INFO     | Saving at a/skeb/Hizikata398-200a9b.json
2026-09-19 17:46:53 | INFO     | OK https://skeb.jp/api/users/Fukaya_Yu
2026-09-19 17:46:53 | INFO     | Saving at a/skeb/Fukaya_Yu-a1cdc9.json
2026-09-19 17:46:54 | INFO     | OK https://skeb.jp/api/users/sgylk
2026-09-19 17:46:54 | INFO     | Saving at a/skeb/sgylk-de58b8.json
2026-09-19 17:46:55 | INFO     | OK https://skeb.jp/api/users/nekomaru963
2026-09-19 17:46:55 | INFO     | Saving at a/skeb/nekomaru963-41d604.json
2026-09-19 17:46:56 | INFO     | OK https://skeb.jp/api/users/eziezi_
2026-09-19 17:46:56 | INFO     | Saving at a/skeb/eziezi_-635acc.json
2026-09-19 17:46:57 | INFO     | OK https://skeb.jp/api/users/Maton_Mayno
2026-09-19 17:46:57 | INFO     | Saving at a/skeb/Maton_Mayno-66b153.json
2026-09-19 17:46:58 | INFO     | OK https://skeb.jp/api/users/mitsume310i
2026-09-19 17:46:58 | INFO     | Saving at a/skeb/mitsume310i-8df63f.json
2026-09-19 17:46:59 | INFO     | OK https://skeb.jp/api/users/PPPPUUUUU_Guy
2026-09-19 17:46:59 | INFO     | Saving at a/skeb/PPPPUUUUU_Guy-053643.json
2026-09-19 17:47:00 | INFO     | OK https://skeb.jp/api/users/pookenine
2026-09-19 17:47:00 | INFO     | Saving at a/skeb/pookenine-f5ef07.json
2026-09-19 17:47:01 | INFO     | OK https://skeb.jp/api/users/pmpmmochi
2026-09-19 17:47:01 | INFO     | Saving at a/skeb/pmpmmochi-948540.json
2026-09-19 17:47:02 | INFO     | OK https://skeb.jp/api/users/shiomimidesu
2026-09-19 17:47:02 | INFO     | Saving at a/skeb/shiomimidesu-8515fd.json
2026-09-19 17:47:03 | INFO     | OK https://skeb.jp/api/users/tenchou_10eki
2026-09-19 17:47:03 | INFO     | Saving at a/skeb/tenchou_10eki-1fce26.json
2026-09-19 17:47:04 | INFO     | OK https://skeb.jp/api/users/umnmzo0
2026-09-19 17:47:04 | INFO     | Saving at a/skeb/umnmzo0-321039.json
2026-09-19 17:47:05 | INFO     | OK https://skeb.jp/api/users/echidango
2026-09-19 17:47:05 | INFO     | Saving at a/skeb/echidango-57e533.json
2026-09-19 17:47:06 | INFO     | OK https://skeb.jp/api/users/usodeeeeeesu
2026-09-19 17:47:06 | INFO     | Saving at a/skeb/usodeeeeeesu-cf35cb.json
2026-09-19 17:47:07 | INFO     | OK https://skeb.jp/api/users/zmzm_hiji
2026-09-19 17:47:07 | INFO     | Saving at a/skeb/zmzm_hiji-d13961.json
2026-09-19 17:47:08 | INFO     | OK https://skeb.jp/api/users/mochinekodango
2026-09-19 17:47:08 | INFO     | Saving at a/skeb/mochinekodango-23ba91.json
2026-09-19 17:47:09 | INFO     | OK https://skeb.jp/api/users/chibichan_TRPG
2026-09-19 17:47:09 | INFO     | Saving at a/skeb/chibichan_TRPG-5f3749.json
2026-09-19 17:47:10 | INFO     | OK https://skeb.jp/api/users/SousakuAme072
2026-09-19 17:47:10 | INFO     | Saving at a/skeb/SousakuAme072-2c64d5.json
2026-09-19 17:47:11 | INFO     | OK https://skeb.jp/api/users/2013Randk
2026-09-19 17:47:11 | INFO     | Saving at a/skeb/2013Randk-8420d6.json
2026-09-19 17:47:12 | INFO     | OK https://skeb.jp/api/users/S_C_rebuild
2026-09-19 17:47:12 | INFO     | Saving at a/skeb/S_C_rebuild-724532.json
2026-09-19 17:47:13 | INFO     | OK https://skeb.jp/api/users/sotsunaku
2026-09-19 17:47:13 | INFO     | Saving at a/skeb/sotsunaku-3e5431.json
2026-09-19 17:47:14 | INFO     | OK https://skeb.jp/api/users/unimaro_vrc
2026-09-19 17:47:14 | INFO     | Saving at a/skeb/unimaro_vrc-975eb6.json
2026-09-19 17:47:15 | INFO     | OK https://skeb.jp/api/users/meronpan0146
2026-09-19 17:47:15 | INFO     | Saving at a/skeb/meronpan0146-ccbb72.json
2026-09-19 17:47:16 | INFO     | OK https://skeb.jp/api/users/Keine_yuusya
2026-09-19 17:47:16 | INFO     | Saving at a/skeb/Keine_yuusya-4a4853.json
2026-09-19 17:47:17 | INFO     | OK https://skeb.jp/api/users/chicoguru
2026-09-19 17:47:17 | INFO     | Saving at a/skeb/chicoguru-9c26d0.json
2026-09-19 17:47:18 | INFO     | OK https://skeb.jp/api/users/light_matsuko
2026-09-19 17:47:18 | INFO     | Saving at a/skeb/light_matsuko-3d531a.json
2026-09-19 17:47:19 | INFO     | OK https://skeb.jp/api/users/15furikake
2026-09-19 17:47:19 | INFO     | Saving at a/skeb/15furikake-033fd9.json
2026-09-19 17:47:20 | INFO     | OK https://skeb.jp/api/users/gyarinrin358
2026-09-19 17:47:20 | INFO     | Saving at a/skeb/gyarinrin358-1e2655.json
2026-09-19 17:47:21 | INFO     | OK https://skeb.jp/api/users/poke_battle13
2026-09-19 17:47:21 | INFO     | Saving at a/skeb/poke_battle13-1b5b46.json
2026-09-19 17:47:22 | INFO     | OK https://skeb.jp/api/users/1m_ochin
2026-09-19 17:47:22 | INFO     | Saving at a/skeb/1m_ochin-296688.json
2026-09-19 17:47:23 | INFO     | OK https://skeb.jp/api/users/crouchingstart1
2026-09-19 17:47:23 | INFO     | Saving at a/skeb/crouchingstart1-0d284b.json
2026-09-19 17:47:24 | INFO     | OK https://skeb.jp/api/users/Leek653124710
2026-09-19 17:47:24 | INFO     | Saving at a/skeb/Leek653124710-b4bd31.json
2026-09-19 17:47:25 | INFO     | OK https://skeb.jp/api/users/OFLO_UP
2026-09-19 17:47:25 | INFO     | Saving at a/skeb/OFLO_UP-60991a.json
2026-09-19 17:47:26 | INFO     | OK https://skeb.jp/api/users/inaduki1
2026-09-19 17:47:26 | INFO     | Saving at a/skeb/inaduki1-1a35be.json
2026-09-19 17:47:27 | INFO     | OK https://skeb.jp/api/users/una_chanko
2026-09-19 17:47:27 | INFO     | Saving at a/skeb/una_chanko-b07460.json
2026-09-19 17:47:28 | INFO     | OK https://skeb.jp/api/users/90kyuuri
2026-09-19 17:47:28 | INFO     | Saving at a/skeb/90kyuuri-504fe0.json
2026-09-19 17:47:29 | INFO     | OK https://skeb.jp/api/users/umykwa
2026-09-19 17:47:29 | INFO     | Saving at a/skeb/umykwa-25dd86.json
2026-09-19 17:47:30 | INFO     | OK https://skeb.jp/api/users/aaruganbaru
2026-09-19 17:47:30 | INFO     | Saving at a/skeb/aaruganbaru-95659e.json
2026-09-19 17:47:31 | INFO     | OK https://skeb.jp/api/users/Ritosmile25
2026-09-19 17:47:31 | INFO     | Saving at a/skeb/Ritosmile25-9af1ec.json
2026-09-19 17:47:32 | INFO     | OK https://skeb.jp/api/users/kafuebin
2026-09-19 17:47:32 | INFO     | Saving at a/skeb/kafuebin-58d768.json
2026-09-19 17:47:33 | INFO     | OK https://skeb.jp/api/users/potechi2day
2026-09-19 17:47:33 | INFO     | Saving at a/skeb/potechi2day-ef785e.json
2026-09-19 17:47:34 | INFO     | OK https://skeb.jp/api/users/nisida_2424
2026-09-19 17:47:34 | INFO     | Saving at a/skeb/nisida_2424-4f89ce.json
2026-09-19 17:47:35 | INFO     | OK https://skeb.jp/api/users/Tifa_Type_R
2026-09-19 17:47:35 | INFO     | Saving at a/skeb/Tifa_Type_R-291344.json
2026-09-19 17:47:36 | INFO     | OK https://skeb.jp/api/users/snpnpepe
2026-09-19 17:47:36 | INFO     | Saving at a/skeb/snpnpepe-605ec1.json
2026-09-19 17:47:37 | INFO     | OK https://skeb.jp/api/users/Sori0414
2026-09-19 17:47:37 | INFO     | Saving at a/skeb/Sori0414-308d4e.json
2026-09-19 17:47:38 | INFO     | OK https://skeb.jp/api/users/gi4_xz
2026-09-19 17:47:38 | INFO     | Saving at a/skeb/gi4_xz-a51e42.json
2026-09-19 17:47:39 | INFO     | OK https://skeb.jp/api/users/giraffe_beer
2026-09-19 17:47:39 | INFO     | Saving at a/skeb/giraffe_beer-097798.json
2026-09-19 17:47:40 | INFO     | OK https://skeb.jp/api/users/quyghg551236
2026-09-19 17:47:40 | INFO     | Saving at a/skeb/quyghg551236-3c2ae4.json
2026-09-19 17:47:41 | INFO     | OK https://skeb.jp/api/users/24zinineyou
2026-09-19 17:47:41 | INFO     | Saving at a/skeb/24zinineyou-b525f4.json
2026-09-19 17:47:42 | INFO     | OK https://skeb.jp/api/users/inu_to_tanpopo2
2026-09-19 17:47:42 | INFO     | Saving at a/skeb/inu_to_tanpopo2-fd54b9.json
2026-09-19 17:47:43 | INFO     | OK https://skeb.jp/api/users/halt_
2026-09-19 17:47:43 | INFO     | Saving at a/skeb/halt_-7a6557.json
2026-09-19 17:47:44 | INFO     | OK https://skeb.jp/api/users/tenkenEX
2026-09-19 17:47:44 | INFO     | Saving at a/skeb/tenkenEX-0a459a.json
2026-09-19 17:47:45 | INFO     | OK https://skeb.jp/api/users/yasaago_desu
2026-09-19 17:47:45 | INFO     | Saving at a/skeb/yasaago_desu-a86e73.json
2026-09-19 17:47:46 | INFO     | OK https://skeb.jp/api/users/33bun3
2026-09-19 17:47:46 | INFO     | Saving at a/skeb/33bun3-abfbcc.json
2026-09-19 17:47:47 | INFO     | OK https://skeb.jp/api/users/r_aritarou
2026-09-19 17:47:47 | INFO     | Saving at a/skeb/r_aritarou-35dc19.json
2026-09-19 17:47:48 | INFO     | OK https://skeb.jp/api/users/_chamamel
2026-09-19 17:47:48 | INFO     | Saving at a/skeb/_chamamel-65bd83.json
2026-09-19 17:47:49 | INFO     | OK https://skeb.jp/api/users/toymark_jp
2026-09-19 17:47:49 | INFO     | Saving at a/skeb/toymark_jp-76f5cd.json
2026-09-19 17:47:50 | INFO     | OK https://skeb.jp/api/users/_431642
2026-09-19 17:47:50 | INFO     | Saving at a/skeb/_431642-841e9b.json
2026-09-19 17:47:51 | INFO     | OK https://skeb.jp/api/users/U2coq
2026-09-19 17:47:51 | INFO     | Saving at a/skeb/U2coq-009336.json
2026-09-19 17:47:52 | INFO     | OK https://skeb.jp/api/users/mgr_skb
2026-09-19 17:47:52 | INFO     | Saving at a/skeb/mgr_skb-f27a27.json
2026-09-19 17:47:53 | INFO     | OK https://skeb.jp/api/users/gawagawa_10
2026-09-19 17:47:53 | INFO     | Saving at a/skeb/gawagawa_10-5503a1.json
2026-09-19 17:47:54 | INFO     | OK https://skeb.jp/api/users/Tutihumaz77
2026-09-19 17:47:54 | INFO     | Saving at a/skeb/Tutihumaz77-dc7b23.json
2026-09-19 17:47:55 | INFO     | OK https://skeb.jp/api/users/yuhi_san_oxo
2026-09-19 17:47:55 | INFO     | Saving at a/skeb/yuhi_san_oxo-829dad.json
2026-09-19 17:47:56 | INFO     | OK https://skeb.jp/api/users/seitei04
2026-09-19 17:47:56 | INFO     | Saving at a/skeb/seitei04-860d1d.json
2026-09-19 17:47:57 | INFO     | OK https://skeb.jp/api/users/asiato_mbo
2026-09-19 17:47:57 | INFO     | Saving at a/skeb/asiato_mbo-5679b9.json
2026-09-19 17:47:58 | INFO     | OK https://skeb.jp/api/users/wat4si
2026-09-19 17:47:58 | INFO     | Saving at a/skeb/wat4si-a613a2.json
2026-09-19 17:47:59 | INFO     | OK https://skeb.jp/api/users/amato_life_
2026-09-19 17:47:59 | INFO     | Saving at a/skeb/amato_life_-3d5659.json
2026-09-19 17:48:00 | INFO     | OK https://skeb.jp/api/users/yaponishi
2026-09-19 17:48:00 | INFO     | Saving at a/skeb/yaponishi-d809e0.json
2026-09-19 17:48:01 | INFO     | OK https://skeb.jp/api/users/harusamsrd
2026-09-19 17:48:01 | INFO     | Saving at a/skeb/harusamsrd-8f231f.json
2026-09-19 17:48:02 | INFO     | OK https://skeb.jp/api/users/mo_error_mo
2026-09-19 17:48:02 | INFO     | Saving at a/skeb/mo_error_mo-b7bc00.json
2026-09-19 17:48:03 | INFO     | OK https://skeb.jp/api/users/Hoshimuma
2026-09-19 17:48:03 | INFO     | Saving at a/skeb/Hoshimuma-255fa6.json
2026-09-19 17:48:04 | INFO     | OK https://skeb.jp/api/users/Love2Slip
2026-09-19 17:48:04 | INFO     | Saving at a/skeb/Love2Slip-3fb331.json
2026-09-19 17:48:05 | INFO     | OK https://skeb.jp/api/users/futoshi_95
2026-09-19 17:48:05 | INFO     | Saving at a/skeb/futoshi_95-7935b9.json
2026-09-19 17:48:06 | INFO     | OK https://skeb.jp/api/users/24crabshop
2026-09-19 17:48:06 | INFO     | Saving at a/skeb/24crabshop-3c6164.json
2026-09-19 17:48:07 | INFO     | OK https://skeb.jp/api/users/tamuto_sub
2026-09-19 17:48:07 | INFO     | Saving at a/skeb/tamuto_sub-335295.json
2026-09-19 17:48:08 | INFO     | OK https://skeb.jp/api/users/batten12_j
2026-09-19 17:48:08 | INFO     | Saving at a/skeb/batten12_j-1da567.json
2026-09-19 17:48:09 | INFO     | OK https://skeb.jp/api/users/scl_HaruAki
2026-09-19 17:48:09 | INFO     | Saving at a/skeb/scl_HaruAki-05e77e.json
2026-09-19 17:48:10 | INFO     | OK https://skeb.jp/api/users/No0BluePrint
2026-09-19 17:48:10 | INFO     | Saving at a/skeb/No0BluePrint-6a2bd6.json
2026-09-19 17:48:11 | INFO     | OK https://skeb.jp/api/users/hsd145
2026-09-19 17:48:11 | INFO     | Saving at a/skeb/hsd145-a245ee.json
2026-09-19 17:48:12 | INFO     | OK https://skeb.jp/api/users/subitskne
2026-09-19 17:48:12 | INFO     | Saving at a/skeb/subitskne-aff9e6.json
2026-09-19 17:48:13 | INFO     | OK https://skeb.jp/api/users/masso_nullbuilt
2026-09-19 17:48:13 | INFO     | Saving at a/skeb/masso_nullbuilt-bfa0ad.json
2026-09-19 17:48:14 | INFO     | OK https://skeb.jp/api/users/You_Re622
2026-09-19 17:48:14 | INFO     | Saving at a/skeb/You_Re622-e64f87.json
2026-09-19 17:48:15 | INFO     | OK https://skeb.jp/api/users/metro04_
2026-09-19 17:48:15 | INFO     | Saving at a/skeb/metro04_-eecdf1.json
2026-09-19 17:48:16 | INFO     | OK https://skeb.jp/api/users/chuchun_sub
2026-09-19 17:48:16 | INFO     | Saving at a/skeb/chuchun_sub-c43111.json
2026-09-19 17:48:17 | INFO     | OK https://skeb.jp/api/users/camel8rear
2026-09-19 17:48:17 | INFO     | Saving at a/skeb/camel8rear-655d39.json
2026-09-19 17:48:18 | INFO     | OK https://skeb.jp/api/users/gomi8931
2026-09-19 17:48:18 | INFO     | Saving at a/skeb/gomi8931-6f0352.json
2026-09-19 17:48:19 | INFO     | OK https://skeb.jp/api/users/MEXON50621440
2026-09-19 17:48:19 | INFO     | Saving at a/skeb/MEXON50621440-5d0e34.json
2026-09-19 17:48:20 | INFO     | OK https://skeb.jp/api/users/Cq_kk5
2026-09-19 17:48:20 | INFO     | Saving at a/skeb/Cq_kk5-91906d.json
2026-09-19 17:48:21 | INFO     | OK https://skeb.jp/api/users/_15pnt
2026-09-19 17:48:21 | INFO     | Saving at a/skeb/_15pnt-04405c.json
2026-09-19 17:48:22 | INFO     | OK https://skeb.jp/api/users/suzrai63
2026-09-19 17:48:22 | INFO     | Saving at a/skeb/suzrai63-2d4699.json
2026-09-19 17:48:23 | INFO     | OK https://skeb.jp/api/users/SPSRC
2026-09-19 17:48:23 | INFO     | Saving at a/skeb/SPSRC-0b67b2.json
2026-09-19 17:48:24 | INFO     | OK https://skeb.jp/api/users/h_n_k_u
2026-09-19 17:48:24 | INFO     | Saving at a/skeb/h_n_k_u-4e35ca.json
2026-09-19 17:48:25 | INFO     | OK https://skeb.jp/api/users/aono_mii
2026-09-19 17:48:25 | INFO     | Saving at a/skeb/aono_mii-a8059e.json
2026-09-19 17:48:26 | INFO     | OK https://skeb.jp/api/users/ya_276n
2026-09-19 17:48:26 | INFO     | Saving at a/skeb/ya_276n-928346.json
2026-09-19 17:48:27 | INFO     | OK https://skeb.jp/api/users/pandasou5566
2026-09-19 17:48:27 | INFO     | Saving at a/skeb/pandasou5566-44c66d.json
2026-09-19 17:48:28 | INFO     | OK https://skeb.jp/api/users/_32miya107
2026-09-19 17:48:28 | INFO     | Saving at a/skeb/_32miya107-3108ab.json
2026-09-19 17:48:29 | INFO     | OK https://skeb.jp/api/users/sohdvh_Khos_ph
2026-09-19 17:48:29 | INFO     | Saving at a/skeb/sohdvh_Khos_ph-d00759.json
2026-09-19 17:48:30 | INFO     | OK https://skeb.jp/api/users/720ge
2026-09-19 17:48:30 | INFO     | Saving at a/skeb/720ge-413a4d.json
2026-09-19 17:48:31 | INFO     | OK https://skeb.jp/api/users/masatoff
2026-09-19 17:48:31 | INFO     | Saving at a/skeb/masatoff-d366db.json
2026-09-19 17:48:32 | INFO     | OK https://skeb.jp/api/users/nekozenaamatou
2026-09-19 17:48:32 | INFO     | Saving at a/skeb/nekozenaamatou-8f4478.json
2026-09-19 17:48:33 | INFO     | OK https://skeb.jp/api/users/imno_ir
2026-09-19 17:48:33 | INFO     | Saving at a/skeb/imno_ir-3978d1.json
2026-09-19 17:48:34 | INFO     | OK https://skeb.jp/api/users/karadakitaeyou
2026-09-19 17:48:34 | INFO     | Saving at a/skeb/karadakitaeyou-72d3f7.json
2026-09-19 17:48:35 | INFO     | OK https://skeb.jp/api/users/tsukitokage
2026-09-19 17:48:35 | INFO     | Saving at a/skeb/tsukitokage-3a02ff.json
2026-09-19 17:48:36 | INFO     | OK https://skeb.jp/api/users/moln9o
2026-09-19 17:48:36 | INFO     | Saving at a/skeb/moln9o-43a299.json
2026-09-19 17:48:37 | INFO     | OK https://skeb.jp/api/users/CdqQlz
2026-09-19 17:48:37 | INFO     | Saving at a/skeb/CdqQlz-258b5c.json
2026-09-19 17:48:38 | INFO     | OK https://skeb.jp/api/users/5IDA8ngceH
2026-09-19 17:48:38 | INFO     | Saving at a/skeb/5IDA8ngceH-7dffd1.json
2026-09-19 17:48:39 | INFO     | OK https://skeb.jp/api/users/HeirMuffin
2026-09-19 17:48:39 | INFO     | Saving at a/skeb/HeirMuffin-b4f90a.json
2026-09-19 17:48:40 | INFO     | OK https://skeb.jp/api/users/snohowachan
2026-09-19 17:48:40 | INFO     | Saving at a/skeb/snohowachan-98fed9.json
2026-09-19 17:48:41 | INFO     | OK https://skeb.jp/api/users/icorasama
2026-09-19 17:48:41 | INFO     | Saving at a/skeb/icorasama-9ef1c4.json
2026-09-19 17:48:42 | INFO     | OK https://skeb.jp/api/users/irony_jp
2026-09-19 17:48:42 | INFO     | Saving at a/skeb/irony_jp-e8041d.json
2026-09-19 17:48:43 | INFO     | OK https://skeb.jp/api/users/mayoiyomai
2026-09-19 17:48:43 | INFO     | Saving at a/skeb/mayoiyomai-abdd33.json
2026-09-19 17:48:44 | INFO     | OK https://skeb.jp/api/users/siro_miii
2026-09-19 17:48:44 | INFO     | Saving at a/skeb/siro_miii-8e087a.json
2026-09-19 17:48:45 | INFO     | OK https://skeb.jp/api/users/shikacOc
2026-09-19 17:48:45 | INFO     | Saving at a/skeb/shikacOc-7b598c.json
2026-09-19 17:48:46 | INFO     | OK https://skeb.jp/api/users/peni_peniken
2026-09-19 17:48:46 | INFO     | Saving at a/skeb/peni_peniken-183bcf.json
2026-09-19 17:48:47 | INFO     | OK https://skeb.jp/api/users/enyuku_nyamo
2026-09-19 17:48:47 | INFO     | Saving at a/skeb/enyuku_nyamo-b3aa60.json
2026-09-19 17:48:48 | INFO     | OK https://skeb.jp/api/users/wts_ae_1
2026-09-19 17:48:48 | INFO     | Saving at a/skeb/wts_ae_1-4a0312.json
2026-09-19 17:48:49 | INFO     | OK https://skeb.jp/api/users/yakousei_A
2026-09-19 17:48:49 | INFO     | Saving at a/skeb/yakousei_A-337c96.json
2026-09-19 17:48:50 | INFO     | OK https://skeb.jp/api/users/Hiroki_PLT
2026-09-19 17:48:50 | INFO     | Saving at a/skeb/Hiroki_PLT-e1f7bc.json
2026-09-19 17:48:51 | INFO     | OK https://skeb.jp/api/users/Mwah_chan
2026-09-19 17:48:51 | INFO     | Saving at a/skeb/Mwah_chan-87b6ea.json
2026-09-19 17:48:52 | INFO     | OK https://skeb.jp/api/users/akira_misame
2026-09-19 17:48:52 | INFO     | Saving at a/skeb/akira_misame-1659c1.json
2026-09-19 17:48:53 | INFO     | OK https://skeb.jp/api/users/anaboco
2026-09-19 17:48:53 | INFO     | Saving at a/skeb/anaboco-224bea.json
2026-09-19 17:48:54 | INFO     | OK https://skeb.jp/api/users/TOYOMANR181
2026-09-19 17:48:54 | INFO     | Saving at a/skeb/TOYOMANR181-5fa089.json
2026-09-19 17:48:55 | INFO     | OK https://skeb.jp/api/users/aizawa_ccc
2026-09-19 17:48:55 | INFO     | Saving at a/skeb/aizawa_ccc-d54f83.json
2026-09-19 17:48:56 | INFO     | OK https://skeb.jp/api/users/ushinobero
2026-09-19 17:48:56 | INFO     | Saving at a/skeb/ushinobero-4908d3.json
2026-09-19 17:48:57 | INFO     | OK https://skeb.jp/api/users/kittanke_illust
2026-09-19 17:48:57 | INFO     | Saving at a/skeb/kittanke_illust-aa4d2e.json
2026-09-19 17:48:58 | INFO     | OK https://skeb.jp/api/users/kafka_0525
2026-09-19 17:48:58 | INFO     | Saving at a/skeb/kafka_0525-7149ba.json
2026-09-19 17:48:59 | INFO     | OK https://skeb.jp/api/users/caramelillust
2026-09-19 17:48:59 | INFO     | Saving at a/skeb/caramelillust-d13b5b.json
2026-09-19 17:49:00 | INFO     | OK https://skeb.jp/api/users/l__O_____O__l
2026-09-19 17:49:00 | INFO     | Saving at a/skeb/l__O_____O__l-0c2a3f.json
2026-09-19 17:49:01 | INFO     | OK https://skeb.jp/api/users/huSoku_5ton
2026-09-19 17:49:01 | INFO     | Saving at a/skeb/huSoku_5ton-2be088.json
2026-09-19 17:49:02 | INFO     | OK https://skeb.jp/api/users/nana178
2026-09-19 17:49:02 | INFO     | Saving at a/skeb/nana178-baf4e2.json
2026-09-19 17:49:03 | INFO     | OK https://skeb.jp/api/users/mznr_52
2026-09-19 17:49:03 | INFO     | Saving at a/skeb/mznr_52-97628d.json
2026-09-19 17:49:04 | INFO     | OK https://skeb.jp/api/users/yuuyuki
2026-09-19 17:49:04 | INFO     | Saving at a/skeb/yuuyuki-44fb5b.json
2026-09-19 17:49:05 | INFO     | OK https://skeb.jp/api/users/White_lily789
2026-09-19 17:49:05 | INFO     | Saving at a/skeb/White_lily789-02ff5d.json
2026-09-19 17:49:06 | INFO     | OK https://skeb.jp/api/users/AoUSA0328
2026-09-19 17:49:06 | INFO     | Saving at a/skeb/AoUSA0328-7740bc.json
2026-09-19 17:49:07 | INFO     | OK https://skeb.jp/api/users/syunktyusa
2026-09-19 17:49:07 | INFO     | Saving at a/skeb/syunktyusa-87cbf4.json
2026-09-19 17:49:08 | INFO     | OK https://skeb.jp/api/users/Asano_yoru
2026-09-19 17:49:08 | INFO     | Saving at a/skeb/Asano_yoru-19eba6.json
2026-09-19 17:49:09 | INFO     | OK https://skeb.jp/api/users/zn_bi_nh
2026-09-19 17:49:09 | INFO     | Saving at a/skeb/zn_bi_nh-0548a9.json
2026-09-19 17:49:10 | INFO     | OK https://skeb.jp/api/users/sheis092
2026-09-19 17:49:10 | INFO     | Saving at a/skeb/sheis092-b1da19.json
2026-09-19 17:49:11 | INFO     | OK https://skeb.jp/api/users/sayunome1000
2026-09-19 17:49:11 | INFO     | Saving at a/skeb/sayunome1000-36b7ae.json
2026-09-19 17:49:12 | INFO     | OK https://skeb.jp/api/users/necoma_2
2026-09-19 17:49:12 | INFO     | Saving at a/skeb/necoma_2-b368d3.json
2026-09-19 17:49:13 | INFO     | OK https://skeb.jp/api/users/h_totri
2026-09-19 17:49:13 | INFO     | Saving at a/skeb/h_totri-747df0.json
2026-09-19 17:49:14 | INFO     | OK https://skeb.jp/api/users/mrsnanapple
2026-09-19 17:49:14 | INFO     | Saving at a/skeb/mrsnanapple-08e75e.json
2026-09-19 17:49:15 | INFO     | OK https://skeb.jp/api/users/261tanbo
2026-09-19 17:49:15 | INFO     | Saving at a/skeb/261tanbo-78e195.json
2026-09-19 17:49:16 | INFO     | OK https://skeb.jp/api/users/tatsuminoakira
2026-09-19 17:49:16 | INFO     | Saving at a/skeb/tatsuminoakira-d5d2cb.json
2026-09-19 17:49:17 | INFO     | OK https://skeb.jp/api/users/kazane_henka
2026-09-19 17:49:17 | INFO     | Saving at a/skeb/kazane_henka-f53b61.json
2026-09-19 17:49:18 | INFO     | OK https://skeb.jp/api/users/kokkooda
2026-09-19 17:49:18 | INFO     | Saving at a/skeb/kokkooda-613bda.json
2026-09-19 17:49:19 | INFO     | OK https://skeb.jp/api/users/Neex_el
2026-09-19 17:49:19 | INFO     | Saving at a/skeb/Neex_el-4fe661.json
2026-09-19 17:49:20 | INFO     | OK https://skeb.jp/api/users/rinnne666
2026-09-19 17:49:20 | INFO     | Saving at a/skeb/rinnne666-e6cbaa.json
2026-09-19 17:49:21 | INFO     | OK https://skeb.jp/api/users/imaginaryoil100
2026-09-19 17:49:21 | INFO     | Saving at a/skeb/imaginaryoil100-9dc0d8.json
2026-09-19 17:49:22 | INFO     | OK https://skeb.jp/api/users/yk_t27
2026-09-19 17:49:22 | INFO     | Saving at a/skeb/yk_t27-1eb5e9.json
2026-09-19 17:49:23 | INFO     | OK https://skeb.jp/api/users/eilev
2026-09-19 17:49:23 | INFO     | Saving at a/skeb/eilev-8f19f6.json
2026-09-19 17:49:24 | INFO     | OK https://skeb.jp/api/users/richi0402nn
2026-09-19 17:49:24 | INFO     | Saving at a/skeb/richi0402nn-30a2c4.json
2026-09-19 17:49:25 | INFO     | OK https://skeb.jp/api/users/yuden_33
2026-09-19 17:49:25 | INFO     | Saving at a/skeb/yuden_33-717fa5.json
2026-09-19 17:49:26 | INFO     | OK https://skeb.jp/api/users/shyra_bns
2026-09-19 17:49:26 | INFO     | Saving at a/skeb/shyra_bns-c10514.json
2026-09-19 17:49:27 | INFO     | OK https://skeb.jp/api/users/homitopomi176
2026-09-19 17:49:27 | INFO     | Saving at a/skeb/homitopomi176-b7c002.json
2026-09-19 17:49:28 | INFO     | OK https://skeb.jp/api/users/K_Kagurazaka
2026-09-19 17:49:28 | INFO     | Saving at a/skeb/K_Kagurazaka-08fe1b.json
2026-09-19 17:49:29 | INFO     | OK https://skeb.jp/api/users/suzunefutami
2026-09-19 17:49:29 | INFO     | Saving at a/skeb/suzunefutami-6f183c.json
2026-09-19 17:49:30 | INFO     | OK https://skeb.jp/api/users/Leica
2026-09-19 17:49:30 | INFO     | Saving at a/skeb/Leica-4ec6b8.json
2026-09-19 17:49:31 | INFO     | OK https://skeb.jp/api/users/1_tri_pic
2026-09-19 17:49:31 | INFO     | Saving at a/skeb/1_tri_pic-75388b.json
2026-09-19 17:49:32 | INFO     | OK https://skeb.jp/api/users/kebadara
2026-09-19 17:49:32 | INFO     | Saving at a/skeb/kebadara-a7bfe7.json
2026-09-19 17:49:33 | INFO     | OK https://skeb.jp/api/users/sofraaaaa
2026-09-19 17:49:33 | INFO     | Saving at a/skeb/sofraaaaa-e79ab3.json
2026-09-19 17:49:34 | INFO     | OK https://skeb.jp/api/users/oto_hisakabe
2026-09-19 17:49:34 | INFO     | Saving at a/skeb/oto_hisakabe-858e5b.json
2026-09-19 17:49:35 | INFO     | OK https://skeb.jp/api/users/ayumustrawberry
2026-09-19 17:49:35 | INFO     | Saving at a/skeb/ayumustrawberry-6d860b.json
2026-09-19 17:49:36 | INFO     | OK https://skeb.jp/api/users/kakuze_hhu
2026-09-19 17:49:36 | INFO     | Saving at a/skeb/kakuze_hhu-7bf65b.json
2026-09-19 17:49:37 | INFO     | OK https://skeb.jp/api/users/amarimari1092
2026-09-19 17:49:37 | INFO     | Saving at a/skeb/amarimari1092-89ed07.json
2026-09-19 17:49:38 | INFO     | OK https://skeb.jp/api/users/inariya3
2026-09-19 17:49:38 | INFO     | Saving at a/skeb/inariya3-59a4c9.json
2026-09-19 17:49:39 | INFO     | OK https://skeb.jp/api/users/M_tomoyohi
2026-09-19 17:49:39 | INFO     | Saving at a/skeb/M_tomoyohi-80a013.json
2026-09-19 17:49:40 | INFO     | OK https://skeb.jp/api/users/KCC_014
2026-09-19 17:49:40 | INFO     | Saving at a/skeb/KCC_014-6669b2.json
2026-09-19 17:49:41 | INFO     | OK https://skeb.jp/api/users/shin_hotaka
2026-09-19 17:49:41 | INFO     | Saving at a/skeb/shin_hotaka-19effc.json
2026-09-19 17:49:42 | INFO     | OK https://skeb.jp/api/users/wabu_sanatorium
2026-09-19 17:49:42 | INFO     | Saving at a/skeb/wabu_sanatorium-81eb39.json
2026-09-19 17:49:43 | INFO     | OK https://skeb.jp/api/users/34ack0
2026-09-19 17:49:43 | INFO     | Saving at a/skeb/34ack0-bd961a.json
2026-09-19 17:49:44 | INFO     | OK https://skeb.jp/api/users/tabokicchan
2026-09-19 17:49:44 | INFO     | Saving at a/skeb/tabokicchan-0d638a.json
2026-09-19 17:49:45 | INFO     | OK https://skeb.jp/api/users/suriMi_003
2026-09-19 17:49:45 | INFO     | Saving at a/skeb/suriMi_003-dff748.json
2026-09-19 17:49:46 | INFO     | OK https://skeb.jp/api/users/yuuji_mushipan
2026-09-19 17:49:46 | INFO     | Saving at a/skeb/yuuji_mushipan-47ef19.json
2026-09-19 17:49:47 | INFO     | OK https://skeb.jp/api/users/TooiKotoo
2026-09-19 17:49:47 | INFO     | Saving at a/skeb/TooiKotoo-872e3a.json
2026-09-19 17:49:48 | INFO     | OK https://skeb.jp/api/users/nibo_ume_katsu
2026-09-19 17:49:48 | INFO     | Saving at a/skeb/nibo_ume_katsu-d40c75.json
2026-09-19 17:49:49 | INFO     | OK https://skeb.jp/api/users/momoemokoko
2026-09-19 17:49:49 | INFO     | Saving at a/skeb/momoemokoko-53f82d.json
2026-09-19 17:49:50 | INFO     | OK https://skeb.jp/api/users/hayu_coc
2026-09-19 17:49:50 | INFO     | Saving at a/skeb/hayu_coc-e262ee.json
2026-09-19 17:49:51 | INFO     | OK https://skeb.jp/api/users/yuura_51_0
2026-09-19 17:49:51 | INFO     | Saving at a/skeb/yuura_51_0-e5491f.json
2026-09-19 17:49:52 | INFO     | OK https://skeb.jp/api/users/10ma_ikrdn
2026-09-19 17:49:52 | INFO     | Saving at a/skeb/10ma_ikrdn-8f4705.json
2026-09-19 17:49:53 | INFO     | OK https://skeb.jp/api/users/nurikabesan2014
2026-09-19 17:49:53 | INFO     | Saving at a/skeb/nurikabesan2014-984abc.json
2026-09-19 17:49:54 | INFO     | OK https://skeb.jp/api/users/kuma_skeb
2026-09-19 17:49:54 | INFO     | Saving at a/skeb/kuma_skeb-5c18a3.json
2026-09-19 17:49:55 | INFO     | OK https://skeb.jp/api/users/aviatorhat057
2026-09-19 17:49:55 | INFO     | Saving at a/skeb/aviatorhat057-9d05ad.json
2026-09-19 17:49:56 | INFO     | OK https://skeb.jp/api/users/Shiromine_Kana
2026-09-19 17:49:56 | INFO     | Saving at a/skeb/Shiromine_Kana-5daaf0.json
2026-09-19 17:49:57 | INFO     | OK https://skeb.jp/api/users/takamiya2222
2026-09-19 17:49:57 | INFO     | Saving at a/skeb/takamiya2222-e09f93.json
2026-09-19 17:49:58 | INFO     | OK https://skeb.jp/api/users/mogurutto
2026-09-19 17:49:58 | INFO     | Saving at a/skeb/mogurutto-fc451d.json
2026-09-19 17:49:59 | INFO     | OK https://skeb.jp/api/users/SpoonP_
2026-09-19 17:49:59 | INFO     | Saving at a/skeb/SpoonP_-7f8ba9.json
2026-09-19 17:50:00 | INFO     | OK https://skeb.jp/api/users/mosamosa_OC
2026-09-19 17:50:00 | INFO     | Saving at a/skeb/mosamosa_OC-47d680.json
2026-09-19 17:50:01 | INFO     | OK https://skeb.jp/api/users/KEMODRG
2026-09-19 17:50:01 | INFO     | Saving at a/skeb/KEMODRG-385f5e.json
2026-09-19 17:50:02 | INFO     | OK https://skeb.jp/api/users/okehanak
2026-09-19 17:50:02 | INFO     | Saving at a/skeb/okehanak-4dcb30.json
2026-09-19 17:50:03 | INFO     | OK https://skeb.jp/api/users/zp_R
2026-09-19 17:50:03 | INFO     | Saving at a/skeb/zp_R-435d58.json
2026-09-19 17:50:04 | INFO     | OK https://skeb.jp/api/users/soramameponzu
2026-09-19 17:50:04 | INFO     | Saving at a/skeb/soramameponzu-0e712e.json
2026-09-19 17:50:05 | INFO     | OK https://skeb.jp/api/users/___uo_
2026-09-19 17:50:05 | INFO     | Saving at a/skeb/___uo_-45d879.json
2026-09-19 17:50:06 | INFO     | OK https://skeb.jp/api/users/karatekikku
2026-09-19 17:50:06 | INFO     | Saving at a/skeb/karatekikku-3d7445.json
2026-09-19 17:50:07 | INFO     | OK https://skeb.jp/api/users/ymmoo
2026-09-19 17:50:07 | INFO     | Saving at a/skeb/ymmoo-553e82.json
2026-09-19 17:50:08 | INFO     | OK https://skeb.jp/api/users/opnarch
2026-09-19 17:50:08 | INFO     | Saving at a/skeb/opnarch-a2aad4.json
2026-09-19 17:50:09 | INFO     | OK https://skeb.jp/api/users/yanya_____
2026-09-19 17:50:09 | INFO     | Saving at a/skeb/yanya_____-031f4f.json
2026-09-19 17:50:10 | INFO     | OK https://skeb.jp/api/users/Si_lkskin
2026-09-19 17:50:10 | INFO     | Saving at a/skeb/Si_lkskin-c65a86.json
2026-09-19 17:50:11 | INFO     | OK https://skeb.jp/api/users/akai_melon
2026-09-19 17:50:11 | INFO     | Saving at a/skeb/akai_melon-bc5b3e.json
2026-09-19 17:50:12 | INFO     | OK https://skeb.jp/api/users/vitaone
2026-09-19 17:50:12 | INFO     | Saving at a/skeb/vitaone-04ec38.json
2026-09-19 17:50:13 | INFO     | OK https://skeb.jp/api/users/zakuro_chinoaji
2026-09-19 17:50:13 | INFO     | Saving at a/skeb/zakuro_chinoaji-1dbadd.json
2026-09-19 17:50:14 | INFO     | OK https://skeb.jp/api/users/PietroAtri
2026-09-19 17:50:14 | INFO     | Saving at a/skeb/PietroAtri-dfe1d0.json
2026-09-19 17:50:15 | INFO     | OK https://skeb.jp/api/users/io_tama_memo
2026-09-19 17:50:15 | INFO     | Saving at a/skeb/io_tama_memo-046a6a.json
2026-09-19 17:50:16 | INFO     | OK https://skeb.jp/api/users/ak1002__
2026-09-19 17:50:16 | INFO     | Saving at a/skeb/ak1002__-025b0e.json
2026-09-19 17:50:17 | INFO     | OK https://skeb.jp/api/users/husamochi_coo
2026-09-19 17:50:17 | INFO     | Saving at a/skeb/husamochi_coo-e9a193.json
2026-09-19 17:50:18 | INFO     | OK https://skeb.jp/api/users/y__00
2026-09-19 17:50:18 | INFO     | Saving at a/skeb/y__00-6cce68.json
2026-09-19 17:50:19 | INFO     | OK https://skeb.jp/api/users/oshimaru026
2026-09-19 17:50:19 | INFO     | Saving at a/skeb/oshimaru026-9203dc.json
2026-09-19 17:50:20 | INFO     | OK https://skeb.jp/api/users/calicchio23
2026-09-19 17:50:20 | INFO     | Saving at a/skeb/calicchio23-801992.json
2026-09-19 17:50:21 | INFO     | OK https://skeb.jp/api/users/2525_Lynn
2026-09-19 17:50:21 | INFO     | Saving at a/skeb/2525_Lynn-4eb456.json
2026-09-19 17:50:22 | INFO     | OK https://skeb.jp/api/users/ninimumu
2026-09-19 17:50:22 | INFO     | Saving at a/skeb/ninimumu-b8019c.json
2026-09-19 17:50:23 | INFO     | OK https://skeb.jp/api/users/i0suln
2026-09-19 17:50:23 | INFO     | Saving at a/skeb/i0suln-537327.json
2026-09-19 17:50:24 | INFO     | OK https://skeb.jp/api/users/TAMITOMEMO
2026-09-19 17:50:24 | INFO     | Saving at a/skeb/TAMITOMEMO-7d2d06.json
2026-09-19 17:50:25 | INFO     | OK https://skeb.jp/api/users/kesumogames
2026-09-19 17:50:25 | INFO     | Saving at a/skeb/kesumogames-cfe68e.json
2026-09-19 17:50:26 | INFO     | OK https://skeb.jp/api/users/Ba9ama
2026-09-19 17:50:26 | INFO     | Saving at a/skeb/Ba9ama-29f103.json
2026-09-19 17:50:27 | INFO     | OK https://skeb.jp/api/users/dusk_poke27
2026-09-19 17:50:27 | INFO     | Saving at a/skeb/dusk_poke27-78bbb6.json
2026-09-19 17:50:28 | INFO     | OK https://skeb.jp/api/users/djdjellie
2026-09-19 17:50:28 | INFO     | Saving at a/skeb/djdjellie-68bcc0.json
2026-09-19 17:50:29 | INFO     | OK https://skeb.jp/api/users/nanagi_ship4
2026-09-19 17:50:29 | INFO     | Saving at a/skeb/nanagi_ship4-074a42.json
2026-09-19 17:50:30 | INFO     | OK https://skeb.jp/api/users/G0zeNA
2026-09-19 17:50:30 | INFO     | Saving at a/skeb/G0zeNA-ffdea8.json
2026-09-19 17:50:31 | INFO     | OK https://skeb.jp/api/users/a83d8
2026-09-19 17:50:31 | INFO     | Saving at a/skeb/a83d8-b832c0.json
2026-09-19 17:50:32 | INFO     | OK https://skeb.jp/api/users/nekogenetic
2026-09-19 17:50:32 | INFO     | Saving at a/skeb/nekogenetic-50a51e.json
2026-09-19 17:50:33 | INFO     | OK https://skeb.jp/api/users/flisk1129
2026-09-19 17:50:33 | INFO     | Saving at a/skeb/flisk1129-f7b980.json
2026-09-19 17:50:34 | INFO     | OK https://skeb.jp/api/users/Orlaya622
2026-09-19 17:50:34 | INFO     | Saving at a/skeb/Orlaya622-6b5f33.json
2026-09-19 17:50:35 | INFO     | OK https://skeb.jp/api/users/suniko_17
2026-09-19 17:50:35 | INFO     | Saving at a/skeb/suniko_17-6f5e32.json
2026-09-19 17:50:36 | INFO     | OK https://skeb.jp/api/users/shiro_SRMSK
2026-09-19 17:50:36 | INFO     | Saving at a/skeb/shiro_SRMSK-c441c2.json
2026-09-19 17:50:37 | INFO     | OK https://skeb.jp/api/users/namegata_1701
2026-09-19 17:50:37 | INFO     | Saving at a/skeb/namegata_1701-85cc84.json
2026-09-19 17:50:38 | INFO     | OK https://skeb.jp/api/users/yoineya
2026-09-19 17:50:38 | INFO     | Saving at a/skeb/yoineya-b4e22e.json
2026-09-19 17:50:39 | INFO     | OK https://skeb.jp/api/users/saber71801
2026-09-19 17:50:39 | INFO     | Saving at a/skeb/saber71801-5a360d.json
2026-09-19 17:50:40 | INFO     | OK https://skeb.jp/api/users/terawamu
2026-09-19 17:50:40 | INFO     | Saving at a/skeb/terawamu-bb290d.json
2026-09-19 17:50:41 | INFO     | OK https://skeb.jp/api/users/m_96_1
2026-09-19 17:50:41 | INFO     | Saving at a/skeb/m_96_1-8a06d4.json
2026-09-19 17:50:42 | INFO     | OK https://skeb.jp/api/users/haka_mura0x
2026-09-19 17:50:42 | INFO     | Saving at a/skeb/haka_mura0x-5318e5.json
2026-09-19 17:50:43 | INFO     | OK https://skeb.jp/api/users/star_furu
2026-09-19 17:50:43 | INFO     | Saving at a/skeb/star_furu-a515c2.json
2026-09-19 17:50:44 | INFO     | OK https://skeb.jp/api/users/xxxpik8
2026-09-19 17:50:44 | INFO     | Saving at a/skeb/xxxpik8-2292ff.json
2026-09-19 17:50:45 | INFO     | OK https://skeb.jp/api/users/Carsabotoon
2026-09-19 17:50:45 | INFO     | Saving at a/skeb/Carsabotoon-0db268.json
2026-09-19 17:50:46 | INFO     | OK https://skeb.jp/api/users/4goooi
2026-09-19 17:50:46 | INFO     | Saving at a/skeb/4goooi-999f62.json
2026-09-19 17:50:47 | INFO     | OK https://skeb.jp/api/users/DORIANE_DOJIN
2026-09-19 17:50:47 | INFO     | Saving at a/skeb/DORIANE_DOJIN-ef6c2a.json
2026-09-19 17:50:48 | INFO     | OK https://skeb.jp/api/users/kiyasukemyy
2026-09-19 17:50:48 | INFO     | Saving at a/skeb/kiyasukemyy-b92c96.json
2026-09-19 17:50:49 | INFO     | OK https://skeb.jp/api/users/horakowai_NSFW
2026-09-19 17:50:49 | INFO     | Saving at a/skeb/horakowai_NSFW-561d54.json
2026-09-19 17:50:50 | INFO     | OK https://skeb.jp/api/users/RPS_dot
2026-09-19 17:50:50 | INFO     | Saving at a/skeb/RPS_dot-e58ec2.json
2026-09-19 17:50:51 | INFO     | OK https://skeb.jp/api/users/May_fs495
2026-09-19 17:50:51 | INFO     | Saving at a/skeb/May_fs495-2ab007.json
2026-09-19 17:50:52 | INFO     | OK https://skeb.jp/api/users/katakoto_tktk
2026-09-19 17:50:52 | INFO     | Saving at a/skeb/katakoto_tktk-517abb.json
2026-09-19 17:50:53 | INFO     | OK https://skeb.jp/api/users/mozu100birds
2026-09-19 17:50:53 | INFO     | Saving at a/skeb/mozu100birds-ed13c8.json
2026-09-19 17:50:54 | INFO     | OK https://skeb.jp/api/users/peannutdk
2026-09-19 17:50:54 | INFO     | Saving at a/skeb/peannutdk-69205d.json
2026-09-19 17:50:55 | INFO     | OK https://skeb.jp/api/users/sorute_12
2026-09-19 17:50:55 | INFO     | Saving at a/skeb/sorute_12-cc33a6.json
2026-09-19 17:50:56 | INFO     | OK https://skeb.jp/api/users/ma_tsui3
2026-09-19 17:50:56 | INFO     | Saving at a/skeb/ma_tsui3-6032bc.json
2026-09-19 17:50:57 | INFO     | OK https://skeb.jp/api/users/Rafatyosu_sk
2026-09-19 17:50:57 | INFO     | Saving at a/skeb/Rafatyosu_sk-8c3907.json
2026-09-19 17:50:58 | INFO     | OK https://skeb.jp/api/users/_r_nqc0
2026-09-19 17:50:58 | INFO     | Saving at a/skeb/_r_nqc0-280d32.json
2026-09-19 17:50:59 | INFO     | OK https://skeb.jp/api/users/sakatago
2026-09-19 17:50:59 | INFO     | Saving at a/skeb/sakatago-86cb3e.json
2026-09-19 17:51:00 | INFO     | OK https://skeb.jp/api/users/inatai_R18
2026-09-19 17:51:00 | INFO     | Saving at a/skeb/inatai_R18-802f02.json
2026-09-19 17:51:01 | INFO     | OK https://skeb.jp/api/users/yuriai
2026-09-19 17:51:01 | INFO     | Saving at a/skeb/yuriai-b822da.json
2026-09-19 17:51:03 | INFO     | OK https://skeb.jp/api/users/rakupote
2026-09-19 17:51:03 | INFO     | Saving at a/skeb/rakupote-8af0ae.json
2026-09-19 17:51:04 | INFO     | OK https://skeb.jp/api/users/oh_you_udon
2026-09-19 17:51:04 | INFO     | Saving at a/skeb/oh_you_udon-dee391.json
2026-09-19 17:51:04 | INFO     | OK https://skeb.jp/api/users/myocosub
2026-09-19 17:51:04 | INFO     | Saving at a/skeb/myocosub-3fac5c.json
2026-09-19 17:51:05 | INFO     | OK https://skeb.jp/api/users/piece_blue1
2026-09-19 17:51:05 | INFO     | Saving at a/skeb/piece_blue1-d5c0d2.json
2026-09-19 17:51:06 | INFO     | OK https://skeb.jp/api/users/oinuchaaan2
2026-09-19 17:51:06 | INFO     | Saving at a/skeb/oinuchaaan2-4e770e.json
2026-09-19 17:51:07 | INFO     | OK https://skeb.jp/api/users/ppw_uchucoala
2026-09-19 17:51:07 | INFO     | Saving at a/skeb/ppw_uchucoala-e10454.json
2026-09-19 17:51:08 | INFO     | OK https://skeb.jp/api/users/TRPG_mikaduki
2026-09-19 17:51:08 | INFO     | Saving at a/skeb/TRPG_mikaduki-c7e778.json
2026-09-19 17:51:09 | INFO     | OK https://skeb.jp/api/users/hasemil_hase
2026-09-19 17:51:09 | INFO     | Saving at a/skeb/hasemil_hase-ae7f20.json
2026-09-19 17:51:10 | INFO     | OK https://skeb.jp/api/users/taberu_tmg
2026-09-19 17:51:10 | INFO     | Saving at a/skeb/taberu_tmg-199365.json
2026-09-19 17:51:11 | INFO     | OK https://skeb.jp/api/users/panwo_tigire
2026-09-19 17:51:11 | INFO     | Saving at a/skeb/panwo_tigire-8be4b5.json
2026-09-19 17:51:12 | INFO     | OK https://skeb.jp/api/users/klmtr
2026-09-19 17:51:12 | INFO     | Saving at a/skeb/klmtr-341a81.json
2026-09-19 17:51:13 | INFO     | OK https://skeb.jp/api/users/kuroirito
2026-09-19 17:51:13 | INFO     | Saving at a/skeb/kuroirito-44d57e.json
2026-09-19 17:51:14 | INFO     | OK https://skeb.jp/api/users/high_high_c
2026-09-19 17:51:14 | INFO     | Saving at a/skeb/high_high_c-265b73.json
2026-09-19 17:51:15 | INFO     | OK https://skeb.jp/api/users/hatimitu_v
2026-09-19 17:51:15 | INFO     | Saving at a/skeb/hatimitu_v-9507e1.json
2026-09-19 17:51:16 | INFO     | OK https://skeb.jp/api/users/horie_ga_sky
2026-09-19 17:51:16 | INFO     | Saving at a/skeb/horie_ga_sky-516412.json
2026-09-19 17:51:17 | INFO     | OK https://skeb.jp/api/users/picipici115
2026-09-19 17:51:17 | INFO     | Saving at a/skeb/picipici115-672f42.json
2026-09-19 17:51:18 | INFO     | OK https://skeb.jp/api/users/hdmxyxbxk
2026-09-19 17:51:18 | INFO     | Saving at a/skeb/hdmxyxbxk-7312e9.json
2026-09-19 17:51:19 | INFO     | OK https://skeb.jp/api/users/kamemaru91
2026-09-19 17:51:19 | INFO     | Saving at a/skeb/kamemaru91-12b5b2.json
2026-09-19 17:51:20 | INFO     | OK https://skeb.jp/api/users/shiori_komugiko
2026-09-19 17:51:20 | INFO     | Saving at a/skeb/shiori_komugiko-652659.json
2026-09-19 17:51:21 | INFO     | OK https://skeb.jp/api/users/___paiiiiiii___
2026-09-19 17:51:21 | INFO     | Saving at a/skeb/___paiiiiiii___-7412c0.json
2026-09-19 17:51:22 | INFO     | OK https://skeb.jp/api/users/rinjou_mika
2026-09-19 17:51:22 | INFO     | Saving at a/skeb/rinjou_mika-4e151e.json
2026-09-19 17:51:23 | INFO     | OK https://skeb.jp/api/users/miri__713
2026-09-19 17:51:23 | INFO     | Saving at a/skeb/miri__713-a42450.json
2026-09-19 17:51:24 | INFO     | OK https://skeb.jp/api/users/MMT_Sakura
2026-09-19 17:51:24 | INFO     | Saving at a/skeb/MMT_Sakura-ed993b.json
2026-09-19 17:51:25 | INFO     | OK https://skeb.jp/api/users/senriash
2026-09-19 17:51:25 | INFO     | Saving at a/skeb/senriash-1b5306.json
2026-09-19 17:51:26 | INFO     | OK https://skeb.jp/api/users/hiraga_matsuri
2026-09-19 17:51:26 | INFO     | Saving at a/skeb/hiraga_matsuri-1b642e.json
2026-09-19 17:51:27 | INFO     | OK https://skeb.jp/api/users/mochi_mochi5_
2026-09-19 17:51:27 | INFO     | Saving at a/skeb/mochi_mochi5_-4e8556.json
2026-09-19 17:51:28 | INFO     | OK https://skeb.jp/api/users/siro90414
2026-09-19 17:51:28 | INFO     | Saving at a/skeb/siro90414-bea938.json
2026-09-19 17:51:29 | INFO     | OK https://skeb.jp/api/users/hako_pon2
2026-09-19 17:51:29 | INFO     | Saving at a/skeb/hako_pon2-506027.json
2026-09-19 17:51:30 | INFO     | OK https://skeb.jp/api/users/misaho_mi
2026-09-19 17:51:30 | INFO     | Saving at a/skeb/misaho_mi-b5955a.json
2026-09-19 17:51:31 | INFO     | OK https://skeb.jp/api/users/Komorebi_box
2026-09-19 17:51:31 | INFO     | Saving at a/skeb/Komorebi_box-f99ba3.json
2026-09-19 17:51:32 | INFO     | OK https://skeb.jp/api/users/player_take
2026-09-19 17:51:32 | INFO     | Saving at a/skeb/player_take-4c681c.json
2026-09-19 17:51:33 | INFO     | OK https://skeb.jp/api/users/rintarou12814
2026-09-19 17:51:33 | INFO     | Saving at a/skeb/rintarou12814-2c8b29.json
2026-09-19 17:51:34 | INFO     | OK https://skeb.jp/api/users/AyaKumO_0711
2026-09-19 17:51:34 | INFO     | Saving at a/skeb/AyaKumO_0711-92b467.json
2026-09-19 17:51:35 | INFO     | OK https://skeb.jp/api/users/KaimanWanio
2026-09-19 17:51:35 | INFO     | Saving at a/skeb/KaimanWanio-f05e74.json
2026-09-19 17:51:36 | INFO     | OK https://skeb.jp/api/users/mamitasu_maru
2026-09-19 17:51:36 | INFO     | Saving at a/skeb/mamitasu_maru-35a197.json
2026-09-19 17:51:37 | INFO     | OK https://skeb.jp/api/users/batsumaru_3kaku
2026-09-19 17:51:37 | INFO     | Saving at a/skeb/batsumaru_3kaku-02dfc4.json
2026-09-19 17:51:38 | INFO     | OK https://skeb.jp/api/users/tapuo
2026-09-19 17:51:38 | INFO     | Saving at a/skeb/tapuo-46e440.json
2026-09-19 17:51:39 | INFO     | OK https://skeb.jp/api/users/mochigushi_
2026-09-19 17:51:39 | INFO     | Saving at a/skeb/mochigushi_-1eae46.json
2026-09-19 17:51:40 | INFO     | OK https://skeb.jp/api/users/9261_Masamiya
2026-09-19 17:51:40 | INFO     | Saving at a/skeb/9261_Masamiya-161d66.json
2026-09-19 17:51:41 | INFO     | OK https://skeb.jp/api/users/Sui_HeLiBe
2026-09-19 17:51:41 | INFO     | Saving at a/skeb/Sui_HeLiBe-ceb53f.json
2026-09-19 17:51:42 | INFO     | OK https://skeb.jp/api/users/toba_ww
2026-09-19 17:51:42 | INFO     | Saving at a/skeb/toba_ww-067add.json
2026-09-19 17:51:43 | INFO     | OK https://skeb.jp/api/users/inoue_tommy
2026-09-19 17:51:43 | INFO     | Saving at a/skeb/inoue_tommy-f543eb.json
2026-09-19 17:51:44 | INFO     | OK https://skeb.jp/api/users/shishamosama
2026-09-19 17:51:44 | INFO     | Saving at a/skeb/shishamosama-5a1e27.json
2026-09-19 17:51:45 | INFO     | OK https://skeb.jp/api/users/Psy_L_B
2026-09-19 17:51:45 | INFO     | Saving at a/skeb/Psy_L_B-28b348.json
2026-09-19 17:51:46 | INFO     | OK https://skeb.jp/api/users/baniranandayo
2026-09-19 17:51:46 | INFO     | Saving at a/skeb/baniranandayo-d09364.json
2026-09-19 17:51:47 | INFO     | OK https://skeb.jp/api/users/barabara_49
2026-09-19 17:51:47 | INFO     | Saving at a/skeb/barabara_49-9b5fe3.json
2026-09-19 17:51:48 | INFO     | OK https://skeb.jp/api/users/yurumotan
2026-09-19 17:51:48 | INFO     | Saving at a/skeb/yurumotan-21a54e.json
2026-09-19 17:51:49 | INFO     | OK https://skeb.jp/api/users/ZrEdJVEcj1dJtfJ
2026-09-19 17:51:49 | INFO     | Saving at a/skeb/ZrEdJVEcj1dJtfJ-2da230.json
2026-09-19 17:51:50 | INFO     | OK https://skeb.jp/api/users/muuugitea
2026-09-19 17:51:50 | INFO     | Saving at a/skeb/muuugitea-63949b.json
2026-09-19 17:51:51 | INFO     | OK https://skeb.jp/api/users/3nmma0302
2026-09-19 17:51:51 | INFO     | Saving at a/skeb/3nmma0302-18b73c.json
2026-09-19 17:51:52 | INFO     | OK https://skeb.jp/api/users/mizyuz
2026-09-19 17:51:52 | INFO     | Saving at a/skeb/mizyuz-2d64ce.json
2026-09-19 17:51:53 | INFO     | OK https://skeb.jp/api/users/mooosikasite
2026-09-19 17:51:53 | INFO     | Saving at a/skeb/mooosikasite-cc4ef0.json
2026-09-19 17:51:54 | INFO     | OK https://skeb.jp/api/users/he_know_lee
2026-09-19 17:51:54 | INFO     | Saving at a/skeb/he_know_lee-ef81a5.json
2026-09-19 17:51:55 | INFO     | OK https://skeb.jp/api/users/WoL0YpqZDW8ZsEO
2026-09-19 17:51:55 | INFO     | Saving at a/skeb/WoL0YpqZDW8ZsEO-b56a4b.json
2026-09-19 17:51:56 | INFO     | OK https://skeb.jp/api/users/drmgrdn
2026-09-19 17:51:56 | INFO     | Saving at a/skeb/drmgrdn-6cc2a4.json
2026-09-19 17:51:57 | INFO     | OK https://skeb.jp/api/users/819Napp
2026-09-19 17:51:57 | INFO     | Saving at a/skeb/819Napp-ae0b63.json
2026-09-19 17:51:58 | INFO     | OK https://skeb.jp/api/users/hirari100
2026-09-19 17:51:58 | INFO     | Saving at a/skeb/hirari100-34d071.json
2026-09-19 17:51:59 | INFO     | OK https://skeb.jp/api/users/Hino_888
2026-09-19 17:51:59 | INFO     | Saving at a/skeb/Hino_888-1e78a7.json
2026-09-19 17:52:00 | INFO     | OK https://skeb.jp/api/users/goruchopame
2026-09-19 17:52:00 | INFO     | Saving at a/skeb/goruchopame-94a9d9.json
2026-09-19 17:52:01 | INFO     | OK https://skeb.jp/api/users/Toria_Ezu3
2026-09-19 17:52:01 | INFO     | Saving at a/skeb/Toria_Ezu3-756644.json
2026-09-19 17:52:02 | INFO     | OK https://skeb.jp/api/users/tokiha_chan
2026-09-19 17:52:02 | INFO     | Saving at a/skeb/tokiha_chan-9a4955.json
2026-09-19 17:52:03 | INFO     | OK https://skeb.jp/api/users/rotasqqfv
2026-09-19 17:52:03 | INFO     | Saving at a/skeb/rotasqqfv-45a0d7.json
2026-09-19 17:52:04 | INFO     | OK https://skeb.jp/api/users/sakusenbest
2026-09-19 17:52:04 | INFO     | Saving at a/skeb/sakusenbest-02d7e3.json
2026-09-19 17:52:05 | INFO     | OK https://skeb.jp/api/users/sho_gn4
2026-09-19 17:52:05 | INFO     | Saving at a/skeb/sho_gn4-61bb7a.json
2026-09-19 17:52:06 | INFO     | OK https://skeb.jp/api/users/rika_hoasi
2026-09-19 17:52:06 | INFO     | Saving at a/skeb/rika_hoasi-006b5b.json
2026-09-19 17:52:07 | INFO     | OK https://skeb.jp/api/users/sleepins
2026-09-19 17:52:07 | INFO     | Saving at a/skeb/sleepins-c6e912.json
2026-09-19 17:52:08 | INFO     | OK https://skeb.jp/api/users/aaaaaaaaa1201
2026-09-19 17:52:08 | INFO     | Saving at a/skeb/aaaaaaaaa1201-4897da.json
2026-09-19 17:52:09 | INFO     | OK https://skeb.jp/api/users/saku_F_0411
2026-09-19 17:52:09 | INFO     | Saving at a/skeb/saku_F_0411-831601.json
2026-09-19 17:52:10 | INFO     | OK https://skeb.jp/api/users/kawayuch
2026-09-19 17:52:10 | INFO     | Saving at a/skeb/kawayuch-ee39bd.json
2026-09-19 17:52:11 | INFO     | OK https://skeb.jp/api/users/KennyMuseum
2026-09-19 17:52:11 | INFO     | Saving at a/skeb/KennyMuseum-46c11d.json
2026-09-19 17:52:12 | INFO     | OK https://skeb.jp/api/users/oyxujx
2026-09-19 17:52:12 | INFO     | Saving at a/skeb/oyxujx-de1b45.json
2026-09-19 17:52:13 | INFO     | OK https://skeb.jp/api/users/ryo_h_884
2026-09-19 17:52:13 | INFO     | Saving at a/skeb/ryo_h_884-505ef3.json
2026-09-19 17:52:14 | INFO     | OK https://skeb.jp/api/users/Masushi_Masashi
2026-09-19 17:52:14 | INFO     | Saving at a/skeb/Masushi_Masashi-df258c.json
2026-09-19 17:52:15 | INFO     | OK https://skeb.jp/api/users/edd_tom_
2026-09-19 17:52:15 | INFO     | Saving at a/skeb/edd_tom_-18d907.json
2026-09-19 17:52:16 | INFO     | OK https://skeb.jp/api/users/CoPaPano_PA
2026-09-19 17:52:16 | INFO     | Saving at a/skeb/CoPaPano_PA-3e77a9.json
2026-09-19 17:52:17 | INFO     | OK https://skeb.jp/api/users/404_4628_
2026-09-19 17:52:17 | INFO     | Saving at a/skeb/404_4628_-21f97b.json
2026-09-19 17:52:18 | INFO     | OK https://skeb.jp/api/users/yuzu8ra
2026-09-19 17:52:18 | INFO     | Saving at a/skeb/yuzu8ra-ce033e.json
2026-09-19 17:52:19 | INFO     | OK https://skeb.jp/api/users/mikoko1
2026-09-19 17:52:19 | INFO     | Saving at a/skeb/mikoko1-b8f3ec.json
2026-09-19 17:52:20 | INFO     | OK https://skeb.jp/api/users/Hiro_Uraguti
2026-09-19 17:52:20 | INFO     | Saving at a/skeb/Hiro_Uraguti-8bf620.json
2026-09-19 17:52:21 | INFO     | OK https://skeb.jp/api/users/sn122r
2026-09-19 17:52:21 | INFO     | Saving at a/skeb/sn122r-54ba69.json
2026-09-19 17:52:22 | INFO     | OK https://skeb.jp/api/users/Linuxmi_3nt
2026-09-19 17:52:22 | INFO     | Saving at a/skeb/Linuxmi_3nt-21e4ff.json
2026-09-19 17:52:23 | INFO     | OK https://skeb.jp/api/users/ayanomitsuki08
2026-09-19 17:52:23 | INFO     | Saving at a/skeb/ayanomitsuki08-4ad1ad.json
2026-09-19 17:52:24 | INFO     | OK https://skeb.jp/api/users/akekuro_shiro
2026-09-19 17:52:24 | INFO     | Saving at a/skeb/akekuro_shiro-8e1b49.json
2026-09-19 17:52:25 | INFO     | OK https://skeb.jp/api/users/lmtvlgstlllfjty
2026-09-19 17:52:25 | INFO     | Saving at a/skeb/lmtvlgstlllfjty-b8d9c2.json
2026-09-19 17:52:26 | INFO     | OK https://skeb.jp/api/users/acolu00
2026-09-19 17:52:26 | INFO     | Saving at a/skeb/acolu00-cf4aa8.json
2026-09-19 17:52:27 | INFO     | OK https://skeb.jp/api/users/kaede_nekoshima
2026-09-19 17:52:27 | INFO     | Saving at a/skeb/kaede_nekoshima-e73742.json
2026-09-19 17:52:28 | INFO     | OK https://skeb.jp/api/users/ichiruho
2026-09-19 17:52:28 | INFO     | Saving at a/skeb/ichiruho-f4e897.json
2026-09-19 17:52:29 | INFO     | OK https://skeb.jp/api/users/umino_sachi_kj
2026-09-19 17:52:29 | INFO     | Saving at a/skeb/umino_sachi_kj-d749ca.json
2026-09-19 17:52:30 | INFO     | OK https://skeb.jp/api/users/BANAMONS
2026-09-19 17:52:30 | INFO     | Saving at a/skeb/BANAMONS-caeb57.json
2026-09-19 17:52:31 | INFO     | OK https://skeb.jp/api/users/Negikueyo39
2026-09-19 17:52:31 | INFO     | Saving at a/skeb/Negikueyo39-8fb0d0.json
2026-09-19 17:52:32 | INFO     | OK https://skeb.jp/api/users/ringo_chaci
2026-09-19 17:52:32 | INFO     | Saving at a/skeb/ringo_chaci-e2ee70.json
2026-09-19 17:52:33 | INFO     | OK https://skeb.jp/api/users/aoiao_0
2026-09-19 17:52:33 | INFO     | Saving at a/skeb/aoiao_0-5e678a.json
2026-09-19 17:52:34 | INFO     | OK https://skeb.jp/api/users/to_x_shi
2026-09-19 17:52:34 | INFO     | Saving at a/skeb/to_x_shi-22a9c8.json
2026-09-19 17:52:35 | INFO     | OK https://skeb.jp/api/users/porupopi
2026-09-19 17:52:35 | INFO     | Saving at a/skeb/porupopi-72596e.json
2026-09-19 17:52:36 | INFO     | OK https://skeb.jp/api/users/eitirou12345
2026-09-19 17:52:36 | INFO     | Saving at a/skeb/eitirou12345-c36a44.json
2026-09-19 17:52:37 | INFO     | OK https://skeb.jp/api/users/SPmushicake
2026-09-19 17:52:37 | INFO     | Saving at a/skeb/SPmushicake-0c216b.json
2026-09-19 17:52:38 | INFO     | OK https://skeb.jp/api/users/Kiri_no1020
2026-09-19 17:52:38 | INFO     | Saving at a/skeb/Kiri_no1020-e3c5b7.json
2026-09-19 17:52:39 | INFO     | OK https://skeb.jp/api/users/Uo3610_
2026-09-19 17:52:39 | INFO     | Saving at a/skeb/Uo3610_-889eca.json
2026-09-19 17:52:40 | INFO     | OK https://skeb.jp/api/users/kaku_skl
2026-09-19 17:52:40 | INFO     | Saving at a/skeb/kaku_skl-3af715.json
2026-09-19 17:52:41 | INFO     | OK https://skeb.jp/api/users/karin_reiro00
2026-09-19 17:52:41 | INFO     | Saving at a/skeb/karin_reiro00-074b46.json
2026-09-19 17:52:42 | INFO     | OK https://skeb.jp/api/users/K0Tu9z7
2026-09-19 17:52:42 | INFO     | Saving at a/skeb/K0Tu9z7-b63d81.json
2026-09-19 17:52:43 | INFO     | OK https://skeb.jp/api/users/Baronilu_02
2026-09-19 17:52:43 | INFO     | Saving at a/skeb/Baronilu_02-dce251.json
2026-09-19 17:52:44 | INFO     | OK https://skeb.jp/api/users/zera20200532
2026-09-19 17:52:44 | INFO     | Saving at a/skeb/zera20200532-30927f.json
2026-09-19 17:52:45 | INFO     | OK https://skeb.jp/api/users/Khaki_leaf
2026-09-19 17:52:45 | INFO     | Saving at a/skeb/Khaki_leaf-d3e2c0.json
2026-09-19 17:52:46 | INFO     | OK https://skeb.jp/api/users/Kirikasilica
2026-09-19 17:52:46 | INFO     | Saving at a/skeb/Kirikasilica-097eb9.json
2026-09-19 17:52:47 | INFO     | OK https://skeb.jp/api/users/yxhzkx
2026-09-19 17:52:47 | INFO     | Saving at a/skeb/yxhzkx-f965e6.json
2026-09-19 17:52:48 | INFO     | OK https://skeb.jp/api/users/h_pikari
2026-09-19 17:52:48 | INFO     | Saving at a/skeb/h_pikari-5e46b5.json
2026-09-19 17:52:49 | INFO     | OK https://skeb.jp/api/users/Gnu362
2026-09-19 17:52:49 | INFO     | Saving at a/skeb/Gnu362-af0b14.json
2026-09-19 17:52:50 | INFO     | OK https://skeb.jp/api/users/Hati_Noji_8
2026-09-19 17:52:50 | INFO     | Saving at a/skeb/Hati_Noji_8-fec2a2.json
2026-09-19 17:52:51 | INFO     | OK https://skeb.jp/api/users/s0nya19
2026-09-19 17:52:51 | INFO     | Saving at a/skeb/s0nya19-a6927b.json
2026-09-19 17:52:52 | INFO     | OK https://skeb.jp/api/users/syu_kyou
2026-09-19 17:52:52 | INFO     | Saving at a/skeb/syu_kyou-166793.json
2026-09-19 17:52:53 | INFO     | OK https://skeb.jp/api/users/mikan_anago
2026-09-19 17:52:53 | INFO     | Saving at a/skeb/mikan_anago-a8e34c.json
2026-09-19 17:52:54 | INFO     | OK https://skeb.jp/api/users/ayakumo_illust
2026-09-19 17:52:54 | INFO     | Saving at a/skeb/ayakumo_illust-f51737.json
2026-09-19 17:52:55 | INFO     | OK https://skeb.jp/api/users/2469_245
2026-09-19 17:52:55 | INFO     | Saving at a/skeb/2469_245-7b70bb.json
2026-09-19 17:52:56 | INFO     | OK https://skeb.jp/api/users/hinatabo_ko39
2026-09-19 17:52:56 | INFO     | Saving at a/skeb/hinatabo_ko39-6eb3da.json
2026-09-19 17:52:57 | INFO     | OK https://skeb.jp/api/users/nooooo563
2026-09-19 17:52:57 | INFO     | Saving at a/skeb/nooooo563-149e8d.json
2026-09-19 17:52:58 | INFO     | OK https://skeb.jp/api/users/bardaneekaki
2026-09-19 17:52:58 | INFO     | Saving at a/skeb/bardaneekaki-0cf4ba.json
2026-09-19 17:52:59 | INFO     | OK https://skeb.jp/api/users/terror_chan
2026-09-19 17:52:59 | INFO     | Saving at a/skeb/terror_chan-2eee3d.json
2026-09-19 17:53:00 | INFO     | OK https://skeb.jp/api/users/uuuuua07
2026-09-19 17:53:00 | INFO     | Saving at a/skeb/uuuuua07-211a07.json
2026-09-19 17:53:01 | INFO     | OK https://skeb.jp/api/users/3hkokki
2026-09-19 17:53:01 | INFO     | Saving at a/skeb/3hkokki-605f85.json
2026-09-19 17:53:02 | INFO     | OK https://skeb.jp/api/users/sr__01167265
2026-09-19 17:53:02 | INFO     | Saving at a/skeb/sr__01167265-d359d7.json
2026-09-19 17:53:03 | INFO     | OK https://skeb.jp/api/users/3kumini
2026-09-19 17:53:03 | INFO     | Saving at a/skeb/3kumini-94aff1.json
2026-09-19 17:53:04 | INFO     | OK https://skeb.jp/api/users/rioriot0987
2026-09-19 17:53:04 | INFO     | Saving at a/skeb/rioriot0987-08597f.json
2026-09-19 17:53:05 | INFO     | OK https://skeb.jp/api/users/mutuki_
2026-09-19 17:53:05 | INFO     | Saving at a/skeb/mutuki_-3070f6.json
2026-09-19 17:53:06 | INFO     | OK https://skeb.jp/api/users/memorasan1989
2026-09-19 17:53:06 | INFO     | Saving at a/skeb/memorasan1989-f41002.json
2026-09-19 17:53:07 | INFO     | OK https://skeb.jp/api/users/sekako_world
2026-09-19 17:53:07 | INFO     | Saving at a/skeb/sekako_world-980cbe.json
2026-09-19 17:53:08 | INFO     | OK https://skeb.jp/api/users/hiun64
2026-09-19 17:53:08 | INFO     | Saving at a/skeb/hiun64-c10276.json
2026-09-19 17:53:09 | INFO     | OK https://skeb.jp/api/users/niwatori_shie
2026-09-19 17:53:09 | INFO     | Saving at a/skeb/niwatori_shie-66f491.json
2026-09-19 17:53:10 | INFO     | OK https://skeb.jp/api/users/keronfrog
2026-09-19 17:53:10 | INFO     | Saving at a/skeb/keronfrog-f2cbfd.json
2026-09-19 17:53:11 | INFO     | OK https://skeb.jp/api/users/s6mn_b
2026-09-19 17:53:11 | INFO     | Saving at a/skeb/s6mn_b-81ef5c.json
2026-09-19 17:53:12 | INFO     | OK https://skeb.jp/api/users/00osu1041
2026-09-19 17:53:12 | INFO     | Saving at a/skeb/00osu1041-b476a6.json
2026-09-19 17:53:13 | INFO     | OK https://skeb.jp/api/users/Insect_3
2026-09-19 17:53:13 | INFO     | Saving at a/skeb/Insect_3-ee2b6f.json
2026-09-19 17:53:14 | INFO     | OK https://skeb.jp/api/users/zunusama
2026-09-19 17:53:14 | INFO     | Saving at a/skeb/zunusama-8338d4.json
2026-09-19 17:53:15 | INFO     | OK https://skeb.jp/api/users/sumimi_sub
2026-09-19 17:53:15 | INFO     | Saving at a/skeb/sumimi_sub-bf7103.json
2026-09-19 17:53:16 | INFO     | OK https://skeb.jp/api/users/_botabota
2026-09-19 17:53:16 | INFO     | Saving at a/skeb/_botabota-3ed299.json
2026-09-19 17:53:17 | INFO     | OK https://skeb.jp/api/users/maru_ya
2026-09-19 17:53:17 | INFO     | Saving at a/skeb/maru_ya-321897.json
2026-09-19 17:53:18 | INFO     | OK https://skeb.jp/api/users/megamega_
2026-09-19 17:53:18 | INFO     | Saving at a/skeb/megamega_-76036c.json
2026-09-19 17:53:19 | INFO     | OK https://skeb.jp/api/users/kisi0024
2026-09-19 17:53:19 | INFO     | Saving at a/skeb/kisi0024-9b0457.json
2026-09-19 17:53:20 | INFO     | OK https://skeb.jp/api/users/yzk10
2026-09-19 17:53:20 | INFO     | Saving at a/skeb/yzk10-f235ff.json
2026-09-19 17:53:21 | INFO     | OK https://skeb.jp/api/users/tesh1ch4n
2026-09-19 17:53:21 | INFO     | Saving at a/skeb/tesh1ch4n-ee4356.json
2026-09-19 17:53:22 | INFO     | OK https://skeb.jp/api/users/nemuimuiy
2026-09-19 17:53:22 | INFO     | Saving at a/skeb/nemuimuiy-b9881e.json
2026-09-19 17:53:23 | INFO     | OK https://skeb.jp/api/users/tsutamyu
2026-09-19 17:53:23 | INFO     | Saving at a/skeb/tsutamyu-25b9a5.json
2026-09-19 17:53:24 | INFO     | OK https://skeb.jp/api/users/Maid_Tiger
2026-09-19 17:53:24 | INFO     | Saving at a/skeb/Maid_Tiger-79bc5c.json
2026-09-19 17:53:25 | INFO     | OK https://skeb.jp/api/users/wankororin_0920
2026-09-19 17:53:25 | INFO     | Saving at a/skeb/wankororin_0920-bda77c.json
2026-09-19 17:53:27 | INFO     | OK https://skeb.jp/api/users/0v0_mu
2026-09-19 17:53:27 | INFO     | Saving at a/skeb/0v0_mu-44a374.json
2026-09-19 17:53:27 | INFO     | OK https://skeb.jp/api/users/dedorudy
2026-09-19 17:53:27 | INFO     | Saving at a/skeb/dedorudy-f373d3.json
2026-09-19 17:53:28 | INFO     | OK https://skeb.jp/api/users/neko_rondao0
2026-09-19 17:53:28 | INFO     | Saving at a/skeb/neko_rondao0-e3167e.json
2026-09-19 17:53:29 | INFO     | OK https://skeb.jp/api/users/Shibazakie_
2026-09-19 17:53:29 | INFO     | Saving at a/skeb/Shibazakie_-242fb0.json
2026-09-19 17:53:30 | INFO     | OK https://skeb.jp/api/users/death51094
2026-09-19 17:53:30 | INFO     | Saving at a/skeb/death51094-50860b.json
2026-09-19 17:53:31 | INFO     | OK https://skeb.jp/api/users/K_b328
2026-09-19 17:53:31 | INFO     | Saving at a/skeb/K_b328-d71e7b.json
2026-09-19 17:53:32 | INFO     | OK https://skeb.jp/api/users/nUoxnUn
2026-09-19 17:53:32 | INFO     | Saving at a/skeb/nUoxnUn-54f1e5.json
2026-09-19 17:53:33 | INFO     | OK https://skeb.jp/api/users/JuiceboxPixel
2026-09-19 17:53:33 | INFO     | Saving at a/skeb/JuiceboxPixel-5ea0a1.json
2026-09-19 17:53:34 | INFO     | OK https://skeb.jp/api/users/tokitamonta
2026-09-19 17:53:34 | INFO     | Saving at a/skeb/tokitamonta-4515fb.json
2026-09-19 17:53:35 | INFO     | OK https://skeb.jp/api/users/azuma_sanotsuki
2026-09-19 17:53:35 | INFO     | Saving at a/skeb/azuma_sanotsuki-3227bb.json
2026-09-19 17:53:36 | INFO     | OK https://skeb.jp/api/users/Talkative0841
2026-09-19 17:53:36 | INFO     | Saving at a/skeb/Talkative0841-f983a6.json
2026-09-19 17:53:37 | INFO     | OK https://skeb.jp/api/users/TSUDAYUD
2026-09-19 17:53:37 | INFO     | Saving at a/skeb/TSUDAYUD-ce2d7a.json
2026-09-19 17:53:38 | INFO     | OK https://skeb.jp/api/users/saragebu
2026-09-19 17:53:38 | INFO     | Saving at a/skeb/saragebu-fae355.json
2026-09-19 17:53:39 | INFO     | OK https://skeb.jp/api/users/mattangahieteru
2026-09-19 17:53:39 | INFO     | Saving at a/skeb/mattangahieteru-996bc0.json
2026-09-19 17:53:40 | INFO     | OK https://skeb.jp/api/users/utuutuutusnti
2026-09-19 17:53:40 | INFO     | Saving at a/skeb/utuutuutusnti-a3d561.json
2026-09-19 17:53:41 | INFO     | OK https://skeb.jp/api/users/tamagooishiizo
2026-09-19 17:53:41 | INFO     | Saving at a/skeb/tamagooishiizo-6958fd.json
2026-09-19 17:53:42 | INFO     | OK https://skeb.jp/api/users/kage_rino263
2026-09-19 17:53:42 | INFO     | Saving at a/skeb/kage_rino263-585952.json
2026-09-19 17:53:43 | INFO     | OK https://skeb.jp/api/users/maguro8989
2026-09-19 17:53:43 | INFO     | Saving at a/skeb/maguro8989-dd9331.json
2026-09-19 17:53:44 | INFO     | OK https://skeb.jp/api/users/krn_stn
2026-09-19 17:53:44 | INFO     | Saving at a/skeb/krn_stn-e314dd.json
2026-09-19 17:53:45 | INFO     | OK https://skeb.jp/api/users/H043_
2026-09-19 17:53:45 | INFO     | Saving at a/skeb/H043_-1eda53.json
2026-09-19 17:53:46 | INFO     | OK https://skeb.jp/api/users/h_816
2026-09-19 17:53:46 | INFO     | Saving at a/skeb/h_816-7e53fb.json
2026-09-19 17:53:47 | INFO     | OK https://skeb.jp/api/users/DosukebeRabbit
2026-09-19 17:53:47 | INFO     | Saving at a/skeb/DosukebeRabbit-b39931.json
2026-09-19 17:53:48 | INFO     | OK https://skeb.jp/api/users/OliverClassicT
2026-09-19 17:53:48 | INFO     | Saving at a/skeb/OliverClassicT-b32bc6.json
2026-09-19 17:53:49 | INFO     | OK https://skeb.jp/api/users/solo_k51
2026-09-19 17:53:49 | INFO     | Saving at a/skeb/solo_k51-808f29.json
2026-09-19 17:53:50 | INFO     | OK https://skeb.jp/api/users/CMR_0723
2026-09-19 17:53:50 | INFO     | Saving at a/skeb/CMR_0723-7a3ac1.json
2026-09-19 17:53:51 | INFO     | OK https://skeb.jp/api/users/Wynm_x12
2026-09-19 17:53:51 | INFO     | Saving at a/skeb/Wynm_x12-18d8ee.json
2026-09-19 17:53:52 | INFO     | OK https://skeb.jp/api/users/srso_4_
2026-09-19 17:53:52 | INFO     | Saving at a/skeb/srso_4_-d5acde.json
2026-09-19 17:53:53 | INFO     | OK https://skeb.jp/api/users/uuuusatama
2026-09-19 17:53:53 | INFO     | Saving at a/skeb/uuuusatama-88bef8.json
2026-09-19 17:53:54 | INFO     | OK https://skeb.jp/api/users/ikasyuumai
2026-09-19 17:53:54 | INFO     | Saving at a/skeb/ikasyuumai-7955dd.json
2026-09-19 17:53:55 | INFO     | OK https://skeb.jp/api/users/nasunasuna1020
2026-09-19 17:53:55 | INFO     | Saving at a/skeb/nasunasuna1020-2e07be.json
2026-09-19 17:53:56 | INFO     | OK https://skeb.jp/api/users/wrt_428
2026-09-19 17:53:56 | INFO     | Saving at a/skeb/wrt_428-53766a.json
2026-09-19 17:53:57 | INFO     | OK https://skeb.jp/api/users/K_kakitu_0111
2026-09-19 17:53:57 | INFO     | Saving at a/skeb/K_kakitu_0111-4a62bc.json
2026-09-19 17:53:58 | INFO     | OK https://skeb.jp/api/users/UmeUmeBox
2026-09-19 17:53:58 | INFO     | Saving at a/skeb/UmeUmeBox-cf363a.json
2026-09-19 17:53:59 | INFO     | OK https://skeb.jp/api/users/sanbaizoo333
2026-09-19 17:53:59 | INFO     | Saving at a/skeb/sanbaizoo333-7b368a.json
2026-09-19 17:54:00 | INFO     | OK https://skeb.jp/api/users/inu_to_tanpopo
2026-09-19 17:54:00 | INFO     | Saving at a/skeb/inu_to_tanpopo-9e0962.json
2026-09-19 17:54:01 | INFO     | OK https://skeb.jp/api/users/torikichi157
2026-09-19 17:54:01 | INFO     | Saving at a/skeb/torikichi157-fabb14.json
2026-09-19 17:54:02 | INFO     | OK https://skeb.jp/api/users/KawasakiW1sp
2026-09-19 17:54:02 | INFO     | Saving at a/skeb/KawasakiW1sp-6a3d69.json
2026-09-19 17:54:03 | INFO     | OK https://skeb.jp/api/users/yoru_no_00
2026-09-19 17:54:03 | INFO     | Saving at a/skeb/yoru_no_00-23e97e.json
2026-09-19 17:54:04 | INFO     | OK https://skeb.jp/api/users/wifi1981321
2026-09-19 17:54:04 | INFO     | Saving at a/skeb/wifi1981321-9ac9ff.json
2026-09-19 17:54:05 | INFO     | OK https://skeb.jp/api/users/100sukoyaka
2026-09-19 17:54:05 | INFO     | Saving at a/skeb/100sukoyaka-82e694.json
2026-09-19 17:54:06 | INFO     | OK https://skeb.jp/api/users/iro_iro_iroo
2026-09-19 17:54:06 | INFO     | Saving at a/skeb/iro_iro_iroo-69654d.json
2026-09-19 17:54:07 | INFO     | OK https://skeb.jp/api/users/kmkwuzn0404
2026-09-19 17:54:07 | INFO     | Saving at a/skeb/kmkwuzn0404-082c32.json
2026-09-19 17:54:08 | INFO     | OK https://skeb.jp/api/users/includematrix_p
2026-09-19 17:54:08 | INFO     | Saving at a/skeb/includematrix_p-1068ba.json
2026-09-19 17:54:09 | INFO     | OK https://skeb.jp/api/users/kemorau
2026-09-19 17:54:09 | INFO     | Saving at a/skeb/kemorau-c167a9.json
2026-09-19 17:54:10 | INFO     | OK https://skeb.jp/api/users/q7ley
2026-09-19 17:54:10 | INFO     | Saving at a/skeb/q7ley-627740.json
2026-09-19 17:54:11 | INFO     | OK https://skeb.jp/api/users/KmPukka
2026-09-19 17:54:11 | INFO     | Saving at a/skeb/KmPukka-590e5c.json
2026-09-19 17:54:12 | INFO     | OK https://skeb.jp/api/users/renharmeit
2026-09-19 17:54:12 | INFO     | Saving at a/skeb/renharmeit-4570c6.json
2026-09-19 17:54:13 | INFO     | OK https://skeb.jp/api/users/Kimaru____
2026-09-19 17:54:13 | INFO     | Saving at a/skeb/Kimaru____-cde357.json
2026-09-19 17:54:14 | INFO     | OK https://skeb.jp/api/users/uitotiu
2026-09-19 17:54:14 | INFO     | Saving at a/skeb/uitotiu-593900.json
2026-09-19 17:54:15 | INFO     | OK https://skeb.jp/api/users/_NEOGORILLA
2026-09-19 17:54:15 | INFO     | Saving at a/skeb/_NEOGORILLA-363cf2.json
2026-09-19 17:54:16 | INFO     | OK https://skeb.jp/api/users/6ki_shin
2026-09-19 17:54:16 | INFO     | Saving at a/skeb/6ki_shin-36c7b7.json
2026-09-19 17:54:17 | INFO     | OK https://skeb.jp/api/users/Ourstor08954957
2026-09-19 17:54:17 | INFO     | Saving at a/skeb/Ourstor08954957-8cf3fd.json
2026-09-19 17:54:18 | INFO     | OK https://skeb.jp/api/users/oic_oco
2026-09-19 17:54:18 | INFO     | Saving at a/skeb/oic_oco-b61835.json
2026-09-19 17:54:19 | INFO     | OK https://skeb.jp/api/users/cone_huraku
2026-09-19 17:54:19 | INFO     | Saving at a/skeb/cone_huraku-bbb755.json
2026-09-19 17:54:20 | INFO     | OK https://skeb.jp/api/users/yuruyuruNekose
2026-09-19 17:54:20 | INFO     | Saving at a/skeb/yuruyuruNekose-a3a244.json
2026-09-19 17:54:21 | INFO     | OK https://skeb.jp/api/users/anagenishi
2026-09-19 17:54:21 | INFO     | Saving at a/skeb/anagenishi-f130e9.json
2026-09-19 17:54:22 | INFO     | OK https://skeb.jp/api/users/shina1205_
2026-09-19 17:54:22 | INFO     | Saving at a/skeb/shina1205_-2b1b42.json
2026-09-19 17:54:23 | INFO     | OK https://skeb.jp/api/users/u_tenbulug
2026-09-19 17:54:23 | INFO     | Saving at a/skeb/u_tenbulug-dbce86.json
2026-09-19 17:54:24 | INFO     | OK https://skeb.jp/api/users/kannawataame
2026-09-19 17:54:24 | INFO     | Saving at a/skeb/kannawataame-46b0c6.json
2026-09-19 17:54:25 | INFO     | OK https://skeb.jp/api/users/runanya_vann
2026-09-19 17:54:25 | INFO     | Saving at a/skeb/runanya_vann-13dc42.json
2026-09-19 17:54:26 | INFO     | OK https://skeb.jp/api/users/shiz0077
2026-09-19 17:54:26 | INFO     | Saving at a/skeb/shiz0077-3c891b.json
2026-09-19 17:54:27 | INFO     | OK https://skeb.jp/api/users/aoaoaoaobbw
2026-09-19 17:54:27 | INFO     | Saving at a/skeb/aoaoaoaobbw-f1cfe5.json
2026-09-19 17:54:28 | INFO     | OK https://skeb.jp/api/users/coxxco12
2026-09-19 17:54:28 | INFO     | Saving at a/skeb/coxxco12-c0adc8.json
2026-09-19 17:54:29 | INFO     | OK https://skeb.jp/api/users/10kome_
2026-09-19 17:54:29 | INFO     | Saving at a/skeb/10kome_-f64db4.json
2026-09-19 17:54:30 | INFO     | OK https://skeb.jp/api/users/SB8496shibainu
2026-09-19 17:54:30 | INFO     | Saving at a/skeb/SB8496shibainu-4219f5.json
2026-09-19 17:54:31 | INFO     | OK https://skeb.jp/api/users/af_lqc_
2026-09-19 17:54:31 | INFO     | Saving at a/skeb/af_lqc_-7d78a0.json
2026-09-19 17:54:32 | INFO     | OK https://skeb.jp/api/users/chimi_051
2026-09-19 17:54:32 | INFO     | Saving at a/skeb/chimi_051-3bb7e2.json
2026-09-19 17:54:34 | INFO     | OK https://skeb.jp/api/users/oo32c
2026-09-19 17:54:34 | INFO     | Saving at a/skeb/oo32c-2d829c.json
2026-09-19 17:54:34 | INFO     | OK https://skeb.jp/api/users/__mlsn
2026-09-19 17:54:34 | INFO     | Saving at a/skeb/__mlsn-afab52.json
2026-09-19 17:54:35 | INFO     | OK https://skeb.jp/api/users/LOVE_mofu_love
2026-09-19 17:54:35 | INFO     | Saving at a/skeb/LOVE_mofu_love-a0bdf0.json
2026-09-19 17:54:36 | INFO     | OK https://skeb.jp/api/users/Eiswand___
2026-09-19 17:54:36 | INFO     | Saving at a/skeb/Eiswand___-b5035f.json
2026-09-19 17:54:37 | INFO     | OK https://skeb.jp/api/users/OwO_hello_
2026-09-19 17:54:37 | INFO     | Saving at a/skeb/OwO_hello_-ed8931.json
2026-09-19 17:54:38 | INFO     | OK https://skeb.jp/api/users/S0N0_A10
2026-09-19 17:54:38 | INFO     | Saving at a/skeb/S0N0_A10-9bfea5.json
2026-09-19 17:54:39 | INFO     | OK https://skeb.jp/api/users/matsuataru
2026-09-19 17:54:39 | INFO     | Saving at a/skeb/matsuataru-8d59aa.json
2026-09-19 17:54:40 | INFO     | OK https://skeb.jp/api/users/zaino_masaki
2026-09-19 17:54:40 | INFO     | Saving at a/skeb/zaino_masaki-508771.json
2026-09-19 17:54:41 | INFO     | OK https://skeb.jp/api/users/mokarooru_0x0
2026-09-19 17:54:41 | INFO     | Saving at a/skeb/mokarooru_0x0-2e87ee.json
2026-09-19 17:54:42 | INFO     | OK https://skeb.jp/api/users/shibori0221
2026-09-19 17:54:42 | INFO     | Saving at a/skeb/shibori0221-f57eb7.json
2026-09-19 17:54:43 | INFO     | OK https://skeb.jp/api/users/SISr3drCDZQMQ7Y
2026-09-19 17:54:43 | INFO     | Saving at a/skeb/SISr3drCDZQMQ7Y-9c7da1.json
2026-09-19 17:54:44 | INFO     | OK https://skeb.jp/api/users/R1tuk
2026-09-19 17:54:44 | INFO     | Saving at a/skeb/R1tuk-c75955.json
2026-09-19 17:54:45 | INFO     | OK https://skeb.jp/api/users/Tana_so_saku
2026-09-19 17:54:45 | INFO     | Saving at a/skeb/Tana_so_saku-555a65.json
2026-09-19 17:54:46 | INFO     | OK https://skeb.jp/api/users/asumi_art
2026-09-19 17:54:46 | INFO     | Saving at a/skeb/asumi_art-c94807.json
2026-09-19 17:54:47 | INFO     | OK https://skeb.jp/api/users/shinya_hoiku
2026-09-19 17:54:47 | INFO     | Saving at a/skeb/shinya_hoiku-06a88a.json
2026-09-19 17:54:48 | INFO     | OK https://skeb.jp/api/users/harunn2288
2026-09-19 17:54:48 | INFO     | Saving at a/skeb/harunn2288-35757a.json
2026-09-19 17:54:49 | INFO     | OK https://skeb.jp/api/users/mogitaro25
2026-09-19 17:54:49 | INFO     | Saving at a/skeb/mogitaro25-a4b0cf.json
2026-09-19 17:54:50 | INFO     | OK https://skeb.jp/api/users/Naruru_107
2026-09-19 17:54:50 | INFO     | Saving at a/skeb/Naruru_107-0116ba.json
2026-09-19 17:54:51 | INFO     | OK https://skeb.jp/api/users/oftoninyamane
2026-09-19 17:54:51 | INFO     | Saving at a/skeb/oftoninyamane-eac1a9.json
2026-09-19 17:54:52 | INFO     | OK https://skeb.jp/api/users/CLNNjuf3W2U4jCl
2026-09-19 17:54:52 | INFO     | Saving at a/skeb/CLNNjuf3W2U4jCl-60a9cd.json
2026-09-19 17:54:53 | INFO     | OK https://skeb.jp/api/users/Yashir0_outside
2026-09-19 17:54:53 | INFO     | Saving at a/skeb/Yashir0_outside-c8c4f5.json
2026-09-19 17:54:54 | INFO     | OK https://skeb.jp/api/users/nico_3867
2026-09-19 17:54:54 | INFO     | Saving at a/skeb/nico_3867-850022.json
2026-09-19 17:54:55 | INFO     | OK https://skeb.jp/api/users/senkatea3
2026-09-19 17:54:55 | INFO     | Saving at a/skeb/senkatea3-13e93e.json
2026-09-19 17:54:56 | INFO     | OK https://skeb.jp/api/users/Aluva1029
2026-09-19 17:54:56 | INFO     | Saving at a/skeb/Aluva1029-dd5991.json
2026-09-19 17:54:57 | INFO     | OK https://skeb.jp/api/users/same_xxlo
2026-09-19 17:54:57 | INFO     | Saving at a/skeb/same_xxlo-ac40b8.json
2026-09-19 17:54:58 | INFO     | OK https://skeb.jp/api/users/cro_080
2026-09-19 17:54:58 | INFO     | Saving at a/skeb/cro_080-e6f37c.json
2026-09-19 17:54:59 | INFO     | OK https://skeb.jp/api/users/acicci_1
2026-09-19 17:54:59 | INFO     | Saving at a/skeb/acicci_1-7fc82b.json
2026-09-19 17:55:00 | INFO     | OK https://skeb.jp/api/users/p_p0p0p
2026-09-19 17:55:00 | INFO     | Saving at a/skeb/p_p0p0p-5a2073.json
2026-09-19 17:55:01 | INFO     | OK https://skeb.jp/api/users/tomsss_lv
2026-09-19 17:55:01 | INFO     | Saving at a/skeb/tomsss_lv-a408f1.json
2026-09-19 17:55:02 | INFO     | OK https://skeb.jp/api/users/metallightheart
2026-09-19 17:55:02 | INFO     | Saving at a/skeb/metallightheart-042a6a.json
2026-09-19 17:55:03 | INFO     | OK https://skeb.jp/api/users/subhos312
2026-09-19 17:55:03 | INFO     | Saving at a/skeb/subhos312-e057a1.json
2026-09-19 17:55:04 | INFO     | OK https://skeb.jp/api/users/Daneda_kemo
2026-09-19 17:55:04 | INFO     | Saving at a/skeb/Daneda_kemo-692086.json
2026-09-19 17:55:05 | INFO     | OK https://skeb.jp/api/users/kuzumochi800
2026-09-19 17:55:05 | INFO     | Saving at a/skeb/kuzumochi800-2fafc1.json
2026-09-19 17:55:06 | INFO     | OK https://skeb.jp/api/users/ricecake_taro
2026-09-19 17:55:06 | INFO     | Saving at a/skeb/ricecake_taro-eb6980.json
2026-09-19 17:55:07 | INFO     | OK https://skeb.jp/api/users/izui_pika_
2026-09-19 17:55:07 | INFO     | Saving at a/skeb/izui_pika_-2bef95.json
2026-09-19 17:55:08 | INFO     | OK https://skeb.jp/api/users/tannsumi
2026-09-19 17:55:08 | INFO     | Saving at a/skeb/tannsumi-df05b2.json
2026-09-19 17:55:10 | INFO     | OK https://skeb.jp/api/users/SirayukiSIU
2026-09-19 17:55:10 | INFO     | Saving at a/skeb/SirayukiSIU-810c14.json
2026-09-19 17:55:10 | INFO     | OK https://skeb.jp/api/users/d_chain
2026-09-19 17:55:10 | INFO     | Saving at a/skeb/d_chain-ae1e12.json
2026-09-19 17:55:11 | INFO     | OK https://skeb.jp/api/users/th9xr
2026-09-19 17:55:11 | INFO     | Saving at a/skeb/th9xr-e1ef59.json
2026-09-19 17:55:12 | INFO     | OK https://skeb.jp/api/users/815ttt
2026-09-19 17:55:12 | INFO     | Saving at a/skeb/815ttt-0f1cc8.json
2026-09-19 17:55:13 | INFO     | OK https://skeb.jp/api/users/mt9mt_
2026-09-19 17:55:13 | INFO     | Saving at a/skeb/mt9mt_-7d941c.json
2026-09-19 17:55:14 | INFO     | OK https://skeb.jp/api/users/kimikag_
2026-09-19 17:55:14 | INFO     | Saving at a/skeb/kimikag_-dab11b.json
2026-09-19 17:55:15 | INFO     | OK https://skeb.jp/api/users/wloz07
2026-09-19 17:55:15 | INFO     | Saving at a/skeb/wloz07-b59518.json
2026-09-19 17:55:16 | INFO     | OK https://skeb.jp/api/users/HK__BB
2026-09-19 17:55:16 | INFO     | Saving at a/skeb/HK__BB-effb13.json
2026-09-19 17:55:17 | INFO     | OK https://skeb.jp/api/users/mcng_36
2026-09-19 17:55:17 | INFO     | Saving at a/skeb/mcng_36-3b3527.json
2026-09-19 17:55:18 | INFO     | OK https://skeb.jp/api/users/saidaa_shuwawa
2026-09-19 17:55:18 | INFO     | Saving at a/skeb/saidaa_shuwawa-1bb5a8.json
2026-09-19 17:55:19 | INFO     | OK https://skeb.jp/api/users/Neriedor
2026-09-19 17:55:19 | INFO     | Saving at a/skeb/Neriedor-1f662e.json
2026-09-19 17:55:20 | INFO     | OK https://skeb.jp/api/users/mkmk1080
2026-09-19 17:55:20 | INFO     | Saving at a/skeb/mkmk1080-07714b.json
2026-09-19 17:55:21 | INFO     | OK https://skeb.jp/api/users/OCT_CANDY
2026-09-19 17:55:21 | INFO     | Saving at a/skeb/OCT_CANDY-7a63d9.json
2026-09-19 17:55:22 | INFO     | OK https://skeb.jp/api/users/a1n_l2O
2026-09-19 17:55:22 | INFO     | Saving at a/skeb/a1n_l2O-9d0487.json
2026-09-19 17:55:23 | INFO     | OK https://skeb.jp/api/users/2wscd
2026-09-19 17:55:23 | INFO     | Saving at a/skeb/2wscd-f650b3.json
2026-09-19 17:55:24 | INFO     | OK https://skeb.jp/api/users/kahi9317
2026-09-19 17:55:24 | INFO     | Saving at a/skeb/kahi9317-229f5f.json
2026-09-19 17:55:25 | INFO     | OK https://skeb.jp/api/users/ondenzame2
2026-09-19 17:55:25 | INFO     | Saving at a/skeb/ondenzame2-02cdf1.json
2026-09-19 17:55:26 | INFO     | OK https://skeb.jp/api/users/notraidersin1
2026-09-19 17:55:26 | INFO     | Saving at a/skeb/notraidersin1-8ce8f9.json
2026-09-19 17:55:27 | INFO     | OK https://skeb.jp/api/users/illust_tuyuko
2026-09-19 17:55:27 | INFO     | Saving at a/skeb/illust_tuyuko-30f12d.json
2026-09-19 17:55:29 | INFO     | OK https://skeb.jp/api/users/kani_shitatata
2026-09-19 17:55:29 | INFO     | Saving at a/skeb/kani_shitatata-7e5471.json
2026-09-19 17:55:29 | INFO     | OK https://skeb.jp/api/users/omutumann_
2026-09-19 17:55:29 | INFO     | Saving at a/skeb/omutumann_-48d40d.json
2026-09-19 17:55:30 | INFO     | OK https://skeb.jp/api/users/okayugohaaaaaan
2026-09-19 17:55:30 | INFO     | Saving at a/skeb/okayugohaaaaaan-652ff6.json
2026-09-19 17:55:31 | INFO     | OK https://skeb.jp/api/users/Ichibomotu
2026-09-19 17:55:31 | INFO     | Saving at a/skeb/Ichibomotu-bae65f.json
2026-09-19 17:55:32 | INFO     | OK https://skeb.jp/api/users/basashimeshi_dy
2026-09-19 17:55:32 | INFO     | Saving at a/skeb/basashimeshi_dy-624960.json
2026-09-19 17:55:33 | INFO     | OK https://skeb.jp/api/users/tokeiiiiiii
2026-09-19 17:55:33 | INFO     | Saving at a/skeb/tokeiiiiiii-7da11c.json
2026-09-19 17:55:34 | INFO     | OK https://skeb.jp/api/users/FSD_and_GF4656
2026-09-19 17:55:34 | INFO     | Saving at a/skeb/FSD_and_GF4656-530244.json
2026-09-19 17:55:35 | INFO     | OK https://skeb.jp/api/users/asai_76
2026-09-19 17:55:35 | INFO     | Saving at a/skeb/asai_76-e0f70e.json
2026-09-19 17:55:36 | INFO     | OK https://skeb.jp/api/users/shirogane_gin_
2026-09-19 17:55:36 | INFO     | Saving at a/skeb/shirogane_gin_-d99d9e.json
2026-09-19 17:55:37 | INFO     | OK https://skeb.jp/api/users/fuzi_0730
2026-09-19 17:55:37 | INFO     | Saving at a/skeb/fuzi_0730-01b51f.json
2026-09-19 17:55:38 | INFO     | OK https://skeb.jp/api/users/Musu1215
2026-09-19 17:55:38 | INFO     | Saving at a/skeb/Musu1215-901dcd.json
2026-09-19 17:55:39 | INFO     | OK https://skeb.jp/api/users/JgF1yy5
2026-09-19 17:55:39 | INFO     | Saving at a/skeb/JgF1yy5-a82f94.json
2026-09-19 17:55:40 | INFO     | OK https://skeb.jp/api/users/puddinghomhom
2026-09-19 17:55:40 | INFO     | Saving at a/skeb/puddinghomhom-f4aabf.json
2026-09-19 17:55:41 | INFO     | OK https://skeb.jp/api/users/Akiho_dayoooo
2026-09-19 17:55:41 | INFO     | Saving at a/skeb/Akiho_dayoooo-8bf5b1.json
2026-09-19 17:55:42 | INFO     | OK https://skeb.jp/api/users/yamaP_mako
2026-09-19 17:55:42 | INFO     | Saving at a/skeb/yamaP_mako-061e64.json
2026-09-19 17:55:43 | INFO     | OK https://skeb.jp/api/users/Mok_orz
2026-09-19 17:55:43 | INFO     | Saving at a/skeb/Mok_orz-cd0408.json
2026-09-19 17:55:44 | INFO     | OK https://skeb.jp/api/users/514chankawaii
2026-09-19 17:55:44 | INFO     | Saving at a/skeb/514chankawaii-3cdb11.json
2026-09-19 17:55:45 | INFO     | OK https://skeb.jp/api/users/mjrnk2
2026-09-19 17:55:45 | INFO     | Saving at a/skeb/mjrnk2-4a094d.json
2026-09-19 17:55:46 | INFO     | OK https://skeb.jp/api/users/tomi8tky
2026-09-19 17:55:46 | INFO     | Saving at a/skeb/tomi8tky-322d98.json
2026-09-19 17:55:47 | INFO     | OK https://skeb.jp/api/users/emmm_0524
2026-09-19 17:55:47 | INFO     | Saving at a/skeb/emmm_0524-d5b1c6.json
2026-09-19 17:55:48 | INFO     | OK https://skeb.jp/api/users/azusa_maxima
2026-09-19 17:55:48 | INFO     | Saving at a/skeb/azusa_maxima-5c7f93.json
2026-09-19 17:55:49 | INFO     | OK https://skeb.jp/api/users/dRccPEWOI2PvZfU
2026-09-19 17:55:49 | INFO     | Saving at a/skeb/dRccPEWOI2PvZfU-8c3140.json
2026-09-19 17:55:50 | INFO     | OK https://skeb.jp/api/users/68ta_
2026-09-19 17:55:50 | INFO     | Saving at a/skeb/68ta_-8c91b2.json
2026-09-19 17:55:51 | INFO     | OK https://skeb.jp/api/users/mio_san_da_
2026-09-19 17:55:51 | INFO     | Saving at a/skeb/mio_san_da_-60c5a8.json
2026-09-19 17:55:52 | INFO     | OK https://skeb.jp/api/users/kajiki__
2026-09-19 17:55:52 | INFO     | Saving at a/skeb/kajiki__-4fc823.json
2026-09-19 17:55:54 | INFO     | OK https://skeb.jp/api/users/ham_points
2026-09-19 17:55:54 | INFO     | Saving at a/skeb/ham_points-27ffea.json
2026-09-19 17:55:55 | INFO     | OK https://skeb.jp/api/users/ma_zatta
2026-09-19 17:55:55 | INFO     | Saving at a/skeb/ma_zatta-f4e8af.json
2026-09-19 17:55:56 | INFO     | OK https://skeb.jp/api/users/SHITAPPA0120
2026-09-19 17:55:56 | INFO     | Saving at a/skeb/SHITAPPA0120-b7fe81.json
2026-09-19 17:55:56 | INFO     | OK https://skeb.jp/api/users/hfd0g
2026-09-19 17:55:56 | INFO     | Saving at a/skeb/hfd0g-b3ca62.json
2026-09-19 17:55:57 | INFO     | OK https://skeb.jp/api/users/cocoa_k_memo2
2026-09-19 17:55:57 | INFO     | Saving at a/skeb/cocoa_k_memo2-1d66e5.json
2026-09-19 17:55:58 | INFO     | OK https://skeb.jp/api/users/hir0i4_
2026-09-19 17:55:58 | INFO     | Saving at a/skeb/hir0i4_-f2e68e.json
2026-09-19 17:55:59 | INFO     | OK https://skeb.jp/api/users/umm_0621
2026-09-19 17:55:59 | INFO     | Saving at a/skeb/umm_0621-4e807f.json
2026-09-19 17:56:00 | INFO     | OK https://skeb.jp/api/users/migi_miya
2026-09-19 17:56:00 | INFO     | Saving at a/skeb/migi_miya-45561c.json
2026-09-19 17:56:02 | INFO     | OK https://skeb.jp/api/users/chfy_ibk
2026-09-19 17:56:02 | INFO     | Saving at a/skeb/chfy_ibk-5c52cd.json
2026-09-19 17:56:02 | INFO     | OK https://skeb.jp/api/users/omaeoekakiuma
2026-09-19 17:56:02 | INFO     | Saving at a/skeb/omaeoekakiuma-62cf81.json
2026-09-19 17:56:03 | INFO     | OK https://skeb.jp/api/users/guruminnSuB
2026-09-19 17:56:03 | INFO     | Saving at a/skeb/guruminnSuB-88ec20.json
2026-09-19 17:56:05 | INFO     | OK https://skeb.jp/api/users/mizol_000
2026-09-19 17:56:05 | INFO     | Saving at a/skeb/mizol_000-2a1264.json
2026-09-19 17:56:05 | INFO     | OK https://skeb.jp/api/users/non_kujoe
2026-09-19 17:56:06 | INFO     | Saving at a/skeb/non_kujoe-a877e7.json
2026-09-19 17:56:06 | INFO     | OK https://skeb.jp/api/users/Relx0
2026-09-19 17:56:06 | INFO     | Saving at a/skeb/Relx0-8f116f.json
2026-09-19 17:56:07 | INFO     | OK https://skeb.jp/api/users/K6Wg0e6meM
2026-09-19 17:56:07 | INFO     | Saving at a/skeb/K6Wg0e6meM-c2556b.json
2026-09-19 17:56:08 | INFO     | OK https://skeb.jp/api/users/gomikyun_3
2026-09-19 17:56:08 | INFO     | Saving at a/skeb/gomikyun_3-3427d8.json
2026-09-19 17:56:09 | INFO     | OK https://skeb.jp/api/users/amujamu
2026-09-19 17:56:09 | INFO     | Saving at a/skeb/amujamu-bd465d.json
2026-09-19 17:56:10 | INFO     | OK https://skeb.jp/api/users/harara_illust
2026-09-19 17:56:10 | INFO     | Saving at a/skeb/harara_illust-09abb7.json
2026-09-19 17:56:11 | INFO     | OK https://skeb.jp/api/users/Uh26y
2026-09-19 17:56:11 | INFO     | Saving at a/skeb/Uh26y-7d8449.json
2026-09-19 17:56:12 | INFO     | OK https://skeb.jp/api/users/MUSAME
2026-09-19 17:56:12 | INFO     | Saving at a/skeb/MUSAME-dbbbe5.json
2026-09-19 17:56:13 | INFO     | OK https://skeb.jp/api/users/Tomura_daze
2026-09-19 17:56:13 | INFO     | Saving at a/skeb/Tomura_daze-a9b19b.json
2026-09-19 17:56:14 | INFO     | OK https://skeb.jp/api/users/piyotycho
2026-09-19 17:56:14 | INFO     | Saving at a/skeb/piyotycho-a46f17.json
2026-09-19 17:56:16 | INFO     | OK https://skeb.jp/api/users/kaidou_Zx
2026-09-19 17:56:16 | INFO     | Saving at a/skeb/kaidou_Zx-afad3c.json
2026-09-19 17:56:16 | INFO     | OK https://skeb.jp/api/users/hosobo123
2026-09-19 17:56:16 | INFO     | Saving at a/skeb/hosobo123-fba783.json
2026-09-19 17:56:18 | INFO     | OK https://skeb.jp/api/users/baronzombie
2026-09-19 17:56:18 | INFO     | Saving at a/skeb/baronzombie-313347.json
2026-09-19 17:56:18 | INFO     | OK https://skeb.jp/api/users/renznyanya
2026-09-19 17:56:18 | INFO     | Saving at a/skeb/renznyanya-3ca26a.json
2026-09-19 17:56:19 | INFO     | OK https://skeb.jp/api/users/inada_okk
2026-09-19 17:56:20 | INFO     | Saving at a/skeb/inada_okk-20a2ba.json
2026-09-19 17:56:21 | INFO     | OK https://skeb.jp/api/users/tukimi293_trpg
2026-09-19 17:56:21 | INFO     | Saving at a/skeb/tukimi293_trpg-a311b4.json
2026-09-19 17:56:22 | INFO     | OK https://skeb.jp/api/users/Sakura_Chaban
2026-09-19 17:56:22 | INFO     | Saving at a/skeb/Sakura_Chaban-70fb2d.json
2026-09-19 17:56:23 | INFO     | OK https://skeb.jp/api/users/ndk__zZ
2026-09-19 17:56:23 | INFO     | Saving at a/skeb/ndk__zZ-9c136d.json
2026-09-19 17:56:24 | INFO     | OK https://skeb.jp/api/users/fng1972
2026-09-19 17:56:24 | INFO     | Saving at a/skeb/fng1972-e6ac06.json
2026-09-19 17:56:25 | INFO     | OK https://skeb.jp/api/users/nopon
2026-09-19 17:56:25 | INFO     | Saving at a/skeb/nopon-1d3312.json
2026-09-19 17:56:26 | INFO     | OK https://skeb.jp/api/users/haldayo913
2026-09-19 17:56:26 | INFO     | Saving at a/skeb/haldayo913-681ae3.json
2026-09-19 17:56:27 | INFO     | OK https://skeb.jp/api/users/4ox
2026-09-19 17:56:27 | INFO     | Saving at a/skeb/4ox-46056f.json
2026-09-19 17:56:28 | INFO     | OK https://skeb.jp/api/users/NTRyugiri69
2026-09-19 17:56:28 | INFO     | Saving at a/skeb/NTRyugiri69-7e8e21.json
2026-09-19 17:56:28 | INFO     | OK https://skeb.jp/api/users/omuraisu_Lover
2026-09-19 17:56:28 | INFO     | Saving at a/skeb/omuraisu_Lover-0b5a7d.json
2026-09-19 17:56:29 | INFO     | OK https://skeb.jp/api/users/domudomuunadon
2026-09-19 17:56:29 | INFO     | Saving at a/skeb/domudomuunadon-3fd195.json
2026-09-19 17:56:30 | INFO     | OK https://skeb.jp/api/users/dra_tokage
2026-09-19 17:56:30 | INFO     | Saving at a/skeb/dra_tokage-af069f.json
2026-09-19 17:56:31 | INFO     | OK https://skeb.jp/api/users/SeiranAichi
2026-09-19 17:56:31 | INFO     | Saving at a/skeb/SeiranAichi-e4884e.json
2026-09-19 17:56:32 | INFO     | OK https://skeb.jp/api/users/Naim0n0nedari_
2026-09-19 17:56:32 | INFO     | Saving at a/skeb/Naim0n0nedari_-9e7636.json
2026-09-19 17:56:34 | INFO     | OK https://skeb.jp/api/users/takahashimyojin
2026-09-19 17:56:34 | INFO     | Saving at a/skeb/takahashimyojin-dd0852.json
2026-09-19 17:56:34 | INFO     | OK https://skeb.jp/api/users/nigakute_kusa
2026-09-19 17:56:34 | INFO     | Saving at a/skeb/nigakute_kusa-97161d.json
2026-09-19 17:56:36 | INFO     | OK https://skeb.jp/api/users/Tsukushi_Haru_
2026-09-19 17:56:36 | INFO     | Saving at a/skeb/Tsukushi_Haru_-954d8e.json
2026-09-19 17:56:36 | INFO     | OK https://skeb.jp/api/users/404MT
2026-09-19 17:56:37 | INFO     | Saving at a/skeb/404MT-506a08.json
2026-09-19 17:56:37 | INFO     | OK https://skeb.jp/api/users/hitokuirou
2026-09-19 17:56:37 | INFO     | Saving at a/skeb/hitokuirou-04115b.json
2026-09-19 17:56:39 | INFO     | OK https://skeb.jp/api/users/NUW_WARLD
2026-09-19 17:56:39 | INFO     | Saving at a/skeb/NUW_WARLD-569710.json
2026-09-19 17:56:40 | INFO     | OK https://skeb.jp/api/users/GUCHIaKING
2026-09-19 17:56:40 | INFO     | Saving at a/skeb/GUCHIaKING-48917e.json
2026-09-19 17:56:40 | INFO     | OK https://skeb.jp/api/users/dinakichi__chan
2026-09-19 17:56:40 | INFO     | Saving at a/skeb/dinakichi__chan-4dcfd8.json
2026-09-19 17:56:42 | INFO     | OK https://skeb.jp/api/users/nonbirireo
2026-09-19 17:56:42 | INFO     | Saving at a/skeb/nonbirireo-f563cd.json
2026-09-19 17:56:42 | INFO     | OK https://skeb.jp/api/users/la_yu7954
2026-09-19 17:56:42 | INFO     | Saving at a/skeb/la_yu7954-655b7e.json
2026-09-19 17:56:43 | INFO     | OK https://skeb.jp/api/users/pokoponpen
2026-09-19 17:56:43 | INFO     | Saving at a/skeb/pokoponpen-0d1563.json
2026-09-19 17:56:44 | INFO     | OK https://skeb.jp/api/users/kosame_ring
2026-09-19 17:56:44 | INFO     | Saving at a/skeb/kosame_ring-98ce79.json
2026-09-19 17:56:45 | INFO     | OK https://skeb.jp/api/users/koharu_waaa
2026-09-19 17:56:45 | INFO     | Saving at a/skeb/koharu_waaa-c2ff69.json
2026-09-19 17:56:46 | INFO     | OK https://skeb.jp/api/users/Ha_6317
2026-09-19 17:56:46 | INFO     | Saving at a/skeb/Ha_6317-be0d26.json
2026-09-19 17:56:47 | INFO     | OK https://skeb.jp/api/users/haruaki_r
2026-09-19 17:56:47 | INFO     | Saving at a/skeb/haruaki_r-4bbfb4.json
2026-09-19 17:56:49 | INFO     | OK https://skeb.jp/api/users/misooo_ll
2026-09-19 17:56:49 | INFO     | Saving at a/skeb/misooo_ll-464c57.json
2026-09-19 17:56:50 | INFO     | OK https://skeb.jp/api/users/3_3min5
2026-09-19 17:56:50 | INFO     | Saving at a/skeb/3_3min5-32ee32.json
2026-09-19 17:56:51 | INFO     | OK https://skeb.jp/api/users/UNKown774_
2026-09-19 17:56:51 | INFO     | Saving at a/skeb/UNKown774_-131e40.json
2026-09-19 17:56:52 | INFO     | OK https://skeb.jp/api/users/infinityspoon
2026-09-19 17:56:52 | INFO     | Saving at a/skeb/infinityspoon-b7fd56.json
2026-09-19 17:56:53 | INFO     | OK https://skeb.jp/api/users/mx__opg
2026-09-19 17:56:53 | INFO     | Saving at a/skeb/mx__opg-2d9fbd.json
2026-09-19 17:56:54 | INFO     | OK https://skeb.jp/api/users/rokuro_yusa
2026-09-19 17:56:54 | INFO     | Saving at a/skeb/rokuro_yusa-8411a5.json
2026-09-19 17:56:55 | INFO     | OK https://skeb.jp/api/users/merona_0914
2026-09-19 17:56:55 | INFO     | Saving at a/skeb/merona_0914-6859ea.json
2026-09-19 17:56:55 | INFO     | OK https://skeb.jp/api/users/borzo_inu828
2026-09-19 17:56:55 | INFO     | Saving at a/skeb/borzo_inu828-3e76e5.json
2026-09-19 17:56:56 | INFO     | OK https://skeb.jp/api/users/Dankiryu00bb
2026-09-19 17:56:56 | INFO     | Saving at a/skeb/Dankiryu00bb-495bbc.json
2026-09-19 17:56:58 | INFO     | OK https://skeb.jp/api/users/astroneeeer
2026-09-19 17:56:58 | INFO     | Saving at a/skeb/astroneeeer-50789d.json
2026-09-19 17:56:58 | INFO     | OK https://skeb.jp/api/users/kleio
2026-09-19 17:56:58 | INFO     | Saving at a/skeb/kleio-6dec92.json
2026-09-19 17:56:59 | INFO     | OK https://skeb.jp/api/users/genesis_r18
2026-09-19 17:56:59 | INFO     | Saving at a/skeb/genesis_r18-a0b455.json
2026-09-19 17:57:01 | INFO     | OK https://skeb.jp/api/users/fal_klose
2026-09-19 17:57:01 | INFO     | Saving at a/skeb/fal_klose-3fd2e4.json
2026-09-19 17:57:02 | INFO     | OK https://skeb.jp/api/users/yamame513
2026-09-19 17:57:02 | INFO     | Saving at a/skeb/yamame513-124aac.json
2026-09-19 17:57:02 | INFO     | OK https://skeb.jp/api/users/kumanoaburi
2026-09-19 17:57:02 | INFO     | Saving at a/skeb/kumanoaburi-e01393.json
2026-09-19 17:57:04 | INFO     | OK https://skeb.jp/api/users/owawa74935
2026-09-19 17:57:04 | INFO     | Saving at a/skeb/owawa74935-f1a726.json
2026-09-19 17:57:05 | INFO     | OK https://skeb.jp/api/users/abus55764787
2026-09-19 17:57:05 | INFO     | Saving at a/skeb/abus55764787-1291ce.json
2026-09-19 17:57:06 | INFO     | OK https://skeb.jp/api/users/deepvalley
2026-09-19 17:57:06 | INFO     | Saving at a/skeb/deepvalley-748b3a.json
2026-09-19 17:57:06 | INFO     | OK https://skeb.jp/api/users/sALezzUgMjdE0aj
2026-09-19 17:57:06 | INFO     | Saving at a/skeb/sALezzUgMjdE0aj-8853ab.json
2026-09-19 17:57:08 | INFO     | OK https://skeb.jp/api/users/t_aoiro123
2026-09-19 17:57:08 | INFO     | Saving at a/skeb/t_aoiro123-8c374b.json
2026-09-19 17:57:09 | INFO     | OK https://skeb.jp/api/users/zi_honda
2026-09-19 17:57:09 | INFO     | Saving at a/skeb/zi_honda-03f68d.json
2026-09-19 17:57:10 | INFO     | OK https://skeb.jp/api/users/umiwithout
2026-09-19 17:57:10 | INFO     | Saving at a/skeb/umiwithout-a8a923.json
2026-09-19 17:57:11 | INFO     | OK https://skeb.jp/api/users/hinata_habi_ss
2026-09-19 17:57:11 | INFO     | Saving at a/skeb/hinata_habi_ss-cb087b.json
2026-09-19 17:57:11 | INFO     | OK https://skeb.jp/api/users/endouvocalotyu
2026-09-19 17:57:11 | INFO     | Saving at a/skeb/endouvocalotyu-578bee.json
2026-09-19 17:57:13 | INFO     | OK https://skeb.jp/api/users/shi6sawa
2026-09-19 17:57:13 | INFO     | Saving at a/skeb/shi6sawa-0880fe.json
2026-09-19 17:57:14 | INFO     | OK https://skeb.jp/api/users/kklloo1
2026-09-19 17:57:14 | INFO     | Saving at a/skeb/kklloo1-02f92f.json
2026-09-19 17:57:15 | INFO     | OK https://skeb.jp/api/users/agataoekaki
2026-09-19 17:57:15 | INFO     | Saving at a/skeb/agataoekaki-627c44.json
2026-09-19 17:57:15 | INFO     | OK https://skeb.jp/api/users/Glassnuranura
2026-09-19 17:57:15 | INFO     | Saving at a/skeb/Glassnuranura-5231a4.json
2026-09-19 17:57:16 | INFO     | OK https://skeb.jp/api/users/kemono_bit
2026-09-19 17:57:16 | INFO     | Saving at a/skeb/kemono_bit-22c2ed.json
2026-09-19 17:57:18 | INFO     | OK https://skeb.jp/api/users/Mitsuro_illust
2026-09-19 17:57:18 | INFO     | Saving at a/skeb/Mitsuro_illust-381e93.json
2026-09-19 17:57:19 | INFO     | OK https://skeb.jp/api/users/taruta_iru
2026-09-19 17:57:19 | INFO     | Saving at a/skeb/taruta_iru-f4e8d2.json
2026-09-19 17:57:20 | INFO     | OK https://skeb.jp/api/users/umi__k_a
2026-09-19 17:57:20 | INFO     | Saving at a/skeb/umi__k_a-929210.json
2026-09-19 17:57:21 | INFO     | OK https://skeb.jp/api/users/maru0505
2026-09-19 17:57:21 | INFO     | Saving at a/skeb/maru0505-55d06b.json
2026-09-19 17:57:22 | INFO     | OK https://skeb.jp/api/users/nws___155
2026-09-19 17:57:22 | INFO     | Saving at a/skeb/nws___155-ce4eb0.json
2026-09-19 17:57:23 | INFO     | OK https://skeb.jp/api/users/toririririre
2026-09-19 17:57:23 | INFO     | Saving at a/skeb/toririririre-3213b6.json
2026-09-19 17:57:24 | INFO     | OK https://skeb.jp/api/users/tokaTouka_
2026-09-19 17:57:24 | INFO     | Saving at a/skeb/tokaTouka_-ad53b4.json
2026-09-19 17:57:25 | INFO     | OK https://skeb.jp/api/users/harezora_lueur
2026-09-19 17:57:25 | INFO     | Saving at a/skeb/harezora_lueur-8d2df8.json
2026-09-19 17:57:26 | INFO     | OK https://skeb.jp/api/users/hatitanihituji
2026-09-19 17:57:26 | INFO     | Saving at a/skeb/hatitanihituji-bec4d6.json
2026-09-19 17:57:26 | INFO     | OK https://skeb.jp/api/users/maruto
2026-09-19 17:57:26 | INFO     | Saving at a/skeb/maruto-3e86db.json
2026-09-19 17:57:28 | INFO     | OK https://skeb.jp/api/users/ayaki_generatio
2026-09-19 17:57:28 | INFO     | Saving at a/skeb/ayaki_generatio-9af0e4.json
2026-09-19 17:57:29 | INFO     | OK https://skeb.jp/api/users/u2_u2_u2_
2026-09-19 17:57:29 | INFO     | Saving at a/skeb/u2_u2_u2_-cf75f2.json
2026-09-19 17:57:30 | INFO     | OK https://skeb.jp/api/users/Ytori_3939
2026-09-19 17:57:30 | INFO     | Saving at a/skeb/Ytori_3939-76c828.json
2026-09-19 17:57:30 | INFO     | OK https://skeb.jp/api/users/Liilo
2026-09-19 17:57:30 | INFO     | Saving at a/skeb/Liilo-fdce60.json
2026-09-19 17:57:32 | INFO     | OK https://skeb.jp/api/users/kanjyu1969
2026-09-19 17:57:32 | INFO     | Saving at a/skeb/kanjyu1969-7930f3.json
2026-09-19 17:57:33 | INFO     | OK https://skeb.jp/api/users/umituki
2026-09-19 17:57:33 | INFO     | Saving at a/skeb/umituki-3c125c.json
2026-09-19 17:57:34 | INFO     | OK https://skeb.jp/api/users/S_toro_
2026-09-19 17:57:34 | INFO     | Saving at a/skeb/S_toro_-db8f69.json
2026-09-19 17:57:35 | INFO     | OK https://skeb.jp/api/users/yoru_in_
2026-09-19 17:57:35 | INFO     | Saving at a/skeb/yoru_in_-ab3733.json
2026-09-19 17:57:35 | INFO     | OK https://skeb.jp/api/users/c_hoshikawa
2026-09-19 17:57:35 | INFO     | Saving at a/skeb/c_hoshikawa-5617dd.json
2026-09-19 17:57:37 | INFO     | OK https://skeb.jp/api/users/shinnkei_
2026-09-19 17:57:37 | INFO     | Saving at a/skeb/shinnkei_-b12574.json
2026-09-19 17:57:38 | INFO     | OK https://skeb.jp/api/users/UlonoT02
2026-09-19 17:57:38 | INFO     | Saving at a/skeb/UlonoT02-296ce9.json
2026-09-19 17:57:38 | INFO     | OK https://skeb.jp/api/users/sd_1730_2
2026-09-19 17:57:38 | INFO     | Saving at a/skeb/sd_1730_2-015975.json
2026-09-19 17:57:40 | INFO     | OK https://skeb.jp/api/users/mamorujinja
2026-09-19 17:57:40 | INFO     | Saving at a/skeb/mamorujinja-96dd51.json
2026-09-19 17:57:41 | INFO     | OK https://skeb.jp/api/users/Ktyon3_ss
2026-09-19 17:57:41 | INFO     | Saving at a/skeb/Ktyon3_ss-411772.json
2026-09-19 17:57:42 | INFO     | OK https://skeb.jp/api/users/another_pikuru
2026-09-19 17:57:42 | INFO     | Saving at a/skeb/another_pikuru-5a1800.json
2026-09-19 17:57:42 | INFO     | OK https://skeb.jp/api/users/kuroishimebo
2026-09-19 17:57:42 | INFO     | Saving at a/skeb/kuroishimebo-bdd60e.json
2026-09-19 17:57:44 | INFO     | OK https://skeb.jp/api/users/Roa_mofukemo33
2026-09-19 17:57:44 | INFO     | Saving at a/skeb/Roa_mofukemo33-e8c8ca.json
2026-09-19 17:57:44 | INFO     | OK https://skeb.jp/api/users/nya88x
2026-09-19 17:57:44 | INFO     | Saving at a/skeb/nya88x-587769.json
2026-09-19 17:57:46 | INFO     | OK https://skeb.jp/api/users/matsuri_ryosan
2026-09-19 17:57:46 | INFO     | Saving at a/skeb/matsuri_ryosan-efe504.json
2026-09-19 17:57:47 | INFO     | OK https://skeb.jp/api/users/yururi_meow
2026-09-19 17:57:47 | INFO     | Saving at a/skeb/yururi_meow-0c455f.json
2026-09-19 17:57:48 | INFO     | OK https://skeb.jp/api/users/ama_poyo
2026-09-19 17:57:48 | INFO     | Saving at a/skeb/ama_poyo-f3028c.json
2026-09-19 17:57:49 | INFO     | OK https://skeb.jp/api/users/kowa_luna
2026-09-19 17:57:49 | INFO     | Saving at a/skeb/kowa_luna-ebada2.json
2026-09-19 17:57:49 | INFO     | OK https://skeb.jp/api/users/zakopenpen
2026-09-19 17:57:49 | INFO     | Saving at a/skeb/zakopenpen-17e7c6.json
2026-09-19 17:57:51 | INFO     | OK https://skeb.jp/api/users/mp_lyrical
2026-09-19 17:57:51 | INFO     | Saving at a/skeb/mp_lyrical-b9f50e.json
2026-09-19 17:57:52 | INFO     | OK https://skeb.jp/api/users/buta_komaniku
2026-09-19 17:57:52 | INFO     | Saving at a/skeb/buta_komaniku-3d28c2.json
2026-09-19 17:57:53 | INFO     | OK https://skeb.jp/api/users/KGM_Euphrasia
2026-09-19 17:57:53 | INFO     | Saving at a/skeb/KGM_Euphrasia-9d33ed.json
2026-09-19 17:57:53 | INFO     | OK https://skeb.jp/api/users/bomu_art0502
2026-09-19 17:57:53 | INFO     | Saving at a/skeb/bomu_art0502-3ef564.json
2026-09-19 17:57:55 | INFO     | OK https://skeb.jp/api/users/ixxxzu
2026-09-19 17:57:55 | INFO     | Saving at a/skeb/ixxxzu-7ca4cf.json
2026-09-19 17:57:56 | INFO     | OK https://skeb.jp/api/users/risurero6
2026-09-19 17:57:56 | INFO     | Saving at a/skeb/risurero6-ef9a95.json
2026-09-19 17:57:57 | INFO     | OK https://skeb.jp/api/users/jitakuni_imasu
2026-09-19 17:57:57 | INFO     | Saving at a/skeb/jitakuni_imasu-c4ddaa.json
2026-09-19 17:57:58 | INFO     | OK https://skeb.jp/api/users/cerezalicor
2026-09-19 17:57:58 | INFO     | Saving at a/skeb/cerezalicor-af27a0.json
2026-09-19 17:57:59 | INFO     | OK https://skeb.jp/api/users/sAsAsAsAk_O
2026-09-19 17:57:59 | INFO     | Saving at a/skeb/sAsAsAsAk_O-2d4ae7.json
2026-09-19 17:58:00 | INFO     | OK https://skeb.jp/api/users/kuuhaku_0_
2026-09-19 17:58:00 | INFO     | Saving at a/skeb/kuuhaku_0_-eb6bc2.json
2026-09-19 17:58:01 | INFO     | OK https://skeb.jp/api/users/amekamu_
2026-09-19 17:58:01 | INFO     | Saving at a/skeb/amekamu_-c11ec9.json
2026-09-19 17:58:02 | INFO     | OK https://skeb.jp/api/users/kemonngo
2026-09-19 17:58:02 | INFO     | Saving at a/skeb/kemonngo-c0739c.json
2026-09-19 17:58:03 | INFO     | OK https://skeb.jp/api/users/_kszknmkj
2026-09-19 17:58:03 | INFO     | Saving at a/skeb/_kszknmkj-cc9135.json
2026-09-19 17:58:04 | INFO     | OK https://skeb.jp/api/users/West_nskt
2026-09-19 17:58:04 | INFO     | Saving at a/skeb/West_nskt-a2b6fc.json
2026-09-19 17:58:05 | INFO     | OK https://skeb.jp/api/users/hakugan_
2026-09-19 17:58:05 | INFO     | Saving at a/skeb/hakugan_-03bf18.json
2026-09-19 17:58:06 | INFO     | OK https://skeb.jp/api/users/huzeiomomuki
2026-09-19 17:58:06 | INFO     | Saving at a/skeb/huzeiomomuki-48aa3c.json
2026-09-19 17:58:07 | INFO     | OK https://skeb.jp/api/users/2D_0r_N
2026-09-19 17:58:07 | INFO     | Saving at a/skeb/2D_0r_N-fc80f2.json
2026-09-19 17:58:07 | INFO     | OK https://skeb.jp/api/users/k___hr9
2026-09-19 17:58:07 | INFO     | Saving at a/skeb/k___hr9-3a9be4.json
2026-09-19 17:58:09 | INFO     | OK https://skeb.jp/api/users/29d0n
2026-09-19 17:58:09 | INFO     | Saving at a/skeb/29d0n-d40f7c.json
2026-09-19 17:58:10 | INFO     | OK https://skeb.jp/api/users/yashuring2
2026-09-19 17:58:10 | INFO     | Saving at a/skeb/yashuring2-8d617b.json
2026-09-19 17:58:11 | INFO     | OK https://skeb.jp/api/users/Ch_Ro49
2026-09-19 17:58:11 | INFO     | Saving at a/skeb/Ch_Ro49-f05487.json
2026-09-19 17:58:12 | INFO     | OK https://skeb.jp/api/users/gugsssccc
2026-09-19 17:58:12 | INFO     | Saving at a/skeb/gugsssccc-47d254.json
2026-09-19 17:58:13 | INFO     | OK https://skeb.jp/api/users/tomekitigai
2026-09-19 17:58:13 | INFO     | Saving at a/skeb/tomekitigai-271d4a.json
2026-09-19 17:58:13 | INFO     | OK https://skeb.jp/api/users/Cage__89
2026-09-19 17:58:13 | INFO     | Saving at a/skeb/Cage__89-62bf94.json
2026-09-19 17:58:15 | INFO     | OK https://skeb.jp/api/users/sskur_a
2026-09-19 17:58:15 | INFO     | Saving at a/skeb/sskur_a-cb60a2.json
2026-09-19 17:58:16 | INFO     | OK https://skeb.jp/api/users/3844Yosi
2026-09-19 17:58:16 | INFO     | Saving at a/skeb/3844Yosi-c61d21.json
2026-09-19 17:58:16 | INFO     | OK https://skeb.jp/api/users/sugarless_iv_
2026-09-19 17:58:16 | INFO     | Saving at a/skeb/sugarless_iv_-6c8313.json
2026-09-19 17:58:18 | INFO     | OK https://skeb.jp/api/users/melowly_firefly
2026-09-19 17:58:18 | INFO     | Saving at a/skeb/melowly_firefly-103ec9.json
2026-09-19 17:58:19 | INFO     | OK https://skeb.jp/api/users/tapioca_cola
2026-09-19 17:58:19 | INFO     | Saving at a/skeb/tapioca_cola-e6c701.json
2026-09-19 17:58:20 | INFO     | OK https://skeb.jp/api/users/grape_dhm
2026-09-19 17:58:20 | INFO     | Saving at a/skeb/grape_dhm-638cfe.json
2026-09-19 17:58:21 | INFO     | OK https://skeb.jp/api/users/okomehisabisa
2026-09-19 17:58:21 | INFO     | Saving at a/skeb/okomehisabisa-48cac2.json
2026-09-19 17:58:22 | INFO     | OK https://skeb.jp/api/users/some_amp
2026-09-19 17:58:22 | INFO     | Saving at a/skeb/some_amp-d6b038.json
2026-09-19 17:58:23 | INFO     | OK https://skeb.jp/api/users/payanpayami
2026-09-19 17:58:23 | INFO     | Saving at a/skeb/payanpayami-f0358c.json
2026-09-19 17:58:24 | INFO     | OK https://skeb.jp/api/users/tonarinoyama
2026-09-19 17:58:24 | INFO     | Saving at a/skeb/tonarinoyama-73b9d1.json
2026-09-19 17:58:24 | INFO     | OK https://skeb.jp/api/users/MOOSWIG
2026-09-19 17:58:24 | INFO     | Saving at a/skeb/MOOSWIG-5cd9e9.json
2026-09-19 17:58:26 | INFO     | OK https://skeb.jp/api/users/nana93_xx
2026-09-19 17:58:26 | INFO     | Saving at a/skeb/nana93_xx-292c5a.json
2026-09-19 17:58:27 | INFO     | OK https://skeb.jp/api/users/P0k7NuT661iKH89
2026-09-19 17:58:27 | INFO     | Saving at a/skeb/P0k7NuT661iKH89-782767.json
2026-09-19 17:58:28 | INFO     | OK https://skeb.jp/api/users/season_Siki
2026-09-19 17:58:28 | INFO     | Saving at a/skeb/season_Siki-e00a75.json
2026-09-19 17:58:29 | INFO     | OK https://skeb.jp/api/users/enon1129
2026-09-19 17:58:29 | INFO     | Saving at a/skeb/enon1129-b00ddd.json
2026-09-19 17:58:29 | INFO     | OK https://skeb.jp/api/users/lbf5n
2026-09-19 17:58:29 | INFO     | Saving at a/skeb/lbf5n-2c5075.json
2026-09-19 17:58:31 | INFO     | OK https://skeb.jp/api/users/yureikan140yen
2026-09-19 17:58:31 | INFO     | Saving at a/skeb/yureikan140yen-a22931.json
2026-09-19 17:58:32 | INFO     | OK https://skeb.jp/api/users/taberaiuman
2026-09-19 17:58:32 | INFO     | Saving at a/skeb/taberaiuman-cda829.json
2026-09-19 17:58:33 | INFO     | OK https://skeb.jp/api/users/mohujirou1811
2026-09-19 17:58:33 | INFO     | Saving at a/skeb/mohujirou1811-ab6e63.json
2026-09-19 17:58:34 | INFO     | OK https://skeb.jp/api/users/minato_az
2026-09-19 17:58:34 | INFO     | Saving at a/skeb/minato_az-82149a.json
2026-09-19 17:58:35 | INFO     | OK https://skeb.jp/api/users/kyouya0514
2026-09-19 17:58:35 | INFO     | Saving at a/skeb/kyouya0514-51f37c.json
2026-09-19 17:58:36 | INFO     | OK https://skeb.jp/api/users/zen66574227
2026-09-19 17:58:36 | INFO     | Saving at a/skeb/zen66574227-a66cf1.json
2026-09-19 17:58:37 | INFO     | OK https://skeb.jp/api/users/nubako__
2026-09-19 17:58:37 | INFO     | Saving at a/skeb/nubako__-65b591.json
2026-09-19 17:58:37 | INFO     | OK https://skeb.jp/api/users/yyy_Zzz555
2026-09-19 17:58:37 | INFO     | Saving at a/skeb/yyy_Zzz555-fa3064.json
2026-09-19 17:58:39 | INFO     | OK https://skeb.jp/api/users/nemuhosi
2026-09-19 17:58:39 | INFO     | Saving at a/skeb/nemuhosi-f1f023.json
2026-09-19 17:58:40 | INFO     | OK https://skeb.jp/api/users/ao_madousi
2026-09-19 17:58:40 | INFO     | Saving at a/skeb/ao_madousi-109877.json
2026-09-19 17:58:41 | INFO     | OK https://skeb.jp/api/users/s_mfp
2026-09-19 17:58:41 | INFO     | Saving at a/skeb/s_mfp-37b81d.json
2026-09-19 17:58:42 | INFO     | OK https://skeb.jp/api/users/Nekomikan432750
2026-09-19 17:58:42 | INFO     | Saving at a/skeb/Nekomikan432750-9e296b.json
2026-09-19 17:58:43 | INFO     | OK https://skeb.jp/api/users/Hatsuakarin
2026-09-19 17:58:43 | INFO     | Saving at a/skeb/Hatsuakarin-058d15.json
2026-09-19 17:58:44 | INFO     | OK https://skeb.jp/api/users/Soraa0830
2026-09-19 17:58:44 | INFO     | Saving at a/skeb/Soraa0830-cfdecd.json
2026-09-19 17:58:45 | INFO     | OK https://skeb.jp/api/users/menkuiya_trpg
2026-09-19 17:58:45 | INFO     | Saving at a/skeb/menkuiya_trpg-314031.json
2026-09-19 17:58:46 | INFO     | OK https://skeb.jp/api/users/porcini_8399
2026-09-19 17:58:46 | INFO     | Saving at a/skeb/porcini_8399-c99449.json
2026-09-19 17:58:47 | INFO     | OK https://skeb.jp/api/users/nelofox
2026-09-19 17:58:47 | INFO     | Saving at a/skeb/nelofox-3520cc.json
2026-09-19 17:58:48 | INFO     | OK https://skeb.jp/api/users/onigiri__Niggy
2026-09-19 17:58:48 | INFO     | Saving at a/skeb/onigiri__Niggy-d4c513.json
2026-09-19 17:58:49 | INFO     | OK https://skeb.jp/api/users/yoihebi
2026-09-19 17:58:49 | INFO     | Saving at a/skeb/yoihebi-3cfc40.json
2026-09-19 17:58:50 | INFO     | OK https://skeb.jp/api/users/miea222
2026-09-19 17:58:50 | INFO     | Saving at a/skeb/miea222-02346d.json
2026-09-19 17:58:51 | INFO     | OK https://skeb.jp/api/users/mooooochan
2026-09-19 17:58:51 | INFO     | Saving at a/skeb/mooooochan-4737cb.json
2026-09-19 17:58:52 | INFO     | OK https://skeb.jp/api/users/saku__0320
2026-09-19 17:58:52 | INFO     | Saving at a/skeb/saku__0320-d8c59c.json
2026-09-19 17:58:53 | INFO     | OK https://skeb.jp/api/users/munyari_ppp7
2026-09-19 17:58:53 | INFO     | Saving at a/skeb/munyari_ppp7-00a383.json
2026-09-19 17:58:54 | INFO     | OK https://skeb.jp/api/users/kodaibun_extra
2026-09-19 17:58:54 | INFO     | Saving at a/skeb/kodaibun_extra-1d5c8e.json
2026-09-19 17:58:55 | INFO     | OK https://skeb.jp/api/users/sKTIV5uShYnqIAN
2026-09-19 17:58:55 | INFO     | Saving at a/skeb/sKTIV5uShYnqIAN-69d5c0.json
2026-09-19 17:58:56 | INFO     | OK https://skeb.jp/api/users/Ska_siyu
2026-09-19 17:58:56 | INFO     | Saving at a/skeb/Ska_siyu-c6ae19.json
2026-09-19 17:58:57 | INFO     | OK https://skeb.jp/api/users/rnrniq
2026-09-19 17:58:57 | INFO     | Saving at a/skeb/rnrniq-e22ab2.json
2026-09-19 17:58:58 | INFO     | OK https://skeb.jp/api/users/IZMY237_z
2026-09-19 17:58:58 | INFO     | Saving at a/skeb/IZMY237_z-054cfd.json
2026-09-19 17:58:59 | INFO     | OK https://skeb.jp/api/users/8asys
2026-09-19 17:58:59 | INFO     | Saving at a/skeb/8asys-0920e4.json
2026-09-19 17:59:00 | INFO     | OK https://skeb.jp/api/users/yoko_nyoco
2026-09-19 17:59:00 | INFO     | Saving at a/skeb/yoko_nyoco-ae4043.json
2026-09-19 17:59:01 | INFO     | OK https://skeb.jp/api/users/a_kar_te
2026-09-19 17:59:01 | INFO     | Saving at a/skeb/a_kar_te-0c11d1.json
2026-09-19 17:59:02 | INFO     | OK https://skeb.jp/api/users/_RAY_o0
2026-09-19 17:59:02 | INFO     | Saving at a/skeb/_RAY_o0-e8b267.json
2026-09-19 17:59:03 | INFO     | OK https://skeb.jp/api/users/Cassia_1fall5
2026-09-19 17:59:03 | INFO     | Saving at a/skeb/Cassia_1fall5-587b29.json
2026-09-19 17:59:04 | INFO     | OK https://skeb.jp/api/users/aozakana_o
2026-09-19 17:59:04 | INFO     | Saving at a/skeb/aozakana_o-75d203.json
2026-09-19 17:59:05 | INFO     | OK https://skeb.jp/api/users/dogfuji15
2026-09-19 17:59:05 | INFO     | Saving at a/skeb/dogfuji15-a4ea0e.json
2026-09-19 17:59:06 | INFO     | OK https://skeb.jp/api/users/anz_m_
2026-09-19 17:59:06 | INFO     | Saving at a/skeb/anz_m_-822dd2.json
2026-09-19 17:59:07 | INFO     | OK https://skeb.jp/api/users/wf170ZpFwi
2026-09-19 17:59:07 | INFO     | Saving at a/skeb/wf170ZpFwi-93bf3c.json
2026-09-19 17:59:08 | INFO     | OK https://skeb.jp/api/users/nichijou_deyo
2026-09-19 17:59:08 | INFO     | Saving at a/skeb/nichijou_deyo-dbac62.json
2026-09-19 17:59:09 | INFO     | OK https://skeb.jp/api/users/10mlc0
2026-09-19 17:59:09 | INFO     | Saving at a/skeb/10mlc0-13b5cb.json
2026-09-19 17:59:10 | INFO     | OK https://skeb.jp/api/users/kekkonsinasai
2026-09-19 17:59:10 | INFO     | Saving at a/skeb/kekkonsinasai-338cd6.json
2026-09-19 17:59:11 | INFO     | OK https://skeb.jp/api/users/drug_ex
2026-09-19 17:59:11 | INFO     | Saving at a/skeb/drug_ex-fb34a0.json
2026-09-19 17:59:12 | INFO     | OK https://skeb.jp/api/users/KONSAI_2
2026-09-19 17:59:12 | INFO     | Saving at a/skeb/KONSAI_2-0f9616.json
2026-09-19 17:59:13 | INFO     | OK https://skeb.jp/api/users/suzu_0131
2026-09-19 17:59:13 | INFO     | Saving at a/skeb/suzu_0131-56243e.json
2026-09-19 17:59:14 | INFO     | OK https://skeb.jp/api/users/momomo_9287
2026-09-19 17:59:14 | INFO     | Saving at a/skeb/momomo_9287-de422e.json
2026-09-19 17:59:15 | INFO     | OK https://skeb.jp/api/users/suz_creator
2026-09-19 17:59:15 | INFO     | Saving at a/skeb/suz_creator-0563e9.json
2026-09-19 17:59:16 | INFO     | OK https://skeb.jp/api/users/Dolick_DR
2026-09-19 17:59:16 | INFO     | Saving at a/skeb/Dolick_DR-291992.json
2026-09-19 17:59:17 | INFO     | OK https://skeb.jp/api/users/xIKjhOa1AWHec6u
2026-09-19 17:59:17 | INFO     | Saving at a/skeb/xIKjhOa1AWHec6u-95f260.json
2026-09-19 17:59:18 | INFO     | OK https://skeb.jp/api/users/ayashii_sprites
2026-09-19 17:59:18 | INFO     | Saving at a/skeb/ayashii_sprites-7399e0.json
2026-09-19 17:59:19 | INFO     | OK https://skeb.jp/api/users/02mero_
2026-09-19 17:59:19 | INFO     | Saving at a/skeb/02mero_-ac509d.json
2026-09-19 17:59:20 | INFO     | OK https://skeb.jp/api/users/KonGreen
2026-09-19 17:59:20 | INFO     | Saving at a/skeb/KonGreen-397b78.json
2026-09-19 17:59:21 | INFO     | OK https://skeb.jp/api/users/BikobikoVico
2026-09-19 17:59:21 | INFO     | Saving at a/skeb/BikobikoVico-e2d598.json
2026-09-19 17:59:22 | INFO     | OK https://skeb.jp/api/users/__Poecile
2026-09-19 17:59:22 | INFO     | Saving at a/skeb/__Poecile-e6bc68.json
2026-09-19 17:59:23 | INFO     | OK https://skeb.jp/api/users/5K_1_
2026-09-19 17:59:23 | INFO     | Saving at a/skeb/5K_1_-4bc13c.json
2026-09-19 17:59:24 | INFO     | OK https://skeb.jp/api/users/watamori_87
2026-09-19 17:59:24 | INFO     | Saving at a/skeb/watamori_87-1891ee.json
2026-09-19 17:59:25 | INFO     | OK https://skeb.jp/api/users/nanoka_san
2026-09-19 17:59:25 | INFO     | Saving at a/skeb/nanoka_san-e030d9.json
2026-09-19 17:59:26 | INFO     | OK https://skeb.jp/api/users/sugokukiyotteru
2026-09-19 17:59:26 | INFO     | Saving at a/skeb/sugokukiyotteru-f32a85.json
2026-09-19 17:59:27 | INFO     | OK https://skeb.jp/api/users/HanasakiArumu
2026-09-19 17:59:27 | INFO     | Saving at a/skeb/HanasakiArumu-1326ef.json
2026-09-19 17:59:28 | INFO     | OK https://skeb.jp/api/users/Doxxvz
2026-09-19 17:59:28 | INFO     | Saving at a/skeb/Doxxvz-675fd9.json
2026-09-19 17:59:29 | INFO     | OK https://skeb.jp/api/users/rom3ss
2026-09-19 17:59:29 | INFO     | Saving at a/skeb/rom3ss-e12d58.json
2026-09-19 17:59:30 | INFO     | OK https://skeb.jp/api/users/DmelonD
2026-09-19 17:59:30 | INFO     | Saving at a/skeb/DmelonD-212372.json
2026-09-19 17:59:31 | INFO     | OK https://skeb.jp/api/users/3Dtansoku
2026-09-19 17:59:31 | INFO     | Saving at a/skeb/3Dtansoku-0ca51a.json
2026-09-19 17:59:32 | INFO     | OK https://skeb.jp/api/users/mamayu_512
2026-09-19 17:59:32 | INFO     | Saving at a/skeb/mamayu_512-67a486.json
2026-09-19 17:59:33 | INFO     | OK https://skeb.jp/api/users/asa_hi_T
2026-09-19 17:59:33 | INFO     | Saving at a/skeb/asa_hi_T-47d786.json
2026-09-19 17:59:34 | INFO     | OK https://skeb.jp/api/users/hogemi34
2026-09-19 17:59:34 | INFO     | Saving at a/skeb/hogemi34-bfb8db.json
2026-09-19 17:59:35 | INFO     | OK https://skeb.jp/api/users/setakoke
2026-09-19 17:59:35 | INFO     | Saving at a/skeb/setakoke-e35b77.json
2026-09-19 17:59:36 | INFO     | OK https://skeb.jp/api/users/wa_jun2
2026-09-19 17:59:36 | INFO     | Saving at a/skeb/wa_jun2-01d311.json
2026-09-19 17:59:37 | INFO     | OK https://skeb.jp/api/users/RamchiNeko
2026-09-19 17:59:37 | INFO     | Saving at a/skeb/RamchiNeko-dc06a2.json
2026-09-19 17:59:38 | INFO     | OK https://skeb.jp/api/users/sPy_artservice
2026-09-19 17:59:38 | INFO     | Saving at a/skeb/sPy_artservice-303812.json
2026-09-19 17:59:39 | INFO     | OK https://skeb.jp/api/users/SnO2619
2026-09-19 17:59:39 | INFO     | Saving at a/skeb/SnO2619-8cecb2.json
2026-09-19 17:59:40 | INFO     | OK https://skeb.jp/api/users/kuriki_yu
2026-09-19 17:59:40 | INFO     | Saving at a/skeb/kuriki_yu-f235d1.json
2026-09-19 17:59:41 | INFO     | OK https://skeb.jp/api/users/xN8XRA2JAU12YCB
2026-09-19 17:59:41 | INFO     | Saving at a/skeb/xN8XRA2JAU12YCB-5e5fe3.json
2026-09-19 17:59:42 | INFO     | OK https://skeb.jp/api/users/mimitonmimi
2026-09-19 17:59:42 | INFO     | Saving at a/skeb/mimitonmimi-902810.json
2026-09-19 17:59:43 | INFO     | OK https://skeb.jp/api/users/Akito_Re
2026-09-19 17:59:43 | INFO     | Saving at a/skeb/Akito_Re-f350a9.json
2026-09-19 17:59:44 | INFO     | OK https://skeb.jp/api/users/yurihara_minako
2026-09-19 17:59:44 | INFO     | Saving at a/skeb/yurihara_minako-660c40.json
2026-09-19 17:59:45 | INFO     | OK https://skeb.jp/api/users/MW___
2026-09-19 17:59:45 | INFO     | Saving at a/skeb/MW___-786264.json
2026-09-19 17:59:46 | INFO     | OK https://skeb.jp/api/users/tanakatakasi_Cu
2026-09-19 17:59:46 | INFO     | Saving at a/skeb/tanakatakasi_Cu-2fac55.json
2026-09-19 17:59:47 | INFO     | OK https://skeb.jp/api/users/rRuumaru
2026-09-19 17:59:47 | INFO     | Saving at a/skeb/rRuumaru-9f3bfa.json
2026-09-19 17:59:48 | INFO     | OK https://skeb.jp/api/users/umeya_04
2026-09-19 17:59:48 | INFO     | Saving at a/skeb/umeya_04-43f265.json
2026-09-19 17:59:49 | INFO     | OK https://skeb.jp/api/users/nkms_0i0i
2026-09-19 17:59:49 | INFO     | Saving at a/skeb/nkms_0i0i-dc72f1.json
2026-09-19 17:59:50 | INFO     | OK https://skeb.jp/api/users/knmmtk_trpg
2026-09-19 17:59:50 | INFO     | Saving at a/skeb/knmmtk_trpg-72532a.json
2026-09-19 17:59:51 | INFO     | OK https://skeb.jp/api/users/MLNWs1
2026-09-19 17:59:51 | INFO     | Saving at a/skeb/MLNWs1-4c569b.json
2026-09-19 17:59:52 | INFO     | OK https://skeb.jp/api/users/bamotiti
2026-09-19 17:59:52 | INFO     | Saving at a/skeb/bamotiti-9d6695.json
2026-09-19 17:59:53 | INFO     | OK https://skeb.jp/api/users/harayoi
2026-09-19 17:59:53 | INFO     | Saving at a/skeb/harayoi-9c97cd.json
2026-09-19 17:59:54 | INFO     | OK https://skeb.jp/api/users/KeyHat_tk10
2026-09-19 17:59:54 | INFO     | Saving at a/skeb/KeyHat_tk10-6ffef3.json
2026-09-19 17:59:55 | INFO     | OK https://skeb.jp/api/users/GOBOTENICE
2026-09-19 17:59:55 | INFO     | Saving at a/skeb/GOBOTENICE-da2f02.json
2026-09-19 17:59:56 | INFO     | OK https://skeb.jp/api/users/shika_snkrs
2026-09-19 17:59:56 | INFO     | Saving at a/skeb/shika_snkrs-278c00.json
2026-09-19 17:59:57 | INFO     | OK https://skeb.jp/api/users/emanon123_78m
2026-09-19 17:59:57 | INFO     | Saving at a/skeb/emanon123_78m-98b557.json
2026-09-19 17:59:58 | INFO     | OK https://skeb.jp/api/users/quxf_
2026-09-19 17:59:58 | INFO     | Saving at a/skeb/quxf_-98e2a7.json
2026-09-19 17:59:59 | INFO     | OK https://skeb.jp/api/users/warawaranka
2026-09-19 17:59:59 | INFO     | Saving at a/skeb/warawaranka-26ff7f.json
2026-09-19 18:00:00 | INFO     | OK https://skeb.jp/api/users/ap1os
2026-09-19 18:00:00 | INFO     | Saving at a/skeb/ap1os-bf62a1.json
2026-09-19 18:00:01 | INFO     | OK https://skeb.jp/api/users/Sowa_pokapoka
2026-09-19 18:00:01 | INFO     | Saving at a/skeb/Sowa_pokapoka-931fe9.json
2026-09-19 18:00:02 | INFO     | OK https://skeb.jp/api/users/Touvasketch
2026-09-19 18:00:02 | INFO     | Saving at a/skeb/Touvasketch-d08410.json
2026-09-19 18:00:03 | INFO     | OK https://skeb.jp/api/users/wqsq_
2026-09-19 18:00:03 | INFO     | Saving at a/skeb/wqsq_-f8ad4b.json
2026-09-19 18:00:04 | INFO     | OK https://skeb.jp/api/users/MGZ_V
2026-09-19 18:00:04 | INFO     | Saving at a/skeb/MGZ_V-deb069.json
2026-09-19 18:00:05 | INFO     | OK https://skeb.jp/api/users/kuromaruxxx
2026-09-19 18:00:05 | INFO     | Saving at a/skeb/kuromaruxxx-681539.json
2026-09-19 18:00:06 | INFO     | OK https://skeb.jp/api/users/_hlg67
2026-09-19 18:00:06 | INFO     | Saving at a/skeb/_hlg67-b1232d.json
2026-09-19 18:00:07 | INFO     | OK https://skeb.jp/api/users/Hstk_Mega
2026-09-19 18:00:07 | INFO     | Saving at a/skeb/Hstk_Mega-29c5d3.json
2026-09-19 18:00:08 | INFO     | OK https://skeb.jp/api/users/haruto_571024
2026-09-19 18:00:08 | INFO     | Saving at a/skeb/haruto_571024-82bf69.json
2026-09-19 18:00:09 | INFO     | OK https://skeb.jp/api/users/akasaka_asa
2026-09-19 18:00:09 | INFO     | Saving at a/skeb/akasaka_asa-af1537.json
2026-09-19 18:00:10 | INFO     | OK https://skeb.jp/api/users/Latten629
2026-09-19 18:00:10 | INFO     | Saving at a/skeb/Latten629-ceb816.json
2026-09-19 18:00:11 | INFO     | OK https://skeb.jp/api/users/kanonrito2
2026-09-19 18:00:11 | INFO     | Saving at a/skeb/kanonrito2-cb19ce.json
2026-09-19 18:00:12 | INFO     | OK https://skeb.jp/api/users/mgk_2d4
2026-09-19 18:00:12 | INFO     | Saving at a/skeb/mgk_2d4-828cc7.json
2026-09-19 18:00:13 | INFO     | OK https://skeb.jp/api/users/tnsrk612
2026-09-19 18:00:13 | INFO     | Saving at a/skeb/tnsrk612-b8141e.json
2026-09-19 18:00:14 | INFO     | OK https://skeb.jp/api/users/madotayuki
2026-09-19 18:00:14 | INFO     | Saving at a/skeb/madotayuki-cd5192.json
2026-09-19 18:00:15 | INFO     | OK https://skeb.jp/api/users/Fruscia_pcsp
2026-09-19 18:00:15 | INFO     | Saving at a/skeb/Fruscia_pcsp-068e9d.json
2026-09-19 18:00:16 | INFO     | OK https://skeb.jp/api/users/_Lunatic_n
2026-09-19 18:00:16 | INFO     | Saving at a/skeb/_Lunatic_n-716c33.json
2026-09-19 18:00:17 | INFO     | OK https://skeb.jp/api/users/mineralupokka
2026-09-19 18:00:17 | INFO     | Saving at a/skeb/mineralupokka-2f15ff.json
2026-09-19 18:00:18 | INFO     | OK https://skeb.jp/api/users/kingyoto373
2026-09-19 18:00:18 | INFO     | Saving at a/skeb/kingyoto373-ab56f1.json
2026-09-19 18:00:19 | INFO     | OK https://skeb.jp/api/users/qx8g5
2026-09-19 18:00:19 | INFO     | Saving at a/skeb/qx8g5-563b26.json
2026-09-19 18:00:20 | INFO     | OK https://skeb.jp/api/users/Momoyama_Minto
2026-09-19 18:00:20 | INFO     | Saving at a/skeb/Momoyama_Minto-88f8af.json
2026-09-19 18:00:21 | INFO     | OK https://skeb.jp/api/users/Nanami_0311_
2026-09-19 18:00:21 | INFO     | Saving at a/skeb/Nanami_0311_-d638c2.json
2026-09-19 18:00:22 | INFO     | OK https://skeb.jp/api/users/nanashino_kihee
2026-09-19 18:00:22 | INFO     | Saving at a/skeb/nanashino_kihee-8cb694.json
2026-09-19 18:00:23 | INFO     | OK https://skeb.jp/api/users/miura_chihiro
2026-09-19 18:00:23 | INFO     | Saving at a/skeb/miura_chihiro-bf5c3b.json
2026-09-19 18:00:24 | INFO     | OK https://skeb.jp/api/users/imamori_syun
2026-09-19 18:00:24 | INFO     | Saving at a/skeb/imamori_syun-a6c34c.json
2026-09-19 18:00:25 | INFO     | OK https://skeb.jp/api/users/klm1511
2026-09-19 18:00:25 | INFO     | Saving at a/skeb/klm1511-712b47.json
2026-09-19 18:00:26 | INFO     | OK https://skeb.jp/api/users/oversleep_z
2026-09-19 18:00:26 | INFO     | Saving at a/skeb/oversleep_z-df5d1d.json
2026-09-19 18:00:27 | INFO     | OK https://skeb.jp/api/users/cc0mn_
2026-09-19 18:00:27 | INFO     | Saving at a/skeb/cc0mn_-0513f8.json
2026-09-19 18:00:28 | INFO     | OK https://skeb.jp/api/users/omiso
2026-09-19 18:00:28 | INFO     | Saving at a/skeb/omiso-b07a3d.json
2026-09-19 18:00:29 | INFO     | OK https://skeb.jp/api/users/Daizu_irasuto
2026-09-19 18:00:29 | INFO     | Saving at a/skeb/Daizu_irasuto-cb3304.json
2026-09-19 18:00:30 | INFO     | OK https://skeb.jp/api/users/garasunokun2
2026-09-19 18:00:30 | INFO     | Saving at a/skeb/garasunokun2-83bb5b.json
2026-09-19 18:00:31 | INFO     | OK https://skeb.jp/api/users/duel1st_dki
2026-09-19 18:00:31 | INFO     | Saving at a/skeb/duel1st_dki-d81cdb.json
2026-09-19 18:00:32 | INFO     | OK https://skeb.jp/api/users/licorisu_
2026-09-19 18:00:32 | INFO     | Saving at a/skeb/licorisu_-e8cba3.json
2026-09-19 18:00:33 | INFO     | OK https://skeb.jp/api/users/HiBarii
2026-09-19 18:00:33 | INFO     | Saving at a/skeb/HiBarii-1fbda2.json
2026-09-19 18:00:34 | INFO     | OK https://skeb.jp/api/users/tmttkmk
2026-09-19 18:00:34 | INFO     | Saving at a/skeb/tmttkmk-e39071.json
2026-09-19 18:00:35 | INFO     | OK https://skeb.jp/api/users/ashikosiyowasi
2026-09-19 18:00:35 | INFO     | Saving at a/skeb/ashikosiyowasi-e6a052.json
2026-09-19 18:00:36 | INFO     | OK https://skeb.jp/api/users/redtaroislandcircle
2026-09-19 18:00:36 | INFO     | Saving at a/skeb/redtaroislandcircle-97542f.json
2026-09-19 18:00:37 | INFO     | OK https://skeb.jp/api/users/rinchaos
2026-09-19 18:00:37 | INFO     | Saving at a/skeb/rinchaos-9c64b9.json
2026-09-19 18:00:38 | INFO     | OK https://skeb.jp/api/users/eternal_PUWAWA
2026-09-19 18:00:38 | INFO     | Saving at a/skeb/eternal_PUWAWA-a98d4e.json
2026-09-19 18:00:39 | INFO     | OK https://skeb.jp/api/users/eico0
2026-09-19 18:00:39 | INFO     | Saving at a/skeb/eico0-3fedb6.json
2026-09-19 18:00:40 | INFO     | OK https://skeb.jp/api/users/taidazigoku
2026-09-19 18:00:40 | INFO     | Saving at a/skeb/taidazigoku-993dd5.json
2026-09-19 18:00:41 | INFO     | OK https://skeb.jp/api/users/piubiscuit
2026-09-19 18:00:41 | INFO     | Saving at a/skeb/piubiscuit-22481a.json
2026-09-19 18:00:42 | INFO     | OK https://skeb.jp/api/users/AKchi_12
2026-09-19 18:00:42 | INFO     | Saving at a/skeb/AKchi_12-f5d9ef.json
2026-09-19 18:00:43 | INFO     | OK https://skeb.jp/api/users/PRNnomati
2026-09-19 18:00:43 | INFO     | Saving at a/skeb/PRNnomati-448cf5.json
2026-09-19 18:00:44 | INFO     | OK https://skeb.jp/api/users/comugisan
2026-09-19 18:00:44 | INFO     | Saving at a/skeb/comugisan-0956f1.json
2026-09-19 18:00:45 | INFO     | OK https://skeb.jp/api/users/s_stn2
2026-09-19 18:00:45 | INFO     | Saving at a/skeb/s_stn2-bcf0f0.json
2026-09-19 18:00:46 | INFO     | OK https://skeb.jp/api/users/uzuki4ma
2026-09-19 18:00:46 | INFO     | Saving at a/skeb/uzuki4ma-8fd334.json
2026-09-19 18:00:47 | INFO     | OK https://skeb.jp/api/users/hatano_kiyoshi
2026-09-19 18:00:47 | INFO     | Saving at a/skeb/hatano_kiyoshi-f6446b.json
2026-09-19 18:00:48 | INFO     | OK https://skeb.jp/api/users/radqr__
2026-09-19 18:00:48 | INFO     | Saving at a/skeb/radqr__-01255a.json
2026-09-19 18:00:49 | INFO     | OK https://skeb.jp/api/users/aodoodle1
2026-09-19 18:00:49 | INFO     | Saving at a/skeb/aodoodle1-064625.json
2026-09-19 18:00:50 | INFO     | OK https://skeb.jp/api/users/akou_roushi
2026-09-19 18:00:50 | INFO     | Saving at a/skeb/akou_roushi-c693f6.json
2026-09-19 18:00:51 | INFO     | OK https://skeb.jp/api/users/hiyoke_dama
2026-09-19 18:00:51 | INFO     | Saving at a/skeb/hiyoke_dama-8ea8b7.json
2026-09-19 18:00:52 | INFO     | OK https://skeb.jp/api/users/fusenryo2
2026-09-19 18:00:52 | INFO     | Saving at a/skeb/fusenryo2-981b18.json
2026-09-19 18:00:53 | INFO     | OK https://skeb.jp/api/users/rinami456
2026-09-19 18:00:53 | INFO     | Saving at a/skeb/rinami456-e212e4.json
2026-09-19 18:00:54 | INFO     | OK https://skeb.jp/api/users/hiyoko_spot
2026-09-19 18:00:54 | INFO     | Saving at a/skeb/hiyoko_spot-69d252.json
2026-09-19 18:00:55 | INFO     | OK https://skeb.jp/api/users/zz_nemu_ii
2026-09-19 18:00:55 | INFO     | Saving at a/skeb/zz_nemu_ii-fed58d.json
2026-09-19 18:00:56 | INFO     | OK https://skeb.jp/api/users/Alcanforjanai
2026-09-19 18:00:56 | INFO     | Saving at a/skeb/Alcanforjanai-9140bf.json
2026-09-19 18:00:57 | INFO     | OK https://skeb.jp/api/users/tomoe00022
2026-09-19 18:00:57 | INFO     | Saving at a/skeb/tomoe00022-57979b.json
2026-09-19 18:00:58 | INFO     | OK https://skeb.jp/api/users/59UShop
2026-09-19 18:00:58 | INFO     | Saving at a/skeb/59UShop-e01253.json
2026-09-19 18:00:59 | INFO     | OK https://skeb.jp/api/users/CD3U5hZMGx70170
2026-09-19 18:00:59 | INFO     | Saving at a/skeb/CD3U5hZMGx70170-2529dd.json
2026-09-19 18:01:00 | INFO     | OK https://skeb.jp/api/users/amazake_horida_
2026-09-19 18:01:00 | INFO     | Saving at a/skeb/amazake_horida_-efb998.json
2026-09-19 18:01:01 | INFO     | OK https://skeb.jp/api/users/Rafoll_Siegwurm
2026-09-19 18:01:01 | INFO     | Saving at a/skeb/Rafoll_Siegwurm-cdd3c7.json
2026-09-19 18:01:02 | INFO     | OK https://skeb.jp/api/users/1SEIDASU
2026-09-19 18:01:02 | INFO     | Saving at a/skeb/1SEIDASU-1472e6.json
2026-09-19 18:01:03 | INFO     | OK https://skeb.jp/api/users/anything_knock
2026-09-19 18:01:03 | INFO     | Saving at a/skeb/anything_knock-4dae46.json
2026-09-19 18:01:04 | INFO     | OK https://skeb.jp/api/users/chikuwa_rinka
2026-09-19 18:01:04 | INFO     | Saving at a/skeb/chikuwa_rinka-08fcfb.json
2026-09-19 18:01:05 | INFO     | OK https://skeb.jp/api/users/nanamono_0414
2026-09-19 18:01:05 | INFO     | Saving at a/skeb/nanamono_0414-f9d2c7.json
2026-09-19 18:01:06 | INFO     | OK https://skeb.jp/api/users/tennnnP_sub
2026-09-19 18:01:06 | INFO     | Saving at a/skeb/tennnnP_sub-d207aa.json
2026-09-19 18:01:07 | INFO     | OK https://skeb.jp/api/users/V84014729
2026-09-19 18:01:07 | INFO     | Saving at a/skeb/V84014729-704596.json
2026-09-19 18:01:08 | INFO     | OK https://skeb.jp/api/users/runaf79c
2026-09-19 18:01:08 | INFO     | Saving at a/skeb/runaf79c-5804bb.json
2026-09-19 18:01:09 | INFO     | OK https://skeb.jp/api/users/img_PIC
2026-09-19 18:01:09 | INFO     | Saving at a/skeb/img_PIC-718e26.json
2026-09-19 18:01:10 | INFO     | OK https://skeb.jp/api/users/zoshe099
2026-09-19 18:01:10 | INFO     | Saving at a/skeb/zoshe099-7dd33a.json
2026-09-19 18:01:11 | INFO     | OK https://skeb.jp/api/users/tns_siete
2026-09-19 18:01:11 | INFO     | Saving at a/skeb/tns_siete-b2d2b4.json
2026-09-19 18:01:12 | INFO     | OK https://skeb.jp/api/users/hua222220_0
2026-09-19 18:01:12 | INFO     | Saving at a/skeb/hua222220_0-75e7c6.json
2026-09-19 18:01:13 | INFO     | OK https://skeb.jp/api/users/nanala_seana
2026-09-19 18:01:13 | INFO     | Saving at a/skeb/nanala_seana-e5029c.json
2026-09-19 18:01:14 | INFO     | OK https://skeb.jp/api/users/bokujo_v
2026-09-19 18:01:14 | INFO     | Saving at a/skeb/bokujo_v-b4d058.json
2026-09-19 18:01:15 | INFO     | OK https://skeb.jp/api/users/amamoto_air
2026-09-19 18:01:15 | INFO     | Saving at a/skeb/amamoto_air-e4b951.json
2026-09-19 18:01:16 | INFO     | OK https://skeb.jp/api/users/shiranichi_zzz
2026-09-19 18:01:16 | INFO     | Saving at a/skeb/shiranichi_zzz-8d0f76.json
2026-09-19 18:01:17 | INFO     | OK https://skeb.jp/api/users/tebasakizo
2026-09-19 18:01:17 | INFO     | Saving at a/skeb/tebasakizo-83becb.json
2026-09-19 18:01:18 | INFO     | OK https://skeb.jp/api/users/tokumei111234
2026-09-19 18:01:18 | INFO     | Saving at a/skeb/tokumei111234-9cb399.json
2026-09-19 18:01:19 | INFO     | OK https://skeb.jp/api/users/yp020
2026-09-19 18:01:19 | INFO     | Saving at a/skeb/yp020-410a87.json
2026-09-19 18:01:20 | INFO     | OK https://skeb.jp/api/users/imasada_
2026-09-19 18:01:20 | INFO     | Saving at a/skeb/imasada_-eab252.json
2026-09-19 18:01:21 | INFO     | OK https://skeb.jp/api/users/un1rock
2026-09-19 18:01:21 | INFO     | Saving at a/skeb/un1rock-b7eb47.json
2026-09-19 18:01:22 | INFO     | OK https://skeb.jp/api/users/sena_ao09
2026-09-19 18:01:22 | INFO     | Saving at a/skeb/sena_ao09-cd7b53.json
2026-09-19 18:01:23 | INFO     | OK https://skeb.jp/api/users/inthe459
2026-09-19 18:01:23 | INFO     | Saving at a/skeb/inthe459-e33dc1.json
2026-09-19 18:01:24 | INFO     | OK https://skeb.jp/api/users/grgr_nekochan
2026-09-19 18:01:24 | INFO     | Saving at a/skeb/grgr_nekochan-47532c.json
2026-09-19 18:01:25 | INFO     | OK https://skeb.jp/api/users/Shin_KABUSHIKI
2026-09-19 18:01:25 | INFO     | Saving at a/skeb/Shin_KABUSHIKI-689663.json
2026-09-19 18:01:26 | INFO     | OK https://skeb.jp/api/users/orangeqoon
2026-09-19 18:01:26 | INFO     | Saving at a/skeb/orangeqoon-cad320.json
2026-09-19 18:01:27 | INFO     | OK https://skeb.jp/api/users/Rab_piChr
2026-09-19 18:01:27 | INFO     | Saving at a/skeb/Rab_piChr-cd65a3.json
2026-09-19 18:01:28 | INFO     | OK https://skeb.jp/api/users/drillmole
2026-09-19 18:01:28 | INFO     | Saving at a/skeb/drillmole-ca365d.json
2026-09-19 18:01:29 | INFO     | OK https://skeb.jp/api/users/Pennanima_1
2026-09-19 18:01:29 | INFO     | Saving at a/skeb/Pennanima_1-fbe561.json
2026-09-19 18:01:30 | INFO     | OK https://skeb.jp/api/users/HHorn1214
2026-09-19 18:01:30 | INFO     | Saving at a/skeb/HHorn1214-9539ef.json
2026-09-19 18:01:31 | INFO     | OK https://skeb.jp/api/users/515Oto
2026-09-19 18:01:31 | INFO     | Saving at a/skeb/515Oto-0e988f.json
2026-09-19 18:01:32 | INFO     | OK https://skeb.jp/api/users/rokkainrei
2026-09-19 18:01:32 | INFO     | Saving at a/skeb/rokkainrei-89868b.json
2026-09-19 18:01:33 | INFO     | OK https://skeb.jp/api/users/mzwawawao
2026-09-19 18:01:33 | INFO     | Saving at a/skeb/mzwawawao-809c9c.json
2026-09-19 18:01:34 | INFO     | OK https://skeb.jp/api/users/Milk_cocoapan
2026-09-19 18:01:34 | INFO     | Saving at a/skeb/Milk_cocoapan-66f9d6.json
2026-09-19 18:01:35 | INFO     | OK https://skeb.jp/api/users/kenu_hachi
2026-09-19 18:01:35 | INFO     | Saving at a/skeb/kenu_hachi-e41d7d.json
2026-09-19 18:01:36 | INFO     | OK https://skeb.jp/api/users/XWsnu4bUxK
2026-09-19 18:01:36 | INFO     | Saving at a/skeb/XWsnu4bUxK-b7ffbc.json
2026-09-19 18:01:37 | INFO     | OK https://skeb.jp/api/users/momose_ruku62
2026-09-19 18:01:37 | INFO     | Saving at a/skeb/momose_ruku62-a6f833.json
2026-09-19 18:01:38 | INFO     | OK https://skeb.jp/api/users/Lumo_1121
2026-09-19 18:01:38 | INFO     | Saving at a/skeb/Lumo_1121-0b86dd.json
2026-09-19 18:01:39 | INFO     | OK https://skeb.jp/api/users/0oz_u
2026-09-19 18:01:39 | INFO     | Saving at a/skeb/0oz_u-8ca590.json
2026-09-19 18:01:40 | INFO     | OK https://skeb.jp/api/users/karitasakana
2026-09-19 18:01:40 | INFO     | Saving at a/skeb/karitasakana-ebf0f1.json
2026-09-19 18:01:41 | INFO     | OK https://skeb.jp/api/users/Twins28n
2026-09-19 18:01:41 | INFO     | Saving at a/skeb/Twins28n-33b3ad.json
2026-09-19 18:01:42 | INFO     | OK https://skeb.jp/api/users/heiwwwwwwa
2026-09-19 18:01:42 | INFO     | Saving at a/skeb/heiwwwwwwa-9172fb.json
2026-09-19 18:01:43 | INFO     | OK https://skeb.jp/api/users/gv_natsuno
2026-09-19 18:01:43 | INFO     | Saving at a/skeb/gv_natsuno-38e858.json
2026-09-19 18:01:44 | INFO     | OK https://skeb.jp/api/users/world_end_sushi
2026-09-19 18:01:44 | INFO     | Saving at a/skeb/world_end_sushi-cacb08.json
2026-09-19 18:01:45 | INFO     | OK https://skeb.jp/api/users/kaisouafuro
2026-09-19 18:01:45 | INFO     | Saving at a/skeb/kaisouafuro-fc84f8.json
2026-09-19 18:01:46 | INFO     | OK https://skeb.jp/api/users/npoin
2026-09-19 18:01:46 | INFO     | Saving at a/skeb/npoin-bbc212.json
2026-09-19 18:01:47 | INFO     | OK https://skeb.jp/api/users/ra___mntbti
2026-09-19 18:01:47 | INFO     | Saving at a/skeb/ra___mntbti-2620b2.json
2026-09-19 18:01:48 | INFO     | OK https://skeb.jp/api/users/kanbesan160
2026-09-19 18:01:48 | INFO     | Saving at a/skeb/kanbesan160-0aafb2.json
2026-09-19 18:01:49 | INFO     | OK https://skeb.jp/api/users/7g_1c
2026-09-19 18:01:49 | INFO     | Saving at a/skeb/7g_1c-12f6fb.json
2026-09-19 18:01:50 | INFO     | OK https://skeb.jp/api/users/purpur_nnc
2026-09-19 18:01:50 | INFO     | Saving at a/skeb/purpur_nnc-870b7e.json
2026-09-19 18:01:51 | INFO     | OK https://skeb.jp/api/users/namegnsn133
2026-09-19 18:01:51 | INFO     | Saving at a/skeb/namegnsn133-3019d7.json
2026-09-19 18:01:52 | INFO     | OK https://skeb.jp/api/users/CUsoon
2026-09-19 18:01:52 | INFO     | Saving at a/skeb/CUsoon-f3e91a.json
2026-09-19 18:01:53 | INFO     | OK https://skeb.jp/api/users/soskodiony
2026-09-19 18:01:53 | INFO     | Saving at a/skeb/soskodiony-c4ccdd.json
2026-09-19 18:01:54 | INFO     | OK https://skeb.jp/api/users/_hani_u
2026-09-19 18:01:54 | INFO     | Saving at a/skeb/_hani_u-bd07ef.json
2026-09-19 18:01:55 | INFO     | OK https://skeb.jp/api/users/ypsnow_
2026-09-19 18:01:55 | INFO     | Saving at a/skeb/ypsnow_-2cbd43.json
2026-09-19 18:01:56 | INFO     | OK https://skeb.jp/api/users/w4tanuk1
2026-09-19 18:01:56 | INFO     | Saving at a/skeb/w4tanuk1-5bbcf2.json
2026-09-19 18:01:57 | INFO     | OK https://skeb.jp/api/users/oeoeuhoho
2026-09-19 18:01:57 | INFO     | Saving at a/skeb/oeoeuhoho-26006a.json
2026-09-19 18:01:58 | INFO     | OK https://skeb.jp/api/users/yukijiro02a
2026-09-19 18:01:58 | INFO     | Saving at a/skeb/yukijiro02a-af656b.json
2026-09-19 18:01:59 | INFO     | OK https://skeb.jp/api/users/yukusaki_nemu
2026-09-19 18:01:59 | INFO     | Saving at a/skeb/yukusaki_nemu-5b76dc.json
2026-09-19 18:02:00 | INFO     | OK https://skeb.jp/api/users/thm061
2026-09-19 18:02:00 | INFO     | Saving at a/skeb/thm061-9b8a94.json
2026-09-19 18:02:01 | INFO     | OK https://skeb.jp/api/users/hanatsugu0330
2026-09-19 18:02:01 | INFO     | Saving at a/skeb/hanatsugu0330-1c8b64.json
2026-09-19 18:02:02 | INFO     | OK https://skeb.jp/api/users/kannagi_illust_
2026-09-19 18:02:02 | INFO     | Saving at a/skeb/kannagi_illust_-c6f704.json
2026-09-19 18:02:03 | INFO     | OK https://skeb.jp/api/users/painamedaikanpa
2026-09-19 18:02:03 | INFO     | Saving at a/skeb/painamedaikanpa-15570f.json
2026-09-19 18:02:04 | INFO     | OK https://skeb.jp/api/users/taketyan0313
2026-09-19 18:02:04 | INFO     | Saving at a/skeb/taketyan0313-2ac73e.json
2026-09-19 18:02:05 | INFO     | OK https://skeb.jp/api/users/clou_do
2026-09-19 18:02:05 | INFO     | Saving at a/skeb/clou_do-56a333.json
2026-09-19 18:02:06 | INFO     | OK https://skeb.jp/api/users/tofu_nodo81
2026-09-19 18:02:06 | INFO     | Saving at a/skeb/tofu_nodo81-b2ed9e.json
2026-09-19 18:02:07 | INFO     | OK https://skeb.jp/api/users/TENPPPdesu
2026-09-19 18:02:07 | INFO     | Saving at a/skeb/TENPPPdesu-829463.json
2026-09-19 18:02:08 | INFO     | OK https://skeb.jp/api/users/ant___rice
2026-09-19 18:02:08 | INFO     | Saving at a/skeb/ant___rice-406289.json
2026-09-19 18:02:09 | INFO     | OK https://skeb.jp/api/users/shin_akat
2026-09-19 18:02:09 | INFO     | Saving at a/skeb/shin_akat-dbd181.json
2026-09-19 18:02:10 | INFO     | OK https://skeb.jp/api/users/sasatakeBE
2026-09-19 18:02:10 | INFO     | Saving at a/skeb/sasatakeBE-d836bb.json
2026-09-19 18:02:11 | INFO     | OK https://skeb.jp/api/users/LNOAyXY7VeDf4lJ
2026-09-19 18:02:11 | INFO     | Saving at a/skeb/LNOAyXY7VeDf4lJ-8e4e90.json
2026-09-19 18:02:12 | INFO     | OK https://skeb.jp/api/users/uumaluo
2026-09-19 18:02:12 | INFO     | Saving at a/skeb/uumaluo-076e4f.json
2026-09-19 18:02:13 | INFO     | OK https://skeb.jp/api/users/yamadainari_
2026-09-19 18:02:13 | INFO     | Saving at a/skeb/yamadainari_-e44b80.json
2026-09-19 18:02:14 | INFO     | OK https://skeb.jp/api/users/pepoyoPPY
2026-09-19 18:02:14 | INFO     | Saving at a/skeb/pepoyoPPY-2ed643.json
2026-09-19 18:02:15 | INFO     | OK https://skeb.jp/api/users/yanyan_02_03
2026-09-19 18:02:15 | INFO     | Saving at a/skeb/yanyan_02_03-39ab44.json
2026-09-19 18:02:16 | INFO     | OK https://skeb.jp/api/users/yakan_kiu
2026-09-19 18:02:16 | INFO     | Saving at a/skeb/yakan_kiu-ae72ac.json
2026-09-19 18:02:17 | INFO     | OK https://skeb.jp/api/users/henstore_97
2026-09-19 18:02:17 | INFO     | Saving at a/skeb/henstore_97-b9e91e.json
2026-09-19 18:02:18 | INFO     | OK https://skeb.jp/api/users/DaisakuKimutaku
2026-09-19 18:02:18 | INFO     | Saving at a/skeb/DaisakuKimutaku-32857b.json
2026-09-19 18:02:19 | INFO     | OK https://skeb.jp/api/users/hungrymom
2026-09-19 18:02:19 | INFO     | Saving at a/skeb/hungrymom-e94a14.json
2026-09-19 18:02:20 | INFO     | OK https://skeb.jp/api/users/sana_kasa
2026-09-19 18:02:20 | INFO     | Saving at a/skeb/sana_kasa-aecfaf.json
2026-09-19 18:02:21 | INFO     | OK https://skeb.jp/api/users/uika_bell
2026-09-19 18:02:21 | INFO     | Saving at a/skeb/uika_bell-b43553.json
2026-09-19 18:02:22 | INFO     | OK https://skeb.jp/api/users/nukkoru
2026-09-19 18:02:22 | INFO     | Saving at a/skeb/nukkoru-cf64fa.json
2026-09-19 18:02:23 | INFO     | OK https://skeb.jp/api/users/naya_sono
2026-09-19 18:02:23 | INFO     | Saving at a/skeb/naya_sono-d4eff9.json
2026-09-19 18:02:24 | INFO     | OK https://skeb.jp/api/users/shirokamiyosei
2026-09-19 18:02:24 | INFO     | Saving at a/skeb/shirokamiyosei-a95001.json
2026-09-19 18:02:25 | INFO     | OK https://skeb.jp/api/users/_umedayooo
2026-09-19 18:02:25 | INFO     | Saving at a/skeb/_umedayooo-ec8347.json
2026-09-19 18:02:26 | INFO     | OK https://skeb.jp/api/users/u_rindulge
2026-09-19 18:02:26 | INFO     | Saving at a/skeb/u_rindulge-3acb17.json
2026-09-19 18:02:27 | INFO     | OK https://skeb.jp/api/users/yamirine_v
2026-09-19 18:02:27 | INFO     | Saving at a/skeb/yamirine_v-83a2f2.json
2026-09-19 18:02:28 | INFO     | OK https://skeb.jp/api/users/kanzacks01
2026-09-19 18:02:28 | INFO     | Saving at a/skeb/kanzacks01-84c5bb.json
2026-09-19 18:02:29 | INFO     | OK https://skeb.jp/api/users/una_so_
2026-09-19 18:02:29 | INFO     | Saving at a/skeb/una_so_-5b2dc1.json
2026-09-19 18:02:30 | INFO     | OK https://skeb.jp/api/users/arukukuma08
2026-09-19 18:02:30 | INFO     | Saving at a/skeb/arukukuma08-1a5c88.json
2026-09-19 18:02:31 | INFO     | OK https://skeb.jp/api/users/Happy_Hardc0re
2026-09-19 18:02:31 | INFO     | Saving at a/skeb/Happy_Hardc0re-d2a523.json
2026-09-19 18:02:32 | INFO     | OK https://skeb.jp/api/users/usayamata_307
2026-09-19 18:02:32 | INFO     | Saving at a/skeb/usayamata_307-d0dcb8.json
2026-09-19 18:02:33 | INFO     | OK https://skeb.jp/api/users/bomellia
2026-09-19 18:02:33 | INFO     | Saving at a/skeb/bomellia-8a3d0a.json
2026-09-19 18:02:34 | INFO     | OK https://skeb.jp/api/users/xx_betti
2026-09-19 18:02:34 | INFO     | Saving at a/skeb/xx_betti-671f9c.json
2026-09-19 18:02:35 | INFO     | OK https://skeb.jp/api/users/hanano_d
2026-09-19 18:02:35 | INFO     | Saving at a/skeb/hanano_d-55dbd8.json
2026-09-19 18:02:36 | INFO     | OK https://skeb.jp/api/users/flagman_11
2026-09-19 18:02:36 | INFO     | Saving at a/skeb/flagman_11-6dc28c.json
2026-09-19 18:02:37 | INFO     | OK https://skeb.jp/api/users/maruyakidondon
2026-09-19 18:02:37 | INFO     | Saving at a/skeb/maruyakidondon-ace7c3.json
2026-09-19 18:02:38 | INFO     | OK https://skeb.jp/api/users/Ahex1106
2026-09-19 18:02:38 | INFO     | Saving at a/skeb/Ahex1106-b7124b.json
2026-09-19 18:02:39 | INFO     | OK https://skeb.jp/api/users/chibitaro
2026-09-19 18:02:39 | INFO     | Saving at a/skeb/chibitaro-cd6355.json
2026-09-19 18:02:40 | INFO     | OK https://skeb.jp/api/users/7nii_muwi
2026-09-19 18:02:40 | INFO     | Saving at a/skeb/7nii_muwi-61ed5a.json
2026-09-19 18:02:41 | INFO     | OK https://skeb.jp/api/users/motiyaaya
2026-09-19 18:02:41 | INFO     | Saving at a/skeb/motiyaaya-a9ecf8.json
2026-09-19 18:02:42 | INFO     | OK https://skeb.jp/api/users/pukya__
2026-09-19 18:02:42 | INFO     | Saving at a/skeb/pukya__-1737e8.json
2026-09-19 18:02:43 | INFO     | OK https://skeb.jp/api/users/monyomoke
2026-09-19 18:02:43 | INFO     | Saving at a/skeb/monyomoke-2bbe8a.json
2026-09-19 18:02:44 | INFO     | OK https://skeb.jp/api/users/HeYagi_404
2026-09-19 18:02:44 | INFO     | Saving at a/skeb/HeYagi_404-e44273.json
2026-09-19 18:02:45 | INFO     | OK https://skeb.jp/api/users/Marugome_ch
2026-09-19 18:02:45 | INFO     | Saving at a/skeb/Marugome_ch-d69d41.json
2026-09-19 18:02:46 | INFO     | OK https://skeb.jp/api/users/gaidennsinnzi44
2026-09-19 18:02:46 | INFO     | Saving at a/skeb/gaidennsinnzi44-242c4f.json
2026-09-19 18:02:47 | INFO     | OK https://skeb.jp/api/users/umiseazzz
2026-09-19 18:02:47 | INFO     | Saving at a/skeb/umiseazzz-9c4356.json
2026-09-19 18:02:48 | INFO     | OK https://skeb.jp/api/users/ju10_____
2026-09-19 18:02:48 | INFO     | Saving at a/skeb/ju10_____-d92793.json
2026-09-19 18:02:49 | INFO     | OK https://skeb.jp/api/users/yoruwalk08
2026-09-19 18:02:49 | INFO     | Saving at a/skeb/yoruwalk08-2ca237.json
2026-09-19 18:02:50 | INFO     | OK https://skeb.jp/api/users/wharuwolf_0702
2026-09-19 18:02:50 | INFO     | Saving at a/skeb/wharuwolf_0702-e31141.json
2026-09-19 18:02:51 | INFO     | OK https://skeb.jp/api/users/Maggot_da_sdm
2026-09-19 18:02:51 | INFO     | Saving at a/skeb/Maggot_da_sdm-534a56.json
2026-09-19 18:02:52 | INFO     | OK https://skeb.jp/api/users/ym_ill
2026-09-19 18:02:52 | INFO     | Saving at a/skeb/ym_ill-2c4ef3.json
2026-09-19 18:02:53 | INFO     | OK https://skeb.jp/api/users/_akankankan119
2026-09-19 18:02:53 | INFO     | Saving at a/skeb/_akankankan119-d4529b.json
2026-09-19 18:02:54 | INFO     | OK https://skeb.jp/api/users/aa_anoko_
2026-09-19 18:02:54 | INFO     | Saving at a/skeb/aa_anoko_-d6c9df.json
2026-09-19 18:02:55 | INFO     | OK https://skeb.jp/api/users/zzpechi
2026-09-19 18:02:55 | INFO     | Saving at a/skeb/zzpechi-d5f1c7.json
2026-09-19 18:02:56 | INFO     | OK https://skeb.jp/api/users/soiyamike
2026-09-19 18:02:56 | INFO     | Saving at a/skeb/soiyamike-15f9f8.json
2026-09-19 18:02:57 | INFO     | OK https://skeb.jp/api/users/tanasan_7
2026-09-19 18:02:57 | INFO     | Saving at a/skeb/tanasan_7-088542.json
2026-09-19 18:02:58 | INFO     | OK https://skeb.jp/api/users/hzime_1
2026-09-19 18:02:58 | INFO     | Saving at a/skeb/hzime_1-4b860a.json
2026-09-19 18:02:59 | INFO     | OK https://skeb.jp/api/users/penguinsekaiii
2026-09-19 18:02:59 | INFO     | Saving at a/skeb/penguinsekaiii-12e200.json
2026-09-19 18:03:00 | INFO     | OK https://skeb.jp/api/users/yorugami_
2026-09-19 18:03:00 | INFO     | Saving at a/skeb/yorugami_-16ff4b.json
2026-09-19 18:03:01 | INFO     | OK https://skeb.jp/api/users/m10_po3
2026-09-19 18:03:01 | INFO     | Saving at a/skeb/m10_po3-81c4e4.json
2026-09-19 18:03:02 | INFO     | OK https://skeb.jp/api/users/yoshimaro77
2026-09-19 18:03:02 | INFO     | Saving at a/skeb/yoshimaro77-f3c4a3.json
2026-09-19 18:03:03 | INFO     | OK https://skeb.jp/api/users/Popo_BearChan
2026-09-19 18:03:03 | INFO     | Saving at a/skeb/Popo_BearChan-9cf34b.json
2026-09-19 18:03:04 | INFO     | OK https://skeb.jp/api/users/lcxnv_
2026-09-19 18:03:04 | INFO     | Saving at a/skeb/lcxnv_-2e8445.json
2026-09-19 18:03:05 | INFO     | OK https://skeb.jp/api/users/3ka7no_sub
2026-09-19 18:03:05 | INFO     | Saving at a/skeb/3ka7no_sub-2ffd1f.json
2026-09-19 18:03:06 | INFO     | OK https://skeb.jp/api/users/ko_ha_ku_2456
2026-09-19 18:03:06 | INFO     | Saving at a/skeb/ko_ha_ku_2456-44bb33.json
2026-09-19 18:03:07 | INFO     | OK https://skeb.jp/api/users/rabeco_Illust
2026-09-19 18:03:07 | INFO     | Saving at a/skeb/rabeco_Illust-8940b6.json
2026-09-19 18:03:08 | INFO     | OK https://skeb.jp/api/users/kirentono
2026-09-19 18:03:08 | INFO     | Saving at a/skeb/kirentono-7f03cf.json
2026-09-19 18:03:09 | INFO     | OK https://skeb.jp/api/users/kaidoooooo_art
2026-09-19 18:03:09 | INFO     | Saving at a/skeb/kaidoooooo_art-227a0a.json
2026-09-19 18:03:10 | INFO     | OK https://skeb.jp/api/users/naruuub
2026-09-19 18:03:10 | INFO     | Saving at a/skeb/naruuub-553248.json
2026-09-19 18:03:11 | INFO     | OK https://skeb.jp/api/users/u232c_
2026-09-19 18:03:11 | INFO     | Saving at a/skeb/u232c_-67c992.json
2026-09-19 18:03:12 | INFO     | OK https://skeb.jp/api/users/kaim303
2026-09-19 18:03:12 | INFO     | Saving at a/skeb/kaim303-e26e3d.json
2026-09-19 18:03:13 | INFO     | OK https://skeb.jp/api/users/k_ayamo
2026-09-19 18:03:13 | INFO     | Saving at a/skeb/k_ayamo-03809e.json
2026-09-19 18:03:14 | INFO     | OK https://skeb.jp/api/users/_by4co
2026-09-19 18:03:14 | INFO     | Saving at a/skeb/_by4co-ae59c2.json
2026-09-19 18:03:15 | INFO     | OK https://skeb.jp/api/users/NCC92882_C
2026-09-19 18:03:15 | INFO     | Saving at a/skeb/NCC92882_C-68842e.json
2026-09-19 18:03:16 | INFO     | OK https://skeb.jp/api/users/ndt3m
2026-09-19 18:03:16 | INFO     | Saving at a/skeb/ndt3m-e85ce7.json
2026-09-19 18:03:17 | INFO     | OK https://skeb.jp/api/users/hauberk888
2026-09-19 18:03:17 | INFO     | Saving at a/skeb/hauberk888-fa25be.json
2026-09-19 18:03:18 | INFO     | OK https://skeb.jp/api/users/Olca_o0
2026-09-19 18:03:18 | INFO     | Saving at a/skeb/Olca_o0-51f429.json
2026-09-19 18:03:19 | INFO     | OK https://skeb.jp/api/users/wantOniku
2026-09-19 18:03:19 | INFO     | Saving at a/skeb/wantOniku-74f186.json
2026-09-19 18:03:20 | INFO     | OK https://skeb.jp/api/users/yandereseisaku
2026-09-19 18:03:20 | INFO     | Saving at a/skeb/yandereseisaku-04b862.json
2026-09-19 18:03:21 | INFO     | OK https://skeb.jp/api/users/scomsalt
2026-09-19 18:03:21 | INFO     | Saving at a/skeb/scomsalt-239e08.json
2026-09-19 18:03:22 | INFO     | OK https://skeb.jp/api/users/CYBER
2026-09-19 18:03:22 | INFO     | Saving at a/skeb/CYBER-3bd4df.json
2026-09-19 18:03:23 | INFO     | OK https://skeb.jp/api/users/mofmof_r
2026-09-19 18:03:23 | INFO     | Saving at a/skeb/mofmof_r-0b4e87.json
2026-09-19 18:03:24 | INFO     | OK https://skeb.jp/api/users/Kicdon_smash
2026-09-19 18:03:24 | INFO     | Saving at a/skeb/Kicdon_smash-62dcf5.json
2026-09-19 18:03:25 | INFO     | OK https://skeb.jp/api/users/sebone7125111
2026-09-19 18:03:25 | INFO     | Saving at a/skeb/sebone7125111-a25f5d.json
2026-09-19 18:03:26 | INFO     | OK https://skeb.jp/api/users/RIP_U0x0U
2026-09-19 18:03:26 | INFO     | Saving at a/skeb/RIP_U0x0U-281186.json
2026-09-19 18:03:27 | INFO     | OK https://skeb.jp/api/users/urotori
2026-09-19 18:03:27 | INFO     | Saving at a/skeb/urotori-5f46e9.json
2026-09-19 18:03:28 | INFO     | OK https://skeb.jp/api/users/niconicoskb
2026-09-19 18:03:28 | INFO     | Saving at a/skeb/niconicoskb-8bd4e4.json
2026-09-19 18:03:29 | INFO     | OK https://skeb.jp/api/users/yuki7_pyon
2026-09-19 18:03:29 | INFO     | Saving at a/skeb/yuki7_pyon-cf013a.json
2026-09-19 18:03:30 | INFO     | OK https://skeb.jp/api/users/geTanakami
2026-09-19 18:03:30 | INFO     | Saving at a/skeb/geTanakami-626f66.json
2026-09-19 18:03:31 | INFO     | OK https://skeb.jp/api/users/karan_koron100
2026-09-19 18:03:31 | INFO     | Saving at a/skeb/karan_koron100-01c206.json
2026-09-19 18:03:32 | INFO     | OK https://skeb.jp/api/users/Ryuto7075
2026-09-19 18:03:32 | INFO     | Saving at a/skeb/Ryuto7075-8de254.json
2026-09-19 18:03:33 | INFO     | OK https://skeb.jp/api/users/roraponsan
2026-09-19 18:03:33 | INFO     | Saving at a/skeb/roraponsan-c82f85.json
2026-09-19 18:03:34 | INFO     | OK https://skeb.jp/api/users/orikasa4423
2026-09-19 18:03:34 | INFO     | Saving at a/skeb/orikasa4423-a124e6.json
2026-09-19 18:03:35 | INFO     | OK https://skeb.jp/api/users/HANE_020_
2026-09-19 18:03:35 | INFO     | Saving at a/skeb/HANE_020_-1ee50b.json
2026-09-19 18:03:36 | INFO     | OK https://skeb.jp/api/users/JO____SUKE
2026-09-19 18:03:36 | INFO     | Saving at a/skeb/JO____SUKE-7fad3e.json
2026-09-19 18:03:37 | INFO     | OK https://skeb.jp/api/users/OKaRa_uno
2026-09-19 18:03:37 | INFO     | Saving at a/skeb/OKaRa_uno-6a5488.json
2026-09-19 18:03:38 | INFO     | OK https://skeb.jp/api/users/pen_117
2026-09-19 18:03:38 | INFO     | Saving at a/skeb/pen_117-fa4c28.json
2026-09-19 18:03:39 | INFO     | OK https://skeb.jp/api/users/HaL_ka_Dai
2026-09-19 18:03:39 | INFO     | Saving at a/skeb/HaL_ka_Dai-403098.json
2026-09-19 18:03:40 | INFO     | OK https://skeb.jp/api/users/nnkl3q49JF78857
2026-09-19 18:03:40 | INFO     | Saving at a/skeb/nnkl3q49JF78857-29134e.json
2026-09-19 18:03:41 | INFO     | OK https://skeb.jp/api/users/sa0345shin0130
2026-09-19 18:03:41 | INFO     | Saving at a/skeb/sa0345shin0130-8e3a80.json
2026-09-19 18:03:42 | INFO     | OK https://skeb.jp/api/users/nmippp
2026-09-19 18:03:42 | INFO     | Saving at a/skeb/nmippp-94a758.json
2026-09-19 18:03:43 | INFO     | OK https://skeb.jp/api/users/skk_sakaka
2026-09-19 18:03:43 | INFO     | Saving at a/skeb/skk_sakaka-925709.json
2026-09-19 18:03:44 | INFO     | OK https://skeb.jp/api/users/F97Dy
2026-09-19 18:03:44 | INFO     | Saving at a/skeb/F97Dy-f6d69a.json
2026-09-19 18:03:45 | INFO     | OK https://skeb.jp/api/users/cuzukago
2026-09-19 18:03:45 | INFO     | Saving at a/skeb/cuzukago-fb3b16.json
2026-09-19 18:03:46 | INFO     | OK https://skeb.jp/api/users/nemigishi
2026-09-19 18:03:46 | INFO     | Saving at a/skeb/nemigishi-e14369.json
2026-09-19 18:03:47 | INFO     | OK https://skeb.jp/api/users/NO_I404
2026-09-19 18:03:47 | INFO     | Saving at a/skeb/NO_I404-a63dab.json
2026-09-19 18:03:48 | INFO     | OK https://skeb.jp/api/users/TAICHI_OMRT
2026-09-19 18:03:48 | INFO     | Saving at a/skeb/TAICHI_OMRT-e97d18.json
2026-09-19 18:03:49 | INFO     | OK https://skeb.jp/api/users/hokori_4649
2026-09-19 18:03:49 | INFO     | Saving at a/skeb/hokori_4649-28bb1a.json
2026-09-19 18:03:50 | INFO     | OK https://skeb.jp/api/users/re__tae44
2026-09-19 18:03:50 | INFO     | Saving at a/skeb/re__tae44-1f2d66.json
2026-09-19 18:03:51 | INFO     | OK https://skeb.jp/api/users/negiwork500
2026-09-19 18:03:51 | INFO     | Saving at a/skeb/negiwork500-2d19b0.json
2026-09-19 18:03:52 | INFO     | OK https://skeb.jp/api/users/ErikaUno_413
2026-09-19 18:03:52 | INFO     | Saving at a/skeb/ErikaUno_413-fd0d8b.json
2026-09-19 18:03:53 | INFO     | OK https://skeb.jp/api/users/777sevink81R
2026-09-19 18:03:53 | INFO     | Saving at a/skeb/777sevink81R-1bfe34.json
2026-09-19 18:03:54 | INFO     | OK https://skeb.jp/api/users/mobufundoshi_sentai
2026-09-19 18:03:54 | INFO     | Saving at a/skeb/mobufundoshi_sentai-a56eb2.json
2026-09-19 18:03:55 | INFO     | OK https://skeb.jp/api/users/uzznq
2026-09-19 18:03:55 | INFO     | Saving at a/skeb/uzznq-142f33.json
2026-09-19 18:03:56 | INFO     | OK https://skeb.jp/api/users/_maro_chan
2026-09-19 18:03:56 | INFO     | Saving at a/skeb/_maro_chan-4f35a5.json
2026-09-19 18:03:57 | INFO     | OK https://skeb.jp/api/users/rinringoooo0004
2026-09-19 18:03:57 | INFO     | Saving at a/skeb/rinringoooo0004-5c045d.json
2026-09-19 18:03:58 | INFO     | OK https://skeb.jp/api/users/zettai_nagaiki
2026-09-19 18:03:58 | INFO     | Saving at a/skeb/zettai_nagaiki-939217.json
2026-09-19 18:03:59 | INFO     | OK https://skeb.jp/api/users/ekiaroll
2026-09-19 18:03:59 | INFO     | Saving at a/skeb/ekiaroll-caa0b8.json
2026-09-19 18:04:00 | INFO     | OK https://skeb.jp/api/users/kagari_sankaku
2026-09-19 18:04:00 | INFO     | Saving at a/skeb/kagari_sankaku-079477.json
2026-09-19 18:04:01 | INFO     | OK https://skeb.jp/api/users/TAK_BeAFreak2
2026-09-19 18:04:01 | INFO     | Saving at a/skeb/TAK_BeAFreak2-d8c09d.json
2026-09-19 18:04:02 | INFO     | OK https://skeb.jp/api/users/tengeiji_rui
2026-09-19 18:04:02 | INFO     | Saving at a/skeb/tengeiji_rui-f61633.json
2026-09-19 18:04:03 | INFO     | OK https://skeb.jp/api/users/terentiran
2026-09-19 18:04:03 | INFO     | Saving at a/skeb/terentiran-8e71ab.json
2026-09-19 18:04:04 | INFO     | OK https://skeb.jp/api/users/meroimeropide
2026-09-19 18:04:04 | INFO     | Saving at a/skeb/meroimeropide-86fd44.json
2026-09-19 18:04:05 | INFO     | OK https://skeb.jp/api/users/enipax28
2026-09-19 18:04:05 | INFO     | Saving at a/skeb/enipax28-747337.json
2026-09-19 18:04:06 | INFO     | OK https://skeb.jp/api/users/gasoline250
2026-09-19 18:04:06 | INFO     | Saving at a/skeb/gasoline250-38e4e2.json
2026-09-19 18:04:07 | INFO     | OK https://skeb.jp/api/users/sirahane_5366
2026-09-19 18:04:07 | INFO     | Saving at a/skeb/sirahane_5366-96fa63.json
2026-09-19 18:04:08 | INFO     | OK https://skeb.jp/api/users/OMIKO035
2026-09-19 18:04:08 | INFO     | Saving at a/skeb/OMIKO035-9238ae.json
2026-09-19 18:04:09 | INFO     | OK https://skeb.jp/api/users/iui_ymym
2026-09-19 18:04:09 | INFO     | Saving at a/skeb/iui_ymym-b2f89e.json
2026-09-19 18:04:10 | INFO     | OK https://skeb.jp/api/users/sumassy226
2026-09-19 18:04:10 | INFO     | Saving at a/skeb/sumassy226-908672.json
2026-09-19 18:04:11 | INFO     | OK https://skeb.jp/api/users/akoyama_t
2026-09-19 18:04:11 | INFO     | Saving at a/skeb/akoyama_t-b01f30.json
2026-09-19 18:04:12 | INFO     | OK https://skeb.jp/api/users/aominzu
2026-09-19 18:04:12 | INFO     | Saving at a/skeb/aominzu-933753.json
2026-09-19 18:04:13 | INFO     | OK https://skeb.jp/api/users/rutile111
2026-09-19 18:04:13 | INFO     | Saving at a/skeb/rutile111-5445c0.json
2026-09-19 18:04:14 | INFO     | OK https://skeb.jp/api/users/hepuhouhi
2026-09-19 18:04:14 | INFO     | Saving at a/skeb/hepuhouhi-997680.json
2026-09-19 18:04:15 | INFO     | OK https://skeb.jp/api/users/bobondobon
2026-09-19 18:04:15 | INFO     | Saving at a/skeb/bobondobon-a47d20.json
2026-09-19 18:04:16 | INFO     | OK https://skeb.jp/api/users/_fuwanwan
2026-09-19 18:04:16 | INFO     | Saving at a/skeb/_fuwanwan-0d085a.json
2026-09-19 18:04:17 | INFO     | OK https://skeb.jp/api/users/yaminabe931
2026-09-19 18:04:17 | INFO     | Saving at a/skeb/yaminabe931-d95ec5.json
2026-09-19 18:04:18 | INFO     | OK https://skeb.jp/api/users/uma_sow
2026-09-19 18:04:18 | INFO     | Saving at a/skeb/uma_sow-ba18d7.json
2026-09-19 18:04:19 | INFO     | OK https://skeb.jp/api/users/k_art71
2026-09-19 18:04:19 | INFO     | Saving at a/skeb/k_art71-1b7f57.json
2026-09-19 18:04:20 | INFO     | OK https://skeb.jp/api/users/sayuna_sr
2026-09-19 18:04:20 | INFO     | Saving at a/skeb/sayuna_sr-f51240.json
2026-09-19 18:04:21 | INFO     | OK https://skeb.jp/api/users/kodainosinpi
2026-09-19 18:04:21 | INFO     | Saving at a/skeb/kodainosinpi-20e049.json
2026-09-19 18:04:22 | INFO     | OK https://skeb.jp/api/users/pe_1116
2026-09-19 18:04:22 | INFO     | Saving at a/skeb/pe_1116-5b2b4d.json
2026-09-19 18:04:23 | INFO     | OK https://skeb.jp/api/users/1229Noniha4
2026-09-19 18:04:23 | INFO     | Saving at a/skeb/1229Noniha4-3e7e73.json
2026-09-19 18:04:24 | INFO     | OK https://skeb.jp/api/users/R1rmiKkncv9810
2026-09-19 18:04:24 | INFO     | Saving at a/skeb/R1rmiKkncv9810-d360c3.json
2026-09-19 18:04:25 | INFO     | OK https://skeb.jp/api/users/syu_cat_
2026-09-19 18:04:25 | INFO     | Saving at a/skeb/syu_cat_-255595.json
2026-09-19 18:04:26 | INFO     | OK https://skeb.jp/api/users/usatohru
2026-09-19 18:04:26 | INFO     | Saving at a/skeb/usatohru-ffd0a2.json
2026-09-19 18:04:27 | INFO     | OK https://skeb.jp/api/users/manami_nattou
2026-09-19 18:04:27 | INFO     | Saving at a/skeb/manami_nattou-0c0c76.json
2026-09-19 18:04:28 | INFO     | OK https://skeb.jp/api/users/sonoart55
2026-09-19 18:04:28 | INFO     | Saving at a/skeb/sonoart55-2cc9b5.json
2026-09-19 18:04:29 | INFO     | OK https://skeb.jp/api/users/mso_gng
2026-09-19 18:04:29 | INFO     | Saving at a/skeb/mso_gng-3d9d64.json
2026-09-19 18:04:30 | INFO     | OK https://skeb.jp/api/users/Emmu_0820
2026-09-19 18:04:30 | INFO     | Saving at a/skeb/Emmu_0820-9a711a.json
2026-09-19 18:04:31 | INFO     | OK https://skeb.jp/api/users/eiji_asamizu
2026-09-19 18:04:31 | INFO     | Saving at a/skeb/eiji_asamizu-53d267.json
2026-09-19 18:04:32 | INFO     | OK https://skeb.jp/api/users/eto_mato9
2026-09-19 18:04:32 | INFO     | Saving at a/skeb/eto_mato9-ab20bb.json
2026-09-19 18:04:33 | INFO     | OK https://skeb.jp/api/users/koyo2023
2026-09-19 18:04:33 | INFO     | Saving at a/skeb/koyo2023-591777.json
2026-09-19 18:04:34 | INFO     | OK https://skeb.jp/api/users/hataraku125
2026-09-19 18:04:34 | INFO     | Saving at a/skeb/hataraku125-268acf.json
2026-09-19 18:04:35 | INFO     | OK https://skeb.jp/api/users/iz_sleep_bubble
2026-09-19 18:04:35 | INFO     | Saving at a/skeb/iz_sleep_bubble-01347d.json
2026-09-19 18:04:36 | INFO     | OK https://skeb.jp/api/users/sochobz
2026-09-19 18:04:36 | INFO     | Saving at a/skeb/sochobz-ce8c25.json
2026-09-19 18:04:37 | INFO     | OK https://skeb.jp/api/users/kbmkx12
2026-09-19 18:04:37 | INFO     | Saving at a/skeb/kbmkx12-afd382.json
2026-09-19 18:04:38 | INFO     | OK https://skeb.jp/api/users/uoooo_ygr
2026-09-19 18:04:38 | INFO     | Saving at a/skeb/uoooo_ygr-911ac1.json
2026-09-19 18:04:39 | INFO     | OK https://skeb.jp/api/users/norea1124
2026-09-19 18:04:39 | INFO     | Saving at a/skeb/norea1124-614607.json
2026-09-19 18:04:40 | INFO     | OK https://skeb.jp/api/users/eisen1111
2026-09-19 18:04:40 | INFO     | Saving at a/skeb/eisen1111-9606eb.json
2026-09-19 18:04:41 | INFO     | OK https://skeb.jp/api/users/Arara_P_Land
2026-09-19 18:04:41 | INFO     | Saving at a/skeb/Arara_P_Land-62c9d1.json
2026-09-19 18:04:42 | INFO     | OK https://skeb.jp/api/users/BBNB88
2026-09-19 18:04:42 | INFO     | Saving at a/skeb/BBNB88-20c64b.json
2026-09-19 18:04:43 | INFO     | OK https://skeb.jp/api/users/wowo_oe_aiyiy_
2026-09-19 18:04:43 | INFO     | Saving at a/skeb/wowo_oe_aiyiy_-47be07.json
2026-09-19 18:04:44 | INFO     | OK https://skeb.jp/api/users/Indigo_Blue_anp
2026-09-19 18:04:44 | INFO     | Saving at a/skeb/Indigo_Blue_anp-702fb2.json
2026-09-19 18:04:45 | INFO     | OK https://skeb.jp/api/users/2waco15
2026-09-19 18:04:45 | INFO     | Saving at a/skeb/2waco15-390c33.json
2026-09-19 18:04:46 | INFO     | OK https://skeb.jp/api/users/umamakegenko
2026-09-19 18:04:46 | INFO     | Saving at a/skeb/umamakegenko-488e7d.json
2026-09-19 18:04:47 | INFO     | OK https://skeb.jp/api/users/kmttntn
2026-09-19 18:04:47 | INFO     | Saving at a/skeb/kmttntn-bb844c.json
2026-09-19 18:04:48 | INFO     | OK https://skeb.jp/api/users/nori84977175
2026-09-19 18:04:48 | INFO     | Saving at a/skeb/nori84977175-149694.json
2026-09-19 18:04:49 | INFO     | OK https://skeb.jp/api/users/0GRM
2026-09-19 18:04:49 | INFO     | Saving at a/skeb/0GRM-113896.json
2026-09-19 18:04:50 | INFO     | OK https://skeb.jp/api/users/sibaraku_90
2026-09-19 18:04:50 | INFO     | Saving at a/skeb/sibaraku_90-b311a5.json
2026-09-19 18:04:51 | INFO     | OK https://skeb.jp/api/users/HCJKBxSQAc36859
2026-09-19 18:04:51 | INFO     | Saving at a/skeb/HCJKBxSQAc36859-6acf0b.json
2026-09-19 18:04:52 | INFO     | OK https://skeb.jp/api/users/shionshironeko2
2026-09-19 18:04:52 | INFO     | Saving at a/skeb/shionshironeko2-5fbac9.json
2026-09-19 18:04:53 | INFO     | OK https://skeb.jp/api/users/S_TTM
2026-09-19 18:04:53 | INFO     | Saving at a/skeb/S_TTM-3abb30.json
2026-09-19 18:04:54 | INFO     | OK https://skeb.jp/api/users/sakura_ssd
2026-09-19 18:04:54 | INFO     | Saving at a/skeb/sakura_ssd-280f24.json
2026-09-19 18:04:55 | INFO     | OK https://skeb.jp/api/users/neteta001
2026-09-19 18:04:55 | INFO     | Saving at a/skeb/neteta001-bb37a2.json
2026-09-19 18:04:56 | INFO     | OK https://skeb.jp/api/users/sinda831
2026-09-19 18:04:56 | INFO     | Saving at a/skeb/sinda831-c8744b.json
2026-09-19 18:04:57 | INFO     | OK https://skeb.jp/api/users/tsu_m5
2026-09-19 18:04:57 | INFO     | Saving at a/skeb/tsu_m5-1d8b96.json
2026-09-19 18:04:58 | INFO     | OK https://skeb.jp/api/users/nezmi_0x0
2026-09-19 18:04:58 | INFO     | Saving at a/skeb/nezmi_0x0-5ec106.json
2026-09-19 18:04:59 | INFO     | OK https://skeb.jp/api/users/yumesube
2026-09-19 18:04:59 | INFO     | Saving at a/skeb/yumesube-419821.json
2026-09-19 18:05:00 | INFO     | OK https://skeb.jp/api/users/shinkirou_63
2026-09-19 18:05:00 | INFO     | Saving at a/skeb/shinkirou_63-95b657.json
2026-09-19 18:05:01 | INFO     | OK https://skeb.jp/api/users/azyapa
2026-09-19 18:05:01 | INFO     | Saving at a/skeb/azyapa-adba36.json
2026-09-19 18:05:02 | INFO     | OK https://skeb.jp/api/users/uwasewaaaau
2026-09-19 18:05:02 | INFO     | Saving at a/skeb/uwasewaaaau-ce09cc.json
2026-09-19 18:05:03 | INFO     | OK https://skeb.jp/api/users/akwt_tt
2026-09-19 18:05:03 | INFO     | Saving at a/skeb/akwt_tt-708877.json
2026-09-19 18:05:04 | INFO     | OK https://skeb.jp/api/users/mac_724838
2026-09-19 18:05:04 | INFO     | Saving at a/skeb/mac_724838-e26e24.json
2026-09-19 18:05:05 | INFO     | OK https://skeb.jp/api/users/ygdm_ER
2026-09-19 18:05:05 | INFO     | Saving at a/skeb/ygdm_ER-dccbfc.json
2026-09-19 18:05:06 | INFO     | OK https://skeb.jp/api/users/828yatuha
2026-09-19 18:05:06 | INFO     | Saving at a/skeb/828yatuha-a24257.json
2026-09-19 18:05:07 | INFO     | OK https://skeb.jp/api/users/toiq000
2026-09-19 18:05:07 | INFO     | Saving at a/skeb/toiq000-f9f72c.json
2026-09-19 18:05:08 | INFO     | OK https://skeb.jp/api/users/Sekilei_333
2026-09-19 18:05:08 | INFO     | Saving at a/skeb/Sekilei_333-46bc01.json
2026-09-19 18:05:09 | INFO     | OK https://skeb.jp/api/users/kumoru_145
2026-09-19 18:05:09 | INFO     | Saving at a/skeb/kumoru_145-5b45dc.json
2026-09-19 18:05:10 | INFO     | OK https://skeb.jp/api/users/dangan_club
2026-09-19 18:05:10 | INFO     | Saving at a/skeb/dangan_club-43ebc9.json
2026-09-19 18:05:11 | INFO     | OK https://skeb.jp/api/users/yassy840
2026-09-19 18:05:11 | INFO     | Saving at a/skeb/yassy840-99095f.json
2026-09-19 18:05:12 | INFO     | OK https://skeb.jp/api/users/Latifica_
2026-09-19 18:05:12 | INFO     | Saving at a/skeb/Latifica_-73f0e8.json
2026-09-19 18:05:13 | INFO     | OK https://skeb.jp/api/users/anemone_nasu
2026-09-19 18:05:13 | INFO     | Saving at a/skeb/anemone_nasu-f34f4c.json
2026-09-19 18:05:14 | INFO     | OK https://skeb.jp/api/users/ShinkaiObake
2026-09-19 18:05:14 | INFO     | Saving at a/skeb/ShinkaiObake-55ce2d.json
2026-09-19 18:05:15 | INFO     | OK https://skeb.jp/api/users/asigal_kaijumoe
2026-09-19 18:05:15 | INFO     | Saving at a/skeb/asigal_kaijumoe-a90225.json
2026-09-19 18:05:16 | INFO     | OK https://skeb.jp/api/users/uroroRON_02
2026-09-19 18:05:16 | INFO     | Saving at a/skeb/uroroRON_02-368aef.json
2026-09-19 18:05:17 | INFO     | OK https://skeb.jp/api/users/sxh85o
2026-09-19 18:05:17 | INFO     | Saving at a/skeb/sxh85o-0539a6.json
2026-09-19 18:05:18 | INFO     | OK https://skeb.jp/api/users/UDONtoWATASHI
2026-09-19 18:05:18 | INFO     | Saving at a/skeb/UDONtoWATASHI-4bd592.json
2026-09-19 18:05:19 | INFO     | OK https://skeb.jp/api/users/dedede_mon
2026-09-19 18:05:19 | INFO     | Saving at a/skeb/dedede_mon-8c2868.json
2026-09-19 18:05:20 | INFO     | OK https://skeb.jp/api/users/Sirota_Mizuki
2026-09-19 18:05:20 | INFO     | Saving at a/skeb/Sirota_Mizuki-d51375.json
2026-09-19 18:05:21 | INFO     | OK https://skeb.jp/api/users/UXbD2AZ93g42071
2026-09-19 18:05:21 | INFO     | Saving at a/skeb/UXbD2AZ93g42071-4bd72d.json
2026-09-19 18:05:22 | INFO     | OK https://skeb.jp/api/users/TSFmimi
2026-09-19 18:05:22 | INFO     | Saving at a/skeb/TSFmimi-8bfe80.json
2026-09-19 18:05:23 | INFO     | OK https://skeb.jp/api/users/Oilver
2026-09-19 18:05:23 | INFO     | Saving at a/skeb/Oilver-c7f41e.json
2026-09-19 18:05:24 | INFO     | OK https://skeb.jp/api/users/omuwith0
2026-09-19 18:05:24 | INFO     | Saving at a/skeb/omuwith0-381d2f.json
2026-09-19 18:05:25 | INFO     | OK https://skeb.jp/api/users/Posk_ey
2026-09-19 18:05:25 | INFO     | Saving at a/skeb/Posk_ey-f6a4e2.json
2026-09-19 18:05:26 | INFO     | OK https://skeb.jp/api/users/hazakurachikori
2026-09-19 18:05:26 | INFO     | Saving at a/skeb/hazakurachikori-17aade.json
2026-09-19 18:05:27 | INFO     | OK https://skeb.jp/api/users/Amz20200415
2026-09-19 18:05:27 | INFO     | Saving at a/skeb/Amz20200415-d240d3.json
2026-09-19 18:05:28 | INFO     | OK https://skeb.jp/api/users/mnjs48465423
2026-09-19 18:05:28 | INFO     | Saving at a/skeb/mnjs48465423-57436b.json
2026-09-19 18:05:29 | INFO     | OK https://skeb.jp/api/users/esuyaaa12
2026-09-19 18:05:29 | INFO     | Saving at a/skeb/esuyaaa12-7da5f8.json
2026-09-19 18:05:30 | INFO     | OK https://skeb.jp/api/users/Sch15_
2026-09-19 18:05:30 | INFO     | Saving at a/skeb/Sch15_-683672.json
2026-09-19 18:05:31 | INFO     | OK https://skeb.jp/api/users/sumidolce
2026-09-19 18:05:31 | INFO     | Saving at a/skeb/sumidolce-a9a213.json
2026-09-19 18:05:32 | INFO     | OK https://skeb.jp/api/users/takanotds
2026-09-19 18:05:32 | INFO     | Saving at a/skeb/takanotds-2e3f6d.json
2026-09-19 18:05:33 | INFO     | OK https://skeb.jp/api/users/mono_tomeoO
2026-09-19 18:05:33 | INFO     | Saving at a/skeb/mono_tomeoO-0c97b3.json
2026-09-19 18:05:34 | INFO     | OK https://skeb.jp/api/users/KNT_lehmaiozly
2026-09-19 18:05:34 | INFO     | Saving at a/skeb/KNT_lehmaiozly-48664d.json
2026-09-19 18:05:35 | INFO     | OK https://skeb.jp/api/users/shirorei0419
2026-09-19 18:05:35 | INFO     | Saving at a/skeb/shirorei0419-5a5f09.json
2026-09-19 18:05:36 | INFO     | OK https://skeb.jp/api/users/B_nkbys
2026-09-19 18:05:36 | INFO     | Saving at a/skeb/B_nkbys-07fb94.json
2026-09-19 18:05:37 | INFO     | OK https://skeb.jp/api/users/pendoraaaa1
2026-09-19 18:05:37 | INFO     | Saving at a/skeb/pendoraaaa1-e3892b.json
2026-09-19 18:05:38 | INFO     | OK https://skeb.jp/api/users/U2xOz
2026-09-19 18:05:38 | INFO     | Saving at a/skeb/U2xOz-13998f.json
2026-09-19 18:05:39 | INFO     | OK https://skeb.jp/api/users/38_____miya
2026-09-19 18:05:39 | INFO     | Saving at a/skeb/38_____miya-b1ec42.json
2026-09-19 18:05:40 | INFO     | OK https://skeb.jp/api/users/usui_togu_1228
2026-09-19 18:05:40 | INFO     | Saving at a/skeb/usui_togu_1228-32a405.json
2026-09-19 18:05:41 | INFO     | OK https://skeb.jp/api/users/yukiminoideyu
2026-09-19 18:05:41 | INFO     | Saving at a/skeb/yukiminoideyu-6ff932.json
2026-09-19 18:05:42 | INFO     | OK https://skeb.jp/api/users/niboshidrip
2026-09-19 18:05:42 | INFO     | Saving at a/skeb/niboshidrip-820447.json
2026-09-19 18:05:43 | INFO     | OK https://skeb.jp/api/users/meiro_illustrator
2026-09-19 18:05:43 | INFO     | Saving at a/skeb/meiro_illustrator-a043b8.json
2026-09-19 18:05:44 | INFO     | OK https://skeb.jp/api/users/VKbAXbj3kQ
2026-09-19 18:05:44 | INFO     | Saving at a/skeb/VKbAXbj3kQ-98c3ec.json
2026-09-19 18:05:45 | INFO     | OK https://skeb.jp/api/users/So0_Jiro
2026-09-19 18:05:45 | INFO     | Saving at a/skeb/So0_Jiro-9d655c.json
2026-09-19 18:05:46 | INFO     | OK https://skeb.jp/api/users/cu_uv_
2026-09-19 18:05:46 | INFO     | Saving at a/skeb/cu_uv_-daee51.json
2026-09-19 18:05:47 | INFO     | OK https://skeb.jp/api/users/chiiiiii1129
2026-09-19 18:05:47 | INFO     | Saving at a/skeb/chiiiiii1129-0020f0.json
2026-09-19 18:05:48 | INFO     | OK https://skeb.jp/api/users/New_Daien418
2026-09-19 18:05:48 | INFO     | Saving at a/skeb/New_Daien418-e6dddc.json
2026-09-19 18:05:49 | INFO     | OK https://skeb.jp/api/users/imachi_duki
2026-09-19 18:05:49 | INFO     | Saving at a/skeb/imachi_duki-ac84f3.json
2026-09-19 18:05:50 | INFO     | OK https://skeb.jp/api/users/xhz45
2026-09-19 18:05:50 | INFO     | Saving at a/skeb/xhz45-f914cf.json
2026-09-19 18:05:51 | INFO     | OK https://skeb.jp/api/users/ez_sne
2026-09-19 18:05:51 | INFO     | Saving at a/skeb/ez_sne-a405e6.json
2026-09-19 18:05:52 | INFO     | OK https://skeb.jp/api/users/saito_shiorii
2026-09-19 18:05:52 | INFO     | Saving at a/skeb/saito_shiorii-d456ee.json
2026-09-19 18:05:53 | INFO     | OK https://skeb.jp/api/users/horosuke_
2026-09-19 18:05:53 | INFO     | Saving at a/skeb/horosuke_-6f310c.json
2026-09-19 18:05:54 | INFO     | OK https://skeb.jp/api/users/utiu_kazuma
2026-09-19 18:05:54 | INFO     | Saving at a/skeb/utiu_kazuma-0dd9c6.json
2026-09-19 18:05:55 | INFO     | OK https://skeb.jp/api/users/ViDE__X
2026-09-19 18:05:55 | INFO     | Saving at a/skeb/ViDE__X-4b4a75.json
2026-09-19 18:05:56 | INFO     | OK https://skeb.jp/api/users/ranse237
2026-09-19 18:05:56 | INFO     | Saving at a/skeb/ranse237-372dc5.json
2026-09-19 18:05:57 | INFO     | OK https://skeb.jp/api/users/botta_kuri_
2026-09-19 18:05:57 | INFO     | Saving at a/skeb/botta_kuri_-539e30.json
2026-09-19 18:05:58 | INFO     | OK https://skeb.jp/api/users/Rayla_illust
2026-09-19 18:05:58 | INFO     | Saving at a/skeb/Rayla_illust-0aac18.json
2026-09-19 18:05:59 | INFO     | OK https://skeb.jp/api/users/Kittatsu_toku
2026-09-19 18:05:59 | INFO     | Saving at a/skeb/Kittatsu_toku-60629a.json
2026-09-19 18:06:00 | INFO     | OK https://skeb.jp/api/users/461Alfred
2026-09-19 18:06:00 | INFO     | Saving at a/skeb/461Alfred-392f1e.json
2026-09-19 18:06:01 | INFO     | OK https://skeb.jp/api/users/ROHA_KMKS
2026-09-19 18:06:01 | INFO     | Saving at a/skeb/ROHA_KMKS-4b585d.json
2026-09-19 18:06:02 | INFO     | OK https://skeb.jp/api/users/kurimalu
2026-09-19 18:06:02 | INFO     | Saving at a/skeb/kurimalu-f94744.json
2026-09-19 18:06:03 | INFO     | OK https://skeb.jp/api/users/chi_bakun_12
2026-09-19 18:06:03 | INFO     | Saving at a/skeb/chi_bakun_12-3dd7e2.json
2026-09-19 18:06:04 | INFO     | OK https://skeb.jp/api/users/embPkpaCVB51366
2026-09-19 18:06:04 | INFO     | Saving at a/skeb/embPkpaCVB51366-80a646.json
2026-09-19 18:06:05 | INFO     | OK https://skeb.jp/api/users/mitorin
2026-09-19 18:06:05 | INFO     | Saving at a/skeb/mitorin-b670eb.json
2026-09-19 18:06:06 | INFO     | OK https://skeb.jp/api/users/futamaru00_2nd
2026-09-19 18:06:06 | INFO     | Saving at a/skeb/futamaru00_2nd-97f5fe.json
2026-09-19 18:06:07 | INFO     | OK https://skeb.jp/api/users/hekiga_
2026-09-19 18:06:07 | INFO     | Saving at a/skeb/hekiga_-7e944c.json
2026-09-19 18:06:08 | INFO     | OK https://skeb.jp/api/users/Minimanimo
2026-09-19 18:06:08 | INFO     | Saving at a/skeb/Minimanimo-d93354.json
2026-09-19 18:06:09 | INFO     | OK https://skeb.jp/api/users/000000yoko
2026-09-19 18:06:09 | INFO     | Saving at a/skeb/000000yoko-7c4f49.json
2026-09-19 18:06:10 | INFO     | OK https://skeb.jp/api/users/toufu0301
2026-09-19 18:06:10 | INFO     | Saving at a/skeb/toufu0301-d9ea1b.json
2026-09-19 18:06:11 | INFO     | OK https://skeb.jp/api/users/chronoi_art
2026-09-19 18:06:11 | INFO     | Saving at a/skeb/chronoi_art-a20c21.json
2026-09-19 18:06:12 | INFO     | OK https://skeb.jp/api/users/bawad__
2026-09-19 18:06:12 | INFO     | Saving at a/skeb/bawad__-5b89be.json
2026-09-19 18:06:13 | INFO     | OK https://skeb.jp/api/users/iRtLfBAxdr
2026-09-19 18:06:13 | INFO     | Saving at a/skeb/iRtLfBAxdr-41d871.json
2026-09-19 18:06:14 | INFO     | OK https://skeb.jp/api/users/mocanooo
2026-09-19 18:06:14 | INFO     | Saving at a/skeb/mocanooo-266c2c.json
2026-09-19 18:06:15 | INFO     | OK https://skeb.jp/api/users/sadahkuma
2026-09-19 18:06:15 | INFO     | Saving at a/skeb/sadahkuma-cd6666.json
2026-09-19 18:06:16 | INFO     | OK https://skeb.jp/api/users/___p___o___
2026-09-19 18:06:16 | INFO     | Saving at a/skeb/___p___o___-a91d9e.json
2026-09-19 18:06:17 | INFO     | OK https://skeb.jp/api/users/k2n10_
2026-09-19 18:06:17 | INFO     | Saving at a/skeb/k2n10_-0facdf.json
2026-09-19 18:06:18 | INFO     | OK https://skeb.jp/api/users/u34253
2026-09-19 18:06:18 | INFO     | Saving at a/skeb/u34253-9ba8b1.json
2026-09-19 18:06:19 | INFO     | OK https://skeb.jp/api/users/hisahikoT
2026-09-19 18:06:19 | INFO     | Saving at a/skeb/hisahikoT-31cfa8.json
2026-09-19 18:06:20 | INFO     | OK https://skeb.jp/api/users/yuki780145
2026-09-19 18:06:20 | INFO     | Saving at a/skeb/yuki780145-b67ca4.json
2026-09-19 18:06:21 | INFO     | OK https://skeb.jp/api/users/moon_canning_
2026-09-19 18:06:21 | INFO     | Saving at a/skeb/moon_canning_-0a2197.json
2026-09-19 18:06:22 | INFO     | OK https://skeb.jp/api/users/cjhmltfjxat13
2026-09-19 18:06:22 | INFO     | Saving at a/skeb/cjhmltfjxat13-c37a3c.json
2026-09-19 18:06:23 | INFO     | OK https://skeb.jp/api/users/msms_mmm_x
2026-09-19 18:06:23 | INFO     | Saving at a/skeb/msms_mmm_x-b7933d.json
2026-09-19 18:06:24 | INFO     | OK https://skeb.jp/api/users/blackse
2026-09-19 18:06:24 | INFO     | Saving at a/skeb/blackse-2da441.json
2026-09-19 18:06:25 | INFO     | OK https://skeb.jp/api/users/misoni_puri
2026-09-19 18:06:25 | INFO     | Saving at a/skeb/misoni_puri-278b99.json
2026-09-19 18:06:26 | INFO     | OK https://skeb.jp/api/users/KOKONA_74
2026-09-19 18:06:26 | INFO     | Saving at a/skeb/KOKONA_74-e95089.json
2026-09-19 18:06:27 | INFO     | OK https://skeb.jp/api/users/umhn__TRPG
2026-09-19 18:06:27 | INFO     | Saving at a/skeb/umhn__TRPG-819779.json
2026-09-19 18:06:28 | INFO     | OK https://skeb.jp/api/users/cstyrus
2026-09-19 18:06:28 | INFO     | Saving at a/skeb/cstyrus-ab8830.json
2026-09-19 18:06:29 | INFO     | OK https://skeb.jp/api/users/u7YrFeDrjpe1CVB
2026-09-19 18:06:29 | INFO     | Saving at a/skeb/u7YrFeDrjpe1CVB-cebfd6.json
2026-09-19 18:06:30 | INFO     | OK https://skeb.jp/api/users/Ku_03_g
2026-09-19 18:06:30 | INFO     | Saving at a/skeb/Ku_03_g-69fd25.json
2026-09-19 18:06:31 | INFO     | OK https://skeb.jp/api/users/shirasu_ocean
2026-09-19 18:06:31 | INFO     | Saving at a/skeb/shirasu_ocean-27a8e0.json
2026-09-19 18:06:32 | INFO     | OK https://skeb.jp/api/users/erukuron
2026-09-19 18:06:32 | INFO     | Saving at a/skeb/erukuron-f75c04.json
2026-09-19 18:06:33 | INFO     | OK https://skeb.jp/api/users/y5UoElXL7RczHPS
2026-09-19 18:06:33 | INFO     | Saving at a/skeb/y5UoElXL7RczHPS-8b2e46.json
2026-09-19 18:06:34 | INFO     | OK https://skeb.jp/api/users/choko_ki
2026-09-19 18:06:34 | INFO     | Saving at a/skeb/choko_ki-75c81e.json
2026-09-19 18:06:35 | INFO     | OK https://skeb.jp/api/users/baihu_yi
2026-09-19 18:06:35 | INFO     | Saving at a/skeb/baihu_yi-4adcb3.json
2026-09-19 18:06:36 | INFO     | OK https://skeb.jp/api/users/oruka0827
2026-09-19 18:06:36 | INFO     | Saving at a/skeb/oruka0827-6bddb4.json
2026-09-19 18:06:37 | INFO     | OK https://skeb.jp/api/users/ankaketomato
2026-09-19 18:06:37 | INFO     | Saving at a/skeb/ankaketomato-7b924c.json
2026-09-19 18:06:38 | INFO     | OK https://skeb.jp/api/users/yueyuepon
2026-09-19 18:06:38 | INFO     | Saving at a/skeb/yueyuepon-3f4a51.json
2026-09-19 18:06:39 | INFO     | OK https://skeb.jp/api/users/hurikake_sub
2026-09-19 18:06:39 | INFO     | Saving at a/skeb/hurikake_sub-abb1f6.json
2026-09-19 18:06:40 | INFO     | OK https://skeb.jp/api/users/momizinandesuyo
2026-09-19 18:06:40 | INFO     | Saving at a/skeb/momizinandesuyo-11aadc.json
2026-09-19 18:06:41 | INFO     | OK https://skeb.jp/api/users/FTRGPzWest2250
2026-09-19 18:06:41 | INFO     | Saving at a/skeb/FTRGPzWest2250-f5afef.json
2026-09-19 18:06:42 | INFO     | OK https://skeb.jp/api/users/Kibi_Fukase
2026-09-19 18:06:42 | INFO     | Saving at a/skeb/Kibi_Fukase-403465.json
2026-09-19 18:06:43 | INFO     | OK https://skeb.jp/api/users/GMg0l
2026-09-19 18:06:43 | INFO     | Saving at a/skeb/GMg0l-ae23a8.json
2026-09-19 18:06:44 | INFO     | OK https://skeb.jp/api/users/1010haka
2026-09-19 18:06:44 | INFO     | Saving at a/skeb/1010haka-25b27c.json
2026-09-19 18:06:45 | INFO     | OK https://skeb.jp/api/users/myluche
2026-09-19 18:06:45 | INFO     | Saving at a/skeb/myluche-0e3670.json
2026-09-19 18:06:46 | INFO     | OK https://skeb.jp/api/users/charon_kn
2026-09-19 18:06:46 | INFO     | Saving at a/skeb/charon_kn-54e963.json
2026-09-19 18:06:47 | INFO     | OK https://skeb.jp/api/users/ALVemt_76
2026-09-19 18:06:47 | INFO     | Saving at a/skeb/ALVemt_76-1811fd.json
2026-09-19 18:06:48 | INFO     | OK https://skeb.jp/api/users/defanilimmmm
2026-09-19 18:06:48 | INFO     | Saving at a/skeb/defanilimmmm-f69256.json
2026-09-19 18:06:49 | INFO     | OK https://skeb.jp/api/users/Sbv3Jq
2026-09-19 18:06:49 | INFO     | Saving at a/skeb/Sbv3Jq-d8e118.json
2026-09-19 18:06:50 | INFO     | OK https://skeb.jp/api/users/Nanase___521
2026-09-19 18:06:50 | INFO     | Saving at a/skeb/Nanase___521-9dab19.json
2026-09-19 18:06:51 | INFO     | OK https://skeb.jp/api/users/jiyu_zp
2026-09-19 18:06:51 | INFO     | Saving at a/skeb/jiyu_zp-fbdb9d.json
2026-09-19 18:06:52 | INFO     | OK https://skeb.jp/api/users/koki08186863
2026-09-19 18:06:52 | INFO     | Saving at a/skeb/koki08186863-728ac8.json
2026-09-19 18:06:53 | INFO     | OK https://skeb.jp/api/users/kuzuyu0o0
2026-09-19 18:06:53 | INFO     | Saving at a/skeb/kuzuyu0o0-311c30.json
2026-09-19 18:06:54 | INFO     | OK https://skeb.jp/api/users/Mitaka_712
2026-09-19 18:06:54 | INFO     | Saving at a/skeb/Mitaka_712-0dbd6a.json
2026-09-19 18:06:55 | INFO     | OK https://skeb.jp/api/users/Fuyu_2320
2026-09-19 18:06:55 | INFO     | Saving at a/skeb/Fuyu_2320-d6e709.json
2026-09-19 18:06:56 | INFO     | OK https://skeb.jp/api/users/Nymph_Rhythm
2026-09-19 18:06:56 | INFO     | Saving at a/skeb/Nymph_Rhythm-fc10cb.json
2026-09-19 18:06:57 | INFO     | OK https://skeb.jp/api/users/Smdmspr_dr
2026-09-19 18:06:57 | INFO     | Saving at a/skeb/Smdmspr_dr-0a8f94.json
2026-09-19 18:06:58 | INFO     | OK https://skeb.jp/api/users/Lunax1a
2026-09-19 18:06:58 | INFO     | Saving at a/skeb/Lunax1a-b4cac1.json
2026-09-19 18:06:59 | INFO     | OK https://skeb.jp/api/users/AskaTakuya
2026-09-19 18:06:59 | INFO     | Saving at a/skeb/AskaTakuya-634e39.json
2026-09-19 18:07:00 | INFO     | OK https://skeb.jp/api/users/Makoppechino
2026-09-19 18:07:00 | INFO     | Saving at a/skeb/Makoppechino-29e3dc.json
2026-09-19 18:07:01 | INFO     | OK https://skeb.jp/api/users/wonderworldwood
2026-09-19 18:07:01 | INFO     | Saving at a/skeb/wonderworldwood-fd0101.json
2026-09-19 18:07:02 | INFO     | OK https://skeb.jp/api/users/SKZK123
2026-09-19 18:07:02 | INFO     | Saving at a/skeb/SKZK123-64bfa2.json
2026-09-19 18:07:03 | INFO     | OK https://skeb.jp/api/users/11amano11
2026-09-19 18:07:03 | INFO     | Saving at a/skeb/11amano11-27e189.json
2026-09-19 18:07:04 | INFO     | OK https://skeb.jp/api/users/huwari_12345
2026-09-19 18:07:04 | INFO     | Saving at a/skeb/huwari_12345-b61894.json
2026-09-19 18:07:05 | INFO     | OK https://skeb.jp/api/users/Medjed_san3
2026-09-19 18:07:05 | INFO     | Saving at a/skeb/Medjed_san3-cfc5b0.json
2026-09-19 18:07:06 | INFO     | OK https://skeb.jp/api/users/Dr_Yamero
2026-09-19 18:07:06 | INFO     | Saving at a/skeb/Dr_Yamero-0e6672.json
2026-09-19 18:07:07 | INFO     | OK https://skeb.jp/api/users/babyoju
2026-09-19 18:07:07 | INFO     | Saving at a/skeb/babyoju-58c82c.json
2026-09-19 18:07:08 | INFO     | OK https://skeb.jp/api/users/NtyaO2
2026-09-19 18:07:08 | INFO     | Saving at a/skeb/NtyaO2-214ca4.json
2026-09-19 18:07:09 | INFO     | OK https://skeb.jp/api/users/870hanamanten
2026-09-19 18:07:09 | INFO     | Saving at a/skeb/870hanamanten-738cee.json
2026-09-19 18:07:10 | INFO     | OK https://skeb.jp/api/users/gohan_oisi_ne
2026-09-19 18:07:10 | INFO     | Saving at a/skeb/gohan_oisi_ne-b29f58.json
2026-09-19 18:07:11 | INFO     | OK https://skeb.jp/api/users/minagiwave
2026-09-19 18:07:11 | INFO     | Saving at a/skeb/minagiwave-551554.json
2026-09-19 18:07:12 | INFO     | OK https://skeb.jp/api/users/magutani2
2026-09-19 18:07:12 | INFO     | Saving at a/skeb/magutani2-a3050d.json
2026-09-19 18:07:13 | INFO     | OK https://skeb.jp/api/users/wZl0hTwelG
2026-09-19 18:07:13 | INFO     | Saving at a/skeb/wZl0hTwelG-51dfa7.json
2026-09-19 18:07:14 | INFO     | OK https://skeb.jp/api/users/yaei_
2026-09-19 18:07:14 | INFO     | Saving at a/skeb/yaei_-e15c76.json
2026-09-19 18:07:15 | INFO     | OK https://skeb.jp/api/users/putitoma96
2026-09-19 18:07:15 | INFO     | Saving at a/skeb/putitoma96-2db5a4.json
2026-09-19 18:07:16 | INFO     | OK https://skeb.jp/api/users/hue_nanairo
2026-09-19 18:07:16 | INFO     | Saving at a/skeb/hue_nanairo-452316.json
2026-09-19 18:07:17 | INFO     | OK https://skeb.jp/api/users/moshikashiteaaa
2026-09-19 18:07:17 | INFO     | Saving at a/skeb/moshikashiteaaa-afbe56.json
2026-09-19 18:07:18 | INFO     | OK https://skeb.jp/api/users/_k256
2026-09-19 18:07:18 | INFO     | Saving at a/skeb/_k256-feff48.json
2026-09-19 18:07:19 | INFO     | OK https://skeb.jp/api/users/8_31x103
2026-09-19 18:07:19 | INFO     | Saving at a/skeb/8_31x103-812741.json
2026-09-19 18:07:20 | INFO     | OK https://skeb.jp/api/users/ruriekaku
2026-09-19 18:07:20 | INFO     | Saving at a/skeb/ruriekaku-71492d.json
2026-09-19 18:07:21 | INFO     | OK https://skeb.jp/api/users/nat_latework
2026-09-19 18:07:21 | INFO     | Saving at a/skeb/nat_latework-e13777.json
2026-09-19 18:07:22 | INFO     | OK https://skeb.jp/api/users/lateralpocket_fue
2026-09-19 18:07:22 | INFO     | Saving at a/skeb/lateralpocket_fue-92b51c.json
2026-09-19 18:07:23 | INFO     | OK https://skeb.jp/api/users/shime_neko
2026-09-19 18:07:23 | INFO     | Saving at a/skeb/shime_neko-f69a9b.json
2026-09-19 18:07:24 | INFO     | OK https://skeb.jp/api/users/1i8ht_13
2026-09-19 18:07:24 | INFO     | Saving at a/skeb/1i8ht_13-1d26ec.json
2026-09-19 18:07:25 | INFO     | OK https://skeb.jp/api/users/v_u0xt
2026-09-19 18:07:25 | INFO     | Saving at a/skeb/v_u0xt-a9b516.json
2026-09-19 18:07:26 | INFO     | OK https://skeb.jp/api/users/yo_mi_chi000
2026-09-19 18:07:26 | INFO     | Saving at a/skeb/yo_mi_chi000-a7399e.json
2026-09-19 18:07:27 | INFO     | OK https://skeb.jp/api/users/untokomaru
2026-09-19 18:07:27 | INFO     | Saving at a/skeb/untokomaru-dde6fb.json
2026-09-19 18:07:28 | INFO     | OK https://skeb.jp/api/users/nocchan_chicchi
2026-09-19 18:07:28 | INFO     | Saving at a/skeb/nocchan_chicchi-0d2d3e.json
2026-09-19 18:07:29 | INFO     | OK https://skeb.jp/api/users/nikuniku_029o
2026-09-19 18:07:29 | INFO     | Saving at a/skeb/nikuniku_029o-c07c43.json
2026-09-19 18:07:30 | INFO     | OK https://skeb.jp/api/users/arime_h_sub
2026-09-19 18:07:30 | INFO     | Saving at a/skeb/arime_h_sub-23893b.json
2026-09-19 18:07:31 | INFO     | OK https://skeb.jp/api/users/UTA200354
2026-09-19 18:07:31 | INFO     | Saving at a/skeb/UTA200354-23973c.json
2026-09-19 18:07:32 | INFO     | OK https://skeb.jp/api/users/jasminesuki_tea
2026-09-19 18:07:32 | INFO     | Saving at a/skeb/jasminesuki_tea-c441dd.json
2026-09-19 18:07:33 | INFO     | OK https://skeb.jp/api/users/subtle_dawn
2026-09-19 18:07:33 | INFO     | Saving at a/skeb/subtle_dawn-909b55.json
2026-09-19 18:07:34 | INFO     | OK https://skeb.jp/api/users/sousaku_t00
2026-09-19 18:07:34 | INFO     | Saving at a/skeb/sousaku_t00-6a957c.json
2026-09-19 18:07:35 | INFO     | OK https://skeb.jp/api/users/dokomilk
2026-09-19 18:07:35 | INFO     | Saving at a/skeb/dokomilk-67d6f5.json
2026-09-19 18:07:36 | INFO     | OK https://skeb.jp/api/users/timotimo451
2026-09-19 18:07:36 | INFO     | Saving at a/skeb/timotimo451-b8e4e6.json
2026-09-19 18:07:37 | INFO     | OK https://skeb.jp/api/users/amabierakutomini
2026-09-19 18:07:37 | INFO     | Saving at a/skeb/amabierakutomini-cd4b1c.json
2026-09-19 18:07:38 | INFO     | OK https://skeb.jp/api/users/co_ma41
2026-09-19 18:07:38 | INFO     | Saving at a/skeb/co_ma41-79952f.json
2026-09-19 18:07:39 | INFO     | OK https://skeb.jp/api/users/kobassy_art
2026-09-19 18:07:39 | INFO     | Saving at a/skeb/kobassy_art-8e9fb3.json
2026-09-19 18:07:40 | INFO     | OK https://skeb.jp/api/users/unimi96
2026-09-19 18:07:40 | INFO     | Saving at a/skeb/unimi96-3b93ea.json
2026-09-19 18:07:41 | INFO     | OK https://skeb.jp/api/users/gyotaku15te
2026-09-19 18:07:41 | INFO     | Saving at a/skeb/gyotaku15te-62ecb7.json
2026-09-19 18:07:42 | INFO     | OK https://skeb.jp/api/users/genki3TuT
2026-09-19 18:07:42 | INFO     | Saving at a/skeb/genki3TuT-70e5d9.json
2026-09-19 18:07:43 | INFO     | OK https://skeb.jp/api/users/yuyu_kiro
2026-09-19 18:07:43 | INFO     | Saving at a/skeb/yuyu_kiro-594579.json
2026-09-19 18:07:44 | INFO     | OK https://skeb.jp/api/users/mon_8796
2026-09-19 18:07:44 | INFO     | Saving at a/skeb/mon_8796-6eee1b.json
2026-09-19 18:07:45 | INFO     | OK https://skeb.jp/api/users/nea_mu0
2026-09-19 18:07:45 | INFO     | Saving at a/skeb/nea_mu0-3d222e.json
2026-09-19 18:07:46 | INFO     | OK https://skeb.jp/api/users/9696qbqb
2026-09-19 18:07:46 | INFO     | Saving at a/skeb/9696qbqb-78667f.json
2026-09-19 18:07:47 | INFO     | OK https://skeb.jp/api/users/SaN1111_
2026-09-19 18:07:47 | INFO     | Saving at a/skeb/SaN1111_-7ed204.json
2026-09-19 18:07:48 | INFO     | OK https://skeb.jp/api/users/trnoao
2026-09-19 18:07:48 | INFO     | Saving at a/skeb/trnoao-8a08ac.json
2026-09-19 18:07:49 | INFO     | OK https://skeb.jp/api/users/inemuri_chika
2026-09-19 18:07:49 | INFO     | Saving at a/skeb/inemuri_chika-78cf0e.json
2026-09-19 18:07:50 | INFO     | OK https://skeb.jp/api/users/saijyoji5th
2026-09-19 18:07:50 | INFO     | Saving at a/skeb/saijyoji5th-801705.json
2026-09-19 18:07:51 | INFO     | OK https://skeb.jp/api/users/PrapPiii
2026-09-19 18:07:51 | INFO     | Saving at a/skeb/PrapPiii-ceb4c3.json
2026-09-19 18:07:52 | INFO     | OK https://skeb.jp/api/users/Kurusaki_K
2026-09-19 18:07:52 | INFO     | Saving at a/skeb/Kurusaki_K-ac078c.json
2026-09-19 18:07:53 | INFO     | OK https://skeb.jp/api/users/S_amame
2026-09-19 18:07:53 | INFO     | Saving at a/skeb/S_amame-0ad08b.json
2026-09-19 18:07:54 | INFO     | OK https://skeb.jp/api/users/tatata_n3b7
2026-09-19 18:07:54 | INFO     | Saving at a/skeb/tatata_n3b7-59156f.json
2026-09-19 18:07:55 | INFO     | OK https://skeb.jp/api/users/chimi_deformed
2026-09-19 18:07:55 | INFO     | Saving at a/skeb/chimi_deformed-02aa97.json
2026-09-19 18:07:56 | INFO     | OK https://skeb.jp/api/users/ketoponpon
2026-09-19 18:07:56 | INFO     | Saving at a/skeb/ketoponpon-5ed103.json
2026-09-19 18:07:57 | INFO     | OK https://skeb.jp/api/users/zeroJo
2026-09-19 18:07:57 | INFO     | Saving at a/skeb/zeroJo-ea7bc4.json
2026-09-19 18:07:58 | INFO     | OK https://skeb.jp/api/users/cougar1404
2026-09-19 18:07:58 | INFO     | Saving at a/skeb/cougar1404-307f00.json
2026-09-19 18:07:59 | INFO     | OK https://skeb.jp/api/users/LP_himazin
2026-09-19 18:07:59 | INFO     | Saving at a/skeb/LP_himazin-b2ea2e.json
2026-09-19 18:08:00 | INFO     | OK https://skeb.jp/api/users/ktk25
2026-09-19 18:08:00 | INFO     | Saving at a/skeb/ktk25-5ac50a.json
2026-09-19 18:08:01 | INFO     | OK https://skeb.jp/api/users/vwzrfj
2026-09-19 18:08:01 | INFO     | Saving at a/skeb/vwzrfj-112171.json
2026-09-19 18:08:02 | INFO     | OK https://skeb.jp/api/users/nuukadoo
2026-09-19 18:08:02 | INFO     | Saving at a/skeb/nuukadoo-3f35b6.json
2026-09-19 18:08:03 | INFO     | OK https://skeb.jp/api/users/hacco_mayu
2026-09-19 18:08:03 | INFO     | Saving at a/skeb/hacco_mayu-4e0ef5.json
2026-09-19 18:08:04 | INFO     | OK https://skeb.jp/api/users/Yotubanako
2026-09-19 18:08:04 | INFO     | Saving at a/skeb/Yotubanako-dbefc6.json
2026-09-19 18:08:05 | INFO     | OK https://skeb.jp/api/users/NekoDama
2026-09-19 18:08:05 | INFO     | Saving at a/skeb/NekoDama-12d387.json
2026-09-19 18:08:06 | INFO     | OK https://skeb.jp/api/users/akisawayusiR18
2026-09-19 18:08:06 | INFO     | Saving at a/skeb/akisawayusiR18-fa8ecb.json
2026-09-19 18:08:07 | INFO     | OK https://skeb.jp/api/users/fco2__19
2026-09-19 18:08:07 | INFO     | Saving at a/skeb/fco2__19-f75e06.json
2026-09-19 18:08:08 | INFO     | OK https://skeb.jp/api/users/bearShin_20
2026-09-19 18:08:08 | INFO     | Saving at a/skeb/bearShin_20-e054bb.json
2026-09-19 18:08:09 | INFO     | OK https://skeb.jp/api/users/hiiragisensei
2026-09-19 18:08:09 | INFO     | Saving at a/skeb/hiiragisensei-b6f7a7.json
2026-09-19 18:08:10 | INFO     | OK https://skeb.jp/api/users/uemen_mgu
2026-09-19 18:08:10 | INFO     | Saving at a/skeb/uemen_mgu-788a1b.json
2026-09-19 18:08:11 | INFO     | OK https://skeb.jp/api/users/Ritachantic
2026-09-19 18:08:11 | INFO     | Saving at a/skeb/Ritachantic-e5aa65.json
2026-09-19 18:08:12 | INFO     | OK https://skeb.jp/api/users/moetora
2026-09-19 18:08:12 | INFO     | Saving at a/skeb/moetora-8a1176.json
2026-09-19 18:08:13 | INFO     | OK https://skeb.jp/api/users/ghost_ra_re
2026-09-19 18:08:13 | INFO     | Saving at a/skeb/ghost_ra_re-7f90e9.json
2026-09-19 18:08:14 | INFO     | OK https://skeb.jp/api/users/teruterusisyaku
2026-09-19 18:08:14 | INFO     | Saving at a/skeb/teruterusisyaku-4d1eff.json
2026-09-19 18:08:15 | INFO     | OK https://skeb.jp/api/users/4shibashiba8
2026-09-19 18:08:15 | INFO     | Saving at a/skeb/4shibashiba8-6f44e6.json
2026-09-19 18:08:16 | INFO     | OK https://skeb.jp/api/users/edoara
2026-09-19 18:08:16 | INFO     | Saving at a/skeb/edoara-ee9919.json
2026-09-19 18:08:17 | INFO     | OK https://skeb.jp/api/users/iridescent_dog
2026-09-19 18:08:17 | INFO     | Saving at a/skeb/iridescent_dog-221524.json
2026-09-19 18:08:18 | INFO     | OK https://skeb.jp/api/users/inu_masho
2026-09-19 18:08:18 | INFO     | Saving at a/skeb/inu_masho-199831.json
2026-09-19 18:08:19 | INFO     | OK https://skeb.jp/api/users/hn_yory
2026-09-19 18:08:19 | INFO     | Saving at a/skeb/hn_yory-f57a2f.json
2026-09-19 18:08:20 | INFO     | OK https://skeb.jp/api/users/ringo_Zerry_6
2026-09-19 18:08:20 | INFO     | Saving at a/skeb/ringo_Zerry_6-1bb5b7.json
2026-09-19 18:08:21 | INFO     | OK https://skeb.jp/api/users/inunoodorigui
2026-09-19 18:08:21 | INFO     | Saving at a/skeb/inunoodorigui-f9d93e.json
2026-09-19 18:08:22 | INFO     | OK https://skeb.jp/api/users/fura3__
2026-09-19 18:08:22 | INFO     | Saving at a/skeb/fura3__-c8aa48.json
2026-09-19 18:08:23 | INFO     | OK https://skeb.jp/api/users/sa_ppo
2026-09-19 18:08:23 | INFO     | Saving at a/skeb/sa_ppo-d806c1.json
2026-09-19 18:08:24 | INFO     | OK https://skeb.jp/api/users/shirotake
2026-09-19 18:08:24 | INFO     | Saving at a/skeb/shirotake-a1e07e.json
2026-09-19 18:08:25 | INFO     | OK https://skeb.jp/api/users/ui1059
2026-09-19 18:08:25 | INFO     | Saving at a/skeb/ui1059-12e597.json
2026-09-19 18:08:26 | INFO     | OK https://skeb.jp/api/users/magmayuuda
2026-09-19 18:08:26 | INFO     | Saving at a/skeb/magmayuuda-7a8b49.json
2026-09-19 18:08:27 | INFO     | OK https://skeb.jp/api/users/amatuka_hitomi
2026-09-19 18:08:27 | INFO     | Saving at a/skeb/amatuka_hitomi-c57677.json
2026-09-19 18:08:28 | INFO     | OK https://skeb.jp/api/users/teshima2044
2026-09-19 18:08:28 | INFO     | Saving at a/skeb/teshima2044-9e853d.json
2026-09-19 18:08:29 | INFO     | OK https://skeb.jp/api/users/torou_alchemist
2026-09-19 18:08:29 | INFO     | Saving at a/skeb/torou_alchemist-79e92a.json
2026-09-19 18:08:30 | INFO     | OK https://skeb.jp/api/users/katahane3
2026-09-19 18:08:30 | INFO     | Saving at a/skeb/katahane3-36e7e5.json
2026-09-19 18:08:31 | INFO     | OK https://skeb.jp/api/users/suguru_szk
2026-09-19 18:08:31 | INFO     | Saving at a/skeb/suguru_szk-c9c4fb.json
2026-09-19 18:08:32 | INFO     | OK https://skeb.jp/api/users/rix7_ueda
2026-09-19 18:08:32 | INFO     | Saving at a/skeb/rix7_ueda-af7fc7.json
2026-09-19 18:08:33 | INFO     | OK https://skeb.jp/api/users/kimi2_3chiare
2026-09-19 18:08:33 | INFO     | Saving at a/skeb/kimi2_3chiare-584e9f.json
2026-09-19 18:08:34 | INFO     | OK https://skeb.jp/api/users/10hnj22zo
2026-09-19 18:08:34 | INFO     | Saving at a/skeb/10hnj22zo-633a2a.json
2026-09-19 18:08:35 | INFO     | OK https://skeb.jp/api/users/Galnoaniki
2026-09-19 18:08:35 | INFO     | Saving at a/skeb/Galnoaniki-0923f1.json
2026-09-19 18:08:36 | INFO     | OK https://skeb.jp/api/users/kendama_love
2026-09-19 18:08:36 | INFO     | Saving at a/skeb/kendama_love-f922ce.json
2026-09-19 18:08:37 | INFO     | OK https://skeb.jp/api/users/Komu_sub
2026-09-19 18:08:37 | INFO     | Saving at a/skeb/Komu_sub-2b54e1.json
2026-09-19 18:08:38 | INFO     | OK https://skeb.jp/api/users/Serenade_38
2026-09-19 18:08:38 | INFO     | Saving at a/skeb/Serenade_38-ab5271.json
2026-09-19 18:08:39 | INFO     | OK https://skeb.jp/api/users/aaaaate
2026-09-19 18:08:39 | INFO     | Saving at a/skeb/aaaaate-964aec.json
2026-09-19 18:08:40 | INFO     | OK https://skeb.jp/api/users/moimoi_sp
2026-09-19 18:08:40 | INFO     | Saving at a/skeb/moimoi_sp-a20228.json
2026-09-19 18:08:41 | INFO     | OK https://skeb.jp/api/users/Ron_Ron002
2026-09-19 18:08:41 | INFO     | Saving at a/skeb/Ron_Ron002-b2b3fe.json
2026-09-19 18:08:42 | INFO     | OK https://skeb.jp/api/users/makura8711
2026-09-19 18:08:42 | INFO     | Saving at a/skeb/makura8711-b2b05c.json
2026-09-19 18:08:43 | INFO     | OK https://skeb.jp/api/users/go_tya3
2026-09-19 18:08:43 | INFO     | Saving at a/skeb/go_tya3-ab63b7.json
2026-09-19 18:08:44 | INFO     | OK https://skeb.jp/api/users/hk45_x
2026-09-19 18:08:44 | INFO     | Saving at a/skeb/hk45_x-3101ef.json
2026-09-19 18:08:45 | INFO     | OK https://skeb.jp/api/users/youseishun
2026-09-19 18:08:45 | INFO     | Saving at a/skeb/youseishun-b8fccb.json
2026-09-19 18:08:46 | INFO     | OK https://skeb.jp/api/users/Natane
2026-09-19 18:08:46 | INFO     | Saving at a/skeb/Natane-a4afce.json
2026-09-19 18:08:47 | INFO     | OK https://skeb.jp/api/users/Mo_518_mO
2026-09-19 18:08:47 | INFO     | Saving at a/skeb/Mo_518_mO-895e4c.json
2026-09-19 18:08:48 | INFO     | OK https://skeb.jp/api/users/kou_pochifu
2026-09-19 18:08:48 | INFO     | Saving at a/skeb/kou_pochifu-3d37e9.json
2026-09-19 18:08:49 | INFO     | OK https://skeb.jp/api/users/KiryuKurou66096
2026-09-19 18:08:49 | INFO     | Saving at a/skeb/KiryuKurou66096-fe3d08.json
2026-09-19 18:08:50 | INFO     | OK https://skeb.jp/api/users/yako__kay
2026-09-19 18:08:50 | INFO     | Saving at a/skeb/yako__kay-377efd.json
2026-09-19 18:08:51 | INFO     | OK https://skeb.jp/api/users/kiron211
2026-09-19 18:08:51 | INFO     | Saving at a/skeb/kiron211-5b57b0.json
2026-09-19 18:08:52 | INFO     | OK https://skeb.jp/api/users/DHA_56
2026-09-19 18:08:52 | INFO     | Saving at a/skeb/DHA_56-6605ac.json
2026-09-19 18:08:53 | INFO     | OK https://skeb.jp/api/users/kuro77o
2026-09-19 18:08:53 | INFO     | Saving at a/skeb/kuro77o-896881.json
2026-09-19 18:08:54 | INFO     | OK https://skeb.jp/api/users/genkinineru
2026-09-19 18:08:54 | INFO     | Saving at a/skeb/genkinineru-1eaf4f.json
2026-09-19 18:08:55 | INFO     | OK https://skeb.jp/api/users/r_e_syasen66
2026-09-19 18:08:55 | INFO     | Saving at a/skeb/r_e_syasen66-167cef.json
2026-09-19 18:08:56 | INFO     | OK https://skeb.jp/api/users/budou_gumi
2026-09-19 18:08:56 | INFO     | Saving at a/skeb/budou_gumi-f3af7e.json
2026-09-19 18:08:57 | INFO     | OK https://skeb.jp/api/users/Chokotto_U
2026-09-19 18:08:57 | INFO     | Saving at a/skeb/Chokotto_U-d63c2f.json
2026-09-19 18:08:58 | INFO     | OK https://skeb.jp/api/users/SuperZ23333
2026-09-19 18:08:58 | INFO     | Saving at a/skeb/SuperZ23333-918280.json
2026-09-19 18:08:59 | INFO     | OK https://skeb.jp/api/users/nlnh40
2026-09-19 18:08:59 | INFO     | Saving at a/skeb/nlnh40-d70f01.json
2026-09-19 18:09:00 | INFO     | OK https://skeb.jp/api/users/kusonikumarukun
2026-09-19 18:09:00 | INFO     | Saving at a/skeb/kusonikumarukun-d16067.json
2026-09-19 18:09:01 | INFO     | OK https://skeb.jp/api/users/howa___4
2026-09-19 18:09:01 | INFO     | Saving at a/skeb/howa___4-4324a0.json
2026-09-19 18:09:02 | INFO     | OK https://skeb.jp/api/users/nekona257
2026-09-19 18:09:02 | INFO     | Saving at a/skeb/nekona257-e10f6b.json
2026-09-19 18:09:03 | INFO     | OK https://skeb.jp/api/users/uriuriuri_n
2026-09-19 18:09:03 | INFO     | Saving at a/skeb/uriuriuri_n-38e759.json
2026-09-19 18:09:04 | INFO     | OK https://skeb.jp/api/users/tripleq_did
2026-09-19 18:09:04 | INFO     | Saving at a/skeb/tripleq_did-9eec5e.json
2026-09-19 18:09:05 | INFO     | OK https://skeb.jp/api/users/ababa_aba12
2026-09-19 18:09:05 | INFO     | Saving at a/skeb/ababa_aba12-e2e94c.json
2026-09-19 18:09:06 | INFO     | OK https://skeb.jp/api/users/tsuraTRPG
2026-09-19 18:09:06 | INFO     | Saving at a/skeb/tsuraTRPG-6a69a6.json
2026-09-19 18:09:07 | INFO     | OK https://skeb.jp/api/users/hitomeborere
2026-09-19 18:09:07 | INFO     | Saving at a/skeb/hitomeborere-a66a44.json
2026-09-19 18:09:08 | INFO     | OK https://skeb.jp/api/users/fb_vkg
2026-09-19 18:09:08 | INFO     | Saving at a/skeb/fb_vkg-230a4d.json
2026-09-19 18:09:09 | INFO     | OK https://skeb.jp/api/users/RRARIKANTO
2026-09-19 18:09:09 | INFO     | Saving at a/skeb/RRARIKANTO-f8b57f.json
2026-09-19 18:09:10 | INFO     | OK https://skeb.jp/api/users/nmtk_fb
2026-09-19 18:09:10 | INFO     | Saving at a/skeb/nmtk_fb-1b59ec.json
2026-09-19 18:09:11 | INFO     | OK https://skeb.jp/api/users/go_e_0000
2026-09-19 18:09:11 | INFO     | Saving at a/skeb/go_e_0000-36d826.json
2026-09-19 18:09:12 | INFO     | OK https://skeb.jp/api/users/tore__888
2026-09-19 18:09:12 | INFO     | Saving at a/skeb/tore__888-b4a19a.json
2026-09-19 18:09:13 | INFO     | OK https://skeb.jp/api/users/nukochihuahua
2026-09-19 18:09:13 | INFO     | Saving at a/skeb/nukochihuahua-9cb872.json
2026-09-19 18:09:14 | INFO     | OK https://skeb.jp/api/users/72kawakita
2026-09-19 18:09:14 | INFO     | Saving at a/skeb/72kawakita-540a38.json
2026-09-19 18:09:15 | INFO     | OK https://skeb.jp/api/users/wwwsupwww
2026-09-19 18:09:15 | INFO     | Saving at a/skeb/wwwsupwww-39c111.json
2026-09-19 18:09:16 | INFO     | OK https://skeb.jp/api/users/k2_illust
2026-09-19 18:09:16 | INFO     | Saving at a/skeb/k2_illust-9dcd02.json
2026-09-19 18:09:17 | INFO     | OK https://skeb.jp/api/users/maple0317x_x
2026-09-19 18:09:17 | INFO     | Saving at a/skeb/maple0317x_x-88db8f.json
2026-09-19 18:09:18 | INFO     | OK https://skeb.jp/api/users/2en_nah
2026-09-19 18:09:18 | INFO     | Saving at a/skeb/2en_nah-65721c.json
2026-09-19 18:09:19 | INFO     | OK https://skeb.jp/api/users/srmg_016
2026-09-19 18:09:19 | INFO     | Saving at a/skeb/srmg_016-7ebd2d.json
2026-09-19 18:09:20 | INFO     | OK https://skeb.jp/api/users/GoldenTayaki
2026-09-19 18:09:20 | INFO     | Saving at a/skeb/GoldenTayaki-9107b6.json
2026-09-19 18:09:21 | INFO     | OK https://skeb.jp/api/users/NasuShinozaki
2026-09-19 18:09:21 | INFO     | Saving at a/skeb/NasuShinozaki-73157e.json
2026-09-19 18:09:22 | INFO     | OK https://skeb.jp/api/users/super_tokagen
2026-09-19 18:09:22 | INFO     | Saving at a/skeb/super_tokagen-c6aec2.json
2026-09-19 18:09:23 | INFO     | OK https://skeb.jp/api/users/mochiko_tsuru
2026-09-19 18:09:23 | INFO     | Saving at a/skeb/mochiko_tsuru-d926f9.json
2026-09-19 18:09:24 | INFO     | OK https://skeb.jp/api/users/YzgHbpMVbQmjzfh
2026-09-19 18:09:24 | INFO     | Saving at a/skeb/YzgHbpMVbQmjzfh-791ed5.json
2026-09-19 18:09:25 | INFO     | OK https://skeb.jp/api/users/Hardboiled_08
2026-09-19 18:09:25 | INFO     | Saving at a/skeb/Hardboiled_08-f67bbc.json
2026-09-19 18:09:26 | INFO     | OK https://skeb.jp/api/users/prprKIRIN
2026-09-19 18:09:26 | INFO     | Saving at a/skeb/prprKIRIN-096f87.json
2026-09-19 18:09:27 | INFO     | OK https://skeb.jp/api/users/enaibuki
2026-09-19 18:09:27 | INFO     | Saving at a/skeb/enaibuki-c97c33.json
2026-09-19 18:09:28 | INFO     | OK https://skeb.jp/api/users/OBAKE_DAZO_
2026-09-19 18:09:28 | INFO     | Saving at a/skeb/OBAKE_DAZO_-f29763.json
2026-09-19 18:09:29 | INFO     | OK https://skeb.jp/api/users/harappachan0
2026-09-19 18:09:29 | INFO     | Saving at a/skeb/harappachan0-0c9e68.json
2026-09-19 18:09:30 | INFO     | OK https://skeb.jp/api/users/nonorenew
2026-09-19 18:09:30 | INFO     | Saving at a/skeb/nonorenew-1780ec.json
2026-09-19 18:09:31 | INFO     | OK https://skeb.jp/api/users/gotobeido
2026-09-19 18:09:31 | INFO     | Saving at a/skeb/gotobeido-85dc77.json
2026-09-19 18:09:32 | INFO     | OK https://skeb.jp/api/users/akeguma373
2026-09-19 18:09:32 | INFO     | Saving at a/skeb/akeguma373-e27879.json
2026-09-19 18:09:33 | INFO     | OK https://skeb.jp/api/users/frag_0416
2026-09-19 18:09:33 | INFO     | Saving at a/skeb/frag_0416-1f1cd7.json
2026-09-19 18:09:34 | INFO     | OK https://skeb.jp/api/users/Prism_Flash
2026-09-19 18:09:34 | INFO     | Saving at a/skeb/Prism_Flash-eb4300.json
2026-09-19 18:09:35 | INFO     | OK https://skeb.jp/api/users/k420ub
2026-09-19 18:09:35 | INFO     | Saving at a/skeb/k420ub-a8b76a.json
2026-09-19 18:09:36 | INFO     | OK https://skeb.jp/api/users/totukasan
2026-09-19 18:09:36 | INFO     | Saving at a/skeb/totukasan-6e9280.json
2026-09-19 18:09:37 | INFO     | OK https://skeb.jp/api/users/myi_korosi
2026-09-19 18:09:37 | INFO     | Saving at a/skeb/myi_korosi-925f0c.json
2026-09-19 18:09:38 | INFO     | OK https://skeb.jp/api/users/MM111523
2026-09-19 18:09:38 | INFO     | Saving at a/skeb/MM111523-802fa7.json
2026-09-19 18:09:39 | INFO     | OK https://skeb.jp/api/users/hamuyu_
2026-09-19 18:09:39 | INFO     | Saving at a/skeb/hamuyu_-436a75.json
2026-09-19 18:09:40 | INFO     | OK https://skeb.jp/api/users/npnpto
2026-09-19 18:09:40 | INFO     | Saving at a/skeb/npnpto-533701.json
2026-09-19 18:09:41 | INFO     | OK https://skeb.jp/api/users/39_taro0
2026-09-19 18:09:41 | INFO     | Saving at a/skeb/39_taro0-1d7384.json
2026-09-19 18:09:42 | INFO     | OK https://skeb.jp/api/users/mutoha_A_24
2026-09-19 18:09:42 | INFO     | Saving at a/skeb/mutoha_A_24-9a4912.json
2026-09-19 18:09:43 | INFO     | OK https://skeb.jp/api/users/monatesu
2026-09-19 18:09:43 | INFO     | Saving at a/skeb/monatesu-2adae0.json
2026-09-19 18:09:44 | INFO     | OK https://skeb.jp/api/users/t4g_0
2026-09-19 18:09:44 | INFO     | Saving at a/skeb/t4g_0-ddc66f.json
2026-09-19 18:09:45 | INFO     | OK https://skeb.jp/api/users/soji_dot
2026-09-19 18:09:45 | INFO     | Saving at a/skeb/soji_dot-e2df79.json
2026-09-19 18:09:46 | INFO     | OK https://skeb.jp/api/users/O_HP01
2026-09-19 18:09:46 | INFO     | Saving at a/skeb/O_HP01-e578d3.json
2026-09-19 18:09:47 | INFO     | OK https://skeb.jp/api/users/mayurikaichou
2026-09-19 18:09:47 | INFO     | Saving at a/skeb/mayurikaichou-151590.json
2026-09-19 18:09:48 | INFO     | OK https://skeb.jp/api/users/awameta_wata
2026-09-19 18:09:48 | INFO     | Saving at a/skeb/awameta_wata-da6d69.json
2026-09-19 18:09:49 | INFO     | OK https://skeb.jp/api/users/S_sya_rin
2026-09-19 18:09:49 | INFO     | Saving at a/skeb/S_sya_rin-346e15.json
2026-09-19 18:09:50 | INFO     | OK https://skeb.jp/api/users/SpicaShirahosi
2026-09-19 18:09:50 | INFO     | Saving at a/skeb/SpicaShirahosi-a5da36.json
2026-09-19 18:09:51 | INFO     | OK https://skeb.jp/api/users/ryuryuryu_nizyo
2026-09-19 18:09:51 | INFO     | Saving at a/skeb/ryuryuryu_nizyo-26b8f1.json
2026-09-19 18:09:52 | INFO     | OK https://skeb.jp/api/users/tablet_dream
2026-09-19 18:09:52 | INFO     | Saving at a/skeb/tablet_dream-3bd92c.json
2026-09-19 18:09:53 | INFO     | OK https://skeb.jp/api/users/kaia_ran01
2026-09-19 18:09:53 | INFO     | Saving at a/skeb/kaia_ran01-44ce74.json
2026-09-19 18:09:54 | INFO     | OK https://skeb.jp/api/users/_hutabagaku_
2026-09-19 18:09:54 | INFO     | Saving at a/skeb/_hutabagaku_-c240db.json
2026-09-19 18:09:55 | INFO     | OK https://skeb.jp/api/users/lalansane
2026-09-19 18:09:55 | INFO     | Saving at a/skeb/lalansane-aa54da.json
2026-09-19 18:09:56 | INFO     | OK https://skeb.jp/api/users/putaba_33_skeb
2026-09-19 18:09:56 | INFO     | Saving at a/skeb/putaba_33_skeb-9081e9.json
2026-09-19 18:09:57 | INFO     | OK https://skeb.jp/api/users/SacI_gagct_c
2026-09-19 18:09:57 | INFO     | Saving at a/skeb/SacI_gagct_c-ded663.json
2026-09-19 18:09:58 | INFO     | OK https://skeb.jp/api/users/torasaburo_36
2026-09-19 18:09:58 | INFO     | Saving at a/skeb/torasaburo_36-7a705b.json
2026-09-19 18:09:59 | INFO     | OK https://skeb.jp/api/users/natsuk1tom
2026-09-19 18:09:59 | INFO     | Saving at a/skeb/natsuk1tom-fb5d61.json
2026-09-19 18:10:00 | INFO     | OK https://skeb.jp/api/users/teriyaki0722
2026-09-19 18:10:00 | INFO     | Saving at a/skeb/teriyaki0722-bb3388.json
2026-09-19 18:10:01 | INFO     | OK https://skeb.jp/api/users/IsNoYet
2026-09-19 18:10:01 | INFO     | Saving at a/skeb/IsNoYet-562957.json
2026-09-19 18:10:02 | INFO     | OK https://skeb.jp/api/users/niu2_u
2026-09-19 18:10:02 | INFO     | Saving at a/skeb/niu2_u-e0ad11.json
2026-09-19 18:10:03 | INFO     | OK https://skeb.jp/api/users/clark_grimms
2026-09-19 18:10:03 | INFO     | Saving at a/skeb/clark_grimms-4f7aa8.json
2026-09-19 18:10:04 | INFO     | OK https://skeb.jp/api/users/skymidaisuki
2026-09-19 18:10:04 | INFO     | Saving at a/skeb/skymidaisuki-3950bd.json
2026-09-19 18:10:05 | INFO     | OK https://skeb.jp/api/users/72caq
2026-09-19 18:10:05 | INFO     | Saving at a/skeb/72caq-136f52.json
2026-09-19 18:10:06 | INFO     | OK https://skeb.jp/api/users/yrnsmi
2026-09-19 18:10:06 | INFO     | Saving at a/skeb/yrnsmi-384fea.json
2026-09-19 18:10:07 | INFO     | OK https://skeb.jp/api/users/nashi7474na
2026-09-19 18:10:07 | INFO     | Saving at a/skeb/nashi7474na-857cd0.json
2026-09-19 18:10:08 | INFO     | OK https://skeb.jp/api/users/millhk
2026-09-19 18:10:08 | INFO     | Saving at a/skeb/millhk-d923d6.json
2026-09-19 18:10:09 | INFO     | OK https://skeb.jp/api/users/_0w0______
2026-09-19 18:10:09 | INFO     | Saving at a/skeb/_0w0______-a032a5.json
2026-09-19 18:10:10 | INFO     | OK https://skeb.jp/api/users/GumingHc
2026-09-19 18:10:10 | INFO     | Saving at a/skeb/GumingHc-286430.json
2026-09-19 18:10:11 | INFO     | OK https://skeb.jp/api/users/Shitan_cha
2026-09-19 18:10:11 | INFO     | Saving at a/skeb/Shitan_cha-97d049.json
2026-09-19 18:10:12 | INFO     | OK https://skeb.jp/api/users/Miho_Mimura
2026-09-19 18:10:12 | INFO     | Saving at a/skeb/Miho_Mimura-ee39fc.json
2026-09-19 18:10:13 | INFO     | OK https://skeb.jp/api/users/Yumeyamiyumeme
2026-09-19 18:10:13 | INFO     | Saving at a/skeb/Yumeyamiyumeme-283a7f.json
2026-09-19 18:10:14 | INFO     | OK https://skeb.jp/api/users/ThebeginnigTHE
2026-09-19 18:10:14 | INFO     | Saving at a/skeb/ThebeginnigTHE-0cbd80.json
2026-09-19 18:10:15 | INFO     | OK https://skeb.jp/api/users/mttad0
2026-09-19 18:10:15 | INFO     | Saving at a/skeb/mttad0-fd7e11.json
2026-09-19 18:10:16 | INFO     | OK https://skeb.jp/api/users/GRONGIKBTIT
2026-09-19 18:10:16 | INFO     | Saving at a/skeb/GRONGIKBTIT-d3b027.json
2026-09-19 18:10:17 | INFO     | OK https://skeb.jp/api/users/arobiro18
2026-09-19 18:10:17 | INFO     | Saving at a/skeb/arobiro18-e7f434.json
2026-09-19 18:10:18 | INFO     | OK https://skeb.jp/api/users/takashiiiMe262
2026-09-19 18:10:18 | INFO     | Saving at a/skeb/takashiiiMe262-169b0b.json
2026-09-19 18:10:19 | INFO     | OK https://skeb.jp/api/users/hrrgk
2026-09-19 18:10:19 | INFO     | Saving at a/skeb/hrrgk-60335f.json
2026-09-19 18:10:20 | INFO     | OK https://skeb.jp/api/users/erakin9999
2026-09-19 18:10:20 | INFO     | Saving at a/skeb/erakin9999-ad879e.json
2026-09-19 18:10:21 | INFO     | OK https://skeb.jp/api/users/akazakana_o
2026-09-19 18:10:21 | INFO     | Saving at a/skeb/akazakana_o-61f3a5.json
2026-09-19 18:10:22 | INFO     | OK https://skeb.jp/api/users/yumiyunoaka
2026-09-19 18:10:22 | INFO     | Saving at a/skeb/yumiyunoaka-155e6b.json
2026-09-19 18:10:23 | INFO     | OK https://skeb.jp/api/users/jyu31589495
2026-09-19 18:10:23 | INFO     | Saving at a/skeb/jyu31589495-b427d9.json
2026-09-19 18:10:24 | INFO     | OK https://skeb.jp/api/users/seikonsuco2
2026-09-19 18:10:24 | INFO     | Saving at a/skeb/seikonsuco2-16959e.json
2026-09-19 18:10:25 | INFO     | OK https://skeb.jp/api/users/moco2_ushi
2026-09-19 18:10:25 | INFO     | Saving at a/skeb/moco2_ushi-f6b16f.json
2026-09-19 18:10:26 | INFO     | OK https://skeb.jp/api/users/ttt__g_m
2026-09-19 18:10:26 | INFO     | Saving at a/skeb/ttt__g_m-2491c8.json
2026-09-19 18:10:27 | INFO     | OK https://skeb.jp/api/users/au_au_5
2026-09-19 18:10:27 | INFO     | Saving at a/skeb/au_au_5-a1efe4.json
2026-09-19 18:10:28 | INFO     | OK https://skeb.jp/api/users/_mbrz_
2026-09-19 18:10:28 | INFO     | Saving at a/skeb/_mbrz_-e3b5d5.json
2026-09-19 18:10:29 | INFO     | OK https://skeb.jp/api/users/Foulo_paints
2026-09-19 18:10:29 | INFO     | Saving at a/skeb/Foulo_paints-cb267f.json
2026-09-19 18:10:30 | INFO     | OK https://skeb.jp/api/users/tsumugi1025
2026-09-19 18:10:30 | INFO     | Saving at a/skeb/tsumugi1025-c449b0.json
2026-09-19 18:10:31 | INFO     | OK https://skeb.jp/api/users/g37492
2026-09-19 18:10:31 | INFO     | Saving at a/skeb/g37492-2f8801.json
2026-09-19 18:10:32 | INFO     | OK https://skeb.jp/api/users/Nora__N_k22
2026-09-19 18:10:32 | INFO     | Saving at a/skeb/Nora__N_k22-b0eaaa.json
2026-09-19 18:10:33 | INFO     | OK https://skeb.jp/api/users/Akai_You
2026-09-19 18:10:33 | INFO     | Saving at a/skeb/Akai_You-db3659.json
2026-09-19 18:10:34 | INFO     | OK https://skeb.jp/api/users/utaritau
2026-09-19 18:10:34 | INFO     | Saving at a/skeb/utaritau-4ab7a4.json
2026-09-19 18:10:35 | INFO     | OK https://skeb.jp/api/users/hbidwm
2026-09-19 18:10:35 | INFO     | Saving at a/skeb/hbidwm-754431.json
2026-09-19 18:10:36 | INFO     | OK https://skeb.jp/api/users/Whybe123
2026-09-19 18:10:36 | INFO     | Saving at a/skeb/Whybe123-7c4da2.json
2026-09-19 18:10:37 | INFO     | OK https://skeb.jp/api/users/Freedumco
2026-09-19 18:10:37 | INFO     | Saving at a/skeb/Freedumco-61056d.json
2026-09-19 18:10:38 | INFO     | OK https://skeb.jp/api/users/_Delmu
2026-09-19 18:10:38 | INFO     | Saving at a/skeb/_Delmu-5ec832.json
2026-09-19 18:10:39 | INFO     | OK https://skeb.jp/api/users/space__duck2
2026-09-19 18:10:39 | INFO     | Saving at a/skeb/space__duck2-c5faa6.json
2026-09-19 18:10:40 | INFO     | OK https://skeb.jp/api/users/katsuragimay18h
2026-09-19 18:10:40 | INFO     | Saving at a/skeb/katsuragimay18h-aa161e.json
2026-09-19 18:10:41 | INFO     | OK https://skeb.jp/api/users/azukigohan
2026-09-19 18:10:41 | INFO     | Saving at a/skeb/azukigohan-858fde.json
2026-09-19 18:10:42 | INFO     | OK https://skeb.jp/api/users/peeechika
2026-09-19 18:10:42 | INFO     | Saving at a/skeb/peeechika-ff9fd6.json
2026-09-19 18:10:43 | INFO     | OK https://skeb.jp/api/users/hisui_spats
2026-09-19 18:10:43 | INFO     | Saving at a/skeb/hisui_spats-62ab9e.json
2026-09-19 18:10:44 | INFO     | OK https://skeb.jp/api/users/shikaku_asamura
2026-09-19 18:10:44 | INFO     | Saving at a/skeb/shikaku_asamura-8921cf.json
2026-09-19 18:10:45 | INFO     | OK https://skeb.jp/api/users/h_milk
2026-09-19 18:10:45 | INFO     | Saving at a/skeb/h_milk-5ff874.json
2026-09-19 18:10:46 | INFO     | OK https://skeb.jp/api/users/1004_tanpopo
2026-09-19 18:10:46 | INFO     | Saving at a/skeb/1004_tanpopo-f8250c.json
2026-09-19 18:10:47 | INFO     | OK https://skeb.jp/api/users/chisamikan
2026-09-19 18:10:47 | INFO     | Saving at a/skeb/chisamikan-78ab3b.json
2026-09-19 18:10:48 | INFO     | OK https://skeb.jp/api/users/60_HHiby
2026-09-19 18:10:48 | INFO     | Saving at a/skeb/60_HHiby-5bd869.json
2026-09-19 18:10:49 | INFO     | OK https://skeb.jp/api/users/koinago_38
2026-09-19 18:10:49 | INFO     | Saving at a/skeb/koinago_38-0ff775.json
2026-09-19 18:10:50 | INFO     | OK https://skeb.jp/api/users/awin_volt9
2026-09-19 18:10:50 | INFO     | Saving at a/skeb/awin_volt9-60cdfd.json
2026-09-19 18:10:51 | INFO     | OK https://skeb.jp/api/users/Dv5kr
2026-09-19 18:10:51 | INFO     | Saving at a/skeb/Dv5kr-ae9f3f.json
2026-09-19 18:10:52 | INFO     | OK https://skeb.jp/api/users/U_KeinSS
2026-09-19 18:10:52 | INFO     | Saving at a/skeb/U_KeinSS-ee39f1.json
2026-09-19 18:10:53 | INFO     | OK https://skeb.jp/api/users/8888_mugen
2026-09-19 18:10:53 | INFO     | Saving at a/skeb/8888_mugen-027073.json
2026-09-19 18:10:54 | INFO     | OK https://skeb.jp/api/users/NYAsan
2026-09-19 18:10:54 | INFO     | Saving at a/skeb/NYAsan-93417e.json
2026-09-19 18:10:55 | INFO     | OK https://skeb.jp/api/users/PoruporuR18
2026-09-19 18:10:55 | INFO     | Saving at a/skeb/PoruporuR18-d68854.json
2026-09-19 18:10:56 | INFO     | OK https://skeb.jp/api/users/asitabatomorou
2026-09-19 18:10:56 | INFO     | Saving at a/skeb/asitabatomorou-54d928.json
2026-09-19 18:10:57 | INFO     | OK https://skeb.jp/api/users/tepowari
2026-09-19 18:10:57 | INFO     | Saving at a/skeb/tepowari-ce601b.json
2026-09-19 18:10:58 | INFO     | OK https://skeb.jp/api/users/sahi00000
2026-09-19 18:10:58 | INFO     | Saving at a/skeb/sahi00000-c8546d.json
2026-09-19 18:10:59 | INFO     | OK https://skeb.jp/api/users/fycrdts
2026-09-19 18:10:59 | INFO     | Saving at a/skeb/fycrdts-595c8c.json
2026-09-19 18:11:00 | INFO     | OK https://skeb.jp/api/users/0DI_NA0
2026-09-19 18:11:00 | INFO     | Saving at a/skeb/0DI_NA0-8e05a6.json
2026-09-19 18:11:01 | INFO     | OK https://skeb.jp/api/users/uchimi_0116
2026-09-19 18:11:01 | INFO     | Saving at a/skeb/uchimi_0116-acc98c.json
2026-09-19 18:11:02 | INFO     | OK https://skeb.jp/api/users/reianother
2026-09-19 18:11:02 | INFO     | Saving at a/skeb/reianother-4065e3.json
2026-09-19 18:11:03 | INFO     | OK https://skeb.jp/api/users/Ver7_gogo
2026-09-19 18:11:03 | INFO     | Saving at a/skeb/Ver7_gogo-e897eb.json
2026-09-19 18:11:04 | INFO     | OK https://skeb.jp/api/users/wat_son_
2026-09-19 18:11:04 | INFO     | Saving at a/skeb/wat_son_-ea6f5b.json
2026-09-19 18:11:05 | INFO     | OK https://skeb.jp/api/users/tatsuminorensyu
2026-09-19 18:11:05 | INFO     | Saving at a/skeb/tatsuminorensyu-f753f6.json
2026-09-19 18:11:06 | INFO     | OK https://skeb.jp/api/users/ainex_x14
2026-09-19 18:11:06 | INFO     | Saving at a/skeb/ainex_x14-e1d45c.json
2026-09-19 18:11:07 | INFO     | OK https://skeb.jp/api/users/kaigaaaannokagi
2026-09-19 18:11:07 | INFO     | Saving at a/skeb/kaigaaaannokagi-61a19b.json
2026-09-19 18:11:08 | INFO     | OK https://skeb.jp/api/users/Melt_901
2026-09-19 18:11:08 | INFO     | Saving at a/skeb/Melt_901-faf8e4.json
2026-09-19 18:11:09 | INFO     | OK https://skeb.jp/api/users/AmaIroSaMe489
2026-09-19 18:11:09 | INFO     | Saving at a/skeb/AmaIroSaMe489-ac2a69.json
2026-09-19 18:11:10 | INFO     | OK https://skeb.jp/api/users/zumizu1254
2026-09-19 18:11:10 | INFO     | Saving at a/skeb/zumizu1254-a51295.json
2026-09-19 18:11:11 | INFO     | OK https://skeb.jp/api/users/nanaiwa47
2026-09-19 18:11:11 | INFO     | Saving at a/skeb/nanaiwa47-3c5dff.json
2026-09-19 18:11:12 | INFO     | OK https://skeb.jp/api/users/Neluqey
2026-09-19 18:11:12 | INFO     | Saving at a/skeb/Neluqey-b04698.json
2026-09-19 18:11:13 | INFO     | OK https://skeb.jp/api/users/zenmaibook
2026-09-19 18:11:13 | INFO     | Saving at a/skeb/zenmaibook-e5cb20.json
2026-09-19 18:11:14 | INFO     | OK https://skeb.jp/api/users/2kashun_
2026-09-19 18:11:14 | INFO     | Saving at a/skeb/2kashun_-8df5d7.json
2026-09-19 18:11:15 | INFO     | OK https://skeb.jp/api/users/Seyzoooooooone
2026-09-19 18:11:15 | INFO     | Saving at a/skeb/Seyzoooooooone-96267d.json
2026-09-19 18:11:16 | INFO     | OK https://skeb.jp/api/users/shishishi_2ODS
2026-09-19 18:11:16 | INFO     | Saving at a/skeb/shishishi_2ODS-6805c0.json
2026-09-19 18:11:17 | INFO     | OK https://skeb.jp/api/users/kyabe2man_e
2026-09-19 18:11:17 | INFO     | Saving at a/skeb/kyabe2man_e-17e964.json
2026-09-19 18:11:18 | INFO     | OK https://skeb.jp/api/users/fy_fp7
2026-09-19 18:11:18 | INFO     | Saving at a/skeb/fy_fp7-3a99f6.json
2026-09-19 18:11:19 | INFO     | OK https://skeb.jp/api/users/tyauke
2026-09-19 18:11:19 | INFO     | Saving at a/skeb/tyauke-3bc47d.json
2026-09-19 18:11:20 | INFO     | OK https://skeb.jp/api/users/katenatioura
2026-09-19 18:11:20 | INFO     | Saving at a/skeb/katenatioura-d65932.json
2026-09-19 18:11:21 | INFO     | OK https://skeb.jp/api/users/onwanwa
2026-09-19 18:11:21 | INFO     | Saving at a/skeb/onwanwa-adddb7.json
2026-09-19 18:11:22 | INFO     | OK https://skeb.jp/api/users/ma_ki_w0
2026-09-19 18:11:22 | INFO     | Saving at a/skeb/ma_ki_w0-b270cc.json
2026-09-19 18:11:23 | INFO     | OK https://skeb.jp/api/users/yumenicorn
2026-09-19 18:11:23 | INFO     | Saving at a/skeb/yumenicorn-508805.json
2026-09-19 18:11:24 | INFO     | OK https://skeb.jp/api/users/ukc6x
2026-09-19 18:11:24 | INFO     | Saving at a/skeb/ukc6x-5eacd8.json
2026-09-19 18:11:25 | INFO     | OK https://skeb.jp/api/users/mmm9852345
2026-09-19 18:11:25 | INFO     | Saving at a/skeb/mmm9852345-8af82b.json
2026-09-19 18:11:26 | INFO     | OK https://skeb.jp/api/users/TickleKnock
2026-09-19 18:11:26 | INFO     | Saving at a/skeb/TickleKnock-07561c.json
2026-09-19 18:11:27 | INFO     | OK https://skeb.jp/api/users/uyu_milk_01
2026-09-19 18:11:27 | INFO     | Saving at a/skeb/uyu_milk_01-65ec0c.json
2026-09-19 18:11:28 | INFO     | OK https://skeb.jp/api/users/leny_oekaki
2026-09-19 18:11:28 | INFO     | Saving at a/skeb/leny_oekaki-61dcd5.json
2026-09-19 18:11:29 | INFO     | OK https://skeb.jp/api/users/p_9s4
2026-09-19 18:11:29 | INFO     | Saving at a/skeb/p_9s4-bc5271.json
2026-09-19 18:11:30 | INFO     | OK https://skeb.jp/api/users/kyatatu_20
2026-09-19 18:11:30 | INFO     | Saving at a/skeb/kyatatu_20-0882bb.json
2026-09-19 18:11:31 | INFO     | OK https://skeb.jp/api/users/_UU510
2026-09-19 18:11:31 | INFO     | Saving at a/skeb/_UU510-e4bc2b.json
2026-09-19 18:11:32 | INFO     | OK https://skeb.jp/api/users/uzukifuzi_04
2026-09-19 18:11:32 | INFO     | Saving at a/skeb/uzukifuzi_04-87d517.json
2026-09-19 18:11:33 | INFO     | OK https://skeb.jp/api/users/robatakahiro
2026-09-19 18:11:33 | INFO     | Saving at a/skeb/robatakahiro-bd09fa.json
2026-09-19 18:11:34 | INFO     | OK https://skeb.jp/api/users/tsuji444
2026-09-19 18:11:34 | INFO     | Saving at a/skeb/tsuji444-bb0444.json
2026-09-19 18:11:35 | INFO     | OK https://skeb.jp/api/users/fuji___1234
2026-09-19 18:11:35 | INFO     | Saving at a/skeb/fuji___1234-f029eb.json
2026-09-19 18:11:36 | INFO     | OK https://skeb.jp/api/users/a3gameplayer
2026-09-19 18:11:36 | INFO     | Saving at a/skeb/a3gameplayer-828058.json
2026-09-19 18:11:37 | INFO     | OK https://skeb.jp/api/users/qwery11ne
2026-09-19 18:11:37 | INFO     | Saving at a/skeb/qwery11ne-a15184.json
2026-09-19 18:11:38 | INFO     | OK https://skeb.jp/api/users/sui_hi_sf
2026-09-19 18:11:38 | INFO     | Saving at a/skeb/sui_hi_sf-f68538.json
2026-09-19 18:11:39 | INFO     | OK https://skeb.jp/api/users/Pic_mizuki
2026-09-19 18:11:39 | INFO     | Saving at a/skeb/Pic_mizuki-9815ba.json
2026-09-19 18:11:40 | INFO     | OK https://skeb.jp/api/users/mo_to_i_chi
2026-09-19 18:11:40 | INFO     | Saving at a/skeb/mo_to_i_chi-b9d3b9.json
2026-09-19 18:11:41 | INFO     | OK https://skeb.jp/api/users/yarumonisans
2026-09-19 18:11:41 | INFO     | Saving at a/skeb/yarumonisans-255b23.json
2026-09-19 18:11:42 | INFO     | OK https://skeb.jp/api/users/yellow_sprin
2026-09-19 18:11:42 | INFO     | Saving at a/skeb/yellow_sprin-e2b5ab.json
2026-09-19 18:11:43 | INFO     | OK https://skeb.jp/api/users/DkPiyo
2026-09-19 18:11:43 | INFO     | Saving at a/skeb/DkPiyo-d572c1.json
2026-09-19 18:11:44 | INFO     | OK https://skeb.jp/api/users/mukuwaku
2026-09-19 18:11:44 | INFO     | Saving at a/skeb/mukuwaku-30b51b.json
2026-09-19 18:11:45 | INFO     | OK https://skeb.jp/api/users/noamem_
2026-09-19 18:11:45 | INFO     | Saving at a/skeb/noamem_-4b3c69.json
2026-09-19 18:11:46 | INFO     | OK https://skeb.jp/api/users/Akatsukiyukida
2026-09-19 18:11:46 | INFO     | Saving at a/skeb/Akatsukiyukida-c51691.json
2026-09-19 18:11:47 | INFO     | OK https://skeb.jp/api/users/_mrn_mr
2026-09-19 18:11:47 | INFO     | Saving at a/skeb/_mrn_mr-d87567.json
2026-09-19 18:11:48 | INFO     | OK https://skeb.jp/api/users/DARUMAmuscle1
2026-09-19 18:11:48 | INFO     | Saving at a/skeb/DARUMAmuscle1-0e6740.json
2026-09-19 18:11:49 | INFO     | OK https://skeb.jp/api/users/ryopppchuho
2026-09-19 18:11:49 | INFO     | Saving at a/skeb/ryopppchuho-e27ff1.json
2026-09-19 18:11:50 | INFO     | OK https://skeb.jp/api/users/zenimakitchen
2026-09-19 18:11:50 | INFO     | Saving at a/skeb/zenimakitchen-fce728.json
2026-09-19 18:11:51 | INFO     | OK https://skeb.jp/api/users/umimiusisisi
2026-09-19 18:11:51 | INFO     | Saving at a/skeb/umimiusisisi-d1068a.json
2026-09-19 18:11:52 | INFO     | OK https://skeb.jp/api/users/sikiso_soso
2026-09-19 18:11:52 | INFO     | Saving at a/skeb/sikiso_soso-ba3eb3.json
2026-09-19 18:11:53 | INFO     | OK https://skeb.jp/api/users/ruokka034
2026-09-19 18:11:53 | INFO     | Saving at a/skeb/ruokka034-0d47dd.json
2026-09-19 18:11:54 | INFO     | OK https://skeb.jp/api/users/junko_inusub
2026-09-19 18:11:54 | INFO     | Saving at a/skeb/junko_inusub-03be29.json
2026-09-19 18:11:55 | INFO     | OK https://skeb.jp/api/users/kafun
2026-09-19 18:11:55 | INFO     | Saving at a/skeb/kafun-6d4578.json
2026-09-19 18:11:56 | INFO     | OK https://skeb.jp/api/users/misogram
2026-09-19 18:11:56 | INFO     | Saving at a/skeb/misogram-13e558.json
2026-09-19 18:11:57 | INFO     | OK https://skeb.jp/api/users/Mu46016419
2026-09-19 18:11:57 | INFO     | Saving at a/skeb/Mu46016419-9418e2.json
2026-09-19 18:11:58 | INFO     | OK https://skeb.jp/api/users/kaiko_yui23
2026-09-19 18:11:58 | INFO     | Saving at a/skeb/kaiko_yui23-46a9d1.json
2026-09-19 18:11:59 | INFO     | OK https://skeb.jp/api/users/Raika_555
2026-09-19 18:11:59 | INFO     | Saving at a/skeb/Raika_555-ecf973.json
2026-09-19 18:12:00 | INFO     | OK https://skeb.jp/api/users/miu_332
2026-09-19 18:12:00 | INFO     | Saving at a/skeb/miu_332-75452a.json
2026-09-19 18:12:01 | INFO     | OK https://skeb.jp/api/users/il222ll
2026-09-19 18:12:01 | INFO     | Saving at a/skeb/il222ll-fdcb35.json
2026-09-19 18:12:02 | INFO     | OK https://skeb.jp/api/users/uino
2026-09-19 18:12:02 | INFO     | Saving at a/skeb/uino-5b6e33.json
2026-09-19 18:12:03 | INFO     | OK https://skeb.jp/api/users/tokomiti963149
2026-09-19 18:12:03 | INFO     | Saving at a/skeb/tokomiti963149-58f33e.json
2026-09-19 18:12:04 | INFO     | OK https://skeb.jp/api/users/usa_pinkpink
2026-09-19 18:12:04 | INFO     | Saving at a/skeb/usa_pinkpink-2f0b44.json
2026-09-19 18:12:05 | INFO     | OK https://skeb.jp/api/users/Ultramarine430
2026-09-19 18:12:05 | INFO     | Saving at a/skeb/Ultramarine430-8450d7.json
2026-09-19 18:12:06 | INFO     | OK https://skeb.jp/api/users/aruota
2026-09-19 18:12:06 | INFO     | Saving at a/skeb/aruota-003cee.json
2026-09-19 18:12:07 | INFO     | OK https://skeb.jp/api/users/hokuroryuseigun
2026-09-19 18:12:07 | INFO     | Saving at a/skeb/hokuroryuseigun-1e2dd9.json
2026-09-19 18:12:08 | INFO     | OK https://skeb.jp/api/users/Aoi_Suzu_
2026-09-19 18:12:08 | INFO     | Saving at a/skeb/Aoi_Suzu_-52215d.json
2026-09-19 18:12:09 | INFO     | OK https://skeb.jp/api/users/K00S_
2026-09-19 18:12:09 | INFO     | Saving at a/skeb/K00S_-bf7c28.json
2026-09-19 18:12:10 | INFO     | OK https://skeb.jp/api/users/gumorugensui
2026-09-19 18:12:10 | INFO     | Saving at a/skeb/gumorugensui-923f94.json
2026-09-19 18:12:11 | INFO     | OK https://skeb.jp/api/users/osushinotaiyaki
2026-09-19 18:12:11 | INFO     | Saving at a/skeb/osushinotaiyaki-feb623.json
2026-09-19 18:12:12 | INFO     | OK https://skeb.jp/api/users/MoepuSub76286
2026-09-19 18:12:12 | INFO     | Saving at a/skeb/MoepuSub76286-b3268e.json
2026-09-19 18:12:13 | INFO     | OK https://skeb.jp/api/users/mak066_
2026-09-19 18:12:13 | INFO     | Saving at a/skeb/mak066_-dfdf80.json
2026-09-19 18:12:14 | INFO     | OK https://skeb.jp/api/users/tatamisatou
2026-09-19 18:12:14 | INFO     | Saving at a/skeb/tatamisatou-5c4081.json
2026-09-19 18:12:15 | INFO     | OK https://skeb.jp/api/users/oyatu55k
2026-09-19 18:12:15 | INFO     | Saving at a/skeb/oyatu55k-5f8777.json
2026-09-19 18:12:16 | INFO     | OK https://skeb.jp/api/users/ccchama7
2026-09-19 18:12:16 | INFO     | Saving at a/skeb/ccchama7-998f81.json
2026-09-19 18:12:17 | INFO     | OK https://skeb.jp/api/users/ryu_insect
2026-09-19 18:12:17 | INFO     | Saving at a/skeb/ryu_insect-966d5c.json
2026-09-19 18:12:18 | INFO     | OK https://skeb.jp/api/users/hllspd_0
2026-09-19 18:12:18 | INFO     | Saving at a/skeb/hllspd_0-13948b.json
2026-09-19 18:12:19 | INFO     | OK https://skeb.jp/api/users/RFB_345orororo
2026-09-19 18:12:19 | INFO     | Saving at a/skeb/RFB_345orororo-16d9f2.json
2026-09-19 18:12:20 | INFO     | OK https://skeb.jp/api/users/mi1015_mimi
2026-09-19 18:12:20 | INFO     | Saving at a/skeb/mi1015_mimi-133ac7.json
2026-09-19 18:12:21 | INFO     | OK https://skeb.jp/api/users/puriamaotaku
2026-09-19 18:12:21 | INFO     | Saving at a/skeb/puriamaotaku-5c1dff.json
2026-09-19 18:12:22 | INFO     | OK https://skeb.jp/api/users/79poppo
2026-09-19 18:12:22 | INFO     | Saving at a/skeb/79poppo-f8c2a3.json
2026-09-19 18:12:23 | INFO     | OK https://skeb.jp/api/users/Komemamesub
2026-09-19 18:12:23 | INFO     | Saving at a/skeb/Komemamesub-ca6359.json
2026-09-19 18:12:24 | INFO     | OK https://skeb.jp/api/users/setsu_ika
2026-09-19 18:12:24 | INFO     | Saving at a/skeb/setsu_ika-ef7e8f.json
2026-09-19 18:12:25 | INFO     | OK https://skeb.jp/api/users/i7oyr
2026-09-19 18:12:25 | INFO     | Saving at a/skeb/i7oyr-8d3975.json
2026-09-19 18:12:26 | INFO     | OK https://skeb.jp/api/users/Ukeiuuu2
2026-09-19 18:12:26 | INFO     | Saving at a/skeb/Ukeiuuu2-6df10a.json
2026-09-19 18:12:27 | INFO     | OK https://skeb.jp/api/users/mahirunosanaka
2026-09-19 18:12:27 | INFO     | Saving at a/skeb/mahirunosanaka-d0df63.json
2026-09-19 18:12:28 | INFO     | OK https://skeb.jp/api/users/bDNsNP35kp
2026-09-19 18:12:28 | INFO     | Saving at a/skeb/bDNsNP35kp-78f971.json
2026-09-19 18:12:29 | INFO     | OK https://skeb.jp/api/users/zikyuuu
2026-09-19 18:12:29 | INFO     | Saving at a/skeb/zikyuuu-ac53bc.json
2026-09-19 18:12:30 | INFO     | OK https://skeb.jp/api/users/mizuni0816
2026-09-19 18:12:30 | INFO     | Saving at a/skeb/mizuni0816-7c00de.json
2026-09-19 18:12:31 | INFO     | OK https://skeb.jp/api/users/mochisada000
2026-09-19 18:12:31 | INFO     | Saving at a/skeb/mochisada000-7d20e1.json
2026-09-19 18:12:32 | INFO     | OK https://skeb.jp/api/users/rakugaki_gloggy
2026-09-19 18:12:32 | INFO     | Saving at a/skeb/rakugaki_gloggy-fee7ab.json
2026-09-19 18:12:33 | INFO     | OK https://skeb.jp/api/users/akatubotan
2026-09-19 18:12:33 | INFO     | Saving at a/skeb/akatubotan-c45883.json
2026-09-19 18:12:34 | INFO     | OK https://skeb.jp/api/users/shishamoplane2
2026-09-19 18:12:34 | INFO     | Saving at a/skeb/shishamoplane2-b642a5.json
2026-09-19 18:12:35 | INFO     | OK https://skeb.jp/api/users/Nanakokostay
2026-09-19 18:12:35 | INFO     | Saving at a/skeb/Nanakokostay-0ae2e7.json
2026-09-19 18:12:36 | INFO     | OK https://skeb.jp/api/users/megupuluie
2026-09-19 18:12:36 | INFO     | Saving at a/skeb/megupuluie-1dc8e3.json
2026-09-19 18:12:37 | INFO     | OK https://skeb.jp/api/users/sPeaker0306
2026-09-19 18:12:37 | INFO     | Saving at a/skeb/sPeaker0306-089707.json
2026-09-19 18:12:38 | INFO     | OK https://skeb.jp/api/users/Yume_kawa__yume
2026-09-19 18:12:38 | INFO     | Saving at a/skeb/Yume_kawa__yume-06b545.json
2026-09-19 18:12:39 | INFO     | OK https://skeb.jp/api/users/Harahararu
2026-09-19 18:12:39 | INFO     | Saving at a/skeb/Harahararu-96fe7e.json
2026-09-19 18:12:40 | INFO     | OK https://skeb.jp/api/users/shifumame0354
2026-09-19 18:12:40 | INFO     | Saving at a/skeb/shifumame0354-b4bb4b.json
2026-09-19 18:12:41 | INFO     | OK https://skeb.jp/api/users/rivu0112
2026-09-19 18:12:41 | INFO     | Saving at a/skeb/rivu0112-ca65ea.json
2026-09-19 18:12:42 | INFO     | OK https://skeb.jp/api/users/yukichi_0529
2026-09-19 18:12:42 | INFO     | Saving at a/skeb/yukichi_0529-141fb0.json
2026-09-19 18:12:43 | INFO     | OK https://skeb.jp/api/users/y_zp_113
2026-09-19 18:12:43 | INFO     | Saving at a/skeb/y_zp_113-7f1b4c.json
2026-09-19 18:12:44 | INFO     | OK https://skeb.jp/api/users/mikur_ovog
2026-09-19 18:12:44 | INFO     | Saving at a/skeb/mikur_ovog-7f247f.json
2026-09-19 18:12:45 | INFO     | OK https://skeb.jp/api/users/konomi_150
2026-09-19 18:12:45 | INFO     | Saving at a/skeb/konomi_150-645e8d.json
2026-09-19 18:12:46 | INFO     | OK https://skeb.jp/api/users/te_runrunrun
2026-09-19 18:12:46 | INFO     | Saving at a/skeb/te_runrunrun-16126b.json
2026-09-19 18:12:47 | INFO     | OK https://skeb.jp/api/users/borobug
2026-09-19 18:12:47 | INFO     | Saving at a/skeb/borobug-5a7c6c.json
2026-09-19 18:12:48 | INFO     | OK https://skeb.jp/api/users/mochi_ice7
2026-09-19 18:12:48 | INFO     | Saving at a/skeb/mochi_ice7-3ba6bb.json
2026-09-19 18:12:49 | INFO     | OK https://skeb.jp/api/users/sunagimo420
2026-09-19 18:12:49 | INFO     | Saving at a/skeb/sunagimo420-b838c5.json
2026-09-19 18:12:50 | INFO     | OK https://skeb.jp/api/users/yukiiii___saka
2026-09-19 18:12:50 | INFO     | Saving at a/skeb/yukiiii___saka-05a175.json
2026-09-19 18:12:51 | INFO     | OK https://skeb.jp/api/users/g7XQeXQWvO92074
2026-09-19 18:12:51 | INFO     | Saving at a/skeb/g7XQeXQWvO92074-cce558.json
2026-09-19 18:12:52 | INFO     | OK https://skeb.jp/api/users/sio_anko2
2026-09-19 18:12:52 | INFO     | Saving at a/skeb/sio_anko2-ee49f3.json
2026-09-19 18:12:53 | INFO     | OK https://skeb.jp/api/users/why_ball
2026-09-19 18:12:53 | INFO     | Saving at a/skeb/why_ball-10733e.json
2026-09-19 18:12:54 | INFO     | OK https://skeb.jp/api/users/Tuyivixc47
2026-09-19 18:12:54 | INFO     | Saving at a/skeb/Tuyivixc47-c51906.json
2026-09-19 18:12:55 | INFO     | OK https://skeb.jp/api/users/hako
2026-09-19 18:12:55 | INFO     | Saving at a/skeb/hako-8a594b.json
2026-09-19 18:12:56 | INFO     | OK https://skeb.jp/api/users/upou0138
2026-09-19 18:12:56 | INFO     | Saving at a/skeb/upou0138-fb397a.json
2026-09-19 18:12:57 | INFO     | OK https://skeb.jp/api/users/kumochi0803
2026-09-19 18:12:57 | INFO     | Saving at a/skeb/kumochi0803-9fbe51.json
2026-09-19 18:12:58 | INFO     | OK https://skeb.jp/api/users/ichikiro_trpg
2026-09-19 18:12:58 | INFO     | Saving at a/skeb/ichikiro_trpg-642833.json
2026-09-19 18:12:59 | INFO     | OK https://skeb.jp/api/users/toto_oekaki
2026-09-19 18:12:59 | INFO     | Saving at a/skeb/toto_oekaki-0bed91.json
2026-09-19 18:13:00 | INFO     | OK https://skeb.jp/api/users/yomosuekamo
2026-09-19 18:13:00 | INFO     | Saving at a/skeb/yomosuekamo-d1a170.json
2026-09-19 18:13:01 | INFO     | OK https://skeb.jp/api/users/ral_art
2026-09-19 18:13:01 | INFO     | Saving at a/skeb/ral_art-530eda.json
2026-09-19 18:13:02 | INFO     | OK https://skeb.jp/api/users/mati7708
2026-09-19 18:13:02 | INFO     | Saving at a/skeb/mati7708-17a481.json
2026-09-19 18:13:03 | INFO     | OK https://skeb.jp/api/users/rumi_arumo
2026-09-19 18:13:03 | INFO     | Saving at a/skeb/rumi_arumo-33673e.json
2026-09-19 18:13:04 | INFO     | OK https://skeb.jp/api/users/Shimikomi_yama
2026-09-19 18:13:04 | INFO     | Saving at a/skeb/Shimikomi_yama-b84846.json
2026-09-19 18:13:05 | INFO     | OK https://skeb.jp/api/users/orca_kj
2026-09-19 18:13:05 | INFO     | Saving at a/skeb/orca_kj-332b8e.json
2026-09-19 18:13:06 | INFO     | OK https://skeb.jp/api/users/shuubetu815
2026-09-19 18:13:06 | INFO     | Saving at a/skeb/shuubetu815-66c109.json
2026-09-19 18:13:07 | INFO     | OK https://skeb.jp/api/users/sabu575757
2026-09-19 18:13:07 | INFO     | Saving at a/skeb/sabu575757-d42acc.json
2026-09-19 18:13:08 | INFO     | OK https://skeb.jp/api/users/LaVii_exe
2026-09-19 18:13:08 | INFO     | Saving at a/skeb/LaVii_exe-1e42ab.json
2026-09-19 18:13:09 | INFO     | OK https://skeb.jp/api/users/dairi155
2026-09-19 18:13:09 | INFO     | Saving at a/skeb/dairi155-098ec5.json
2026-09-19 18:13:10 | INFO     | OK https://skeb.jp/api/users/hatisu_ryousuke
2026-09-19 18:13:10 | INFO     | Saving at a/skeb/hatisu_ryousuke-4e8065.json
2026-09-19 18:13:11 | INFO     | OK https://skeb.jp/api/users/Aputto_9
2026-09-19 18:13:11 | INFO     | Saving at a/skeb/Aputto_9-7be0a3.json
2026-09-19 18:13:12 | INFO     | OK https://skeb.jp/api/users/mecolate
2026-09-19 18:13:12 | INFO     | Saving at a/skeb/mecolate-7fe57f.json
2026-09-19 18:13:13 | INFO     | OK https://skeb.jp/api/users/muuu___303
2026-09-19 18:13:13 | INFO     | Saving at a/skeb/muuu___303-d7408b.json
2026-09-19 18:13:14 | INFO     | OK https://skeb.jp/api/users/AraRuri0909
2026-09-19 18:13:14 | INFO     | Saving at a/skeb/AraRuri0909-514924.json
2026-09-19 18:13:15 | INFO     | OK https://skeb.jp/api/users/iroikkai
2026-09-19 18:13:15 | INFO     | Saving at a/skeb/iroikkai-330fdf.json
2026-09-19 18:13:16 | INFO     | OK https://skeb.jp/api/users/x1n0_gk5
2026-09-19 18:13:16 | INFO     | Saving at a/skeb/x1n0_gk5-db2d96.json
2026-09-19 18:13:17 | INFO     | OK https://skeb.jp/api/users/takukuroneko
2026-09-19 18:13:17 | INFO     | Saving at a/skeb/takukuroneko-8831c7.json
2026-09-19 18:13:18 | INFO     | OK https://skeb.jp/api/users/Chiyo9573
2026-09-19 18:13:18 | INFO     | Saving at a/skeb/Chiyo9573-3284d5.json
2026-09-19 18:13:19 | INFO     | OK https://skeb.jp/api/users/ichimasa_game
2026-09-19 18:13:19 | INFO     | Saving at a/skeb/ichimasa_game-e34f7d.json
2026-09-19 18:13:20 | INFO     | OK https://skeb.jp/api/users/ebi_oishiiii
2026-09-19 18:13:20 | INFO     | Saving at a/skeb/ebi_oishiiii-0ab976.json
2026-09-19 18:13:21 | INFO     | OK https://skeb.jp/api/users/Sazai_z
2026-09-19 18:13:21 | INFO     | Saving at a/skeb/Sazai_z-805957.json
2026-09-19 18:13:22 | INFO     | OK https://skeb.jp/api/users/nai_zhang71447
2026-09-19 18:13:22 | INFO     | Saving at a/skeb/nai_zhang71447-b0bcca.json
2026-09-19 18:13:23 | INFO     | OK https://skeb.jp/api/users/gvmmr_
2026-09-19 18:13:23 | INFO     | Saving at a/skeb/gvmmr_-dfa067.json
2026-09-19 18:13:24 | INFO     | OK https://skeb.jp/api/users/kragami_mom
2026-09-19 18:13:24 | INFO     | Saving at a/skeb/kragami_mom-47ee11.json
2026-09-19 18:13:25 | INFO     | OK https://skeb.jp/api/users/goko_moon
2026-09-19 18:13:25 | INFO     | Saving at a/skeb/goko_moon-48b977.json
2026-09-19 18:13:26 | INFO     | OK https://skeb.jp/api/users/Meowstic__
2026-09-19 18:13:26 | INFO     | Saving at a/skeb/Meowstic__-881415.json
2026-09-19 18:13:27 | INFO     | OK https://skeb.jp/api/users/1o11220883
2026-09-19 18:13:27 | INFO     | Saving at a/skeb/1o11220883-281985.json
2026-09-19 18:13:28 | INFO     | OK https://skeb.jp/api/users/Q_oneillust
2026-09-19 18:13:28 | INFO     | Saving at a/skeb/Q_oneillust-45c597.json
2026-09-19 18:13:29 | INFO     | OK https://skeb.jp/api/users/nndttn
2026-09-19 18:13:29 | INFO     | Saving at a/skeb/nndttn-b0e8b7.json
2026-09-19 18:13:30 | INFO     | OK https://skeb.jp/api/users/nagana
2026-09-19 18:13:30 | INFO     | Saving at a/skeb/nagana-db114a.json
2026-09-19 18:13:31 | INFO     | OK https://skeb.jp/api/users/us2_uoxo
2026-09-19 18:13:31 | INFO     | Saving at a/skeb/us2_uoxo-092daf.json
2026-09-19 18:13:32 | INFO     | OK https://skeb.jp/api/users/massan001
2026-09-19 18:13:32 | INFO     | Saving at a/skeb/massan001-07190c.json
2026-09-19 18:13:33 | INFO     | OK https://skeb.jp/api/users/8myul
2026-09-19 18:13:33 | INFO     | Saving at a/skeb/8myul-a005a1.json
2026-09-19 18:13:34 | INFO     | OK https://skeb.jp/api/users/ginjiroXX
2026-09-19 18:13:34 | INFO     | Saving at a/skeb/ginjiroXX-907151.json
2026-09-19 18:13:35 | INFO     | OK https://skeb.jp/api/users/Rosie_Rosie
2026-09-19 18:13:35 | INFO     | Saving at a/skeb/Rosie_Rosie-c946ac.json
2026-09-19 18:13:36 | INFO     | OK https://skeb.jp/api/users/kkr4c
2026-09-19 18:13:36 | INFO     | Saving at a/skeb/kkr4c-0e9c5c.json
2026-09-19 18:13:37 | INFO     | OK https://skeb.jp/api/users/Wolfdog_77
2026-09-19 18:13:37 | INFO     | Saving at a/skeb/Wolfdog_77-65d2dd.json
2026-09-19 18:13:38 | INFO     | OK https://skeb.jp/api/users/TottemoLovely
2026-09-19 18:13:38 | INFO     | Saving at a/skeb/TottemoLovely-f07277.json
2026-09-19 18:13:39 | INFO     | OK https://skeb.jp/api/users/Laccha1234
2026-09-19 18:13:39 | INFO     | Saving at a/skeb/Laccha1234-45a504.json
2026-09-19 18:13:40 | INFO     | OK https://skeb.jp/api/users/Koppepan_agp
2026-09-19 18:13:40 | INFO     | Saving at a/skeb/Koppepan_agp-888d53.json
2026-09-19 18:13:41 | INFO     | OK https://skeb.jp/api/users/mig_htr
2026-09-19 18:13:41 | INFO     | Saving at a/skeb/mig_htr-8a260c.json
2026-09-19 18:13:42 | INFO     | OK https://skeb.jp/api/users/sorotu
2026-09-19 18:13:42 | INFO     | Saving at a/skeb/sorotu-d5d578.json
2026-09-19 18:13:43 | INFO     | OK https://skeb.jp/api/users/kurumi1202kuru
2026-09-19 18:13:43 | INFO     | Saving at a/skeb/kurumi1202kuru-1d2a3f.json
2026-09-19 18:13:44 | INFO     | OK https://skeb.jp/api/users/kakkou_R
2026-09-19 18:13:44 | INFO     | Saving at a/skeb/kakkou_R-6ce0cc.json
2026-09-19 18:13:45 | INFO     | OK https://skeb.jp/api/users/mmdr_bird
2026-09-19 18:13:45 | INFO     | Saving at a/skeb/mmdr_bird-bd6298.json
2026-09-19 18:13:46 | INFO     | OK https://skeb.jp/api/users/kinakoyamamori
2026-09-19 18:13:46 | INFO     | Saving at a/skeb/kinakoyamamori-d4aa2b.json
2026-09-19 18:13:47 | INFO     | OK https://skeb.jp/api/users/tutakazura000
2026-09-19 18:13:47 | INFO     | Saving at a/skeb/tutakazura000-d3e79b.json
2026-09-19 18:13:48 | INFO     | OK https://skeb.jp/api/users/siso_umai
2026-09-19 18:13:48 | INFO     | Saving at a/skeb/siso_umai-0d829c.json
2026-09-19 18:13:49 | INFO     | OK https://skeb.jp/api/users/suzu_illust
2026-09-19 18:13:49 | INFO     | Saving at a/skeb/suzu_illust-84a979.json
2026-09-19 18:13:50 | INFO     | OK https://skeb.jp/api/users/sdns53
2026-09-19 18:13:50 | INFO     | Saving at a/skeb/sdns53-c1d7e3.json
2026-09-19 18:13:51 | INFO     | OK https://skeb.jp/api/users/mist_likes_kabu
2026-09-19 18:13:51 | INFO     | Saving at a/skeb/mist_likes_kabu-0810d9.json
2026-09-19 18:13:52 | INFO     | OK https://skeb.jp/api/users/ktd_616
2026-09-19 18:13:52 | INFO     | Saving at a/skeb/ktd_616-053fb1.json
2026-09-19 18:13:53 | INFO     | OK https://skeb.jp/api/users/merunmohu
2026-09-19 18:13:53 | INFO     | Saving at a/skeb/merunmohu-b29ffe.json
2026-09-19 18:13:54 | INFO     | OK https://skeb.jp/api/users/EuZ0ocLz6ougDuR
2026-09-19 18:13:54 | INFO     | Saving at a/skeb/EuZ0ocLz6ougDuR-effb94.json
2026-09-19 18:13:55 | INFO     | OK https://skeb.jp/api/users/muhnie45448030
2026-09-19 18:13:55 | INFO     | Saving at a/skeb/muhnie45448030-0555ee.json
2026-09-19 18:13:56 | INFO     | OK https://skeb.jp/api/users/piyo_to_game
2026-09-19 18:13:56 | INFO     | Saving at a/skeb/piyo_to_game-24b3e2.json
2026-09-19 18:13:57 | INFO     | OK https://skeb.jp/api/users/botanyaynatod
2026-09-19 18:13:57 | INFO     | Saving at a/skeb/botanyaynatod-93f739.json
2026-09-19 18:13:58 | INFO     | OK https://skeb.jp/api/users/Univxcig
2026-09-19 18:13:58 | INFO     | Saving at a/skeb/Univxcig-e2a7db.json
2026-09-19 18:13:59 | INFO     | OK https://skeb.jp/api/users/KurePuru66557
2026-09-19 18:13:59 | INFO     | Saving at a/skeb/KurePuru66557-c76f3d.json
2026-09-19 18:14:00 | INFO     | OK https://skeb.jp/api/users/satotmt
2026-09-19 18:14:00 | INFO     | Saving at a/skeb/satotmt-b2abb4.json
2026-09-19 18:14:01 | INFO     | OK https://skeb.jp/api/users/_wrig_
2026-09-19 18:14:01 | INFO     | Saving at a/skeb/_wrig_-e23030.json
2026-09-19 18:14:02 | INFO     | OK https://skeb.jp/api/users/uniunibone
2026-09-19 18:14:03 | INFO     | Saving at a/skeb/uniunibone-ee0648.json
2026-09-19 18:14:03 | INFO     | OK https://skeb.jp/api/users/torano_777
2026-09-19 18:14:03 | INFO     | Saving at a/skeb/torano_777-011b9d.json
2026-09-19 18:14:04 | INFO     | OK https://skeb.jp/api/users/Shiraiwa_Usagi
2026-09-19 18:14:04 | INFO     | Saving at a/skeb/Shiraiwa_Usagi-46e306.json
2026-09-19 18:14:05 | INFO     | OK https://skeb.jp/api/users/sakenotorakichi
2026-09-19 18:14:05 | INFO     | Saving at a/skeb/sakenotorakichi-41ba63.json
2026-09-19 18:14:06 | INFO     | OK https://skeb.jp/api/users/ana_yakko
2026-09-19 18:14:06 | INFO     | Saving at a/skeb/ana_yakko-db41b3.json
2026-09-19 18:14:07 | INFO     | OK https://skeb.jp/api/users/orleans13x
2026-09-19 18:14:07 | INFO     | Saving at a/skeb/orleans13x-d6d3df.json
2026-09-19 18:14:08 | INFO     | OK https://skeb.jp/api/users/sagiriwing
2026-09-19 18:14:08 | INFO     | Saving at a/skeb/sagiriwing-eb3246.json
2026-09-19 18:14:09 | INFO     | OK https://skeb.jp/api/users/MarukkoF
2026-09-19 18:14:09 | INFO     | Saving at a/skeb/MarukkoF-8d14bc.json
2026-09-19 18:14:10 | INFO     | OK https://skeb.jp/api/users/300yenmade
2026-09-19 18:14:10 | INFO     | Saving at a/skeb/300yenmade-b5925f.json
2026-09-19 18:14:11 | INFO     | OK https://skeb.jp/api/users/iisonntagii
2026-09-19 18:14:11 | INFO     | Saving at a/skeb/iisonntagii-95ff2f.json
2026-09-19 18:14:12 | INFO     | OK https://skeb.jp/api/users/kituneto_suzu
2026-09-19 18:14:12 | INFO     | Saving at a/skeb/kituneto_suzu-b266f5.json
2026-09-19 18:14:13 | INFO     | OK https://skeb.jp/api/users/totemosind
2026-09-19 18:14:13 | INFO     | Saving at a/skeb/totemosind-ca5878.json
2026-09-19 18:14:14 | INFO     | OK https://skeb.jp/api/users/aoiroblue_77
2026-09-19 18:14:14 | INFO     | Saving at a/skeb/aoiroblue_77-6af908.json
2026-09-19 18:14:15 | INFO     | OK https://skeb.jp/api/users/chirigaminn
2026-09-19 18:14:15 | INFO     | Saving at a/skeb/chirigaminn-596087.json
2026-09-19 18:14:16 | INFO     | OK https://skeb.jp/api/users/NDs666666
2026-09-19 18:14:16 | INFO     | Saving at a/skeb/NDs666666-9baa08.json
2026-09-19 18:14:17 | INFO     | OK https://skeb.jp/api/users/NUGA_666
2026-09-19 18:14:17 | INFO     | Saving at a/skeb/NUGA_666-80773b.json
2026-09-19 18:14:19 | INFO     | OK https://skeb.jp/api/users/whitebread_o00
2026-09-19 18:14:19 | INFO     | Saving at a/skeb/whitebread_o00-159fb5.json
2026-09-19 18:14:19 | INFO     | OK https://skeb.jp/api/users/kisa_murasame
2026-09-19 18:14:19 | INFO     | Saving at a/skeb/kisa_murasame-fbd99d.json
2026-09-19 18:14:20 | INFO     | OK https://skeb.jp/api/users/XXmzqXX
2026-09-19 18:14:20 | INFO     | Saving at a/skeb/XXmzqXX-1285a6.json
2026-09-19 18:14:22 | INFO     | OK https://skeb.jp/api/users/ltdandinfinity
2026-09-19 18:14:22 | INFO     | Saving at a/skeb/ltdandinfinity-33992c.json
2026-09-19 18:14:22 | INFO     | OK https://skeb.jp/api/users/magmelmel
2026-09-19 18:14:22 | INFO     | Saving at a/skeb/magmelmel-747635.json
2026-09-19 18:14:23 | INFO     | OK https://skeb.jp/api/users/stylishtrash
2026-09-19 18:14:23 | INFO     | Saving at a/skeb/stylishtrash-f3b076.json
2026-09-19 18:14:24 | INFO     | OK https://skeb.jp/api/users/negiwasa555
2026-09-19 18:14:24 | INFO     | Saving at a/skeb/negiwasa555-36493e.json
2026-09-19 18:14:25 | INFO     | OK https://skeb.jp/api/users/djmmk92
2026-09-19 18:14:25 | INFO     | Saving at a/skeb/djmmk92-7a6075.json
2026-09-19 18:14:26 | INFO     | OK https://skeb.jp/api/users/pon_KL_HS
2026-09-19 18:14:26 | INFO     | Saving at a/skeb/pon_KL_HS-022cb5.json
2026-09-19 18:14:27 | INFO     | OK https://skeb.jp/api/users/kumano_foo
2026-09-19 18:14:27 | INFO     | Saving at a/skeb/kumano_foo-060a4d.json
2026-09-19 18:14:28 | INFO     | OK https://skeb.jp/api/users/mariopnn788
2026-09-19 18:14:28 | INFO     | Saving at a/skeb/mariopnn788-07cf8e.json
2026-09-19 18:14:29 | INFO     | OK https://skeb.jp/api/users/FuchigamiMirai
2026-09-19 18:14:29 | INFO     | Saving at a/skeb/FuchigamiMirai-221afe.json
2026-09-19 18:14:30 | INFO     | OK https://skeb.jp/api/users/shiro_neko_ban
2026-09-19 18:14:30 | INFO     | Saving at a/skeb/shiro_neko_ban-378cbf.json
2026-09-19 18:14:31 | INFO     | OK https://skeb.jp/api/users/HprPo
2026-09-19 18:14:31 | INFO     | Saving at a/skeb/HprPo-762087.json
2026-09-19 18:14:32 | INFO     | OK https://skeb.jp/api/users/iyashigorira12
2026-09-19 18:14:32 | INFO     | Saving at a/skeb/iyashigorira12-c40c1e.json
2026-09-19 18:14:33 | INFO     | OK https://skeb.jp/api/users/hihuu36
2026-09-19 18:14:33 | INFO     | Saving at a/skeb/hihuu36-58af5c.json
2026-09-19 18:14:34 | INFO     | OK https://skeb.jp/api/users/Carbon8period
2026-09-19 18:14:34 | INFO     | Saving at a/skeb/Carbon8period-086746.json
2026-09-19 18:14:35 | INFO     | OK https://skeb.jp/api/users/pencopeco
2026-09-19 18:14:35 | INFO     | Saving at a/skeb/pencopeco-e050fc.json
2026-09-19 18:14:36 | INFO     | OK https://skeb.jp/api/users/kutuziro
2026-09-19 18:14:36 | INFO     | Saving at a/skeb/kutuziro-3e0e9e.json
2026-09-19 18:14:37 | INFO     | OK https://skeb.jp/api/users/roeo_xxx
2026-09-19 18:14:37 | INFO     | Saving at a/skeb/roeo_xxx-b8c939.json
2026-09-19 18:14:38 | INFO     | OK https://skeb.jp/api/users/oekakisuruyo_0
2026-09-19 18:14:38 | INFO     | Saving at a/skeb/oekakisuruyo_0-a615f4.json
2026-09-19 18:14:39 | INFO     | OK https://skeb.jp/api/users/usagikyogijo
2026-09-19 18:14:39 | INFO     | Saving at a/skeb/usagikyogijo-4b414c.json
2026-09-19 18:14:40 | INFO     | OK https://skeb.jp/api/users/canele_x
2026-09-19 18:14:40 | INFO     | Saving at a/skeb/canele_x-550411.json
2026-09-19 18:14:41 | INFO     | OK https://skeb.jp/api/users/ai466e
2026-09-19 18:14:41 | INFO     | Saving at a/skeb/ai466e-e4281b.json
2026-09-19 18:14:43 | INFO     | OK https://skeb.jp/api/users/Kam_Unagi28
2026-09-19 18:14:43 | INFO     | Saving at a/skeb/Kam_Unagi28-15a37e.json
2026-09-19 18:14:44 | INFO     | OK https://skeb.jp/api/users/karamete19
2026-09-19 18:14:44 | INFO     | Saving at a/skeb/karamete19-457d43.json
2026-09-19 18:14:44 | INFO     | OK https://skeb.jp/api/users/a_MANOJAKU_
2026-09-19 18:14:44 | INFO     | Saving at a/skeb/a_MANOJAKU_-d05a08.json
2026-09-19 18:14:45 | INFO     | OK https://skeb.jp/api/users/knicat
2026-09-19 18:14:45 | INFO     | Saving at a/skeb/knicat-ab6418.json
2026-09-19 18:14:46 | INFO     | OK https://skeb.jp/api/users/kyousushikutta
2026-09-19 18:14:46 | INFO     | Saving at a/skeb/kyousushikutta-b26b0f.json
2026-09-19 18:14:47 | INFO     | OK https://skeb.jp/api/users/kan120222
2026-09-19 18:14:47 | INFO     | Saving at a/skeb/kan120222-024030.json
2026-09-19 18:14:48 | INFO     | OK https://skeb.jp/api/users/hukasigi_nayuta
2026-09-19 18:14:48 | INFO     | Saving at a/skeb/hukasigi_nayuta-088f56.json
2026-09-19 18:14:49 | INFO     | OK https://skeb.jp/api/users/kedama_shoku
2026-09-19 18:14:49 | INFO     | Saving at a/skeb/kedama_shoku-3594a7.json
2026-09-19 18:14:50 | INFO     | OK https://skeb.jp/api/users/Ca_7__
2026-09-19 18:14:50 | INFO     | Saving at a/skeb/Ca_7__-f11592.json
2026-09-19 18:14:52 | INFO     | OK https://skeb.jp/api/users/nnntgbt2434
2026-09-19 18:14:52 | INFO     | Saving at a/skeb/nnntgbt2434-07b173.json
2026-09-19 18:14:52 | INFO     | OK https://skeb.jp/api/users/thee_rotten
2026-09-19 18:14:52 | INFO     | Saving at a/skeb/thee_rotten-76ebcc.json
2026-09-19 18:14:54 | INFO     | OK https://skeb.jp/api/users/594Hi
2026-09-19 18:14:54 | INFO     | Saving at a/skeb/594Hi-87dbed.json
2026-09-19 18:14:54 | INFO     | OK https://skeb.jp/api/users/SumidokoroJusho
2026-09-19 18:14:54 | INFO     | Saving at a/skeb/SumidokoroJusho-440ce6.json
2026-09-19 18:14:55 | INFO     | OK https://skeb.jp/api/users/AdatiTumugu
2026-09-19 18:14:55 | INFO     | Saving at a/skeb/AdatiTumugu-8a8651.json
2026-09-19 18:14:57 | INFO     | OK https://skeb.jp/api/users/oooesonitN
2026-09-19 18:14:57 | INFO     | Saving at a/skeb/oooesonitN-317630.json
2026-09-19 18:14:57 | INFO     | OK https://skeb.jp/api/users/_cochaco
2026-09-19 18:14:57 | INFO     | Saving at a/skeb/_cochaco-8951a7.json
2026-09-19 18:14:58 | INFO     | OK https://skeb.jp/api/users/ofuton0317
2026-09-19 18:14:58 | INFO     | Saving at a/skeb/ofuton0317-c5f674.json
2026-09-19 18:14:59 | INFO     | OK https://skeb.jp/api/users/lI8Z2fsn4r98574
2026-09-19 18:14:59 | INFO     | Saving at a/skeb/lI8Z2fsn4r98574-c992d5.json
2026-09-19 18:15:00 | INFO     | OK https://skeb.jp/api/users/5bSLVLGozN90166
2026-09-19 18:15:00 | INFO     | Saving at a/skeb/5bSLVLGozN90166-2e2616.json
2026-09-19 18:15:02 | INFO     | OK https://skeb.jp/api/users/eextupa0000
2026-09-19 18:15:02 | INFO     | Saving at a/skeb/eextupa0000-a00e0e.json
2026-09-19 18:15:02 | INFO     | OK https://skeb.jp/api/users/D_dada_ddd
2026-09-19 18:15:02 | INFO     | Saving at a/skeb/D_dada_ddd-5b4e1a.json
2026-09-19 18:15:03 | INFO     | OK https://skeb.jp/api/users/mugyiiiii_ika
2026-09-19 18:15:03 | INFO     | Saving at a/skeb/mugyiiiii_ika-396e25.json
2026-09-19 18:15:05 | INFO     | OK https://skeb.jp/api/users/Merry_San_Xmas
2026-09-19 18:15:05 | INFO     | Saving at a/skeb/Merry_San_Xmas-d633b6.json
2026-09-19 18:15:05 | INFO     | OK https://skeb.jp/api/users/upa_kurahasi
2026-09-19 18:15:05 | INFO     | Saving at a/skeb/upa_kurahasi-8584ad.json
2026-09-19 18:15:07 | INFO     | OK https://skeb.jp/api/users/haigamai88
2026-09-19 18:15:07 | INFO     | Saving at a/skeb/haigamai88-a1fcb4.json
2026-09-19 18:15:07 | INFO     | OK https://skeb.jp/api/users/tukesiru
2026-09-19 18:15:07 | INFO     | Saving at a/skeb/tukesiru-61f274.json
2026-09-19 18:15:08 | INFO     | OK https://skeb.jp/api/users/ayanepuna
2026-09-19 18:15:08 | INFO     | Saving at a/skeb/ayanepuna-6c8f63.json
2026-09-19 18:15:10 | INFO     | OK https://skeb.jp/api/users/qJHSdwVNXvBBGxL
2026-09-19 18:15:10 | INFO     | Saving at a/skeb/qJHSdwVNXvBBGxL-004571.json
2026-09-19 18:15:10 | INFO     | OK https://skeb.jp/api/users/miho_R02
2026-09-19 18:15:10 | INFO     | Saving at a/skeb/miho_R02-c13de9.json
2026-09-19 18:15:11 | INFO     | OK https://skeb.jp/api/users/sakuraMilk_tea
2026-09-19 18:15:11 | INFO     | Saving at a/skeb/sakuraMilk_tea-20d9f1.json
2026-09-19 18:15:12 | INFO     | OK https://skeb.jp/api/users/ROSIROkpi
2026-09-19 18:15:12 | INFO     | Saving at a/skeb/ROSIROkpi-f0115e.json
2026-09-19 18:15:13 | INFO     | OK https://skeb.jp/api/users/siroroxxxx
2026-09-19 18:15:13 | INFO     | Saving at a/skeb/siroroxxxx-11d198.json
2026-09-19 18:15:14 | INFO     | OK https://skeb.jp/api/users/scarlet753315
2026-09-19 18:15:14 | INFO     | Saving at a/skeb/scarlet753315-ac8587.json
2026-09-19 18:15:15 | INFO     | OK https://skeb.jp/api/users/777___gigigi
2026-09-19 18:15:15 | INFO     | Saving at a/skeb/777___gigigi-4fabe9.json
2026-09-19 18:15:16 | INFO     | OK https://skeb.jp/api/users/sae77_
2026-09-19 18:15:16 | INFO     | Saving at a/skeb/sae77_-141f60.json
2026-09-19 18:15:18 | INFO     | OK https://skeb.jp/api/users/kkon_kkon
2026-09-19 18:15:18 | INFO     | Saving at a/skeb/kkon_kkon-33d9d1.json
2026-09-19 18:15:18 | INFO     | OK https://skeb.jp/api/users/toomishou
2026-09-19 18:15:18 | INFO     | Saving at a/skeb/toomishou-e0e4fb.json
2026-09-19 18:15:19 | INFO     | OK https://skeb.jp/api/users/kuma_2nd
2026-09-19 18:15:20 | INFO     | Saving at a/skeb/kuma_2nd-125487.json
2026-09-19 18:15:21 | INFO     | OK https://skeb.jp/api/users/misimakaku
2026-09-19 18:15:21 | INFO     | Saving at a/skeb/misimakaku-d5ff05.json
2026-09-19 18:15:21 | INFO     | OK https://skeb.jp/api/users/tsumugi_t1231
2026-09-19 18:15:21 | INFO     | Saving at a/skeb/tsumugi_t1231-d31e64.json
2026-09-19 18:15:22 | INFO     | OK https://skeb.jp/api/users/yoshiRAS888
2026-09-19 18:15:22 | INFO     | Saving at a/skeb/yoshiRAS888-6d45ab.json
2026-09-19 18:15:23 | INFO     | OK https://skeb.jp/api/users/tasio
2026-09-19 18:15:23 | INFO     | Saving at a/skeb/tasio-aff318.json
2026-09-19 18:15:24 | INFO     | OK https://skeb.jp/api/users/ooo_0926
2026-09-19 18:15:24 | INFO     | Saving at a/skeb/ooo_0926-4f97ee.json
2026-09-19 18:15:26 | INFO     | OK https://skeb.jp/api/users/mof063
2026-09-19 18:15:26 | INFO     | Saving at a/skeb/mof063-e29566.json
2026-09-19 18:15:26 | INFO     | OK https://skeb.jp/api/users/azurelapiiis
2026-09-19 18:15:26 | INFO     | Saving at a/skeb/azurelapiiis-3f09f8.json
2026-09-19 18:15:27 | INFO     | OK https://skeb.jp/api/users/seseiic
2026-09-19 18:15:27 | INFO     | Saving at a/skeb/seseiic-c875dd.json
2026-09-19 18:15:29 | INFO     | OK https://skeb.jp/api/users/ytarohhhh
2026-09-19 18:15:29 | INFO     | Saving at a/skeb/ytarohhhh-addfc6.json
2026-09-19 18:15:29 | INFO     | OK https://skeb.jp/api/users/zw001sousaku
2026-09-19 18:15:29 | INFO     | Saving at a/skeb/zw001sousaku-237f91.json
2026-09-19 18:15:30 | INFO     | OK https://skeb.jp/api/users/kato_miao
2026-09-19 18:15:30 | INFO     | Saving at a/skeb/kato_miao-dc982d.json
2026-09-19 18:15:31 | INFO     | OK https://skeb.jp/api/users/mon_ster_s
2026-09-19 18:15:31 | INFO     | Saving at a/skeb/mon_ster_s-ccca71.json
2026-09-19 18:15:33 | INFO     | OK https://skeb.jp/api/users/omu3retu
2026-09-19 18:15:33 | INFO     | Saving at a/skeb/omu3retu-0ab6a1.json
2026-09-19 18:15:33 | INFO     | OK https://skeb.jp/api/users/prankton_huge
2026-09-19 18:15:33 | INFO     | Saving at a/skeb/prankton_huge-bfe927.json
2026-09-19 18:15:34 | INFO     | OK https://skeb.jp/api/users/PO5S5G6YVs5I8hm
2026-09-19 18:15:34 | INFO     | Saving at a/skeb/PO5S5G6YVs5I8hm-3702fd.json
2026-09-19 18:15:36 | INFO     | OK https://skeb.jp/api/users/Satuki_rabbit
2026-09-19 18:15:36 | INFO     | Saving at a/skeb/Satuki_rabbit-c075b6.json
2026-09-19 18:15:36 | INFO     | OK https://skeb.jp/api/users/nejirehifumi
2026-09-19 18:15:36 | INFO     | Saving at a/skeb/nejirehifumi-61e24f.json
2026-09-19 18:15:38 | INFO     | OK https://skeb.jp/api/users/magumazie0927
2026-09-19 18:15:38 | INFO     | Saving at a/skeb/magumazie0927-c4f197.json
2026-09-19 18:15:38 | INFO     | OK https://skeb.jp/api/users/shibachaya
2026-09-19 18:15:39 | INFO     | Saving at a/skeb/shibachaya-ccefe9.json
2026-09-19 18:15:40 | INFO     | OK https://skeb.jp/api/users/coupling_maker
2026-09-19 18:15:40 | INFO     | Saving at a/skeb/coupling_maker-f949c5.json
2026-09-19 18:15:40 | INFO     | OK https://skeb.jp/api/users/ichiloid
2026-09-19 18:15:40 | INFO     | Saving at a/skeb/ichiloid-f61331.json
2026-09-19 18:15:42 | INFO     | OK https://skeb.jp/api/users/suikano5
2026-09-19 18:15:42 | INFO     | Saving at a/skeb/suikano5-95681f.json
2026-09-19 18:15:42 | INFO     | OK https://skeb.jp/api/users/konoha_sakura_2
2026-09-19 18:15:42 | INFO     | Saving at a/skeb/konoha_sakura_2-9dcd2e.json
2026-09-19 18:15:43 | INFO     | OK https://skeb.jp/api/users/kibami0609
2026-09-19 18:15:43 | INFO     | Saving at a/skeb/kibami0609-ed02aa.json
2026-09-19 18:15:44 | INFO     | OK https://skeb.jp/api/users/sima_sima_09
2026-09-19 18:15:44 | INFO     | Saving at a/skeb/sima_sima_09-d66a00.json
2026-09-19 18:15:45 | INFO     | OK https://skeb.jp/api/users/euglena72
2026-09-19 18:15:45 | INFO     | Saving at a/skeb/euglena72-1d0381.json
2026-09-19 18:15:46 | INFO     | OK https://skeb.jp/api/users/middori_00
2026-09-19 18:15:46 | INFO     | Saving at a/skeb/middori_00-03933c.json
2026-09-19 18:15:47 | INFO     | OK https://skeb.jp/api/users/horon_a
2026-09-19 18:15:47 | INFO     | Saving at a/skeb/horon_a-d3be8d.json
2026-09-19 18:15:48 | INFO     | OK https://skeb.jp/api/users/UNG_312
2026-09-19 18:15:48 | INFO     | Saving at a/skeb/UNG_312-766a1e.json
2026-09-19 18:15:49 | INFO     | OK https://skeb.jp/api/users/meteorites0166
2026-09-19 18:15:49 | INFO     | Saving at a/skeb/meteorites0166-c82bc3.json
2026-09-19 18:15:50 | INFO     | OK https://skeb.jp/api/users/_igaragi
2026-09-19 18:15:50 | INFO     | Saving at a/skeb/_igaragi-315a8d.json
2026-09-19 18:15:52 | INFO     | OK https://skeb.jp/api/users/_asahisub
2026-09-19 18:15:52 | INFO     | Saving at a/skeb/_asahisub-ebbecc.json
2026-09-19 18:15:53 | INFO     | OK https://skeb.jp/api/users/anoano_san
2026-09-19 18:15:53 | INFO     | Saving at a/skeb/anoano_san-32ee7f.json
2026-09-19 18:15:53 | INFO     | OK https://skeb.jp/api/users/393939Min
2026-09-19 18:15:53 | INFO     | Saving at a/skeb/393939Min-a1415c.json
2026-09-19 18:15:54 | INFO     | OK https://skeb.jp/api/users/iroiro1729
2026-09-19 18:15:54 | INFO     | Saving at a/skeb/iroiro1729-a9dcda.json
2026-09-19 18:15:56 | INFO     | OK https://skeb.jp/api/users/l_v0319
2026-09-19 18:15:56 | INFO     | Saving at a/skeb/l_v0319-bcf9ec.json
2026-09-19 18:15:57 | INFO     | OK https://skeb.jp/api/users/rSVFLruPwTM1hPG
2026-09-19 18:15:57 | INFO     | Saving at a/skeb/rSVFLruPwTM1hPG-878dc4.json
2026-09-19 18:15:57 | INFO     | OK https://skeb.jp/api/users/trmkbn
2026-09-19 18:15:57 | INFO     | Saving at a/skeb/trmkbn-329ef9.json
2026-09-19 18:15:58 | INFO     | OK https://skeb.jp/api/users/vbouru
2026-09-19 18:15:58 | INFO     | Saving at a/skeb/vbouru-6d6545.json
2026-09-19 18:15:59 | INFO     | OK https://skeb.jp/api/users/koma32883613
2026-09-19 18:15:59 | INFO     | Saving at a/skeb/koma32883613-01ccfc.json
2026-09-19 18:16:01 | INFO     | OK https://skeb.jp/api/users/pooooocha10
2026-09-19 18:16:01 | INFO     | Saving at a/skeb/pooooocha10-1e0980.json
2026-09-19 18:16:02 | INFO     | OK https://skeb.jp/api/users/0721Kin29n
2026-09-19 18:16:02 | INFO     | Saving at a/skeb/0721Kin29n-58b324.json
2026-09-19 18:16:02 | INFO     | OK https://skeb.jp/api/users/_iyosan
2026-09-19 18:16:02 | INFO     | Saving at a/skeb/_iyosan-f9186f.json
2026-09-19 18:16:03 | INFO     | OK https://skeb.jp/api/users/rerrere310
2026-09-19 18:16:03 | INFO     | Saving at a/skeb/rerrere310-bc92e2.json
2026-09-19 18:16:05 | INFO     | OK https://skeb.jp/api/users/kuru2suuziman
2026-09-19 18:16:05 | INFO     | Saving at a/skeb/kuru2suuziman-decaa6.json
2026-09-19 18:16:06 | INFO     | OK https://skeb.jp/api/users/2YakiTori2
2026-09-19 18:16:06 | INFO     | Saving at a/skeb/2YakiTori2-6d8ad5.json
2026-09-19 18:16:07 | INFO     | OK https://skeb.jp/api/users/RSN_07
2026-09-19 18:16:07 | INFO     | Saving at a/skeb/RSN_07-30a32d.json
2026-09-19 18:16:08 | INFO     | OK https://skeb.jp/api/users/doromonochro
2026-09-19 18:16:08 | INFO     | Saving at a/skeb/doromonochro-dee8f6.json
2026-09-19 18:16:09 | INFO     | OK https://skeb.jp/api/users/shlml
2026-09-19 18:16:09 | INFO     | Saving at a/skeb/shlml-39b863.json
2026-09-19 18:16:10 | INFO     | OK https://skeb.jp/api/users/illust__ai
2026-09-19 18:16:10 | INFO     | Saving at a/skeb/illust__ai-9fb764.json
2026-09-19 18:16:10 | INFO     | OK https://skeb.jp/api/users/mellow_cham
2026-09-19 18:16:10 | INFO     | Saving at a/skeb/mellow_cham-a26bea.json
2026-09-19 18:16:12 | INFO     | OK https://skeb.jp/api/users/1eavethebus
2026-09-19 18:16:12 | INFO     | Saving at a/skeb/1eavethebus-f1a7fb.json
2026-09-19 18:16:12 | INFO     | OK https://skeb.jp/api/users/Death_mimai
2026-09-19 18:16:12 | INFO     | Saving at a/skeb/Death_mimai-b7a59f.json
2026-09-19 18:16:14 | INFO     | OK https://skeb.jp/api/users/synecdoche445
2026-09-19 18:16:14 | INFO     | Saving at a/skeb/synecdoche445-fe1338.json
2026-09-19 18:16:15 | INFO     | OK https://skeb.jp/api/users/nekoneko_sansho
2026-09-19 18:16:15 | INFO     | Saving at a/skeb/nekoneko_sansho-bf1ad0.json
2026-09-19 18:16:16 | INFO     | OK https://skeb.jp/api/users/sarachama
2026-09-19 18:16:16 | INFO     | Saving at a/skeb/sarachama-9b7683.json
2026-09-19 18:16:17 | INFO     | OK https://skeb.jp/api/users/moi03_moi08
2026-09-19 18:16:17 | INFO     | Saving at a/skeb/moi03_moi08-1ce066.json
2026-09-19 18:16:18 | INFO     | OK https://skeb.jp/api/users/skeb_k4
2026-09-19 18:16:18 | INFO     | Saving at a/skeb/skeb_k4-4892e0.json
2026-09-19 18:16:19 | INFO     | OK https://skeb.jp/api/users/AzumoMomo
2026-09-19 18:16:19 | INFO     | Saving at a/skeb/AzumoMomo-eaa2a6.json
2026-09-19 18:16:20 | INFO     | OK https://skeb.jp/api/users/Mega_Miharu
2026-09-19 18:16:20 | INFO     | Saving at a/skeb/Mega_Miharu-351477.json
2026-09-19 18:16:21 | INFO     | OK https://skeb.jp/api/users/Auuqse
2026-09-19 18:16:21 | INFO     | Saving at a/skeb/Auuqse-bfafb5.json
2026-09-19 18:16:21 | INFO     | OK https://skeb.jp/api/users/N0K0
2026-09-19 18:16:21 | INFO     | Saving at a/skeb/N0K0-b923c0.json
2026-09-19 18:16:22 | INFO     | OK https://skeb.jp/api/users/lSgBoeVmmjQT1dg
2026-09-19 18:16:22 | INFO     | Saving at a/skeb/lSgBoeVmmjQT1dg-ec55ca.json
2026-09-19 18:16:24 | INFO     | OK https://skeb.jp/api/users/yonbajai
2026-09-19 18:16:24 | INFO     | Saving at a/skeb/yonbajai-1945f8.json
2026-09-19 18:16:25 | INFO     | OK https://skeb.jp/api/users/kayoluhataso
2026-09-19 18:16:25 | INFO     | Saving at a/skeb/kayoluhataso-9ab374.json
2026-09-19 18:16:26 | INFO     | OK https://skeb.jp/api/users/Doom_yorusen
2026-09-19 18:16:26 | INFO     | Saving at a/skeb/Doom_yorusen-9ddeab.json
2026-09-19 18:16:27 | INFO     | OK https://skeb.jp/api/users/242424FJ
2026-09-19 18:16:27 | INFO     | Saving at a/skeb/242424FJ-6dddbd.json
2026-09-19 18:16:28 | INFO     | OK https://skeb.jp/api/users/buriburiunchipa
2026-09-19 18:16:28 | INFO     | Saving at a/skeb/buriburiunchipa-eff3d4.json
2026-09-19 18:16:29 | INFO     | OK https://skeb.jp/api/users/ARNUSI
2026-09-19 18:16:29 | INFO     | Saving at a/skeb/ARNUSI-2e3fe6.json
2026-09-19 18:16:30 | INFO     | OK https://skeb.jp/api/users/AdxRhk
2026-09-19 18:16:30 | INFO     | Saving at a/skeb/AdxRhk-99c0db.json
2026-09-19 18:16:31 | INFO     | OK https://skeb.jp/api/users/c_9641
2026-09-19 18:16:31 | INFO     | Saving at a/skeb/c_9641-204e7c.json
2026-09-19 18:16:32 | INFO     | OK https://skeb.jp/api/users/Kyarako_0220
2026-09-19 18:16:32 | INFO     | Saving at a/skeb/Kyarako_0220-228fbf.json
2026-09-19 18:16:33 | INFO     | OK https://skeb.jp/api/users/ki_z_ki
2026-09-19 18:16:33 | INFO     | Saving at a/skeb/ki_z_ki-6fb117.json
2026-09-19 18:16:34 | INFO     | OK https://skeb.jp/api/users/7M5_S2
2026-09-19 18:16:34 | INFO     | Saving at a/skeb/7M5_S2-3f0161.json
2026-09-19 18:16:34 | INFO     | OK https://skeb.jp/api/users/kmnkm_g
2026-09-19 18:16:34 | INFO     | Saving at a/skeb/kmnkm_g-5e868f.json
2026-09-19 18:16:35 | INFO     | OK https://skeb.jp/api/users/xyamxp_
2026-09-19 18:16:35 | INFO     | Saving at a/skeb/xyamxp_-fd9c11.json
2026-09-19 18:16:36 | INFO     | OK https://skeb.jp/api/users/sn000333
2026-09-19 18:16:36 | INFO     | Saving at a/skeb/sn000333-e36918.json
2026-09-19 18:16:37 | INFO     | OK https://skeb.jp/api/users/momia_hair
2026-09-19 18:16:37 | INFO     | Saving at a/skeb/momia_hair-371a4d.json
2026-09-19 18:16:39 | INFO     | OK https://skeb.jp/api/users/ken_akai__
2026-09-19 18:16:39 | INFO     | Saving at a/skeb/ken_akai__-6be156.json
2026-09-19 18:16:40 | INFO     | OK https://skeb.jp/api/users/shinto_mei
2026-09-19 18:16:40 | INFO     | Saving at a/skeb/shinto_mei-2e4e99.json
2026-09-19 18:16:40 | INFO     | OK https://skeb.jp/api/users/Yuurin_vtuber
2026-09-19 18:16:40 | INFO     | Saving at a/skeb/Yuurin_vtuber-de6557.json
2026-09-19 18:16:42 | INFO     | OK https://skeb.jp/api/users/nemuresu774
2026-09-19 18:16:42 | INFO     | Saving at a/skeb/nemuresu774-84e855.json
2026-09-19 18:16:43 | INFO     | OK https://skeb.jp/api/users/rusuban_chu
2026-09-19 18:16:43 | INFO     | Saving at a/skeb/rusuban_chu-382bb0.json
2026-09-19 18:16:43 | INFO     | OK https://skeb.jp/api/users/robota0808
2026-09-19 18:16:43 | INFO     | Saving at a/skeb/robota0808-de1c5b.json
2026-09-19 18:16:45 | INFO     | OK https://skeb.jp/api/users/my_gokoku
2026-09-19 18:16:45 | INFO     | Saving at a/skeb/my_gokoku-07f2fc.json
2026-09-19 18:16:46 | INFO     | OK https://skeb.jp/api/users/yutch_kmn
2026-09-19 18:16:46 | INFO     | Saving at a/skeb/yutch_kmn-9d0e4c.json
2026-09-19 18:16:47 | INFO     | OK https://skeb.jp/api/users/pomkokuromine
2026-09-19 18:16:47 | INFO     | Saving at a/skeb/pomkokuromine-fc5364.json
2026-09-19 18:16:48 | INFO     | OK https://skeb.jp/api/users/meguri_uguisu
2026-09-19 18:16:48 | INFO     | Saving at a/skeb/meguri_uguisu-cc9784.json
2026-09-19 18:16:48 | INFO     | OK https://skeb.jp/api/users/kannaduki2367
2026-09-19 18:16:48 | INFO     | Saving at a/skeb/kannaduki2367-15d2ff.json
2026-09-19 18:16:50 | INFO     | OK https://skeb.jp/api/users/chirin_icecream
2026-09-19 18:16:50 | INFO     | Saving at a/skeb/chirin_icecream-c0a5bf.json
2026-09-19 18:16:51 | INFO     | OK https://skeb.jp/api/users/Midori_annte23
2026-09-19 18:16:51 | INFO     | Saving at a/skeb/Midori_annte23-803999.json
2026-09-19 18:16:52 | INFO     | OK https://skeb.jp/api/users/66sakanoi22
2026-09-19 18:16:52 | INFO     | Saving at a/skeb/66sakanoi22-bf5da0.json
2026-09-19 18:16:53 | INFO     | OK https://skeb.jp/api/users/EV_shiro
2026-09-19 18:16:53 | INFO     | Saving at a/skeb/EV_shiro-e948cd.json
2026-09-19 18:16:54 | INFO     | OK https://skeb.jp/api/users/owl__snow
2026-09-19 18:16:54 | INFO     | Saving at a/skeb/owl__snow-6a85ea.json
2026-09-19 18:16:55 | INFO     | OK https://skeb.jp/api/users/Sponge308
2026-09-19 18:16:55 | INFO     | Saving at a/skeb/Sponge308-84ca16.json
2026-09-19 18:16:56 | INFO     | OK https://skeb.jp/api/users/yokohamabanzai2
2026-09-19 18:16:56 | INFO     | Saving at a/skeb/yokohamabanzai2-6259d6.json
2026-09-19 18:16:57 | INFO     | OK https://skeb.jp/api/users/albinonnR
2026-09-19 18:16:57 | INFO     | Saving at a/skeb/albinonnR-0cb019.json
2026-09-19 18:16:58 | INFO     | OK https://skeb.jp/api/users/HOMRAnoTERUKI
2026-09-19 18:16:58 | INFO     | Saving at a/skeb/HOMRAnoTERUKI-5f5b26.json
2026-09-19 18:16:59 | INFO     | OK https://skeb.jp/api/users/kon_ypaaa
2026-09-19 18:16:59 | INFO     | Saving at a/skeb/kon_ypaaa-c3879b.json
2026-09-19 18:17:00 | INFO     | OK https://skeb.jp/api/users/YureiChanSub
2026-09-19 18:17:00 | INFO     | Saving at a/skeb/YureiChanSub-6c2945.json
2026-09-19 18:17:00 | INFO     | OK https://skeb.jp/api/users/ARIEL23795
2026-09-19 18:17:00 | INFO     | Saving at a/skeb/ARIEL23795-abfebc.json
2026-09-19 18:17:02 | INFO     | OK https://skeb.jp/api/users/hjkmfmf
2026-09-19 18:17:02 | INFO     | Saving at a/skeb/hjkmfmf-9a748d.json
2026-09-19 18:17:03 | INFO     | OK https://skeb.jp/api/users/mako_makotoo
2026-09-19 18:17:03 | INFO     | Saving at a/skeb/mako_makotoo-6f0b59.json
2026-09-19 18:17:04 | INFO     | OK https://skeb.jp/api/users/coconeeeco
2026-09-19 18:17:04 | INFO     | Saving at a/skeb/coconeeeco-743581.json
2026-09-19 18:17:04 | INFO     | OK https://skeb.jp/api/users/Kanagusuku1223
2026-09-19 18:17:04 | INFO     | Saving at a/skeb/Kanagusuku1223-084086.json
2026-09-19 18:17:06 | INFO     | OK https://skeb.jp/api/users/icenoa
2026-09-19 18:17:06 | INFO     | Saving at a/skeb/icenoa-5e3f5e.json
2026-09-19 18:17:07 | INFO     | OK https://skeb.jp/api/users/70CT1QIS6I24366
2026-09-19 18:17:07 | INFO     | Saving at a/skeb/70CT1QIS6I24366-3944d9.json
2026-09-19 18:17:08 | INFO     | OK https://skeb.jp/api/users/setoka_sab
2026-09-19 18:17:08 | INFO     | Saving at a/skeb/setoka_sab-136033.json
2026-09-19 18:17:09 | INFO     | OK https://skeb.jp/api/users/yagamiTSR
2026-09-19 18:17:09 | INFO     | Saving at a/skeb/yagamiTSR-bfd550.json
2026-09-19 18:17:10 | INFO     | OK https://skeb.jp/api/users/wokawonaka
2026-09-19 18:17:10 | INFO     | Saving at a/skeb/wokawonaka-48a61c.json
2026-09-19 18:17:11 | INFO     | OK https://skeb.jp/api/users/KU_miushi
2026-09-19 18:17:11 | INFO     | Saving at a/skeb/KU_miushi-a74885.json
2026-09-19 18:17:12 | INFO     | OK https://skeb.jp/api/users/zeke_hdash
2026-09-19 18:17:12 | INFO     | Saving at a/skeb/zeke_hdash-a8bbab.json
2026-09-19 18:17:13 | INFO     | OK https://skeb.jp/api/users/DIDumesita
2026-09-19 18:17:13 | INFO     | Saving at a/skeb/DIDumesita-0643ff.json
2026-09-19 18:17:14 | INFO     | OK https://skeb.jp/api/users/shiromachi94
2026-09-19 18:17:14 | INFO     | Saving at a/skeb/shiromachi94-197aaa.json
2026-09-19 18:17:15 | INFO     | OK https://skeb.jp/api/users/CMCMnori
2026-09-19 18:17:15 | INFO     | Saving at a/skeb/CMCMnori-e129f6.json
2026-09-19 18:17:15 | INFO     | OK https://skeb.jp/api/users/isonekomaru
2026-09-19 18:17:15 | INFO     | Saving at a/skeb/isonekomaru-d882d9.json
2026-09-19 18:17:17 | INFO     | OK https://skeb.jp/api/users/popopopopo623sk
2026-09-19 18:17:17 | INFO     | Saving at a/skeb/popopopopo623sk-a73402.json
2026-09-19 18:17:17 | INFO     | OK https://skeb.jp/api/users/0_____9kimino
2026-09-19 18:17:17 | INFO     | Saving at a/skeb/0_____9kimino-42b34e.json
2026-09-19 18:17:19 | INFO     | OK https://skeb.jp/api/users/sames73saba
2026-09-19 18:17:19 | INFO     | Saving at a/skeb/sames73saba-970d2d.json
2026-09-19 18:17:20 | INFO     | OK https://skeb.jp/api/users/mamemaru09
2026-09-19 18:17:20 | INFO     | Saving at a/skeb/mamemaru09-82ff18.json
2026-09-19 18:17:21 | INFO     | OK https://skeb.jp/api/users/mochihagi_gnsn
2026-09-19 18:17:21 | INFO     | Saving at a/skeb/mochihagi_gnsn-75e7dc.json
2026-09-19 18:17:22 | INFO     | OK https://skeb.jp/api/users/Izuki__zZ
2026-09-19 18:17:22 | INFO     | Saving at a/skeb/Izuki__zZ-aa5c17.json
2026-09-19 18:17:23 | INFO     | OK https://skeb.jp/api/users/upn2o
2026-09-19 18:17:23 | INFO     | Saving at a/skeb/upn2o-cdf449.json
2026-09-19 18:17:24 | INFO     | OK https://skeb.jp/api/users/yukiwork
2026-09-19 18:17:24 | INFO     | Saving at a/skeb/yukiwork-7318a9.json
2026-09-19 18:17:25 | INFO     | OK https://skeb.jp/api/users/gobousagi1
2026-09-19 18:17:25 | INFO     | Saving at a/skeb/gobousagi1-49644b.json
2026-09-19 18:17:26 | INFO     | OK https://skeb.jp/api/users/16sm2a
2026-09-19 18:17:26 | INFO     | Saving at a/skeb/16sm2a-7b398b.json
2026-09-19 18:17:27 | INFO     | OK https://skeb.jp/api/users/Ricultica1031
2026-09-19 18:17:27 | INFO     | Saving at a/skeb/Ricultica1031-6f85d7.json
2026-09-19 18:17:28 | INFO     | OK https://skeb.jp/api/users/usahana101
2026-09-19 18:17:28 | INFO     | Saving at a/skeb/usahana101-dbd7e0.json
2026-09-19 18:17:29 | INFO     | OK https://skeb.jp/api/users/_kyoumurasaki_
2026-09-19 18:17:29 | INFO     | Saving at a/skeb/_kyoumurasaki_-77492b.json
2026-09-19 18:17:30 | INFO     | OK https://skeb.jp/api/users/_d0nteat_
2026-09-19 18:17:30 | INFO     | Saving at a/skeb/_d0nteat_-3d231f.json
2026-09-19 18:17:31 | INFO     | OK https://skeb.jp/api/users/weaponyooooo
2026-09-19 18:17:31 | INFO     | Saving at a/skeb/weaponyooooo-67c908.json
2026-09-19 18:17:32 | INFO     | OK https://skeb.jp/api/users/oribito_
2026-09-19 18:17:32 | INFO     | Saving at a/skeb/oribito_-0697fc.json
2026-09-19 18:17:33 | INFO     | OK https://skeb.jp/api/users/Zote_illust
2026-09-19 18:17:33 | INFO     | Saving at a/skeb/Zote_illust-113df7.json
2026-09-19 18:17:34 | INFO     | OK https://skeb.jp/api/users/yohi_blues
2026-09-19 18:17:34 | INFO     | Saving at a/skeb/yohi_blues-ae0a84.json
2026-09-19 18:17:35 | INFO     | OK https://skeb.jp/api/users/Super_Moti_Kuu
2026-09-19 18:17:35 | INFO     | Saving at a/skeb/Super_Moti_Kuu-79c162.json
2026-09-19 18:17:36 | INFO     | OK https://skeb.jp/api/users/Yamainuken
2026-09-19 18:17:36 | INFO     | Saving at a/skeb/Yamainuken-ff705f.json
2026-09-19 18:17:37 | INFO     | OK https://skeb.jp/api/users/kurainy3
2026-09-19 18:17:37 | INFO     | Saving at a/skeb/kurainy3-2571d9.json
2026-09-19 18:17:38 | INFO     | OK https://skeb.jp/api/users/liquidmz_2
2026-09-19 18:17:38 | INFO     | Saving at a/skeb/liquidmz_2-e7a97e.json
2026-09-19 18:17:39 | INFO     | OK https://skeb.jp/api/users/nohako_x
2026-09-19 18:17:39 | INFO     | Saving at a/skeb/nohako_x-cf359c.json
2026-09-19 18:17:40 | INFO     | OK https://skeb.jp/api/users/haruhiapocrypha
2026-09-19 18:17:40 | INFO     | Saving at a/skeb/haruhiapocrypha-b0dca0.json
2026-09-19 18:17:41 | INFO     | OK https://skeb.jp/api/users/tuyoshi1128
2026-09-19 18:17:41 | INFO     | Saving at a/skeb/tuyoshi1128-5fe2f5.json
2026-09-19 18:17:42 | INFO     | OK https://skeb.jp/api/users/Sakanano_oniku
2026-09-19 18:17:42 | INFO     | Saving at a/skeb/Sakanano_oniku-d8a0d9.json
2026-09-19 18:17:43 | INFO     | OK https://skeb.jp/api/users/monet_1104
2026-09-19 18:17:43 | INFO     | Saving at a/skeb/monet_1104-b96f22.json
2026-09-19 18:17:44 | INFO     | OK https://skeb.jp/api/users/OnariKoinari
2026-09-19 18:17:44 | INFO     | Saving at a/skeb/OnariKoinari-1f4c29.json
2026-09-19 18:17:45 | INFO     | OK https://skeb.jp/api/users/6sw47
2026-09-19 18:17:45 | INFO     | Saving at a/skeb/6sw47-2b86af.json
2026-09-19 18:17:46 | INFO     | OK https://skeb.jp/api/users/sato__0204
2026-09-19 18:17:46 | INFO     | Saving at a/skeb/sato__0204-b11a73.json
2026-09-19 18:17:47 | INFO     | OK https://skeb.jp/api/users/haco0o000
2026-09-19 18:17:47 | INFO     | Saving at a/skeb/haco0o000-ee342d.json
2026-09-19 18:17:48 | INFO     | OK https://skeb.jp/api/users/ruu_hh
2026-09-19 18:17:48 | INFO     | Saving at a/skeb/ruu_hh-cc226c.json
2026-09-19 18:17:49 | INFO     | OK https://skeb.jp/api/users/mika3sub
2026-09-19 18:17:49 | INFO     | Saving at a/skeb/mika3sub-26931b.json
2026-09-19 18:17:50 | INFO     | OK https://skeb.jp/api/users/Lips_Creator777
2026-09-19 18:17:50 | INFO     | Saving at a/skeb/Lips_Creator777-8b5983.json
2026-09-19 18:17:51 | INFO     | OK https://skeb.jp/api/users/im_oth_
2026-09-19 18:17:51 | INFO     | Saving at a/skeb/im_oth_-c0280b.json
2026-09-19 18:17:52 | INFO     | OK https://skeb.jp/api/users/uyumaruuu
2026-09-19 18:17:52 | INFO     | Saving at a/skeb/uyumaruuu-1ace57.json
2026-09-19 18:17:53 | INFO     | OK https://skeb.jp/api/users/mr_ayarabbit
2026-09-19 18:17:53 | INFO     | Saving at a/skeb/mr_ayarabbit-f2ad92.json
2026-09-19 18:17:54 | INFO     | OK https://skeb.jp/api/users/wip_426
2026-09-19 18:17:54 | INFO     | Saving at a/skeb/wip_426-36ce0e.json
2026-09-19 18:17:55 | INFO     | OK https://skeb.jp/api/users/piyopiyo_don
2026-09-19 18:17:55 | INFO     | Saving at a/skeb/piyopiyo_don-317978.json
2026-09-19 18:17:56 | INFO     | OK https://skeb.jp/api/users/natsume_mina
2026-09-19 18:17:56 | INFO     | Saving at a/skeb/natsume_mina-129cf4.json
2026-09-19 18:17:57 | INFO     | OK https://skeb.jp/api/users/haruta4527
2026-09-19 18:17:57 | INFO     | Saving at a/skeb/haruta4527-ac871f.json
2026-09-19 18:17:58 | INFO     | OK https://skeb.jp/api/users/ONBplayerO
2026-09-19 18:17:58 | INFO     | Saving at a/skeb/ONBplayerO-ace728.json
2026-09-19 18:17:59 | INFO     | OK https://skeb.jp/api/users/4_lv_
2026-09-19 18:17:59 | INFO     | Saving at a/skeb/4_lv_-a14cc9.json
2026-09-19 18:18:00 | INFO     | OK https://skeb.jp/api/users/kinetamu
2026-09-19 18:18:00 | INFO     | Saving at a/skeb/kinetamu-1d7f9a.json
2026-09-19 18:18:01 | INFO     | OK https://skeb.jp/api/users/thymerain43
2026-09-19 18:18:01 | INFO     | Saving at a/skeb/thymerain43-d1cb78.json
2026-09-19 18:18:02 | INFO     | OK https://skeb.jp/api/users/4649db
2026-09-19 18:18:02 | INFO     | Saving at a/skeb/4649db-6ca91b.json
2026-09-19 18:18:03 | INFO     | OK https://skeb.jp/api/users/sho_oe4
2026-09-19 18:18:03 | INFO     | Saving at a/skeb/sho_oe4-b9c9c9.json
2026-09-19 18:18:04 | INFO     | OK https://skeb.jp/api/users/babu_milk5959
2026-09-19 18:18:04 | INFO     | Saving at a/skeb/babu_milk5959-3220d0.json
2026-09-19 18:18:05 | INFO     | OK https://skeb.jp/api/users/IVcrowss
2026-09-19 18:18:05 | INFO     | Saving at a/skeb/IVcrowss-e491d9.json
2026-09-19 18:18:06 | INFO     | OK https://skeb.jp/api/users/papanon31
2026-09-19 18:18:06 | INFO     | Saving at a/skeb/papanon31-ae16a2.json
2026-09-19 18:18:07 | INFO     | OK https://skeb.jp/api/users/mutumijoruri
2026-09-19 18:18:07 | INFO     | Saving at a/skeb/mutumijoruri-95899c.json
2026-09-19 18:18:08 | INFO     | OK https://skeb.jp/api/users/uchicoonigiri
2026-09-19 18:18:08 | INFO     | Saving at a/skeb/uchicoonigiri-30011a.json
2026-09-19 18:18:09 | INFO     | OK https://skeb.jp/api/users/amanoma
2026-09-19 18:18:09 | INFO     | Saving at a/skeb/amanoma-bfda6c.json
2026-09-19 18:18:10 | INFO     | OK https://skeb.jp/api/users/lololotton
2026-09-19 18:18:10 | INFO     | Saving at a/skeb/lololotton-c63ee3.json
2026-09-19 18:18:11 | INFO     | OK https://skeb.jp/api/users/kou_hiyoyo
2026-09-19 18:18:11 | INFO     | Saving at a/skeb/kou_hiyoyo-997fb9.json
2026-09-19 18:18:11 | INFO     | OK https://skeb.jp/api/users/z38cm
2026-09-19 18:18:11 | INFO     | Saving at a/skeb/z38cm-f6c827.json
2026-09-19 18:18:13 | INFO     | OK https://skeb.jp/api/users/kopepann11
2026-09-19 18:18:13 | INFO     | Saving at a/skeb/kopepann11-b12ecb.json
2026-09-19 18:18:14 | INFO     | OK https://skeb.jp/api/users/Suminekonie
2026-09-19 18:18:14 | INFO     | Saving at a/skeb/Suminekonie-3bf126.json
2026-09-19 18:18:14 | INFO     | OK https://skeb.jp/api/users/nice_pondy
2026-09-19 18:18:14 | INFO     | Saving at a/skeb/nice_pondy-fe45cc.json
2026-09-19 18:18:15 | INFO     | OK https://skeb.jp/api/users/minikomat
2026-09-19 18:18:15 | INFO     | Saving at a/skeb/minikomat-8ae42d.json
2026-09-19 18:18:17 | INFO     | OK https://skeb.jp/api/users/ksmtndr_k
2026-09-19 18:18:17 | INFO     | Saving at a/skeb/ksmtndr_k-e6375f.json
2026-09-19 18:18:18 | INFO     | OK https://skeb.jp/api/users/drop_ame_ame
2026-09-19 18:18:18 | INFO     | Saving at a/skeb/drop_ame_ame-348e0e.json
2026-09-19 18:18:19 | INFO     | OK https://skeb.jp/api/users/UQxQU_Babmelo3_
2026-09-19 18:18:19 | INFO     | Saving at a/skeb/UQxQU_Babmelo3_-77270a.json
2026-09-19 18:18:20 | INFO     | OK https://skeb.jp/api/users/T_OPETE
2026-09-19 18:18:20 | INFO     | Saving at a/skeb/T_OPETE-7c5f3b.json
2026-09-19 18:18:21 | INFO     | OK https://skeb.jp/api/users/okraa_trpg
2026-09-19 18:18:21 | INFO     | Saving at a/skeb/okraa_trpg-147245.json
2026-09-19 18:18:22 | INFO     | OK https://skeb.jp/api/users/TLTO1910
2026-09-19 18:18:22 | INFO     | Saving at a/skeb/TLTO1910-dfbe49.json
2026-09-19 18:18:23 | INFO     | OK https://skeb.jp/api/users/yoshidaaaan
2026-09-19 18:18:23 | INFO     | Saving at a/skeb/yoshidaaaan-0dd387.json
2026-09-19 18:18:24 | INFO     | OK https://skeb.jp/api/users/X6lruyTNan53463
2026-09-19 18:18:24 | INFO     | Saving at a/skeb/X6lruyTNan53463-1693b1.json
2026-09-19 18:18:25 | INFO     | OK https://skeb.jp/api/users/amyaminouraaka
2026-09-19 18:18:25 | INFO     | Saving at a/skeb/amyaminouraaka-209162.json
2026-09-19 18:18:26 | INFO     | OK https://skeb.jp/api/users/loooaf
2026-09-19 18:18:26 | INFO     | Saving at a/skeb/loooaf-0cb919.json
2026-09-19 18:18:27 | INFO     | OK https://skeb.jp/api/users/Eruru
2026-09-19 18:18:27 | INFO     | Saving at a/skeb/Eruru-0f63d6.json
2026-09-19 18:18:28 | INFO     | OK https://skeb.jp/api/users/ssm6_6
2026-09-19 18:18:28 | INFO     | Saving at a/skeb/ssm6_6-9a44aa.json
2026-09-19 18:18:29 | INFO     | OK https://skeb.jp/api/users/gopokenohito
2026-09-19 18:18:29 | INFO     | Saving at a/skeb/gopokenohito-43714f.json
2026-09-19 18:18:30 | INFO     | OK https://skeb.jp/api/users/noi_ru
2026-09-19 18:18:30 | INFO     | Saving at a/skeb/noi_ru-ba6495.json
2026-09-19 18:18:31 | INFO     | OK https://skeb.jp/api/users/mimo_za333
2026-09-19 18:18:31 | INFO     | Saving at a/skeb/mimo_za333-ee0a09.json
2026-09-19 18:18:32 | INFO     | OK https://skeb.jp/api/users/rrrrr6a
2026-09-19 18:18:32 | INFO     | Saving at a/skeb/rrrrr6a-e05f4f.json
2026-09-19 18:18:33 | INFO     | OK https://skeb.jp/api/users/ogumanemu
2026-09-19 18:18:33 | INFO     | Saving at a/skeb/ogumanemu-c6ac69.json
2026-09-19 18:18:34 | INFO     | OK https://skeb.jp/api/users/shinoi111
2026-09-19 18:18:34 | INFO     | Saving at a/skeb/shinoi111-e9801d.json
2026-09-19 18:18:35 | INFO     | OK https://skeb.jp/api/users/rekka_akasabi
2026-09-19 18:18:35 | INFO     | Saving at a/skeb/rekka_akasabi-177864.json
2026-09-19 18:18:36 | INFO     | OK https://skeb.jp/api/users/zvuqz
2026-09-19 18:18:36 | INFO     | Saving at a/skeb/zvuqz-1acf78.json
2026-09-19 18:18:37 | INFO     | OK https://skeb.jp/api/users/rakkasei
2026-09-19 18:18:37 | INFO     | Saving at a/skeb/rakkasei-f0e6ed.json
2026-09-19 18:18:38 | INFO     | OK https://skeb.jp/api/users/sakuraumesan
2026-09-19 18:18:38 | INFO     | Saving at a/skeb/sakuraumesan-10c42a.json
2026-09-19 18:18:39 | INFO     | OK https://skeb.jp/api/users/freely2327
2026-09-19 18:18:39 | INFO     | Saving at a/skeb/freely2327-50c346.json
2026-09-19 18:18:40 | INFO     | OK https://skeb.jp/api/users/meta81516165665
2026-09-19 18:18:40 | INFO     | Saving at a/skeb/meta81516165665-292c8b.json
2026-09-19 18:18:41 | INFO     | OK https://skeb.jp/api/users/mysterious_zone
2026-09-19 18:18:41 | INFO     | Saving at a/skeb/mysterious_zone-047b2a.json
2026-09-19 18:18:42 | INFO     | OK https://skeb.jp/api/users/e12455534
2026-09-19 18:18:42 | INFO     | Saving at a/skeb/e12455534-01800a.json
2026-09-19 18:18:43 | INFO     | OK https://skeb.jp/api/users/Gini_University
2026-09-19 18:18:43 | INFO     | Saving at a/skeb/Gini_University-a52018.json
2026-09-19 18:18:44 | INFO     | OK https://skeb.jp/api/users/cow_orphenoch
2026-09-19 18:18:44 | INFO     | Saving at a/skeb/cow_orphenoch-1cce13.json
2026-09-19 18:18:45 | INFO     | OK https://skeb.jp/api/users/pottypottp
2026-09-19 18:18:45 | INFO     | Saving at a/skeb/pottypottp-04d324.json
2026-09-19 18:18:46 | INFO     | OK https://skeb.jp/api/users/S979vdrOfU999
2026-09-19 18:18:46 | INFO     | Saving at a/skeb/S979vdrOfU999-3838d5.json
2026-09-19 18:18:47 | INFO     | OK https://skeb.jp/api/users/gogogo
2026-09-19 18:18:47 | INFO     | Saving at a/skeb/gogogo-35af4b.json
2026-09-19 18:18:48 | INFO     | OK https://skeb.jp/api/users/weilaizuigao703
2026-09-19 18:18:48 | INFO     | Saving at a/skeb/weilaizuigao703-4a5054.json
2026-09-19 18:18:49 | INFO     | OK https://skeb.jp/api/users/TnVnZT8fsb
2026-09-19 18:18:49 | INFO     | Saving at a/skeb/TnVnZT8fsb-6cb69b.json
2026-09-19 18:18:50 | INFO     | OK https://skeb.jp/api/users/dr79185
2026-09-19 18:18:50 | INFO     | Saving at a/skeb/dr79185-c6ddf8.json
2026-09-19 18:18:51 | INFO     | OK https://skeb.jp/api/users/551055v
2026-09-19 18:18:51 | INFO     | Saving at a/skeb/551055v-c642e9.json
2026-09-19 18:18:52 | INFO     | OK https://skeb.jp/api/users/a2brasd
2026-09-19 18:18:52 | INFO     | Saving at a/skeb/a2brasd-0fa1fc.json
2026-09-19 18:18:53 | INFO     | OK https://skeb.jp/api/users/ramune__012
2026-09-19 18:18:53 | INFO     | Saving at a/skeb/ramune__012-62bfdf.json
2026-09-19 18:18:54 | INFO     | OK https://skeb.jp/api/users/ama____N_hisa
2026-09-19 18:18:54 | INFO     | Saving at a/skeb/ama____N_hisa-bb3328.json
2026-09-19 18:18:55 | INFO     | OK https://skeb.jp/api/users/Nozomine_Itori
2026-09-19 18:18:55 | INFO     | Saving at a/skeb/Nozomine_Itori-3f1969.json
2026-09-19 18:18:56 | INFO     | OK https://skeb.jp/api/users/168saigou
2026-09-19 18:18:56 | INFO     | Saving at a/skeb/168saigou-1d6341.json
2026-09-19 18:18:57 | INFO     | OK https://skeb.jp/api/users/1002_Zenyss
2026-09-19 18:18:57 | INFO     | Saving at a/skeb/1002_Zenyss-7fe501.json
2026-09-19 18:18:58 | INFO     | OK https://skeb.jp/api/users/Nana_Merou
2026-09-19 18:18:58 | INFO     | Saving at a/skeb/Nana_Merou-f54e3d.json
2026-09-19 18:18:59 | INFO     | OK https://skeb.jp/api/users/_cononier_
2026-09-19 18:18:59 | INFO     | Saving at a/skeb/_cononier_-467246.json
2026-09-19 18:19:00 | INFO     | OK https://skeb.jp/api/users/magurozoyo_626
2026-09-19 18:19:00 | INFO     | Saving at a/skeb/magurozoyo_626-c5ae6c.json
2026-09-19 18:19:01 | INFO     | OK https://skeb.jp/api/users/Pomme200808
2026-09-19 18:19:01 | INFO     | Saving at a/skeb/Pomme200808-347d84.json
2026-09-19 18:19:02 | INFO     | OK https://skeb.jp/api/users/tobenaibuka
2026-09-19 18:19:02 | INFO     | Saving at a/skeb/tobenaibuka-d985cd.json
2026-09-19 18:19:03 | INFO     | OK https://skeb.jp/api/users/daaon1989
2026-09-19 18:19:03 | INFO     | Saving at a/skeb/daaon1989-644e00.json
2026-09-19 18:19:04 | INFO     | OK https://skeb.jp/api/users/nullmms
2026-09-19 18:19:04 | INFO     | Saving at a/skeb/nullmms-39f6a8.json
2026-09-19 18:19:05 | INFO     | OK https://skeb.jp/api/users/kaekae_kaeru
2026-09-19 18:19:05 | INFO     | Saving at a/skeb/kaekae_kaeru-617dee.json
2026-09-19 18:19:06 | INFO     | OK https://skeb.jp/api/users/11umnr
2026-09-19 18:19:06 | INFO     | Saving at a/skeb/11umnr-8954b2.json
2026-09-19 18:19:07 | INFO     | OK https://skeb.jp/api/users/nutori_manga
2026-09-19 18:19:07 | INFO     | Saving at a/skeb/nutori_manga-924ba1.json
2026-09-19 18:19:08 | INFO     | OK https://skeb.jp/api/users/Mizukami_san
2026-09-19 18:19:08 | INFO     | Saving at a/skeb/Mizukami_san-09744b.json
2026-09-19 18:19:09 | INFO     | OK https://skeb.jp/api/users/Fran__vg
2026-09-19 18:19:09 | INFO     | Saving at a/skeb/Fran__vg-5b6ba5.json
2026-09-19 18:19:10 | INFO     | OK https://skeb.jp/api/users/sabawye_TRPG
2026-09-19 18:19:10 | INFO     | Saving at a/skeb/sabawye_TRPG-8cf720.json
2026-09-19 18:19:11 | INFO     | OK https://skeb.jp/api/users/gj5__o
2026-09-19 18:19:11 | INFO     | Saving at a/skeb/gj5__o-82ec91.json
2026-09-19 18:19:12 | INFO     | OK https://skeb.jp/api/users/nanabako_7
2026-09-19 18:19:12 | INFO     | Saving at a/skeb/nanabako_7-ca4639.json
2026-09-19 18:19:13 | INFO     | OK https://skeb.jp/api/users/hantamane
2026-09-19 18:19:13 | INFO     | Saving at a/skeb/hantamane-fedbe0.json
2026-09-19 18:19:14 | INFO     | OK https://skeb.jp/api/users/cinncat
2026-09-19 18:19:14 | INFO     | Saving at a/skeb/cinncat-9788b6.json
2026-09-19 18:19:15 | INFO     | OK https://skeb.jp/api/users/trha_cell
2026-09-19 18:19:15 | INFO     | Saving at a/skeb/trha_cell-a6e61f.json
2026-09-19 18:19:16 | INFO     | OK https://skeb.jp/api/users/Kuso_Gero_Yaro_
2026-09-19 18:19:16 | INFO     | Saving at a/skeb/Kuso_Gero_Yaro_-9a2d93.json
2026-09-19 18:19:17 | INFO     | OK https://skeb.jp/api/users/fudesato
2026-09-19 18:19:17 | INFO     | Saving at a/skeb/fudesato-16806d.json
2026-09-19 18:19:18 | INFO     | OK https://skeb.jp/api/users/nashipear_nashi
2026-09-19 18:19:18 | INFO     | Saving at a/skeb/nashipear_nashi-b3882b.json
2026-09-19 18:19:19 | INFO     | OK https://skeb.jp/api/users/ka_kshi
2026-09-19 18:19:19 | INFO     | Saving at a/skeb/ka_kshi-278814.json
2026-09-19 18:19:20 | INFO     | OK https://skeb.jp/api/users/Nugutt0
2026-09-19 18:19:20 | INFO     | Saving at a/skeb/Nugutt0-2d5f56.json
2026-09-19 18:19:21 | INFO     | OK https://skeb.jp/api/users/tochi_art
2026-09-19 18:19:21 | INFO     | Saving at a/skeb/tochi_art-822156.json
2026-09-19 18:19:22 | INFO     | OK https://skeb.jp/api/users/co_ma00
2026-09-19 18:19:22 | INFO     | Saving at a/skeb/co_ma00-5dd662.json
2026-09-19 18:19:23 | INFO     | OK https://skeb.jp/api/users/ks74c000
2026-09-19 18:19:23 | INFO     | Saving at a/skeb/ks74c000-cd8613.json
2026-09-19 18:19:24 | INFO     | OK https://skeb.jp/api/users/Feng_Shiyao
2026-09-19 18:19:24 | INFO     | Saving at a/skeb/Feng_Shiyao-c73e17.json
2026-09-19 18:19:25 | INFO     | OK https://skeb.jp/api/users/ayapoyom
2026-09-19 18:19:25 | INFO     | Saving at a/skeb/ayapoyom-a35e72.json
2026-09-19 18:19:26 | INFO     | OK https://skeb.jp/api/users/mineco08
2026-09-19 18:19:26 | INFO     | Saving at a/skeb/mineco08-c9ba18.json
2026-09-19 18:19:27 | INFO     | OK https://skeb.jp/api/users/TORI_cun_TORI
2026-09-19 18:19:27 | INFO     | Saving at a/skeb/TORI_cun_TORI-8fe1a0.json
2026-09-19 18:19:28 | INFO     | OK https://skeb.jp/api/users/nhshio
2026-09-19 18:19:28 | INFO     | Saving at a/skeb/nhshio-82789f.json
2026-09-19 18:19:29 | INFO     | OK https://skeb.jp/api/users/syairo108
2026-09-19 18:19:29 | INFO     | Saving at a/skeb/syairo108-370950.json
2026-09-19 18:19:30 | INFO     | OK https://skeb.jp/api/users/Hidanegi
2026-09-19 18:19:30 | INFO     | Saving at a/skeb/Hidanegi-395b4e.json
2026-09-19 18:19:31 | INFO     | OK https://skeb.jp/api/users/kololawsl
2026-09-19 18:19:31 | INFO     | Saving at a/skeb/kololawsl-c0fbab.json
2026-09-19 18:19:32 | INFO     | OK https://skeb.jp/api/users/JUNKOOGII
2026-09-19 18:19:32 | INFO     | Saving at a/skeb/JUNKOOGII-11228e.json
2026-09-19 18:19:33 | INFO     | OK https://skeb.jp/api/users/Gre_poke
2026-09-19 18:19:33 | INFO     | Saving at a/skeb/Gre_poke-42c6f6.json
2026-09-19 18:19:34 | INFO     | OK https://skeb.jp/api/users/G73888
2026-09-19 18:19:34 | INFO     | Saving at a/skeb/G73888-2f45a0.json
2026-09-19 18:19:35 | INFO     | OK https://skeb.jp/api/users/Gorio4288
2026-09-19 18:19:35 | INFO     | Saving at a/skeb/Gorio4288-7a9fc1.json
2026-09-19 18:19:36 | INFO     | OK https://skeb.jp/api/users/nowatch_1192
2026-09-19 18:19:36 | INFO     | Saving at a/skeb/nowatch_1192-13292e.json
2026-09-19 18:19:37 | INFO     | OK https://skeb.jp/api/users/jinkei_bunny
2026-09-19 18:19:37 | INFO     | Saving at a/skeb/jinkei_bunny-5598f4.json
2026-09-19 18:19:38 | INFO     | OK https://skeb.jp/api/users/lol04null
2026-09-19 18:19:38 | INFO     | Saving at a/skeb/lol04null-4eff79.json
2026-09-19 18:19:39 | INFO     | OK https://skeb.jp/api/users/AKxFEK6bCf62371
2026-09-19 18:19:39 | INFO     | Saving at a/skeb/AKxFEK6bCf62371-30fa6f.json
2026-09-19 18:19:40 | INFO     | OK https://skeb.jp/api/users/axvbtp
2026-09-19 18:19:40 | INFO     | Saving at a/skeb/axvbtp-52ea98.json
2026-09-19 18:19:41 | INFO     | OK https://skeb.jp/api/users/Hato_to_illust
2026-09-19 18:19:41 | INFO     | Saving at a/skeb/Hato_to_illust-9beed1.json
2026-09-19 18:19:42 | INFO     | OK https://skeb.jp/api/users/powapowasyake
2026-09-19 18:19:42 | INFO     | Saving at a/skeb/powapowasyake-9150bd.json
2026-09-19 18:19:43 | INFO     | OK https://skeb.jp/api/users/no10_Direct
2026-09-19 18:19:43 | INFO     | Saving at a/skeb/no10_Direct-9a24b2.json
2026-09-19 18:19:44 | INFO     | OK https://skeb.jp/api/users/S7GTtzujPp19649
2026-09-19 18:19:44 | INFO     | Saving at a/skeb/S7GTtzujPp19649-da1e48.json
2026-09-19 18:19:45 | INFO     | OK https://skeb.jp/api/users/Reize_SandP
2026-09-19 18:19:45 | INFO     | Saving at a/skeb/Reize_SandP-07ed20.json
2026-09-19 18:19:46 | INFO     | OK https://skeb.jp/api/users/usagimoti712
2026-09-19 18:19:46 | INFO     | Saving at a/skeb/usagimoti712-010cc1.json
2026-09-19 18:19:47 | INFO     | OK https://skeb.jp/api/users/kozaka_nu
2026-09-19 18:19:47 | INFO     | Saving at a/skeb/kozaka_nu-4daa10.json
2026-09-19 18:19:48 | INFO     | OK https://skeb.jp/api/users/hoshyizoora_h20
2026-09-19 18:19:48 | INFO     | Saving at a/skeb/hoshyizoora_h20-2411bf.json
2026-09-19 18:19:49 | INFO     | OK https://skeb.jp/api/users/nmi_ssk215
2026-09-19 18:19:49 | INFO     | Saving at a/skeb/nmi_ssk215-f971d5.json
2026-09-19 18:19:50 | INFO     | OK https://skeb.jp/api/users/pink_mmchan
2026-09-19 18:19:50 | INFO     | Saving at a/skeb/pink_mmchan-7d101c.json
2026-09-19 18:19:51 | INFO     | OK https://skeb.jp/api/users/oshikuramochi
2026-09-19 18:19:51 | INFO     | Saving at a/skeb/oshikuramochi-7f1cd4.json
2026-09-19 18:19:52 | INFO     | OK https://skeb.jp/api/users/tibetto__1126
2026-09-19 18:19:52 | INFO     | Saving at a/skeb/tibetto__1126-a15148.json
2026-09-19 18:19:53 | INFO     | OK https://skeb.jp/api/users/oyuirasuto
2026-09-19 18:19:53 | INFO     | Saving at a/skeb/oyuirasuto-82a64a.json
2026-09-19 18:19:54 | INFO     | OK https://skeb.jp/api/users/yumatimoo
2026-09-19 18:19:54 | INFO     | Saving at a/skeb/yumatimoo-ef683e.json
2026-09-19 18:19:55 | INFO     | OK https://skeb.jp/api/users/koredasuzuki
2026-09-19 18:19:55 | INFO     | Saving at a/skeb/koredasuzuki-fd112b.json
2026-09-19 18:19:56 | INFO     | OK https://skeb.jp/api/users/ma_sakasama
2026-09-19 18:19:56 | INFO     | Saving at a/skeb/ma_sakasama-ed7d5b.json
2026-09-19 18:19:57 | INFO     | OK https://skeb.jp/api/users/ROAHnon
2026-09-19 18:19:57 | INFO     | Saving at a/skeb/ROAHnon-34543e.json
2026-09-19 18:19:58 | INFO     | OK https://skeb.jp/api/users/0ikdeer
2026-09-19 18:19:58 | INFO     | Saving at a/skeb/0ikdeer-ccf4e6.json
2026-09-19 18:19:59 | INFO     | OK https://skeb.jp/api/users/natsune_gene
2026-09-19 18:19:59 | INFO     | Saving at a/skeb/natsune_gene-447259.json
2026-09-19 18:20:00 | INFO     | OK https://skeb.jp/api/users/hakidashi_11
2026-09-19 18:20:00 | INFO     | Saving at a/skeb/hakidashi_11-454f8a.json
2026-09-19 18:20:01 | INFO     | OK https://skeb.jp/api/users/tobio_illust
2026-09-19 18:20:01 | INFO     | Saving at a/skeb/tobio_illust-017110.json
2026-09-19 18:20:02 | INFO     | OK https://skeb.jp/api/users/himazinmanhgata
2026-09-19 18:20:02 | INFO     | Saving at a/skeb/himazinmanhgata-44822b.json
2026-09-19 18:20:03 | INFO     | OK https://skeb.jp/api/users/bukitikikaku
2026-09-19 18:20:03 | INFO     | Saving at a/skeb/bukitikikaku-75b367.json
2026-09-19 18:20:04 | INFO     | OK https://skeb.jp/api/users/O_Ron_Eru
2026-09-19 18:20:04 | INFO     | Saving at a/skeb/O_Ron_Eru-c2d8c1.json
2026-09-19 18:20:05 | INFO     | OK https://skeb.jp/api/users/sweet_EEL_
2026-09-19 18:20:05 | INFO     | Saving at a/skeb/sweet_EEL_-1d2fc5.json
2026-09-19 18:20:06 | INFO     | OK https://skeb.jp/api/users/denpawarukunai4
2026-09-19 18:20:06 | INFO     | Saving at a/skeb/denpawarukunai4-0efb7b.json
2026-09-19 18:20:07 | INFO     | OK https://skeb.jp/api/users/prop_pa
2026-09-19 18:20:07 | INFO     | Saving at a/skeb/prop_pa-bf8ab3.json
2026-09-19 18:20:08 | INFO     | OK https://skeb.jp/api/users/popoannin
2026-09-19 18:20:08 | INFO     | Saving at a/skeb/popoannin-0945ed.json
2026-09-19 18:20:09 | INFO     | OK https://skeb.jp/api/users/fumochimichi
2026-09-19 18:20:09 | INFO     | Saving at a/skeb/fumochimichi-883538.json
2026-09-19 18:20:10 | INFO     | OK https://skeb.jp/api/users/chiky444
2026-09-19 18:20:10 | INFO     | Saving at a/skeb/chiky444-87070a.json
2026-09-19 18:20:11 | INFO     | OK https://skeb.jp/api/users/goto123kokutoh
2026-09-19 18:20:11 | INFO     | Saving at a/skeb/goto123kokutoh-fb93de.json
2026-09-19 18:20:12 | INFO     | OK https://skeb.jp/api/users/ABC1682pi
2026-09-19 18:20:12 | INFO     | Saving at a/skeb/ABC1682pi-c2878d.json
2026-09-19 18:20:13 | INFO     | OK https://skeb.jp/api/users/1w1_y
2026-09-19 18:20:13 | INFO     | Saving at a/skeb/1w1_y-8996e6.json
2026-09-19 18:20:14 | INFO     | OK https://skeb.jp/api/users/pao__lily
2026-09-19 18:20:14 | INFO     | Saving at a/skeb/pao__lily-255064.json
2026-09-19 18:20:15 | INFO     | OK https://skeb.jp/api/users/x1pgj
2026-09-19 18:20:15 | INFO     | Saving at a/skeb/x1pgj-d79cf4.json
2026-09-19 18:20:16 | INFO     | OK https://skeb.jp/api/users/Hanne_wo
2026-09-19 18:20:16 | INFO     | Saving at a/skeb/Hanne_wo-b72b24.json
2026-09-19 18:20:17 | INFO     | OK https://skeb.jp/api/users/7Wbijy__m
2026-09-19 18:20:17 | INFO     | Saving at a/skeb/7Wbijy__m-26334c.json
2026-09-19 18:20:18 | INFO     | OK https://skeb.jp/api/users/moyasi_kansyu
2026-09-19 18:20:18 | INFO     | Saving at a/skeb/moyasi_kansyu-739a63.json
2026-09-19 18:20:19 | INFO     | OK https://skeb.jp/api/users/kahanautona
2026-09-19 18:20:19 | INFO     | Saving at a/skeb/kahanautona-ea26f2.json
2026-09-19 18:20:20 | INFO     | OK https://skeb.jp/api/users/P_Andromeda_G
2026-09-19 18:20:20 | INFO     | Saving at a/skeb/P_Andromeda_G-f1976a.json
2026-09-19 18:20:21 | INFO     | OK https://skeb.jp/api/users/obliviyoung
2026-09-19 18:20:21 | INFO     | Saving at a/skeb/obliviyoung-d31a43.json
2026-09-19 18:20:22 | INFO     | OK https://skeb.jp/api/users/tada_no_hito515
2026-09-19 18:20:22 | INFO     | Saving at a/skeb/tada_no_hito515-2df943.json
2026-09-19 18:20:23 | INFO     | OK https://skeb.jp/api/users/kiwamekiwa
2026-09-19 18:20:23 | INFO     | Saving at a/skeb/kiwamekiwa-14d7d9.json
2026-09-19 18:20:24 | INFO     | OK https://skeb.jp/api/users/Hitome_miru
2026-09-19 18:20:24 | INFO     | Saving at a/skeb/Hitome_miru-33eb96.json
2026-09-19 18:20:25 | INFO     | OK https://skeb.jp/api/users/aogitunefox
2026-09-19 18:20:25 | INFO     | Saving at a/skeb/aogitunefox-02efb5.json
2026-09-19 18:20:26 | INFO     | OK https://skeb.jp/api/users/walabemoti2
2026-09-19 18:20:26 | INFO     | Saving at a/skeb/walabemoti2-918535.json
2026-09-19 18:20:27 | INFO     | OK https://skeb.jp/api/users/runoo924
2026-09-19 18:20:27 | INFO     | Saving at a/skeb/runoo924-01ac71.json
2026-09-19 18:20:28 | INFO     | OK https://skeb.jp/api/users/urouror
2026-09-19 18:20:28 | INFO     | Saving at a/skeb/urouror-7cec15.json
2026-09-19 18:20:29 | INFO     | OK https://skeb.jp/api/users/Kasamaru_
2026-09-19 18:20:29 | INFO     | Saving at a/skeb/Kasamaru_-f86306.json
2026-09-19 18:20:30 | INFO     | OK https://skeb.jp/api/users/enzerutarutopaf
2026-09-19 18:20:30 | INFO     | Saving at a/skeb/enzerutarutopaf-1955b7.json
2026-09-19 18:20:31 | INFO     | OK https://skeb.jp/api/users/wa98449
2026-09-19 18:20:31 | INFO     | Saving at a/skeb/wa98449-54b7b0.json
2026-09-19 18:20:32 | INFO     | OK https://skeb.jp/api/users/udonskebyou
2026-09-19 18:20:32 | INFO     | Saving at a/skeb/udonskebyou-da9277.json
2026-09-19 18:20:33 | INFO     | OK https://skeb.jp/api/users/maru_marumi0
2026-09-19 18:20:33 | INFO     | Saving at a/skeb/maru_marumi0-aa532f.json
2026-09-19 18:20:34 | INFO     | OK https://skeb.jp/api/users/C_satui
2026-09-19 18:20:34 | INFO     | Saving at a/skeb/C_satui-fc59e1.json
2026-09-19 18:20:35 | INFO     | OK https://skeb.jp/api/users/mugita_a
2026-09-19 18:20:35 | INFO     | Saving at a/skeb/mugita_a-1e2628.json
2026-09-19 18:20:36 | INFO     | OK https://skeb.jp/api/users/zimasanda2
2026-09-19 18:20:36 | INFO     | Saving at a/skeb/zimasanda2-699d9d.json
2026-09-19 18:20:37 | INFO     | OK https://skeb.jp/api/users/Ttk__166
2026-09-19 18:20:37 | INFO     | Saving at a/skeb/Ttk__166-68956c.json
2026-09-19 18:20:38 | INFO     | OK https://skeb.jp/api/users/yamato_mp
2026-09-19 18:20:38 | INFO     | Saving at a/skeb/yamato_mp-fbfc67.json
2026-09-19 18:20:39 | INFO     | OK https://skeb.jp/api/users/P_rsn07
2026-09-19 18:20:39 | INFO     | Saving at a/skeb/P_rsn07-44f379.json
2026-09-19 18:20:40 | INFO     | OK https://skeb.jp/api/users/tuna_Lv27
2026-09-19 18:20:40 | INFO     | Saving at a/skeb/tuna_Lv27-1cffa2.json
2026-09-19 18:20:41 | INFO     | OK https://skeb.jp/api/users/000coco
2026-09-19 18:20:41 | INFO     | Saving at a/skeb/000coco-1f8ec4.json
2026-09-19 18:20:42 | INFO     | OK https://skeb.jp/api/users/tongari_kin
2026-09-19 18:20:42 | INFO     | Saving at a/skeb/tongari_kin-46e145.json
2026-09-19 18:20:43 | INFO     | OK https://skeb.jp/api/users/human_bunrui
2026-09-19 18:20:43 | INFO     | Saving at a/skeb/human_bunrui-938f2b.json
2026-09-19 18:20:44 | INFO     | OK https://skeb.jp/api/users/gekiuma8wolf
2026-09-19 18:20:44 | INFO     | Saving at a/skeb/gekiuma8wolf-aaf9a3.json
2026-09-19 18:20:45 | INFO     | OK https://skeb.jp/api/users/Mwu1217537
2026-09-19 18:20:45 | INFO     | Saving at a/skeb/Mwu1217537-d46cb8.json
2026-09-19 18:20:46 | INFO     | OK https://skeb.jp/api/users/taidon0879
2026-09-19 18:20:46 | INFO     | Saving at a/skeb/taidon0879-6e6003.json
2026-09-19 18:20:47 | INFO     | OK https://skeb.jp/api/users/akanei6no_Sora
2026-09-19 18:20:47 | INFO     | Saving at a/skeb/akanei6no_Sora-86d785.json
2026-09-19 18:20:48 | INFO     | OK https://skeb.jp/api/users/JP3978814558559
2026-09-19 18:20:48 | INFO     | Saving at a/skeb/JP3978814558559-cc576a.json
2026-09-19 18:20:49 | INFO     | OK https://skeb.jp/api/users/CYOBIRO
2026-09-19 18:20:49 | INFO     | Saving at a/skeb/CYOBIRO-772aa9.json
2026-09-19 18:20:50 | INFO     | OK https://skeb.jp/api/users/kaginoroy
2026-09-19 18:20:50 | INFO     | Saving at a/skeb/kaginoroy-c653f6.json
2026-09-19 18:20:51 | INFO     | OK https://skeb.jp/api/users/_if8_
2026-09-19 18:20:51 | INFO     | Saving at a/skeb/_if8_-b6ac34.json
2026-09-19 18:20:52 | INFO     | OK https://skeb.jp/api/users/MadoroQ
2026-09-19 18:20:52 | INFO     | Saving at a/skeb/MadoroQ-d6b588.json
2026-09-19 18:20:53 | INFO     | OK https://skeb.jp/api/users/Lemonkazari
2026-09-19 18:20:53 | INFO     | Saving at a/skeb/Lemonkazari-92cdb0.json
2026-09-19 18:20:54 | INFO     | OK https://skeb.jp/api/users/wanohikamemo2
2026-09-19 18:20:54 | INFO     | Saving at a/skeb/wanohikamemo2-19cb23.json
2026-09-19 18:20:55 | INFO     | OK https://skeb.jp/api/users/namasenseidayo
2026-09-19 18:20:55 | INFO     | Saving at a/skeb/namasenseidayo-b2ac5b.json
2026-09-19 18:20:56 | INFO     | OK https://skeb.jp/api/users/softKONKON
2026-09-19 18:20:56 | INFO     | Saving at a/skeb/softKONKON-2fbb98.json
2026-09-19 18:20:57 | INFO     | OK https://skeb.jp/api/users/ukiwakisen
2026-09-19 18:20:57 | INFO     | Saving at a/skeb/ukiwakisen-f2d6ff.json
2026-09-19 18:20:58 | INFO     | OK https://skeb.jp/api/users/satouamakunai
2026-09-19 18:20:58 | INFO     | Saving at a/skeb/satouamakunai-cb30f8.json
2026-09-19 18:20:59 | INFO     | OK https://skeb.jp/api/users/y0ru73
2026-09-19 18:20:59 | INFO     | Saving at a/skeb/y0ru73-fea8ba.json
2026-09-19 18:21:00 | INFO     | OK https://skeb.jp/api/users/l_thvi
2026-09-19 18:21:00 | INFO     | Saving at a/skeb/l_thvi-339143.json
2026-09-19 18:21:01 | INFO     | OK https://skeb.jp/api/users/InarikoNkoNa
2026-09-19 18:21:01 | INFO     | Saving at a/skeb/InarikoNkoNa-8616e7.json
2026-09-19 18:21:02 | INFO     | OK https://skeb.jp/api/users/nnpuru
2026-09-19 18:21:02 | INFO     | Saving at a/skeb/nnpuru-4bdd83.json
2026-09-19 18:21:03 | INFO     | OK https://skeb.jp/api/users/mochimoti0528
2026-09-19 18:21:03 | INFO     | Saving at a/skeb/mochimoti0528-b6922a.json
2026-09-19 18:21:04 | INFO     | OK https://skeb.jp/api/users/shiroha_ruka
2026-09-19 18:21:04 | INFO     | Saving at a/skeb/shiroha_ruka-8e9c84.json
2026-09-19 18:21:05 | INFO     | OK https://skeb.jp/api/users/ya_guruma_sou
2026-09-19 18:21:05 | INFO     | Saving at a/skeb/ya_guruma_sou-40c91b.json
2026-09-19 18:21:06 | INFO     | OK https://skeb.jp/api/users/YmskToa
2026-09-19 18:21:06 | INFO     | Saving at a/skeb/YmskToa-0416a5.json
2026-09-19 18:21:07 | INFO     | OK https://skeb.jp/api/users/kaieda_h
2026-09-19 18:21:07 | INFO     | Saving at a/skeb/kaieda_h-9c3cd7.json
2026-09-19 18:21:08 | INFO     | OK https://skeb.jp/api/users/siki_MHR
2026-09-19 18:21:08 | INFO     | Saving at a/skeb/siki_MHR-bd44f9.json
2026-09-19 18:21:09 | INFO     | OK https://skeb.jp/api/users/ichigopurin_04
2026-09-19 18:21:09 | INFO     | Saving at a/skeb/ichigopurin_04-fb7ed1.json
2026-09-19 18:21:10 | INFO     | OK https://skeb.jp/api/users/fruitsrabbit
2026-09-19 18:21:10 | INFO     | Saving at a/skeb/fruitsrabbit-c510a3.json
2026-09-19 18:21:11 | INFO     | OK https://skeb.jp/api/users/bbb320
2026-09-19 18:21:11 | INFO     | Saving at a/skeb/bbb320-05c844.json
2026-09-19 18:21:12 | INFO     | OK https://skeb.jp/api/users/THECULTBLUE
2026-09-19 18:21:12 | INFO     | Saving at a/skeb/THECULTBLUE-d9e9c3.json
2026-09-19 18:21:13 | INFO     | OK https://skeb.jp/api/users/hk05_wl
2026-09-19 18:21:13 | INFO     | Saving at a/skeb/hk05_wl-910f0c.json
2026-09-19 18:21:14 | INFO     | OK https://skeb.jp/api/users/yahako
2026-09-19 18:21:14 | INFO     | Saving at a/skeb/yahako-964e55.json
2026-09-19 18:21:15 | INFO     | OK https://skeb.jp/api/users/Cokarin
2026-09-19 18:21:15 | INFO     | Saving at a/skeb/Cokarin-8a6f4e.json
2026-09-19 18:21:16 | INFO     | OK https://skeb.jp/api/users/pupu_jirushi
2026-09-19 18:21:16 | INFO     | Saving at a/skeb/pupu_jirushi-112bac.json
2026-09-19 18:21:17 | INFO     | OK https://skeb.jp/api/users/yuzuyuzukkss
2026-09-19 18:21:17 | INFO     | Saving at a/skeb/yuzuyuzukkss-41b0df.json
2026-09-19 18:21:18 | INFO     | OK https://skeb.jp/api/users/uneune_shippo
2026-09-19 18:21:18 | INFO     | Saving at a/skeb/uneune_shippo-bdf06f.json
2026-09-19 18:21:19 | INFO     | OK https://skeb.jp/api/users/iSea_seAi
2026-09-19 18:21:19 | INFO     | Saving at a/skeb/iSea_seAi-f59dce.json
2026-09-19 18:21:20 | INFO     | OK https://skeb.jp/api/users/ul3_t
2026-09-19 18:21:20 | INFO     | Saving at a/skeb/ul3_t-f49a6c.json
2026-09-19 18:21:21 | INFO     | OK https://skeb.jp/api/users/_ashinoura
2026-09-19 18:21:21 | INFO     | Saving at a/skeb/_ashinoura-ccdfee.json
2026-09-19 18:21:22 | INFO     | OK https://skeb.jp/api/users/A_Chikafuji
2026-09-19 18:21:22 | INFO     | Saving at a/skeb/A_Chikafuji-d431c2.json
2026-09-19 18:21:23 | INFO     | OK https://skeb.jp/api/users/nhrg806
2026-09-19 18:21:23 | INFO     | Saving at a/skeb/nhrg806-067a8c.json
2026-09-19 18:21:24 | INFO     | OK https://skeb.jp/api/users/kisirian
2026-09-19 18:21:24 | INFO     | Saving at a/skeb/kisirian-8c0c8c.json
2026-09-19 18:21:25 | INFO     | OK https://skeb.jp/api/users/5858765O
2026-09-19 18:21:25 | INFO     | Saving at a/skeb/5858765O-e95252.json
2026-09-19 18:21:26 | INFO     | OK https://skeb.jp/api/users/nanasenao
2026-09-19 18:21:26 | INFO     | Saving at a/skeb/nanasenao-bbf511.json
2026-09-19 18:21:27 | INFO     | OK https://skeb.jp/api/users/sskmovo
2026-09-19 18:21:27 | INFO     | Saving at a/skeb/sskmovo-825dc2.json
2026-09-19 18:21:28 | INFO     | OK https://skeb.jp/api/users/mtgm_006
2026-09-19 18:21:28 | INFO     | Saving at a/skeb/mtgm_006-1e846a.json
2026-09-19 18:21:29 | INFO     | OK https://skeb.jp/api/users/Enuma00KQ
2026-09-19 18:21:29 | INFO     | Saving at a/skeb/Enuma00KQ-cb4464.json
2026-09-19 18:21:30 | INFO     | OK https://skeb.jp/api/users/kurage_Light
2026-09-19 18:21:30 | INFO     | Saving at a/skeb/kurage_Light-a87bee.json
2026-09-19 18:21:31 | INFO     | OK https://skeb.jp/api/users/moyosan_
2026-09-19 18:21:31 | INFO     | Saving at a/skeb/moyosan_-a30d4a.json
2026-09-19 18:21:32 | INFO     | OK https://skeb.jp/api/users/sioaji_pan
2026-09-19 18:21:32 | INFO     | Saving at a/skeb/sioaji_pan-fa13d2.json
2026-09-19 18:21:33 | INFO     | OK https://skeb.jp/api/users/OldVege08
2026-09-19 18:21:33 | INFO     | Saving at a/skeb/OldVege08-98ee82.json
2026-09-19 18:21:34 | INFO     | OK https://skeb.jp/api/users/ouiahha_
2026-09-19 18:21:34 | INFO     | Saving at a/skeb/ouiahha_-82715c.json
2026-09-19 18:21:35 | INFO     | OK https://skeb.jp/api/users/MIAN737373
2026-09-19 18:21:35 | INFO     | Saving at a/skeb/MIAN737373-ee3150.json
2026-09-19 18:21:36 | INFO     | OK https://skeb.jp/api/users/sanma_gy
2026-09-19 18:21:36 | INFO     | Saving at a/skeb/sanma_gy-9abbd6.json
2026-09-19 18:21:37 | INFO     | OK https://skeb.jp/api/users/Mei_9616
2026-09-19 18:21:37 | INFO     | Saving at a/skeb/Mei_9616-ae733d.json
2026-09-19 18:21:38 | INFO     | OK https://skeb.jp/api/users/ark__uxu
2026-09-19 18:21:38 | INFO     | Saving at a/skeb/ark__uxu-990e21.json
2026-09-19 18:21:39 | INFO     | OK https://skeb.jp/api/users/rqmunic
2026-09-19 18:21:39 | INFO     | Saving at a/skeb/rqmunic-b8be46.json
2026-09-19 18:21:40 | INFO     | OK https://skeb.jp/api/users/rizuotwst
2026-09-19 18:21:40 | INFO     | Saving at a/skeb/rizuotwst-cd6ead.json
2026-09-19 18:21:41 | INFO     | OK https://skeb.jp/api/users/himetsuru_GN
2026-09-19 18:21:41 | INFO     | Saving at a/skeb/himetsuru_GN-477ce3.json
2026-09-19 18:21:42 | INFO     | OK https://skeb.jp/api/users/chameleonrock
2026-09-19 18:21:42 | INFO     | Saving at a/skeb/chameleonrock-bd53cc.json
2026-09-19 18:21:43 | INFO     | OK https://skeb.jp/api/users/elegrna
2026-09-19 18:21:43 | INFO     | Saving at a/skeb/elegrna-2cbb4a.json
2026-09-19 18:21:44 | INFO     | OK https://skeb.jp/api/users/Karasumaichiu
2026-09-19 18:21:44 | INFO     | Saving at a/skeb/Karasumaichiu-7662ef.json
2026-09-19 18:21:45 | INFO     | OK https://skeb.jp/api/users/lugosiela
2026-09-19 18:21:45 | INFO     | Saving at a/skeb/lugosiela-88f2b9.json
2026-09-19 18:21:46 | INFO     | OK https://skeb.jp/api/users/Ndy5D
2026-09-19 18:21:46 | INFO     | Saving at a/skeb/Ndy5D-5022d1.json
2026-09-19 18:21:47 | INFO     | OK https://skeb.jp/api/users/Lo_Fi_oekaki
2026-09-19 18:21:47 | INFO     | Saving at a/skeb/Lo_Fi_oekaki-2c4431.json
2026-09-19 18:21:48 | INFO     | OK https://skeb.jp/api/users/nyohehe924
2026-09-19 18:21:48 | INFO     | Saving at a/skeb/nyohehe924-8cd390.json
2026-09-19 18:21:49 | INFO     | OK https://skeb.jp/api/users/tsum_kg
2026-09-19 18:21:49 | INFO     | Saving at a/skeb/tsum_kg-701a8b.json
2026-09-19 18:21:50 | INFO     | OK https://skeb.jp/api/users/__nia2A_
2026-09-19 18:21:50 | INFO     | Saving at a/skeb/__nia2A_-2f130f.json
2026-09-19 18:21:51 | INFO     | OK https://skeb.jp/api/users/amaneillust0606
2026-09-19 18:21:51 | INFO     | Saving at a/skeb/amaneillust0606-ecfc92.json
2026-09-19 18:21:52 | INFO     | OK https://skeb.jp/api/users/naga_srx
2026-09-19 18:21:52 | INFO     | Saving at a/skeb/naga_srx-f863ec.json
2026-09-19 18:21:53 | INFO     | OK https://skeb.jp/api/users/stellalafell
2026-09-19 18:21:53 | INFO     | Saving at a/skeb/stellalafell-0aa0c3.json
2026-09-19 18:21:54 | INFO     | OK https://skeb.jp/api/users/butisyounen
2026-09-19 18:21:54 | INFO     | Saving at a/skeb/butisyounen-4e53f6.json
2026-09-19 18:21:55 | INFO     | OK https://skeb.jp/api/users/noma_fruit
2026-09-19 18:21:55 | INFO     | Saving at a/skeb/noma_fruit-a2aa67.json
2026-09-19 18:21:56 | INFO     | OK https://skeb.jp/api/users/Machimitsu_
2026-09-19 18:21:56 | INFO     | Saving at a/skeb/Machimitsu_-91366e.json
2026-09-19 18:21:57 | INFO     | OK https://skeb.jp/api/users/aiaika25
2026-09-19 18:21:57 | INFO     | Saving at a/skeb/aiaika25-32f238.json
2026-09-19 18:21:58 | INFO     | OK https://skeb.jp/api/users/snow_utamaru
2026-09-19 18:21:58 | INFO     | Saving at a/skeb/snow_utamaru-2f4900.json
2026-09-19 18:21:59 | INFO     | OK https://skeb.jp/api/users/frrlaz
2026-09-19 18:21:59 | INFO     | Saving at a/skeb/frrlaz-c77d53.json
2026-09-19 18:22:00 | INFO     | OK https://skeb.jp/api/users/neco_mono96
2026-09-19 18:22:00 | INFO     | Saving at a/skeb/neco_mono96-6c88b2.json
2026-09-19 18:22:01 | INFO     | OK https://skeb.jp/api/users/NrU6c
2026-09-19 18:22:01 | INFO     | Saving at a/skeb/NrU6c-15f4d6.json
2026-09-19 18:22:02 | INFO     | OK https://skeb.jp/api/users/rushichi_777
2026-09-19 18:22:02 | INFO     | Saving at a/skeb/rushichi_777-888cae.json
2026-09-19 18:22:03 | INFO     | OK https://skeb.jp/api/users/jule_tyaojule
2026-09-19 18:22:03 | INFO     | Saving at a/skeb/jule_tyaojule-a435fe.json
2026-09-19 18:22:04 | INFO     | OK https://skeb.jp/api/users/batibati_hikaru
2026-09-19 18:22:04 | INFO     | Saving at a/skeb/batibati_hikaru-a8f24d.json
2026-09-19 18:22:05 | INFO     | OK https://skeb.jp/api/users/housek_koko0955
2026-09-19 18:22:05 | INFO     | Saving at a/skeb/housek_koko0955-b9ecdf.json
2026-09-19 18:22:06 | INFO     | OK https://skeb.jp/api/users/943muta_ya
2026-09-19 18:22:06 | INFO     | Saving at a/skeb/943muta_ya-b6839a.json
2026-09-19 18:22:07 | INFO     | OK https://skeb.jp/api/users/Jb6Mj
2026-09-19 18:22:07 | INFO     | Saving at a/skeb/Jb6Mj-00c3de.json
2026-09-19 18:22:08 | INFO     | OK https://skeb.jp/api/users/mokokoiro
2026-09-19 18:22:08 | INFO     | Saving at a/skeb/mokokoiro-316b40.json
2026-09-19 18:22:09 | INFO     | OK https://skeb.jp/api/users/dancing_citrus
2026-09-19 18:22:09 | INFO     | Saving at a/skeb/dancing_citrus-087d3b.json
2026-09-19 18:22:10 | INFO     | OK https://skeb.jp/api/users/kakatoooo_09
2026-09-19 18:22:10 | INFO     | Saving at a/skeb/kakatoooo_09-8bbd18.json
2026-09-19 18:22:11 | INFO     | OK https://skeb.jp/api/users/white9dream
2026-09-19 18:22:11 | INFO     | Saving at a/skeb/white9dream-732924.json
2026-09-19 18:22:12 | INFO     | OK https://skeb.jp/api/users/trpgur
2026-09-19 18:22:12 | INFO     | Saving at a/skeb/trpgur-64875e.json
2026-09-19 18:22:13 | INFO     | OK https://skeb.jp/api/users/amatukirei
2026-09-19 18:22:13 | INFO     | Saving at a/skeb/amatukirei-4d31d1.json
2026-09-19 18:22:14 | INFO     | OK https://skeb.jp/api/users/sho_me
2026-09-19 18:22:14 | INFO     | Saving at a/skeb/sho_me-76ade4.json
2026-09-19 18:22:15 | INFO     | OK https://skeb.jp/api/users/DCUVd0ZfkhG574Z
2026-09-19 18:22:15 | INFO     | Saving at a/skeb/DCUVd0ZfkhG574Z-acfdd5.json
2026-09-19 18:22:16 | INFO     | OK https://skeb.jp/api/users/voifooooooork
2026-09-19 18:22:16 | INFO     | Saving at a/skeb/voifooooooork-ad47eb.json
2026-09-19 18:22:17 | INFO     | OK https://skeb.jp/api/users/nnwstnn
2026-09-19 18:22:17 | INFO     | Saving at a/skeb/nnwstnn-b791bb.json
2026-09-19 18:22:18 | INFO     | OK https://skeb.jp/api/users/ebisunokonoko
2026-09-19 18:22:18 | INFO     | Saving at a/skeb/ebisunokonoko-7c8ec6.json
2026-09-19 18:22:19 | INFO     | OK https://skeb.jp/api/users/yoyomurayo
2026-09-19 18:22:19 | INFO     | Saving at a/skeb/yoyomurayo-f17131.json
2026-09-19 18:22:20 | INFO     | OK https://skeb.jp/api/users/nanoriumu0701
2026-09-19 18:22:20 | INFO     | Saving at a/skeb/nanoriumu0701-a4aa26.json
2026-09-19 18:22:21 | INFO     | OK https://skeb.jp/api/users/makaro_oppai
2026-09-19 18:22:21 | INFO     | Saving at a/skeb/makaro_oppai-adc39d.json
2026-09-19 18:22:22 | INFO     | OK https://skeb.jp/api/users/aussiebeef_j
2026-09-19 18:22:22 | INFO     | Saving at a/skeb/aussiebeef_j-9fefc3.json
2026-09-19 18:22:23 | INFO     | OK https://skeb.jp/api/users/gsa_gpa03
2026-09-19 18:22:23 | INFO     | Saving at a/skeb/gsa_gpa03-f061be.json
2026-09-19 18:22:24 | INFO     | OK https://skeb.jp/api/users/AcnhIti
2026-09-19 18:22:24 | INFO     | Saving at a/skeb/AcnhIti-1c13cc.json
2026-09-19 18:22:25 | INFO     | OK https://skeb.jp/api/users/nicopancake
2026-09-19 18:22:25 | INFO     | Saving at a/skeb/nicopancake-a014a5.json
2026-09-19 18:22:26 | INFO     | OK https://skeb.jp/api/users/comarus
2026-09-19 18:22:26 | INFO     | Saving at a/skeb/comarus-521cf6.json
2026-09-19 18:22:27 | INFO     | OK https://skeb.jp/api/users/HeisenbergNe777
2026-09-19 18:22:27 | INFO     | Saving at a/skeb/HeisenbergNe777-cafa90.json
2026-09-19 18:22:28 | INFO     | OK https://skeb.jp/api/users/Hoshirube_Ushio
2026-09-19 18:22:28 | INFO     | Saving at a/skeb/Hoshirube_Ushio-20213c.json
2026-09-19 18:22:29 | INFO     | OK https://skeb.jp/api/users/pummeluff39
2026-09-19 18:22:29 | INFO     | Saving at a/skeb/pummeluff39-8f2621.json
2026-09-19 18:22:30 | INFO     | OK https://skeb.jp/api/users/xxx_amamizu_xxx
2026-09-19 18:22:30 | INFO     | Saving at a/skeb/xxx_amamizu_xxx-9a254e.json
2026-09-19 18:22:31 | INFO     | OK https://skeb.jp/api/users/ElfsGetmP2
2026-09-19 18:22:31 | INFO     | Saving at a/skeb/ElfsGetmP2-c89dd0.json
2026-09-19 18:22:32 | INFO     | OK https://skeb.jp/api/users/wqsqdqyo
2026-09-19 18:22:32 | INFO     | Saving at a/skeb/wqsqdqyo-cd5577.json
2026-09-19 18:22:33 | INFO     | OK https://skeb.jp/api/users/canariadraw
2026-09-19 18:22:33 | INFO     | Saving at a/skeb/canariadraw-dd5213.json
2026-09-19 18:22:34 | INFO     | OK https://skeb.jp/api/users/takochan556
2026-09-19 18:22:34 | INFO     | Saving at a/skeb/takochan556-b3abd6.json
2026-09-19 18:22:35 | INFO     | OK https://skeb.jp/api/users/shmaxion
2026-09-19 18:22:35 | INFO     | Saving at a/skeb/shmaxion-e474e5.json
2026-09-19 18:22:36 | INFO     | OK https://skeb.jp/api/users/m_tavor
2026-09-19 18:22:36 | INFO     | Saving at a/skeb/m_tavor-2ed0a3.json
2026-09-19 18:22:37 | INFO     | OK https://skeb.jp/api/users/mumumo6
2026-09-19 18:22:37 | INFO     | Saving at a/skeb/mumumo6-880dc0.json
2026-09-19 18:22:38 | INFO     | OK https://skeb.jp/api/users/9302w
2026-09-19 18:22:38 | INFO     | Saving at a/skeb/9302w-5338ff.json
2026-09-19 18:22:39 | INFO     | OK https://skeb.jp/api/users/koguma_0310
2026-09-19 18:22:39 | INFO     | Saving at a/skeb/koguma_0310-75e680.json
2026-09-19 18:22:40 | INFO     | OK https://skeb.jp/api/users/motsu_nikomen
2026-09-19 18:22:40 | INFO     | Saving at a/skeb/motsu_nikomen-7e15ab.json
2026-09-19 18:22:41 | INFO     | OK https://skeb.jp/api/users/_______dorayaki
2026-09-19 18:22:41 | INFO     | Saving at a/skeb/_______dorayaki-16b68b.json
2026-09-19 18:22:42 | INFO     | OK https://skeb.jp/api/users/undrea804
2026-09-19 18:22:42 | INFO     | Saving at a/skeb/undrea804-c983b1.json
2026-09-19 18:22:43 | INFO     | OK https://skeb.jp/api/users/ShrimpJelly
2026-09-19 18:22:43 | INFO     | Saving at a/skeb/ShrimpJelly-65fbde.json
2026-09-19 18:22:44 | INFO     | OK https://skeb.jp/api/users/kuro_tama01
2026-09-19 18:22:44 | INFO     | Saving at a/skeb/kuro_tama01-6c17db.json
2026-09-19 18:22:45 | INFO     | OK https://skeb.jp/api/users/Ange_Atelier
2026-09-19 18:22:45 | INFO     | Saving at a/skeb/Ange_Atelier-218896.json
2026-09-19 18:22:46 | INFO     | OK https://skeb.jp/api/users/na_ro_12
2026-09-19 18:22:46 | INFO     | Saving at a/skeb/na_ro_12-6bdb50.json
2026-09-19 18:22:47 | INFO     | OK https://skeb.jp/api/users/UNIoftheDEAD
2026-09-19 18:22:47 | INFO     | Saving at a/skeb/UNIoftheDEAD-6521e0.json
2026-09-19 18:22:48 | INFO     | OK https://skeb.jp/api/users/potatoto_sakana
2026-09-19 18:22:48 | INFO     | Saving at a/skeb/potatoto_sakana-ab44a8.json
2026-09-19 18:22:49 | INFO     | OK https://skeb.jp/api/users/kaseisab_2
2026-09-19 18:22:49 | INFO     | Saving at a/skeb/kaseisab_2-230b6f.json
2026-09-19 18:22:50 | INFO     | OK https://skeb.jp/api/users/wintermute_0000
2026-09-19 18:22:50 | INFO     | Saving at a/skeb/wintermute_0000-4199a3.json
2026-09-19 18:22:51 | INFO     | OK https://skeb.jp/api/users/pyonnyan24
2026-09-19 18:22:51 | INFO     | Saving at a/skeb/pyonnyan24-7d29ba.json
2026-09-19 18:22:52 | INFO     | OK https://skeb.jp/api/users/e_buki818
2026-09-19 18:22:52 | INFO     | Saving at a/skeb/e_buki818-bb082c.json
2026-09-19 18:22:53 | INFO     | OK https://skeb.jp/api/users/nb8yf
2026-09-19 18:22:53 | INFO     | Saving at a/skeb/nb8yf-879b2c.json
2026-09-19 18:22:54 | INFO     | OK https://skeb.jp/api/users/hsmelow
2026-09-19 18:22:54 | INFO     | Saving at a/skeb/hsmelow-b00279.json
2026-09-19 18:22:55 | INFO     | OK https://skeb.jp/api/users/ks_aya
2026-09-19 18:22:55 | INFO     | Saving at a/skeb/ks_aya-afee56.json
2026-09-19 18:22:56 | INFO     | OK https://skeb.jp/api/users/nonaprev
2026-09-19 18:22:56 | INFO     | Saving at a/skeb/nonaprev-318934.json
2026-09-19 18:22:57 | INFO     | OK https://skeb.jp/api/users/adam1157POCHA
2026-09-19 18:22:57 | INFO     | Saving at a/skeb/adam1157POCHA-413d52.json
2026-09-19 18:22:58 | INFO     | OK https://skeb.jp/api/users/tas_tas1212
2026-09-19 18:22:58 | INFO     | Saving at a/skeb/tas_tas1212-ff52ab.json
2026-09-19 18:22:59 | INFO     | OK https://skeb.jp/api/users/kinpatsu_494
2026-09-19 18:22:59 | INFO     | Saving at a/skeb/kinpatsu_494-410ab6.json
2026-09-19 18:23:00 | INFO     | OK https://skeb.jp/api/users/radiant1913
2026-09-19 18:23:00 | INFO     | Saving at a/skeb/radiant1913-4405cb.json
2026-09-19 18:23:01 | INFO     | OK https://skeb.jp/api/users/sena_emon3
2026-09-19 18:23:01 | INFO     | Saving at a/skeb/sena_emon3-725d48.json
2026-09-19 18:23:02 | INFO     | OK https://skeb.jp/api/users/sasanqua152
2026-09-19 18:23:02 | INFO     | Saving at a/skeb/sasanqua152-00d622.json
2026-09-19 18:23:03 | INFO     | OK https://skeb.jp/api/users/yandere_town
2026-09-19 18:23:03 | INFO     | Saving at a/skeb/yandere_town-43bfff.json
2026-09-19 18:23:04 | INFO     | OK https://skeb.jp/api/users/18_tororo
2026-09-19 18:23:04 | INFO     | Saving at a/skeb/18_tororo-c7a76f.json
2026-09-19 18:23:05 | INFO     | OK https://skeb.jp/api/users/kusitaki_0141
2026-09-19 18:23:05 | INFO     | Saving at a/skeb/kusitaki_0141-52ddc8.json
2026-09-19 18:23:06 | INFO     | OK https://skeb.jp/api/users/f2173
2026-09-19 18:23:06 | INFO     | Saving at a/skeb/f2173-aa213c.json
2026-09-19 18:23:07 | INFO     | OK https://skeb.jp/api/users/kkkkk00000m
2026-09-19 18:23:07 | INFO     | Saving at a/skeb/kkkkk00000m-159e8e.json
2026-09-19 18:23:08 | INFO     | OK https://skeb.jp/api/users/citrocube
2026-09-19 18:23:08 | INFO     | Saving at a/skeb/citrocube-597e7c.json
2026-09-19 18:23:09 | INFO     | OK https://skeb.jp/api/users/mof_harumaki
2026-09-19 18:23:09 | INFO     | Saving at a/skeb/mof_harumaki-6cdc44.json
2026-09-19 18:23:10 | INFO     | OK https://skeb.jp/api/users/crescat0w0
2026-09-19 18:23:10 | INFO     | Saving at a/skeb/crescat0w0-b213c2.json
2026-09-19 18:23:11 | INFO     | OK https://skeb.jp/api/users/tri__edge
2026-09-19 18:23:11 | INFO     | Saving at a/skeb/tri__edge-88c3f6.json
2026-09-19 18:23:12 | INFO     | OK https://skeb.jp/api/users/reni_Eremit
2026-09-19 18:23:12 | INFO     | Saving at a/skeb/reni_Eremit-0e3b4f.json
2026-09-19 18:23:13 | INFO     | OK https://skeb.jp/api/users/Kamome_umsakana
2026-09-19 18:23:13 | INFO     | Saving at a/skeb/Kamome_umsakana-b0fc1b.json
2026-09-19 18:23:14 | INFO     | OK https://skeb.jp/api/users/Poseidon_0215
2026-09-19 18:23:14 | INFO     | Saving at a/skeb/Poseidon_0215-a9a52a.json
2026-09-19 18:23:15 | INFO     | OK https://skeb.jp/api/users/wix3cos
2026-09-19 18:23:15 | INFO     | Saving at a/skeb/wix3cos-50d5c3.json
2026-09-19 18:23:16 | INFO     | OK https://skeb.jp/api/users/03ioi
2026-09-19 18:23:16 | INFO     | Saving at a/skeb/03ioi-defb67.json
2026-09-19 18:23:17 | INFO     | OK https://skeb.jp/api/users/honya6
2026-09-19 18:23:17 | INFO     | Saving at a/skeb/honya6-0a3cf1.json
2026-09-19 18:23:18 | INFO     | OK https://skeb.jp/api/users/Togame_Uto
2026-09-19 18:23:18 | INFO     | Saving at a/skeb/Togame_Uto-984031.json
2026-09-19 18:23:19 | INFO     | OK https://skeb.jp/api/users/hogeo440
2026-09-19 18:23:19 | INFO     | Saving at a/skeb/hogeo440-24476b.json
2026-09-19 18:23:20 | INFO     | OK https://skeb.jp/api/users/mikisarara
2026-09-19 18:23:20 | INFO     | Saving at a/skeb/mikisarara-a67cdb.json
2026-09-19 18:23:21 | INFO     | OK https://skeb.jp/api/users/yueni_q
2026-09-19 18:23:21 | INFO     | Saving at a/skeb/yueni_q-0a6b8d.json
2026-09-19 18:23:22 | INFO     | OK https://skeb.jp/api/users/Wakameyogurt
2026-09-19 18:23:22 | INFO     | Saving at a/skeb/Wakameyogurt-13a2a3.json
2026-09-19 18:23:23 | INFO     | OK https://skeb.jp/api/users/macya330msk
2026-09-19 18:23:23 | INFO     | Saving at a/skeb/macya330msk-73be7a.json
2026-09-19 18:23:24 | INFO     | OK https://skeb.jp/api/users/shark_m31
2026-09-19 18:23:24 | INFO     | Saving at a/skeb/shark_m31-c4de3c.json
2026-09-19 18:23:25 | INFO     | OK https://skeb.jp/api/users/kadokame
2026-09-19 18:23:25 | INFO     | Saving at a/skeb/kadokame-b29ef4.json
2026-09-19 18:23:26 | INFO     | OK https://skeb.jp/api/users/yomo_illust_
2026-09-19 18:23:26 | INFO     | Saving at a/skeb/yomo_illust_-ec227c.json
2026-09-19 18:23:27 | INFO     | OK https://skeb.jp/api/users/na____shi28
2026-09-19 18:23:27 | INFO     | Saving at a/skeb/na____shi28-340612.json
2026-09-19 18:23:28 | INFO     | OK https://skeb.jp/api/users/nnwnoirox3
2026-09-19 18:23:28 | INFO     | Saving at a/skeb/nnwnoirox3-af6914.json
2026-09-19 18:23:29 | INFO     | OK https://skeb.jp/api/users/styd84
2026-09-19 18:23:29 | INFO     | Saving at a/skeb/styd84-936f8b.json
2026-09-19 18:23:30 | INFO     | OK https://skeb.jp/api/users/LCbutter
2026-09-19 18:23:30 | INFO     | Saving at a/skeb/LCbutter-27a761.json
2026-09-19 18:23:31 | INFO     | OK https://skeb.jp/api/users/Ehoooo_Mangan
2026-09-19 18:23:31 | INFO     | Saving at a/skeb/Ehoooo_Mangan-b38ac9.json
2026-09-19 18:23:32 | INFO     | OK https://skeb.jp/api/users/f2_nc1
2026-09-19 18:23:32 | INFO     | Saving at a/skeb/f2_nc1-bf4400.json
2026-09-19 18:23:33 | INFO     | OK https://skeb.jp/api/users/sskbsk_
2026-09-19 18:23:33 | INFO     | Saving at a/skeb/sskbsk_-28d1fa.json
2026-09-19 18:23:34 | INFO     | OK https://skeb.jp/api/users/HimeuRune85038
2026-09-19 18:23:34 | INFO     | Saving at a/skeb/HimeuRune85038-ed43d6.json
2026-09-19 18:23:35 | INFO     | OK https://skeb.jp/api/users/douibotan
2026-09-19 18:23:35 | INFO     | Saving at a/skeb/douibotan-e0bc70.json
2026-09-19 18:23:36 | INFO     | OK https://skeb.jp/api/users/resnar1201
2026-09-19 18:23:36 | INFO     | Saving at a/skeb/resnar1201-5543b9.json
2026-09-19 18:23:37 | INFO     | OK https://skeb.jp/api/users/Koito231
2026-09-19 18:23:37 | INFO     | Saving at a/skeb/Koito231-988830.json
2026-09-19 18:23:38 | INFO     | OK https://skeb.jp/api/users/oooomuretu00
2026-09-19 18:23:38 | INFO     | Saving at a/skeb/oooomuretu00-9715a2.json
2026-09-19 18:23:39 | INFO     | OK https://skeb.jp/api/users/_Ohana_0606
2026-09-19 18:23:39 | INFO     | Saving at a/skeb/_Ohana_0606-3cdd8e.json
2026-09-19 18:23:40 | INFO     | OK https://skeb.jp/api/users/vmBYu5unSC43528
2026-09-19 18:23:40 | INFO     | Saving at a/skeb/vmBYu5unSC43528-ad3db2.json
2026-09-19 18:23:41 | INFO     | OK https://skeb.jp/api/users/reirei_azarashi
2026-09-19 18:23:41 | INFO     | Saving at a/skeb/reirei_azarashi-367259.json
2026-09-19 18:23:42 | INFO     | OK https://skeb.jp/api/users/ozucat
2026-09-19 18:23:42 | INFO     | Saving at a/skeb/ozucat-cbec8a.json
2026-09-19 18:23:43 | INFO     | OK https://skeb.jp/api/users/trpg_fuzi
2026-09-19 18:23:43 | INFO     | Saving at a/skeb/trpg_fuzi-f8ba2d.json
2026-09-19 18:23:44 | INFO     | OK https://skeb.jp/api/users/siroi_53
2026-09-19 18:23:44 | INFO     | Saving at a/skeb/siroi_53-8dd768.json
2026-09-19 18:23:45 | INFO     | OK https://skeb.jp/api/users/ymwmti7
2026-09-19 18:23:45 | INFO     | Saving at a/skeb/ymwmti7-34c6fb.json
2026-09-19 18:23:46 | INFO     | OK https://skeb.jp/api/users/mtnmy_
2026-09-19 18:23:46 | INFO     | Saving at a/skeb/mtnmy_-d7829c.json
2026-09-19 18:23:47 | INFO     | OK https://skeb.jp/api/users/suzuna_sb
2026-09-19 18:23:47 | INFO     | Saving at a/skeb/suzuna_sb-b04ecc.json
2026-09-19 18:23:48 | INFO     | OK https://skeb.jp/api/users/C_comnt
2026-09-19 18:23:48 | INFO     | Saving at a/skeb/C_comnt-ea0f30.json
2026-09-19 18:23:49 | INFO     | OK https://skeb.jp/api/users/Ma2ri__Ri_ri
2026-09-19 18:23:49 | INFO     | Saving at a/skeb/Ma2ri__Ri_ri-e3c791.json
2026-09-19 18:23:50 | INFO     | OK https://skeb.jp/api/users/plump_kinaco
2026-09-19 18:23:50 | INFO     | Saving at a/skeb/plump_kinaco-32c61b.json
2026-09-19 18:23:51 | INFO     | OK https://skeb.jp/api/users/uru_taro_sabu
2026-09-19 18:23:51 | INFO     | Saving at a/skeb/uru_taro_sabu-7abe92.json
2026-09-19 18:23:52 | INFO     | OK https://skeb.jp/api/users/matodayo_0
2026-09-19 18:23:52 | INFO     | Saving at a/skeb/matodayo_0-79c921.json
2026-09-19 18:23:53 | INFO     | OK https://skeb.jp/api/users/Konoha217
2026-09-19 18:23:53 | INFO     | Saving at a/skeb/Konoha217-9acc29.json
2026-09-19 18:23:54 | INFO     | OK https://skeb.jp/api/users/yuzu_tsukino
2026-09-19 18:23:54 | INFO     | Saving at a/skeb/yuzu_tsukino-26f4fb.json
2026-09-19 18:23:55 | INFO     | OK https://skeb.jp/api/users/zooonzoonzon
2026-09-19 18:23:55 | INFO     | Saving at a/skeb/zooonzoonzon-141833.json
2026-09-19 18:23:56 | INFO     | OK https://skeb.jp/api/users/o_otukaresama_o
2026-09-19 18:23:56 | INFO     | Saving at a/skeb/o_otukaresama_o-ba9f3a.json
2026-09-19 18:23:57 | INFO     | OK https://skeb.jp/api/users/HRTYUK
2026-09-19 18:23:57 | INFO     | Saving at a/skeb/HRTYUK-fe1598.json
2026-09-19 18:23:58 | INFO     | OK https://skeb.jp/api/users/mirupomo
2026-09-19 18:23:58 | INFO     | Saving at a/skeb/mirupomo-7151ee.json
2026-09-19 18:23:59 | INFO     | OK https://skeb.jp/api/users/8r3myk
2026-09-19 18:23:59 | INFO     | Saving at a/skeb/8r3myk-d90f85.json
2026-09-19 18:24:00 | INFO     | OK https://skeb.jp/api/users/chisa_art01
2026-09-19 18:24:00 | INFO     | Saving at a/skeb/chisa_art01-cddf1d.json
2026-09-19 18:24:01 | INFO     | OK https://skeb.jp/api/users/Jyakoten_mobile
2026-09-19 18:24:01 | INFO     | Saving at a/skeb/Jyakoten_mobile-fd06a4.json
2026-09-19 18:24:02 | INFO     | OK https://skeb.jp/api/users/yuyuiAZ2
2026-09-19 18:24:02 | INFO     | Saving at a/skeb/yuyuiAZ2-c21bfa.json
2026-09-19 18:24:03 | INFO     | OK https://skeb.jp/api/users/Nn_4n_
2026-09-19 18:24:03 | INFO     | Saving at a/skeb/Nn_4n_-4b1e51.json
2026-09-19 18:24:04 | INFO     | OK https://skeb.jp/api/users/jYwKVZElUZdTz2i
2026-09-19 18:24:04 | INFO     | Saving at a/skeb/jYwKVZElUZdTz2i-508430.json
2026-09-19 18:24:05 | INFO     | OK https://skeb.jp/api/users/unko_delic1ous
2026-09-19 18:24:05 | INFO     | Saving at a/skeb/unko_delic1ous-e5b3f2.json
2026-09-19 18:24:06 | INFO     | OK https://skeb.jp/api/users/sakanakamo83
2026-09-19 18:24:06 | INFO     | Saving at a/skeb/sakanakamo83-4d0776.json
2026-09-19 18:24:07 | INFO     | OK https://skeb.jp/api/users/Morizono
2026-09-19 18:24:07 | INFO     | Saving at a/skeb/Morizono-ce2c16.json
2026-09-19 18:24:08 | INFO     | OK https://skeb.jp/api/users/slumpa1008
2026-09-19 18:24:08 | INFO     | Saving at a/skeb/slumpa1008-bbb99d.json
2026-09-19 18:24:09 | INFO     | OK https://skeb.jp/api/users/Koneko00
2026-09-19 18:24:09 | INFO     | Saving at a/skeb/Koneko00-10af2e.json
2026-09-19 18:24:10 | INFO     | OK https://skeb.jp/api/users/Kenkou77
2026-09-19 18:24:10 | INFO     | Saving at a/skeb/Kenkou77-42b484.json
2026-09-19 18:24:11 | INFO     | OK https://skeb.jp/api/users/glyce_rin
2026-09-19 18:24:11 | INFO     | Saving at a/skeb/glyce_rin-1f3b88.json
2026-09-19 18:24:12 | INFO     | OK https://skeb.jp/api/users/shinano1009
2026-09-19 18:24:12 | INFO     | Saving at a/skeb/shinano1009-a8de6c.json
2026-09-19 18:24:13 | INFO     | OK https://skeb.jp/api/users/amuka_sun
2026-09-19 18:24:13 | INFO     | Saving at a/skeb/amuka_sun-d98424.json
2026-09-19 18:24:14 | INFO     | OK https://skeb.jp/api/users/ykii077
2026-09-19 18:24:14 | INFO     | Saving at a/skeb/ykii077-f1ce29.json
2026-09-19 18:24:15 | INFO     | OK https://skeb.jp/api/users/___dogma00
2026-09-19 18:24:15 | INFO     | Saving at a/skeb/___dogma00-b74476.json
2026-09-19 18:24:16 | INFO     | OK https://skeb.jp/api/users/heppokoR
2026-09-19 18:24:16 | INFO     | Saving at a/skeb/heppokoR-9d06a7.json
2026-09-19 18:24:17 | INFO     | OK https://skeb.jp/api/users/EchigoyaR18
2026-09-19 18:24:17 | INFO     | Saving at a/skeb/EchigoyaR18-e39b28.json
2026-09-19 18:24:18 | INFO     | OK https://skeb.jp/api/users/sano0_0trpg
2026-09-19 18:24:18 | INFO     | Saving at a/skeb/sano0_0trpg-aa9d22.json
2026-09-19 18:24:19 | INFO     | OK https://skeb.jp/api/users/chichibuji300
2026-09-19 18:24:19 | INFO     | Saving at a/skeb/chichibuji300-3fe034.json
2026-09-19 18:24:20 | INFO     | OK https://skeb.jp/api/users/Feynyen
2026-09-19 18:24:20 | INFO     | Saving at a/skeb/Feynyen-f6493d.json
2026-09-19 18:24:21 | INFO     | OK https://skeb.jp/api/users/penpeneroe
2026-09-19 18:24:21 | INFO     | Saving at a/skeb/penpeneroe-755e8d.json
2026-09-19 18:24:22 | INFO     | OK https://skeb.jp/api/users/Chito_vrc83
2026-09-19 18:24:22 | INFO     | Saving at a/skeb/Chito_vrc83-aaabc4.json
2026-09-19 18:24:23 | INFO     | OK https://skeb.jp/api/users/michi_kuso
2026-09-19 18:24:23 | INFO     | Saving at a/skeb/michi_kuso-b4c254.json
2026-09-19 18:24:24 | INFO     | OK https://skeb.jp/api/users/Nishiura_24
2026-09-19 18:24:24 | INFO     | Saving at a/skeb/Nishiura_24-601fb4.json
2026-09-19 18:24:25 | INFO     | OK https://skeb.jp/api/users/nachisan_ninja
2026-09-19 18:24:25 | INFO     | Saving at a/skeb/nachisan_ninja-021636.json
2026-09-19 18:24:26 | INFO     | OK https://skeb.jp/api/users/_yoikuma_
2026-09-19 18:24:26 | INFO     | Saving at a/skeb/_yoikuma_-5aad73.json
2026-09-19 18:24:27 | INFO     | OK https://skeb.jp/api/users/vumBbE0GPdd20xC
2026-09-19 18:24:27 | INFO     | Saving at a/skeb/vumBbE0GPdd20xC-80d96f.json
2026-09-19 18:24:28 | INFO     | OK https://skeb.jp/api/users/iiiichimarU_03
2026-09-19 18:24:28 | INFO     | Saving at a/skeb/iiiichimarU_03-c2bd5e.json
2026-09-19 18:24:29 | INFO     | OK https://skeb.jp/api/users/ao4ma_illust
2026-09-19 18:24:29 | INFO     | Saving at a/skeb/ao4ma_illust-791e3c.json
2026-09-19 18:24:30 | INFO     | OK https://skeb.jp/api/users/minabe_6711
2026-09-19 18:24:30 | INFO     | Saving at a/skeb/minabe_6711-220591.json
2026-09-19 18:24:31 | INFO     | OK https://skeb.jp/api/users/hnmr_ho
2026-09-19 18:24:31 | INFO     | Saving at a/skeb/hnmr_ho-af03c5.json
2026-09-19 18:24:31 | INFO     |  --- SUMMARY REPORT --- 
  Sources Retreived    : 3441
  Profiles Fetched     : 3441
  Profile Missing      : 0
  Profile Rate Limited : 0
  Profile Error Others : 0

2026-09-19 18:24:31 | INFO     | Started creating static api data.
2026-09-19 18:26:04 | INFO     | Album index written to a/albums/index.json (523 albums)
