2026-10-05 10:27:28 | INFO     | Initialized Data Store.
2026-10-05 10:27:29 | INFO     | Homepage GET status=200 (attempt 1/3)
2026-10-05 10:27:29 | WARNING  | request_key not found in homepage HTML (status=200).
2026-10-05 10:27:29 | INFO     | SkebClient ready (impersonate=chrome120, rate=1.0/s, concurrency=10, max_runtime=10800s)
2026-10-05 10:27:29 | INFO     | Pagination start: type='works' genre='art'.
2026-10-05 10:27:29 | INFO     | OK https://skeb.jp/api/works?sort=date&genre=art&offset=0&limit=90
2026-10-05 10:27:30 | INFO     | OK https://skeb.jp/api/works?sort=date&genre=art&offset=810&limit=90
2026-10-05 10:27:31 | INFO     | OK https://skeb.jp/api/works?sort=date&genre=art&offset=540&limit=90
2026-10-05 10:27:32 | INFO     | OK https://skeb.jp/api/works?sort=date&genre=art&offset=450&limit=90
2026-10-05 10:27:33 | INFO     | OK https://skeb.jp/api/works?sort=date&genre=art&offset=720&limit=90
2026-10-05 10:27:34 | INFO     | OK https://skeb.jp/api/works?sort=date&genre=art&offset=360&limit=90
2026-10-05 10:27:35 | INFO     | OK https://skeb.jp/api/works?sort=date&genre=art&offset=180&limit=90
2026-10-05 10:27:36 | INFO     | OK https://skeb.jp/api/works?sort=date&genre=art&offset=630&limit=90
2026-10-05 10:27:37 | INFO     | OK https://skeb.jp/api/works?sort=date&genre=art&offset=90&limit=90
2026-10-05 10:27:38 | INFO     | OK https://skeb.jp/api/works?sort=date&genre=art&offset=270&limit=90
2026-10-05 10:27:39 | INFO     | OK https://skeb.jp/api/works?sort=date&genre=art&offset=1440&limit=90
2026-10-05 10:27:40 | INFO     | OK https://skeb.jp/api/works?sort=date&genre=art&offset=1260&limit=90
2026-10-05 10:27:41 | INFO     | OK https://skeb.jp/api/works?sort=date&genre=art&offset=1170&limit=90
2026-10-05 10:27:42 | INFO     | OK https://skeb.jp/api/works?sort=date&genre=art&offset=990&limit=90
2026-10-05 10:27:43 | INFO     | OK https://skeb.jp/api/works?sort=date&genre=art&offset=1350&limit=90
2026-10-05 10:27:44 | INFO     | OK https://skeb.jp/api/works?sort=date&genre=art&offset=900&limit=90
2026-10-05 10:27:45 | INFO     | OK https://skeb.jp/api/works?sort=date&genre=art&offset=1530&limit=90
2026-10-05 10:27:46 | INFO     | OK https://skeb.jp/api/works?sort=date&genre=art&offset=1620&limit=90
2026-10-05 10:27:47 | INFO     | OK https://skeb.jp/api/works?sort=date&genre=art&offset=1080&limit=90
2026-10-05 10:27:48 | INFO     | OK https://skeb.jp/api/works?sort=date&genre=art&offset=1710&limit=90
2026-10-05 10:27:49 | INFO     | OK https://skeb.jp/api/works?sort=date&genre=art&offset=2520&limit=90
2026-10-05 10:27:50 | INFO     | OK https://skeb.jp/api/works?sort=date&genre=art&offset=1800&limit=90
2026-10-05 10:27:51 | INFO     | OK https://skeb.jp/api/works?sort=date&genre=art&offset=2610&limit=90
2026-10-05 10:27:52 | INFO     | OK https://skeb.jp/api/works?sort=date&genre=art&offset=2160&limit=90
2026-10-05 10:27:53 | INFO     | OK https://skeb.jp/api/works?sort=date&genre=art&offset=2250&limit=90
2026-10-05 10:27:54 | INFO     | OK https://skeb.jp/api/works?sort=date&genre=art&offset=2070&limit=90
2026-10-05 10:27:55 | INFO     | OK https://skeb.jp/api/works?sort=date&genre=art&offset=2430&limit=90
2026-10-05 10:27:56 | INFO     | OK https://skeb.jp/api/works?sort=date&genre=art&offset=1980&limit=90
2026-10-05 10:27:57 | INFO     | OK https://skeb.jp/api/works?sort=date&genre=art&offset=1890&limit=90
2026-10-05 10:27:58 | INFO     | OK https://skeb.jp/api/works?sort=date&genre=art&offset=2340&limit=90
2026-10-05 10:27:59 | INFO     | OK https://skeb.jp/api/works?sort=date&genre=art&offset=3240&limit=90
2026-10-05 10:28:00 | INFO     | OK https://skeb.jp/api/works?sort=date&genre=art&offset=2970&limit=90
2026-10-05 10:28:01 | INFO     | OK https://skeb.jp/api/works?sort=date&genre=art&offset=3420&limit=90
2026-10-05 10:28:02 | INFO     | OK https://skeb.jp/api/works?sort=date&genre=art&offset=3150&limit=90
2026-10-05 10:28:03 | INFO     | OK https://skeb.jp/api/works?sort=date&genre=art&offset=3510&limit=90
2026-10-05 10:28:04 | INFO     | OK https://skeb.jp/api/works?sort=date&genre=art&offset=2880&limit=90
2026-10-05 10:28:05 | INFO     | OK https://skeb.jp/api/works?sort=date&genre=art&offset=2700&limit=90
2026-10-05 10:28:06 | INFO     | OK https://skeb.jp/api/works?sort=date&genre=art&offset=3330&limit=90
2026-10-05 10:28:07 | INFO     | OK https://skeb.jp/api/works?sort=date&genre=art&offset=2790&limit=90
2026-10-05 10:28:08 | INFO     | OK https://skeb.jp/api/works?sort=date&genre=art&offset=3060&limit=90
2026-10-05 10:28:09 | INFO     | OK https://skeb.jp/api/works?sort=date&genre=art&offset=4230&limit=90
2026-10-05 10:28:10 | INFO     | OK https://skeb.jp/api/works?sort=date&genre=art&offset=4050&limit=90
2026-10-05 10:28:11 | INFO     | OK https://skeb.jp/api/works?sort=date&genre=art&offset=4140&limit=90
2026-10-05 10:28:12 | INFO     | OK https://skeb.jp/api/works?sort=date&genre=art&offset=3600&limit=90
2026-10-05 10:28:13 | INFO     | OK https://skeb.jp/api/works?sort=date&genre=art&offset=4320&limit=90
2026-10-05 10:28:14 | INFO     | OK https://skeb.jp/api/works?sort=date&genre=art&offset=3870&limit=90
2026-10-05 10:28:15 | INFO     | OK https://skeb.jp/api/works?sort=date&genre=art&offset=3960&limit=90
2026-10-05 10:28:16 | INFO     | OK https://skeb.jp/api/works?sort=date&genre=art&offset=3780&limit=90
2026-10-05 10:28:17 | INFO     | OK https://skeb.jp/api/works?sort=date&genre=art&offset=4410&limit=90
2026-10-05 10:28:18 | INFO     | OK https://skeb.jp/api/works?sort=date&genre=art&offset=3690&limit=90
2026-10-05 10:28:18 | INFO     | Empty page (consecutive=1)
2026-10-05 10:28:18 | INFO     | Empty page (consecutive=2)
2026-10-05 10:28:18 | INFO     | End of pagination (2 empty pages).
2026-10-05 10:28:18 | INFO     | Pagination done: 4000 items for 'works'.
2026-10-05 10:28:18 | INFO     | Pagination start: type='users' genre='art'.
2026-10-05 10:28:19 | INFO     | OK https://skeb.jp/api/users?sort=date&genre=art&offset=810&limit=90
2026-10-05 10:28:20 | INFO     | OK https://skeb.jp/api/users?sort=date&genre=art&offset=540&limit=90
2026-10-05 10:28:21 | INFO     | OK https://skeb.jp/api/users?sort=date&genre=art&offset=450&limit=90
2026-10-05 10:28:22 | INFO     | OK https://skeb.jp/api/users?sort=date&genre=art&offset=720&limit=90
2026-10-05 10:28:23 | INFO     | OK https://skeb.jp/api/users?sort=date&genre=art&offset=180&limit=90
2026-10-05 10:28:24 | INFO     | OK https://skeb.jp/api/users?sort=date&genre=art&offset=360&limit=90
2026-10-05 10:28:25 | INFO     | OK https://skeb.jp/api/users?sort=date&genre=art&offset=630&limit=90
2026-10-05 10:28:26 | INFO     | OK https://skeb.jp/api/users?sort=date&genre=art&offset=270&limit=90
2026-10-05 10:28:27 | INFO     | OK https://skeb.jp/api/users?sort=date&genre=art&offset=90&limit=90
2026-10-05 10:28:28 | INFO     | OK https://skeb.jp/api/users?sort=date&genre=art&offset=0&limit=90
2026-10-05 10:28:28 | INFO     | Empty page (consecutive=1)
2026-10-05 10:28:28 | INFO     | Empty page (consecutive=2)
2026-10-05 10:28:28 | INFO     | End of pagination (2 empty pages).
2026-10-05 10:28:28 | INFO     | Pagination done: 400 items for 'users'.
2026-10-05 10:28:28 | INFO     | Ready to scrape 3500 items
2026-10-05 10:28:29 | INFO     | OK https://skeb.jp/api/users/ktkoomp
2026-10-05 10:28:29 | INFO     | Saving at a/skeb/ktkoomp-312ed3.json
2026-10-05 10:28:30 | INFO     | OK https://skeb.jp/api/users/ghdwhc
2026-10-05 10:28:30 | INFO     | Saving at a/skeb/ghdwhc-031cc2.json
2026-10-05 10:28:31 | INFO     | OK https://skeb.jp/api/users/suuki_kyo
2026-10-05 10:28:31 | INFO     | Saving at a/skeb/suuki_kyo-247c39.json
2026-10-05 10:28:32 | INFO     | OK https://skeb.jp/api/users/NK2000MAN
2026-10-05 10:28:32 | INFO     | Saving at a/skeb/NK2000MAN-5b90e9.json
2026-10-05 10:28:33 | INFO     | OK https://skeb.jp/api/users/kikansya2001
2026-10-05 10:28:33 | INFO     | Saving at a/skeb/kikansya2001-c5266c.json
2026-10-05 10:28:34 | INFO     | OK https://skeb.jp/api/users/nutori_manga
2026-10-05 10:28:34 | INFO     | Saving at a/skeb/nutori_manga-924ba1.json
2026-10-05 10:28:35 | INFO     | OK https://skeb.jp/api/users/MA0000SH
2026-10-05 10:28:35 | INFO     | Saving at a/skeb/MA0000SH-08698a.json
2026-10-05 10:28:36 | INFO     | OK https://skeb.jp/api/users/iRtLfBAxdr
2026-10-05 10:28:36 | INFO     | Saving at a/skeb/iRtLfBAxdr-41d871.json
2026-10-05 10:28:37 | INFO     | OK https://skeb.jp/api/users/saito_runp
2026-10-05 10:28:37 | INFO     | Saving at a/skeb/saito_runp-dec065.json
2026-10-05 10:28:38 | INFO     | OK https://skeb.jp/api/users/iui_ymym
2026-10-05 10:28:38 | INFO     | Saving at a/skeb/iui_ymym-b2f89e.json
2026-10-05 10:28:39 | INFO     | OK https://skeb.jp/api/users/m10_po3
2026-10-05 10:28:39 | INFO     | Saving at a/skeb/m10_po3-81c4e4.json
2026-10-05 10:28:40 | INFO     | OK https://skeb.jp/api/users/surippa1010
2026-10-05 10:28:40 | INFO     | Saving at a/skeb/surippa1010-92abc3.json
2026-10-05 10:28:41 | INFO     | OK https://skeb.jp/api/users/hirari___in
2026-10-05 10:28:41 | INFO     | Saving at a/skeb/hirari___in-e4a886.json
2026-10-05 10:28:42 | INFO     | OK https://skeb.jp/api/users/74noname
2026-10-05 10:28:42 | INFO     | Saving at a/skeb/74noname-1bc27d.json
2026-10-05 10:28:43 | INFO     | OK https://skeb.jp/api/users/jcndx2_
2026-10-05 10:28:43 | INFO     | Saving at a/skeb/jcndx2_-cd595c.json
2026-10-05 10:28:44 | INFO     | OK https://skeb.jp/api/users/LightPenis
2026-10-05 10:28:44 | INFO     | Saving at a/skeb/LightPenis-6a6dba.json
2026-10-05 10:28:45 | INFO     | OK https://skeb.jp/api/users/nyoe_nyoh
2026-10-05 10:28:45 | INFO     | Saving at a/skeb/nyoe_nyoh-893e36.json
2026-10-05 10:28:46 | INFO     | OK https://skeb.jp/api/users/33guLab
2026-10-05 10:28:46 | INFO     | Saving at a/skeb/33guLab-d31b4e.json
2026-10-05 10:28:47 | INFO     | OK https://skeb.jp/api/users/rabon_260
2026-10-05 10:28:47 | INFO     | Saving at a/skeb/rabon_260-4a3040.json
2026-10-05 10:28:48 | INFO     | OK https://skeb.jp/api/users/Barukinodayoo
2026-10-05 10:28:48 | INFO     | Saving at a/skeb/Barukinodayoo-d8e577.json
2026-10-05 10:28:49 | INFO     | OK https://skeb.jp/api/users/Harumayago
2026-10-05 10:28:49 | INFO     | Saving at a/skeb/Harumayago-585ccb.json
2026-10-05 10:28:50 | INFO     | OK https://skeb.jp/api/users/ku_rimo
2026-10-05 10:28:50 | INFO     | Saving at a/skeb/ku_rimo-26aff0.json
2026-10-05 10:28:51 | INFO     | OK https://skeb.jp/api/users/spachear
2026-10-05 10:28:51 | INFO     | Saving at a/skeb/spachear-6413ca.json
2026-10-05 10:28:52 | INFO     | OK https://skeb.jp/api/users/ganache_tetoy
2026-10-05 10:28:52 | INFO     | Saving at a/skeb/ganache_tetoy-a2d7da.json
2026-10-05 10:28:53 | INFO     | OK https://skeb.jp/api/users/rahato190
2026-10-05 10:28:53 | INFO     | Saving at a/skeb/rahato190-bc3287.json
2026-10-05 10:28:54 | INFO     | OK https://skeb.jp/api/users/bokujo_v
2026-10-05 10:28:54 | INFO     | Saving at a/skeb/bokujo_v-b4d058.json
2026-10-05 10:28:55 | INFO     | OK https://skeb.jp/api/users/SasakuraMomizi
2026-10-05 10:28:55 | INFO     | Saving at a/skeb/SasakuraMomizi-45965e.json
2026-10-05 10:28:56 | INFO     | OK https://skeb.jp/api/users/WORLD8383
2026-10-05 10:28:56 | INFO     | Saving at a/skeb/WORLD8383-2f2acb.json
2026-10-05 10:28:57 | INFO     | OK https://skeb.jp/api/users/amooooO217
2026-10-05 10:28:57 | INFO     | Saving at a/skeb/amooooO217-6c5510.json
2026-10-05 10:28:58 | INFO     | OK https://skeb.jp/api/users/gr_sosk
2026-10-05 10:28:58 | INFO     | Saving at a/skeb/gr_sosk-9d008f.json
2026-10-05 10:28:59 | INFO     | OK https://skeb.jp/api/users/watakon
2026-10-05 10:28:59 | INFO     | Saving at a/skeb/watakon-c44f7c.json
2026-10-05 10:29:00 | INFO     | OK https://skeb.jp/api/users/bukitikikaku
2026-10-05 10:29:00 | INFO     | Saving at a/skeb/bukitikikaku-75b367.json
2026-10-05 10:29:01 | INFO     | OK https://skeb.jp/api/users/harukaze_noda
2026-10-05 10:29:01 | INFO     | Saving at a/skeb/harukaze_noda-11b095.json
2026-10-05 10:29:02 | INFO     | OK https://skeb.jp/api/users/NANU6nemuro
2026-10-05 10:29:02 | INFO     | Saving at a/skeb/NANU6nemuro-dd4129.json
2026-10-05 10:29:03 | INFO     | OK https://skeb.jp/api/users/hakyu
2026-10-05 10:29:03 | INFO     | Saving at a/skeb/hakyu-6cc244.json
2026-10-05 10:29:04 | INFO     | OK https://skeb.jp/api/users/18796q
2026-10-05 10:29:04 | INFO     | Saving at a/skeb/18796q-195c19.json
2026-10-05 10:29:05 | INFO     | OK https://skeb.jp/api/users/menma24
2026-10-05 10:29:05 | INFO     | Saving at a/skeb/menma24-c734d9.json
2026-10-05 10:29:06 | INFO     | OK https://skeb.jp/api/users/karo___6
2026-10-05 10:29:06 | INFO     | Saving at a/skeb/karo___6-b6a2ca.json
2026-10-05 10:29:07 | INFO     | OK https://skeb.jp/api/users/siki_MHR
2026-10-05 10:29:07 | INFO     | Saving at a/skeb/siki_MHR-bd44f9.json
2026-10-05 10:29:08 | INFO     | OK https://skeb.jp/api/users/__nekomogu
2026-10-05 10:29:08 | INFO     | Saving at a/skeb/__nekomogu-958668.json
2026-10-05 10:29:09 | INFO     | OK https://skeb.jp/api/users/hymkn_cgkiy
2026-10-05 10:29:09 | INFO     | Saving at a/skeb/hymkn_cgkiy-9f741d.json
2026-10-05 10:29:10 | INFO     | OK https://skeb.jp/api/users/TAK_BeAFreak2
2026-10-05 10:29:10 | INFO     | Saving at a/skeb/TAK_BeAFreak2-d8c09d.json
2026-10-05 10:29:11 | INFO     | OK https://skeb.jp/api/users/mochono
2026-10-05 10:29:11 | INFO     | Saving at a/skeb/mochono-a5179b.json
2026-10-05 10:29:12 | INFO     | OK https://skeb.jp/api/users/kmkwuzn0404
2026-10-05 10:29:12 | INFO     | Saving at a/skeb/kmkwuzn0404-082c32.json
2026-10-05 10:29:13 | INFO     | OK https://skeb.jp/api/users/n8znaz
2026-10-05 10:29:13 | INFO     | Saving at a/skeb/n8znaz-c6bba0.json
2026-10-05 10:29:14 | INFO     | OK https://skeb.jp/api/users/yukijiro02a
2026-10-05 10:29:14 | INFO     | Saving at a/skeb/yukijiro02a-af656b.json
2026-10-05 10:29:15 | INFO     | OK https://skeb.jp/api/users/Little__co
2026-10-05 10:29:15 | INFO     | Saving at a/skeb/Little__co-c8c8d9.json
2026-10-05 10:29:16 | INFO     | OK https://skeb.jp/api/users/mimio_tachibana
2026-10-05 10:29:16 | INFO     | Saving at a/skeb/mimio_tachibana-a0f9d7.json
2026-10-05 10:29:17 | INFO     | OK https://skeb.jp/api/users/ebichiranai__
2026-10-05 10:29:17 | INFO     | Saving at a/skeb/ebichiranai__-117bf9.json
2026-10-05 10:29:18 | INFO     | OK https://skeb.jp/api/users/shiromaru_tm
2026-10-05 10:29:18 | INFO     | Saving at a/skeb/shiromaru_tm-afcd5e.json
2026-10-05 10:29:19 | INFO     | OK https://skeb.jp/api/users/ann10hu
2026-10-05 10:29:19 | INFO     | Saving at a/skeb/ann10hu-5ae569.json
2026-10-05 10:29:20 | INFO     | OK https://skeb.jp/api/users/tokiatom
2026-10-05 10:29:20 | INFO     | Saving at a/skeb/tokiatom-5dfebe.json
2026-10-05 10:29:21 | INFO     | OK https://skeb.jp/api/users/createplus_02
2026-10-05 10:29:21 | INFO     | Saving at a/skeb/createplus_02-b05525.json
2026-10-05 10:29:22 | INFO     | OK https://skeb.jp/api/users/wayokariyos
2026-10-05 10:29:22 | INFO     | Saving at a/skeb/wayokariyos-3f6312.json
2026-10-05 10:29:23 | INFO     | OK https://skeb.jp/api/users/yonekura_mochi
2026-10-05 10:29:23 | INFO     | Saving at a/skeb/yonekura_mochi-dd04ef.json
2026-10-05 10:29:24 | INFO     | OK https://skeb.jp/api/users/ito_mamai
2026-10-05 10:29:24 | INFO     | Saving at a/skeb/ito_mamai-bb0e31.json
2026-10-05 10:29:25 | INFO     | OK https://skeb.jp/api/users/MegurunoYoiame
2026-10-05 10:29:25 | INFO     | Saving at a/skeb/MegurunoYoiame-1faa66.json
2026-10-05 10:29:26 | INFO     | OK https://skeb.jp/api/users/nlnh40
2026-10-05 10:29:26 | INFO     | Saving at a/skeb/nlnh40-d70f01.json
2026-10-05 10:29:27 | INFO     | OK https://skeb.jp/api/users/hizi_ki04
2026-10-05 10:29:27 | INFO     | Saving at a/skeb/hizi_ki04-b7ce1f.json
2026-10-05 10:29:28 | INFO     | OK https://skeb.jp/api/users/Shirayume44
2026-10-05 10:29:28 | INFO     | Saving at a/skeb/Shirayume44-79a274.json
2026-10-05 10:29:29 | INFO     | OK https://skeb.jp/api/users/orengekanon58
2026-10-05 10:29:29 | INFO     | Saving at a/skeb/orengekanon58-7fa219.json
2026-10-05 10:29:30 | INFO     | OK https://skeb.jp/api/users/nojinojinoji241
2026-10-05 10:29:30 | INFO     | Saving at a/skeb/nojinojinoji241-876d2d.json
2026-10-05 10:29:31 | INFO     | OK https://skeb.jp/api/users/nao_x2_
2026-10-05 10:29:31 | INFO     | Saving at a/skeb/nao_x2_-f804cf.json
2026-10-05 10:29:32 | INFO     | OK https://skeb.jp/api/users/ji_yuuyuu
2026-10-05 10:29:32 | INFO     | Saving at a/skeb/ji_yuuyuu-f1a721.json
2026-10-05 10:29:33 | INFO     | OK https://skeb.jp/api/users/meta81516165665
2026-10-05 10:29:33 | INFO     | Saving at a/skeb/meta81516165665-292c8b.json
2026-10-05 10:29:34 | INFO     | OK https://skeb.jp/api/users/FiveseveN
2026-10-05 10:29:34 | INFO     | Saving at a/skeb/FiveseveN-775230.json
2026-10-05 10:29:35 | INFO     | OK https://skeb.jp/api/users/FusanuFusa
2026-10-05 10:29:35 | INFO     | Saving at a/skeb/FusanuFusa-081279.json
2026-10-05 10:29:36 | INFO     | OK https://skeb.jp/api/users/Osyaberi_oniku
2026-10-05 10:29:36 | INFO     | Saving at a/skeb/Osyaberi_oniku-4b4536.json
2026-10-05 10:29:37 | INFO     | OK https://skeb.jp/api/users/mikaduki5
2026-10-05 10:29:37 | INFO     | Saving at a/skeb/mikaduki5-8e3791.json
2026-10-05 10:29:38 | INFO     | OK https://skeb.jp/api/users/wanwa_fufu
2026-10-05 10:29:38 | INFO     | Saving at a/skeb/wanwa_fufu-8f3d11.json
2026-10-05 10:29:39 | INFO     | OK https://skeb.jp/api/users/noinoiro
2026-10-05 10:29:39 | INFO     | Saving at a/skeb/noinoiro-f87366.json
2026-10-05 10:29:40 | INFO     | OK https://skeb.jp/api/users/enokikamo1
2026-10-05 10:29:40 | INFO     | Saving at a/skeb/enokikamo1-30b80c.json
2026-10-05 10:29:41 | INFO     | OK https://skeb.jp/api/users/seiraiA
2026-10-05 10:29:41 | INFO     | Saving at a/skeb/seiraiA-0676e1.json
2026-10-05 10:29:42 | INFO     | OK https://skeb.jp/api/users/gojarun
2026-10-05 10:29:42 | INFO     | Saving at a/skeb/gojarun-2b1827.json
2026-10-05 10:29:43 | INFO     | OK https://skeb.jp/api/users/you_0214_
2026-10-05 10:29:43 | INFO     | Saving at a/skeb/you_0214_-ae9d42.json
2026-10-05 10:29:44 | INFO     | OK https://skeb.jp/api/users/315Intelcat
2026-10-05 10:29:44 | INFO     | Saving at a/skeb/315Intelcat-d26d57.json
2026-10-05 10:29:45 | INFO     | OK https://skeb.jp/api/users/Love2Slip
2026-10-05 10:29:45 | INFO     | Saving at a/skeb/Love2Slip-3fb331.json
2026-10-05 10:29:46 | INFO     | OK https://skeb.jp/api/users/z_00079
2026-10-05 10:29:46 | INFO     | Saving at a/skeb/z_00079-91b19a.json
2026-10-05 10:29:47 | INFO     | OK https://skeb.jp/api/users/jiga_sub
2026-10-05 10:29:47 | INFO     | Saving at a/skeb/jiga_sub-7c1d80.json
2026-10-05 10:29:48 | INFO     | OK https://skeb.jp/api/users/campagne_9
2026-10-05 10:29:48 | INFO     | Saving at a/skeb/campagne_9-0132c5.json
2026-10-05 10:29:49 | INFO     | OK https://skeb.jp/api/users/gb_gy_games
2026-10-05 10:29:49 | INFO     | Saving at a/skeb/gb_gy_games-de8c1d.json
2026-10-05 10:29:50 | INFO     | OK https://skeb.jp/api/users/Nanakokostay
2026-10-05 10:29:50 | INFO     | Saving at a/skeb/Nanakokostay-0ae2e7.json
2026-10-05 10:29:51 | INFO     | OK https://skeb.jp/api/users/ko_cha_22
2026-10-05 10:29:51 | INFO     | Saving at a/skeb/ko_cha_22-96cb7f.json
2026-10-05 10:29:52 | INFO     | OK https://skeb.jp/api/users/boy_illu
2026-10-05 10:29:52 | INFO     | Saving at a/skeb/boy_illu-81545a.json
2026-10-05 10:29:53 | INFO     | OK https://skeb.jp/api/users/iroi_roiro_art
2026-10-05 10:29:53 | INFO     | Saving at a/skeb/iroi_roiro_art-78150c.json
2026-10-05 10:29:54 | INFO     | OK https://skeb.jp/api/users/milk_miff
2026-10-05 10:29:54 | INFO     | Saving at a/skeb/milk_miff-9610c5.json
2026-10-05 10:29:55 | INFO     | OK https://skeb.jp/api/users/yuda_happy_
2026-10-05 10:29:55 | INFO     | Saving at a/skeb/yuda_happy_-27e23e.json
2026-10-05 10:29:56 | INFO     | OK https://skeb.jp/api/users/siro90414
2026-10-05 10:29:56 | INFO     | Saving at a/skeb/siro90414-bea938.json
2026-10-05 10:29:57 | INFO     | OK https://skeb.jp/api/users/marumo__3
2026-10-05 10:29:57 | INFO     | Saving at a/skeb/marumo__3-631c18.json
2026-10-05 10:29:58 | INFO     | OK https://skeb.jp/api/users/Amu_rumu
2026-10-05 10:29:58 | INFO     | Saving at a/skeb/Amu_rumu-6ba266.json
2026-10-05 10:29:59 | INFO     | OK https://skeb.jp/api/users/fEuMUa4wy8thx
2026-10-05 10:29:59 | INFO     | Saving at a/skeb/fEuMUa4wy8thx-f1108e.json
2026-10-05 10:30:00 | INFO     | OK https://skeb.jp/api/users/sugukaeru_
2026-10-05 10:30:00 | INFO     | Saving at a/skeb/sugukaeru_-ba4544.json
2026-10-05 10:30:01 | INFO     | OK https://skeb.jp/api/users/UNG_312
2026-10-05 10:30:01 | INFO     | Saving at a/skeb/UNG_312-766a1e.json
2026-10-05 10:30:02 | INFO     | OK https://skeb.jp/api/users/noriaji_jungle
2026-10-05 10:30:02 | INFO     | Saving at a/skeb/noriaji_jungle-5c5036.json
2026-10-05 10:30:03 | INFO     | OK https://skeb.jp/api/users/baronzombie
2026-10-05 10:30:03 | INFO     | Saving at a/skeb/baronzombie-313347.json
2026-10-05 10:30:04 | INFO     | OK https://skeb.jp/api/users/Degbli
2026-10-05 10:30:04 | INFO     | Saving at a/skeb/Degbli-dafca9.json
2026-10-05 10:30:05 | INFO     | OK https://skeb.jp/api/users/msms_mmm_x
2026-10-05 10:30:05 | INFO     | Saving at a/skeb/msms_mmm_x-b7933d.json
2026-10-05 10:30:06 | INFO     | OK https://skeb.jp/api/users/sa_na_517
2026-10-05 10:30:06 | INFO     | Saving at a/skeb/sa_na_517-4bdf3c.json
2026-10-05 10:30:07 | INFO     | OK https://skeb.jp/api/users/asdf05131
2026-10-05 10:30:07 | INFO     | Saving at a/skeb/asdf05131-372cb3.json
2026-10-05 10:30:08 | INFO     | OK https://skeb.jp/api/users/inu_to_tanpopo
2026-10-05 10:30:08 | INFO     | Saving at a/skeb/inu_to_tanpopo-9e0962.json
2026-10-05 10:30:09 | INFO     | OK https://skeb.jp/api/users/anakitsune
2026-10-05 10:30:09 | INFO     | Saving at a/skeb/anakitsune-746af8.json
2026-10-05 10:30:10 | INFO     | OK https://skeb.jp/api/users/shino_kaguya1
2026-10-05 10:30:10 | INFO     | Saving at a/skeb/shino_kaguya1-4e0c67.json
2026-10-05 10:30:11 | INFO     | OK https://skeb.jp/api/users/UxcucxU
2026-10-05 10:30:11 | INFO     | Saving at a/skeb/UxcucxU-5e79f9.json
2026-10-05 10:30:12 | INFO     | OK https://skeb.jp/api/users/kpmdqx
2026-10-05 10:30:12 | INFO     | Saving at a/skeb/kpmdqx-96b9c6.json
2026-10-05 10:30:13 | INFO     | OK https://skeb.jp/api/users/oribe_99
2026-10-05 10:30:13 | INFO     | Saving at a/skeb/oribe_99-170ee0.json
2026-10-05 10:30:14 | INFO     | OK https://skeb.jp/api/users/toufu0301
2026-10-05 10:30:14 | INFO     | Saving at a/skeb/toufu0301-d9ea1b.json
2026-10-05 10:30:15 | INFO     | OK https://skeb.jp/api/users/MINK343
2026-10-05 10:30:15 | INFO     | Saving at a/skeb/MINK343-33c3e0.json
2026-10-05 10:30:16 | INFO     | OK https://skeb.jp/api/users/RLogany
2026-10-05 10:30:16 | INFO     | Saving at a/skeb/RLogany-55ccd2.json
2026-10-05 10:30:17 | INFO     | OK https://skeb.jp/api/users/UTK_sea
2026-10-05 10:30:17 | INFO     | Saving at a/skeb/UTK_sea-3d4ed9.json
2026-10-05 10:30:18 | INFO     | OK https://skeb.jp/api/users/N__ivr
2026-10-05 10:30:18 | INFO     | Saving at a/skeb/N__ivr-680d50.json
2026-10-05 10:30:19 | INFO     | OK https://skeb.jp/api/users/tigira_or_Dona
2026-10-05 10:30:19 | INFO     | Saving at a/skeb/tigira_or_Dona-45824a.json
2026-10-05 10:30:20 | INFO     | OK https://skeb.jp/api/users/41G10_
2026-10-05 10:30:20 | INFO     | Saving at a/skeb/41G10_-790bda.json
2026-10-05 10:30:21 | INFO     | OK https://skeb.jp/api/users/Next_toMountain
2026-10-05 10:30:21 | INFO     | Saving at a/skeb/Next_toMountain-878fbb.json
2026-10-05 10:30:22 | INFO     | OK https://skeb.jp/api/users/wsss_rauha
2026-10-05 10:30:22 | INFO     | Saving at a/skeb/wsss_rauha-b05c86.json
2026-10-05 10:30:23 | INFO     | OK https://skeb.jp/api/users/nyanpokon
2026-10-05 10:30:23 | INFO     | Saving at a/skeb/nyanpokon-6d2381.json
2026-10-05 10:30:24 | INFO     | OK https://skeb.jp/api/users/sana_beni_
2026-10-05 10:30:24 | INFO     | Saving at a/skeb/sana_beni_-90065e.json
2026-10-05 10:30:25 | INFO     | OK https://skeb.jp/api/users/namishiba_
2026-10-05 10:30:25 | INFO     | Saving at a/skeb/namishiba_-567e74.json
2026-10-05 10:30:26 | INFO     | OK https://skeb.jp/api/users/nyohehe924
2026-10-05 10:30:26 | INFO     | Saving at a/skeb/nyohehe924-8cd390.json
2026-10-05 10:30:27 | INFO     | OK https://skeb.jp/api/users/2waco15
2026-10-05 10:30:27 | INFO     | Saving at a/skeb/2waco15-390c33.json
2026-10-05 10:30:28 | INFO     | OK https://skeb.jp/api/users/hknk_029
2026-10-05 10:30:28 | INFO     | Saving at a/skeb/hknk_029-5a72b3.json
2026-10-05 10:30:29 | INFO     | OK https://skeb.jp/api/users/TAOYURA
2026-10-05 10:30:29 | INFO     | Saving at a/skeb/TAOYURA-7a3422.json
2026-10-05 10:30:30 | INFO     | OK https://skeb.jp/api/users/super_tokagen
2026-10-05 10:30:30 | INFO     | Saving at a/skeb/super_tokagen-c6aec2.json
2026-10-05 10:30:31 | INFO     | OK https://skeb.jp/api/users/zenyatodo
2026-10-05 10:30:31 | INFO     | Saving at a/skeb/zenyatodo-6ec3ea.json
2026-10-05 10:30:32 | INFO     | OK https://skeb.jp/api/users/bump0315
2026-10-05 10:30:32 | INFO     | Saving at a/skeb/bump0315-f5afb2.json
2026-10-05 10:30:33 | INFO     | OK https://skeb.jp/api/users/houtoukb
2026-10-05 10:30:33 | INFO     | Saving at a/skeb/houtoukb-977d87.json
2026-10-05 10:30:34 | INFO     | OK https://skeb.jp/api/users/Nanase___521
2026-10-05 10:30:34 | INFO     | Saving at a/skeb/Nanase___521-9dab19.json
2026-10-05 10:30:35 | INFO     | OK https://skeb.jp/api/users/futoshi_95
2026-10-05 10:30:35 | INFO     | Saving at a/skeb/futoshi_95-7935b9.json
2026-10-05 10:30:36 | INFO     | OK https://skeb.jp/api/users/_pialqo
2026-10-05 10:30:36 | INFO     | Saving at a/skeb/_pialqo-e087aa.json
2026-10-05 10:30:37 | INFO     | OK https://skeb.jp/api/users/ryrrrrrrrrr
2026-10-05 10:30:37 | INFO     | Saving at a/skeb/ryrrrrrrrrr-0e619f.json
2026-10-05 10:30:38 | INFO     | OK https://skeb.jp/api/users/kumochi0803
2026-10-05 10:30:38 | INFO     | Saving at a/skeb/kumochi0803-9fbe51.json
2026-10-05 10:30:39 | INFO     | OK https://skeb.jp/api/users/UI_cos_
2026-10-05 10:30:39 | INFO     | Saving at a/skeb/UI_cos_-960f89.json
2026-10-05 10:30:40 | INFO     | OK https://skeb.jp/api/users/OdZu0p
2026-10-05 10:30:40 | INFO     | Saving at a/skeb/OdZu0p-173927.json
2026-10-05 10:30:41 | INFO     | OK https://skeb.jp/api/users/hug_tto
2026-10-05 10:30:41 | INFO     | Saving at a/skeb/hug_tto-26bd9a.json
2026-10-05 10:30:42 | INFO     | OK https://skeb.jp/api/users/babykasu_nyan
2026-10-05 10:30:42 | INFO     | Saving at a/skeb/babykasu_nyan-b896e7.json
2026-10-05 10:30:43 | INFO     | OK https://skeb.jp/api/users/vn_movy
2026-10-05 10:30:43 | INFO     | Saving at a/skeb/vn_movy-6859a3.json
2026-10-05 10:30:44 | INFO     | OK https://skeb.jp/api/users/nannkana_ko
2026-10-05 10:30:44 | INFO     | Saving at a/skeb/nannkana_ko-f0d83b.json
2026-10-05 10:30:45 | INFO     | OK https://skeb.jp/api/users/tmt_030
2026-10-05 10:30:45 | INFO     | Saving at a/skeb/tmt_030-827374.json
2026-10-05 10:30:46 | INFO     | OK https://skeb.jp/api/users/misdiooooo
2026-10-05 10:30:46 | INFO     | Saving at a/skeb/misdiooooo-7e3c7a.json
2026-10-05 10:30:47 | INFO     | OK https://skeb.jp/api/users/setu_8
2026-10-05 10:30:47 | INFO     | Saving at a/skeb/setu_8-b350c8.json
2026-10-05 10:30:48 | INFO     | OK https://skeb.jp/api/users/Krage
2026-10-05 10:30:48 | INFO     | Saving at a/skeb/Krage-1ac657.json
2026-10-05 10:30:49 | INFO     | OK https://skeb.jp/api/users/Whybe123
2026-10-05 10:30:49 | INFO     | Saving at a/skeb/Whybe123-7c4da2.json
2026-10-05 10:30:50 | INFO     | OK https://skeb.jp/api/users/regain_illust
2026-10-05 10:30:50 | INFO     | Saving at a/skeb/regain_illust-bc82e5.json
2026-10-05 10:30:51 | INFO     | OK https://skeb.jp/api/users/omu3retu
2026-10-05 10:30:51 | INFO     | Saving at a/skeb/omu3retu-0ab6a1.json
2026-10-05 10:30:52 | INFO     | OK https://skeb.jp/api/users/amlle_66
2026-10-05 10:30:52 | INFO     | Saving at a/skeb/amlle_66-fee551.json
2026-10-05 10:30:53 | INFO     | OK https://skeb.jp/api/users/O_tizu
2026-10-05 10:30:53 | INFO     | Saving at a/skeb/O_tizu-50b6a3.json
2026-10-05 10:30:54 | INFO     | OK https://skeb.jp/api/users/Sannnpo_
2026-10-05 10:30:54 | INFO     | Saving at a/skeb/Sannnpo_-b1ea6a.json
2026-10-05 10:30:55 | INFO     | OK https://skeb.jp/api/users/liprico
2026-10-05 10:30:55 | INFO     | Saving at a/skeb/liprico-67130b.json
2026-10-05 10:30:56 | INFO     | OK https://skeb.jp/api/users/x_xtsukix_x
2026-10-05 10:30:56 | INFO     | Saving at a/skeb/x_xtsukix_x-28a2bd.json
2026-10-05 10:30:57 | INFO     | OK https://skeb.jp/api/users/yazirou
2026-10-05 10:30:57 | INFO     | Saving at a/skeb/yazirou-201608.json
2026-10-05 10:30:58 | INFO     | OK https://skeb.jp/api/users/waya4696
2026-10-05 10:30:58 | INFO     | Saving at a/skeb/waya4696-1ebfda.json
2026-10-05 10:30:59 | INFO     | OK https://skeb.jp/api/users/shiina_18410
2026-10-05 10:30:59 | INFO     | Saving at a/skeb/shiina_18410-c40ddd.json
2026-10-05 10:31:00 | INFO     | OK https://skeb.jp/api/users/sekihang_MYBK
2026-10-05 10:31:00 | INFO     | Saving at a/skeb/sekihang_MYBK-03a0f0.json
2026-10-05 10:31:01 | INFO     | OK https://skeb.jp/api/users/hamident83hami
2026-10-05 10:31:01 | INFO     | Saving at a/skeb/hamident83hami-f9e8a4.json
2026-10-05 10:31:02 | INFO     | OK https://skeb.jp/api/users/AoNTart
2026-10-05 10:31:02 | INFO     | Saving at a/skeb/AoNTart-094057.json
2026-10-05 10:31:03 | INFO     | OK https://skeb.jp/api/users/6662s_f
2026-10-05 10:31:03 | INFO     | Saving at a/skeb/6662s_f-b3e49d.json
2026-10-05 10:31:04 | INFO     | OK https://skeb.jp/api/users/sweets__land
2026-10-05 10:31:04 | INFO     | Saving at a/skeb/sweets__land-5470ce.json
2026-10-05 10:31:05 | INFO     | OK https://skeb.jp/api/users/sobakonattou07
2026-10-05 10:31:05 | INFO     | Saving at a/skeb/sobakonattou07-0e9480.json
2026-10-05 10:31:06 | INFO     | OK https://skeb.jp/api/users/4moGmo_
2026-10-05 10:31:06 | INFO     | Saving at a/skeb/4moGmo_-9723ca.json
2026-10-05 10:31:07 | INFO     | OK https://skeb.jp/api/users/dj04151213
2026-10-05 10:31:07 | INFO     | Saving at a/skeb/dj04151213-45102d.json
2026-10-05 10:31:08 | INFO     | OK https://skeb.jp/api/users/kotaro_png
2026-10-05 10:31:08 | INFO     | Saving at a/skeb/kotaro_png-270e43.json
2026-10-05 10:31:09 | INFO     | OK https://skeb.jp/api/users/bukubuku_awai
2026-10-05 10:31:09 | INFO     | Saving at a/skeb/bukubuku_awai-9130ce.json
2026-10-05 10:31:10 | INFO     | OK https://skeb.jp/api/users/poetyaro
2026-10-05 10:31:10 | INFO     | Saving at a/skeb/poetyaro-6d58a1.json
2026-10-05 10:31:11 | INFO     | OK https://skeb.jp/api/users/aaofo7l
2026-10-05 10:31:11 | INFO     | Saving at a/skeb/aaofo7l-113cdc.json
2026-10-05 10:31:12 | INFO     | OK https://skeb.jp/api/users/oborokarasu
2026-10-05 10:31:12 | INFO     | Saving at a/skeb/oborokarasu-0de216.json
2026-10-05 10:31:13 | INFO     | OK https://skeb.jp/api/users/miyahana_yu
2026-10-05 10:31:13 | INFO     | Saving at a/skeb/miyahana_yu-8088f6.json
2026-10-05 10:31:14 | INFO     | OK https://skeb.jp/api/users/ikeshin17
2026-10-05 10:31:14 | INFO     | Saving at a/skeb/ikeshin17-67a8a6.json
2026-10-05 10:31:15 | INFO     | OK https://skeb.jp/api/users/7se_n7
2026-10-05 10:31:15 | INFO     | Saving at a/skeb/7se_n7-6db425.json
2026-10-05 10:31:16 | INFO     | OK https://skeb.jp/api/users/kajimakoto
2026-10-05 10:31:16 | INFO     | Saving at a/skeb/kajimakoto-b3b1d4.json
2026-10-05 10:31:17 | INFO     | OK https://skeb.jp/api/users/i372723
2026-10-05 10:31:17 | INFO     | Saving at a/skeb/i372723-cf68a4.json
2026-10-05 10:31:18 | INFO     | OK https://skeb.jp/api/users/tak2310777
2026-10-05 10:31:18 | INFO     | Saving at a/skeb/tak2310777-8d8ff1.json
2026-10-05 10:31:19 | INFO     | OK https://skeb.jp/api/users/Somekokkon
2026-10-05 10:31:19 | INFO     | Saving at a/skeb/Somekokkon-4d0f42.json
2026-10-05 10:31:20 | INFO     | OK https://skeb.jp/api/users/raiou_yuuki
2026-10-05 10:31:20 | INFO     | Saving at a/skeb/raiou_yuuki-d7ae92.json
2026-10-05 10:31:21 | INFO     | OK https://skeb.jp/api/users/mooosikasite
2026-10-05 10:31:21 | INFO     | Saving at a/skeb/mooosikasite-cc4ef0.json
2026-10-05 10:31:22 | INFO     | OK https://skeb.jp/api/users/AoyuzuAoyuzu
2026-10-05 10:31:22 | INFO     | Saving at a/skeb/AoyuzuAoyuzu-36a1e1.json
2026-10-05 10:31:23 | INFO     | OK https://skeb.jp/api/users/OdoruKaminoke
2026-10-05 10:31:23 | INFO     | Saving at a/skeb/OdoruKaminoke-ebd71b.json
2026-10-05 10:31:24 | INFO     | OK https://skeb.jp/api/users/zombiemiso
2026-10-05 10:31:24 | INFO     | Saving at a/skeb/zombiemiso-37bd6e.json
2026-10-05 10:31:25 | INFO     | OK https://skeb.jp/api/users/nekoda_takana
2026-10-05 10:31:25 | INFO     | Saving at a/skeb/nekoda_takana-b33da6.json
2026-10-05 10:31:26 | INFO     | OK https://skeb.jp/api/users/yatairo
2026-10-05 10:31:26 | INFO     | Saving at a/skeb/yatairo-d2e3ca.json
2026-10-05 10:31:27 | INFO     | OK https://skeb.jp/api/users/denmaru2
2026-10-05 10:31:27 | INFO     | Saving at a/skeb/denmaru2-867976.json
2026-10-05 10:31:28 | INFO     | OK https://skeb.jp/api/users/rogeridoskenzen
2026-10-05 10:31:28 | INFO     | Saving at a/skeb/rogeridoskenzen-5ff5ad.json
2026-10-05 10:31:29 | INFO     | OK https://skeb.jp/api/users/hyoroika1234
2026-10-05 10:31:29 | INFO     | Saving at a/skeb/hyoroika1234-5b8375.json
2026-10-05 10:31:30 | INFO     | OK https://skeb.jp/api/users/pyonsuke141
2026-10-05 10:31:30 | INFO     | Saving at a/skeb/pyonsuke141-6fab2b.json
2026-10-05 10:31:31 | INFO     | OK https://skeb.jp/api/users/koreyaco
2026-10-05 10:31:31 | INFO     | Saving at a/skeb/koreyaco-99bb25.json
2026-10-05 10:31:32 | INFO     | OK https://skeb.jp/api/users/Ura60258419
2026-10-05 10:31:32 | INFO     | Saving at a/skeb/Ura60258419-5c8660.json
2026-10-05 10:31:33 | INFO     | OK https://skeb.jp/api/users/ciro_2s
2026-10-05 10:31:33 | INFO     | Saving at a/skeb/ciro_2s-f8d8dd.json
2026-10-05 10:31:34 | INFO     | OK https://skeb.jp/api/users/snohowachan
2026-10-05 10:31:34 | INFO     | Saving at a/skeb/snohowachan-98fed9.json
2026-10-05 10:31:35 | INFO     | OK https://skeb.jp/api/users/yina_jp
2026-10-05 10:31:35 | INFO     | Saving at a/skeb/yina_jp-4c50c3.json
2026-10-05 10:31:36 | INFO     | OK https://skeb.jp/api/users/hiiku0827
2026-10-05 10:31:36 | INFO     | Saving at a/skeb/hiiku0827-9ffb91.json
2026-10-05 10:31:37 | INFO     | OK https://skeb.jp/api/users/sasahara9511
2026-10-05 10:31:37 | INFO     | Saving at a/skeb/sasahara9511-34d00f.json
2026-10-05 10:31:38 | INFO     | OK https://skeb.jp/api/users/misopimaru
2026-10-05 10:31:38 | INFO     | Saving at a/skeb/misopimaru-cabb58.json
2026-10-05 10:31:40 | INFO     | OK https://skeb.jp/api/users/taiki0225
2026-10-05 10:31:40 | INFO     | Saving at a/skeb/taiki0225-e1ae5e.json
2026-10-05 10:31:40 | INFO     | OK https://skeb.jp/api/users/snd4
2026-10-05 10:31:40 | INFO     | Saving at a/skeb/snd4-bd9421.json
2026-10-05 10:31:41 | INFO     | OK https://skeb.jp/api/users/rinky_creater
2026-10-05 10:31:41 | INFO     | Saving at a/skeb/rinky_creater-4d7bca.json
2026-10-05 10:31:42 | INFO     | OK https://skeb.jp/api/users/eternal_Arupaka
2026-10-05 10:31:42 | INFO     | Saving at a/skeb/eternal_Arupaka-c726ef.json
2026-10-05 10:31:43 | INFO     | OK https://skeb.jp/api/users/Lu3Gura
2026-10-05 10:31:43 | INFO     | Saving at a/skeb/Lu3Gura-48637f.json
2026-10-05 10:31:44 | INFO     | OK https://skeb.jp/api/users/noma_fruit
2026-10-05 10:31:44 | INFO     | Saving at a/skeb/noma_fruit-a2aa67.json
2026-10-05 10:31:45 | INFO     | OK https://skeb.jp/api/users/eromattsu_7100
2026-10-05 10:31:45 | INFO     | Saving at a/skeb/eromattsu_7100-cb3f2f.json
2026-10-05 10:31:46 | INFO     | OK https://skeb.jp/api/users/kinui9500
2026-10-05 10:31:46 | INFO     | Saving at a/skeb/kinui9500-ab3090.json
2026-10-05 10:31:47 | INFO     | OK https://skeb.jp/api/users/RYOOO115
2026-10-05 10:31:47 | INFO     | Saving at a/skeb/RYOOO115-fc5436.json
2026-10-05 10:31:48 | INFO     | OK https://skeb.jp/api/users/Chabfish7BB
2026-10-05 10:31:48 | INFO     | Saving at a/skeb/Chabfish7BB-93abca.json
2026-10-05 10:31:49 | INFO     | OK https://skeb.jp/api/users/sakio1129
2026-10-05 10:31:49 | INFO     | Saving at a/skeb/sakio1129-69a116.json
2026-10-05 10:31:50 | INFO     | OK https://skeb.jp/api/users/SignalViolet
2026-10-05 10:31:50 | INFO     | Saving at a/skeb/SignalViolet-0ac1f3.json
2026-10-05 10:31:51 | INFO     | OK https://skeb.jp/api/users/holysarvel
2026-10-05 10:31:51 | INFO     | Saving at a/skeb/holysarvel-08d8d6.json
2026-10-05 10:31:52 | INFO     | OK https://skeb.jp/api/users/famille201
2026-10-05 10:31:52 | INFO     | Saving at a/skeb/famille201-6c1510.json
2026-10-05 10:31:53 | INFO     | OK https://skeb.jp/api/users/iiiiysRP0
2026-10-05 10:31:53 | INFO     | Saving at a/skeb/iiiiysRP0-c60734.json
2026-10-05 10:31:54 | INFO     | OK https://skeb.jp/api/users/DKINU
2026-10-05 10:31:54 | INFO     | Saving at a/skeb/DKINU-d34418.json
2026-10-05 10:31:55 | INFO     | OK https://skeb.jp/api/users/mkz_ki33
2026-10-05 10:31:55 | INFO     | Saving at a/skeb/mkz_ki33-246401.json
2026-10-05 10:31:56 | INFO     | OK https://skeb.jp/api/users/nanao_6v
2026-10-05 10:31:56 | INFO     | Saving at a/skeb/nanao_6v-7bc65a.json
2026-10-05 10:31:57 | INFO     | OK https://skeb.jp/api/users/0q404
2026-10-05 10:31:57 | INFO     | Saving at a/skeb/0q404-cfa7bc.json
2026-10-05 10:31:58 | INFO     | OK https://skeb.jp/api/users/SacI_gagct_c
2026-10-05 10:31:58 | INFO     | Saving at a/skeb/SacI_gagct_c-ded663.json
2026-10-05 10:31:59 | INFO     | OK https://skeb.jp/api/users/usahana101
2026-10-05 10:31:59 | INFO     | Saving at a/skeb/usahana101-dbd7e0.json
2026-10-05 10:32:00 | INFO     | OK https://skeb.jp/api/users/shindyushiyou
2026-10-05 10:32:00 | INFO     | Saving at a/skeb/shindyushiyou-ee8a28.json
2026-10-05 10:32:01 | INFO     | OK https://skeb.jp/api/users/Hideout
2026-10-05 10:32:01 | INFO     | Saving at a/skeb/Hideout-c96b5d.json
2026-10-05 10:32:02 | INFO     | OK https://skeb.jp/api/users/KenG21873956
2026-10-05 10:32:02 | INFO     | Saving at a/skeb/KenG21873956-456a2d.json
2026-10-05 10:32:03 | INFO     | OK https://skeb.jp/api/users/radium0727
2026-10-05 10:32:03 | INFO     | Saving at a/skeb/radium0727-b7bd93.json
2026-10-05 10:32:04 | INFO     | OK https://skeb.jp/api/users/natsu_kumo88
2026-10-05 10:32:04 | INFO     | Saving at a/skeb/natsu_kumo88-390fad.json
2026-10-05 10:32:05 | INFO     | OK https://skeb.jp/api/users/tg__rt
2026-10-05 10:32:05 | INFO     | Saving at a/skeb/tg__rt-bce8f4.json
2026-10-05 10:32:06 | INFO     | OK https://skeb.jp/api/users/sisyamo0805
2026-10-05 10:32:06 | INFO     | Saving at a/skeb/sisyamo0805-eb94f4.json
2026-10-05 10:32:07 | INFO     | OK https://skeb.jp/api/users/OUBAI0159
2026-10-05 10:32:07 | INFO     | Saving at a/skeb/OUBAI0159-461e1b.json
2026-10-05 10:32:08 | INFO     | OK https://skeb.jp/api/users/B0m02
2026-10-05 10:32:08 | INFO     | Saving at a/skeb/B0m02-a19fef.json
2026-10-05 10:32:09 | INFO     | OK https://skeb.jp/api/users/4goooi
2026-10-05 10:32:09 | INFO     | Saving at a/skeb/4goooi-999f62.json
2026-10-05 10:32:10 | INFO     | OK https://skeb.jp/api/users/Haruno_riku_
2026-10-05 10:32:10 | INFO     | Saving at a/skeb/Haruno_riku_-fa9163.json
2026-10-05 10:32:11 | INFO     | OK https://skeb.jp/api/users/166j357
2026-10-05 10:32:11 | INFO     | Saving at a/skeb/166j357-ae5fad.json
2026-10-05 10:32:12 | INFO     | OK https://skeb.jp/api/users/ehe_he_
2026-10-05 10:32:12 | INFO     | Saving at a/skeb/ehe_he_-f81a13.json
2026-10-05 10:32:13 | INFO     | OK https://skeb.jp/api/users/Nankai_san
2026-10-05 10:32:13 | INFO     | Saving at a/skeb/Nankai_san-638830.json
2026-10-05 10:32:14 | INFO     | OK https://skeb.jp/api/users/SoutherPeperi
2026-10-05 10:32:14 | INFO     | Saving at a/skeb/SoutherPeperi-d57ac0.json
2026-10-05 10:32:15 | INFO     | OK https://skeb.jp/api/users/san_mozu01
2026-10-05 10:32:15 | INFO     | Saving at a/skeb/san_mozu01-56366f.json
2026-10-05 10:32:16 | INFO     | OK https://skeb.jp/api/users/gomikyun_3
2026-10-05 10:32:16 | INFO     | Saving at a/skeb/gomikyun_3-3427d8.json
2026-10-05 10:32:17 | INFO     | OK https://skeb.jp/api/users/naosandayo7
2026-10-05 10:32:17 | INFO     | Saving at a/skeb/naosandayo7-5bb45f.json
2026-10-05 10:32:18 | INFO     | OK https://skeb.jp/api/users/Enogu_e
2026-10-05 10:32:18 | INFO     | Saving at a/skeb/Enogu_e-4f8e58.json
2026-10-05 10:32:19 | INFO     | OK https://skeb.jp/api/users/ReikaA531
2026-10-05 10:32:19 | INFO     | Saving at a/skeb/ReikaA531-0b6cd0.json
2026-10-05 10:32:20 | INFO     | OK https://skeb.jp/api/users/siolemonaaade
2026-10-05 10:32:20 | INFO     | Saving at a/skeb/siolemonaaade-f48ede.json
2026-10-05 10:32:21 | INFO     | OK https://skeb.jp/api/users/Curakuru
2026-10-05 10:32:21 | INFO     | Saving at a/skeb/Curakuru-989e90.json
2026-10-05 10:32:22 | INFO     | OK https://skeb.jp/api/users/ELumagedosuko
2026-10-05 10:32:22 | INFO     | Saving at a/skeb/ELumagedosuko-33315a.json
2026-10-05 10:32:23 | INFO     | OK https://skeb.jp/api/users/24crabshop
2026-10-05 10:32:23 | INFO     | Saving at a/skeb/24crabshop-3c6164.json
2026-10-05 10:32:24 | INFO     | OK https://skeb.jp/api/users/kotatuman_dash
2026-10-05 10:32:24 | INFO     | Saving at a/skeb/kotatuman_dash-76cd2b.json
2026-10-05 10:32:25 | INFO     | OK https://skeb.jp/api/users/sakaki_fff
2026-10-05 10:32:25 | INFO     | Saving at a/skeb/sakaki_fff-383004.json
2026-10-05 10:32:26 | INFO     | OK https://skeb.jp/api/users/yskudon
2026-10-05 10:32:26 | INFO     | Saving at a/skeb/yskudon-c45550.json
2026-10-05 10:32:27 | INFO     | OK https://skeb.jp/api/users/Sonozaki_Karen
2026-10-05 10:32:27 | INFO     | Saving at a/skeb/Sonozaki_Karen-93170e.json
2026-10-05 10:32:28 | INFO     | OK https://skeb.jp/api/users/soiyamike
2026-10-05 10:32:28 | INFO     | Saving at a/skeb/soiyamike-15f9f8.json
2026-10-05 10:32:29 | INFO     | OK https://skeb.jp/api/users/pieiru
2026-10-05 10:32:29 | INFO     | Saving at a/skeb/pieiru-11b1cb.json
2026-10-05 10:32:30 | INFO     | OK https://skeb.jp/api/users/dbWuqLdvec82805
2026-10-05 10:32:30 | INFO     | Saving at a/skeb/dbWuqLdvec82805-a39935.json
2026-10-05 10:32:31 | INFO     | OK https://skeb.jp/api/users/NrU6c
2026-10-05 10:32:31 | INFO     | Saving at a/skeb/NrU6c-15f4d6.json
2026-10-05 10:32:32 | INFO     | OK https://skeb.jp/api/users/yurar1_
2026-10-05 10:32:32 | INFO     | Saving at a/skeb/yurar1_-ea088b.json
2026-10-05 10:32:33 | INFO     | OK https://skeb.jp/api/users/pomepome_111
2026-10-05 10:32:33 | INFO     | Saving at a/skeb/pomepome_111-5b51b3.json
2026-10-05 10:32:34 | INFO     | OK https://skeb.jp/api/users/hanamoricat82
2026-10-05 10:32:34 | INFO     | Saving at a/skeb/hanamoricat82-f04274.json
2026-10-05 10:32:35 | INFO     | OK https://skeb.jp/api/users/death51094
2026-10-05 10:32:35 | INFO     | Saving at a/skeb/death51094-50860b.json
2026-10-05 10:32:36 | INFO     | OK https://skeb.jp/api/users/griffon0416
2026-10-05 10:32:36 | INFO     | Saving at a/skeb/griffon0416-06082e.json
2026-10-05 10:32:37 | INFO     | OK https://skeb.jp/api/users/CYBER
2026-10-05 10:32:37 | INFO     | Saving at a/skeb/CYBER-3bd4df.json
2026-10-05 10:32:38 | INFO     | OK https://skeb.jp/api/users/Hoshimuma
2026-10-05 10:32:38 | INFO     | Saving at a/skeb/Hoshimuma-255fa6.json
2026-10-05 10:32:39 | INFO     | OK https://skeb.jp/api/users/Kiriko_xx0023
2026-10-05 10:32:39 | INFO     | Saving at a/skeb/Kiriko_xx0023-e54e38.json
2026-10-05 10:32:40 | INFO     | OK https://skeb.jp/api/users/Touvasketch
2026-10-05 10:32:40 | INFO     | Saving at a/skeb/Touvasketch-d08410.json
2026-10-05 10:32:41 | INFO     | OK https://skeb.jp/api/users/Eboshi_art
2026-10-05 10:32:41 | INFO     | Saving at a/skeb/Eboshi_art-70b431.json
2026-10-05 10:32:42 | INFO     | OK https://skeb.jp/api/users/mochi_otp
2026-10-05 10:32:42 | INFO     | Saving at a/skeb/mochi_otp-3e1922.json
2026-10-05 10:32:43 | INFO     | OK https://skeb.jp/api/users/gotsugotsu_san
2026-10-05 10:32:43 | INFO     | Saving at a/skeb/gotsugotsu_san-99be37.json
2026-10-05 10:32:44 | INFO     | OK https://skeb.jp/api/users/inunoodorigui
2026-10-05 10:32:44 | INFO     | Saving at a/skeb/inunoodorigui-f9d93e.json
2026-10-05 10:32:45 | INFO     | OK https://skeb.jp/api/users/cosmoskurasaki
2026-10-05 10:32:45 | INFO     | Saving at a/skeb/cosmoskurasaki-5ae1da.json
2026-10-05 10:32:46 | INFO     | OK https://skeb.jp/api/users/jit0_
2026-10-05 10:32:46 | INFO     | Saving at a/skeb/jit0_-b77d11.json
2026-10-05 10:32:47 | INFO     | OK https://skeb.jp/api/users/noko_207
2026-10-05 10:32:47 | INFO     | Saving at a/skeb/noko_207-627f87.json
2026-10-05 10:32:48 | INFO     | OK https://skeb.jp/api/users/jamo23123120693
2026-10-05 10:32:48 | INFO     | Saving at a/skeb/jamo23123120693-55e2ca.json
2026-10-05 10:32:49 | INFO     | OK https://skeb.jp/api/users/knm_to_fu
2026-10-05 10:32:49 | INFO     | Saving at a/skeb/knm_to_fu-119afb.json
2026-10-05 10:32:50 | INFO     | OK https://skeb.jp/api/users/chanchima1031
2026-10-05 10:32:50 | INFO     | Saving at a/skeb/chanchima1031-3c55a8.json
2026-10-05 10:32:51 | INFO     | OK https://skeb.jp/api/users/sana79261827
2026-10-05 10:32:51 | INFO     | Saving at a/skeb/sana79261827-6524a1.json
2026-10-05 10:32:52 | INFO     | OK https://skeb.jp/api/users/Latte_0927
2026-10-05 10:32:52 | INFO     | Saving at a/skeb/Latte_0927-a11563.json
2026-10-05 10:32:53 | INFO     | OK https://skeb.jp/api/users/inaba_0717
2026-10-05 10:32:53 | INFO     | Saving at a/skeb/inaba_0717-f91ca0.json
2026-10-05 10:32:54 | INFO     | OK https://skeb.jp/api/users/thrananaart
2026-10-05 10:32:54 | INFO     | Saving at a/skeb/thrananaart-10659c.json
2026-10-05 10:32:55 | INFO     | OK https://skeb.jp/api/users/osio__oiso
2026-10-05 10:32:55 | INFO     | Saving at a/skeb/osio__oiso-8b9cc3.json
2026-10-05 10:32:56 | INFO     | OK https://skeb.jp/api/users/Pomme200808
2026-10-05 10:32:56 | INFO     | Saving at a/skeb/Pomme200808-347d84.json
2026-10-05 10:32:57 | INFO     | OK https://skeb.jp/api/users/oyayubi_iii
2026-10-05 10:32:57 | INFO     | Saving at a/skeb/oyayubi_iii-0f6ad4.json
2026-10-05 10:32:58 | INFO     | OK https://skeb.jp/api/users/tan_boku
2026-10-05 10:32:58 | INFO     | Saving at a/skeb/tan_boku-589e2a.json
2026-10-05 10:32:59 | INFO     | OK https://skeb.jp/api/users/Panta_PeriodSla
2026-10-05 10:32:59 | INFO     | Saving at a/skeb/Panta_PeriodSla-7ac326.json
2026-10-05 10:33:00 | INFO     | OK https://skeb.jp/api/users/flmzi5
2026-10-05 10:33:00 | INFO     | Saving at a/skeb/flmzi5-041e65.json
2026-10-05 10:33:01 | INFO     | OK https://skeb.jp/api/users/kt0414143919
2026-10-05 10:33:01 | INFO     | Saving at a/skeb/kt0414143919-4d6039.json
2026-10-05 10:33:02 | INFO     | OK https://skeb.jp/api/users/umino_sachi_kj
2026-10-05 10:33:02 | INFO     | Saving at a/skeb/umino_sachi_kj-d749ca.json
2026-10-05 10:33:03 | INFO     | OK https://skeb.jp/api/users/tozakiday0
2026-10-05 10:33:03 | INFO     | Saving at a/skeb/tozakiday0-f7a77c.json
2026-10-05 10:33:04 | INFO     | OK https://skeb.jp/api/users/ThAlter39o
2026-10-05 10:33:04 | INFO     | Saving at a/skeb/ThAlter39o-bdb32a.json
2026-10-05 10:33:05 | INFO     | OK https://skeb.jp/api/users/CUsoon
2026-10-05 10:33:05 | INFO     | Saving at a/skeb/CUsoon-f3e91a.json
2026-10-05 10:33:06 | INFO     | OK https://skeb.jp/api/users/monookimon
2026-10-05 10:33:06 | INFO     | Saving at a/skeb/monookimon-360088.json
2026-10-05 10:33:07 | INFO     | OK https://skeb.jp/api/users/kasino_kimi
2026-10-05 10:33:07 | INFO     | Saving at a/skeb/kasino_kimi-4d25aa.json
2026-10-05 10:33:08 | INFO     | OK https://skeb.jp/api/users/trpg_0831
2026-10-05 10:33:08 | INFO     | Saving at a/skeb/trpg_0831-61afc7.json
2026-10-05 10:33:09 | INFO     | OK https://skeb.jp/api/users/pasupasuta0141
2026-10-05 10:33:09 | INFO     | Saving at a/skeb/pasupasuta0141-aa37d3.json
2026-10-05 10:33:10 | INFO     | OK https://skeb.jp/api/users/_dskoi
2026-10-05 10:33:10 | INFO     | Saving at a/skeb/_dskoi-a5f2a8.json
2026-10-05 10:33:11 | INFO     | OK https://skeb.jp/api/users/oimontrpg
2026-10-05 10:33:11 | INFO     | Saving at a/skeb/oimontrpg-574d99.json
2026-10-05 10:33:12 | INFO     | OK https://skeb.jp/api/users/yuyuzu11
2026-10-05 10:33:12 | INFO     | Saving at a/skeb/yuyuzu11-64e9c4.json
2026-10-05 10:33:13 | INFO     | OK https://skeb.jp/api/users/chiroru__ch
2026-10-05 10:33:13 | INFO     | Saving at a/skeb/chiroru__ch-c354c0.json
2026-10-05 10:33:14 | INFO     | OK https://skeb.jp/api/users/kato_siyunn
2026-10-05 10:33:14 | INFO     | Saving at a/skeb/kato_siyunn-c733a6.json
2026-10-05 10:33:15 | INFO     | OK https://skeb.jp/api/users/miya_zirou
2026-10-05 10:33:15 | INFO     | Saving at a/skeb/miya_zirou-7a8479.json
2026-10-05 10:33:16 | INFO     | OK https://skeb.jp/api/users/halllu
2026-10-05 10:33:16 | INFO     | Saving at a/skeb/halllu-6195af.json
2026-10-05 10:33:17 | INFO     | OK https://skeb.jp/api/users/masshiroke_oO
2026-10-05 10:33:17 | INFO     | Saving at a/skeb/masshiroke_oO-f9aa47.json
2026-10-05 10:33:18 | INFO     | OK https://skeb.jp/api/users/8oyasan
2026-10-05 10:33:18 | INFO     | Saving at a/skeb/8oyasan-fa7290.json
2026-10-05 10:33:19 | INFO     | OK https://skeb.jp/api/users/ha_tak
2026-10-05 10:33:19 | INFO     | Saving at a/skeb/ha_tak-22eb44.json
2026-10-05 10:33:20 | INFO     | OK https://skeb.jp/api/users/simanokoB
2026-10-05 10:33:20 | INFO     | Saving at a/skeb/simanokoB-977cb7.json
2026-10-05 10:33:21 | INFO     | OK https://skeb.jp/api/users/atumare872
2026-10-05 10:33:21 | INFO     | Saving at a/skeb/atumare872-6e7ffd.json
2026-10-05 10:33:22 | INFO     | OK https://skeb.jp/api/users/fatomsyc_gia
2026-10-05 10:33:22 | INFO     | Saving at a/skeb/fatomsyc_gia-d1bff9.json
2026-10-05 10:33:23 | INFO     | OK https://skeb.jp/api/users/ryopppchuho
2026-10-05 10:33:23 | INFO     | Saving at a/skeb/ryopppchuho-e27ff1.json
2026-10-05 10:33:24 | INFO     | OK https://skeb.jp/api/users/tondakajiki
2026-10-05 10:33:24 | INFO     | Saving at a/skeb/tondakajiki-a98aeb.json
2026-10-05 10:33:25 | INFO     | OK https://skeb.jp/api/users/naguchanchyn
2026-10-05 10:33:25 | INFO     | Saving at a/skeb/naguchanchyn-8336ed.json
2026-10-05 10:33:26 | INFO     | OK https://skeb.jp/api/users/SukoYugiri
2026-10-05 10:33:26 | INFO     | Saving at a/skeb/SukoYugiri-483012.json
2026-10-05 10:33:27 | INFO     | OK https://skeb.jp/api/users/koukoutatetate
2026-10-05 10:33:27 | INFO     | Saving at a/skeb/koukoutatetate-dc5cdc.json
2026-10-05 10:33:28 | INFO     | OK https://skeb.jp/api/users/M_aichanko
2026-10-05 10:33:28 | INFO     | Saving at a/skeb/M_aichanko-ea3798.json
2026-10-05 10:33:29 | INFO     | OK https://skeb.jp/api/users/_by4co
2026-10-05 10:33:29 | INFO     | Saving at a/skeb/_by4co-ae59c2.json
2026-10-05 10:33:30 | INFO     | OK https://skeb.jp/api/users/momo_nei
2026-10-05 10:33:30 | INFO     | Saving at a/skeb/momo_nei-2b558e.json
2026-10-05 10:33:31 | INFO     | OK https://skeb.jp/api/users/pantshark
2026-10-05 10:33:31 | INFO     | Saving at a/skeb/pantshark-609728.json
2026-10-05 10:33:32 | INFO     | OK https://skeb.jp/api/users/kisaragi_motio
2026-10-05 10:33:32 | INFO     | Saving at a/skeb/kisaragi_motio-9f8688.json
2026-10-05 10:33:33 | INFO     | OK https://skeb.jp/api/users/kaitoumirin2
2026-10-05 10:33:33 | INFO     | Saving at a/skeb/kaitoumirin2-e8da91.json
2026-10-05 10:33:34 | INFO     | OK https://skeb.jp/api/users/TMdaxx
2026-10-05 10:33:34 | INFO     | Saving at a/skeb/TMdaxx-51ca12.json
2026-10-05 10:33:35 | INFO     | OK https://skeb.jp/api/users/ar_mess
2026-10-05 10:33:35 | INFO     | Saving at a/skeb/ar_mess-6e47b0.json
2026-10-05 10:33:36 | INFO     | OK https://skeb.jp/api/users/higuma4281
2026-10-05 10:33:36 | INFO     | Saving at a/skeb/higuma4281-eca5e1.json
2026-10-05 10:33:37 | INFO     | OK https://skeb.jp/api/users/guruminn
2026-10-05 10:33:37 | INFO     | Saving at a/skeb/guruminn-f1f310.json
2026-10-05 10:33:38 | INFO     | OK https://skeb.jp/api/users/toomishou
2026-10-05 10:33:38 | INFO     | Saving at a/skeb/toomishou-e0e4fb.json
2026-10-05 10:33:39 | INFO     | OK https://skeb.jp/api/users/__Poecile
2026-10-05 10:33:39 | INFO     | Saving at a/skeb/__Poecile-e6bc68.json
2026-10-05 10:33:40 | INFO     | OK https://skeb.jp/api/users/hamcheesesand
2026-10-05 10:33:40 | INFO     | Saving at a/skeb/hamcheesesand-c03bc3.json
2026-10-05 10:33:41 | INFO     | OK https://skeb.jp/api/users/zektbach1006
2026-10-05 10:33:41 | INFO     | Saving at a/skeb/zektbach1006-92b1f3.json
2026-10-05 10:33:42 | INFO     | OK https://skeb.jp/api/users/ao_madousi
2026-10-05 10:33:42 | INFO     | Saving at a/skeb/ao_madousi-109877.json
2026-10-05 10:33:43 | INFO     | OK https://skeb.jp/api/users/kazakiri_form
2026-10-05 10:33:43 | INFO     | Saving at a/skeb/kazakiri_form-af52cc.json
2026-10-05 10:33:44 | INFO     | OK https://skeb.jp/api/users/Siocho_
2026-10-05 10:33:44 | INFO     | Saving at a/skeb/Siocho_-05dbf2.json
2026-10-05 10:33:45 | INFO     | OK https://skeb.jp/api/users/ChurikaTulia
2026-10-05 10:33:45 | INFO     | Saving at a/skeb/ChurikaTulia-21ea1c.json
2026-10-05 10:33:46 | INFO     | OK https://skeb.jp/api/users/B0MBum_12
2026-10-05 10:33:46 | INFO     | Saving at a/skeb/B0MBum_12-10d576.json
2026-10-05 10:33:47 | INFO     | OK https://skeb.jp/api/users/mousou_mitiwo
2026-10-05 10:33:47 | INFO     | Saving at a/skeb/mousou_mitiwo-b466f9.json
2026-10-05 10:33:48 | INFO     | OK https://skeb.jp/api/users/Mino_llm
2026-10-05 10:33:48 | INFO     | Saving at a/skeb/Mino_llm-8a6c4c.json
2026-10-05 10:33:49 | INFO     | OK https://skeb.jp/api/users/runasol0918
2026-10-05 10:33:49 | INFO     | Saving at a/skeb/runasol0918-81b976.json
2026-10-05 10:33:50 | INFO     | OK https://skeb.jp/api/users/KONSAI_2
2026-10-05 10:33:50 | INFO     | Saving at a/skeb/KONSAI_2-0f9616.json
2026-10-05 10:33:51 | INFO     | OK https://skeb.jp/api/users/ogi_iwashi
2026-10-05 10:33:51 | INFO     | Saving at a/skeb/ogi_iwashi-156427.json
2026-10-05 10:33:52 | INFO     | OK https://skeb.jp/api/users/thana1119
2026-10-05 10:33:52 | INFO     | Saving at a/skeb/thana1119-8af672.json
2026-10-05 10:33:53 | INFO     | OK https://skeb.jp/api/users/danure_senbei
2026-10-05 10:33:53 | INFO     | Saving at a/skeb/danure_senbei-3bb2d0.json
2026-10-05 10:33:54 | INFO     | OK https://skeb.jp/api/users/miz_esc
2026-10-05 10:33:54 | INFO     | Saving at a/skeb/miz_esc-761dce.json
2026-10-05 10:33:55 | INFO     | OK https://skeb.jp/api/users/hebaroda03
2026-10-05 10:33:55 | INFO     | Saving at a/skeb/hebaroda03-7c9d9c.json
2026-10-05 10:33:56 | INFO     | OK https://skeb.jp/api/users/AMIk0824
2026-10-05 10:33:56 | INFO     | Saving at a/skeb/AMIk0824-1b2322.json
2026-10-05 10:33:57 | INFO     | OK https://skeb.jp/api/users/shadow_obja
2026-10-05 10:33:57 | INFO     | Saving at a/skeb/shadow_obja-2fafcd.json
2026-10-05 10:33:58 | INFO     | OK https://skeb.jp/api/users/koibu_mirury
2026-10-05 10:33:58 | INFO     | Saving at a/skeb/koibu_mirury-8fd167.json
2026-10-05 10:33:59 | INFO     | OK https://skeb.jp/api/users/yuriai
2026-10-05 10:33:59 | INFO     | Saving at a/skeb/yuriai-b822da.json
2026-10-05 10:34:00 | INFO     | OK https://skeb.jp/api/users/jyosk_ro
2026-10-05 10:34:00 | INFO     | Saving at a/skeb/jyosk_ro-ef4cc7.json
2026-10-05 10:34:02 | INFO     | OK https://skeb.jp/api/users/kingGdora
2026-10-05 10:34:02 | INFO     | Saving at a/skeb/kingGdora-f2ddde.json
2026-10-05 10:34:02 | INFO     | OK https://skeb.jp/api/users/Nyazu__817
2026-10-05 10:34:02 | INFO     | Saving at a/skeb/Nyazu__817-b7fa27.json
2026-10-05 10:34:03 | INFO     | OK https://skeb.jp/api/users/tomura_amane
2026-10-05 10:34:03 | INFO     | Saving at a/skeb/tomura_amane-61935a.json
2026-10-05 10:34:04 | INFO     | OK https://skeb.jp/api/users/Ze_na
2026-10-05 10:34:04 | INFO     | Saving at a/skeb/Ze_na-4846e8.json
2026-10-05 10:34:05 | INFO     | OK https://skeb.jp/api/users/kanami9731
2026-10-05 10:34:05 | INFO     | Saving at a/skeb/kanami9731-5c2faf.json
2026-10-05 10:34:06 | INFO     | OK https://skeb.jp/api/users/TAMITOMEMO
2026-10-05 10:34:06 | INFO     | Saving at a/skeb/TAMITOMEMO-7d2d06.json
2026-10-05 10:34:07 | INFO     | OK https://skeb.jp/api/users/8888_mugen
2026-10-05 10:34:07 | INFO     | Saving at a/skeb/8888_mugen-027073.json
2026-10-05 10:34:08 | INFO     | OK https://skeb.jp/api/users/Psy_L_B
2026-10-05 10:34:08 | INFO     | Saving at a/skeb/Psy_L_B-28b348.json
2026-10-05 10:34:10 | INFO     | OK https://skeb.jp/api/users/_getsukaxxx_
2026-10-05 10:34:10 | INFO     | Saving at a/skeb/_getsukaxxx_-f8542e.json
2026-10-05 10:34:10 | INFO     | OK https://skeb.jp/api/users/riwodatio
2026-10-05 10:34:10 | INFO     | Saving at a/skeb/riwodatio-b21912.json
2026-10-05 10:34:11 | INFO     | OK https://skeb.jp/api/users/Owozora
2026-10-05 10:34:11 | INFO     | Saving at a/skeb/Owozora-343322.json
2026-10-05 10:34:13 | INFO     | OK https://skeb.jp/api/users/lnn__am1244
2026-10-05 10:34:13 | INFO     | Saving at a/skeb/lnn__am1244-dded26.json
2026-10-05 10:34:14 | INFO     | OK https://skeb.jp/api/users/purutabu88
2026-10-05 10:34:14 | INFO     | Saving at a/skeb/purutabu88-4cba16.json
2026-10-05 10:34:15 | INFO     | OK https://skeb.jp/api/users/tirofinire
2026-10-05 10:34:15 | INFO     | Saving at a/skeb/tirofinire-940b8b.json
2026-10-05 10:34:15 | INFO     | OK https://skeb.jp/api/users/wamu_s2
2026-10-05 10:34:15 | INFO     | Saving at a/skeb/wamu_s2-b4dc20.json
2026-10-05 10:34:16 | INFO     | OK https://skeb.jp/api/users/momosoleil_momo
2026-10-05 10:34:16 | INFO     | Saving at a/skeb/momosoleil_momo-1f94e5.json
2026-10-05 10:34:18 | INFO     | OK https://skeb.jp/api/users/02mero_
2026-10-05 10:34:18 | INFO     | Saving at a/skeb/02mero_-ac509d.json
2026-10-05 10:34:18 | INFO     | OK https://skeb.jp/api/users/haruto81818
2026-10-05 10:34:18 | INFO     | Saving at a/skeb/haruto81818-13a9cc.json
2026-10-05 10:34:19 | INFO     | OK https://skeb.jp/api/users/suisui_k123
2026-10-05 10:34:19 | INFO     | Saving at a/skeb/suisui_k123-272ece.json
2026-10-05 10:34:20 | INFO     | OK https://skeb.jp/api/users/SousakuAme072
2026-10-05 10:34:20 | INFO     | Saving at a/skeb/SousakuAme072-2c64d5.json
2026-10-05 10:34:21 | INFO     | OK https://skeb.jp/api/users/konnikichan
2026-10-05 10:34:21 | INFO     | Saving at a/skeb/konnikichan-ec7afd.json
2026-10-05 10:34:22 | INFO     | OK https://skeb.jp/api/users/yukiminoideyu
2026-10-05 10:34:22 | INFO     | Saving at a/skeb/yukiminoideyu-6ff932.json
2026-10-05 10:34:24 | INFO     | OK https://skeb.jp/api/users/POZIPOZI0618
2026-10-05 10:34:24 | INFO     | Saving at a/skeb/POZIPOZI0618-791537.json
2026-10-05 10:34:25 | INFO     | OK https://skeb.jp/api/users/inu_to_tanpopo2
2026-10-05 10:34:25 | INFO     | Saving at a/skeb/inu_to_tanpopo2-fd54b9.json
2026-10-05 10:34:25 | INFO     | OK https://skeb.jp/api/users/Kasushibori
2026-10-05 10:34:25 | INFO     | Saving at a/skeb/Kasushibori-2465c8.json
2026-10-05 10:34:26 | INFO     | OK https://skeb.jp/api/users/hushigi10
2026-10-05 10:34:26 | INFO     | Saving at a/skeb/hushigi10-17aab9.json
2026-10-05 10:34:27 | INFO     | OK https://skeb.jp/api/users/yorugami_
2026-10-05 10:34:27 | INFO     | Saving at a/skeb/yorugami_-16ff4b.json
2026-10-05 10:34:28 | INFO     | OK https://skeb.jp/api/users/Sp_z51
2026-10-05 10:34:28 | INFO     | Saving at a/skeb/Sp_z51-d86dfb.json
2026-10-05 10:34:30 | INFO     | OK https://skeb.jp/api/users/misaho_mi
2026-10-05 10:34:30 | INFO     | Saving at a/skeb/misaho_mi-b5955a.json
2026-10-05 10:34:30 | INFO     | OK https://skeb.jp/api/users/yuki_penta
2026-10-05 10:34:30 | INFO     | Saving at a/skeb/yuki_penta-2c9db2.json
2026-10-05 10:34:31 | INFO     | OK https://skeb.jp/api/users/PTibinusi
2026-10-05 10:34:31 | INFO     | Saving at a/skeb/PTibinusi-e001af.json
2026-10-05 10:34:32 | INFO     | OK https://skeb.jp/api/users/paruco18
2026-10-05 10:34:32 | INFO     | Saving at a/skeb/paruco18-150155.json
2026-10-05 10:34:33 | INFO     | OK https://skeb.jp/api/users/hachi0047
2026-10-05 10:34:33 | INFO     | Saving at a/skeb/hachi0047-3d9379.json
2026-10-05 10:34:34 | INFO     | OK https://skeb.jp/api/users/TakonoSumi_00
2026-10-05 10:34:34 | INFO     | Saving at a/skeb/TakonoSumi_00-bad34c.json
2026-10-05 10:34:35 | INFO     | OK https://skeb.jp/api/users/mikanburidaikon
2026-10-05 10:34:35 | INFO     | Saving at a/skeb/mikanburidaikon-651b6a.json
2026-10-05 10:34:36 | INFO     | OK https://skeb.jp/api/users/00_a_0006
2026-10-05 10:34:36 | INFO     | Saving at a/skeb/00_a_0006-cf92e5.json
2026-10-05 10:34:37 | INFO     | OK https://skeb.jp/api/users/DD_kabechoro
2026-10-05 10:34:37 | INFO     | Saving at a/skeb/DD_kabechoro-05f951.json
2026-10-05 10:34:38 | INFO     | OK https://skeb.jp/api/users/lynette_xxx
2026-10-05 10:34:38 | INFO     | Saving at a/skeb/lynette_xxx-35314d.json
2026-10-05 10:34:39 | INFO     | OK https://skeb.jp/api/users/whitebread_o00
2026-10-05 10:34:39 | INFO     | Saving at a/skeb/whitebread_o00-159fb5.json
2026-10-05 10:34:40 | INFO     | OK https://skeb.jp/api/users/tomo_ajino
2026-10-05 10:34:40 | INFO     | Saving at a/skeb/tomo_ajino-2b33cb.json
2026-10-05 10:34:41 | INFO     | OK https://skeb.jp/api/users/dontbel_s
2026-10-05 10:34:41 | INFO     | Saving at a/skeb/dontbel_s-e42f90.json
2026-10-05 10:34:42 | INFO     | OK https://skeb.jp/api/users/drawing_aokubii
2026-10-05 10:34:42 | INFO     | Saving at a/skeb/drawing_aokubii-ee5bd5.json
2026-10-05 10:34:43 | INFO     | OK https://skeb.jp/api/users/yuki_055km
2026-10-05 10:34:43 | INFO     | Saving at a/skeb/yuki_055km-ee663e.json
2026-10-05 10:34:44 | INFO     | OK https://skeb.jp/api/users/999ute
2026-10-05 10:34:44 | INFO     | Saving at a/skeb/999ute-029459.json
2026-10-05 10:34:45 | INFO     | OK https://skeb.jp/api/users/mirasan_x
2026-10-05 10:34:45 | INFO     | Saving at a/skeb/mirasan_x-17fc00.json
2026-10-05 10:34:46 | INFO     | OK https://skeb.jp/api/users/jJ7h7vH9pu6t1q2
2026-10-05 10:34:46 | INFO     | Saving at a/skeb/jJ7h7vH9pu6t1q2-4dc347.json
2026-10-05 10:34:47 | INFO     | OK https://skeb.jp/api/users/az_toride
2026-10-05 10:34:47 | INFO     | Saving at a/skeb/az_toride-947ae6.json
2026-10-05 10:34:48 | INFO     | OK https://skeb.jp/api/users/skeb_oden
2026-10-05 10:34:48 | INFO     | Saving at a/skeb/skeb_oden-7c843f.json
2026-10-05 10:34:49 | INFO     | OK https://skeb.jp/api/users/qsqO9knrdT
2026-10-05 10:34:49 | INFO     | Saving at a/skeb/qsqO9knrdT-e3e4ae.json
2026-10-05 10:34:50 | INFO     | OK https://skeb.jp/api/users/40821237o
2026-10-05 10:34:50 | INFO     | Saving at a/skeb/40821237o-0d4a72.json
2026-10-05 10:34:51 | INFO     | OK https://skeb.jp/api/users/sakuraumesan
2026-10-05 10:34:51 | INFO     | Saving at a/skeb/sakuraumesan-10c42a.json
2026-10-05 10:34:52 | INFO     | OK https://skeb.jp/api/users/munaita5okuen
2026-10-05 10:34:52 | INFO     | Saving at a/skeb/munaita5okuen-0a5031.json
2026-10-05 10:34:53 | INFO     | OK https://skeb.jp/api/users/jule_tyaojule
2026-10-05 10:34:53 | INFO     | Saving at a/skeb/jule_tyaojule-a435fe.json
2026-10-05 10:34:54 | INFO     | OK https://skeb.jp/api/users/25____xxx
2026-10-05 10:34:54 | INFO     | Saving at a/skeb/25____xxx-6f5558.json
2026-10-05 10:34:55 | INFO     | OK https://skeb.jp/api/users/e_to_shi
2026-10-05 10:34:55 | INFO     | Saving at a/skeb/e_to_shi-3dfd47.json
2026-10-05 10:34:56 | INFO     | OK https://skeb.jp/api/users/dekamofuchan
2026-10-05 10:34:56 | INFO     | Saving at a/skeb/dekamofuchan-1746a9.json
2026-10-05 10:34:57 | INFO     | OK https://skeb.jp/api/users/shiri_chin
2026-10-05 10:34:57 | INFO     | Saving at a/skeb/shiri_chin-fc3058.json
2026-10-05 10:34:58 | INFO     | OK https://skeb.jp/api/users/SoiHana
2026-10-05 10:34:58 | INFO     | Saving at a/skeb/SoiHana-c2c02f.json
2026-10-05 10:34:59 | INFO     | OK https://skeb.jp/api/users/DmelonD
2026-10-05 10:34:59 | INFO     | Saving at a/skeb/DmelonD-212372.json
2026-10-05 10:35:01 | INFO     | OK https://skeb.jp/api/users/IV111111
2026-10-05 10:35:01 | INFO     | Saving at a/skeb/IV111111-aa6380.json
2026-10-05 10:35:02 | INFO     | OK https://skeb.jp/api/users/taoshitara_1up
2026-10-05 10:35:02 | INFO     | Saving at a/skeb/taoshitara_1up-16209d.json
2026-10-05 10:35:02 | INFO     | OK https://skeb.jp/api/users/8myul
2026-10-05 10:35:02 | INFO     | Saving at a/skeb/8myul-a005a1.json
2026-10-05 10:35:04 | INFO     | OK https://skeb.jp/api/users/VkyanaE
2026-10-05 10:35:04 | INFO     | Saving at a/skeb/VkyanaE-7947b0.json
2026-10-05 10:35:05 | INFO     | OK https://skeb.jp/api/users/yaba_mitu2
2026-10-05 10:35:05 | INFO     | Saving at a/skeb/yaba_mitu2-9de265.json
2026-10-05 10:35:05 | INFO     | OK https://skeb.jp/api/users/UyU_BeliasFF14
2026-10-05 10:35:05 | INFO     | Saving at a/skeb/UyU_BeliasFF14-3f33a5.json
2026-10-05 10:35:06 | INFO     | OK https://skeb.jp/api/users/hechisuka
2026-10-05 10:35:06 | INFO     | Saving at a/skeb/hechisuka-9ed799.json
2026-10-05 10:35:07 | INFO     | OK https://skeb.jp/api/users/mo_zu_29
2026-10-05 10:35:07 | INFO     | Saving at a/skeb/mo_zu_29-a4a30d.json
2026-10-05 10:35:08 | INFO     | OK https://skeb.jp/api/users/bonedeer427
2026-10-05 10:35:08 | INFO     | Saving at a/skeb/bonedeer427-30f461.json
2026-10-05 10:35:09 | INFO     | OK https://skeb.jp/api/users/Eeeowl
2026-10-05 10:35:09 | INFO     | Saving at a/skeb/Eeeowl-e8b074.json
2026-10-05 10:35:10 | INFO     | OK https://skeb.jp/api/users/sushiumaai
2026-10-05 10:35:10 | INFO     | Saving at a/skeb/sushiumaai-cdaaaa.json
2026-10-05 10:35:12 | INFO     | OK https://skeb.jp/api/users/teio___420
2026-10-05 10:35:12 | INFO     | Saving at a/skeb/teio___420-7fc15f.json
2026-10-05 10:35:12 | INFO     | OK https://skeb.jp/api/users/ce_rolan
2026-10-05 10:35:12 | INFO     | Saving at a/skeb/ce_rolan-380e05.json
2026-10-05 10:35:13 | INFO     | OK https://skeb.jp/api/users/iskw__13
2026-10-05 10:35:13 | INFO     | Saving at a/skeb/iskw__13-4f68a5.json
2026-10-05 10:35:14 | INFO     | OK https://skeb.jp/api/users/sonoDAZOgakiku
2026-10-05 10:35:14 | INFO     | Saving at a/skeb/sonoDAZOgakiku-61eb26.json
2026-10-05 10:35:16 | INFO     | OK https://skeb.jp/api/users/ego_cm
2026-10-05 10:35:16 | INFO     | Saving at a/skeb/ego_cm-887925.json
2026-10-05 10:35:16 | INFO     | OK https://skeb.jp/api/users/usuixxxx
2026-10-05 10:35:16 | INFO     | Saving at a/skeb/usuixxxx-9d5968.json
2026-10-05 10:35:17 | INFO     | OK https://skeb.jp/api/users/YamaYuri_am4h
2026-10-05 10:35:17 | INFO     | Saving at a/skeb/YamaYuri_am4h-ec3d7d.json
2026-10-05 10:35:19 | INFO     | OK https://skeb.jp/api/users/hananeko113
2026-10-05 10:35:19 | INFO     | Saving at a/skeb/hananeko113-6db40e.json
2026-10-05 10:35:19 | INFO     | OK https://skeb.jp/api/users/Fumimimimidory
2026-10-05 10:35:19 | INFO     | Saving at a/skeb/Fumimimimidory-7d8f9a.json
2026-10-05 10:35:20 | INFO     | OK https://skeb.jp/api/users/FHT_Luriz
2026-10-05 10:35:20 | INFO     | Saving at a/skeb/FHT_Luriz-6ca603.json
2026-10-05 10:35:22 | INFO     | OK https://skeb.jp/api/users/gladeemaaya
2026-10-05 10:35:22 | INFO     | Saving at a/skeb/gladeemaaya-c54cbc.json
2026-10-05 10:35:22 | INFO     | OK https://skeb.jp/api/users/K6kero_o
2026-10-05 10:35:22 | INFO     | Saving at a/skeb/K6kero_o-888318.json
2026-10-05 10:35:24 | INFO     | OK https://skeb.jp/api/users/_48_N
2026-10-05 10:35:24 | INFO     | Saving at a/skeb/_48_N-e3d457.json
2026-10-05 10:35:24 | INFO     | OK https://skeb.jp/api/users/maruyakidondon
2026-10-05 10:35:24 | INFO     | Saving at a/skeb/maruyakidondon-ace7c3.json
2026-10-05 10:35:26 | INFO     | OK https://skeb.jp/api/users/sikomi_crab
2026-10-05 10:35:26 | INFO     | Saving at a/skeb/sikomi_crab-89dcc4.json
2026-10-05 10:35:26 | INFO     | OK https://skeb.jp/api/users/Nyqnn7_
2026-10-05 10:35:26 | INFO     | Saving at a/skeb/Nyqnn7_-10097b.json
2026-10-05 10:35:27 | INFO     | OK https://skeb.jp/api/users/zeuro_kou
2026-10-05 10:35:27 | INFO     | Saving at a/skeb/zeuro_kou-e6a0ff.json
2026-10-05 10:35:28 | INFO     | OK https://skeb.jp/api/users/Fta53dayo
2026-10-05 10:35:28 | INFO     | Saving at a/skeb/Fta53dayo-26b407.json
2026-10-05 10:35:30 | INFO     | OK https://skeb.jp/api/users/arcadia_canon
2026-10-05 10:35:30 | INFO     | Saving at a/skeb/arcadia_canon-021a08.json
2026-10-05 10:35:30 | INFO     | OK https://skeb.jp/api/users/Mu46016419
2026-10-05 10:35:30 | INFO     | Saving at a/skeb/Mu46016419-9418e2.json
2026-10-05 10:35:31 | INFO     | OK https://skeb.jp/api/users/G7fFMbcXux
2026-10-05 10:35:31 | INFO     | Saving at a/skeb/G7fFMbcXux-1c087e.json
2026-10-05 10:35:33 | INFO     | OK https://skeb.jp/api/users/ul3_t
2026-10-05 10:35:33 | INFO     | Saving at a/skeb/ul3_t-f49a6c.json
2026-10-05 10:35:33 | INFO     | OK https://skeb.jp/api/users/silverringsings
2026-10-05 10:35:33 | INFO     | Saving at a/skeb/silverringsings-54b036.json
2026-10-05 10:35:34 | INFO     | OK https://skeb.jp/api/users/P_rsn07
2026-10-05 10:35:34 | INFO     | Saving at a/skeb/P_rsn07-44f379.json
2026-10-05 10:35:36 | INFO     | OK https://skeb.jp/api/users/yatuhasi
2026-10-05 10:35:36 | INFO     | Saving at a/skeb/yatuhasi-b4e271.json
2026-10-05 10:35:36 | INFO     | OK https://skeb.jp/api/users/Mito_99999
2026-10-05 10:35:36 | INFO     | Saving at a/skeb/Mito_99999-68f73b.json
2026-10-05 10:35:37 | INFO     | OK https://skeb.jp/api/users/rQseaRi
2026-10-05 10:35:37 | INFO     | Saving at a/skeb/rQseaRi-c9e7e6.json
2026-10-05 10:35:38 | INFO     | OK https://skeb.jp/api/users/nemuri0w0
2026-10-05 10:35:38 | INFO     | Saving at a/skeb/nemuri0w0-f24a10.json
2026-10-05 10:35:39 | INFO     | OK https://skeb.jp/api/users/ojkaka20
2026-10-05 10:35:39 | INFO     | Saving at a/skeb/ojkaka20-05fc8a.json
2026-10-05 10:35:41 | INFO     | OK https://skeb.jp/api/users/Bee91053336
2026-10-05 10:35:41 | INFO     | Saving at a/skeb/Bee91053336-b861a1.json
2026-10-05 10:35:41 | INFO     | OK https://skeb.jp/api/users/iran_stn
2026-10-05 10:35:41 | INFO     | Saving at a/skeb/iran_stn-8a72a1.json
2026-10-05 10:35:42 | INFO     | OK https://skeb.jp/api/users/nemu_portal
2026-10-05 10:35:42 | INFO     | Saving at a/skeb/nemu_portal-a90310.json
2026-10-05 10:35:43 | INFO     | OK https://skeb.jp/api/users/zebeltuku_12
2026-10-05 10:35:43 | INFO     | Saving at a/skeb/zebeltuku_12-f8685c.json
2026-10-05 10:35:44 | INFO     | OK https://skeb.jp/api/users/vwzrfj
2026-10-05 10:35:44 | INFO     | Saving at a/skeb/vwzrfj-112171.json
2026-10-05 10:35:46 | INFO     | OK https://skeb.jp/api/users/majideka_skeb
2026-10-05 10:35:46 | INFO     | Saving at a/skeb/majideka_skeb-2712f3.json
2026-10-05 10:35:46 | INFO     | OK https://skeb.jp/api/users/Oilver
2026-10-05 10:35:46 | INFO     | Saving at a/skeb/Oilver-c7f41e.json
2026-10-05 10:35:47 | INFO     | OK https://skeb.jp/api/users/raidenonsen
2026-10-05 10:35:47 | INFO     | Saving at a/skeb/raidenonsen-e854d3.json
2026-10-05 10:35:48 | INFO     | OK https://skeb.jp/api/users/yjine
2026-10-05 10:35:48 | INFO     | Saving at a/skeb/yjine-52f35c.json
2026-10-05 10:35:49 | INFO     | OK https://skeb.jp/api/users/fum_n23
2026-10-05 10:35:49 | INFO     | Saving at a/skeb/fum_n23-2357a6.json
2026-10-05 10:35:50 | INFO     | OK https://skeb.jp/api/users/boni_53__
2026-10-05 10:35:50 | INFO     | Saving at a/skeb/boni_53__-5c02fd.json
2026-10-05 10:35:51 | INFO     | OK https://skeb.jp/api/users/Oo____xmx
2026-10-05 10:35:51 | INFO     | Saving at a/skeb/Oo____xmx-8d5b8a.json
2026-10-05 10:35:52 | INFO     | OK https://skeb.jp/api/users/otonashi_baby
2026-10-05 10:35:52 | INFO     | Saving at a/skeb/otonashi_baby-77f36b.json
2026-10-05 10:35:53 | INFO     | OK https://skeb.jp/api/users/1me7nkc
2026-10-05 10:35:53 | INFO     | Saving at a/skeb/1me7nkc-dc1eee.json
2026-10-05 10:35:54 | INFO     | OK https://skeb.jp/api/users/wanwansorting
2026-10-05 10:35:54 | INFO     | Saving at a/skeb/wanwansorting-d1cd2c.json
2026-10-05 10:35:55 | INFO     | OK https://skeb.jp/api/users/tuyoshi1128
2026-10-05 10:35:55 | INFO     | Saving at a/skeb/tuyoshi1128-5fe2f5.json
2026-10-05 10:35:56 | INFO     | OK https://skeb.jp/api/users/bxw2YoJBbs
2026-10-05 10:35:56 | INFO     | Saving at a/skeb/bxw2YoJBbs-3e345f.json
2026-10-05 10:35:57 | INFO     | OK https://skeb.jp/api/users/umeu_mai
2026-10-05 10:35:57 | INFO     | Saving at a/skeb/umeu_mai-4d807f.json
2026-10-05 10:35:58 | INFO     | OK https://skeb.jp/api/users/4626wc
2026-10-05 10:35:58 | INFO     | Saving at a/skeb/4626wc-5ca207.json
2026-10-05 10:35:59 | INFO     | OK https://skeb.jp/api/users/NuRuMa_yu___
2026-10-05 10:35:59 | INFO     | Saving at a/skeb/NuRuMa_yu___-e209b5.json
2026-10-05 10:36:00 | INFO     | OK https://skeb.jp/api/users/SZG_MR
2026-10-05 10:36:00 | INFO     | Saving at a/skeb/SZG_MR-86a25e.json
2026-10-05 10:36:01 | INFO     | OK https://skeb.jp/api/users/10re_10
2026-10-05 10:36:01 | INFO     | Saving at a/skeb/10re_10-18c138.json
2026-10-05 10:36:03 | INFO     | OK https://skeb.jp/api/users/saragebu
2026-10-05 10:36:03 | INFO     | Saving at a/skeb/saragebu-fae355.json
2026-10-05 10:36:04 | INFO     | OK https://skeb.jp/api/users/rina4430
2026-10-05 10:36:04 | INFO     | Saving at a/skeb/rina4430-9dc8a9.json
2026-10-05 10:36:05 | INFO     | OK https://skeb.jp/api/users/tk_nkntr
2026-10-05 10:36:05 | INFO     | Saving at a/skeb/tk_nkntr-2387af.json
2026-10-05 10:36:05 | INFO     | OK https://skeb.jp/api/users/chicoguru
2026-10-05 10:36:05 | INFO     | Saving at a/skeb/chicoguru-9c26d0.json
2026-10-05 10:36:06 | INFO     | OK https://skeb.jp/api/users/1skskC
2026-10-05 10:36:06 | INFO     | Saving at a/skeb/1skskC-7caebf.json
2026-10-05 10:36:08 | INFO     | OK https://skeb.jp/api/users/calicchio23
2026-10-05 10:36:08 | INFO     | Saving at a/skeb/calicchio23-801992.json
2026-10-05 10:36:09 | INFO     | OK https://skeb.jp/api/users/koro_ten
2026-10-05 10:36:09 | INFO     | Saving at a/skeb/koro_ten-1aea37.json
2026-10-05 10:36:10 | INFO     | OK https://skeb.jp/api/users/hanakura333
2026-10-05 10:36:10 | INFO     | Saving at a/skeb/hanakura333-4197ca.json
2026-10-05 10:36:11 | INFO     | OK https://skeb.jp/api/users/ShimotsukiAoi19
2026-10-05 10:36:11 | INFO     | Saving at a/skeb/ShimotsukiAoi19-d3f1ee.json
2026-10-05 10:36:11 | INFO     | OK https://skeb.jp/api/users/moyasinatto
2026-10-05 10:36:11 | INFO     | Saving at a/skeb/moyasinatto-695aa2.json
2026-10-05 10:36:12 | INFO     | OK https://skeb.jp/api/users/owa_wayaya
2026-10-05 10:36:12 | INFO     | Saving at a/skeb/owa_wayaya-0ab6a0.json
2026-10-05 10:36:13 | INFO     | OK https://skeb.jp/api/users/hue_nanairo
2026-10-05 10:36:13 | INFO     | Saving at a/skeb/hue_nanairo-452316.json
2026-10-05 10:36:14 | INFO     | OK https://skeb.jp/api/users/ba___884
2026-10-05 10:36:14 | INFO     | Saving at a/skeb/ba___884-b32ce7.json
2026-10-05 10:36:15 | INFO     | OK https://skeb.jp/api/users/mako_makotoo
2026-10-05 10:36:15 | INFO     | Saving at a/skeb/mako_makotoo-6f0b59.json
2026-10-05 10:36:17 | INFO     | OK https://skeb.jp/api/users/MO_YAMELU
2026-10-05 10:36:17 | INFO     | Saving at a/skeb/MO_YAMELU-cd927a.json
2026-10-05 10:36:17 | INFO     | OK https://skeb.jp/api/users/Sucre70707
2026-10-05 10:36:17 | INFO     | Saving at a/skeb/Sucre70707-4f21bf.json
2026-10-05 10:36:19 | INFO     | OK https://skeb.jp/api/users/yaccccchy
2026-10-05 10:36:19 | INFO     | Saving at a/skeb/yaccccchy-08e8af.json
2026-10-05 10:36:20 | INFO     | OK https://skeb.jp/api/users/yumiluna25
2026-10-05 10:36:20 | INFO     | Saving at a/skeb/yumiluna25-bec1ee.json
2026-10-05 10:36:21 | INFO     | OK https://skeb.jp/api/users/ngtomo1565
2026-10-05 10:36:21 | INFO     | Saving at a/skeb/ngtomo1565-b084c5.json
2026-10-05 10:36:21 | INFO     | OK https://skeb.jp/api/users/AyashiroNoelle
2026-10-05 10:36:21 | INFO     | Saving at a/skeb/AyashiroNoelle-6df8f2.json
2026-10-05 10:36:23 | INFO     | OK https://skeb.jp/api/users/frag_0416
2026-10-05 10:36:23 | INFO     | Saving at a/skeb/frag_0416-1f1cd7.json
2026-10-05 10:36:24 | INFO     | OK https://skeb.jp/api/users/manami_nattou
2026-10-05 10:36:24 | INFO     | Saving at a/skeb/manami_nattou-0c0c76.json
2026-10-05 10:36:25 | INFO     | OK https://skeb.jp/api/users/hzk_mozu
2026-10-05 10:36:25 | INFO     | Saving at a/skeb/hzk_mozu-64aff5.json
2026-10-05 10:36:26 | INFO     | OK https://skeb.jp/api/users/yamaori3
2026-10-05 10:36:26 | INFO     | Saving at a/skeb/yamaori3-bd56c3.json
2026-10-05 10:36:26 | INFO     | OK https://skeb.jp/api/users/enmi_art
2026-10-05 10:36:26 | INFO     | Saving at a/skeb/enmi_art-a6e9e4.json
2026-10-05 10:36:27 | INFO     | OK https://skeb.jp/api/users/naokimineta026
2026-10-05 10:36:27 | INFO     | Saving at a/skeb/naokimineta026-8c07f0.json
2026-10-05 10:36:28 | INFO     | OK https://skeb.jp/api/users/azuma_rc
2026-10-05 10:36:28 | INFO     | Saving at a/skeb/azuma_rc-0ad67f.json
2026-10-05 10:36:30 | INFO     | OK https://skeb.jp/api/users/aznasub
2026-10-05 10:36:30 | INFO     | Saving at a/skeb/aznasub-3f119b.json
2026-10-05 10:36:30 | INFO     | OK https://skeb.jp/api/users/risarisaarisa
2026-10-05 10:36:30 | INFO     | Saving at a/skeb/risarisaarisa-9ccff7.json
2026-10-05 10:36:31 | INFO     | OK https://skeb.jp/api/users/moebutadanyo
2026-10-05 10:36:31 | INFO     | Saving at a/skeb/moebutadanyo-90bd6c.json
2026-10-05 10:36:32 | INFO     | OK https://skeb.jp/api/users/oeee9th
2026-10-05 10:36:32 | INFO     | Saving at a/skeb/oeee9th-719df8.json
2026-10-05 10:36:33 | INFO     | OK https://skeb.jp/api/users/MASYU_BIMITALYA
2026-10-05 10:36:33 | INFO     | Saving at a/skeb/MASYU_BIMITALYA-552dc9.json
2026-10-05 10:36:34 | INFO     | OK https://skeb.jp/api/users/pen_117
2026-10-05 10:36:34 | INFO     | Saving at a/skeb/pen_117-fa4c28.json
2026-10-05 10:36:35 | INFO     | OK https://skeb.jp/api/users/Setosuou1008
2026-10-05 10:36:35 | INFO     | Saving at a/skeb/Setosuou1008-311eaa.json
2026-10-05 10:36:36 | INFO     | OK https://skeb.jp/api/users/Orca_dolphin916
2026-10-05 10:36:36 | INFO     | Saving at a/skeb/Orca_dolphin916-0a4953.json
2026-10-05 10:36:37 | INFO     | OK https://skeb.jp/api/users/akaneya
2026-10-05 10:36:37 | INFO     | Saving at a/skeb/akaneya-61bc6f.json
2026-10-05 10:36:38 | INFO     | OK https://skeb.jp/api/users/tuyotuyo_22
2026-10-05 10:36:38 | INFO     | Saving at a/skeb/tuyotuyo_22-7c13fb.json
2026-10-05 10:36:39 | INFO     | OK https://skeb.jp/api/users/_0w0______
2026-10-05 10:36:39 | INFO     | Saving at a/skeb/_0w0______-a032a5.json
2026-10-05 10:36:41 | INFO     | OK https://skeb.jp/api/users/aaakara_mun
2026-10-05 10:36:41 | INFO     | Saving at a/skeb/aaakara_mun-a06a1f.json
2026-10-05 10:36:41 | INFO     | OK https://skeb.jp/api/users/yukia0101
2026-10-05 10:36:41 | INFO     | Saving at a/skeb/yukia0101-62ea02.json
2026-10-05 10:36:43 | INFO     | OK https://skeb.jp/api/users/hitomeborere
2026-10-05 10:36:43 | INFO     | Saving at a/skeb/hitomeborere-a66a44.json
2026-10-05 10:36:43 | INFO     | OK https://skeb.jp/api/users/05gao
2026-10-05 10:36:43 | INFO     | Saving at a/skeb/05gao-8c6dd2.json
2026-10-05 10:36:44 | INFO     | OK https://skeb.jp/api/users/satuki_kai_5
2026-10-05 10:36:44 | INFO     | Saving at a/skeb/satuki_kai_5-1297e1.json
2026-10-05 10:36:45 | INFO     | OK https://skeb.jp/api/users/dai__zu
2026-10-05 10:36:45 | INFO     | Saving at a/skeb/dai__zu-abc8cb.json
2026-10-05 10:36:47 | INFO     | OK https://skeb.jp/api/users/balloon0903
2026-10-05 10:36:47 | INFO     | Saving at a/skeb/balloon0903-9ee3cc.json
2026-10-05 10:36:48 | INFO     | OK https://skeb.jp/api/users/oysm_bread
2026-10-05 10:36:48 | INFO     | Saving at a/skeb/oysm_bread-1aeadc.json
2026-10-05 10:36:48 | INFO     | OK https://skeb.jp/api/users/puto_210
2026-10-05 10:36:48 | INFO     | Saving at a/skeb/puto_210-7a036a.json
2026-10-05 10:36:49 | INFO     | OK https://skeb.jp/api/users/zutto_oyasu3
2026-10-05 10:36:49 | INFO     | Saving at a/skeb/zutto_oyasu3-79ca75.json
2026-10-05 10:36:50 | INFO     | OK https://skeb.jp/api/users/KvzCwOb2bA
2026-10-05 10:36:50 | INFO     | Saving at a/skeb/KvzCwOb2bA-8e7f5d.json
2026-10-05 10:36:52 | INFO     | OK https://skeb.jp/api/users/abb__q
2026-10-05 10:36:52 | INFO     | Saving at a/skeb/abb__q-38bde5.json
2026-10-05 10:36:52 | INFO     | OK https://skeb.jp/api/users/mosamosa_OC
2026-10-05 10:36:52 | INFO     | Saving at a/skeb/mosamosa_OC-47d680.json
2026-10-05 10:36:53 | INFO     | OK https://skeb.jp/api/users/giraffe_beer
2026-10-05 10:36:53 | INFO     | Saving at a/skeb/giraffe_beer-097798.json
2026-10-05 10:36:54 | INFO     | OK https://skeb.jp/api/users/sAsAsAsAk_O
2026-10-05 10:36:54 | INFO     | Saving at a/skeb/sAsAsAsAk_O-2d4ae7.json
2026-10-05 10:36:55 | INFO     | OK https://skeb.jp/api/users/a_MANOJAKU_
2026-10-05 10:36:55 | INFO     | Saving at a/skeb/a_MANOJAKU_-d05a08.json
2026-10-05 10:36:56 | INFO     | OK https://skeb.jp/api/users/GuruminnSD
2026-10-05 10:36:56 | INFO     | Saving at a/skeb/GuruminnSD-3c2346.json
2026-10-05 10:36:57 | INFO     | OK https://skeb.jp/api/users/neko_ronderu
2026-10-05 10:36:57 | INFO     | Saving at a/skeb/neko_ronderu-d2e8dd.json
2026-10-05 10:36:59 | INFO     | OK https://skeb.jp/api/users/morpho_nyas
2026-10-05 10:36:59 | INFO     | Saving at a/skeb/morpho_nyas-29f798.json
2026-10-05 10:36:59 | INFO     | OK https://skeb.jp/api/users/hakata_no_kuma3
2026-10-05 10:36:59 | INFO     | Saving at a/skeb/hakata_no_kuma3-f1aacc.json
2026-10-05 10:37:00 | INFO     | OK https://skeb.jp/api/users/Hoenn17
2026-10-05 10:37:00 | INFO     | Saving at a/skeb/Hoenn17-a7df8e.json
2026-10-05 10:37:02 | INFO     | OK https://skeb.jp/api/users/hatimitu_v
2026-10-05 10:37:02 | INFO     | Saving at a/skeb/hatimitu_v-9507e1.json
2026-10-05 10:37:02 | INFO     | OK https://skeb.jp/api/users/SABU_MOZUPOKO
2026-10-05 10:37:02 | INFO     | Saving at a/skeb/SABU_MOZUPOKO-2925e5.json
2026-10-05 10:37:03 | INFO     | OK https://skeb.jp/api/users/chimney0311
2026-10-05 10:37:03 | INFO     | Saving at a/skeb/chimney0311-34b690.json
2026-10-05 10:37:04 | INFO     | OK https://skeb.jp/api/users/qemukkun
2026-10-05 10:37:04 | INFO     | Saving at a/skeb/qemukkun-f6efb7.json
2026-10-05 10:37:06 | INFO     | OK https://skeb.jp/api/users/1t6km
2026-10-05 10:37:06 | INFO     | Saving at a/skeb/1t6km-44a49a.json
2026-10-05 10:37:07 | INFO     | OK https://skeb.jp/api/users/ichiboshi49_k
2026-10-05 10:37:07 | INFO     | Saving at a/skeb/ichiboshi49_k-4cf2c5.json
2026-10-05 10:37:07 | INFO     | OK https://skeb.jp/api/users/o_s_sinrin
2026-10-05 10:37:07 | INFO     | Saving at a/skeb/o_s_sinrin-f54415.json
2026-10-05 10:37:08 | INFO     | OK https://skeb.jp/api/users/corotonton5150
2026-10-05 10:37:08 | INFO     | Saving at a/skeb/corotonton5150-ed4f6e.json
2026-10-05 10:37:09 | INFO     | OK https://skeb.jp/api/users/saripi_amtug
2026-10-05 10:37:09 | INFO     | Saving at a/skeb/saripi_amtug-653535.json
2026-10-05 10:37:10 | INFO     | OK https://skeb.jp/api/users/takahashimyojin
2026-10-05 10:37:10 | INFO     | Saving at a/skeb/takahashimyojin-dd0852.json
2026-10-05 10:37:11 | INFO     | OK https://skeb.jp/api/users/iloha_24
2026-10-05 10:37:11 | INFO     | Saving at a/skeb/iloha_24-a1a06f.json
2026-10-05 10:37:13 | INFO     | OK https://skeb.jp/api/users/osanagokun
2026-10-05 10:37:13 | INFO     | Saving at a/skeb/osanagokun-475fd7.json
2026-10-05 10:37:14 | INFO     | OK https://skeb.jp/api/users/Ctrl_z01
2026-10-05 10:37:14 | INFO     | Saving at a/skeb/Ctrl_z01-4d4d97.json
2026-10-05 10:37:14 | INFO     | OK https://skeb.jp/api/users/ulogbe
2026-10-05 10:37:14 | INFO     | Saving at a/skeb/ulogbe-d45d1d.json
2026-10-05 10:37:15 | INFO     | OK https://skeb.jp/api/users/wanatsu_15
2026-10-05 10:37:15 | INFO     | Saving at a/skeb/wanatsu_15-2aa654.json
2026-10-05 10:37:16 | INFO     | OK https://skeb.jp/api/users/B5TNky
2026-10-05 10:37:16 | INFO     | Saving at a/skeb/B5TNky-616b6a.json
2026-10-05 10:37:17 | INFO     | OK https://skeb.jp/api/users/cheese_and_beef
2026-10-05 10:37:17 | INFO     | Saving at a/skeb/cheese_and_beef-a46e25.json
2026-10-05 10:37:19 | INFO     | OK https://skeb.jp/api/users/stellqhero
2026-10-05 10:37:19 | INFO     | Saving at a/skeb/stellqhero-808dc5.json
2026-10-05 10:37:19 | INFO     | OK https://skeb.jp/api/users/Univxcig
2026-10-05 10:37:19 | INFO     | Saving at a/skeb/Univxcig-e2a7db.json
2026-10-05 10:37:20 | INFO     | OK https://skeb.jp/api/users/wqsq_
2026-10-05 10:37:20 | INFO     | Saving at a/skeb/wqsq_-f8ad4b.json
2026-10-05 10:37:21 | INFO     | OK https://skeb.jp/api/users/kmc_oisiiyone
2026-10-05 10:37:21 | INFO     | Saving at a/skeb/kmc_oisiiyone-9085d7.json
2026-10-05 10:37:22 | INFO     | OK https://skeb.jp/api/users/ARNUSI
2026-10-05 10:37:22 | INFO     | Saving at a/skeb/ARNUSI-2e3fe6.json
2026-10-05 10:37:23 | INFO     | OK https://skeb.jp/api/users/hvhjoe
2026-10-05 10:37:23 | INFO     | Saving at a/skeb/hvhjoe-c763fb.json
2026-10-05 10:37:25 | INFO     | OK https://skeb.jp/api/users/kuroseOXXO
2026-10-05 10:37:25 | INFO     | Saving at a/skeb/kuroseOXXO-35f2d6.json
2026-10-05 10:37:26 | INFO     | OK https://skeb.jp/api/users/gin2052
2026-10-05 10:37:26 | INFO     | Saving at a/skeb/gin2052-82c475.json
2026-10-05 10:37:26 | INFO     | OK https://skeb.jp/api/users/AVICULA_bird
2026-10-05 10:37:26 | INFO     | Saving at a/skeb/AVICULA_bird-7f72bb.json
2026-10-05 10:37:28 | INFO     | OK https://skeb.jp/api/users/close_up_fa
2026-10-05 10:37:28 | INFO     | Saving at a/skeb/close_up_fa-926a1a.json
2026-10-05 10:37:29 | INFO     | OK https://skeb.jp/api/users/llhotorill
2026-10-05 10:37:29 | INFO     | Saving at a/skeb/llhotorill-1891a3.json
2026-10-05 10:37:29 | INFO     | OK https://skeb.jp/api/users/tomi23500706
2026-10-05 10:37:29 | INFO     | Saving at a/skeb/tomi23500706-9ec4eb.json
2026-10-05 10:37:31 | INFO     | OK https://skeb.jp/api/users/yusa_yuyu
2026-10-05 10:37:31 | INFO     | Saving at a/skeb/yusa_yuyu-f8d867.json
2026-10-05 10:37:31 | INFO     | OK https://skeb.jp/api/users/shiomi_cms
2026-10-05 10:37:31 | INFO     | Saving at a/skeb/shiomi_cms-f1d846.json
2026-10-05 10:37:32 | INFO     | OK https://skeb.jp/api/users/yuukin
2026-10-05 10:37:32 | INFO     | Saving at a/skeb/yuukin-9379b1.json
2026-10-05 10:37:33 | INFO     | OK https://skeb.jp/api/users/GrayOrbit003
2026-10-05 10:37:33 | INFO     | Saving at a/skeb/GrayOrbit003-c00fde.json
2026-10-05 10:37:34 | INFO     | OK https://skeb.jp/api/users/taruo0x
2026-10-05 10:37:34 | INFO     | Saving at a/skeb/taruo0x-b4b0aa.json
2026-10-05 10:37:35 | INFO     | OK https://skeb.jp/api/users/Futo_tsu10
2026-10-05 10:37:35 | INFO     | Saving at a/skeb/Futo_tsu10-22f5a8.json
2026-10-05 10:37:37 | INFO     | OK https://skeb.jp/api/users/jobalchan
2026-10-05 10:37:37 | INFO     | Saving at a/skeb/jobalchan-834e1b.json
2026-10-05 10:37:38 | INFO     | OK https://skeb.jp/api/users/maguro_gyozyou
2026-10-05 10:37:38 | INFO     | Saving at a/skeb/maguro_gyozyou-d40287.json
2026-10-05 10:37:39 | INFO     | OK https://skeb.jp/api/users/tori_mof
2026-10-05 10:37:39 | INFO     | Saving at a/skeb/tori_mof-0790e3.json
2026-10-05 10:37:39 | INFO     | OK https://skeb.jp/api/users/0090QL
2026-10-05 10:37:39 | INFO     | Saving at a/skeb/0090QL-ff3f9c.json
2026-10-05 10:37:41 | INFO     | OK https://skeb.jp/api/users/Ashiro28
2026-10-05 10:37:41 | INFO     | Saving at a/skeb/Ashiro28-fa561a.json
2026-10-05 10:37:41 | INFO     | OK https://skeb.jp/api/users/NekomoriShall
2026-10-05 10:37:41 | INFO     | Saving at a/skeb/NekomoriShall-164f24.json
2026-10-05 10:37:43 | INFO     | OK https://skeb.jp/api/users/hinanagusa
2026-10-05 10:37:43 | INFO     | Saving at a/skeb/hinanagusa-003d81.json
2026-10-05 10:37:44 | INFO     | OK https://skeb.jp/api/users/aloha_ro_cha
2026-10-05 10:37:44 | INFO     | Saving at a/skeb/aloha_ro_cha-ab79ec.json
2026-10-05 10:37:45 | INFO     | OK https://skeb.jp/api/users/sharkdooog
2026-10-05 10:37:45 | INFO     | Saving at a/skeb/sharkdooog-69a94a.json
2026-10-05 10:37:46 | INFO     | OK https://skeb.jp/api/users/patina_jam
2026-10-05 10:37:46 | INFO     | Saving at a/skeb/patina_jam-60938a.json
2026-10-05 10:37:47 | INFO     | OK https://skeb.jp/api/users/nshima000
2026-10-05 10:37:47 | INFO     | Saving at a/skeb/nshima000-3bb623.json
2026-10-05 10:37:48 | INFO     | OK https://skeb.jp/api/users/Mitosanzu
2026-10-05 10:37:48 | INFO     | Saving at a/skeb/Mitosanzu-d1c1d7.json
2026-10-05 10:37:48 | INFO     | OK https://skeb.jp/api/users/hasuhebiFREE
2026-10-05 10:37:48 | INFO     | Saving at a/skeb/hasuhebiFREE-268d4f.json
2026-10-05 10:37:50 | INFO     | OK https://skeb.jp/api/users/Nonoka627
2026-10-05 10:37:50 | INFO     | Saving at a/skeb/Nonoka627-93b2c7.json
2026-10-05 10:37:51 | INFO     | OK https://skeb.jp/api/users/LzQmoq_
2026-10-05 10:37:51 | INFO     | Saving at a/skeb/LzQmoq_-6edfc2.json
2026-10-05 10:37:52 | INFO     | OK https://skeb.jp/api/users/00f0urw
2026-10-05 10:37:52 | INFO     | Saving at a/skeb/00f0urw-2a6d7e.json
2026-10-05 10:37:52 | INFO     | OK https://skeb.jp/api/users/nameko_hachikou
2026-10-05 10:37:52 | INFO     | Saving at a/skeb/nameko_hachikou-e97adc.json
2026-10-05 10:37:54 | INFO     | OK https://skeb.jp/api/users/anz_m_
2026-10-05 10:37:54 | INFO     | Saving at a/skeb/anz_m_-822dd2.json
2026-10-05 10:37:55 | INFO     | OK https://skeb.jp/api/users/MironA33
2026-10-05 10:37:55 | INFO     | Saving at a/skeb/MironA33-d8c7b5.json
2026-10-05 10:37:55 | INFO     | OK https://skeb.jp/api/users/tnakamii
2026-10-05 10:37:55 | INFO     | Saving at a/skeb/tnakamii-4c4ad6.json
2026-10-05 10:37:57 | INFO     | OK https://skeb.jp/api/users/RIP_U0x0U
2026-10-05 10:37:57 | INFO     | Saving at a/skeb/RIP_U0x0U-281186.json
2026-10-05 10:37:57 | INFO     | OK https://skeb.jp/api/users/tori___soboro__
2026-10-05 10:37:57 | INFO     | Saving at a/skeb/tori___soboro__-530a7a.json
2026-10-05 10:37:58 | INFO     | OK https://skeb.jp/api/users/UTAKA_007
2026-10-05 10:37:58 | INFO     | Saving at a/skeb/UTAKA_007-5111be.json
2026-10-05 10:38:00 | INFO     | OK https://skeb.jp/api/users/ligmki8
2026-10-05 10:38:00 | INFO     | Saving at a/skeb/ligmki8-abf552.json
2026-10-05 10:38:01 | INFO     | OK https://skeb.jp/api/users/chirigaminn
2026-10-05 10:38:01 | INFO     | Saving at a/skeb/chirigaminn-596087.json
2026-10-05 10:38:02 | INFO     | OK https://skeb.jp/api/users/hachi__rou
2026-10-05 10:38:02 | INFO     | Saving at a/skeb/hachi__rou-1ae70a.json
2026-10-05 10:38:02 | INFO     | OK https://skeb.jp/api/users/okutanro
2026-10-05 10:38:02 | INFO     | Saving at a/skeb/okutanro-964811.json
2026-10-05 10:38:04 | INFO     | OK https://skeb.jp/api/users/tedopoyo
2026-10-05 10:38:04 | INFO     | Saving at a/skeb/tedopoyo-33a998.json
2026-10-05 10:38:05 | INFO     | OK https://skeb.jp/api/users/morishiey
2026-10-05 10:38:05 | INFO     | Saving at a/skeb/morishiey-4b851b.json
2026-10-05 10:38:05 | INFO     | OK https://skeb.jp/api/users/suzuno_suzuran
2026-10-05 10:38:05 | INFO     | Saving at a/skeb/suzuno_suzuran-72e117.json
2026-10-05 10:38:07 | INFO     | OK https://skeb.jp/api/users/ricebirdmon
2026-10-05 10:38:07 | INFO     | Saving at a/skeb/ricebirdmon-c84ff0.json
2026-10-05 10:38:07 | INFO     | OK https://skeb.jp/api/users/sirasu_mei_08
2026-10-05 10:38:07 | INFO     | Saving at a/skeb/sirasu_mei_08-72a88b.json
2026-10-05 10:38:09 | INFO     | OK https://skeb.jp/api/users/asagi_cthu
2026-10-05 10:38:09 | INFO     | Saving at a/skeb/asagi_cthu-49c563.json
2026-10-05 10:38:10 | INFO     | OK https://skeb.jp/api/users/babu_2_
2026-10-05 10:38:10 | INFO     | Saving at a/skeb/babu_2_-a9f464.json
2026-10-05 10:38:10 | INFO     | OK https://skeb.jp/api/users/imi_1283
2026-10-05 10:38:10 | INFO     | Saving at a/skeb/imi_1283-7030b9.json
2026-10-05 10:38:12 | INFO     | OK https://skeb.jp/api/users/nelofox
2026-10-05 10:38:12 | INFO     | Saving at a/skeb/nelofox-3520cc.json
2026-10-05 10:38:13 | INFO     | OK https://skeb.jp/api/users/tukepen4649
2026-10-05 10:38:13 | INFO     | Saving at a/skeb/tukepen4649-49fd74.json
2026-10-05 10:38:14 | INFO     | OK https://skeb.jp/api/users/chisamikan
2026-10-05 10:38:14 | INFO     | Saving at a/skeb/chisamikan-78ab3b.json
2026-10-05 10:38:15 | INFO     | OK https://skeb.jp/api/users/605_hinagon
2026-10-05 10:38:15 | INFO     | Saving at a/skeb/605_hinagon-7e3d0b.json
2026-10-05 10:38:16 | INFO     | OK https://skeb.jp/api/users/nillgua
2026-10-05 10:38:16 | INFO     | Saving at a/skeb/nillgua-8952ee.json
2026-10-05 10:38:16 | INFO     | OK https://skeb.jp/api/users/hapitaillust
2026-10-05 10:38:16 | INFO     | Saving at a/skeb/hapitaillust-2541bd.json
2026-10-05 10:38:17 | INFO     | OK https://skeb.jp/api/users/moimoi_sp
2026-10-05 10:38:17 | INFO     | Saving at a/skeb/moimoi_sp-a20228.json
2026-10-05 10:38:19 | INFO     | OK https://skeb.jp/api/users/rezanoffffffu
2026-10-05 10:38:19 | INFO     | Saving at a/skeb/rezanoffffffu-0713b4.json
2026-10-05 10:38:20 | INFO     | OK https://skeb.jp/api/users/caferate_2
2026-10-05 10:38:20 | INFO     | Saving at a/skeb/caferate_2-79de0d.json
2026-10-05 10:38:21 | INFO     | OK https://skeb.jp/api/users/SkebMilo
2026-10-05 10:38:21 | INFO     | Saving at a/skeb/SkebMilo-39d063.json
2026-10-05 10:38:22 | INFO     | OK https://skeb.jp/api/users/Aramitsuhaya
2026-10-05 10:38:22 | INFO     | Saving at a/skeb/Aramitsuhaya-065210.json
2026-10-05 10:38:22 | INFO     | OK https://skeb.jp/api/users/nintoku619
2026-10-05 10:38:22 | INFO     | Saving at a/skeb/nintoku619-f08d5e.json
2026-10-05 10:38:23 | INFO     | OK https://skeb.jp/api/users/hny_mg_
2026-10-05 10:38:23 | INFO     | Saving at a/skeb/hny_mg_-365204.json
2026-10-05 10:38:25 | INFO     | OK https://skeb.jp/api/users/yanya_____
2026-10-05 10:38:25 | INFO     | Saving at a/skeb/yanya_____-031f4f.json
2026-10-05 10:38:26 | INFO     | OK https://skeb.jp/api/users/iromishiro
2026-10-05 10:38:26 | INFO     | Saving at a/skeb/iromishiro-7380c2.json
2026-10-05 10:38:26 | INFO     | OK https://skeb.jp/api/users/Le_wil1
2026-10-05 10:38:26 | INFO     | Saving at a/skeb/Le_wil1-ca4085.json
2026-10-05 10:38:28 | INFO     | OK https://skeb.jp/api/users/ro_gaku
2026-10-05 10:38:28 | INFO     | Saving at a/skeb/ro_gaku-12a370.json
2026-10-05 10:38:28 | INFO     | OK https://skeb.jp/api/users/r_licht13
2026-10-05 10:38:28 | INFO     | Saving at a/skeb/r_licht13-763930.json
2026-10-05 10:38:30 | INFO     | OK https://skeb.jp/api/users/Lennon_0533
2026-10-05 10:38:30 | INFO     | Saving at a/skeb/Lennon_0533-1d9067.json
2026-10-05 10:38:30 | INFO     | OK https://skeb.jp/api/users/kurosumi_xxx
2026-10-05 10:38:30 | INFO     | Saving at a/skeb/kurosumi_xxx-38dc1e.json
2026-10-05 10:38:32 | INFO     | OK https://skeb.jp/api/users/inochi01
2026-10-05 10:38:32 | INFO     | Saving at a/skeb/inochi01-bdf1d2.json
2026-10-05 10:38:33 | INFO     | OK https://skeb.jp/api/users/konoha_akebi
2026-10-05 10:38:33 | INFO     | Saving at a/skeb/konoha_akebi-3a2477.json
2026-10-05 10:38:34 | INFO     | OK https://skeb.jp/api/users/mukuwaku
2026-10-05 10:38:34 | INFO     | Saving at a/skeb/mukuwaku-30b51b.json
2026-10-05 10:38:34 | INFO     | OK https://skeb.jp/api/users/Mati_00002
2026-10-05 10:38:34 | INFO     | Saving at a/skeb/Mati_00002-141395.json
2026-10-05 10:38:36 | INFO     | OK https://skeb.jp/api/users/pyonpetach
2026-10-05 10:38:36 | INFO     | Saving at a/skeb/pyonpetach-339e2e.json
2026-10-05 10:38:37 | INFO     | OK https://skeb.jp/api/users/594Hi
2026-10-05 10:38:37 | INFO     | Saving at a/skeb/594Hi-87dbed.json
2026-10-05 10:38:37 | INFO     | OK https://skeb.jp/api/users/Dosukoi_Lsize
2026-10-05 10:38:37 | INFO     | Saving at a/skeb/Dosukoi_Lsize-c32464.json
2026-10-05 10:38:39 | INFO     | OK https://skeb.jp/api/users/wolfox004
2026-10-05 10:38:39 | INFO     | Saving at a/skeb/wolfox004-53d040.json
2026-10-05 10:38:40 | INFO     | OK https://skeb.jp/api/users/pitwpitw1111
2026-10-05 10:38:40 | INFO     | Saving at a/skeb/pitwpitw1111-216916.json
2026-10-05 10:38:41 | INFO     | OK https://skeb.jp/api/users/yellowsb2024
2026-10-05 10:38:41 | INFO     | Saving at a/skeb/yellowsb2024-d22769.json
2026-10-05 10:38:42 | INFO     | OK https://skeb.jp/api/users/sawayaka_26
2026-10-05 10:38:42 | INFO     | Saving at a/skeb/sawayaka_26-a957a8.json
2026-10-05 10:38:43 | INFO     | OK https://skeb.jp/api/users/zassyoku_DD
2026-10-05 10:38:43 | INFO     | Saving at a/skeb/zassyoku_DD-ab894b.json
2026-10-05 10:38:43 | INFO     | OK https://skeb.jp/api/users/SoRaKataKiKiKi
2026-10-05 10:38:43 | INFO     | Saving at a/skeb/SoRaKataKiKiKi-243ac1.json
2026-10-05 10:38:45 | INFO     | OK https://skeb.jp/api/users/Firamyan
2026-10-05 10:38:45 | INFO     | Saving at a/skeb/Firamyan-ace352.json
2026-10-05 10:38:46 | INFO     | OK https://skeb.jp/api/users/satsumaagee
2026-10-05 10:38:46 | INFO     | Saving at a/skeb/satsumaagee-24adaf.json
2026-10-05 10:38:47 | INFO     | OK https://skeb.jp/api/users/madanemui_
2026-10-05 10:38:47 | INFO     | Saving at a/skeb/madanemui_-165a93.json
2026-10-05 10:38:48 | INFO     | OK https://skeb.jp/api/users/y_taketori_83
2026-10-05 10:38:48 | INFO     | Saving at a/skeb/y_taketori_83-12f65b.json
2026-10-05 10:38:49 | INFO     | OK https://skeb.jp/api/users/Proto_Arth
2026-10-05 10:38:49 | INFO     | Saving at a/skeb/Proto_Arth-3d6b3f.json
2026-10-05 10:38:49 | INFO     | OK https://skeb.jp/api/users/heyhey_heyzan
2026-10-05 10:38:49 | INFO     | Saving at a/skeb/heyhey_heyzan-7ef770.json
2026-10-05 10:38:50 | INFO     | OK https://skeb.jp/api/users/UDMOxsg
2026-10-05 10:38:50 | INFO     | Saving at a/skeb/UDMOxsg-e9ec0c.json
2026-10-05 10:38:52 | INFO     | OK https://skeb.jp/api/users/noko_puiche
2026-10-05 10:38:52 | INFO     | Saving at a/skeb/noko_puiche-dd8100.json
2026-10-05 10:38:53 | INFO     | OK https://skeb.jp/api/users/___kazubaribb2
2026-10-05 10:38:53 | INFO     | Saving at a/skeb/___kazubaribb2-156b63.json
2026-10-05 10:38:54 | INFO     | OK https://skeb.jp/api/users/75G7oO7KRMu827J
2026-10-05 10:38:54 | INFO     | Saving at a/skeb/75G7oO7KRMu827J-323560.json
2026-10-05 10:38:55 | INFO     | OK https://skeb.jp/api/users/Mitsuro_illust
2026-10-05 10:38:55 | INFO     | Saving at a/skeb/Mitsuro_illust-381e93.json
2026-10-05 10:38:56 | INFO     | OK https://skeb.jp/api/users/Suzu245612
2026-10-05 10:38:56 | INFO     | Saving at a/skeb/Suzu245612-a0bbac.json
2026-10-05 10:38:57 | INFO     | OK https://skeb.jp/api/users/tatsuminorensyu
2026-10-05 10:38:57 | INFO     | Saving at a/skeb/tatsuminorensyu-f753f6.json
2026-10-05 10:38:58 | INFO     | OK https://skeb.jp/api/users/battan8
2026-10-05 10:38:58 | INFO     | Saving at a/skeb/battan8-a25958.json
2026-10-05 10:38:59 | INFO     | OK https://skeb.jp/api/users/gannbaru_tofu
2026-10-05 10:38:59 | INFO     | Saving at a/skeb/gannbaru_tofu-2f280a.json
2026-10-05 10:39:00 | INFO     | OK https://skeb.jp/api/users/puochiki
2026-10-05 10:39:00 | INFO     | Saving at a/skeb/puochiki-ea38cc.json
2026-10-05 10:39:01 | INFO     | OK https://skeb.jp/api/users/enipax28
2026-10-05 10:39:01 | INFO     | Saving at a/skeb/enipax28-747337.json
2026-10-05 10:39:02 | INFO     | OK https://skeb.jp/api/users/ROSIROkpi
2026-10-05 10:39:02 | INFO     | Saving at a/skeb/ROSIROkpi-f0115e.json
2026-10-05 10:39:02 | INFO     | OK https://skeb.jp/api/users/bomu_art0502
2026-10-05 10:39:02 | INFO     | Saving at a/skeb/bomu_art0502-3ef564.json
2026-10-05 10:39:04 | INFO     | OK https://skeb.jp/api/users/2qRiXweroo5wchL
2026-10-05 10:39:04 | INFO     | Saving at a/skeb/2qRiXweroo5wchL-fc13be.json
2026-10-05 10:39:05 | INFO     | OK https://skeb.jp/api/users/TamaokiBenkyoo
2026-10-05 10:39:05 | INFO     | Saving at a/skeb/TamaokiBenkyoo-96ee33.json
2026-10-05 10:39:06 | INFO     | OK https://skeb.jp/api/users/kitsuko3310
2026-10-05 10:39:06 | INFO     | Saving at a/skeb/kitsuko3310-7e2e4a.json
2026-10-05 10:39:07 | INFO     | OK https://skeb.jp/api/users/juunishiaya
2026-10-05 10:39:07 | INFO     | Saving at a/skeb/juunishiaya-e890eb.json
2026-10-05 10:39:08 | INFO     | OK https://skeb.jp/api/users/takezamurai
2026-10-05 10:39:08 | INFO     | Saving at a/skeb/takezamurai-43f6d0.json
2026-10-05 10:39:08 | INFO     | OK https://skeb.jp/api/users/shiromachi94
2026-10-05 10:39:09 | INFO     | Saving at a/skeb/shiromachi94-197aaa.json
2026-10-05 10:39:10 | INFO     | OK https://skeb.jp/api/users/r_ws2l
2026-10-05 10:39:10 | INFO     | Saving at a/skeb/r_ws2l-021d03.json
2026-10-05 10:39:10 | INFO     | OK https://skeb.jp/api/users/Yukanuntius_el
2026-10-05 10:39:10 | INFO     | Saving at a/skeb/Yukanuntius_el-d0d666.json
2026-10-05 10:39:11 | INFO     | OK https://skeb.jp/api/users/zatta250617
2026-10-05 10:39:11 | INFO     | Saving at a/skeb/zatta250617-5bebcf.json
2026-10-05 10:39:13 | INFO     | OK https://skeb.jp/api/users/knne_mtr
2026-10-05 10:39:13 | INFO     | Saving at a/skeb/knne_mtr-163034.json
2026-10-05 10:39:14 | INFO     | OK https://skeb.jp/api/users/8_______com
2026-10-05 10:39:14 | INFO     | Saving at a/skeb/8_______com-43bd4d.json
2026-10-05 10:39:15 | INFO     | OK https://skeb.jp/api/users/manbo2024
2026-10-05 10:39:15 | INFO     | Saving at a/skeb/manbo2024-1d84d5.json
2026-10-05 10:39:16 | INFO     | OK https://skeb.jp/api/users/jiganogazoran
2026-10-05 10:39:16 | INFO     | Saving at a/skeb/jiganogazoran-837d7d.json
2026-10-05 10:39:17 | INFO     | OK https://skeb.jp/api/users/umetoumeto_sub
2026-10-05 10:39:17 | INFO     | Saving at a/skeb/umetoumeto_sub-d67ed9.json
2026-10-05 10:39:18 | INFO     | OK https://skeb.jp/api/users/Peroperokun3
2026-10-05 10:39:18 | INFO     | Saving at a/skeb/Peroperokun3-6061c3.json
2026-10-05 10:39:19 | INFO     | OK https://skeb.jp/api/users/ashitaba78
2026-10-05 10:39:19 | INFO     | Saving at a/skeb/ashitaba78-f1c224.json
2026-10-05 10:39:19 | INFO     | OK https://skeb.jp/api/users/SinosinoF
2026-10-05 10:39:19 | INFO     | Saving at a/skeb/SinosinoF-94dd69.json
2026-10-05 10:39:21 | INFO     | OK https://skeb.jp/api/users/H1aMx
2026-10-05 10:39:21 | INFO     | Saving at a/skeb/H1aMx-5f77ec.json
2026-10-05 10:39:22 | INFO     | OK https://skeb.jp/api/users/ha_ru_ta_38
2026-10-05 10:39:22 | INFO     | Saving at a/skeb/ha_ru_ta_38-bace21.json
2026-10-05 10:39:23 | INFO     | OK https://skeb.jp/api/users/sudati_cat
2026-10-05 10:39:23 | INFO     | Saving at a/skeb/sudati_cat-b0022e.json
2026-10-05 10:39:24 | INFO     | OK https://skeb.jp/api/users/gattam_
2026-10-05 10:39:24 | INFO     | Saving at a/skeb/gattam_-53ff40.json
2026-10-05 10:39:25 | INFO     | OK https://skeb.jp/api/users/stylishtrash
2026-10-05 10:39:25 | INFO     | Saving at a/skeb/stylishtrash-f3b076.json
2026-10-05 10:39:26 | INFO     | OK https://skeb.jp/api/users/zat___296
2026-10-05 10:39:26 | INFO     | Saving at a/skeb/zat___296-9bb15d.json
2026-10-05 10:39:26 | INFO     | OK https://skeb.jp/api/users/moiSatsuma
2026-10-05 10:39:27 | INFO     | Saving at a/skeb/moiSatsuma-affce7.json
2026-10-05 10:39:28 | INFO     | OK https://skeb.jp/api/users/_oxo_p0
2026-10-05 10:39:28 | INFO     | Saving at a/skeb/_oxo_p0-996f5f.json
2026-10-05 10:39:29 | INFO     | OK https://skeb.jp/api/users/fusenryo2
2026-10-05 10:39:29 | INFO     | Saving at a/skeb/fusenryo2-981b18.json
2026-10-05 10:39:30 | INFO     | OK https://skeb.jp/api/users/yotunoha229
2026-10-05 10:39:30 | INFO     | Saving at a/skeb/yotunoha229-630905.json
2026-10-05 10:39:31 | INFO     | OK https://skeb.jp/api/users/azure_system
2026-10-05 10:39:31 | INFO     | Saving at a/skeb/azure_system-03b967.json
2026-10-05 10:39:32 | INFO     | OK https://skeb.jp/api/users/June_398
2026-10-05 10:39:32 | INFO     | Saving at a/skeb/June_398-998d27.json
2026-10-05 10:39:33 | INFO     | OK https://skeb.jp/api/users/mylulutolulu
2026-10-05 10:39:33 | INFO     | Saving at a/skeb/mylulutolulu-1b0ec3.json
2026-10-05 10:39:34 | INFO     | OK https://skeb.jp/api/users/sendesu5555
2026-10-05 10:39:34 | INFO     | Saving at a/skeb/sendesu5555-1b7aa9.json
2026-10-05 10:39:35 | INFO     | OK https://skeb.jp/api/users/aisakanoura
2026-10-05 10:39:35 | INFO     | Saving at a/skeb/aisakanoura-339790.json
2026-10-05 10:39:36 | INFO     | OK https://skeb.jp/api/users/lighthalo0324
2026-10-05 10:39:36 | INFO     | Saving at a/skeb/lighthalo0324-0586b8.json
2026-10-05 10:39:37 | INFO     | OK https://skeb.jp/api/users/010mzam
2026-10-05 10:39:37 | INFO     | Saving at a/skeb/010mzam-8d5821.json
2026-10-05 10:39:38 | INFO     | OK https://skeb.jp/api/users/kitagawa_sui
2026-10-05 10:39:38 | INFO     | Saving at a/skeb/kitagawa_sui-3fea3e.json
2026-10-05 10:39:39 | INFO     | OK https://skeb.jp/api/users/Donelectric
2026-10-05 10:39:39 | INFO     | Saving at a/skeb/Donelectric-69ff8a.json
2026-10-05 10:39:40 | INFO     | OK https://skeb.jp/api/users/kklloo1
2026-10-05 10:39:40 | INFO     | Saving at a/skeb/kklloo1-02f92f.json
2026-10-05 10:39:41 | INFO     | OK https://skeb.jp/api/users/Hutommdisk
2026-10-05 10:39:41 | INFO     | Saving at a/skeb/Hutommdisk-77e516.json
2026-10-05 10:39:42 | INFO     | OK https://skeb.jp/api/users/kodaibun_extra
2026-10-05 10:39:42 | INFO     | Saving at a/skeb/kodaibun_extra-1d5c8e.json
2026-10-05 10:39:43 | INFO     | OK https://skeb.jp/api/users/namaakl
2026-10-05 10:39:43 | INFO     | Saving at a/skeb/namaakl-13426a.json
2026-10-05 10:39:44 | INFO     | OK https://skeb.jp/api/users/nooooo563
2026-10-05 10:39:44 | INFO     | Saving at a/skeb/nooooo563-149e8d.json
2026-10-05 10:39:45 | INFO     | OK https://skeb.jp/api/users/KotoriMuro770
2026-10-05 10:39:45 | INFO     | Saving at a/skeb/KotoriMuro770-f18844.json
2026-10-05 10:39:46 | INFO     | OK https://skeb.jp/api/users/sentaatoiawase
2026-10-05 10:39:46 | INFO     | Saving at a/skeb/sentaatoiawase-6c721f.json
2026-10-05 10:39:47 | INFO     | OK https://skeb.jp/api/users/sakuichi21010
2026-10-05 10:39:47 | INFO     | Saving at a/skeb/sakuichi21010-cb660c.json
2026-10-05 10:39:48 | INFO     | OK https://skeb.jp/api/users/tatsunami1379
2026-10-05 10:39:48 | INFO     | Saving at a/skeb/tatsunami1379-db7a6b.json
2026-10-05 10:39:49 | INFO     | OK https://skeb.jp/api/users/dosti_dosti
2026-10-05 10:39:49 | INFO     | Saving at a/skeb/dosti_dosti-2fe739.json
2026-10-05 10:39:50 | INFO     | OK https://skeb.jp/api/users/gg980987
2026-10-05 10:39:50 | INFO     | Saving at a/skeb/gg980987-1ca8a2.json
2026-10-05 10:39:51 | INFO     | OK https://skeb.jp/api/users/vitaone
2026-10-05 10:39:51 | INFO     | Saving at a/skeb/vitaone-04ec38.json
2026-10-05 10:39:52 | INFO     | OK https://skeb.jp/api/users/kurokumaa
2026-10-05 10:39:52 | INFO     | Saving at a/skeb/kurokumaa-d874e5.json
2026-10-05 10:39:53 | INFO     | OK https://skeb.jp/api/users/sizuokainagoya2
2026-10-05 10:39:53 | INFO     | Saving at a/skeb/sizuokainagoya2-30c6d2.json
2026-10-05 10:39:54 | INFO     | OK https://skeb.jp/api/users/_1_nai
2026-10-05 10:39:54 | INFO     | Saving at a/skeb/_1_nai-f30239.json
2026-10-05 10:39:55 | INFO     | OK https://skeb.jp/api/users/aocha06s2
2026-10-05 10:39:55 | INFO     | Saving at a/skeb/aocha06s2-c5e782.json
2026-10-05 10:39:56 | INFO     | OK https://skeb.jp/api/users/aomeshi
2026-10-05 10:39:56 | INFO     | Saving at a/skeb/aomeshi-9fe4d3.json
2026-10-05 10:39:57 | INFO     | OK https://skeb.jp/api/users/I_my_Mixberry
2026-10-05 10:39:57 | INFO     | Saving at a/skeb/I_my_Mixberry-0ccde7.json
2026-10-05 10:39:58 | INFO     | OK https://skeb.jp/api/users/Mimi_rabbit02
2026-10-05 10:39:58 | INFO     | Saving at a/skeb/Mimi_rabbit02-2ba7aa.json
2026-10-05 10:39:59 | INFO     | OK https://skeb.jp/api/users/DONGYO_HUN
2026-10-05 10:39:59 | INFO     | Saving at a/skeb/DONGYO_HUN-8b4503.json
2026-10-05 10:40:00 | INFO     | OK https://skeb.jp/api/users/sabu_ririri
2026-10-05 10:40:00 | INFO     | Saving at a/skeb/sabu_ririri-349e5a.json
2026-10-05 10:40:01 | INFO     | OK https://skeb.jp/api/users/kurobikariBonm
2026-10-05 10:40:01 | INFO     | Saving at a/skeb/kurobikariBonm-bfc030.json
2026-10-05 10:40:02 | INFO     | OK https://skeb.jp/api/users/Shame_on_1031
2026-10-05 10:40:02 | INFO     | Saving at a/skeb/Shame_on_1031-975925.json
2026-10-05 10:40:03 | INFO     | OK https://skeb.jp/api/users/AN_Chobi94
2026-10-05 10:40:03 | INFO     | Saving at a/skeb/AN_Chobi94-5003ac.json
2026-10-05 10:40:04 | INFO     | OK https://skeb.jp/api/users/Mijik49
2026-10-05 10:40:04 | INFO     | Saving at a/skeb/Mijik49-6832af.json
2026-10-05 10:40:05 | INFO     | OK https://skeb.jp/api/users/nyo_n_yktr
2026-10-05 10:40:05 | INFO     | Saving at a/skeb/nyo_n_yktr-960c14.json
2026-10-05 10:40:06 | INFO     | OK https://skeb.jp/api/users/tenterra_107
2026-10-05 10:40:06 | INFO     | Saving at a/skeb/tenterra_107-bcd72b.json
2026-10-05 10:40:07 | INFO     | OK https://skeb.jp/api/users/1south3927
2026-10-05 10:40:07 | INFO     | Saving at a/skeb/1south3927-2ad26c.json
2026-10-05 10:40:08 | INFO     | OK https://skeb.jp/api/users/endroll00
2026-10-05 10:40:08 | INFO     | Saving at a/skeb/endroll00-1989a3.json
2026-10-05 10:40:09 | INFO     | OK https://skeb.jp/api/users/jky_iz
2026-10-05 10:40:09 | INFO     | Saving at a/skeb/jky_iz-3e8219.json
2026-10-05 10:40:10 | INFO     | OK https://skeb.jp/api/users/COCOMARO_MANIAX
2026-10-05 10:40:10 | INFO     | Saving at a/skeb/COCOMARO_MANIAX-f921e5.json
2026-10-05 10:40:11 | INFO     | OK https://skeb.jp/api/users/erxKl9ErOx74478
2026-10-05 10:40:11 | INFO     | Saving at a/skeb/erxKl9ErOx74478-b3b695.json
2026-10-05 10:40:12 | INFO     | OK https://skeb.jp/api/users/DolB
2026-10-05 10:40:12 | INFO     | Saving at a/skeb/DolB-94ef5b.json
2026-10-05 10:40:13 | INFO     | OK https://skeb.jp/api/users/az3nnn
2026-10-05 10:40:13 | INFO     | Saving at a/skeb/az3nnn-1f93f4.json
2026-10-05 10:40:14 | INFO     | OK https://skeb.jp/api/users/ibusilver
2026-10-05 10:40:14 | INFO     | Saving at a/skeb/ibusilver-16795c.json
2026-10-05 10:40:15 | INFO     | OK https://skeb.jp/api/users/Meyu_8888
2026-10-05 10:40:15 | INFO     | Saving at a/skeb/Meyu_8888-ac7a83.json
2026-10-05 10:40:16 | INFO     | OK https://skeb.jp/api/users/takesinobu
2026-10-05 10:40:16 | INFO     | Saving at a/skeb/takesinobu-c94d76.json
2026-10-05 10:40:17 | INFO     | OK https://skeb.jp/api/users/akai_momoi
2026-10-05 10:40:17 | INFO     | Saving at a/skeb/akai_momoi-7a2cee.json
2026-10-05 10:40:18 | INFO     | OK https://skeb.jp/api/users/mgr_skb
2026-10-05 10:40:18 | INFO     | Saving at a/skeb/mgr_skb-f27a27.json
2026-10-05 10:40:19 | INFO     | OK https://skeb.jp/api/users/ftr_0524
2026-10-05 10:40:19 | INFO     | Saving at a/skeb/ftr_0524-ae76d7.json
2026-10-05 10:40:20 | INFO     | OK https://skeb.jp/api/users/Romantic_Line
2026-10-05 10:40:20 | INFO     | Saving at a/skeb/Romantic_Line-16aed3.json
2026-10-05 10:40:21 | INFO     | OK https://skeb.jp/api/users/kaigara_me
2026-10-05 10:40:21 | INFO     | Saving at a/skeb/kaigara_me-da3a3b.json
2026-10-05 10:40:22 | INFO     | OK https://skeb.jp/api/users/ikr_nandemo
2026-10-05 10:40:22 | INFO     | Saving at a/skeb/ikr_nandemo-b7414b.json
2026-10-05 10:40:23 | INFO     | OK https://skeb.jp/api/users/_shihoncake_
2026-10-05 10:40:23 | INFO     | Saving at a/skeb/_shihoncake_-c0b057.json
2026-10-05 10:40:24 | INFO     | OK https://skeb.jp/api/users/39ar_39ca
2026-10-05 10:40:24 | INFO     | Saving at a/skeb/39ar_39ca-afad81.json
2026-10-05 10:40:25 | INFO     | OK https://skeb.jp/api/users/girioutmokkei
2026-10-05 10:40:25 | INFO     | Saving at a/skeb/girioutmokkei-292cf9.json
2026-10-05 10:40:25 | INFO     | OK https://skeb.jp/api/users/_rtynkh_
2026-10-05 10:40:25 | INFO     | Saving at a/skeb/_rtynkh_-9c0f24.json
2026-10-05 10:40:27 | INFO     | OK https://skeb.jp/api/users/rosemuku
2026-10-05 10:40:27 | INFO     | Saving at a/skeb/rosemuku-9c4fc3.json
2026-10-05 10:40:28 | INFO     | OK https://skeb.jp/api/users/shara_puri
2026-10-05 10:40:28 | INFO     | Saving at a/skeb/shara_puri-f3f4ef.json
2026-10-05 10:40:29 | INFO     | OK https://skeb.jp/api/users/tkns_yk
2026-10-05 10:40:29 | INFO     | Saving at a/skeb/tkns_yk-9b4d85.json
2026-10-05 10:40:30 | INFO     | OK https://skeb.jp/api/users/_rrmii
2026-10-05 10:40:30 | INFO     | Saving at a/skeb/_rrmii-24a270.json
2026-10-05 10:40:31 | INFO     | OK https://skeb.jp/api/users/Casaki9
2026-10-05 10:40:31 | INFO     | Saving at a/skeb/Casaki9-78c85e.json
2026-10-05 10:40:32 | INFO     | OK https://skeb.jp/api/users/AmarakuZZZ
2026-10-05 10:40:32 | INFO     | Saving at a/skeb/AmarakuZZZ-144617.json
2026-10-05 10:40:33 | INFO     | OK https://skeb.jp/api/users/gohan_to_gu
2026-10-05 10:40:33 | INFO     | Saving at a/skeb/gohan_to_gu-1f0953.json
2026-10-05 10:40:34 | INFO     | OK https://skeb.jp/api/users/gram_ebi
2026-10-05 10:40:34 | INFO     | Saving at a/skeb/gram_ebi-8f1684.json
2026-10-05 10:40:35 | INFO     | OK https://skeb.jp/api/users/_1mqrz
2026-10-05 10:40:35 | INFO     | Saving at a/skeb/_1mqrz-7e79e7.json
2026-10-05 10:40:36 | INFO     | OK https://skeb.jp/api/users/_eda__o0
2026-10-05 10:40:36 | INFO     | Saving at a/skeb/_eda__o0-de2aa9.json
2026-10-05 10:40:37 | INFO     | OK https://skeb.jp/api/users/nekogyo122
2026-10-05 10:40:37 | INFO     | Saving at a/skeb/nekogyo122-b258ad.json
2026-10-05 10:40:38 | INFO     | OK https://skeb.jp/api/users/fy_fp7
2026-10-05 10:40:38 | INFO     | Saving at a/skeb/fy_fp7-3a99f6.json
2026-10-05 10:40:39 | INFO     | OK https://skeb.jp/api/users/hiyoshipow
2026-10-05 10:40:39 | INFO     | Saving at a/skeb/hiyoshipow-8fd730.json
2026-10-05 10:40:40 | INFO     | OK https://skeb.jp/api/users/subtle_dawn
2026-10-05 10:40:40 | INFO     | Saving at a/skeb/subtle_dawn-909b55.json
2026-10-05 10:40:41 | INFO     | OK https://skeb.jp/api/users/v732043
2026-10-05 10:40:41 | INFO     | Saving at a/skeb/v732043-7f0f48.json
2026-10-05 10:40:42 | INFO     | OK https://skeb.jp/api/users/soosh1n
2026-10-05 10:40:42 | INFO     | Saving at a/skeb/soosh1n-b031aa.json
2026-10-05 10:40:43 | INFO     | OK https://skeb.jp/api/users/sidotama
2026-10-05 10:40:43 | INFO     | Saving at a/skeb/sidotama-da056c.json
2026-10-05 10:40:44 | INFO     | OK https://skeb.jp/api/users/yonomoriakari
2026-10-05 10:40:44 | INFO     | Saving at a/skeb/yonomoriakari-d2000b.json
2026-10-05 10:40:45 | INFO     | OK https://skeb.jp/api/users/takoyakicoic
2026-10-05 10:40:45 | INFO     | Saving at a/skeb/takoyakicoic-5ee930.json
2026-10-05 10:40:46 | INFO     | OK https://skeb.jp/api/users/PK_sigrio
2026-10-05 10:40:46 | INFO     | Saving at a/skeb/PK_sigrio-778643.json
2026-10-05 10:40:47 | INFO     | OK https://skeb.jp/api/users/othubuno_mochi
2026-10-05 10:40:47 | INFO     | Saving at a/skeb/othubuno_mochi-14f553.json
2026-10-05 10:40:48 | INFO     | OK https://skeb.jp/api/users/Syara_Toka
2026-10-05 10:40:48 | INFO     | Saving at a/skeb/Syara_Toka-8f1718.json
2026-10-05 10:40:49 | INFO     | OK https://skeb.jp/api/users/utau_poyungo
2026-10-05 10:40:49 | INFO     | Saving at a/skeb/utau_poyungo-401faf.json
2026-10-05 10:40:50 | INFO     | OK https://skeb.jp/api/users/goko_moon
2026-10-05 10:40:50 | INFO     | Saving at a/skeb/goko_moon-48b977.json
2026-10-05 10:40:51 | INFO     | OK https://skeb.jp/api/users/MueoRMRJSysMmUI
2026-10-05 10:40:51 | INFO     | Saving at a/skeb/MueoRMRJSysMmUI-1534a3.json
2026-10-05 10:40:52 | INFO     | OK https://skeb.jp/api/users/reinooekaki11
2026-10-05 10:40:52 | INFO     | Saving at a/skeb/reinooekaki11-ab02e5.json
2026-10-05 10:40:53 | INFO     | OK https://skeb.jp/api/users/3rdmcr
2026-10-05 10:40:53 | INFO     | Saving at a/skeb/3rdmcr-e36d15.json
2026-10-05 10:40:54 | INFO     | OK https://skeb.jp/api/users/nagato8492
2026-10-05 10:40:54 | INFO     | Saving at a/skeb/nagato8492-e26802.json
2026-10-05 10:40:55 | INFO     | OK https://skeb.jp/api/users/zo3mie
2026-10-05 10:40:55 | INFO     | Saving at a/skeb/zo3mie-94a6d4.json
2026-10-05 10:40:56 | INFO     | OK https://skeb.jp/api/users/osaosa_kouzyou
2026-10-05 10:40:56 | INFO     | Saving at a/skeb/osaosa_kouzyou-ee40ec.json
2026-10-05 10:40:57 | INFO     | OK https://skeb.jp/api/users/P_Q0112
2026-10-05 10:40:57 | INFO     | Saving at a/skeb/P_Q0112-49f272.json
2026-10-05 10:40:58 | INFO     | OK https://skeb.jp/api/users/yukuri_kimama
2026-10-05 10:40:58 | INFO     | Saving at a/skeb/yukuri_kimama-e59ed6.json
2026-10-05 10:40:59 | INFO     | OK https://skeb.jp/api/users/cocoyama
2026-10-05 10:40:59 | INFO     | Saving at a/skeb/cocoyama-a388b7.json
2026-10-05 10:41:00 | INFO     | OK https://skeb.jp/api/users/subhos312
2026-10-05 10:41:00 | INFO     | Saving at a/skeb/subhos312-e057a1.json
2026-10-05 10:41:01 | INFO     | OK https://skeb.jp/api/users/99nanimo
2026-10-05 10:41:01 | INFO     | Saving at a/skeb/99nanimo-710217.json
2026-10-05 10:41:02 | INFO     | OK https://skeb.jp/api/users/nemunemunebura
2026-10-05 10:41:02 | INFO     | Saving at a/skeb/nemunemunebura-aa402c.json
2026-10-05 10:41:03 | INFO     | OK https://skeb.jp/api/users/ykhs_92
2026-10-05 10:41:03 | INFO     | Saving at a/skeb/ykhs_92-91aeac.json
2026-10-05 10:41:04 | INFO     | OK https://skeb.jp/api/users/utuutuutusnti
2026-10-05 10:41:04 | INFO     | Saving at a/skeb/utuutuutusnti-a3d561.json
2026-10-05 10:41:05 | INFO     | OK https://skeb.jp/api/users/ap1os
2026-10-05 10:41:05 | INFO     | Saving at a/skeb/ap1os-bf62a1.json
2026-10-05 10:41:06 | INFO     | OK https://skeb.jp/api/users/yuti_203
2026-10-05 10:41:06 | INFO     | Saving at a/skeb/yuti_203-57d8d2.json
2026-10-05 10:41:07 | INFO     | OK https://skeb.jp/api/users/rain178straw
2026-10-05 10:41:07 | INFO     | Saving at a/skeb/rain178straw-eaae1d.json
2026-10-05 10:41:08 | INFO     | OK https://skeb.jp/api/users/hq4ed
2026-10-05 10:41:08 | INFO     | Saving at a/skeb/hq4ed-f3a035.json
2026-10-05 10:41:09 | INFO     | OK https://skeb.jp/api/users/Gogo_GOMA_Piyon
2026-10-05 10:41:09 | INFO     | Saving at a/skeb/Gogo_GOMA_Piyon-5c00b8.json
2026-10-05 10:41:10 | INFO     | OK https://skeb.jp/api/users/sinaa_parippari
2026-10-05 10:41:10 | INFO     | Saving at a/skeb/sinaa_parippari-ec3f68.json
2026-10-05 10:41:11 | INFO     | OK https://skeb.jp/api/users/Minimi_p
2026-10-05 10:41:11 | INFO     | Saving at a/skeb/Minimi_p-9030a2.json
2026-10-05 10:41:12 | INFO     | OK https://skeb.jp/api/users/OWL_ZUKU3329
2026-10-05 10:41:12 | INFO     | Saving at a/skeb/OWL_ZUKU3329-56bb54.json
2026-10-05 10:41:13 | INFO     | OK https://skeb.jp/api/users/shirohane_maru
2026-10-05 10:41:13 | INFO     | Saving at a/skeb/shirohane_maru-773046.json
2026-10-05 10:41:14 | INFO     | OK https://skeb.jp/api/users/rot_610
2026-10-05 10:41:14 | INFO     | Saving at a/skeb/rot_610-6b2f8f.json
2026-10-05 10:41:15 | INFO     | OK https://skeb.jp/api/users/Codai03825089
2026-10-05 10:41:15 | INFO     | Saving at a/skeb/Codai03825089-231991.json
2026-10-05 10:41:16 | INFO     | OK https://skeb.jp/api/users/r_xly0
2026-10-05 10:41:16 | INFO     | Saving at a/skeb/r_xly0-edf188.json
2026-10-05 10:41:17 | INFO     | OK https://skeb.jp/api/users/primula108
2026-10-05 10:41:17 | INFO     | Saving at a/skeb/primula108-d0ef8a.json
2026-10-05 10:41:18 | INFO     | OK https://skeb.jp/api/users/Ray___S
2026-10-05 10:41:18 | INFO     | Saving at a/skeb/Ray___S-04390d.json
2026-10-05 10:41:19 | INFO     | OK https://skeb.jp/api/users/OBAKE_0827
2026-10-05 10:41:19 | INFO     | Saving at a/skeb/OBAKE_0827-44ffb2.json
2026-10-05 10:41:20 | INFO     | OK https://skeb.jp/api/users/010Sekitan
2026-10-05 10:41:20 | INFO     | Saving at a/skeb/010Sekitan-1b3107.json
2026-10-05 10:41:21 | INFO     | OK https://skeb.jp/api/users/myaji_maki
2026-10-05 10:41:21 | INFO     | Saving at a/skeb/myaji_maki-075cf6.json
2026-10-05 10:41:22 | INFO     | OK https://skeb.jp/api/users/zelk_vore
2026-10-05 10:41:22 | INFO     | Saving at a/skeb/zelk_vore-f16fa3.json
2026-10-05 10:41:23 | INFO     | OK https://skeb.jp/api/users/masugitune
2026-10-05 10:41:23 | INFO     | Saving at a/skeb/masugitune-6e1e3b.json
2026-10-05 10:41:24 | INFO     | OK https://skeb.jp/api/users/shihan_seroom
2026-10-05 10:41:24 | INFO     | Saving at a/skeb/shihan_seroom-8aa775.json
2026-10-05 10:41:25 | INFO     | OK https://skeb.jp/api/users/sasa_ki____
2026-10-05 10:41:25 | INFO     | Saving at a/skeb/sasa_ki____-48be15.json
2026-10-05 10:41:26 | INFO     | OK https://skeb.jp/api/users/Hatsuakarin
2026-10-05 10:41:26 | INFO     | Saving at a/skeb/Hatsuakarin-058d15.json
2026-10-05 10:41:27 | INFO     | OK https://skeb.jp/api/users/sakamoto_115
2026-10-05 10:41:27 | INFO     | Saving at a/skeb/sakamoto_115-f14659.json
2026-10-05 10:41:28 | INFO     | OK https://skeb.jp/api/users/inu_mgmg
2026-10-05 10:41:28 | INFO     | Saving at a/skeb/inu_mgmg-76ada4.json
2026-10-05 10:41:29 | INFO     | OK https://skeb.jp/api/users/ginjiroXX
2026-10-05 10:41:29 | INFO     | Saving at a/skeb/ginjiroXX-907151.json
2026-10-05 10:41:30 | INFO     | OK https://skeb.jp/api/users/shirokunukeru
2026-10-05 10:41:30 | INFO     | Saving at a/skeb/shirokunukeru-941b0f.json
2026-10-05 10:41:31 | INFO     | OK https://skeb.jp/api/users/usami__chimu
2026-10-05 10:41:31 | INFO     | Saving at a/skeb/usami__chimu-5371f6.json
2026-10-05 10:41:32 | INFO     | OK https://skeb.jp/api/users/shio_oc3
2026-10-05 10:41:32 | INFO     | Saving at a/skeb/shio_oc3-7ef18d.json
2026-10-05 10:41:33 | INFO     | OK https://skeb.jp/api/users/jagen_1942
2026-10-05 10:41:33 | INFO     | Saving at a/skeb/jagen_1942-6cdc47.json
2026-10-05 10:41:34 | INFO     | OK https://skeb.jp/api/users/uli0813
2026-10-05 10:41:34 | INFO     | Saving at a/skeb/uli0813-e09548.json
2026-10-05 10:41:35 | INFO     | OK https://skeb.jp/api/users/devil_micaela
2026-10-05 10:41:35 | INFO     | Saving at a/skeb/devil_micaela-284778.json
2026-10-05 10:41:36 | INFO     | OK https://skeb.jp/api/users/o_otukaresama_o
2026-10-05 10:41:36 | INFO     | Saving at a/skeb/o_otukaresama_o-ba9f3a.json
2026-10-05 10:41:37 | INFO     | OK https://skeb.jp/api/users/roah_83
2026-10-05 10:41:37 | INFO     | Saving at a/skeb/roah_83-86bacc.json
2026-10-05 10:41:38 | INFO     | OK https://skeb.jp/api/users/dedede_mon
2026-10-05 10:41:38 | INFO     | Saving at a/skeb/dedede_mon-8c2868.json
2026-10-05 10:41:39 | INFO     | OK https://skeb.jp/api/users/rororodly
2026-10-05 10:41:39 | INFO     | Saving at a/skeb/rororodly-9c9baa.json
2026-10-05 10:41:40 | INFO     | OK https://skeb.jp/api/users/Ko_0070
2026-10-05 10:41:40 | INFO     | Saving at a/skeb/Ko_0070-f2ea58.json
2026-10-05 10:41:41 | INFO     | OK https://skeb.jp/api/users/res96547167
2026-10-05 10:41:41 | INFO     | Saving at a/skeb/res96547167-3202ed.json
2026-10-05 10:41:42 | INFO     | OK https://skeb.jp/api/users/motiCHIKUWA
2026-10-05 10:41:42 | INFO     | Saving at a/skeb/motiCHIKUWA-9118a8.json
2026-10-05 10:41:43 | INFO     | OK https://skeb.jp/api/users/H0C0L1
2026-10-05 10:41:43 | INFO     | Saving at a/skeb/H0C0L1-976044.json
2026-10-05 10:41:44 | INFO     | OK https://skeb.jp/api/users/Samechyanpo
2026-10-05 10:41:44 | INFO     | Saving at a/skeb/Samechyanpo-9c02ca.json
2026-10-05 10:41:45 | INFO     | OK https://skeb.jp/api/users/eextupa0000
2026-10-05 10:41:45 | INFO     | Saving at a/skeb/eextupa0000-a00e0e.json
2026-10-05 10:41:46 | INFO     | OK https://skeb.jp/api/users/aimaitei_futa
2026-10-05 10:41:46 | INFO     | Saving at a/skeb/aimaitei_futa-0fc286.json
2026-10-05 10:41:47 | INFO     | OK https://skeb.jp/api/users/kusahaelv
2026-10-05 10:41:47 | INFO     | Saving at a/skeb/kusahaelv-1e3185.json
2026-10-05 10:41:48 | INFO     | OK https://skeb.jp/api/users/ikachangenemaHH
2026-10-05 10:41:48 | INFO     | Saving at a/skeb/ikachangenemaHH-e11f98.json
2026-10-05 10:41:49 | INFO     | OK https://skeb.jp/api/users/tokonatts
2026-10-05 10:41:49 | INFO     | Saving at a/skeb/tokonatts-73c06a.json
2026-10-05 10:41:50 | INFO     | OK https://skeb.jp/api/users/konekonedango
2026-10-05 10:41:50 | INFO     | Saving at a/skeb/konekonedango-a7a947.json
2026-10-05 10:41:51 | INFO     | OK https://skeb.jp/api/users/ntrn3_
2026-10-05 10:41:51 | INFO     | Saving at a/skeb/ntrn3_-25ede6.json
2026-10-05 10:41:52 | INFO     | OK https://skeb.jp/api/users/Taro_Hakase122
2026-10-05 10:41:52 | INFO     | Saving at a/skeb/Taro_Hakase122-97a32d.json
2026-10-05 10:41:53 | INFO     | OK https://skeb.jp/api/users/xooxqp9292
2026-10-05 10:41:53 | INFO     | Saving at a/skeb/xooxqp9292-f9e955.json
2026-10-05 10:41:54 | INFO     | OK https://skeb.jp/api/users/tetete_teko
2026-10-05 10:41:54 | INFO     | Saving at a/skeb/tetete_teko-cd43c7.json
2026-10-05 10:41:55 | INFO     | OK https://skeb.jp/api/users/neneneko_0106
2026-10-05 10:41:55 | INFO     | Saving at a/skeb/neneneko_0106-d88a56.json
2026-10-05 10:41:56 | INFO     | OK https://skeb.jp/api/users/TYUMUKADE
2026-10-05 10:41:56 | INFO     | Saving at a/skeb/TYUMUKADE-2d8f8e.json
2026-10-05 10:41:57 | INFO     | OK https://skeb.jp/api/users/aka_fuji_
2026-10-05 10:41:57 | INFO     | Saving at a/skeb/aka_fuji_-75949f.json
2026-10-05 10:41:58 | INFO     | OK https://skeb.jp/api/users/abc0348
2026-10-05 10:41:58 | INFO     | Saving at a/skeb/abc0348-ca4b88.json
2026-10-05 10:41:59 | INFO     | OK https://skeb.jp/api/users/dadadanodadada
2026-10-05 10:41:59 | INFO     | Saving at a/skeb/dadadanodadada-f4e56d.json
2026-10-05 10:42:00 | INFO     | OK https://skeb.jp/api/users/_Neyrpg
2026-10-05 10:42:00 | INFO     | Saving at a/skeb/_Neyrpg-6b7b4c.json
2026-10-05 10:42:01 | INFO     | OK https://skeb.jp/api/users/momokumo_
2026-10-05 10:42:01 | INFO     | Saving at a/skeb/momokumo_-830f64.json
2026-10-05 10:42:02 | INFO     | OK https://skeb.jp/api/users/zouhyou
2026-10-05 10:42:02 | INFO     | Saving at a/skeb/zouhyou-d4a10e.json
2026-10-05 10:42:03 | INFO     | OK https://skeb.jp/api/users/t_inaho
2026-10-05 10:42:03 | INFO     | Saving at a/skeb/t_inaho-54a4c6.json
2026-10-05 10:42:04 | INFO     | OK https://skeb.jp/api/users/shirogamisaysho
2026-10-05 10:42:04 | INFO     | Saving at a/skeb/shirogamisaysho-52a4e6.json
2026-10-05 10:42:05 | INFO     | OK https://skeb.jp/api/users/simesaba_poteto
2026-10-05 10:42:05 | INFO     | Saving at a/skeb/simesaba_poteto-32e92a.json
2026-10-05 10:42:06 | INFO     | OK https://skeb.jp/api/users/abus55764787
2026-10-05 10:42:06 | INFO     | Saving at a/skeb/abus55764787-1291ce.json
2026-10-05 10:42:07 | INFO     | OK https://skeb.jp/api/users/elegrna
2026-10-05 10:42:07 | INFO     | Saving at a/skeb/elegrna-2cbb4a.json
2026-10-05 10:42:08 | INFO     | OK https://skeb.jp/api/users/Donuts_men
2026-10-05 10:42:08 | INFO     | Saving at a/skeb/Donuts_men-ae98b6.json
2026-10-05 10:42:09 | INFO     | OK https://skeb.jp/api/users/pnt_0202
2026-10-05 10:42:09 | INFO     | Saving at a/skeb/pnt_0202-7e5d34.json
2026-10-05 10:42:10 | INFO     | OK https://skeb.jp/api/users/mxwux
2026-10-05 10:42:10 | INFO     | Saving at a/skeb/mxwux-de7134.json
2026-10-05 10:42:11 | INFO     | OK https://skeb.jp/api/users/horisso
2026-10-05 10:42:11 | INFO     | Saving at a/skeb/horisso-537fa3.json
2026-10-05 10:42:12 | INFO     | OK https://skeb.jp/api/users/oh_nana72
2026-10-05 10:42:12 | INFO     | Saving at a/skeb/oh_nana72-0632ee.json
2026-10-05 10:42:13 | INFO     | OK https://skeb.jp/api/users/UooU_mjk
2026-10-05 10:42:13 | INFO     | Saving at a/skeb/UooU_mjk-fdfb57.json
2026-10-05 10:42:14 | INFO     | OK https://skeb.jp/api/users/FTV8DyR21255437
2026-10-05 10:42:14 | INFO     | Saving at a/skeb/FTV8DyR21255437-28d598.json
2026-10-05 10:42:15 | INFO     | OK https://skeb.jp/api/users/hoshiotabe
2026-10-05 10:42:15 | INFO     | Saving at a/skeb/hoshiotabe-4ff941.json
2026-10-05 10:42:16 | INFO     | OK https://skeb.jp/api/users/Iu3xwo
2026-10-05 10:42:16 | INFO     | Saving at a/skeb/Iu3xwo-84dd03.json
2026-10-05 10:42:17 | INFO     | OK https://skeb.jp/api/users/mare_ma_
2026-10-05 10:42:17 | INFO     | Saving at a/skeb/mare_ma_-cec4c2.json
2026-10-05 10:42:18 | INFO     | OK https://skeb.jp/api/users/KingBeans765
2026-10-05 10:42:18 | INFO     | Saving at a/skeb/KingBeans765-2c5fc6.json
2026-10-05 10:42:19 | INFO     | OK https://skeb.jp/api/users/seimeini_kansha
2026-10-05 10:42:19 | INFO     | Saving at a/skeb/seimeini_kansha-0bfc2d.json
2026-10-05 10:42:20 | INFO     | OK https://skeb.jp/api/users/pomi_mo
2026-10-05 10:42:20 | INFO     | Saving at a/skeb/pomi_mo-f60fe0.json
2026-10-05 10:42:21 | INFO     | OK https://skeb.jp/api/users/yama_ym0000
2026-10-05 10:42:21 | INFO     | Saving at a/skeb/yama_ym0000-fbb6bc.json
2026-10-05 10:42:22 | INFO     | OK https://skeb.jp/api/users/shizim4_2
2026-10-05 10:42:22 | INFO     | Saving at a/skeb/shizim4_2-8e795b.json
2026-10-05 10:42:23 | INFO     | OK https://skeb.jp/api/users/iyashigorira12
2026-10-05 10:42:23 | INFO     | Saving at a/skeb/iyashigorira12-c40c1e.json
2026-10-05 10:42:24 | INFO     | OK https://skeb.jp/api/users/aireverte
2026-10-05 10:42:24 | INFO     | Saving at a/skeb/aireverte-0d748a.json
2026-10-05 10:42:25 | INFO     | OK https://skeb.jp/api/users/toba_ww
2026-10-05 10:42:25 | INFO     | Saving at a/skeb/toba_ww-067add.json
2026-10-05 10:42:26 | INFO     | OK https://skeb.jp/api/users/_amulette
2026-10-05 10:42:26 | INFO     | Saving at a/skeb/_amulette-6b705d.json
2026-10-05 10:42:27 | INFO     | OK https://skeb.jp/api/users/isao_imhnk
2026-10-05 10:42:27 | INFO     | Saving at a/skeb/isao_imhnk-5fc3ba.json
2026-10-05 10:42:28 | INFO     | OK https://skeb.jp/api/users/08_sakq
2026-10-05 10:42:28 | INFO     | Saving at a/skeb/08_sakq-3e430c.json
2026-10-05 10:42:29 | INFO     | OK https://skeb.jp/api/users/gon_gon_algon
2026-10-05 10:42:29 | INFO     | Saving at a/skeb/gon_gon_algon-117122.json
2026-10-05 10:42:30 | INFO     | OK https://skeb.jp/api/users/Kazaputi
2026-10-05 10:42:30 | INFO     | Saving at a/skeb/Kazaputi-a87315.json
2026-10-05 10:42:31 | INFO     | OK https://skeb.jp/api/users/sisisinosisi
2026-10-05 10:42:31 | INFO     | Saving at a/skeb/sisisinosisi-23ea9b.json
2026-10-05 10:42:32 | INFO     | OK https://skeb.jp/api/users/zyunisi_eto
2026-10-05 10:42:32 | INFO     | Saving at a/skeb/zyunisi_eto-477f84.json
2026-10-05 10:42:33 | INFO     | OK https://skeb.jp/api/users/MZ___mz_
2026-10-05 10:42:33 | INFO     | Saving at a/skeb/MZ___mz_-fadc8e.json
2026-10-05 10:42:34 | INFO     | OK https://skeb.jp/api/users/ipKCTE5B0HtjNEd
2026-10-05 10:42:34 | INFO     | Saving at a/skeb/ipKCTE5B0HtjNEd-67a9d4.json
2026-10-05 10:42:35 | INFO     | OK https://skeb.jp/api/users/sae_naiyatsu
2026-10-05 10:42:35 | INFO     | Saving at a/skeb/sae_naiyatsu-d203b0.json
2026-10-05 10:42:36 | INFO     | OK https://skeb.jp/api/users/uizaosub
2026-10-05 10:42:36 | INFO     | Saving at a/skeb/uizaosub-03b33c.json
2026-10-05 10:42:37 | INFO     | OK https://skeb.jp/api/users/hiraruka06
2026-10-05 10:42:37 | INFO     | Saving at a/skeb/hiraruka06-c1d687.json
2026-10-05 10:42:38 | INFO     | OK https://skeb.jp/api/users/shiraai_ruele
2026-10-05 10:42:38 | INFO     | Saving at a/skeb/shiraai_ruele-f005e2.json
2026-10-05 10:42:39 | INFO     | OK https://skeb.jp/api/users/31_happy_
2026-10-05 10:42:39 | INFO     | Saving at a/skeb/31_happy_-46ad5b.json
2026-10-05 10:42:40 | INFO     | OK https://skeb.jp/api/users/yamagaras
2026-10-05 10:42:40 | INFO     | Saving at a/skeb/yamagaras-3fee14.json
2026-10-05 10:42:41 | INFO     | OK https://skeb.jp/api/users/Assen_528
2026-10-05 10:42:41 | INFO     | Saving at a/skeb/Assen_528-2df496.json
2026-10-05 10:42:42 | INFO     | OK https://skeb.jp/api/users/yoneco_art
2026-10-05 10:42:42 | INFO     | Saving at a/skeb/yoneco_art-0bd678.json
2026-10-05 10:42:43 | INFO     | OK https://skeb.jp/api/users/pmpmmochi
2026-10-05 10:42:43 | INFO     | Saving at a/skeb/pmpmmochi-948540.json
2026-10-05 10:42:44 | INFO     | OK https://skeb.jp/api/users/fre_ssssss
2026-10-05 10:42:44 | INFO     | Saving at a/skeb/fre_ssssss-72a743.json
2026-10-05 10:42:45 | INFO     | OK https://skeb.jp/api/users/nkmr_max
2026-10-05 10:42:45 | INFO     | Saving at a/skeb/nkmr_max-f15de4.json
2026-10-05 10:42:46 | INFO     | OK https://skeb.jp/api/users/creativecabinet
2026-10-05 10:42:46 | INFO     | Saving at a/skeb/creativecabinet-9daa14.json
2026-10-05 10:42:47 | INFO     | OK https://skeb.jp/api/users/_h_shio
2026-10-05 10:42:47 | INFO     | Saving at a/skeb/_h_shio-e1a6bd.json
2026-10-05 10:42:48 | INFO     | OK https://skeb.jp/api/users/stnc5511
2026-10-05 10:42:48 | INFO     | Saving at a/skeb/stnc5511-a2a339.json
2026-10-05 10:42:49 | INFO     | OK https://skeb.jp/api/users/chronoisub2136
2026-10-05 10:42:49 | INFO     | Saving at a/skeb/chronoisub2136-20bfdf.json
2026-10-05 10:42:50 | INFO     | OK https://skeb.jp/api/users/anm_2_2
2026-10-05 10:42:50 | INFO     | Saving at a/skeb/anm_2_2-bf808b.json
2026-10-05 10:42:51 | INFO     | OK https://skeb.jp/api/users/natuomitakahashi
2026-10-05 10:42:51 | INFO     | Saving at a/skeb/natuomitakahashi-76432b.json
2026-10-05 10:42:52 | INFO     | OK https://skeb.jp/api/users/hogara_18
2026-10-05 10:42:52 | INFO     | Saving at a/skeb/hogara_18-398c4b.json
2026-10-05 10:42:53 | INFO     | OK https://skeb.jp/api/users/hitoribunko100
2026-10-05 10:42:53 | INFO     | Saving at a/skeb/hitoribunko100-265c37.json
2026-10-05 10:42:54 | INFO     | OK https://skeb.jp/api/users/Marisa_trpg
2026-10-05 10:42:54 | INFO     | Saving at a/skeb/Marisa_trpg-651aba.json
2026-10-05 10:42:55 | INFO     | OK https://skeb.jp/api/users/moz9_shinonome
2026-10-05 10:42:55 | INFO     | Saving at a/skeb/moz9_shinonome-112175.json
2026-10-05 10:42:56 | INFO     | OK https://skeb.jp/api/users/M0U10lV
2026-10-05 10:42:56 | INFO     | Saving at a/skeb/M0U10lV-bf2410.json
2026-10-05 10:42:57 | INFO     | OK https://skeb.jp/api/users/ojyama_djg
2026-10-05 10:42:57 | INFO     | Saving at a/skeb/ojyama_djg-a6152a.json
2026-10-05 10:42:58 | INFO     | OK https://skeb.jp/api/users/10ma4gi
2026-10-05 10:42:58 | INFO     | Saving at a/skeb/10ma4gi-e5b596.json
2026-10-05 10:42:59 | INFO     | OK https://skeb.jp/api/users/catame_FZ
2026-10-05 10:42:59 | INFO     | Saving at a/skeb/catame_FZ-187cbc.json
2026-10-05 10:43:00 | INFO     | OK https://skeb.jp/api/users/goodnight_34
2026-10-05 10:43:00 | INFO     | Saving at a/skeb/goodnight_34-636143.json
2026-10-05 10:43:01 | INFO     | OK https://skeb.jp/api/users/Sabu_82
2026-10-05 10:43:01 | INFO     | Saving at a/skeb/Sabu_82-7b043c.json
2026-10-05 10:43:02 | INFO     | OK https://skeb.jp/api/users/monet_1104
2026-10-05 10:43:02 | INFO     | Saving at a/skeb/monet_1104-b96f22.json
2026-10-05 10:43:03 | INFO     | OK https://skeb.jp/api/users/cute_kyuto_
2026-10-05 10:43:03 | INFO     | Saving at a/skeb/cute_kyuto_-a06d56.json
2026-10-05 10:43:04 | INFO     | OK https://skeb.jp/api/users/Baronilu_02
2026-10-05 10:43:04 | INFO     | Saving at a/skeb/Baronilu_02-dce251.json
2026-10-05 10:43:05 | INFO     | OK https://skeb.jp/api/users/4bD3zwdELJMdncF
2026-10-05 10:43:05 | INFO     | Saving at a/skeb/4bD3zwdELJMdncF-90c761.json
2026-10-05 10:43:06 | INFO     | OK https://skeb.jp/api/users/chuhaibane
2026-10-05 10:43:06 | INFO     | Saving at a/skeb/chuhaibane-27db88.json
2026-10-05 10:43:07 | INFO     | OK https://skeb.jp/api/users/go_e_0000
2026-10-05 10:43:07 | INFO     | Saving at a/skeb/go_e_0000-36d826.json
2026-10-05 10:43:08 | INFO     | OK https://skeb.jp/api/users/arusukokutiyou
2026-10-05 10:43:08 | INFO     | Saving at a/skeb/arusukokutiyou-edc9e5.json
2026-10-05 10:43:09 | INFO     | OK https://skeb.jp/api/users/rkgktomato
2026-10-05 10:43:09 | INFO     | Saving at a/skeb/rkgktomato-2975f2.json
2026-10-05 10:43:10 | INFO     | OK https://skeb.jp/api/users/utatanepagu
2026-10-05 10:43:10 | INFO     | Saving at a/skeb/utatanepagu-752c66.json
2026-10-05 10:43:11 | INFO     | OK https://skeb.jp/api/users/hosi_huru_yoru2
2026-10-05 10:43:11 | INFO     | Saving at a/skeb/hosi_huru_yoru2-4fc05d.json
2026-10-05 10:43:12 | INFO     | OK https://skeb.jp/api/users/itadakimasu_06
2026-10-05 10:43:12 | INFO     | Saving at a/skeb/itadakimasu_06-96d82b.json
2026-10-05 10:43:13 | INFO     | OK https://skeb.jp/api/users/nomeoir
2026-10-05 10:43:13 | INFO     | Saving at a/skeb/nomeoir-71709e.json
2026-10-05 10:43:14 | INFO     | OK https://skeb.jp/api/users/shiro_neko_ban
2026-10-05 10:43:14 | INFO     | Saving at a/skeb/shiro_neko_ban-378cbf.json
2026-10-05 10:43:15 | INFO     | OK https://skeb.jp/api/users/67MVg2h12CzCUAD
2026-10-05 10:43:15 | INFO     | Saving at a/skeb/67MVg2h12CzCUAD-2b90a8.json
2026-10-05 10:43:16 | INFO     | OK https://skeb.jp/api/users/akakiyo62
2026-10-05 10:43:16 | INFO     | Saving at a/skeb/akakiyo62-dc3b87.json
2026-10-05 10:43:17 | INFO     | OK https://skeb.jp/api/users/kiichan_kikki
2026-10-05 10:43:17 | INFO     | Saving at a/skeb/kiichan_kikki-b52f19.json
2026-10-05 10:43:18 | INFO     | OK https://skeb.jp/api/users/k_ayamo
2026-10-05 10:43:18 | INFO     | Saving at a/skeb/k_ayamo-03809e.json
2026-10-05 10:43:19 | INFO     | OK https://skeb.jp/api/users/Y_9_re_ad9696
2026-10-05 10:43:19 | INFO     | Saving at a/skeb/Y_9_re_ad9696-912956.json
2026-10-05 10:43:20 | INFO     | OK https://skeb.jp/api/users/Amhyk_
2026-10-05 10:43:20 | INFO     | Saving at a/skeb/Amhyk_-9a8be5.json
2026-10-05 10:43:21 | INFO     | OK https://skeb.jp/api/users/zh_0w
2026-10-05 10:43:21 | INFO     | Saving at a/skeb/zh_0w-4a823b.json
2026-10-05 10:43:22 | INFO     | OK https://skeb.jp/api/users/munemotocom
2026-10-05 10:43:22 | INFO     | Saving at a/skeb/munemotocom-3b4397.json
2026-10-05 10:43:23 | INFO     | OK https://skeb.jp/api/users/dobunomeme
2026-10-05 10:43:23 | INFO     | Saving at a/skeb/dobunomeme-f4b34c.json
2026-10-05 10:43:24 | INFO     | OK https://skeb.jp/api/users/ewiuu_
2026-10-05 10:43:24 | INFO     | Saving at a/skeb/ewiuu_-0132c6.json
2026-10-05 10:43:25 | INFO     | OK https://skeb.jp/api/users/marittiP
2026-10-05 10:43:25 | INFO     | Saving at a/skeb/marittiP-3cb7cc.json
2026-10-05 10:43:26 | INFO     | OK https://skeb.jp/api/users/magarettotuna
2026-10-05 10:43:26 | INFO     | Saving at a/skeb/magarettotuna-a70069.json
2026-10-05 10:43:27 | INFO     | OK https://skeb.jp/api/users/Aketoge0
2026-10-05 10:43:27 | INFO     | Saving at a/skeb/Aketoge0-5eedf5.json
2026-10-05 10:43:28 | INFO     | OK https://skeb.jp/api/users/ayrt_kayri
2026-10-05 10:43:28 | INFO     | Saving at a/skeb/ayrt_kayri-0302ba.json
2026-10-05 10:43:29 | INFO     | OK https://skeb.jp/api/users/3844Yosi
2026-10-05 10:43:29 | INFO     | Saving at a/skeb/3844Yosi-c61d21.json
2026-10-05 10:43:30 | INFO     | OK https://skeb.jp/api/users/kinkan8cc
2026-10-05 10:43:30 | INFO     | Saving at a/skeb/kinkan8cc-820803.json
2026-10-05 10:43:31 | INFO     | OK https://skeb.jp/api/users/uca_tw
2026-10-05 10:43:31 | INFO     | Saving at a/skeb/uca_tw-80aba9.json
2026-10-05 10:43:32 | INFO     | OK https://skeb.jp/api/users/7raku7
2026-10-05 10:43:32 | INFO     | Saving at a/skeb/7raku7-028b5c.json
2026-10-05 10:43:33 | INFO     | OK https://skeb.jp/api/users/PoruporuR18
2026-10-05 10:43:33 | INFO     | Saving at a/skeb/PoruporuR18-d68854.json
2026-10-05 10:43:34 | INFO     | OK https://skeb.jp/api/users/onakinnkamesan
2026-10-05 10:43:34 | INFO     | Saving at a/skeb/onakinnkamesan-ca75e4.json
2026-10-05 10:43:35 | INFO     | OK https://skeb.jp/api/users/p4w1w9iLES17913
2026-10-05 10:43:35 | INFO     | Saving at a/skeb/p4w1w9iLES17913-8b71c5.json
2026-10-05 10:43:36 | INFO     | OK https://skeb.jp/api/users/harusamsrd
2026-10-05 10:43:36 | INFO     | Saving at a/skeb/harusamsrd-8f231f.json
2026-10-05 10:43:37 | INFO     | OK https://skeb.jp/api/users/moon_mg328
2026-10-05 10:43:37 | INFO     | Saving at a/skeb/moon_mg328-71b721.json
2026-10-05 10:43:38 | INFO     | OK https://skeb.jp/api/users/Remon_Cola
2026-10-05 10:43:38 | INFO     | Saving at a/skeb/Remon_Cola-bfae11.json
2026-10-05 10:43:39 | INFO     | OK https://skeb.jp/api/users/hothot_chicken
2026-10-05 10:43:39 | INFO     | Saving at a/skeb/hothot_chicken-5796e6.json
2026-10-05 10:43:40 | INFO     | OK https://skeb.jp/api/users/kanikon_01
2026-10-05 10:43:40 | INFO     | Saving at a/skeb/kanikon_01-79daf6.json
2026-10-05 10:43:41 | INFO     | OK https://skeb.jp/api/users/siiku_ro
2026-10-05 10:43:41 | INFO     | Saving at a/skeb/siiku_ro-b28ecb.json
2026-10-05 10:43:42 | INFO     | OK https://skeb.jp/api/users/skzk_CM
2026-10-05 10:43:42 | INFO     | Saving at a/skeb/skzk_CM-c0a876.json
2026-10-05 10:43:43 | INFO     | OK https://skeb.jp/api/users/9302w
2026-10-05 10:43:43 | INFO     | Saving at a/skeb/9302w-5338ff.json
2026-10-05 10:43:44 | INFO     | OK https://skeb.jp/api/users/oisimatya
2026-10-05 10:43:44 | INFO     | Saving at a/skeb/oisimatya-bc5528.json
2026-10-05 10:43:45 | INFO     | OK https://skeb.jp/api/users/richi0402nn
2026-10-05 10:43:45 | INFO     | Saving at a/skeb/richi0402nn-30a2c4.json
2026-10-05 10:43:46 | INFO     | OK https://skeb.jp/api/users/suteetsu
2026-10-05 10:43:46 | INFO     | Saving at a/skeb/suteetsu-440491.json
2026-10-05 10:43:47 | INFO     | OK https://skeb.jp/api/users/haraguromeziro
2026-10-05 10:43:47 | INFO     | Saving at a/skeb/haraguromeziro-ad11c4.json
2026-10-05 10:43:48 | INFO     | OK https://skeb.jp/api/users/mitarashi_neko
2026-10-05 10:43:48 | INFO     | Saving at a/skeb/mitarashi_neko-2ce353.json
2026-10-05 10:43:49 | INFO     | OK https://skeb.jp/api/users/katakoto_tktk
2026-10-05 10:43:49 | INFO     | Saving at a/skeb/katakoto_tktk-517abb.json
2026-10-05 10:43:50 | INFO     | OK https://skeb.jp/api/users/0recimon
2026-10-05 10:43:50 | INFO     | Saving at a/skeb/0recimon-41bf05.json
2026-10-05 10:43:51 | INFO     | OK https://skeb.jp/api/users/Daikikin
2026-10-05 10:43:51 | INFO     | Saving at a/skeb/Daikikin-79019b.json
2026-10-05 10:43:52 | INFO     | OK https://skeb.jp/api/users/Tiromi_nana7
2026-10-05 10:43:52 | INFO     | Saving at a/skeb/Tiromi_nana7-d803d4.json
2026-10-05 10:43:53 | INFO     | OK https://skeb.jp/api/users/T49332592
2026-10-05 10:43:53 | INFO     | Saving at a/skeb/T49332592-fbda37.json
2026-10-05 10:43:54 | INFO     | OK https://skeb.jp/api/users/tono2ji
2026-10-05 10:43:54 | INFO     | Saving at a/skeb/tono2ji-7b601a.json
2026-10-05 10:43:55 | INFO     | OK https://skeb.jp/api/users/7qDappi_zizii
2026-10-05 10:43:55 | INFO     | Saving at a/skeb/7qDappi_zizii-866426.json
2026-10-05 10:43:56 | INFO     | OK https://skeb.jp/api/users/enuwosan
2026-10-05 10:43:56 | INFO     | Saving at a/skeb/enuwosan-bf9bca.json
2026-10-05 10:43:57 | INFO     | OK https://skeb.jp/api/users/takaso1zzq
2026-10-05 10:43:57 | INFO     | Saving at a/skeb/takaso1zzq-60493d.json
2026-10-05 10:43:58 | INFO     | OK https://skeb.jp/api/users/ptcreamint
2026-10-05 10:43:58 | INFO     | Saving at a/skeb/ptcreamint-dc3cab.json
2026-10-05 10:43:59 | INFO     | OK https://skeb.jp/api/users/akry176
2026-10-05 10:43:59 | INFO     | Saving at a/skeb/akry176-cfc55a.json
2026-10-05 10:44:00 | INFO     | OK https://skeb.jp/api/users/akarumisaka
2026-10-05 10:44:00 | INFO     | Saving at a/skeb/akarumisaka-dc25e6.json
2026-10-05 10:44:01 | INFO     | OK https://skeb.jp/api/users/8o9ux7
2026-10-05 10:44:01 | INFO     | Saving at a/skeb/8o9ux7-16e637.json
2026-10-05 10:44:02 | INFO     | OK https://skeb.jp/api/users/mu_005555
2026-10-05 10:44:02 | INFO     | Saving at a/skeb/mu_005555-86188e.json
2026-10-05 10:44:03 | INFO     | OK https://skeb.jp/api/users/Ku_03_g
2026-10-05 10:44:03 | INFO     | Saving at a/skeb/Ku_03_g-69fd25.json
2026-10-05 10:44:04 | INFO     | OK https://skeb.jp/api/users/suinashie
2026-10-05 10:44:04 | INFO     | Saving at a/skeb/suinashie-4eddd6.json
2026-10-05 10:44:05 | INFO     | OK https://skeb.jp/api/users/5yTaro
2026-10-05 10:44:05 | INFO     | Saving at a/skeb/5yTaro-e5b96f.json
2026-10-05 10:44:06 | INFO     | OK https://skeb.jp/api/users/michikusa_choco
2026-10-05 10:44:06 | INFO     | Saving at a/skeb/michikusa_choco-eab111.json
2026-10-05 10:44:07 | INFO     | OK https://skeb.jp/api/users/pompicochan
2026-10-05 10:44:07 | INFO     | Saving at a/skeb/pompicochan-b6054b.json
2026-10-05 10:44:08 | INFO     | OK https://skeb.jp/api/users/gari_mayo
2026-10-05 10:44:08 | INFO     | Saving at a/skeb/gari_mayo-32c3ae.json
2026-10-05 10:44:09 | INFO     | OK https://skeb.jp/api/users/yamirine_v
2026-10-05 10:44:09 | INFO     | Saving at a/skeb/yamirine_v-83a2f2.json
2026-10-05 10:44:10 | INFO     | OK https://skeb.jp/api/users/mo__n_T_T
2026-10-05 10:44:10 | INFO     | Saving at a/skeb/mo__n_T_T-490328.json
2026-10-05 10:44:11 | INFO     | OK https://skeb.jp/api/users/lolowv
2026-10-05 10:44:11 | INFO     | Saving at a/skeb/lolowv-c9f3be.json
2026-10-05 10:44:12 | INFO     | OK https://skeb.jp/api/users/TEokiba
2026-10-05 10:44:12 | INFO     | Saving at a/skeb/TEokiba-fd5052.json
2026-10-05 10:44:13 | INFO     | OK https://skeb.jp/api/users/2tomtm
2026-10-05 10:44:13 | INFO     | Saving at a/skeb/2tomtm-6376e2.json
2026-10-05 10:44:14 | INFO     | OK https://skeb.jp/api/users/iaia_58
2026-10-05 10:44:14 | INFO     | Saving at a/skeb/iaia_58-af355a.json
2026-10-05 10:44:15 | INFO     | OK https://skeb.jp/api/users/hime_x3x
2026-10-05 10:44:15 | INFO     | Saving at a/skeb/hime_x3x-f9db1a.json
2026-10-05 10:44:16 | INFO     | OK https://skeb.jp/api/users/notraidersin1
2026-10-05 10:44:16 | INFO     | Saving at a/skeb/notraidersin1-8ce8f9.json
2026-10-05 10:44:17 | INFO     | OK https://skeb.jp/api/users/yuyu29384756
2026-10-05 10:44:17 | INFO     | Saving at a/skeb/yuyu29384756-2b14dc.json
2026-10-05 10:44:18 | INFO     | OK https://skeb.jp/api/users/ganem_n
2026-10-05 10:44:18 | INFO     | Saving at a/skeb/ganem_n-96a28b.json
2026-10-05 10:44:19 | INFO     | OK https://skeb.jp/api/users/bonno_nekochan
2026-10-05 10:44:19 | INFO     | Saving at a/skeb/bonno_nekochan-12cdd1.json
2026-10-05 10:44:20 | INFO     | OK https://skeb.jp/api/users/ratan_0915
2026-10-05 10:44:20 | INFO     | Saving at a/skeb/ratan_0915-9d8a74.json
2026-10-05 10:44:21 | INFO     | OK https://skeb.jp/api/users/P0pokon
2026-10-05 10:44:21 | INFO     | Saving at a/skeb/P0pokon-71946f.json
2026-10-05 10:44:22 | INFO     | OK https://skeb.jp/api/users/watapome
2026-10-05 10:44:22 | INFO     | Saving at a/skeb/watapome-ad2128.json
2026-10-05 10:44:23 | INFO     | OK https://skeb.jp/api/users/NEK0_DESU_0709
2026-10-05 10:44:23 | INFO     | Saving at a/skeb/NEK0_DESU_0709-27972d.json
2026-10-05 10:44:24 | INFO     | OK https://skeb.jp/api/users/19lssn2
2026-10-05 10:44:24 | INFO     | Saving at a/skeb/19lssn2-f6cdc8.json
2026-10-05 10:44:25 | INFO     | OK https://skeb.jp/api/users/chibineco_m
2026-10-05 10:44:25 | INFO     | Saving at a/skeb/chibineco_m-b3e145.json
2026-10-05 10:44:26 | INFO     | OK https://skeb.jp/api/users/saimo_imoimo
2026-10-05 10:44:26 | INFO     | Saving at a/skeb/saimo_imoimo-4ab873.json
2026-10-05 10:44:27 | INFO     | OK https://skeb.jp/api/users/koala_illust
2026-10-05 10:44:27 | INFO     | Saving at a/skeb/koala_illust-9923a8.json
2026-10-05 10:44:28 | INFO     | OK https://skeb.jp/api/users/harufuyu_auc
2026-10-05 10:44:28 | INFO     | Saving at a/skeb/harufuyu_auc-f23a38.json
2026-10-05 10:44:29 | INFO     | OK https://skeb.jp/api/users/nimame629
2026-10-05 10:44:29 | INFO     | Saving at a/skeb/nimame629-9a6869.json
2026-10-05 10:44:30 | INFO     | OK https://skeb.jp/api/users/Negi_Pikumin130
2026-10-05 10:44:30 | INFO     | Saving at a/skeb/Negi_Pikumin130-028817.json
2026-10-05 10:44:31 | INFO     | OK https://skeb.jp/api/users/mayoineko0915
2026-10-05 10:44:31 | INFO     | Saving at a/skeb/mayoineko0915-0bece7.json
2026-10-05 10:44:32 | INFO     | OK https://skeb.jp/api/users/kOshO_88ez
2026-10-05 10:44:32 | INFO     | Saving at a/skeb/kOshO_88ez-9883cd.json
2026-10-05 10:44:33 | INFO     | OK https://skeb.jp/api/users/fujino114
2026-10-05 10:44:33 | INFO     | Saving at a/skeb/fujino114-2f2e93.json
2026-10-05 10:44:34 | INFO     | OK https://skeb.jp/api/users/crescent_D
2026-10-05 10:44:34 | INFO     | Saving at a/skeb/crescent_D-f289ef.json
2026-10-05 10:44:35 | INFO     | OK https://skeb.jp/api/users/HZ_Koro
2026-10-05 10:44:35 | INFO     | Saving at a/skeb/HZ_Koro-f4fa44.json
2026-10-05 10:44:36 | INFO     | OK https://skeb.jp/api/users/shionic_zm
2026-10-05 10:44:36 | INFO     | Saving at a/skeb/shionic_zm-bcb811.json
2026-10-05 10:44:37 | INFO     | OK https://skeb.jp/api/users/free_note017
2026-10-05 10:44:37 | INFO     | Saving at a/skeb/free_note017-1f2262.json
2026-10-05 10:44:38 | INFO     | OK https://skeb.jp/api/users/3dciom
2026-10-05 10:44:38 | INFO     | Saving at a/skeb/3dciom-c58aa0.json
2026-10-05 10:44:39 | INFO     | OK https://skeb.jp/api/users/MnRkgk
2026-10-05 10:44:39 | INFO     | Saving at a/skeb/MnRkgk-190696.json
2026-10-05 10:44:40 | INFO     | OK https://skeb.jp/api/users/ooohnk
2026-10-05 10:44:40 | INFO     | Saving at a/skeb/ooohnk-ccdd06.json
2026-10-05 10:44:41 | INFO     | OK https://skeb.jp/api/users/manzoku1pon
2026-10-05 10:44:41 | INFO     | Saving at a/skeb/manzoku1pon-b1af11.json
2026-10-05 10:44:42 | INFO     | OK https://skeb.jp/api/users/moc_chan_
2026-10-05 10:44:42 | INFO     | Saving at a/skeb/moc_chan_-cb574e.json
2026-10-05 10:44:43 | INFO     | OK https://skeb.jp/api/users/Ponlichar00
2026-10-05 10:44:43 | INFO     | Saving at a/skeb/Ponlichar00-b6482c.json
2026-10-05 10:44:44 | INFO     | OK https://skeb.jp/api/users/Gokusei_
2026-10-05 10:44:44 | INFO     | Saving at a/skeb/Gokusei_-79c5f2.json
2026-10-05 10:44:45 | INFO     | OK https://skeb.jp/api/users/isumilovecuss
2026-10-05 10:44:45 | INFO     | Saving at a/skeb/isumilovecuss-4cdf2b.json
2026-10-05 10:44:46 | INFO     | OK https://skeb.jp/api/users/Toge02
2026-10-05 10:44:46 | INFO     | Saving at a/skeb/Toge02-b3465e.json
2026-10-05 10:44:47 | INFO     | OK https://skeb.jp/api/users/KA_009
2026-10-05 10:44:47 | INFO     | Saving at a/skeb/KA_009-8cb2a4.json
2026-10-05 10:44:48 | INFO     | OK https://skeb.jp/api/users/refu_q
2026-10-05 10:44:48 | INFO     | Saving at a/skeb/refu_q-31c6c2.json
2026-10-05 10:44:49 | INFO     | OK https://skeb.jp/api/users/aji648831161341
2026-10-05 10:44:49 | INFO     | Saving at a/skeb/aji648831161341-b0d676.json
2026-10-05 10:44:50 | INFO     | OK https://skeb.jp/api/users/angelusw186400
2026-10-05 10:44:50 | INFO     | Saving at a/skeb/angelusw186400-4de5b7.json
2026-10-05 10:44:51 | INFO     | OK https://skeb.jp/api/users/mohu_4783
2026-10-05 10:44:51 | INFO     | Saving at a/skeb/mohu_4783-cf8b95.json
2026-10-05 10:44:52 | INFO     | OK https://skeb.jp/api/users/BJk3YEh1ZHyWgnD
2026-10-05 10:44:52 | INFO     | Saving at a/skeb/BJk3YEh1ZHyWgnD-931fe1.json
2026-10-05 10:44:53 | INFO     | OK https://skeb.jp/api/users/motenaikitakami
2026-10-05 10:44:53 | INFO     | Saving at a/skeb/motenaikitakami-93b0b2.json
2026-10-05 10:44:54 | INFO     | OK https://skeb.jp/api/users/ohitoriplayer
2026-10-05 10:44:54 | INFO     | Saving at a/skeb/ohitoriplayer-63b8c7.json
2026-10-05 10:44:55 | INFO     | OK https://skeb.jp/api/users/sunibyi
2026-10-05 10:44:55 | INFO     | Saving at a/skeb/sunibyi-ba034d.json
2026-10-05 10:44:56 | INFO     | OK https://skeb.jp/api/users/doatobira
2026-10-05 10:44:56 | INFO     | Saving at a/skeb/doatobira-2169d1.json
2026-10-05 10:44:57 | INFO     | OK https://skeb.jp/api/users/_akankankan119
2026-10-05 10:44:57 | INFO     | Saving at a/skeb/_akankankan119-d4529b.json
2026-10-05 10:44:58 | INFO     | OK https://skeb.jp/api/users/Nugutt0
2026-10-05 10:44:58 | INFO     | Saving at a/skeb/Nugutt0-2d5f56.json
2026-10-05 10:44:59 | INFO     | OK https://skeb.jp/api/users/sskbsk_
2026-10-05 10:44:59 | INFO     | Saving at a/skeb/sskbsk_-28d1fa.json
2026-10-05 10:45:00 | INFO     | OK https://skeb.jp/api/users/mettaflix
2026-10-05 10:45:00 | INFO     | Saving at a/skeb/mettaflix-d4d9f7.json
2026-10-05 10:45:01 | INFO     | OK https://skeb.jp/api/users/ringo_fuwafuwa2
2026-10-05 10:45:01 | INFO     | Saving at a/skeb/ringo_fuwafuwa2-dd01a3.json
2026-10-05 10:45:02 | INFO     | OK https://skeb.jp/api/users/Puku_Choco
2026-10-05 10:45:02 | INFO     | Saving at a/skeb/Puku_Choco-c5eaf3.json
2026-10-05 10:45:03 | INFO     | OK https://skeb.jp/api/users/A101RU
2026-10-05 10:45:03 | INFO     | Saving at a/skeb/A101RU-ddf0ce.json
2026-10-05 10:45:04 | INFO     | OK https://skeb.jp/api/users/ushichansama
2026-10-05 10:45:04 | INFO     | Saving at a/skeb/ushichansama-f23324.json
2026-10-05 10:45:05 | INFO     | OK https://skeb.jp/api/users/tsukiyomi_ui
2026-10-05 10:45:05 | INFO     | Saving at a/skeb/tsukiyomi_ui-9db3b2.json
2026-10-05 10:45:06 | INFO     | OK https://skeb.jp/api/users/rinami456
2026-10-05 10:45:06 | INFO     | Saving at a/skeb/rinami456-e212e4.json
2026-10-05 10:45:07 | INFO     | OK https://skeb.jp/api/users/dunchy1997
2026-10-05 10:45:07 | INFO     | Saving at a/skeb/dunchy1997-913bac.json
2026-10-05 10:45:08 | INFO     | OK https://skeb.jp/api/users/natusitagemu
2026-10-05 10:45:08 | INFO     | Saving at a/skeb/natusitagemu-2791d4.json
2026-10-05 10:45:09 | INFO     | OK https://skeb.jp/api/users/_junzy
2026-10-05 10:45:09 | INFO     | Saving at a/skeb/_junzy-1c0ae5.json
2026-10-05 10:45:10 | INFO     | OK https://skeb.jp/api/users/pote___000
2026-10-05 10:45:10 | INFO     | Saving at a/skeb/pote___000-82fdd1.json
2026-10-05 10:45:11 | INFO     | OK https://skeb.jp/api/users/suyosuyo
2026-10-05 10:45:11 | INFO     | Saving at a/skeb/suyosuyo-03eff5.json
2026-10-05 10:45:12 | INFO     | OK https://skeb.jp/api/users/hiyasaka001
2026-10-05 10:45:12 | INFO     | Saving at a/skeb/hiyasaka001-bae595.json
2026-10-05 10:45:13 | INFO     | OK https://skeb.jp/api/users/Naim0n0nedari_
2026-10-05 10:45:13 | INFO     | Saving at a/skeb/Naim0n0nedari_-9e7636.json
2026-10-05 10:45:14 | INFO     | OK https://skeb.jp/api/users/nugoronnnu
2026-10-05 10:45:14 | INFO     | Saving at a/skeb/nugoronnnu-575ef7.json
2026-10-05 10:45:15 | INFO     | OK https://skeb.jp/api/users/ri_hisaka
2026-10-05 10:45:15 | INFO     | Saving at a/skeb/ri_hisaka-2dc094.json
2026-10-05 10:45:16 | INFO     | OK https://skeb.jp/api/users/HirusakiTique
2026-10-05 10:45:16 | INFO     | Saving at a/skeb/HirusakiTique-dfa53b.json
2026-10-05 10:45:17 | INFO     | OK https://skeb.jp/api/users/LaCeys_ES
2026-10-05 10:45:17 | INFO     | Saving at a/skeb/LaCeys_ES-07a00e.json
2026-10-05 10:45:18 | INFO     | OK https://skeb.jp/api/users/moc_440
2026-10-05 10:45:18 | INFO     | Saving at a/skeb/moc_440-686a2b.json
2026-10-05 10:45:19 | INFO     | OK https://skeb.jp/api/users/mwtm_s
2026-10-05 10:45:19 | INFO     | Saving at a/skeb/mwtm_s-e43ad3.json
2026-10-05 10:45:20 | INFO     | OK https://skeb.jp/api/users/hinomiya1031
2026-10-05 10:45:20 | INFO     | Saving at a/skeb/hinomiya1031-ce3898.json
2026-10-05 10:45:21 | INFO     | OK https://skeb.jp/api/users/voiro_nakatomi
2026-10-05 10:45:21 | INFO     | Saving at a/skeb/voiro_nakatomi-880baa.json
2026-10-05 10:45:22 | INFO     | OK https://skeb.jp/api/users/cocoa_11vv
2026-10-05 10:45:22 | INFO     | Saving at a/skeb/cocoa_11vv-8ced58.json
2026-10-05 10:45:23 | INFO     | OK https://skeb.jp/api/users/hamu_7029
2026-10-05 10:45:23 | INFO     | Saving at a/skeb/hamu_7029-7169bf.json
2026-10-05 10:45:24 | INFO     | OK https://skeb.jp/api/users/TMmouroubakkoTV
2026-10-05 10:45:24 | INFO     | Saving at a/skeb/TMmouroubakkoTV-65552e.json
2026-10-05 10:45:25 | INFO     | OK https://skeb.jp/api/users/_Dream_from
2026-10-05 10:45:25 | INFO     | Saving at a/skeb/_Dream_from-bb1462.json
2026-10-05 10:45:26 | INFO     | OK https://skeb.jp/api/users/BookshelfofIris
2026-10-05 10:45:26 | INFO     | Saving at a/skeb/BookshelfofIris-aae106.json
2026-10-05 10:45:27 | INFO     | OK https://skeb.jp/api/users/kikuri_yachi
2026-10-05 10:45:27 | INFO     | Saving at a/skeb/kikuri_yachi-357a74.json
2026-10-05 10:45:28 | INFO     | OK https://skeb.jp/api/users/s3cr
2026-10-05 10:45:28 | INFO     | Saving at a/skeb/s3cr-67185e.json
2026-10-05 10:45:29 | INFO     | OK https://skeb.jp/api/users/Midori_annte23
2026-10-05 10:45:29 | INFO     | Saving at a/skeb/Midori_annte23-803999.json
2026-10-05 10:45:30 | INFO     | OK https://skeb.jp/api/users/suzuno3110
2026-10-05 10:45:30 | INFO     | Saving at a/skeb/suzuno3110-1059df.json
2026-10-05 10:45:31 | INFO     | OK https://skeb.jp/api/users/SCKnoYT
2026-10-05 10:45:31 | INFO     | Saving at a/skeb/SCKnoYT-bfecbb.json
2026-10-05 10:45:32 | INFO     | OK https://skeb.jp/api/users/Taiji___0
2026-10-05 10:45:32 | INFO     | Saving at a/skeb/Taiji___0-f454dd.json
2026-10-05 10:45:33 | INFO     | OK https://skeb.jp/api/users/hikarinoILST
2026-10-05 10:45:33 | INFO     | Saving at a/skeb/hikarinoILST-9ac228.json
2026-10-05 10:45:34 | INFO     | OK https://skeb.jp/api/users/kanta_5904
2026-10-05 10:45:34 | INFO     | Saving at a/skeb/kanta_5904-a1bea3.json
2026-10-05 10:45:35 | INFO     | OK https://skeb.jp/api/users/mogurutto
2026-10-05 10:45:35 | INFO     | Saving at a/skeb/mogurutto-fc451d.json
2026-10-05 10:45:36 | INFO     | OK https://skeb.jp/api/users/dekainiku_dooon
2026-10-05 10:45:36 | INFO     | Saving at a/skeb/dekainiku_dooon-ebf030.json
2026-10-05 10:45:37 | INFO     | OK https://skeb.jp/api/users/rira_kusu
2026-10-05 10:45:37 | INFO     | Saving at a/skeb/rira_kusu-dd467a.json
2026-10-05 10:45:38 | INFO     | OK https://skeb.jp/api/users/kamemaru91
2026-10-05 10:45:38 | INFO     | Saving at a/skeb/kamemaru91-12b5b2.json
2026-10-05 10:45:39 | INFO     | OK https://skeb.jp/api/users/kimino_pochi_
2026-10-05 10:45:39 | INFO     | Saving at a/skeb/kimino_pochi_-ad9775.json
2026-10-05 10:45:40 | INFO     | OK https://skeb.jp/api/users/syasy_samgr15
2026-10-05 10:45:40 | INFO     | Saving at a/skeb/syasy_samgr15-a93796.json
2026-10-05 10:45:41 | INFO     | OK https://skeb.jp/api/users/motico3_
2026-10-05 10:45:41 | INFO     | Saving at a/skeb/motico3_-36b5ad.json
2026-10-05 10:45:42 | INFO     | OK https://skeb.jp/api/users/heilufuy2
2026-10-05 10:45:42 | INFO     | Saving at a/skeb/heilufuy2-932462.json
2026-10-05 10:45:43 | INFO     | OK https://skeb.jp/api/users/kurokuroku
2026-10-05 10:45:43 | INFO     | Saving at a/skeb/kurokuroku-f0f225.json
2026-10-05 10:45:44 | INFO     | OK https://skeb.jp/api/users/genek
2026-10-05 10:45:44 | INFO     | Saving at a/skeb/genek-29b73c.json
2026-10-05 10:45:45 | INFO     | OK https://skeb.jp/api/users/hokkoinu
2026-10-05 10:45:45 | INFO     | Saving at a/skeb/hokkoinu-2e5ad7.json
2026-10-05 10:45:46 | INFO     | OK https://skeb.jp/api/users/ankz_chang
2026-10-05 10:45:46 | INFO     | Saving at a/skeb/ankz_chang-755f3b.json
2026-10-05 10:45:47 | INFO     | OK https://skeb.jp/api/users/rony_zzz_9
2026-10-05 10:45:47 | INFO     | Saving at a/skeb/rony_zzz_9-81304e.json
2026-10-05 10:45:48 | INFO     | OK https://skeb.jp/api/users/yachishi_orca
2026-10-05 10:45:48 | INFO     | Saving at a/skeb/yachishi_orca-dc9e4c.json
2026-10-05 10:45:49 | INFO     | OK https://skeb.jp/api/users/mimizzz
2026-10-05 10:45:49 | INFO     | Saving at a/skeb/mimizzz-e4dbc3.json
2026-10-05 10:45:50 | INFO     | OK https://skeb.jp/api/users/AskaTakuya
2026-10-05 10:45:50 | INFO     | Saving at a/skeb/AskaTakuya-634e39.json
2026-10-05 10:45:51 | INFO     | OK https://skeb.jp/api/users/miyauti0914
2026-10-05 10:45:51 | INFO     | Saving at a/skeb/miyauti0914-dbab83.json
2026-10-05 10:45:52 | INFO     | OK https://skeb.jp/api/users/zz_unu_
2026-10-05 10:45:52 | INFO     | Saving at a/skeb/zz_unu_-9b5c15.json
2026-10-05 10:45:53 | INFO     | OK https://skeb.jp/api/users/mzroas
2026-10-05 10:45:53 | INFO     | Saving at a/skeb/mzroas-458b1f.json
2026-10-05 10:45:54 | INFO     | OK https://skeb.jp/api/users/OOmr_EX
2026-10-05 10:45:54 | INFO     | Saving at a/skeb/OOmr_EX-e4cf20.json
2026-10-05 10:45:55 | INFO     | OK https://skeb.jp/api/users/yuenineru
2026-10-05 10:45:55 | INFO     | Saving at a/skeb/yuenineru-e09e57.json
2026-10-05 10:45:56 | INFO     | OK https://skeb.jp/api/users/rectsxux
2026-10-05 10:45:56 | INFO     | Saving at a/skeb/rectsxux-134c17.json
2026-10-05 10:45:57 | INFO     | OK https://skeb.jp/api/users/KPGametarou
2026-10-05 10:45:57 | INFO     | Saving at a/skeb/KPGametarou-7e8ec0.json
2026-10-05 10:45:58 | INFO     | OK https://skeb.jp/api/users/hibiki_ouma
2026-10-05 10:45:58 | INFO     | Saving at a/skeb/hibiki_ouma-cf9f29.json
2026-10-05 10:45:59 | INFO     | OK https://skeb.jp/api/users/tsuruse852
2026-10-05 10:45:59 | INFO     | Saving at a/skeb/tsuruse852-bde34d.json
2026-10-05 10:46:00 | INFO     | OK https://skeb.jp/api/users/pororinchoi
2026-10-05 10:46:00 | INFO     | Saving at a/skeb/pororinchoi-b7986f.json
2026-10-05 10:46:01 | INFO     | OK https://skeb.jp/api/users/cnn6ms
2026-10-05 10:46:01 | INFO     | Saving at a/skeb/cnn6ms-6e9197.json
2026-10-05 10:46:02 | INFO     | OK https://skeb.jp/api/users/ariduka_jai
2026-10-05 10:46:02 | INFO     | Saving at a/skeb/ariduka_jai-881c16.json
2026-10-05 10:46:03 | INFO     | OK https://skeb.jp/api/users/87marumr
2026-10-05 10:46:03 | INFO     | Saving at a/skeb/87marumr-c923f4.json
2026-10-05 10:46:04 | INFO     | OK https://skeb.jp/api/users/melvi0_
2026-10-05 10:46:04 | INFO     | Saving at a/skeb/melvi0_-3912fe.json
2026-10-05 10:46:05 | INFO     | OK https://skeb.jp/api/users/ibara_380
2026-10-05 10:46:05 | INFO     | Saving at a/skeb/ibara_380-282541.json
2026-10-05 10:46:06 | INFO     | OK https://skeb.jp/api/users/teriosdolls
2026-10-05 10:46:06 | INFO     | Saving at a/skeb/teriosdolls-3414ad.json
2026-10-05 10:46:07 | INFO     | OK https://skeb.jp/api/users/pisceun
2026-10-05 10:46:07 | INFO     | Saving at a/skeb/pisceun-da56c1.json
2026-10-05 10:46:08 | INFO     | OK https://skeb.jp/api/users/Iyuru_kuroneko
2026-10-05 10:46:08 | INFO     | Saving at a/skeb/Iyuru_kuroneko-d77856.json
2026-10-05 10:46:09 | INFO     | OK https://skeb.jp/api/users/masecoc
2026-10-05 10:46:09 | INFO     | Saving at a/skeb/masecoc-4c1015.json
2026-10-05 10:46:10 | INFO     | OK https://skeb.jp/api/users/ano_ko
2026-10-05 10:46:10 | INFO     | Saving at a/skeb/ano_ko-205953.json
2026-10-05 10:46:11 | INFO     | OK https://skeb.jp/api/users/poinx2
2026-10-05 10:46:11 | INFO     | Saving at a/skeb/poinx2-387231.json
2026-10-05 10:46:12 | INFO     | OK https://skeb.jp/api/users/watoma_
2026-10-05 10:46:12 | INFO     | Saving at a/skeb/watoma_-135382.json
2026-10-05 10:46:13 | INFO     | OK https://skeb.jp/api/users/_NEOGORILLA
2026-10-05 10:46:13 | INFO     | Saving at a/skeb/_NEOGORILLA-363cf2.json
2026-10-05 10:46:14 | INFO     | OK https://skeb.jp/api/users/amiya_amitani
2026-10-05 10:46:14 | INFO     | Saving at a/skeb/amiya_amitani-cde4e7.json
2026-10-05 10:46:15 | INFO     | OK https://skeb.jp/api/users/_haruno_haru_
2026-10-05 10:46:15 | INFO     | Saving at a/skeb/_haruno_haru_-2de3fe.json
2026-10-05 10:46:16 | INFO     | OK https://skeb.jp/api/users/ARP_RPG
2026-10-05 10:46:16 | INFO     | Saving at a/skeb/ARP_RPG-1726de.json
2026-10-05 10:46:17 | INFO     | OK https://skeb.jp/api/users/Carsabotoon
2026-10-05 10:46:17 | INFO     | Saving at a/skeb/Carsabotoon-0db268.json
2026-10-05 10:46:18 | INFO     | OK https://skeb.jp/api/users/jimanonisan
2026-10-05 10:46:18 | INFO     | Saving at a/skeb/jimanonisan-5a4281.json
2026-10-05 10:46:19 | INFO     | OK https://skeb.jp/api/users/hi_gara
2026-10-05 10:46:19 | INFO     | Saving at a/skeb/hi_gara-e60891.json
2026-10-05 10:46:20 | INFO     | OK https://skeb.jp/api/users/Mei_9616
2026-10-05 10:46:20 | INFO     | Saving at a/skeb/Mei_9616-ae733d.json
2026-10-05 10:46:21 | INFO     | OK https://skeb.jp/api/users/tutimaru0730
2026-10-05 10:46:21 | INFO     | Saving at a/skeb/tutimaru0730-7a3428.json
2026-10-05 10:46:22 | INFO     | OK https://skeb.jp/api/users/roqI1MpRGQ78807
2026-10-05 10:46:22 | INFO     | Saving at a/skeb/roqI1MpRGQ78807-cf6f25.json
2026-10-05 10:46:23 | INFO     | OK https://skeb.jp/api/users/ast_2017
2026-10-05 10:46:23 | INFO     | Saving at a/skeb/ast_2017-4cb4e0.json
2026-10-05 10:46:24 | INFO     | OK https://skeb.jp/api/users/rom014ne
2026-10-05 10:46:24 | INFO     | Saving at a/skeb/rom014ne-3ddce9.json
2026-10-05 10:46:25 | INFO     | OK https://skeb.jp/api/users/zRz53110
2026-10-05 10:46:25 | INFO     | Saving at a/skeb/zRz53110-c618fe.json
2026-10-05 10:46:26 | INFO     | OK https://skeb.jp/api/users/sumesumetei
2026-10-05 10:46:26 | INFO     | Saving at a/skeb/sumesumetei-f513c0.json
2026-10-05 10:46:27 | INFO     | OK https://skeb.jp/api/users/a_o_hi_to
2026-10-05 10:46:27 | INFO     | Saving at a/skeb/a_o_hi_to-f26167.json
2026-10-05 10:46:28 | INFO     | OK https://skeb.jp/api/users/satoshi_irasuto
2026-10-05 10:46:28 | INFO     | Saving at a/skeb/satoshi_irasuto-d0df33.json
2026-10-05 10:46:29 | INFO     | OK https://skeb.jp/api/users/KntkOsm
2026-10-05 10:46:29 | INFO     | Saving at a/skeb/KntkOsm-849c89.json
2026-10-05 10:46:30 | INFO     | OK https://skeb.jp/api/users/harunn2288
2026-10-05 10:46:30 | INFO     | Saving at a/skeb/harunn2288-35757a.json
2026-10-05 10:46:31 | INFO     | OK https://skeb.jp/api/users/moyucotto
2026-10-05 10:46:31 | INFO     | Saving at a/skeb/moyucotto-dff1a7.json
2026-10-05 10:46:32 | INFO     | OK https://skeb.jp/api/users/mm_tk_mm
2026-10-05 10:46:32 | INFO     | Saving at a/skeb/mm_tk_mm-1d5a2c.json
2026-10-05 10:46:33 | INFO     | OK https://skeb.jp/api/users/Tsaamon
2026-10-05 10:46:33 | INFO     | Saving at a/skeb/Tsaamon-3109c3.json
2026-10-05 10:46:34 | INFO     | OK https://skeb.jp/api/users/o8o6hinata
2026-10-05 10:46:34 | INFO     | Saving at a/skeb/o8o6hinata-647f8f.json
2026-10-05 10:46:35 | INFO     | OK https://skeb.jp/api/users/Enty_club
2026-10-05 10:46:35 | INFO     | Saving at a/skeb/Enty_club-2de8c5.json
2026-10-05 10:46:36 | INFO     | OK https://skeb.jp/api/users/sabamori55
2026-10-05 10:46:36 | INFO     | Saving at a/skeb/sabamori55-a4a4e2.json
2026-10-05 10:46:37 | INFO     | OK https://skeb.jp/api/users/birdws_tf
2026-10-05 10:46:37 | INFO     | Saving at a/skeb/birdws_tf-20c7cc.json
2026-10-05 10:46:38 | INFO     | OK https://skeb.jp/api/users/otogi_ran
2026-10-05 10:46:38 | INFO     | Saving at a/skeb/otogi_ran-95e9b1.json
2026-10-05 10:46:39 | INFO     | OK https://skeb.jp/api/users/mimisenyao
2026-10-05 10:46:39 | INFO     | Saving at a/skeb/mimisenyao-1ff555.json
2026-10-05 10:46:40 | INFO     | OK https://skeb.jp/api/users/daradara_suyaaa
2026-10-05 10:46:40 | INFO     | Saving at a/skeb/daradara_suyaaa-894b8c.json
2026-10-05 10:46:41 | INFO     | OK https://skeb.jp/api/users/1221shinki
2026-10-05 10:46:41 | INFO     | Saving at a/skeb/1221shinki-5458b9.json
2026-10-05 10:46:42 | INFO     | OK https://skeb.jp/api/users/wktkrubbit
2026-10-05 10:46:42 | INFO     | Saving at a/skeb/wktkrubbit-ce397b.json
2026-10-05 10:46:43 | INFO     | OK https://skeb.jp/api/users/abebeillust
2026-10-05 10:46:43 | INFO     | Saving at a/skeb/abebeillust-8f45b1.json
2026-10-05 10:46:44 | INFO     | OK https://skeb.jp/api/users/4_kyuu31
2026-10-05 10:46:44 | INFO     | Saving at a/skeb/4_kyuu31-daa40d.json
2026-10-05 10:46:45 | INFO     | OK https://skeb.jp/api/users/ei_chi
2026-10-05 10:46:45 | INFO     | Saving at a/skeb/ei_chi-e7ed8d.json
2026-10-05 10:46:46 | INFO     | OK https://skeb.jp/api/users/yumugu09
2026-10-05 10:46:46 | INFO     | Saving at a/skeb/yumugu09-99a3ec.json
2026-10-05 10:46:47 | INFO     | OK https://skeb.jp/api/users/OWL_YORUHOSHI
2026-10-05 10:46:47 | INFO     | Saving at a/skeb/OWL_YORUHOSHI-fb1726.json
2026-10-05 10:46:48 | INFO     | OK https://skeb.jp/api/users/s5aVYKlo8R45045
2026-10-05 10:46:48 | INFO     | Saving at a/skeb/s5aVYKlo8R45045-1f53a4.json
2026-10-05 10:46:49 | INFO     | OK https://skeb.jp/api/users/shachi_ojisan
2026-10-05 10:46:49 | INFO     | Saving at a/skeb/shachi_ojisan-6080a3.json
2026-10-05 10:46:50 | INFO     | OK https://skeb.jp/api/users/nonono_0w0g
2026-10-05 10:46:50 | INFO     | Saving at a/skeb/nonono_0w0g-122186.json
2026-10-05 10:46:51 | INFO     | OK https://skeb.jp/api/users/yamattyo_ziga
2026-10-05 10:46:51 | INFO     | Saving at a/skeb/yamattyo_ziga-dc6b5d.json
2026-10-05 10:46:52 | INFO     | OK https://skeb.jp/api/users/h_pikari
2026-10-05 10:46:52 | INFO     | Saving at a/skeb/h_pikari-5e46b5.json
2026-10-05 10:46:53 | INFO     | OK https://skeb.jp/api/users/6min_dayo
2026-10-05 10:46:53 | INFO     | Saving at a/skeb/6min_dayo-7712a6.json
2026-10-05 10:46:54 | INFO     | OK https://skeb.jp/api/users/pukukemo_live
2026-10-05 10:46:54 | INFO     | Saving at a/skeb/pukukemo_live-34b76a.json
2026-10-05 10:46:55 | INFO     | OK https://skeb.jp/api/users/lamb_suffolk
2026-10-05 10:46:55 | INFO     | Saving at a/skeb/lamb_suffolk-9446fb.json
2026-10-05 10:46:56 | INFO     | OK https://skeb.jp/api/users/myamyamyako_
2026-10-05 10:46:56 | INFO     | Saving at a/skeb/myamyamyako_-7eca56.json
2026-10-05 10:46:57 | INFO     | OK https://skeb.jp/api/users/AMe_i88
2026-10-05 10:46:57 | INFO     | Saving at a/skeb/AMe_i88-aab276.json
2026-10-05 10:46:58 | INFO     | OK https://skeb.jp/api/users/matcha3day
2026-10-05 10:46:58 | INFO     | Saving at a/skeb/matcha3day-91ab0b.json
2026-10-05 10:46:59 | INFO     | OK https://skeb.jp/api/users/riorio_river
2026-10-05 10:46:59 | INFO     | Saving at a/skeb/riorio_river-efba67.json
2026-10-05 10:47:00 | INFO     | OK https://skeb.jp/api/users/sio_kakeruhito
2026-10-05 10:47:00 | INFO     | Saving at a/skeb/sio_kakeruhito-a4dd16.json
2026-10-05 10:47:01 | INFO     | OK https://skeb.jp/api/users/kittanke_illust
2026-10-05 10:47:01 | INFO     | Saving at a/skeb/kittanke_illust-aa4d2e.json
2026-10-05 10:47:02 | INFO     | OK https://skeb.jp/api/users/Zi2Qst
2026-10-05 10:47:02 | INFO     | Saving at a/skeb/Zi2Qst-b41b6f.json
2026-10-05 10:47:03 | INFO     | OK https://skeb.jp/api/users/anagumasan_
2026-10-05 10:47:03 | INFO     | Saving at a/skeb/anagumasan_-2249b2.json
2026-10-05 10:47:04 | INFO     | OK https://skeb.jp/api/users/maru_marumi0
2026-10-05 10:47:04 | INFO     | Saving at a/skeb/maru_marumi0-aa532f.json
2026-10-05 10:47:05 | INFO     | OK https://skeb.jp/api/users/ETTAdotteco
2026-10-05 10:47:05 | INFO     | Saving at a/skeb/ETTAdotteco-e3ae53.json
2026-10-05 10:47:06 | INFO     | OK https://skeb.jp/api/users/tomun_chan
2026-10-05 10:47:06 | INFO     | Saving at a/skeb/tomun_chan-c018ce.json
2026-10-05 10:47:07 | INFO     | OK https://skeb.jp/api/users/RamchiNeko
2026-10-05 10:47:07 | INFO     | Saving at a/skeb/RamchiNeko-dc06a2.json
2026-10-05 10:47:08 | INFO     | OK https://skeb.jp/api/users/1_tri_pic
2026-10-05 10:47:08 | INFO     | Saving at a/skeb/1_tri_pic-75388b.json
2026-10-05 10:47:09 | INFO     | OK https://skeb.jp/api/users/Kinondq10
2026-10-05 10:47:09 | INFO     | Saving at a/skeb/Kinondq10-d79cc2.json
2026-10-05 10:47:10 | INFO     | OK https://skeb.jp/api/users/nukari_k
2026-10-05 10:47:10 | INFO     | Saving at a/skeb/nukari_k-68ec1b.json
2026-10-05 10:47:11 | INFO     | OK https://skeb.jp/api/users/nere_nee
2026-10-05 10:47:11 | INFO     | Saving at a/skeb/nere_nee-2b3072.json
2026-10-05 10:47:12 | INFO     | OK https://skeb.jp/api/users/yon444444444444
2026-10-05 10:47:12 | INFO     | Saving at a/skeb/yon444444444444-af409b.json
2026-10-05 10:47:13 | INFO     | OK https://skeb.jp/api/users/miyakooo0420
2026-10-05 10:47:13 | INFO     | Saving at a/skeb/miyakooo0420-301cd3.json
2026-10-05 10:47:14 | INFO     | OK https://skeb.jp/api/users/K0Rwz2a9OQOYV8v
2026-10-05 10:47:14 | INFO     | Saving at a/skeb/K0Rwz2a9OQOYV8v-29ef80.json
2026-10-05 10:47:15 | INFO     | OK https://skeb.jp/api/users/Ririondorako
2026-10-05 10:47:15 | INFO     | Saving at a/skeb/Ririondorako-5a1c39.json
2026-10-05 10:47:16 | INFO     | OK https://skeb.jp/api/users/popo92_z
2026-10-05 10:47:16 | INFO     | Saving at a/skeb/popo92_z-05fcbc.json
2026-10-05 10:47:17 | INFO     | OK https://skeb.jp/api/users/sharp_a_
2026-10-05 10:47:17 | INFO     | Saving at a/skeb/sharp_a_-de44dd.json
2026-10-05 10:47:18 | INFO     | OK https://skeb.jp/api/users/tokaTouka_
2026-10-05 10:47:18 | INFO     | Saving at a/skeb/tokaTouka_-ad53b4.json
2026-10-05 10:47:19 | INFO     | OK https://skeb.jp/api/users/43CTW
2026-10-05 10:47:19 | INFO     | Saving at a/skeb/43CTW-521a64.json
2026-10-05 10:47:20 | INFO     | OK https://skeb.jp/api/users/yui_kashiwagi_
2026-10-05 10:47:20 | INFO     | Saving at a/skeb/yui_kashiwagi_-f72d21.json
2026-10-05 10:47:21 | INFO     | OK https://skeb.jp/api/users/kozzyTAn
2026-10-05 10:47:21 | INFO     | Saving at a/skeb/kozzyTAn-f04d81.json
2026-10-05 10:47:22 | INFO     | OK https://skeb.jp/api/users/taruto_um17
2026-10-05 10:47:22 | INFO     | Saving at a/skeb/taruto_um17-28ea4c.json
2026-10-05 10:47:23 | INFO     | OK https://skeb.jp/api/users/buraninn
2026-10-05 10:47:23 | INFO     | Saving at a/skeb/buraninn-7fd80e.json
2026-10-05 10:47:24 | INFO     | OK https://skeb.jp/api/users/susi_fish
2026-10-05 10:47:24 | INFO     | Saving at a/skeb/susi_fish-9cafe6.json
2026-10-05 10:47:25 | INFO     | OK https://skeb.jp/api/users/morukaaa
2026-10-05 10:47:25 | INFO     | Saving at a/skeb/morukaaa-b1a767.json
2026-10-05 10:47:26 | INFO     | OK https://skeb.jp/api/users/Umauma_2004
2026-10-05 10:47:26 | INFO     | Saving at a/skeb/Umauma_2004-cab27e.json
2026-10-05 10:47:27 | INFO     | OK https://skeb.jp/api/users/akoramble
2026-10-05 10:47:27 | INFO     | Saving at a/skeb/akoramble-bf969a.json
2026-10-05 10:47:28 | INFO     | OK https://skeb.jp/api/users/RobataKuri
2026-10-05 10:47:28 | INFO     | Saving at a/skeb/RobataKuri-e6c2be.json
2026-10-05 10:47:29 | INFO     | OK https://skeb.jp/api/users/hrdshn03
2026-10-05 10:47:29 | INFO     | Saving at a/skeb/hrdshn03-657652.json
2026-10-05 10:47:30 | INFO     | OK https://skeb.jp/api/users/Nezu_Mickey
2026-10-05 10:47:30 | INFO     | Saving at a/skeb/Nezu_Mickey-f7d9bd.json
2026-10-05 10:47:31 | INFO     | OK https://skeb.jp/api/users/Oo_Sakulatte_oO
2026-10-05 10:47:31 | INFO     | Saving at a/skeb/Oo_Sakulatte_oO-03b2a7.json
2026-10-05 10:47:32 | INFO     | OK https://skeb.jp/api/users/fujikawa_2gou
2026-10-05 10:47:32 | INFO     | Saving at a/skeb/fujikawa_2gou-ed2872.json
2026-10-05 10:47:33 | INFO     | OK https://skeb.jp/api/users/kurodajikko
2026-10-05 10:47:33 | INFO     | Saving at a/skeb/kurodajikko-f7fb2d.json
2026-10-05 10:47:34 | INFO     | OK https://skeb.jp/api/users/muro_sya
2026-10-05 10:47:34 | INFO     | Saving at a/skeb/muro_sya-b09fa9.json
2026-10-05 10:47:35 | INFO     | OK https://skeb.jp/api/users/ikiruchan
2026-10-05 10:47:35 | INFO     | Saving at a/skeb/ikiruchan-739e38.json
2026-10-05 10:47:36 | INFO     | OK https://skeb.jp/api/users/kuramaosk
2026-10-05 10:47:36 | INFO     | Saving at a/skeb/kuramaosk-4e57b4.json
2026-10-05 10:47:37 | INFO     | OK https://skeb.jp/api/users/NYKUGTW
2026-10-05 10:47:37 | INFO     | Saving at a/skeb/NYKUGTW-c97af3.json
2026-10-05 10:47:38 | INFO     | OK https://skeb.jp/api/users/j8qt3s
2026-10-05 10:47:38 | INFO     | Saving at a/skeb/j8qt3s-2575ab.json
2026-10-05 10:47:39 | INFO     | OK https://skeb.jp/api/users/takeshiRebirth
2026-10-05 10:47:39 | INFO     | Saving at a/skeb/takeshiRebirth-6a5412.json
2026-10-05 10:47:40 | INFO     | OK https://skeb.jp/api/users/kurohathat
2026-10-05 10:47:40 | INFO     | Saving at a/skeb/kurohathat-a44a60.json
2026-10-05 10:47:41 | INFO     | OK https://skeb.jp/api/users/nemomo_mofu
2026-10-05 10:47:41 | INFO     | Saving at a/skeb/nemomo_mofu-354d67.json
2026-10-05 10:47:42 | INFO     | OK https://skeb.jp/api/users/jyu31589495
2026-10-05 10:47:42 | INFO     | Saving at a/skeb/jyu31589495-b427d9.json
2026-10-05 10:47:43 | INFO     | OK https://skeb.jp/api/users/nenezi82461
2026-10-05 10:47:43 | INFO     | Saving at a/skeb/nenezi82461-9f7e56.json
2026-10-05 10:47:44 | INFO     | OK https://skeb.jp/api/users/96mokei
2026-10-05 10:47:44 | INFO     | Saving at a/skeb/96mokei-a2a497.json
2026-10-05 10:47:45 | INFO     | OK https://skeb.jp/api/users/kota_maru
2026-10-05 10:47:45 | INFO     | Saving at a/skeb/kota_maru-47cfa8.json
2026-10-05 10:47:46 | INFO     | OK https://skeb.jp/api/users/tnsrk612
2026-10-05 10:47:46 | INFO     | Saving at a/skeb/tnsrk612-b8141e.json
2026-10-05 10:47:47 | INFO     | OK https://skeb.jp/api/users/unknown_ooo_
2026-10-05 10:47:47 | INFO     | Saving at a/skeb/unknown_ooo_-914277.json
2026-10-05 10:47:48 | INFO     | OK https://skeb.jp/api/users/mebunryo2
2026-10-05 10:47:48 | INFO     | Saving at a/skeb/mebunryo2-8dc580.json
2026-10-05 10:47:49 | INFO     | OK https://skeb.jp/api/users/shiraumi_yuu
2026-10-05 10:47:49 | INFO     | Saving at a/skeb/shiraumi_yuu-67ef1c.json
2026-10-05 10:47:50 | INFO     | OK https://skeb.jp/api/users/hub_dump
2026-10-05 10:47:50 | INFO     | Saving at a/skeb/hub_dump-3dfc70.json
2026-10-05 10:47:51 | INFO     | OK https://skeb.jp/api/users/zmnjo1440
2026-10-05 10:47:51 | INFO     | Saving at a/skeb/zmnjo1440-2fc519.json
2026-10-05 10:47:52 | INFO     | OK https://skeb.jp/api/users/_tmtm_3
2026-10-05 10:47:52 | INFO     | Saving at a/skeb/_tmtm_3-b9cb76.json
2026-10-05 10:47:53 | INFO     | OK https://skeb.jp/api/users/hyouga617
2026-10-05 10:47:53 | INFO     | Saving at a/skeb/hyouga617-f4d34d.json
2026-10-05 10:47:54 | INFO     | OK https://skeb.jp/api/users/yuri1030mei
2026-10-05 10:47:54 | INFO     | Saving at a/skeb/yuri1030mei-2981ee.json
2026-10-05 10:47:55 | INFO     | OK https://skeb.jp/api/users/usagikyogijo
2026-10-05 10:47:55 | INFO     | Saving at a/skeb/usagikyogijo-4b414c.json
2026-10-05 10:47:56 | INFO     | OK https://skeb.jp/api/users/m5mona
2026-10-05 10:47:56 | INFO     | Saving at a/skeb/m5mona-e5c344.json
2026-10-05 10:47:57 | INFO     | OK https://skeb.jp/api/users/ki_15kan
2026-10-05 10:47:57 | INFO     | Saving at a/skeb/ki_15kan-372308.json
2026-10-05 10:47:58 | INFO     | OK https://skeb.jp/api/users/masakikamoritu
2026-10-05 10:47:58 | INFO     | Saving at a/skeb/masakikamoritu-271c1b.json
2026-10-05 10:47:59 | INFO     | OK https://skeb.jp/api/users/MacaronLV1
2026-10-05 10:47:59 | INFO     | Saving at a/skeb/MacaronLV1-17efe1.json
2026-10-05 10:48:00 | INFO     | OK https://skeb.jp/api/users/yuno_skebyo
2026-10-05 10:48:00 | INFO     | Saving at a/skeb/yuno_skebyo-4e57a5.json
2026-10-05 10:48:01 | INFO     | OK https://skeb.jp/api/users/tsuyu_tsuyuri06
2026-10-05 10:48:01 | INFO     | Saving at a/skeb/tsuyu_tsuyuri06-67c0da.json
2026-10-05 10:48:02 | INFO     | OK https://skeb.jp/api/users/JO____SUKE
2026-10-05 10:48:02 | INFO     | Saving at a/skeb/JO____SUKE-7fad3e.json
2026-10-05 10:48:03 | INFO     | OK https://skeb.jp/api/users/mztm_usg
2026-10-05 10:48:03 | INFO     | Saving at a/skeb/mztm_usg-0681f8.json
2026-10-05 10:48:04 | INFO     | OK https://skeb.jp/api/users/ISSAgaJlEk47HLk
2026-10-05 10:48:04 | INFO     | Saving at a/skeb/ISSAgaJlEk47HLk-dbc24d.json
2026-10-05 10:48:05 | INFO     | OK https://skeb.jp/api/users/white_tetorapo
2026-10-05 10:48:05 | INFO     | Saving at a/skeb/white_tetorapo-22a9ae.json
2026-10-05 10:48:06 | INFO     | OK https://skeb.jp/api/users/hamohabu
2026-10-05 10:48:06 | INFO     | Saving at a/skeb/hamohabu-5d506d.json
2026-10-05 10:48:07 | INFO     | OK https://skeb.jp/api/users/7815E
2026-10-05 10:48:07 | INFO     | Saving at a/skeb/7815E-068da8.json
2026-10-05 10:48:08 | INFO     | OK https://skeb.jp/api/users/toritorit0
2026-10-05 10:48:08 | INFO     | Saving at a/skeb/toritorit0-e81ea6.json
2026-10-05 10:48:09 | INFO     | OK https://skeb.jp/api/users/MoepuSub76286
2026-10-05 10:48:09 | INFO     | Saving at a/skeb/MoepuSub76286-b3268e.json
2026-10-05 10:48:10 | INFO     | OK https://skeb.jp/api/users/Pochiko0909
2026-10-05 10:48:10 | INFO     | Saving at a/skeb/Pochiko0909-07f73f.json
2026-10-05 10:48:11 | INFO     | OK https://skeb.jp/api/users/1999_misc
2026-10-05 10:48:11 | INFO     | Saving at a/skeb/1999_misc-7edc10.json
2026-10-05 10:48:12 | INFO     | OK https://skeb.jp/api/users/usdk
2026-10-05 10:48:12 | INFO     | Saving at a/skeb/usdk-df502c.json
2026-10-05 10:48:13 | INFO     | OK https://skeb.jp/api/users/Osakana_Gabu
2026-10-05 10:48:13 | INFO     | Saving at a/skeb/Osakana_Gabu-b8cbaf.json
2026-10-05 10:48:14 | INFO     | OK https://skeb.jp/api/users/Nysn22
2026-10-05 10:48:14 | INFO     | Saving at a/skeb/Nysn22-16b5fe.json
2026-10-05 10:48:15 | INFO     | OK https://skeb.jp/api/users/xhz45
2026-10-05 10:48:15 | INFO     | Saving at a/skeb/xhz45-f914cf.json
2026-10-05 10:48:16 | INFO     | OK https://skeb.jp/api/users/john_works
2026-10-05 10:48:16 | INFO     | Saving at a/skeb/john_works-b01d81.json
2026-10-05 10:48:17 | INFO     | OK https://skeb.jp/api/users/happly_EvAfteR
2026-10-05 10:48:17 | INFO     | Saving at a/skeb/happly_EvAfteR-db8381.json
2026-10-05 10:48:18 | INFO     | OK https://skeb.jp/api/users/InabaReito
2026-10-05 10:48:18 | INFO     | Saving at a/skeb/InabaReito-2ece08.json
2026-10-05 10:48:19 | INFO     | OK https://skeb.jp/api/users/nerdtmyr
2026-10-05 10:48:19 | INFO     | Saving at a/skeb/nerdtmyr-087a4f.json
2026-10-05 10:48:20 | INFO     | OK https://skeb.jp/api/users/ikou_56
2026-10-05 10:48:20 | INFO     | Saving at a/skeb/ikou_56-8a6a3e.json
2026-10-05 10:48:21 | INFO     | OK https://skeb.jp/api/users/takemii00
2026-10-05 10:48:21 | INFO     | Saving at a/skeb/takemii00-4cb8cd.json
2026-10-05 10:48:22 | INFO     | OK https://skeb.jp/api/users/g949chan
2026-10-05 10:48:22 | INFO     | Saving at a/skeb/g949chan-2e45af.json
2026-10-05 10:48:23 | INFO     | OK https://skeb.jp/api/users/hm_jj4
2026-10-05 10:48:23 | INFO     | Saving at a/skeb/hm_jj4-f6e200.json
2026-10-05 10:48:24 | INFO     | OK https://skeb.jp/api/users/d4d4yura
2026-10-05 10:48:24 | INFO     | Saving at a/skeb/d4d4yura-7c97fc.json
2026-10-05 10:48:25 | INFO     | OK https://skeb.jp/api/users/badwingm
2026-10-05 10:48:25 | INFO     | Saving at a/skeb/badwingm-228755.json
2026-10-05 10:48:26 | INFO     | OK https://skeb.jp/api/users/yura0125
2026-10-05 10:48:26 | INFO     | Saving at a/skeb/yura0125-ee8005.json
2026-10-05 10:48:27 | INFO     | OK https://skeb.jp/api/users/06153NOHI
2026-10-05 10:48:27 | INFO     | Saving at a/skeb/06153NOHI-2f579a.json
2026-10-05 10:48:28 | INFO     | OK https://skeb.jp/api/users/oooesonitN
2026-10-05 10:48:28 | INFO     | Saving at a/skeb/oooesonitN-317630.json
2026-10-05 10:48:29 | INFO     | OK https://skeb.jp/api/users/funuyu_sub
2026-10-05 10:48:29 | INFO     | Saving at a/skeb/funuyu_sub-9eaca6.json
2026-10-05 10:48:30 | INFO     | OK https://skeb.jp/api/users/fuwa_h8511
2026-10-05 10:48:30 | INFO     | Saving at a/skeb/fuwa_h8511-a5857a.json
2026-10-05 10:48:31 | INFO     | OK https://skeb.jp/api/users/mochimoti0528
2026-10-05 10:48:31 | INFO     | Saving at a/skeb/mochimoti0528-b6922a.json
2026-10-05 10:48:32 | INFO     | OK https://skeb.jp/api/users/sonao
2026-10-05 10:48:32 | INFO     | Saving at a/skeb/sonao-100dd7.json
2026-10-05 10:48:33 | INFO     | OK https://skeb.jp/api/users/siinaP_game
2026-10-05 10:48:33 | INFO     | Saving at a/skeb/siinaP_game-77456e.json
2026-10-05 10:48:34 | INFO     | OK https://skeb.jp/api/users/cu_uv_
2026-10-05 10:48:34 | INFO     | Saving at a/skeb/cu_uv_-daee51.json
2026-10-05 10:48:35 | INFO     | OK https://skeb.jp/api/users/uturo005
2026-10-05 10:48:35 | INFO     | Saving at a/skeb/uturo005-c04655.json
2026-10-05 10:48:36 | INFO     | OK https://skeb.jp/api/users/y0pjp
2026-10-05 10:48:36 | INFO     | Saving at a/skeb/y0pjp-21aa8e.json
2026-10-05 10:48:37 | INFO     | OK https://skeb.jp/api/users/ninzin_88hon
2026-10-05 10:48:37 | INFO     | Saving at a/skeb/ninzin_88hon-011088.json
2026-10-05 10:48:38 | INFO     | OK https://skeb.jp/api/users/rabeco_Illust
2026-10-05 10:48:38 | INFO     | Saving at a/skeb/rabeco_Illust-8940b6.json
2026-10-05 10:48:39 | INFO     | OK https://skeb.jp/api/users/843v9l
2026-10-05 10:48:39 | INFO     | Saving at a/skeb/843v9l-6434d7.json
2026-10-05 10:48:40 | INFO     | OK https://skeb.jp/api/users/poyopoyoppu
2026-10-05 10:48:40 | INFO     | Saving at a/skeb/poyopoyoppu-4bf1e6.json
2026-10-05 10:48:41 | INFO     | OK https://skeb.jp/api/users/kajaneko
2026-10-05 10:48:41 | INFO     | Saving at a/skeb/kajaneko-c2d5e8.json
2026-10-05 10:48:42 | INFO     | OK https://skeb.jp/api/users/caligo
2026-10-05 10:48:42 | INFO     | Saving at a/skeb/caligo-73fb1b.json
2026-10-05 10:48:43 | INFO     | OK https://skeb.jp/api/users/rent1275
2026-10-05 10:48:43 | INFO     | Saving at a/skeb/rent1275-3b6e9a.json
2026-10-05 10:48:44 | INFO     | OK https://skeb.jp/api/users/youkey777_13579
2026-10-05 10:48:44 | INFO     | Saving at a/skeb/youkey777_13579-19241d.json
2026-10-05 10:48:45 | INFO     | OK https://skeb.jp/api/users/e_nuisy
2026-10-05 10:48:45 | INFO     | Saving at a/skeb/e_nuisy-45b0bb.json
2026-10-05 10:48:46 | INFO     | OK https://skeb.jp/api/users/sg_need
2026-10-05 10:48:46 | INFO     | Saving at a/skeb/sg_need-684b2c.json
2026-10-05 10:48:47 | INFO     | OK https://skeb.jp/api/users/riiit44
2026-10-05 10:48:47 | INFO     | Saving at a/skeb/riiit44-df4860.json
2026-10-05 10:48:48 | INFO     | OK https://skeb.jp/api/users/gobou_ozouni
2026-10-05 10:48:48 | INFO     | Saving at a/skeb/gobou_ozouni-3950f3.json
2026-10-05 10:48:49 | INFO     | OK https://skeb.jp/api/users/chinpokonyan
2026-10-05 10:48:49 | INFO     | Saving at a/skeb/chinpokonyan-445cf7.json
2026-10-05 10:48:50 | INFO     | OK https://skeb.jp/api/users/nekoneko
2026-10-05 10:48:50 | INFO     | Saving at a/skeb/nekoneko-c07dda.json
2026-10-05 10:48:51 | INFO     | OK https://skeb.jp/api/users/tankaku__
2026-10-05 10:48:51 | INFO     | Saving at a/skeb/tankaku__-48b73c.json
2026-10-05 10:48:52 | INFO     | OK https://skeb.jp/api/users/myon_creative
2026-10-05 10:48:52 | INFO     | Saving at a/skeb/myon_creative-f46c5f.json
2026-10-05 10:48:53 | INFO     | OK https://skeb.jp/api/users/wloz07
2026-10-05 10:48:53 | INFO     | Saving at a/skeb/wloz07-b59518.json
2026-10-05 10:48:54 | INFO     | OK https://skeb.jp/api/users/hjkmfmf
2026-10-05 10:48:54 | INFO     | Saving at a/skeb/hjkmfmf-9a748d.json
2026-10-05 10:48:55 | INFO     | OK https://skeb.jp/api/users/SiA_NSFW
2026-10-05 10:48:55 | INFO     | Saving at a/skeb/SiA_NSFW-82a78b.json
2026-10-05 10:48:56 | INFO     | OK https://skeb.jp/api/users/11_reimen_26
2026-10-05 10:48:56 | INFO     | Saving at a/skeb/11_reimen_26-5018f3.json
2026-10-05 10:48:57 | INFO     | OK https://skeb.jp/api/users/sayo_halumi34
2026-10-05 10:48:57 | INFO     | Saving at a/skeb/sayo_halumi34-97b0e9.json
2026-10-05 10:48:58 | INFO     | OK https://skeb.jp/api/users/mariko_889
2026-10-05 10:48:58 | INFO     | Saving at a/skeb/mariko_889-4dc101.json
2026-10-05 10:48:59 | INFO     | OK https://skeb.jp/api/users/0rs0nx
2026-10-05 10:48:59 | INFO     | Saving at a/skeb/0rs0nx-3c97f8.json
2026-10-05 10:49:00 | INFO     | OK https://skeb.jp/api/users/saruru0117
2026-10-05 10:49:00 | INFO     | Saving at a/skeb/saruru0117-c361fc.json
2026-10-05 10:49:01 | INFO     | OK https://skeb.jp/api/users/RRR_R18G
2026-10-05 10:49:01 | INFO     | Saving at a/skeb/RRR_R18G-ab2800.json
2026-10-05 10:49:02 | INFO     | OK https://skeb.jp/api/users/natsuki_iroha
2026-10-05 10:49:02 | INFO     | Saving at a/skeb/natsuki_iroha-950ac4.json
2026-10-05 10:49:03 | INFO     | OK https://skeb.jp/api/users/KumakoToy
2026-10-05 10:49:03 | INFO     | Saving at a/skeb/KumakoToy-e6f5d1.json
2026-10-05 10:49:04 | INFO     | OK https://skeb.jp/api/users/sirokurge
2026-10-05 10:49:04 | INFO     | Saving at a/skeb/sirokurge-9b3de5.json
2026-10-05 10:49:05 | INFO     | OK https://skeb.jp/api/users/dededededeo00ww
2026-10-05 10:49:05 | INFO     | Saving at a/skeb/dededededeo00ww-5914e5.json
2026-10-05 10:49:06 | INFO     | OK https://skeb.jp/api/users/404MT
2026-10-05 10:49:06 | INFO     | Saving at a/skeb/404MT-506a08.json
2026-10-05 10:49:07 | INFO     | OK https://skeb.jp/api/users/OChanoko333
2026-10-05 10:49:07 | INFO     | Saving at a/skeb/OChanoko333-09826b.json
2026-10-05 10:49:08 | INFO     | OK https://skeb.jp/api/users/M___nme
2026-10-05 10:49:08 | INFO     | Saving at a/skeb/M___nme-efe5de.json
2026-10-05 10:49:09 | INFO     | OK https://skeb.jp/api/users/fujidora_jp
2026-10-05 10:49:09 | INFO     | Saving at a/skeb/fujidora_jp-499053.json
2026-10-05 10:49:10 | INFO     | OK https://skeb.jp/api/users/steel_yamyam
2026-10-05 10:49:10 | INFO     | Saving at a/skeb/steel_yamyam-e304fa.json
2026-10-05 10:49:11 | INFO     | OK https://skeb.jp/api/users/75RYrNYp9rtngjo
2026-10-05 10:49:11 | INFO     | Saving at a/skeb/75RYrNYp9rtngjo-69dfee.json
2026-10-05 10:49:12 | INFO     | OK https://skeb.jp/api/users/h_n_k_u
2026-10-05 10:49:12 | INFO     | Saving at a/skeb/h_n_k_u-4e35ca.json
2026-10-05 10:49:13 | INFO     | OK https://skeb.jp/api/users/kopepann11
2026-10-05 10:49:13 | INFO     | Saving at a/skeb/kopepann11-b12ecb.json
2026-10-05 10:49:14 | INFO     | OK https://skeb.jp/api/users/n0luada
2026-10-05 10:49:14 | INFO     | Saving at a/skeb/n0luada-f14d3b.json
2026-10-05 10:49:15 | INFO     | OK https://skeb.jp/api/users/akebwanwan
2026-10-05 10:49:15 | INFO     | Saving at a/skeb/akebwanwan-eba74d.json
2026-10-05 10:49:16 | INFO     | OK https://skeb.jp/api/users/pooooisuke
2026-10-05 10:49:16 | INFO     | Saving at a/skeb/pooooisuke-902fc7.json
2026-10-05 10:49:17 | INFO     | OK https://skeb.jp/api/users/enotouwa
2026-10-05 10:49:17 | INFO     | Saving at a/skeb/enotouwa-36a855.json
2026-10-05 10:49:18 | INFO     | OK https://skeb.jp/api/users/_Lunatic_n
2026-10-05 10:49:18 | INFO     | Saving at a/skeb/_Lunatic_n-716c33.json
2026-10-05 10:49:19 | INFO     | OK https://skeb.jp/api/users/IruCa_Miso333
2026-10-05 10:49:19 | INFO     | Saving at a/skeb/IruCa_Miso333-042c13.json
2026-10-05 10:49:20 | INFO     | OK https://skeb.jp/api/users/pome0826
2026-10-05 10:49:20 | INFO     | Saving at a/skeb/pome0826-2b911f.json
2026-10-05 10:49:21 | INFO     | OK https://skeb.jp/api/users/y_1002_4444
2026-10-05 10:49:21 | INFO     | Saving at a/skeb/y_1002_4444-5ce2f9.json
2026-10-05 10:49:22 | INFO     | OK https://skeb.jp/api/users/BlazeIllust
2026-10-05 10:49:22 | INFO     | Saving at a/skeb/BlazeIllust-2f7b6b.json
2026-10-05 10:49:23 | INFO     | OK https://skeb.jp/api/users/taimanin_tauko
2026-10-05 10:49:23 | INFO     | Saving at a/skeb/taimanin_tauko-a8d1fc.json
2026-10-05 10:49:24 | INFO     | OK https://skeb.jp/api/users/ohguro_mariya
2026-10-05 10:49:24 | INFO     | Saving at a/skeb/ohguro_mariya-b12526.json
2026-10-05 10:49:25 | INFO     | OK https://skeb.jp/api/users/39_taro0
2026-10-05 10:49:25 | INFO     | Saving at a/skeb/39_taro0-1d7384.json
2026-10-05 10:49:26 | INFO     | OK https://skeb.jp/api/users/trpg_kagura
2026-10-05 10:49:26 | INFO     | Saving at a/skeb/trpg_kagura-c70668.json
2026-10-05 10:49:27 | INFO     | OK https://skeb.jp/api/users/DSixhqvJVpiyilF
2026-10-05 10:49:27 | INFO     | Saving at a/skeb/DSixhqvJVpiyilF-4348b8.json
2026-10-05 10:49:28 | INFO     | OK https://skeb.jp/api/users/sharknes_Head
2026-10-05 10:49:28 | INFO     | Saving at a/skeb/sharknes_Head-da9cb9.json
2026-10-05 10:49:29 | INFO     | OK https://skeb.jp/api/users/tabunobake96
2026-10-05 10:49:29 | INFO     | Saving at a/skeb/tabunobake96-5bc9bd.json
2026-10-05 10:49:30 | INFO     | OK https://skeb.jp/api/users/yu_1123_mono
2026-10-05 10:49:30 | INFO     | Saving at a/skeb/yu_1123_mono-0d2a16.json
2026-10-05 10:49:31 | INFO     | OK https://skeb.jp/api/users/kohsuke_krsk
2026-10-05 10:49:31 | INFO     | Saving at a/skeb/kohsuke_krsk-81a562.json
2026-10-05 10:49:32 | INFO     | OK https://skeb.jp/api/users/yukiwork
2026-10-05 10:49:32 | INFO     | Saving at a/skeb/yukiwork-7318a9.json
2026-10-05 10:49:33 | INFO     | OK https://skeb.jp/api/users/fruit_fulful
2026-10-05 10:49:33 | INFO     | Saving at a/skeb/fruit_fulful-dedb5d.json
2026-10-05 10:49:34 | INFO     | OK https://skeb.jp/api/users/Lune_chinemu
2026-10-05 10:49:34 | INFO     | Saving at a/skeb/Lune_chinemu-bcf16d.json
2026-10-05 10:49:35 | INFO     | OK https://skeb.jp/api/users/whity___paria
2026-10-05 10:49:35 | INFO     | Saving at a/skeb/whity___paria-e2a098.json
2026-10-05 10:49:36 | INFO     | OK https://skeb.jp/api/users/kuchiba07
2026-10-05 10:49:36 | INFO     | Saving at a/skeb/kuchiba07-8d3c54.json
2026-10-05 10:49:37 | INFO     | OK https://skeb.jp/api/users/np_nmmm
2026-10-05 10:49:37 | INFO     | Saving at a/skeb/np_nmmm-98bce8.json
2026-10-05 10:49:38 | INFO     | OK https://skeb.jp/api/users/miyabi_n
2026-10-05 10:49:38 | INFO     | Saving at a/skeb/miyabi_n-8a6b15.json
2026-10-05 10:49:39 | INFO     | OK https://skeb.jp/api/users/mochigushi_
2026-10-05 10:49:39 | INFO     | Saving at a/skeb/mochigushi_-1eae46.json
2026-10-05 10:49:40 | INFO     | OK https://skeb.jp/api/users/Pep_29eshi
2026-10-05 10:49:40 | INFO     | Saving at a/skeb/Pep_29eshi-9cd02d.json
2026-10-05 10:49:41 | INFO     | OK https://skeb.jp/api/users/SharkChop
2026-10-05 10:49:41 | INFO     | Saving at a/skeb/SharkChop-e906bc.json
2026-10-05 10:49:42 | INFO     | OK https://skeb.jp/api/users/hiu
2026-10-05 10:49:42 | INFO     | Saving at a/skeb/hiu-b70995.json
2026-10-05 10:49:43 | INFO     | OK https://skeb.jp/api/users/knkhnp
2026-10-05 10:49:43 | INFO     | Saving at a/skeb/knkhnp-cb5079.json
2026-10-05 10:49:44 | INFO     | OK https://skeb.jp/api/users/zp_R
2026-10-05 10:49:44 | INFO     | Saving at a/skeb/zp_R-435d58.json
2026-10-05 10:49:45 | INFO     | OK https://skeb.jp/api/users/siesta_QwQ
2026-10-05 10:49:45 | INFO     | Saving at a/skeb/siesta_QwQ-708d64.json
2026-10-05 10:49:46 | INFO     | OK https://skeb.jp/api/users/ha_nami02
2026-10-05 10:49:46 | INFO     | Saving at a/skeb/ha_nami02-4f2891.json
2026-10-05 10:49:47 | INFO     | OK https://skeb.jp/api/users/1m_ochin
2026-10-05 10:49:47 | INFO     | Saving at a/skeb/1m_ochin-296688.json
2026-10-05 10:49:48 | INFO     | OK https://skeb.jp/api/users/ringo0120444444
2026-10-05 10:49:48 | INFO     | Saving at a/skeb/ringo0120444444-ff2ba8.json
2026-10-05 10:49:49 | INFO     | OK https://skeb.jp/api/users/AOS_Libido
2026-10-05 10:49:49 | INFO     | Saving at a/skeb/AOS_Libido-0e5f5e.json
2026-10-05 10:49:50 | INFO     | OK https://skeb.jp/api/users/Datemagame
2026-10-05 10:49:50 | INFO     | Saving at a/skeb/Datemagame-4b772f.json
2026-10-05 10:49:51 | INFO     | OK https://skeb.jp/api/users/byebye_kairo
2026-10-05 10:49:51 | INFO     | Saving at a/skeb/byebye_kairo-fdbc46.json
2026-10-05 10:49:52 | INFO     | OK https://skeb.jp/api/users/esica_esica
2026-10-05 10:49:52 | INFO     | Saving at a/skeb/esica_esica-5c004b.json
2026-10-05 10:49:53 | INFO     | OK https://skeb.jp/api/users/kana06hiro
2026-10-05 10:49:53 | INFO     | Saving at a/skeb/kana06hiro-517ce2.json
2026-10-05 10:49:54 | INFO     | OK https://skeb.jp/api/users/kozi_master
2026-10-05 10:49:54 | INFO     | Saving at a/skeb/kozi_master-9d9f12.json
2026-10-05 10:49:55 | INFO     | OK https://skeb.jp/api/users/m_pn30
2026-10-05 10:49:55 | INFO     | Saving at a/skeb/m_pn30-7c430a.json
2026-10-05 10:49:56 | INFO     | OK https://skeb.jp/api/users/t_nao1576
2026-10-05 10:49:56 | INFO     | Saving at a/skeb/t_nao1576-baf168.json
2026-10-05 10:49:57 | INFO     | OK https://skeb.jp/api/users/rimekooo
2026-10-05 10:49:57 | INFO     | Saving at a/skeb/rimekooo-c91a27.json
2026-10-05 10:49:58 | INFO     | OK https://skeb.jp/api/users/Hakuu____
2026-10-05 10:49:58 | INFO     | Saving at a/skeb/Hakuu____-d3d1a7.json
2026-10-05 10:49:59 | INFO     | OK https://skeb.jp/api/users/amuamu
2026-10-05 10:49:59 | INFO     | Saving at a/skeb/amuamu-6e5515.json
2026-10-05 10:50:00 | INFO     | OK https://skeb.jp/api/users/GlXsLbBX7b3i9nC
2026-10-05 10:50:00 | INFO     | Saving at a/skeb/GlXsLbBX7b3i9nC-eb800d.json
2026-10-05 10:50:01 | INFO     | OK https://skeb.jp/api/users/matumine_mix
2026-10-05 10:50:01 | INFO     | Saving at a/skeb/matumine_mix-471bf6.json
2026-10-05 10:50:02 | INFO     | OK https://skeb.jp/api/users/0304yama
2026-10-05 10:50:02 | INFO     | Saving at a/skeb/0304yama-3606e8.json
2026-10-05 10:50:03 | INFO     | OK https://skeb.jp/api/users/MiyabiTiribana
2026-10-05 10:50:03 | INFO     | Saving at a/skeb/MiyabiTiribana-3ea0c5.json
2026-10-05 10:50:04 | INFO     | OK https://skeb.jp/api/users/ghost_ra_re
2026-10-05 10:50:04 | INFO     | Saving at a/skeb/ghost_ra_re-7f90e9.json
2026-10-05 10:50:05 | INFO     | OK https://skeb.jp/api/users/da_haebit
2026-10-05 10:50:05 | INFO     | Saving at a/skeb/da_haebit-19acb2.json
2026-10-05 10:50:06 | INFO     | OK https://skeb.jp/api/users/myk0ssk
2026-10-05 10:50:06 | INFO     | Saving at a/skeb/myk0ssk-c40926.json
2026-10-05 10:50:07 | INFO     | OK https://skeb.jp/api/users/koyokurosuki_
2026-10-05 10:50:07 | INFO     | Saving at a/skeb/koyokurosuki_-ea02c1.json
2026-10-05 10:50:08 | INFO     | OK https://skeb.jp/api/users/darkdaikan
2026-10-05 10:50:08 | INFO     | Saving at a/skeb/darkdaikan-12feb3.json
2026-10-05 10:50:09 | INFO     | OK https://skeb.jp/api/users/Nymph_Rhythm
2026-10-05 10:50:09 | INFO     | Saving at a/skeb/Nymph_Rhythm-fc10cb.json
2026-10-05 10:50:10 | INFO     | OK https://skeb.jp/api/users/yoshiki_i1
2026-10-05 10:50:10 | INFO     | Saving at a/skeb/yoshiki_i1-4f2ed4.json
2026-10-05 10:50:11 | INFO     | OK https://skeb.jp/api/users/tekido215
2026-10-05 10:50:11 | INFO     | Saving at a/skeb/tekido215-69d1a3.json
2026-10-05 10:50:12 | INFO     | OK https://skeb.jp/api/users/niconico_mm31
2026-10-05 10:50:12 | INFO     | Saving at a/skeb/niconico_mm31-242bc3.json
2026-10-05 10:50:13 | INFO     | OK https://skeb.jp/api/users/sutunununu
2026-10-05 10:50:13 | INFO     | Saving at a/skeb/sutunununu-e452eb.json
2026-10-05 10:50:14 | INFO     | OK https://skeb.jp/api/users/sanada_jp
2026-10-05 10:50:14 | INFO     | Saving at a/skeb/sanada_jp-06ce4e.json
2026-10-05 10:50:15 | INFO     | OK https://skeb.jp/api/users/Hoshizora_Tugu
2026-10-05 10:50:15 | INFO     | Saving at a/skeb/Hoshizora_Tugu-617f37.json
2026-10-05 10:50:16 | INFO     | OK https://skeb.jp/api/users/kou_hiyoyo
2026-10-05 10:50:16 | INFO     | Saving at a/skeb/kou_hiyoyo-997fb9.json
2026-10-05 10:50:17 | INFO     | OK https://skeb.jp/api/users/milla_disco
2026-10-05 10:50:17 | INFO     | Saving at a/skeb/milla_disco-6841cb.json
2026-10-05 10:50:18 | INFO     | OK https://skeb.jp/api/users/ark__uxu
2026-10-05 10:50:18 | INFO     | Saving at a/skeb/ark__uxu-990e21.json
2026-10-05 10:50:19 | INFO     | OK https://skeb.jp/api/users/Kicdon_smash
2026-10-05 10:50:19 | INFO     | Saving at a/skeb/Kicdon_smash-62dcf5.json
2026-10-05 10:50:20 | INFO     | OK https://skeb.jp/api/users/XOXO_251
2026-10-05 10:50:20 | INFO     | Saving at a/skeb/XOXO_251-66011e.json
2026-10-05 10:50:21 | INFO     | OK https://skeb.jp/api/users/FKlow_owl
2026-10-05 10:50:21 | INFO     | Saving at a/skeb/FKlow_owl-85032c.json
2026-10-05 10:50:22 | INFO     | OK https://skeb.jp/api/users/salsiccia_m
2026-10-05 10:50:22 | INFO     | Saving at a/skeb/salsiccia_m-8422e9.json
2026-10-05 10:50:23 | INFO     | OK https://skeb.jp/api/users/m_hntt
2026-10-05 10:50:23 | INFO     | Saving at a/skeb/m_hntt-b8dafa.json
2026-10-05 10:50:24 | INFO     | OK https://skeb.jp/api/users/illu_kamo
2026-10-05 10:50:24 | INFO     | Saving at a/skeb/illu_kamo-4a395f.json
2026-10-05 10:50:25 | INFO     | OK https://skeb.jp/api/users/Rotsume428
2026-10-05 10:50:25 | INFO     | Saving at a/skeb/Rotsume428-4266b1.json
2026-10-05 10:50:26 | INFO     | OK https://skeb.jp/api/users/gerokizoku
2026-10-05 10:50:26 | INFO     | Saving at a/skeb/gerokizoku-85d25c.json
2026-10-05 10:50:27 | INFO     | OK https://skeb.jp/api/users/ICe_8864
2026-10-05 10:50:27 | INFO     | Saving at a/skeb/ICe_8864-9f0d57.json
2026-10-05 10:50:29 | INFO     | OK https://skeb.jp/api/users/sheep_messier
2026-10-05 10:50:29 | INFO     | Saving at a/skeb/sheep_messier-cad253.json
2026-10-05 10:50:29 | INFO     | OK https://skeb.jp/api/users/zota26
2026-10-05 10:50:29 | INFO     | Saving at a/skeb/zota26-6539ab.json
2026-10-05 10:50:30 | INFO     | OK https://skeb.jp/api/users/hano_yuyu
2026-10-05 10:50:30 | INFO     | Saving at a/skeb/hano_yuyu-975305.json
2026-10-05 10:50:31 | INFO     | OK https://skeb.jp/api/users/wara_nanda
2026-10-05 10:50:31 | INFO     | Saving at a/skeb/wara_nanda-a3b184.json
2026-10-05 10:50:32 | INFO     | OK https://skeb.jp/api/users/lTX1DxDGZjFSiPx
2026-10-05 10:50:32 | INFO     | Saving at a/skeb/lTX1DxDGZjFSiPx-c802f1.json
2026-10-05 10:50:33 | INFO     | OK https://skeb.jp/api/users/aradon_seaweed
2026-10-05 10:50:33 | INFO     | Saving at a/skeb/aradon_seaweed-c5a1d4.json
2026-10-05 10:50:34 | INFO     | OK https://skeb.jp/api/users/zipang200110
2026-10-05 10:50:34 | INFO     | Saving at a/skeb/zipang200110-1f4623.json
2026-10-05 10:50:35 | INFO     | OK https://skeb.jp/api/users/piningrevisited
2026-10-05 10:50:35 | INFO     | Saving at a/skeb/piningrevisited-feb138.json
2026-10-05 10:50:36 | INFO     | OK https://skeb.jp/api/users/10enjondo
2026-10-05 10:50:36 | INFO     | Saving at a/skeb/10enjondo-6b19ec.json
2026-10-05 10:50:37 | INFO     | OK https://skeb.jp/api/users/juziluohai
2026-10-05 10:50:37 | INFO     | Saving at a/skeb/juziluohai-2da9d7.json
2026-10-05 10:50:38 | INFO     | OK https://skeb.jp/api/users/Pandayo_shark
2026-10-05 10:50:38 | INFO     | Saving at a/skeb/Pandayo_shark-6c2d14.json
2026-10-05 10:50:39 | INFO     | OK https://skeb.jp/api/users/ten_nbr
2026-10-05 10:50:39 | INFO     | Saving at a/skeb/ten_nbr-1c80e1.json
2026-10-05 10:50:40 | INFO     | OK https://skeb.jp/api/users/CatAstley11
2026-10-05 10:50:40 | INFO     | Saving at a/skeb/CatAstley11-97ea6b.json
2026-10-05 10:50:41 | INFO     | OK https://skeb.jp/api/users/bori_ri_0912
2026-10-05 10:50:41 | INFO     | Saving at a/skeb/bori_ri_0912-5d6901.json
2026-10-05 10:50:43 | INFO     | OK https://skeb.jp/api/users/Copyrobot_ug
2026-10-05 10:50:43 | INFO     | Saving at a/skeb/Copyrobot_ug-0a6e81.json
2026-10-05 10:50:43 | INFO     | OK https://skeb.jp/api/users/kkr_rkgk
2026-10-05 10:50:43 | INFO     | Saving at a/skeb/kkr_rkgk-f6e36c.json
2026-10-05 10:50:44 | INFO     | OK https://skeb.jp/api/users/mnzk3_
2026-10-05 10:50:44 | INFO     | Saving at a/skeb/mnzk3_-3931ab.json
2026-10-05 10:50:45 | INFO     | OK https://skeb.jp/api/users/5t7ym
2026-10-05 10:50:45 | INFO     | Saving at a/skeb/5t7ym-57c7c0.json
2026-10-05 10:50:46 | INFO     | OK https://skeb.jp/api/users/YamiTsuyuri
2026-10-05 10:50:46 | INFO     | Saving at a/skeb/YamiTsuyuri-98ab59.json
2026-10-05 10:50:47 | INFO     | OK https://skeb.jp/api/users/uyu_milk_01
2026-10-05 10:50:47 | INFO     | Saving at a/skeb/uyu_milk_01-65ec0c.json
2026-10-05 10:50:48 | INFO     | OK https://skeb.jp/api/users/myouchinoouchi
2026-10-05 10:50:48 | INFO     | Saving at a/skeb/myouchinoouchi-4ce6fc.json
2026-10-05 10:50:49 | INFO     | OK https://skeb.jp/api/users/ponpeEX
2026-10-05 10:50:49 | INFO     | Saving at a/skeb/ponpeEX-fa4213.json
2026-10-05 10:50:50 | INFO     | OK https://skeb.jp/api/users/Antaro_0
2026-10-05 10:50:50 | INFO     | Saving at a/skeb/Antaro_0-a1e6d9.json
2026-10-05 10:50:51 | INFO     | OK https://skeb.jp/api/users/ishii_13kaidann
2026-10-05 10:50:51 | INFO     | Saving at a/skeb/ishii_13kaidann-36b79e.json
2026-10-05 10:50:52 | INFO     | OK https://skeb.jp/api/users/noma_ll
2026-10-05 10:50:52 | INFO     | Saving at a/skeb/noma_ll-29002c.json
2026-10-05 10:50:53 | INFO     | OK https://skeb.jp/api/users/mariopnn788
2026-10-05 10:50:53 | INFO     | Saving at a/skeb/mariopnn788-07cf8e.json
2026-10-05 10:50:54 | INFO     | OK https://skeb.jp/api/users/Killer
2026-10-05 10:50:54 | INFO     | Saving at a/skeb/Killer-13e02a.json
2026-10-05 10:50:55 | INFO     | OK https://skeb.jp/api/users/ubPQNSXpvn0xECd
2026-10-05 10:50:55 | INFO     | Saving at a/skeb/ubPQNSXpvn0xECd-ccfedf.json
2026-10-05 10:50:56 | INFO     | OK https://skeb.jp/api/users/Pnemo_ta
2026-10-05 10:50:56 | INFO     | Saving at a/skeb/Pnemo_ta-11ce6b.json
2026-10-05 10:50:57 | INFO     | OK https://skeb.jp/api/users/imoimoimo_96
2026-10-05 10:50:57 | INFO     | Saving at a/skeb/imoimoimo_96-9e8e63.json
2026-10-05 10:50:58 | INFO     | OK https://skeb.jp/api/users/870hanamanten
2026-10-05 10:50:58 | INFO     | Saving at a/skeb/870hanamanten-738cee.json
2026-10-05 10:50:59 | INFO     | OK https://skeb.jp/api/users/GuyzOtona
2026-10-05 10:50:59 | INFO     | Saving at a/skeb/GuyzOtona-16a14c.json
2026-10-05 10:51:00 | INFO     | OK https://skeb.jp/api/users/sweet013_
2026-10-05 10:51:00 | INFO     | Saving at a/skeb/sweet013_-16b91b.json
2026-10-05 10:51:01 | INFO     | OK https://skeb.jp/api/users/017ri
2026-10-05 10:51:01 | INFO     | Saving at a/skeb/017ri-688cbb.json
2026-10-05 10:51:02 | INFO     | OK https://skeb.jp/api/users/circussion
2026-10-05 10:51:02 | INFO     | Saving at a/skeb/circussion-916960.json
2026-10-05 10:51:03 | INFO     | OK https://skeb.jp/api/users/maguro_kaga
2026-10-05 10:51:03 | INFO     | Saving at a/skeb/maguro_kaga-b1615d.json
2026-10-05 10:51:04 | INFO     | OK https://skeb.jp/api/users/kurocazenosora
2026-10-05 10:51:04 | INFO     | Saving at a/skeb/kurocazenosora-1e63af.json
2026-10-05 10:51:05 | INFO     | OK https://skeb.jp/api/users/XPydP5SKBm
2026-10-05 10:51:05 | INFO     | Saving at a/skeb/XPydP5SKBm-6e338c.json
2026-10-05 10:51:06 | INFO     | OK https://skeb.jp/api/users/usanagi_kon
2026-10-05 10:51:06 | INFO     | Saving at a/skeb/usanagi_kon-9a9056.json
2026-10-05 10:51:08 | INFO     | OK https://skeb.jp/api/users/w1lm1
2026-10-05 10:51:08 | INFO     | Saving at a/skeb/w1lm1-434a2e.json
2026-10-05 10:51:08 | INFO     | OK https://skeb.jp/api/users/akui
2026-10-05 10:51:08 | INFO     | Saving at a/skeb/akui-deb4af.json
2026-10-05 10:51:09 | INFO     | OK https://skeb.jp/api/users/_pipipi_2
2026-10-05 10:51:09 | INFO     | Saving at a/skeb/_pipipi_2-38c525.json
2026-10-05 10:51:10 | INFO     | OK https://skeb.jp/api/users/akitsu01
2026-10-05 10:51:10 | INFO     | Saving at a/skeb/akitsu01-3d956d.json
2026-10-05 10:51:11 | INFO     | OK https://skeb.jp/api/users/kizamineginegi
2026-10-05 10:51:11 | INFO     | Saving at a/skeb/kizamineginegi-5e23a9.json
2026-10-05 10:51:12 | INFO     | OK https://skeb.jp/api/users/oochan_25
2026-10-05 10:51:12 | INFO     | Saving at a/skeb/oochan_25-ca5f9e.json
2026-10-05 10:51:13 | INFO     | OK https://skeb.jp/api/users/rakupote
2026-10-05 10:51:13 | INFO     | Saving at a/skeb/rakupote-8af0ae.json
2026-10-05 10:51:14 | INFO     | OK https://skeb.jp/api/users/Babui__074
2026-10-05 10:51:14 | INFO     | Saving at a/skeb/Babui__074-daa06d.json
2026-10-05 10:51:15 | INFO     | OK https://skeb.jp/api/users/eria__a
2026-10-05 10:51:15 | INFO     | Saving at a/skeb/eria__a-0af4e5.json
2026-10-05 10:51:16 | INFO     | OK https://skeb.jp/api/users/negi_toro07
2026-10-05 10:51:16 | INFO     | Saving at a/skeb/negi_toro07-761bd9.json
2026-10-05 10:51:17 | INFO     | OK https://skeb.jp/api/users/Dokko__yogen
2026-10-05 10:51:17 | INFO     | Saving at a/skeb/Dokko__yogen-8994c1.json
2026-10-05 10:51:18 | INFO     | OK https://skeb.jp/api/users/hukasigi_nayuta
2026-10-05 10:51:18 | INFO     | Saving at a/skeb/hukasigi_nayuta-088f56.json
2026-10-05 10:51:19 | INFO     | OK https://skeb.jp/api/users/kase_njiki
2026-10-05 10:51:19 | INFO     | Saving at a/skeb/kase_njiki-506a01.json
2026-10-05 10:51:20 | INFO     | OK https://skeb.jp/api/users/MUJINZAIRAISEN
2026-10-05 10:51:20 | INFO     | Saving at a/skeb/MUJINZAIRAISEN-a3eab9.json
2026-10-05 10:51:21 | INFO     | OK https://skeb.jp/api/users/sznming
2026-10-05 10:51:21 | INFO     | Saving at a/skeb/sznming-1efd61.json
2026-10-05 10:51:22 | INFO     | OK https://skeb.jp/api/users/todosionlovechu
2026-10-05 10:51:22 | INFO     | Saving at a/skeb/todosionlovechu-2ae44d.json
2026-10-05 10:51:23 | INFO     | OK https://skeb.jp/api/users/Chiyo9573
2026-10-05 10:51:23 | INFO     | Saving at a/skeb/Chiyo9573-3284d5.json
2026-10-05 10:51:24 | INFO     | OK https://skeb.jp/api/users/aofuji0908
2026-10-05 10:51:24 | INFO     | Saving at a/skeb/aofuji0908-56307e.json
2026-10-05 10:51:25 | INFO     | OK https://skeb.jp/api/users/akita_
2026-10-05 10:51:25 | INFO     | Saving at a/skeb/akita_-43e598.json
2026-10-05 10:51:26 | INFO     | OK https://skeb.jp/api/users/CoPaPano_PA
2026-10-05 10:51:26 | INFO     | Saving at a/skeb/CoPaPano_PA-3e77a9.json
2026-10-05 10:51:27 | INFO     | OK https://skeb.jp/api/users/Kemyo_
2026-10-05 10:51:27 | INFO     | Saving at a/skeb/Kemyo_-712ae4.json
2026-10-05 10:51:28 | INFO     | OK https://skeb.jp/api/users/TSUFUJI43
2026-10-05 10:51:28 | INFO     | Saving at a/skeb/TSUFUJI43-ce16c4.json
2026-10-05 10:51:29 | INFO     | OK https://skeb.jp/api/users/Nabetabetaiz
2026-10-05 10:51:29 | INFO     | Saving at a/skeb/Nabetabetaiz-6c1757.json
2026-10-05 10:51:30 | INFO     | OK https://skeb.jp/api/users/seFuC0pJLsEUlht
2026-10-05 10:51:30 | INFO     | Saving at a/skeb/seFuC0pJLsEUlht-44f051.json
2026-10-05 10:51:31 | INFO     | OK https://skeb.jp/api/users/hutaka72
2026-10-05 10:51:31 | INFO     | Saving at a/skeb/hutaka72-d2d97e.json
2026-10-05 10:51:32 | INFO     | OK https://skeb.jp/api/users/R_273EI
2026-10-05 10:51:32 | INFO     | Saving at a/skeb/R_273EI-d3156a.json
2026-10-05 10:51:33 | INFO     | OK https://skeb.jp/api/users/MIAN737373
2026-10-05 10:51:33 | INFO     | Saving at a/skeb/MIAN737373-ee3150.json
2026-10-05 10:51:34 | INFO     | OK https://skeb.jp/api/users/robatakahiro
2026-10-05 10:51:34 | INFO     | Saving at a/skeb/robatakahiro-bd09fa.json
2026-10-05 10:51:35 | INFO     | OK https://skeb.jp/api/users/izukemomo
2026-10-05 10:51:35 | INFO     | Saving at a/skeb/izukemomo-3fb602.json
2026-10-05 10:51:36 | INFO     | OK https://skeb.jp/api/users/emapersona
2026-10-05 10:51:36 | INFO     | Saving at a/skeb/emapersona-ce5aa5.json
2026-10-05 10:51:37 | INFO     | OK https://skeb.jp/api/users/tani_gorira
2026-10-05 10:51:37 | INFO     | Saving at a/skeb/tani_gorira-7521aa.json
2026-10-05 10:51:38 | INFO     | OK https://skeb.jp/api/users/NEO_lapis_
2026-10-05 10:51:38 | INFO     | Saving at a/skeb/NEO_lapis_-6836df.json
2026-10-05 10:51:39 | INFO     | OK https://skeb.jp/api/users/Sushi_pm3
2026-10-05 10:51:39 | INFO     | Saving at a/skeb/Sushi_pm3-0a8688.json
2026-10-05 10:51:40 | INFO     | OK https://skeb.jp/api/users/dorucheru
2026-10-05 10:51:40 | INFO     | Saving at a/skeb/dorucheru-e98569.json
2026-10-05 10:51:41 | INFO     | OK https://skeb.jp/api/users/tounyuhiko
2026-10-05 10:51:41 | INFO     | Saving at a/skeb/tounyuhiko-265d73.json
2026-10-05 10:51:42 | INFO     | OK https://skeb.jp/api/users/ta_u_la
2026-10-05 10:51:42 | INFO     | Saving at a/skeb/ta_u_la-94f98a.json
2026-10-05 10:51:43 | INFO     | OK https://skeb.jp/api/users/sainarohh
2026-10-05 10:51:43 | INFO     | Saving at a/skeb/sainarohh-fce3e0.json
2026-10-05 10:51:44 | INFO     | OK https://skeb.jp/api/users/suzu_shiina00
2026-10-05 10:51:44 | INFO     | Saving at a/skeb/suzu_shiina00-adb15f.json
2026-10-05 10:51:45 | INFO     | OK https://skeb.jp/api/users/yataramettara10
2026-10-05 10:51:45 | INFO     | Saving at a/skeb/yataramettara10-7b8c8f.json
2026-10-05 10:51:46 | INFO     | OK https://skeb.jp/api/users/koutyanomitai
2026-10-05 10:51:46 | INFO     | Saving at a/skeb/koutyanomitai-2271bd.json
2026-10-05 10:51:47 | INFO     | OK https://skeb.jp/api/users/kromatinos
2026-10-05 10:51:47 | INFO     | Saving at a/skeb/kromatinos-37e0a2.json
2026-10-05 10:51:48 | INFO     | OK https://skeb.jp/api/users/53_trpg_r2
2026-10-05 10:51:48 | INFO     | Saving at a/skeb/53_trpg_r2-3614a1.json
2026-10-05 10:51:49 | INFO     | OK https://skeb.jp/api/users/1k1nu9
2026-10-05 10:51:49 | INFO     | Saving at a/skeb/1k1nu9-516d48.json
2026-10-05 10:51:50 | INFO     | OK https://skeb.jp/api/users/jYwKVZElUZdTz2i
2026-10-05 10:51:50 | INFO     | Saving at a/skeb/jYwKVZElUZdTz2i-508430.json
2026-10-05 10:51:51 | INFO     | OK https://skeb.jp/api/users/46Mnf
2026-10-05 10:51:51 | INFO     | Saving at a/skeb/46Mnf-3061ab.json
2026-10-05 10:51:52 | INFO     | OK https://skeb.jp/api/users/Kiri_Frog
2026-10-05 10:51:52 | INFO     | Saving at a/skeb/Kiri_Frog-f6e809.json
2026-10-05 10:51:54 | INFO     | OK https://skeb.jp/api/users/mii_nyanko96
2026-10-05 10:51:54 | INFO     | Saving at a/skeb/mii_nyanko96-1b9159.json
2026-10-05 10:51:54 | INFO     | OK https://skeb.jp/api/users/appleluncher
2026-10-05 10:51:54 | INFO     | Saving at a/skeb/appleluncher-3f3941.json
2026-10-05 10:51:55 | INFO     | OK https://skeb.jp/api/users/cougar1404
2026-10-05 10:51:55 | INFO     | Saving at a/skeb/cougar1404-307f00.json
2026-10-05 10:51:56 | INFO     | OK https://skeb.jp/api/users/ootaillust18
2026-10-05 10:51:56 | INFO     | Saving at a/skeb/ootaillust18-013427.json
2026-10-05 10:51:57 | INFO     | OK https://skeb.jp/api/users/kurimori_
2026-10-05 10:51:57 | INFO     | Saving at a/skeb/kurimori_-a99937.json
2026-10-05 10:51:58 | INFO     | OK https://skeb.jp/api/users/shimezaki_trpg
2026-10-05 10:51:58 | INFO     | Saving at a/skeb/shimezaki_trpg-a92962.json
2026-10-05 10:52:00 | INFO     | OK https://skeb.jp/api/users/choroidoragon
2026-10-05 10:52:00 | INFO     | Saving at a/skeb/choroidoragon-5ef46f.json
2026-10-05 10:52:00 | INFO     | OK https://skeb.jp/api/users/kusugurijin
2026-10-05 10:52:00 | INFO     | Saving at a/skeb/kusugurijin-9cf657.json
2026-10-05 10:52:01 | INFO     | OK https://skeb.jp/api/users/rrrrr6a
2026-10-05 10:52:01 | INFO     | Saving at a/skeb/rrrrr6a-e05f4f.json
2026-10-05 10:52:02 | INFO     | OK https://skeb.jp/api/users/ve_0ekaki
2026-10-05 10:52:02 | INFO     | Saving at a/skeb/ve_0ekaki-3232fd.json
2026-10-05 10:52:03 | INFO     | OK https://skeb.jp/api/users/maroyaka_inusan
2026-10-05 10:52:03 | INFO     | Saving at a/skeb/maroyaka_inusan-89ddd2.json
2026-10-05 10:52:05 | INFO     | OK https://skeb.jp/api/users/sorakamidac
2026-10-05 10:52:05 | INFO     | Saving at a/skeb/sorakamidac-e11ed8.json
2026-10-05 10:52:05 | INFO     | OK https://skeb.jp/api/users/_onymki2
2026-10-05 10:52:05 | INFO     | Saving at a/skeb/_onymki2-e68c26.json
2026-10-05 10:52:06 | INFO     | OK https://skeb.jp/api/users/sotei06
2026-10-05 10:52:06 | INFO     | Saving at a/skeb/sotei06-e17632.json
2026-10-05 10:52:07 | INFO     | OK https://skeb.jp/api/users/MinazukiAmayo
2026-10-05 10:52:07 | INFO     | Saving at a/skeb/MinazukiAmayo-9b8a7a.json
2026-10-05 10:52:08 | INFO     | OK https://skeb.jp/api/users/hokan185
2026-10-05 10:52:08 | INFO     | Saving at a/skeb/hokan185-60454e.json
2026-10-05 10:52:09 | INFO     | OK https://skeb.jp/api/users/futa_yuri_ryona
2026-10-05 10:52:09 | INFO     | Saving at a/skeb/futa_yuri_ryona-f87d76.json
2026-10-05 10:52:10 | INFO     | OK https://skeb.jp/api/users/muroku669
2026-10-05 10:52:10 | INFO     | Saving at a/skeb/muroku669-f6bccc.json
2026-10-05 10:52:11 | INFO     | OK https://skeb.jp/api/users/Feizi017
2026-10-05 10:52:11 | INFO     | Saving at a/skeb/Feizi017-7d1a47.json
2026-10-05 10:52:12 | INFO     | OK https://skeb.jp/api/users/hiraga_matsuri
2026-10-05 10:52:12 | INFO     | Saving at a/skeb/hiraga_matsuri-1b642e.json
2026-10-05 10:52:13 | INFO     | OK https://skeb.jp/api/users/_o_shi_my_
2026-10-05 10:52:13 | INFO     | Saving at a/skeb/_o_shi_my_-f28be7.json
2026-10-05 10:52:15 | INFO     | OK https://skeb.jp/api/users/sirogane
2026-10-05 10:52:15 | INFO     | Saving at a/skeb/sirogane-cda08a.json
2026-10-05 10:52:15 | INFO     | OK https://skeb.jp/api/users/a_sumaru
2026-10-05 10:52:15 | INFO     | Saving at a/skeb/a_sumaru-dd5c5d.json
2026-10-05 10:52:16 | INFO     | OK https://skeb.jp/api/users/HuyunoSariyu
2026-10-05 10:52:16 | INFO     | Saving at a/skeb/HuyunoSariyu-e5f527.json
2026-10-05 10:52:17 | INFO     | OK https://skeb.jp/api/users/GENSOU_destroy4
2026-10-05 10:52:17 | INFO     | Saving at a/skeb/GENSOU_destroy4-4e06f0.json
2026-10-05 10:52:18 | INFO     | OK https://skeb.jp/api/users/yukimi1128
2026-10-05 10:52:18 | INFO     | Saving at a/skeb/yukimi1128-68826a.json
2026-10-05 10:52:19 | INFO     | OK https://skeb.jp/api/users/leally_big_rice
2026-10-05 10:52:19 | INFO     | Saving at a/skeb/leally_big_rice-991af6.json
2026-10-05 10:52:20 | INFO     | OK https://skeb.jp/api/users/goodsleepy2
2026-10-05 10:52:20 | INFO     | Saving at a/skeb/goodsleepy2-e13404.json
2026-10-05 10:52:21 | INFO     | OK https://skeb.jp/api/users/voifooooooork
2026-10-05 10:52:21 | INFO     | Saving at a/skeb/voifooooooork-ad47eb.json
2026-10-05 10:52:22 | INFO     | OK https://skeb.jp/api/users/A9TD_0
2026-10-05 10:52:22 | INFO     | Saving at a/skeb/A9TD_0-b3219e.json
2026-10-05 10:52:23 | INFO     | OK https://skeb.jp/api/users/nehituji21
2026-10-05 10:52:23 | INFO     | Saving at a/skeb/nehituji21-718065.json
2026-10-05 10:52:24 | INFO     | OK https://skeb.jp/api/users/neruneko11311
2026-10-05 10:52:24 | INFO     | Saving at a/skeb/neruneko11311-77c2f5.json
2026-10-05 10:52:25 | INFO     | OK https://skeb.jp/api/users/YzgHbpMVbQmjzfh
2026-10-05 10:52:25 | INFO     | Saving at a/skeb/YzgHbpMVbQmjzfh-791ed5.json
2026-10-05 10:52:26 | INFO     | OK https://skeb.jp/api/users/kenkai026
2026-10-05 10:52:26 | INFO     | Saving at a/skeb/kenkai026-cfbf73.json
2026-10-05 10:52:27 | INFO     | OK https://skeb.jp/api/users/dawa300
2026-10-05 10:52:27 | INFO     | Saving at a/skeb/dawa300-b8c7d8.json
2026-10-05 10:52:28 | INFO     | OK https://skeb.jp/api/users/ringo_1106
2026-10-05 10:52:28 | INFO     | Saving at a/skeb/ringo_1106-7f3a45.json
2026-10-05 10:52:30 | INFO     | OK https://skeb.jp/api/users/sitisaie
2026-10-05 10:52:30 | INFO     | Saving at a/skeb/sitisaie-676fda.json
2026-10-05 10:52:30 | INFO     | OK https://skeb.jp/api/users/UlonoT0
2026-10-05 10:52:30 | INFO     | Saving at a/skeb/UlonoT0-f753e6.json
2026-10-05 10:52:31 | INFO     | OK https://skeb.jp/api/users/Lota_SAN
2026-10-05 10:52:31 | INFO     | Saving at a/skeb/Lota_SAN-68b43b.json
2026-10-05 10:52:33 | INFO     | OK https://skeb.jp/api/users/kusatsumirei
2026-10-05 10:52:33 | INFO     | Saving at a/skeb/kusatsumirei-0530a7.json
2026-10-05 10:52:33 | INFO     | OK https://skeb.jp/api/users/sakanau_ouo
2026-10-05 10:52:33 | INFO     | Saving at a/skeb/sakanau_ouo-dc6b18.json
2026-10-05 10:52:34 | INFO     | OK https://skeb.jp/api/users/akito_L904
2026-10-05 10:52:34 | INFO     | Saving at a/skeb/akito_L904-d848aa.json
2026-10-05 10:52:35 | INFO     | OK https://skeb.jp/api/users/0yukiya0
2026-10-05 10:52:35 | INFO     | Saving at a/skeb/0yukiya0-e7f75c.json
2026-10-05 10:52:37 | INFO     | OK https://skeb.jp/api/users/yasai_yudu
2026-10-05 10:52:37 | INFO     | Saving at a/skeb/yasai_yudu-94c620.json
2026-10-05 10:52:37 | INFO     | OK https://skeb.jp/api/users/yzy_v2
2026-10-05 10:52:37 | INFO     | Saving at a/skeb/yzy_v2-a06191.json
2026-10-05 10:52:38 | INFO     | OK https://skeb.jp/api/users/riman13682518
2026-10-05 10:52:38 | INFO     | Saving at a/skeb/riman13682518-d1d7f6.json
2026-10-05 10:52:40 | INFO     | OK https://skeb.jp/api/users/fritud89
2026-10-05 10:52:40 | INFO     | Saving at a/skeb/fritud89-1a4c7e.json
2026-10-05 10:52:41 | INFO     | OK https://skeb.jp/api/users/Arai_n0
2026-10-05 10:52:41 | INFO     | Saving at a/skeb/Arai_n0-cf23f2.json
2026-10-05 10:52:42 | INFO     | OK https://skeb.jp/api/users/hanasakichusub
2026-10-05 10:52:42 | INFO     | Saving at a/skeb/hanasakichusub-9a955d.json
2026-10-05 10:52:42 | INFO     | OK https://skeb.jp/api/users/Omega12121031
2026-10-05 10:52:42 | INFO     | Saving at a/skeb/Omega12121031-05673c.json
2026-10-05 10:52:43 | INFO     | OK https://skeb.jp/api/users/chicagox_x
2026-10-05 10:52:43 | INFO     | Saving at a/skeb/chicagox_x-88dd75.json
2026-10-05 10:52:44 | INFO     | OK https://skeb.jp/api/users/mmck111
2026-10-05 10:52:44 | INFO     | Saving at a/skeb/mmck111-b7f82b.json
2026-10-05 10:52:45 | INFO     | OK https://skeb.jp/api/users/t_r_to
2026-10-05 10:52:45 | INFO     | Saving at a/skeb/t_r_to-06b6a7.json
2026-10-05 10:52:47 | INFO     | OK https://skeb.jp/api/users/hitoishi_14n2i5
2026-10-05 10:52:47 | INFO     | Saving at a/skeb/hitoishi_14n2i5-830428.json
2026-10-05 10:52:47 | INFO     | OK https://skeb.jp/api/users/00__hino
2026-10-05 10:52:47 | INFO     | Saving at a/skeb/00__hino-9c278b.json
2026-10-05 10:52:48 | INFO     | OK https://skeb.jp/api/users/motiuma3
2026-10-05 10:52:48 | INFO     | Saving at a/skeb/motiuma3-0a820f.json
2026-10-05 10:52:49 | INFO     | OK https://skeb.jp/api/users/iz_sleep_bubble
2026-10-05 10:52:49 | INFO     | Saving at a/skeb/iz_sleep_bubble-01347d.json
2026-10-05 10:52:50 | INFO     | OK https://skeb.jp/api/users/mmm_2424
2026-10-05 10:52:50 | INFO     | Saving at a/skeb/mmm_2424-d2855f.json
2026-10-05 10:52:51 | INFO     | OK https://skeb.jp/api/users/yasigani
2026-10-05 10:52:51 | INFO     | Saving at a/skeb/yasigani-498186.json
2026-10-05 10:52:52 | INFO     | OK https://skeb.jp/api/users/P0_prk
2026-10-05 10:52:52 | INFO     | Saving at a/skeb/P0_prk-7fed9d.json
2026-10-05 10:52:53 | INFO     | OK https://skeb.jp/api/users/downfallwinter
2026-10-05 10:52:53 | INFO     | Saving at a/skeb/downfallwinter-6e87b5.json
2026-10-05 10:52:54 | INFO     | OK https://skeb.jp/api/users/kedama_shoku
2026-10-05 10:52:54 | INFO     | Saving at a/skeb/kedama_shoku-3594a7.json
2026-10-05 10:52:55 | INFO     | OK https://skeb.jp/api/users/xx_betti
2026-10-05 10:52:55 | INFO     | Saving at a/skeb/xx_betti-671f9c.json
2026-10-05 10:52:57 | INFO     | OK https://skeb.jp/api/users/tarao38_sannma
2026-10-05 10:52:57 | INFO     | Saving at a/skeb/tarao38_sannma-334666.json
2026-10-05 10:52:57 | INFO     | OK https://skeb.jp/api/users/PwgP6_tomato
2026-10-05 10:52:57 | INFO     | Saving at a/skeb/PwgP6_tomato-831c46.json
2026-10-05 10:52:59 | INFO     | OK https://skeb.jp/api/users/komai_1111
2026-10-05 10:52:59 | INFO     | Saving at a/skeb/komai_1111-3e7916.json
2026-10-05 10:52:59 | INFO     | OK https://skeb.jp/api/users/suk_195
2026-10-05 10:52:59 | INFO     | Saving at a/skeb/suk_195-b906d7.json
2026-10-05 10:53:00 | INFO     | OK https://skeb.jp/api/users/makeyosi_wt
2026-10-05 10:53:00 | INFO     | Saving at a/skeb/makeyosi_wt-8b8abf.json
2026-10-05 10:53:01 | INFO     | OK https://skeb.jp/api/users/keeper_curater1
2026-10-05 10:53:01 | INFO     | Saving at a/skeb/keeper_curater1-4a4d1f.json
2026-10-05 10:53:02 | INFO     | OK https://skeb.jp/api/users/hibi89_
2026-10-05 10:53:02 | INFO     | Saving at a/skeb/hibi89_-826f6a.json
2026-10-05 10:53:03 | INFO     | OK https://skeb.jp/api/users/kaname214
2026-10-05 10:53:03 | INFO     | Saving at a/skeb/kaname214-086f8e.json
2026-10-05 10:53:04 | INFO     | OK https://skeb.jp/api/users/okayugohaaaaaan
2026-10-05 10:53:04 | INFO     | Saving at a/skeb/okayugohaaaaaan-652ff6.json
2026-10-05 10:53:05 | INFO     | OK https://skeb.jp/api/users/yomosuekamo
2026-10-05 10:53:05 | INFO     | Saving at a/skeb/yomosuekamo-d1a170.json
2026-10-05 10:53:07 | INFO     | OK https://skeb.jp/api/users/kitamuraminori
2026-10-05 10:53:07 | INFO     | Saving at a/skeb/kitamuraminori-bb682e.json
2026-10-05 10:53:07 | INFO     | OK https://skeb.jp/api/users/maru_no_sub
2026-10-05 10:53:07 | INFO     | Saving at a/skeb/maru_no_sub-3e02f3.json
2026-10-05 10:53:08 | INFO     | OK https://skeb.jp/api/users/yanndere_daiso
2026-10-05 10:53:08 | INFO     | Saving at a/skeb/yanndere_daiso-ab01aa.json
2026-10-05 10:53:09 | INFO     | OK https://skeb.jp/api/users/nasunako_petit
2026-10-05 10:53:09 | INFO     | Saving at a/skeb/nasunako_petit-010806.json
2026-10-05 10:53:10 | INFO     | OK https://skeb.jp/api/users/gimmigaming
2026-10-05 10:53:10 | INFO     | Saving at a/skeb/gimmigaming-a2a5ae.json
2026-10-05 10:53:12 | INFO     | OK https://skeb.jp/api/users/utaritau
2026-10-05 10:53:12 | INFO     | Saving at a/skeb/utaritau-4ab7a4.json
2026-10-05 10:53:12 | INFO     | OK https://skeb.jp/api/users/natsune_gene
2026-10-05 10:53:12 | INFO     | Saving at a/skeb/natsune_gene-447259.json
2026-10-05 10:53:13 | INFO     | OK https://skeb.jp/api/users/kuzumochi800
2026-10-05 10:53:13 | INFO     | Saving at a/skeb/kuzumochi800-2fafc1.json
2026-10-05 10:53:14 | INFO     | OK https://skeb.jp/api/users/kanade_shizuki
2026-10-05 10:53:14 | INFO     | Saving at a/skeb/kanade_shizuki-11f1e9.json
2026-10-05 10:53:15 | INFO     | OK https://skeb.jp/api/users/ma5ka4nai
2026-10-05 10:53:15 | INFO     | Saving at a/skeb/ma5ka4nai-bdf478.json
2026-10-05 10:53:17 | INFO     | OK https://skeb.jp/api/users/ZyAxfwl
2026-10-05 10:53:17 | INFO     | Saving at a/skeb/ZyAxfwl-f7a85c.json
2026-10-05 10:53:17 | INFO     | OK https://skeb.jp/api/users/yaginaoki
2026-10-05 10:53:17 | INFO     | Saving at a/skeb/yaginaoki-d24c5f.json
2026-10-05 10:53:18 | INFO     | OK https://skeb.jp/api/users/OSHATISAN
2026-10-05 10:53:18 | INFO     | Saving at a/skeb/OSHATISAN-2488dc.json
2026-10-05 10:53:19 | INFO     | OK https://skeb.jp/api/users/wachichi__3
2026-10-05 10:53:19 | INFO     | Saving at a/skeb/wachichi__3-74cbea.json
2026-10-05 10:53:20 | INFO     | OK https://skeb.jp/api/users/doooorakeeeee
2026-10-05 10:53:20 | INFO     | Saving at a/skeb/doooorakeeeee-91cf03.json
2026-10-05 10:53:21 | INFO     | OK https://skeb.jp/api/users/mozukuwasukikai
2026-10-05 10:53:21 | INFO     | Saving at a/skeb/mozukuwasukikai-e30297.json
2026-10-05 10:53:22 | INFO     | OK https://skeb.jp/api/users/youki_gdn
2026-10-05 10:53:22 | INFO     | Saving at a/skeb/youki_gdn-4bb82d.json
2026-10-05 10:53:23 | INFO     | OK https://skeb.jp/api/users/masakinanaya
2026-10-05 10:53:23 | INFO     | Saving at a/skeb/masakinanaya-36b988.json
2026-10-05 10:53:25 | INFO     | OK https://skeb.jp/api/users/syouga_6383
2026-10-05 10:53:25 | INFO     | Saving at a/skeb/syouga_6383-a5ec40.json
2026-10-05 10:53:25 | INFO     | OK https://skeb.jp/api/users/yama8tomi
2026-10-05 10:53:25 | INFO     | Saving at a/skeb/yama8tomi-f8fc90.json
2026-10-05 10:53:26 | INFO     | OK https://skeb.jp/api/users/skm3
2026-10-05 10:53:26 | INFO     | Saving at a/skeb/skm3-440679.json
2026-10-05 10:53:28 | INFO     | OK https://skeb.jp/api/users/YP8CxqH2zXYuzib
2026-10-05 10:53:28 | INFO     | Saving at a/skeb/YP8CxqH2zXYuzib-5bd9cb.json
2026-10-05 10:53:28 | INFO     | OK https://skeb.jp/api/users/kinkindam
2026-10-05 10:53:28 | INFO     | Saving at a/skeb/kinkindam-86d0d5.json
2026-10-05 10:53:29 | INFO     | OK https://skeb.jp/api/users/adKLahNIeHOV6Ib
2026-10-05 10:53:29 | INFO     | Saving at a/skeb/adKLahNIeHOV6Ib-554c7a.json
2026-10-05 10:53:30 | INFO     | OK https://skeb.jp/api/users/cohalu_1109
2026-10-05 10:53:31 | INFO     | Saving at a/skeb/cohalu_1109-638205.json
2026-10-05 10:53:31 | INFO     | OK https://skeb.jp/api/users/mothipaseri
2026-10-05 10:53:31 | INFO     | Saving at a/skeb/mothipaseri-173096.json
2026-10-05 10:53:32 | INFO     | OK https://skeb.jp/api/users/659328652ad
2026-10-05 10:53:32 | INFO     | Saving at a/skeb/659328652ad-845dbc.json
2026-10-05 10:53:34 | INFO     | OK https://skeb.jp/api/users/ooo_0926
2026-10-05 10:53:34 | INFO     | Saving at a/skeb/ooo_0926-4f97ee.json
2026-10-05 10:53:34 | INFO     | OK https://skeb.jp/api/users/4040lmn
2026-10-05 10:53:34 | INFO     | Saving at a/skeb/4040lmn-f5491a.json
2026-10-05 10:53:35 | INFO     | OK https://skeb.jp/api/users/bawad__
2026-10-05 10:53:35 | INFO     | Saving at a/skeb/bawad__-5b89be.json
2026-10-05 10:53:36 | INFO     | OK https://skeb.jp/api/users/motimonaka3
2026-10-05 10:53:36 | INFO     | Saving at a/skeb/motimonaka3-227bb8.json
2026-10-05 10:53:37 | INFO     | OK https://skeb.jp/api/users/f2173
2026-10-05 10:53:37 | INFO     | Saving at a/skeb/f2173-aa213c.json
2026-10-05 10:53:39 | INFO     | OK https://skeb.jp/api/users/morikontan
2026-10-05 10:53:39 | INFO     | Saving at a/skeb/morikontan-f8ff58.json
2026-10-05 10:53:40 | INFO     | OK https://skeb.jp/api/users/7770_illust
2026-10-05 10:53:40 | INFO     | Saving at a/skeb/7770_illust-b1c3ac.json
2026-10-05 10:53:40 | INFO     | OK https://skeb.jp/api/users/momosu___momo
2026-10-05 10:53:40 | INFO     | Saving at a/skeb/momosu___momo-e7afa1.json
2026-10-05 10:53:41 | INFO     | OK https://skeb.jp/api/users/ebiebi_r
2026-10-05 10:53:41 | INFO     | Saving at a/skeb/ebiebi_r-507bad.json
2026-10-05 10:53:42 | INFO     | OK https://skeb.jp/api/users/SaBshio288
2026-10-05 10:53:42 | INFO     | Saving at a/skeb/SaBshio288-7ec2f7.json
2026-10-05 10:53:43 | INFO     | OK https://skeb.jp/api/users/sorute_12
2026-10-05 10:53:43 | INFO     | Saving at a/skeb/sorute_12-cc33a6.json
2026-10-05 10:53:44 | INFO     | OK https://skeb.jp/api/users/wix3cos
2026-10-05 10:53:44 | INFO     | Saving at a/skeb/wix3cos-50d5c3.json
2026-10-05 10:53:45 | INFO     | OK https://skeb.jp/api/users/sochobz
2026-10-05 10:53:45 | INFO     | Saving at a/skeb/sochobz-ce8c25.json
2026-10-05 10:53:46 | INFO     | OK https://skeb.jp/api/users/toripuru_color
2026-10-05 10:53:46 | INFO     | Saving at a/skeb/toripuru_color-292a79.json
2026-10-05 10:53:48 | INFO     | OK https://skeb.jp/api/users/NDs666666
2026-10-05 10:53:48 | INFO     | Saving at a/skeb/NDs666666-9baa08.json
2026-10-05 10:53:48 | INFO     | OK https://skeb.jp/api/users/pomu0000
2026-10-05 10:53:48 | INFO     | Saving at a/skeb/pomu0000-b80ca8.json
2026-10-05 10:53:50 | INFO     | OK https://skeb.jp/api/users/kuchiki_rina
2026-10-05 10:53:50 | INFO     | Saving at a/skeb/kuchiki_rina-375ece.json
2026-10-05 10:53:50 | INFO     | OK https://skeb.jp/api/users/akrngo_0708
2026-10-05 10:53:50 | INFO     | Saving at a/skeb/akrngo_0708-d2375c.json
2026-10-05 10:53:51 | INFO     | OK https://skeb.jp/api/users/1v9ss
2026-10-05 10:53:51 | INFO     | Saving at a/skeb/1v9ss-fcc267.json
2026-10-05 10:53:52 | INFO     | OK https://skeb.jp/api/users/asupamayo210
2026-10-05 10:53:52 | INFO     | Saving at a/skeb/asupamayo210-6776d6.json
2026-10-05 10:53:53 | INFO     | OK https://skeb.jp/api/users/suimizG
2026-10-05 10:53:53 | INFO     | Saving at a/skeb/suimizG-2beb3c.json
2026-10-05 10:53:54 | INFO     | OK https://skeb.jp/api/users/kamuraaa_615
2026-10-05 10:53:54 | INFO     | Saving at a/skeb/kamuraaa_615-c467a7.json
2026-10-05 10:53:55 | INFO     | OK https://skeb.jp/api/users/yyqki_
2026-10-05 10:53:55 | INFO     | Saving at a/skeb/yyqki_-f3dc2f.json
2026-10-05 10:53:56 | INFO     | OK https://skeb.jp/api/users/kuronecororo
2026-10-05 10:53:56 | INFO     | Saving at a/skeb/kuronecororo-f5aef0.json
2026-10-05 10:53:57 | INFO     | OK https://skeb.jp/api/users/goodgoodningen
2026-10-05 10:53:57 | INFO     | Saving at a/skeb/goodgoodningen-a19f66.json
2026-10-05 10:53:58 | INFO     | OK https://skeb.jp/api/users/revolver_03
2026-10-05 10:53:58 | INFO     | Saving at a/skeb/revolver_03-27c9c2.json
2026-10-05 10:54:00 | INFO     | OK https://skeb.jp/api/users/act_partner
2026-10-05 10:54:00 | INFO     | Saving at a/skeb/act_partner-fd189e.json
2026-10-05 10:54:00 | INFO     | OK https://skeb.jp/api/users/yukinoko12_
2026-10-05 10:54:00 | INFO     | Saving at a/skeb/yukinoko12_-6b89fe.json
2026-10-05 10:54:01 | INFO     | OK https://skeb.jp/api/users/yutch_kmn
2026-10-05 10:54:01 | INFO     | Saving at a/skeb/yutch_kmn-9d0e4c.json
2026-10-05 10:54:03 | INFO     | OK https://skeb.jp/api/users/11karin23
2026-10-05 10:54:03 | INFO     | Saving at a/skeb/11karin23-6654cf.json
2026-10-05 10:54:03 | INFO     | OK https://skeb.jp/api/users/ilolikoiko
2026-10-05 10:54:03 | INFO     | Saving at a/skeb/ilolikoiko-b2f08c.json
2026-10-05 10:54:04 | INFO     | OK https://skeb.jp/api/users/vorpal_cotton
2026-10-05 10:54:04 | INFO     | Saving at a/skeb/vorpal_cotton-b262cf.json
2026-10-05 10:54:06 | INFO     | OK https://skeb.jp/api/users/ata1n0E
2026-10-05 10:54:06 | INFO     | Saving at a/skeb/ata1n0E-c5e719.json
2026-10-05 10:54:07 | INFO     | OK https://skeb.jp/api/users/minto_0604
2026-10-05 10:54:07 | INFO     | Saving at a/skeb/minto_0604-56e9d7.json
2026-10-05 10:54:07 | INFO     | OK https://skeb.jp/api/users/kitiokitioo
2026-10-05 10:54:07 | INFO     | Saving at a/skeb/kitiokitioo-cdd088.json
2026-10-05 10:54:08 | INFO     | OK https://skeb.jp/api/users/knm_nm66
2026-10-05 10:54:08 | INFO     | Saving at a/skeb/knm_nm66-2f9ea3.json
2026-10-05 10:54:10 | INFO     | OK https://skeb.jp/api/users/wat4si
2026-10-05 10:54:10 | INFO     | Saving at a/skeb/wat4si-a613a2.json
2026-10-05 10:54:10 | INFO     | OK https://skeb.jp/api/users/finusgloria
2026-10-05 10:54:10 | INFO     | Saving at a/skeb/finusgloria-704d47.json
2026-10-05 10:54:11 | INFO     | OK https://skeb.jp/api/users/klm1511
2026-10-05 10:54:11 | INFO     | Saving at a/skeb/klm1511-712b47.json
2026-10-05 10:54:12 | INFO     | OK https://skeb.jp/api/users/BOY7qYMFiqNsJFv
2026-10-05 10:54:12 | INFO     | Saving at a/skeb/BOY7qYMFiqNsJFv-f8688c.json
2026-10-05 10:54:13 | INFO     | OK https://skeb.jp/api/users/fuwaaa6
2026-10-05 10:54:13 | INFO     | Saving at a/skeb/fuwaaa6-226847.json
2026-10-05 10:54:15 | INFO     | OK https://skeb.jp/api/users/ike_zabeth
2026-10-05 10:54:15 | INFO     | Saving at a/skeb/ike_zabeth-bb46e6.json
2026-10-05 10:54:15 | INFO     | OK https://skeb.jp/api/users/pukya__
2026-10-05 10:54:15 | INFO     | Saving at a/skeb/pukya__-1737e8.json
2026-10-05 10:54:16 | INFO     | OK https://skeb.jp/api/users/colomoten
2026-10-05 10:54:16 | INFO     | Saving at a/skeb/colomoten-b27e63.json
2026-10-05 10:54:18 | INFO     | OK https://skeb.jp/api/users/_krm_uuimy_16
2026-10-05 10:54:18 | INFO     | Saving at a/skeb/_krm_uuimy_16-dd5102.json
2026-10-05 10:54:19 | INFO     | OK https://skeb.jp/api/users/redarmor_gema
2026-10-05 10:54:19 | INFO     | Saving at a/skeb/redarmor_gema-2fc767.json
2026-10-05 10:54:19 | INFO     | OK https://skeb.jp/api/users/tata71t
2026-10-05 10:54:19 | INFO     | Saving at a/skeb/tata71t-b78638.json
2026-10-05 10:54:20 | INFO     | OK https://skeb.jp/api/users/mukaju_illust
2026-10-05 10:54:20 | INFO     | Saving at a/skeb/mukaju_illust-75b30a.json
2026-10-05 10:54:21 | INFO     | OK https://skeb.jp/api/users/kasuteraya_nyan
2026-10-05 10:54:21 | INFO     | Saving at a/skeb/kasuteraya_nyan-823cbd.json
2026-10-05 10:54:22 | INFO     | OK https://skeb.jp/api/users/killifish_
2026-10-05 10:54:22 | INFO     | Saving at a/skeb/killifish_-416125.json
2026-10-05 10:54:23 | INFO     | OK https://skeb.jp/api/users/u___hope
2026-10-05 10:54:23 | INFO     | Saving at a/skeb/u___hope-176df2.json
2026-10-05 10:54:25 | INFO     | OK https://skeb.jp/api/users/subaru_nya
2026-10-05 10:54:25 | INFO     | Saving at a/skeb/subaru_nya-b3a6ba.json
2026-10-05 10:54:25 | INFO     | OK https://skeb.jp/api/users/mikenko2n5
2026-10-05 10:54:25 | INFO     | Saving at a/skeb/mikenko2n5-06b80b.json
2026-10-05 10:54:26 | INFO     | OK https://skeb.jp/api/users/261tanbo
2026-10-05 10:54:26 | INFO     | Saving at a/skeb/261tanbo-78e195.json
2026-10-05 10:54:28 | INFO     | OK https://skeb.jp/api/users/KmPukka
2026-10-05 10:54:28 | INFO     | Saving at a/skeb/KmPukka-590e5c.json
2026-10-05 10:54:29 | INFO     | OK https://skeb.jp/api/users/R_dokidoki
2026-10-05 10:54:29 | INFO     | Saving at a/skeb/R_dokidoki-d0d00b.json
2026-10-05 10:54:29 | INFO     | OK https://skeb.jp/api/users/osamusa828
2026-10-05 10:54:29 | INFO     | Saving at a/skeb/osamusa828-41377b.json
2026-10-05 10:54:30 | INFO     | OK https://skeb.jp/api/users/toyo_illust
2026-10-05 10:54:30 | INFO     | Saving at a/skeb/toyo_illust-4eb4ca.json
2026-10-05 10:54:31 | INFO     | OK https://skeb.jp/api/users/PRPRLO
2026-10-05 10:54:31 | INFO     | Saving at a/skeb/PRPRLO-7c0041.json
2026-10-05 10:54:32 | INFO     | OK https://skeb.jp/api/users/maaka_4441
2026-10-05 10:54:32 | INFO     | Saving at a/skeb/maaka_4441-1e9f79.json
2026-10-05 10:54:33 | INFO     | OK https://skeb.jp/api/users/meltymerute
2026-10-05 10:54:33 | INFO     | Saving at a/skeb/meltymerute-0463b5.json
2026-10-05 10:54:35 | INFO     | OK https://skeb.jp/api/users/KJM_IT_0
2026-10-05 10:54:35 | INFO     | Saving at a/skeb/KJM_IT_0-124268.json
2026-10-05 10:54:35 | INFO     | OK https://skeb.jp/api/users/studioseiza
2026-10-05 10:54:35 | INFO     | Saving at a/skeb/studioseiza-96181c.json
2026-10-05 10:54:36 | INFO     | OK https://skeb.jp/api/users/y_zp_113
2026-10-05 10:54:36 | INFO     | Saving at a/skeb/y_zp_113-7f1b4c.json
2026-10-05 10:54:37 | INFO     | OK https://skeb.jp/api/users/misomiso_154
2026-10-05 10:54:37 | INFO     | Saving at a/skeb/misomiso_154-18375a.json
2026-10-05 10:54:38 | INFO     | OK https://skeb.jp/api/users/SilberSpoon
2026-10-05 10:54:38 | INFO     | Saving at a/skeb/SilberSpoon-8a55e4.json
2026-10-05 10:54:39 | INFO     | OK https://skeb.jp/api/users/dsienk0505
2026-10-05 10:54:39 | INFO     | Saving at a/skeb/dsienk0505-504fcf.json
2026-10-05 10:54:40 | INFO     | OK https://skeb.jp/api/users/macchama674
2026-10-05 10:54:40 | INFO     | Saving at a/skeb/macchama674-41a007.json
2026-10-05 10:54:42 | INFO     | OK https://skeb.jp/api/users/karikankan
2026-10-05 10:54:42 | INFO     | Saving at a/skeb/karikankan-b4a90a.json
2026-10-05 10:54:42 | INFO     | OK https://skeb.jp/api/users/tunashiba_moka
2026-10-05 10:54:42 | INFO     | Saving at a/skeb/tunashiba_moka-b1450d.json
2026-10-05 10:54:43 | INFO     | OK https://skeb.jp/api/users/Kinak0_mitu
2026-10-05 10:54:43 | INFO     | Saving at a/skeb/Kinak0_mitu-8a6a5b.json
2026-10-05 10:54:44 | INFO     | OK https://skeb.jp/api/users/nikumaman
2026-10-05 10:54:44 | INFO     | Saving at a/skeb/nikumaman-b43234.json
2026-10-05 10:54:46 | INFO     | OK https://skeb.jp/api/users/kuzuyu0o0
2026-10-05 10:54:46 | INFO     | Saving at a/skeb/kuzuyu0o0-311c30.json
2026-10-05 10:54:47 | INFO     | OK https://skeb.jp/api/users/A_Chikafuji
2026-10-05 10:54:47 | INFO     | Saving at a/skeb/A_Chikafuji-d431c2.json
2026-10-05 10:54:47 | INFO     | OK https://skeb.jp/api/users/utarikomori_sub
2026-10-05 10:54:47 | INFO     | Saving at a/skeb/utarikomori_sub-f262d5.json
2026-10-05 10:54:48 | INFO     | OK https://skeb.jp/api/users/moq_y0
2026-10-05 10:54:48 | INFO     | Saving at a/skeb/moq_y0-fbd9cc.json
2026-10-05 10:54:50 | INFO     | OK https://skeb.jp/api/users/miiyon
2026-10-05 10:54:50 | INFO     | Saving at a/skeb/miiyon-095bc3.json
2026-10-05 10:54:50 | INFO     | OK https://skeb.jp/api/users/pummeluff39
2026-10-05 10:54:50 | INFO     | Saving at a/skeb/pummeluff39-8f2621.json
2026-10-05 10:54:51 | INFO     | OK https://skeb.jp/api/users/1_sorano
2026-10-05 10:54:51 | INFO     | Saving at a/skeb/1_sorano-630f6d.json
2026-10-05 10:54:52 | INFO     | OK https://skeb.jp/api/users/mizol_01
2026-10-05 10:54:52 | INFO     | Saving at a/skeb/mizol_01-3ffa7a.json
2026-10-05 10:54:54 | INFO     | OK https://skeb.jp/api/users/okabe_gyoza
2026-10-05 10:54:54 | INFO     | Saving at a/skeb/okabe_gyoza-dd28f9.json
2026-10-05 10:54:55 | INFO     | OK https://skeb.jp/api/users/nohako_x
2026-10-05 10:54:55 | INFO     | Saving at a/skeb/nohako_x-cf359c.json
2026-10-05 10:54:55 | INFO     | OK https://skeb.jp/api/users/e07inq5WInQPiF6
2026-10-05 10:54:55 | INFO     | Saving at a/skeb/e07inq5WInQPiF6-eb10e1.json
2026-10-05 10:54:57 | INFO     | OK https://skeb.jp/api/users/hitsuma_roman
2026-10-05 10:54:57 | INFO     | Saving at a/skeb/hitsuma_roman-099380.json
2026-10-05 10:54:57 | INFO     | OK https://skeb.jp/api/users/halca
2026-10-05 10:54:57 | INFO     | Saving at a/skeb/halca-bc2b71.json
2026-10-05 10:54:59 | INFO     | OK https://skeb.jp/api/users/ibarakiniarazu
2026-10-05 10:54:59 | INFO     | Saving at a/skeb/ibarakiniarazu-e4c4d8.json
2026-10-05 10:54:59 | INFO     | OK https://skeb.jp/api/users/SITE_tgg
2026-10-05 10:54:59 | INFO     | Saving at a/skeb/SITE_tgg-e0d5ae.json
2026-10-05 10:55:00 | INFO     | OK https://skeb.jp/api/users/Makeoshimi001
2026-10-05 10:55:00 | INFO     | Saving at a/skeb/Makeoshimi001-986e43.json
2026-10-05 10:55:01 | INFO     | OK https://skeb.jp/api/users/thee_rotten
2026-10-05 10:55:01 | INFO     | Saving at a/skeb/thee_rotten-76ebcc.json
2026-10-05 10:55:02 | INFO     | OK https://skeb.jp/api/users/yasuyasu_92
2026-10-05 10:55:02 | INFO     | Saving at a/skeb/yasuyasu_92-255d72.json
2026-10-05 10:55:03 | INFO     | OK https://skeb.jp/api/users/DBDjob_so_far
2026-10-05 10:55:03 | INFO     | Saving at a/skeb/DBDjob_so_far-54f14e.json
2026-10-05 10:55:04 | INFO     | OK https://skeb.jp/api/users/sinzinsitappa
2026-10-05 10:55:04 | INFO     | Saving at a/skeb/sinzinsitappa-e5a405.json
2026-10-05 10:55:06 | INFO     | OK https://skeb.jp/api/users/cott0n_9
2026-10-05 10:55:06 | INFO     | Saving at a/skeb/cott0n_9-0d2674.json
2026-10-05 10:55:06 | INFO     | OK https://skeb.jp/api/users/Uwa__1215
2026-10-05 10:55:06 | INFO     | Saving at a/skeb/Uwa__1215-3e3d89.json
2026-10-05 10:55:08 | INFO     | OK https://skeb.jp/api/users/pakipakiiishi
2026-10-05 10:55:08 | INFO     | Saving at a/skeb/pakipakiiishi-d7140d.json
2026-10-05 10:55:09 | INFO     | OK https://skeb.jp/api/users/suguru_szk
2026-10-05 10:55:09 | INFO     | Saving at a/skeb/suguru_szk-c9c4fb.json
2026-10-05 10:55:09 | INFO     | OK https://skeb.jp/api/users/SuketoHanaHana
2026-10-05 10:55:09 | INFO     | Saving at a/skeb/SuketoHanaHana-20cff9.json
2026-10-05 10:55:10 | INFO     | OK https://skeb.jp/api/users/sol_god_dog
2026-10-05 10:55:10 | INFO     | Saving at a/skeb/sol_god_dog-a3e491.json
2026-10-05 10:55:12 | INFO     | OK https://skeb.jp/api/users/tenkenEX
2026-10-05 10:55:12 | INFO     | Saving at a/skeb/tenkenEX-0a459a.json
2026-10-05 10:55:12 | INFO     | OK https://skeb.jp/api/users/azatarou_h
2026-10-05 10:55:12 | INFO     | Saving at a/skeb/azatarou_h-79f0b3.json
2026-10-05 10:55:13 | INFO     | OK https://skeb.jp/api/users/wonderful_waon
2026-10-05 10:55:13 | INFO     | Saving at a/skeb/wonderful_waon-f663c6.json
2026-10-05 10:55:14 | INFO     | OK https://skeb.jp/api/users/misaki_yu1522
2026-10-05 10:55:14 | INFO     | Saving at a/skeb/misaki_yu1522-f3b4fa.json
2026-10-05 10:55:16 | INFO     | OK https://skeb.jp/api/users/takemaru194
2026-10-05 10:55:16 | INFO     | Saving at a/skeb/takemaru194-476190.json
2026-10-05 10:55:17 | INFO     | OK https://skeb.jp/api/users/Rain_y02
2026-10-05 10:55:17 | INFO     | Saving at a/skeb/Rain_y02-17dee4.json
2026-10-05 10:55:17 | INFO     | OK https://skeb.jp/api/users/canariadraw
2026-10-05 10:55:17 | INFO     | Saving at a/skeb/canariadraw-dd5213.json
2026-10-05 10:55:19 | INFO     | OK https://skeb.jp/api/users/_Lamperuge
2026-10-05 10:55:19 | INFO     | Saving at a/skeb/_Lamperuge-a30651.json
2026-10-05 10:55:19 | INFO     | OK https://skeb.jp/api/users/zyougi_yawa
2026-10-05 10:55:19 | INFO     | Saving at a/skeb/zyougi_yawa-5ebf5b.json
2026-10-05 10:55:20 | INFO     | OK https://skeb.jp/api/users/straynight
2026-10-05 10:55:20 | INFO     | Saving at a/skeb/straynight-1e0c4c.json
2026-10-05 10:55:22 | INFO     | OK https://skeb.jp/api/users/hasenyo
2026-10-05 10:55:22 | INFO     | Saving at a/skeb/hasenyo-2d5e91.json
2026-10-05 10:55:22 | INFO     | OK https://skeb.jp/api/users/yuu_sagi
2026-10-05 10:55:22 | INFO     | Saving at a/skeb/yuu_sagi-16b454.json
2026-10-05 10:55:24 | INFO     | OK https://skeb.jp/api/users/mizuiroi
2026-10-05 10:55:24 | INFO     | Saving at a/skeb/mizuiroi-af6aed.json
2026-10-05 10:55:25 | INFO     | OK https://skeb.jp/api/users/sabawye_TRPG
2026-10-05 10:55:25 | INFO     | Saving at a/skeb/sabawye_TRPG-8cf720.json
2026-10-05 10:55:26 | INFO     | OK https://skeb.jp/api/users/hachimitsu_nuts
2026-10-05 10:55:26 | INFO     | Saving at a/skeb/hachimitsu_nuts-469f52.json
2026-10-05 10:55:27 | INFO     | OK https://skeb.jp/api/users/komataso9
2026-10-05 10:55:27 | INFO     | Saving at a/skeb/komataso9-ab4452.json
2026-10-05 10:55:27 | INFO     | OK https://skeb.jp/api/users/runei_vb
2026-10-05 10:55:27 | INFO     | Saving at a/skeb/runei_vb-be2d96.json
2026-10-05 10:55:29 | INFO     | OK https://skeb.jp/api/users/bloomme1_me
2026-10-05 10:55:29 | INFO     | Saving at a/skeb/bloomme1_me-d637f3.json
2026-10-05 10:55:29 | INFO     | OK https://skeb.jp/api/users/ABUsn44
2026-10-05 10:55:29 | INFO     | Saving at a/skeb/ABUsn44-f6a209.json
2026-10-05 10:55:31 | INFO     | OK https://skeb.jp/api/users/mso_mgmg
2026-10-05 10:55:31 | INFO     | Saving at a/skeb/mso_mgmg-c4bad4.json
2026-10-05 10:55:31 | INFO     | OK https://skeb.jp/api/users/Osigoto0
2026-10-05 10:55:31 | INFO     | Saving at a/skeb/Osigoto0-f7a1a3.json
2026-10-05 10:55:33 | INFO     | OK https://skeb.jp/api/users/gaganbo
2026-10-05 10:55:33 | INFO     | Saving at a/skeb/gaganbo-c93f4e.json
2026-10-05 10:55:33 | INFO     | OK https://skeb.jp/api/users/o7mz9c
2026-10-05 10:55:33 | INFO     | Saving at a/skeb/o7mz9c-74e1c1.json
2026-10-05 10:55:35 | INFO     | OK https://skeb.jp/api/users/ro_kiru
2026-10-05 10:55:35 | INFO     | Saving at a/skeb/ro_kiru-ebdb88.json
2026-10-05 10:55:35 | INFO     | OK https://skeb.jp/api/users/skeb_k4
2026-10-05 10:55:35 | INFO     | Saving at a/skeb/skeb_k4-4892e0.json
2026-10-05 10:55:37 | INFO     | OK https://skeb.jp/api/users/bearShin_20
2026-10-05 10:55:37 | INFO     | Saving at a/skeb/bearShin_20-e054bb.json
2026-10-05 10:55:38 | INFO     | OK https://skeb.jp/api/users/Wataga4_01
2026-10-05 10:55:38 | INFO     | Saving at a/skeb/Wataga4_01-5cdb5a.json
2026-10-05 10:55:38 | INFO     | OK https://skeb.jp/api/users/SENA_reco
2026-10-05 10:55:38 | INFO     | Saving at a/skeb/SENA_reco-ac4d4f.json
2026-10-05 10:55:40 | INFO     | OK https://skeb.jp/api/users/29dirushi
2026-10-05 10:55:40 | INFO     | Saving at a/skeb/29dirushi-5e1e0e.json
2026-10-05 10:55:40 | INFO     | OK https://skeb.jp/api/users/hisui_spats
2026-10-05 10:55:40 | INFO     | Saving at a/skeb/hisui_spats-62ab9e.json
2026-10-05 10:55:41 | INFO     | OK https://skeb.jp/api/users/ly_4999
2026-10-05 10:55:41 | INFO     | Saving at a/skeb/ly_4999-4e2692.json
2026-10-05 10:55:42 | INFO     | OK https://skeb.jp/api/users/kageharu3
2026-10-05 10:55:42 | INFO     | Saving at a/skeb/kageharu3-7af701.json
2026-10-05 10:55:43 | INFO     | OK https://skeb.jp/api/users/acoloredpencil
2026-10-05 10:55:43 | INFO     | Saving at a/skeb/acoloredpencil-96b373.json
2026-10-05 10:55:45 | INFO     | OK https://skeb.jp/api/users/PBnxb
2026-10-05 10:55:45 | INFO     | Saving at a/skeb/PBnxb-07b296.json
2026-10-05 10:55:46 | INFO     | OK https://skeb.jp/api/users/HHorn1214
2026-10-05 10:55:46 | INFO     | Saving at a/skeb/HHorn1214-9539ef.json
2026-10-05 10:55:46 | INFO     | OK https://skeb.jp/api/users/sam_ishihara
2026-10-05 10:55:46 | INFO     | Saving at a/skeb/sam_ishihara-10e2b3.json
2026-10-05 10:55:48 | INFO     | OK https://skeb.jp/api/users/mi_me_i
2026-10-05 10:55:48 | INFO     | Saving at a/skeb/mi_me_i-49b3d4.json
2026-10-05 10:55:49 | INFO     | OK https://skeb.jp/api/users/LyZY_o0
2026-10-05 10:55:49 | INFO     | Saving at a/skeb/LyZY_o0-bf9300.json
2026-10-05 10:55:50 | INFO     | OK https://skeb.jp/api/users/ak4423161
2026-10-05 10:55:50 | INFO     | Saving at a/skeb/ak4423161-92b953.json
2026-10-05 10:55:51 | INFO     | OK https://skeb.jp/api/users/M82682952
2026-10-05 10:55:51 | INFO     | Saving at a/skeb/M82682952-d47b25.json
2026-10-05 10:55:52 | INFO     | OK https://skeb.jp/api/users/MAKIRA_001
2026-10-05 10:55:52 | INFO     | Saving at a/skeb/MAKIRA_001-43fa9c.json
2026-10-05 10:55:52 | INFO     | OK https://skeb.jp/api/users/nikudb029
2026-10-05 10:55:52 | INFO     | Saving at a/skeb/nikudb029-c2a706.json
2026-10-05 10:55:54 | INFO     | OK https://skeb.jp/api/users/leoleoleonard
2026-10-05 10:55:54 | INFO     | Saving at a/skeb/leoleoleonard-4329cc.json
2026-10-05 10:55:55 | INFO     | OK https://skeb.jp/api/users/ryksn1297
2026-10-05 10:55:55 | INFO     | Saving at a/skeb/ryksn1297-af39b3.json
2026-10-05 10:55:56 | INFO     | OK https://skeb.jp/api/users/natsuk1tom
2026-10-05 10:55:56 | INFO     | Saving at a/skeb/natsuk1tom-fb5d61.json
2026-10-05 10:55:57 | INFO     | OK https://skeb.jp/api/users/yadori_hekimori
2026-10-05 10:55:57 | INFO     | Saving at a/skeb/yadori_hekimori-7ef847.json
2026-10-05 10:55:57 | INFO     | OK https://skeb.jp/api/users/WZOARrYlmovmuju
2026-10-05 10:55:57 | INFO     | Saving at a/skeb/WZOARrYlmovmuju-a12870.json
2026-10-05 10:55:58 | INFO     | OK https://skeb.jp/api/users/mlp_py
2026-10-05 10:55:58 | INFO     | Saving at a/skeb/mlp_py-8464f3.json
2026-10-05 10:56:00 | INFO     | OK https://skeb.jp/api/users/NIxxxRA
2026-10-05 10:56:00 | INFO     | Saving at a/skeb/NIxxxRA-0a0150.json
2026-10-05 10:56:01 | INFO     | OK https://skeb.jp/api/users/kk3_she_ep
2026-10-05 10:56:01 | INFO     | Saving at a/skeb/kk3_she_ep-c212e4.json
2026-10-05 10:56:02 | INFO     | OK https://skeb.jp/api/users/libertasgenesis
2026-10-05 10:56:02 | INFO     | Saving at a/skeb/libertasgenesis-ef7f8a.json
2026-10-05 10:56:03 | INFO     | OK https://skeb.jp/api/users/Mekari_Guneru
2026-10-05 10:56:03 | INFO     | Saving at a/skeb/Mekari_Guneru-28603e.json
2026-10-05 10:56:04 | INFO     | OK https://skeb.jp/api/users/ninjin_x1
2026-10-05 10:56:04 | INFO     | Saving at a/skeb/ninjin_x1-0b9707.json
2026-10-05 10:56:05 | INFO     | OK https://skeb.jp/api/users/kote_maru_o
2026-10-05 10:56:05 | INFO     | Saving at a/skeb/kote_maru_o-895e90.json
2026-10-05 10:56:06 | INFO     | OK https://skeb.jp/api/users/ParoleChan
2026-10-05 10:56:06 | INFO     | Saving at a/skeb/ParoleChan-259dc2.json
2026-10-05 10:56:07 | INFO     | OK https://skeb.jp/api/users/WATA_Tea_Sweets
2026-10-05 10:56:07 | INFO     | Saving at a/skeb/WATA_Tea_Sweets-3d6310.json
2026-10-05 10:56:08 | INFO     | OK https://skeb.jp/api/users/oimotororo1116
2026-10-05 10:56:08 | INFO     | Saving at a/skeb/oimotororo1116-3bb8c1.json
2026-10-05 10:56:09 | INFO     | OK https://skeb.jp/api/users/torisanff14
2026-10-05 10:56:09 | INFO     | Saving at a/skeb/torisanff14-85de70.json
2026-10-05 10:56:10 | INFO     | OK https://skeb.jp/api/users/Perack3
2026-10-05 10:56:10 | INFO     | Saving at a/skeb/Perack3-907084.json
2026-10-05 10:56:10 | INFO     | OK https://skeb.jp/api/users/P9uaa4
2026-10-05 10:56:10 | INFO     | Saving at a/skeb/P9uaa4-eff469.json
2026-10-05 10:56:12 | INFO     | OK https://skeb.jp/api/users/DLHL0219
2026-10-05 10:56:12 | INFO     | Saving at a/skeb/DLHL0219-a9a281.json
2026-10-05 10:56:13 | INFO     | OK https://skeb.jp/api/users/tokuwat
2026-10-05 10:56:13 | INFO     | Saving at a/skeb/tokuwat-481d45.json
2026-10-05 10:56:13 | INFO     | OK https://skeb.jp/api/users/mysterious_zone
2026-10-05 10:56:13 | INFO     | Saving at a/skeb/mysterious_zone-047b2a.json
2026-10-05 10:56:15 | INFO     | OK https://skeb.jp/api/users/catdoragon
2026-10-05 10:56:15 | INFO     | Saving at a/skeb/catdoragon-35d173.json
2026-10-05 10:56:16 | INFO     | OK https://skeb.jp/api/users/necone___co
2026-10-05 10:56:16 | INFO     | Saving at a/skeb/necone___co-6fff98.json
2026-10-05 10:56:16 | INFO     | OK https://skeb.jp/api/users/Lgt_316gbfg2off
2026-10-05 10:56:16 | INFO     | Saving at a/skeb/Lgt_316gbfg2off-1a9cfc.json
2026-10-05 10:56:18 | INFO     | OK https://skeb.jp/api/users/godsalmonsyaket
2026-10-05 10:56:18 | INFO     | Saving at a/skeb/godsalmonsyaket-a49e6a.json
2026-10-05 10:56:19 | INFO     | OK https://skeb.jp/api/users/reeeiru_
2026-10-05 10:56:19 | INFO     | Saving at a/skeb/reeeiru_-ee9f13.json
2026-10-05 10:56:19 | INFO     | OK https://skeb.jp/api/users/e_axqd
2026-10-05 10:56:19 | INFO     | Saving at a/skeb/e_axqd-89b3a6.json
2026-10-05 10:56:21 | INFO     | OK https://skeb.jp/api/users/lolezpp
2026-10-05 10:56:21 | INFO     | Saving at a/skeb/lolezpp-232814.json
2026-10-05 10:56:22 | INFO     | OK https://skeb.jp/api/users/genshin_ddkdk
2026-10-05 10:56:22 | INFO     | Saving at a/skeb/genshin_ddkdk-f29484.json
2026-10-05 10:56:22 | INFO     | OK https://skeb.jp/api/users/sfZQGxEZlF
2026-10-05 10:56:22 | INFO     | Saving at a/skeb/sfZQGxEZlF-5fbe87.json
2026-10-05 10:56:24 | INFO     | OK https://skeb.jp/api/users/rakugaki_kt2
2026-10-05 10:56:24 | INFO     | Saving at a/skeb/rakugaki_kt2-81fb46.json
2026-10-05 10:56:25 | INFO     | OK https://skeb.jp/api/users/jingai_club
2026-10-05 10:56:25 | INFO     | Saving at a/skeb/jingai_club-b0639a.json
2026-10-05 10:56:26 | INFO     | OK https://skeb.jp/api/users/raisemo_01
2026-10-05 10:56:26 | INFO     | Saving at a/skeb/raisemo_01-b559d6.json
2026-10-05 10:56:26 | INFO     | OK https://skeb.jp/api/users/R1mZ3
2026-10-05 10:56:26 | INFO     | Saving at a/skeb/R1mZ3-6c393e.json
2026-10-05 10:56:28 | INFO     | OK https://skeb.jp/api/users/yuyuzu22
2026-10-05 10:56:28 | INFO     | Saving at a/skeb/yuyuzu22-00c777.json
2026-10-05 10:56:29 | INFO     | OK https://skeb.jp/api/users/777___gigigi
2026-10-05 10:56:29 | INFO     | Saving at a/skeb/777___gigigi-4fabe9.json
2026-10-05 10:56:30 | INFO     | OK https://skeb.jp/api/users/mmm_pkg1
2026-10-05 10:56:30 | INFO     | Saving at a/skeb/mmm_pkg1-c7c468.json
2026-10-05 10:56:30 | INFO     | OK https://skeb.jp/api/users/nyanaymimi
2026-10-05 10:56:30 | INFO     | Saving at a/skeb/nyanaymimi-566fcf.json
2026-10-05 10:56:31 | INFO     | OK https://skeb.jp/api/users/yukinenotakuaka
2026-10-05 10:56:31 | INFO     | Saving at a/skeb/yukinenotakuaka-c96ec7.json
2026-10-05 10:56:33 | INFO     | OK https://skeb.jp/api/users/Kirie53410491
2026-10-05 10:56:33 | INFO     | Saving at a/skeb/Kirie53410491-ebefa9.json
2026-10-05 10:56:34 | INFO     | OK https://skeb.jp/api/users/Ritosmile25
2026-10-05 10:56:34 | INFO     | Saving at a/skeb/Ritosmile25-9af1ec.json
2026-10-05 10:56:35 | INFO     | OK https://skeb.jp/api/users/happier10201
2026-10-05 10:56:35 | INFO     | Saving at a/skeb/happier10201-b6d93d.json
2026-10-05 10:56:35 | INFO     | OK https://skeb.jp/api/users/gu_wik
2026-10-05 10:56:35 | INFO     | Saving at a/skeb/gu_wik-08a20b.json
2026-10-05 10:56:37 | INFO     | OK https://skeb.jp/api/users/kotarou83
2026-10-05 10:56:37 | INFO     | Saving at a/skeb/kotarou83-2dd37d.json
2026-10-05 10:56:37 | INFO     | OK https://skeb.jp/api/users/nycticora
2026-10-05 10:56:37 | INFO     | Saving at a/skeb/nycticora-36fe24.json
2026-10-05 10:56:39 | INFO     | OK https://skeb.jp/api/users/Nana_Merou
2026-10-05 10:56:39 | INFO     | Saving at a/skeb/Nana_Merou-f54e3d.json
2026-10-05 10:56:39 | INFO     | OK https://skeb.jp/api/users/nekoneko_sansho
2026-10-05 10:56:39 | INFO     | Saving at a/skeb/nekoneko_sansho-bf1ad0.json
2026-10-05 10:56:41 | INFO     | OK https://skeb.jp/api/users/Se1i_nazuna
2026-10-05 10:56:41 | INFO     | Saving at a/skeb/Se1i_nazuna-6f63ca.json
2026-10-05 10:56:42 | INFO     | OK https://skeb.jp/api/users/haruba_rayden2
2026-10-05 10:56:42 | INFO     | Saving at a/skeb/haruba_rayden2-015acc.json
2026-10-05 10:56:43 | INFO     | OK https://skeb.jp/api/users/lambchops0223
2026-10-05 10:56:43 | INFO     | Saving at a/skeb/lambchops0223-18a170.json
2026-10-05 10:56:43 | INFO     | OK https://skeb.jp/api/users/LITEU
2026-10-05 10:56:43 | INFO     | Saving at a/skeb/LITEU-100ed7.json
2026-10-05 10:56:45 | INFO     | OK https://skeb.jp/api/users/ichiIchi_ichien
2026-10-05 10:56:45 | INFO     | Saving at a/skeb/ichiIchi_ichien-e743b0.json
2026-10-05 10:56:46 | INFO     | OK https://skeb.jp/api/users/JohnDoex0666
2026-10-05 10:56:46 | INFO     | Saving at a/skeb/JohnDoex0666-d890c4.json
2026-10-05 10:56:46 | INFO     | OK https://skeb.jp/api/users/koumei_nishiazu
2026-10-05 10:56:46 | INFO     | Saving at a/skeb/koumei_nishiazu-73a259.json
2026-10-05 10:56:47 | INFO     | OK https://skeb.jp/api/users/mano1341
2026-10-05 10:56:47 | INFO     | Saving at a/skeb/mano1341-fc44cc.json
2026-10-05 10:56:49 | INFO     | OK https://skeb.jp/api/users/amakunaiaisu
2026-10-05 10:56:49 | INFO     | Saving at a/skeb/amakunaiaisu-a62652.json
2026-10-05 10:56:49 | INFO     | OK https://skeb.jp/api/users/8s4_q
2026-10-05 10:56:49 | INFO     | Saving at a/skeb/8s4_q-cbf458.json
2026-10-05 10:56:51 | INFO     | OK https://skeb.jp/api/users/sorane_kekekemo
2026-10-05 10:56:51 | INFO     | Saving at a/skeb/sorane_kekekemo-541115.json
2026-10-05 10:56:51 | INFO     | OK https://skeb.jp/api/users/sii_ponzu
2026-10-05 10:56:51 | INFO     | Saving at a/skeb/sii_ponzu-42f527.json
2026-10-05 10:56:53 | INFO     | OK https://skeb.jp/api/users/96_MARUMU
2026-10-05 10:56:53 | INFO     | Saving at a/skeb/96_MARUMU-d8331a.json
2026-10-05 10:56:54 | INFO     | OK https://skeb.jp/api/users/tsukise_yoru
2026-10-05 10:56:54 | INFO     | Saving at a/skeb/tsukise_yoru-aa729a.json
2026-10-05 10:56:55 | INFO     | OK https://skeb.jp/api/users/Aikei_Ake
2026-10-05 10:56:55 | INFO     | Saving at a/skeb/Aikei_Ake-147f02.json
2026-10-05 10:56:56 | INFO     | OK https://skeb.jp/api/users/naadearimasuru
2026-10-05 10:56:56 | INFO     | Saving at a/skeb/naadearimasuru-2cea64.json
2026-10-05 10:56:57 | INFO     | OK https://skeb.jp/api/users/dokukasa
2026-10-05 10:56:57 | INFO     | Saving at a/skeb/dokukasa-596e5e.json
2026-10-05 10:56:58 | INFO     | OK https://skeb.jp/api/users/engawa110
2026-10-05 10:56:58 | INFO     | Saving at a/skeb/engawa110-cbd13c.json
2026-10-05 10:56:59 | INFO     | OK https://skeb.jp/api/users/jinbooo06
2026-10-05 10:56:59 | INFO     | Saving at a/skeb/jinbooo06-94d719.json
2026-10-05 10:57:00 | INFO     | OK https://skeb.jp/api/users/niwashiro_
2026-10-05 10:57:00 | INFO     | Saving at a/skeb/niwashiro_-fd4dc0.json
2026-10-05 10:57:01 | INFO     | OK https://skeb.jp/api/users/me00da
2026-10-05 10:57:01 | INFO     | Saving at a/skeb/me00da-d6830e.json
2026-10-05 10:57:02 | INFO     | OK https://skeb.jp/api/users/EuZ0ocLz6ougDuR
2026-10-05 10:57:02 | INFO     | Saving at a/skeb/EuZ0ocLz6ougDuR-effb94.json
2026-10-05 10:57:03 | INFO     | OK https://skeb.jp/api/users/otohaTRPG
2026-10-05 10:57:03 | INFO     | Saving at a/skeb/otohaTRPG-a2601b.json
2026-10-05 10:57:04 | INFO     | OK https://skeb.jp/api/users/shidukichan
2026-10-05 10:57:04 | INFO     | Saving at a/skeb/shidukichan-7e7b62.json
2026-10-05 10:57:05 | INFO     | OK https://skeb.jp/api/users/mz_marine
2026-10-05 10:57:05 | INFO     | Saving at a/skeb/mz_marine-e0d290.json
2026-10-05 10:57:06 | INFO     | OK https://skeb.jp/api/users/miso_misoni
2026-10-05 10:57:06 | INFO     | Saving at a/skeb/miso_misoni-9c7ba9.json
2026-10-05 10:57:07 | INFO     | OK https://skeb.jp/api/users/killerarmor27
2026-10-05 10:57:07 | INFO     | Saving at a/skeb/killerarmor27-e4ba28.json
2026-10-05 10:57:08 | INFO     | OK https://skeb.jp/api/users/ma_tsukasa
2026-10-05 10:57:08 | INFO     | Saving at a/skeb/ma_tsukasa-25e1b3.json
2026-10-05 10:57:08 | INFO     | OK https://skeb.jp/api/users/89_uni
2026-10-05 10:57:09 | INFO     | Saving at a/skeb/89_uni-44c8b0.json
2026-10-05 10:57:10 | INFO     | OK https://skeb.jp/api/users/Carbon8period
2026-10-05 10:57:10 | INFO     | Saving at a/skeb/Carbon8period-086746.json
2026-10-05 10:57:11 | INFO     | OK https://skeb.jp/api/users/eber_accebeR
2026-10-05 10:57:11 | INFO     | Saving at a/skeb/eber_accebeR-a06191.json
2026-10-05 10:57:12 | INFO     | OK https://skeb.jp/api/users/74cat_H
2026-10-05 10:57:12 | INFO     | Saving at a/skeb/74cat_H-e30cf4.json
2026-10-05 10:57:13 | INFO     | OK https://skeb.jp/api/users/fdk_susk
2026-10-05 10:57:13 | INFO     | Saving at a/skeb/fdk_susk-113264.json
2026-10-05 10:57:14 | INFO     | OK https://skeb.jp/api/users/8ra_jelly
2026-10-05 10:57:14 | INFO     | Saving at a/skeb/8ra_jelly-184651.json
2026-10-05 10:57:15 | INFO     | OK https://skeb.jp/api/users/roieoekaki
2026-10-05 10:57:15 | INFO     | Saving at a/skeb/roieoekaki-3509fb.json
2026-10-05 10:57:16 | INFO     | OK https://skeb.jp/api/users/huse_9
2026-10-05 10:57:16 | INFO     | Saving at a/skeb/huse_9-1539c7.json
2026-10-05 10:57:17 | INFO     | OK https://skeb.jp/api/users/w4ksei___
2026-10-05 10:57:17 | INFO     | Saving at a/skeb/w4ksei___-7c04d4.json
2026-10-05 10:57:17 | INFO     | OK https://skeb.jp/api/users/deadaway52
2026-10-05 10:57:17 | INFO     | Saving at a/skeb/deadaway52-319a25.json
2026-10-05 10:57:19 | INFO     | OK https://skeb.jp/api/users/ekaki_emiliaHB
2026-10-05 10:57:19 | INFO     | Saving at a/skeb/ekaki_emiliaHB-713a11.json
2026-10-05 10:57:20 | INFO     | OK https://skeb.jp/api/users/5_necoze
2026-10-05 10:57:20 | INFO     | Saving at a/skeb/5_necoze-ac9004.json
2026-10-05 10:57:21 | INFO     | OK https://skeb.jp/api/users/Keine_yuusya
2026-10-05 10:57:21 | INFO     | Saving at a/skeb/Keine_yuusya-4a4853.json
2026-10-05 10:57:22 | INFO     | OK https://skeb.jp/api/users/min4kin_gg
2026-10-05 10:57:22 | INFO     | Saving at a/skeb/min4kin_gg-daa1c3.json
2026-10-05 10:57:23 | INFO     | OK https://skeb.jp/api/users/yoru_no_kogoto1
2026-10-05 10:57:23 | INFO     | Saving at a/skeb/yoru_no_kogoto1-cb6be6.json
2026-10-05 10:57:24 | INFO     | OK https://skeb.jp/api/users/hanaitachi7577
2026-10-05 10:57:24 | INFO     | Saving at a/skeb/hanaitachi7577-e09d5a.json
2026-10-05 10:57:25 | INFO     | OK https://skeb.jp/api/users/yururi_meow
2026-10-05 10:57:25 | INFO     | Saving at a/skeb/yururi_meow-0c455f.json
2026-10-05 10:57:26 | INFO     | OK https://skeb.jp/api/users/hibari_yuu_
2026-10-05 10:57:26 | INFO     | Saving at a/skeb/hibari_yuu_-eafe13.json
2026-10-05 10:57:27 | INFO     | OK https://skeb.jp/api/users/hibino_asly
2026-10-05 10:57:27 | INFO     | Saving at a/skeb/hibino_asly-76761b.json
2026-10-05 10:57:28 | INFO     | OK https://skeb.jp/api/users/moko_0044
2026-10-05 10:57:28 | INFO     | Saving at a/skeb/moko_0044-614e68.json
2026-10-05 10:57:29 | INFO     | OK https://skeb.jp/api/users/commushows
2026-10-05 10:57:29 | INFO     | Saving at a/skeb/commushows-1e3b17.json
2026-10-05 10:57:30 | INFO     | OK https://skeb.jp/api/users/8mi_Togarashi
2026-10-05 10:57:30 | INFO     | Saving at a/skeb/8mi_Togarashi-978e51.json
2026-10-05 10:57:31 | INFO     | OK https://skeb.jp/api/users/x_yua_hayami_x
2026-10-05 10:57:31 | INFO     | Saving at a/skeb/x_yua_hayami_x-173930.json
2026-10-05 10:57:32 | INFO     | OK https://skeb.jp/api/users/marumi_SD
2026-10-05 10:57:32 | INFO     | Saving at a/skeb/marumi_SD-4f677b.json
2026-10-05 10:57:33 | INFO     | OK https://skeb.jp/api/users/howa___4
2026-10-05 10:57:33 | INFO     | Saving at a/skeb/howa___4-4324a0.json
2026-10-05 10:57:34 | INFO     | OK https://skeb.jp/api/users/rakuychi
2026-10-05 10:57:34 | INFO     | Saving at a/skeb/rakuychi-f29590.json
2026-10-05 10:57:35 | INFO     | OK https://skeb.jp/api/users/10kome_
2026-10-05 10:57:35 | INFO     | Saving at a/skeb/10kome_-f64db4.json
2026-10-05 10:57:36 | INFO     | OK https://skeb.jp/api/users/c9zvcE
2026-10-05 10:57:36 | INFO     | Saving at a/skeb/c9zvcE-7fee9d.json
2026-10-05 10:57:37 | INFO     | OK https://skeb.jp/api/users/hehehehehe73
2026-10-05 10:57:37 | INFO     | Saving at a/skeb/hehehehehe73-5ebc49.json
2026-10-05 10:57:38 | INFO     | OK https://skeb.jp/api/users/sava_nosio
2026-10-05 10:57:38 | INFO     | Saving at a/skeb/sava_nosio-abc4d4.json
2026-10-05 10:57:39 | INFO     | OK https://skeb.jp/api/users/spommmm
2026-10-05 10:57:39 | INFO     | Saving at a/skeb/spommmm-112cc6.json
2026-10-05 10:57:40 | INFO     | OK https://skeb.jp/api/users/enzerutarutopaf
2026-10-05 10:57:40 | INFO     | Saving at a/skeb/enzerutarutopaf-1955b7.json
2026-10-05 10:57:41 | INFO     | OK https://skeb.jp/api/users/mikujira_kofuku
2026-10-05 10:57:41 | INFO     | Saving at a/skeb/mikujira_kofuku-9317d6.json
2026-10-05 10:57:42 | INFO     | OK https://skeb.jp/api/users/bobmob_suponge
2026-10-05 10:57:42 | INFO     | Saving at a/skeb/bobmob_suponge-3f67ad.json
2026-10-05 10:57:43 | INFO     | OK https://skeb.jp/api/users/hiun64
2026-10-05 10:57:43 | INFO     | Saving at a/skeb/hiun64-c10276.json
2026-10-05 10:57:44 | INFO     | OK https://skeb.jp/api/users/gloating_gracie
2026-10-05 10:57:44 | INFO     | Saving at a/skeb/gloating_gracie-73f8a5.json
2026-10-05 10:57:45 | INFO     | OK https://skeb.jp/api/users/2banme_me
2026-10-05 10:57:45 | INFO     | Saving at a/skeb/2banme_me-83e146.json
2026-10-05 10:57:46 | INFO     | OK https://skeb.jp/api/users/rawell1963
2026-10-05 10:57:46 | INFO     | Saving at a/skeb/rawell1963-eae87e.json
2026-10-05 10:57:47 | INFO     | OK https://skeb.jp/api/users/hyper_whoz
2026-10-05 10:57:47 | INFO     | Saving at a/skeb/hyper_whoz-3d8518.json
2026-10-05 10:57:48 | INFO     | OK https://skeb.jp/api/users/senritsu_ll
2026-10-05 10:57:48 | INFO     | Saving at a/skeb/senritsu_ll-ca3706.json
2026-10-05 10:57:49 | INFO     | OK https://skeb.jp/api/users/Riyoru_ni
2026-10-05 10:57:49 | INFO     | Saving at a/skeb/Riyoru_ni-44c3c7.json
2026-10-05 10:57:50 | INFO     | OK https://skeb.jp/api/users/namikaze_so
2026-10-05 10:57:50 | INFO     | Saving at a/skeb/namikaze_so-a97834.json
2026-10-05 10:57:51 | INFO     | OK https://skeb.jp/api/users/unun_1027
2026-10-05 10:57:51 | INFO     | Saving at a/skeb/unun_1027-3cfa69.json
2026-10-05 10:57:52 | INFO     | OK https://skeb.jp/api/users/kuwagata_hanten
2026-10-05 10:57:52 | INFO     | Saving at a/skeb/kuwagata_hanten-a5dd23.json
2026-10-05 10:57:53 | INFO     | OK https://skeb.jp/api/users/riririririiii00
2026-10-05 10:57:53 | INFO     | Saving at a/skeb/riririririiii00-f19f52.json
2026-10-05 10:57:54 | INFO     | OK https://skeb.jp/api/users/murabitoufu
2026-10-05 10:57:54 | INFO     | Saving at a/skeb/murabitoufu-2ea5bb.json
2026-10-05 10:57:55 | INFO     | OK https://skeb.jp/api/users/ringokureru
2026-10-05 10:57:55 | INFO     | Saving at a/skeb/ringokureru-75050a.json
2026-10-05 10:57:56 | INFO     | OK https://skeb.jp/api/users/aKasE05Nabi27
2026-10-05 10:57:56 | INFO     | Saving at a/skeb/aKasE05Nabi27-46e754.json
2026-10-05 10:57:57 | INFO     | OK https://skeb.jp/api/users/Cermrnl
2026-10-05 10:57:57 | INFO     | Saving at a/skeb/Cermrnl-9b16db.json
2026-10-05 10:57:58 | INFO     | OK https://skeb.jp/api/users/zadddrunaaa
2026-10-05 10:57:58 | INFO     | Saving at a/skeb/zadddrunaaa-8682e7.json
2026-10-05 10:57:59 | INFO     | OK https://skeb.jp/api/users/kisi0024
2026-10-05 10:57:59 | INFO     | Saving at a/skeb/kisi0024-9b0457.json
2026-10-05 10:58:00 | INFO     | OK https://skeb.jp/api/users/RS_takane
2026-10-05 10:58:00 | INFO     | Saving at a/skeb/RS_takane-170b97.json
2026-10-05 10:58:01 | INFO     | OK https://skeb.jp/api/users/coldbreath_4792
2026-10-05 10:58:01 | INFO     | Saving at a/skeb/coldbreath_4792-29d021.json
2026-10-05 10:58:02 | INFO     | OK https://skeb.jp/api/users/Sivapit3o
2026-10-05 10:58:02 | INFO     | Saving at a/skeb/Sivapit3o-94dafc.json
2026-10-05 10:58:03 | INFO     | OK https://skeb.jp/api/users/kaku_skl
2026-10-05 10:58:03 | INFO     | Saving at a/skeb/kaku_skl-3af715.json
2026-10-05 10:58:04 | INFO     | OK https://skeb.jp/api/users/tamago_1702
2026-10-05 10:58:04 | INFO     | Saving at a/skeb/tamago_1702-8a18e3.json
2026-10-05 10:58:05 | INFO     | OK https://skeb.jp/api/users/shimaso
2026-10-05 10:58:05 | INFO     | Saving at a/skeb/shimaso-356b65.json
2026-10-05 10:58:06 | INFO     | OK https://skeb.jp/api/users/mia_ieneko
2026-10-05 10:58:06 | INFO     | Saving at a/skeb/mia_ieneko-a50158.json
2026-10-05 10:58:07 | INFO     | OK https://skeb.jp/api/users/K6R_SS
2026-10-05 10:58:07 | INFO     | Saving at a/skeb/K6R_SS-da1da6.json
2026-10-05 10:58:08 | INFO     | OK https://skeb.jp/api/users/sousan_xxxx
2026-10-05 10:58:08 | INFO     | Saving at a/skeb/sousan_xxxx-a35884.json
2026-10-05 10:58:09 | INFO     | OK https://skeb.jp/api/users/gvi_gesoebi
2026-10-05 10:58:09 | INFO     | Saving at a/skeb/gvi_gesoebi-16b6eb.json
2026-10-05 10:58:10 | INFO     | OK https://skeb.jp/api/users/yhok2k2
2026-10-05 10:58:10 | INFO     | Saving at a/skeb/yhok2k2-f9b8fd.json
2026-10-05 10:58:11 | INFO     | OK https://skeb.jp/api/users/more_mui_movies
2026-10-05 10:58:11 | INFO     | Saving at a/skeb/more_mui_movies-d39b8f.json
2026-10-05 10:58:12 | INFO     | OK https://skeb.jp/api/users/dot_myo
2026-10-05 10:58:12 | INFO     | Saving at a/skeb/dot_myo-dea7dc.json
2026-10-05 10:58:13 | INFO     | OK https://skeb.jp/api/users/89_choki
2026-10-05 10:58:13 | INFO     | Saving at a/skeb/89_choki-dc1eb8.json
2026-10-05 10:58:13 | INFO     | OK https://skeb.jp/api/users/murobo_art
2026-10-05 10:58:13 | INFO     | Saving at a/skeb/murobo_art-3689d1.json
2026-10-05 10:58:15 | INFO     | OK https://skeb.jp/api/users/skrock_nnzn
2026-10-05 10:58:15 | INFO     | Saving at a/skeb/skrock_nnzn-e0ed17.json
2026-10-05 10:58:16 | INFO     | OK https://skeb.jp/api/users/kyururin02
2026-10-05 10:58:16 | INFO     | Saving at a/skeb/kyururin02-2dca20.json
2026-10-05 10:58:17 | INFO     | OK https://skeb.jp/api/users/aodoodle1
2026-10-05 10:58:17 | INFO     | Saving at a/skeb/aodoodle1-064625.json
2026-10-05 10:58:18 | INFO     | OK https://skeb.jp/api/users/kouizumi_
2026-10-05 10:58:18 | INFO     | Saving at a/skeb/kouizumi_-32be94.json
2026-10-05 10:58:19 | INFO     | OK https://skeb.jp/api/users/I_was_a_B
2026-10-05 10:58:19 | INFO     | Saving at a/skeb/I_was_a_B-1b24a9.json
2026-10-05 10:58:20 | INFO     | OK https://skeb.jp/api/users/voyagetea112425
2026-10-05 10:58:20 | INFO     | Saving at a/skeb/voyagetea112425-26c086.json
2026-10-05 10:58:21 | INFO     | OK https://skeb.jp/api/users/ao_kq8
2026-10-05 10:58:21 | INFO     | Saving at a/skeb/ao_kq8-4c1b0b.json
2026-10-05 10:58:22 | INFO     | OK https://skeb.jp/api/users/wnextooo
2026-10-05 10:58:22 | INFO     | Saving at a/skeb/wnextooo-ff049a.json
2026-10-05 10:58:23 | INFO     | OK https://skeb.jp/api/users/Nezu3_Hugu
2026-10-05 10:58:23 | INFO     | Saving at a/skeb/Nezu3_Hugu-ffabf4.json
2026-10-05 10:58:24 | INFO     | OK https://skeb.jp/api/users/myvl_
2026-10-05 10:58:24 | INFO     | Saving at a/skeb/myvl_-0c2dc3.json
2026-10-05 10:58:25 | INFO     | OK https://skeb.jp/api/users/imno_ir
2026-10-05 10:58:25 | INFO     | Saving at a/skeb/imno_ir-3978d1.json
2026-10-05 10:58:26 | INFO     | OK https://skeb.jp/api/users/sr_a2_a
2026-10-05 10:58:26 | INFO     | Saving at a/skeb/sr_a2_a-77bc40.json
2026-10-05 10:58:27 | INFO     | OK https://skeb.jp/api/users/K_Mizuha
2026-10-05 10:58:27 | INFO     | Saving at a/skeb/K_Mizuha-018ce6.json
2026-10-05 10:58:28 | INFO     | OK https://skeb.jp/api/users/mikaxruno
2026-10-05 10:58:28 | INFO     | Saving at a/skeb/mikaxruno-67787a.json
2026-10-05 10:58:29 | INFO     | OK https://skeb.jp/api/users/momo3ilk
2026-10-05 10:58:29 | INFO     | Saving at a/skeb/momo3ilk-577461.json
2026-10-05 10:58:30 | INFO     | OK https://skeb.jp/api/users/wayon514
2026-10-05 10:58:30 | INFO     | Saving at a/skeb/wayon514-efcb00.json
2026-10-05 10:58:31 | INFO     | OK https://skeb.jp/api/users/tokkyuumikan
2026-10-05 10:58:31 | INFO     | Saving at a/skeb/tokkyuumikan-084fbb.json
2026-10-05 10:58:32 | INFO     | OK https://skeb.jp/api/users/tararango
2026-10-05 10:58:32 | INFO     | Saving at a/skeb/tararango-9e642e.json
2026-10-05 10:58:33 | INFO     | OK https://skeb.jp/api/users/shiomi_konatsu
2026-10-05 10:58:33 | INFO     | Saving at a/skeb/shiomi_konatsu-7f0412.json
2026-10-05 10:58:34 | INFO     | OK https://skeb.jp/api/users/pm9e5QWzMk
2026-10-05 10:58:34 | INFO     | Saving at a/skeb/pm9e5QWzMk-bffc7f.json
2026-10-05 10:58:35 | INFO     | OK https://skeb.jp/api/users/grab_pigeon
2026-10-05 10:58:35 | INFO     | Saving at a/skeb/grab_pigeon-5ec946.json
2026-10-05 10:58:36 | INFO     | OK https://skeb.jp/api/users/knicat
2026-10-05 10:58:36 | INFO     | Saving at a/skeb/knicat-ab6418.json
2026-10-05 10:58:37 | INFO     | OK https://skeb.jp/api/users/zfjsfg
2026-10-05 10:58:37 | INFO     | Saving at a/skeb/zfjsfg-d8c57e.json
2026-10-05 10:58:38 | INFO     | OK https://skeb.jp/api/users/henria_yh
2026-10-05 10:58:38 | INFO     | Saving at a/skeb/henria_yh-fa52b9.json
2026-10-05 10:58:39 | INFO     | OK https://skeb.jp/api/users/inu_shiori
2026-10-05 10:58:39 | INFO     | Saving at a/skeb/inu_shiori-ec94d0.json
2026-10-05 10:58:40 | INFO     | OK https://skeb.jp/api/users/CM10110416
2026-10-05 10:58:40 | INFO     | Saving at a/skeb/CM10110416-9ed94b.json
2026-10-05 10:58:41 | INFO     | OK https://skeb.jp/api/users/0o_merrow
2026-10-05 10:58:41 | INFO     | Saving at a/skeb/0o_merrow-b04815.json
2026-10-05 10:58:42 | INFO     | OK https://skeb.jp/api/users/mayonakano838
2026-10-05 10:58:42 | INFO     | Saving at a/skeb/mayonakano838-cfb1d8.json
2026-10-05 10:58:43 | INFO     | OK https://skeb.jp/api/users/nao901
2026-10-05 10:58:43 | INFO     | Saving at a/skeb/nao901-ecf326.json
2026-10-05 10:58:44 | INFO     | OK https://skeb.jp/api/users/dU7OjqwlvE52150
2026-10-05 10:58:44 | INFO     | Saving at a/skeb/dU7OjqwlvE52150-6871cf.json
2026-10-05 10:58:45 | INFO     | OK https://skeb.jp/api/users/U_youmo
2026-10-05 10:58:45 | INFO     | Saving at a/skeb/U_youmo-167cf5.json
2026-10-05 10:58:46 | INFO     | OK https://skeb.jp/api/users/milkhaoi4
2026-10-05 10:58:46 | INFO     | Saving at a/skeb/milkhaoi4-1cce09.json
2026-10-05 10:58:47 | INFO     | OK https://skeb.jp/api/users/suurin_2
2026-10-05 10:58:47 | INFO     | Saving at a/skeb/suurin_2-b5f76c.json
2026-10-05 10:58:48 | INFO     | OK https://skeb.jp/api/users/arktwo_shin
2026-10-05 10:58:48 | INFO     | Saving at a/skeb/arktwo_shin-d3ce40.json
2026-10-05 10:58:49 | INFO     | OK https://skeb.jp/api/users/buruburu2
2026-10-05 10:58:49 | INFO     | Saving at a/skeb/buruburu2-691a4a.json
2026-10-05 10:58:50 | INFO     | OK https://skeb.jp/api/users/mashiro281
2026-10-05 10:58:50 | INFO     | Saving at a/skeb/mashiro281-64224f.json
2026-10-05 10:58:51 | INFO     | OK https://skeb.jp/api/users/zaruzaruisland
2026-10-05 10:58:51 | INFO     | Saving at a/skeb/zaruzaruisland-9c252f.json
2026-10-05 10:58:52 | INFO     | OK https://skeb.jp/api/users/Cus_1206
2026-10-05 10:58:52 | INFO     | Saving at a/skeb/Cus_1206-f11eba.json
2026-10-05 10:58:53 | INFO     | OK https://skeb.jp/api/users/nnyrkg
2026-10-05 10:58:53 | INFO     | Saving at a/skeb/nnyrkg-69bbff.json
2026-10-05 10:58:54 | INFO     | OK https://skeb.jp/api/users/deka_chang
2026-10-05 10:58:54 | INFO     | Saving at a/skeb/deka_chang-1e10cb.json
2026-10-05 10:58:55 | INFO     | OK https://skeb.jp/api/users/moty_wm
2026-10-05 10:58:55 | INFO     | Saving at a/skeb/moty_wm-9b5dee.json
2026-10-05 10:58:56 | INFO     | OK https://skeb.jp/api/users/Yuumiru827
2026-10-05 10:58:56 | INFO     | Saving at a/skeb/Yuumiru827-cc973f.json
2026-10-05 10:58:57 | INFO     | OK https://skeb.jp/api/users/ShS20L7Jn135869
2026-10-05 10:58:57 | INFO     | Saving at a/skeb/ShS20L7Jn135869-26c597.json
2026-10-05 10:58:58 | INFO     | OK https://skeb.jp/api/users/mamishachoa
2026-10-05 10:58:58 | INFO     | Saving at a/skeb/mamishachoa-28ec96.json
2026-10-05 10:58:59 | INFO     | OK https://skeb.jp/api/users/sasami_glasses
2026-10-05 10:58:59 | INFO     | Saving at a/skeb/sasami_glasses-785321.json
2026-10-05 10:59:00 | INFO     | OK https://skeb.jp/api/users/radqr__
2026-10-05 10:59:00 | INFO     | Saving at a/skeb/radqr__-01255a.json
2026-10-05 10:59:01 | INFO     | OK https://skeb.jp/api/users/kazami_0_0
2026-10-05 10:59:01 | INFO     | Saving at a/skeb/kazami_0_0-c94baa.json
2026-10-05 10:59:02 | INFO     | OK https://skeb.jp/api/users/Snami1168
2026-10-05 10:59:02 | INFO     | Saving at a/skeb/Snami1168-83c044.json
2026-10-05 10:59:03 | INFO     | OK https://skeb.jp/api/users/lamandavrc
2026-10-05 10:59:03 | INFO     | Saving at a/skeb/lamandavrc-c8361c.json
2026-10-05 10:59:04 | INFO     | OK https://skeb.jp/api/users/nagagagahe
2026-10-05 10:59:04 | INFO     | Saving at a/skeb/nagagagahe-36ca27.json
2026-10-05 10:59:05 | INFO     | OK https://skeb.jp/api/users/moechi0302
2026-10-05 10:59:05 | INFO     | Saving at a/skeb/moechi0302-df923b.json
2026-10-05 10:59:06 | INFO     | OK https://skeb.jp/api/users/matchapai_
2026-10-05 10:59:06 | INFO     | Saving at a/skeb/matchapai_-a0a90e.json
2026-10-05 10:59:07 | INFO     | OK https://skeb.jp/api/users/be_from_kobe
2026-10-05 10:59:07 | INFO     | Saving at a/skeb/be_from_kobe-b0d564.json
2026-10-05 10:59:08 | INFO     | OK https://skeb.jp/api/users/mohujirou1811
2026-10-05 10:59:08 | INFO     | Saving at a/skeb/mohujirou1811-ab6e63.json
2026-10-05 10:59:09 | INFO     | OK https://skeb.jp/api/users/ex80_sfd
2026-10-05 10:59:09 | INFO     | Saving at a/skeb/ex80_sfd-714bd3.json
2026-10-05 10:59:10 | INFO     | OK https://skeb.jp/api/users/hiyokoierou
2026-10-05 10:59:10 | INFO     | Saving at a/skeb/hiyokoierou-180dd0.json
2026-10-05 10:59:11 | INFO     | OK https://skeb.jp/api/users/korosite_3326
2026-10-05 10:59:11 | INFO     | Saving at a/skeb/korosite_3326-886d2c.json
2026-10-05 10:59:12 | INFO     | OK https://skeb.jp/api/users/subatinkurage
2026-10-05 10:59:12 | INFO     | Saving at a/skeb/subatinkurage-c8922b.json
2026-10-05 10:59:13 | INFO     | OK https://skeb.jp/api/users/yukiya_kuro96
2026-10-05 10:59:13 | INFO     | Saving at a/skeb/yukiya_kuro96-427d99.json
2026-10-05 10:59:14 | INFO     | OK https://skeb.jp/api/users/asaumelove2
2026-10-05 10:59:14 | INFO     | Saving at a/skeb/asaumelove2-0dd452.json
2026-10-05 10:59:15 | INFO     | OK https://skeb.jp/api/users/Am01gn
2026-10-05 10:59:15 | INFO     | Saving at a/skeb/Am01gn-9198ca.json
2026-10-05 10:59:16 | INFO     | OK https://skeb.jp/api/users/SKKkNDxc67Lq3Ke
2026-10-05 10:59:16 | INFO     | Saving at a/skeb/SKKkNDxc67Lq3Ke-6b85db.json
2026-10-05 10:59:17 | INFO     | OK https://skeb.jp/api/users/ao_o____1
2026-10-05 10:59:17 | INFO     | Saving at a/skeb/ao_o____1-e7502a.json
2026-10-05 10:59:18 | INFO     | OK https://skeb.jp/api/users/PrussianES
2026-10-05 10:59:18 | INFO     | Saving at a/skeb/PrussianES-8cf27a.json
2026-10-05 10:59:19 | INFO     | OK https://skeb.jp/api/users/x93md
2026-10-05 10:59:19 | INFO     | Saving at a/skeb/x93md-29f6f8.json
2026-10-05 10:59:20 | INFO     | OK https://skeb.jp/api/users/menz2honoooooo
2026-10-05 10:59:20 | INFO     | Saving at a/skeb/menz2honoooooo-4915e4.json
2026-10-05 10:59:21 | INFO     | OK https://skeb.jp/api/users/shirono_noel
2026-10-05 10:59:21 | INFO     | Saving at a/skeb/shirono_noel-827531.json
2026-10-05 10:59:22 | INFO     | OK https://skeb.jp/api/users/pict86390520116
2026-10-05 10:59:22 | INFO     | Saving at a/skeb/pict86390520116-2d3887.json
2026-10-05 10:59:23 | INFO     | OK https://skeb.jp/api/users/Tubasa71616859
2026-10-05 10:59:23 | INFO     | Saving at a/skeb/Tubasa71616859-3433c0.json
2026-10-05 10:59:24 | INFO     | OK https://skeb.jp/api/users/keke_kawa
2026-10-05 10:59:24 | INFO     | Saving at a/skeb/keke_kawa-65b76a.json
2026-10-05 10:59:25 | INFO     | OK https://skeb.jp/api/users/xx99__sg
2026-10-05 10:59:25 | INFO     | Saving at a/skeb/xx99__sg-0e4bfc.json
2026-10-05 10:59:26 | INFO     | OK https://skeb.jp/api/users/natsu_00_88
2026-10-05 10:59:26 | INFO     | Saving at a/skeb/natsu_00_88-a5f1c0.json
2026-10-05 10:59:27 | INFO     | OK https://skeb.jp/api/users/zu9393
2026-10-05 10:59:27 | INFO     | Saving at a/skeb/zu9393-de4000.json
2026-10-05 10:59:28 | INFO     | OK https://skeb.jp/api/users/hamachi_oekaki
2026-10-05 10:59:28 | INFO     | Saving at a/skeb/hamachi_oekaki-ab275b.json
2026-10-05 10:59:29 | INFO     | OK https://skeb.jp/api/users/tapioca_vrc
2026-10-05 10:59:29 | INFO     | Saving at a/skeb/tapioca_vrc-8b0cb4.json
2026-10-05 10:59:30 | INFO     | OK https://skeb.jp/api/users/puni_101010
2026-10-05 10:59:30 | INFO     | Saving at a/skeb/puni_101010-5da202.json
2026-10-05 10:59:31 | INFO     | OK https://skeb.jp/api/users/aoillust117
2026-10-05 10:59:31 | INFO     | Saving at a/skeb/aoillust117-8aba3b.json
2026-10-05 10:59:32 | INFO     | OK https://skeb.jp/api/users/mujimuji1010
2026-10-05 10:59:32 | INFO     | Saving at a/skeb/mujimuji1010-afd27e.json
2026-10-05 10:59:33 | INFO     | OK https://skeb.jp/api/users/HagureIruca_o0
2026-10-05 10:59:33 | INFO     | Saving at a/skeb/HagureIruca_o0-12f0bb.json
2026-10-05 10:59:34 | INFO     | OK https://skeb.jp/api/users/yabuinnnnnnu
2026-10-05 10:59:34 | INFO     | Saving at a/skeb/yabuinnnnnnu-303b29.json
2026-10-05 10:59:35 | INFO     | OK https://skeb.jp/api/users/uryyyy31
2026-10-05 10:59:35 | INFO     | Saving at a/skeb/uryyyy31-205faa.json
2026-10-05 10:59:36 | INFO     | OK https://skeb.jp/api/users/batooo_j
2026-10-05 10:59:36 | INFO     | Saving at a/skeb/batooo_j-40992b.json
2026-10-05 10:59:37 | INFO     | OK https://skeb.jp/api/users/mak066_
2026-10-05 10:59:37 | INFO     | Saving at a/skeb/mak066_-dfdf80.json
2026-10-05 10:59:38 | INFO     | OK https://skeb.jp/api/users/una_000123
2026-10-05 10:59:38 | INFO     | Saving at a/skeb/una_000123-1b2f9d.json
2026-10-05 10:59:39 | INFO     | OK https://skeb.jp/api/users/iroiro1729
2026-10-05 10:59:39 | INFO     | Saving at a/skeb/iroiro1729-a9dcda.json
2026-10-05 10:59:40 | INFO     | OK https://skeb.jp/api/users/zoru_boi
2026-10-05 10:59:40 | INFO     | Saving at a/skeb/zoru_boi-836d75.json
2026-10-05 10:59:41 | INFO     | OK https://skeb.jp/api/users/meshi0kome
2026-10-05 10:59:41 | INFO     | Saving at a/skeb/meshi0kome-e0f285.json
2026-10-05 10:59:42 | INFO     | OK https://skeb.jp/api/users/Goslingwallows
2026-10-05 10:59:42 | INFO     | Saving at a/skeb/Goslingwallows-a4ad23.json
2026-10-05 10:59:43 | INFO     | OK https://skeb.jp/api/users/nanoka_san
2026-10-05 10:59:43 | INFO     | Saving at a/skeb/nanoka_san-e030d9.json
2026-10-05 10:59:44 | INFO     | OK https://skeb.jp/api/users/amarimari1092
2026-10-05 10:59:44 | INFO     | Saving at a/skeb/amarimari1092-89ed07.json
2026-10-05 10:59:45 | INFO     | OK https://skeb.jp/api/users/hakusuifuta
2026-10-05 10:59:45 | INFO     | Saving at a/skeb/hakusuifuta-41a80f.json
2026-10-05 10:59:46 | INFO     | OK https://skeb.jp/api/users/kokutousagi
2026-10-05 10:59:46 | INFO     | Saving at a/skeb/kokutousagi-e2b8b7.json
2026-10-05 10:59:47 | INFO     | OK https://skeb.jp/api/users/Eiyttom
2026-10-05 10:59:47 | INFO     | Saving at a/skeb/Eiyttom-f83c4a.json
2026-10-05 10:59:48 | INFO     | OK https://skeb.jp/api/users/ichizunine
2026-10-05 10:59:48 | INFO     | Saving at a/skeb/ichizunine-09f918.json
2026-10-05 10:59:49 | INFO     | OK https://skeb.jp/api/users/rikuton101
2026-10-05 10:59:49 | INFO     | Saving at a/skeb/rikuton101-96f52b.json
2026-10-05 10:59:50 | INFO     | OK https://skeb.jp/api/users/Deltanimation
2026-10-05 10:59:50 | INFO     | Saving at a/skeb/Deltanimation-e8f31a.json
2026-10-05 10:59:51 | INFO     | OK https://skeb.jp/api/users/oimanji
2026-10-05 10:59:51 | INFO     | Saving at a/skeb/oimanji-2f9c12.json
2026-10-05 10:59:52 | INFO     | OK https://skeb.jp/api/users/eririn_room
2026-10-05 10:59:52 | INFO     | Saving at a/skeb/eririn_room-7e4108.json
2026-10-05 10:59:53 | INFO     | OK https://skeb.jp/api/users/makida_16
2026-10-05 10:59:53 | INFO     | Saving at a/skeb/makida_16-318844.json
2026-10-05 10:59:54 | INFO     | OK https://skeb.jp/api/users/YUUKI009200
2026-10-05 10:59:54 | INFO     | Saving at a/skeb/YUUKI009200-4cfa02.json
2026-10-05 10:59:55 | INFO     | OK https://skeb.jp/api/users/Galaxy_ito
2026-10-05 10:59:55 | INFO     | Saving at a/skeb/Galaxy_ito-841d1e.json
2026-10-05 10:59:56 | INFO     | OK https://skeb.jp/api/users/mofu2_san
2026-10-05 10:59:56 | INFO     | Saving at a/skeb/mofu2_san-16c4eb.json
2026-10-05 10:59:57 | INFO     | OK https://skeb.jp/api/users/_uuu10xox
2026-10-05 10:59:57 | INFO     | Saving at a/skeb/_uuu10xox-9943a7.json
2026-10-05 10:59:58 | INFO     | OK https://skeb.jp/api/users/84hsh
2026-10-05 10:59:58 | INFO     | Saving at a/skeb/84hsh-0691f3.json
2026-10-05 10:59:59 | INFO     | OK https://skeb.jp/api/users/kurane_yuumu
2026-10-05 10:59:59 | INFO     | Saving at a/skeb/kurane_yuumu-f17044.json
2026-10-05 11:00:00 | INFO     | OK https://skeb.jp/api/users/PDSOLEs
2026-10-05 11:00:00 | INFO     | Saving at a/skeb/PDSOLEs-6c633f.json
2026-10-05 11:00:01 | INFO     | OK https://skeb.jp/api/users/DDay_0w0
2026-10-05 11:00:01 | INFO     | Saving at a/skeb/DDay_0w0-14b7bc.json
2026-10-05 11:00:02 | INFO     | OK https://skeb.jp/api/users/meke77842928
2026-10-05 11:00:02 | INFO     | Saving at a/skeb/meke77842928-47b9b1.json
2026-10-05 11:00:03 | INFO     | OK https://skeb.jp/api/users/PeroPeroDRAwing
2026-10-05 11:00:03 | INFO     | Saving at a/skeb/PeroPeroDRAwing-300674.json
2026-10-05 11:00:04 | INFO     | OK https://skeb.jp/api/users/zenimakitchen
2026-10-05 11:00:04 | INFO     | Saving at a/skeb/zenimakitchen-fce728.json
2026-10-05 11:00:05 | INFO     | OK https://skeb.jp/api/users/531441_sub
2026-10-05 11:00:05 | INFO     | Saving at a/skeb/531441_sub-73075a.json
2026-10-05 11:00:06 | INFO     | OK https://skeb.jp/api/users/LUZmofiiyo_mofu
2026-10-05 11:00:06 | INFO     | Saving at a/skeb/LUZmofiiyo_mofu-10a22d.json
2026-10-05 11:00:07 | INFO     | OK https://skeb.jp/api/users/Kaikanaaaaa
2026-10-05 11:00:07 | INFO     | Saving at a/skeb/Kaikanaaaaa-5153bd.json
2026-10-05 11:00:08 | INFO     | OK https://skeb.jp/api/users/aoiroblue_77
2026-10-05 11:00:08 | INFO     | Saving at a/skeb/aoiroblue_77-6af908.json
2026-10-05 11:00:09 | INFO     | OK https://skeb.jp/api/users/88i_y
2026-10-05 11:00:09 | INFO     | Saving at a/skeb/88i_y-ae9713.json
2026-10-05 11:00:10 | INFO     | OK https://skeb.jp/api/users/000000yoko
2026-10-05 11:00:10 | INFO     | Saving at a/skeb/000000yoko-7c4f49.json
2026-10-05 11:00:11 | INFO     | OK https://skeb.jp/api/users/Muteotonasi
2026-10-05 11:00:11 | INFO     | Saving at a/skeb/Muteotonasi-cbedd0.json
2026-10-05 11:00:12 | INFO     | OK https://skeb.jp/api/users/8r3myk
2026-10-05 11:00:12 | INFO     | Saving at a/skeb/8r3myk-d90f85.json
2026-10-05 11:00:13 | INFO     | OK https://skeb.jp/api/users/super_yanineko
2026-10-05 11:00:13 | INFO     | Saving at a/skeb/super_yanineko-f10eb3.json
2026-10-05 11:00:14 | INFO     | OK https://skeb.jp/api/users/M_tomoyohi
2026-10-05 11:00:14 | INFO     | Saving at a/skeb/M_tomoyohi-80a013.json
2026-10-05 11:00:15 | INFO     | OK https://skeb.jp/api/users/mazitaskt
2026-10-05 11:00:15 | INFO     | Saving at a/skeb/mazitaskt-968106.json
2026-10-05 11:00:16 | INFO     | OK https://skeb.jp/api/users/uuelc
2026-10-05 11:00:16 | INFO     | Saving at a/skeb/uuelc-a0644d.json
2026-10-05 11:00:17 | INFO     | OK https://skeb.jp/api/users/mochicollagen
2026-10-05 11:00:17 | INFO     | Saving at a/skeb/mochicollagen-9fa423.json
2026-10-05 11:00:18 | INFO     | OK https://skeb.jp/api/users/nanasi_RPG
2026-10-05 11:00:18 | INFO     | Saving at a/skeb/nanasi_RPG-d42c7a.json
2026-10-05 11:00:19 | INFO     | OK https://skeb.jp/api/users/3Tokitamago3
2026-10-05 11:00:19 | INFO     | Saving at a/skeb/3Tokitamago3-775f3a.json
2026-10-05 11:00:20 | INFO     | OK https://skeb.jp/api/users/KoGaNe_trans_39
2026-10-05 11:00:20 | INFO     | Saving at a/skeb/KoGaNe_trans_39-e5ab1d.json
2026-10-05 11:00:21 | INFO     | OK https://skeb.jp/api/users/JILL_MOROLL
2026-10-05 11:00:21 | INFO     | Saving at a/skeb/JILL_MOROLL-a2eeae.json
2026-10-05 11:00:22 | INFO     | OK https://skeb.jp/api/users/kurona
2026-10-05 11:00:22 | INFO     | Saving at a/skeb/kurona-469857.json
2026-10-05 11:00:23 | INFO     | OK https://skeb.jp/api/users/dedechi_skeb
2026-10-05 11:00:23 | INFO     | Saving at a/skeb/dedechi_skeb-fdd67e.json
2026-10-05 11:00:24 | INFO     | OK https://skeb.jp/api/users/Aziaziirasuto
2026-10-05 11:00:24 | INFO     | Saving at a/skeb/Aziaziirasuto-cd508f.json
2026-10-05 11:00:25 | INFO     | OK https://skeb.jp/api/users/fu_renXP
2026-10-05 11:00:25 | INFO     | Saving at a/skeb/fu_renXP-f4ccd6.json
2026-10-05 11:00:26 | INFO     | OK https://skeb.jp/api/users/Heine_555
2026-10-05 11:00:26 | INFO     | Saving at a/skeb/Heine_555-7fe4c2.json
2026-10-05 11:00:27 | INFO     | OK https://skeb.jp/api/users/kaik3265
2026-10-05 11:00:27 | INFO     | Saving at a/skeb/kaik3265-375d34.json
2026-10-05 11:00:28 | INFO     | OK https://skeb.jp/api/users/Hong_KRN
2026-10-05 11:00:28 | INFO     | Saving at a/skeb/Hong_KRN-cfdc46.json
2026-10-05 11:00:29 | INFO     | OK https://skeb.jp/api/users/faru_ytori
2026-10-05 11:00:29 | INFO     | Saving at a/skeb/faru_ytori-3d7469.json
2026-10-05 11:00:30 | INFO     | OK https://skeb.jp/api/users/tyatyakomachi
2026-10-05 11:00:30 | INFO     | Saving at a/skeb/tyatyakomachi-ef4c22.json
2026-10-05 11:00:31 | INFO     | OK https://skeb.jp/api/users/kurokohi0106
2026-10-05 11:00:31 | INFO     | Saving at a/skeb/kurokohi0106-376066.json
2026-10-05 11:00:32 | INFO     | OK https://skeb.jp/api/users/tanbotalo
2026-10-05 11:00:32 | INFO     | Saving at a/skeb/tanbotalo-1ad50c.json
2026-10-05 11:00:33 | INFO     | OK https://skeb.jp/api/users/baza629
2026-10-05 11:00:33 | INFO     | Saving at a/skeb/baza629-98956d.json
2026-10-05 11:00:34 | INFO     | OK https://skeb.jp/api/users/kinokoex
2026-10-05 11:00:34 | INFO     | Saving at a/skeb/kinokoex-30a1ac.json
2026-10-05 11:00:35 | INFO     | OK https://skeb.jp/api/users/mineral_666
2026-10-05 11:00:35 | INFO     | Saving at a/skeb/mineral_666-3a3f60.json
2026-10-05 11:00:36 | INFO     | OK https://skeb.jp/api/users/310_Suzaki
2026-10-05 11:00:36 | INFO     | Saving at a/skeb/310_Suzaki-2e5a23.json
2026-10-05 11:00:37 | INFO     | OK https://skeb.jp/api/users/marimo1899
2026-10-05 11:00:37 | INFO     | Saving at a/skeb/marimo1899-3327c6.json
2026-10-05 11:00:38 | INFO     | OK https://skeb.jp/api/users/akira_misame
2026-10-05 11:00:38 | INFO     | Saving at a/skeb/akira_misame-1659c1.json
2026-10-05 11:00:39 | INFO     | OK https://skeb.jp/api/users/oooomuretu00
2026-10-05 11:00:39 | INFO     | Saving at a/skeb/oooomuretu00-9715a2.json
2026-10-05 11:00:40 | INFO     | OK https://skeb.jp/api/users/asan0ta
2026-10-05 11:00:40 | INFO     | Saving at a/skeb/asan0ta-c78c54.json
2026-10-05 11:00:41 | INFO     | OK https://skeb.jp/api/users/Ikayaki0202
2026-10-05 11:00:41 | INFO     | Saving at a/skeb/Ikayaki0202-38712c.json
2026-10-05 11:00:42 | INFO     | OK https://skeb.jp/api/users/moon8_8sun
2026-10-05 11:00:42 | INFO     | Saving at a/skeb/moon8_8sun-e26e60.json
2026-10-05 11:00:43 | INFO     | OK https://skeb.jp/api/users/uki_gawa
2026-10-05 11:00:43 | INFO     | Saving at a/skeb/uki_gawa-5715d1.json
2026-10-05 11:00:44 | INFO     | OK https://skeb.jp/api/users/K_Nachii
2026-10-05 11:00:44 | INFO     | Saving at a/skeb/K_Nachii-db7a25.json
2026-10-05 11:00:45 | INFO     | OK https://skeb.jp/api/users/CYOBIRO
2026-10-05 11:00:45 | INFO     | Saving at a/skeb/CYOBIRO-772aa9.json
2026-10-05 11:00:46 | INFO     | OK https://skeb.jp/api/users/mutayko
2026-10-05 11:00:46 | INFO     | Saving at a/skeb/mutayko-5efc4c.json
2026-10-05 11:00:47 | INFO     | OK https://skeb.jp/api/users/windmoon_tw
2026-10-05 11:00:47 | INFO     | Saving at a/skeb/windmoon_tw-83057c.json
2026-10-05 11:00:48 | INFO     | OK https://skeb.jp/api/users/pechi_maru
2026-10-05 11:00:48 | INFO     | Saving at a/skeb/pechi_maru-2a0514.json
2026-10-05 11:00:49 | INFO     | OK https://skeb.jp/api/users/Totsuki_Ayu
2026-10-05 11:00:49 | INFO     | Saving at a/skeb/Totsuki_Ayu-8dee74.json
2026-10-05 11:00:50 | INFO     | OK https://skeb.jp/api/users/fsjm1111
2026-10-05 11:00:50 | INFO     | Saving at a/skeb/fsjm1111-e9cabf.json
2026-10-05 11:00:51 | INFO     | OK https://skeb.jp/api/users/shuseiH31
2026-10-05 11:00:51 | INFO     | Saving at a/skeb/shuseiH31-12fda9.json
2026-10-05 11:00:52 | INFO     | OK https://skeb.jp/api/users/smkzocb
2026-10-05 11:00:52 | INFO     | Saving at a/skeb/smkzocb-c251e8.json
2026-10-05 11:00:53 | INFO     | OK https://skeb.jp/api/users/Eimi_Nekokai
2026-10-05 11:00:53 | INFO     | Saving at a/skeb/Eimi_Nekokai-836699.json
2026-10-05 11:00:54 | INFO     | OK https://skeb.jp/api/users/fjt_22
2026-10-05 11:00:54 | INFO     | Saving at a/skeb/fjt_22-f4a31f.json
2026-10-05 11:00:55 | INFO     | OK https://skeb.jp/api/users/koshimaki_sound
2026-10-05 11:00:55 | INFO     | Saving at a/skeb/koshimaki_sound-048bcd.json
2026-10-05 11:00:56 | INFO     | OK https://skeb.jp/api/users/strawberryicem
2026-10-05 11:00:56 | INFO     | Saving at a/skeb/strawberryicem-3522cb.json
2026-10-05 11:00:57 | INFO     | OK https://skeb.jp/api/users/s_tabunoki_
2026-10-05 11:00:57 | INFO     | Saving at a/skeb/s_tabunoki_-f6c2bf.json
2026-10-05 11:00:58 | INFO     | OK https://skeb.jp/api/users/limone_Illust
2026-10-05 11:00:58 | INFO     | Saving at a/skeb/limone_Illust-01fba0.json
2026-10-05 11:00:59 | INFO     | OK https://skeb.jp/api/users/27zwnlq
2026-10-05 11:00:59 | INFO     | Saving at a/skeb/27zwnlq-568363.json
2026-10-05 11:01:00 | INFO     | OK https://skeb.jp/api/users/purpur_nnc
2026-10-05 11:01:00 | INFO     | Saving at a/skeb/purpur_nnc-870b7e.json
2026-10-05 11:01:01 | INFO     | OK https://skeb.jp/api/users/mrc3ai
2026-10-05 11:01:01 | INFO     | Saving at a/skeb/mrc3ai-cb9b8c.json
2026-10-05 11:01:02 | INFO     | OK https://skeb.jp/api/users/sansyoku32
2026-10-05 11:01:02 | INFO     | Saving at a/skeb/sansyoku32-cc7473.json
2026-10-05 11:01:03 | INFO     | OK https://skeb.jp/api/users/moooota_
2026-10-05 11:01:03 | INFO     | Saving at a/skeb/moooota_-3422a6.json
2026-10-05 11:01:04 | INFO     | OK https://skeb.jp/api/users/Ni9oome
2026-10-05 11:01:04 | INFO     | Saving at a/skeb/Ni9oome-84c116.json
2026-10-05 11:01:05 | INFO     | OK https://skeb.jp/api/users/mitcher_meier
2026-10-05 11:01:05 | INFO     | Saving at a/skeb/mitcher_meier-c8e987.json
2026-10-05 11:01:06 | INFO     | OK https://skeb.jp/api/users/daikonartist
2026-10-05 11:01:06 | INFO     | Saving at a/skeb/daikonartist-1d1dcf.json
2026-10-05 11:01:07 | INFO     | OK https://skeb.jp/api/users/aratano2424
2026-10-05 11:01:07 | INFO     | Saving at a/skeb/aratano2424-ff8944.json
2026-10-05 11:01:08 | INFO     | OK https://skeb.jp/api/users/aknowu
2026-10-05 11:01:08 | INFO     | Saving at a/skeb/aknowu-b970d0.json
2026-10-05 11:01:09 | INFO     | OK https://skeb.jp/api/users/bombomhifugigo
2026-10-05 11:01:09 | INFO     | Saving at a/skeb/bombomhifugigo-11bd60.json
2026-10-05 11:01:10 | INFO     | OK https://skeb.jp/api/users/dain_ddd
2026-10-05 11:01:10 | INFO     | Saving at a/skeb/dain_ddd-58adcb.json
2026-10-05 11:01:11 | INFO     | OK https://skeb.jp/api/users/kiwamekiwa
2026-10-05 11:01:11 | INFO     | Saving at a/skeb/kiwamekiwa-14d7d9.json
2026-10-05 11:01:12 | INFO     | OK https://skeb.jp/api/users/x2xmua
2026-10-05 11:01:12 | INFO     | Saving at a/skeb/x2xmua-1cb324.json
2026-10-05 11:01:13 | INFO     | OK https://skeb.jp/api/users/mxm_404
2026-10-05 11:01:13 | INFO     | Saving at a/skeb/mxm_404-5ff441.json
2026-10-05 11:01:14 | INFO     | OK https://skeb.jp/api/users/MochiMochi_Moyu
2026-10-05 11:01:14 | INFO     | Saving at a/skeb/MochiMochi_Moyu-753a95.json
2026-10-05 11:01:15 | INFO     | OK https://skeb.jp/api/users/xnokochamax
2026-10-05 11:01:15 | INFO     | Saving at a/skeb/xnokochamax-f6e6aa.json
2026-10-05 11:01:16 | INFO     | OK https://skeb.jp/api/users/lallal3838
2026-10-05 11:01:16 | INFO     | Saving at a/skeb/lallal3838-cc4cf4.json
2026-10-05 11:01:17 | INFO     | OK https://skeb.jp/api/users/l_ac00
2026-10-05 11:01:17 | INFO     | Saving at a/skeb/l_ac00-4a4fab.json
2026-10-05 11:01:18 | INFO     | OK https://skeb.jp/api/users/nanasenao
2026-10-05 11:01:18 | INFO     | Saving at a/skeb/nanasenao-bbf511.json
2026-10-05 11:01:19 | INFO     | OK https://skeb.jp/api/users/erocetera
2026-10-05 11:01:19 | INFO     | Saving at a/skeb/erocetera-bc207d.json
2026-10-05 11:01:20 | INFO     | OK https://skeb.jp/api/users/mikoccccchan
2026-10-05 11:01:20 | INFO     | Saving at a/skeb/mikoccccchan-31639b.json
2026-10-05 11:01:21 | INFO     | OK https://skeb.jp/api/users/70da_s
2026-10-05 11:01:21 | INFO     | Saving at a/skeb/70da_s-16dd38.json
2026-10-05 11:01:22 | INFO     | OK https://skeb.jp/api/users/yu_na_8282
2026-10-05 11:01:22 | INFO     | Saving at a/skeb/yu_na_8282-f342b7.json
2026-10-05 11:01:23 | INFO     | OK https://skeb.jp/api/users/scomsio
2026-10-05 11:01:23 | INFO     | Saving at a/skeb/scomsio-928e64.json
2026-10-05 11:01:24 | INFO     | OK https://skeb.jp/api/users/GOBOTENICE
2026-10-05 11:01:24 | INFO     | Saving at a/skeb/GOBOTENICE-da2f02.json
2026-10-05 11:01:25 | INFO     | OK https://skeb.jp/api/users/Rine_mini
2026-10-05 11:01:25 | INFO     | Saving at a/skeb/Rine_mini-26ad5d.json
2026-10-05 11:01:26 | INFO     | OK https://skeb.jp/api/users/Neshiki969
2026-10-05 11:01:26 | INFO     | Saving at a/skeb/Neshiki969-7cf364.json
2026-10-05 11:01:27 | INFO     | OK https://skeb.jp/api/users/shika3neko
2026-10-05 11:01:27 | INFO     | Saving at a/skeb/shika3neko-211ec4.json
2026-10-05 11:01:28 | INFO     | OK https://skeb.jp/api/users/nameko_uu
2026-10-05 11:01:28 | INFO     | Saving at a/skeb/nameko_uu-60eba8.json
2026-10-05 11:01:29 | INFO     | OK https://skeb.jp/api/users/OTORIxxx
2026-10-05 11:01:29 | INFO     | Saving at a/skeb/OTORIxxx-fe10b7.json
2026-10-05 11:01:30 | INFO     | OK https://skeb.jp/api/users/momo_soda
2026-10-05 11:01:30 | INFO     | Saving at a/skeb/momo_soda-f5479b.json
2026-10-05 11:01:31 | INFO     | OK https://skeb.jp/api/users/ishi_kuroda
2026-10-05 11:01:31 | INFO     | Saving at a/skeb/ishi_kuroda-098afc.json
2026-10-05 11:01:32 | INFO     | OK https://skeb.jp/api/users/hno3syo
2026-10-05 11:01:32 | INFO     | Saving at a/skeb/hno3syo-58523f.json
2026-10-05 11:01:33 | INFO     | OK https://skeb.jp/api/users/Mirai_SYMPHONIA
2026-10-05 11:01:33 | INFO     | Saving at a/skeb/Mirai_SYMPHONIA-51647f.json
2026-10-05 11:01:34 | INFO     | OK https://skeb.jp/api/users/Tikena_ES
2026-10-05 11:01:34 | INFO     | Saving at a/skeb/Tikena_ES-540b62.json
2026-10-05 11:01:35 | INFO     | OK https://skeb.jp/api/users/ebimirin1214
2026-10-05 11:01:35 | INFO     | Saving at a/skeb/ebimirin1214-28f96f.json
2026-10-05 11:01:36 | INFO     | OK https://skeb.jp/api/users/chikoinochi
2026-10-05 11:01:36 | INFO     | Saving at a/skeb/chikoinochi-ec55b4.json
2026-10-05 11:01:37 | INFO     | OK https://skeb.jp/api/users/aiueonigiri_04
2026-10-05 11:01:37 | INFO     | Saving at a/skeb/aiueonigiri_04-42eb97.json
2026-10-05 11:01:38 | INFO     | OK https://skeb.jp/api/users/ten_gogh
2026-10-05 11:01:38 | INFO     | Saving at a/skeb/ten_gogh-e238c0.json
2026-10-05 11:01:39 | INFO     | OK https://skeb.jp/api/users/NtyaO2
2026-10-05 11:01:39 | INFO     | Saving at a/skeb/NtyaO2-214ca4.json
2026-10-05 11:01:40 | INFO     | OK https://skeb.jp/api/users/inuo_x
2026-10-05 11:01:40 | INFO     | Saving at a/skeb/inuo_x-f7419f.json
2026-10-05 11:01:41 | INFO     | OK https://skeb.jp/api/users/tomoe00022
2026-10-05 11:01:41 | INFO     | Saving at a/skeb/tomoe00022-57979b.json
2026-10-05 11:01:42 | INFO     | OK https://skeb.jp/api/users/mizu__E_kaku
2026-10-05 11:01:42 | INFO     | Saving at a/skeb/mizu__E_kaku-c9e700.json
2026-10-05 11:01:43 | INFO     | OK https://skeb.jp/api/users/gre_frog_t
2026-10-05 11:01:43 | INFO     | Saving at a/skeb/gre_frog_t-697b49.json
2026-10-05 11:01:44 | INFO     | OK https://skeb.jp/api/users/272kcal
2026-10-05 11:01:44 | INFO     | Saving at a/skeb/272kcal-0ee5fc.json
2026-10-05 11:01:45 | INFO     | OK https://skeb.jp/api/users/soskodiony
2026-10-05 11:01:45 | INFO     | Saving at a/skeb/soskodiony-c4ccdd.json
2026-10-05 11:01:46 | INFO     | OK https://skeb.jp/api/users/riyouoshi
2026-10-05 11:01:46 | INFO     | Saving at a/skeb/riyouoshi-be657c.json
2026-10-05 11:01:47 | INFO     | OK https://skeb.jp/api/users/Douna2
2026-10-05 11:01:47 | INFO     | Saving at a/skeb/Douna2-32be93.json
2026-10-05 11:01:48 | INFO     | OK https://skeb.jp/api/users/3kumini
2026-10-05 11:01:48 | INFO     | Saving at a/skeb/3kumini-94aff1.json
2026-10-05 11:01:49 | INFO     | OK https://skeb.jp/api/users/mofu_moffka
2026-10-05 11:01:49 | INFO     | Saving at a/skeb/mofu_moffka-cd6def.json
2026-10-05 11:01:50 | INFO     | OK https://skeb.jp/api/users/pnemo_color
2026-10-05 11:01:50 | INFO     | Saving at a/skeb/pnemo_color-f7e7ed.json
2026-10-05 11:01:51 | INFO     | OK https://skeb.jp/api/users/N_O_N_M_O_T_O
2026-10-05 11:01:51 | INFO     | Saving at a/skeb/N_O_N_M_O_T_O-1b1acb.json
2026-10-05 11:01:52 | INFO     | OK https://skeb.jp/api/users/Inushichi_desu
2026-10-05 11:01:52 | INFO     | Saving at a/skeb/Inushichi_desu-4afac2.json
2026-10-05 11:01:53 | INFO     | OK https://skeb.jp/api/users/lugosiela_TR
2026-10-05 11:01:53 | INFO     | Saving at a/skeb/lugosiela_TR-76c0d4.json
2026-10-05 11:01:54 | INFO     | OK https://skeb.jp/api/users/torasaburo_36
2026-10-05 11:01:54 | INFO     | Saving at a/skeb/torasaburo_36-7a705b.json
2026-10-05 11:01:55 | INFO     | OK https://skeb.jp/api/users/hibioekaki
2026-10-05 11:01:55 | INFO     | Saving at a/skeb/hibioekaki-e698f2.json
2026-10-05 11:01:56 | INFO     | OK https://skeb.jp/api/users/sousaku9116
2026-10-05 11:01:56 | INFO     | Saving at a/skeb/sousaku9116-4651c7.json
2026-10-05 11:01:57 | INFO     | OK https://skeb.jp/api/users/NK_gown
2026-10-05 11:01:57 | INFO     | Saving at a/skeb/NK_gown-cb0481.json
2026-10-05 11:01:58 | INFO     | OK https://skeb.jp/api/users/metyayurusu
2026-10-05 11:01:58 | INFO     | Saving at a/skeb/metyayurusu-600a42.json
2026-10-05 11:01:59 | INFO     | OK https://skeb.jp/api/users/Rafoll_Siegwurm
2026-10-05 11:01:59 | INFO     | Saving at a/skeb/Rafoll_Siegwurm-cdd3c7.json
2026-10-05 11:02:00 | INFO     | OK https://skeb.jp/api/users/seulo3ryh
2026-10-05 11:02:00 | INFO     | Saving at a/skeb/seulo3ryh-a18aca.json
2026-10-05 11:02:01 | INFO     | OK https://skeb.jp/api/users/konruri_blue
2026-10-05 11:02:01 | INFO     | Saving at a/skeb/konruri_blue-0eb466.json
2026-10-05 11:02:02 | INFO     | OK https://skeb.jp/api/users/taru3286
2026-10-05 11:02:02 | INFO     | Saving at a/skeb/taru3286-6472bd.json
2026-10-05 11:02:03 | INFO     | OK https://skeb.jp/api/users/dogfuji15
2026-10-05 11:02:03 | INFO     | Saving at a/skeb/dogfuji15-a4ea0e.json
2026-10-05 11:02:04 | INFO     | OK https://skeb.jp/api/users/Indigo_Blue_anp
2026-10-05 11:02:04 | INFO     | Saving at a/skeb/Indigo_Blue_anp-702fb2.json
2026-10-05 11:02:05 | INFO     | OK https://skeb.jp/api/users/toymark_jp
2026-10-05 11:02:05 | INFO     | Saving at a/skeb/toymark_jp-76f5cd.json
2026-10-05 11:02:06 | INFO     | OK https://skeb.jp/api/users/Eiswand___
2026-10-05 11:02:06 | INFO     | Saving at a/skeb/Eiswand___-b5035f.json
2026-10-05 11:02:07 | INFO     | OK https://skeb.jp/api/users/2nd_sasame
2026-10-05 11:02:07 | INFO     | Saving at a/skeb/2nd_sasame-dfae4b.json
2026-10-05 11:02:08 | INFO     | OK https://skeb.jp/api/users/satou_aji11
2026-10-05 11:02:08 | INFO     | Saving at a/skeb/satou_aji11-5a95c6.json
2026-10-05 11:02:09 | INFO     | OK https://skeb.jp/api/users/AoKi_MiDori_
2026-10-05 11:02:09 | INFO     | Saving at a/skeb/AoKi_MiDori_-d710d2.json
2026-10-05 11:02:10 | INFO     | OK https://skeb.jp/api/users/merona_0914
2026-10-05 11:02:10 | INFO     | Saving at a/skeb/merona_0914-6859ea.json
2026-10-05 11:02:11 | INFO     | OK https://skeb.jp/api/users/Chigiripan242
2026-10-05 11:02:11 | INFO     | Saving at a/skeb/Chigiripan242-5edb0c.json
2026-10-05 11:02:12 | INFO     | OK https://skeb.jp/api/users/mizumizusiiman
2026-10-05 11:02:12 | INFO     | Saving at a/skeb/mizumizusiiman-99efd2.json
2026-10-05 11:02:13 | INFO     | OK https://skeb.jp/api/users/HeroRyona11860
2026-10-05 11:02:13 | INFO     | Saving at a/skeb/HeroRyona11860-c6b444.json
2026-10-05 11:02:14 | INFO     | OK https://skeb.jp/api/users/_kohaku_meii_
2026-10-05 11:02:14 | INFO     | Saving at a/skeb/_kohaku_meii_-c3c543.json
2026-10-05 11:02:15 | INFO     | OK https://skeb.jp/api/users/ya_sk2
2026-10-05 11:02:15 | INFO     | Saving at a/skeb/ya_sk2-155181.json
2026-10-05 11:02:16 | INFO     | OK https://skeb.jp/api/users/yu2c0_sub
2026-10-05 11:02:16 | INFO     | Saving at a/skeb/yu2c0_sub-eca74b.json
2026-10-05 11:02:17 | INFO     | OK https://skeb.jp/api/users/Ig2s_
2026-10-05 11:02:17 | INFO     | Saving at a/skeb/Ig2s_-6ed6ed.json
2026-10-05 11:02:18 | INFO     | OK https://skeb.jp/api/users/umfnlq
2026-10-05 11:02:18 | INFO     | Saving at a/skeb/umfnlq-245d6b.json
2026-10-05 11:02:19 | INFO     | OK https://skeb.jp/api/users/miiainukawaii
2026-10-05 11:02:19 | INFO     | Saving at a/skeb/miiainukawaii-f7fe44.json
2026-10-05 11:02:20 | INFO     | OK https://skeb.jp/api/users/thi_ru_sk_d
2026-10-05 11:02:20 | INFO     | Saving at a/skeb/thi_ru_sk_d-4a3a62.json
2026-10-05 11:02:21 | INFO     | OK https://skeb.jp/api/users/tobun_sub
2026-10-05 11:02:21 | INFO     | Saving at a/skeb/tobun_sub-7fda50.json
2026-10-05 11:02:22 | INFO     | OK https://skeb.jp/api/users/nanana_namie
2026-10-05 11:02:22 | INFO     | Saving at a/skeb/nanana_namie-269c28.json
2026-10-05 11:02:23 | INFO     | OK https://skeb.jp/api/users/hu_nin1216
2026-10-05 11:02:23 | INFO     | Saving at a/skeb/hu_nin1216-2a68d8.json
2026-10-05 11:02:24 | INFO     | OK https://skeb.jp/api/users/a_MellowCandy__
2026-10-05 11:02:24 | INFO     | Saving at a/skeb/a_MellowCandy__-00df7d.json
2026-10-05 11:02:25 | INFO     | OK https://skeb.jp/api/users/bry5g
2026-10-05 11:02:25 | INFO     | Saving at a/skeb/bry5g-f2494c.json
2026-10-05 11:02:26 | INFO     | OK https://skeb.jp/api/users/shi6sawa
2026-10-05 11:02:26 | INFO     | Saving at a/skeb/shi6sawa-0880fe.json
2026-10-05 11:02:27 | INFO     | OK https://skeb.jp/api/users/4lvlri
2026-10-05 11:02:27 | INFO     | Saving at a/skeb/4lvlri-98a84e.json
2026-10-05 11:02:28 | INFO     | OK https://skeb.jp/api/users/kanemitsu411
2026-10-05 11:02:28 | INFO     | Saving at a/skeb/kanemitsu411-a1b25c.json
2026-10-05 11:02:29 | INFO     | OK https://skeb.jp/api/users/wjmfWFFIBV8263
2026-10-05 11:02:29 | INFO     | Saving at a/skeb/wjmfWFFIBV8263-6ac848.json
2026-10-05 11:02:30 | INFO     | OK https://skeb.jp/api/users/noinoirerda
2026-10-05 11:02:30 | INFO     | Saving at a/skeb/noinoirerda-9b06c7.json
2026-10-05 11:02:31 | INFO     | OK https://skeb.jp/api/users/fl277327
2026-10-05 11:02:31 | INFO     | Saving at a/skeb/fl277327-aca4d8.json
2026-10-05 11:02:32 | INFO     | OK https://skeb.jp/api/users/guruminnSuB
2026-10-05 11:02:32 | INFO     | Saving at a/skeb/guruminnSuB-88ec20.json
2026-10-05 11:02:33 | INFO     | OK https://skeb.jp/api/users/chita0518
2026-10-05 11:02:33 | INFO     | Saving at a/skeb/chita0518-5ade66.json
2026-10-05 11:02:34 | INFO     | OK https://skeb.jp/api/users/771commission
2026-10-05 11:02:34 | INFO     | Saving at a/skeb/771commission-b067fc.json
2026-10-05 11:02:35 | INFO     | OK https://skeb.jp/api/users/nemui_noda4
2026-10-05 11:02:35 | INFO     | Saving at a/skeb/nemui_noda4-d3e284.json
2026-10-05 11:02:36 | INFO     | OK https://skeb.jp/api/users/magutani2
2026-10-05 11:02:36 | INFO     | Saving at a/skeb/magutani2-a3050d.json
2026-10-05 11:02:37 | INFO     | OK https://skeb.jp/api/users/SugiDoritos
2026-10-05 11:02:37 | INFO     | Saving at a/skeb/SugiDoritos-c5b6f2.json
2026-10-05 11:02:38 | INFO     | OK https://skeb.jp/api/users/yuzukiru1
2026-10-05 11:02:38 | INFO     | Saving at a/skeb/yuzukiru1-d7a519.json
2026-10-05 11:02:39 | INFO     | OK https://skeb.jp/api/users/G_hmr01
2026-10-05 11:02:39 | INFO     | Saving at a/skeb/G_hmr01-81a728.json
2026-10-05 11:02:40 | INFO     | OK https://skeb.jp/api/users/Pafekui01
2026-10-05 11:02:40 | INFO     | Saving at a/skeb/Pafekui01-ff828f.json
2026-10-05 11:02:41 | INFO     | OK https://skeb.jp/api/users/aka46725
2026-10-05 11:02:41 | INFO     | Saving at a/skeb/aka46725-4c8bce.json
2026-10-05 11:02:42 | INFO     | OK https://skeb.jp/api/users/Ly05YY
2026-10-05 11:02:42 | INFO     | Saving at a/skeb/Ly05YY-ad96bc.json
2026-10-05 11:02:43 | INFO     | OK https://skeb.jp/api/users/nanabako_7
2026-10-05 11:02:43 | INFO     | Saving at a/skeb/nanabako_7-ca4639.json
2026-10-05 11:02:44 | INFO     | OK https://skeb.jp/api/users/akabashiyu
2026-10-05 11:02:44 | INFO     | Saving at a/skeb/akabashiyu-ea6819.json
2026-10-05 11:02:45 | INFO     | OK https://skeb.jp/api/users/0_5zero
2026-10-05 11:02:45 | INFO     | Saving at a/skeb/0_5zero-f7c391.json
2026-10-05 11:02:46 | INFO     | OK https://skeb.jp/api/users/Midori_soumenn
2026-10-05 11:02:46 | INFO     | Saving at a/skeb/Midori_soumenn-b97b97.json
2026-10-05 11:02:47 | INFO     | OK https://skeb.jp/api/users/nnozakk14
2026-10-05 11:02:47 | INFO     | Saving at a/skeb/nnozakk14-e88173.json
2026-10-05 11:02:48 | INFO     | OK https://skeb.jp/api/users/pom_de_hamster
2026-10-05 11:02:48 | INFO     | Saving at a/skeb/pom_de_hamster-aafc60.json
2026-10-05 11:02:49 | INFO     | OK https://skeb.jp/api/users/mame_denkyuu_
2026-10-05 11:02:49 | INFO     | Saving at a/skeb/mame_denkyuu_-891366.json
2026-10-05 11:02:50 | INFO     | OK https://skeb.jp/api/users/Pettobotoru
2026-10-05 11:02:50 | INFO     | Saving at a/skeb/Pettobotoru-00a632.json
2026-10-05 11:02:51 | INFO     | OK https://skeb.jp/api/users/riorodasi
2026-10-05 11:02:51 | INFO     | Saving at a/skeb/riorodasi-585341.json
2026-10-05 11:02:52 | INFO     | OK https://skeb.jp/api/users/akou001
2026-10-05 11:02:52 | INFO     | Saving at a/skeb/akou001-07a473.json
2026-10-05 11:02:53 | INFO     | OK https://skeb.jp/api/users/yume0534
2026-10-05 11:02:53 | INFO     | Saving at a/skeb/yume0534-66e939.json
2026-10-05 11:02:54 | INFO     | OK https://skeb.jp/api/users/menkyo_sho
2026-10-05 11:02:54 | INFO     | Saving at a/skeb/menkyo_sho-fe0af7.json
2026-10-05 11:02:55 | INFO     | OK https://skeb.jp/api/users/U2se_3
2026-10-05 11:02:55 | INFO     | Saving at a/skeb/U2se_3-495a92.json
2026-10-05 11:02:56 | INFO     | OK https://skeb.jp/api/users/umecoconn_b
2026-10-05 11:02:56 | INFO     | Saving at a/skeb/umecoconn_b-c97075.json
2026-10-05 11:02:57 | INFO     | OK https://skeb.jp/api/users/kinshiii
2026-10-05 11:02:57 | INFO     | Saving at a/skeb/kinshiii-bf65a3.json
2026-10-05 11:02:58 | INFO     | OK https://skeb.jp/api/users/sALezzUgMjdE0aj
2026-10-05 11:02:58 | INFO     | Saving at a/skeb/sALezzUgMjdE0aj-8853ab.json
2026-10-05 11:02:59 | INFO     | OK https://skeb.jp/api/users/44_aaaa_44
2026-10-05 11:02:59 | INFO     | Saving at a/skeb/44_aaaa_44-a41136.json
2026-10-05 11:03:00 | INFO     | OK https://skeb.jp/api/users/gyarinrin358
2026-10-05 11:03:00 | INFO     | Saving at a/skeb/gyarinrin358-1e2655.json
2026-10-05 11:03:01 | INFO     | OK https://skeb.jp/api/users/telos_godo
2026-10-05 11:03:01 | INFO     | Saving at a/skeb/telos_godo-7ed805.json
2026-10-05 11:03:02 | INFO     | OK https://skeb.jp/api/users/83_Hami_tsugai
2026-10-05 11:03:02 | INFO     | Saving at a/skeb/83_Hami_tsugai-b3ad64.json
2026-10-05 11:03:03 | INFO     | OK https://skeb.jp/api/users/sakisaka297
2026-10-05 11:03:03 | INFO     | Saving at a/skeb/sakisaka297-95a605.json
2026-10-05 11:03:04 | INFO     | OK https://skeb.jp/api/users/ham_p
2026-10-05 11:03:04 | INFO     | Saving at a/skeb/ham_p-9384b7.json
2026-10-05 11:03:05 | INFO     | OK https://skeb.jp/api/users/clou_do
2026-10-05 11:03:05 | INFO     | Saving at a/skeb/clou_do-56a333.json
2026-10-05 11:03:06 | INFO     | OK https://skeb.jp/api/users/u3yU_
2026-10-05 11:03:06 | INFO     | Saving at a/skeb/u3yU_-fe1782.json
2026-10-05 11:03:07 | INFO     | OK https://skeb.jp/api/users/menmenmennma
2026-10-05 11:03:07 | INFO     | Saving at a/skeb/menmenmennma-feb945.json
2026-10-05 11:03:08 | INFO     | OK https://skeb.jp/api/users/hi_tagi000
2026-10-05 11:03:08 | INFO     | Saving at a/skeb/hi_tagi000-2d61a5.json
2026-10-05 11:03:09 | INFO     | OK https://skeb.jp/api/users/R1rmiKkncv9810
2026-10-05 11:03:09 | INFO     | Saving at a/skeb/R1rmiKkncv9810-d360c3.json
2026-10-05 11:03:10 | INFO     | OK https://skeb.jp/api/users/lrn__azso
2026-10-05 11:03:10 | INFO     | Saving at a/skeb/lrn__azso-8a9aa3.json
2026-10-05 11:03:11 | INFO     | OK https://skeb.jp/api/users/t0_0xin
2026-10-05 11:03:11 | INFO     | Saving at a/skeb/t0_0xin-795de3.json
2026-10-05 11:03:12 | INFO     | OK https://skeb.jp/api/users/k_art71
2026-10-05 11:03:12 | INFO     | Saving at a/skeb/k_art71-1b7f57.json
2026-10-05 11:03:13 | INFO     | OK https://skeb.jp/api/users/kuuraaa1u1
2026-10-05 11:03:13 | INFO     | Saving at a/skeb/kuuraaa1u1-7aa2b4.json
2026-10-05 11:03:14 | INFO     | OK https://skeb.jp/api/users/kenmin___
2026-10-05 11:03:14 | INFO     | Saving at a/skeb/kenmin___-3f3e6e.json
2026-10-05 11:03:15 | INFO     | OK https://skeb.jp/api/users/komori_dane
2026-10-05 11:03:15 | INFO     | Saving at a/skeb/komori_dane-16726f.json
2026-10-05 11:03:16 | INFO     | OK https://skeb.jp/api/users/sinmyokonno
2026-10-05 11:03:16 | INFO     | Saving at a/skeb/sinmyokonno-35212a.json
2026-10-05 11:03:17 | INFO     | OK https://skeb.jp/api/users/tsuki_morishima
2026-10-05 11:03:17 | INFO     | Saving at a/skeb/tsuki_morishima-483dd7.json
2026-10-05 11:03:18 | INFO     | OK https://skeb.jp/api/users/naruuub
2026-10-05 11:03:18 | INFO     | Saving at a/skeb/naruuub-553248.json
2026-10-05 11:03:19 | INFO     | OK https://skeb.jp/api/users/woltus_f_crea
2026-10-05 11:03:19 | INFO     | Saving at a/skeb/woltus_f_crea-5ab51c.json
2026-10-05 11:03:20 | INFO     | OK https://skeb.jp/api/users/hotatube_nya
2026-10-05 11:03:20 | INFO     | Saving at a/skeb/hotatube_nya-f486f8.json
2026-10-05 11:03:21 | INFO     | OK https://skeb.jp/api/users/chi_bakun_12
2026-10-05 11:03:21 | INFO     | Saving at a/skeb/chi_bakun_12-3dd7e2.json
2026-10-05 11:03:22 | INFO     | OK https://skeb.jp/api/users/ranon_P
2026-10-05 11:03:22 | INFO     | Saving at a/skeb/ranon_P-8e8374.json
2026-10-05 11:03:23 | INFO     | OK https://skeb.jp/api/users/c_964i
2026-10-05 11:03:23 | INFO     | Saving at a/skeb/c_964i-d91337.json
2026-10-05 11:03:24 | INFO     | OK https://skeb.jp/api/users/nyanno3110
2026-10-05 11:03:24 | INFO     | Saving at a/skeb/nyanno3110-9e36aa.json
2026-10-05 11:03:25 | INFO     | OK https://skeb.jp/api/users/asa_skeb
2026-10-05 11:03:25 | INFO     | Saving at a/skeb/asa_skeb-92dfe7.json
2026-10-05 11:03:26 | INFO     | OK https://skeb.jp/api/users/Pk8awA
2026-10-05 11:03:26 | INFO     | Saving at a/skeb/Pk8awA-e1e120.json
2026-10-05 11:03:27 | INFO     | OK https://skeb.jp/api/users/janepoyo
2026-10-05 11:03:27 | INFO     | Saving at a/skeb/janepoyo-e1270a.json
2026-10-05 11:03:28 | INFO     | OK https://skeb.jp/api/users/hasunohato_
2026-10-05 11:03:28 | INFO     | Saving at a/skeb/hasunohato_-6ab511.json
2026-10-05 11:03:29 | INFO     | OK https://skeb.jp/api/users/hassy_kogyo511
2026-10-05 11:03:29 | INFO     | Saving at a/skeb/hassy_kogyo511-c7cb90.json
2026-10-05 11:03:30 | INFO     | OK https://skeb.jp/api/users/sakanamantohihi
2026-10-05 11:03:30 | INFO     | Saving at a/skeb/sakanamantohihi-38cfc0.json
2026-10-05 11:03:31 | INFO     | OK https://skeb.jp/api/users/sato_terumasa
2026-10-05 11:03:31 | INFO     | Saving at a/skeb/sato_terumasa-1a5a70.json
2026-10-05 11:03:32 | INFO     | OK https://skeb.jp/api/users/O_hitu_G
2026-10-05 11:03:32 | INFO     | Saving at a/skeb/O_hitu_G-88445b.json
2026-10-05 11:03:33 | INFO     | OK https://skeb.jp/api/users/akirapakupaku
2026-10-05 11:03:33 | INFO     | Saving at a/skeb/akirapakupaku-d27ba5.json
2026-10-05 11:03:34 | INFO     | OK https://skeb.jp/api/users/kumano_foo
2026-10-05 11:03:34 | INFO     | Saving at a/skeb/kumano_foo-060a4d.json
2026-10-05 11:03:35 | INFO     | OK https://skeb.jp/api/users/mtm925
2026-10-05 11:03:35 | INFO     | Saving at a/skeb/mtm925-7ce95b.json
2026-10-05 11:03:36 | INFO     | OK https://skeb.jp/api/users/yokoshima696969
2026-10-05 11:03:36 | INFO     | Saving at a/skeb/yokoshima696969-be0334.json
2026-10-05 11:03:37 | INFO     | OK https://skeb.jp/api/users/sasahiro_
2026-10-05 11:03:37 | INFO     | Saving at a/skeb/sasahiro_-490f7b.json
2026-10-05 11:03:38 | INFO     | OK https://skeb.jp/api/users/DaisakuKimutaku
2026-10-05 11:03:38 | INFO     | Saving at a/skeb/DaisakuKimutaku-32857b.json
2026-10-05 11:03:39 | INFO     | OK https://skeb.jp/api/users/y45889
2026-10-05 11:03:39 | INFO     | Saving at a/skeb/y45889-9d1350.json
2026-10-05 11:03:40 | INFO     | OK https://skeb.jp/api/users/ta_ko_tsu
2026-10-05 11:03:40 | INFO     | Saving at a/skeb/ta_ko_tsu-04063a.json
2026-10-05 11:03:41 | INFO     | OK https://skeb.jp/api/users/5masi_o
2026-10-05 11:03:41 | INFO     | Saving at a/skeb/5masi_o-4be37b.json
2026-10-05 11:03:42 | INFO     | OK https://skeb.jp/api/users/hormone
2026-10-05 11:03:42 | INFO     | Saving at a/skeb/hormone-071122.json
2026-10-05 11:03:43 | INFO     | OK https://skeb.jp/api/users/ken_akai__
2026-10-05 11:03:43 | INFO     | Saving at a/skeb/ken_akai__-6be156.json
2026-10-05 11:03:44 | INFO     | OK https://skeb.jp/api/users/wo1059mu
2026-10-05 11:03:44 | INFO     | Saving at a/skeb/wo1059mu-60865e.json
2026-10-05 11:03:45 | INFO     | OK https://skeb.jp/api/users/S_sya_rin
2026-10-05 11:03:45 | INFO     | Saving at a/skeb/S_sya_rin-346e15.json
2026-10-05 11:03:46 | INFO     | OK https://skeb.jp/api/users/jnfaog
2026-10-05 11:03:46 | INFO     | Saving at a/skeb/jnfaog-d0bff6.json
2026-10-05 11:03:47 | INFO     | OK https://skeb.jp/api/users/yasudeshoji
2026-10-05 11:03:47 | INFO     | Saving at a/skeb/yasudeshoji-f7aa65.json
2026-10-05 11:03:48 | INFO     | OK https://skeb.jp/api/users/ruushe0416
2026-10-05 11:03:48 | INFO     | Saving at a/skeb/ruushe0416-ac5320.json
2026-10-05 11:03:49 | INFO     | OK https://skeb.jp/api/users/engetu0115
2026-10-05 11:03:49 | INFO     | Saving at a/skeb/engetu0115-119d1b.json
2026-10-05 11:03:50 | INFO     | OK https://skeb.jp/api/users/Void_Cosmique
2026-10-05 11:03:50 | INFO     | Saving at a/skeb/Void_Cosmique-cf18b4.json
2026-10-05 11:03:51 | INFO     | OK https://skeb.jp/api/users/qlo1y
2026-10-05 11:03:51 | INFO     | Saving at a/skeb/qlo1y-46a8e6.json
2026-10-05 11:03:52 | INFO     | OK https://skeb.jp/api/users/FaustDID
2026-10-05 11:03:52 | INFO     | Saving at a/skeb/FaustDID-22d0be.json
2026-10-05 11:03:53 | INFO     | OK https://skeb.jp/api/users/gurren_ooshima
2026-10-05 11:03:53 | INFO     | Saving at a/skeb/gurren_ooshima-c039cc.json
2026-10-05 11:03:54 | INFO     | OK https://skeb.jp/api/users/rice01200120
2026-10-05 11:03:54 | INFO     | Saving at a/skeb/rice01200120-3be92f.json
2026-10-05 11:03:55 | INFO     | OK https://skeb.jp/api/users/tatatanbo_ta
2026-10-05 11:03:55 | INFO     | Saving at a/skeb/tatatanbo_ta-c64bf1.json
2026-10-05 11:03:56 | INFO     | OK https://skeb.jp/api/users/cano_1200
2026-10-05 11:03:56 | INFO     | Saving at a/skeb/cano_1200-724fe4.json
2026-10-05 11:03:57 | INFO     | OK https://skeb.jp/api/users/hirari100
2026-10-05 11:03:57 | INFO     | Saving at a/skeb/hirari100-34d071.json
2026-10-05 11:03:58 | INFO     | OK https://skeb.jp/api/users/shisui_yuno_
2026-10-05 11:03:58 | INFO     | Saving at a/skeb/shisui_yuno_-3d4f32.json
2026-10-05 11:03:59 | INFO     | OK https://skeb.jp/api/users/sudooooka
2026-10-05 11:03:59 | INFO     | Saving at a/skeb/sudooooka-dfd72f.json
2026-10-05 11:04:00 | INFO     | OK https://skeb.jp/api/users/mocchiri290
2026-10-05 11:04:00 | INFO     | Saving at a/skeb/mocchiri290-654292.json
2026-10-05 11:04:01 | INFO     | OK https://skeb.jp/api/users/fucca_0
2026-10-05 11:04:01 | INFO     | Saving at a/skeb/fucca_0-9a9b45.json
2026-10-05 11:04:02 | INFO     | OK https://skeb.jp/api/users/YureiChanXXX
2026-10-05 11:04:02 | INFO     | Saving at a/skeb/YureiChanXXX-945397.json
2026-10-05 11:04:03 | INFO     | OK https://skeb.jp/api/users/nuum06
2026-10-05 11:04:03 | INFO     | Saving at a/skeb/nuum06-8478ba.json
2026-10-05 11:04:04 | INFO     | OK https://skeb.jp/api/users/KEIYA_GNST
2026-10-05 11:04:04 | INFO     | Saving at a/skeb/KEIYA_GNST-e54d3a.json
2026-10-05 11:04:05 | INFO     | OK https://skeb.jp/api/users/trmkbn
2026-10-05 11:04:05 | INFO     | Saving at a/skeb/trmkbn-329ef9.json
2026-10-05 11:04:06 | INFO     | OK https://skeb.jp/api/users/Meowstic__
2026-10-05 11:04:06 | INFO     | Saving at a/skeb/Meowstic__-881415.json
2026-10-05 11:04:07 | INFO     | OK https://skeb.jp/api/users/jyoubu_masaru
2026-10-05 11:04:07 | INFO     | Saving at a/skeb/jyoubu_masaru-9f52f1.json
2026-10-05 11:04:08 | INFO     | OK https://skeb.jp/api/users/Ochadzuketaberu
2026-10-05 11:04:08 | INFO     | Saving at a/skeb/Ochadzuketaberu-ce93d6.json
2026-10-05 11:04:09 | INFO     | OK https://skeb.jp/api/users/mt5_014
2026-10-05 11:04:09 | INFO     | Saving at a/skeb/mt5_014-77ca73.json
2026-10-05 11:04:10 | INFO     | OK https://skeb.jp/api/users/YuuhaNoi_VT0430
2026-10-05 11:04:10 | INFO     | Saving at a/skeb/YuuhaNoi_VT0430-685bc6.json
2026-10-05 11:04:11 | INFO     | OK https://skeb.jp/api/users/hihihihihip5p5r
2026-10-05 11:04:11 | INFO     | Saving at a/skeb/hihihihihip5p5r-61bdcb.json
2026-10-05 11:04:12 | INFO     | OK https://skeb.jp/api/users/fuchi_fuchicco
2026-10-05 11:04:12 | INFO     | Saving at a/skeb/fuchi_fuchicco-46e3f2.json
2026-10-05 11:04:13 | INFO     | OK https://skeb.jp/api/users/iokawa_nzm
2026-10-05 11:04:13 | INFO     | Saving at a/skeb/iokawa_nzm-31f116.json
2026-10-05 11:04:14 | INFO     | OK https://skeb.jp/api/users/mana_ita_smj
2026-10-05 11:04:14 | INFO     | Saving at a/skeb/mana_ita_smj-e1fd84.json
2026-10-05 11:04:15 | INFO     | OK https://skeb.jp/api/users/gf_uua
2026-10-05 11:04:15 | INFO     | Saving at a/skeb/gf_uua-9f4c28.json
2026-10-05 11:04:16 | INFO     | OK https://skeb.jp/api/users/PeilBanker
2026-10-05 11:04:16 | INFO     | Saving at a/skeb/PeilBanker-8c1fbf.json
2026-10-05 11:04:17 | INFO     | OK https://skeb.jp/api/users/pon47606461
2026-10-05 11:04:17 | INFO     | Saving at a/skeb/pon47606461-a8f231.json
2026-10-05 11:04:18 | INFO     | OK https://skeb.jp/api/users/mofumofu_nyaro
2026-10-05 11:04:18 | INFO     | Saving at a/skeb/mofumofu_nyaro-09e069.json
2026-10-05 11:04:19 | INFO     | OK https://skeb.jp/api/users/tengaikemono
2026-10-05 11:04:19 | INFO     | Saving at a/skeb/tengaikemono-780be4.json
2026-10-05 11:04:20 | INFO     | OK https://skeb.jp/api/users/kuroiidononaka
2026-10-05 11:04:20 | INFO     | Saving at a/skeb/kuroiidononaka-025e81.json
2026-10-05 11:04:21 | INFO     | OK https://skeb.jp/api/users/Hoshimi_0
2026-10-05 11:04:21 | INFO     | Saving at a/skeb/Hoshimi_0-8101cc.json
2026-10-05 11:04:22 | INFO     | OK https://skeb.jp/api/users/AsutaR18
2026-10-05 11:04:22 | INFO     | Saving at a/skeb/AsutaR18-cbf020.json
2026-10-05 11:04:23 | INFO     | OK https://skeb.jp/api/users/NeNe_Stamp
2026-10-05 11:04:23 | INFO     | Saving at a/skeb/NeNe_Stamp-84e736.json
2026-10-05 11:04:24 | INFO     | OK https://skeb.jp/api/users/aomitsu_sandaU
2026-10-05 11:04:24 | INFO     | Saving at a/skeb/aomitsu_sandaU-d1bdc7.json
2026-10-05 11:04:25 | INFO     | OK https://skeb.jp/api/users/leroy_halladay
2026-10-05 11:04:25 | INFO     | Saving at a/skeb/leroy_halladay-813856.json
2026-10-05 11:04:26 | INFO     | OK https://skeb.jp/api/users/0x0n_re
2026-10-05 11:04:26 | INFO     | Saving at a/skeb/0x0n_re-ddddb0.json
2026-10-05 11:04:27 | INFO     | OK https://skeb.jp/api/users/mnwyen_04
2026-10-05 11:04:27 | INFO     | Saving at a/skeb/mnwyen_04-8138d2.json
2026-10-05 11:04:28 | INFO     | OK https://skeb.jp/api/users/AzumoMomo
2026-10-05 11:04:28 | INFO     | Saving at a/skeb/AzumoMomo-eaa2a6.json
2026-10-05 11:04:29 | INFO     | OK https://skeb.jp/api/users/tao_tamm
2026-10-05 11:04:29 | INFO     | Saving at a/skeb/tao_tamm-65c06a.json
2026-10-05 11:04:30 | INFO     | OK https://skeb.jp/api/users/doitsumuraTokyo
2026-10-05 11:04:30 | INFO     | Saving at a/skeb/doitsumuraTokyo-4cb99b.json
2026-10-05 11:04:31 | INFO     | OK https://skeb.jp/api/users/nery_zZ2
2026-10-05 11:04:31 | INFO     | Saving at a/skeb/nery_zZ2-54fad7.json
2026-10-05 11:04:32 | INFO     | OK https://skeb.jp/api/users/Ron_Ron002
2026-10-05 11:04:32 | INFO     | Saving at a/skeb/Ron_Ron002-b2b3fe.json
2026-10-05 11:04:33 | INFO     | OK https://skeb.jp/api/users/Rotta95472809
2026-10-05 11:04:33 | INFO     | Saving at a/skeb/Rotta95472809-fa6d36.json
2026-10-05 11:04:34 | INFO     | OK https://skeb.jp/api/users/krsuima_sousaku
2026-10-05 11:04:34 | INFO     | Saving at a/skeb/krsuima_sousaku-68b0a2.json
2026-10-05 11:04:35 | INFO     | OK https://skeb.jp/api/users/llkuzell
2026-10-05 11:04:35 | INFO     | Saving at a/skeb/llkuzell-6b5c29.json
2026-10-05 11:04:36 | INFO     | OK https://skeb.jp/api/users/sanamaru_0w0
2026-10-05 11:04:36 | INFO     | Saving at a/skeb/sanamaru_0w0-e228f6.json
2026-10-05 11:04:37 | INFO     | OK https://skeb.jp/api/users/QQjnr
2026-10-05 11:04:37 | INFO     | Saving at a/skeb/QQjnr-e3c763.json
2026-10-05 11:04:38 | INFO     | OK https://skeb.jp/api/users/mizu_kuma_iro3
2026-10-05 11:04:38 | INFO     | Saving at a/skeb/mizu_kuma_iro3-f659ad.json
2026-10-05 11:04:39 | INFO     | OK https://skeb.jp/api/users/satoomugi
2026-10-05 11:04:39 | INFO     | Saving at a/skeb/satoomugi-477395.json
2026-10-05 11:04:40 | INFO     | OK https://skeb.jp/api/users/KanDori_S
2026-10-05 11:04:40 | INFO     | Saving at a/skeb/KanDori_S-271ab7.json
2026-10-05 11:04:41 | INFO     | OK https://skeb.jp/api/users/sisualicon
2026-10-05 11:04:41 | INFO     | Saving at a/skeb/sisualicon-1bdc8d.json
2026-10-05 11:04:42 | INFO     | OK https://skeb.jp/api/users/mill_gyunu
2026-10-05 11:04:42 | INFO     | Saving at a/skeb/mill_gyunu-2f22ac.json
2026-10-05 11:04:43 | INFO     | OK https://skeb.jp/api/users/yagilion_B
2026-10-05 11:04:43 | INFO     | Saving at a/skeb/yagilion_B-bb4349.json
2026-10-05 11:04:44 | INFO     | OK https://skeb.jp/api/users/mochiumai29
2026-10-05 11:04:44 | INFO     | Saving at a/skeb/mochiumai29-473d19.json
2026-10-05 11:04:45 | INFO     | OK https://skeb.jp/api/users/hihiirokane_m
2026-10-05 11:04:45 | INFO     | Saving at a/skeb/hihiirokane_m-0d5091.json
2026-10-05 11:04:46 | INFO     | OK https://skeb.jp/api/users/koiiroharemoyou
2026-10-05 11:04:46 | INFO     | Saving at a/skeb/koiiroharemoyou-761017.json
2026-10-05 11:04:47 | INFO     | OK https://skeb.jp/api/users/gg_othu
2026-10-05 11:04:47 | INFO     | Saving at a/skeb/gg_othu-e4a6d4.json
2026-10-05 11:04:48 | INFO     | OK https://skeb.jp/api/users/daidai_009
2026-10-05 11:04:48 | INFO     | Saving at a/skeb/daidai_009-f611b4.json
2026-10-05 11:04:49 | INFO     | OK https://skeb.jp/api/users/picco__2
2026-10-05 11:04:49 | INFO     | Saving at a/skeb/picco__2-18f7f6.json
2026-10-05 11:04:50 | INFO     | OK https://skeb.jp/api/users/popkage
2026-10-05 11:04:50 | INFO     | Saving at a/skeb/popkage-c24da8.json
2026-10-05 11:04:51 | INFO     | OK https://skeb.jp/api/users/Anago_nia
2026-10-05 11:04:51 | INFO     | Saving at a/skeb/Anago_nia-42d749.json
2026-10-05 11:04:52 | INFO     | OK https://skeb.jp/api/users/omaru09
2026-10-05 11:04:52 | INFO     | Saving at a/skeb/omaru09-53d585.json
2026-10-05 11:04:53 | INFO     | OK https://skeb.jp/api/users/kurosame_meru
2026-10-05 11:04:53 | INFO     | Saving at a/skeb/kurosame_meru-9fc1cb.json
2026-10-05 11:04:54 | INFO     | OK https://skeb.jp/api/users/haruwaka_064
2026-10-05 11:04:54 | INFO     | Saving at a/skeb/haruwaka_064-2b69f5.json
2026-10-05 11:04:55 | INFO     | OK https://skeb.jp/api/users/asaba_mei
2026-10-05 11:04:55 | INFO     | Saving at a/skeb/asaba_mei-394f3d.json
2026-10-05 11:04:56 | INFO     | OK https://skeb.jp/api/users/hk45_x
2026-10-05 11:04:56 | INFO     | Saving at a/skeb/hk45_x-3101ef.json
2026-10-05 11:04:57 | INFO     | OK https://skeb.jp/api/users/MTBSBR721
2026-10-05 11:04:57 | INFO     | Saving at a/skeb/MTBSBR721-dfb74e.json
2026-10-05 11:04:58 | INFO     | OK https://skeb.jp/api/users/777shida
2026-10-05 11:04:58 | INFO     | Saving at a/skeb/777shida-036227.json
2026-10-05 11:04:59 | INFO     | OK https://skeb.jp/api/users/mamenoki_sp
2026-10-05 11:04:59 | INFO     | Saving at a/skeb/mamenoki_sp-999b37.json
2026-10-05 11:05:00 | INFO     | OK https://skeb.jp/api/users/thinking_nt
2026-10-05 11:05:00 | INFO     | Saving at a/skeb/thinking_nt-03fd95.json
2026-10-05 11:05:01 | INFO     | OK https://skeb.jp/api/users/ixbne9z
2026-10-05 11:05:01 | INFO     | Saving at a/skeb/ixbne9z-0b70f9.json
2026-10-05 11:05:02 | INFO     | OK https://skeb.jp/api/users/opachomouse2008
2026-10-05 11:05:02 | INFO     | Saving at a/skeb/opachomouse2008-cb53a6.json
2026-10-05 11:05:03 | INFO     | OK https://skeb.jp/api/users/nimoo_art
2026-10-05 11:05:03 | INFO     | Saving at a/skeb/nimoo_art-85355e.json
2026-10-05 11:05:04 | INFO     | OK https://skeb.jp/api/users/___obj_
2026-10-05 11:05:04 | INFO     | Saving at a/skeb/___obj_-f5837a.json
2026-10-05 11:05:05 | INFO     | OK https://skeb.jp/api/users/haruta_makiko
2026-10-05 11:05:05 | INFO     | Saving at a/skeb/haruta_makiko-134493.json
2026-10-05 11:05:06 | INFO     | OK https://skeb.jp/api/users/sousaku_t00
2026-10-05 11:05:06 | INFO     | Saving at a/skeb/sousaku_t00-6a957c.json
2026-10-05 11:05:07 | INFO     | OK https://skeb.jp/api/users/BEEF_lunch_TMT
2026-10-05 11:05:07 | INFO     | Saving at a/skeb/BEEF_lunch_TMT-4d7690.json
2026-10-05 11:05:08 | INFO     | OK https://skeb.jp/api/users/HiraraMiro
2026-10-05 11:05:08 | INFO     | Saving at a/skeb/HiraraMiro-bc9dc1.json
2026-10-05 11:05:09 | INFO     | OK https://skeb.jp/api/users/8vrZ0z4DZWQ0cGX
2026-10-05 11:05:09 | INFO     | Saving at a/skeb/8vrZ0z4DZWQ0cGX-cd5792.json
2026-10-05 11:05:10 | INFO     | OK https://skeb.jp/api/users/sandome424242
2026-10-05 11:05:10 | INFO     | Saving at a/skeb/sandome424242-10094e.json
2026-10-05 11:05:11 | INFO     | OK https://skeb.jp/api/users/YomoYmogi
2026-10-05 11:05:11 | INFO     | Saving at a/skeb/YomoYmogi-ac583d.json
2026-10-05 11:05:12 | INFO     | OK https://skeb.jp/api/users/jersey_2237
2026-10-05 11:05:12 | INFO     | Saving at a/skeb/jersey_2237-16ba5d.json
2026-10-05 11:05:13 | INFO     | OK https://skeb.jp/api/users/pandasou5566
2026-10-05 11:05:13 | INFO     | Saving at a/skeb/pandasou5566-44c66d.json
2026-10-05 11:05:14 | INFO     | OK https://skeb.jp/api/users/35jkk_
2026-10-05 11:05:14 | INFO     | Saving at a/skeb/35jkk_-3b4466.json
2026-10-05 11:05:15 | INFO     | OK https://skeb.jp/api/users/tikuwaudondark
2026-10-05 11:05:15 | INFO     | Saving at a/skeb/tikuwaudondark-e77766.json
2026-10-05 11:05:16 | INFO     | OK https://skeb.jp/api/users/ule1_
2026-10-05 11:05:16 | INFO     | Saving at a/skeb/ule1_-2b35eb.json
2026-10-05 11:05:17 | INFO     | OK https://skeb.jp/api/users/Nuimee_
2026-10-05 11:05:17 | INFO     | Saving at a/skeb/Nuimee_-3f0f46.json
2026-10-05 11:05:18 | INFO     | OK https://skeb.jp/api/users/gamibueeee
2026-10-05 11:05:18 | INFO     | Saving at a/skeb/gamibueeee-757200.json
2026-10-05 11:05:19 | INFO     | OK https://skeb.jp/api/users/TomuAnagoSopluv
2026-10-05 11:05:19 | INFO     | Saving at a/skeb/TomuAnagoSopluv-8e9160.json
2026-10-05 11:05:20 | INFO     | OK https://skeb.jp/api/users/corgirider
2026-10-05 11:05:20 | INFO     | Saving at a/skeb/corgirider-408f8d.json
2026-10-05 11:05:21 | INFO     | OK https://skeb.jp/api/users/dedeen
2026-10-05 11:05:21 | INFO     | Saving at a/skeb/dedeen-d27014.json
2026-10-05 11:05:22 | INFO     | OK https://skeb.jp/api/users/mechagenki
2026-10-05 11:05:22 | INFO     | Saving at a/skeb/mechagenki-029d5e.json
2026-10-05 11:05:23 | INFO     | OK https://skeb.jp/api/users/y66596
2026-10-05 11:05:23 | INFO     | Saving at a/skeb/y66596-c2eee1.json
2026-10-05 11:05:24 | INFO     | OK https://skeb.jp/api/users/hareiyou_Sun
2026-10-05 11:05:24 | INFO     | Saving at a/skeb/hareiyou_Sun-ba6998.json
2026-10-05 11:05:25 | INFO     | OK https://skeb.jp/api/users/fatomsyc_sub
2026-10-05 11:05:25 | INFO     | Saving at a/skeb/fatomsyc_sub-010fc4.json
2026-10-05 11:05:26 | INFO     | OK https://skeb.jp/api/users/KOUSAKA_MEGUMI
2026-10-05 11:05:26 | INFO     | Saving at a/skeb/KOUSAKA_MEGUMI-6b4ce2.json
2026-10-05 11:05:27 | INFO     | OK https://skeb.jp/api/users/ef_20200211
2026-10-05 11:05:27 | INFO     | Saving at a/skeb/ef_20200211-9e83f7.json
2026-10-05 11:05:28 | INFO     | OK https://skeb.jp/api/users/FM_2608
2026-10-05 11:05:28 | INFO     | Saving at a/skeb/FM_2608-162876.json
2026-10-05 11:05:29 | INFO     | OK https://skeb.jp/api/users/kemono250106
2026-10-05 11:05:29 | INFO     | Saving at a/skeb/kemono250106-e83c2c.json
2026-10-05 11:05:30 | INFO     | OK https://skeb.jp/api/users/february_toki
2026-10-05 11:05:30 | INFO     | Saving at a/skeb/february_toki-327eca.json
2026-10-05 11:05:31 | INFO     | OK https://skeb.jp/api/users/taoota11
2026-10-05 11:05:31 | INFO     | Saving at a/skeb/taoota11-3c2ff1.json
2026-10-05 11:05:32 | INFO     | OK https://skeb.jp/api/users/eggprotain
2026-10-05 11:05:32 | INFO     | Saving at a/skeb/eggprotain-3f622e.json
2026-10-05 11:05:33 | INFO     | OK https://skeb.jp/api/users/neko_chiyo
2026-10-05 11:05:33 | INFO     | Saving at a/skeb/neko_chiyo-5c61de.json
2026-10-05 11:05:34 | INFO     | OK https://skeb.jp/api/users/ka2_nasu
2026-10-05 11:05:34 | INFO     | Saving at a/skeb/ka2_nasu-9252d8.json
2026-10-05 11:05:35 | INFO     | OK https://skeb.jp/api/users/teradaochiko
2026-10-05 11:05:35 | INFO     | Saving at a/skeb/teradaochiko-73ab54.json
2026-10-05 11:05:36 | INFO     | OK https://skeb.jp/api/users/rdml_chashi
2026-10-05 11:05:36 | INFO     | Saving at a/skeb/rdml_chashi-bd2f6c.json
2026-10-05 11:05:37 | INFO     | OK https://skeb.jp/api/users/konuhisa
2026-10-05 11:05:37 | INFO     | Saving at a/skeb/konuhisa-ebe403.json
2026-10-05 11:05:38 | INFO     | OK https://skeb.jp/api/users/wawatiku
2026-10-05 11:05:38 | INFO     | Saving at a/skeb/wawatiku-8a214c.json
2026-10-05 11:05:39 | INFO     | OK https://skeb.jp/api/users/_Hanpen_tata
2026-10-05 11:05:39 | INFO     | Saving at a/skeb/_Hanpen_tata-08fa57.json
2026-10-05 11:05:40 | INFO     | OK https://skeb.jp/api/users/uzuc4g0
2026-10-05 11:05:40 | INFO     | Saving at a/skeb/uzuc4g0-6a9a4b.json
2026-10-05 11:05:41 | INFO     | OK https://skeb.jp/api/users/q7xf9j
2026-10-05 11:05:41 | INFO     | Saving at a/skeb/q7xf9j-20b886.json
2026-10-05 11:05:42 | INFO     | OK https://skeb.jp/api/users/kamoi3ka5
2026-10-05 11:05:42 | INFO     | Saving at a/skeb/kamoi3ka5-f38c71.json
2026-10-05 11:05:43 | INFO     | OK https://skeb.jp/api/users/french_bread_1
2026-10-05 11:05:43 | INFO     | Saving at a/skeb/french_bread_1-22e31f.json
2026-10-05 11:05:44 | INFO     | OK https://skeb.jp/api/users/Hino_888
2026-10-05 11:05:44 | INFO     | Saving at a/skeb/Hino_888-1e78a7.json
2026-10-05 11:05:45 | INFO     | OK https://skeb.jp/api/users/Tamako_Mos969
2026-10-05 11:05:45 | INFO     | Saving at a/skeb/Tamako_Mos969-7a1590.json
2026-10-05 11:05:46 | INFO     | OK https://skeb.jp/api/users/Pitd
2026-10-05 11:05:46 | INFO     | Saving at a/skeb/Pitd-33d108.json
2026-10-05 11:05:47 | INFO     | OK https://skeb.jp/api/users/imachi1111
2026-10-05 11:05:47 | INFO     | Saving at a/skeb/imachi1111-5da91a.json
2026-10-05 11:05:48 | INFO     | OK https://skeb.jp/api/users/tg_t_gt
2026-10-05 11:05:48 | INFO     | Saving at a/skeb/tg_t_gt-e41aff.json
2026-10-05 11:05:49 | INFO     | OK https://skeb.jp/api/users/Hina_Yukitsuba
2026-10-05 11:05:49 | INFO     | Saving at a/skeb/Hina_Yukitsuba-1db5c6.json
2026-10-05 11:05:50 | INFO     | OK https://skeb.jp/api/users/11_otiya
2026-10-05 11:05:50 | INFO     | Saving at a/skeb/11_otiya-202f30.json
2026-10-05 11:05:51 | INFO     | OK https://skeb.jp/api/users/inarica8
2026-10-05 11:05:51 | INFO     | Saving at a/skeb/inarica8-bafcf9.json
2026-10-05 11:05:52 | INFO     | OK https://skeb.jp/api/users/Teru_Cats
2026-10-05 11:05:52 | INFO     | Saving at a/skeb/Teru_Cats-cf4590.json
2026-10-05 11:05:53 | INFO     | OK https://skeb.jp/api/users/keyki_izumo0426
2026-10-05 11:05:53 | INFO     | Saving at a/skeb/keyki_izumo0426-bd2062.json
2026-10-05 11:05:54 | INFO     | OK https://skeb.jp/api/users/nemu_y
2026-10-05 11:05:54 | INFO     | Saving at a/skeb/nemu_y-074c71.json
2026-10-05 11:05:55 | INFO     | OK https://skeb.jp/api/users/pandaisuki2587
2026-10-05 11:05:55 | INFO     | Saving at a/skeb/pandaisuki2587-d1d7b1.json
2026-10-05 11:05:56 | INFO     | OK https://skeb.jp/api/users/hanada_shima
2026-10-05 11:05:56 | INFO     | Saving at a/skeb/hanada_shima-8cb9b2.json
2026-10-05 11:05:57 | INFO     | OK https://skeb.jp/api/users/hisame_104
2026-10-05 11:05:57 | INFO     | Saving at a/skeb/hisame_104-7efe35.json
2026-10-05 11:05:58 | INFO     | OK https://skeb.jp/api/users/dx770bpp
2026-10-05 11:05:58 | INFO     | Saving at a/skeb/dx770bpp-23a3a8.json
2026-10-05 11:05:59 | INFO     | OK https://skeb.jp/api/users/amata_amada08
2026-10-05 11:05:59 | INFO     | Saving at a/skeb/amata_amada08-58ba44.json
2026-10-05 11:06:00 | INFO     | OK https://skeb.jp/api/users/Neko_unkumai
2026-10-05 11:06:00 | INFO     | Saving at a/skeb/Neko_unkumai-217a2a.json
2026-10-05 11:06:01 | INFO     | OK https://skeb.jp/api/users/hako_nonaka
2026-10-05 11:06:01 | INFO     | Saving at a/skeb/hako_nonaka-f0530f.json
2026-10-05 11:06:02 | INFO     | OK https://skeb.jp/api/users/sunorabbi
2026-10-05 11:06:02 | INFO     | Saving at a/skeb/sunorabbi-463e5e.json
2026-10-05 11:06:03 | INFO     | OK https://skeb.jp/api/users/brcl7777
2026-10-05 11:06:03 | INFO     | Saving at a/skeb/brcl7777-d1397e.json
2026-10-05 11:06:04 | INFO     | OK https://skeb.jp/api/users/Aky_BBAnon
2026-10-05 11:06:04 | INFO     | Saving at a/skeb/Aky_BBAnon-1dbe4e.json
2026-10-05 11:06:05 | INFO     | OK https://skeb.jp/api/users/Roz_me959
2026-10-05 11:06:05 | INFO     | Saving at a/skeb/Roz_me959-b0177b.json
2026-10-05 11:06:06 | INFO     | OK https://skeb.jp/api/users/kamoromance614
2026-10-05 11:06:06 | INFO     | Saving at a/skeb/kamoromance614-0c9b70.json
2026-10-05 11:06:07 | INFO     | OK https://skeb.jp/api/users/Rei_hinasuki
2026-10-05 11:06:07 | INFO     | Saving at a/skeb/Rei_hinasuki-d49738.json
2026-10-05 11:06:08 | INFO     | OK https://skeb.jp/api/users/UDNdn
2026-10-05 11:06:08 | INFO     | Saving at a/skeb/UDNdn-c73444.json
2026-10-05 11:06:09 | INFO     | OK https://skeb.jp/api/users/wvr_h
2026-10-05 11:06:09 | INFO     | Saving at a/skeb/wvr_h-cb7d73.json
2026-10-05 11:06:10 | INFO     | OK https://skeb.jp/api/users/inuwoantithesis
2026-10-05 11:06:10 | INFO     | Saving at a/skeb/inuwoantithesis-9f2c33.json
2026-10-05 11:06:11 | INFO     | OK https://skeb.jp/api/users/shimoyayuki
2026-10-05 11:06:11 | INFO     | Saving at a/skeb/shimoyayuki-21d9cd.json
2026-10-05 11:06:12 | INFO     | OK https://skeb.jp/api/users/syakesyake1414
2026-10-05 11:06:12 | INFO     | Saving at a/skeb/syakesyake1414-a0db80.json
2026-10-05 11:06:13 | INFO     | OK https://skeb.jp/api/users/nobako9
2026-10-05 11:06:13 | INFO     | Saving at a/skeb/nobako9-08a11d.json
2026-10-05 11:06:14 | INFO     | OK https://skeb.jp/api/users/N0N0_MZ
2026-10-05 11:06:14 | INFO     | Saving at a/skeb/N0N0_MZ-7d9df4.json
2026-10-05 11:06:15 | INFO     | OK https://skeb.jp/api/users/10ma_ikrdn
2026-10-05 11:06:15 | INFO     | Saving at a/skeb/10ma_ikrdn-8f4705.json
2026-10-05 11:06:16 | INFO     | OK https://skeb.jp/api/users/mono_nomoo
2026-10-05 11:06:16 | INFO     | Saving at a/skeb/mono_nomoo-70b7ae.json
2026-10-05 11:06:17 | INFO     | OK https://skeb.jp/api/users/u_uchaaan
2026-10-05 11:06:17 | INFO     | Saving at a/skeb/u_uchaaan-457183.json
2026-10-05 11:06:18 | INFO     | OK https://skeb.jp/api/users/konbusennin2
2026-10-05 11:06:18 | INFO     | Saving at a/skeb/konbusennin2-f4ecdb.json
2026-10-05 11:06:19 | INFO     | OK https://skeb.jp/api/users/Japaneseumbrell
2026-10-05 11:06:19 | INFO     | Saving at a/skeb/Japaneseumbrell-c63586.json
2026-10-05 11:06:20 | INFO     | OK https://skeb.jp/api/users/ensoku_300en
2026-10-05 11:06:20 | INFO     | Saving at a/skeb/ensoku_300en-46edb6.json
2026-10-05 11:06:21 | INFO     | OK https://skeb.jp/api/users/miy_001
2026-10-05 11:06:21 | INFO     | Saving at a/skeb/miy_001-22418b.json
2026-10-05 11:06:22 | INFO     | OK https://skeb.jp/api/users/okinaga00
2026-10-05 11:06:22 | INFO     | Saving at a/skeb/okinaga00-4adbaf.json
2026-10-05 11:06:23 | INFO     | OK https://skeb.jp/api/users/takuuuun69
2026-10-05 11:06:23 | INFO     | Saving at a/skeb/takuuuun69-42575f.json
2026-10-05 11:06:24 | INFO     | OK https://skeb.jp/api/users/volyz
2026-10-05 11:06:24 | INFO     | Saving at a/skeb/volyz-f0c76e.json
2026-10-05 11:06:25 | INFO     | OK https://skeb.jp/api/users/mamezako_chan
2026-10-05 11:06:25 | INFO     | Saving at a/skeb/mamezako_chan-2ed2a3.json
2026-10-05 11:06:26 | INFO     | OK https://skeb.jp/api/users/mariheeiho
2026-10-05 11:06:26 | INFO     | Saving at a/skeb/mariheeiho-311310.json
2026-10-05 11:06:27 | INFO     | OK https://skeb.jp/api/users/gram_quartz
2026-10-05 11:06:27 | INFO     | Saving at a/skeb/gram_quartz-01ec16.json
2026-10-05 11:06:28 | INFO     | OK https://skeb.jp/api/users/hogeo440
2026-10-05 11:06:28 | INFO     | Saving at a/skeb/hogeo440-24476b.json
2026-10-05 11:06:29 | INFO     | OK https://skeb.jp/api/users/nano87_na
2026-10-05 11:06:29 | INFO     | Saving at a/skeb/nano87_na-d5a0ab.json
2026-10-05 11:06:30 | INFO     | OK https://skeb.jp/api/users/grnnfn
2026-10-05 11:06:30 | INFO     | Saving at a/skeb/grnnfn-4cbc45.json
2026-10-05 11:06:31 | INFO     | OK https://skeb.jp/api/users/Rat0052
2026-10-05 11:06:31 | INFO     | Saving at a/skeb/Rat0052-121655.json
2026-10-05 11:06:32 | INFO     | OK https://skeb.jp/api/users/mon_ster_s
2026-10-05 11:06:32 | INFO     | Saving at a/skeb/mon_ster_s-ccca71.json
2026-10-05 11:06:33 | INFO     | OK https://skeb.jp/api/users/000coco
2026-10-05 11:06:33 | INFO     | Saving at a/skeb/000coco-1f8ec4.json
2026-10-05 11:06:34 | INFO     | OK https://skeb.jp/api/users/aspart929
2026-10-05 11:06:34 | INFO     | Saving at a/skeb/aspart929-8dbb0a.json
2026-10-05 11:06:35 | INFO     | OK https://skeb.jp/api/users/SabamisoB
2026-10-05 11:06:35 | INFO     | Saving at a/skeb/SabamisoB-88c2a4.json
2026-10-05 11:06:36 | INFO     | OK https://skeb.jp/api/users/amabierakutomini
2026-10-05 11:06:36 | INFO     | Saving at a/skeb/amabierakutomini-cd4b1c.json
2026-10-05 11:06:37 | INFO     | OK https://skeb.jp/api/users/eguchi_tumoru
2026-10-05 11:06:37 | INFO     | Saving at a/skeb/eguchi_tumoru-3cc737.json
2026-10-05 11:06:38 | INFO     | OK https://skeb.jp/api/users/sakuHGN0
2026-10-05 11:06:38 | INFO     | Saving at a/skeb/sakuHGN0-1e5927.json
2026-10-05 11:06:39 | INFO     | OK https://skeb.jp/api/users/cotatubo
2026-10-05 11:06:39 | INFO     | Saving at a/skeb/cotatubo-9acab8.json
2026-10-05 11:06:40 | INFO     | OK https://skeb.jp/api/users/btw_mikami
2026-10-05 11:06:40 | INFO     | Saving at a/skeb/btw_mikami-8d32ac.json
2026-10-05 11:06:41 | INFO     | OK https://skeb.jp/api/users/alstakayuki
2026-10-05 11:06:41 | INFO     | Saving at a/skeb/alstakayuki-59c8d7.json
2026-10-05 11:06:42 | INFO     | OK https://skeb.jp/api/users/tokumaro
2026-10-05 11:06:42 | INFO     | Saving at a/skeb/tokumaro-c382ab.json
2026-10-05 11:06:43 | INFO     | OK https://skeb.jp/api/users/i7oyr
2026-10-05 11:06:43 | INFO     | Saving at a/skeb/i7oyr-8d3975.json
2026-10-05 11:06:44 | INFO     | OK https://skeb.jp/api/users/Rno39
2026-10-05 11:06:44 | INFO     | Saving at a/skeb/Rno39-b645b3.json
2026-10-05 11:06:45 | INFO     | OK https://skeb.jp/api/users/orijinn
2026-10-05 11:06:45 | INFO     | Saving at a/skeb/orijinn-daba20.json
2026-10-05 11:06:46 | INFO     | OK https://skeb.jp/api/users/RareObake
2026-10-05 11:06:46 | INFO     | Saving at a/skeb/RareObake-db108d.json
2026-10-05 11:06:47 | INFO     | OK https://skeb.jp/api/users/zako_trpg
2026-10-05 11:06:47 | INFO     | Saving at a/skeb/zako_trpg-8ec481.json
2026-10-05 11:06:48 | INFO     | OK https://skeb.jp/api/users/ynyk3x
2026-10-05 11:06:48 | INFO     | Saving at a/skeb/ynyk3x-051d7b.json
2026-10-05 11:06:49 | INFO     | OK https://skeb.jp/api/users/denomina0
2026-10-05 11:06:49 | INFO     | Saving at a/skeb/denomina0-6d227b.json
2026-10-05 11:06:50 | INFO     | OK https://skeb.jp/api/users/hidden_breeze
2026-10-05 11:06:50 | INFO     | Saving at a/skeb/hidden_breeze-82cd00.json
2026-10-05 11:06:51 | INFO     | OK https://skeb.jp/api/users/KANALEMO_chan
2026-10-05 11:06:51 | INFO     | Saving at a/skeb/KANALEMO_chan-d829c9.json
2026-10-05 11:06:52 | INFO     | OK https://skeb.jp/api/users/YoutaDD1113
2026-10-05 11:06:52 | INFO     | Saving at a/skeb/YoutaDD1113-09cb53.json
2026-10-05 11:06:53 | INFO     | OK https://skeb.jp/api/users/melowly_firefly
2026-10-05 11:06:53 | INFO     | Saving at a/skeb/melowly_firefly-103ec9.json
2026-10-05 11:06:54 | INFO     | OK https://skeb.jp/api/users/kate_kouduki
2026-10-05 11:06:54 | INFO     | Saving at a/skeb/kate_kouduki-ac0683.json
2026-10-05 11:06:55 | INFO     | OK https://skeb.jp/api/users/m_12170
2026-10-05 11:06:55 | INFO     | Saving at a/skeb/m_12170-721119.json
2026-10-05 11:06:56 | INFO     | OK https://skeb.jp/api/users/yondonoomizu83
2026-10-05 11:06:56 | INFO     | Saving at a/skeb/yondonoomizu83-2b8b85.json
2026-10-05 11:06:57 | INFO     | OK https://skeb.jp/api/users/kyou19990801
2026-10-05 11:06:57 | INFO     | Saving at a/skeb/kyou19990801-785732.json
2026-10-05 11:06:58 | INFO     | OK https://skeb.jp/api/users/byHanabi
2026-10-05 11:06:58 | INFO     | Saving at a/skeb/byHanabi-84e7f2.json
2026-10-05 11:06:59 | INFO     | OK https://skeb.jp/api/users/Anyo_ch
2026-10-05 11:06:59 | INFO     | Saving at a/skeb/Anyo_ch-b0fd49.json
2026-10-05 11:07:00 | INFO     | OK https://skeb.jp/api/users/hoihoitono
2026-10-05 11:07:00 | INFO     | Saving at a/skeb/hoihoitono-7f1de1.json
2026-10-05 11:07:01 | INFO     | OK https://skeb.jp/api/users/like_nenene
2026-10-05 11:07:01 | INFO     | Saving at a/skeb/like_nenene-18d22f.json
2026-10-05 11:07:02 | INFO     | OK https://skeb.jp/api/users/di_do_di_do
2026-10-05 11:07:02 | INFO     | Saving at a/skeb/di_do_di_do-00e36e.json
2026-10-05 11:07:03 | INFO     | OK https://skeb.jp/api/users/UDONtoWATASHI
2026-10-05 11:07:03 | INFO     | Saving at a/skeb/UDONtoWATASHI-4bd592.json
2026-10-05 11:07:04 | INFO     | OK https://skeb.jp/api/users/tiny_d1
2026-10-05 11:07:04 | INFO     | Saving at a/skeb/tiny_d1-fd7a15.json
2026-10-05 11:07:05 | INFO     | OK https://skeb.jp/api/users/saratto_2zyo
2026-10-05 11:07:05 | INFO     | Saving at a/skeb/saratto_2zyo-a3f3e6.json
2026-10-05 11:07:06 | INFO     | OK https://skeb.jp/api/users/nnnn_724
2026-10-05 11:07:06 | INFO     | Saving at a/skeb/nnnn_724-792e9c.json
2026-10-05 11:07:07 | INFO     | OK https://skeb.jp/api/users/ORev4xx
2026-10-05 11:07:07 | INFO     | Saving at a/skeb/ORev4xx-deb3f3.json
2026-10-05 11:07:08 | INFO     | OK https://skeb.jp/api/users/Baketsu_0423_
2026-10-05 11:07:08 | INFO     | Saving at a/skeb/Baketsu_0423_-e21f9d.json
2026-10-05 11:07:09 | INFO     | OK https://skeb.jp/api/users/__________flim
2026-10-05 11:07:09 | INFO     | Saving at a/skeb/__________flim-997371.json
2026-10-05 11:07:10 | INFO     | OK https://skeb.jp/api/users/79poppo
2026-10-05 11:07:10 | INFO     | Saving at a/skeb/79poppo-f8c2a3.json
2026-10-05 11:07:11 | INFO     | OK https://skeb.jp/api/users/ak1002__
2026-10-05 11:07:11 | INFO     | Saving at a/skeb/ak1002__-025b0e.json
2026-10-05 11:07:12 | INFO     | OK https://skeb.jp/api/users/strangepop
2026-10-05 11:07:12 | INFO     | Saving at a/skeb/strangepop-d14f0f.json
2026-10-05 11:07:13 | INFO     | OK https://skeb.jp/api/users/chiea
2026-10-05 11:07:13 | INFO     | Saving at a/skeb/chiea-31d0e9.json
2026-10-05 11:07:14 | INFO     | OK https://skeb.jp/api/users/nebusokuma_
2026-10-05 11:07:14 | INFO     | Saving at a/skeb/nebusokuma_-c0d8e8.json
2026-10-05 11:07:15 | INFO     | OK https://skeb.jp/api/users/poroporosiisan
2026-10-05 11:07:15 | INFO     | Saving at a/skeb/poroporosiisan-436cde.json
2026-10-05 11:07:16 | INFO     | OK https://skeb.jp/api/users/MutekinoOimo
2026-10-05 11:07:16 | INFO     | Saving at a/skeb/MutekinoOimo-9b1d55.json
2026-10-05 11:07:17 | INFO     | OK https://skeb.jp/api/users/hoshi_no_beat
2026-10-05 11:07:17 | INFO     | Saving at a/skeb/hoshi_no_beat-0d7e57.json
2026-10-05 11:07:18 | INFO     | OK https://skeb.jp/api/users/akkimametu
2026-10-05 11:07:18 | INFO     | Saving at a/skeb/akkimametu-1d3a0f.json
2026-10-05 11:07:19 | INFO     | OK https://skeb.jp/api/users/inedibleparts
2026-10-05 11:07:19 | INFO     | Saving at a/skeb/inedibleparts-021d09.json
2026-10-05 11:07:20 | INFO     | OK https://skeb.jp/api/users/karutakomori01
2026-10-05 11:07:20 | INFO     | Saving at a/skeb/karutakomori01-d508d3.json
2026-10-05 11:07:21 | INFO     | OK https://skeb.jp/api/users/daydreanem
2026-10-05 11:07:21 | INFO     | Saving at a/skeb/daydreanem-2d8f17.json
2026-10-05 11:07:22 | INFO     | OK https://skeb.jp/api/users/tubamemoci23
2026-10-05 11:07:22 | INFO     | Saving at a/skeb/tubamemoci23-2a7e71.json
2026-10-05 11:07:23 | INFO     | OK https://skeb.jp/api/users/cho_kuuki
2026-10-05 11:07:23 | INFO     | Saving at a/skeb/cho_kuuki-91160b.json
2026-10-05 11:07:24 | INFO     | OK https://skeb.jp/api/users/bunchouoishii
2026-10-05 11:07:24 | INFO     | Saving at a/skeb/bunchouoishii-2f812c.json
2026-10-05 11:07:25 | INFO     | OK https://skeb.jp/api/users/ALUDE05
2026-10-05 11:07:25 | INFO     | Saving at a/skeb/ALUDE05-250406.json
2026-10-05 11:07:26 | INFO     | OK https://skeb.jp/api/users/owa_owari
2026-10-05 11:07:26 | INFO     | Saving at a/skeb/owa_owari-2972ac.json
2026-10-05 11:07:27 | INFO     | OK https://skeb.jp/api/users/matuTake_yk0
2026-10-05 11:07:27 | INFO     | Saving at a/skeb/matuTake_yk0-53e54b.json
2026-10-05 11:07:28 | INFO     | OK https://skeb.jp/api/users/vfrog75_s13a
2026-10-05 11:07:28 | INFO     | Saving at a/skeb/vfrog75_s13a-315250.json
2026-10-05 11:07:29 | INFO     | OK https://skeb.jp/api/users/mo25mi_coc
2026-10-05 11:07:29 | INFO     | Saving at a/skeb/mo25mi_coc-4bd635.json
2026-10-05 11:07:30 | INFO     | OK https://skeb.jp/api/users/hakuokome_1003
2026-10-05 11:07:30 | INFO     | Saving at a/skeb/hakuokome_1003-9a56a4.json
2026-10-05 11:07:31 | INFO     | OK https://skeb.jp/api/users/inrzs
2026-10-05 11:07:31 | INFO     | Saving at a/skeb/inrzs-91eda0.json
2026-10-05 11:07:32 | INFO     | OK https://skeb.jp/api/users/school_izumi
2026-10-05 11:07:32 | INFO     | Saving at a/skeb/school_izumi-fbe046.json
2026-10-05 11:07:33 | INFO     | OK https://skeb.jp/api/users/perperopemo
2026-10-05 11:07:33 | INFO     | Saving at a/skeb/perperopemo-d1e155.json
2026-10-05 11:07:34 | INFO     | OK https://skeb.jp/api/users/tooo88
2026-10-05 11:07:34 | INFO     | Saving at a/skeb/tooo88-9c679c.json
2026-10-05 11:07:35 | INFO     | OK https://skeb.jp/api/users/tablet_dream
2026-10-05 11:07:35 | INFO     | Saving at a/skeb/tablet_dream-3bd92c.json
2026-10-05 11:07:36 | INFO     | OK https://skeb.jp/api/users/smk6711
2026-10-05 11:07:36 | INFO     | Saving at a/skeb/smk6711-72d8d9.json
2026-10-05 11:07:37 | INFO     | OK https://skeb.jp/api/users/arioriAK
2026-10-05 11:07:37 | INFO     | Saving at a/skeb/arioriAK-65fad4.json
2026-10-05 11:07:38 | INFO     | OK https://skeb.jp/api/users/kuriki_yu
2026-10-05 11:07:38 | INFO     | Saving at a/skeb/kuriki_yu-f235d1.json
2026-10-05 11:07:39 | INFO     | OK https://skeb.jp/api/users/tickzou1
2026-10-05 11:07:39 | INFO     | Saving at a/skeb/tickzou1-cf2394.json
2026-10-05 11:07:40 | INFO     | OK https://skeb.jp/api/users/vicebossjon
2026-10-05 11:07:40 | INFO     | Saving at a/skeb/vicebossjon-0935b4.json
2026-10-05 11:07:41 | INFO     | OK https://skeb.jp/api/users/pomej_yu
2026-10-05 11:07:41 | INFO     | Saving at a/skeb/pomej_yu-86e684.json
2026-10-05 11:07:42 | INFO     | OK https://skeb.jp/api/users/mochi_mochi5_
2026-10-05 11:07:42 | INFO     | Saving at a/skeb/mochi_mochi5_-4e8556.json
2026-10-05 11:07:43 | INFO     | OK https://skeb.jp/api/users/ameharetii
2026-10-05 11:07:43 | INFO     | Saving at a/skeb/ameharetii-58b4e4.json
2026-10-05 11:07:44 | INFO     | OK https://skeb.jp/api/users/hamelon310
2026-10-05 11:07:44 | INFO     | Saving at a/skeb/hamelon310-d25e72.json
2026-10-05 11:07:45 | INFO     | OK https://skeb.jp/api/users/Ik4r1_n
2026-10-05 11:07:45 | INFO     | Saving at a/skeb/Ik4r1_n-3282d9.json
2026-10-05 11:07:46 | INFO     | OK https://skeb.jp/api/users/Hamster_kawaiine
2026-10-05 11:07:46 | INFO     | Saving at a/skeb/Hamster_kawaiine-acfad6.json
2026-10-05 11:07:47 | INFO     | OK https://skeb.jp/api/users/ztkM4ri
2026-10-05 11:07:47 | INFO     | Saving at a/skeb/ztkM4ri-391690.json
2026-10-05 11:07:48 | INFO     | OK https://skeb.jp/api/users/Neriedor
2026-10-05 11:07:48 | INFO     | Saving at a/skeb/Neriedor-1f662e.json
2026-10-05 11:07:49 | INFO     | OK https://skeb.jp/api/users/f_j1n0_
2026-10-05 11:07:49 | INFO     | Saving at a/skeb/f_j1n0_-577626.json
2026-10-05 11:07:50 | INFO     | OK https://skeb.jp/api/users/Pokashi
2026-10-05 11:07:50 | INFO     | Saving at a/skeb/Pokashi-94430d.json
2026-10-05 11:07:51 | INFO     | OK https://skeb.jp/api/users/Stephenflatrigh
2026-10-05 11:07:51 | INFO     | Saving at a/skeb/Stephenflatrigh-c32afd.json
2026-10-05 11:07:52 | INFO     | OK https://skeb.jp/api/users/toluol_0925
2026-10-05 11:07:52 | INFO     | Saving at a/skeb/toluol_0925-6c53cc.json
2026-10-05 11:07:53 | INFO     | OK https://skeb.jp/api/users/kazuSan_udon
2026-10-05 11:07:53 | INFO     | Saving at a/skeb/kazuSan_udon-21cb94.json
2026-10-05 11:07:54 | INFO     | OK https://skeb.jp/api/users/ju__tom
2026-10-05 11:07:54 | INFO     | Saving at a/skeb/ju__tom-37c1e9.json
2026-10-05 11:07:55 | INFO     | OK https://skeb.jp/api/users/kancan310
2026-10-05 11:07:55 | INFO     | Saving at a/skeb/kancan310-c4136c.json
2026-10-05 11:07:56 | INFO     | OK https://skeb.jp/api/users/yom3chan
2026-10-05 11:07:56 | INFO     | Saving at a/skeb/yom3chan-b44af2.json
2026-10-05 11:07:57 | INFO     | OK https://skeb.jp/api/users/kanashikishafu
2026-10-05 11:07:57 | INFO     | Saving at a/skeb/kanashikishafu-4ace88.json
2026-10-05 11:07:58 | INFO     | OK https://skeb.jp/api/users/herahemO
2026-10-05 11:07:58 | INFO     | Saving at a/skeb/herahemO-75da55.json
2026-10-05 11:07:59 | INFO     | OK https://skeb.jp/api/users/Ndy5D
2026-10-05 11:07:59 | INFO     | Saving at a/skeb/Ndy5D-5022d1.json
2026-10-05 11:08:00 | INFO     | OK https://skeb.jp/api/users/yo_e_i
2026-10-05 11:08:00 | INFO     | Saving at a/skeb/yo_e_i-deff4f.json
2026-10-05 11:08:01 | INFO     | OK https://skeb.jp/api/users/koguma_0310
2026-10-05 11:08:01 | INFO     | Saving at a/skeb/koguma_0310-75e680.json
2026-10-05 11:08:02 | INFO     | OK https://skeb.jp/api/users/nyako_gs
2026-10-05 11:08:02 | INFO     | Saving at a/skeb/nyako_gs-8cc9d2.json
2026-10-05 11:08:03 | INFO     | OK https://skeb.jp/api/users/sh1r0sh1su
2026-10-05 11:08:03 | INFO     | Saving at a/skeb/sh1r0sh1su-6c1acb.json
2026-10-05 11:08:04 | INFO     | OK https://skeb.jp/api/users/mutoha_A_24
2026-10-05 11:08:04 | INFO     | Saving at a/skeb/mutoha_A_24-9a4912.json
2026-10-05 11:08:05 | INFO     | OK https://skeb.jp/api/users/ISB52765277
2026-10-05 11:08:05 | INFO     | Saving at a/skeb/ISB52765277-9e2520.json
2026-10-05 11:08:06 | INFO     | OK https://skeb.jp/api/users/Ytori_3939
2026-10-05 11:08:06 | INFO     | Saving at a/skeb/Ytori_3939-76c828.json
2026-10-05 11:08:07 | INFO     | OK https://skeb.jp/api/users/tuzi717
2026-10-05 11:08:07 | INFO     | Saving at a/skeb/tuzi717-ade2c4.json
2026-10-05 11:08:08 | INFO     | OK https://skeb.jp/api/users/hantic888
2026-10-05 11:08:08 | INFO     | Saving at a/skeb/hantic888-4bea10.json
2026-10-05 11:08:09 | INFO     | OK https://skeb.jp/api/users/fuyotan712
2026-10-05 11:08:09 | INFO     | Saving at a/skeb/fuyotan712-9aac72.json
2026-10-05 11:08:10 | INFO     | OK https://skeb.jp/api/users/RoseePoire
2026-10-05 11:08:10 | INFO     | Saving at a/skeb/RoseePoire-4d7929.json
2026-10-05 11:08:11 | INFO     | OK https://skeb.jp/api/users/senchipeed_2
2026-10-05 11:08:11 | INFO     | Saving at a/skeb/senchipeed_2-2a2237.json
2026-10-05 11:08:12 | INFO     | OK https://skeb.jp/api/users/AkiAkane13
2026-10-05 11:08:12 | INFO     | Saving at a/skeb/AkiAkane13-23eb10.json
2026-10-05 11:08:13 | INFO     | OK https://skeb.jp/api/users/ka_zu_ki06
2026-10-05 11:08:13 | INFO     | Saving at a/skeb/ka_zu_ki06-75e24c.json
2026-10-05 11:08:14 | INFO     | OK https://skeb.jp/api/users/pink15p
2026-10-05 11:08:14 | INFO     | Saving at a/skeb/pink15p-cf6948.json
2026-10-05 11:08:15 | INFO     | OK https://skeb.jp/api/users/flammama
2026-10-05 11:08:15 | INFO     | Saving at a/skeb/flammama-570c7c.json
2026-10-05 11:08:16 | INFO     | OK https://skeb.jp/api/users/a3gameplayer
2026-10-05 11:08:16 | INFO     | Saving at a/skeb/a3gameplayer-828058.json
2026-10-05 11:08:17 | INFO     | OK https://skeb.jp/api/users/Kisaragi326
2026-10-05 11:08:17 | INFO     | Saving at a/skeb/Kisaragi326-fab77f.json
2026-10-05 11:08:18 | INFO     | OK https://skeb.jp/api/users/nmo_from_there
2026-10-05 11:08:18 | INFO     | Saving at a/skeb/nmo_from_there-18766b.json
2026-10-05 11:08:19 | INFO     | OK https://skeb.jp/api/users/nogya_00
2026-10-05 11:08:19 | INFO     | Saving at a/skeb/nogya_00-02b74e.json
2026-10-05 11:08:20 | INFO     | OK https://skeb.jp/api/users/kuma_2nd
2026-10-05 11:08:20 | INFO     | Saving at a/skeb/kuma_2nd-125487.json
2026-10-05 11:08:21 | INFO     | OK https://skeb.jp/api/users/nyanrin02
2026-10-05 11:08:21 | INFO     | Saving at a/skeb/nyanrin02-d772a7.json
2026-10-05 11:08:22 | INFO     | OK https://skeb.jp/api/users/oygdi
2026-10-05 11:08:22 | INFO     | Saving at a/skeb/oygdi-d71d36.json
2026-10-05 11:08:23 | INFO     | OK https://skeb.jp/api/users/Nerineridaco
2026-10-05 11:08:23 | INFO     | Saving at a/skeb/Nerineridaco-a92d30.json
2026-10-05 11:08:24 | INFO     | OK https://skeb.jp/api/users/yumyum_ebiebi
2026-10-05 11:08:24 | INFO     | Saving at a/skeb/yumyum_ebiebi-990545.json
2026-10-05 11:08:25 | INFO     | OK https://skeb.jp/api/users/os549g
2026-10-05 11:08:25 | INFO     | Saving at a/skeb/os549g-eaf27c.json
2026-10-05 11:08:26 | INFO     | OK https://skeb.jp/api/users/_7yas
2026-10-05 11:08:26 | INFO     | Saving at a/skeb/_7yas-f08123.json
2026-10-05 11:08:27 | INFO     | OK https://skeb.jp/api/users/kaya_pe
2026-10-05 11:08:27 | INFO     | Saving at a/skeb/kaya_pe-0b0b8e.json
2026-10-05 11:08:28 | INFO     | OK https://skeb.jp/api/users/M8Ea3
2026-10-05 11:08:28 | INFO     | Saving at a/skeb/M8Ea3-4b8598.json
2026-10-05 11:08:29 | INFO     | OK https://skeb.jp/api/users/kani_sense7
2026-10-05 11:08:29 | INFO     | Saving at a/skeb/kani_sense7-7997c0.json
2026-10-05 11:08:30 | INFO     | OK https://skeb.jp/api/users/tears39_r18
2026-10-05 11:08:30 | INFO     | Saving at a/skeb/tears39_r18-0ce30c.json
2026-10-05 11:08:31 | INFO     | OK https://skeb.jp/api/users/0516_nikki
2026-10-05 11:08:31 | INFO     | Saving at a/skeb/0516_nikki-082c7a.json
2026-10-05 11:08:32 | INFO     | OK https://skeb.jp/api/users/bsemeth
2026-10-05 11:08:32 | INFO     | Saving at a/skeb/bsemeth-4b391e.json
2026-10-05 11:08:33 | INFO     | OK https://skeb.jp/api/users/Ca_7__
2026-10-05 11:08:33 | INFO     | Saving at a/skeb/Ca_7__-f11592.json
2026-10-05 11:08:34 | INFO     | OK https://skeb.jp/api/users/UGI_trpg
2026-10-05 11:08:34 | INFO     | Saving at a/skeb/UGI_trpg-5bde1f.json
2026-10-05 11:08:35 | INFO     | OK https://skeb.jp/api/users/ketuusage3
2026-10-05 11:08:35 | INFO     | Saving at a/skeb/ketuusage3-83f051.json
2026-10-05 11:08:36 | INFO     | OK https://skeb.jp/api/users/hota_0317
2026-10-05 11:08:36 | INFO     | Saving at a/skeb/hota_0317-a31c10.json
2026-10-05 11:08:37 | INFO     | OK https://skeb.jp/api/users/chocomoo3
2026-10-05 11:08:37 | INFO     | Saving at a/skeb/chocomoo3-aeda53.json
2026-10-05 11:08:38 | INFO     | OK https://skeb.jp/api/users/N_Haruka0A0
2026-10-05 11:08:38 | INFO     | Saving at a/skeb/N_Haruka0A0-b4b0a7.json
2026-10-05 11:08:39 | INFO     | OK https://skeb.jp/api/users/CORNPOTA_art2
2026-10-05 11:08:39 | INFO     | Saving at a/skeb/CORNPOTA_art2-f30c2c.json
2026-10-05 11:08:40 | INFO     | OK https://skeb.jp/api/users/tutsucha
2026-10-05 11:08:40 | INFO     | Saving at a/skeb/tutsucha-d1f685.json
2026-10-05 11:08:41 | INFO     | OK https://skeb.jp/api/users/HoshikuraArt
2026-10-05 11:08:41 | INFO     | Saving at a/skeb/HoshikuraArt-b381eb.json
2026-10-05 11:08:42 | INFO     | OK https://skeb.jp/api/users/oekkano
2026-10-05 11:08:42 | INFO     | Saving at a/skeb/oekkano-777c85.json
2026-10-05 11:08:43 | INFO     | OK https://skeb.jp/api/users/fura3__
2026-10-05 11:08:43 | INFO     | Saving at a/skeb/fura3__-c8aa48.json
2026-10-05 11:08:44 | INFO     | OK https://skeb.jp/api/users/n_hara210
2026-10-05 11:08:44 | INFO     | Saving at a/skeb/n_hara210-3653fc.json
2026-10-05 11:08:45 | INFO     | OK https://skeb.jp/api/users/circleQUDA2
2026-10-05 11:08:45 | INFO     | Saving at a/skeb/circleQUDA2-3a434c.json
2026-10-05 11:08:46 | INFO     | OK https://skeb.jp/api/users/terada1124
2026-10-05 11:08:46 | INFO     | Saving at a/skeb/terada1124-ac73a3.json
2026-10-05 11:08:47 | INFO     | OK https://skeb.jp/api/users/ObakenoPerutan
2026-10-05 11:08:47 | INFO     | Saving at a/skeb/ObakenoPerutan-677296.json
2026-10-05 11:08:49 | INFO     | OK https://skeb.jp/api/users/kawa_himu
2026-10-05 11:08:49 | INFO     | Saving at a/skeb/kawa_himu-b6ae4b.json
2026-10-05 11:08:49 | INFO     | OK https://skeb.jp/api/users/xjsbca
2026-10-05 11:08:49 | INFO     | Saving at a/skeb/xjsbca-0f57d5.json
2026-10-05 11:08:50 | INFO     | OK https://skeb.jp/api/users/gomadare_mini
2026-10-05 11:08:50 | INFO     | Saving at a/skeb/gomadare_mini-54296c.json
2026-10-05 11:08:51 | INFO     | OK https://skeb.jp/api/users/yuutokagura
2026-10-05 11:08:51 | INFO     | Saving at a/skeb/yuutokagura-18268a.json
2026-10-05 11:08:52 | INFO     | OK https://skeb.jp/api/users/nnnnii_o0
2026-10-05 11:08:52 | INFO     | Saving at a/skeb/nnnnii_o0-456f9b.json
2026-10-05 11:08:53 | INFO     | OK https://skeb.jp/api/users/stellalafell
2026-10-05 11:08:53 | INFO     | Saving at a/skeb/stellalafell-0aa0c3.json
2026-10-05 11:08:54 | INFO     | OK https://skeb.jp/api/users/Mucoro
2026-10-05 11:08:54 | INFO     | Saving at a/skeb/Mucoro-1deb57.json
2026-10-05 11:08:56 | INFO     | OK https://skeb.jp/api/users/chfy_ibk
2026-10-05 11:08:56 | INFO     | Saving at a/skeb/chfy_ibk-5c52cd.json
2026-10-05 11:08:56 | INFO     | OK https://skeb.jp/api/users/Zebulun_
2026-10-05 11:08:56 | INFO     | Saving at a/skeb/Zebulun_-c238d3.json
2026-10-05 11:08:57 | INFO     | OK https://skeb.jp/api/users/mdsn389419
2026-10-05 11:08:57 | INFO     | Saving at a/skeb/mdsn389419-cecb96.json
2026-10-05 11:08:58 | INFO     | OK https://skeb.jp/api/users/akeguma373
2026-10-05 11:08:58 | INFO     | Saving at a/skeb/akeguma373-e27879.json
2026-10-05 11:08:59 | INFO     | OK https://skeb.jp/api/users/Butaoink_555
2026-10-05 11:08:59 | INFO     | Saving at a/skeb/Butaoink_555-fe2fbc.json
2026-10-05 11:09:00 | INFO     | OK https://skeb.jp/api/users/shishamosama
2026-10-05 11:09:00 | INFO     | Saving at a/skeb/shishamosama-5a1e27.json
2026-10-05 11:09:01 | INFO     | OK https://skeb.jp/api/users/Haruka_hijiri9
2026-10-05 11:09:01 | INFO     | Saving at a/skeb/Haruka_hijiri9-d5d82a.json
2026-10-05 11:09:02 | INFO     | OK https://skeb.jp/api/users/Koppepan_agp
2026-10-05 11:09:02 | INFO     | Saving at a/skeb/Koppepan_agp-888d53.json
2026-10-05 11:09:03 | INFO     | OK https://skeb.jp/api/users/Akira_09208
2026-10-05 11:09:03 | INFO     | Saving at a/skeb/Akira_09208-42924a.json
2026-10-05 11:09:04 | INFO     | OK https://skeb.jp/api/users/malice_boy
2026-10-05 11:09:04 | INFO     | Saving at a/skeb/malice_boy-017f9f.json
2026-10-05 11:09:05 | INFO     | OK https://skeb.jp/api/users/Oneko82Jin
2026-10-05 11:09:05 | INFO     | Saving at a/skeb/Oneko82Jin-7ee212.json
2026-10-05 11:09:06 | INFO     | OK https://skeb.jp/api/users/SakuraIbuki
2026-10-05 11:09:06 | INFO     | Saving at a/skeb/SakuraIbuki-e20669.json
2026-10-05 11:09:07 | INFO     | OK https://skeb.jp/api/users/yohikooooo
2026-10-05 11:09:07 | INFO     | Saving at a/skeb/yohikooooo-5c200c.json
2026-10-05 11:09:08 | INFO     | OK https://skeb.jp/api/users/misIllust26
2026-10-05 11:09:08 | INFO     | Saving at a/skeb/misIllust26-967e75.json
2026-10-05 11:09:09 | INFO     | OK https://skeb.jp/api/users/sunaoni704
2026-10-05 11:09:09 | INFO     | Saving at a/skeb/sunaoni704-0bd36c.json
2026-10-05 11:09:10 | INFO     | OK https://skeb.jp/api/users/BG00023
2026-10-05 11:09:10 | INFO     | Saving at a/skeb/BG00023-e522c8.json
2026-10-05 11:09:11 | INFO     | OK https://skeb.jp/api/users/Ajino_g10a
2026-10-05 11:09:11 | INFO     | Saving at a/skeb/Ajino_g10a-1a4bc8.json
2026-10-05 11:09:12 | INFO     | OK https://skeb.jp/api/users/Seira_iriam
2026-10-05 11:09:12 | INFO     | Saving at a/skeb/Seira_iriam-518832.json
2026-10-05 11:09:13 | INFO     | OK https://skeb.jp/api/users/35C387fe5WhqsGW
2026-10-05 11:09:13 | INFO     | Saving at a/skeb/35C387fe5WhqsGW-525574.json
2026-10-05 11:09:14 | INFO     | OK https://skeb.jp/api/users/Ske6_bs
2026-10-05 11:09:14 | INFO     | Saving at a/skeb/Ske6_bs-21e4f4.json
2026-10-05 11:09:15 | INFO     | OK https://skeb.jp/api/users/ochaokashi75
2026-10-05 11:09:15 | INFO     | Saving at a/skeb/ochaokashi75-6e2c77.json
2026-10-05 11:09:16 | INFO     | OK https://skeb.jp/api/users/bre2_mochifuwa
2026-10-05 11:09:16 | INFO     | Saving at a/skeb/bre2_mochifuwa-c79e7a.json
2026-10-05 11:09:17 | INFO     | OK https://skeb.jp/api/users/hzk_r_
2026-10-05 11:09:17 | INFO     | Saving at a/skeb/hzk_r_-9723e4.json
2026-10-05 11:09:18 | INFO     | OK https://skeb.jp/api/users/takanotds
2026-10-05 11:09:18 | INFO     | Saving at a/skeb/takanotds-2e3f6d.json
2026-10-05 11:09:19 | INFO     | OK https://skeb.jp/api/users/03fArLWzfAd5w68
2026-10-05 11:09:19 | INFO     | Saving at a/skeb/03fArLWzfAd5w68-9e95bf.json
2026-10-05 11:09:20 | INFO     | OK https://skeb.jp/api/users/trpg_nue
2026-10-05 11:09:20 | INFO     | Saving at a/skeb/trpg_nue-9228c9.json
2026-10-05 11:09:21 | INFO     | OK https://skeb.jp/api/users/tkrdk_draw
2026-10-05 11:09:21 | INFO     | Saving at a/skeb/tkrdk_draw-d57916.json
2026-10-05 11:09:22 | INFO     | OK https://skeb.jp/api/users/nagare1yca
2026-10-05 11:09:22 | INFO     | Saving at a/skeb/nagare1yca-d84e91.json
2026-10-05 11:09:23 | INFO     | OK https://skeb.jp/api/users/takanashi_eve88
2026-10-05 11:09:23 | INFO     | Saving at a/skeb/takanashi_eve88-2f27d3.json
2026-10-05 11:09:24 | INFO     | OK https://skeb.jp/api/users/tanimaniYURI
2026-10-05 11:09:24 | INFO     | Saving at a/skeb/tanimaniYURI-b1eb01.json
2026-10-05 11:09:25 | INFO     | OK https://skeb.jp/api/users/ekikyouni
2026-10-05 11:09:25 | INFO     | Saving at a/skeb/ekikyouni-5f1527.json
2026-10-05 11:09:26 | INFO     | OK https://skeb.jp/api/users/Enngawa_aburi
2026-10-05 11:09:26 | INFO     | Saving at a/skeb/Enngawa_aburi-68ad20.json
2026-10-05 11:09:27 | INFO     | OK https://skeb.jp/api/users/sa10_e
2026-10-05 11:09:27 | INFO     | Saving at a/skeb/sa10_e-e042cb.json
2026-10-05 11:09:28 | INFO     | OK https://skeb.jp/api/users/q7ley
2026-10-05 11:09:28 | INFO     | Saving at a/skeb/q7ley-627740.json
2026-10-05 11:09:29 | INFO     | OK https://skeb.jp/api/users/na_ten2
2026-10-05 11:09:29 | INFO     | Saving at a/skeb/na_ten2-c05450.json
2026-10-05 11:09:31 | INFO     | OK https://skeb.jp/api/users/front_hook
2026-10-05 11:09:31 | INFO     | Saving at a/skeb/front_hook-da5da4.json
2026-10-05 11:09:31 | INFO     | OK https://skeb.jp/api/users/yubidou
2026-10-05 11:09:31 | INFO     | Saving at a/skeb/yubidou-7777c1.json
2026-10-05 11:09:32 | INFO     | OK https://skeb.jp/api/users/kumoru_145
2026-10-05 11:09:32 | INFO     | Saving at a/skeb/kumoru_145-5b45dc.json
2026-10-05 11:09:33 | INFO     | OK https://skeb.jp/api/users/yCC9emj7dx
2026-10-05 11:09:33 | INFO     | Saving at a/skeb/yCC9emj7dx-8db4c2.json
2026-10-05 11:09:34 | INFO     | OK https://skeb.jp/api/users/PaulowniaYuuhi
2026-10-05 11:09:34 | INFO     | Saving at a/skeb/PaulowniaYuuhi-03bc9c.json
2026-10-05 11:09:35 | INFO     | OK https://skeb.jp/api/users/iwanaginookina
2026-10-05 11:09:35 | INFO     | Saving at a/skeb/iwanaginookina-78febc.json
2026-10-05 11:09:36 | INFO     | OK https://skeb.jp/api/users/archive35170
2026-10-05 11:09:36 | INFO     | Saving at a/skeb/archive35170-1af307.json
2026-10-05 11:09:37 | INFO     | OK https://skeb.jp/api/users/tanemoshi
2026-10-05 11:09:37 | INFO     | Saving at a/skeb/tanemoshi-514268.json
2026-10-05 11:09:39 | INFO     | OK https://skeb.jp/api/users/I__da_m_3
2026-10-05 11:09:39 | INFO     | Saving at a/skeb/I__da_m_3-88ad92.json
2026-10-05 11:09:39 | INFO     | OK https://skeb.jp/api/users/er_ztv
2026-10-05 11:09:39 | INFO     | Saving at a/skeb/er_ztv-21e97e.json
2026-10-05 11:09:40 | INFO     | OK https://skeb.jp/api/users/G73888
2026-10-05 11:09:40 | INFO     | Saving at a/skeb/G73888-2f45a0.json
2026-10-05 11:09:41 | INFO     | OK https://skeb.jp/api/users/z1vfcd2
2026-10-05 11:09:41 | INFO     | Saving at a/skeb/z1vfcd2-3cc6cb.json
2026-10-05 11:09:42 | INFO     | OK https://skeb.jp/api/users/Nin18U
2026-10-05 11:09:42 | INFO     | Saving at a/skeb/Nin18U-681ce6.json
2026-10-05 11:09:43 | INFO     | OK https://skeb.jp/api/users/817_yuumu
2026-10-05 11:09:43 | INFO     | Saving at a/skeb/817_yuumu-232250.json
2026-10-05 11:09:44 | INFO     | OK https://skeb.jp/api/users/Appoco_
2026-10-05 11:09:44 | INFO     | Saving at a/skeb/Appoco_-695a01.json
2026-10-05 11:09:45 | INFO     | OK https://skeb.jp/api/users/tinpobattle
2026-10-05 11:09:45 | INFO     | Saving at a/skeb/tinpobattle-74ee09.json
2026-10-05 11:09:46 | INFO     | OK https://skeb.jp/api/users/yuto_noirm08
2026-10-05 11:09:46 | INFO     | Saving at a/skeb/yuto_noirm08-b721dc.json
2026-10-05 11:09:47 | INFO     | OK https://skeb.jp/api/users/tetikun
2026-10-05 11:09:47 | INFO     | Saving at a/skeb/tetikun-1474a3.json
2026-10-05 11:09:48 | INFO     | OK https://skeb.jp/api/users/kkk_KND
2026-10-05 11:09:48 | INFO     | Saving at a/skeb/kkk_KND-84a6c8.json
2026-10-05 11:09:49 | INFO     | OK https://skeb.jp/api/users/NikuatuK
2026-10-05 11:09:49 | INFO     | Saving at a/skeb/NikuatuK-5c2476.json
2026-10-05 11:09:50 | INFO     | OK https://skeb.jp/api/users/saremo_3939
2026-10-05 11:09:50 | INFO     | Saving at a/skeb/saremo_3939-aaeb01.json
2026-10-05 11:09:51 | INFO     | OK https://skeb.jp/api/users/MarronCaramel_I
2026-10-05 11:09:51 | INFO     | Saving at a/skeb/MarronCaramel_I-e436f8.json
2026-10-05 11:09:52 | INFO     | OK https://skeb.jp/api/users/tuyu_haruki_
2026-10-05 11:09:52 | INFO     | Saving at a/skeb/tuyu_haruki_-802560.json
2026-10-05 11:09:53 | INFO     | OK https://skeb.jp/api/users/Luci0_52
2026-10-05 11:09:53 | INFO     | Saving at a/skeb/Luci0_52-6a68f8.json
2026-10-05 11:09:54 | INFO     | OK https://skeb.jp/api/users/icorasama
2026-10-05 11:09:54 | INFO     | Saving at a/skeb/icorasama-9ef1c4.json
2026-10-05 11:09:55 | INFO     | OK https://skeb.jp/api/users/pendoraaaa1
2026-10-05 11:09:55 | INFO     | Saving at a/skeb/pendoraaaa1-e3892b.json
2026-10-05 11:09:56 | INFO     | OK https://skeb.jp/api/users/yukinananan____
2026-10-05 11:09:56 | INFO     | Saving at a/skeb/yukinananan____-f174d1.json
2026-10-05 11:09:57 | INFO     | OK https://skeb.jp/api/users/GothiCapricorn
2026-10-05 11:09:57 | INFO     | Saving at a/skeb/GothiCapricorn-b12c66.json
2026-10-05 11:09:58 | INFO     | OK https://skeb.jp/api/users/AoichiK
2026-10-05 11:09:58 | INFO     | Saving at a/skeb/AoichiK-544009.json
2026-10-05 11:09:59 | INFO     | OK https://skeb.jp/api/users/Kin0_OZ
2026-10-05 11:09:59 | INFO     | Saving at a/skeb/Kin0_OZ-42c826.json
2026-10-05 11:10:00 | INFO     | OK https://skeb.jp/api/users/moriika380
2026-10-05 11:10:00 | INFO     | Saving at a/skeb/moriika380-d27c72.json
2026-10-05 11:10:01 | INFO     | OK https://skeb.jp/api/users/MomominaMilk
2026-10-05 11:10:01 | INFO     | Saving at a/skeb/MomominaMilk-af4d8a.json
2026-10-05 11:10:02 | INFO     | OK https://skeb.jp/api/users/xxmilky_way
2026-10-05 11:10:02 | INFO     | Saving at a/skeb/xxmilky_way-f0b9f0.json
2026-10-05 11:10:03 | INFO     | OK https://skeb.jp/api/users/Flansisca2411
2026-10-05 11:10:03 | INFO     | Saving at a/skeb/Flansisca2411-5a784b.json
2026-10-05 11:10:04 | INFO     | OK https://skeb.jp/api/users/akeryuunew
2026-10-05 11:10:04 | INFO     | Saving at a/skeb/akeryuunew-905ab3.json
2026-10-05 11:10:05 | INFO     | OK https://skeb.jp/api/users/yuzusalty
2026-10-05 11:10:05 | INFO     | Saving at a/skeb/yuzusalty-e1e9cc.json
2026-10-05 11:10:07 | INFO     | OK https://skeb.jp/api/users/yu_wo_
2026-10-05 11:10:07 | INFO     | Saving at a/skeb/yu_wo_-027209.json
2026-10-05 11:10:07 | INFO     | OK https://skeb.jp/api/users/yukiarashi_1103
2026-10-05 11:10:07 | INFO     | Saving at a/skeb/yukiarashi_1103-812c16.json
2026-10-05 11:10:08 | INFO     | OK https://skeb.jp/api/users/syaaaaneeeyona
2026-10-05 11:10:08 | INFO     | Saving at a/skeb/syaaaaneeeyona-77c107.json
2026-10-05 11:10:09 | INFO     | OK https://skeb.jp/api/users/kajiki__
2026-10-05 11:10:09 | INFO     | Saving at a/skeb/kajiki__-4fc823.json
2026-10-05 11:10:10 | INFO     | OK https://skeb.jp/api/users/Nagatatuzin
2026-10-05 11:10:10 | INFO     | Saving at a/skeb/Nagatatuzin-8ac147.json
2026-10-05 11:10:11 | INFO     | OK https://skeb.jp/api/users/sheila_ship2
2026-10-05 11:10:11 | INFO     | Saving at a/skeb/sheila_ship2-2fef5a.json
2026-10-05 11:10:12 | INFO     | OK https://skeb.jp/api/users/pappiko430
2026-10-05 11:10:12 | INFO     | Saving at a/skeb/pappiko430-fc4095.json
2026-10-05 11:10:13 | INFO     | OK https://skeb.jp/api/users/midorimugi008
2026-10-05 11:10:13 | INFO     | Saving at a/skeb/midorimugi008-d8b7e2.json
2026-10-05 11:10:14 | INFO     | OK https://skeb.jp/api/users/Nagomi_yyd
2026-10-05 11:10:14 | INFO     | Saving at a/skeb/Nagomi_yyd-6916ec.json
2026-10-05 11:10:15 | INFO     | OK https://skeb.jp/api/users/Amz20200415
2026-10-05 11:10:15 | INFO     | Saving at a/skeb/Amz20200415-d240d3.json
2026-10-05 11:10:16 | INFO     | OK https://skeb.jp/api/users/mrsnanapple
2026-10-05 11:10:16 | INFO     | Saving at a/skeb/mrsnanapple-08e75e.json
2026-10-05 11:10:17 | INFO     | OK https://skeb.jp/api/users/nuuuu_v
2026-10-05 11:10:17 | INFO     | Saving at a/skeb/nuuuu_v-e9de26.json
2026-10-05 11:10:18 | INFO     | OK https://skeb.jp/api/users/Captain_34
2026-10-05 11:10:18 | INFO     | Saving at a/skeb/Captain_34-c1792a.json
2026-10-05 11:10:19 | INFO     | OK https://skeb.jp/api/users/ebimau_e
2026-10-05 11:10:19 | INFO     | Saving at a/skeb/ebimau_e-4634fe.json
2026-10-05 11:10:20 | INFO     | OK https://skeb.jp/api/users/Kuwakuma_93
2026-10-05 11:10:20 | INFO     | Saving at a/skeb/Kuwakuma_93-800d56.json
2026-10-05 11:10:21 | INFO     | OK https://skeb.jp/api/users/litegolyat
2026-10-05 11:10:21 | INFO     | Saving at a/skeb/litegolyat-9a83ca.json
2026-10-05 11:10:22 | INFO     | OK https://skeb.jp/api/users/permian_machine
2026-10-05 11:10:22 | INFO     | Saving at a/skeb/permian_machine-274dea.json
2026-10-05 11:10:23 | INFO     | OK https://skeb.jp/api/users/yuasa_ayu
2026-10-05 11:10:23 | INFO     | Saving at a/skeb/yuasa_ayu-cf14bf.json
2026-10-05 11:10:24 | INFO     | OK https://skeb.jp/api/users/lightblue_h
2026-10-05 11:10:24 | INFO     | Saving at a/skeb/lightblue_h-2f8521.json
2026-10-05 11:10:25 | INFO     | OK https://skeb.jp/api/users/S_Haraniko
2026-10-05 11:10:25 | INFO     | Saving at a/skeb/S_Haraniko-df89b6.json
2026-10-05 11:10:27 | INFO     | OK https://skeb.jp/api/users/nyaaamiii1182
2026-10-05 11:10:27 | INFO     | Saving at a/skeb/nyaaamiii1182-f06e5d.json
2026-10-05 11:10:27 | INFO     | OK https://skeb.jp/api/users/neco_mono96
2026-10-05 11:10:27 | INFO     | Saving at a/skeb/neco_mono96-6c88b2.json
2026-10-05 11:10:28 | INFO     | OK https://skeb.jp/api/users/hiiragisensei
2026-10-05 11:10:28 | INFO     | Saving at a/skeb/hiiragisensei-b6f7a7.json
2026-10-05 11:10:29 | INFO     | OK https://skeb.jp/api/users/i_t_05_12
2026-10-05 11:10:29 | INFO     | Saving at a/skeb/i_t_05_12-b8ee20.json
2026-10-05 11:10:30 | INFO     | OK https://skeb.jp/api/users/cyabo_55
2026-10-05 11:10:30 | INFO     | Saving at a/skeb/cyabo_55-551cc6.json
2026-10-05 11:10:31 | INFO     | OK https://skeb.jp/api/users/yasyo_chan
2026-10-05 11:10:31 | INFO     | Saving at a/skeb/yasyo_chan-d48349.json
2026-10-05 11:10:32 | INFO     | OK https://skeb.jp/api/users/URA__DORA
2026-10-05 11:10:32 | INFO     | Saving at a/skeb/URA__DORA-6bb34a.json
2026-10-05 11:10:33 | INFO     | OK https://skeb.jp/api/users/trpgmjaa
2026-10-05 11:10:34 | INFO     | Saving at a/skeb/trpgmjaa-b34a38.json
2026-10-05 11:10:35 | INFO     | OK https://skeb.jp/api/users/raiko_hachiY
2026-10-05 11:10:35 | INFO     | Saving at a/skeb/raiko_hachiY-fe6be9.json
2026-10-05 11:10:35 | INFO     | OK https://skeb.jp/api/users/Runa_7733
2026-10-05 11:10:35 | INFO     | Saving at a/skeb/Runa_7733-bfdd2f.json
2026-10-05 11:10:36 | INFO     | OK https://skeb.jp/api/users/metanuuu_com
2026-10-05 11:10:36 | INFO     | Saving at a/skeb/metanuuu_com-a422d7.json
2026-10-05 11:10:37 | INFO     | OK https://skeb.jp/api/users/koketanuki
2026-10-05 11:10:37 | INFO     | Saving at a/skeb/koketanuki-5a6e4c.json
2026-10-05 11:10:38 | INFO     | OK https://skeb.jp/api/users/ushimittsu18
2026-10-05 11:10:38 | INFO     | Saving at a/skeb/ushimittsu18-5c60b4.json
2026-10-05 11:10:39 | INFO     | OK https://skeb.jp/api/users/kaedes
2026-10-05 11:10:39 | INFO     | Saving at a/skeb/kaedes-9a1cd2.json
2026-10-05 11:10:40 | INFO     | OK https://skeb.jp/api/users/NEO_BAKEchan
2026-10-05 11:10:40 | INFO     | Saving at a/skeb/NEO_BAKEchan-9c31ef.json
2026-10-05 11:10:41 | INFO     | OK https://skeb.jp/api/users/mellow_chan
2026-10-05 11:10:41 | INFO     | Saving at a/skeb/mellow_chan-65be1f.json
2026-10-05 11:10:43 | INFO     | OK https://skeb.jp/api/users/meron012345
2026-10-05 11:10:43 | INFO     | Saving at a/skeb/meron012345-68f829.json
2026-10-05 11:10:44 | INFO     | OK https://skeb.jp/api/users/HaL_ka_Dai
2026-10-05 11:10:44 | INFO     | Saving at a/skeb/HaL_ka_Dai-403098.json
2026-10-05 11:10:44 | INFO     | OK https://skeb.jp/api/users/akemitsume
2026-10-05 11:10:44 | INFO     | Saving at a/skeb/akemitsume-913c7f.json
2026-10-05 11:10:46 | INFO     | OK https://skeb.jp/api/users/ushinobero
2026-10-05 11:10:46 | INFO     | Saving at a/skeb/ushinobero-4908d3.json
2026-10-05 11:10:46 | INFO     | OK https://skeb.jp/api/users/gyotaku15te
2026-10-05 11:10:46 | INFO     | Saving at a/skeb/gyotaku15te-62ecb7.json
2026-10-05 11:10:47 | INFO     | OK https://skeb.jp/api/users/mrn4453
2026-10-05 11:10:47 | INFO     | Saving at a/skeb/mrn4453-fbf656.json
2026-10-05 11:10:48 | INFO     | OK https://skeb.jp/api/users/huginmunink
2026-10-05 11:10:48 | INFO     | Saving at a/skeb/huginmunink-1fc2a9.json
2026-10-05 11:10:49 | INFO     | OK https://skeb.jp/api/users/minai_san__
2026-10-05 11:10:49 | INFO     | Saving at a/skeb/minai_san__-c8dd81.json
2026-10-05 11:10:51 | INFO     | OK https://skeb.jp/api/users/neko_tany
2026-10-05 11:10:51 | INFO     | Saving at a/skeb/neko_tany-79e8e7.json
2026-10-05 11:10:52 | INFO     | OK https://skeb.jp/api/users/wasabi22600110
2026-10-05 11:10:52 | INFO     | Saving at a/skeb/wasabi22600110-099a20.json
2026-10-05 11:10:53 | INFO     | OK https://skeb.jp/api/users/moyosan_
2026-10-05 11:10:53 | INFO     | Saving at a/skeb/moyosan_-a30d4a.json
2026-10-05 11:10:53 | INFO     | OK https://skeb.jp/api/users/chandelar_witch
2026-10-05 11:10:53 | INFO     | Saving at a/skeb/chandelar_witch-9e30c9.json
2026-10-05 11:10:54 | INFO     | OK https://skeb.jp/api/users/hchi_com
2026-10-05 11:10:54 | INFO     | Saving at a/skeb/hchi_com-546483.json
2026-10-05 11:10:55 | INFO     | OK https://skeb.jp/api/users/kayayann_14
2026-10-05 11:10:55 | INFO     | Saving at a/skeb/kayayann_14-0c29b8.json
2026-10-05 11:10:56 | INFO     | OK https://skeb.jp/api/users/rnpzkv
2026-10-05 11:10:56 | INFO     | Saving at a/skeb/rnpzkv-5d876b.json
2026-10-05 11:10:58 | INFO     | OK https://skeb.jp/api/users/Kankitukei_0805
2026-10-05 11:10:58 | INFO     | Saving at a/skeb/Kankitukei_0805-51cefe.json
2026-10-05 11:10:58 | INFO     | OK https://skeb.jp/api/users/fulkkuma
2026-10-05 11:10:58 | INFO     | Saving at a/skeb/fulkkuma-2eaf5f.json
2026-10-05 11:10:59 | INFO     | OK https://skeb.jp/api/users/miuki87
2026-10-05 11:10:59 | INFO     | Saving at a/skeb/miuki87-74b8dd.json
2026-10-05 11:11:00 | INFO     | OK https://skeb.jp/api/users/kaigaaaannokagi
2026-10-05 11:11:00 | INFO     | Saving at a/skeb/kaigaaaannokagi-61a19b.json
2026-10-05 11:11:02 | INFO     | OK https://skeb.jp/api/users/008_hatimalu
2026-10-05 11:11:02 | INFO     | Saving at a/skeb/008_hatimalu-eacff9.json
2026-10-05 11:11:02 | INFO     | OK https://skeb.jp/api/users/nikuroge_wagyuu
2026-10-05 11:11:02 | INFO     | Saving at a/skeb/nikuroge_wagyuu-a468a1.json
2026-10-05 11:11:04 | INFO     | OK https://skeb.jp/api/users/arpeggio_kaga
2026-10-05 11:11:04 | INFO     | Saving at a/skeb/arpeggio_kaga-7cf5cd.json
2026-10-05 11:11:04 | INFO     | OK https://skeb.jp/api/users/furameyou
2026-10-05 11:11:04 | INFO     | Saving at a/skeb/furameyou-ec913e.json
2026-10-05 11:11:05 | INFO     | OK https://skeb.jp/api/users/kounoji_illust
2026-10-05 11:11:05 | INFO     | Saving at a/skeb/kounoji_illust-b28108.json
2026-10-05 11:11:06 | INFO     | OK https://skeb.jp/api/users/evhuz9
2026-10-05 11:11:06 | INFO     | Saving at a/skeb/evhuz9-0acec1.json
2026-10-05 11:11:07 | INFO     | OK https://skeb.jp/api/users/kurotetete2
2026-10-05 11:11:07 | INFO     | Saving at a/skeb/kurotetete2-952e8f.json
2026-10-05 11:11:08 | INFO     | OK https://skeb.jp/api/users/iOxxfZMwgj4004
2026-10-05 11:11:08 | INFO     | Saving at a/skeb/iOxxfZMwgj4004-610930.json
2026-10-05 11:11:09 | INFO     | OK https://skeb.jp/api/users/KeiloveFurry
2026-10-05 11:11:09 | INFO     | Saving at a/skeb/KeiloveFurry-4fe7ad.json
2026-10-05 11:11:10 | INFO     | OK https://skeb.jp/api/users/mizutenka
2026-10-05 11:11:10 | INFO     | Saving at a/skeb/mizutenka-e26ffe.json
2026-10-05 11:11:11 | INFO     | OK https://skeb.jp/api/users/8veOctave09102
2026-10-05 11:11:11 | INFO     | Saving at a/skeb/8veOctave09102-5eb554.json
2026-10-05 11:11:12 | INFO     | OK https://skeb.jp/api/users/kanarikaro
2026-10-05 11:11:12 | INFO     | Saving at a/skeb/kanarikaro-c4803b.json
2026-10-05 11:11:13 | INFO     | OK https://skeb.jp/api/users/DreadnoughtNasU
2026-10-05 11:11:13 | INFO     | Saving at a/skeb/DreadnoughtNasU-58881f.json
2026-10-05 11:11:14 | INFO     | OK https://skeb.jp/api/users/ariwo88yahhoi
2026-10-05 11:11:14 | INFO     | Saving at a/skeb/ariwo88yahhoi-fb2a4c.json
2026-10-05 11:11:15 | INFO     | OK https://skeb.jp/api/users/tottemoomame
2026-10-05 11:11:15 | INFO     | Saving at a/skeb/tottemoomame-b4d858.json
2026-10-05 11:11:16 | INFO     | OK https://skeb.jp/api/users/saint_yohannes
2026-10-05 11:11:16 | INFO     | Saving at a/skeb/saint_yohannes-1b89ce.json
2026-10-05 11:11:17 | INFO     | OK https://skeb.jp/api/users/siroi_53
2026-10-05 11:11:17 | INFO     | Saving at a/skeb/siroi_53-8dd768.json
2026-10-05 11:11:18 | INFO     | OK https://skeb.jp/api/users/asoi002
2026-10-05 11:11:18 | INFO     | Saving at a/skeb/asoi002-51bd8b.json
2026-10-05 11:11:19 | INFO     | OK https://skeb.jp/api/users/banamil
2026-10-05 11:11:19 | INFO     | Saving at a/skeb/banamil-f99f96.json
2026-10-05 11:11:20 | INFO     | OK https://skeb.jp/api/users/Oyu3ne
2026-10-05 11:11:20 | INFO     | Saving at a/skeb/Oyu3ne-31e567.json
2026-10-05 11:11:21 | INFO     | OK https://skeb.jp/api/users/M_pasuta
2026-10-05 11:11:21 | INFO     | Saving at a/skeb/M_pasuta-f4ef6c.json
2026-10-05 11:11:22 | INFO     | OK https://skeb.jp/api/users/akashiacacia
2026-10-05 11:11:22 | INFO     | Saving at a/skeb/akashiacacia-65502f.json
2026-10-05 11:11:23 | INFO     | OK https://skeb.jp/api/users/mabo9317
2026-10-05 11:11:23 | INFO     | Saving at a/skeb/mabo9317-b5b6ad.json
2026-10-05 11:11:24 | INFO     | OK https://skeb.jp/api/users/nagagutu1232
2026-10-05 11:11:24 | INFO     | Saving at a/skeb/nagagutu1232-b584aa.json
2026-10-05 11:11:25 | INFO     | OK https://skeb.jp/api/users/____0029xx
2026-10-05 11:11:25 | INFO     | Saving at a/skeb/____0029xx-dd5a53.json
2026-10-05 11:11:26 | INFO     | OK https://skeb.jp/api/users/Insane_wkrs59
2026-10-05 11:11:26 | INFO     | Saving at a/skeb/Insane_wkrs59-2db6f3.json
2026-10-05 11:11:27 | INFO     | OK https://skeb.jp/api/users/Yk10pqx
2026-10-05 11:11:27 | INFO     | Saving at a/skeb/Yk10pqx-d58bc8.json
2026-10-05 11:11:28 | INFO     | OK https://skeb.jp/api/users/opusu10
2026-10-05 11:11:28 | INFO     | Saving at a/skeb/opusu10-e66f08.json
2026-10-05 11:11:29 | INFO     | OK https://skeb.jp/api/users/ico_ico0702
2026-10-05 11:11:29 | INFO     | Saving at a/skeb/ico_ico0702-9172a7.json
2026-10-05 11:11:31 | INFO     | OK https://skeb.jp/api/users/minorudonguri
2026-10-05 11:11:31 | INFO     | Saving at a/skeb/minorudonguri-662a85.json
2026-10-05 11:11:31 | INFO     | OK https://skeb.jp/api/users/neco_wasa0415
2026-10-05 11:11:31 | INFO     | Saving at a/skeb/neco_wasa0415-f97c82.json
2026-10-05 11:11:32 | INFO     | OK https://skeb.jp/api/users/rebasuto102702
2026-10-05 11:11:33 | INFO     | Saving at a/skeb/rebasuto102702-5f425b.json
2026-10-05 11:11:33 | INFO     | OK https://skeb.jp/api/users/sugoku_erai
2026-10-05 11:11:33 | INFO     | Saving at a/skeb/sugoku_erai-c7871d.json
2026-10-05 11:11:34 | INFO     | OK https://skeb.jp/api/users/skymidaisuki
2026-10-05 11:11:34 | INFO     | Saving at a/skeb/skymidaisuki-3950bd.json
2026-10-05 11:11:35 | INFO     | OK https://skeb.jp/api/users/kagura_xii
2026-10-05 11:11:35 | INFO     | Saving at a/skeb/kagura_xii-6d2c0a.json
2026-10-05 11:11:36 | INFO     | OK https://skeb.jp/api/users/KageBkakunin
2026-10-05 11:11:36 | INFO     | Saving at a/skeb/KageBkakunin-296aee.json
2026-10-05 11:11:37 | INFO     | OK https://skeb.jp/api/users/7_homura
2026-10-05 11:11:37 | INFO     | Saving at a/skeb/7_homura-17f27c.json
2026-10-05 11:11:38 | INFO     | OK https://skeb.jp/api/users/kurione0608
2026-10-05 11:11:38 | INFO     | Saving at a/skeb/kurione0608-a79be5.json
2026-10-05 11:11:39 | INFO     | OK https://skeb.jp/api/users/negiwasa555
2026-10-05 11:11:39 | INFO     | Saving at a/skeb/negiwasa555-36493e.json
2026-10-05 11:11:40 | INFO     | OK https://skeb.jp/api/users/Kisyaku_no2
2026-10-05 11:11:40 | INFO     | Saving at a/skeb/Kisyaku_no2-6c8b81.json
2026-10-05 11:11:42 | INFO     | OK https://skeb.jp/api/users/otsukimico
2026-10-05 11:11:42 | INFO     | Saving at a/skeb/otsukimico-29e389.json
2026-10-05 11:11:42 | INFO     | OK https://skeb.jp/api/users/ekakinatsu
2026-10-05 11:11:42 | INFO     | Saving at a/skeb/ekakinatsu-e2fb0e.json
2026-10-05 11:11:43 | INFO     | OK https://skeb.jp/api/users/YYY__XP
2026-10-05 11:11:43 | INFO     | Saving at a/skeb/YYY__XP-347b78.json
2026-10-05 11:11:44 | INFO     | OK https://skeb.jp/api/users/chalk_tabeyo44
2026-10-05 11:11:44 | INFO     | Saving at a/skeb/chalk_tabeyo44-c91d9b.json
2026-10-05 11:11:45 | INFO     | OK https://skeb.jp/api/users/Sicklycute83
2026-10-05 11:11:45 | INFO     | Saving at a/skeb/Sicklycute83-9d180a.json
2026-10-05 11:11:46 | INFO     | OK https://skeb.jp/api/users/kurosumire_
2026-10-05 11:11:46 | INFO     | Saving at a/skeb/kurosumire_-6b9d69.json
2026-10-05 11:11:47 | INFO     | OK https://skeb.jp/api/users/sasami2_luv_
2026-10-05 11:11:47 | INFO     | Saving at a/skeb/sasami2_luv_-da82df.json
2026-10-05 11:11:49 | INFO     | OK https://skeb.jp/api/users/dedorudy
2026-10-05 11:11:49 | INFO     | Saving at a/skeb/dedorudy-f373d3.json
2026-10-05 11:11:50 | INFO     | OK https://skeb.jp/api/users/tarai_no_oekaki
2026-10-05 11:11:50 | INFO     | Saving at a/skeb/tarai_no_oekaki-878b5e.json
2026-10-05 11:11:51 | INFO     | OK https://skeb.jp/api/users/seitarou_ymd
2026-10-05 11:11:51 | INFO     | Saving at a/skeb/seitarou_ymd-c163af.json
2026-10-05 11:11:51 | INFO     | OK https://skeb.jp/api/users/B3jD3wDmUXfhNxF
2026-10-05 11:11:51 | INFO     | Saving at a/skeb/B3jD3wDmUXfhNxF-e67aff.json
2026-10-05 11:11:52 | INFO     | OK https://skeb.jp/api/users/saty_ill_voice
2026-10-05 11:11:52 | INFO     | Saving at a/skeb/saty_ill_voice-d7ddb0.json
2026-10-05 11:11:54 | INFO     | OK https://skeb.jp/api/users/NIKU_KUEYO
2026-10-05 11:11:54 | INFO     | Saving at a/skeb/NIKU_KUEYO-776daa.json
2026-10-05 11:11:55 | INFO     | OK https://skeb.jp/api/users/mam1ya_7mi
2026-10-05 11:11:55 | INFO     | Saving at a/skeb/mam1ya_7mi-194a9a.json
2026-10-05 11:11:55 | INFO     | OK https://skeb.jp/api/users/ebi_shrimp_v
2026-10-05 11:11:55 | INFO     | Saving at a/skeb/ebi_shrimp_v-89d6f2.json
2026-10-05 11:11:57 | INFO     | OK https://skeb.jp/api/users/nnyara_N
2026-10-05 11:11:57 | INFO     | Saving at a/skeb/nnyara_N-77840f.json
2026-10-05 11:11:57 | INFO     | OK https://skeb.jp/api/users/burotti_
2026-10-05 11:11:57 | INFO     | Saving at a/skeb/burotti_-032082.json
2026-10-05 11:11:58 | INFO     | OK https://skeb.jp/api/users/wsw_999_R18_2nd
2026-10-05 11:11:58 | INFO     | Saving at a/skeb/wsw_999_R18_2nd-2bda9f.json
2026-10-05 11:11:59 | INFO     | OK https://skeb.jp/api/users/snpnpepe
2026-10-05 11:11:59 | INFO     | Saving at a/skeb/snpnpepe-605ec1.json
2026-10-05 11:12:00 | INFO     | OK https://skeb.jp/api/users/jank365m
2026-10-05 11:12:00 | INFO     | Saving at a/skeb/jank365m-ef5c70.json
2026-10-05 11:12:02 | INFO     | OK https://skeb.jp/api/users/meyz_yuki
2026-10-05 11:12:02 | INFO     | Saving at a/skeb/meyz_yuki-237676.json
2026-10-05 11:12:03 | INFO     | OK https://skeb.jp/api/users/sa__nu
2026-10-05 11:12:03 | INFO     | Saving at a/skeb/sa__nu-584a4c.json
2026-10-05 11:12:04 | INFO     | OK https://skeb.jp/api/users/shocorait
2026-10-05 11:12:04 | INFO     | Saving at a/skeb/shocorait-edeaf0.json
2026-10-05 11:12:04 | INFO     | OK https://skeb.jp/api/users/shiroshio_4640
2026-10-05 11:12:04 | INFO     | Saving at a/skeb/shiroshio_4640-405d7d.json
2026-10-05 11:12:06 | INFO     | OK https://skeb.jp/api/users/Tatsukiillust
2026-10-05 11:12:06 | INFO     | Saving at a/skeb/Tatsukiillust-272ddd.json
2026-10-05 11:12:06 | INFO     | OK https://skeb.jp/api/users/taltal_illust
2026-10-05 11:12:06 | INFO     | Saving at a/skeb/taltal_illust-658a09.json
2026-10-05 11:12:07 | INFO     | OK https://skeb.jp/api/users/omatsu214
2026-10-05 11:12:07 | INFO     | Saving at a/skeb/omatsu214-db6eda.json
2026-10-05 11:12:08 | INFO     | OK https://skeb.jp/api/users/soba_tita
2026-10-05 11:12:08 | INFO     | Saving at a/skeb/soba_tita-9b90bd.json
2026-10-05 11:12:10 | INFO     | OK https://skeb.jp/api/users/TR_002_TR
2026-10-05 11:12:10 | INFO     | Saving at a/skeb/TR_002_TR-3f6ebc.json
2026-10-05 11:12:11 | INFO     | OK https://skeb.jp/api/users/ratu_kino
2026-10-05 11:12:11 | INFO     | Saving at a/skeb/ratu_kino-9b8052.json
2026-10-05 11:12:11 | INFO     | OK https://skeb.jp/api/users/CmH2R4v2Mpxngyz
2026-10-05 11:12:11 | INFO     | Saving at a/skeb/CmH2R4v2Mpxngyz-0ef807.json
2026-10-05 11:12:12 | INFO     | OK https://skeb.jp/api/users/Michinokus
2026-10-05 11:12:12 | INFO     | Saving at a/skeb/Michinokus-bca635.json
2026-10-05 11:12:13 | INFO     | OK https://skeb.jp/api/users/Hi_x6_
2026-10-05 11:12:13 | INFO     | Saving at a/skeb/Hi_x6_-c08829.json
2026-10-05 11:12:14 | INFO     | OK https://skeb.jp/api/users/susagane03
2026-10-05 11:12:14 | INFO     | Saving at a/skeb/susagane03-db6035.json
2026-10-05 11:12:15 | INFO     | OK https://skeb.jp/api/users/wf170ZpFwi
2026-10-05 11:12:15 | INFO     | Saving at a/skeb/wf170ZpFwi-93bf3c.json
2026-10-05 11:12:16 | INFO     | OK https://skeb.jp/api/users/ftnDEN
2026-10-05 11:12:16 | INFO     | Saving at a/skeb/ftnDEN-8e8c7c.json
2026-10-05 11:12:18 | INFO     | OK https://skeb.jp/api/users/Berryhp_
2026-10-05 11:12:18 | INFO     | Saving at a/skeb/Berryhp_-508dd2.json
2026-10-05 11:12:18 | INFO     | OK https://skeb.jp/api/users/oitawa_fm
2026-10-05 11:12:18 | INFO     | Saving at a/skeb/oitawa_fm-240f52.json
2026-10-05 11:12:19 | INFO     | OK https://skeb.jp/api/users/wantea_
2026-10-05 11:12:19 | INFO     | Saving at a/skeb/wantea_-db179e.json
2026-10-05 11:12:20 | INFO     | OK https://skeb.jp/api/users/syuera610
2026-10-05 11:12:20 | INFO     | Saving at a/skeb/syuera610-c2b709.json
2026-10-05 11:12:21 | INFO     | OK https://skeb.jp/api/users/karasuya_maru8
2026-10-05 11:12:21 | INFO     | Saving at a/skeb/karasuya_maru8-9a9b90.json
2026-10-05 11:12:22 | INFO     | OK https://skeb.jp/api/users/inui16g
2026-10-05 11:12:22 | INFO     | Saving at a/skeb/inui16g-4ce61c.json
2026-10-05 11:12:24 | INFO     | OK https://skeb.jp/api/users/10_0401
2026-10-05 11:12:24 | INFO     | Saving at a/skeb/10_0401-7269ef.json
2026-10-05 11:12:24 | INFO     | OK https://skeb.jp/api/users/SP0x0020
2026-10-05 11:12:24 | INFO     | Saving at a/skeb/SP0x0020-537375.json
2026-10-05 11:12:25 | INFO     | OK https://skeb.jp/api/users/osakanafish04
2026-10-05 11:12:25 | INFO     | Saving at a/skeb/osakanafish04-fd9a29.json
2026-10-05 11:12:26 | INFO     | OK https://skeb.jp/api/users/LUZmofiiyo
2026-10-05 11:12:26 | INFO     | Saving at a/skeb/LUZmofiiyo-0cd312.json
2026-10-05 11:12:27 | INFO     | OK https://skeb.jp/api/users/sadozimaH
2026-10-05 11:12:27 | INFO     | Saving at a/skeb/sadozimaH-02bc30.json
2026-10-05 11:12:28 | INFO     | OK https://skeb.jp/api/users/sawadariku75
2026-10-05 11:12:28 | INFO     | Saving at a/skeb/sawadariku75-5b74b5.json
2026-10-05 11:12:29 | INFO     | OK https://skeb.jp/api/users/wkncnv
2026-10-05 11:12:29 | INFO     | Saving at a/skeb/wkncnv-17c956.json
2026-10-05 11:12:31 | INFO     | OK https://skeb.jp/api/users/JEP5e
2026-10-05 11:12:31 | INFO     | Saving at a/skeb/JEP5e-5076b0.json
2026-10-05 11:12:32 | INFO     | OK https://skeb.jp/api/users/hantamane
2026-10-05 11:12:32 | INFO     | Saving at a/skeb/hantamane-fedbe0.json
2026-10-05 11:12:32 | INFO     | OK https://skeb.jp/api/users/abchateno
2026-10-05 11:12:32 | INFO     | Saving at a/skeb/abchateno-8a2e07.json
2026-10-05 11:12:34 | INFO     | OK https://skeb.jp/api/users/oribiyo
2026-10-05 11:12:34 | INFO     | Saving at a/skeb/oribiyo-536a2c.json
2026-10-05 11:12:34 | INFO     | OK https://skeb.jp/api/users/474zz
2026-10-05 11:12:35 | INFO     | Saving at a/skeb/474zz-8d7de3.json
2026-10-05 11:12:35 | INFO     | OK https://skeb.jp/api/users/DIYHiGE_
2026-10-05 11:12:35 | INFO     | Saving at a/skeb/DIYHiGE_-99ca1c.json
2026-10-05 11:12:37 | INFO     | OK https://skeb.jp/api/users/ntmnw28
2026-10-05 11:12:37 | INFO     | Saving at a/skeb/ntmnw28-e3c3c3.json
2026-10-05 11:12:37 | INFO     | OK https://skeb.jp/api/users/_azhr_
2026-10-05 11:12:37 | INFO     | Saving at a/skeb/_azhr_-319220.json
2026-10-05 11:12:39 | INFO     | OK https://skeb.jp/api/users/mhy_fuulin
2026-10-05 11:12:39 | INFO     | Saving at a/skeb/mhy_fuulin-f86a02.json
2026-10-05 11:12:39 | INFO     | OK https://skeb.jp/api/users/wbsbism
2026-10-05 11:12:39 | INFO     | Saving at a/skeb/wbsbism-b00892.json
2026-10-05 11:12:40 | INFO     | OK https://skeb.jp/api/users/engo001
2026-10-05 11:12:40 | INFO     | Saving at a/skeb/engo001-e8dd5b.json
2026-10-05 11:12:42 | INFO     | OK https://skeb.jp/api/users/omuraistu7272
2026-10-05 11:12:42 | INFO     | Saving at a/skeb/omuraistu7272-e7e2d9.json
2026-10-05 11:12:43 | INFO     | OK https://skeb.jp/api/users/DORIANE_DOJIN
2026-10-05 11:12:43 | INFO     | Saving at a/skeb/DORIANE_DOJIN-ef6c2a.json
2026-10-05 11:12:43 | INFO     | OK https://skeb.jp/api/users/awameta_wata
2026-10-05 11:12:43 | INFO     | Saving at a/skeb/awameta_wata-da6d69.json
2026-10-05 11:12:44 | INFO     | OK https://skeb.jp/api/users/makotouF
2026-10-05 11:12:44 | INFO     | Saving at a/skeb/makotouF-e5ca42.json
2026-10-05 11:12:46 | INFO     | OK https://skeb.jp/api/users/kuroiroku961
2026-10-05 11:12:46 | INFO     | Saving at a/skeb/kuroiroku961-bcdef8.json
2026-10-05 11:12:46 | INFO     | OK https://skeb.jp/api/users/HimeuRune85038
2026-10-05 11:12:46 | INFO     | Saving at a/skeb/HimeuRune85038-ed43d6.json
2026-10-05 11:12:48 | INFO     | OK https://skeb.jp/api/users/aa_kabeuchi
2026-10-05 11:12:48 | INFO     | Saving at a/skeb/aa_kabeuchi-e0b284.json
2026-10-05 11:12:48 | INFO     | OK https://skeb.jp/api/users/nova
2026-10-05 11:12:48 | INFO     | Saving at a/skeb/nova-1a9c91.json
2026-10-05 11:12:49 | INFO     | OK https://skeb.jp/api/users/sui_hi_sf
2026-10-05 11:12:49 | INFO     | Saving at a/skeb/sui_hi_sf-f68538.json
2026-10-05 11:12:50 | INFO     | OK https://skeb.jp/api/users/lquoxl
2026-10-05 11:12:50 | INFO     | Saving at a/skeb/lquoxl-87a781.json
2026-10-05 11:12:51 | INFO     | OK https://skeb.jp/api/users/softKONKON
2026-10-05 11:12:51 | INFO     | Saving at a/skeb/softKONKON-2fbb98.json
2026-10-05 11:12:52 | INFO     | OK https://skeb.jp/api/users/marurumadoka
2026-10-05 11:12:52 | INFO     | Saving at a/skeb/marurumadoka-2204be.json
2026-10-05 11:12:53 | INFO     | OK https://skeb.jp/api/users/kyomuihitodayo
2026-10-05 11:12:53 | INFO     | Saving at a/skeb/kyomuihitodayo-9002f7.json
2026-10-05 11:12:55 | INFO     | OK https://skeb.jp/api/users/logtorn
2026-10-05 11:12:55 | INFO     | Saving at a/skeb/logtorn-0f7651.json
2026-10-05 11:12:56 | INFO     | OK https://skeb.jp/api/users/mr_sub666
2026-10-05 11:12:56 | INFO     | Saving at a/skeb/mr_sub666-8a09ec.json
2026-10-05 11:12:56 | INFO     | OK https://skeb.jp/api/users/olgn_eao
2026-10-05 11:12:56 | INFO     | Saving at a/skeb/olgn_eao-10a374.json
2026-10-05 11:12:58 | INFO     | OK https://skeb.jp/api/users/sheryama02
2026-10-05 11:12:58 | INFO     | Saving at a/skeb/sheryama02-4fdf31.json
2026-10-05 11:12:58 | INFO     | OK https://skeb.jp/api/users/sumeshi_dqdd
2026-10-05 11:12:58 | INFO     | Saving at a/skeb/sumeshi_dqdd-0b6044.json
2026-10-05 11:12:59 | INFO     | OK https://skeb.jp/api/users/hiyokoann_P
2026-10-05 11:12:59 | INFO     | Saving at a/skeb/hiyokoann_P-771635.json
2026-10-05 11:13:00 | INFO     | OK https://skeb.jp/api/users/15thChG
2026-10-05 11:13:00 | INFO     | Saving at a/skeb/15thChG-af3ed9.json
2026-10-05 11:13:02 | INFO     | OK https://skeb.jp/api/users/Pd_Pallad
2026-10-05 11:13:02 | INFO     | Saving at a/skeb/Pd_Pallad-2e14b3.json
2026-10-05 11:13:03 | INFO     | OK https://skeb.jp/api/users/kanizan_vr
2026-10-05 11:13:03 | INFO     | Saving at a/skeb/kanizan_vr-843e85.json
2026-10-05 11:13:03 | INFO     | OK https://skeb.jp/api/users/BLACKGHOST1223
2026-10-05 11:13:03 | INFO     | Saving at a/skeb/BLACKGHOST1223-409538.json
2026-10-05 11:13:04 | INFO     | OK https://skeb.jp/api/users/Oh_MoBoz
2026-10-05 11:13:04 | INFO     | Saving at a/skeb/Oh_MoBoz-90553c.json
2026-10-05 11:13:05 | INFO     | OK https://skeb.jp/api/users/Tamase_Tama
2026-10-05 11:13:05 | INFO     | Saving at a/skeb/Tamase_Tama-be486e.json
2026-10-05 11:13:07 | INFO     | OK https://skeb.jp/api/users/QwRA33FWFFbwSdC
2026-10-05 11:13:07 | INFO     | Saving at a/skeb/QwRA33FWFFbwSdC-12ae2e.json
2026-10-05 11:13:07 | INFO     | OK https://skeb.jp/api/users/hoi538361297751
2026-10-05 11:13:07 | INFO     | Saving at a/skeb/hoi538361297751-51f46d.json
2026-10-05 11:13:09 | INFO     | OK https://skeb.jp/api/users/mmmmm_088
2026-10-05 11:13:09 | INFO     | Saving at a/skeb/mmmmm_088-6acb09.json
2026-10-05 11:13:10 | INFO     | OK https://skeb.jp/api/users/Melt_901
2026-10-05 11:13:10 | INFO     | Saving at a/skeb/Melt_901-faf8e4.json
2026-10-05 11:13:11 | INFO     | OK https://skeb.jp/api/users/41raco_2
2026-10-05 11:13:11 | INFO     | Saving at a/skeb/41raco_2-9a6f4b.json
2026-10-05 11:13:12 | INFO     | OK https://skeb.jp/api/users/Heibonn_Hiroro
2026-10-05 11:13:12 | INFO     | Saving at a/skeb/Heibonn_Hiroro-4ca2b4.json
2026-10-05 11:13:13 | INFO     | OK https://skeb.jp/api/users/mago_oowarawa
2026-10-05 11:13:13 | INFO     | Saving at a/skeb/mago_oowarawa-6996b6.json
2026-10-05 11:13:14 | INFO     | OK https://skeb.jp/api/users/mekeyamada
2026-10-05 11:13:14 | INFO     | Saving at a/skeb/mekeyamada-133c03.json
2026-10-05 11:13:15 | INFO     | OK https://skeb.jp/api/users/KRPS_kyapi
2026-10-05 11:13:15 | INFO     | Saving at a/skeb/KRPS_kyapi-352e8f.json
2026-10-05 11:13:15 | INFO     | OK https://skeb.jp/api/users/mmmyohaku
2026-10-05 11:13:15 | INFO     | Saving at a/skeb/mmmyohaku-ca6fcb.json
2026-10-05 11:13:17 | INFO     | OK https://skeb.jp/api/users/orz_can
2026-10-05 11:13:17 | INFO     | Saving at a/skeb/orz_can-c2f5f6.json
2026-10-05 11:13:17 | INFO     | OK https://skeb.jp/api/users/Sanightki
2026-10-05 11:13:17 | INFO     | Saving at a/skeb/Sanightki-a1bb06.json
2026-10-05 11:13:19 | INFO     | OK https://skeb.jp/api/users/henshinhiroin
2026-10-05 11:13:19 | INFO     | Saving at a/skeb/henshinhiroin-cb47b1.json
2026-10-05 11:13:20 | INFO     | OK https://skeb.jp/api/users/tekidonitekito1
2026-10-05 11:13:20 | INFO     | Saving at a/skeb/tekidonitekito1-837b95.json
2026-10-05 11:13:21 | INFO     | OK https://skeb.jp/api/users/haruhyan3578
2026-10-05 11:13:21 | INFO     | Saving at a/skeb/haruhyan3578-b5a5cf.json
2026-10-05 11:13:22 | INFO     | OK https://skeb.jp/api/users/CdqQlz
2026-10-05 11:13:22 | INFO     | Saving at a/skeb/CdqQlz-258b5c.json
2026-10-05 11:13:23 | INFO     | OK https://skeb.jp/api/users/DJRN_tea
2026-10-05 11:13:23 | INFO     | Saving at a/skeb/DJRN_tea-458c25.json
2026-10-05 11:13:23 | INFO     | OK https://skeb.jp/api/users/yunna_i9
2026-10-05 11:13:23 | INFO     | Saving at a/skeb/yunna_i9-231543.json
2026-10-05 11:13:25 | INFO     | OK https://skeb.jp/api/users/00zanpan00
2026-10-05 11:13:25 | INFO     | Saving at a/skeb/00zanpan00-53f62b.json
2026-10-05 11:13:25 | INFO     | OK https://skeb.jp/api/users/LamBee277617
2026-10-05 11:13:25 | INFO     | Saving at a/skeb/LamBee277617-4f7564.json
2026-10-05 11:13:27 | INFO     | OK https://skeb.jp/api/users/trswakamiya
2026-10-05 11:13:27 | INFO     | Saving at a/skeb/trswakamiya-f3c59e.json
2026-10-05 11:13:27 | INFO     | OK https://skeb.jp/api/users/noramugi
2026-10-05 11:13:27 | INFO     | Saving at a/skeb/noramugi-0357b3.json
2026-10-05 11:13:28 | INFO     | OK https://skeb.jp/api/users/ub1mo
2026-10-05 11:13:28 | INFO     | Saving at a/skeb/ub1mo-2de2a8.json
2026-10-05 11:13:30 | INFO     | OK https://skeb.jp/api/users/FuchigamiMirai
2026-10-05 11:13:30 | INFO     | Saving at a/skeb/FuchigamiMirai-221afe.json
2026-10-05 11:13:30 | INFO     | OK https://skeb.jp/api/users/miomiring
2026-10-05 11:13:30 | INFO     | Saving at a/skeb/miomiring-0aaf55.json
2026-10-05 11:13:32 | INFO     | OK https://skeb.jp/api/users/_paoda
2026-10-05 11:13:32 | INFO     | Saving at a/skeb/_paoda-678804.json
2026-10-05 11:13:33 | INFO     | OK https://skeb.jp/api/users/Mt_Tsuruta
2026-10-05 11:13:33 | INFO     | Saving at a/skeb/Mt_Tsuruta-916eac.json
2026-10-05 11:13:33 | INFO     | OK https://skeb.jp/api/users/Luke29847282
2026-10-05 11:13:33 | INFO     | Saving at a/skeb/Luke29847282-8b72fd.json
2026-10-05 11:13:35 | INFO     | OK https://skeb.jp/api/users/bata00
2026-10-05 11:13:35 | INFO     | Saving at a/skeb/bata00-69d6b4.json
2026-10-05 11:13:35 | INFO     | OK https://skeb.jp/api/users/lamicahunter
2026-10-05 11:13:35 | INFO     | Saving at a/skeb/lamicahunter-31690b.json
2026-10-05 11:13:36 | INFO     | OK https://skeb.jp/api/users/kujitamakoto
2026-10-05 11:13:36 | INFO     | Saving at a/skeb/kujitamakoto-476a21.json
2026-10-05 11:13:37 | INFO     | OK https://skeb.jp/api/users/Namima_kodo
2026-10-05 11:13:37 | INFO     | Saving at a/skeb/Namima_kodo-f88d7a.json
2026-10-05 11:13:38 | INFO     | OK https://skeb.jp/api/users/fO6KQFCQBeYPpXb
2026-10-05 11:13:38 | INFO     | Saving at a/skeb/fO6KQFCQBeYPpXb-d91f17.json
2026-10-05 11:13:39 | INFO     | OK https://skeb.jp/api/users/gedo_philosophy
2026-10-05 11:13:39 | INFO     | Saving at a/skeb/gedo_philosophy-1d4510.json
2026-10-05 11:13:40 | INFO     | OK https://skeb.jp/api/users/dai210924
2026-10-05 11:13:40 | INFO     | Saving at a/skeb/dai210924-9d7ffe.json
2026-10-05 11:13:41 | INFO     | OK https://skeb.jp/api/users/fpWGFNrixm35508
2026-10-05 11:13:42 | INFO     | Saving at a/skeb/fpWGFNrixm35508-00e23a.json
2026-10-05 11:13:43 | INFO     | OK https://skeb.jp/api/users/GeroGero51
2026-10-05 11:13:43 | INFO     | Saving at a/skeb/GeroGero51-96d2ff.json
2026-10-05 11:13:43 | INFO     | OK https://skeb.jp/api/users/Patek_007
2026-10-05 11:13:43 | INFO     | Saving at a/skeb/Patek_007-5f4dd5.json
2026-10-05 11:13:44 | INFO     | OK https://skeb.jp/api/users/tauta_yukumo
2026-10-05 11:13:44 | INFO     | Saving at a/skeb/tauta_yukumo-f9b888.json
2026-10-05 11:13:46 | INFO     | OK https://skeb.jp/api/users/henkatanuki
2026-10-05 11:13:46 | INFO     | Saving at a/skeb/henkatanuki-e56671.json
2026-10-05 11:13:47 | INFO     | OK https://skeb.jp/api/users/moniko913
2026-10-05 11:13:47 | INFO     | Saving at a/skeb/moniko913-98d6fc.json
2026-10-05 11:13:48 | INFO     | OK https://skeb.jp/api/users/96_Mew
2026-10-05 11:13:48 | INFO     | Saving at a/skeb/96_Mew-e4be1e.json
2026-10-05 11:13:48 | INFO     | OK https://skeb.jp/api/users/Colon_BR
2026-10-05 11:13:48 | INFO     | Saving at a/skeb/Colon_BR-2081b8.json
2026-10-05 11:13:50 | INFO     | OK https://skeb.jp/api/users/fuuna27
2026-10-05 11:13:50 | INFO     | Saving at a/skeb/fuuna27-edc1c1.json
2026-10-05 11:13:51 | INFO     | OK https://skeb.jp/api/users/Foulo_paints
2026-10-05 11:13:51 | INFO     | Saving at a/skeb/Foulo_paints-cb267f.json
2026-10-05 11:13:52 | INFO     | OK https://skeb.jp/api/users/yagi_kan
2026-10-05 11:13:52 | INFO     | Saving at a/skeb/yagi_kan-221216.json
2026-10-05 11:13:53 | INFO     | OK https://skeb.jp/api/users/Noiwa_oekaki
2026-10-05 11:13:53 | INFO     | Saving at a/skeb/Noiwa_oekaki-6e263f.json
2026-10-05 11:13:54 | INFO     | OK https://skeb.jp/api/users/pitakko
2026-10-05 11:13:54 | INFO     | Saving at a/skeb/pitakko-65988e.json
2026-10-05 11:13:54 | INFO     | OK https://skeb.jp/api/users/poti_o3o_00
2026-10-05 11:13:54 | INFO     | Saving at a/skeb/poti_o3o_00-090a2d.json
2026-10-05 11:13:55 | INFO     | OK https://skeb.jp/api/users/maru232528
2026-10-05 11:13:55 | INFO     | Saving at a/skeb/maru232528-c1e921.json
2026-10-05 11:13:56 | INFO     | OK https://skeb.jp/api/users/hokke_tsujimoto
2026-10-05 11:13:56 | INFO     | Saving at a/skeb/hokke_tsujimoto-2669cf.json
2026-10-05 11:13:58 | INFO     | OK https://skeb.jp/api/users/matomato_to
2026-10-05 11:13:58 | INFO     | Saving at a/skeb/matomato_to-7e0806.json
2026-10-05 11:13:58 | INFO     | OK https://skeb.jp/api/users/orca65536
2026-10-05 11:13:58 | INFO     | Saving at a/skeb/orca65536-6a8e54.json
2026-10-05 11:14:00 | INFO     | OK https://skeb.jp/api/users/yada_i_yoo
2026-10-05 11:14:00 | INFO     | Saving at a/skeb/yada_i_yoo-a671dc.json
2026-10-05 11:14:01 | INFO     | OK https://skeb.jp/api/users/mizumarirui
2026-10-05 11:14:01 | INFO     | Saving at a/skeb/mizumarirui-b400b8.json
2026-10-05 11:14:02 | INFO     | OK https://skeb.jp/api/users/GatqZ
2026-10-05 11:14:02 | INFO     | Saving at a/skeb/GatqZ-55bb07.json
2026-10-05 11:14:03 | INFO     | OK https://skeb.jp/api/users/rivu0112
2026-10-05 11:14:03 | INFO     | Saving at a/skeb/rivu0112-ca65ea.json
2026-10-05 11:14:04 | INFO     | OK https://skeb.jp/api/users/nal_hachi
2026-10-05 11:14:04 | INFO     | Saving at a/skeb/nal_hachi-681736.json
2026-10-05 11:14:05 | INFO     | OK https://skeb.jp/api/users/yamasemi8023
2026-10-05 11:14:05 | INFO     | Saving at a/skeb/yamasemi8023-31d6b0.json
2026-10-05 11:14:06 | INFO     | OK https://skeb.jp/api/users/shionshironeko2
2026-10-05 11:14:06 | INFO     | Saving at a/skeb/shionshironeko2-5fbac9.json
2026-10-05 11:14:07 | INFO     | OK https://skeb.jp/api/users/yomogi311
2026-10-05 11:14:07 | INFO     | Saving at a/skeb/yomogi311-3af5f7.json
2026-10-05 11:14:08 | INFO     | OK https://skeb.jp/api/users/sora_kanase
2026-10-05 11:14:08 | INFO     | Saving at a/skeb/sora_kanase-0bfd52.json
2026-10-05 11:14:09 | INFO     | OK https://skeb.jp/api/users/kusasuika
2026-10-05 11:14:09 | INFO     | Saving at a/skeb/kusasuika-464bcc.json
2026-10-05 11:14:10 | INFO     | OK https://skeb.jp/api/users/nrin_0
2026-10-05 11:14:10 | INFO     | Saving at a/skeb/nrin_0-f95417.json
2026-10-05 11:14:11 | INFO     | OK https://skeb.jp/api/users/0DI_NA0
2026-10-05 11:14:11 | INFO     | Saving at a/skeb/0DI_NA0-8e05a6.json
2026-10-05 11:14:12 | INFO     | OK https://skeb.jp/api/users/uino
2026-10-05 11:14:12 | INFO     | Saving at a/skeb/uino-5b6e33.json
2026-10-05 11:14:13 | INFO     | OK https://skeb.jp/api/users/melopippi0219
2026-10-05 11:14:13 | INFO     | Saving at a/skeb/melopippi0219-c308e2.json
2026-10-05 11:14:13 | INFO     | OK https://skeb.jp/api/users/kimiyamakuzira
2026-10-05 11:14:13 | INFO     | Saving at a/skeb/kimiyamakuzira-aef400.json
2026-10-05 11:14:15 | INFO     | OK https://skeb.jp/api/users/do9_8ni8
2026-10-05 11:14:15 | INFO     | Saving at a/skeb/do9_8ni8-638c2d.json
2026-10-05 11:14:16 | INFO     | OK https://skeb.jp/api/users/nikuniku_029o
2026-10-05 11:14:16 | INFO     | Saving at a/skeb/nikuniku_029o-c07c43.json
2026-10-05 11:14:17 | INFO     | OK https://skeb.jp/api/users/59UShop
2026-10-05 11:14:17 | INFO     | Saving at a/skeb/59UShop-e01253.json
2026-10-05 11:14:18 | INFO     | OK https://skeb.jp/api/users/munyari_ppp7
2026-10-05 11:14:18 | INFO     | Saving at a/skeb/munyari_ppp7-00a383.json
2026-10-05 11:14:18 | INFO     | OK https://skeb.jp/api/users/merinosheep
2026-10-05 11:14:18 | INFO     | Saving at a/skeb/merinosheep-e7bfb1.json
2026-10-05 11:14:19 | INFO     | OK https://skeb.jp/api/users/Vc1bIs
2026-10-05 11:14:19 | INFO     | Saving at a/skeb/Vc1bIs-98b0c8.json
2026-10-05 11:14:21 | INFO     | OK https://skeb.jp/api/users/Dohtak0000
2026-10-05 11:14:21 | INFO     | Saving at a/skeb/Dohtak0000-2ce5a3.json
2026-10-05 11:14:21 | INFO     | OK https://skeb.jp/api/users/yanangi10
2026-10-05 11:14:21 | INFO     | Saving at a/skeb/yanangi10-336487.json
2026-10-05 11:14:22 | INFO     | OK https://skeb.jp/api/users/OkbBETA
2026-10-05 11:14:22 | INFO     | Saving at a/skeb/OkbBETA-6960f1.json
2026-10-05 11:14:24 | INFO     | OK https://skeb.jp/api/users/saku_hypearl
2026-10-05 11:14:24 | INFO     | Saving at a/skeb/saku_hypearl-2a81a3.json
2026-10-05 11:14:25 | INFO     | OK https://skeb.jp/api/users/ssnopan338
2026-10-05 11:14:25 | INFO     | Saving at a/skeb/ssnopan338-59ba87.json
2026-10-05 11:14:25 | INFO     | OK https://skeb.jp/api/users/yosihiki
2026-10-05 11:14:25 | INFO     | Saving at a/skeb/yosihiki-72e0b9.json
2026-10-05 11:14:27 | INFO     | OK https://skeb.jp/api/users/_mrn_mr
2026-10-05 11:14:27 | INFO     | Saving at a/skeb/_mrn_mr-d87567.json
2026-10-05 11:14:28 | INFO     | OK https://skeb.jp/api/users/loveil_lovee
2026-10-05 11:14:28 | INFO     | Saving at a/skeb/loveil_lovee-9d93e2.json
2026-10-05 11:14:29 | INFO     | OK https://skeb.jp/api/users/HByoshiko
2026-10-05 11:14:29 | INFO     | Saving at a/skeb/HByoshiko-7921c7.json
2026-10-05 11:14:30 | INFO     | OK https://skeb.jp/api/users/noriburu
2026-10-05 11:14:30 | INFO     | Saving at a/skeb/noriburu-2314c8.json
2026-10-05 11:14:31 | INFO     | OK https://skeb.jp/api/users/Shiraiwa_Usagi
2026-10-05 11:14:31 | INFO     | Saving at a/skeb/Shiraiwa_Usagi-46e306.json
2026-10-05 11:14:31 | INFO     | OK https://skeb.jp/api/users/rupo_porupo
2026-10-05 11:14:31 | INFO     | Saving at a/skeb/rupo_porupo-a2d327.json
2026-10-05 11:14:32 | INFO     | OK https://skeb.jp/api/users/taisa_ohana
2026-10-05 11:14:32 | INFO     | Saving at a/skeb/taisa_ohana-7a5533.json
2026-10-05 11:14:33 | INFO     | OK https://skeb.jp/api/users/mo_mo_ka___
2026-10-05 11:14:33 | INFO     | Saving at a/skeb/mo_mo_ka___-b07de8.json
2026-10-05 11:14:35 | INFO     | OK https://skeb.jp/api/users/kitsuneko9696
2026-10-05 11:14:35 | INFO     | Saving at a/skeb/kitsuneko9696-9ff778.json
2026-10-05 11:14:35 | INFO     | OK https://skeb.jp/api/users/ikaokura_sushi
2026-10-05 11:14:35 | INFO     | Saving at a/skeb/ikaokura_sushi-c518e7.json
2026-10-05 11:14:36 | INFO     | OK https://skeb.jp/api/users/Zr6Ov
2026-10-05 11:14:36 | INFO     | Saving at a/skeb/Zr6Ov-aa7ea3.json
2026-10-05 11:14:37 | INFO     | OK https://skeb.jp/api/users/Ransu_33
2026-10-05 11:14:37 | INFO     | Saving at a/skeb/Ransu_33-f61c19.json
2026-10-05 11:14:38 | INFO     | OK https://skeb.jp/api/users/pu_qpu
2026-10-05 11:14:38 | INFO     | Saving at a/skeb/pu_qpu-8ed2ec.json
2026-10-05 11:14:40 | INFO     | OK https://skeb.jp/api/users/nekopanch0852
2026-10-05 11:14:40 | INFO     | Saving at a/skeb/nekopanch0852-f98f83.json
2026-10-05 11:14:41 | INFO     | OK https://skeb.jp/api/users/HiBiYanaaa
2026-10-05 11:14:41 | INFO     | Saving at a/skeb/HiBiYanaaa-d7fb30.json
2026-10-05 11:14:42 | INFO     | OK https://skeb.jp/api/users/Yumetaro1011
2026-10-05 11:14:42 | INFO     | Saving at a/skeb/Yumetaro1011-46aad3.json
2026-10-05 11:14:42 | INFO     | OK https://skeb.jp/api/users/tokinena_amo
2026-10-05 11:14:42 | INFO     | Saving at a/skeb/tokinena_amo-e7b95d.json
2026-10-05 11:14:44 | INFO     | OK https://skeb.jp/api/users/megaosushi
2026-10-05 11:14:44 | INFO     | Saving at a/skeb/megaosushi-a41612.json
2026-10-05 11:14:45 | INFO     | OK https://skeb.jp/api/users/hirune_logo
2026-10-05 11:14:45 | INFO     | Saving at a/skeb/hirune_logo-5ebb21.json
2026-10-05 11:14:45 | INFO     | OK https://skeb.jp/api/users/airaia0122
2026-10-05 11:14:45 | INFO     | Saving at a/skeb/airaia0122-d459ea.json
2026-10-05 11:14:47 | INFO     | OK https://skeb.jp/api/users/kiimorisame
2026-10-05 11:14:47 | INFO     | Saving at a/skeb/kiimorisame-a9c849.json
2026-10-05 11:14:48 | INFO     | OK https://skeb.jp/api/users/sios1osio
2026-10-05 11:14:48 | INFO     | Saving at a/skeb/sios1osio-928cef.json
2026-10-05 11:14:49 | INFO     | OK https://skeb.jp/api/users/meteotonkatsu
2026-10-05 11:14:49 | INFO     | Saving at a/skeb/meteotonkatsu-38d6a6.json
2026-10-05 11:14:49 | INFO     | OK https://skeb.jp/api/users/ermame26
2026-10-05 11:14:49 | INFO     | Saving at a/skeb/ermame26-749c77.json
2026-10-05 11:14:51 | INFO     | OK https://skeb.jp/api/users/sowasowart
2026-10-05 11:14:51 | INFO     | Saving at a/skeb/sowasowart-a5f459.json
2026-10-05 11:14:52 | INFO     | OK https://skeb.jp/api/users/meggut2521
2026-10-05 11:14:52 | INFO     | Saving at a/skeb/meggut2521-d0de43.json
2026-10-05 11:14:53 | INFO     | OK https://skeb.jp/api/users/__nrs_7
2026-10-05 11:14:53 | INFO     | Saving at a/skeb/__nrs_7-3be5d2.json
2026-10-05 11:14:54 | INFO     | OK https://skeb.jp/api/users/montamo739
2026-10-05 11:14:54 | INFO     | Saving at a/skeb/montamo739-00023c.json
2026-10-05 11:14:55 | INFO     | OK https://skeb.jp/api/users/ef_8686
2026-10-05 11:14:55 | INFO     | Saving at a/skeb/ef_8686-664cac.json
2026-10-05 11:14:56 | INFO     | OK https://skeb.jp/api/users/drgn_ryuu
2026-10-05 11:14:56 | INFO     | Saving at a/skeb/drgn_ryuu-78e799.json
2026-10-05 11:14:57 | INFO     | OK https://skeb.jp/api/users/gemu_waka
2026-10-05 11:14:57 | INFO     | Saving at a/skeb/gemu_waka-a4265c.json
2026-10-05 11:14:58 | INFO     | OK https://skeb.jp/api/users/au_ama87
2026-10-05 11:14:58 | INFO     | Saving at a/skeb/au_ama87-ea17ed.json
2026-10-05 11:14:59 | INFO     | OK https://skeb.jp/api/users/Tomo_Eokaiteru
2026-10-05 11:14:59 | INFO     | Saving at a/skeb/Tomo_Eokaiteru-d93270.json
2026-10-05 11:15:00 | INFO     | OK https://skeb.jp/api/users/uoonHeatPower
2026-10-05 11:15:00 | INFO     | Saving at a/skeb/uoonHeatPower-b0df40.json
2026-10-05 11:15:01 | INFO     | OK https://skeb.jp/api/users/8Zl8onmil154722
2026-10-05 11:15:01 | INFO     | Saving at a/skeb/8Zl8onmil154722-1f0b6a.json
2026-10-05 11:15:02 | INFO     | OK https://skeb.jp/api/users/arcadia_1342
2026-10-05 11:15:02 | INFO     | Saving at a/skeb/arcadia_1342-350553.json
2026-10-05 11:15:03 | INFO     | OK https://skeb.jp/api/users/rab__01
2026-10-05 11:15:03 | INFO     | Saving at a/skeb/rab__01-e249e9.json
2026-10-05 11:15:04 | INFO     | OK https://skeb.jp/api/users/I7F9kK8V4d
2026-10-05 11:15:04 | INFO     | Saving at a/skeb/I7F9kK8V4d-d83ed7.json
2026-10-05 11:15:05 | INFO     | OK https://skeb.jp/api/users/a034944858
2026-10-05 11:15:05 | INFO     | Saving at a/skeb/a034944858-371a8c.json
2026-10-05 11:15:06 | INFO     | OK https://skeb.jp/api/users/_chubuna_
2026-10-05 11:15:06 | INFO     | Saving at a/skeb/_chubuna_-3121dc.json
2026-10-05 11:15:07 | INFO     | OK https://skeb.jp/api/users/gatochu_e
2026-10-05 11:15:07 | INFO     | Saving at a/skeb/gatochu_e-0ac38a.json
2026-10-05 11:15:08 | INFO     | OK https://skeb.jp/api/users/xgarasux
2026-10-05 11:15:08 | INFO     | Saving at a/skeb/xgarasux-a002f2.json
2026-10-05 11:15:09 | INFO     | OK https://skeb.jp/api/users/_______SuI_____
2026-10-05 11:15:09 | INFO     | Saving at a/skeb/_______SuI_____-c62404.json
2026-10-05 11:15:10 | INFO     | OK https://skeb.jp/api/users/LYNCH_AGIT8
2026-10-05 11:15:10 | INFO     | Saving at a/skeb/LYNCH_AGIT8-10c19c.json
2026-10-05 11:15:11 | INFO     | OK https://skeb.jp/api/users/Shintokku
2026-10-05 11:15:11 | INFO     | Saving at a/skeb/Shintokku-66b88b.json
2026-10-05 11:15:12 | INFO     | OK https://skeb.jp/api/users/8VbrI0MiVYZUHHZ
2026-10-05 11:15:12 | INFO     | Saving at a/skeb/8VbrI0MiVYZUHHZ-effe0e.json
2026-10-05 11:15:13 | INFO     | OK https://skeb.jp/api/users/npoin
2026-10-05 11:15:13 | INFO     | Saving at a/skeb/npoin-bbc212.json
2026-10-05 11:15:14 | INFO     | OK https://skeb.jp/api/users/zjeuk
2026-10-05 11:15:14 | INFO     | Saving at a/skeb/zjeuk-ba1e80.json
2026-10-05 11:15:15 | INFO     | OK https://skeb.jp/api/users/Sucala_
2026-10-05 11:15:15 | INFO     | Saving at a/skeb/Sucala_-63c2e9.json
2026-10-05 11:15:16 | INFO     | OK https://skeb.jp/api/users/Miya_xxx_38
2026-10-05 11:15:16 | INFO     | Saving at a/skeb/Miya_xxx_38-7199e9.json
2026-10-05 11:15:17 | INFO     | OK https://skeb.jp/api/users/asiato_mbo
2026-10-05 11:15:17 | INFO     | Saving at a/skeb/asiato_mbo-5679b9.json
2026-10-05 11:15:18 | INFO     | OK https://skeb.jp/api/users/posya975
2026-10-05 11:15:18 | INFO     | Saving at a/skeb/posya975-1f83b4.json
2026-10-05 11:15:19 | INFO     | OK https://skeb.jp/api/users/36jrs2
2026-10-05 11:15:19 | INFO     | Saving at a/skeb/36jrs2-df00e6.json
2026-10-05 11:15:20 | INFO     | OK https://skeb.jp/api/users/omanya3_
2026-10-05 11:15:20 | INFO     | Saving at a/skeb/omanya3_-c023ee.json
2026-10-05 11:15:21 | INFO     | OK https://skeb.jp/api/users/mitorin
2026-10-05 11:15:21 | INFO     | Saving at a/skeb/mitorin-b670eb.json
2026-10-05 11:15:22 | INFO     | OK https://skeb.jp/api/users/aitu_daaa
2026-10-05 11:15:22 | INFO     | Saving at a/skeb/aitu_daaa-fb3280.json
2026-10-05 11:15:23 | INFO     | OK https://skeb.jp/api/users/yagamiTSR
2026-10-05 11:15:23 | INFO     | Saving at a/skeb/yagamiTSR-bfd550.json
2026-10-05 11:15:24 | INFO     | OK https://skeb.jp/api/users/nullmms
2026-10-05 11:15:24 | INFO     | Saving at a/skeb/nullmms-39f6a8.json
2026-10-05 11:15:25 | INFO     | OK https://skeb.jp/api/users/flask_beaker
2026-10-05 11:15:25 | INFO     | Saving at a/skeb/flask_beaker-189bea.json
2026-10-05 11:15:26 | INFO     | OK https://skeb.jp/api/users/pikuson
2026-10-05 11:15:26 | INFO     | Saving at a/skeb/pikuson-751192.json
2026-10-05 11:15:27 | INFO     | OK https://skeb.jp/api/users/ringoyo222
2026-10-05 11:15:27 | INFO     | Saving at a/skeb/ringoyo222-e8c957.json
2026-10-05 11:15:28 | INFO     | OK https://skeb.jp/api/users/oki_kannyan_
2026-10-05 11:15:28 | INFO     | Saving at a/skeb/oki_kannyan_-8147f1.json
2026-10-05 11:15:29 | INFO     | OK https://skeb.jp/api/users/cycloneactionX
2026-10-05 11:15:29 | INFO     | Saving at a/skeb/cycloneactionX-046da9.json
2026-10-05 11:15:30 | INFO     | OK https://skeb.jp/api/users/chunenpi
2026-10-05 11:15:30 | INFO     | Saving at a/skeb/chunenpi-47cf4f.json
2026-10-05 11:15:31 | INFO     | OK https://skeb.jp/api/users/LML_love_
2026-10-05 11:15:31 | INFO     | Saving at a/skeb/LML_love_-a97563.json
2026-10-05 11:15:32 | INFO     | OK https://skeb.jp/api/users/FurryDolly810
2026-10-05 11:15:32 | INFO     | Saving at a/skeb/FurryDolly810-3580fc.json
2026-10-05 11:15:33 | INFO     | OK https://skeb.jp/api/users/Kinashi_trpg_7
2026-10-05 11:15:33 | INFO     | Saving at a/skeb/Kinashi_trpg_7-b3e5c3.json
2026-10-05 11:15:34 | INFO     | OK https://skeb.jp/api/users/nk_ym2
2026-10-05 11:15:34 | INFO     | Saving at a/skeb/nk_ym2-ce26cb.json
2026-10-05 11:15:35 | INFO     | OK https://skeb.jp/api/users/hajikami75
2026-10-05 11:15:35 | INFO     | Saving at a/skeb/hajikami75-f73f71.json
2026-10-05 11:15:36 | INFO     | OK https://skeb.jp/api/users/yukinohi0711
2026-10-05 11:15:36 | INFO     | Saving at a/skeb/yukinohi0711-19cf51.json
2026-10-05 11:15:37 | INFO     | OK https://skeb.jp/api/users/mir_ivy_2
2026-10-05 11:15:37 | INFO     | Saving at a/skeb/mir_ivy_2-47779d.json
2026-10-05 11:15:38 | INFO     | OK https://skeb.jp/api/users/Tarako_oekaki23
2026-10-05 11:15:38 | INFO     | Saving at a/skeb/Tarako_oekaki23-4beee4.json
2026-10-05 11:15:39 | INFO     | OK https://skeb.jp/api/users/_inarikana_
2026-10-05 11:15:39 | INFO     | Saving at a/skeb/_inarikana_-e36859.json
2026-10-05 11:15:40 | INFO     | OK https://skeb.jp/api/users/kusuri26kb
2026-10-05 11:15:40 | INFO     | Saving at a/skeb/kusuri26kb-31010a.json
2026-10-05 11:15:41 | INFO     | OK https://skeb.jp/api/users/Urooooooo_88
2026-10-05 11:15:41 | INFO     | Saving at a/skeb/Urooooooo_88-b51309.json
2026-10-05 11:15:42 | INFO     | OK https://skeb.jp/api/users/CHIRORU_Skeb
2026-10-05 11:15:42 | INFO     | Saving at a/skeb/CHIRORU_Skeb-874e04.json
2026-10-05 11:15:43 | INFO     | OK https://skeb.jp/api/users/cr_sere14
2026-10-05 11:15:43 | INFO     | Saving at a/skeb/cr_sere14-5583e6.json
2026-10-05 11:15:44 | INFO     | OK https://skeb.jp/api/users/Yogirimiri
2026-10-05 11:15:44 | INFO     | Saving at a/skeb/Yogirimiri-a60528.json
2026-10-05 11:15:45 | INFO     | OK https://skeb.jp/api/users/sakuramizuki_y
2026-10-05 11:15:45 | INFO     | Saving at a/skeb/sakuramizuki_y-a66a82.json
2026-10-05 11:15:46 | INFO     | OK https://skeb.jp/api/users/momotsu6
2026-10-05 11:15:46 | INFO     | Saving at a/skeb/momotsu6-7fdf6f.json
2026-10-05 11:15:47 | INFO     | OK https://skeb.jp/api/users/asfrlaw
2026-10-05 11:15:47 | INFO     | Saving at a/skeb/asfrlaw-c34452.json
2026-10-05 11:15:48 | INFO     | OK https://skeb.jp/api/users/yoi2104
2026-10-05 11:15:48 | INFO     | Saving at a/skeb/yoi2104-093fdf.json
2026-10-05 11:15:49 | INFO     | OK https://skeb.jp/api/users/hayuha1203
2026-10-05 11:15:49 | INFO     | Saving at a/skeb/hayuha1203-4ec4ba.json
2026-10-05 11:15:50 | INFO     | OK https://skeb.jp/api/users/VABAmk1
2026-10-05 11:15:50 | INFO     | Saving at a/skeb/VABAmk1-1821af.json
2026-10-05 11:15:51 | INFO     | OK https://skeb.jp/api/users/rensyuuyouno
2026-10-05 11:15:51 | INFO     | Saving at a/skeb/rensyuuyouno-96b495.json
2026-10-05 11:15:52 | INFO     | OK https://skeb.jp/api/users/mosnp17343
2026-10-05 11:15:52 | INFO     | Saving at a/skeb/mosnp17343-45b385.json
2026-10-05 11:15:53 | INFO     | OK https://skeb.jp/api/users/Makoppechino
2026-10-05 11:15:53 | INFO     | Saving at a/skeb/Makoppechino-29e3dc.json
2026-10-05 11:15:54 | INFO     | OK https://skeb.jp/api/users/nw5oj
2026-10-05 11:15:54 | INFO     | Saving at a/skeb/nw5oj-e11624.json
2026-10-05 11:15:55 | INFO     | OK https://skeb.jp/api/users/kureikyo1031
2026-10-05 11:15:55 | INFO     | Saving at a/skeb/kureikyo1031-c84381.json
2026-10-05 11:15:56 | INFO     | OK https://skeb.jp/api/users/TOTOTOTO_TK
2026-10-05 11:15:56 | INFO     | Saving at a/skeb/TOTOTOTO_TK-c2acf9.json
2026-10-05 11:15:57 | INFO     | OK https://skeb.jp/api/users/higashibara_n
2026-10-05 11:15:57 | INFO     | Saving at a/skeb/higashibara_n-ba3933.json
2026-10-05 11:15:58 | INFO     | OK https://skeb.jp/api/users/Jeronimo_334
2026-10-05 11:15:58 | INFO     | Saving at a/skeb/Jeronimo_334-7c98b5.json
2026-10-05 11:15:59 | INFO     | OK https://skeb.jp/api/users/vo_ov_1021
2026-10-05 11:15:59 | INFO     | Saving at a/skeb/vo_ov_1021-680e87.json
2026-10-05 11:16:00 | INFO     | OK https://skeb.jp/api/users/Haiii811
2026-10-05 11:16:00 | INFO     | Saving at a/skeb/Haiii811-fb10ac.json
2026-10-05 11:16:01 | INFO     | OK https://skeb.jp/api/users/iro_aotake
2026-10-05 11:16:01 | INFO     | Saving at a/skeb/iro_aotake-a02d27.json
2026-10-05 11:16:02 | INFO     | OK https://skeb.jp/api/users/Trevenant0
2026-10-05 11:16:02 | INFO     | Saving at a/skeb/Trevenant0-90f3c5.json
2026-10-05 11:16:03 | INFO     | OK https://skeb.jp/api/users/tatata_n3b7
2026-10-05 11:16:03 | INFO     | Saving at a/skeb/tatata_n3b7-59156f.json
2026-10-05 11:16:04 | INFO     | OK https://skeb.jp/api/users/29bentou
2026-10-05 11:16:04 | INFO     | Saving at a/skeb/29bentou-97024a.json
2026-10-05 11:16:05 | INFO     | OK https://skeb.jp/api/users/Shiumi_Soma
2026-10-05 11:16:05 | INFO     | Saving at a/skeb/Shiumi_Soma-2150db.json
2026-10-05 11:16:06 | INFO     | OK https://skeb.jp/api/users/tunral
2026-10-05 11:16:06 | INFO     | Saving at a/skeb/tunral-ff943a.json
2026-10-05 11:16:07 | INFO     | OK https://skeb.jp/api/users/minakamin90
2026-10-05 11:16:07 | INFO     | Saving at a/skeb/minakamin90-68c558.json
2026-10-05 11:16:08 | INFO     | OK https://skeb.jp/api/users/memyou0616
2026-10-05 11:16:08 | INFO     | Saving at a/skeb/memyou0616-64f469.json
2026-10-05 11:16:09 | INFO     | OK https://skeb.jp/api/users/kana_fgo_be
2026-10-05 11:16:09 | INFO     | Saving at a/skeb/kana_fgo_be-192b46.json
2026-10-05 11:16:10 | INFO     | OK https://skeb.jp/api/users/ns42o
2026-10-05 11:16:10 | INFO     | Saving at a/skeb/ns42o-c0e844.json
2026-10-05 11:16:11 | INFO     | OK https://skeb.jp/api/users/ravi4545M
2026-10-05 11:16:11 | INFO     | Saving at a/skeb/ravi4545M-2f7499.json
2026-10-05 11:16:12 | INFO     | OK https://skeb.jp/api/users/6ta
2026-10-05 11:16:12 | INFO     | Saving at a/skeb/6ta-eb8cc4.json
2026-10-05 11:16:13 | INFO     | OK https://skeb.jp/api/users/yu_hodou
2026-10-05 11:16:13 | INFO     | Saving at a/skeb/yu_hodou-927f15.json
2026-10-05 11:16:14 | INFO     | OK https://skeb.jp/api/users/kochitora_9
2026-10-05 11:16:14 | INFO     | Saving at a/skeb/kochitora_9-d27901.json
2026-10-05 11:16:15 | INFO     | OK https://skeb.jp/api/users/kyomu_305
2026-10-05 11:16:15 | INFO     | Saving at a/skeb/kyomu_305-8d00e7.json
2026-10-05 11:16:16 | INFO     | OK https://skeb.jp/api/users/yzm_enokida
2026-10-05 11:16:16 | INFO     | Saving at a/skeb/yzm_enokida-be236b.json
2026-10-05 11:16:17 | INFO     | OK https://skeb.jp/api/users/gadeo_1
2026-10-05 11:16:17 | INFO     | Saving at a/skeb/gadeo_1-04dc12.json
2026-10-05 11:16:18 | INFO     | OK https://skeb.jp/api/users/kthr119
2026-10-05 11:16:18 | INFO     | Saving at a/skeb/kthr119-f674b9.json
2026-10-05 11:16:19 | INFO     | OK https://skeb.jp/api/users/mS91ckFTS8AjqCh
2026-10-05 11:16:19 | INFO     | Saving at a/skeb/mS91ckFTS8AjqCh-1a6ebd.json
2026-10-05 11:16:20 | INFO     | OK https://skeb.jp/api/users/cxw9p
2026-10-05 11:16:20 | INFO     | Saving at a/skeb/cxw9p-d70389.json
2026-10-05 11:16:21 | INFO     | OK https://skeb.jp/api/users/410_o_o
2026-10-05 11:16:21 | INFO     | Saving at a/skeb/410_o_o-3df83b.json
2026-10-05 11:16:22 | INFO     | OK https://skeb.jp/api/users/merunmohu
2026-10-05 11:16:22 | INFO     | Saving at a/skeb/merunmohu-b29ffe.json
2026-10-05 11:16:23 | INFO     | OK https://skeb.jp/api/users/pmoxno
2026-10-05 11:16:23 | INFO     | Saving at a/skeb/pmoxno-c8f897.json
2026-10-05 11:16:24 | INFO     | OK https://skeb.jp/api/users/Runa_Sa_00
2026-10-05 11:16:24 | INFO     | Saving at a/skeb/Runa_Sa_00-ee5f86.json
2026-10-05 11:16:25 | INFO     | OK https://skeb.jp/api/users/aquaira_oO
2026-10-05 11:16:25 | INFO     | Saving at a/skeb/aquaira_oO-abda69.json
2026-10-05 11:16:26 | INFO     | OK https://skeb.jp/api/users/chunta_0114
2026-10-05 11:16:26 | INFO     | Saving at a/skeb/chunta_0114-c13451.json
2026-10-05 11:16:27 | INFO     | OK https://skeb.jp/api/users/trmimimi
2026-10-05 11:16:27 | INFO     | Saving at a/skeb/trmimimi-a0cde5.json
2026-10-05 11:16:28 | INFO     | OK https://skeb.jp/api/users/oshiruko_biwako
2026-10-05 11:16:28 | INFO     | Saving at a/skeb/oshiruko_biwako-ea128c.json
2026-10-05 11:16:29 | INFO     | OK https://skeb.jp/api/users/mn8957880347081
2026-10-05 11:16:29 | INFO     | Saving at a/skeb/mn8957880347081-6af0c1.json
2026-10-05 11:16:30 | INFO     | OK https://skeb.jp/api/users/huuya_harukaze
2026-10-05 11:16:30 | INFO     | Saving at a/skeb/huuya_harukaze-cd282c.json
2026-10-05 11:16:31 | INFO     | OK https://skeb.jp/api/users/shirotadempan
2026-10-05 11:16:31 | INFO     | Saving at a/skeb/shirotadempan-45bff8.json
2026-10-05 11:16:32 | INFO     | OK https://skeb.jp/api/users/UO_dekka_
2026-10-05 11:16:32 | INFO     | Saving at a/skeb/UO_dekka_-ba7dc3.json
2026-10-05 11:16:33 | INFO     | OK https://skeb.jp/api/users/VurDV8a8gbGRctd
2026-10-05 11:16:33 | INFO     | Saving at a/skeb/VurDV8a8gbGRctd-685c1d.json
2026-10-05 11:16:34 | INFO     | OK https://skeb.jp/api/users/susutyasan2
2026-10-05 11:16:34 | INFO     | Saving at a/skeb/susutyasan2-932920.json
2026-10-05 11:16:35 | INFO     | OK https://skeb.jp/api/users/uchimi_0116
2026-10-05 11:16:35 | INFO     | Saving at a/skeb/uchimi_0116-acc98c.json
2026-10-05 11:16:36 | INFO     | OK https://skeb.jp/api/users/nagane29
2026-10-05 11:16:36 | INFO     | Saving at a/skeb/nagane29-e3aa1b.json
2026-10-05 11:16:37 | INFO     | OK https://skeb.jp/api/users/inutose
2026-10-05 11:16:37 | INFO     | Saving at a/skeb/inutose-99f102.json
2026-10-05 11:16:38 | INFO     | OK https://skeb.jp/api/users/sotsunaku
2026-10-05 11:16:38 | INFO     | Saving at a/skeb/sotsunaku-3e5431.json
2026-10-05 11:16:39 | INFO     | OK https://skeb.jp/api/users/rekimarusui3
2026-10-05 11:16:39 | INFO     | Saving at a/skeb/rekimarusui3-bb08fa.json
2026-10-05 11:16:40 | INFO     | OK https://skeb.jp/api/users/tofubone
2026-10-05 11:16:40 | INFO     | Saving at a/skeb/tofubone-2d19bd.json
2026-10-05 11:16:41 | INFO     | OK https://skeb.jp/api/users/chamuchasuke
2026-10-05 11:16:41 | INFO     | Saving at a/skeb/chamuchasuke-8398fd.json
2026-10-05 11:16:42 | INFO     | OK https://skeb.jp/api/users/re__izO_ko
2026-10-05 11:16:42 | INFO     | Saving at a/skeb/re__izO_ko-6bf5b6.json
2026-10-05 11:16:43 | INFO     | OK https://skeb.jp/api/users/westmaison1
2026-10-05 11:16:43 | INFO     | Saving at a/skeb/westmaison1-ef96b5.json
2026-10-05 11:16:44 | INFO     | OK https://skeb.jp/api/users/dopamine629
2026-10-05 11:16:44 | INFO     | Saving at a/skeb/dopamine629-17d79e.json
2026-10-05 11:16:45 | INFO     | OK https://skeb.jp/api/users/tika_illust
2026-10-05 11:16:45 | INFO     | Saving at a/skeb/tika_illust-24ce47.json
2026-10-05 11:16:46 | INFO     | OK https://skeb.jp/api/users/tousen_10
2026-10-05 11:16:46 | INFO     | Saving at a/skeb/tousen_10-c32549.json
2026-10-05 11:16:47 | INFO     | OK https://skeb.jp/api/users/itidesu_zoe
2026-10-05 11:16:47 | INFO     | Saving at a/skeb/itidesu_zoe-724e75.json
2026-10-05 11:16:48 | INFO     | OK https://skeb.jp/api/users/KizuhiroPushi5
2026-10-05 11:16:48 | INFO     | Saving at a/skeb/KizuhiroPushi5-454966.json
2026-10-05 11:16:49 | INFO     | OK https://skeb.jp/api/users/yO7VdaqenSz5Txy
2026-10-05 11:16:49 | INFO     | Saving at a/skeb/yO7VdaqenSz5Txy-ae45db.json
2026-10-05 11:16:50 | INFO     | OK https://skeb.jp/api/users/gittangittan_r
2026-10-05 11:16:50 | INFO     | Saving at a/skeb/gittangittan_r-ed29c4.json
2026-10-05 11:16:51 | INFO     | OK https://skeb.jp/api/users/runSNB2
2026-10-05 11:16:51 | INFO     | Saving at a/skeb/runSNB2-6e6a54.json
2026-10-05 11:16:52 | INFO     | OK https://skeb.jp/api/users/footaro3
2026-10-05 11:16:52 | INFO     | Saving at a/skeb/footaro3-3e919e.json
2026-10-05 11:16:53 | INFO     | OK https://skeb.jp/api/users/4dfTCTRUAicKkt8
2026-10-05 11:16:53 | INFO     | Saving at a/skeb/4dfTCTRUAicKkt8-ba810b.json
2026-10-05 11:16:54 | INFO     | OK https://skeb.jp/api/users/umnmzo0
2026-10-05 11:16:54 | INFO     | Saving at a/skeb/umnmzo0-321039.json
2026-10-05 11:16:55 | INFO     | OK https://skeb.jp/api/users/ZINKAKU_HITEI
2026-10-05 11:16:55 | INFO     | Saving at a/skeb/ZINKAKU_HITEI-41b07c.json
2026-10-05 11:16:56 | INFO     | OK https://skeb.jp/api/users/nijigenhomo
2026-10-05 11:16:56 | INFO     | Saving at a/skeb/nijigenhomo-555dc0.json
2026-10-05 11:16:57 | INFO     | OK https://skeb.jp/api/users/nakuyouni
2026-10-05 11:16:57 | INFO     | Saving at a/skeb/nakuyouni-be4771.json
2026-10-05 11:16:58 | INFO     | OK https://skeb.jp/api/users/nejimeinu2
2026-10-05 11:16:58 | INFO     | Saving at a/skeb/nejimeinu2-012106.json
2026-10-05 11:16:59 | INFO     | OK https://skeb.jp/api/users/38_____miya
2026-10-05 11:16:59 | INFO     | Saving at a/skeb/38_____miya-b1ec42.json
2026-10-05 11:17:00 | INFO     | OK https://skeb.jp/api/users/kagome_pre
2026-10-05 11:17:00 | INFO     | Saving at a/skeb/kagome_pre-ca1bef.json
2026-10-05 11:17:01 | INFO     | OK https://skeb.jp/api/users/keseranpasaraa
2026-10-05 11:17:01 | INFO     | Saving at a/skeb/keseranpasaraa-33dcb0.json
2026-10-05 11:17:02 | INFO     | OK https://skeb.jp/api/users/Prism_Flash
2026-10-05 11:17:02 | INFO     | Saving at a/skeb/Prism_Flash-eb4300.json
2026-10-05 11:17:03 | INFO     | OK https://skeb.jp/api/users/NNN_4127
2026-10-05 11:17:03 | INFO     | Saving at a/skeb/NNN_4127-6602bc.json
2026-10-05 11:17:04 | INFO     | OK https://skeb.jp/api/users/You_Re622
2026-10-05 11:17:04 | INFO     | Saving at a/skeb/You_Re622-e64f87.json
2026-10-05 11:17:05 | INFO     | OK https://skeb.jp/api/users/Shi_0_8
2026-10-05 11:17:05 | INFO     | Saving at a/skeb/Shi_0_8-7910e4.json
2026-10-05 11:17:06 | INFO     | OK https://skeb.jp/api/users/Eve_Rose
2026-10-05 11:17:06 | INFO     | Saving at a/skeb/Eve_Rose-31e94c.json
2026-10-05 11:17:07 | INFO     | OK https://skeb.jp/api/users/w_nijuuyon
2026-10-05 11:17:07 | INFO     | Saving at a/skeb/w_nijuuyon-085b19.json
2026-10-05 11:17:08 | INFO     | OK https://skeb.jp/api/users/bekkourico
2026-10-05 11:17:08 | INFO     | Saving at a/skeb/bekkourico-4c7d8f.json
2026-10-05 11:17:09 | INFO     | OK https://skeb.jp/api/users/wawawa333
2026-10-05 11:17:09 | INFO     | Saving at a/skeb/wawawa333-2d0e24.json
2026-10-05 11:17:10 | INFO     | OK https://skeb.jp/api/users/eiseima_ru
2026-10-05 11:17:10 | INFO     | Saving at a/skeb/eiseima_ru-9b8cfc.json
2026-10-05 11:17:11 | INFO     | OK https://skeb.jp/api/users/defanilimmmm
2026-10-05 11:17:11 | INFO     | Saving at a/skeb/defanilimmmm-f69256.json
2026-10-05 11:17:12 | INFO     | OK https://skeb.jp/api/users/fuwa2pinktyan
2026-10-05 11:17:12 | INFO     | Saving at a/skeb/fuwa2pinktyan-1681cc.json
2026-10-05 11:17:13 | INFO     | OK https://skeb.jp/api/users/onakaitaiyo3MMD
2026-10-05 11:17:13 | INFO     | Saving at a/skeb/onakaitaiyo3MMD-6a4bfc.json
2026-10-05 11:17:14 | INFO     | OK https://skeb.jp/api/users/xdarjeelingxtea
2026-10-05 11:17:14 | INFO     | Saving at a/skeb/xdarjeelingxtea-959a8a.json
2026-10-05 11:17:15 | INFO     | OK https://skeb.jp/api/users/sixiland
2026-10-05 11:17:15 | INFO     | Saving at a/skeb/sixiland-6d67d2.json
2026-10-05 11:17:16 | INFO     | OK https://skeb.jp/api/users/sstuo04
2026-10-05 11:17:16 | INFO     | Saving at a/skeb/sstuo04-d984d3.json
2026-10-05 11:17:17 | INFO     | OK https://skeb.jp/api/users/torahiko_No2
2026-10-05 11:17:17 | INFO     | Saving at a/skeb/torahiko_No2-411710.json
2026-10-05 11:17:18 | INFO     | OK https://skeb.jp/api/users/6v_myk
2026-10-05 11:17:18 | INFO     | Saving at a/skeb/6v_myk-ddefa0.json
2026-10-05 11:17:19 | INFO     | OK https://skeb.jp/api/users/ililis1_
2026-10-05 11:17:19 | INFO     | Saving at a/skeb/ililis1_-b63a80.json
2026-10-05 11:17:20 | INFO     | OK https://skeb.jp/api/users/_midori01
2026-10-05 11:17:20 | INFO     | Saving at a/skeb/_midori01-9e5789.json
2026-10-05 11:17:21 | INFO     | OK https://skeb.jp/api/users/ohayo_0606
2026-10-05 11:17:21 | INFO     | Saving at a/skeb/ohayo_0606-cfb1b4.json
2026-10-05 11:17:22 | INFO     | OK https://skeb.jp/api/users/tamakiiori
2026-10-05 11:17:22 | INFO     | Saving at a/skeb/tamakiiori-16e2f6.json
2026-10-05 11:17:23 | INFO     | OK https://skeb.jp/api/users/Dr_Yamero
2026-10-05 11:17:23 | INFO     | Saving at a/skeb/Dr_Yamero-0e6672.json
2026-10-05 11:17:24 | INFO     | OK https://skeb.jp/api/users/asa01110537
2026-10-05 11:17:24 | INFO     | Saving at a/skeb/asa01110537-654f37.json
2026-10-05 11:17:25 | INFO     | OK https://skeb.jp/api/users/suzu_238
2026-10-05 11:17:25 | INFO     | Saving at a/skeb/suzu_238-a81527.json
2026-10-05 11:17:26 | INFO     | OK https://skeb.jp/api/users/_keykids_
2026-10-05 11:17:26 | INFO     | Saving at a/skeb/_keykids_-de829c.json
2026-10-05 11:17:27 | INFO     | OK https://skeb.jp/api/users/8Kumagawa
2026-10-05 11:17:27 | INFO     | Saving at a/skeb/8Kumagawa-a05baf.json
2026-10-05 11:17:28 | INFO     | OK https://skeb.jp/api/users/ma_ki_w0
2026-10-05 11:17:28 | INFO     | Saving at a/skeb/ma_ki_w0-b270cc.json
2026-10-05 11:17:29 | INFO     | OK https://skeb.jp/api/users/koikon20240111
2026-10-05 11:17:29 | INFO     | Saving at a/skeb/koikon20240111-7be68f.json
2026-10-05 11:17:30 | INFO     | OK https://skeb.jp/api/users/kasa_biniru
2026-10-05 11:17:30 | INFO     | Saving at a/skeb/kasa_biniru-ace28b.json
2026-10-05 11:17:31 | INFO     | OK https://skeb.jp/api/users/_suzusaki
2026-10-05 11:17:31 | INFO     | Saving at a/skeb/_suzusaki-a5fd25.json
2026-10-05 11:17:32 | INFO     | OK https://skeb.jp/api/users/messy_illust
2026-10-05 11:17:32 | INFO     | Saving at a/skeb/messy_illust-f78340.json
2026-10-05 11:17:33 | INFO     | OK https://skeb.jp/api/users/ADDANOM
2026-10-05 11:17:33 | INFO     | Saving at a/skeb/ADDANOM-eef05c.json
2026-10-05 11:17:34 | INFO     | OK https://skeb.jp/api/users/nononoxamu
2026-10-05 11:17:34 | INFO     | Saving at a/skeb/nononoxamu-aabb3d.json
2026-10-05 11:17:35 | INFO     | OK https://skeb.jp/api/users/rin_oc_coa
2026-10-05 11:17:35 | INFO     | Saving at a/skeb/rin_oc_coa-4806aa.json
2026-10-05 11:17:36 | INFO     | OK https://skeb.jp/api/users/pv05_xj
2026-10-05 11:17:36 | INFO     | Saving at a/skeb/pv05_xj-77b43f.json
2026-10-05 11:17:37 | INFO     | OK https://skeb.jp/api/users/syakunetuu
2026-10-05 11:17:37 | INFO     | Saving at a/skeb/syakunetuu-cd9b30.json
2026-10-05 11:17:38 | INFO     | OK https://skeb.jp/api/users/rlalx73
2026-10-05 11:17:38 | INFO     | Saving at a/skeb/rlalx73-f5e12c.json
2026-10-05 11:17:39 | INFO     | OK https://skeb.jp/api/users/shimikomanai_ya
2026-10-05 11:17:39 | INFO     | Saving at a/skeb/shimikomanai_ya-897dec.json
2026-10-05 11:17:40 | INFO     | OK https://skeb.jp/api/users/_nagi_onemu
2026-10-05 11:17:40 | INFO     | Saving at a/skeb/_nagi_onemu-83b0f8.json
2026-10-05 11:17:41 | INFO     | OK https://skeb.jp/api/users/level5hyk18gou
2026-10-05 11:17:41 | INFO     | Saving at a/skeb/level5hyk18gou-4d1971.json
2026-10-05 11:17:42 | INFO     | OK https://skeb.jp/api/users/kantankuzyo4
2026-10-05 11:17:42 | INFO     | Saving at a/skeb/kantankuzyo4-6cbe7f.json
2026-10-05 11:17:43 | INFO     | OK https://skeb.jp/api/users/sasa_nooooo
2026-10-05 11:17:43 | INFO     | Saving at a/skeb/sasa_nooooo-8f1f25.json
2026-10-05 11:17:44 | INFO     | OK https://skeb.jp/api/users/arakata_ice
2026-10-05 11:17:44 | INFO     | Saving at a/skeb/arakata_ice-72ec7e.json
2026-10-05 11:17:45 | INFO     | OK https://skeb.jp/api/users/DDDeeee1018
2026-10-05 11:17:45 | INFO     | Saving at a/skeb/DDDeeee1018-6b5b39.json
2026-10-05 11:17:46 | INFO     | OK https://skeb.jp/api/users/hhata467
2026-10-05 11:17:46 | INFO     | Saving at a/skeb/hhata467-ecb453.json
2026-10-05 11:17:47 | INFO     | OK https://skeb.jp/api/users/squarewave29
2026-10-05 11:17:47 | INFO     | Saving at a/skeb/squarewave29-6e770c.json
2026-10-05 11:17:48 | INFO     | OK https://skeb.jp/api/users/tkwlzl
2026-10-05 11:17:48 | INFO     | Saving at a/skeb/tkwlzl-360eae.json
2026-10-05 11:17:49 | INFO     | OK https://skeb.jp/api/users/kono_d3
2026-10-05 11:17:49 | INFO     | Saving at a/skeb/kono_d3-7b73d5.json
2026-10-05 11:17:50 | INFO     | OK https://skeb.jp/api/users/mizuumi007
2026-10-05 11:17:50 | INFO     | Saving at a/skeb/mizuumi007-992931.json
2026-10-05 11:17:51 | INFO     | OK https://skeb.jp/api/users/oribe_naru
2026-10-05 11:17:51 | INFO     | Saving at a/skeb/oribe_naru-d6531a.json
2026-10-05 11:17:52 | INFO     | OK https://skeb.jp/api/users/shuiwuy_3477244
2026-10-05 11:17:52 | INFO     | Saving at a/skeb/shuiwuy_3477244-c3c4db.json
2026-10-05 11:17:53 | INFO     | OK https://skeb.jp/api/users/agtm_m33
2026-10-05 11:17:53 | INFO     | Saving at a/skeb/agtm_m33-92bedf.json
2026-10-05 11:17:54 | INFO     | OK https://skeb.jp/api/users/nyaaaaa_OwO
2026-10-05 11:17:54 | INFO     | Saving at a/skeb/nyaaaaa_OwO-c31948.json
2026-10-05 11:17:55 | INFO     | OK https://skeb.jp/api/users/Bj_k_gm45z
2026-10-05 11:17:55 | INFO     | Saving at a/skeb/Bj_k_gm45z-ce5176.json
2026-10-05 11:17:56 | INFO     | OK https://skeb.jp/api/users/_12O7o
2026-10-05 11:17:56 | INFO     | Saving at a/skeb/_12O7o-1a6c11.json
2026-10-05 11:17:57 | INFO     | OK https://skeb.jp/api/users/yuuni1234
2026-10-05 11:17:57 | INFO     | Saving at a/skeb/yuuni1234-b526fd.json
2026-10-05 11:17:58 | INFO     | OK https://skeb.jp/api/users/soreyueny
2026-10-05 11:17:58 | INFO     | Saving at a/skeb/soreyueny-684ad1.json
2026-10-05 11:17:59 | INFO     | OK https://skeb.jp/api/users/VKbAXbj3kQ
2026-10-05 11:17:59 | INFO     | Saving at a/skeb/VKbAXbj3kQ-98c3ec.json
2026-10-05 11:18:00 | INFO     | OK https://skeb.jp/api/users/aonowaisyatsu
2026-10-05 11:18:00 | INFO     | Saving at a/skeb/aonowaisyatsu-47d566.json
2026-10-05 11:18:01 | INFO     | OK https://skeb.jp/api/users/uni45158
2026-10-05 11:18:01 | INFO     | Saving at a/skeb/uni45158-a40f49.json
2026-10-05 11:18:02 | INFO     | OK https://skeb.jp/api/users/kuroirotoiro
2026-10-05 11:18:02 | INFO     | Saving at a/skeb/kuroirotoiro-aa8103.json
2026-10-05 11:18:03 | INFO     | OK https://skeb.jp/api/users/kadaikaranigero
2026-10-05 11:18:03 | INFO     | Saving at a/skeb/kadaikaranigero-fc3eed.json
2026-10-05 11:18:04 | INFO     | OK https://skeb.jp/api/users/tofu_bam
2026-10-05 11:18:04 | INFO     | Saving at a/skeb/tofu_bam-d19c18.json
2026-10-05 11:18:05 | INFO     | OK https://skeb.jp/api/users/yonedatomomizu
2026-10-05 11:18:05 | INFO     | Saving at a/skeb/yonedatomomizu-a5daff.json
2026-10-05 11:18:06 | INFO     | OK https://skeb.jp/api/users/saguna397
2026-10-05 11:18:06 | INFO     | Saving at a/skeb/saguna397-1f1201.json
2026-10-05 11:18:07 | INFO     | OK https://skeb.jp/api/users/Levi_0221
2026-10-05 11:18:07 | INFO     | Saving at a/skeb/Levi_0221-ee3ae2.json
2026-10-05 11:18:08 | INFO     | OK https://skeb.jp/api/users/uedazirousan
2026-10-05 11:18:08 | INFO     | Saving at a/skeb/uedazirousan-1f0af6.json
2026-10-05 11:18:09 | INFO     | OK https://skeb.jp/api/users/gentlemen_yamad
2026-10-05 11:18:09 | INFO     | Saving at a/skeb/gentlemen_yamad-da1de6.json
2026-10-05 11:18:10 | INFO     | OK https://skeb.jp/api/users/YUUMIEZOMBIE
2026-10-05 11:18:10 | INFO     | Saving at a/skeb/YUUMIEZOMBIE-9443ef.json
2026-10-05 11:18:11 | INFO     | OK https://skeb.jp/api/users/pome_nanoda
2026-10-05 11:18:11 | INFO     | Saving at a/skeb/pome_nanoda-bee46e.json
2026-10-05 11:18:12 | INFO     | OK https://skeb.jp/api/users/syationthecop
2026-10-05 11:18:12 | INFO     | Saving at a/skeb/syationthecop-954d14.json
2026-10-05 11:18:13 | INFO     | OK https://skeb.jp/api/users/8tmBBgmr0EDjJhV
2026-10-05 11:18:13 | INFO     | Saving at a/skeb/8tmBBgmr0EDjJhV-5194db.json
2026-10-05 11:18:14 | INFO     | OK https://skeb.jp/api/users/hardcrom
2026-10-05 11:18:14 | INFO     | Saving at a/skeb/hardcrom-7b6eb6.json
2026-10-05 11:18:15 | INFO     | OK https://skeb.jp/api/users/itigoiroha_
2026-10-05 11:18:15 | INFO     | Saving at a/skeb/itigoiroha_-b9d815.json
2026-10-05 11:18:16 | INFO     | OK https://skeb.jp/api/users/Sg003_s
2026-10-05 11:18:16 | INFO     | Saving at a/skeb/Sg003_s-a8ffb4.json
2026-10-05 11:18:17 | INFO     | OK https://skeb.jp/api/users/BPunapuna
2026-10-05 11:18:17 | INFO     | Saving at a/skeb/BPunapuna-0d5a6f.json
2026-10-05 11:18:18 | INFO     | OK https://skeb.jp/api/users/0hoshi3
2026-10-05 11:18:18 | INFO     | Saving at a/skeb/0hoshi3-dc9c99.json
2026-10-05 11:18:19 | INFO     | OK https://skeb.jp/api/users/funnylife1207
2026-10-05 11:18:19 | INFO     | Saving at a/skeb/funnylife1207-863a3d.json
2026-10-05 11:18:20 | INFO     | OK https://skeb.jp/api/users/neko_izumi_azu
2026-10-05 11:18:20 | INFO     | Saving at a/skeb/neko_izumi_azu-d88ef9.json
2026-10-05 11:18:21 | INFO     | OK https://skeb.jp/api/users/illnullchill
2026-10-05 11:18:21 | INFO     | Saving at a/skeb/illnullchill-ec2da6.json
2026-10-05 11:18:22 | INFO     | OK https://skeb.jp/api/users/hayulf8
2026-10-05 11:18:22 | INFO     | Saving at a/skeb/hayulf8-4ba004.json
2026-10-05 11:18:23 | INFO     | OK https://skeb.jp/api/users/mati7708
2026-10-05 11:18:23 | INFO     | Saving at a/skeb/mati7708-17a481.json
2026-10-05 11:18:24 | INFO     | OK https://skeb.jp/api/users/GaKay293
2026-10-05 11:18:24 | INFO     | Saving at a/skeb/GaKay293-2baf20.json
2026-10-05 11:18:25 | INFO     | OK https://skeb.jp/api/users/amdkhtk
2026-10-05 11:18:25 | INFO     | Saving at a/skeb/amdkhtk-5eedb1.json
2026-10-05 11:18:26 | INFO     | OK https://skeb.jp/api/users/E_eokiba
2026-10-05 11:18:26 | INFO     | Saving at a/skeb/E_eokiba-88a780.json
2026-10-05 11:18:27 | INFO     | OK https://skeb.jp/api/users/moguuuu_sub
2026-10-05 11:18:27 | INFO     | Saving at a/skeb/moguuuu_sub-884085.json
2026-10-05 11:18:28 | INFO     | OK https://skeb.jp/api/users/72caq
2026-10-05 11:18:28 | INFO     | Saving at a/skeb/72caq-136f52.json
2026-10-05 11:18:29 | INFO     | OK https://skeb.jp/api/users/kohri621
2026-10-05 11:18:29 | INFO     | Saving at a/skeb/kohri621-ffba04.json
2026-10-05 11:18:30 | INFO     | OK https://skeb.jp/api/users/toromequ
2026-10-05 11:18:30 | INFO     | Saving at a/skeb/toromequ-d7610a.json
2026-10-05 11:18:31 | INFO     | OK https://skeb.jp/api/users/gnashiro_
2026-10-05 11:18:31 | INFO     | Saving at a/skeb/gnashiro_-e318ac.json
2026-10-05 11:18:32 | INFO     | OK https://skeb.jp/api/users/Hiiroruka
2026-10-05 11:18:32 | INFO     | Saving at a/skeb/Hiiroruka-0d9a68.json
2026-10-05 11:18:33 | INFO     | OK https://skeb.jp/api/users/teshima2044
2026-10-05 11:18:33 | INFO     | Saving at a/skeb/teshima2044-9e853d.json
2026-10-05 11:18:34 | INFO     | OK https://skeb.jp/api/users/ytkmrs
2026-10-05 11:18:34 | INFO     | Saving at a/skeb/ytkmrs-999d3a.json
2026-10-05 11:18:35 | INFO     | OK https://skeb.jp/api/users/monikon13
2026-10-05 11:18:35 | INFO     | Saving at a/skeb/monikon13-112ae3.json
2026-10-05 11:18:36 | INFO     | OK https://skeb.jp/api/users/densi_ronto
2026-10-05 11:18:36 | INFO     | Saving at a/skeb/densi_ronto-2c2d91.json
2026-10-05 11:18:37 | INFO     | OK https://skeb.jp/api/users/MisumiIll
2026-10-05 11:18:37 | INFO     | Saving at a/skeb/MisumiIll-7183ed.json
2026-10-05 11:18:38 | INFO     | OK https://skeb.jp/api/users/Sai_Saburou
2026-10-05 11:18:38 | INFO     | Saving at a/skeb/Sai_Saburou-69be50.json
2026-10-05 11:18:39 | INFO     | OK https://skeb.jp/api/users/disphony
2026-10-05 11:18:39 | INFO     | Saving at a/skeb/disphony-30f189.json
2026-10-05 11:18:40 | INFO     | OK https://skeb.jp/api/users/u_oxalis
2026-10-05 11:18:40 | INFO     | Saving at a/skeb/u_oxalis-87b449.json
2026-10-05 11:18:41 | INFO     | OK https://skeb.jp/api/users/danrevo_2
2026-10-05 11:18:41 | INFO     | Saving at a/skeb/danrevo_2-e3b160.json
2026-10-05 11:18:42 | INFO     | OK https://skeb.jp/api/users/Hibarichan_dazo
2026-10-05 11:18:42 | INFO     | Saving at a/skeb/Hibarichan_dazo-0f18d4.json
2026-10-05 11:18:43 | INFO     | OK https://skeb.jp/api/users/bikkuri977
2026-10-05 11:18:43 | INFO     | Saving at a/skeb/bikkuri977-a372f4.json
2026-10-05 11:18:44 | INFO     | OK https://skeb.jp/api/users/myssntrpg
2026-10-05 11:18:44 | INFO     | Saving at a/skeb/myssntrpg-742bdb.json
2026-10-05 11:18:45 | INFO     | OK https://skeb.jp/api/users/756zl
2026-10-05 11:18:45 | INFO     | Saving at a/skeb/756zl-8ec97a.json
2026-10-05 11:18:46 | INFO     | OK https://skeb.jp/api/users/SS465
2026-10-05 11:18:46 | INFO     | Saving at a/skeb/SS465-c5e8e7.json
2026-10-05 11:18:47 | INFO     | OK https://skeb.jp/api/users/shiraziranosima
2026-10-05 11:18:47 | INFO     | Saving at a/skeb/shiraziranosima-f81c7f.json
2026-10-05 11:18:48 | INFO     | OK https://skeb.jp/api/users/Shiu_bell
2026-10-05 11:18:48 | INFO     | Saving at a/skeb/Shiu_bell-dd8438.json
2026-10-05 11:18:49 | INFO     | OK https://skeb.jp/api/users/otone1206
2026-10-05 11:18:49 | INFO     | Saving at a/skeb/otone1206-c500e0.json
2026-10-05 11:18:50 | INFO     | OK https://skeb.jp/api/users/Danchuidentity
2026-10-05 11:18:50 | INFO     | Saving at a/skeb/Danchuidentity-52e243.json
2026-10-05 11:18:51 | INFO     | OK https://skeb.jp/api/users/kusogomiyaro
2026-10-05 11:18:51 | INFO     | Saving at a/skeb/kusogomiyaro-16f815.json
2026-10-05 11:18:52 | INFO     | OK https://skeb.jp/api/users/hyuuganatsu_3
2026-10-05 11:18:52 | INFO     | Saving at a/skeb/hyuuganatsu_3-5eba9f.json
2026-10-05 11:18:53 | INFO     | OK https://skeb.jp/api/users/fried_rice0614
2026-10-05 11:18:53 | INFO     | Saving at a/skeb/fried_rice0614-e85a05.json
2026-10-05 11:18:54 | INFO     | OK https://skeb.jp/api/users/ajihira_527
2026-10-05 11:18:54 | INFO     | Saving at a/skeb/ajihira_527-2acbda.json
2026-10-05 11:18:55 | INFO     | OK https://skeb.jp/api/users/ln_mew
2026-10-05 11:18:55 | INFO     | Saving at a/skeb/ln_mew-46c46a.json
2026-10-05 11:18:56 | INFO     | OK https://skeb.jp/api/users/Yamashigo5
2026-10-05 11:18:56 | INFO     | Saving at a/skeb/Yamashigo5-9e156f.json
2026-10-05 11:18:57 | INFO     | OK https://skeb.jp/api/users/hyura3
2026-10-05 11:18:57 | INFO     | Saving at a/skeb/hyura3-43e381.json
2026-10-05 11:18:58 | INFO     | OK https://skeb.jp/api/users/unikurage087
2026-10-05 11:18:58 | INFO     | Saving at a/skeb/unikurage087-874e25.json
2026-10-05 11:18:59 | INFO     | OK https://skeb.jp/api/users/Sai36664622
2026-10-05 11:18:59 | INFO     | Saving at a/skeb/Sai36664622-74c39d.json
2026-10-05 11:19:00 | INFO     | OK https://skeb.jp/api/users/b2571093393890
2026-10-05 11:19:00 | INFO     | Saving at a/skeb/b2571093393890-4b180a.json
2026-10-05 11:19:01 | INFO     | OK https://skeb.jp/api/users/rrziOZyHvA44187
2026-10-05 11:19:01 | INFO     | Saving at a/skeb/rrziOZyHvA44187-92fa41.json
2026-10-05 11:19:02 | INFO     | OK https://skeb.jp/api/users/cCBdZzW4XC
2026-10-05 11:19:02 | INFO     | Saving at a/skeb/cCBdZzW4XC-767802.json
2026-10-05 11:19:03 | INFO     | OK https://skeb.jp/api/users/tororo1128
2026-10-05 11:19:03 | INFO     | Saving at a/skeb/tororo1128-4a51fe.json
2026-10-05 11:19:04 | INFO     | OK https://skeb.jp/api/users/tenmazombie
2026-10-05 11:19:04 | INFO     | Saving at a/skeb/tenmazombie-11854d.json
2026-10-05 11:19:05 | INFO     | OK https://skeb.jp/api/users/BBHIGEOJISAN
2026-10-05 11:19:05 | INFO     | Saving at a/skeb/BBHIGEOJISAN-031bdf.json
2026-10-05 11:19:06 | INFO     | OK https://skeb.jp/api/users/gomadenp
2026-10-05 11:19:06 | INFO     | Saving at a/skeb/gomadenp-67287f.json
2026-10-05 11:19:07 | INFO     | OK https://skeb.jp/api/users/amame_15
2026-10-05 11:19:07 | INFO     | Saving at a/skeb/amame_15-d64aa2.json
2026-10-05 11:19:08 | INFO     | OK https://skeb.jp/api/users/sskur_a
2026-10-05 11:19:08 | INFO     | Saving at a/skeb/sskur_a-cb60a2.json
2026-10-05 11:19:09 | INFO     | OK https://skeb.jp/api/users/trpg_fuzi
2026-10-05 11:19:09 | INFO     | Saving at a/skeb/trpg_fuzi-f8ba2d.json
2026-10-05 11:19:10 | INFO     | OK https://skeb.jp/api/users/opkpk
2026-10-05 11:19:10 | INFO     | Saving at a/skeb/opkpk-8b84dd.json
2026-10-05 11:19:11 | INFO     | OK https://skeb.jp/api/users/rindoriko
2026-10-05 11:19:11 | INFO     | Saving at a/skeb/rindoriko-374de5.json
2026-10-05 11:19:12 | INFO     | OK https://skeb.jp/api/users/kon_kon_81
2026-10-05 11:19:12 | INFO     | Saving at a/skeb/kon_kon_81-d5863f.json
2026-10-05 11:19:13 | INFO     | OK https://skeb.jp/api/users/koncpmoe
2026-10-05 11:19:13 | INFO     | Saving at a/skeb/koncpmoe-aaa8ad.json
2026-10-05 11:19:14 | INFO     | OK https://skeb.jp/api/users/n_kumoemon
2026-10-05 11:19:14 | INFO     | Saving at a/skeb/n_kumoemon-27f0bd.json
2026-10-05 11:19:15 | INFO     | OK https://skeb.jp/api/users/wt_me3a
2026-10-05 11:19:15 | INFO     | Saving at a/skeb/wt_me3a-2a723e.json
2026-10-05 11:19:16 | INFO     | OK https://skeb.jp/api/users/nomura_1234
2026-10-05 11:19:16 | INFO     | Saving at a/skeb/nomura_1234-0f57bd.json
2026-10-05 11:19:17 | INFO     | OK https://skeb.jp/api/users/ayuthi007
2026-10-05 11:19:17 | INFO     | Saving at a/skeb/ayuthi007-9edfd1.json
2026-10-05 11:19:18 | INFO     | OK https://skeb.jp/api/users/zemmatte
2026-10-05 11:19:18 | INFO     | Saving at a/skeb/zemmatte-94ad87.json
2026-10-05 11:19:19 | INFO     | OK https://skeb.jp/api/users/ee7800_
2026-10-05 11:19:19 | INFO     | Saving at a/skeb/ee7800_-2e391e.json
2026-10-05 11:19:20 | INFO     | OK https://skeb.jp/api/users/eli503503
2026-10-05 11:19:20 | INFO     | Saving at a/skeb/eli503503-ba9257.json
2026-10-05 11:19:21 | INFO     | OK https://skeb.jp/api/users/edmoledmol
2026-10-05 11:19:21 | INFO     | Saving at a/skeb/edmoledmol-c9c561.json
2026-10-05 11:19:22 | INFO     | OK https://skeb.jp/api/users/takuzyouyou
2026-10-05 11:19:22 | INFO     | Saving at a/skeb/takuzyouyou-7aa949.json
2026-10-05 11:19:23 | INFO     | OK https://skeb.jp/api/users/kemorau
2026-10-05 11:19:23 | INFO     | Saving at a/skeb/kemorau-c167a9.json
2026-10-05 11:19:24 | INFO     | OK https://skeb.jp/api/users/Cohasu061088
2026-10-05 11:19:24 | INFO     | Saving at a/skeb/Cohasu061088-6963c3.json
2026-10-05 11:19:25 | INFO     | OK https://skeb.jp/api/users/maso_dream
2026-10-05 11:19:25 | INFO     | Saving at a/skeb/maso_dream-fbf453.json
2026-10-05 11:19:26 | INFO     | OK https://skeb.jp/api/users/umi_kubota
2026-10-05 11:19:26 | INFO     | Saving at a/skeb/umi_kubota-9939ed.json
2026-10-05 11:19:27 | INFO     | OK https://skeb.jp/api/users/yellow_sprin
2026-10-05 11:19:27 | INFO     | Saving at a/skeb/yellow_sprin-e2b5ab.json
2026-10-05 11:19:28 | INFO     | OK https://skeb.jp/api/users/nana7roiro616
2026-10-05 11:19:28 | INFO     | Saving at a/skeb/nana7roiro616-b3a0cf.json
2026-10-05 11:19:29 | INFO     | OK https://skeb.jp/api/users/kirentono
2026-10-05 11:19:29 | INFO     | Saving at a/skeb/kirentono-7f03cf.json
2026-10-05 11:19:30 | INFO     | OK https://skeb.jp/api/users/chi_nc0
2026-10-05 11:19:30 | INFO     | Saving at a/skeb/chi_nc0-6760a1.json
2026-10-05 11:19:31 | INFO     | OK https://skeb.jp/api/users/Aoiro_L2D
2026-10-05 11:19:31 | INFO     | Saving at a/skeb/Aoiro_L2D-0b016c.json
2026-10-05 11:19:32 | INFO     | OK https://skeb.jp/api/users/2backtorikizoku
2026-10-05 11:19:32 | INFO     | Saving at a/skeb/2backtorikizoku-d505a1.json
2026-10-05 11:19:33 | INFO     | OK https://skeb.jp/api/users/Dantou_URA
2026-10-05 11:19:33 | INFO     | Saving at a/skeb/Dantou_URA-0522e1.json
2026-10-05 11:19:34 | INFO     | OK https://skeb.jp/api/users/bizkou69
2026-10-05 11:19:34 | INFO     | Saving at a/skeb/bizkou69-f90c7f.json
2026-10-05 11:19:35 | INFO     | OK https://skeb.jp/api/users/ekiaroll
2026-10-05 11:19:35 | INFO     | Saving at a/skeb/ekiaroll-caa0b8.json
2026-10-05 11:19:36 | INFO     | OK https://skeb.jp/api/users/fujikusa
2026-10-05 11:19:36 | INFO     | Saving at a/skeb/fujikusa-83956b.json
2026-10-05 11:19:37 | INFO     | OK https://skeb.jp/api/users/CXTQMjLhLA70302
2026-10-05 11:19:37 | INFO     | Saving at a/skeb/CXTQMjLhLA70302-3fd491.json
2026-10-05 11:19:38 | INFO     | OK https://skeb.jp/api/users/jita5max
2026-10-05 11:19:38 | INFO     | Saving at a/skeb/jita5max-2b58fd.json
2026-10-05 11:19:39 | INFO     | OK https://skeb.jp/api/users/raguel_41
2026-10-05 11:19:39 | INFO     | Saving at a/skeb/raguel_41-5bd246.json
2026-10-05 11:19:40 | INFO     | OK https://skeb.jp/api/users/hnohanz122
2026-10-05 11:19:40 | INFO     | Saving at a/skeb/hnohanz122-2216ae.json
2026-10-05 11:19:41 | INFO     | OK https://skeb.jp/api/users/Myo_005
2026-10-05 11:19:41 | INFO     | Saving at a/skeb/Myo_005-666039.json
2026-10-05 11:19:42 | INFO     | OK https://skeb.jp/api/users/origami45554722
2026-10-05 11:19:42 | INFO     | Saving at a/skeb/origami45554722-58895a.json
2026-10-05 11:19:43 | INFO     | OK https://skeb.jp/api/users/tsukihonobo_no
2026-10-05 11:19:43 | INFO     | Saving at a/skeb/tsukihonobo_no-1eeeb1.json
2026-10-05 11:19:44 | INFO     | OK https://skeb.jp/api/users/yyy_fukuzawa
2026-10-05 11:19:44 | INFO     | Saving at a/skeb/yyy_fukuzawa-d2de00.json
2026-10-05 11:19:45 | INFO     | OK https://skeb.jp/api/users/ymtm28
2026-10-05 11:19:45 | INFO     | Saving at a/skeb/ymtm28-eb2d60.json
2026-10-05 11:19:46 | INFO     | OK https://skeb.jp/api/users/tarasuketarawo
2026-10-05 11:19:46 | INFO     | Saving at a/skeb/tarasuketarawo-4d89f3.json
2026-10-05 11:19:47 | INFO     | OK https://skeb.jp/api/users/sio_anko2
2026-10-05 11:19:47 | INFO     | Saving at a/skeb/sio_anko2-ee49f3.json
2026-10-05 11:19:48 | INFO     | OK https://skeb.jp/api/users/regor_
2026-10-05 11:19:48 | INFO     | Saving at a/skeb/regor_-5fbbc7.json
2026-10-05 11:19:49 | INFO     | OK https://skeb.jp/api/users/IDK_kun
2026-10-05 11:19:49 | INFO     | Saving at a/skeb/IDK_kun-f748fc.json
2026-10-05 11:19:50 | INFO     | OK https://skeb.jp/api/users/nejumipro
2026-10-05 11:19:50 | INFO     | Saving at a/skeb/nejumipro-5aea2b.json
2026-10-05 11:19:51 | INFO     | OK https://skeb.jp/api/users/kahi9317
2026-10-05 11:19:51 | INFO     | Saving at a/skeb/kahi9317-229f5f.json
2026-10-05 11:19:52 | INFO     | OK https://skeb.jp/api/users/gmml66
2026-10-05 11:19:52 | INFO     | Saving at a/skeb/gmml66-a6d435.json
2026-10-05 11:19:53 | INFO     | OK https://skeb.jp/api/users/zettai22
2026-10-05 11:19:53 | INFO     | Saving at a/skeb/zettai22-728462.json
2026-10-05 11:19:54 | INFO     | OK https://skeb.jp/api/users/inkyanandayone
2026-10-05 11:19:54 | INFO     | Saving at a/skeb/inkyanandayone-78476b.json
2026-10-05 11:19:55 | INFO     | OK https://skeb.jp/api/users/kuro_sha_
2026-10-05 11:19:55 | INFO     | Saving at a/skeb/kuro_sha_-fdde15.json
2026-10-05 11:19:56 | INFO     | OK https://skeb.jp/api/users/honya6
2026-10-05 11:19:56 | INFO     | Saving at a/skeb/honya6-0a3cf1.json
2026-10-05 11:19:57 | INFO     | OK https://skeb.jp/api/users/Ba9ama
2026-10-05 11:19:57 | INFO     | Saving at a/skeb/Ba9ama-29f103.json
2026-10-05 11:19:58 | INFO     | OK https://skeb.jp/api/users/takosuke4chan
2026-10-05 11:19:58 | INFO     | Saving at a/skeb/takosuke4chan-d93687.json
2026-10-05 11:19:59 | INFO     | OK https://skeb.jp/api/users/mumumo6
2026-10-05 11:19:59 | INFO     | Saving at a/skeb/mumumo6-880dc0.json
2026-10-05 11:20:00 | INFO     | OK https://skeb.jp/api/users/0v0_mugi0318
2026-10-05 11:20:00 | INFO     | Saving at a/skeb/0v0_mugi0318-b8ffbb.json
2026-10-05 11:20:01 | INFO     | OK https://skeb.jp/api/users/kmnkm_g
2026-10-05 11:20:01 | INFO     | Saving at a/skeb/kmnkm_g-5e868f.json
2026-10-05 11:20:02 | INFO     | OK https://skeb.jp/api/users/TOMATO_20254649
2026-10-05 11:20:02 | INFO     | Saving at a/skeb/TOMATO_20254649-e813ae.json
2026-10-05 11:20:03 | INFO     | OK https://skeb.jp/api/users/megechan
2026-10-05 11:20:03 | INFO     | Saving at a/skeb/megechan-f636ae.json
2026-10-05 11:20:04 | INFO     | OK https://skeb.jp/api/users/wa_nushi
2026-10-05 11:20:04 | INFO     | Saving at a/skeb/wa_nushi-9cf2f3.json
2026-10-05 11:20:05 | INFO     | OK https://skeb.jp/api/users/KeyroC0C0
2026-10-05 11:20:05 | INFO     | Saving at a/skeb/KeyroC0C0-05e124.json
2026-10-05 11:20:06 | INFO     | OK https://skeb.jp/api/users/w_njg
2026-10-05 11:20:06 | INFO     | Saving at a/skeb/w_njg-5faa36.json
2026-10-05 11:20:07 | INFO     | OK https://skeb.jp/api/users/MMQ
2026-10-05 11:20:07 | INFO     | Saving at a/skeb/MMQ-df2d6a.json
2026-10-05 11:20:08 | INFO     | OK https://skeb.jp/api/users/amatoutei_18
2026-10-05 11:20:08 | INFO     | Saving at a/skeb/amatoutei_18-482287.json
2026-10-05 11:20:09 | INFO     | OK https://skeb.jp/api/users/iDalol490
2026-10-05 11:20:09 | INFO     | Saving at a/skeb/iDalol490-a87cef.json
2026-10-05 11:20:10 | INFO     | OK https://skeb.jp/api/users/nanamaru70000
2026-10-05 11:20:10 | INFO     | Saving at a/skeb/nanamaru70000-174ab4.json
2026-10-05 11:20:11 | INFO     | OK https://skeb.jp/api/users/MxDQaSppBZpKWwe
2026-10-05 11:20:11 | INFO     | Saving at a/skeb/MxDQaSppBZpKWwe-4ca684.json
2026-10-05 11:20:12 | INFO     | OK https://skeb.jp/api/users/Tsurugi_muda
2026-10-05 11:20:12 | INFO     | Saving at a/skeb/Tsurugi_muda-77c687.json
2026-10-05 11:20:13 | INFO     | OK https://skeb.jp/api/users/ennheione
2026-10-05 11:20:13 | INFO     | Saving at a/skeb/ennheione-dcdfd8.json
2026-10-05 11:20:14 | INFO     | OK https://skeb.jp/api/users/suuxrin
2026-10-05 11:20:14 | INFO     | Saving at a/skeb/suuxrin-5809c9.json
2026-10-05 11:20:15 | INFO     | OK https://skeb.jp/api/users/kona87art
2026-10-05 11:20:15 | INFO     | Saving at a/skeb/kona87art-9e1162.json
2026-10-05 11:20:16 | INFO     | OK https://skeb.jp/api/users/chibichan_TRPG
2026-10-05 11:20:16 | INFO     | Saving at a/skeb/chibichan_TRPG-5f3749.json
2026-10-05 11:20:17 | INFO     | OK https://skeb.jp/api/users/72kawakita
2026-10-05 11:20:17 | INFO     | Saving at a/skeb/72kawakita-540a38.json
2026-10-05 11:20:18 | INFO     | OK https://skeb.jp/api/users/ouiahha_
2026-10-05 11:20:18 | INFO     | Saving at a/skeb/ouiahha_-82715c.json
2026-10-05 11:20:19 | INFO     | OK https://skeb.jp/api/users/graffitiGW
2026-10-05 11:20:19 | INFO     | Saving at a/skeb/graffitiGW-a6a03f.json
2026-10-05 11:20:20 | INFO     | OK https://skeb.jp/api/users/kohapano
2026-10-05 11:20:20 | INFO     | Saving at a/skeb/kohapano-8de25c.json
2026-10-05 11:20:21 | INFO     | OK https://skeb.jp/api/users/kskfragile
2026-10-05 11:20:21 | INFO     | Saving at a/skeb/kskfragile-d58997.json
2026-10-05 11:20:22 | INFO     | OK https://skeb.jp/api/users/kangaetyuda4
2026-10-05 11:20:22 | INFO     | Saving at a/skeb/kangaetyuda4-dd8d7f.json
2026-10-05 11:20:23 | INFO     | OK https://skeb.jp/api/users/yu004k
2026-10-05 11:20:23 | INFO     | Saving at a/skeb/yu004k-5ee2f3.json
2026-10-05 11:20:24 | INFO     | OK https://skeb.jp/api/users/Takayana_vr
2026-10-05 11:20:24 | INFO     | Saving at a/skeb/Takayana_vr-80287a.json
2026-10-05 11:20:25 | INFO     | OK https://skeb.jp/api/users/chin2_pork
2026-10-05 11:20:25 | INFO     | Saving at a/skeb/chin2_pork-37f6f3.json
2026-10-05 11:20:26 | INFO     | OK https://skeb.jp/api/users/kaga_kazuna
2026-10-05 11:20:26 | INFO     | Saving at a/skeb/kaga_kazuna-f1c087.json
2026-10-05 11:20:27 | INFO     | OK https://skeb.jp/api/users/setakoke
2026-10-05 11:20:27 | INFO     | Saving at a/skeb/setakoke-e35b77.json
2026-10-05 11:20:28 | INFO     | OK https://skeb.jp/api/users/chanOdaO
2026-10-05 11:20:28 | INFO     | Saving at a/skeb/chanOdaO-743251.json
2026-10-05 11:20:29 | INFO     | OK https://skeb.jp/api/users/lz__nyn
2026-10-05 11:20:29 | INFO     | Saving at a/skeb/lz__nyn-336b54.json
2026-10-05 11:20:30 | INFO     | OK https://skeb.jp/api/users/kagami_c62
2026-10-05 11:20:30 | INFO     | Saving at a/skeb/kagami_c62-4402d8.json
2026-10-05 11:20:31 | INFO     | OK https://skeb.jp/api/users/9so3go
2026-10-05 11:20:31 | INFO     | Saving at a/skeb/9so3go-a14416.json
2026-10-05 11:20:32 | INFO     | OK https://skeb.jp/api/users/ruokka034
2026-10-05 11:20:32 | INFO     | Saving at a/skeb/ruokka034-0d47dd.json
2026-10-05 11:20:33 | INFO     | OK https://skeb.jp/api/users/irorixc
2026-10-05 11:20:33 | INFO     | Saving at a/skeb/irorixc-bc0f2a.json
2026-10-05 11:20:34 | INFO     | OK https://skeb.jp/api/users/us2_uoxo
2026-10-05 11:20:34 | INFO     | Saving at a/skeb/us2_uoxo-092daf.json
2026-10-05 11:20:35 | INFO     | OK https://skeb.jp/api/users/Sa_3987
2026-10-05 11:20:35 | INFO     | Saving at a/skeb/Sa_3987-b1f412.json
2026-10-05 11:20:36 | INFO     | OK https://skeb.jp/api/users/Ima4nal
2026-10-05 11:20:36 | INFO     | Saving at a/skeb/Ima4nal-f05284.json
2026-10-05 11:20:37 | INFO     | OK https://skeb.jp/api/users/punipuniloan
2026-10-05 11:20:37 | INFO     | Saving at a/skeb/punipuniloan-6f0224.json
2026-10-05 11:20:38 | INFO     | OK https://skeb.jp/api/users/xiuix444
2026-10-05 11:20:38 | INFO     | Saving at a/skeb/xiuix444-2f9844.json
2026-10-05 11:20:39 | INFO     | OK https://skeb.jp/api/users/tukumo1019
2026-10-05 11:20:39 | INFO     | Saving at a/skeb/tukumo1019-84d790.json
2026-10-05 11:20:40 | INFO     | OK https://skeb.jp/api/users/CBvsMechaCB
2026-10-05 11:20:40 | INFO     | Saving at a/skeb/CBvsMechaCB-a06835.json
2026-10-05 11:20:41 | INFO     | OK https://skeb.jp/api/users/_ng3b
2026-10-05 11:20:41 | INFO     | Saving at a/skeb/_ng3b-03dea1.json
2026-10-05 11:20:42 | INFO     | OK https://skeb.jp/api/users/karatsuki_fox
2026-10-05 11:20:42 | INFO     | Saving at a/skeb/karatsuki_fox-609259.json
2026-10-05 11:20:43 | INFO     | OK https://skeb.jp/api/users/hamo03_X
2026-10-05 11:20:43 | INFO     | Saving at a/skeb/hamo03_X-22dfd1.json
2026-10-05 11:20:44 | INFO     | OK https://skeb.jp/api/users/_PECOROOM2_
2026-10-05 11:20:44 | INFO     | Saving at a/skeb/_PECOROOM2_-e8950e.json
2026-10-05 11:20:45 | INFO     | OK https://skeb.jp/api/users/jashinstudio
2026-10-05 11:20:45 | INFO     | Saving at a/skeb/jashinstudio-6e3814.json
2026-10-05 11:20:46 | INFO     | OK https://skeb.jp/api/users/horie_ga_sky
2026-10-05 11:20:46 | INFO     | Saving at a/skeb/horie_ga_sky-516412.json
2026-10-05 11:20:47 | INFO     | OK https://skeb.jp/api/users/nana178
2026-10-05 11:20:47 | INFO     | Saving at a/skeb/nana178-baf4e2.json
2026-10-05 11:20:48 | INFO     | OK https://skeb.jp/api/users/llllpqpqllll
2026-10-05 11:20:48 | INFO     | Saving at a/skeb/llllpqpqllll-38d79b.json
2026-10-05 11:20:49 | INFO     | OK https://skeb.jp/api/users/CheapAction2d
2026-10-05 11:20:49 | INFO     | Saving at a/skeb/CheapAction2d-f22a85.json
2026-10-05 11:20:50 | INFO     | OK https://skeb.jp/api/users/eupha_cc
2026-10-05 11:20:50 | INFO     | Saving at a/skeb/eupha_cc-f90259.json
2026-10-05 11:20:51 | INFO     | OK https://skeb.jp/api/users/kedamaton_
2026-10-05 11:20:51 | INFO     | Saving at a/skeb/kedamaton_-4bf417.json
2026-10-05 11:20:52 | INFO     | OK https://skeb.jp/api/users/ug23390055
2026-10-05 11:20:52 | INFO     | Saving at a/skeb/ug23390055-adc0b1.json
2026-10-05 11:20:53 | INFO     | OK https://skeb.jp/api/users/chameleonrock
2026-10-05 11:20:53 | INFO     | Saving at a/skeb/chameleonrock-bd53cc.json
2026-10-05 11:20:54 | INFO     | OK https://skeb.jp/api/users/aaa_1122
2026-10-05 11:20:54 | INFO     | Saving at a/skeb/aaa_1122-382f7b.json
2026-10-05 11:20:55 | INFO     | OK https://skeb.jp/api/users/ci7Hi9n03_999
2026-10-05 11:20:55 | INFO     | Saving at a/skeb/ci7Hi9n03_999-311c7d.json
2026-10-05 11:20:56 | INFO     | OK https://skeb.jp/api/users/100sukoyaka
2026-10-05 11:20:56 | INFO     | Saving at a/skeb/100sukoyaka-82e694.json
2026-10-05 11:20:57 | INFO     | OK https://skeb.jp/api/users/lI6574839201
2026-10-05 11:20:57 | INFO     | Saving at a/skeb/lI6574839201-e9dad1.json
2026-10-05 11:20:58 | INFO     | OK https://skeb.jp/api/users/71TZaBLHqx
2026-10-05 11:20:58 | INFO     | Saving at a/skeb/71TZaBLHqx-253b97.json
2026-10-05 11:20:59 | INFO     | OK https://skeb.jp/api/users/chokkakudon
2026-10-05 11:20:59 | INFO     | Saving at a/skeb/chokkakudon-13703e.json
2026-10-05 11:21:00 | INFO     | OK https://skeb.jp/api/users/nyon_maru0
2026-10-05 11:21:00 | INFO     | Saving at a/skeb/nyon_maru0-a755a8.json
2026-10-05 11:21:01 | INFO     | OK https://skeb.jp/api/users/_er___
2026-10-05 11:21:01 | INFO     | Saving at a/skeb/_er___-7b565c.json
2026-10-05 11:21:02 | INFO     | OK https://skeb.jp/api/users/Sim4562
2026-10-05 11:21:02 | INFO     | Saving at a/skeb/Sim4562-3fb050.json
2026-10-05 11:21:03 | INFO     | OK https://skeb.jp/api/users/grgrton
2026-10-05 11:21:03 | INFO     | Saving at a/skeb/grgrton-533673.json
2026-10-05 11:21:04 | INFO     | OK https://skeb.jp/api/users/sochin_douji
2026-10-05 11:21:04 | INFO     | Saving at a/skeb/sochin_douji-1373d5.json
2026-10-05 11:21:05 | INFO     | OK https://skeb.jp/api/users/broiler_u
2026-10-05 11:21:05 | INFO     | Saving at a/skeb/broiler_u-100311.json
2026-10-05 11:21:06 | INFO     | OK https://skeb.jp/api/users/uzurakake
2026-10-05 11:21:06 | INFO     | Saving at a/skeb/uzurakake-37866c.json
2026-10-05 11:21:07 | INFO     | OK https://skeb.jp/api/users/dqpo
2026-10-05 11:21:07 | INFO     | Saving at a/skeb/dqpo-542865.json
2026-10-05 11:21:08 | INFO     | OK https://skeb.jp/api/users/shion__art
2026-10-05 11:21:08 | INFO     | Saving at a/skeb/shion__art-1bdf9f.json
2026-10-05 11:21:09 | INFO     | OK https://skeb.jp/api/users/6__aaaaaa
2026-10-05 11:21:09 | INFO     | Saving at a/skeb/6__aaaaaa-1218f1.json
2026-10-05 11:21:10 | INFO     | OK https://skeb.jp/api/users/juZbAs03zdSqTJy
2026-10-05 11:21:10 | INFO     | Saving at a/skeb/juZbAs03zdSqTJy-c75aa1.json
2026-10-05 11:21:11 | INFO     | OK https://skeb.jp/api/users/k4rn_n
2026-10-05 11:21:11 | INFO     | Saving at a/skeb/k4rn_n-661c82.json
2026-10-05 11:21:12 | INFO     | OK https://skeb.jp/api/users/Yuugenn0023
2026-10-05 11:21:12 | INFO     | Saving at a/skeb/Yuugenn0023-539f0b.json
2026-10-05 11:21:13 | INFO     | OK https://skeb.jp/api/users/sadg0o
2026-10-05 11:21:13 | INFO     | Saving at a/skeb/sadg0o-fe4a98.json
2026-10-05 11:21:14 | INFO     | OK https://skeb.jp/api/users/mr_ayarabbit
2026-10-05 11:21:14 | INFO     | Saving at a/skeb/mr_ayarabbit-f2ad92.json
2026-10-05 11:21:15 | INFO     | OK https://skeb.jp/api/users/Gg2Sol
2026-10-05 11:21:15 | INFO     | Saving at a/skeb/Gg2Sol-5ca1a1.json
2026-10-05 11:21:16 | INFO     | OK https://skeb.jp/api/users/flisk1129
2026-10-05 11:21:16 | INFO     | Saving at a/skeb/flisk1129-f7b980.json
2026-10-05 11:21:17 | INFO     | OK https://skeb.jp/api/users/arrow__su
2026-10-05 11:21:17 | INFO     | Saving at a/skeb/arrow__su-46cb9f.json
2026-10-05 11:21:18 | INFO     | OK https://skeb.jp/api/users/hor1_U
2026-10-05 11:21:18 | INFO     | Saving at a/skeb/hor1_U-85118f.json
2026-10-05 11:21:19 | INFO     | OK https://skeb.jp/api/users/kazumimi56
2026-10-05 11:21:19 | INFO     | Saving at a/skeb/kazumimi56-0e026b.json
2026-10-05 11:21:20 | INFO     | OK https://skeb.jp/api/users/stsk_goodsmile
2026-10-05 11:21:20 | INFO     | Saving at a/skeb/stsk_goodsmile-24a454.json
2026-10-05 11:21:21 | INFO     | OK https://skeb.jp/api/users/0x0_yukimi
2026-10-05 11:21:21 | INFO     | Saving at a/skeb/0x0_yukimi-678192.json
2026-10-05 11:21:22 | INFO     | OK https://skeb.jp/api/users/isoi00
2026-10-05 11:21:22 | INFO     | Saving at a/skeb/isoi00-0f8e94.json
2026-10-05 11:21:23 | INFO     | OK https://skeb.jp/api/users/hamuuuko2
2026-10-05 11:21:23 | INFO     | Saving at a/skeb/hamuuuko2-02aff0.json
2026-10-05 11:21:24 | INFO     | OK https://skeb.jp/api/users/TakunDraws
2026-10-05 11:21:24 | INFO     | Saving at a/skeb/TakunDraws-c45f4f.json
2026-10-05 11:21:25 | INFO     | OK https://skeb.jp/api/users/Ri__tmm
2026-10-05 11:21:25 | INFO     | Saving at a/skeb/Ri__tmm-1a557c.json
2026-10-05 11:21:26 | INFO     | OK https://skeb.jp/api/users/RPS_dot
2026-10-05 11:21:26 | INFO     | Saving at a/skeb/RPS_dot-e58ec2.json
2026-10-05 11:21:27 | INFO     | OK https://skeb.jp/api/users/M7eQg
2026-10-05 11:21:27 | INFO     | Saving at a/skeb/M7eQg-cb28f1.json
2026-10-05 11:21:28 | INFO     | OK https://skeb.jp/api/users/mokokoiro
2026-10-05 11:21:28 | INFO     | Saving at a/skeb/mokokoiro-316b40.json
2026-10-05 11:21:29 | INFO     | OK https://skeb.jp/api/users/moth_crawling
2026-10-05 11:21:29 | INFO     | Saving at a/skeb/moth_crawling-3a39fb.json
2026-10-05 11:21:30 | INFO     | OK https://skeb.jp/api/users/a042_5
2026-10-05 11:21:30 | INFO     | Saving at a/skeb/a042_5-27a912.json
2026-10-05 11:21:31 | INFO     | OK https://skeb.jp/api/users/shi_029pan
2026-10-05 11:21:31 | INFO     | Saving at a/skeb/shi_029pan-c7f8cc.json
2026-10-05 11:21:32 | INFO     | OK https://skeb.jp/api/users/Guu8_
2026-10-05 11:21:32 | INFO     | Saving at a/skeb/Guu8_-fccdde.json
2026-10-05 11:21:33 | INFO     | OK https://skeb.jp/api/users/reianother
2026-10-05 11:21:33 | INFO     | Saving at a/skeb/reianother-4065e3.json
2026-10-05 11:21:34 | INFO     | OK https://skeb.jp/api/users/ranse237
2026-10-05 11:21:34 | INFO     | Saving at a/skeb/ranse237-372dc5.json
2026-10-05 11:21:35 | INFO     | OK https://skeb.jp/api/users/0nanaten
2026-10-05 11:21:35 | INFO     | Saving at a/skeb/0nanaten-7cbb6a.json
2026-10-05 11:21:36 | INFO     | OK https://skeb.jp/api/users/Clearis_Lou
2026-10-05 11:21:36 | INFO     | Saving at a/skeb/Clearis_Lou-4b87d2.json
2026-10-05 11:21:37 | INFO     | OK https://skeb.jp/api/users/DOnut_bone
2026-10-05 11:21:37 | INFO     | Saving at a/skeb/DOnut_bone-461aa7.json
2026-10-05 11:21:38 | INFO     | OK https://skeb.jp/api/users/yubi__saki
2026-10-05 11:21:38 | INFO     | Saving at a/skeb/yubi__saki-f0e03d.json
2026-10-05 11:21:39 | INFO     | OK https://skeb.jp/api/users/kirakiyorasub
2026-10-05 11:21:39 | INFO     | Saving at a/skeb/kirakiyorasub-fb1715.json
2026-10-05 11:21:40 | INFO     | OK https://skeb.jp/api/users/seochan333
2026-10-05 11:21:40 | INFO     | Saving at a/skeb/seochan333-a837f4.json
2026-10-05 11:21:41 | INFO     | OK https://skeb.jp/api/users/ayayami13
2026-10-05 11:21:41 | INFO     | Saving at a/skeb/ayayami13-461725.json
2026-10-05 11:21:42 | INFO     | OK https://skeb.jp/api/users/00tamakichi
2026-10-05 11:21:42 | INFO     | Saving at a/skeb/00tamakichi-8861dc.json
2026-10-05 11:21:43 | INFO     | OK https://skeb.jp/api/users/osushinotaiyaki
2026-10-05 11:21:43 | INFO     | Saving at a/skeb/osushinotaiyaki-feb623.json
2026-10-05 11:21:44 | INFO     | OK https://skeb.jp/api/users/hrozvitnir
2026-10-05 11:21:44 | INFO     | Saving at a/skeb/hrozvitnir-17aa2a.json
2026-10-05 11:21:45 | INFO     | OK https://skeb.jp/api/users/Ewig_ul
2026-10-05 11:21:45 | INFO     | Saving at a/skeb/Ewig_ul-15c44b.json
2026-10-05 11:21:46 | INFO     | OK https://skeb.jp/api/users/run___o___run
2026-10-05 11:21:46 | INFO     | Saving at a/skeb/run___o___run-b38955.json
2026-10-05 11:21:47 | INFO     | OK https://skeb.jp/api/users/wcv2
2026-10-05 11:21:47 | INFO     | Saving at a/skeb/wcv2-0748ba.json
2026-10-05 11:21:48 | INFO     | OK https://skeb.jp/api/users/Syaya_X
2026-10-05 11:21:48 | INFO     | Saving at a/skeb/Syaya_X-964f04.json
2026-10-05 11:21:49 | INFO     | OK https://skeb.jp/api/users/betugakuzonbi
2026-10-05 11:21:49 | INFO     | Saving at a/skeb/betugakuzonbi-dffc84.json
2026-10-05 11:21:50 | INFO     | OK https://skeb.jp/api/users/mumu_vosp
2026-10-05 11:21:50 | INFO     | Saving at a/skeb/mumu_vosp-f1e498.json
2026-10-05 11:21:51 | INFO     | OK https://skeb.jp/api/users/CekKf4
2026-10-05 11:21:51 | INFO     | Saving at a/skeb/CekKf4-513757.json
2026-10-05 11:21:52 | INFO     | OK https://skeb.jp/api/users/isami_mocochi
2026-10-05 11:21:52 | INFO     | Saving at a/skeb/isami_mocochi-08c681.json
2026-10-05 11:21:53 | INFO     | OK https://skeb.jp/api/users/narumoto__
2026-10-05 11:21:53 | INFO     | Saving at a/skeb/narumoto__-5e1cfe.json
2026-10-05 11:21:54 | INFO     | OK https://skeb.jp/api/users/kekkonsinasai
2026-10-05 11:21:54 | INFO     | Saving at a/skeb/kekkonsinasai-338cd6.json
2026-10-05 11:21:55 | INFO     | OK https://skeb.jp/api/users/RACCO_mgmg
2026-10-05 11:21:55 | INFO     | Saving at a/skeb/RACCO_mgmg-b128d2.json
2026-10-05 11:21:56 | INFO     | OK https://skeb.jp/api/users/ruka____illust
2026-10-05 11:21:56 | INFO     | Saving at a/skeb/ruka____illust-ef5b37.json
2026-10-05 11:21:57 | INFO     | OK https://skeb.jp/api/users/rnrrr_refu
2026-10-05 11:21:57 | INFO     | Saving at a/skeb/rnrrr_refu-7e920b.json
2026-10-05 11:21:58 | INFO     | OK https://skeb.jp/api/users/asana_2400
2026-10-05 11:21:58 | INFO     | Saving at a/skeb/asana_2400-90c4fc.json
2026-10-05 11:21:59 | INFO     | OK https://skeb.jp/api/users/anemone_nasu
2026-10-05 11:21:59 | INFO     | Saving at a/skeb/anemone_nasu-f34f4c.json
2026-10-05 11:22:00 | INFO     | OK https://skeb.jp/api/users/cuouo4u
2026-10-05 11:22:00 | INFO     | Saving at a/skeb/cuouo4u-7bd920.json
2026-10-05 11:22:01 | INFO     | OK https://skeb.jp/api/users/10rigar
2026-10-05 11:22:01 | INFO     | Saving at a/skeb/10rigar-2fbeda.json
2026-10-05 11:22:02 | INFO     | OK https://skeb.jp/api/users/778m
2026-10-05 11:22:02 | INFO     | Saving at a/skeb/778m-542f5f.json
2026-10-05 11:22:03 | INFO     | OK https://skeb.jp/api/users/azuki_mochi132
2026-10-05 11:22:03 | INFO     | Saving at a/skeb/azuki_mochi132-651818.json
2026-10-05 11:22:04 | INFO     | OK https://skeb.jp/api/users/ashi_kare
2026-10-05 11:22:04 | INFO     | Saving at a/skeb/ashi_kare-a6dc3a.json
2026-10-05 11:22:05 | INFO     | OK https://skeb.jp/api/users/4_p8w
2026-10-05 11:22:05 | INFO     | Saving at a/skeb/4_p8w-d739ca.json
2026-10-05 11:22:06 | INFO     | OK https://skeb.jp/api/users/87____ym
2026-10-05 11:22:06 | INFO     | Saving at a/skeb/87____ym-6d6a18.json
2026-10-05 11:22:07 | INFO     | OK https://skeb.jp/api/users/non_k02
2026-10-05 11:22:07 | INFO     | Saving at a/skeb/non_k02-83dbb1.json
2026-10-05 11:22:08 | INFO     | OK https://skeb.jp/api/users/tea_898
2026-10-05 11:22:08 | INFO     | Saving at a/skeb/tea_898-924544.json
2026-10-05 11:22:09 | INFO     | OK https://skeb.jp/api/users/kandan150
2026-10-05 11:22:09 | INFO     | Saving at a/skeb/kandan150-26c8ce.json
2026-10-05 11:22:10 | INFO     | OK https://skeb.jp/api/users/hanurudesu
2026-10-05 11:22:10 | INFO     | Saving at a/skeb/hanurudesu-c1f1cd.json
2026-10-05 11:22:11 | INFO     | OK https://skeb.jp/api/users/lu2_sub
2026-10-05 11:22:11 | INFO     | Saving at a/skeb/lu2_sub-230f67.json
2026-10-05 11:22:12 | INFO     | OK https://skeb.jp/api/users/saltryuchan
2026-10-05 11:22:12 | INFO     | Saving at a/skeb/saltryuchan-34e00d.json
2026-10-05 11:22:13 | INFO     | OK https://skeb.jp/api/users/Orca__714
2026-10-05 11:22:13 | INFO     | Saving at a/skeb/Orca__714-437d98.json
2026-10-05 11:22:14 | INFO     | OK https://skeb.jp/api/users/amaetaiyo33
2026-10-05 11:22:14 | INFO     | Saving at a/skeb/amaetaiyo33-8dfbb9.json
2026-10-05 11:22:15 | INFO     | OK https://skeb.jp/api/users/s0_0ly_
2026-10-05 11:22:15 | INFO     | Saving at a/skeb/s0_0ly_-72d7df.json
2026-10-05 11:22:16 | INFO     | OK https://skeb.jp/api/users/namegnsn133
2026-10-05 11:22:16 | INFO     | Saving at a/skeb/namegnsn133-3019d7.json
2026-10-05 11:22:17 | INFO     | OK https://skeb.jp/api/users/modeler3622
2026-10-05 11:22:17 | INFO     | Saving at a/skeb/modeler3622-bad338.json
2026-10-05 11:22:18 | INFO     | OK https://skeb.jp/api/users/ishbahn0
2026-10-05 11:22:18 | INFO     | Saving at a/skeb/ishbahn0-f32405.json
2026-10-05 11:22:19 | INFO     | OK https://skeb.jp/api/users/yamato_mp
2026-10-05 11:22:19 | INFO     | Saving at a/skeb/yamato_mp-fbfc67.json
2026-10-05 11:22:20 | INFO     | OK https://skeb.jp/api/users/miko_suuuuu
2026-10-05 11:22:20 | INFO     | Saving at a/skeb/miko_suuuuu-41934d.json
2026-10-05 11:22:21 | INFO     | OK https://skeb.jp/api/users/Inu_muchamucha
2026-10-05 11:22:21 | INFO     | Saving at a/skeb/Inu_muchamucha-a92a9b.json
2026-10-05 11:22:22 | INFO     | OK https://skeb.jp/api/users/b_tks3
2026-10-05 11:22:22 | INFO     | Saving at a/skeb/b_tks3-748407.json
2026-10-05 11:22:23 | INFO     | OK https://skeb.jp/api/users/kyokounohit0
2026-10-05 11:22:23 | INFO     | Saving at a/skeb/kyokounohit0-154bce.json
2026-10-05 11:22:24 | INFO     | OK https://skeb.jp/api/users/8kitate
2026-10-05 11:22:24 | INFO     | Saving at a/skeb/8kitate-119109.json
2026-10-05 11:22:25 | INFO     | OK https://skeb.jp/api/users/noi_ru
2026-10-05 11:22:25 | INFO     | Saving at a/skeb/noi_ru-ba6495.json
2026-10-05 11:22:26 | INFO     | OK https://skeb.jp/api/users/Tar_tetete
2026-10-05 11:22:26 | INFO     | Saving at a/skeb/Tar_tetete-7da6f9.json
2026-10-05 11:22:27 | INFO     | OK https://skeb.jp/api/users/love0craft
2026-10-05 11:22:27 | INFO     | Saving at a/skeb/love0craft-906e0d.json
2026-10-05 11:22:28 | INFO     | OK https://skeb.jp/api/users/mogahonu
2026-10-05 11:22:28 | INFO     | Saving at a/skeb/mogahonu-37d6d1.json
2026-10-05 11:22:29 | INFO     | OK https://skeb.jp/api/users/jin_morisono
2026-10-05 11:22:29 | INFO     | Saving at a/skeb/jin_morisono-ce12fa.json
2026-10-05 11:22:30 | INFO     | OK https://skeb.jp/api/users/saniiiwan
2026-10-05 11:22:30 | INFO     | Saving at a/skeb/saniiiwan-8f9f04.json
2026-10-05 11:22:31 | INFO     | OK https://skeb.jp/api/users/VAZ_999
2026-10-05 11:22:31 | INFO     | Saving at a/skeb/VAZ_999-f73c16.json
2026-10-05 11:22:32 | INFO     | OK https://skeb.jp/api/users/lulu_akituki
2026-10-05 11:22:32 | INFO     | Saving at a/skeb/lulu_akituki-60c122.json
2026-10-05 11:22:33 | INFO     | OK https://skeb.jp/api/users/hiiragik
2026-10-05 11:22:33 | INFO     | Saving at a/skeb/hiiragik-9e83f1.json
2026-10-05 11:22:34 | INFO     | OK https://skeb.jp/api/users/dododonnguri
2026-10-05 11:22:34 | INFO     | Saving at a/skeb/dododonnguri-240345.json
2026-10-05 11:22:35 | INFO     | OK https://skeb.jp/api/users/01gaaa
2026-10-05 11:22:35 | INFO     | Saving at a/skeb/01gaaa-44432d.json
2026-10-05 11:22:36 | INFO     | OK https://skeb.jp/api/users/B_A_9_X
2026-10-05 11:22:36 | INFO     | Saving at a/skeb/B_A_9_X-de8256.json
2026-10-05 11:22:37 | INFO     | OK https://skeb.jp/api/users/mich_kj
2026-10-05 11:22:37 | INFO     | Saving at a/skeb/mich_kj-891adf.json
2026-10-05 11:22:38 | INFO     | OK https://skeb.jp/api/users/momia_hair
2026-10-05 11:22:38 | INFO     | Saving at a/skeb/momia_hair-371a4d.json
2026-10-05 11:22:39 | INFO     | OK https://skeb.jp/api/users/neko_i_i_
2026-10-05 11:22:39 | INFO     | Saving at a/skeb/neko_i_i_-3a5c45.json
2026-10-05 11:22:40 | INFO     | OK https://skeb.jp/api/users/guranootu
2026-10-05 11:22:40 | INFO     | Saving at a/skeb/guranootu-55cbe8.json
2026-10-05 11:22:41 | INFO     | OK https://skeb.jp/api/users/arumi__T_T
2026-10-05 11:22:41 | INFO     | Saving at a/skeb/arumi__T_T-9c5c5e.json
2026-10-05 11:22:42 | INFO     | OK https://skeb.jp/api/users/maco_mag
2026-10-05 11:22:42 | INFO     | Saving at a/skeb/maco_mag-eb30ce.json
2026-10-05 11:22:43 | INFO     | OK https://skeb.jp/api/users/prsna__
2026-10-05 11:22:43 | INFO     | Saving at a/skeb/prsna__-e4d917.json
2026-10-05 11:22:44 | INFO     | OK https://skeb.jp/api/users/hunwariuetto
2026-10-05 11:22:44 | INFO     | Saving at a/skeb/hunwariuetto-66c278.json
2026-10-05 11:22:45 | INFO     | OK https://skeb.jp/api/users/Azsn10
2026-10-05 11:22:45 | INFO     | Saving at a/skeb/Azsn10-b98512.json
2026-10-05 11:22:46 | INFO     | OK https://skeb.jp/api/users/nnksik_
2026-10-05 11:22:46 | INFO     | Saving at a/skeb/nnksik_-b30a24.json
2026-10-05 11:22:47 | INFO     | OK https://skeb.jp/api/users/Fuyu_2320
2026-10-05 11:22:47 | INFO     | Saving at a/skeb/Fuyu_2320-d6e709.json
2026-10-05 11:22:48 | INFO     | OK https://skeb.jp/api/users/DosukebeRabbit
2026-10-05 11:22:48 | INFO     | Saving at a/skeb/DosukebeRabbit-b39931.json
2026-10-05 11:22:49 | INFO     | OK https://skeb.jp/api/users/Tyone29
2026-10-05 11:22:49 | INFO     | Saving at a/skeb/Tyone29-f22dcf.json
2026-10-05 11:22:50 | INFO     | OK https://skeb.jp/api/users/takasinanana
2026-10-05 11:22:50 | INFO     | Saving at a/skeb/takasinanana-d030ba.json
2026-10-05 11:22:51 | INFO     | OK https://skeb.jp/api/users/huyunosabu
2026-10-05 11:22:51 | INFO     | Saving at a/skeb/huyunosabu-f0d61f.json
2026-10-05 11:22:52 | INFO     | OK https://skeb.jp/api/users/SakuraYuki_Lily
2026-10-05 11:22:52 | INFO     | Saving at a/skeb/SakuraYuki_Lily-c3e20d.json
2026-10-05 11:22:53 | INFO     | OK https://skeb.jp/api/users/yyy
2026-10-05 11:22:53 | INFO     | Saving at a/skeb/yyy-f0a405.json
2026-10-05 11:22:54 | INFO     | OK https://skeb.jp/api/users/Atzrb
2026-10-05 11:22:54 | INFO     | Saving at a/skeb/Atzrb-b5ef25.json
2026-10-05 11:22:55 | INFO     | OK https://skeb.jp/api/users/chikichikinkin
2026-10-05 11:22:55 | INFO     | Saving at a/skeb/chikichikinkin-6282de.json
2026-10-05 11:22:56 | INFO     | OK https://skeb.jp/api/users/y0m1024
2026-10-05 11:22:56 | INFO     | Saving at a/skeb/y0m1024-2866fb.json
2026-10-05 11:22:57 | INFO     | OK https://skeb.jp/api/users/Kyarako_0220
2026-10-05 11:22:57 | INFO     | Saving at a/skeb/Kyarako_0220-228fbf.json
2026-10-05 11:22:58 | INFO     | OK https://skeb.jp/api/users/SakumaGinmaru
2026-10-05 11:22:58 | INFO     | Saving at a/skeb/SakumaGinmaru-b9214f.json
2026-10-05 11:22:59 | INFO     | OK https://skeb.jp/api/users/suikaoishisugi
2026-10-05 11:22:59 | INFO     | Saving at a/skeb/suikaoishisugi-56d148.json
2026-10-05 11:23:00 | INFO     | OK https://skeb.jp/api/users/koma9ma_koma
2026-10-05 11:23:00 | INFO     | Saving at a/skeb/koma9ma_koma-f82670.json
2026-10-05 11:23:01 | INFO     | OK https://skeb.jp/api/users/dog_iinioi
2026-10-05 11:23:01 | INFO     | Saving at a/skeb/dog_iinioi-3813c4.json
2026-10-05 11:23:02 | INFO     | OK https://skeb.jp/api/users/yasagurenoriko
2026-10-05 11:23:02 | INFO     | Saving at a/skeb/yasagurenoriko-eba1d5.json
2026-10-05 11:23:03 | INFO     | OK https://skeb.jp/api/users/umasiodare2
2026-10-05 11:23:03 | INFO     | Saving at a/skeb/umasiodare2-86a8df.json
2026-10-05 11:23:04 | INFO     | OK https://skeb.jp/api/users/ichiroku_1
2026-10-05 11:23:04 | INFO     | Saving at a/skeb/ichiroku_1-15bc45.json
2026-10-05 11:23:05 | INFO     | OK https://skeb.jp/api/users/kura_shiba_
2026-10-05 11:23:05 | INFO     | Saving at a/skeb/kura_shiba_-0285a4.json
2026-10-05 11:23:06 | INFO     | OK https://skeb.jp/api/users/greenkid32000
2026-10-05 11:23:06 | INFO     | Saving at a/skeb/greenkid32000-529145.json
2026-10-05 11:23:07 | INFO     | OK https://skeb.jp/api/users/SHITAPPA0120
2026-10-05 11:23:07 | INFO     | Saving at a/skeb/SHITAPPA0120-b7fe81.json
2026-10-05 11:23:08 | INFO     | OK https://skeb.jp/api/users/hruz59
2026-10-05 11:23:08 | INFO     | Saving at a/skeb/hruz59-c0888f.json
2026-10-05 11:23:09 | INFO     | OK https://skeb.jp/api/users/ichiru_ruchi
2026-10-05 11:23:09 | INFO     | Saving at a/skeb/ichiru_ruchi-a87a0b.json
2026-10-05 11:23:10 | INFO     | OK https://skeb.jp/api/users/VaMi_exk
2026-10-05 11:23:10 | INFO     | Saving at a/skeb/VaMi_exk-e16e2c.json
2026-10-05 11:23:11 | INFO     | OK https://skeb.jp/api/users/G0zeNA
2026-10-05 11:23:11 | INFO     | Saving at a/skeb/G0zeNA-ffdea8.json
2026-10-05 11:23:12 | INFO     | OK https://skeb.jp/api/users/teppopo_trpg
2026-10-05 11:23:12 | INFO     | Saving at a/skeb/teppopo_trpg-f5ac93.json
2026-10-05 11:23:13 | INFO     | OK https://skeb.jp/api/users/szk_cell
2026-10-05 11:23:13 | INFO     | Saving at a/skeb/szk_cell-b93dc3.json
2026-10-05 11:23:14 | INFO     | OK https://skeb.jp/api/users/elobeidzip
2026-10-05 11:23:14 | INFO     | Saving at a/skeb/elobeidzip-92f56c.json
2026-10-05 11:23:15 | INFO     | OK https://skeb.jp/api/users/nonococom
2026-10-05 11:23:15 | INFO     | Saving at a/skeb/nonococom-4ca234.json
2026-10-05 11:23:16 | INFO     | OK https://skeb.jp/api/users/kumano_yonayona
2026-10-05 11:23:16 | INFO     | Saving at a/skeb/kumano_yonayona-6b48ed.json
2026-10-05 11:23:17 | INFO     | OK https://skeb.jp/api/users/tare_pare
2026-10-05 11:23:17 | INFO     | Saving at a/skeb/tare_pare-95e58e.json
2026-10-05 11:23:18 | INFO     | OK https://skeb.jp/api/users/u_n_diavolo_
2026-10-05 11:23:18 | INFO     | Saving at a/skeb/u_n_diavolo_-b32f4a.json
2026-10-05 11:23:19 | INFO     | OK https://skeb.jp/api/users/m_i______y_a
2026-10-05 11:23:19 | INFO     | Saving at a/skeb/m_i______y_a-7dee59.json
2026-10-05 11:23:20 | INFO     | OK https://skeb.jp/api/users/ealun_zatta
2026-10-05 11:23:20 | INFO     | Saving at a/skeb/ealun_zatta-9e9bfa.json
2026-10-05 11:23:21 | INFO     | OK https://skeb.jp/api/users/runanya_vann
2026-10-05 11:23:21 | INFO     | Saving at a/skeb/runanya_vann-13dc42.json
2026-10-05 11:23:22 | INFO     | OK https://skeb.jp/api/users/HizauraDelta
2026-10-05 11:23:22 | INFO     | Saving at a/skeb/HizauraDelta-60dc2f.json
2026-10-05 11:23:23 | INFO     | OK https://skeb.jp/api/users/Hitome_miru
2026-10-05 11:23:23 | INFO     | Saving at a/skeb/Hitome_miru-33eb96.json
2026-10-05 11:23:24 | INFO     | OK https://skeb.jp/api/users/maruken_xx
2026-10-05 11:23:24 | INFO     | Saving at a/skeb/maruken_xx-c84309.json
2026-10-05 11:23:25 | INFO     | OK https://skeb.jp/api/users/Mikasumi_3590
2026-10-05 11:23:25 | INFO     | Saving at a/skeb/Mikasumi_3590-13fbd7.json
2026-10-05 11:23:26 | INFO     | OK https://skeb.jp/api/users/rororollmein
2026-10-05 11:23:26 | INFO     | Saving at a/skeb/rororollmein-db1b72.json
2026-10-05 11:23:27 | INFO     | OK https://skeb.jp/api/users/Simplelove00913
2026-10-05 11:23:27 | INFO     | Saving at a/skeb/Simplelove00913-c1cf7a.json
2026-10-05 11:23:28 | INFO     | OK https://skeb.jp/api/users/yuri_fuwari
2026-10-05 11:23:28 | INFO     | Saving at a/skeb/yuri_fuwari-35706b.json
2026-10-05 11:23:29 | INFO     | OK https://skeb.jp/api/users/Hageashi777
2026-10-05 11:23:29 | INFO     | Saving at a/skeb/Hageashi777-e9a3d5.json
2026-10-05 11:23:30 | INFO     | OK https://skeb.jp/api/users/M4r_4ro
2026-10-05 11:23:30 | INFO     | Saving at a/skeb/M4r_4ro-18457a.json
2026-10-05 11:23:31 | INFO     | OK https://skeb.jp/api/users/Nerune_mn
2026-10-05 11:23:31 | INFO     | Saving at a/skeb/Nerune_mn-e09a69.json
2026-10-05 11:23:32 | INFO     | OK https://skeb.jp/api/users/kurano_irasuto
2026-10-05 11:23:32 | INFO     | Saving at a/skeb/kurano_irasuto-3747d5.json
2026-10-05 11:23:33 | INFO     | OK https://skeb.jp/api/users/kumanoko963
2026-10-05 11:23:33 | INFO     | Saving at a/skeb/kumanoko963-284027.json
2026-10-05 11:23:34 | INFO     | OK https://skeb.jp/api/users/utuutu6k
2026-10-05 11:23:34 | INFO     | Saving at a/skeb/utuutu6k-b56b59.json
2026-10-05 11:23:35 | INFO     | OK https://skeb.jp/api/users/kuroisisasami
2026-10-05 11:23:35 | INFO     | Saving at a/skeb/kuroisisasami-f70f70.json
2026-10-05 11:23:36 | INFO     | OK https://skeb.jp/api/users/oosaka_koume
2026-10-05 11:23:36 | INFO     | Saving at a/skeb/oosaka_koume-2e5923.json
2026-10-05 11:23:37 | INFO     | OK https://skeb.jp/api/users/and_dot_you
2026-10-05 11:23:37 | INFO     | Saving at a/skeb/and_dot_you-4fd3b2.json
2026-10-05 11:23:38 | INFO     | OK https://skeb.jp/api/users/Blue_yudetama
2026-10-05 11:23:38 | INFO     | Saving at a/skeb/Blue_yudetama-030509.json
2026-10-05 11:23:39 | INFO     | OK https://skeb.jp/api/users/Lemon_ekiju
2026-10-05 11:23:39 | INFO     | Saving at a/skeb/Lemon_ekiju-2f4885.json
2026-10-05 11:23:40 | INFO     | OK https://skeb.jp/api/users/Bee_haji
2026-10-05 11:23:40 | INFO     | Saving at a/skeb/Bee_haji-9dee6b.json
2026-10-05 11:23:41 | INFO     | OK https://skeb.jp/api/users/be9459
2026-10-05 11:23:41 | INFO     | Saving at a/skeb/be9459-ce2a88.json
2026-10-05 11:23:42 | INFO     | OK https://skeb.jp/api/users/hllspd_0
2026-10-05 11:23:42 | INFO     | Saving at a/skeb/hllspd_0-13948b.json
2026-10-05 11:23:43 | INFO     | OK https://skeb.jp/api/users/dekamori
2026-10-05 11:23:43 | INFO     | Saving at a/skeb/dekamori-d068a6.json
2026-10-05 11:23:44 | INFO     | OK https://skeb.jp/api/users/MUTHUME_ZZZ
2026-10-05 11:23:44 | INFO     | Saving at a/skeb/MUTHUME_ZZZ-96469c.json
2026-10-05 11:23:45 | INFO     | OK https://skeb.jp/api/users/00okm_mko00
2026-10-05 11:23:45 | INFO     | Saving at a/skeb/00okm_mko00-ddbea6.json
2026-10-05 11:23:46 | INFO     | OK https://skeb.jp/api/users/gen_kvkv
2026-10-05 11:23:46 | INFO     | Saving at a/skeb/gen_kvkv-6c684b.json
2026-10-05 11:23:47 | INFO     | OK https://skeb.jp/api/users/sano_souiti
2026-10-05 11:23:47 | INFO     | Saving at a/skeb/sano_souiti-e447ee.json
2026-10-05 11:23:48 | INFO     | OK https://skeb.jp/api/users/op_na_ura
2026-10-05 11:23:48 | INFO     | Saving at a/skeb/op_na_ura-021ab7.json
2026-10-05 11:23:49 | INFO     | OK https://skeb.jp/api/users/EnoBun3gyo
2026-10-05 11:23:49 | INFO     | Saving at a/skeb/EnoBun3gyo-070c62.json
2026-10-05 11:23:50 | INFO     | OK https://skeb.jp/api/users/kxv3o_
2026-10-05 11:23:50 | INFO     | Saving at a/skeb/kxv3o_-02db1d.json
2026-10-05 11:23:51 | INFO     | OK https://skeb.jp/api/users/bazusaeroaka
2026-10-05 11:23:51 | INFO     | Saving at a/skeb/bazusaeroaka-339786.json
2026-10-05 11:23:52 | INFO     | OK https://skeb.jp/api/users/brm_1925
2026-10-05 11:23:52 | INFO     | Saving at a/skeb/brm_1925-3334ef.json
2026-10-05 11:23:53 | INFO     | OK https://skeb.jp/api/users/mamemochi_hobby
2026-10-05 11:23:53 | INFO     | Saving at a/skeb/mamemochi_hobby-cf71f9.json
2026-10-05 11:23:54 | INFO     | OK https://skeb.jp/api/users/tabitabi_gz8
2026-10-05 11:23:54 | INFO     | Saving at a/skeb/tabitabi_gz8-cd7a36.json
2026-10-05 11:23:55 | INFO     | OK https://skeb.jp/api/users/monyomoke
2026-10-05 11:23:55 | INFO     | Saving at a/skeb/monyomoke-2bbe8a.json
2026-10-05 11:23:56 | INFO     | OK https://skeb.jp/api/users/dn0725dn
2026-10-05 11:23:56 | INFO     | Saving at a/skeb/dn0725dn-1ac27e.json
2026-10-05 11:23:57 | INFO     | OK https://skeb.jp/api/users/suzusuzuzzzz
2026-10-05 11:23:57 | INFO     | Saving at a/skeb/suzusuzuzzzz-0b8c6a.json
2026-10-05 11:23:58 | INFO     | OK https://skeb.jp/api/users/Fantasticyouth7
2026-10-05 11:23:58 | INFO     | Saving at a/skeb/Fantasticyouth7-8772e0.json
2026-10-05 11:23:59 | INFO     | OK https://skeb.jp/api/users/KEMO_SHU
2026-10-05 11:23:59 | INFO     | Saving at a/skeb/KEMO_SHU-bc69fb.json
2026-10-05 11:24:00 | INFO     | OK https://skeb.jp/api/users/anoano_san
2026-10-05 11:24:00 | INFO     | Saving at a/skeb/anoano_san-32ee7f.json
2026-10-05 11:24:01 | INFO     | OK https://skeb.jp/api/users/ryuakt
2026-10-05 11:24:01 | INFO     | Saving at a/skeb/ryuakt-ec663a.json
2026-10-05 11:24:02 | INFO     | OK https://skeb.jp/api/users/CowMopCat
2026-10-05 11:24:02 | INFO     | Saving at a/skeb/CowMopCat-4975e3.json
2026-10-05 11:24:03 | INFO     | OK https://skeb.jp/api/users/shiori_komugiko
2026-10-05 11:24:03 | INFO     | Saving at a/skeb/shiori_komugiko-652659.json
2026-10-05 11:24:04 | INFO     | OK https://skeb.jp/api/users/i_s_o_m_a
2026-10-05 11:24:04 | INFO     | Saving at a/skeb/i_s_o_m_a-9eedc0.json
2026-10-05 11:24:05 | INFO     | OK https://skeb.jp/api/users/saitouyo1
2026-10-05 11:24:05 | INFO     | Saving at a/skeb/saitouyo1-efa748.json
2026-10-05 11:24:06 | INFO     | OK https://skeb.jp/api/users/wj_mc1
2026-10-05 11:24:06 | INFO     | Saving at a/skeb/wj_mc1-3d23b3.json
2026-10-05 11:24:07 | INFO     | OK https://skeb.jp/api/users/ymayma00SS
2026-10-05 11:24:07 | INFO     | Saving at a/skeb/ymayma00SS-89a4b3.json
2026-10-05 11:24:08 | INFO     | OK https://skeb.jp/api/users/machunyan
2026-10-05 11:24:08 | INFO     | Saving at a/skeb/machunyan-32c6c4.json
2026-10-05 11:24:09 | INFO     | OK https://skeb.jp/api/users/1day1week
2026-10-05 11:24:09 | INFO     | Saving at a/skeb/1day1week-503838.json
2026-10-05 11:24:10 | INFO     | OK https://skeb.jp/api/users/_irur
2026-10-05 11:24:10 | INFO     | Saving at a/skeb/_irur-cdc5ef.json
2026-10-05 11:24:11 | INFO     | OK https://skeb.jp/api/users/kiriri_20
2026-10-05 11:24:11 | INFO     | Saving at a/skeb/kiriri_20-f7e25f.json
2026-10-05 11:24:12 | INFO     | OK https://skeb.jp/api/users/krkr_9Nosee_
2026-10-05 11:24:12 | INFO     | Saving at a/skeb/krkr_9Nosee_-069d7a.json
2026-10-05 11:24:13 | INFO     | OK https://skeb.jp/api/users/hagurekenzoku
2026-10-05 11:24:13 | INFO     | Saving at a/skeb/hagurekenzoku-0461b7.json
2026-10-05 11:24:14 | INFO     | OK https://skeb.jp/api/users/osarunomisakoto
2026-10-05 11:24:14 | INFO     | Saving at a/skeb/osarunomisakoto-0d81e5.json
2026-10-05 11:24:15 | INFO     | OK https://skeb.jp/api/users/hisaki_rimu
2026-10-05 11:24:15 | INFO     | Saving at a/skeb/hisaki_rimu-809510.json
2026-10-05 11:24:16 | INFO     | OK https://skeb.jp/api/users/uroroRON_02
2026-10-05 11:24:16 | INFO     | Saving at a/skeb/uroroRON_02-368aef.json
2026-10-05 11:24:17 | INFO     | OK https://skeb.jp/api/users/JuliaMooff
2026-10-05 11:24:17 | INFO     | Saving at a/skeb/JuliaMooff-ebff70.json
2026-10-05 11:24:18 | INFO     | OK https://skeb.jp/api/users/yoy_yokka
2026-10-05 11:24:18 | INFO     | Saving at a/skeb/yoy_yokka-c6f472.json
2026-10-05 11:24:19 | INFO     | OK https://skeb.jp/api/users/kinko_sono2
2026-10-05 11:24:19 | INFO     | Saving at a/skeb/kinko_sono2-5c7571.json
2026-10-05 11:24:20 | INFO     | OK https://skeb.jp/api/users/totukasan
2026-10-05 11:24:20 | INFO     | Saving at a/skeb/totukasan-6e9280.json
2026-10-05 11:24:21 | INFO     | OK https://skeb.jp/api/users/pupuoyf17
2026-10-05 11:24:21 | INFO     | Saving at a/skeb/pupuoyf17-0a0fb4.json
2026-10-05 11:24:22 | INFO     | OK https://skeb.jp/api/users/nora_miya_zzz
2026-10-05 11:24:22 | INFO     | Saving at a/skeb/nora_miya_zzz-ce6e48.json
2026-10-05 11:24:23 | INFO     | OK https://skeb.jp/api/users/cjtPAXsN3pKT4R9
2026-10-05 11:24:23 | INFO     | Saving at a/skeb/cjtPAXsN3pKT4R9-12effa.json
2026-10-05 11:24:24 | INFO     | OK https://skeb.jp/api/users/Mok_orz
2026-10-05 11:24:24 | INFO     | Saving at a/skeb/Mok_orz-cd0408.json
2026-10-05 11:24:25 | INFO     | OK https://skeb.jp/api/users/zel_sty
2026-10-05 11:24:25 | INFO     | Saving at a/skeb/zel_sty-be14e6.json
2026-10-05 11:24:26 | INFO     | OK https://skeb.jp/api/users/deshi2deshi
2026-10-05 11:24:26 | INFO     | Saving at a/skeb/deshi2deshi-a17249.json
2026-10-05 11:24:27 | INFO     | OK https://skeb.jp/api/users/Kugu02
2026-10-05 11:24:27 | INFO     | Saving at a/skeb/Kugu02-9b3a2c.json
2026-10-05 11:24:28 | INFO     | OK https://skeb.jp/api/users/kometabeyo_
2026-10-05 11:24:28 | INFO     | Saving at a/skeb/kometabeyo_-86a89e.json
2026-10-05 11:24:29 | INFO     | OK https://skeb.jp/api/users/ulanoa077
2026-10-05 11:24:29 | INFO     | Saving at a/skeb/ulanoa077-017459.json
2026-10-05 11:24:30 | INFO     | OK https://skeb.jp/api/users/r51633060
2026-10-05 11:24:30 | INFO     | Saving at a/skeb/r51633060-1bd1ea.json
2026-10-05 11:24:31 | INFO     | OK https://skeb.jp/api/users/tamitendo
2026-10-05 11:24:31 | INFO     | Saving at a/skeb/tamitendo-449627.json
2026-10-05 11:24:32 | INFO     | OK https://skeb.jp/api/users/setoka_sab
2026-10-05 11:24:32 | INFO     | Saving at a/skeb/setoka_sab-136033.json
2026-10-05 11:24:33 | INFO     | OK https://skeb.jp/api/users/tukinoya_sena
2026-10-05 11:24:33 | INFO     | Saving at a/skeb/tukinoya_sena-198e75.json
2026-10-05 11:24:34 | INFO     | OK https://skeb.jp/api/users/mtnmy_
2026-10-05 11:24:34 | INFO     | Saving at a/skeb/mtnmy_-d7829c.json
2026-10-05 11:24:35 | INFO     | OK https://skeb.jp/api/users/hamagur69200744
2026-10-05 11:24:35 | INFO     | Saving at a/skeb/hamagur69200744-dcdc92.json
2026-10-05 11:24:36 | INFO     | OK https://skeb.jp/api/users/musoukyoukou
2026-10-05 11:24:36 | INFO     | Saving at a/skeb/musoukyoukou-eec92d.json
2026-10-05 11:24:37 | INFO     | OK https://skeb.jp/api/users/gekiwaru
2026-10-05 11:24:37 | INFO     | Saving at a/skeb/gekiwaru-3ce3f4.json
2026-10-05 11:24:38 | INFO     | OK https://skeb.jp/api/users/ujiiemiruka
2026-10-05 11:24:38 | INFO     | Saving at a/skeb/ujiiemiruka-8844a5.json
2026-10-05 11:24:39 | INFO     | OK https://skeb.jp/api/users/mmmi0yb2
2026-10-05 11:24:39 | INFO     | Saving at a/skeb/mmmi0yb2-328fd1.json
2026-10-05 11:24:40 | INFO     | OK https://skeb.jp/api/users/name_omoitukan2
2026-10-05 11:24:40 | INFO     | Saving at a/skeb/name_omoitukan2-3c4719.json
2026-10-05 11:24:41 | INFO     | OK https://skeb.jp/api/users/X3rIMpiGxXMFRWO
2026-10-05 11:24:41 | INFO     | Saving at a/skeb/X3rIMpiGxXMFRWO-c688a6.json
2026-10-05 11:24:42 | INFO     | OK https://skeb.jp/api/users/wataco_coco
2026-10-05 11:24:42 | INFO     | Saving at a/skeb/wataco_coco-53c251.json
2026-10-05 11:24:43 | INFO     | OK https://skeb.jp/api/users/Akio_n2
2026-10-05 11:24:43 | INFO     | Saving at a/skeb/Akio_n2-b46d82.json
2026-10-05 11:24:44 | INFO     | OK https://skeb.jp/api/users/UTA_maro9999
2026-10-05 11:24:44 | INFO     | Saving at a/skeb/UTA_maro9999-cf201f.json
2026-10-05 11:24:45 | INFO     | OK https://skeb.jp/api/users/nico_nico_0u0
2026-10-05 11:24:45 | INFO     | Saving at a/skeb/nico_nico_0u0-42beb9.json
2026-10-05 11:24:46 | INFO     | OK https://skeb.jp/api/users/tooboe_huusuke
2026-10-05 11:24:46 | INFO     | Saving at a/skeb/tooboe_huusuke-a5faa6.json
2026-10-05 11:24:47 | INFO     | OK https://skeb.jp/api/users/niconicoskb
2026-10-05 11:24:47 | INFO     | Saving at a/skeb/niconicoskb-8bd4e4.json
2026-10-05 11:24:48 | INFO     | OK https://skeb.jp/api/users/shiduki_yua
2026-10-05 11:24:48 | INFO     | Saving at a/skeb/shiduki_yua-c6909d.json
2026-10-05 11:24:49 | INFO     | OK https://skeb.jp/api/users/TENPPPdesu
2026-10-05 11:24:49 | INFO     | Saving at a/skeb/TENPPPdesu-829463.json
2026-10-05 11:24:50 | INFO     | OK https://skeb.jp/api/users/dinogaize_sub
2026-10-05 11:24:50 | INFO     | Saving at a/skeb/dinogaize_sub-b47545.json
2026-10-05 11:24:51 | INFO     | OK https://skeb.jp/api/users/rei_akatuki01
2026-10-05 11:24:51 | INFO     | Saving at a/skeb/rei_akatuki01-3dbe82.json
2026-10-05 11:24:52 | INFO     | OK https://skeb.jp/api/users/Enna_Ant
2026-10-05 11:24:52 | INFO     | Saving at a/skeb/Enna_Ant-52f313.json
2026-10-05 11:24:53 | INFO     | OK https://skeb.jp/api/users/miharuillust
2026-10-05 11:24:53 | INFO     | Saving at a/skeb/miharuillust-dc36e0.json
2026-10-05 11:24:54 | INFO     | OK https://skeb.jp/api/users/HUqtt
2026-10-05 11:24:54 | INFO     | Saving at a/skeb/HUqtt-91ea06.json
2026-10-05 11:24:55 | INFO     | OK https://skeb.jp/api/users/clusrin
2026-10-05 11:24:55 | INFO     | Saving at a/skeb/clusrin-82a5ee.json
2026-10-05 11:24:56 | INFO     | OK https://skeb.jp/api/users/de7ta9
2026-10-05 11:24:56 | INFO     | Saving at a/skeb/de7ta9-d89d08.json
2026-10-05 11:24:57 | INFO     | OK https://skeb.jp/api/users/rk_prpr
2026-10-05 11:24:57 | INFO     | Saving at a/skeb/rk_prpr-fdf661.json
2026-10-05 11:24:58 | INFO     | OK https://skeb.jp/api/users/manic_rabbits
2026-10-05 11:24:58 | INFO     | Saving at a/skeb/manic_rabbits-52479b.json
2026-10-05 11:24:59 | INFO     | OK https://skeb.jp/api/users/unisonsoken
2026-10-05 11:24:59 | INFO     | Saving at a/skeb/unisonsoken-ac68f9.json
2026-10-05 11:25:00 | INFO     | OK https://skeb.jp/api/users/Touka_30g
2026-10-05 11:25:00 | INFO     | Saving at a/skeb/Touka_30g-d258fd.json
2026-10-05 11:25:01 | INFO     | OK https://skeb.jp/api/users/urute_
2026-10-05 11:25:01 | INFO     | Saving at a/skeb/urute_-804fd4.json
2026-10-05 11:25:02 | INFO     | OK https://skeb.jp/api/users/campbell0702
2026-10-05 11:25:02 | INFO     | Saving at a/skeb/campbell0702-745047.json
2026-10-05 11:25:03 | INFO     | OK https://skeb.jp/api/users/MaruMori0619
2026-10-05 11:25:03 | INFO     | Saving at a/skeb/MaruMori0619-fc8371.json
2026-10-05 11:25:04 | INFO     | OK https://skeb.jp/api/users/nightmare_res
2026-10-05 11:25:04 | INFO     | Saving at a/skeb/nightmare_res-11203e.json
2026-10-05 11:25:05 | INFO     | OK https://skeb.jp/api/users/lp_ql_v2
2026-10-05 11:25:05 | INFO     | Saving at a/skeb/lp_ql_v2-2d1cec.json
2026-10-05 11:25:06 | INFO     | OK https://skeb.jp/api/users/Lucinaxxx_
2026-10-05 11:25:06 | INFO     | Saving at a/skeb/Lucinaxxx_-1a89c1.json
2026-10-05 11:25:07 | INFO     | OK https://skeb.jp/api/users/_phaedo3
2026-10-05 11:25:07 | INFO     | Saving at a/skeb/_phaedo3-d1c385.json
2026-10-05 11:25:08 | INFO     | OK https://skeb.jp/api/users/yunko_333
2026-10-05 11:25:08 | INFO     | Saving at a/skeb/yunko_333-fd5a57.json
2026-10-05 11:25:09 | INFO     | OK https://skeb.jp/api/users/hirumaru_kkk
2026-10-05 11:25:09 | INFO     | Saving at a/skeb/hirumaru_kkk-770240.json
2026-10-05 11:25:10 | INFO     | OK https://skeb.jp/api/users/shockdazou
2026-10-05 11:25:10 | INFO     | Saving at a/skeb/shockdazou-741a2c.json
2026-10-05 11:25:11 | INFO     | OK https://skeb.jp/api/users/ame_yarazuno
2026-10-05 11:25:11 | INFO     | Saving at a/skeb/ame_yarazuno-ded222.json
2026-10-05 11:25:12 | INFO     | OK https://skeb.jp/api/users/haru_29_natu
2026-10-05 11:25:12 | INFO     | Saving at a/skeb/haru_29_natu-7175a8.json
2026-10-05 11:25:13 | INFO     | OK https://skeb.jp/api/users/iloli_k
2026-10-05 11:25:13 | INFO     | Saving at a/skeb/iloli_k-2bdad4.json
2026-10-05 11:25:14 | INFO     | OK https://skeb.jp/api/users/subaiken
2026-10-05 11:25:14 | INFO     | Saving at a/skeb/subaiken-4aeccd.json
2026-10-05 11:25:15 | INFO     | OK https://skeb.jp/api/users/UNCHlPURI
2026-10-05 11:25:15 | INFO     | Saving at a/skeb/UNCHlPURI-4cdc47.json
2026-10-05 11:25:16 | INFO     | OK https://skeb.jp/api/users/123tsu_ki
2026-10-05 11:25:16 | INFO     | Saving at a/skeb/123tsu_ki-a45af3.json
2026-10-05 11:25:17 | INFO     | OK https://skeb.jp/api/users/samesame_thang
2026-10-05 11:25:17 | INFO     | Saving at a/skeb/samesame_thang-731a01.json
2026-10-05 11:25:18 | INFO     | OK https://skeb.jp/api/users/brs_tuki8
2026-10-05 11:25:18 | INFO     | Saving at a/skeb/brs_tuki8-b81bf6.json
2026-10-05 11:25:19 | INFO     | OK https://skeb.jp/api/users/s4_black
2026-10-05 11:25:19 | INFO     | Saving at a/skeb/s4_black-d2a11f.json
2026-10-05 11:25:20 | INFO     | OK https://skeb.jp/api/users/mazdanakanohito
2026-10-05 11:25:20 | INFO     | Saving at a/skeb/mazdanakanohito-737f52.json
2026-10-05 11:25:21 | INFO     | OK https://skeb.jp/api/users/konomi_150
2026-10-05 11:25:21 | INFO     | Saving at a/skeb/konomi_150-645e8d.json
2026-10-05 11:25:22 | INFO     | OK https://skeb.jp/api/users/niboshidrip
2026-10-05 11:25:22 | INFO     | Saving at a/skeb/niboshidrip-820447.json
2026-10-05 11:25:23 | INFO     | OK https://skeb.jp/api/users/25_Kimera
2026-10-05 11:25:23 | INFO     | Saving at a/skeb/25_Kimera-f429a0.json
2026-10-05 11:25:24 | INFO     | OK https://skeb.jp/api/users/nurumayyyy
2026-10-05 11:25:24 | INFO     | Saving at a/skeb/nurumayyyy-e03874.json
2026-10-05 11:25:25 | INFO     | OK https://skeb.jp/api/users/yayoi__o_o
2026-10-05 11:25:25 | INFO     | Saving at a/skeb/yayoi__o_o-71e591.json
2026-10-05 11:25:26 | INFO     | OK https://skeb.jp/api/users/mikoko1
2026-10-05 11:25:26 | INFO     | Saving at a/skeb/mikoko1-b8f3ec.json
2026-10-05 11:25:27 | INFO     | OK https://skeb.jp/api/users/MedakaNokoz5sn
2026-10-05 11:25:27 | INFO     | Saving at a/skeb/MedakaNokoz5sn-cdc9ed.json
2026-10-05 11:25:28 | INFO     | OK https://skeb.jp/api/users/yowai_nuu
2026-10-05 11:25:28 | INFO     | Saving at a/skeb/yowai_nuu-045eb3.json
2026-10-05 11:25:29 | INFO     | OK https://skeb.jp/api/users/Memyou_icon
2026-10-05 11:25:29 | INFO     | Saving at a/skeb/Memyou_icon-64c425.json
2026-10-05 11:25:30 | INFO     | OK https://skeb.jp/api/users/Runa7733
2026-10-05 11:25:30 | INFO     | Saving at a/skeb/Runa7733-fd7c45.json
2026-10-05 11:25:31 | INFO     | OK https://skeb.jp/api/users/ann7dornat
2026-10-05 11:25:31 | INFO     | Saving at a/skeb/ann7dornat-c5f3f2.json
2026-10-05 11:25:32 | INFO     | OK https://skeb.jp/api/users/koma9ma_
2026-10-05 11:25:32 | INFO     | Saving at a/skeb/koma9ma_-746a6e.json
2026-10-05 11:25:33 | INFO     | OK https://skeb.jp/api/users/sumichama
2026-10-05 11:25:33 | INFO     | Saving at a/skeb/sumichama-eb371d.json
2026-10-05 11:25:33 | INFO     | Saving at a/skeb/sumichama-eb371d.json
2026-10-05 11:25:34 | INFO     | OK https://skeb.jp/api/users/teaaaaa511
2026-10-05 11:25:34 | INFO     | Saving at a/skeb/teaaaaa511-e6fe60.json
2026-10-05 11:25:35 | INFO     | OK https://skeb.jp/api/users/miyavi_arts
2026-10-05 11:25:35 | INFO     | Saving at a/skeb/miyavi_arts-cacb84.json
2026-10-05 11:25:36 | INFO     | OK https://skeb.jp/api/users/Virgo_vtube
2026-10-05 11:25:36 | INFO     | Saving at a/skeb/Virgo_vtube-c86f94.json
2026-10-05 11:25:37 | INFO     | OK https://skeb.jp/api/users/ooo_____1i
2026-10-05 11:25:37 | INFO     | Saving at a/skeb/ooo_____1i-a533c2.json
2026-10-05 11:25:38 | INFO     | OK https://skeb.jp/api/users/NatuHiro07
2026-10-05 11:25:38 | INFO     | Saving at a/skeb/NatuHiro07-74ebde.json
2026-10-05 11:25:39 | INFO     | OK https://skeb.jp/api/users/monobe_yuri
2026-10-05 11:25:39 | INFO     | Saving at a/skeb/monobe_yuri-dabdf5.json
2026-10-05 11:25:40 | INFO     | OK https://skeb.jp/api/users/nonbirireo
2026-10-05 11:25:40 | INFO     | Saving at a/skeb/nonbirireo-f563cd.json
2026-10-05 11:25:41 | INFO     | OK https://skeb.jp/api/users/zZoO_lll
2026-10-05 11:25:41 | INFO     | Saving at a/skeb/zZoO_lll-262d2f.json
2026-10-05 11:25:42 | INFO     | OK https://skeb.jp/api/users/CH3COOH_24
2026-10-05 11:25:42 | INFO     | Saving at a/skeb/CH3COOH_24-65c062.json
2026-10-05 11:25:43 | INFO     | OK https://skeb.jp/api/users/s90jiIQO2xf0Fk5
2026-10-05 11:25:43 | INFO     | Saving at a/skeb/s90jiIQO2xf0Fk5-c8875a.json
2026-10-05 11:25:44 | INFO     | OK https://skeb.jp/api/users/GyowaQ
2026-10-05 11:25:44 | INFO     | Saving at a/skeb/GyowaQ-5568ad.json
2026-10-05 11:25:45 | INFO     | OK https://skeb.jp/api/users/myouzizin
2026-10-05 11:25:45 | INFO     | Saving at a/skeb/myouzizin-a9df0c.json
2026-10-05 11:25:47 | INFO     | OK https://skeb.jp/api/users/uuuusatama
2026-10-05 11:25:47 | INFO     | Saving at a/skeb/uuuusatama-88bef8.json
2026-10-05 11:25:47 | INFO     | OK https://skeb.jp/api/users/chimei_death
2026-10-05 11:25:47 | INFO     | Saving at a/skeb/chimei_death-409603.json
2026-10-05 11:25:48 | INFO     | OK https://skeb.jp/api/users/mamy6o6
2026-10-05 11:25:48 | INFO     | Saving at a/skeb/mamy6o6-fb371f.json
2026-10-05 11:25:49 | INFO     | OK https://skeb.jp/api/users/karaage_ha_315
2026-10-05 11:25:49 | INFO     | Saving at a/skeb/karaage_ha_315-f61a4e.json
2026-10-05 11:25:50 | INFO     | OK https://skeb.jp/api/users/yashuring2
2026-10-05 11:25:50 | INFO     | Saving at a/skeb/yashuring2-8d617b.json
2026-10-05 11:25:51 | INFO     | OK https://skeb.jp/api/users/batttsu_404
2026-10-05 11:25:51 | INFO     | Saving at a/skeb/batttsu_404-5b2069.json
2026-10-05 11:25:52 | INFO     | OK https://skeb.jp/api/users/ameinuni
2026-10-05 11:25:52 | INFO     | Saving at a/skeb/ameinuni-a4c986.json
2026-10-05 11:25:53 | INFO     | OK https://skeb.jp/api/users/rokkuns
2026-10-05 11:25:53 | INFO     | Saving at a/skeb/rokkuns-c8b9a3.json
2026-10-05 11:25:54 | INFO     | OK https://skeb.jp/api/users/terisa52853
2026-10-05 11:25:54 | INFO     | Saving at a/skeb/terisa52853-feb8d1.json
2026-10-05 11:25:55 | INFO     | OK https://skeb.jp/api/users/kenQ_in
2026-10-05 11:25:55 | INFO     | Saving at a/skeb/kenQ_in-637e50.json
2026-10-05 11:25:56 | INFO     | OK https://skeb.jp/api/users/ashikosiyowasi
2026-10-05 11:25:56 | INFO     | Saving at a/skeb/ashikosiyowasi-e6a052.json
2026-10-05 11:25:57 | INFO     | OK https://skeb.jp/api/users/seaka_futamata
2026-10-05 11:25:57 | INFO     | Saving at a/skeb/seaka_futamata-091acf.json
2026-10-05 11:25:58 | INFO     | OK https://skeb.jp/api/users/tamagooishiizo
2026-10-05 11:25:58 | INFO     | Saving at a/skeb/tamagooishiizo-6958fd.json
2026-10-05 11:25:59 | INFO     | OK https://skeb.jp/api/users/susu14920343
2026-10-05 11:25:59 | INFO     | Saving at a/skeb/susu14920343-6bf2a2.json
2026-10-05 11:26:00 | INFO     | OK https://skeb.jp/api/users/zag3w
2026-10-05 11:26:00 | INFO     | Saving at a/skeb/zag3w-083bba.json
2026-10-05 11:26:01 | INFO     | OK https://skeb.jp/api/users/kwiidisk_0224
2026-10-05 11:26:01 | INFO     | Saving at a/skeb/kwiidisk_0224-3e9a85.json
2026-10-05 11:26:02 | INFO     | OK https://skeb.jp/api/users/moketa11
2026-10-05 11:26:02 | INFO     | Saving at a/skeb/moketa11-df8cd7.json
2026-10-05 11:26:03 | INFO     | OK https://skeb.jp/api/users/ANkazrs
2026-10-05 11:26:03 | INFO     | Saving at a/skeb/ANkazrs-ceb261.json
2026-10-05 11:26:04 | INFO     | OK https://skeb.jp/api/users/JuiceboxPixel
2026-10-05 11:26:04 | INFO     | Saving at a/skeb/JuiceboxPixel-5ea0a1.json
2026-10-05 11:26:05 | INFO     | OK https://skeb.jp/api/users/9m7M9
2026-10-05 11:26:05 | INFO     | Saving at a/skeb/9m7M9-a7734a.json
2026-10-05 11:26:06 | INFO     | OK https://skeb.jp/api/users/mooooochan
2026-10-05 11:26:06 | INFO     | Saving at a/skeb/mooooochan-4737cb.json
2026-10-05 11:26:07 | INFO     | OK https://skeb.jp/api/users/hotasasa38
2026-10-05 11:26:07 | INFO     | Saving at a/skeb/hotasasa38-648be7.json
2026-10-05 11:26:08 | INFO     | OK https://skeb.jp/api/users/cannsk
2026-10-05 11:26:08 | INFO     | Saving at a/skeb/cannsk-92ea8d.json
2026-10-05 11:26:09 | INFO     | OK https://skeb.jp/api/users/uchuuneko_
2026-10-05 11:26:09 | INFO     | Saving at a/skeb/uchuuneko_-73fac0.json
2026-10-05 11:26:10 | INFO     | OK https://skeb.jp/api/users/8Q_lab
2026-10-05 11:26:10 | INFO     | Saving at a/skeb/8Q_lab-16eef8.json
2026-10-05 11:26:11 | INFO     | OK https://skeb.jp/api/users/sawayaka_pon
2026-10-05 11:26:11 | INFO     | Saving at a/skeb/sawayaka_pon-0b3863.json
2026-10-05 11:26:12 | INFO     | OK https://skeb.jp/api/users/jawa54rou
2026-10-05 11:26:12 | INFO     | Saving at a/skeb/jawa54rou-19a9fa.json
2026-10-05 11:26:13 | INFO     | OK https://skeb.jp/api/users/iechi_
2026-10-05 11:26:13 | INFO     | Saving at a/skeb/iechi_-4ee447.json
2026-10-05 11:26:14 | INFO     | OK https://skeb.jp/api/users/68ta_
2026-10-05 11:26:14 | INFO     | Saving at a/skeb/68ta_-8c91b2.json
2026-10-05 11:26:15 | INFO     | OK https://skeb.jp/api/users/89mai_ysi0
2026-10-05 11:26:15 | INFO     | Saving at a/skeb/89mai_ysi0-f7dbcc.json
2026-10-05 11:26:16 | INFO     | OK https://skeb.jp/api/users/budou_913
2026-10-05 11:26:16 | INFO     | Saving at a/skeb/budou_913-465dd5.json
2026-10-05 11:26:17 | INFO     | OK https://skeb.jp/api/users/Satoha_purin78
2026-10-05 11:26:17 | INFO     | Saving at a/skeb/Satoha_purin78-86f57b.json
2026-10-05 11:26:18 | INFO     | OK https://skeb.jp/api/users/IihuKb
2026-10-05 11:26:18 | INFO     | Saving at a/skeb/IihuKb-3eccb5.json
2026-10-05 11:26:19 | INFO     | OK https://skeb.jp/api/users/KennyMuseum
2026-10-05 11:26:19 | INFO     | Saving at a/skeb/KennyMuseum-46c11d.json
2026-10-05 11:26:20 | INFO     | OK https://skeb.jp/api/users/Nemuyashiki
2026-10-05 11:26:20 | INFO     | Saving at a/skeb/Nemuyashiki-6978ff.json
2026-10-05 11:26:21 | INFO     | OK https://skeb.jp/api/users/dokomilk
2026-10-05 11:26:21 | INFO     | Saving at a/skeb/dokomilk-67d6f5.json
2026-10-05 11:26:22 | INFO     | OK https://skeb.jp/api/users/Hwr33M
2026-10-05 11:26:22 | INFO     | Saving at a/skeb/Hwr33M-f58f24.json
2026-10-05 11:26:23 | INFO     | OK https://skeb.jp/api/users/aocooler
2026-10-05 11:26:23 | INFO     | Saving at a/skeb/aocooler-cb7576.json
2026-10-05 11:26:24 | INFO     | OK https://skeb.jp/api/users/kakure_2
2026-10-05 11:26:24 | INFO     | Saving at a/skeb/kakure_2-448434.json
2026-10-05 11:26:25 | INFO     | OK https://skeb.jp/api/users/MEBARU_545
2026-10-05 11:26:25 | INFO     | Saving at a/skeb/MEBARU_545-fd5436.json
2026-10-05 11:26:26 | INFO     | OK https://skeb.jp/api/users/scattero404
2026-10-05 11:26:26 | INFO     | Saving at a/skeb/scattero404-e83d7c.json
2026-10-05 11:26:27 | INFO     | OK https://skeb.jp/api/users/5959numomo
2026-10-05 11:26:27 | INFO     | Saving at a/skeb/5959numomo-465970.json
2026-10-05 11:26:28 | INFO     | OK https://skeb.jp/api/users/metallightheart
2026-10-05 11:26:28 | INFO     | Saving at a/skeb/metallightheart-042a6a.json
2026-10-05 11:26:29 | INFO     | OK https://skeb.jp/api/users/deyodeyo866
2026-10-05 11:26:29 | INFO     | Saving at a/skeb/deyodeyo866-9b85a5.json
2026-10-05 11:26:30 | INFO     | OK https://skeb.jp/api/users/pogpa47985618
2026-10-05 11:26:30 | INFO     | Saving at a/skeb/pogpa47985618-c5108b.json
2026-10-05 11:26:31 | INFO     | OK https://skeb.jp/api/users/nomanoma3poyo
2026-10-05 11:26:31 | INFO     | Saving at a/skeb/nomanoma3poyo-8ec66c.json
2026-10-05 11:26:32 | INFO     | OK https://skeb.jp/api/users/wabicha
2026-10-05 11:26:32 | INFO     | Saving at a/skeb/wabicha-287095.json
2026-10-05 11:26:33 | INFO     | OK https://skeb.jp/api/users/motu32gou
2026-10-05 11:26:33 | INFO     | Saving at a/skeb/motu32gou-9c4980.json
2026-10-05 11:26:34 | INFO     | OK https://skeb.jp/api/users/yukinoneco_
2026-10-05 11:26:34 | INFO     | Saving at a/skeb/yukinoneco_-ad85a7.json
2026-10-05 11:26:35 | INFO     | OK https://skeb.jp/api/users/maple_mutuki
2026-10-05 11:26:35 | INFO     | Saving at a/skeb/maple_mutuki-fa56eb.json
2026-10-05 11:26:36 | INFO     | OK https://skeb.jp/api/users/ramune__012
2026-10-05 11:26:36 | INFO     | Saving at a/skeb/ramune__012-62bfdf.json
2026-10-05 11:26:37 | INFO     | OK https://skeb.jp/api/users/su_zura_n713
2026-10-05 11:26:37 | INFO     | Saving at a/skeb/su_zura_n713-1e7a3c.json
2026-10-05 11:26:38 | INFO     | OK https://skeb.jp/api/users/terea236565905
2026-10-05 11:26:38 | INFO     | Saving at a/skeb/terea236565905-bad5e9.json
2026-10-05 11:26:39 | INFO     | OK https://skeb.jp/api/users/GU_na_migite
2026-10-05 11:26:39 | INFO     | Saving at a/skeb/GU_na_migite-a2b9b7.json
2026-10-05 11:26:40 | INFO     | OK https://skeb.jp/api/users/mugMug04
2026-10-05 11:26:40 | INFO     | Saving at a/skeb/mugMug04-11d94c.json
2026-10-05 11:26:41 | INFO     | OK https://skeb.jp/api/users/Dasca_Wt
2026-10-05 11:26:41 | INFO     | Saving at a/skeb/Dasca_Wt-c23296.json
2026-10-05 11:26:42 | INFO     | OK https://skeb.jp/api/users/otetearaimaru
2026-10-05 11:26:42 | INFO     | Saving at a/skeb/otetearaimaru-d2e30a.json
2026-10-05 11:26:43 | INFO     | OK https://skeb.jp/api/users/hairogray
2026-10-05 11:26:43 | INFO     | Saving at a/skeb/hairogray-10d1ba.json
2026-10-05 11:26:44 | INFO     | OK https://skeb.jp/api/users/wowo_oe_aiyiy_
2026-10-05 11:26:44 | INFO     | Saving at a/skeb/wowo_oe_aiyiy_-47be07.json
2026-10-05 11:26:45 | INFO     | OK https://skeb.jp/api/users/crow_3434
2026-10-05 11:26:45 | INFO     | Saving at a/skeb/crow_3434-61059b.json
2026-10-05 11:26:46 | INFO     | OK https://skeb.jp/api/users/hata4564
2026-10-05 11:26:46 | INFO     | Saving at a/skeb/hata4564-c58522.json
2026-10-05 11:26:47 | INFO     | OK https://skeb.jp/api/users/pipet__
2026-10-05 11:26:47 | INFO     | Saving at a/skeb/pipet__-432a7b.json
2026-10-05 11:26:48 | INFO     | OK https://skeb.jp/api/users/sPy_artservice
2026-10-05 11:26:48 | INFO     | Saving at a/skeb/sPy_artservice-303812.json
2026-10-05 11:26:49 | INFO     | OK https://skeb.jp/api/users/dha_l
2026-10-05 11:26:49 | INFO     | Saving at a/skeb/dha_l-364669.json
2026-10-05 11:26:50 | INFO     | OK https://skeb.jp/api/users/_NITAMAGO
2026-10-05 11:26:50 | INFO     | Saving at a/skeb/_NITAMAGO-ab8206.json
2026-10-05 11:26:51 | INFO     | OK https://skeb.jp/api/users/lyanon38
2026-10-05 11:26:51 | INFO     | Saving at a/skeb/lyanon38-8db643.json
2026-10-05 11:26:51 | INFO     |  --- SUMMARY REPORT --- 
  Sources Retreived    : 3500
  Profiles Fetched     : 3500
  Profile Missing      : 0
  Profile Rate Limited : 0
  Profile Error Others : 0

2026-10-05 11:26:51 | INFO     | Started creating static api data.
2026-10-05 11:28:38 | INFO     | Album index written to a/albums/index.json (544 albums)
