2026-07-20 04:06:03 | INFO     | Initialized Data Store.
2026-07-20 04:06:03 | INFO     | Homepage GET status=429 (attempt 1/3)
2026-07-20 04:06:03 | INFO     | Cookie extracted [request_key=...].
2026-07-20 04:06:03 | INFO     | SkebClient ready (impersonate=chrome120, rate=1.0/s, concurrency=10, max_runtime=4800s)
2026-07-20 04:06:03 | INFO     | Pagination start: type='works' genre='art'.
2026-07-20 04:06:03 | INFO     | OK https://skeb.jp/api/works?sort=date&genre=art&offset=0&limit=90
2026-07-20 04:06:05 | INFO     | OK https://skeb.jp/api/works?sort=date&genre=art&offset=630&limit=90
2026-07-20 04:06:05 | INFO     | OK https://skeb.jp/api/works?sort=date&genre=art&offset=450&limit=90
2026-07-20 04:06:06 | INFO     | OK https://skeb.jp/api/works?sort=date&genre=art&offset=720&limit=90
2026-07-20 04:06:07 | INFO     | OK https://skeb.jp/api/works?sort=date&genre=art&offset=270&limit=90
2026-07-20 04:06:08 | INFO     | OK https://skeb.jp/api/works?sort=date&genre=art&offset=810&limit=90
2026-07-20 04:06:09 | INFO     | OK https://skeb.jp/api/works?sort=date&genre=art&offset=180&limit=90
2026-07-20 04:06:10 | INFO     | OK https://skeb.jp/api/works?sort=date&genre=art&offset=90&limit=90
2026-07-20 04:06:11 | INFO     | OK https://skeb.jp/api/works?sort=date&genre=art&offset=360&limit=90
2026-07-20 04:06:12 | INFO     | OK https://skeb.jp/api/works?sort=date&genre=art&offset=540&limit=90
2026-07-20 04:06:13 | INFO     | OK https://skeb.jp/api/works?sort=date&genre=art&offset=1440&limit=90
2026-07-20 04:06:14 | INFO     | OK https://skeb.jp/api/works?sort=date&genre=art&offset=1530&limit=90
2026-07-20 04:06:15 | INFO     | OK https://skeb.jp/api/works?sort=date&genre=art&offset=1350&limit=90
2026-07-20 04:06:17 | INFO     | OK https://skeb.jp/api/works?sort=date&genre=art&offset=990&limit=90
2026-07-20 04:06:17 | INFO     | OK https://skeb.jp/api/works?sort=date&genre=art&offset=1620&limit=90
2026-07-20 04:06:18 | INFO     | OK https://skeb.jp/api/works?sort=date&genre=art&offset=1170&limit=90
2026-07-20 04:06:19 | INFO     | OK https://skeb.jp/api/works?sort=date&genre=art&offset=1260&limit=90
2026-07-20 04:06:21 | INFO     | OK https://skeb.jp/api/works?sort=date&genre=art&offset=900&limit=90
2026-07-20 04:06:22 | INFO     | OK https://skeb.jp/api/works?sort=date&genre=art&offset=1710&limit=90
2026-07-20 04:06:22 | INFO     | OK https://skeb.jp/api/works?sort=date&genre=art&offset=1080&limit=90
2026-07-20 04:06:23 | INFO     | OK https://skeb.jp/api/works?sort=date&genre=art&offset=2160&limit=90
2026-07-20 04:06:24 | INFO     | OK https://skeb.jp/api/works?sort=date&genre=art&offset=1890&limit=90
2026-07-20 04:06:25 | INFO     | OK https://skeb.jp/api/works?sort=date&genre=art&offset=2610&limit=90
2026-07-20 04:06:26 | INFO     | OK https://skeb.jp/api/works?sort=date&genre=art&offset=2340&limit=90
2026-07-20 04:06:27 | INFO     | OK https://skeb.jp/api/works?sort=date&genre=art&offset=2430&limit=90
2026-07-20 04:06:28 | INFO     | OK https://skeb.jp/api/works?sort=date&genre=art&offset=2250&limit=90
2026-07-20 04:06:29 | INFO     | OK https://skeb.jp/api/works?sort=date&genre=art&offset=2520&limit=90
2026-07-20 04:06:30 | INFO     | OK https://skeb.jp/api/works?sort=date&genre=art&offset=1980&limit=90
2026-07-20 04:06:31 | INFO     | OK https://skeb.jp/api/works?sort=date&genre=art&offset=2070&limit=90
2026-07-20 04:06:32 | INFO     | OK https://skeb.jp/api/works?sort=date&genre=art&offset=1800&limit=90
2026-07-20 04:06:33 | INFO     | OK https://skeb.jp/api/works?sort=date&genre=art&offset=3240&limit=90
2026-07-20 04:06:35 | INFO     | OK https://skeb.jp/api/works?sort=date&genre=art&offset=2970&limit=90
2026-07-20 04:06:35 | INFO     | OK https://skeb.jp/api/works?sort=date&genre=art&offset=3420&limit=90
2026-07-20 04:06:36 | INFO     | OK https://skeb.jp/api/works?sort=date&genre=art&offset=3060&limit=90
2026-07-20 04:06:38 | INFO     | OK https://skeb.jp/api/works?sort=date&genre=art&offset=3150&limit=90
2026-07-20 04:06:38 | INFO     | OK https://skeb.jp/api/works?sort=date&genre=art&offset=2880&limit=90
2026-07-20 04:06:40 | INFO     | OK https://skeb.jp/api/works?sort=date&genre=art&offset=2790&limit=90
2026-07-20 04:06:40 | INFO     | OK https://skeb.jp/api/works?sort=date&genre=art&offset=3330&limit=90
2026-07-20 04:06:41 | INFO     | OK https://skeb.jp/api/works?sort=date&genre=art&offset=2700&limit=90
2026-07-20 04:06:42 | INFO     | OK https://skeb.jp/api/works?sort=date&genre=art&offset=3510&limit=90
2026-07-20 04:06:43 | INFO     | OK https://skeb.jp/api/works?sort=date&genre=art&offset=4320&limit=90
2026-07-20 04:06:44 | INFO     | OK https://skeb.jp/api/works?sort=date&genre=art&offset=3690&limit=90
2026-07-20 04:06:45 | INFO     | OK https://skeb.jp/api/works?sort=date&genre=art&offset=4230&limit=90
2026-07-20 04:06:46 | INFO     | OK https://skeb.jp/api/works?sort=date&genre=art&offset=4050&limit=90
2026-07-20 04:06:47 | INFO     | OK https://skeb.jp/api/works?sort=date&genre=art&offset=3870&limit=90
2026-07-20 04:06:48 | INFO     | OK https://skeb.jp/api/works?sort=date&genre=art&offset=3600&limit=90
2026-07-20 04:06:49 | INFO     | OK https://skeb.jp/api/works?sort=date&genre=art&offset=3780&limit=90
2026-07-20 04:06:50 | INFO     | OK https://skeb.jp/api/works?sort=date&genre=art&offset=4140&limit=90
2026-07-20 04:06:51 | INFO     | OK https://skeb.jp/api/works?sort=date&genre=art&offset=3960&limit=90
2026-07-20 04:06:52 | INFO     | OK https://skeb.jp/api/works?sort=date&genre=art&offset=4410&limit=90
2026-07-20 04:06:52 | INFO     | Empty page (consecutive=1)
2026-07-20 04:06:52 | INFO     | Empty page (consecutive=2)
2026-07-20 04:06:52 | INFO     | End of pagination (2 empty pages).
2026-07-20 04:06:52 | INFO     | Pagination done: 4000 items for 'works'.
2026-07-20 04:06:52 | INFO     | Pagination start: type='users' genre='art'.
2026-07-20 04:06:54 | INFO     | OK https://skeb.jp/api/users?sort=date&genre=art&offset=810&limit=90
2026-07-20 04:06:54 | INFO     | OK https://skeb.jp/api/users?sort=date&genre=art&offset=0&limit=90
2026-07-20 04:06:56 | INFO     | OK https://skeb.jp/api/users?sort=date&genre=art&offset=720&limit=90
2026-07-20 04:06:56 | INFO     | OK https://skeb.jp/api/users?sort=date&genre=art&offset=630&limit=90
2026-07-20 04:06:57 | INFO     | OK https://skeb.jp/api/users?sort=date&genre=art&offset=450&limit=90
2026-07-20 04:06:58 | INFO     | OK https://skeb.jp/api/users?sort=date&genre=art&offset=360&limit=90
2026-07-20 04:06:59 | INFO     | OK https://skeb.jp/api/users?sort=date&genre=art&offset=180&limit=90
2026-07-20 04:07:00 | INFO     | OK https://skeb.jp/api/users?sort=date&genre=art&offset=90&limit=90
2026-07-20 04:07:01 | INFO     | OK https://skeb.jp/api/users?sort=date&genre=art&offset=540&limit=90
2026-07-20 04:07:02 | INFO     | OK https://skeb.jp/api/users?sort=date&genre=art&offset=270&limit=90
2026-07-20 04:07:02 | INFO     | Empty page (consecutive=1)
2026-07-20 04:07:02 | INFO     | Empty page (consecutive=2)
2026-07-20 04:07:02 | INFO     | End of pagination (2 empty pages).
2026-07-20 04:07:02 | INFO     | Pagination done: 400 items for 'users'.
2026-07-20 04:07:02 | INFO     | Ready to scrape 3504 items
2026-07-20 04:07:03 | INFO     | OK https://skeb.jp/api/users/ymtm28
2026-07-20 04:07:03 | INFO     | Saving at a/skeb/ymtm28-eb2d60.json
2026-07-20 04:07:04 | INFO     | OK https://skeb.jp/api/users/oekaki_kantoku
2026-07-20 04:07:04 | INFO     | Saving at a/skeb/oekaki_kantoku-92375d.json
2026-07-20 04:07:05 | INFO     | OK https://skeb.jp/api/users/pYSC42T84Kt39IR
2026-07-20 04:07:05 | INFO     | Saving at a/skeb/pYSC42T84Kt39IR-01d140.json
2026-07-20 04:07:06 | INFO     | OK https://skeb.jp/api/users/mwtm_s
2026-07-20 04:07:06 | INFO     | Saving at a/skeb/mwtm_s-e43ad3.json
2026-07-20 04:07:07 | INFO     | OK https://skeb.jp/api/users/lynx_shrike
2026-07-20 04:07:07 | INFO     | Saving at a/skeb/lynx_shrike-d61535.json
2026-07-20 04:07:08 | INFO     | OK https://skeb.jp/api/users/wf170ZpFwi
2026-07-20 04:07:08 | INFO     | Saving at a/skeb/wf170ZpFwi-93bf3c.json
2026-07-20 04:07:09 | INFO     | OK https://skeb.jp/api/users/kadokame
2026-07-20 04:07:09 | INFO     | Saving at a/skeb/kadokame-b29ef4.json
2026-07-20 04:07:10 | INFO     | OK https://skeb.jp/api/users/ikuraonigiri
2026-07-20 04:07:10 | INFO     | Saving at a/skeb/ikuraonigiri-457fcd.json
2026-07-20 04:07:11 | INFO     | OK https://skeb.jp/api/users/nakita200B
2026-07-20 04:07:11 | INFO     | Saving at a/skeb/nakita200B-9e1548.json
2026-07-20 04:07:12 | INFO     | OK https://skeb.jp/api/users/08nenene
2026-07-20 04:07:12 | INFO     | Saving at a/skeb/08nenene-6c7366.json
2026-07-20 04:07:13 | INFO     | OK https://skeb.jp/api/users/Kani_Etizen03
2026-07-20 04:07:13 | INFO     | Saving at a/skeb/Kani_Etizen03-a77170.json
2026-07-20 04:07:14 | INFO     | OK https://skeb.jp/api/users/OGGY_YOKOHAMA
2026-07-20 04:07:14 | INFO     | Saving at a/skeb/OGGY_YOKOHAMA-86782d.json
2026-07-20 04:07:15 | INFO     | OK https://skeb.jp/api/users/nanari_nannari
2026-07-20 04:07:15 | INFO     | Saving at a/skeb/nanari_nannari-f9298f.json
2026-07-20 04:07:16 | INFO     | OK https://skeb.jp/api/users/j7w22
2026-07-20 04:07:16 | INFO     | Saving at a/skeb/j7w22-aaec06.json
2026-07-20 04:07:17 | INFO     | OK https://skeb.jp/api/users/MeRuRuu2008
2026-07-20 04:07:17 | INFO     | Saving at a/skeb/MeRuRuu2008-bb543d.json
2026-07-20 04:07:18 | INFO     | OK https://skeb.jp/api/users/ukechi460
2026-07-20 04:07:18 | INFO     | Saving at a/skeb/ukechi460-c7893d.json
2026-07-20 04:07:19 | INFO     | OK https://skeb.jp/api/users/nayutarikawa
2026-07-20 04:07:19 | INFO     | Saving at a/skeb/nayutarikawa-062438.json
2026-07-20 04:07:20 | INFO     | OK https://skeb.jp/api/users/NatuHiro07
2026-07-20 04:07:20 | INFO     | Saving at a/skeb/NatuHiro07-74ebde.json
2026-07-20 04:07:21 | INFO     | OK https://skeb.jp/api/users/menmenmennma
2026-07-20 04:07:21 | INFO     | Saving at a/skeb/menmenmennma-feb945.json
2026-07-20 04:07:22 | INFO     | OK https://skeb.jp/api/users/ekiaroll
2026-07-20 04:07:22 | INFO     | Saving at a/skeb/ekiaroll-caa0b8.json
2026-07-20 04:07:23 | INFO     | OK https://skeb.jp/api/users/tfKguaw6i892071
2026-07-20 04:07:23 | INFO     | Saving at a/skeb/tfKguaw6i892071-63ba9e.json
2026-07-20 04:07:24 | INFO     | OK https://skeb.jp/api/users/Firecracker0147
2026-07-20 04:07:24 | INFO     | Saving at a/skeb/Firecracker0147-b01b2e.json
2026-07-20 04:07:25 | INFO     | OK https://skeb.jp/api/users/koto_kotobuki
2026-07-20 04:07:25 | INFO     | Saving at a/skeb/koto_kotobuki-bc3ba3.json
2026-07-20 04:07:26 | INFO     | OK https://skeb.jp/api/users/torou_alchemist
2026-07-20 04:07:26 | INFO     | Saving at a/skeb/torou_alchemist-79e92a.json
2026-07-20 04:07:27 | INFO     | OK https://skeb.jp/api/users/op_na_ura
2026-07-20 04:07:27 | INFO     | Saving at a/skeb/op_na_ura-021ab7.json
2026-07-20 04:07:28 | INFO     | OK https://skeb.jp/api/users/ayaki_generatio
2026-07-20 04:07:28 | INFO     | Saving at a/skeb/ayaki_generatio-9af0e4.json
2026-07-20 04:07:29 | INFO     | OK https://skeb.jp/api/users/irisu
2026-07-20 04:07:29 | INFO     | Saving at a/skeb/irisu-724e3c.json
2026-07-20 04:07:30 | INFO     | OK https://skeb.jp/api/users/96tchi
2026-07-20 04:07:30 | INFO     | Saving at a/skeb/96tchi-93ef35.json
2026-07-20 04:07:31 | INFO     | OK https://skeb.jp/api/users/simpa_i_NNN
2026-07-20 04:07:31 | INFO     | Saving at a/skeb/simpa_i_NNN-4d37d3.json
2026-07-20 04:07:32 | INFO     | OK https://skeb.jp/api/users/zenyatodo
2026-07-20 04:07:32 | INFO     | Saving at a/skeb/zenyatodo-6ec3ea.json
2026-07-20 04:07:33 | INFO     | OK https://skeb.jp/api/users/aseroraitoILST
2026-07-20 04:07:33 | INFO     | Saving at a/skeb/aseroraitoILST-7b5e4d.json
2026-07-20 04:07:35 | INFO     | OK https://skeb.jp/api/users/Fudzuki_rei
2026-07-20 04:07:35 | INFO     | Saving at a/skeb/Fudzuki_rei-65178d.json
2026-07-20 04:07:35 | INFO     | OK https://skeb.jp/api/users/minikitty
2026-07-20 04:07:35 | INFO     | Saving at a/skeb/minikitty-cd1c38.json
2026-07-20 04:07:36 | INFO     | OK https://skeb.jp/api/users/danna_aka_
2026-07-20 04:07:36 | INFO     | Saving at a/skeb/danna_aka_-91efed.json
2026-07-20 04:07:38 | INFO     | OK https://skeb.jp/api/users/gnmt_ojisan
2026-07-20 04:07:38 | INFO     | Saving at a/skeb/gnmt_ojisan-73a035.json
2026-07-20 04:07:38 | INFO     | OK https://skeb.jp/api/users/knjyappp1
2026-07-20 04:07:38 | INFO     | Saving at a/skeb/knjyappp1-23a8e0.json
2026-07-20 04:07:39 | INFO     | OK https://skeb.jp/api/users/mmys_pic
2026-07-20 04:07:39 | INFO     | Saving at a/skeb/mmys_pic-339625.json
2026-07-20 04:07:40 | INFO     | OK https://skeb.jp/api/users/xxoxx_01a
2026-07-20 04:07:40 | INFO     | Saving at a/skeb/xxoxx_01a-d8dbd1.json
2026-07-20 04:07:41 | INFO     | OK https://skeb.jp/api/users/john_works
2026-07-20 04:07:41 | INFO     | Saving at a/skeb/john_works-b01d81.json
2026-07-20 04:07:42 | INFO     | OK https://skeb.jp/api/users/metanuuu_com
2026-07-20 04:07:42 | INFO     | Saving at a/skeb/metanuuu_com-a422d7.json
2026-07-20 04:07:43 | INFO     | OK https://skeb.jp/api/users/kololawsl
2026-07-20 04:07:43 | INFO     | Saving at a/skeb/kololawsl-c0fbab.json
2026-07-20 04:07:44 | INFO     | OK https://skeb.jp/api/users/rz_ptr
2026-07-20 04:07:44 | INFO     | Saving at a/skeb/rz_ptr-a94dad.json
2026-07-20 04:07:46 | INFO     | OK https://skeb.jp/api/users/ochinmilk
2026-07-20 04:07:46 | INFO     | Saving at a/skeb/ochinmilk-371501.json
2026-07-20 04:07:46 | INFO     | OK https://skeb.jp/api/users/_3xens
2026-07-20 04:07:46 | INFO     | Saving at a/skeb/_3xens-4e3384.json
2026-07-20 04:07:47 | INFO     | OK https://skeb.jp/api/users/kara_sashi
2026-07-20 04:07:47 | INFO     | Saving at a/skeb/kara_sashi-67bfc9.json
2026-07-20 04:07:48 | INFO     | OK https://skeb.jp/api/users/27oo00
2026-07-20 04:07:48 | INFO     | Saving at a/skeb/27oo00-472686.json
2026-07-20 04:07:49 | INFO     | OK https://skeb.jp/api/users/kimamaniikirun
2026-07-20 04:07:49 | INFO     | Saving at a/skeb/kimamaniikirun-dd5d6f.json
2026-07-20 04:07:50 | INFO     | OK https://skeb.jp/api/users/w_nijuuyon
2026-07-20 04:07:50 | INFO     | Saving at a/skeb/w_nijuuyon-085b19.json
2026-07-20 04:07:52 | INFO     | OK https://skeb.jp/api/users/kuzirapyonka
2026-07-20 04:07:52 | INFO     | Saving at a/skeb/kuzirapyonka-a1a6c9.json
2026-07-20 04:07:52 | INFO     | OK https://skeb.jp/api/users/Dankiryu00bb
2026-07-20 04:07:52 | INFO     | Saving at a/skeb/Dankiryu00bb-495bbc.json
2026-07-20 04:07:53 | INFO     | OK https://skeb.jp/api/users/chibichan_TRPG
2026-07-20 04:07:53 | INFO     | Saving at a/skeb/chibichan_TRPG-5f3749.json
2026-07-20 04:07:54 | INFO     | OK https://skeb.jp/api/users/Oumi_Nina
2026-07-20 04:07:54 | INFO     | Saving at a/skeb/Oumi_Nina-89f695.json
2026-07-20 04:07:55 | INFO     | OK https://skeb.jp/api/users/tatakumori
2026-07-20 04:07:55 | INFO     | Saving at a/skeb/tatakumori-d7ee27.json
2026-07-20 04:07:57 | INFO     | OK https://skeb.jp/api/users/2EN_404
2026-07-20 04:07:57 | INFO     | Saving at a/skeb/2EN_404-e2de03.json
2026-07-20 04:07:58 | INFO     | OK https://skeb.jp/api/users/Oh_MoBoz
2026-07-20 04:07:58 | INFO     | Saving at a/skeb/Oh_MoBoz-90553c.json
2026-07-20 04:07:58 | INFO     | OK https://skeb.jp/api/users/Hashibamimix
2026-07-20 04:07:58 | INFO     | Saving at a/skeb/Hashibamimix-358ba7.json
2026-07-20 04:08:00 | INFO     | OK https://skeb.jp/api/users/gotouhundosi
2026-07-20 04:08:00 | INFO     | Saving at a/skeb/gotouhundosi-16c2a2.json
2026-07-20 04:08:01 | INFO     | OK https://skeb.jp/api/users/skoll_worldo
2026-07-20 04:08:01 | INFO     | Saving at a/skeb/skoll_worldo-82a75c.json
2026-07-20 04:08:01 | INFO     | OK https://skeb.jp/api/users/99migiy
2026-07-20 04:08:01 | INFO     | Saving at a/skeb/99migiy-297e00.json
2026-07-20 04:08:02 | INFO     | OK https://skeb.jp/api/users/mzr_oyasum1
2026-07-20 04:08:02 | INFO     | Saving at a/skeb/mzr_oyasum1-7af294.json
2026-07-20 04:08:03 | INFO     | OK https://skeb.jp/api/users/Nbonnbonn_71214
2026-07-20 04:08:03 | INFO     | Saving at a/skeb/Nbonnbonn_71214-31ced8.json
2026-07-20 04:08:04 | INFO     | OK https://skeb.jp/api/users/zyuu_a
2026-07-20 04:08:04 | INFO     | Saving at a/skeb/zyuu_a-5e2d22.json
2026-07-20 04:08:05 | INFO     | OK https://skeb.jp/api/users/spK9dp2NiRrhNcb
2026-07-20 04:08:05 | INFO     | Saving at a/skeb/spK9dp2NiRrhNcb-4e14b8.json
2026-07-20 04:08:06 | INFO     | OK https://skeb.jp/api/users/D4ll_II
2026-07-20 04:08:07 | INFO     | Saving at a/skeb/D4ll_II-8da960.json
2026-07-20 04:08:07 | INFO     | OK https://skeb.jp/api/users/I_to_makimk
2026-07-20 04:08:07 | INFO     | Saving at a/skeb/I_to_makimk-6c6286.json
2026-07-20 04:08:09 | INFO     | OK https://skeb.jp/api/users/sonoDAZOgakiku
2026-07-20 04:08:09 | INFO     | Saving at a/skeb/sonoDAZOgakiku-61eb26.json
2026-07-20 04:08:10 | INFO     | OK https://skeb.jp/api/users/soramameponzu
2026-07-20 04:08:10 | INFO     | Saving at a/skeb/soramameponzu-0e712e.json
2026-07-20 04:08:10 | INFO     | OK https://skeb.jp/api/users/ya117411
2026-07-20 04:08:10 | INFO     | Saving at a/skeb/ya117411-da2c11.json
2026-07-20 04:08:12 | INFO     | OK https://skeb.jp/api/users/kuroi0
2026-07-20 04:08:12 | INFO     | Saving at a/skeb/kuroi0-fd658c.json
2026-07-20 04:08:12 | INFO     | OK https://skeb.jp/api/users/goldfish_22
2026-07-20 04:08:12 | INFO     | Saving at a/skeb/goldfish_22-e3f872.json
2026-07-20 04:08:14 | INFO     | OK https://skeb.jp/api/users/Ransu_33
2026-07-20 04:08:14 | INFO     | Saving at a/skeb/Ransu_33-f61c19.json
2026-07-20 04:08:14 | INFO     | OK https://skeb.jp/api/users/melo_hitsuji
2026-07-20 04:08:14 | INFO     | Saving at a/skeb/melo_hitsuji-fbb347.json
2026-07-20 04:08:16 | INFO     | OK https://skeb.jp/api/users/sulfatex_x
2026-07-20 04:08:16 | INFO     | Saving at a/skeb/sulfatex_x-8be161.json
2026-07-20 04:08:16 | INFO     | OK https://skeb.jp/api/users/difk
2026-07-20 04:08:16 | INFO     | Saving at a/skeb/difk-bcdb7d.json
2026-07-20 04:08:17 | INFO     | OK https://skeb.jp/api/users/miz_esc
2026-07-20 04:08:17 | INFO     | Saving at a/skeb/miz_esc-761dce.json
2026-07-20 04:08:18 | INFO     | OK https://skeb.jp/api/users/hheliebe
2026-07-20 04:08:18 | INFO     | Saving at a/skeb/hheliebe-e25243.json
2026-07-20 04:08:19 | INFO     | OK https://skeb.jp/api/users/nikumakirichan
2026-07-20 04:08:19 | INFO     | Saving at a/skeb/nikumakirichan-680137.json
2026-07-20 04:08:20 | INFO     | OK https://skeb.jp/api/users/kurokawaidumi
2026-07-20 04:08:20 | INFO     | Saving at a/skeb/kurokawaidumi-68aab3.json
2026-07-20 04:08:21 | INFO     | OK https://skeb.jp/api/users/JyasyugyoYEET
2026-07-20 04:08:21 | INFO     | Saving at a/skeb/JyasyugyoYEET-b3308f.json
2026-07-20 04:08:22 | INFO     | OK https://skeb.jp/api/users/nao014o
2026-07-20 04:08:22 | INFO     | Saving at a/skeb/nao014o-f179cb.json
2026-07-20 04:08:23 | INFO     | OK https://skeb.jp/api/users/jitumuda0523
2026-07-20 04:08:23 | INFO     | Saving at a/skeb/jitumuda0523-059159.json
2026-07-20 04:08:24 | INFO     | OK https://skeb.jp/api/users/med_dkdk
2026-07-20 04:08:24 | INFO     | Saving at a/skeb/med_dkdk-440bc9.json
2026-07-20 04:08:25 | INFO     | OK https://skeb.jp/api/users/etc_rasusu
2026-07-20 04:08:25 | INFO     | Saving at a/skeb/etc_rasusu-b7c8b8.json
2026-07-20 04:08:26 | INFO     | OK https://skeb.jp/api/users/noodle_mugi
2026-07-20 04:08:26 | INFO     | Saving at a/skeb/noodle_mugi-94c473.json
2026-07-20 04:08:28 | INFO     | OK https://skeb.jp/api/users/renren_omuraisu
2026-07-20 04:08:28 | INFO     | Saving at a/skeb/renren_omuraisu-8ee345.json
2026-07-20 04:08:29 | INFO     | OK https://skeb.jp/api/users/Not_A_Chan
2026-07-20 04:08:29 | INFO     | Saving at a/skeb/Not_A_Chan-9b4372.json
2026-07-20 04:08:29 | INFO     | OK https://skeb.jp/api/users/harukaze110
2026-07-20 04:08:29 | INFO     | Saving at a/skeb/harukaze110-4b32fa.json
2026-07-20 04:08:30 | INFO     | OK https://skeb.jp/api/users/RISE19851203
2026-07-20 04:08:30 | INFO     | Saving at a/skeb/RISE19851203-4f84b4.json
2026-07-20 04:08:31 | INFO     | OK https://skeb.jp/api/users/cacaodecocoa
2026-07-20 04:08:31 | INFO     | Saving at a/skeb/cacaodecocoa-5de200.json
2026-07-20 04:08:33 | INFO     | OK https://skeb.jp/api/users/makida_16
2026-07-20 04:08:33 | INFO     | Saving at a/skeb/makida_16-318844.json
2026-07-20 04:08:33 | INFO     | OK https://skeb.jp/api/users/Teteteteteruru
2026-07-20 04:08:33 | INFO     | Saving at a/skeb/Teteteteteruru-28ddb3.json
2026-07-20 04:08:35 | INFO     | OK https://skeb.jp/api/users/tonnkatuman
2026-07-20 04:08:35 | INFO     | Saving at a/skeb/tonnkatuman-a9b1ae.json
2026-07-20 04:08:35 | INFO     | OK https://skeb.jp/api/users/poyopuyopurin
2026-07-20 04:08:35 | INFO     | Saving at a/skeb/poyopuyopurin-08feb7.json
2026-07-20 04:08:36 | INFO     | OK https://skeb.jp/api/users/krmr4WD
2026-07-20 04:08:36 | INFO     | Saving at a/skeb/krmr4WD-b4cde9.json
2026-07-20 04:08:38 | INFO     | OK https://skeb.jp/api/users/rrr97_
2026-07-20 04:08:38 | INFO     | Saving at a/skeb/rrr97_-fbf469.json
2026-07-20 04:08:38 | INFO     | OK https://skeb.jp/api/users/shu_asakuno10
2026-07-20 04:08:38 | INFO     | Saving at a/skeb/shu_asakuno10-93a3c0.json
2026-07-20 04:08:39 | INFO     | OK https://skeb.jp/api/users/banana_mg42
2026-07-20 04:08:39 | INFO     | Saving at a/skeb/banana_mg42-8c43cb.json
2026-07-20 04:08:40 | INFO     | OK https://skeb.jp/api/users/Mi2Ru_x
2026-07-20 04:08:40 | INFO     | Saving at a/skeb/Mi2Ru_x-554abd.json
2026-07-20 04:08:41 | INFO     | OK https://skeb.jp/api/users/Appletea_VRC
2026-07-20 04:08:41 | INFO     | Saving at a/skeb/Appletea_VRC-8f1a0f.json
2026-07-20 04:08:43 | INFO     | OK https://skeb.jp/api/users/nichijou_deyo
2026-07-20 04:08:43 | INFO     | Saving at a/skeb/nichijou_deyo-dbac62.json
2026-07-20 04:08:44 | INFO     | OK https://skeb.jp/api/users/g_mayuge
2026-07-20 04:08:44 | INFO     | Saving at a/skeb/g_mayuge-5bf99a.json
2026-07-20 04:08:45 | INFO     | OK https://skeb.jp/api/users/yamaP_mako
2026-07-20 04:08:45 | INFO     | Saving at a/skeb/yamaP_mako-061e64.json
2026-07-20 04:08:45 | INFO     | OK https://skeb.jp/api/users/kokutousagi
2026-07-20 04:08:45 | INFO     | Saving at a/skeb/kokutousagi-e2b8b7.json
2026-07-20 04:08:47 | INFO     | OK https://skeb.jp/api/users/Eiswand___
2026-07-20 04:08:47 | INFO     | Saving at a/skeb/Eiswand___-b5035f.json
2026-07-20 04:08:48 | INFO     | OK https://skeb.jp/api/users/nowsketchworks
2026-07-20 04:08:48 | INFO     | Saving at a/skeb/nowsketchworks-36e395.json
2026-07-20 04:08:49 | INFO     | OK https://skeb.jp/api/users/tira102
2026-07-20 04:08:49 | INFO     | Saving at a/skeb/tira102-5abc7d.json
2026-07-20 04:08:49 | INFO     | OK https://skeb.jp/api/users/l7DbRrdjKS10604
2026-07-20 04:08:49 | INFO     | Saving at a/skeb/l7DbRrdjKS10604-38ac80.json
2026-07-20 04:08:50 | INFO     | OK https://skeb.jp/api/users/_ruq19
2026-07-20 04:08:50 | INFO     | Saving at a/skeb/_ruq19-a6b3a3.json
2026-07-20 04:08:51 | INFO     | OK https://skeb.jp/api/users/azami039
2026-07-20 04:08:51 | INFO     | Saving at a/skeb/azami039-6f231e.json
2026-07-20 04:08:52 | INFO     | OK https://skeb.jp/api/users/Qqmg__33
2026-07-20 04:08:52 | INFO     | Saving at a/skeb/Qqmg__33-4ba303.json
2026-07-20 04:08:53 | INFO     | OK https://skeb.jp/api/users/tsuzuk_
2026-07-20 04:08:53 | INFO     | Saving at a/skeb/tsuzuk_-874d51.json
2026-07-20 04:08:55 | INFO     | OK https://skeb.jp/api/users/BigKwl
2026-07-20 04:08:55 | INFO     | Saving at a/skeb/BigKwl-a8a3e6.json
2026-07-20 04:08:56 | INFO     | OK https://skeb.jp/api/users/nejirehifumi
2026-07-20 04:08:56 | INFO     | Saving at a/skeb/nejirehifumi-61e24f.json
2026-07-20 04:08:56 | INFO     | OK https://skeb.jp/api/users/kaeru333938123
2026-07-20 04:08:56 | INFO     | Saving at a/skeb/kaeru333938123-0e0d08.json
2026-07-20 04:08:58 | INFO     | OK https://skeb.jp/api/users/mumumumi33
2026-07-20 04:08:58 | INFO     | Saving at a/skeb/mumumumi33-77a757.json
2026-07-20 04:08:58 | INFO     | OK https://skeb.jp/api/users/sakurannbo_102
2026-07-20 04:08:58 | INFO     | Saving at a/skeb/sakurannbo_102-acbc76.json
2026-07-20 04:09:00 | INFO     | OK https://skeb.jp/api/users/huhuhu13422
2026-07-20 04:09:00 | INFO     | Saving at a/skeb/huhuhu13422-7562d2.json
2026-07-20 04:09:00 | INFO     | OK https://skeb.jp/api/users/usa1544
2026-07-20 04:09:00 | INFO     | Saving at a/skeb/usa1544-a1693d.json
2026-07-20 04:09:02 | INFO     | OK https://skeb.jp/api/users/flat4_v12
2026-07-20 04:09:02 | INFO     | Saving at a/skeb/flat4_v12-cb3b86.json
2026-07-20 04:09:03 | INFO     | OK https://skeb.jp/api/users/kisyaku3
2026-07-20 04:09:03 | INFO     | Saving at a/skeb/kisyaku3-97013d.json
2026-07-20 04:09:03 | INFO     | OK https://skeb.jp/api/users/Izu_magro3
2026-07-20 04:09:03 | INFO     | Saving at a/skeb/Izu_magro3-29b724.json
2026-07-20 04:09:05 | INFO     | OK https://skeb.jp/api/users/Me_Mero_Melon
2026-07-20 04:09:05 | INFO     | Saving at a/skeb/Me_Mero_Melon-41b6d7.json
2026-07-20 04:09:05 | INFO     | OK https://skeb.jp/api/users/yue_err_alice
2026-07-20 04:09:05 | INFO     | Saving at a/skeb/yue_err_alice-ab7909.json
2026-07-20 04:09:07 | INFO     | OK https://skeb.jp/api/users/I7F9kK8V4d
2026-07-20 04:09:07 | INFO     | Saving at a/skeb/I7F9kK8V4d-d83ed7.json
2026-07-20 04:09:08 | INFO     | OK https://skeb.jp/api/users/ninjinhetare333
2026-07-20 04:09:08 | INFO     | Saving at a/skeb/ninjinhetare333-e1cd4c.json
2026-07-20 04:09:08 | INFO     | OK https://skeb.jp/api/users/menmendoras
2026-07-20 04:09:08 | INFO     | Saving at a/skeb/menmendoras-dc327f.json
2026-07-20 04:09:09 | INFO     | OK https://skeb.jp/api/users/yamane_ss
2026-07-20 04:09:09 | INFO     | Saving at a/skeb/yamane_ss-5251c8.json
2026-07-20 04:09:11 | INFO     | OK https://skeb.jp/api/users/motsu_nikomen
2026-07-20 04:09:11 | INFO     | Saving at a/skeb/motsu_nikomen-7e15ab.json
2026-07-20 04:09:11 | INFO     | OK https://skeb.jp/api/users/_iwiq
2026-07-20 04:09:11 | INFO     | Saving at a/skeb/_iwiq-1bb8e5.json
2026-07-20 04:09:13 | INFO     | OK https://skeb.jp/api/users/kome_043
2026-07-20 04:09:13 | INFO     | Saving at a/skeb/kome_043-ba484e.json
2026-07-20 04:09:14 | INFO     | OK https://skeb.jp/api/users/asoi00
2026-07-20 04:09:14 | INFO     | Saving at a/skeb/asoi00-957681.json
2026-07-20 04:09:15 | INFO     | OK https://skeb.jp/api/users/saku24990708
2026-07-20 04:09:15 | INFO     | Saving at a/skeb/saku24990708-86c76f.json
2026-07-20 04:09:16 | INFO     | OK https://skeb.jp/api/users/nante_cotta2
2026-07-20 04:09:16 | INFO     | Saving at a/skeb/nante_cotta2-0352ba.json
2026-07-20 04:09:17 | INFO     | OK https://skeb.jp/api/users/QreVp2
2026-07-20 04:09:17 | INFO     | Saving at a/skeb/QreVp2-236e71.json
2026-07-20 04:09:18 | INFO     | OK https://skeb.jp/api/users/okite_ne224
2026-07-20 04:09:18 | INFO     | Saving at a/skeb/okite_ne224-98a475.json
2026-07-20 04:09:18 | INFO     | OK https://skeb.jp/api/users/nubako__
2026-07-20 04:09:18 | INFO     | Saving at a/skeb/nubako__-65b591.json
2026-07-20 04:09:19 | INFO     | OK https://skeb.jp/api/users/U2coq
2026-07-20 04:09:19 | INFO     | Saving at a/skeb/U2coq-009336.json
2026-07-20 04:09:20 | INFO     | OK https://skeb.jp/api/users/GuruminnSD
2026-07-20 04:09:20 | INFO     | Saving at a/skeb/GuruminnSD-3c2346.json
2026-07-20 04:09:22 | INFO     | OK https://skeb.jp/api/users/tapioca_vrc
2026-07-20 04:09:22 | INFO     | Saving at a/skeb/tapioca_vrc-8b0cb4.json
2026-07-20 04:09:23 | INFO     | OK https://skeb.jp/api/users/nana_0808v
2026-07-20 04:09:23 | INFO     | Saving at a/skeb/nana_0808v-0031fa.json
2026-07-20 04:09:24 | INFO     | OK https://skeb.jp/api/users/jamir_grhd
2026-07-20 04:09:24 | INFO     | Saving at a/skeb/jamir_grhd-680f46.json
2026-07-20 04:09:25 | INFO     | OK https://skeb.jp/api/users/LambOic029
2026-07-20 04:09:25 | INFO     | Saving at a/skeb/LambOic029-16db8c.json
2026-07-20 04:09:25 | INFO     | OK https://skeb.jp/api/users/noko_puiche
2026-07-20 04:09:25 | INFO     | Saving at a/skeb/noko_puiche-dd8100.json
2026-07-20 04:09:27 | INFO     | OK https://skeb.jp/api/users/ricecake_taro
2026-07-20 04:09:27 | INFO     | Saving at a/skeb/ricecake_taro-eb6980.json
2026-07-20 04:09:28 | INFO     | OK https://skeb.jp/api/users/FuchigamiMirai
2026-07-20 04:09:28 | INFO     | Saving at a/skeb/FuchigamiMirai-221afe.json
2026-07-20 04:09:29 | INFO     | OK https://skeb.jp/api/users/UTK_sea
2026-07-20 04:09:29 | INFO     | Saving at a/skeb/UTK_sea-3d4ed9.json
2026-07-20 04:09:29 | INFO     | OK https://skeb.jp/api/users/Ni7NiA7
2026-07-20 04:09:29 | INFO     | Saving at a/skeb/Ni7NiA7-1185b4.json
2026-07-20 04:09:31 | INFO     | OK https://skeb.jp/api/users/OBOCHAMANBOO
2026-07-20 04:09:31 | INFO     | Saving at a/skeb/OBOCHAMANBOO-05b031.json
2026-07-20 04:09:32 | INFO     | OK https://skeb.jp/api/users/A_risaka
2026-07-20 04:09:32 | INFO     | Saving at a/skeb/A_risaka-8c473f.json
2026-07-20 04:09:32 | INFO     | OK https://skeb.jp/api/users/tepowari
2026-07-20 04:09:32 | INFO     | Saving at a/skeb/tepowari-ce601b.json
2026-07-20 04:09:34 | INFO     | OK https://skeb.jp/api/users/NEK038
2026-07-20 04:09:34 | INFO     | Saving at a/skeb/NEK038-681a19.json
2026-07-20 04:09:35 | INFO     | OK https://skeb.jp/api/users/Easy_Max_area
2026-07-20 04:09:35 | INFO     | Saving at a/skeb/Easy_Max_area-042d6f.json
2026-07-20 04:09:36 | INFO     | OK https://skeb.jp/api/users/mrmrmr6_6
2026-07-20 04:09:36 | INFO     | Saving at a/skeb/mrmrmr6_6-15b3e3.json
2026-07-20 04:09:37 | INFO     | OK https://skeb.jp/api/users/ganbaritaiNa_07
2026-07-20 04:09:37 | INFO     | Saving at a/skeb/ganbaritaiNa_07-275d8f.json
2026-07-20 04:09:38 | INFO     | OK https://skeb.jp/api/users/pnt_no_skeb
2026-07-20 04:09:38 | INFO     | Saving at a/skeb/pnt_no_skeb-13f9d9.json
2026-07-20 04:09:39 | INFO     | OK https://skeb.jp/api/users/8Kumagawa
2026-07-20 04:09:39 | INFO     | Saving at a/skeb/8Kumagawa-a05baf.json
2026-07-20 04:09:40 | INFO     | OK https://skeb.jp/api/users/ocyacya_Jewelry
2026-07-20 04:09:40 | INFO     | Saving at a/skeb/ocyacya_Jewelry-7eee57.json
2026-07-20 04:09:40 | INFO     | OK https://skeb.jp/api/users/inunisub
2026-07-20 04:09:40 | INFO     | Saving at a/skeb/inunisub-d66b9c.json
2026-07-20 04:09:41 | INFO     | OK https://skeb.jp/api/users/tntl_nemui
2026-07-20 04:09:41 | INFO     | Saving at a/skeb/tntl_nemui-ba0ff1.json
2026-07-20 04:09:42 | INFO     | OK https://skeb.jp/api/users/n_ntamago_
2026-07-20 04:09:42 | INFO     | Saving at a/skeb/n_ntamago_-4c890e.json
2026-07-20 04:09:44 | INFO     | OK https://skeb.jp/api/users/yuuzma53
2026-07-20 04:09:44 | INFO     | Saving at a/skeb/yuuzma53-3e2d67.json
2026-07-20 04:09:44 | INFO     | OK https://skeb.jp/api/users/matya_mesi
2026-07-20 04:09:44 | INFO     | Saving at a/skeb/matya_mesi-0ecb30.json
2026-07-20 04:09:46 | INFO     | OK https://skeb.jp/api/users/v0SdLOPpLk63369
2026-07-20 04:09:46 | INFO     | Saving at a/skeb/v0SdLOPpLk63369-25cc46.json
2026-07-20 04:09:46 | INFO     | OK https://skeb.jp/api/users/kabocha_mikuri
2026-07-20 04:09:46 | INFO     | Saving at a/skeb/kabocha_mikuri-411258.json
2026-07-20 04:09:47 | INFO     | OK https://skeb.jp/api/users/Sg003_s
2026-07-20 04:09:47 | INFO     | Saving at a/skeb/Sg003_s-a8ffb4.json
2026-07-20 04:09:48 | INFO     | OK https://skeb.jp/api/users/hirumaru_kkk
2026-07-20 04:09:48 | INFO     | Saving at a/skeb/hirumaru_kkk-770240.json
2026-07-20 04:09:50 | INFO     | OK https://skeb.jp/api/users/binzoko_paroma
2026-07-20 04:09:50 | INFO     | Saving at a/skeb/binzoko_paroma-bb429e.json
2026-07-20 04:09:50 | INFO     | OK https://skeb.jp/api/users/hiwokawa_
2026-07-20 04:09:50 | INFO     | Saving at a/skeb/hiwokawa_-ce45c4.json
2026-07-20 04:09:52 | INFO     | OK https://skeb.jp/api/users/munyari_ppp7
2026-07-20 04:09:52 | INFO     | Saving at a/skeb/munyari_ppp7-00a383.json
2026-07-20 04:09:52 | INFO     | OK https://skeb.jp/api/users/kaoming775
2026-07-20 04:09:52 | INFO     | Saving at a/skeb/kaoming775-d2548f.json
2026-07-20 04:09:54 | INFO     | OK https://skeb.jp/api/users/rkgkllow
2026-07-20 04:09:54 | INFO     | Saving at a/skeb/rkgkllow-611515.json
2026-07-20 04:09:55 | INFO     | OK https://skeb.jp/api/users/_sabuKuurea_
2026-07-20 04:09:55 | INFO     | Saving at a/skeb/_sabuKuurea_-562f5d.json
2026-07-20 04:09:56 | INFO     | OK https://skeb.jp/api/users/mar_R_o
2026-07-20 04:09:56 | INFO     | Saving at a/skeb/mar_R_o-e2123c.json
2026-07-20 04:09:57 | INFO     | OK https://skeb.jp/api/users/100sukoyaka
2026-07-20 04:09:57 | INFO     | Saving at a/skeb/100sukoyaka-82e694.json
2026-07-20 04:09:57 | INFO     | OK https://skeb.jp/api/users/genshi_neki
2026-07-20 04:09:57 | INFO     | Saving at a/skeb/genshi_neki-29eb3d.json
2026-07-20 04:09:59 | INFO     | OK https://skeb.jp/api/users/s4_black
2026-07-20 04:09:59 | INFO     | Saving at a/skeb/s4_black-d2a11f.json
2026-07-20 04:09:59 | INFO     | OK https://skeb.jp/api/users/mcng_36
2026-07-20 04:10:00 | INFO     | Saving at a/skeb/mcng_36-3b3527.json
2026-07-20 04:10:01 | INFO     | OK https://skeb.jp/api/users/GJFlbCIQI49l09
2026-07-20 04:10:01 | INFO     | Saving at a/skeb/GJFlbCIQI49l09-d7ed70.json
2026-07-20 04:10:02 | INFO     | OK https://skeb.jp/api/users/mon_zaemon925
2026-07-20 04:10:02 | INFO     | Saving at a/skeb/mon_zaemon925-162f6b.json
2026-07-20 04:10:03 | INFO     | OK https://skeb.jp/api/users/25_yazu
2026-07-20 04:10:03 | INFO     | Saving at a/skeb/25_yazu-5c8ff3.json
2026-07-20 04:10:04 | INFO     | OK https://skeb.jp/api/users/donguri_noki
2026-07-20 04:10:04 | INFO     | Saving at a/skeb/donguri_noki-caa057.json
2026-07-20 04:10:05 | INFO     | OK https://skeb.jp/api/users/b6wld
2026-07-20 04:10:05 | INFO     | Saving at a/skeb/b6wld-dd143e.json
2026-07-20 04:10:06 | INFO     | OK https://skeb.jp/api/users/space__duck2
2026-07-20 04:10:06 | INFO     | Saving at a/skeb/space__duck2-c5faa6.json
2026-07-20 04:10:07 | INFO     | OK https://skeb.jp/api/users/sssh0915
2026-07-20 04:10:07 | INFO     | Saving at a/skeb/sssh0915-162f01.json
2026-07-20 04:10:08 | INFO     | OK https://skeb.jp/api/users/hiro_akaribon
2026-07-20 04:10:08 | INFO     | Saving at a/skeb/hiro_akaribon-bf110c.json
2026-07-20 04:10:09 | INFO     | OK https://skeb.jp/api/users/oUJIr77qZcdmGkw
2026-07-20 04:10:09 | INFO     | Saving at a/skeb/oUJIr77qZcdmGkw-971784.json
2026-07-20 04:10:10 | INFO     | OK https://skeb.jp/api/users/shiromaru_tm
2026-07-20 04:10:10 | INFO     | Saving at a/skeb/shiromaru_tm-afcd5e.json
2026-07-20 04:10:11 | INFO     | OK https://skeb.jp/api/users/aibaruu
2026-07-20 04:10:11 | INFO     | Saving at a/skeb/aibaruu-8dfa98.json
2026-07-20 04:10:12 | INFO     | OK https://skeb.jp/api/users/suketoru000
2026-07-20 04:10:12 | INFO     | Saving at a/skeb/suketoru000-2a2264.json
2026-07-20 04:10:13 | INFO     | OK https://skeb.jp/api/users/cZ0CgYQSm7gArn5
2026-07-20 04:10:13 | INFO     | Saving at a/skeb/cZ0CgYQSm7gArn5-6ab1b8.json
2026-07-20 04:10:14 | INFO     | OK https://skeb.jp/api/users/log_souma
2026-07-20 04:10:14 | INFO     | Saving at a/skeb/log_souma-8b8390.json
2026-07-20 04:10:15 | INFO     | OK https://skeb.jp/api/users/hanketidaiou
2026-07-20 04:10:15 | INFO     | Saving at a/skeb/hanketidaiou-9f3808.json
2026-07-20 04:10:16 | INFO     | OK https://skeb.jp/api/users/kisi0024
2026-07-20 04:10:16 | INFO     | Saving at a/skeb/kisi0024-9b0457.json
2026-07-20 04:10:17 | INFO     | OK https://skeb.jp/api/users/miturume_ko
2026-07-20 04:10:17 | INFO     | Saving at a/skeb/miturume_ko-e65d24.json
2026-07-20 04:10:18 | INFO     | OK https://skeb.jp/api/users/cocoyama
2026-07-20 04:10:18 | INFO     | Saving at a/skeb/cocoyama-a388b7.json
2026-07-20 04:10:19 | INFO     | OK https://skeb.jp/api/users/chaduke_202
2026-07-20 04:10:19 | INFO     | Saving at a/skeb/chaduke_202-a16091.json
2026-07-20 04:10:20 | INFO     | OK https://skeb.jp/api/users/PakkkkkkkkrA
2026-07-20 04:10:20 | INFO     | Saving at a/skeb/PakkkkkkkkrA-f99eab.json
2026-07-20 04:10:21 | INFO     | OK https://skeb.jp/api/users/shui_Illust
2026-07-20 04:10:21 | INFO     | Saving at a/skeb/shui_Illust-04ac00.json
2026-07-20 04:10:22 | INFO     | OK https://skeb.jp/api/users/nefeneferrrrr
2026-07-20 04:10:22 | INFO     | Saving at a/skeb/nefeneferrrrr-b43df8.json
2026-07-20 04:10:23 | INFO     | OK https://skeb.jp/api/users/teruya_102
2026-07-20 04:10:23 | INFO     | Saving at a/skeb/teruya_102-ca4408.json
2026-07-20 04:10:24 | INFO     | OK https://skeb.jp/api/users/1uv23
2026-07-20 04:10:24 | INFO     | Saving at a/skeb/1uv23-4b80c5.json
2026-07-20 04:10:25 | INFO     | OK https://skeb.jp/api/users/hisha_04
2026-07-20 04:10:25 | INFO     | Saving at a/skeb/hisha_04-30fef6.json
2026-07-20 04:10:26 | INFO     | OK https://skeb.jp/api/users/akuimura27
2026-07-20 04:10:26 | INFO     | Saving at a/skeb/akuimura27-b95e98.json
2026-07-20 04:10:27 | INFO     | OK https://skeb.jp/api/users/yorozu1217
2026-07-20 04:10:27 | INFO     | Saving at a/skeb/yorozu1217-d51930.json
2026-07-20 04:10:28 | INFO     | OK https://skeb.jp/api/users/sALezzUgMjdE0aj
2026-07-20 04:10:28 | INFO     | Saving at a/skeb/sALezzUgMjdE0aj-8853ab.json
2026-07-20 04:10:29 | INFO     | OK https://skeb.jp/api/users/XN0sk
2026-07-20 04:10:29 | INFO     | Saving at a/skeb/XN0sk-07e277.json
2026-07-20 04:10:30 | INFO     | OK https://skeb.jp/api/users/rairaku_kogata
2026-07-20 04:10:30 | INFO     | Saving at a/skeb/rairaku_kogata-f33ca8.json
2026-07-20 04:10:31 | INFO     | OK https://skeb.jp/api/users/deppuri2929
2026-07-20 04:10:31 | INFO     | Saving at a/skeb/deppuri2929-5cc2f2.json
2026-07-20 04:10:32 | INFO     | OK https://skeb.jp/api/users/mumumo6
2026-07-20 04:10:32 | INFO     | Saving at a/skeb/mumumo6-880dc0.json
2026-07-20 04:10:33 | INFO     | OK https://skeb.jp/api/users/10101o8
2026-07-20 04:10:33 | INFO     | Saving at a/skeb/10101o8-9fa011.json
2026-07-20 04:10:33 | INFO     | OK https://skeb.jp/api/users/ice_1263_2
2026-07-20 04:10:33 | INFO     | Saving at a/skeb/ice_1263_2-621c17.json
2026-07-20 04:10:35 | INFO     | OK https://skeb.jp/api/users/aradamawakka2
2026-07-20 04:10:35 | INFO     | Saving at a/skeb/aradamawakka2-06ca46.json
2026-07-20 04:10:36 | INFO     | OK https://skeb.jp/api/users/himabocchii
2026-07-20 04:10:36 | INFO     | Saving at a/skeb/himabocchii-8ef3e6.json
2026-07-20 04:10:37 | INFO     | OK https://skeb.jp/api/users/aisu_w
2026-07-20 04:10:37 | INFO     | Saving at a/skeb/aisu_w-56316c.json
2026-07-20 04:10:38 | INFO     | OK https://skeb.jp/api/users/syu_cat_
2026-07-20 04:10:38 | INFO     | Saving at a/skeb/syu_cat_-255595.json
2026-07-20 04:10:39 | INFO     | OK https://skeb.jp/api/users/watta_mokke
2026-07-20 04:10:39 | INFO     | Saving at a/skeb/watta_mokke-830d54.json
2026-07-20 04:10:40 | INFO     | OK https://skeb.jp/api/users/rindoriko
2026-07-20 04:10:40 | INFO     | Saving at a/skeb/rindoriko-374de5.json
2026-07-20 04:10:41 | INFO     | OK https://skeb.jp/api/users/sentaatoiawase
2026-07-20 04:10:41 | INFO     | Saving at a/skeb/sentaatoiawase-6c721f.json
2026-07-20 04:10:42 | INFO     | OK https://skeb.jp/api/users/kaiduka_akuta
2026-07-20 04:10:42 | INFO     | Saving at a/skeb/kaiduka_akuta-1a8868.json
2026-07-20 04:10:43 | INFO     | OK https://skeb.jp/api/users/LNOAyXY7VeDf4lJ
2026-07-20 04:10:43 | INFO     | Saving at a/skeb/LNOAyXY7VeDf4lJ-8e4e90.json
2026-07-20 04:10:44 | INFO     | OK https://skeb.jp/api/users/konkon_oudon
2026-07-20 04:10:44 | INFO     | Saving at a/skeb/konkon_oudon-fa6b74.json
2026-07-20 04:10:45 | INFO     | OK https://skeb.jp/api/users/g___bk
2026-07-20 04:10:45 | INFO     | Saving at a/skeb/g___bk-b392dc.json
2026-07-20 04:10:46 | INFO     | OK https://skeb.jp/api/users/inomemo
2026-07-20 04:10:46 | INFO     | Saving at a/skeb/inomemo-a3a59e.json
2026-07-20 04:10:47 | INFO     | OK https://skeb.jp/api/users/Ku_03_g
2026-07-20 04:10:47 | INFO     | Saving at a/skeb/Ku_03_g-69fd25.json
2026-07-20 04:10:48 | INFO     | OK https://skeb.jp/api/users/riiit44
2026-07-20 04:10:48 | INFO     | Saving at a/skeb/riiit44-df4860.json
2026-07-20 04:10:49 | INFO     | OK https://skeb.jp/api/users/yume_Cma
2026-07-20 04:10:49 | INFO     | Saving at a/skeb/yume_Cma-7225ac.json
2026-07-20 04:10:50 | INFO     | OK https://skeb.jp/api/users/4545akichan
2026-07-20 04:10:50 | INFO     | Saving at a/skeb/4545akichan-6d4198.json
2026-07-20 04:10:51 | INFO     | OK https://skeb.jp/api/users/prmhm2
2026-07-20 04:10:51 | INFO     | Saving at a/skeb/prmhm2-3799f2.json
2026-07-20 04:10:52 | INFO     | OK https://skeb.jp/api/users/Aoi_Hinata_v
2026-07-20 04:10:52 | INFO     | Saving at a/skeb/Aoi_Hinata_v-e19e78.json
2026-07-20 04:10:53 | INFO     | OK https://skeb.jp/api/users/846Go
2026-07-20 04:10:53 | INFO     | Saving at a/skeb/846Go-826b76.json
2026-07-20 04:10:54 | INFO     | OK https://skeb.jp/api/users/kuu_o3_
2026-07-20 04:10:54 | INFO     | Saving at a/skeb/kuu_o3_-36b818.json
2026-07-20 04:10:55 | INFO     | OK https://skeb.jp/api/users/_pikurusu00
2026-07-20 04:10:55 | INFO     | Saving at a/skeb/_pikurusu00-02df32.json
2026-07-20 04:10:56 | INFO     | OK https://skeb.jp/api/users/suzurame_ro
2026-07-20 04:10:56 | INFO     | Saving at a/skeb/suzurame_ro-06dd7c.json
2026-07-20 04:10:57 | INFO     | OK https://skeb.jp/api/users/ko_cha_22
2026-07-20 04:10:57 | INFO     | Saving at a/skeb/ko_cha_22-96cb7f.json
2026-07-20 04:10:58 | INFO     | OK https://skeb.jp/api/users/_bakuinu_
2026-07-20 04:10:58 | INFO     | Saving at a/skeb/_bakuinu_-97a158.json
2026-07-20 04:10:59 | INFO     | OK https://skeb.jp/api/users/kirinomama
2026-07-20 04:10:59 | INFO     | Saving at a/skeb/kirinomama-2962b0.json
2026-07-20 04:11:00 | INFO     | OK https://skeb.jp/api/users/thomson
2026-07-20 04:11:00 | INFO     | Saving at a/skeb/thomson-07d087.json
2026-07-20 04:11:01 | INFO     | OK https://skeb.jp/api/users/fnfnakioch
2026-07-20 04:11:01 | INFO     | Saving at a/skeb/fnfnakioch-1dc65a.json
2026-07-20 04:11:02 | INFO     | OK https://skeb.jp/api/users/izukemomo
2026-07-20 04:11:02 | INFO     | Saving at a/skeb/izukemomo-3fb602.json
2026-07-20 04:11:03 | INFO     | OK https://skeb.jp/api/users/kokollet316
2026-07-20 04:11:03 | INFO     | Saving at a/skeb/kokollet316-945b24.json
2026-07-20 04:11:04 | INFO     | OK https://skeb.jp/api/users/kannaduki_omoti
2026-07-20 04:11:04 | INFO     | Saving at a/skeb/kannaduki_omoti-8f13cb.json
2026-07-20 04:11:05 | INFO     | OK https://skeb.jp/api/users/kidoko69
2026-07-20 04:11:05 | INFO     | Saving at a/skeb/kidoko69-5169d4.json
2026-07-20 04:11:06 | INFO     | OK https://skeb.jp/api/users/MoMoMo_0629
2026-07-20 04:11:06 | INFO     | Saving at a/skeb/MoMoMo_0629-320cc1.json
2026-07-20 04:11:07 | INFO     | OK https://skeb.jp/api/users/5a7dff_0
2026-07-20 04:11:07 | INFO     | Saving at a/skeb/5a7dff_0-083432.json
2026-07-20 04:11:08 | INFO     | OK https://skeb.jp/api/users/KeieNu_0
2026-07-20 04:11:08 | INFO     | Saving at a/skeb/KeieNu_0-4a1e3b.json
2026-07-20 04:11:09 | INFO     | OK https://skeb.jp/api/users/kou_hiyoyo
2026-07-20 04:11:09 | INFO     | Saving at a/skeb/kou_hiyoyo-997fb9.json
2026-07-20 04:11:10 | INFO     | OK https://skeb.jp/api/users/_riliy09
2026-07-20 04:11:10 | INFO     | Saving at a/skeb/_riliy09-a6de89.json
2026-07-20 04:11:11 | INFO     | OK https://skeb.jp/api/users/knatnf
2026-07-20 04:11:11 | INFO     | Saving at a/skeb/knatnf-e2f8f1.json
2026-07-20 04:11:12 | INFO     | OK https://skeb.jp/api/users/yuyu_kiro
2026-07-20 04:11:12 | INFO     | Saving at a/skeb/yuyu_kiro-594579.json
2026-07-20 04:11:13 | INFO     | OK https://skeb.jp/api/users/tooboe_huusuke
2026-07-20 04:11:13 | INFO     | Saving at a/skeb/tooboe_huusuke-a5faa6.json
2026-07-20 04:11:14 | INFO     | OK https://skeb.jp/api/users/papikosorita
2026-07-20 04:11:14 | INFO     | Saving at a/skeb/papikosorita-16aa35.json
2026-07-20 04:11:15 | INFO     | OK https://skeb.jp/api/users/TAMAKO__25
2026-07-20 04:11:15 | INFO     | Saving at a/skeb/TAMAKO__25-f68e15.json
2026-07-20 04:11:16 | INFO     | OK https://skeb.jp/api/users/kozi_master
2026-07-20 04:11:16 | INFO     | Saving at a/skeb/kozi_master-9d9f12.json
2026-07-20 04:11:17 | INFO     | OK https://skeb.jp/api/users/s_obig
2026-07-20 04:11:17 | INFO     | Saving at a/skeb/s_obig-595f7d.json
2026-07-20 04:11:18 | INFO     | OK https://skeb.jp/api/users/inuuuuuuuun
2026-07-20 04:11:18 | INFO     | Saving at a/skeb/inuuuuuuuun-bcfa26.json
2026-07-20 04:11:19 | INFO     | OK https://skeb.jp/api/users/geoxrugu
2026-07-20 04:11:19 | INFO     | Saving at a/skeb/geoxrugu-2fb13d.json
2026-07-20 04:11:20 | INFO     | OK https://skeb.jp/api/users/aka8mori
2026-07-20 04:11:20 | INFO     | Saving at a/skeb/aka8mori-b98b34.json
2026-07-20 04:11:21 | INFO     | OK https://skeb.jp/api/users/Yneet8282
2026-07-20 04:11:21 | INFO     | Saving at a/skeb/Yneet8282-d81c3b.json
2026-07-20 04:11:22 | INFO     | OK https://skeb.jp/api/users/SnO2619
2026-07-20 04:11:22 | INFO     | Saving at a/skeb/SnO2619-8cecb2.json
2026-07-20 04:11:23 | INFO     | OK https://skeb.jp/api/users/puddinghomhom
2026-07-20 04:11:23 | INFO     | Saving at a/skeb/puddinghomhom-f4aabf.json
2026-07-20 04:11:24 | INFO     | OK https://skeb.jp/api/users/Aggrehashi
2026-07-20 04:11:24 | INFO     | Saving at a/skeb/Aggrehashi-80338b.json
2026-07-20 04:11:25 | INFO     | OK https://skeb.jp/api/users/obe00oob
2026-07-20 04:11:25 | INFO     | Saving at a/skeb/obe00oob-c6d4cc.json
2026-07-20 04:11:26 | INFO     | OK https://skeb.jp/api/users/mellow_cham
2026-07-20 04:11:26 | INFO     | Saving at a/skeb/mellow_cham-a26bea.json
2026-07-20 04:11:27 | INFO     | OK https://skeb.jp/api/users/zmnjo1440
2026-07-20 04:11:27 | INFO     | Saving at a/skeb/zmnjo1440-2fc519.json
2026-07-20 04:11:28 | INFO     | OK https://skeb.jp/api/users/M0McwgMwek4095
2026-07-20 04:11:28 | INFO     | Saving at a/skeb/M0McwgMwek4095-e672f5.json
2026-07-20 04:11:29 | INFO     | OK https://skeb.jp/api/users/0234_Uga1
2026-07-20 04:11:29 | INFO     | Saving at a/skeb/0234_Uga1-e78ce8.json
2026-07-20 04:11:30 | INFO     | OK https://skeb.jp/api/users/Xowrf
2026-07-20 04:11:30 | INFO     | Saving at a/skeb/Xowrf-17babb.json
2026-07-20 04:11:30 | INFO     | OK https://skeb.jp/api/users/sume_si_rxr
2026-07-20 04:11:30 | INFO     | Saving at a/skeb/sume_si_rxr-976465.json
2026-07-20 04:11:32 | INFO     | OK https://skeb.jp/api/users/koza_mom0
2026-07-20 04:11:32 | INFO     | Saving at a/skeb/koza_mom0-57ab31.json
2026-07-20 04:11:33 | INFO     | OK https://skeb.jp/api/users/nemui_kuuhuku0
2026-07-20 04:11:33 | INFO     | Saving at a/skeb/nemui_kuuhuku0-c89c9e.json
2026-07-20 04:11:34 | INFO     | OK https://skeb.jp/api/users/rexpace
2026-07-20 04:11:34 | INFO     | Saving at a/skeb/rexpace-c2fe70.json
2026-07-20 04:11:35 | INFO     | OK https://skeb.jp/api/users/halkana
2026-07-20 04:11:35 | INFO     | Saving at a/skeb/halkana-4fb969.json
2026-07-20 04:11:35 | INFO     | OK https://skeb.jp/api/users/hamabichan
2026-07-20 04:11:35 | INFO     | Saving at a/skeb/hamabichan-e7da83.json
2026-07-20 04:11:37 | INFO     | OK https://skeb.jp/api/users/IO9_kuri95
2026-07-20 04:11:37 | INFO     | Saving at a/skeb/IO9_kuri95-022eef.json
2026-07-20 04:11:38 | INFO     | OK https://skeb.jp/api/users/aussiebeef_j
2026-07-20 04:11:38 | INFO     | Saving at a/skeb/aussiebeef_j-9fefc3.json
2026-07-20 04:11:39 | INFO     | OK https://skeb.jp/api/users/SIRATAMA5656
2026-07-20 04:11:39 | INFO     | Saving at a/skeb/SIRATAMA5656-f1ab9b.json
2026-07-20 04:11:40 | INFO     | OK https://skeb.jp/api/users/sua_a_su
2026-07-20 04:11:40 | INFO     | Saving at a/skeb/sua_a_su-95fee3.json
2026-07-20 04:11:41 | INFO     | OK https://skeb.jp/api/users/Marumaru_oOoO0
2026-07-20 04:11:41 | INFO     | Saving at a/skeb/Marumaru_oOoO0-268e40.json
2026-07-20 04:11:42 | INFO     | OK https://skeb.jp/api/users/yuyuyu_yuabitto
2026-07-20 04:11:42 | INFO     | Saving at a/skeb/yuyuyu_yuabitto-ac87d2.json
2026-07-20 04:11:43 | INFO     | OK https://skeb.jp/api/users/_0x0_oc
2026-07-20 04:11:43 | INFO     | Saving at a/skeb/_0x0_oc-9e4404.json
2026-07-20 04:11:44 | INFO     | OK https://skeb.jp/api/users/Docmf_
2026-07-20 04:11:44 | INFO     | Saving at a/skeb/Docmf_-bd9e2f.json
2026-07-20 04:11:45 | INFO     | OK https://skeb.jp/api/users/xxxrnoon
2026-07-20 04:11:45 | INFO     | Saving at a/skeb/xxxrnoon-c4170f.json
2026-07-20 04:11:46 | INFO     | OK https://skeb.jp/api/users/___obj_
2026-07-20 04:11:46 | INFO     | Saving at a/skeb/___obj_-f5837a.json
2026-07-20 04:11:47 | INFO     | OK https://skeb.jp/api/users/mswdmaku
2026-07-20 04:11:47 | INFO     | Saving at a/skeb/mswdmaku-c33331.json
2026-07-20 04:11:48 | INFO     | OK https://skeb.jp/api/users/makaien_vtuber
2026-07-20 04:11:48 | INFO     | Saving at a/skeb/makaien_vtuber-8e816f.json
2026-07-20 04:11:49 | INFO     | OK https://skeb.jp/api/users/pome_nanoda
2026-07-20 04:11:49 | INFO     | Saving at a/skeb/pome_nanoda-bee46e.json
2026-07-20 04:11:50 | INFO     | OK https://skeb.jp/api/users/F97Dy
2026-07-20 04:11:50 | INFO     | Saving at a/skeb/F97Dy-f6d69a.json
2026-07-20 04:11:51 | INFO     | OK https://skeb.jp/api/users/000000yoko
2026-07-20 04:11:51 | INFO     | Saving at a/skeb/000000yoko-7c4f49.json
2026-07-20 04:11:52 | INFO     | OK https://skeb.jp/api/users/ogata_kouji
2026-07-20 04:11:52 | INFO     | Saving at a/skeb/ogata_kouji-2cc3cb.json
2026-07-20 04:11:53 | INFO     | OK https://skeb.jp/api/users/mgk_2d4
2026-07-20 04:11:53 | INFO     | Saving at a/skeb/mgk_2d4-828cc7.json
2026-07-20 04:11:54 | INFO     | OK https://skeb.jp/api/users/kzoms1
2026-07-20 04:11:54 | INFO     | Saving at a/skeb/kzoms1-801a84.json
2026-07-20 04:11:55 | INFO     | OK https://skeb.jp/api/users/koichika_masato
2026-07-20 04:11:55 | INFO     | Saving at a/skeb/koichika_masato-59325a.json
2026-07-20 04:11:56 | INFO     | OK https://skeb.jp/api/users/kmkwuzn0404
2026-07-20 04:11:56 | INFO     | Saving at a/skeb/kmkwuzn0404-082c32.json
2026-07-20 04:11:57 | INFO     | OK https://skeb.jp/api/users/cocon_ew
2026-07-20 04:11:57 | INFO     | Saving at a/skeb/cocon_ew-bfe440.json
2026-07-20 04:11:58 | INFO     | OK https://skeb.jp/api/users/heiantomato
2026-07-20 04:11:58 | INFO     | Saving at a/skeb/heiantomato-9fe0fc.json
2026-07-20 04:11:59 | INFO     | OK https://skeb.jp/api/users/Tps9g
2026-07-20 04:11:59 | INFO     | Saving at a/skeb/Tps9g-fbdaa3.json
2026-07-20 04:12:00 | INFO     | OK https://skeb.jp/api/users/jinbaRTA2
2026-07-20 04:12:00 | INFO     | Saving at a/skeb/jinbaRTA2-c78259.json
2026-07-20 04:12:01 | INFO     | OK https://skeb.jp/api/users/mobufundoshi_sentai
2026-07-20 04:12:01 | INFO     | Saving at a/skeb/mobufundoshi_sentai-a56eb2.json
2026-07-20 04:12:02 | INFO     | OK https://skeb.jp/api/users/KS_Bluearc_7
2026-07-20 04:12:02 | INFO     | Saving at a/skeb/KS_Bluearc_7-b9ef72.json
2026-07-20 04:12:03 | INFO     | OK https://skeb.jp/api/users/msyousei
2026-07-20 04:12:03 | INFO     | Saving at a/skeb/msyousei-c5060e.json
2026-07-20 04:12:04 | INFO     | OK https://skeb.jp/api/users/IlcxIo
2026-07-20 04:12:04 | INFO     | Saving at a/skeb/IlcxIo-fe6cdd.json
2026-07-20 04:12:05 | INFO     | OK https://skeb.jp/api/users/nhshio
2026-07-20 04:12:05 | INFO     | Saving at a/skeb/nhshio-82789f.json
2026-07-20 04:12:06 | INFO     | OK https://skeb.jp/api/users/metallightheart
2026-07-20 04:12:06 | INFO     | Saving at a/skeb/metallightheart-042a6a.json
2026-07-20 04:12:07 | INFO     | OK https://skeb.jp/api/users/wataco_coco
2026-07-20 04:12:07 | INFO     | Saving at a/skeb/wataco_coco-53c251.json
2026-07-20 04:12:08 | INFO     | OK https://skeb.jp/api/users/eber_accebeR
2026-07-20 04:12:08 | INFO     | Saving at a/skeb/eber_accebeR-a06191.json
2026-07-20 04:12:09 | INFO     | OK https://skeb.jp/api/users/uiqigz
2026-07-20 04:12:09 | INFO     | Saving at a/skeb/uiqigz-79aa3c.json
2026-07-20 04:12:10 | INFO     | OK https://skeb.jp/api/users/lovegenerator
2026-07-20 04:12:10 | INFO     | Saving at a/skeb/lovegenerator-38d30e.json
2026-07-20 04:12:11 | INFO     | OK https://skeb.jp/api/users/iRtLfBAxdr
2026-07-20 04:12:11 | INFO     | Saving at a/skeb/iRtLfBAxdr-41d871.json
2026-07-20 04:12:12 | INFO     | OK https://skeb.jp/api/users/tamizu_n_mizu
2026-07-20 04:12:12 | INFO     | Saving at a/skeb/tamizu_n_mizu-5439ac.json
2026-07-20 04:12:13 | INFO     | OK https://skeb.jp/api/users/6cIQczpJdB
2026-07-20 04:12:13 | INFO     | Saving at a/skeb/6cIQczpJdB-6ad380.json
2026-07-20 04:12:14 | INFO     | OK https://skeb.jp/api/users/kagami1999
2026-07-20 04:12:14 | INFO     | Saving at a/skeb/kagami1999-4b6f8d.json
2026-07-20 04:12:15 | INFO     | OK https://skeb.jp/api/users/medjed_beam_
2026-07-20 04:12:15 | INFO     | Saving at a/skeb/medjed_beam_-c2340c.json
2026-07-20 04:12:16 | INFO     | OK https://skeb.jp/api/users/tkwk23
2026-07-20 04:12:16 | INFO     | Saving at a/skeb/tkwk23-12f1cc.json
2026-07-20 04:12:17 | INFO     | OK https://skeb.jp/api/users/myuga66666
2026-07-20 04:12:17 | INFO     | Saving at a/skeb/myuga66666-750a38.json
2026-07-20 04:12:18 | INFO     | OK https://skeb.jp/api/users/Uidonuts
2026-07-20 04:12:18 | INFO     | Saving at a/skeb/Uidonuts-b9a2fe.json
2026-07-20 04:12:19 | INFO     | OK https://skeb.jp/api/users/S_sya_rin
2026-07-20 04:12:19 | INFO     | Saving at a/skeb/S_sya_rin-346e15.json
2026-07-20 04:12:20 | INFO     | OK https://skeb.jp/api/users/buizu_miki
2026-07-20 04:12:20 | INFO     | Saving at a/skeb/buizu_miki-37df1b.json
2026-07-20 04:12:21 | INFO     | OK https://skeb.jp/api/users/tam_tm_
2026-07-20 04:12:21 | INFO     | Saving at a/skeb/tam_tm_-950f27.json
2026-07-20 04:12:22 | INFO     | OK https://skeb.jp/api/users/ARITA_13zoo
2026-07-20 04:12:22 | INFO     | Saving at a/skeb/ARITA_13zoo-fc0afb.json
2026-07-20 04:12:23 | INFO     | OK https://skeb.jp/api/users/sakurarts2
2026-07-20 04:12:23 | INFO     | Saving at a/skeb/sakurarts2-7b8884.json
2026-07-20 04:12:24 | INFO     | OK https://skeb.jp/api/users/yukifumi2005
2026-07-20 04:12:24 | INFO     | Saving at a/skeb/yukifumi2005-9a055c.json
2026-07-20 04:12:25 | INFO     | OK https://skeb.jp/api/users/nemunemmi
2026-07-20 04:12:25 | INFO     | Saving at a/skeb/nemunemmi-43efeb.json
2026-07-20 04:12:26 | INFO     | OK https://skeb.jp/api/users/38str
2026-07-20 04:12:26 | INFO     | Saving at a/skeb/38str-e20c8a.json
2026-07-20 04:12:27 | INFO     | OK https://skeb.jp/api/users/blueberry2x
2026-07-20 04:12:27 | INFO     | Saving at a/skeb/blueberry2x-a3a1f1.json
2026-07-20 04:12:28 | INFO     | OK https://skeb.jp/api/users/_mgyou_
2026-07-20 04:12:28 | INFO     | Saving at a/skeb/_mgyou_-8b1f54.json
2026-07-20 04:12:29 | INFO     | OK https://skeb.jp/api/users/k1nketz
2026-07-20 04:12:29 | INFO     | Saving at a/skeb/k1nketz-53019d.json
2026-07-20 04:12:30 | INFO     | OK https://skeb.jp/api/users/vf_trf
2026-07-20 04:12:30 | INFO     | Saving at a/skeb/vf_trf-4738df.json
2026-07-20 04:12:31 | INFO     | OK https://skeb.jp/api/users/skn_1850
2026-07-20 04:12:31 | INFO     | Saving at a/skeb/skn_1850-1f61c6.json
2026-07-20 04:12:32 | INFO     | OK https://skeb.jp/api/users/mizmizcitomato
2026-07-20 04:12:32 | INFO     | Saving at a/skeb/mizmizcitomato-8ecd8e.json
2026-07-20 04:12:33 | INFO     | OK https://skeb.jp/api/users/koitoureu
2026-07-20 04:12:33 | INFO     | Saving at a/skeb/koitoureu-1ffafe.json
2026-07-20 04:12:34 | INFO     | OK https://skeb.jp/api/users/trpg_tapetum
2026-07-20 04:12:34 | INFO     | Saving at a/skeb/trpg_tapetum-c67a01.json
2026-07-20 04:12:35 | INFO     | OK https://skeb.jp/api/users/hiiragisensei
2026-07-20 04:12:35 | INFO     | Saving at a/skeb/hiiragisensei-b6f7a7.json
2026-07-20 04:12:36 | INFO     | OK https://skeb.jp/api/users/bandam33
2026-07-20 04:12:36 | INFO     | Saving at a/skeb/bandam33-07c988.json
2026-07-20 04:12:37 | INFO     | OK https://skeb.jp/api/users/i_kemeeeeen
2026-07-20 04:12:37 | INFO     | Saving at a/skeb/i_kemeeeeen-92b199.json
2026-07-20 04:12:38 | INFO     | OK https://skeb.jp/api/users/zarame_niboshi
2026-07-20 04:12:38 | INFO     | Saving at a/skeb/zarame_niboshi-3acd6d.json
2026-07-20 04:12:39 | INFO     | OK https://skeb.jp/api/users/Riuriumagi
2026-07-20 04:12:39 | INFO     | Saving at a/skeb/Riuriumagi-b9053d.json
2026-07-20 04:12:40 | INFO     | OK https://skeb.jp/api/users/kakitamajiru_23
2026-07-20 04:12:40 | INFO     | Saving at a/skeb/kakitamajiru_23-f12f2a.json
2026-07-20 04:12:41 | INFO     | OK https://skeb.jp/api/users/sumire910915
2026-07-20 04:12:41 | INFO     | Saving at a/skeb/sumire910915-dc8c24.json
2026-07-20 04:12:42 | INFO     | OK https://skeb.jp/api/users/Ga_love_12
2026-07-20 04:12:42 | INFO     | Saving at a/skeb/Ga_love_12-591943.json
2026-07-20 04:12:43 | INFO     | OK https://skeb.jp/api/users/OMUGIRI_ooo
2026-07-20 04:12:43 | INFO     | Saving at a/skeb/OMUGIRI_ooo-4259d0.json
2026-07-20 04:12:44 | INFO     | OK https://skeb.jp/api/users/bm_b3i
2026-07-20 04:12:44 | INFO     | Saving at a/skeb/bm_b3i-b66224.json
2026-07-20 04:12:45 | INFO     | OK https://skeb.jp/api/users/CBkomaru
2026-07-20 04:12:45 | INFO     | Saving at a/skeb/CBkomaru-469906.json
2026-07-20 04:12:46 | INFO     | OK https://skeb.jp/api/users/karin21785
2026-07-20 04:12:46 | INFO     | Saving at a/skeb/karin21785-c1d09f.json
2026-07-20 04:12:47 | INFO     | OK https://skeb.jp/api/users/sakiri43
2026-07-20 04:12:47 | INFO     | Saving at a/skeb/sakiri43-49b29d.json
2026-07-20 04:12:48 | INFO     | OK https://skeb.jp/api/users/misanga_jungle
2026-07-20 04:12:48 | INFO     | Saving at a/skeb/misanga_jungle-7aa727.json
2026-07-20 04:12:49 | INFO     | OK https://skeb.jp/api/users/buntyojirusi
2026-07-20 04:12:49 | INFO     | Saving at a/skeb/buntyojirusi-80d3d2.json
2026-07-20 04:12:50 | INFO     | OK https://skeb.jp/api/users/fahrenheit0527
2026-07-20 04:12:50 | INFO     | Saving at a/skeb/fahrenheit0527-d6a38b.json
2026-07-20 04:12:51 | INFO     | OK https://skeb.jp/api/users/zebra_vz
2026-07-20 04:12:51 | INFO     | Saving at a/skeb/zebra_vz-ea89b8.json
2026-07-20 04:12:52 | INFO     | OK https://skeb.jp/api/users/aiueOKOSO
2026-07-20 04:12:52 | INFO     | Saving at a/skeb/aiueOKOSO-7e26e8.json
2026-07-20 04:12:53 | INFO     | OK https://skeb.jp/api/users/hijiri62
2026-07-20 04:12:53 | INFO     | Saving at a/skeb/hijiri62-ac545a.json
2026-07-20 04:12:54 | INFO     | OK https://skeb.jp/api/users/yasai_023
2026-07-20 04:12:54 | INFO     | Saving at a/skeb/yasai_023-d1b043.json
2026-07-20 04:12:55 | INFO     | OK https://skeb.jp/api/users/_inaseina
2026-07-20 04:12:55 | INFO     | Saving at a/skeb/_inaseina-746fc4.json
2026-07-20 04:12:56 | INFO     | OK https://skeb.jp/api/users/ayanoYro
2026-07-20 04:12:56 | INFO     | Saving at a/skeb/ayanoYro-81ef71.json
2026-07-20 04:12:57 | INFO     | OK https://skeb.jp/api/users/kazura1000
2026-07-20 04:12:57 | INFO     | Saving at a/skeb/kazura1000-e630fd.json
2026-07-20 04:12:58 | INFO     | OK https://skeb.jp/api/users/skhr_cv
2026-07-20 04:12:58 | INFO     | Saving at a/skeb/skhr_cv-b1e5ae.json
2026-07-20 04:12:59 | INFO     | OK https://skeb.jp/api/users/4kiMizuki
2026-07-20 04:12:59 | INFO     | Saving at a/skeb/4kiMizuki-28c1f0.json
2026-07-20 04:13:00 | INFO     | OK https://skeb.jp/api/users/CZ_pict
2026-07-20 04:13:00 | INFO     | Saving at a/skeb/CZ_pict-ffa545.json
2026-07-20 04:13:01 | INFO     | OK https://skeb.jp/api/users/POMIDAX
2026-07-20 04:13:01 | INFO     | Saving at a/skeb/POMIDAX-ecec2e.json
2026-07-20 04:13:02 | INFO     | OK https://skeb.jp/api/users/mofumaa_
2026-07-20 04:13:02 | INFO     | Saving at a/skeb/mofumaa_-45fdb5.json
2026-07-20 04:13:03 | INFO     | OK https://skeb.jp/api/users/minai_san__
2026-07-20 04:13:03 | INFO     | Saving at a/skeb/minai_san__-c8dd81.json
2026-07-20 04:13:04 | INFO     | OK https://skeb.jp/api/users/amarimari1092
2026-07-20 04:13:04 | INFO     | Saving at a/skeb/amarimari1092-89ed07.json
2026-07-20 04:13:05 | INFO     | OK https://skeb.jp/api/users/kogarashitobi
2026-07-20 04:13:05 | INFO     | Saving at a/skeb/kogarashitobi-5ab8de.json
2026-07-20 04:13:06 | INFO     | OK https://skeb.jp/api/users/kmrmur3
2026-07-20 04:13:06 | INFO     | Saving at a/skeb/kmrmur3-9dae89.json
2026-07-20 04:13:07 | INFO     | OK https://skeb.jp/api/users/wwwaaannP
2026-07-20 04:13:07 | INFO     | Saving at a/skeb/wwwaaannP-68a8b0.json
2026-07-20 04:13:08 | INFO     | OK https://skeb.jp/api/users/riri_Arx
2026-07-20 04:13:08 | INFO     | Saving at a/skeb/riri_Arx-7bfce2.json
2026-07-20 04:13:09 | INFO     | OK https://skeb.jp/api/users/nUoxnUn
2026-07-20 04:13:09 | INFO     | Saving at a/skeb/nUoxnUn-54f1e5.json
2026-07-20 04:13:10 | INFO     | OK https://skeb.jp/api/users/lily__dog_
2026-07-20 04:13:10 | INFO     | Saving at a/skeb/lily__dog_-415cb5.json
2026-07-20 04:13:11 | INFO     | OK https://skeb.jp/api/users/mikur_ovog
2026-07-20 04:13:11 | INFO     | Saving at a/skeb/mikur_ovog-7f247f.json
2026-07-20 04:13:12 | INFO     | OK https://skeb.jp/api/users/ow_UxxU
2026-07-20 04:13:12 | INFO     | Saving at a/skeb/ow_UxxU-303dd0.json
2026-07-20 04:13:13 | INFO     | OK https://skeb.jp/api/users/L0WR15E
2026-07-20 04:13:13 | INFO     | Saving at a/skeb/L0WR15E-8c5532.json
2026-07-20 04:13:14 | INFO     | OK https://skeb.jp/api/users/noma_ll
2026-07-20 04:13:14 | INFO     | Saving at a/skeb/noma_ll-29002c.json
2026-07-20 04:13:15 | INFO     | OK https://skeb.jp/api/users/ioTa_af1600
2026-07-20 04:13:15 | INFO     | Saving at a/skeb/ioTa_af1600-a79ae7.json
2026-07-20 04:13:16 | INFO     | OK https://skeb.jp/api/users/junkichi_gbf
2026-07-20 04:13:16 | INFO     | Saving at a/skeb/junkichi_gbf-0ff36e.json
2026-07-20 04:13:17 | INFO     | OK https://skeb.jp/api/users/59UShop
2026-07-20 04:13:17 | INFO     | Saving at a/skeb/59UShop-e01253.json
2026-07-20 04:13:18 | INFO     | OK https://skeb.jp/api/users/K_Usly
2026-07-20 04:13:18 | INFO     | Saving at a/skeb/K_Usly-e63f52.json
2026-07-20 04:13:19 | INFO     | OK https://skeb.jp/api/users/forlad
2026-07-20 04:13:19 | INFO     | Saving at a/skeb/forlad-0b8a4d.json
2026-07-20 04:13:20 | INFO     | OK https://skeb.jp/api/users/Pink_kakumei
2026-07-20 04:13:20 | INFO     | Saving at a/skeb/Pink_kakumei-2a6e15.json
2026-07-20 04:13:21 | INFO     | OK https://skeb.jp/api/users/jcndx2_
2026-07-20 04:13:21 | INFO     | Saving at a/skeb/jcndx2_-cd595c.json
2026-07-20 04:13:22 | INFO     | OK https://skeb.jp/api/users/nekogenetic
2026-07-20 04:13:22 | INFO     | Saving at a/skeb/nekogenetic-50a51e.json
2026-07-20 04:13:23 | INFO     | OK https://skeb.jp/api/users/EXP_66
2026-07-20 04:13:23 | INFO     | Saving at a/skeb/EXP_66-d4e9f6.json
2026-07-20 04:13:24 | INFO     | OK https://skeb.jp/api/users/__IZIZ__
2026-07-20 04:13:24 | INFO     | Saving at a/skeb/__IZIZ__-b44de8.json
2026-07-20 04:13:25 | INFO     | OK https://skeb.jp/api/users/nanasiro
2026-07-20 04:13:25 | INFO     | Saving at a/skeb/nanasiro-8325d8.json
2026-07-20 04:13:26 | INFO     | OK https://skeb.jp/api/users/whamew33
2026-07-20 04:13:26 | INFO     | Saving at a/skeb/whamew33-796508.json
2026-07-20 04:13:27 | INFO     | OK https://skeb.jp/api/users/__na__si
2026-07-20 04:13:27 | INFO     | Saving at a/skeb/__na__si-8b2201.json
2026-07-20 04:13:28 | INFO     | OK https://skeb.jp/api/users/zatu____04
2026-07-20 04:13:28 | INFO     | Saving at a/skeb/zatu____04-1d1ae2.json
2026-07-20 04:13:29 | INFO     | OK https://skeb.jp/api/users/yp6pd
2026-07-20 04:13:29 | INFO     | Saving at a/skeb/yp6pd-0383bd.json
2026-07-20 04:13:30 | INFO     | OK https://skeb.jp/api/users/Shinomiyamiya_
2026-07-20 04:13:30 | INFO     | Saving at a/skeb/Shinomiyamiya_-9accc0.json
2026-07-20 04:13:31 | INFO     | OK https://skeb.jp/api/users/warpjizou4
2026-07-20 04:13:31 | INFO     | Saving at a/skeb/warpjizou4-0bc51e.json
2026-07-20 04:13:32 | INFO     | OK https://skeb.jp/api/users/sinya393939
2026-07-20 04:13:32 | INFO     | Saving at a/skeb/sinya393939-a120ca.json
2026-07-20 04:13:33 | INFO     | OK https://skeb.jp/api/users/masakikamoritu
2026-07-20 04:13:33 | INFO     | Saving at a/skeb/masakikamoritu-271c1b.json
2026-07-20 04:13:34 | INFO     | OK https://skeb.jp/api/users/hidu320
2026-07-20 04:13:34 | INFO     | Saving at a/skeb/hidu320-12a331.json
2026-07-20 04:13:35 | INFO     | OK https://skeb.jp/api/users/l_xh4cv
2026-07-20 04:13:35 | INFO     | Saving at a/skeb/l_xh4cv-650bd5.json
2026-07-20 04:13:36 | INFO     | OK https://skeb.jp/api/users/yukikagerou
2026-07-20 04:13:36 | INFO     | Saving at a/skeb/yukikagerou-477eb4.json
2026-07-20 04:13:37 | INFO     | OK https://skeb.jp/api/users/nanamo_kizaki
2026-07-20 04:13:37 | INFO     | Saving at a/skeb/nanamo_kizaki-1d271f.json
2026-07-20 04:13:38 | INFO     | OK https://skeb.jp/api/users/50d0d0_
2026-07-20 04:13:38 | INFO     | Saving at a/skeb/50d0d0_-2b38ca.json
2026-07-20 04:13:39 | INFO     | OK https://skeb.jp/api/users/_umemOchi_
2026-07-20 04:13:39 | INFO     | Saving at a/skeb/_umemOchi_-a9d0bf.json
2026-07-20 04:13:40 | INFO     | OK https://skeb.jp/api/users/cc0mn
2026-07-20 04:13:40 | INFO     | Saving at a/skeb/cc0mn-272951.json
2026-07-20 04:13:41 | INFO     | OK https://skeb.jp/api/users/_32miya107
2026-07-20 04:13:41 | INFO     | Saving at a/skeb/_32miya107-3108ab.json
2026-07-20 04:13:42 | INFO     | OK https://skeb.jp/api/users/bread_oishisugi
2026-07-20 04:13:42 | INFO     | Saving at a/skeb/bread_oishisugi-30fd7b.json
2026-07-20 04:13:43 | INFO     | OK https://skeb.jp/api/users/ekaenamored
2026-07-20 04:13:43 | INFO     | Saving at a/skeb/ekaenamored-945e58.json
2026-07-20 04:13:44 | INFO     | OK https://skeb.jp/api/users/mochioni113
2026-07-20 04:13:44 | INFO     | Saving at a/skeb/mochioni113-b83d1b.json
2026-07-20 04:13:45 | INFO     | OK https://skeb.jp/api/users/Shaaan_grilaaaa
2026-07-20 04:13:45 | INFO     | Saving at a/skeb/Shaaan_grilaaaa-7f0cd4.json
2026-07-20 04:13:46 | INFO     | OK https://skeb.jp/api/users/Milk_cocoapan
2026-07-20 04:13:46 | INFO     | Saving at a/skeb/Milk_cocoapan-66f9d6.json
2026-07-20 04:13:47 | INFO     | OK https://skeb.jp/api/users/hasunohato_
2026-07-20 04:13:47 | INFO     | Saving at a/skeb/hasunohato_-6ab511.json
2026-07-20 04:13:48 | INFO     | OK https://skeb.jp/api/users/sleep_95_UwU
2026-07-20 04:13:48 | INFO     | Saving at a/skeb/sleep_95_UwU-75a0b3.json
2026-07-20 04:13:49 | INFO     | OK https://skeb.jp/api/users/__1108_R
2026-07-20 04:13:49 | INFO     | Saving at a/skeb/__1108_R-b6e8f0.json
2026-07-20 04:13:50 | INFO     | OK https://skeb.jp/api/users/nanoka_san
2026-07-20 04:13:50 | INFO     | Saving at a/skeb/nanoka_san-e030d9.json
2026-07-20 04:13:51 | INFO     | OK https://skeb.jp/api/users/acoloredpencil
2026-07-20 04:13:51 | INFO     | Saving at a/skeb/acoloredpencil-96b373.json
2026-07-20 04:13:52 | INFO     | OK https://skeb.jp/api/users/yn1hamb_g
2026-07-20 04:13:52 | INFO     | Saving at a/skeb/yn1hamb_g-2d161f.json
2026-07-20 04:13:53 | INFO     | OK https://skeb.jp/api/users/kukiko
2026-07-20 04:13:53 | INFO     | Saving at a/skeb/kukiko-01ddce.json
2026-07-20 04:13:54 | INFO     | OK https://skeb.jp/api/users/kazuita
2026-07-20 04:13:54 | INFO     | Saving at a/skeb/kazuita-dc0745.json
2026-07-20 04:13:55 | INFO     | OK https://skeb.jp/api/users/Shirochoco0119
2026-07-20 04:13:55 | INFO     | Saving at a/skeb/Shirochoco0119-86a21e.json
2026-07-20 04:13:56 | INFO     | OK https://skeb.jp/api/users/mayoineko0915
2026-07-20 04:13:56 | INFO     | Saving at a/skeb/mayoineko0915-0bece7.json
2026-07-20 04:13:57 | INFO     | OK https://skeb.jp/api/users/yoh
2026-07-20 04:13:57 | INFO     | Saving at a/skeb/yoh-8cb84e.json
2026-07-20 04:13:58 | INFO     | OK https://skeb.jp/api/users/moz
2026-07-20 04:13:58 | INFO     | Saving at a/skeb/moz-89364c.json
2026-07-20 04:13:59 | INFO     | OK https://skeb.jp/api/users/yyyyyuuuuueeeee
2026-07-20 04:13:59 | INFO     | Saving at a/skeb/yyyyyuuuuueeeee-17af46.json
2026-07-20 04:14:00 | INFO     | OK https://skeb.jp/api/users/hihuu36
2026-07-20 04:14:00 | INFO     | Saving at a/skeb/hihuu36-58af5c.json
2026-07-20 04:14:01 | INFO     | OK https://skeb.jp/api/users/nonbe19
2026-07-20 04:14:01 | INFO     | Saving at a/skeb/nonbe19-491de6.json
2026-07-20 04:14:02 | INFO     | OK https://skeb.jp/api/users/9Td45hbZ3q85570
2026-07-20 04:14:02 | INFO     | Saving at a/skeb/9Td45hbZ3q85570-c8d56f.json
2026-07-20 04:14:03 | INFO     | OK https://skeb.jp/api/users/sabawye_TRPG
2026-07-20 04:14:03 | INFO     | Saving at a/skeb/sabawye_TRPG-8cf720.json
2026-07-20 04:14:04 | INFO     | OK https://skeb.jp/api/users/fragbowl
2026-07-20 04:14:04 | INFO     | Saving at a/skeb/fragbowl-26fd97.json
2026-07-20 04:14:05 | INFO     | OK https://skeb.jp/api/users/hiyurenyuki
2026-07-20 04:14:05 | INFO     | Saving at a/skeb/hiyurenyuki-3fcde1.json
2026-07-20 04:14:06 | INFO     | OK https://skeb.jp/api/users/goe_goemon
2026-07-20 04:14:06 | INFO     | Saving at a/skeb/goe_goemon-1731a5.json
2026-07-20 04:14:07 | INFO     | OK https://skeb.jp/api/users/longbear65
2026-07-20 04:14:07 | INFO     | Saving at a/skeb/longbear65-470212.json
2026-07-20 04:14:08 | INFO     | OK https://skeb.jp/api/users/iuyiuy12
2026-07-20 04:14:08 | INFO     | Saving at a/skeb/iuyiuy12-326698.json
2026-07-20 04:14:09 | INFO     | OK https://skeb.jp/api/users/moskubo113
2026-07-20 04:14:09 | INFO     | Saving at a/skeb/moskubo113-35c244.json
2026-07-20 04:14:10 | INFO     | OK https://skeb.jp/api/users/sibaena_tororo
2026-07-20 04:14:10 | INFO     | Saving at a/skeb/sibaena_tororo-252f9f.json
2026-07-20 04:14:11 | INFO     | OK https://skeb.jp/api/users/Kawaiimono_Yoi
2026-07-20 04:14:11 | INFO     | Saving at a/skeb/Kawaiimono_Yoi-ea689c.json
2026-07-20 04:14:12 | INFO     | OK https://skeb.jp/api/users/tnnmyc2
2026-07-20 04:14:12 | INFO     | Saving at a/skeb/tnnmyc2-4a10ac.json
2026-07-20 04:14:13 | INFO     | OK https://skeb.jp/api/users/AZ84997592
2026-07-20 04:14:13 | INFO     | Saving at a/skeb/AZ84997592-8d6dc5.json
2026-07-20 04:14:14 | INFO     | OK https://skeb.jp/api/users/ayumuhotaka
2026-07-20 04:14:14 | INFO     | Saving at a/skeb/ayumuhotaka-555a35.json
2026-07-20 04:14:15 | INFO     | OK https://skeb.jp/api/users/terror_siri
2026-07-20 04:14:15 | INFO     | Saving at a/skeb/terror_siri-a041a1.json
2026-07-20 04:14:16 | INFO     | OK https://skeb.jp/api/users/15furikake
2026-07-20 04:14:16 | INFO     | Saving at a/skeb/15furikake-033fd9.json
2026-07-20 04:14:17 | INFO     | OK https://skeb.jp/api/users/wsss_rauha
2026-07-20 04:14:17 | INFO     | Saving at a/skeb/wsss_rauha-b05c86.json
2026-07-20 04:14:18 | INFO     | OK https://skeb.jp/api/users/BOY7qYMFiqNsJFv
2026-07-20 04:14:18 | INFO     | Saving at a/skeb/BOY7qYMFiqNsJFv-f8688c.json
2026-07-20 04:14:19 | INFO     | OK https://skeb.jp/api/users/mutoha_A_24
2026-07-20 04:14:19 | INFO     | Saving at a/skeb/mutoha_A_24-9a4912.json
2026-07-20 04:14:20 | INFO     | OK https://skeb.jp/api/users/strangebeast_SR
2026-07-20 04:14:20 | INFO     | Saving at a/skeb/strangebeast_SR-6d8bcc.json
2026-07-20 04:14:21 | INFO     | OK https://skeb.jp/api/users/mimimunpyo
2026-07-20 04:14:21 | INFO     | Saving at a/skeb/mimimunpyo-e1975d.json
2026-07-20 04:14:22 | INFO     | OK https://skeb.jp/api/users/seniphahpines
2026-07-20 04:14:22 | INFO     | Saving at a/skeb/seniphahpines-5ca018.json
2026-07-20 04:14:23 | INFO     | OK https://skeb.jp/api/users/niwlite
2026-07-20 04:14:23 | INFO     | Saving at a/skeb/niwlite-5c2612.json
2026-07-20 04:14:24 | INFO     | OK https://skeb.jp/api/users/Runa_Rabbi53
2026-07-20 04:14:24 | INFO     | Saving at a/skeb/Runa_Rabbi53-4712c1.json
2026-07-20 04:14:25 | INFO     | OK https://skeb.jp/api/users/h1na_nemui
2026-07-20 04:14:25 | INFO     | Saving at a/skeb/h1na_nemui-eaaf6f.json
2026-07-20 04:14:26 | INFO     | OK https://skeb.jp/api/users/__furiru
2026-07-20 04:14:26 | INFO     | Saving at a/skeb/__furiru-126dbc.json
2026-07-20 04:14:27 | INFO     | OK https://skeb.jp/api/users/15_muwi
2026-07-20 04:14:27 | INFO     | Saving at a/skeb/15_muwi-b27643.json
2026-07-20 04:14:28 | INFO     | OK https://skeb.jp/api/users/gemu_waka
2026-07-20 04:14:28 | INFO     | Saving at a/skeb/gemu_waka-a4265c.json
2026-07-20 04:14:29 | INFO     | OK https://skeb.jp/api/users/Ura_circle_
2026-07-20 04:14:29 | INFO     | Saving at a/skeb/Ura_circle_-59a7aa.json
2026-07-20 04:14:30 | INFO     | OK https://skeb.jp/api/users/Pandayo_shark
2026-07-20 04:14:30 | INFO     | Saving at a/skeb/Pandayo_shark-6c2d14.json
2026-07-20 04:14:31 | INFO     | OK https://skeb.jp/api/users/shan_shan_net
2026-07-20 04:14:31 | INFO     | Saving at a/skeb/shan_shan_net-86a584.json
2026-07-20 04:14:32 | INFO     | OK https://skeb.jp/api/users/abzdrba
2026-07-20 04:14:32 | INFO     | Saving at a/skeb/abzdrba-7d6668.json
2026-07-20 04:14:33 | INFO     | OK https://skeb.jp/api/users/elega_sophi
2026-07-20 04:14:33 | INFO     | Saving at a/skeb/elega_sophi-d056fd.json
2026-07-20 04:14:34 | INFO     | OK https://skeb.jp/api/users/i_n_m_r_s_k_y
2026-07-20 04:14:34 | INFO     | Saving at a/skeb/i_n_m_r_s_k_y-e1ead9.json
2026-07-20 04:14:35 | INFO     | OK https://skeb.jp/api/users/simaena05
2026-07-20 04:14:35 | INFO     | Saving at a/skeb/simaena05-2b668e.json
2026-07-20 04:14:36 | INFO     | OK https://skeb.jp/api/users/gluc000se
2026-07-20 04:14:36 | INFO     | Saving at a/skeb/gluc000se-30b006.json
2026-07-20 04:14:37 | INFO     | OK https://skeb.jp/api/users/rikka_123456
2026-07-20 04:14:37 | INFO     | Saving at a/skeb/rikka_123456-f58f96.json
2026-07-20 04:14:38 | INFO     | OK https://skeb.jp/api/users/OL_UyuKA
2026-07-20 04:14:38 | INFO     | Saving at a/skeb/OL_UyuKA-78dca2.json
2026-07-20 04:14:39 | INFO     | OK https://skeb.jp/api/users/kumano_poku
2026-07-20 04:14:39 | INFO     | Saving at a/skeb/kumano_poku-06b6ad.json
2026-07-20 04:14:40 | INFO     | OK https://skeb.jp/api/users/mttad0
2026-07-20 04:14:40 | INFO     | Saving at a/skeb/mttad0-fd7e11.json
2026-07-20 04:14:41 | INFO     | OK https://skeb.jp/api/users/aineko_nekoko
2026-07-20 04:14:41 | INFO     | Saving at a/skeb/aineko_nekoko-d0c7bb.json
2026-07-20 04:14:42 | INFO     | OK https://skeb.jp/api/users/cocco1192
2026-07-20 04:14:42 | INFO     | Saving at a/skeb/cocco1192-42f5ff.json
2026-07-20 04:14:43 | INFO     | OK https://skeb.jp/api/users/fuwa_tama__
2026-07-20 04:14:43 | INFO     | Saving at a/skeb/fuwa_tama__-3c70f4.json
2026-07-20 04:14:44 | INFO     | OK https://skeb.jp/api/users/mawata0618
2026-07-20 04:14:44 | INFO     | Saving at a/skeb/mawata0618-880a9e.json
2026-07-20 04:14:45 | INFO     | OK https://skeb.jp/api/users/Pumu_co29
2026-07-20 04:14:45 | INFO     | Saving at a/skeb/Pumu_co29-18b494.json
2026-07-20 04:14:46 | INFO     | OK https://skeb.jp/api/users/azamihana_ringo
2026-07-20 04:14:46 | INFO     | Saving at a/skeb/azamihana_ringo-70edee.json
2026-07-20 04:14:47 | INFO     | OK https://skeb.jp/api/users/katsute_n
2026-07-20 04:14:47 | INFO     | Saving at a/skeb/katsute_n-dd355b.json
2026-07-20 04:14:48 | INFO     | OK https://skeb.jp/api/users/Amu_rumu
2026-07-20 04:14:48 | INFO     | Saving at a/skeb/Amu_rumu-6ba266.json
2026-07-20 04:14:49 | INFO     | OK https://skeb.jp/api/users/9pmmJ
2026-07-20 04:14:49 | INFO     | Saving at a/skeb/9pmmJ-b178cf.json
2026-07-20 04:14:50 | INFO     | OK https://skeb.jp/api/users/8ri40_00
2026-07-20 04:14:50 | INFO     | Saving at a/skeb/8ri40_00-40648a.json
2026-07-20 04:14:51 | INFO     | OK https://skeb.jp/api/users/omuomuomuchan
2026-07-20 04:14:51 | INFO     | Saving at a/skeb/omuomuomuchan-f46a86.json
2026-07-20 04:14:52 | INFO     | OK https://skeb.jp/api/users/AMIBAnotTOKI
2026-07-20 04:14:52 | INFO     | Saving at a/skeb/AMIBAnotTOKI-34a285.json
2026-07-20 04:14:53 | INFO     | OK https://skeb.jp/api/users/nullmms
2026-07-20 04:14:53 | INFO     | Saving at a/skeb/nullmms-39f6a8.json
2026-07-20 04:14:54 | INFO     | OK https://skeb.jp/api/users/kosame_kkk
2026-07-20 04:14:54 | INFO     | Saving at a/skeb/kosame_kkk-b205c7.json
2026-07-20 04:14:55 | INFO     | OK https://skeb.jp/api/users/lewdgatta
2026-07-20 04:14:55 | INFO     | Saving at a/skeb/lewdgatta-007f03.json
2026-07-20 04:14:56 | INFO     | OK https://skeb.jp/api/users/takahashimyojin
2026-07-20 04:14:56 | INFO     | Saving at a/skeb/takahashimyojin-dd0852.json
2026-07-20 04:14:57 | INFO     | OK https://skeb.jp/api/users/SeNMU0107
2026-07-20 04:14:57 | INFO     | Saving at a/skeb/SeNMU0107-150808.json
2026-07-20 04:14:58 | INFO     | OK https://skeb.jp/api/users/Nari_yusei0808
2026-07-20 04:14:58 | INFO     | Saving at a/skeb/Nari_yusei0808-136e66.json
2026-07-20 04:14:59 | INFO     | OK https://skeb.jp/api/users/super_tokagen
2026-07-20 04:14:59 | INFO     | Saving at a/skeb/super_tokagen-c6aec2.json
2026-07-20 04:15:00 | INFO     | OK https://skeb.jp/api/users/negio_onion
2026-07-20 04:15:00 | INFO     | Saving at a/skeb/negio_onion-db3ced.json
2026-07-20 04:15:01 | INFO     | OK https://skeb.jp/api/users/yu_1123_mono
2026-07-20 04:15:01 | INFO     | Saving at a/skeb/yu_1123_mono-0d2a16.json
2026-07-20 04:15:02 | INFO     | OK https://skeb.jp/api/users/sengokuchidori
2026-07-20 04:15:02 | INFO     | Saving at a/skeb/sengokuchidori-054abe.json
2026-07-20 04:15:03 | INFO     | OK https://skeb.jp/api/users/biginu_smallinu
2026-07-20 04:15:03 | INFO     | Saving at a/skeb/biginu_smallinu-b50461.json
2026-07-20 04:15:04 | INFO     | OK https://skeb.jp/api/users/Miya_xxx_38
2026-07-20 04:15:04 | INFO     | Saving at a/skeb/Miya_xxx_38-7199e9.json
2026-07-20 04:15:05 | INFO     | OK https://skeb.jp/api/users/10den
2026-07-20 04:15:05 | INFO     | Saving at a/skeb/10den-c24e2e.json
2026-07-20 04:15:06 | INFO     | OK https://skeb.jp/api/users/2024_miruhowa65
2026-07-20 04:15:06 | INFO     | Saving at a/skeb/2024_miruhowa65-0205cb.json
2026-07-20 04:15:07 | INFO     | OK https://skeb.jp/api/users/dainamen556
2026-07-20 04:15:07 | INFO     | Saving at a/skeb/dainamen556-473a40.json
2026-07-20 04:15:08 | INFO     | OK https://skeb.jp/api/users/nkjrs12
2026-07-20 04:15:08 | INFO     | Saving at a/skeb/nkjrs12-d571af.json
2026-07-20 04:15:09 | INFO     | OK https://skeb.jp/api/users/___AntennA___
2026-07-20 04:15:09 | INFO     | Saving at a/skeb/___AntennA___-f2a7dc.json
2026-07-20 04:15:10 | INFO     | OK https://skeb.jp/api/users/xry8og
2026-07-20 04:15:10 | INFO     | Saving at a/skeb/xry8og-00d2d7.json
2026-07-20 04:15:11 | INFO     | OK https://skeb.jp/api/users/senriash
2026-07-20 04:15:11 | INFO     | Saving at a/skeb/senriash-1b5306.json
2026-07-20 04:15:12 | INFO     | OK https://skeb.jp/api/users/_aisatsu
2026-07-20 04:15:12 | INFO     | Saving at a/skeb/_aisatsu-549e3e.json
2026-07-20 04:15:13 | INFO     | OK https://skeb.jp/api/users/hatikumori01
2026-07-20 04:15:13 | INFO     | Saving at a/skeb/hatikumori01-0f0335.json
2026-07-20 04:15:14 | INFO     | OK https://skeb.jp/api/users/072207honey_
2026-07-20 04:15:14 | INFO     | Saving at a/skeb/072207honey_-96273d.json
2026-07-20 04:15:15 | INFO     | OK https://skeb.jp/api/users/aocooler
2026-07-20 04:15:15 | INFO     | Saving at a/skeb/aocooler-cb7576.json
2026-07-20 04:15:16 | INFO     | OK https://skeb.jp/api/users/otegakisaba
2026-07-20 04:15:16 | INFO     | Saving at a/skeb/otegakisaba-bfb26b.json
2026-07-20 04:15:17 | INFO     | OK https://skeb.jp/api/users/CoPaPano_PA
2026-07-20 04:15:17 | INFO     | Saving at a/skeb/CoPaPano_PA-3e77a9.json
2026-07-20 04:15:18 | INFO     | OK https://skeb.jp/api/users/unanooo_
2026-07-20 04:15:18 | INFO     | Saving at a/skeb/unanooo_-56a2fd.json
2026-07-20 04:15:19 | INFO     | OK https://skeb.jp/api/users/SoraU2gi
2026-07-20 04:15:19 | INFO     | Saving at a/skeb/SoraU2gi-3cf40d.json
2026-07-20 04:15:20 | INFO     | OK https://skeb.jp/api/users/shupita012
2026-07-20 04:15:20 | INFO     | Saving at a/skeb/shupita012-52ebef.json
2026-07-20 04:15:21 | INFO     | OK https://skeb.jp/api/users/BecoMori
2026-07-20 04:15:21 | INFO     | Saving at a/skeb/BecoMori-5a5cb4.json
2026-07-20 04:15:22 | INFO     | OK https://skeb.jp/api/users/upou0138
2026-07-20 04:15:22 | INFO     | Saving at a/skeb/upou0138-fb397a.json
2026-07-20 04:15:23 | INFO     | OK https://skeb.jp/api/users/sagiriwing
2026-07-20 04:15:23 | INFO     | Saving at a/skeb/sagiriwing-eb3246.json
2026-07-20 04:15:24 | INFO     | OK https://skeb.jp/api/users/chimakiti_
2026-07-20 04:15:24 | INFO     | Saving at a/skeb/chimakiti_-a28e71.json
2026-07-20 04:15:25 | INFO     | OK https://skeb.jp/api/users/ngtomo1565
2026-07-20 04:15:25 | INFO     | Saving at a/skeb/ngtomo1565-b084c5.json
2026-07-20 04:15:26 | INFO     | OK https://skeb.jp/api/users/dettonnn
2026-07-20 04:15:26 | INFO     | Saving at a/skeb/dettonnn-905dd7.json
2026-07-20 04:15:27 | INFO     | OK https://skeb.jp/api/users/tknknym
2026-07-20 04:15:27 | INFO     | Saving at a/skeb/tknknym-2505c4.json
2026-07-20 04:15:28 | INFO     | OK https://skeb.jp/api/users/Hitome_miru
2026-07-20 04:15:28 | INFO     | Saving at a/skeb/Hitome_miru-33eb96.json
2026-07-20 04:15:29 | INFO     | OK https://skeb.jp/api/users/LingLingBell108
2026-07-20 04:15:29 | INFO     | Saving at a/skeb/LingLingBell108-115256.json
2026-07-20 04:15:30 | INFO     | OK https://skeb.jp/api/users/coburina_toma
2026-07-20 04:15:30 | INFO     | Saving at a/skeb/coburina_toma-552350.json
2026-07-20 04:15:31 | INFO     | OK https://skeb.jp/api/users/Mocha_MH
2026-07-20 04:15:31 | INFO     | Saving at a/skeb/Mocha_MH-05d246.json
2026-07-20 04:15:32 | INFO     | OK https://skeb.jp/api/users/QuvgZNaJcNe0Fal
2026-07-20 04:15:32 | INFO     | Saving at a/skeb/QuvgZNaJcNe0Fal-6c7539.json
2026-07-20 04:15:33 | INFO     | OK https://skeb.jp/api/users/tanoon10070
2026-07-20 04:15:33 | INFO     | Saving at a/skeb/tanoon10070-91464c.json
2026-07-20 04:15:34 | INFO     | OK https://skeb.jp/api/users/tonarinoyama
2026-07-20 04:15:34 | INFO     | Saving at a/skeb/tonarinoyama-73b9d1.json
2026-07-20 04:15:35 | INFO     | OK https://skeb.jp/api/users/tsubaki_pbwfa
2026-07-20 04:15:35 | INFO     | Saving at a/skeb/tsubaki_pbwfa-a2f47b.json
2026-07-20 04:15:36 | INFO     | OK https://skeb.jp/api/users/47shina47
2026-07-20 04:15:36 | INFO     | Saving at a/skeb/47shina47-510b8f.json
2026-07-20 04:15:37 | INFO     | OK https://skeb.jp/api/users/ask_skrmchi6o6
2026-07-20 04:15:37 | INFO     | Saving at a/skeb/ask_skrmchi6o6-d6bad9.json
2026-07-20 04:15:38 | INFO     | OK https://skeb.jp/api/users/mi__UoyoU
2026-07-20 04:15:38 | INFO     | Saving at a/skeb/mi__UoyoU-090568.json
2026-07-20 04:15:39 | INFO     | OK https://skeb.jp/api/users/lNRCLKsJ9h
2026-07-20 04:15:39 | INFO     | Saving at a/skeb/lNRCLKsJ9h-c82430.json
2026-07-20 04:15:40 | INFO     | OK https://skeb.jp/api/users/soine_sirasawa
2026-07-20 04:15:40 | INFO     | Saving at a/skeb/soine_sirasawa-306bae.json
2026-07-20 04:15:41 | INFO     | OK https://skeb.jp/api/users/moririn_chan
2026-07-20 04:15:41 | INFO     | Saving at a/skeb/moririn_chan-096f90.json
2026-07-20 04:15:42 | INFO     | OK https://skeb.jp/api/users/tazikara
2026-07-20 04:15:42 | INFO     | Saving at a/skeb/tazikara-037528.json
2026-07-20 04:15:43 | INFO     | OK https://skeb.jp/api/users/TGxx3300
2026-07-20 04:15:43 | INFO     | Saving at a/skeb/TGxx3300-ad4742.json
2026-07-20 04:15:44 | INFO     | OK https://skeb.jp/api/users/Dj_sashimi_2nd
2026-07-20 04:15:44 | INFO     | Saving at a/skeb/Dj_sashimi_2nd-9036ba.json
2026-07-20 04:15:45 | INFO     | OK https://skeb.jp/api/users/Selala_hades
2026-07-20 04:15:45 | INFO     | Saving at a/skeb/Selala_hades-8916f5.json
2026-07-20 04:15:46 | INFO     | OK https://skeb.jp/api/users/tottemoomame
2026-07-20 04:15:46 | INFO     | Saving at a/skeb/tottemoomame-b4d858.json
2026-07-20 04:15:47 | INFO     | OK https://skeb.jp/api/users/LAMCHAN0722
2026-07-20 04:15:47 | INFO     | Saving at a/skeb/LAMCHAN0722-976118.json
2026-07-20 04:15:48 | INFO     | OK https://skeb.jp/api/users/344kantenn
2026-07-20 04:15:48 | INFO     | Saving at a/skeb/344kantenn-cc7267.json
2026-07-20 04:15:49 | INFO     | OK https://skeb.jp/api/users/gotouhundosisub
2026-07-20 04:15:49 | INFO     | Saving at a/skeb/gotouhundosisub-4cfac0.json
2026-07-20 04:15:50 | INFO     | OK https://skeb.jp/api/users/kome_non
2026-07-20 04:15:50 | INFO     | Saving at a/skeb/kome_non-912216.json
2026-07-20 04:15:51 | INFO     | OK https://skeb.jp/api/users/hikentai0112
2026-07-20 04:15:51 | INFO     | Saving at a/skeb/hikentai0112-0727a1.json
2026-07-20 04:15:52 | INFO     | OK https://skeb.jp/api/users/nemyu
2026-07-20 04:15:52 | INFO     | Saving at a/skeb/nemyu-5dbaac.json
2026-07-20 04:15:53 | INFO     | OK https://skeb.jp/api/users/nichiyoubi
2026-07-20 04:15:53 | INFO     | Saving at a/skeb/nichiyoubi-c15057.json
2026-07-20 04:15:54 | INFO     | OK https://skeb.jp/api/users/tagguhp
2026-07-20 04:15:54 | INFO     | Saving at a/skeb/tagguhp-02bf9a.json
2026-07-20 04:15:55 | INFO     | OK https://skeb.jp/api/users/kamesys
2026-07-20 04:15:55 | INFO     | Saving at a/skeb/kamesys-3fa2a1.json
2026-07-20 04:15:56 | INFO     | OK https://skeb.jp/api/users/nnntgbt2434
2026-07-20 04:15:56 | INFO     | Saving at a/skeb/nnntgbt2434-07b173.json
2026-07-20 04:15:57 | INFO     | OK https://skeb.jp/api/users/nyori_oo
2026-07-20 04:15:57 | INFO     | Saving at a/skeb/nyori_oo-4c98b8.json
2026-07-20 04:15:58 | INFO     | OK https://skeb.jp/api/users/0suzu_illust
2026-07-20 04:15:58 | INFO     | Saving at a/skeb/0suzu_illust-9a2a3e.json
2026-07-20 04:15:59 | INFO     | OK https://skeb.jp/api/users/atira3lq
2026-07-20 04:15:59 | INFO     | Saving at a/skeb/atira3lq-d0c726.json
2026-07-20 04:16:00 | INFO     | OK https://skeb.jp/api/users/enotarou1008
2026-07-20 04:16:00 | INFO     | Saving at a/skeb/enotarou1008-908cd0.json
2026-07-20 04:16:01 | INFO     | OK https://skeb.jp/api/users/Nyaka_sun
2026-07-20 04:16:01 | INFO     | Saving at a/skeb/Nyaka_sun-72f539.json
2026-07-20 04:16:02 | INFO     | OK https://skeb.jp/api/users/0d00rkn0cker0
2026-07-20 04:16:02 | INFO     | Saving at a/skeb/0d00rkn0cker0-8d2a3e.json
2026-07-20 04:16:03 | INFO     | OK https://skeb.jp/api/users/az3nnn
2026-07-20 04:16:03 | INFO     | Saving at a/skeb/az3nnn-1f93f4.json
2026-07-20 04:16:04 | INFO     | OK https://skeb.jp/api/users/moyosan_
2026-07-20 04:16:04 | INFO     | Saving at a/skeb/moyosan_-a30d4a.json
2026-07-20 04:16:05 | INFO     | OK https://skeb.jp/api/users/Sirota_Mizuki
2026-07-20 04:16:05 | INFO     | Saving at a/skeb/Sirota_Mizuki-d51375.json
2026-07-20 04:16:06 | INFO     | OK https://skeb.jp/api/users/zmzm_hiji
2026-07-20 04:16:06 | INFO     | Saving at a/skeb/zmzm_hiji-d13961.json
2026-07-20 04:16:07 | INFO     | OK https://skeb.jp/api/users/nanase_masato
2026-07-20 04:16:07 | INFO     | Saving at a/skeb/nanase_masato-239266.json
2026-07-20 04:16:08 | INFO     | OK https://skeb.jp/api/users/22nekoyana
2026-07-20 04:16:08 | INFO     | Saving at a/skeb/22nekoyana-637457.json
2026-07-20 04:16:09 | INFO     | OK https://skeb.jp/api/users/pieceof_figcake
2026-07-20 04:16:09 | INFO     | Saving at a/skeb/pieceof_figcake-dac77c.json
2026-07-20 04:16:10 | INFO     | OK https://skeb.jp/api/users/Monerika1005
2026-07-20 04:16:10 | INFO     | Saving at a/skeb/Monerika1005-79b4d2.json
2026-07-20 04:16:11 | INFO     | OK https://skeb.jp/api/users/Kiricreamchees
2026-07-20 04:16:11 | INFO     | Saving at a/skeb/Kiricreamchees-7ea4f1.json
2026-07-20 04:16:12 | INFO     | OK https://skeb.jp/api/users/morikawa0208
2026-07-20 04:16:12 | INFO     | Saving at a/skeb/morikawa0208-2536d4.json
2026-07-20 04:16:13 | INFO     | OK https://skeb.jp/api/users/5Agoe_Ti
2026-07-20 04:16:13 | INFO     | Saving at a/skeb/5Agoe_Ti-7d1b16.json
2026-07-20 04:16:14 | INFO     | OK https://skeb.jp/api/users/userposts
2026-07-20 04:16:14 | INFO     | Saving at a/skeb/userposts-888ec7.json
2026-07-20 04:16:15 | INFO     | OK https://skeb.jp/api/users/MMMG55
2026-07-20 04:16:15 | INFO     | Saving at a/skeb/MMMG55-82928a.json
2026-07-20 04:16:16 | INFO     | OK https://skeb.jp/api/users/robo_tyan
2026-07-20 04:16:16 | INFO     | Saving at a/skeb/robo_tyan-20f386.json
2026-07-20 04:16:17 | INFO     | OK https://skeb.jp/api/users/ke_ro_lingual
2026-07-20 04:16:17 | INFO     | Saving at a/skeb/ke_ro_lingual-77d873.json
2026-07-20 04:16:18 | INFO     | OK https://skeb.jp/api/users/mio_matushita
2026-07-20 04:16:18 | INFO     | Saving at a/skeb/mio_matushita-b023cb.json
2026-07-20 04:16:19 | INFO     | OK https://skeb.jp/api/users/heigani35
2026-07-20 04:16:19 | INFO     | Saving at a/skeb/heigani35-9092f2.json
2026-07-20 04:16:20 | INFO     | OK https://skeb.jp/api/users/sdus1017
2026-07-20 04:16:20 | INFO     | Saving at a/skeb/sdus1017-a9b890.json
2026-07-20 04:16:21 | INFO     | OK https://skeb.jp/api/users/zabirieru
2026-07-20 04:16:21 | INFO     | Saving at a/skeb/zabirieru-c55270.json
2026-07-20 04:16:22 | INFO     | OK https://skeb.jp/api/users/Antaro_0
2026-07-20 04:16:22 | INFO     | Saving at a/skeb/Antaro_0-a1e6d9.json
2026-07-20 04:16:23 | INFO     | OK https://skeb.jp/api/users/TRkuniPG
2026-07-20 04:16:23 | INFO     | Saving at a/skeb/TRkuniPG-a59509.json
2026-07-20 04:16:24 | INFO     | OK https://skeb.jp/api/users/yurikawa611
2026-07-20 04:16:24 | INFO     | Saving at a/skeb/yurikawa611-5e0558.json
2026-07-20 04:16:25 | INFO     | OK https://skeb.jp/api/users/tunral
2026-07-20 04:16:25 | INFO     | Saving at a/skeb/tunral-ff943a.json
2026-07-20 04:16:26 | INFO     | OK https://skeb.jp/api/users/dog_gomi
2026-07-20 04:16:26 | INFO     | Saving at a/skeb/dog_gomi-757d53.json
2026-07-20 04:16:27 | INFO     | OK https://skeb.jp/api/users/Takayana_vr
2026-07-20 04:16:27 | INFO     | Saving at a/skeb/Takayana_vr-80287a.json
2026-07-20 04:16:28 | INFO     | OK https://skeb.jp/api/users/Oilver
2026-07-20 04:16:28 | INFO     | Saving at a/skeb/Oilver-c7f41e.json
2026-07-20 04:16:29 | INFO     | OK https://skeb.jp/api/users/umeya_04
2026-07-20 04:16:29 | INFO     | Saving at a/skeb/umeya_04-43f265.json
2026-07-20 04:16:30 | INFO     | OK https://skeb.jp/api/users/KWMTTW2
2026-07-20 04:16:30 | INFO     | Saving at a/skeb/KWMTTW2-fb88e4.json
2026-07-20 04:16:31 | INFO     | OK https://skeb.jp/api/users/fy_fp7
2026-07-20 04:16:31 | INFO     | Saving at a/skeb/fy_fp7-3a99f6.json
2026-07-20 04:16:32 | INFO     | OK https://skeb.jp/api/users/0914yuuri_k
2026-07-20 04:16:32 | INFO     | Saving at a/skeb/0914yuuri_k-b54d77.json
2026-07-20 04:16:33 | INFO     | OK https://skeb.jp/api/users/motiCHIKUWA
2026-07-20 04:16:33 | INFO     | Saving at a/skeb/motiCHIKUWA-9118a8.json
2026-07-20 04:16:34 | INFO     | OK https://skeb.jp/api/users/urabuko
2026-07-20 04:16:34 | INFO     | Saving at a/skeb/urabuko-7bc64a.json
2026-07-20 04:16:35 | INFO     | OK https://skeb.jp/api/users/wantarouyes
2026-07-20 04:16:35 | INFO     | Saving at a/skeb/wantarouyes-6af7a2.json
2026-07-20 04:16:36 | INFO     | OK https://skeb.jp/api/users/hrgr_10
2026-07-20 04:16:36 | INFO     | Saving at a/skeb/hrgr_10-ba848e.json
2026-07-20 04:16:37 | INFO     | OK https://skeb.jp/api/users/r_ws2l
2026-07-20 04:16:37 | INFO     | Saving at a/skeb/r_ws2l-021d03.json
2026-07-20 04:16:38 | INFO     | OK https://skeb.jp/api/users/K44xly
2026-07-20 04:16:38 | INFO     | Saving at a/skeb/K44xly-617f7e.json
2026-07-20 04:16:39 | INFO     | OK https://skeb.jp/api/users/Koukeimutou
2026-07-20 04:16:39 | INFO     | Saving at a/skeb/Koukeimutou-0d8d66.json
2026-07-20 04:16:40 | INFO     | OK https://skeb.jp/api/users/popopo2017
2026-07-20 04:16:40 | INFO     | Saving at a/skeb/popopo2017-410791.json
2026-07-20 04:16:41 | INFO     | OK https://skeb.jp/api/users/skylos_neta
2026-07-20 04:16:41 | INFO     | Saving at a/skeb/skylos_neta-6315de.json
2026-07-20 04:16:42 | INFO     | OK https://skeb.jp/api/users/sinosino141V
2026-07-20 04:16:42 | INFO     | Saving at a/skeb/sinosino141V-fbf9bf.json
2026-07-20 04:16:43 | INFO     | OK https://skeb.jp/api/users/6romro_
2026-07-20 04:16:43 | INFO     | Saving at a/skeb/6romro_-f69f93.json
2026-07-20 04:16:44 | INFO     | OK https://skeb.jp/api/users/mm___0422
2026-07-20 04:16:44 | INFO     | Saving at a/skeb/mm___0422-ee5fb1.json
2026-07-20 04:16:45 | INFO     | OK https://skeb.jp/api/users/25asut
2026-07-20 04:16:45 | INFO     | Saving at a/skeb/25asut-dcdd1b.json
2026-07-20 04:16:46 | INFO     | OK https://skeb.jp/api/users/Lazuli_0_0_
2026-07-20 04:16:46 | INFO     | Saving at a/skeb/Lazuli_0_0_-1ac21b.json
2026-07-20 04:16:47 | INFO     | OK https://skeb.jp/api/users/shio_shake_shio
2026-07-20 04:16:47 | INFO     | Saving at a/skeb/shio_shake_shio-85dff3.json
2026-07-20 04:16:48 | INFO     | OK https://skeb.jp/api/users/nagana
2026-07-20 04:16:48 | INFO     | Saving at a/skeb/nagana-db114a.json
2026-07-20 04:16:49 | INFO     | OK https://skeb.jp/api/users/cnn6ms
2026-07-20 04:16:49 | INFO     | Saving at a/skeb/cnn6ms-6e9197.json
2026-07-20 04:16:50 | INFO     | OK https://skeb.jp/api/users/Mukko_jp
2026-07-20 04:16:50 | INFO     | Saving at a/skeb/Mukko_jp-f38423.json
2026-07-20 04:16:51 | INFO     | OK https://skeb.jp/api/users/arikawa44
2026-07-20 04:16:51 | INFO     | Saving at a/skeb/arikawa44-9a0f58.json
2026-07-20 04:16:52 | INFO     | OK https://skeb.jp/api/users/capella_pera
2026-07-20 04:16:52 | INFO     | Saving at a/skeb/capella_pera-00ce6d.json
2026-07-20 04:16:53 | INFO     | OK https://skeb.jp/api/users/gari_mayo
2026-07-20 04:16:53 | INFO     | Saving at a/skeb/gari_mayo-32c3ae.json
2026-07-20 04:16:54 | INFO     | OK https://skeb.jp/api/users/slowing5252_TL
2026-07-20 04:16:54 | INFO     | Saving at a/skeb/slowing5252_TL-1e40de.json
2026-07-20 04:16:55 | INFO     | OK https://skeb.jp/api/users/rakugakioonage
2026-07-20 04:16:55 | INFO     | Saving at a/skeb/rakugakioonage-5ab985.json
2026-07-20 04:16:56 | INFO     | OK https://skeb.jp/api/users/shirogane_gin_
2026-07-20 04:16:56 | INFO     | Saving at a/skeb/shirogane_gin_-d99d9e.json
2026-07-20 04:16:57 | INFO     | OK https://skeb.jp/api/users/shiroiris_
2026-07-20 04:16:57 | INFO     | Saving at a/skeb/shiroiris_-059327.json
2026-07-20 04:16:58 | INFO     | OK https://skeb.jp/api/users/4buiv2
2026-07-20 04:16:58 | INFO     | Saving at a/skeb/4buiv2-db3594.json
2026-07-20 04:16:59 | INFO     | OK https://skeb.jp/api/users/pwaw38
2026-07-20 04:16:59 | INFO     | Saving at a/skeb/pwaw38-801a87.json
2026-07-20 04:17:00 | INFO     | OK https://skeb.jp/api/users/Leica
2026-07-20 04:17:00 | INFO     | Saving at a/skeb/Leica-4ec6b8.json
2026-07-20 04:17:01 | INFO     | OK https://skeb.jp/api/users/picco__2
2026-07-20 04:17:01 | INFO     | Saving at a/skeb/picco__2-18f7f6.json
2026-07-20 04:17:02 | INFO     | OK https://skeb.jp/api/users/ma_samurai
2026-07-20 04:17:02 | INFO     | Saving at a/skeb/ma_samurai-affff5.json
2026-07-20 04:17:03 | INFO     | OK https://skeb.jp/api/users/PinyaTapi
2026-07-20 04:17:03 | INFO     | Saving at a/skeb/PinyaTapi-3eb257.json
2026-07-20 04:17:04 | INFO     | OK https://skeb.jp/api/users/Hiduki_miso27
2026-07-20 04:17:04 | INFO     | Saving at a/skeb/Hiduki_miso27-53d8d3.json
2026-07-20 04:17:05 | INFO     | OK https://skeb.jp/api/users/aiiro027_sub
2026-07-20 04:17:05 | INFO     | Saving at a/skeb/aiiro027_sub-d33d41.json
2026-07-20 04:17:06 | INFO     | OK https://skeb.jp/api/users/Asakura_Hal
2026-07-20 04:17:06 | INFO     | Saving at a/skeb/Asakura_Hal-340dce.json
2026-07-20 04:17:07 | INFO     | OK https://skeb.jp/api/users/c_cutai
2026-07-20 04:17:07 | INFO     | Saving at a/skeb/c_cutai-3e79d7.json
2026-07-20 04:17:08 | INFO     | OK https://skeb.jp/api/users/cl0mf5
2026-07-20 04:17:08 | INFO     | Saving at a/skeb/cl0mf5-86f75a.json
2026-07-20 04:17:09 | INFO     | OK https://skeb.jp/api/users/tsuduminu
2026-07-20 04:17:09 | INFO     | Saving at a/skeb/tsuduminu-5305e6.json
2026-07-20 04:17:10 | INFO     | OK https://skeb.jp/api/users/fuwaaa6
2026-07-20 04:17:10 | INFO     | Saving at a/skeb/fuwaaa6-226847.json
2026-07-20 04:17:11 | INFO     | OK https://skeb.jp/api/users/taishouteikoku1
2026-07-20 04:17:11 | INFO     | Saving at a/skeb/taishouteikoku1-61b166.json
2026-07-20 04:17:12 | INFO     | OK https://skeb.jp/api/users/hhata467
2026-07-20 04:17:12 | INFO     | Saving at a/skeb/hhata467-ecb453.json
2026-07-20 04:17:13 | INFO     | OK https://skeb.jp/api/users/yoshizuki_zen
2026-07-20 04:17:13 | INFO     | Saving at a/skeb/yoshizuki_zen-2f933f.json
2026-07-20 04:17:14 | INFO     | OK https://skeb.jp/api/users/kanichan
2026-07-20 04:17:14 | INFO     | Saving at a/skeb/kanichan-bb57ba.json
2026-07-20 04:17:15 | INFO     | OK https://skeb.jp/api/users/720ge_2
2026-07-20 04:17:15 | INFO     | Saving at a/skeb/720ge_2-0d79e4.json
2026-07-20 04:17:16 | INFO     | OK https://skeb.jp/api/users/wix3cos
2026-07-20 04:17:16 | INFO     | Saving at a/skeb/wix3cos-50d5c3.json
2026-07-20 04:17:17 | INFO     | OK https://skeb.jp/api/users/selamics1
2026-07-20 04:17:17 | INFO     | Saving at a/skeb/selamics1-e19e9b.json
2026-07-20 04:17:18 | INFO     | OK https://skeb.jp/api/users/27zwnlq
2026-07-20 04:17:18 | INFO     | Saving at a/skeb/27zwnlq-568363.json
2026-07-20 04:17:19 | INFO     | OK https://skeb.jp/api/users/hyper_whoz
2026-07-20 04:17:19 | INFO     | Saving at a/skeb/hyper_whoz-3d8518.json
2026-07-20 04:17:20 | INFO     | OK https://skeb.jp/api/users/sato_terumasa
2026-07-20 04:17:20 | INFO     | Saving at a/skeb/sato_terumasa-1a5a70.json
2026-07-20 04:17:21 | INFO     | OK https://skeb.jp/api/users/MIKURO_TUBASA
2026-07-20 04:17:21 | INFO     | Saving at a/skeb/MIKURO_TUBASA-de9d4e.json
2026-07-20 04:17:22 | INFO     | OK https://skeb.jp/api/users/qo_uz8
2026-07-20 04:17:22 | INFO     | Saving at a/skeb/qo_uz8-a4ac17.json
2026-07-20 04:17:23 | INFO     | OK https://skeb.jp/api/users/inarica8
2026-07-20 04:17:23 | INFO     | Saving at a/skeb/inarica8-bafcf9.json
2026-07-20 04:17:24 | INFO     | OK https://skeb.jp/api/users/108_qpi
2026-07-20 04:17:24 | INFO     | Saving at a/skeb/108_qpi-156377.json
2026-07-20 04:17:25 | INFO     | OK https://skeb.jp/api/users/sakuracandy123
2026-07-20 04:17:25 | INFO     | Saving at a/skeb/sakuracandy123-d53ccd.json
2026-07-20 04:17:26 | INFO     | OK https://skeb.jp/api/users/EV_shiro
2026-07-20 04:17:26 | INFO     | Saving at a/skeb/EV_shiro-e948cd.json
2026-07-20 04:17:27 | INFO     | OK https://skeb.jp/api/users/meido_u
2026-07-20 04:17:27 | INFO     | Saving at a/skeb/meido_u-9e2424.json
2026-07-20 04:17:28 | INFO     | OK https://skeb.jp/api/users/RYOOO115
2026-07-20 04:17:28 | INFO     | Saving at a/skeb/RYOOO115-fc5436.json
2026-07-20 04:17:29 | INFO     | OK https://skeb.jp/api/users/LinHun
2026-07-20 04:17:29 | INFO     | Saving at a/skeb/LinHun-308934.json
2026-07-20 04:17:30 | INFO     | OK https://skeb.jp/api/users/hitoishi_14n2i5
2026-07-20 04:17:30 | INFO     | Saving at a/skeb/hitoishi_14n2i5-830428.json
2026-07-20 04:17:31 | INFO     | OK https://skeb.jp/api/users/PjUnderground
2026-07-20 04:17:31 | INFO     | Saving at a/skeb/PjUnderground-61442e.json
2026-07-20 04:17:32 | INFO     | OK https://skeb.jp/api/users/usahana101
2026-07-20 04:17:32 | INFO     | Saving at a/skeb/usahana101-dbd7e0.json
2026-07-20 04:17:33 | INFO     | OK https://skeb.jp/api/users/Sk9k2YOxmrYrixW
2026-07-20 04:17:33 | INFO     | Saving at a/skeb/Sk9k2YOxmrYrixW-288cab.json
2026-07-20 04:17:34 | INFO     | OK https://skeb.jp/api/users/Green_DaKaRq
2026-07-20 04:17:34 | INFO     | Saving at a/skeb/Green_DaKaRq-c2671e.json
2026-07-20 04:17:35 | INFO     | OK https://skeb.jp/api/users/taku_loco
2026-07-20 04:17:35 | INFO     | Saving at a/skeb/taku_loco-7d5899.json
2026-07-20 04:17:36 | INFO     | OK https://skeb.jp/api/users/rakugakiinu1
2026-07-20 04:17:36 | INFO     | Saving at a/skeb/rakugakiinu1-967453.json
2026-07-20 04:17:37 | INFO     | OK https://skeb.jp/api/users/kenmin___
2026-07-20 04:17:37 | INFO     | Saving at a/skeb/kenmin___-3f3e6e.json
2026-07-20 04:17:38 | INFO     | OK https://skeb.jp/api/users/rarano9sZwei
2026-07-20 04:17:38 | INFO     | Saving at a/skeb/rarano9sZwei-abb884.json
2026-07-20 04:17:39 | INFO     | OK https://skeb.jp/api/users/korukoruno
2026-07-20 04:17:39 | INFO     | Saving at a/skeb/korukoruno-6b8fe0.json
2026-07-20 04:17:40 | INFO     | OK https://skeb.jp/api/users/anchor_ni_inka
2026-07-20 04:17:40 | INFO     | Saving at a/skeb/anchor_ni_inka-a75a87.json
2026-07-20 04:17:41 | INFO     | OK https://skeb.jp/api/users/rate11717991
2026-07-20 04:17:41 | INFO     | Saving at a/skeb/rate11717991-0de331.json
2026-07-20 04:17:42 | INFO     | OK https://skeb.jp/api/users/ArumaT_mk5thstudio
2026-07-20 04:17:42 | INFO     | Saving at a/skeb/ArumaT_mk5thstudio-a35a37.json
2026-07-20 04:17:43 | INFO     | OK https://skeb.jp/api/users/Dr_Yamero
2026-07-20 04:17:43 | INFO     | Saving at a/skeb/Dr_Yamero-0e6672.json
2026-07-20 04:17:44 | INFO     | OK https://skeb.jp/api/users/nootomo4
2026-07-20 04:17:44 | INFO     | Saving at a/skeb/nootomo4-a2b3e6.json
2026-07-20 04:17:45 | INFO     | OK https://skeb.jp/api/users/TRPG_mikaduki
2026-07-20 04:17:45 | INFO     | Saving at a/skeb/TRPG_mikaduki-c7e778.json
2026-07-20 04:17:46 | INFO     | OK https://skeb.jp/api/users/yumekuiyun
2026-07-20 04:17:46 | INFO     | Saving at a/skeb/yumekuiyun-1dc27f.json
2026-07-20 04:17:47 | INFO     | OK https://skeb.jp/api/users/runLan_0329
2026-07-20 04:17:47 | INFO     | Saving at a/skeb/runLan_0329-e6ac63.json
2026-07-20 04:17:48 | INFO     | OK https://skeb.jp/api/users/usirometai_
2026-07-20 04:17:48 | INFO     | Saving at a/skeb/usirometai_-b91235.json
2026-07-20 04:17:49 | INFO     | OK https://skeb.jp/api/users/amadisoto
2026-07-20 04:17:49 | INFO     | Saving at a/skeb/amadisoto-7b56ce.json
2026-07-20 04:17:50 | INFO     | OK https://skeb.jp/api/users/nanakusa_sun
2026-07-20 04:17:50 | INFO     | Saving at a/skeb/nanakusa_sun-4647a7.json
2026-07-20 04:17:51 | INFO     | OK https://skeb.jp/api/users/yam0_mm
2026-07-20 04:17:51 | INFO     | Saving at a/skeb/yam0_mm-ae5eb0.json
2026-07-20 04:17:52 | INFO     | OK https://skeb.jp/api/users/_iai00
2026-07-20 04:17:52 | INFO     | Saving at a/skeb/_iai00-ff621a.json
2026-07-20 04:17:53 | INFO     | OK https://skeb.jp/api/users/OmaS_lie
2026-07-20 04:17:53 | INFO     | Saving at a/skeb/OmaS_lie-a7db26.json
2026-07-20 04:17:54 | INFO     | OK https://skeb.jp/api/users/jijimemecat
2026-07-20 04:17:54 | INFO     | Saving at a/skeb/jijimemecat-b11377.json
2026-07-20 04:17:55 | INFO     | OK https://skeb.jp/api/users/nanachi8784
2026-07-20 04:17:55 | INFO     | Saving at a/skeb/nanachi8784-0bbc40.json
2026-07-20 04:17:56 | INFO     | OK https://skeb.jp/api/users/1i_gu7
2026-07-20 04:17:56 | INFO     | Saving at a/skeb/1i_gu7-347d7a.json
2026-07-20 04:17:57 | INFO     | OK https://skeb.jp/api/users/__7resaka
2026-07-20 04:17:57 | INFO     | Saving at a/skeb/__7resaka-b550af.json
2026-07-20 04:17:58 | INFO     | OK https://skeb.jp/api/users/DBf8zo
2026-07-20 04:17:58 | INFO     | Saving at a/skeb/DBf8zo-389f32.json
2026-07-20 04:17:59 | INFO     | OK https://skeb.jp/api/users/tani2mon
2026-07-20 04:17:59 | INFO     | Saving at a/skeb/tani2mon-d89465.json
2026-07-20 04:18:00 | INFO     | OK https://skeb.jp/api/users/comori_uta
2026-07-20 04:18:00 | INFO     | Saving at a/skeb/comori_uta-77ff6f.json
2026-07-20 04:18:01 | INFO     | OK https://skeb.jp/api/users/simerike5
2026-07-20 04:18:01 | INFO     | Saving at a/skeb/simerike5-83dbd0.json
2026-07-20 04:18:02 | INFO     | OK https://skeb.jp/api/users/Sail_ofhope
2026-07-20 04:18:02 | INFO     | Saving at a/skeb/Sail_ofhope-c8a57a.json
2026-07-20 04:18:03 | INFO     | OK https://skeb.jp/api/users/__Sayounaraba
2026-07-20 04:18:03 | INFO     | Saving at a/skeb/__Sayounaraba-1bfa4f.json
2026-07-20 04:18:04 | INFO     | OK https://skeb.jp/api/users/osorosiya_21
2026-07-20 04:18:04 | INFO     | Saving at a/skeb/osorosiya_21-60fe57.json
2026-07-20 04:18:05 | INFO     | OK https://skeb.jp/api/users/GETs_Almond
2026-07-20 04:18:05 | INFO     | Saving at a/skeb/GETs_Almond-2aab42.json
2026-07-20 04:18:06 | INFO     | OK https://skeb.jp/api/users/416_wakaba
2026-07-20 04:18:06 | INFO     | Saving at a/skeb/416_wakaba-01ce76.json
2026-07-20 04:18:07 | INFO     | OK https://skeb.jp/api/users/soreyueny
2026-07-20 04:18:07 | INFO     | Saving at a/skeb/soreyueny-684ad1.json
2026-07-20 04:18:08 | INFO     | OK https://skeb.jp/api/users/necoma_2
2026-07-20 04:18:08 | INFO     | Saving at a/skeb/necoma_2-b368d3.json
2026-07-20 04:18:09 | INFO     | OK https://skeb.jp/api/users/teatei_0424
2026-07-20 04:18:09 | INFO     | Saving at a/skeb/teatei_0424-3fb2ef.json
2026-07-20 04:18:10 | INFO     | OK https://skeb.jp/api/users/Foulo_paints
2026-07-20 04:18:10 | INFO     | Saving at a/skeb/Foulo_paints-cb267f.json
2026-07-20 04:18:11 | INFO     | OK https://skeb.jp/api/users/gvmmr_
2026-07-20 04:18:11 | INFO     | Saving at a/skeb/gvmmr_-dfa067.json
2026-07-20 04:18:12 | INFO     | OK https://skeb.jp/api/users/UUUUUNp
2026-07-20 04:18:12 | INFO     | Saving at a/skeb/UUUUUNp-38ff32.json
2026-07-20 04:18:13 | INFO     | OK https://skeb.jp/api/users/tickzou1
2026-07-20 04:18:13 | INFO     | Saving at a/skeb/tickzou1-cf2394.json
2026-07-20 04:18:14 | INFO     | OK https://skeb.jp/api/users/nibosisuzu
2026-07-20 04:18:14 | INFO     | Saving at a/skeb/nibosisuzu-462865.json
2026-07-20 04:18:15 | INFO     | OK https://skeb.jp/api/users/okutonikki
2026-07-20 04:18:15 | INFO     | Saving at a/skeb/okutonikki-99df3f.json
2026-07-20 04:18:16 | INFO     | OK https://skeb.jp/api/users/kochi_peanuts
2026-07-20 04:18:16 | INFO     | Saving at a/skeb/kochi_peanuts-1a8311.json
2026-07-20 04:18:17 | INFO     | OK https://skeb.jp/api/users/kiyu5733
2026-07-20 04:18:17 | INFO     | Saving at a/skeb/kiyu5733-121db8.json
2026-07-20 04:18:18 | INFO     | OK https://skeb.jp/api/users/baguhatena
2026-07-20 04:18:18 | INFO     | Saving at a/skeb/baguhatena-6bd3c3.json
2026-07-20 04:18:19 | INFO     | OK https://skeb.jp/api/users/umorunba
2026-07-20 04:18:19 | INFO     | Saving at a/skeb/umorunba-deec77.json
2026-07-20 04:18:20 | INFO     | OK https://skeb.jp/api/users/WLhYA81jJg
2026-07-20 04:18:20 | INFO     | Saving at a/skeb/WLhYA81jJg-4860b3.json
2026-07-20 04:18:21 | INFO     | OK https://skeb.jp/api/users/tennnnP_sub
2026-07-20 04:18:21 | INFO     | Saving at a/skeb/tennnnP_sub-d207aa.json
2026-07-20 04:18:22 | INFO     | OK https://skeb.jp/api/users/Zr6Ov
2026-07-20 04:18:22 | INFO     | Saving at a/skeb/Zr6Ov-aa7ea3.json
2026-07-20 04:18:23 | INFO     | OK https://skeb.jp/api/users/nyt_086776
2026-07-20 04:18:23 | INFO     | Saving at a/skeb/nyt_086776-9235c0.json
2026-07-20 04:18:24 | INFO     | OK https://skeb.jp/api/users/Mithril_SS
2026-07-20 04:18:24 | INFO     | Saving at a/skeb/Mithril_SS-bac566.json
2026-07-20 04:18:25 | INFO     | OK https://skeb.jp/api/users/CRML_ktsecond
2026-07-20 04:18:25 | INFO     | Saving at a/skeb/CRML_ktsecond-f25fc6.json
2026-07-20 04:18:26 | INFO     | OK https://skeb.jp/api/users/origami_1008
2026-07-20 04:18:26 | INFO     | Saving at a/skeb/origami_1008-3afac9.json
2026-07-20 04:18:27 | INFO     | OK https://skeb.jp/api/users/tks_joe
2026-07-20 04:18:27 | INFO     | Saving at a/skeb/tks_joe-bb9343.json
2026-07-20 04:18:28 | INFO     | OK https://skeb.jp/api/users/peru_5503
2026-07-20 04:18:28 | INFO     | Saving at a/skeb/peru_5503-3fe7de.json
2026-07-20 04:18:29 | INFO     | OK https://skeb.jp/api/users/sui_hi_sf
2026-07-20 04:18:29 | INFO     | Saving at a/skeb/sui_hi_sf-f68538.json
2026-07-20 04:18:30 | INFO     | OK https://skeb.jp/api/users/_23_58
2026-07-20 04:18:30 | INFO     | Saving at a/skeb/_23_58-8e87d2.json
2026-07-20 04:18:31 | INFO     | OK https://skeb.jp/api/users/indoor8meu
2026-07-20 04:18:31 | INFO     | Saving at a/skeb/indoor8meu-93fc29.json
2026-07-20 04:18:32 | INFO     | OK https://skeb.jp/api/users/SR44946430
2026-07-20 04:18:32 | INFO     | Saving at a/skeb/SR44946430-3ba928.json
2026-07-20 04:18:33 | INFO     | OK https://skeb.jp/api/users/ganbarimacca
2026-07-20 04:18:33 | INFO     | Saving at a/skeb/ganbarimacca-fa87e9.json
2026-07-20 04:18:34 | INFO     | OK https://skeb.jp/api/users/mellow_chan
2026-07-20 04:18:34 | INFO     | Saving at a/skeb/mellow_chan-65be1f.json
2026-07-20 04:18:35 | INFO     | OK https://skeb.jp/api/users/aosiki13
2026-07-20 04:18:35 | INFO     | Saving at a/skeb/aosiki13-7f5a41.json
2026-07-20 04:18:36 | INFO     | OK https://skeb.jp/api/users/hiseisrt
2026-07-20 04:18:36 | INFO     | Saving at a/skeb/hiseisrt-c3a700.json
2026-07-20 04:18:37 | INFO     | OK https://skeb.jp/api/users/MiGiiiiii
2026-07-20 04:18:37 | INFO     | Saving at a/skeb/MiGiiiiii-f7da42.json
2026-07-20 04:18:38 | INFO     | OK https://skeb.jp/api/users/K6kero_o
2026-07-20 04:18:38 | INFO     | Saving at a/skeb/K6kero_o-888318.json
2026-07-20 04:18:39 | INFO     | OK https://skeb.jp/api/users/asakure_irst
2026-07-20 04:18:39 | INFO     | Saving at a/skeb/asakure_irst-f659b9.json
2026-07-20 04:18:40 | INFO     | OK https://skeb.jp/api/users/t0matoko_V
2026-07-20 04:18:40 | INFO     | Saving at a/skeb/t0matoko_V-5ef4a5.json
2026-07-20 04:18:41 | INFO     | OK https://skeb.jp/api/users/oimanji
2026-07-20 04:18:41 | INFO     | Saving at a/skeb/oimanji-2f9c12.json
2026-07-20 04:18:42 | INFO     | OK https://skeb.jp/api/users/paiki0517
2026-07-20 04:18:42 | INFO     | Saving at a/skeb/paiki0517-b0b823.json
2026-07-20 04:18:43 | INFO     | OK https://skeb.jp/api/users/ringokureru
2026-07-20 04:18:43 | INFO     | Saving at a/skeb/ringokureru-75050a.json
2026-07-20 04:18:44 | INFO     | OK https://skeb.jp/api/users/Izuki__zZ
2026-07-20 04:18:44 | INFO     | Saving at a/skeb/Izuki__zZ-aa5c17.json
2026-07-20 04:18:45 | INFO     | OK https://skeb.jp/api/users/rebasuto102702
2026-07-20 04:18:45 | INFO     | Saving at a/skeb/rebasuto102702-5f425b.json
2026-07-20 04:18:46 | INFO     | OK https://skeb.jp/api/users/harun0_wakaba
2026-07-20 04:18:46 | INFO     | Saving at a/skeb/harun0_wakaba-a5cd24.json
2026-07-20 04:18:47 | INFO     | OK https://skeb.jp/api/users/nei_tsuzumori
2026-07-20 04:18:47 | INFO     | Saving at a/skeb/nei_tsuzumori-3774bf.json
2026-07-20 04:18:48 | INFO     | OK https://skeb.jp/api/users/suikaoishisugi
2026-07-20 04:18:48 | INFO     | Saving at a/skeb/suikaoishisugi-56d148.json
2026-07-20 04:18:49 | INFO     | OK https://skeb.jp/api/users/takami5go
2026-07-20 04:18:49 | INFO     | Saving at a/skeb/takami5go-145ca1.json
2026-07-20 04:18:50 | INFO     | OK https://skeb.jp/api/users/jank365m
2026-07-20 04:18:50 | INFO     | Saving at a/skeb/jank365m-ef5c70.json
2026-07-20 04:18:51 | INFO     | OK https://skeb.jp/api/users/niekuri_tamago
2026-07-20 04:18:51 | INFO     | Saving at a/skeb/niekuri_tamago-ac5fc9.json
2026-07-20 04:18:52 | INFO     | OK https://skeb.jp/api/users/nozomutsuki
2026-07-20 04:18:52 | INFO     | Saving at a/skeb/nozomutsuki-5096a7.json
2026-07-20 04:18:53 | INFO     | OK https://skeb.jp/api/users/r_tsjn
2026-07-20 04:18:53 | INFO     | Saving at a/skeb/r_tsjn-384885.json
2026-07-20 04:18:54 | INFO     | OK https://skeb.jp/api/users/guruminnSuB
2026-07-20 04:18:54 | INFO     | Saving at a/skeb/guruminnSuB-88ec20.json
2026-07-20 04:18:55 | INFO     | OK https://skeb.jp/api/users/OoTiTiTioO
2026-07-20 04:18:55 | INFO     | Saving at a/skeb/OoTiTiTioO-9e6ebf.json
2026-07-20 04:18:56 | INFO     | OK https://skeb.jp/api/users/iromishiro
2026-07-20 04:18:56 | INFO     | Saving at a/skeb/iromishiro-7380c2.json
2026-07-20 04:18:57 | INFO     | OK https://skeb.jp/api/users/re_stew
2026-07-20 04:18:57 | INFO     | Saving at a/skeb/re_stew-bc6616.json
2026-07-20 04:18:58 | INFO     | OK https://skeb.jp/api/users/Syu__oxo
2026-07-20 04:18:58 | INFO     | Saving at a/skeb/Syu__oxo-d3c2fd.json
2026-07-20 04:18:59 | INFO     | OK https://skeb.jp/api/users/scomsio
2026-07-20 04:18:59 | INFO     | Saving at a/skeb/scomsio-928e64.json
2026-07-20 04:19:00 | INFO     | OK https://skeb.jp/api/users/dai00888
2026-07-20 04:19:00 | INFO     | Saving at a/skeb/dai00888-846232.json
2026-07-20 04:19:01 | INFO     | OK https://skeb.jp/api/users/naga_tatta
2026-07-20 04:19:01 | INFO     | Saving at a/skeb/naga_tatta-c17f28.json
2026-07-20 04:19:02 | INFO     | OK https://skeb.jp/api/users/R18kameron
2026-07-20 04:19:02 | INFO     | Saving at a/skeb/R18kameron-49ba67.json
2026-07-20 04:19:03 | INFO     | OK https://skeb.jp/api/users/karatekikku
2026-07-20 04:19:03 | INFO     | Saving at a/skeb/karatekikku-3d7445.json
2026-07-20 04:19:04 | INFO     | OK https://skeb.jp/api/users/takanotds
2026-07-20 04:19:04 | INFO     | Saving at a/skeb/takanotds-2e3f6d.json
2026-07-20 04:19:05 | INFO     | OK https://skeb.jp/api/users/nerunekonero
2026-07-20 04:19:05 | INFO     | Saving at a/skeb/nerunekonero-59f0bb.json
2026-07-20 04:19:06 | INFO     | OK https://skeb.jp/api/users/_Delmu
2026-07-20 04:19:06 | INFO     | Saving at a/skeb/_Delmu-5ec832.json
2026-07-20 04:19:07 | INFO     | OK https://skeb.jp/api/users/inuwoartwork
2026-07-20 04:19:07 | INFO     | Saving at a/skeb/inuwoartwork-dbf3ac.json
2026-07-20 04:19:08 | INFO     | OK https://skeb.jp/api/users/matuTake_yk0
2026-07-20 04:19:08 | INFO     | Saving at a/skeb/matuTake_yk0-53e54b.json
2026-07-20 04:19:09 | INFO     | OK https://skeb.jp/api/users/_ao_mdr
2026-07-20 04:19:09 | INFO     | Saving at a/skeb/_ao_mdr-1f41ec.json
2026-07-20 04:19:10 | INFO     | OK https://skeb.jp/api/users/GiwaDsaMwa
2026-07-20 04:19:10 | INFO     | Saving at a/skeb/GiwaDsaMwa-f332d6.json
2026-07-20 04:19:11 | INFO     | OK https://skeb.jp/api/users/gerusyu
2026-07-20 04:19:11 | INFO     | Saving at a/skeb/gerusyu-92497e.json
2026-07-20 04:19:12 | INFO     | OK https://skeb.jp/api/users/Katorachan_
2026-07-20 04:19:12 | INFO     | Saving at a/skeb/Katorachan_-d5983f.json
2026-07-20 04:19:13 | INFO     | OK https://skeb.jp/api/users/yoni_bixid
2026-07-20 04:19:13 | INFO     | Saving at a/skeb/yoni_bixid-6f347f.json
2026-07-20 04:19:14 | INFO     | OK https://skeb.jp/api/users/KIBADORI_Rue
2026-07-20 04:19:14 | INFO     | Saving at a/skeb/KIBADORI_Rue-6cda70.json
2026-07-20 04:19:15 | INFO     | OK https://skeb.jp/api/users/sakumasub777
2026-07-20 04:19:15 | INFO     | Saving at a/skeb/sakumasub777-27a41f.json
2026-07-20 04:19:16 | INFO     | OK https://skeb.jp/api/users/hyou_x_x
2026-07-20 04:19:16 | INFO     | Saving at a/skeb/hyou_x_x-1f618e.json
2026-07-20 04:19:17 | INFO     | OK https://skeb.jp/api/users/agemochi
2026-07-20 04:19:17 | INFO     | Saving at a/skeb/agemochi-e09341.json
2026-07-20 04:19:18 | INFO     | OK https://skeb.jp/api/users/tamitendo
2026-07-20 04:19:18 | INFO     | Saving at a/skeb/tamitendo-449627.json
2026-07-20 04:19:19 | INFO     | OK https://skeb.jp/api/users/reminryn
2026-07-20 04:19:19 | INFO     | Saving at a/skeb/reminryn-f95c63.json
2026-07-20 04:19:20 | INFO     | OK https://skeb.jp/api/users/sakutya_08
2026-07-20 04:19:20 | INFO     | Saving at a/skeb/sakutya_08-e503ab.json
2026-07-20 04:19:21 | INFO     | OK https://skeb.jp/api/users/Noko_robunbun
2026-07-20 04:19:21 | INFO     | Saving at a/skeb/Noko_robunbun-8d149c.json
2026-07-20 04:19:22 | INFO     | OK https://skeb.jp/api/users/45onb
2026-07-20 04:19:22 | INFO     | Saving at a/skeb/45onb-bc92d4.json
2026-07-20 04:19:23 | INFO     | OK https://skeb.jp/api/users/shiranichi_zzz
2026-07-20 04:19:23 | INFO     | Saving at a/skeb/shiranichi_zzz-8d0f76.json
2026-07-20 04:19:24 | INFO     | OK https://skeb.jp/api/users/nuia_0
2026-07-20 04:19:24 | INFO     | Saving at a/skeb/nuia_0-b564fc.json
2026-07-20 04:19:25 | INFO     | OK https://skeb.jp/api/users/wazukanizinaida
2026-07-20 04:19:25 | INFO     | Saving at a/skeb/wazukanizinaida-32f325.json
2026-07-20 04:19:26 | INFO     | OK https://skeb.jp/api/users/oinugjll
2026-07-20 04:19:26 | INFO     | Saving at a/skeb/oinugjll-278190.json
2026-07-20 04:19:27 | INFO     | OK https://skeb.jp/api/users/48_ichica
2026-07-20 04:19:27 | INFO     | Saving at a/skeb/48_ichica-4bd561.json
2026-07-20 04:19:28 | INFO     | OK https://skeb.jp/api/users/ann10hu
2026-07-20 04:19:28 | INFO     | Saving at a/skeb/ann10hu-5ae569.json
2026-07-20 04:19:29 | INFO     | OK https://skeb.jp/api/users/nanamesohuutei
2026-07-20 04:19:29 | INFO     | Saving at a/skeb/nanamesohuutei-b9285a.json
2026-07-20 04:19:30 | INFO     | OK https://skeb.jp/api/users/2q8k0
2026-07-20 04:19:30 | INFO     | Saving at a/skeb/2q8k0-da6147.json
2026-07-20 04:19:31 | INFO     | OK https://skeb.jp/api/users/38mofu
2026-07-20 04:19:31 | INFO     | Saving at a/skeb/38mofu-410283.json
2026-07-20 04:19:32 | INFO     | OK https://skeb.jp/api/users/ikesugar130645
2026-07-20 04:19:32 | INFO     | Saving at a/skeb/ikesugar130645-c0f64c.json
2026-07-20 04:19:33 | INFO     | OK https://skeb.jp/api/users/WWASwaswa2
2026-07-20 04:19:33 | INFO     | Saving at a/skeb/WWASwaswa2-27239b.json
2026-07-20 04:19:34 | INFO     | OK https://skeb.jp/api/users/nakauii
2026-07-20 04:19:34 | INFO     | Saving at a/skeb/nakauii-fd27c9.json
2026-07-20 04:19:35 | INFO     | OK https://skeb.jp/api/users/amaterasu2sei
2026-07-20 04:19:35 | INFO     | Saving at a/skeb/amaterasu2sei-c15eeb.json
2026-07-20 04:19:36 | INFO     | OK https://skeb.jp/api/users/0090QL
2026-07-20 04:19:36 | INFO     | Saving at a/skeb/0090QL-ff3f9c.json
2026-07-20 04:19:37 | INFO     | OK https://skeb.jp/api/users/tiny_d1
2026-07-20 04:19:37 | INFO     | Saving at a/skeb/tiny_d1-fd7a15.json
2026-07-20 04:19:38 | INFO     | OK https://skeb.jp/api/users/DORIANE_DOJIN
2026-07-20 04:19:38 | INFO     | Saving at a/skeb/DORIANE_DOJIN-ef6c2a.json
2026-07-20 04:19:39 | INFO     | OK https://skeb.jp/api/users/noriburu
2026-07-20 04:19:39 | INFO     | Saving at a/skeb/noriburu-2314c8.json
2026-07-20 04:19:40 | INFO     | OK https://skeb.jp/api/users/i_yamaichi
2026-07-20 04:19:40 | INFO     | Saving at a/skeb/i_yamaichi-d12843.json
2026-07-20 04:19:41 | INFO     | OK https://skeb.jp/api/users/0q404
2026-07-20 04:19:41 | INFO     | Saving at a/skeb/0q404-cfa7bc.json
2026-07-20 04:19:42 | INFO     | OK https://skeb.jp/api/users/ARIF370912211
2026-07-20 04:19:42 | INFO     | Saving at a/skeb/ARIF370912211-351cc7.json
2026-07-20 04:19:43 | INFO     | OK https://skeb.jp/api/users/mochigushi_
2026-07-20 04:19:43 | INFO     | Saving at a/skeb/mochigushi_-1eae46.json
2026-07-20 04:19:44 | INFO     | OK https://skeb.jp/api/users/RYOOOO115
2026-07-20 04:19:44 | INFO     | Saving at a/skeb/RYOOOO115-d83e4e.json
2026-07-20 04:19:45 | INFO     | OK https://skeb.jp/api/users/Tsillust_zip
2026-07-20 04:19:45 | INFO     | Saving at a/skeb/Tsillust_zip-b880d7.json
2026-07-20 04:19:46 | INFO     | OK https://skeb.jp/api/users/shiz0077
2026-07-20 04:19:46 | INFO     | Saving at a/skeb/shiz0077-3c891b.json
2026-07-20 04:19:47 | INFO     | OK https://skeb.jp/api/users/yom4_e
2026-07-20 04:19:47 | INFO     | Saving at a/skeb/yom4_e-c277fc.json
2026-07-20 04:19:48 | INFO     | OK https://skeb.jp/api/users/1mymiya
2026-07-20 04:19:48 | INFO     | Saving at a/skeb/1mymiya-bd1f18.json
2026-07-20 04:19:49 | INFO     | OK https://skeb.jp/api/users/xxmmxxyy
2026-07-20 04:19:49 | INFO     | Saving at a/skeb/xxmmxxyy-945cb9.json
2026-07-20 04:19:50 | INFO     | OK https://skeb.jp/api/users/Kuroumea_108
2026-07-20 04:19:50 | INFO     | Saving at a/skeb/Kuroumea_108-284248.json
2026-07-20 04:19:51 | INFO     | OK https://skeb.jp/api/users/Mishiro0229
2026-07-20 04:19:51 | INFO     | Saving at a/skeb/Mishiro0229-4fc35a.json
2026-07-20 04:19:52 | INFO     | OK https://skeb.jp/api/users/OCT_CANDY
2026-07-20 04:19:52 | INFO     | Saving at a/skeb/OCT_CANDY-7a63d9.json
2026-07-20 04:19:53 | INFO     | OK https://skeb.jp/api/users/azatarou_h
2026-07-20 04:19:53 | INFO     | Saving at a/skeb/azatarou_h-79f0b3.json
2026-07-20 04:19:54 | INFO     | OK https://skeb.jp/api/users/jisui_nigate
2026-07-20 04:19:54 | INFO     | Saving at a/skeb/jisui_nigate-4e2903.json
2026-07-20 04:19:55 | INFO     | OK https://skeb.jp/api/users/asatohima88
2026-07-20 04:19:55 | INFO     | Saving at a/skeb/asatohima88-6c3bf1.json
2026-07-20 04:19:56 | INFO     | OK https://skeb.jp/api/users/empty0730
2026-07-20 04:19:56 | INFO     | Saving at a/skeb/empty0730-4c864b.json
2026-07-20 04:19:57 | INFO     | OK https://skeb.jp/api/users/yonyon_obaka
2026-07-20 04:19:57 | INFO     | Saving at a/skeb/yonyon_obaka-23fb80.json
2026-07-20 04:19:58 | INFO     | OK https://skeb.jp/api/users/more_mui_movies
2026-07-20 04:19:58 | INFO     | Saving at a/skeb/more_mui_movies-d39b8f.json
2026-07-20 04:19:59 | INFO     | OK https://skeb.jp/api/users/yuri_fuwari
2026-07-20 04:19:59 | INFO     | Saving at a/skeb/yuri_fuwari-35706b.json
2026-07-20 04:20:00 | INFO     | OK https://skeb.jp/api/users/kyukyu1103
2026-07-20 04:20:00 | INFO     | Saving at a/skeb/kyukyu1103-d02a87.json
2026-07-20 04:20:01 | INFO     | OK https://skeb.jp/api/users/Omurice_2cm
2026-07-20 04:20:01 | INFO     | Saving at a/skeb/Omurice_2cm-a849d9.json
2026-07-20 04:20:02 | INFO     | OK https://skeb.jp/api/users/shikaku_asamura
2026-07-20 04:20:02 | INFO     | Saving at a/skeb/shikaku_asamura-8921cf.json
2026-07-20 04:20:03 | INFO     | OK https://skeb.jp/api/users/nrin_0
2026-07-20 04:20:03 | INFO     | Saving at a/skeb/nrin_0-f95417.json
2026-07-20 04:20:04 | INFO     | OK https://skeb.jp/api/users/H047E
2026-07-20 04:20:04 | INFO     | Saving at a/skeb/H047E-6865a6.json
2026-07-20 04:20:05 | INFO     | OK https://skeb.jp/api/users/__nrs_7
2026-07-20 04:20:05 | INFO     | Saving at a/skeb/__nrs_7-3be5d2.json
2026-07-20 04:20:06 | INFO     | OK https://skeb.jp/api/users/yzrfry
2026-07-20 04:20:06 | INFO     | Saving at a/skeb/yzrfry-d23443.json
2026-07-20 04:20:07 | INFO     | OK https://skeb.jp/api/users/airen_kori
2026-07-20 04:20:07 | INFO     | Saving at a/skeb/airen_kori-439053.json
2026-07-20 04:20:08 | INFO     | OK https://skeb.jp/api/users/fura3__
2026-07-20 04:20:08 | INFO     | Saving at a/skeb/fura3__-c8aa48.json
2026-07-20 04:20:09 | INFO     | OK https://skeb.jp/api/users/zerokuro00
2026-07-20 04:20:09 | INFO     | Saving at a/skeb/zerokuro00-e2463e.json
2026-07-20 04:20:10 | INFO     | OK https://skeb.jp/api/users/Kise_tumug1
2026-07-20 04:20:10 | INFO     | Saving at a/skeb/Kise_tumug1-7e5a79.json
2026-07-20 04:20:11 | INFO     | OK https://skeb.jp/api/users/easylive
2026-07-20 04:20:11 | INFO     | Saving at a/skeb/easylive-4ec45b.json
2026-07-20 04:20:12 | INFO     | OK https://skeb.jp/api/users/okahashi0629
2026-07-20 04:20:12 | INFO     | Saving at a/skeb/okahashi0629-44da7e.json
2026-07-20 04:20:13 | INFO     | OK https://skeb.jp/api/users/mikoko1
2026-07-20 04:20:13 | INFO     | Saving at a/skeb/mikoko1-b8f3ec.json
2026-07-20 04:20:14 | INFO     | OK https://skeb.jp/api/users/Whybe123
2026-07-20 04:20:14 | INFO     | Saving at a/skeb/Whybe123-7c4da2.json
2026-07-20 04:20:15 | INFO     | OK https://skeb.jp/api/users/youskkkkk
2026-07-20 04:20:15 | INFO     | Saving at a/skeb/youskkkkk-21a279.json
2026-07-20 04:20:16 | INFO     | OK https://skeb.jp/api/users/howa___4
2026-07-20 04:20:16 | INFO     | Saving at a/skeb/howa___4-4324a0.json
2026-07-20 04:20:17 | INFO     | OK https://skeb.jp/api/users/Yysuke_
2026-07-20 04:20:17 | INFO     | Saving at a/skeb/Yysuke_-3065fb.json
2026-07-20 04:20:18 | INFO     | OK https://skeb.jp/api/users/amyaminouraaka
2026-07-20 04:20:18 | INFO     | Saving at a/skeb/amyaminouraaka-209162.json
2026-07-20 04:20:19 | INFO     | OK https://skeb.jp/api/users/xxrinna
2026-07-20 04:20:19 | INFO     | Saving at a/skeb/xxrinna-a926a3.json
2026-07-20 04:20:20 | INFO     | OK https://skeb.jp/api/users/oyuofuyu
2026-07-20 04:20:20 | INFO     | Saving at a/skeb/oyuofuyu-1f99ca.json
2026-07-20 04:20:21 | INFO     | OK https://skeb.jp/api/users/umeumeduka
2026-07-20 04:20:21 | INFO     | Saving at a/skeb/umeumeduka-a4ec90.json
2026-07-20 04:20:22 | INFO     | OK https://skeb.jp/api/users/M2Boze
2026-07-20 04:20:22 | INFO     | Saving at a/skeb/M2Boze-792c95.json
2026-07-20 04:20:23 | INFO     | OK https://skeb.jp/api/users/NERONkx204
2026-07-20 04:20:23 | INFO     | Saving at a/skeb/NERONkx204-c1b909.json
2026-07-20 04:20:24 | INFO     | OK https://skeb.jp/api/users/alnath_may
2026-07-20 04:20:24 | INFO     | Saving at a/skeb/alnath_may-c5816d.json
2026-07-20 04:20:25 | INFO     | OK https://skeb.jp/api/users/haruiro_ymbk
2026-07-20 04:20:25 | INFO     | Saving at a/skeb/haruiro_ymbk-066d0a.json
2026-07-20 04:20:26 | INFO     | OK https://skeb.jp/api/users/G_02_genmu
2026-07-20 04:20:26 | INFO     | Saving at a/skeb/G_02_genmu-58b2af.json
2026-07-20 04:20:27 | INFO     | OK https://skeb.jp/api/users/osaihou_nuime
2026-07-20 04:20:27 | INFO     | Saving at a/skeb/osaihou_nuime-10a0d1.json
2026-07-20 04:20:28 | INFO     | OK https://skeb.jp/api/users/aiueo_pic
2026-07-20 04:20:28 | INFO     | Saving at a/skeb/aiueo_pic-0bbff1.json
2026-07-20 04:20:29 | INFO     | OK https://skeb.jp/api/users/flyco_
2026-07-20 04:20:29 | INFO     | Saving at a/skeb/flyco_-bc7c21.json
2026-07-20 04:20:30 | INFO     | OK https://skeb.jp/api/users/hime_gyo
2026-07-20 04:20:30 | INFO     | Saving at a/skeb/hime_gyo-5012e2.json
2026-07-20 04:20:31 | INFO     | OK https://skeb.jp/api/users/ao123450
2026-07-20 04:20:31 | INFO     | Saving at a/skeb/ao123450-57204c.json
2026-07-20 04:20:32 | INFO     | OK https://skeb.jp/api/users/game_pklk
2026-07-20 04:20:32 | INFO     | Saving at a/skeb/game_pklk-6e3966.json
2026-07-20 04:20:33 | INFO     | OK https://skeb.jp/api/users/setsumushi
2026-07-20 04:20:33 | INFO     | Saving at a/skeb/setsumushi-65ea55.json
2026-07-20 04:20:34 | INFO     | OK https://skeb.jp/api/users/flask_beaker
2026-07-20 04:20:34 | INFO     | Saving at a/skeb/flask_beaker-189bea.json
2026-07-20 04:20:35 | INFO     | OK https://skeb.jp/api/users/susu14920343
2026-07-20 04:20:35 | INFO     | Saving at a/skeb/susu14920343-6bf2a2.json
2026-07-20 04:20:36 | INFO     | OK https://skeb.jp/api/users/sr03sk9
2026-07-20 04:20:36 | INFO     | Saving at a/skeb/sr03sk9-2afdcd.json
2026-07-20 04:20:37 | INFO     | OK https://skeb.jp/api/users/kyanta5354
2026-07-20 04:20:37 | INFO     | Saving at a/skeb/kyanta5354-0ed7ee.json
2026-07-20 04:20:38 | INFO     | OK https://skeb.jp/api/users/A_R_vrc
2026-07-20 04:20:38 | INFO     | Saving at a/skeb/A_R_vrc-dcf91b.json
2026-07-20 04:20:39 | INFO     | OK https://skeb.jp/api/users/marfoyfoyfoyR18
2026-07-20 04:20:39 | INFO     | Saving at a/skeb/marfoyfoyfoyR18-c4846e.json
2026-07-20 04:20:40 | INFO     | OK https://skeb.jp/api/users/okabe_gyoza
2026-07-20 04:20:40 | INFO     | Saving at a/skeb/okabe_gyoza-dd28f9.json
2026-07-20 04:20:41 | INFO     | OK https://skeb.jp/api/users/TopazSinkiiten3
2026-07-20 04:20:41 | INFO     | Saving at a/skeb/TopazSinkiiten3-48d684.json
2026-07-20 04:20:42 | INFO     | OK https://skeb.jp/api/users/Enkabu2_
2026-07-20 04:20:42 | INFO     | Saving at a/skeb/Enkabu2_-766db1.json
2026-07-20 04:20:43 | INFO     | OK https://skeb.jp/api/users/stnc5511
2026-07-20 04:20:43 | INFO     | Saving at a/skeb/stnc5511-a2a339.json
2026-07-20 04:20:44 | INFO     | OK https://skeb.jp/api/users/pontolfo
2026-07-20 04:20:44 | INFO     | Saving at a/skeb/pontolfo-b62699.json
2026-07-20 04:20:45 | INFO     | OK https://skeb.jp/api/users/Mario7111189
2026-07-20 04:20:45 | INFO     | Saving at a/skeb/Mario7111189-5ae57a.json
2026-07-20 04:20:46 | INFO     | OK https://skeb.jp/api/users/Iindoagorira
2026-07-20 04:20:46 | INFO     | Saving at a/skeb/Iindoagorira-5006c2.json
2026-07-20 04:20:47 | INFO     | OK https://skeb.jp/api/users/knne_mtr
2026-07-20 04:20:47 | INFO     | Saving at a/skeb/knne_mtr-163034.json
2026-07-20 04:20:48 | INFO     | OK https://skeb.jp/api/users/OrionTwilight
2026-07-20 04:20:48 | INFO     | Saving at a/skeb/OrionTwilight-ab7ac2.json
2026-07-20 04:20:49 | INFO     | OK https://skeb.jp/api/users/Coco_Na_tsu
2026-07-20 04:20:49 | INFO     | Saving at a/skeb/Coco_Na_tsu-cb85cf.json
2026-07-20 04:20:50 | INFO     | OK https://skeb.jp/api/users/0630_Ame
2026-07-20 04:20:50 | INFO     | Saving at a/skeb/0630_Ame-a189fb.json
2026-07-20 04:20:51 | INFO     | OK https://skeb.jp/api/users/ez_sne
2026-07-20 04:20:51 | INFO     | Saving at a/skeb/ez_sne-a405e6.json
2026-07-20 04:20:52 | INFO     | OK https://skeb.jp/api/users/Highball_kai
2026-07-20 04:20:52 | INFO     | Saving at a/skeb/Highball_kai-d9123c.json
2026-07-20 04:20:53 | INFO     | OK https://skeb.jp/api/users/uiro_pi
2026-07-20 04:20:53 | INFO     | Saving at a/skeb/uiro_pi-d47afb.json
2026-07-20 04:20:54 | INFO     | OK https://skeb.jp/api/users/yomekemo
2026-07-20 04:20:54 | INFO     | Saving at a/skeb/yomekemo-7019bb.json
2026-07-20 04:20:55 | INFO     | OK https://skeb.jp/api/users/659328652ad
2026-07-20 04:20:55 | INFO     | Saving at a/skeb/659328652ad-845dbc.json
2026-07-20 04:20:56 | INFO     | OK https://skeb.jp/api/users/yuu_sagi
2026-07-20 04:20:56 | INFO     | Saving at a/skeb/yuu_sagi-16b454.json
2026-07-20 04:20:57 | INFO     | OK https://skeb.jp/api/users/tamakiiii1222
2026-07-20 04:20:57 | INFO     | Saving at a/skeb/tamakiiii1222-8b952a.json
2026-07-20 04:20:58 | INFO     | OK https://skeb.jp/api/users/urokozuki
2026-07-20 04:20:58 | INFO     | Saving at a/skeb/urokozuki-f396a7.json
2026-07-20 04:20:59 | INFO     | OK https://skeb.jp/api/users/tonomae_Q
2026-07-20 04:20:59 | INFO     | Saving at a/skeb/tonomae_Q-d23444.json
2026-07-20 04:21:00 | INFO     | OK https://skeb.jp/api/users/0ro_10
2026-07-20 04:21:00 | INFO     | Saving at a/skeb/0ro_10-0417f7.json
2026-07-20 04:21:01 | INFO     | OK https://skeb.jp/api/users/ku9625
2026-07-20 04:21:01 | INFO     | Saving at a/skeb/ku9625-bca628.json
2026-07-20 04:21:02 | INFO     | OK https://skeb.jp/api/users/FSD_and_GF4656
2026-07-20 04:21:02 | INFO     | Saving at a/skeb/FSD_and_GF4656-530244.json
2026-07-20 04:21:03 | INFO     | OK https://skeb.jp/api/users/bond_skeb
2026-07-20 04:21:03 | INFO     | Saving at a/skeb/bond_skeb-42a0b0.json
2026-07-20 04:21:04 | INFO     | OK https://skeb.jp/api/users/xo0_0ox1
2026-07-20 04:21:04 | INFO     | Saving at a/skeb/xo0_0ox1-d04f97.json
2026-07-20 04:21:05 | INFO     | OK https://skeb.jp/api/users/Rivill_ck
2026-07-20 04:21:05 | INFO     | Saving at a/skeb/Rivill_ck-d655c7.json
2026-07-20 04:21:06 | INFO     | OK https://skeb.jp/api/users/kodaibun_extra
2026-07-20 04:21:06 | INFO     | Saving at a/skeb/kodaibun_extra-1d5c8e.json
2026-07-20 04:21:07 | INFO     | OK https://skeb.jp/api/users/sanamaru_0w0
2026-07-20 04:21:07 | INFO     | Saving at a/skeb/sanamaru_0w0-e228f6.json
2026-07-20 04:21:08 | INFO     | OK https://skeb.jp/api/users/paripi_nasubi
2026-07-20 04:21:08 | INFO     | Saving at a/skeb/paripi_nasubi-c9d66b.json
2026-07-20 04:21:09 | INFO     | OK https://skeb.jp/api/users/super_cat_s
2026-07-20 04:21:09 | INFO     | Saving at a/skeb/super_cat_s-46f98c.json
2026-07-20 04:21:10 | INFO     | OK https://skeb.jp/api/users/p_p0p0p
2026-07-20 04:21:10 | INFO     | Saving at a/skeb/p_p0p0p-5a2073.json
2026-07-20 04:21:11 | INFO     | OK https://skeb.jp/api/users/yo2egui
2026-07-20 04:21:11 | INFO     | Saving at a/skeb/yo2egui-8879e6.json
2026-07-20 04:21:12 | INFO     | OK https://skeb.jp/api/users/EkacheriX
2026-07-20 04:21:12 | INFO     | Saving at a/skeb/EkacheriX-ba6b37.json
2026-07-20 04:21:13 | INFO     | OK https://skeb.jp/api/users/unitaroukun
2026-07-20 04:21:13 | INFO     | Saving at a/skeb/unitaroukun-a7b880.json
2026-07-20 04:21:14 | INFO     | OK https://skeb.jp/api/users/tahnyadesign
2026-07-20 04:21:14 | INFO     | Saving at a/skeb/tahnyadesign-614250.json
2026-07-20 04:21:15 | INFO     | OK https://skeb.jp/api/users/tika_illust
2026-07-20 04:21:15 | INFO     | Saving at a/skeb/tika_illust-24ce47.json
2026-07-20 04:21:16 | INFO     | OK https://skeb.jp/api/users/be9459
2026-07-20 04:21:16 | INFO     | Saving at a/skeb/be9459-ce2a88.json
2026-07-20 04:21:17 | INFO     | OK https://skeb.jp/api/users/mei_kemo
2026-07-20 04:21:17 | INFO     | Saving at a/skeb/mei_kemo-38c4ed.json
2026-07-20 04:21:18 | INFO     | OK https://skeb.jp/api/users/kyu9B
2026-07-20 04:21:18 | INFO     | Saving at a/skeb/kyu9B-57f128.json
2026-07-20 04:21:19 | INFO     | OK https://skeb.jp/api/users/pakkonn
2026-07-20 04:21:19 | INFO     | Saving at a/skeb/pakkonn-c247f0.json
2026-07-20 04:21:21 | INFO     | OK https://skeb.jp/api/users/stairuka
2026-07-20 04:21:21 | INFO     | Saving at a/skeb/stairuka-aa0b0c.json
2026-07-20 04:21:21 | INFO     | OK https://skeb.jp/api/users/Az100830
2026-07-20 04:21:21 | INFO     | Saving at a/skeb/Az100830-dca96c.json
2026-07-20 04:21:22 | INFO     | OK https://skeb.jp/api/users/kthr119
2026-07-20 04:21:22 | INFO     | Saving at a/skeb/kthr119-f674b9.json
2026-07-20 04:21:23 | INFO     | OK https://skeb.jp/api/users/ec5_j7
2026-07-20 04:21:23 | INFO     | Saving at a/skeb/ec5_j7-ce3518.json
2026-07-20 04:21:24 | INFO     | OK https://skeb.jp/api/users/jaguchi38
2026-07-20 04:21:24 | INFO     | Saving at a/skeb/jaguchi38-ae0594.json
2026-07-20 04:21:25 | INFO     | OK https://skeb.jp/api/users/subaru_akino
2026-07-20 04:21:25 | INFO     | Saving at a/skeb/subaru_akino-812b21.json
2026-07-20 04:21:26 | INFO     | OK https://skeb.jp/api/users/nnmn70
2026-07-20 04:21:26 | INFO     | Saving at a/skeb/nnmn70-59c728.json
2026-07-20 04:21:27 | INFO     | OK https://skeb.jp/api/users/engawa110
2026-07-20 04:21:27 | INFO     | Saving at a/skeb/engawa110-cbd13c.json
2026-07-20 04:21:28 | INFO     | OK https://skeb.jp/api/users/sizuokainagoya
2026-07-20 04:21:28 | INFO     | Saving at a/skeb/sizuokainagoya-1fe71d.json
2026-07-20 04:21:29 | INFO     | OK https://skeb.jp/api/users/_Haruiroha
2026-07-20 04:21:29 | INFO     | Saving at a/skeb/_Haruiroha-75e6a8.json
2026-07-20 04:21:30 | INFO     | OK https://skeb.jp/api/users/tontoro45612
2026-07-20 04:21:30 | INFO     | Saving at a/skeb/tontoro45612-23d753.json
2026-07-20 04:21:31 | INFO     | OK https://skeb.jp/api/users/jime_asyl
2026-07-20 04:21:31 | INFO     | Saving at a/skeb/jime_asyl-f5fdc8.json
2026-07-20 04:21:32 | INFO     | OK https://skeb.jp/api/users/TOFUkuouze232
2026-07-20 04:21:32 | INFO     | Saving at a/skeb/TOFUkuouze232-441138.json
2026-07-20 04:21:33 | INFO     | OK https://skeb.jp/api/users/triple_bambi
2026-07-20 04:21:33 | INFO     | Saving at a/skeb/triple_bambi-71e0f5.json
2026-07-20 04:21:34 | INFO     | OK https://skeb.jp/api/users/sanzan33
2026-07-20 04:21:34 | INFO     | Saving at a/skeb/sanzan33-c17171.json
2026-07-20 04:21:35 | INFO     | OK https://skeb.jp/api/users/OldVege08
2026-07-20 04:21:35 | INFO     | Saving at a/skeb/OldVege08-98ee82.json
2026-07-20 04:21:36 | INFO     | OK https://skeb.jp/api/users/___com51
2026-07-20 04:21:36 | INFO     | Saving at a/skeb/___com51-86afb5.json
2026-07-20 04:21:37 | INFO     | OK https://skeb.jp/api/users/88_wtu
2026-07-20 04:21:37 | INFO     | Saving at a/skeb/88_wtu-d7c5e1.json
2026-07-20 04:21:38 | INFO     | OK https://skeb.jp/api/users/mokarooru_chibi
2026-07-20 04:21:38 | INFO     | Saving at a/skeb/mokarooru_chibi-bd8e08.json
2026-07-20 04:21:39 | INFO     | OK https://skeb.jp/api/users/TerminalMethod
2026-07-20 04:21:39 | INFO     | Saving at a/skeb/TerminalMethod-ccf55f.json
2026-07-20 04:21:40 | INFO     | OK https://skeb.jp/api/users/pple_field
2026-07-20 04:21:40 | INFO     | Saving at a/skeb/pple_field-b1edc8.json
2026-07-20 04:21:41 | INFO     | OK https://skeb.jp/api/users/shishamosama
2026-07-20 04:21:41 | INFO     | Saving at a/skeb/shishamosama-5a1e27.json
2026-07-20 04:21:42 | INFO     | OK https://skeb.jp/api/users/hyaku_okomu
2026-07-20 04:21:42 | INFO     | Saving at a/skeb/hyaku_okomu-bd6bd9.json
2026-07-20 04:21:43 | INFO     | OK https://skeb.jp/api/users/pong_2473
2026-07-20 04:21:43 | INFO     | Saving at a/skeb/pong_2473-acb7a1.json
2026-07-20 04:21:44 | INFO     | OK https://skeb.jp/api/users/3Kmocchin
2026-07-20 04:21:44 | INFO     | Saving at a/skeb/3Kmocchin-518c95.json
2026-07-20 04:21:45 | INFO     | OK https://skeb.jp/api/users/tsumugi1025
2026-07-20 04:21:45 | INFO     | Saving at a/skeb/tsumugi1025-c449b0.json
2026-07-20 04:21:46 | INFO     | OK https://skeb.jp/api/users/kt_h01
2026-07-20 04:21:46 | INFO     | Saving at a/skeb/kt_h01-d8df13.json
2026-07-20 04:21:47 | INFO     | OK https://skeb.jp/api/users/yuki34955917
2026-07-20 04:21:47 | INFO     | Saving at a/skeb/yuki34955917-99244a.json
2026-07-20 04:21:48 | INFO     | OK https://skeb.jp/api/users/Azurite_yukkuri
2026-07-20 04:21:48 | INFO     | Saving at a/skeb/Azurite_yukkuri-c27752.json
2026-07-20 04:21:49 | INFO     | OK https://skeb.jp/api/users/00erimakichan00
2026-07-20 04:21:49 | INFO     | Saving at a/skeb/00erimakichan00-93e48e.json
2026-07-20 04:21:50 | INFO     | OK https://skeb.jp/api/users/oirano_latte
2026-07-20 04:21:50 | INFO     | Saving at a/skeb/oirano_latte-068248.json
2026-07-20 04:21:51 | INFO     | OK https://skeb.jp/api/users/3kumini
2026-07-20 04:21:51 | INFO     | Saving at a/skeb/3kumini-94aff1.json
2026-07-20 04:21:52 | INFO     | OK https://skeb.jp/api/users/koimikun
2026-07-20 04:21:52 | INFO     | Saving at a/skeb/koimikun-e3b061.json
2026-07-20 04:21:53 | INFO     | OK https://skeb.jp/api/users/usimaru0608
2026-07-20 04:21:53 | INFO     | Saving at a/skeb/usimaru0608-bfacbc.json
2026-07-20 04:21:54 | INFO     | OK https://skeb.jp/api/users/takemii00
2026-07-20 04:21:54 | INFO     | Saving at a/skeb/takemii00-4cb8cd.json
2026-07-20 04:21:55 | INFO     | OK https://skeb.jp/api/users/marumi_SD
2026-07-20 04:21:55 | INFO     | Saving at a/skeb/marumi_SD-4f677b.json
2026-07-20 04:21:56 | INFO     | OK https://skeb.jp/api/users/m0m0im0i
2026-07-20 04:21:56 | INFO     | Saving at a/skeb/m0m0im0i-001796.json
2026-07-20 04:21:57 | INFO     | OK https://skeb.jp/api/users/3839ginjima
2026-07-20 04:21:57 | INFO     | Saving at a/skeb/3839ginjima-f52760.json
2026-07-20 04:21:58 | INFO     | OK https://skeb.jp/api/users/hurikake_sub
2026-07-20 04:21:58 | INFO     | Saving at a/skeb/hurikake_sub-abb1f6.json
2026-07-20 04:21:59 | INFO     | OK https://skeb.jp/api/users/MilkMoonmoffy
2026-07-20 04:21:59 | INFO     | Saving at a/skeb/MilkMoonmoffy-979c89.json
2026-07-20 04:22:00 | INFO     | OK https://skeb.jp/api/users/io_oekaki2
2026-07-20 04:22:00 | INFO     | Saving at a/skeb/io_oekaki2-ca148a.json
2026-07-20 04:22:01 | INFO     | OK https://skeb.jp/api/users/0v0_mu
2026-07-20 04:22:01 | INFO     | Saving at a/skeb/0v0_mu-44a374.json
2026-07-20 04:22:02 | INFO     | OK https://skeb.jp/api/users/No_____305
2026-07-20 04:22:02 | INFO     | Saving at a/skeb/No_____305-d89d58.json
2026-07-20 04:22:03 | INFO     | OK https://skeb.jp/api/users/Inushichi_desu
2026-07-20 04:22:03 | INFO     | Saving at a/skeb/Inushichi_desu-4afac2.json
2026-07-20 04:22:04 | INFO     | OK https://skeb.jp/api/users/amahana_curu
2026-07-20 04:22:04 | INFO     | Saving at a/skeb/amahana_curu-c17e9a.json
2026-07-20 04:22:05 | INFO     | OK https://skeb.jp/api/users/uKXPvSPYGY21lV6
2026-07-20 04:22:05 | INFO     | Saving at a/skeb/uKXPvSPYGY21lV6-8f701c.json
2026-07-20 04:22:06 | INFO     | OK https://skeb.jp/api/users/mitarashikousei
2026-07-20 04:22:06 | INFO     | Saving at a/skeb/mitarashikousei-39b732.json
2026-07-20 04:22:07 | INFO     | OK https://skeb.jp/api/users/sisisi_sio
2026-07-20 04:22:07 | INFO     | Saving at a/skeb/sisisi_sio-3424b2.json
2026-07-20 04:22:08 | INFO     | OK https://skeb.jp/api/users/yumugu09
2026-07-20 04:22:08 | INFO     | Saving at a/skeb/yumugu09-99a3ec.json
2026-07-20 04:22:09 | INFO     | OK https://skeb.jp/api/users/peparara17
2026-07-20 04:22:09 | INFO     | Saving at a/skeb/peparara17-854de4.json
2026-07-20 04:22:10 | INFO     | OK https://skeb.jp/api/users/Futa__TIMAMIRE
2026-07-20 04:22:10 | INFO     | Saving at a/skeb/Futa__TIMAMIRE-3c61d1.json
2026-07-20 04:22:11 | INFO     | OK https://skeb.jp/api/users/nobi_kanida
2026-07-20 04:22:11 | INFO     | Saving at a/skeb/nobi_kanida-510dcf.json
2026-07-20 04:22:12 | INFO     | OK https://skeb.jp/api/users/sssnrng
2026-07-20 04:22:12 | INFO     | Saving at a/skeb/sssnrng-a810fe.json
2026-07-20 04:22:13 | INFO     | OK https://skeb.jp/api/users/nyohehe924
2026-07-20 04:22:13 | INFO     | Saving at a/skeb/nyohehe924-8cd390.json
2026-07-20 04:22:14 | INFO     | OK https://skeb.jp/api/users/y5jgl
2026-07-20 04:22:14 | INFO     | Saving at a/skeb/y5jgl-0829ca.json
2026-07-20 04:22:15 | INFO     | OK https://skeb.jp/api/users/hxbBnAmpvPk2HeP
2026-07-20 04:22:15 | INFO     | Saving at a/skeb/hxbBnAmpvPk2HeP-6610d8.json
2026-07-20 04:22:16 | INFO     | OK https://skeb.jp/api/users/uparupa
2026-07-20 04:22:16 | INFO     | Saving at a/skeb/uparupa-b954dc.json
2026-07-20 04:22:17 | INFO     | OK https://skeb.jp/api/users/yumehori
2026-07-20 04:22:17 | INFO     | Saving at a/skeb/yumehori-16efe3.json
2026-07-20 04:22:18 | INFO     | OK https://skeb.jp/api/users/hiryu_seiruri
2026-07-20 04:22:18 | INFO     | Saving at a/skeb/hiryu_seiruri-66fd21.json
2026-07-20 04:22:19 | INFO     | OK https://skeb.jp/api/users/koucha94
2026-07-20 04:22:19 | INFO     | Saving at a/skeb/koucha94-cafed1.json
2026-07-20 04:22:20 | INFO     | OK https://skeb.jp/api/users/piyodein
2026-07-20 04:22:20 | INFO     | Saving at a/skeb/piyodein-32f080.json
2026-07-20 04:22:21 | INFO     | OK https://skeb.jp/api/users/myi_korosi
2026-07-20 04:22:21 | INFO     | Saving at a/skeb/myi_korosi-925f0c.json
2026-07-20 04:22:22 | INFO     | OK https://skeb.jp/api/users/karadakitaeyou
2026-07-20 04:22:22 | INFO     | Saving at a/skeb/karadakitaeyou-72d3f7.json
2026-07-20 04:22:23 | INFO     | OK https://skeb.jp/api/users/kuromaruxxx
2026-07-20 04:22:23 | INFO     | Saving at a/skeb/kuromaruxxx-681539.json
2026-07-20 04:22:24 | INFO     | OK https://skeb.jp/api/users/sasamigumi
2026-07-20 04:22:24 | INFO     | Saving at a/skeb/sasamigumi-41e227.json
2026-07-20 04:22:25 | INFO     | OK https://skeb.jp/api/users/HetaleArts
2026-07-20 04:22:25 | INFO     | Saving at a/skeb/HetaleArts-495b70.json
2026-07-20 04:22:27 | INFO     | OK https://skeb.jp/api/users/akarumisaka
2026-07-20 04:22:27 | INFO     | Saving at a/skeb/akarumisaka-dc25e6.json
2026-07-20 04:22:27 | INFO     | OK https://skeb.jp/api/users/iran_stn
2026-07-20 04:22:27 | INFO     | Saving at a/skeb/iran_stn-8a72a1.json
2026-07-20 04:22:28 | INFO     | OK https://skeb.jp/api/users/shiina_mihachi
2026-07-20 04:22:28 | INFO     | Saving at a/skeb/shiina_mihachi-8bfdad.json
2026-07-20 04:22:29 | INFO     | OK https://skeb.jp/api/users/yorunogara
2026-07-20 04:22:29 | INFO     | Saving at a/skeb/yorunogara-87ee26.json
2026-07-20 04:22:30 | INFO     | OK https://skeb.jp/api/users/OutsukiHimera
2026-07-20 04:22:30 | INFO     | Saving at a/skeb/OutsukiHimera-7cb0ea.json
2026-07-20 04:22:31 | INFO     | OK https://skeb.jp/api/users/kafuka_daisy
2026-07-20 04:22:31 | INFO     | Saving at a/skeb/kafuka_daisy-ddc2de.json
2026-07-20 04:22:32 | INFO     | OK https://skeb.jp/api/users/ZyAxfwl
2026-07-20 04:22:32 | INFO     | Saving at a/skeb/ZyAxfwl-f7a85c.json
2026-07-20 04:22:33 | INFO     | OK https://skeb.jp/api/users/vI_o_o_Iv
2026-07-20 04:22:33 | INFO     | Saving at a/skeb/vI_o_o_Iv-4fb74a.json
2026-07-20 04:22:34 | INFO     | OK https://skeb.jp/api/users/toyamaru39pale
2026-07-20 04:22:34 | INFO     | Saving at a/skeb/toyamaru39pale-525264.json
2026-07-20 04:22:35 | INFO     | OK https://skeb.jp/api/users/su_zura_n713
2026-07-20 04:22:35 | INFO     | Saving at a/skeb/su_zura_n713-1e7a3c.json
2026-07-20 04:22:36 | INFO     | OK https://skeb.jp/api/users/kobassy_art
2026-07-20 04:22:36 | INFO     | Saving at a/skeb/kobassy_art-8e9fb3.json
2026-07-20 04:22:37 | INFO     | OK https://skeb.jp/api/users/calicchio23
2026-07-20 04:22:37 | INFO     | Saving at a/skeb/calicchio23-801992.json
2026-07-20 04:22:38 | INFO     | OK https://skeb.jp/api/users/_fujiya_4
2026-07-20 04:22:38 | INFO     | Saving at a/skeb/_fujiya_4-4ade46.json
2026-07-20 04:22:39 | INFO     | OK https://skeb.jp/api/users/mudkurara_Ice
2026-07-20 04:22:39 | INFO     | Saving at a/skeb/mudkurara_Ice-3cbe04.json
2026-07-20 04:22:40 | INFO     | OK https://skeb.jp/api/users/SI_tera1012
2026-07-20 04:22:40 | INFO     | Saving at a/skeb/SI_tera1012-7b904f.json
2026-07-20 04:22:41 | INFO     | OK https://skeb.jp/api/users/kusomusi777
2026-07-20 04:22:41 | INFO     | Saving at a/skeb/kusomusi777-f0b747.json
2026-07-20 04:22:42 | INFO     | OK https://skeb.jp/api/users/avakass39
2026-07-20 04:22:42 | INFO     | Saving at a/skeb/avakass39-865709.json
2026-07-20 04:22:43 | INFO     | OK https://skeb.jp/api/users/_hinatahirune
2026-07-20 04:22:43 | INFO     | Saving at a/skeb/_hinatahirune-58673e.json
2026-07-20 04:22:44 | INFO     | OK https://skeb.jp/api/users/ISUI_130
2026-07-20 04:22:44 | INFO     | Saving at a/skeb/ISUI_130-0f50c8.json
2026-07-20 04:22:45 | INFO     | OK https://skeb.jp/api/users/ame_akira00
2026-07-20 04:22:45 | INFO     | Saving at a/skeb/ame_akira00-b7458d.json
2026-07-20 04:22:46 | INFO     | OK https://skeb.jp/api/users/hebaroda03
2026-07-20 04:22:46 | INFO     | Saving at a/skeb/hebaroda03-7c9d9c.json
2026-07-20 04:22:47 | INFO     | OK https://skeb.jp/api/users/chokkakudon
2026-07-20 04:22:47 | INFO     | Saving at a/skeb/chokkakudon-13703e.json
2026-07-20 04:22:48 | INFO     | OK https://skeb.jp/api/users/amedama142
2026-07-20 04:22:48 | INFO     | Saving at a/skeb/amedama142-59b8ed.json
2026-07-20 04:22:49 | INFO     | OK https://skeb.jp/api/users/osakanation
2026-07-20 04:22:49 | INFO     | Saving at a/skeb/osakanation-970665.json
2026-07-20 04:22:50 | INFO     | OK https://skeb.jp/api/users/UpaUpa_wooper
2026-07-20 04:22:50 | INFO     | Saving at a/skeb/UpaUpa_wooper-5492c2.json
2026-07-20 04:22:51 | INFO     | OK https://skeb.jp/api/users/takaari_works
2026-07-20 04:22:51 | INFO     | Saving at a/skeb/takaari_works-fc33ff.json
2026-07-20 04:22:52 | INFO     | OK https://skeb.jp/api/users/Shelldy_h
2026-07-20 04:22:52 | INFO     | Saving at a/skeb/Shelldy_h-bc7e0d.json
2026-07-20 04:22:53 | INFO     | OK https://skeb.jp/api/users/90illi1_
2026-07-20 04:22:53 | INFO     | Saving at a/skeb/90illi1_-47d9dc.json
2026-07-20 04:22:54 | INFO     | OK https://skeb.jp/api/users/Chiyo9573
2026-07-20 04:22:54 | INFO     | Saving at a/skeb/Chiyo9573-3284d5.json
2026-07-20 04:22:56 | INFO     | OK https://skeb.jp/api/users/Guu8_
2026-07-20 04:22:56 | INFO     | Saving at a/skeb/Guu8_-fccdde.json
2026-07-20 04:22:56 | INFO     | OK https://skeb.jp/api/users/mochiboshiii
2026-07-20 04:22:56 | INFO     | Saving at a/skeb/mochiboshiii-de2136.json
2026-07-20 04:22:57 | INFO     | OK https://skeb.jp/api/users/ichigoamamiya
2026-07-20 04:22:57 | INFO     | Saving at a/skeb/ichigoamamiya-96e75b.json
2026-07-20 04:22:58 | INFO     | OK https://skeb.jp/api/users/E7wYTZWclt91948
2026-07-20 04:22:58 | INFO     | Saving at a/skeb/E7wYTZWclt91948-261908.json
2026-07-20 04:22:59 | INFO     | OK https://skeb.jp/api/users/71naichi71
2026-07-20 04:22:59 | INFO     | Saving at a/skeb/71naichi71-d2f8ba.json
2026-07-20 04:23:00 | INFO     | OK https://skeb.jp/api/users/C0RN15
2026-07-20 04:23:00 | INFO     | Saving at a/skeb/C0RN15-16c33a.json
2026-07-20 04:23:01 | INFO     | OK https://skeb.jp/api/users/sae_naiyatsu
2026-07-20 04:23:01 | INFO     | Saving at a/skeb/sae_naiyatsu-d203b0.json
2026-07-20 04:23:02 | INFO     | OK https://skeb.jp/api/users/Non1s_02
2026-07-20 04:23:02 | INFO     | Saving at a/skeb/Non1s_02-973e81.json
2026-07-20 04:23:04 | INFO     | OK https://skeb.jp/api/users/drgn_ryuu
2026-07-20 04:23:04 | INFO     | Saving at a/skeb/drgn_ryuu-78e799.json
2026-07-20 04:23:04 | INFO     | OK https://skeb.jp/api/users/sanomaru_yuruta
2026-07-20 04:23:04 | INFO     | Saving at a/skeb/sanomaru_yuruta-b6d952.json
2026-07-20 04:23:05 | INFO     | OK https://skeb.jp/api/users/shina_282
2026-07-20 04:23:05 | INFO     | Saving at a/skeb/shina_282-0fee57.json
2026-07-20 04:23:06 | INFO     | OK https://skeb.jp/api/users/404_4628_
2026-07-20 04:23:06 | INFO     | Saving at a/skeb/404_4628_-21f97b.json
2026-07-20 04:23:07 | INFO     | OK https://skeb.jp/api/users/gomikyun_3
2026-07-20 04:23:07 | INFO     | Saving at a/skeb/gomikyun_3-3427d8.json
2026-07-20 04:23:08 | INFO     | OK https://skeb.jp/api/users/sabanobitch
2026-07-20 04:23:08 | INFO     | Saving at a/skeb/sabanobitch-f47681.json
2026-07-20 04:23:09 | INFO     | OK https://skeb.jp/api/users/habemiru_012
2026-07-20 04:23:09 | INFO     | Saving at a/skeb/habemiru_012-af9c0e.json
2026-07-20 04:23:10 | INFO     | OK https://skeb.jp/api/users/ujino_uuu
2026-07-20 04:23:10 | INFO     | Saving at a/skeb/ujino_uuu-345cde.json
2026-07-20 04:23:11 | INFO     | OK https://skeb.jp/api/users/ybh4tu
2026-07-20 04:23:11 | INFO     | Saving at a/skeb/ybh4tu-3414d5.json
2026-07-20 04:23:12 | INFO     | OK https://skeb.jp/api/users/zippedlime85
2026-07-20 04:23:12 | INFO     | Saving at a/skeb/zippedlime85-cccc73.json
2026-07-20 04:23:13 | INFO     | OK https://skeb.jp/api/users/BOREZET_mov
2026-07-20 04:23:13 | INFO     | Saving at a/skeb/BOREZET_mov-8e44b8.json
2026-07-20 04:23:14 | INFO     | OK https://skeb.jp/api/users/anemone_0077
2026-07-20 04:23:14 | INFO     | Saving at a/skeb/anemone_0077-ae9110.json
2026-07-20 04:23:15 | INFO     | OK https://skeb.jp/api/users/000coco
2026-07-20 04:23:15 | INFO     | Saving at a/skeb/000coco-1f8ec4.json
2026-07-20 04:23:16 | INFO     | OK https://skeb.jp/api/users/n8znaz
2026-07-20 04:23:16 | INFO     | Saving at a/skeb/n8znaz-c6bba0.json
2026-07-20 04:23:17 | INFO     | OK https://skeb.jp/api/users/maroyaka_8
2026-07-20 04:23:17 | INFO     | Saving at a/skeb/maroyaka_8-56219b.json
2026-07-20 04:23:18 | INFO     | OK https://skeb.jp/api/users/hino_evening
2026-07-20 04:23:18 | INFO     | Saving at a/skeb/hino_evening-902826.json
2026-07-20 04:23:19 | INFO     | OK https://skeb.jp/api/users/kimikag_
2026-07-20 04:23:19 | INFO     | Saving at a/skeb/kimikag_-dab11b.json
2026-07-20 04:23:20 | INFO     | OK https://skeb.jp/api/users/yukusaki_nemu
2026-07-20 04:23:20 | INFO     | Saving at a/skeb/yukusaki_nemu-5b76dc.json
2026-07-20 04:23:21 | INFO     | OK https://skeb.jp/api/users/popogen0724
2026-07-20 04:23:21 | INFO     | Saving at a/skeb/popogen0724-9952cd.json
2026-07-20 04:23:23 | INFO     | OK https://skeb.jp/api/users/ow36802
2026-07-20 04:23:23 | INFO     | Saving at a/skeb/ow36802-3967f2.json
2026-07-20 04:23:23 | INFO     | OK https://skeb.jp/api/users/irodori_drawpic
2026-07-20 04:23:23 | INFO     | Saving at a/skeb/irodori_drawpic-536b12.json
2026-07-20 04:23:24 | INFO     | OK https://skeb.jp/api/users/Yuuki_UYU
2026-07-20 04:23:24 | INFO     | Saving at a/skeb/Yuuki_UYU-31936d.json
2026-07-20 04:23:26 | INFO     | OK https://skeb.jp/api/users/kumorinochikum
2026-07-20 04:23:26 | INFO     | Saving at a/skeb/kumorinochikum-0a8303.json
2026-07-20 04:23:26 | INFO     | OK https://skeb.jp/api/users/yuto_noirm08
2026-07-20 04:23:26 | INFO     | Saving at a/skeb/yuto_noirm08-b721dc.json
2026-07-20 04:23:27 | INFO     | OK https://skeb.jp/api/users/29dirushi
2026-07-20 04:23:27 | INFO     | Saving at a/skeb/29dirushi-5e1e0e.json
2026-07-20 04:23:28 | INFO     | OK https://skeb.jp/api/users/pummeluff39
2026-07-20 04:23:28 | INFO     | Saving at a/skeb/pummeluff39-8f2621.json
2026-07-20 04:23:29 | INFO     | OK https://skeb.jp/api/users/wo1059mu
2026-07-20 04:23:29 | INFO     | Saving at a/skeb/wo1059mu-60865e.json
2026-07-20 04:23:30 | INFO     | OK https://skeb.jp/api/users/nekoneko_haruka
2026-07-20 04:23:30 | INFO     | Saving at a/skeb/nekoneko_haruka-604623.json
2026-07-20 04:23:31 | INFO     | OK https://skeb.jp/api/users/Tsubakien712
2026-07-20 04:23:31 | INFO     | Saving at a/skeb/Tsubakien712-1e3993.json
2026-07-20 04:23:32 | INFO     | OK https://skeb.jp/api/users/Universalgyoza
2026-07-20 04:23:32 | INFO     | Saving at a/skeb/Universalgyoza-f7dff6.json
2026-07-20 04:23:33 | INFO     | OK https://skeb.jp/api/users/c0m1tan
2026-07-20 04:23:33 | INFO     | Saving at a/skeb/c0m1tan-3d2bb9.json
2026-07-20 04:23:34 | INFO     | OK https://skeb.jp/api/users/2_bo_ra
2026-07-20 04:23:34 | INFO     | Saving at a/skeb/2_bo_ra-5add97.json
2026-07-20 04:23:35 | INFO     | OK https://skeb.jp/api/users/azuma_sanotsuki
2026-07-20 04:23:35 | INFO     | Saving at a/skeb/azuma_sanotsuki-3227bb.json
2026-07-20 04:23:36 | INFO     | OK https://skeb.jp/api/users/gobou__1111
2026-07-20 04:23:36 | INFO     | Saving at a/skeb/gobou__1111-fe3a8f.json
2026-07-20 04:23:37 | INFO     | OK https://skeb.jp/api/users/ankz_chang
2026-07-20 04:23:37 | INFO     | Saving at a/skeb/ankz_chang-755f3b.json
2026-07-20 04:23:38 | INFO     | OK https://skeb.jp/api/users/bebe_illust_
2026-07-20 04:23:38 | INFO     | Saving at a/skeb/bebe_illust_-c95c9d.json
2026-07-20 04:23:39 | INFO     | OK https://skeb.jp/api/users/uuuusatama
2026-07-20 04:23:39 | INFO     | Saving at a/skeb/uuuusatama-88bef8.json
2026-07-20 04:23:40 | INFO     | OK https://skeb.jp/api/users/c786405
2026-07-20 04:23:40 | INFO     | Saving at a/skeb/c786405-5b2a16.json
2026-07-20 04:23:41 | INFO     | OK https://skeb.jp/api/users/u_nonaka
2026-07-20 04:23:41 | INFO     | Saving at a/skeb/u_nonaka-a0af77.json
2026-07-20 04:23:42 | INFO     | OK https://skeb.jp/api/users/Yochibit
2026-07-20 04:23:42 | INFO     | Saving at a/skeb/Yochibit-0d31c9.json
2026-07-20 04:23:43 | INFO     | OK https://skeb.jp/api/users/tetubunn010
2026-07-20 04:23:43 | INFO     | Saving at a/skeb/tetubunn010-f4b945.json
2026-07-20 04:23:44 | INFO     | OK https://skeb.jp/api/users/yukinoneco_
2026-07-20 04:23:44 | INFO     | Saving at a/skeb/yukinoneco_-ad85a7.json
2026-07-20 04:23:45 | INFO     | OK https://skeb.jp/api/users/Xwara
2026-07-20 04:23:45 | INFO     | Saving at a/skeb/Xwara-e0d92c.json
2026-07-20 04:23:46 | INFO     | OK https://skeb.jp/api/users/jun_suzumura
2026-07-20 04:23:46 | INFO     | Saving at a/skeb/jun_suzumura-454212.json
2026-07-20 04:23:47 | INFO     | OK https://skeb.jp/api/users/sibasiri
2026-07-20 04:23:47 | INFO     | Saving at a/skeb/sibasiri-f07ca7.json
2026-07-20 04:23:48 | INFO     | OK https://skeb.jp/api/users/ao_191229
2026-07-20 04:23:48 | INFO     | Saving at a/skeb/ao_191229-aaf69d.json
2026-07-20 04:23:49 | INFO     | OK https://skeb.jp/api/users/torahico_x
2026-07-20 04:23:49 | INFO     | Saving at a/skeb/torahico_x-e8f5ba.json
2026-07-20 04:23:50 | INFO     | OK https://skeb.jp/api/users/fusenryo2
2026-07-20 04:23:50 | INFO     | Saving at a/skeb/fusenryo2-981b18.json
2026-07-20 04:23:51 | INFO     | OK https://skeb.jp/api/users/krsmrina
2026-07-20 04:23:51 | INFO     | Saving at a/skeb/krsmrina-81243f.json
2026-07-20 04:23:52 | INFO     | OK https://skeb.jp/api/users/Bh1h1J
2026-07-20 04:23:52 | INFO     | Saving at a/skeb/Bh1h1J-feca21.json
2026-07-20 04:23:53 | INFO     | OK https://skeb.jp/api/users/libertasgenesis
2026-07-20 04:23:53 | INFO     | Saving at a/skeb/libertasgenesis-ef7f8a.json
2026-07-20 04:23:54 | INFO     | OK https://skeb.jp/api/users/Tzzz_Tzer_Tzak
2026-07-20 04:23:54 | INFO     | Saving at a/skeb/Tzzz_Tzer_Tzak-4d4307.json
2026-07-20 04:23:55 | INFO     | OK https://skeb.jp/api/users/kuro_ch4n_kuro
2026-07-20 04:23:55 | INFO     | Saving at a/skeb/kuro_ch4n_kuro-4ba834.json
2026-07-20 04:23:56 | INFO     | OK https://skeb.jp/api/users/o323232yeyyey
2026-07-20 04:23:56 | INFO     | Saving at a/skeb/o323232yeyyey-c54b79.json
2026-07-20 04:23:57 | INFO     | OK https://skeb.jp/api/users/R3611104
2026-07-20 04:23:57 | INFO     | Saving at a/skeb/R3611104-6170d2.json
2026-07-20 04:23:58 | INFO     | OK https://skeb.jp/api/users/mikuriya_9on
2026-07-20 04:23:58 | INFO     | Saving at a/skeb/mikuriya_9on-e6ade7.json
2026-07-20 04:24:00 | INFO     | OK https://skeb.jp/api/users/IihuKb
2026-07-20 04:24:00 | INFO     | Saving at a/skeb/IihuKb-3eccb5.json
2026-07-20 04:24:00 | INFO     | OK https://skeb.jp/api/users/Kittatsu_toku
2026-07-20 04:24:00 | INFO     | Saving at a/skeb/Kittatsu_toku-60629a.json
2026-07-20 04:24:02 | INFO     | OK https://skeb.jp/api/users/716door
2026-07-20 04:24:02 | INFO     | Saving at a/skeb/716door-957695.json
2026-07-20 04:24:02 | INFO     | OK https://skeb.jp/api/users/pitwpitw1111
2026-07-20 04:24:02 | INFO     | Saving at a/skeb/pitwpitw1111-216916.json
2026-07-20 04:24:03 | INFO     | OK https://skeb.jp/api/users/yoshidan
2026-07-20 04:24:03 | INFO     | Saving at a/skeb/yoshidan-c21739.json
2026-07-20 04:24:05 | INFO     | OK https://skeb.jp/api/users/tkus100
2026-07-20 04:24:05 | INFO     | Saving at a/skeb/tkus100-0c1bea.json
2026-07-20 04:24:06 | INFO     | OK https://skeb.jp/api/users/oxSTL
2026-07-20 04:24:06 | INFO     | Saving at a/skeb/oxSTL-2a6d8e.json
2026-07-20 04:24:06 | INFO     | OK https://skeb.jp/api/users/ayame_ha_sinima
2026-07-20 04:24:06 | INFO     | Saving at a/skeb/ayame_ha_sinima-6c0455.json
2026-07-20 04:24:07 | INFO     | OK https://skeb.jp/api/users/74_coffee_
2026-07-20 04:24:07 | INFO     | Saving at a/skeb/74_coffee_-fcfc5c.json
2026-07-20 04:24:08 | INFO     | OK https://skeb.jp/api/users/A3nn_______
2026-07-20 04:24:08 | INFO     | Saving at a/skeb/A3nn_______-83a303.json
2026-07-20 04:24:09 | INFO     | OK https://skeb.jp/api/users/PwgP6_tomato
2026-07-20 04:24:09 | INFO     | Saving at a/skeb/PwgP6_tomato-831c46.json
2026-07-20 04:24:10 | INFO     | OK https://skeb.jp/api/users/perperopemo
2026-07-20 04:24:10 | INFO     | Saving at a/skeb/perperopemo-d1e155.json
2026-07-20 04:24:11 | INFO     | OK https://skeb.jp/api/users/nananaba29
2026-07-20 04:24:11 | INFO     | Saving at a/skeb/nananaba29-3db203.json
2026-07-20 04:24:12 | INFO     | OK https://skeb.jp/api/users/michi_kuso
2026-07-20 04:24:12 | INFO     | Saving at a/skeb/michi_kuso-b4c254.json
2026-07-20 04:24:14 | INFO     | OK https://skeb.jp/api/users/anagumasan_
2026-07-20 04:24:14 | INFO     | Saving at a/skeb/anagumasan_-2249b2.json
2026-07-20 04:24:14 | INFO     | OK https://skeb.jp/api/users/poyosuke
2026-07-20 04:24:14 | INFO     | Saving at a/skeb/poyosuke-54c6cd.json
2026-07-20 04:24:16 | INFO     | OK https://skeb.jp/api/users/Rune891
2026-07-20 04:24:16 | INFO     | Saving at a/skeb/Rune891-78fbfc.json
2026-07-20 04:24:16 | INFO     | OK https://skeb.jp/api/users/koine_draw
2026-07-20 04:24:16 | INFO     | Saving at a/skeb/koine_draw-882229.json
2026-07-20 04:24:17 | INFO     | OK https://skeb.jp/api/users/Dear_Deer_xxx
2026-07-20 04:24:17 | INFO     | Saving at a/skeb/Dear_Deer_xxx-160e7d.json
2026-07-20 04:24:18 | INFO     | OK https://skeb.jp/api/users/Suisyu_trpg
2026-07-20 04:24:18 | INFO     | Saving at a/skeb/Suisyu_trpg-552fca.json
2026-07-20 04:24:19 | INFO     | OK https://skeb.jp/api/users/wagucheen
2026-07-20 04:24:19 | INFO     | Saving at a/skeb/wagucheen-468972.json
2026-07-20 04:24:20 | INFO     | OK https://skeb.jp/api/users/kuze1219
2026-07-20 04:24:20 | INFO     | Saving at a/skeb/kuze1219-af6266.json
2026-07-20 04:24:21 | INFO     | OK https://skeb.jp/api/users/u2i_5
2026-07-20 04:24:21 | INFO     | Saving at a/skeb/u2i_5-8622df.json
2026-07-20 04:24:23 | INFO     | OK https://skeb.jp/api/users/skn_cat
2026-07-20 04:24:23 | INFO     | Saving at a/skeb/skn_cat-ed83e7.json
2026-07-20 04:24:23 | INFO     | OK https://skeb.jp/api/users/hataoribeyn
2026-07-20 04:24:23 | INFO     | Saving at a/skeb/hataoribeyn-dbda79.json
2026-07-20 04:24:24 | INFO     | OK https://skeb.jp/api/users/Silver_Room
2026-07-20 04:24:24 | INFO     | Saving at a/skeb/Silver_Room-78e8d6.json
2026-07-20 04:24:25 | INFO     | OK https://skeb.jp/api/users/wapo00n
2026-07-20 04:24:25 | INFO     | Saving at a/skeb/wapo00n-794432.json
2026-07-20 04:24:26 | INFO     | OK https://skeb.jp/api/users/yutsumoe
2026-07-20 04:24:26 | INFO     | Saving at a/skeb/yutsumoe-4f615c.json
2026-07-20 04:24:27 | INFO     | OK https://skeb.jp/api/users/suyuli
2026-07-20 04:24:27 | INFO     | Saving at a/skeb/suyuli-34c638.json
2026-07-20 04:24:28 | INFO     | OK https://skeb.jp/api/users/tsuminobeyo
2026-07-20 04:24:28 | INFO     | Saving at a/skeb/tsuminobeyo-5064ad.json
2026-07-20 04:24:29 | INFO     | OK https://skeb.jp/api/users/softKONKON
2026-07-20 04:24:29 | INFO     | Saving at a/skeb/softKONKON-2fbb98.json
2026-07-20 04:24:30 | INFO     | OK https://skeb.jp/api/users/Rei0428123
2026-07-20 04:24:30 | INFO     | Saving at a/skeb/Rei0428123-fa4265.json
2026-07-20 04:24:31 | INFO     | OK https://skeb.jp/api/users/Oeillet_vie
2026-07-20 04:24:31 | INFO     | Saving at a/skeb/Oeillet_vie-facf87.json
2026-07-20 04:24:33 | INFO     | OK https://skeb.jp/api/users/asaiumi
2026-07-20 04:24:33 | INFO     | Saving at a/skeb/asaiumi-dac207.json
2026-07-20 04:24:33 | INFO     | OK https://skeb.jp/api/users/motenaikitakami
2026-07-20 04:24:33 | INFO     | Saving at a/skeb/motenaikitakami-93b0b2.json
2026-07-20 04:24:34 | INFO     | OK https://skeb.jp/api/users/kutipa5364
2026-07-20 04:24:34 | INFO     | Saving at a/skeb/kutipa5364-eeff04.json
2026-07-20 04:24:35 | INFO     | OK https://skeb.jp/api/users/Frks_s2
2026-07-20 04:24:35 | INFO     | Saving at a/skeb/Frks_s2-108320.json
2026-07-20 04:24:37 | INFO     | OK https://skeb.jp/api/users/natsume_mina
2026-07-20 04:24:37 | INFO     | Saving at a/skeb/natsume_mina-129cf4.json
2026-07-20 04:24:37 | INFO     | OK https://skeb.jp/api/users/suzuhohotaru
2026-07-20 04:24:37 | INFO     | Saving at a/skeb/suzuhohotaru-bf7da0.json
2026-07-20 04:24:38 | INFO     | OK https://skeb.jp/api/users/l0uisc0ma
2026-07-20 04:24:38 | INFO     | Saving at a/skeb/l0uisc0ma-06e5c1.json
2026-07-20 04:24:40 | INFO     | OK https://skeb.jp/api/users/Marimiya_YU
2026-07-20 04:24:40 | INFO     | Saving at a/skeb/Marimiya_YU-a0a063.json
2026-07-20 04:24:41 | INFO     | OK https://skeb.jp/api/users/syuera610
2026-07-20 04:24:41 | INFO     | Saving at a/skeb/syuera610-c2b709.json
2026-07-20 04:24:42 | INFO     | OK https://skeb.jp/api/users/YugyugLeviathan
2026-07-20 04:24:42 | INFO     | Saving at a/skeb/YugyugLeviathan-619a21.json
2026-07-20 04:24:42 | INFO     | OK https://skeb.jp/api/users/_grifet
2026-07-20 04:24:42 | INFO     | Saving at a/skeb/_grifet-927c39.json
2026-07-20 04:24:43 | INFO     | OK https://skeb.jp/api/users/nimutsu913
2026-07-20 04:24:43 | INFO     | Saving at a/skeb/nimutsu913-ad488f.json
2026-07-20 04:24:44 | INFO     | OK https://skeb.jp/api/users/SHINEN469313
2026-07-20 04:24:44 | INFO     | Saving at a/skeb/SHINEN469313-a709a4.json
2026-07-20 04:24:45 | INFO     | OK https://skeb.jp/api/users/funino_art
2026-07-20 04:24:45 | INFO     | Saving at a/skeb/funino_art-7ee653.json
2026-07-20 04:24:46 | INFO     | OK https://skeb.jp/api/users/viator_0gn
2026-07-20 04:24:46 | INFO     | Saving at a/skeb/viator_0gn-7e7db7.json
2026-07-20 04:24:47 | INFO     | OK https://skeb.jp/api/users/ahyoge_4649
2026-07-20 04:24:47 | INFO     | Saving at a/skeb/ahyoge_4649-01a7a8.json
2026-07-20 04:24:48 | INFO     | OK https://skeb.jp/api/users/suzukisakura
2026-07-20 04:24:48 | INFO     | Saving at a/skeb/suzukisakura-1cb931.json
2026-07-20 04:24:49 | INFO     | OK https://skeb.jp/api/users/Nanaazarashi
2026-07-20 04:24:49 | INFO     | Saving at a/skeb/Nanaazarashi-1418d3.json
2026-07-20 04:24:50 | INFO     | OK https://skeb.jp/api/users/7kJrhIzkV513611
2026-07-20 04:24:50 | INFO     | Saving at a/skeb/7kJrhIzkV513611-05ba5a.json
2026-07-20 04:24:51 | INFO     | OK https://skeb.jp/api/users/yoshiwo0000
2026-07-20 04:24:51 | INFO     | Saving at a/skeb/yoshiwo0000-32dacd.json
2026-07-20 04:24:52 | INFO     | OK https://skeb.jp/api/users/pianika1120
2026-07-20 04:24:52 | INFO     | Saving at a/skeb/pianika1120-25f311.json
2026-07-20 04:24:53 | INFO     | OK https://skeb.jp/api/users/hiyori_skr
2026-07-20 04:24:53 | INFO     | Saving at a/skeb/hiyori_skr-d49916.json
2026-07-20 04:24:54 | INFO     | OK https://skeb.jp/api/users/Lunax1a
2026-07-20 04:24:54 | INFO     | Saving at a/skeb/Lunax1a-b4cac1.json
2026-07-20 04:24:55 | INFO     | OK https://skeb.jp/api/users/onatsu
2026-07-20 04:24:55 | INFO     | Saving at a/skeb/onatsu-e0eab7.json
2026-07-20 04:24:56 | INFO     | OK https://skeb.jp/api/users/naau37a
2026-07-20 04:24:56 | INFO     | Saving at a/skeb/naau37a-bd08bf.json
2026-07-20 04:24:57 | INFO     | OK https://skeb.jp/api/users/HaRaM135
2026-07-20 04:24:57 | INFO     | Saving at a/skeb/HaRaM135-66ec44.json
2026-07-20 04:24:58 | INFO     | OK https://skeb.jp/api/users/chuchun_sub
2026-07-20 04:24:58 | INFO     | Saving at a/skeb/chuchun_sub-c43111.json
2026-07-20 04:24:59 | INFO     | OK https://skeb.jp/api/users/HoioPdiky
2026-07-20 04:24:59 | INFO     | Saving at a/skeb/HoioPdiky-5cd022.json
2026-07-20 04:25:00 | INFO     | OK https://skeb.jp/api/users/noname__da
2026-07-20 04:25:00 | INFO     | Saving at a/skeb/noname__da-7a1bf8.json
2026-07-20 04:25:01 | INFO     | OK https://skeb.jp/api/users/nanaj00_
2026-07-20 04:25:01 | INFO     | Saving at a/skeb/nanaj00_-3d3b6a.json
2026-07-20 04:25:02 | INFO     | OK https://skeb.jp/api/users/tozakuro_s
2026-07-20 04:25:02 | INFO     | Saving at a/skeb/tozakuro_s-0f4068.json
2026-07-20 04:25:04 | INFO     | OK https://skeb.jp/api/users/kanikumitoi
2026-07-20 04:25:04 | INFO     | Saving at a/skeb/kanikumitoi-a1dc48.json
2026-07-20 04:25:04 | INFO     | OK https://skeb.jp/api/users/emi537469
2026-07-20 04:25:04 | INFO     | Saving at a/skeb/emi537469-ad9710.json
2026-07-20 04:25:05 | INFO     | OK https://skeb.jp/api/users/FUMOCHI_n
2026-07-20 04:25:05 | INFO     | Saving at a/skeb/FUMOCHI_n-1b0694.json
2026-07-20 04:25:06 | INFO     | OK https://skeb.jp/api/users/lamandavrc
2026-07-20 04:25:06 | INFO     | Saving at a/skeb/lamandavrc-c8361c.json
2026-07-20 04:25:07 | INFO     | OK https://skeb.jp/api/users/cazana
2026-07-20 04:25:08 | INFO     | Saving at a/skeb/cazana-848e90.json
2026-07-20 04:25:08 | INFO     | OK https://skeb.jp/api/users/hitomeborere
2026-07-20 04:25:08 | INFO     | Saving at a/skeb/hitomeborere-a66a44.json
2026-07-20 04:25:09 | INFO     | OK https://skeb.jp/api/users/misopimaru
2026-07-20 04:25:09 | INFO     | Saving at a/skeb/misopimaru-cabb58.json
2026-07-20 04:25:10 | INFO     | OK https://skeb.jp/api/users/ummwyhr
2026-07-20 04:25:10 | INFO     | Saving at a/skeb/ummwyhr-0695c1.json
2026-07-20 04:25:11 | INFO     | OK https://skeb.jp/api/users/New_kawa11_
2026-07-20 04:25:11 | INFO     | Saving at a/skeb/New_kawa11_-b0e4b1.json
2026-07-20 04:25:12 | INFO     | OK https://skeb.jp/api/users/TOTOTOTO_TK
2026-07-20 04:25:12 | INFO     | Saving at a/skeb/TOTOTOTO_TK-c2acf9.json
2026-07-20 04:25:13 | INFO     | OK https://skeb.jp/api/users/niku_umai_315
2026-07-20 04:25:13 | INFO     | Saving at a/skeb/niku_umai_315-c4ae51.json
2026-07-20 04:25:15 | INFO     | OK https://skeb.jp/api/users/Tutihumaz77
2026-07-20 04:25:15 | INFO     | Saving at a/skeb/Tutihumaz77-dc7b23.json
2026-07-20 04:25:15 | INFO     | OK https://skeb.jp/api/users/__mizu__
2026-07-20 04:25:15 | INFO     | Saving at a/skeb/__mizu__-5dcc24.json
2026-07-20 04:25:16 | INFO     | OK https://skeb.jp/api/users/BPunapuna
2026-07-20 04:25:16 | INFO     | Saving at a/skeb/BPunapuna-0d5a6f.json
2026-07-20 04:25:17 | INFO     | OK https://skeb.jp/api/users/GR09kuma
2026-07-20 04:25:17 | INFO     | Saving at a/skeb/GR09kuma-bd3934.json
2026-07-20 04:25:18 | INFO     | OK https://skeb.jp/api/users/Banri_Chitose
2026-07-20 04:25:18 | INFO     | Saving at a/skeb/Banri_Chitose-a8be7e.json
2026-07-20 04:25:20 | INFO     | OK https://skeb.jp/api/users/RaniGrany
2026-07-20 04:25:20 | INFO     | Saving at a/skeb/RaniGrany-00d9c2.json
2026-07-20 04:25:20 | INFO     | OK https://skeb.jp/api/users/hcz_n
2026-07-20 04:25:20 | INFO     | Saving at a/skeb/hcz_n-e4914a.json
2026-07-20 04:25:21 | INFO     | OK https://skeb.jp/api/users/suityuuzenten
2026-07-20 04:25:21 | INFO     | Saving at a/skeb/suityuuzenten-6e7a15.json
2026-07-20 04:25:23 | INFO     | OK https://skeb.jp/api/users/chaostep
2026-07-20 04:25:23 | INFO     | Saving at a/skeb/chaostep-6b5a70.json
2026-07-20 04:25:23 | INFO     | OK https://skeb.jp/api/users/Mg_omom
2026-07-20 04:25:23 | INFO     | Saving at a/skeb/Mg_omom-163a55.json
2026-07-20 04:25:24 | INFO     | OK https://skeb.jp/api/users/knkhnp
2026-07-20 04:25:24 | INFO     | Saving at a/skeb/knkhnp-cb5079.json
2026-07-20 04:25:25 | INFO     | OK https://skeb.jp/api/users/_Lamperuge
2026-07-20 04:25:25 | INFO     | Saving at a/skeb/_Lamperuge-a30651.json
2026-07-20 04:25:26 | INFO     | OK https://skeb.jp/api/users/yamosuke_
2026-07-20 04:25:26 | INFO     | Saving at a/skeb/yamosuke_-20625d.json
2026-07-20 04:25:27 | INFO     | OK https://skeb.jp/api/users/3almi_2um
2026-07-20 04:25:28 | INFO     | Saving at a/skeb/3almi_2um-92dca3.json
2026-07-20 04:25:28 | INFO     | OK https://skeb.jp/api/users/soragaogao
2026-07-20 04:25:28 | INFO     | Saving at a/skeb/soragaogao-c2d682.json
2026-07-20 04:25:30 | INFO     | OK https://skeb.jp/api/users/HimuraMoritaka
2026-07-20 04:25:30 | INFO     | Saving at a/skeb/HimuraMoritaka-7d72d2.json
2026-07-20 04:25:30 | INFO     | OK https://skeb.jp/api/users/Nononono_bouzu
2026-07-20 04:25:30 | INFO     | Saving at a/skeb/Nononono_bouzu-798d1d.json
2026-07-20 04:25:31 | INFO     | OK https://skeb.jp/api/users/TamagoDYOOO
2026-07-20 04:25:32 | INFO     | Saving at a/skeb/TamagoDYOOO-ad9ca9.json
2026-07-20 04:25:33 | INFO     | OK https://skeb.jp/api/users/jky_iz
2026-07-20 04:25:33 | INFO     | Saving at a/skeb/jky_iz-3e8219.json
2026-07-20 04:25:33 | INFO     | OK https://skeb.jp/api/users/yourashia
2026-07-20 04:25:33 | INFO     | Saving at a/skeb/yourashia-00672e.json
2026-07-20 04:25:35 | INFO     | OK https://skeb.jp/api/users/Tsukimi_Mumi
2026-07-20 04:25:35 | INFO     | Saving at a/skeb/Tsukimi_Mumi-5836ce.json
2026-07-20 04:25:36 | INFO     | OK https://skeb.jp/api/users/d1m0wtw1
2026-07-20 04:25:36 | INFO     | Saving at a/skeb/d1m0wtw1-804775.json
2026-07-20 04:25:36 | INFO     | OK https://skeb.jp/api/users/nrnroooo
2026-07-20 04:25:36 | INFO     | Saving at a/skeb/nrnroooo-45efce.json
2026-07-20 04:25:37 | INFO     | OK https://skeb.jp/api/users/8asys
2026-07-20 04:25:38 | INFO     | Saving at a/skeb/8asys-0920e4.json
2026-07-20 04:25:38 | INFO     | OK https://skeb.jp/api/users/ssrbonknow
2026-07-20 04:25:38 | INFO     | Saving at a/skeb/ssrbonknow-970aea.json
2026-07-20 04:25:39 | INFO     | OK https://skeb.jp/api/users/Sunnyagi906
2026-07-20 04:25:39 | INFO     | Saving at a/skeb/Sunnyagi906-0a1370.json
2026-07-20 04:25:41 | INFO     | OK https://skeb.jp/api/users/ortheezze
2026-07-20 04:25:41 | INFO     | Saving at a/skeb/ortheezze-61c7a1.json
2026-07-20 04:25:42 | INFO     | OK https://skeb.jp/api/users/zelk_vore
2026-07-20 04:25:42 | INFO     | Saving at a/skeb/zelk_vore-f16fa3.json
2026-07-20 04:25:43 | INFO     | OK https://skeb.jp/api/users/iaia_58
2026-07-20 04:25:43 | INFO     | Saving at a/skeb/iaia_58-af355a.json
2026-07-20 04:25:43 | INFO     | OK https://skeb.jp/api/users/rinrin_doujin
2026-07-20 04:25:43 | INFO     | Saving at a/skeb/rinrin_doujin-9b797f.json
2026-07-20 04:25:45 | INFO     | OK https://skeb.jp/api/users/natsuk1tom
2026-07-20 04:25:45 | INFO     | Saving at a/skeb/natsuk1tom-fb5d61.json
2026-07-20 04:25:45 | INFO     | OK https://skeb.jp/api/users/MayoG_i
2026-07-20 04:25:45 | INFO     | Saving at a/skeb/MayoG_i-d33452.json
2026-07-20 04:25:46 | INFO     | OK https://skeb.jp/api/users/eew4a
2026-07-20 04:25:46 | INFO     | Saving at a/skeb/eew4a-edd318.json
2026-07-20 04:25:47 | INFO     | OK https://skeb.jp/api/users/nnpuru
2026-07-20 04:25:47 | INFO     | Saving at a/skeb/nnpuru-4bdd83.json
2026-07-20 04:25:48 | INFO     | OK https://skeb.jp/api/users/ahiru353
2026-07-20 04:25:48 | INFO     | Saving at a/skeb/ahiru353-838292.json
2026-07-20 04:25:50 | INFO     | OK https://skeb.jp/api/users/marinekomimicat
2026-07-20 04:25:50 | INFO     | Saving at a/skeb/marinekomimicat-542bc5.json
2026-07-20 04:25:50 | INFO     | OK https://skeb.jp/api/users/aoiosakana
2026-07-20 04:25:50 | INFO     | Saving at a/skeb/aoiosakana-8d0b63.json
2026-07-20 04:25:52 | INFO     | OK https://skeb.jp/api/users/364ing01
2026-07-20 04:25:52 | INFO     | Saving at a/skeb/364ing01-b41a0a.json
2026-07-20 04:25:52 | INFO     | OK https://skeb.jp/api/users/sironn16
2026-07-20 04:25:52 | INFO     | Saving at a/skeb/sironn16-107dad.json
2026-07-20 04:25:54 | INFO     | OK https://skeb.jp/api/users/sii_ponzu
2026-07-20 04:25:54 | INFO     | Saving at a/skeb/sii_ponzu-42f527.json
2026-07-20 04:25:55 | INFO     | OK https://skeb.jp/api/users/kuronecororo
2026-07-20 04:25:55 | INFO     | Saving at a/skeb/kuronecororo-f5aef0.json
2026-07-20 04:25:55 | INFO     | OK https://skeb.jp/api/users/madaminu_12
2026-07-20 04:25:55 | INFO     | Saving at a/skeb/madaminu_12-e61601.json
2026-07-20 04:25:57 | INFO     | OK https://skeb.jp/api/users/CXTQMjLhLA70302
2026-07-20 04:25:57 | INFO     | Saving at a/skeb/CXTQMjLhLA70302-3fd491.json
2026-07-20 04:25:58 | INFO     | OK https://skeb.jp/api/users/Hoshimuma
2026-07-20 04:25:58 | INFO     | Saving at a/skeb/Hoshimuma-255fa6.json
2026-07-20 04:25:58 | INFO     | OK https://skeb.jp/api/users/Soe_chimi
2026-07-20 04:25:58 | INFO     | Saving at a/skeb/Soe_chimi-836bf2.json
2026-07-20 04:26:00 | INFO     | OK https://skeb.jp/api/users/shadow_obja
2026-07-20 04:26:00 | INFO     | Saving at a/skeb/shadow_obja-2fafcd.json
2026-07-20 04:26:00 | INFO     | OK https://skeb.jp/api/users/muckl_sekamati
2026-07-20 04:26:00 | INFO     | Saving at a/skeb/muckl_sekamati-b7c48e.json
2026-07-20 04:26:01 | INFO     | OK https://skeb.jp/api/users/P_trpg_
2026-07-20 04:26:01 | INFO     | Saving at a/skeb/P_trpg_-9f96ad.json
2026-07-20 04:26:02 | INFO     | OK https://skeb.jp/api/users/_299na
2026-07-20 04:26:02 | INFO     | Saving at a/skeb/_299na-7a3f54.json
2026-07-20 04:26:03 | INFO     | OK https://skeb.jp/api/users/INTRON0101
2026-07-20 04:26:04 | INFO     | Saving at a/skeb/INTRON0101-228bf8.json
2026-07-20 04:26:05 | INFO     | OK https://skeb.jp/api/users/junko_inusub
2026-07-20 04:26:05 | INFO     | Saving at a/skeb/junko_inusub-03be29.json
2026-07-20 04:26:06 | INFO     | OK https://skeb.jp/api/users/cicichiro2
2026-07-20 04:26:06 | INFO     | Saving at a/skeb/cicichiro2-8166fe.json
2026-07-20 04:26:07 | INFO     | OK https://skeb.jp/api/users/nanotynanoty
2026-07-20 04:26:07 | INFO     | Saving at a/skeb/nanotynanoty-df3124.json
2026-07-20 04:26:07 | INFO     | OK https://skeb.jp/api/users/Usumizu_awai
2026-07-20 04:26:07 | INFO     | Saving at a/skeb/Usumizu_awai-1c3dc4.json
2026-07-20 04:26:08 | INFO     | OK https://skeb.jp/api/users/0_Amanol
2026-07-20 04:26:08 | INFO     | Saving at a/skeb/0_Amanol-62b918.json
2026-07-20 04:26:09 | INFO     | OK https://skeb.jp/api/users/wfa__02
2026-07-20 04:26:09 | INFO     | Saving at a/skeb/wfa__02-a268ed.json
2026-07-20 04:26:10 | INFO     | OK https://skeb.jp/api/users/yuura_51_0
2026-07-20 04:26:10 | INFO     | Saving at a/skeb/yuura_51_0-e5491f.json
2026-07-20 04:26:12 | INFO     | OK https://skeb.jp/api/users/gsg7pk
2026-07-20 04:26:12 | INFO     | Saving at a/skeb/gsg7pk-35926a.json
2026-07-20 04:26:12 | INFO     | OK https://skeb.jp/api/users/JJJJ_y11
2026-07-20 04:26:12 | INFO     | Saving at a/skeb/JJJJ_y11-297460.json
2026-07-20 04:26:14 | INFO     | OK https://skeb.jp/api/users/AKchi_12
2026-07-20 04:26:14 | INFO     | Saving at a/skeb/AKchi_12-f5d9ef.json
2026-07-20 04:26:15 | INFO     | OK https://skeb.jp/api/users/takesinobu
2026-07-20 04:26:15 | INFO     | Saving at a/skeb/takesinobu-c94d76.json
2026-07-20 04:26:15 | INFO     | OK https://skeb.jp/api/users/imaginaryoil100
2026-07-20 04:26:15 | INFO     | Saving at a/skeb/imaginaryoil100-9dc0d8.json
2026-07-20 04:26:17 | INFO     | OK https://skeb.jp/api/users/warukuriboo
2026-07-20 04:26:17 | INFO     | Saving at a/skeb/warukuriboo-900960.json
2026-07-20 04:26:18 | INFO     | OK https://skeb.jp/api/users/himodayoo
2026-07-20 04:26:18 | INFO     | Saving at a/skeb/himodayoo-a00bbc.json
2026-07-20 04:26:19 | INFO     | OK https://skeb.jp/api/users/Dlxa_q
2026-07-20 04:26:19 | INFO     | Saving at a/skeb/Dlxa_q-4c3ab2.json
2026-07-20 04:26:20 | INFO     | OK https://skeb.jp/api/users/kahun9893
2026-07-20 04:26:20 | INFO     | Saving at a/skeb/kahun9893-9a240b.json
2026-07-20 04:26:20 | INFO     | OK https://skeb.jp/api/users/k1youken
2026-07-20 04:26:20 | INFO     | Saving at a/skeb/k1youken-10f4e5.json
2026-07-20 04:26:22 | INFO     | OK https://skeb.jp/api/users/cactus_tok
2026-07-20 04:26:22 | INFO     | Saving at a/skeb/cactus_tok-f836ab.json
2026-07-20 04:26:23 | INFO     | OK https://skeb.jp/api/users/iIlIIlIll11
2026-07-20 04:26:23 | INFO     | Saving at a/skeb/iIlIIlIll11-414cc8.json
2026-07-20 04:26:24 | INFO     | OK https://skeb.jp/api/users/umahorseR18
2026-07-20 04:26:24 | INFO     | Saving at a/skeb/umahorseR18-e3584c.json
2026-07-20 04:26:25 | INFO     | OK https://skeb.jp/api/users/akitsu01
2026-07-20 04:26:25 | INFO     | Saving at a/skeb/akitsu01-3d956d.json
2026-07-20 04:26:25 | INFO     | OK https://skeb.jp/api/users/2_tataaa
2026-07-20 04:26:25 | INFO     | Saving at a/skeb/2_tataaa-6548a4.json
2026-07-20 04:26:27 | INFO     | OK https://skeb.jp/api/users/8r3myk
2026-07-20 04:26:27 | INFO     | Saving at a/skeb/8r3myk-d90f85.json
2026-07-20 04:26:28 | INFO     | OK https://skeb.jp/api/users/pandatype
2026-07-20 04:26:28 | INFO     | Saving at a/skeb/pandatype-8f32f0.json
2026-07-20 04:26:28 | INFO     | OK https://skeb.jp/api/users/happyfuw
2026-07-20 04:26:28 | INFO     | Saving at a/skeb/happyfuw-c091dd.json
2026-07-20 04:26:29 | INFO     | OK https://skeb.jp/api/users/ei_ishimori
2026-07-20 04:26:29 | INFO     | Saving at a/skeb/ei_ishimori-889b5f.json
2026-07-20 04:26:31 | INFO     | OK https://skeb.jp/api/users/peketope
2026-07-20 04:26:31 | INFO     | Saving at a/skeb/peketope-319537.json
2026-07-20 04:26:32 | INFO     | OK https://skeb.jp/api/users/nidoneko_neru
2026-07-20 04:26:32 | INFO     | Saving at a/skeb/nidoneko_neru-f4f53a.json
2026-07-20 04:26:33 | INFO     | OK https://skeb.jp/api/users/__Ntrc
2026-07-20 04:26:33 | INFO     | Saving at a/skeb/__Ntrc-2c8744.json
2026-07-20 04:26:34 | INFO     | OK https://skeb.jp/api/users/Nerineridaco
2026-07-20 04:26:34 | INFO     | Saving at a/skeb/Nerineridaco-a92d30.json
2026-07-20 04:26:34 | INFO     | OK https://skeb.jp/api/users/jyoubu_masaru
2026-07-20 04:26:34 | INFO     | Saving at a/skeb/jyoubu_masaru-9f52f1.json
2026-07-20 04:26:35 | INFO     | OK https://skeb.jp/api/users/endouvocalotyu
2026-07-20 04:26:35 | INFO     | Saving at a/skeb/endouvocalotyu-578bee.json
2026-07-20 04:26:37 | INFO     | OK https://skeb.jp/api/users/Petitdry
2026-07-20 04:26:37 | INFO     | Saving at a/skeb/Petitdry-274a32.json
2026-07-20 04:26:37 | INFO     | OK https://skeb.jp/api/users/tmttkmk
2026-07-20 04:26:37 | INFO     | Saving at a/skeb/tmttkmk-e39071.json
2026-07-20 04:26:39 | INFO     | OK https://skeb.jp/api/users/Chiro_roo
2026-07-20 04:26:39 | INFO     | Saving at a/skeb/Chiro_roo-2b677a.json
2026-07-20 04:26:40 | INFO     | OK https://skeb.jp/api/users/dairi155
2026-07-20 04:26:40 | INFO     | Saving at a/skeb/dairi155-098ec5.json
2026-07-20 04:26:41 | INFO     | OK https://skeb.jp/api/users/pompompomchi
2026-07-20 04:26:41 | INFO     | Saving at a/skeb/pompompomchi-bebdb8.json
2026-07-20 04:26:42 | INFO     | OK https://skeb.jp/api/users/JuspionA
2026-07-20 04:26:42 | INFO     | Saving at a/skeb/JuspionA-36ace5.json
2026-07-20 04:26:43 | INFO     | OK https://skeb.jp/api/users/ThGyouza
2026-07-20 04:26:43 | INFO     | Saving at a/skeb/ThGyouza-bf48b1.json
2026-07-20 04:26:44 | INFO     | OK https://skeb.jp/api/users/pinata1010
2026-07-20 04:26:44 | INFO     | Saving at a/skeb/pinata1010-a9ffa6.json
2026-07-20 04:26:45 | INFO     | OK https://skeb.jp/api/users/re__izO_ko
2026-07-20 04:26:45 | INFO     | Saving at a/skeb/re__izO_ko-6bf5b6.json
2026-07-20 04:26:46 | INFO     | OK https://skeb.jp/api/users/Sekiguti_0_o
2026-07-20 04:26:46 | INFO     | Saving at a/skeb/Sekiguti_0_o-647809.json
2026-07-20 04:26:47 | INFO     | OK https://skeb.jp/api/users/E01Imaru
2026-07-20 04:26:47 | INFO     | Saving at a/skeb/E01Imaru-9884a5.json
2026-07-20 04:26:47 | INFO     | OK https://skeb.jp/api/users/ealun_zatta
2026-07-20 04:26:47 | INFO     | Saving at a/skeb/ealun_zatta-9e9bfa.json
2026-07-20 04:26:49 | INFO     | OK https://skeb.jp/api/users/gokrakstyle
2026-07-20 04:26:49 | INFO     | Saving at a/skeb/gokrakstyle-ce2bbd.json
2026-07-20 04:26:49 | INFO     | OK https://skeb.jp/api/users/LAGI_oekaki_2nd
2026-07-20 04:26:49 | INFO     | Saving at a/skeb/LAGI_oekaki_2nd-e2613a.json
2026-07-20 04:26:50 | INFO     | OK https://skeb.jp/api/users/magu_mg
2026-07-20 04:26:50 | INFO     | Saving at a/skeb/magu_mg-6c7c05.json
2026-07-20 04:26:52 | INFO     | OK https://skeb.jp/api/users/_ashi_foot_
2026-07-20 04:26:52 | INFO     | Saving at a/skeb/_ashi_foot_-f759f6.json
2026-07-20 04:26:53 | INFO     | OK https://skeb.jp/api/users/catistennsi1
2026-07-20 04:26:53 | INFO     | Saving at a/skeb/catistennsi1-cfeb18.json
2026-07-20 04:26:54 | INFO     | OK https://skeb.jp/api/users/nasuno_Posi
2026-07-20 04:26:54 | INFO     | Saving at a/skeb/nasuno_Posi-af7fb0.json
2026-07-20 04:26:54 | INFO     | OK https://skeb.jp/api/users/KikuchiSoushi
2026-07-20 04:26:54 | INFO     | Saving at a/skeb/KikuchiSoushi-a4e8f0.json
2026-07-20 04:26:56 | INFO     | OK https://skeb.jp/api/users/kanemitsu411
2026-07-20 04:26:56 | INFO     | Saving at a/skeb/kanemitsu411-a1b25c.json
2026-07-20 04:26:56 | INFO     | OK https://skeb.jp/api/users/hrok_paruo
2026-07-20 04:26:56 | INFO     | Saving at a/skeb/hrok_paruo-0400e7.json
2026-07-20 04:26:57 | INFO     | OK https://skeb.jp/api/users/DGrau1103
2026-07-20 04:26:57 | INFO     | Saving at a/skeb/DGrau1103-89142e.json
2026-07-20 04:26:59 | INFO     | OK https://skeb.jp/api/users/_baby_cos_
2026-07-20 04:26:59 | INFO     | Saving at a/skeb/_baby_cos_-c2e606.json
2026-07-20 04:27:00 | INFO     | OK https://skeb.jp/api/users/seki_mhsk
2026-07-20 04:27:00 | INFO     | Saving at a/skeb/seki_mhsk-f479dc.json
2026-07-20 04:27:01 | INFO     | OK https://skeb.jp/api/users/ma_AZI
2026-07-20 04:27:01 | INFO     | Saving at a/skeb/ma_AZI-1a11ed.json
2026-07-20 04:27:02 | INFO     | OK https://skeb.jp/api/users/ef_8686
2026-07-20 04:27:02 | INFO     | Saving at a/skeb/ef_8686-664cac.json
2026-07-20 04:27:03 | INFO     | OK https://skeb.jp/api/users/kawaisan__
2026-07-20 04:27:03 | INFO     | Saving at a/skeb/kawaisan__-f700a8.json
2026-07-20 04:27:03 | INFO     | OK https://skeb.jp/api/users/buriburiunchipa
2026-07-20 04:27:04 | INFO     | Saving at a/skeb/buriburiunchipa-eff3d4.json
2026-07-20 04:27:05 | INFO     | OK https://skeb.jp/api/users/kinokokinn
2026-07-20 04:27:05 | INFO     | Saving at a/skeb/kinokokinn-a764b9.json
2026-07-20 04:27:06 | INFO     | OK https://skeb.jp/api/users/omilipap
2026-07-20 04:27:06 | INFO     | Saving at a/skeb/omilipap-a57685.json
2026-07-20 04:27:07 | INFO     | OK https://skeb.jp/api/users/nin_twobottles
2026-07-20 04:27:07 | INFO     | Saving at a/skeb/nin_twobottles-04efae.json
2026-07-20 04:27:08 | INFO     | OK https://skeb.jp/api/users/Remon_Cola
2026-07-20 04:27:08 | INFO     | Saving at a/skeb/Remon_Cola-bfae11.json
2026-07-20 04:27:08 | INFO     | OK https://skeb.jp/api/users/kiya_machi
2026-07-20 04:27:08 | INFO     | Saving at a/skeb/kiya_machi-5d33f4.json
2026-07-20 04:27:09 | INFO     | OK https://skeb.jp/api/users/yue_link
2026-07-20 04:27:09 | INFO     | Saving at a/skeb/yue_link-44a7e6.json
2026-07-20 04:27:11 | INFO     | OK https://skeb.jp/api/users/shotaunk
2026-07-20 04:27:11 | INFO     | Saving at a/skeb/shotaunk-962cd8.json
2026-07-20 04:27:12 | INFO     | OK https://skeb.jp/api/users/komataso9
2026-07-20 04:27:12 | INFO     | Saving at a/skeb/komataso9-ab4452.json
2026-07-20 04:27:13 | INFO     | OK https://skeb.jp/api/users/hayuha1203
2026-07-20 04:27:13 | INFO     | Saving at a/skeb/hayuha1203-4ec4ba.json
2026-07-20 04:27:14 | INFO     | OK https://skeb.jp/api/users/hitsuzi_taro11
2026-07-20 04:27:14 | INFO     | Saving at a/skeb/hitsuzi_taro11-2e6e33.json
2026-07-20 04:27:15 | INFO     | OK https://skeb.jp/api/users/tani_gorira
2026-07-20 04:27:15 | INFO     | Saving at a/skeb/tani_gorira-7521aa.json
2026-07-20 04:27:16 | INFO     | OK https://skeb.jp/api/users/ji_yuuyuu
2026-07-20 04:27:16 | INFO     | Saving at a/skeb/ji_yuuyuu-f1a721.json
2026-07-20 04:27:17 | INFO     | OK https://skeb.jp/api/users/asdf05131
2026-07-20 04:27:17 | INFO     | Saving at a/skeb/asdf05131-372cb3.json
2026-07-20 04:27:18 | INFO     | OK https://skeb.jp/api/users/TRleg_torareta
2026-07-20 04:27:18 | INFO     | Saving at a/skeb/TRleg_torareta-b2bcb1.json
2026-07-20 04:27:19 | INFO     | OK https://skeb.jp/api/users/usaneko_aihj
2026-07-20 04:27:19 | INFO     | Saving at a/skeb/usaneko_aihj-5d3919.json
2026-07-20 04:27:20 | INFO     | OK https://skeb.jp/api/users/shitake110
2026-07-20 04:27:20 | INFO     | Saving at a/skeb/shitake110-843345.json
2026-07-20 04:27:21 | INFO     | OK https://skeb.jp/api/users/nurasaburou
2026-07-20 04:27:21 | INFO     | Saving at a/skeb/nurasaburou-ef7f22.json
2026-07-20 04:27:22 | INFO     | OK https://skeb.jp/api/users/naghat2026
2026-07-20 04:27:22 | INFO     | Saving at a/skeb/naghat2026-bf6b11.json
2026-07-20 04:27:23 | INFO     | OK https://skeb.jp/api/users/shifumame0354
2026-07-20 04:27:23 | INFO     | Saving at a/skeb/shifumame0354-b4bb4b.json
2026-07-20 04:27:24 | INFO     | OK https://skeb.jp/api/users/pandasou5566
2026-07-20 04:27:24 | INFO     | Saving at a/skeb/pandasou5566-44c66d.json
2026-07-20 04:27:25 | INFO     | OK https://skeb.jp/api/users/ebimau_e
2026-07-20 04:27:25 | INFO     | Saving at a/skeb/ebimau_e-4634fe.json
2026-07-20 04:27:26 | INFO     | OK https://skeb.jp/api/users/yuffiiy
2026-07-20 04:27:26 | INFO     | Saving at a/skeb/yuffiiy-fcf291.json
2026-07-20 04:27:27 | INFO     | OK https://skeb.jp/api/users/dekamori
2026-07-20 04:27:27 | INFO     | Saving at a/skeb/dekamori-d068a6.json
2026-07-20 04:27:27 | INFO     | OK https://skeb.jp/api/users/Nyanzoo___
2026-07-20 04:27:27 | INFO     | Saving at a/skeb/Nyanzoo___-139de3.json
2026-07-20 04:27:29 | INFO     | OK https://skeb.jp/api/users/valshun1225
2026-07-20 04:27:29 | INFO     | Saving at a/skeb/valshun1225-77055d.json
2026-07-20 04:27:30 | INFO     | OK https://skeb.jp/api/users/kokousuki
2026-07-20 04:27:30 | INFO     | Saving at a/skeb/kokousuki-54a736.json
2026-07-20 04:27:30 | INFO     | OK https://skeb.jp/api/users/ginko3394
2026-07-20 04:27:30 | INFO     | Saving at a/skeb/ginko3394-ed958a.json
2026-07-20 04:27:32 | INFO     | OK https://skeb.jp/api/users/akuasfia4313
2026-07-20 04:27:32 | INFO     | Saving at a/skeb/akuasfia4313-7319a5.json
2026-07-20 04:27:32 | INFO     | OK https://skeb.jp/api/users/ebifurya0503
2026-07-20 04:27:32 | INFO     | Saving at a/skeb/ebifurya0503-adfe8c.json
2026-07-20 04:27:34 | INFO     | OK https://skeb.jp/api/users/noroma_U
2026-07-20 04:27:34 | INFO     | Saving at a/skeb/noroma_U-4e9aed.json
2026-07-20 04:27:35 | INFO     | OK https://skeb.jp/api/users/ueno020508
2026-07-20 04:27:35 | INFO     | Saving at a/skeb/ueno020508-9f9fcd.json
2026-07-20 04:27:36 | INFO     | OK https://skeb.jp/api/users/Hollowwood
2026-07-20 04:27:36 | INFO     | Saving at a/skeb/Hollowwood-4ea444.json
2026-07-20 04:27:37 | INFO     | OK https://skeb.jp/api/users/ouddG2gcDh
2026-07-20 04:27:37 | INFO     | Saving at a/skeb/ouddG2gcDh-fa7bcd.json
2026-07-20 04:27:38 | INFO     | OK https://skeb.jp/api/users/47zou
2026-07-20 04:27:38 | INFO     | Saving at a/skeb/47zou-e7eae5.json
2026-07-20 04:27:39 | INFO     | OK https://skeb.jp/api/users/fushiki25498
2026-07-20 04:27:39 | INFO     | Saving at a/skeb/fushiki25498-ce94b8.json
2026-07-20 04:27:40 | INFO     | OK https://skeb.jp/api/users/mol0123hu
2026-07-20 04:27:40 | INFO     | Saving at a/skeb/mol0123hu-0fe7c5.json
2026-07-20 04:27:41 | INFO     | OK https://skeb.jp/api/users/KKKK_0727
2026-07-20 04:27:41 | INFO     | Saving at a/skeb/KKKK_0727-97f043.json
2026-07-20 04:27:42 | INFO     | OK https://skeb.jp/api/users/urjr_443
2026-07-20 04:27:42 | INFO     | Saving at a/skeb/urjr_443-3ac329.json
2026-07-20 04:27:43 | INFO     | OK https://skeb.jp/api/users/aikoko1008
2026-07-20 04:27:43 | INFO     | Saving at a/skeb/aikoko1008-1bc641.json
2026-07-20 04:27:44 | INFO     | OK https://skeb.jp/api/users/pome_chang59
2026-07-20 04:27:44 | INFO     | Saving at a/skeb/pome_chang59-b216b1.json
2026-07-20 04:27:45 | INFO     | OK https://skeb.jp/api/users/madanai760
2026-07-20 04:27:45 | INFO     | Saving at a/skeb/madanai760-62cbec.json
2026-07-20 04:27:46 | INFO     | OK https://skeb.jp/api/users/ruko220
2026-07-20 04:27:46 | INFO     | Saving at a/skeb/ruko220-949ce3.json
2026-07-20 04:27:47 | INFO     | OK https://skeb.jp/api/users/hu_akura
2026-07-20 04:27:47 | INFO     | Saving at a/skeb/hu_akura-115ca1.json
2026-07-20 04:27:48 | INFO     | OK https://skeb.jp/api/users/E_27910
2026-07-20 04:27:48 | INFO     | Saving at a/skeb/E_27910-22bb46.json
2026-07-20 04:27:49 | INFO     | OK https://skeb.jp/api/users/RAM_Match0655
2026-07-20 04:27:49 | INFO     | Saving at a/skeb/RAM_Match0655-043551.json
2026-07-20 04:27:50 | INFO     | OK https://skeb.jp/api/users/kamanbearu
2026-07-20 04:27:50 | INFO     | Saving at a/skeb/kamanbearu-4e72af.json
2026-07-20 04:27:51 | INFO     | OK https://skeb.jp/api/users/wiki_viola
2026-07-20 04:27:51 | INFO     | Saving at a/skeb/wiki_viola-878f20.json
2026-07-20 04:27:52 | INFO     | OK https://skeb.jp/api/users/inposamu
2026-07-20 04:27:52 | INFO     | Saving at a/skeb/inposamu-020a88.json
2026-07-20 04:27:53 | INFO     | OK https://skeb.jp/api/users/ruka1_126
2026-07-20 04:27:53 | INFO     | Saving at a/skeb/ruka1_126-f2d1d9.json
2026-07-20 04:27:54 | INFO     | OK https://skeb.jp/api/users/Trockentokaji
2026-07-20 04:27:54 | INFO     | Saving at a/skeb/Trockentokaji-eae62f.json
2026-07-20 04:27:55 | INFO     | OK https://skeb.jp/api/users/Scalaplace
2026-07-20 04:27:55 | INFO     | Saving at a/skeb/Scalaplace-1e5b74.json
2026-07-20 04:27:56 | INFO     | OK https://skeb.jp/api/users/yomogi101876
2026-07-20 04:27:56 | INFO     | Saving at a/skeb/yomogi101876-12e8d8.json
2026-07-20 04:27:57 | INFO     | OK https://skeb.jp/api/users/sunaoni704
2026-07-20 04:27:57 | INFO     | Saving at a/skeb/sunaoni704-0bd36c.json
2026-07-20 04:27:58 | INFO     | OK https://skeb.jp/api/users/cougar1404
2026-07-20 04:27:58 | INFO     | Saving at a/skeb/cougar1404-307f00.json
2026-07-20 04:27:59 | INFO     | OK https://skeb.jp/api/users/kajiki__
2026-07-20 04:27:59 | INFO     | Saving at a/skeb/kajiki__-4fc823.json
2026-07-20 04:28:00 | INFO     | OK https://skeb.jp/api/users/mkn_392
2026-07-20 04:28:00 | INFO     | Saving at a/skeb/mkn_392-78822d.json
2026-07-20 04:28:01 | INFO     | OK https://skeb.jp/api/users/kakikukeku_ka
2026-07-20 04:28:01 | INFO     | Saving at a/skeb/kakikukeku_ka-899c20.json
2026-07-20 04:28:02 | INFO     | OK https://skeb.jp/api/users/aruzin_sousaku
2026-07-20 04:28:02 | INFO     | Saving at a/skeb/aruzin_sousaku-0e82ee.json
2026-07-20 04:28:03 | INFO     | OK https://skeb.jp/api/users/tisato_r18_
2026-07-20 04:28:03 | INFO     | Saving at a/skeb/tisato_r18_-13392b.json
2026-07-20 04:28:04 | INFO     | OK https://skeb.jp/api/users/kyouryokumag
2026-07-20 04:28:04 | INFO     | Saving at a/skeb/kyouryokumag-379cfa.json
2026-07-20 04:28:05 | INFO     | OK https://skeb.jp/api/users/Yabu_X
2026-07-20 04:28:05 | INFO     | Saving at a/skeb/Yabu_X-9b624e.json
2026-07-20 04:28:06 | INFO     | OK https://skeb.jp/api/users/tukiwani
2026-07-20 04:28:06 | INFO     | Saving at a/skeb/tukiwani-59eac5.json
2026-07-20 04:28:07 | INFO     | OK https://skeb.jp/api/users/Azsn10
2026-07-20 04:28:07 | INFO     | Saving at a/skeb/Azsn10-b98512.json
2026-07-20 04:28:08 | INFO     | OK https://skeb.jp/api/users/TigerN28502735
2026-07-20 04:28:08 | INFO     | Saving at a/skeb/TigerN28502735-e99581.json
2026-07-20 04:28:09 | INFO     | OK https://skeb.jp/api/users/res96547167
2026-07-20 04:28:09 | INFO     | Saving at a/skeb/res96547167-3202ed.json
2026-07-20 04:28:10 | INFO     | OK https://skeb.jp/api/users/_sasaxxxx06
2026-07-20 04:28:10 | INFO     | Saving at a/skeb/_sasaxxxx06-786fc4.json
2026-07-20 04:28:11 | INFO     | OK https://skeb.jp/api/users/asb12as
2026-07-20 04:28:11 | INFO     | Saving at a/skeb/asb12as-0f1991.json
2026-07-20 04:28:12 | INFO     | OK https://skeb.jp/api/users/koma48670
2026-07-20 04:28:12 | INFO     | Saving at a/skeb/koma48670-d37642.json
2026-07-20 04:28:13 | INFO     | OK https://skeb.jp/api/users/shindyushiyou
2026-07-20 04:28:13 | INFO     | Saving at a/skeb/shindyushiyou-ee8a28.json
2026-07-20 04:28:14 | INFO     | OK https://skeb.jp/api/users/hataraku125
2026-07-20 04:28:14 | INFO     | Saving at a/skeb/hataraku125-268acf.json
2026-07-20 04:28:15 | INFO     | OK https://skeb.jp/api/users/an_chang_
2026-07-20 04:28:15 | INFO     | Saving at a/skeb/an_chang_-e2c628.json
2026-07-20 04:28:16 | INFO     | OK https://skeb.jp/api/users/kono_d3
2026-07-20 04:28:16 | INFO     | Saving at a/skeb/kono_d3-7b73d5.json
2026-07-20 04:28:17 | INFO     | OK https://skeb.jp/api/users/0o0sr0o0
2026-07-20 04:28:17 | INFO     | Saving at a/skeb/0o0sr0o0-934e8e.json
2026-07-20 04:28:18 | INFO     | OK https://skeb.jp/api/users/Kyoken1122
2026-07-20 04:28:18 | INFO     | Saving at a/skeb/Kyoken1122-b7f36d.json
2026-07-20 04:28:19 | INFO     | OK https://skeb.jp/api/users/AZ05Qzqmdt
2026-07-20 04:28:19 | INFO     | Saving at a/skeb/AZ05Qzqmdt-a14748.json
2026-07-20 04:28:20 | INFO     | OK https://skeb.jp/api/users/runa_nekoboshi
2026-07-20 04:28:20 | INFO     | Saving at a/skeb/runa_nekoboshi-bd2962.json
2026-07-20 04:28:21 | INFO     | OK https://skeb.jp/api/users/makimaki3846
2026-07-20 04:28:21 | INFO     | Saving at a/skeb/makimaki3846-853f03.json
2026-07-20 04:28:22 | INFO     | OK https://skeb.jp/api/users/MedakaNokoz5sn
2026-07-20 04:28:22 | INFO     | Saving at a/skeb/MedakaNokoz5sn-cdc9ed.json
2026-07-20 04:28:23 | INFO     | OK https://skeb.jp/api/users/O0G3dqc2fl9400
2026-07-20 04:28:23 | INFO     | Saving at a/skeb/O0G3dqc2fl9400-b8c148.json
2026-07-20 04:28:24 | INFO     | OK https://skeb.jp/api/users/UonchoRS
2026-07-20 04:28:24 | INFO     | Saving at a/skeb/UonchoRS-5a96b2.json
2026-07-20 04:28:25 | INFO     | OK https://skeb.jp/api/users/0301_hideo
2026-07-20 04:28:25 | INFO     | Saving at a/skeb/0301_hideo-9e5221.json
2026-07-20 04:28:26 | INFO     | OK https://skeb.jp/api/users/Psy_L_B
2026-07-20 04:28:26 | INFO     | Saving at a/skeb/Psy_L_B-28b348.json
2026-07-20 04:28:27 | INFO     | OK https://skeb.jp/api/users/AMZK_syk
2026-07-20 04:28:27 | INFO     | Saving at a/skeb/AMZK_syk-11e3af.json
2026-07-20 04:28:28 | INFO     | OK https://skeb.jp/api/users/snohowachan
2026-07-20 04:28:28 | INFO     | Saving at a/skeb/snohowachan-98fed9.json
2026-07-20 04:28:29 | INFO     | OK https://skeb.jp/api/users/euphorbiaceae_
2026-07-20 04:28:29 | INFO     | Saving at a/skeb/euphorbiaceae_-d86e1c.json
2026-07-20 04:28:29 | INFO     | OK https://skeb.jp/api/users/okonomi_yaki66
2026-07-20 04:28:29 | INFO     | Saving at a/skeb/okonomi_yaki66-aa2b9b.json
2026-07-20 04:28:31 | INFO     | OK https://skeb.jp/api/users/tyomotyo
2026-07-20 04:28:31 | INFO     | Saving at a/skeb/tyomotyo-ab94d5.json
2026-07-20 04:28:32 | INFO     | OK https://skeb.jp/api/users/yuzu09skm
2026-07-20 04:28:32 | INFO     | Saving at a/skeb/yuzu09skm-5e3b6f.json
2026-07-20 04:28:33 | INFO     | OK https://skeb.jp/api/users/_star_fall
2026-07-20 04:28:33 | INFO     | Saving at a/skeb/_star_fall-7be1e2.json
2026-07-20 04:28:34 | INFO     | OK https://skeb.jp/api/users/miura_chihiro
2026-07-20 04:28:34 | INFO     | Saving at a/skeb/miura_chihiro-bf5c3b.json
2026-07-20 04:28:35 | INFO     | OK https://skeb.jp/api/users/ranse237
2026-07-20 04:28:35 | INFO     | Saving at a/skeb/ranse237-372dc5.json
2026-07-20 04:28:36 | INFO     | OK https://skeb.jp/api/users/_namahami_
2026-07-20 04:28:36 | INFO     | Saving at a/skeb/_namahami_-050043.json
2026-07-20 04:28:37 | INFO     | OK https://skeb.jp/api/users/Lyrica_loveyou
2026-07-20 04:28:37 | INFO     | Saving at a/skeb/Lyrica_loveyou-7c31c1.json
2026-07-20 04:28:38 | INFO     | OK https://skeb.jp/api/users/nevion_jp
2026-07-20 04:28:38 | INFO     | Saving at a/skeb/nevion_jp-815db7.json
2026-07-20 04:28:38 | INFO     | OK https://skeb.jp/api/users/tengaikemono
2026-07-20 04:28:38 | INFO     | Saving at a/skeb/tengaikemono-780be4.json
2026-07-20 04:28:39 | INFO     | OK https://skeb.jp/api/users/pote___000
2026-07-20 04:28:39 | INFO     | Saving at a/skeb/pote___000-82fdd1.json
2026-07-20 04:28:41 | INFO     | OK https://skeb.jp/api/users/yonekura_mochi
2026-07-20 04:28:41 | INFO     | Saving at a/skeb/yonekura_mochi-dd04ef.json
2026-07-20 04:28:42 | INFO     | OK https://skeb.jp/api/users/YMTHGI
2026-07-20 04:28:42 | INFO     | Saving at a/skeb/YMTHGI-b2b444.json
2026-07-20 04:28:43 | INFO     | OK https://skeb.jp/api/users/hinan3kayoi
2026-07-20 04:28:43 | INFO     | Saving at a/skeb/hinan3kayoi-c564bd.json
2026-07-20 04:28:44 | INFO     | OK https://skeb.jp/api/users/necokawa_e
2026-07-20 04:28:44 | INFO     | Saving at a/skeb/necokawa_e-69aa97.json
2026-07-20 04:28:45 | INFO     | OK https://skeb.jp/api/users/53_trpg_r2
2026-07-20 04:28:45 | INFO     | Saving at a/skeb/53_trpg_r2-3614a1.json
2026-07-20 04:28:46 | INFO     | OK https://skeb.jp/api/users/marok_0003
2026-07-20 04:28:46 | INFO     | Saving at a/skeb/marok_0003-6471dc.json
2026-07-20 04:28:47 | INFO     | OK https://skeb.jp/api/users/uma_sow
2026-07-20 04:28:47 | INFO     | Saving at a/skeb/uma_sow-ba18d7.json
2026-07-20 04:28:48 | INFO     | OK https://skeb.jp/api/users/4626wc
2026-07-20 04:28:48 | INFO     | Saving at a/skeb/4626wc-5ca207.json
2026-07-20 04:28:49 | INFO     | OK https://skeb.jp/api/users/yomo_253
2026-07-20 04:28:49 | INFO     | Saving at a/skeb/yomo_253-2f2ff3.json
2026-07-20 04:28:50 | INFO     | OK https://skeb.jp/api/users/I_5suke
2026-07-20 04:28:50 | INFO     | Saving at a/skeb/I_5suke-1db5f4.json
2026-07-20 04:28:51 | INFO     | OK https://skeb.jp/api/users/C8z82
2026-07-20 04:28:51 | INFO     | Saving at a/skeb/C8z82-7482a3.json
2026-07-20 04:28:52 | INFO     | OK https://skeb.jp/api/users/ramune_skb
2026-07-20 04:28:52 | INFO     | Saving at a/skeb/ramune_skb-7b0d25.json
2026-07-20 04:28:53 | INFO     | OK https://skeb.jp/api/users/kanadome_tyan
2026-07-20 04:28:53 | INFO     | Saving at a/skeb/kanadome_tyan-6322cf.json
2026-07-20 04:28:54 | INFO     | OK https://skeb.jp/api/users/mog300n
2026-07-20 04:28:54 | INFO     | Saving at a/skeb/mog300n-de6843.json
2026-07-20 04:28:55 | INFO     | OK https://skeb.jp/api/users/magutani2
2026-07-20 04:28:55 | INFO     | Saving at a/skeb/magutani2-a3050d.json
2026-07-20 04:28:56 | INFO     | OK https://skeb.jp/api/users/pome0826
2026-07-20 04:28:56 | INFO     | Saving at a/skeb/pome0826-2b911f.json
2026-07-20 04:28:57 | INFO     | OK https://skeb.jp/api/users/zw001sousaku
2026-07-20 04:28:57 | INFO     | Saving at a/skeb/zw001sousaku-237f91.json
2026-07-20 04:28:58 | INFO     | OK https://skeb.jp/api/users/okutanro
2026-07-20 04:28:58 | INFO     | Saving at a/skeb/okutanro-964811.json
2026-07-20 04:28:59 | INFO     | OK https://skeb.jp/api/users/EBNH__
2026-07-20 04:28:59 | INFO     | Saving at a/skeb/EBNH__-0f336c.json
2026-07-20 04:29:00 | INFO     | OK https://skeb.jp/api/users/Mo_518_mO
2026-07-20 04:29:00 | INFO     | Saving at a/skeb/Mo_518_mO-895e4c.json
2026-07-20 04:29:01 | INFO     | OK https://skeb.jp/api/users/Daikikin
2026-07-20 04:29:01 | INFO     | Saving at a/skeb/Daikikin-79019b.json
2026-07-20 04:29:02 | INFO     | OK https://skeb.jp/api/users/gram_quartz
2026-07-20 04:29:02 | INFO     | Saving at a/skeb/gram_quartz-01ec16.json
2026-07-20 04:29:03 | INFO     | OK https://skeb.jp/api/users/ibara_380
2026-07-20 04:29:03 | INFO     | Saving at a/skeb/ibara_380-282541.json
2026-07-20 04:29:04 | INFO     | OK https://skeb.jp/api/users/hanirbn
2026-07-20 04:29:04 | INFO     | Saving at a/skeb/hanirbn-44d2d7.json
2026-07-20 04:29:05 | INFO     | OK https://skeb.jp/api/users/kaeruekaru
2026-07-20 04:29:05 | INFO     | Saving at a/skeb/kaeruekaru-8b7f6f.json
2026-07-20 04:29:06 | INFO     | OK https://skeb.jp/api/users/kojaku_aoi
2026-07-20 04:29:06 | INFO     | Saving at a/skeb/kojaku_aoi-b08b88.json
2026-07-20 04:29:07 | INFO     | OK https://skeb.jp/api/users/chibineco_m
2026-07-20 04:29:07 | INFO     | Saving at a/skeb/chibineco_m-b3e145.json
2026-07-20 04:29:08 | INFO     | OK https://skeb.jp/api/users/Nezu3_Hugu
2026-07-20 04:29:08 | INFO     | Saving at a/skeb/Nezu3_Hugu-ffabf4.json
2026-07-20 04:29:09 | INFO     | OK https://skeb.jp/api/users/hukubeinfinity
2026-07-20 04:29:09 | INFO     | Saving at a/skeb/hukubeinfinity-c6f97c.json
2026-07-20 04:29:10 | INFO     | OK https://skeb.jp/api/users/T_AmaYuki_B
2026-07-20 04:29:10 | INFO     | Saving at a/skeb/T_AmaYuki_B-94a6d9.json
2026-07-20 04:29:11 | INFO     | OK https://skeb.jp/api/users/korondekoron26
2026-07-20 04:29:11 | INFO     | Saving at a/skeb/korondekoron26-139287.json
2026-07-20 04:29:12 | INFO     | OK https://skeb.jp/api/users/m44kwaijyuu
2026-07-20 04:29:12 | INFO     | Saving at a/skeb/m44kwaijyuu-2554bd.json
2026-07-20 04:29:13 | INFO     | OK https://skeb.jp/api/users/hanamiyayo
2026-07-20 04:29:13 | INFO     | Saving at a/skeb/hanamiyayo-8735c1.json
2026-07-20 04:29:14 | INFO     | OK https://skeb.jp/api/users/SusonoDiary
2026-07-20 04:29:14 | INFO     | Saving at a/skeb/SusonoDiary-b518bb.json
2026-07-20 04:29:15 | INFO     | OK https://skeb.jp/api/users/KNT_sousaku
2026-07-20 04:29:15 | INFO     | Saving at a/skeb/KNT_sousaku-4586c1.json
2026-07-20 04:29:16 | INFO     | OK https://skeb.jp/api/users/siDo_262
2026-07-20 04:29:16 | INFO     | Saving at a/skeb/siDo_262-80524c.json
2026-07-20 04:29:17 | INFO     | OK https://skeb.jp/api/users/k_enji_byenara
2026-07-20 04:29:17 | INFO     | Saving at a/skeb/k_enji_byenara-350e69.json
2026-07-20 04:29:18 | INFO     | OK https://skeb.jp/api/users/smrg_Lilie
2026-07-20 04:29:18 | INFO     | Saving at a/skeb/smrg_Lilie-90befb.json
2026-07-20 04:29:19 | INFO     | OK https://skeb.jp/api/users/kazehana000
2026-07-20 04:29:19 | INFO     | Saving at a/skeb/kazehana000-e9ab4a.json
2026-07-20 04:29:20 | INFO     | OK https://skeb.jp/api/users/kozzyTAn
2026-07-20 04:29:20 | INFO     | Saving at a/skeb/kozzyTAn-f04d81.json
2026-07-20 04:29:20 | INFO     | OK https://skeb.jp/api/users/Asagi666C
2026-07-20 04:29:20 | INFO     | Saving at a/skeb/Asagi666C-7fad0b.json
2026-07-20 04:29:22 | INFO     | OK https://skeb.jp/api/users/chalk_tabeyo44
2026-07-20 04:29:22 | INFO     | Saving at a/skeb/chalk_tabeyo44-c91d9b.json
2026-07-20 04:29:23 | INFO     | OK https://skeb.jp/api/users/pyms11
2026-07-20 04:29:23 | INFO     | Saving at a/skeb/pyms11-ee3586.json
2026-07-20 04:29:24 | INFO     | OK https://skeb.jp/api/users/hizakitomoko
2026-07-20 04:29:24 | INFO     | Saving at a/skeb/hizakitomoko-1a62ee.json
2026-07-20 04:29:25 | INFO     | OK https://skeb.jp/api/users/U_tArget__
2026-07-20 04:29:25 | INFO     | Saving at a/skeb/U_tArget__-404ef2.json
2026-07-20 04:29:26 | INFO     | OK https://skeb.jp/api/users/mochimoti0528
2026-07-20 04:29:26 | INFO     | Saving at a/skeb/mochimoti0528-b6922a.json
2026-07-20 04:29:27 | INFO     | OK https://skeb.jp/api/users/nikukabe
2026-07-20 04:29:27 | INFO     | Saving at a/skeb/nikukabe-4e0c57.json
2026-07-20 04:29:28 | INFO     | OK https://skeb.jp/api/users/plus1_tw
2026-07-20 04:29:28 | INFO     | Saving at a/skeb/plus1_tw-790fae.json
2026-07-20 04:29:29 | INFO     | OK https://skeb.jp/api/users/kuu_san_c
2026-07-20 04:29:29 | INFO     | Saving at a/skeb/kuu_san_c-330ace.json
2026-07-20 04:29:30 | INFO     | OK https://skeb.jp/api/users/jack_Jabberwock
2026-07-20 04:29:30 | INFO     | Saving at a/skeb/jack_Jabberwock-df2967.json
2026-07-20 04:29:31 | INFO     | OK https://skeb.jp/api/users/V_ig_V
2026-07-20 04:29:31 | INFO     | Saving at a/skeb/V_ig_V-9e9dd9.json
2026-07-20 04:29:32 | INFO     | OK https://skeb.jp/api/users/Hanpen_Kounaien
2026-07-20 04:29:32 | INFO     | Saving at a/skeb/Hanpen_Kounaien-568b84.json
2026-07-20 04:29:33 | INFO     | OK https://skeb.jp/api/users/FuyuRi0421
2026-07-20 04:29:33 | INFO     | Saving at a/skeb/FuyuRi0421-540bc7.json
2026-07-20 04:29:34 | INFO     | OK https://skeb.jp/api/users/akt_ar
2026-07-20 04:29:34 | INFO     | Saving at a/skeb/akt_ar-0f9676.json
2026-07-20 04:29:35 | INFO     | OK https://skeb.jp/api/users/o3o_mv
2026-07-20 04:29:35 | INFO     | Saving at a/skeb/o3o_mv-dceff3.json
2026-07-20 04:29:36 | INFO     | OK https://skeb.jp/api/users/KANIUWA
2026-07-20 04:29:36 | INFO     | Saving at a/skeb/KANIUWA-a97950.json
2026-07-20 04:29:37 | INFO     | OK https://skeb.jp/api/users/0_tsunamayo_0
2026-07-20 04:29:37 | INFO     | Saving at a/skeb/0_tsunamayo_0-802e72.json
2026-07-20 04:29:38 | INFO     | OK https://skeb.jp/api/users/tas_tas1212
2026-07-20 04:29:38 | INFO     | Saving at a/skeb/tas_tas1212-ff52ab.json
2026-07-20 04:29:39 | INFO     | OK https://skeb.jp/api/users/LML_love_
2026-07-20 04:29:39 | INFO     | Saving at a/skeb/LML_love_-a97563.json
2026-07-20 04:29:40 | INFO     | OK https://skeb.jp/api/users/KamuLira
2026-07-20 04:29:40 | INFO     | Saving at a/skeb/KamuLira-8c09be.json
2026-07-20 04:29:41 | INFO     | OK https://skeb.jp/api/users/kyukyu_tata
2026-07-20 04:29:41 | INFO     | Saving at a/skeb/kyukyu_tata-5ed94a.json
2026-07-20 04:29:42 | INFO     | OK https://skeb.jp/api/users/HaL_HaL_2049
2026-07-20 04:29:42 | INFO     | Saving at a/skeb/HaL_HaL_2049-51d24b.json
2026-07-20 04:29:43 | INFO     | OK https://skeb.jp/api/users/sunflower_skeb
2026-07-20 04:29:43 | INFO     | Saving at a/skeb/sunflower_skeb-bd4ced.json
2026-07-20 04:29:44 | INFO     | OK https://skeb.jp/api/users/DreamEater_0
2026-07-20 04:29:44 | INFO     | Saving at a/skeb/DreamEater_0-8f3eb3.json
2026-07-20 04:29:45 | INFO     | OK https://skeb.jp/api/users/ThAlter39o
2026-07-20 04:29:45 | INFO     | Saving at a/skeb/ThAlter39o-bdb32a.json
2026-07-20 04:29:46 | INFO     | OK https://skeb.jp/api/users/toritorisak
2026-07-20 04:29:46 | INFO     | Saving at a/skeb/toritorisak-e1c69b.json
2026-07-20 04:29:47 | INFO     | OK https://skeb.jp/api/users/nise96
2026-07-20 04:29:47 | INFO     | Saving at a/skeb/nise96-00d27c.json
2026-07-20 04:29:48 | INFO     | OK https://skeb.jp/api/users/waujanaiyo_
2026-07-20 04:29:48 | INFO     | Saving at a/skeb/waujanaiyo_-92858d.json
2026-07-20 04:29:49 | INFO     | OK https://skeb.jp/api/users/amdkhtk
2026-07-20 04:29:49 | INFO     | Saving at a/skeb/amdkhtk-5eedb1.json
2026-07-20 04:29:50 | INFO     | OK https://skeb.jp/api/users/amezato_a
2026-07-20 04:29:50 | INFO     | Saving at a/skeb/amezato_a-a5389c.json
2026-07-20 04:29:51 | INFO     | OK https://skeb.jp/api/users/bukitikikaku
2026-07-20 04:29:51 | INFO     | Saving at a/skeb/bukitikikaku-75b367.json
2026-07-20 04:29:52 | INFO     | OK https://skeb.jp/api/users/ICe_8864
2026-07-20 04:29:52 | INFO     | Saving at a/skeb/ICe_8864-9f0d57.json
2026-07-20 04:29:53 | INFO     | OK https://skeb.jp/api/users/amamiya_draw
2026-07-20 04:29:53 | INFO     | Saving at a/skeb/amamiya_draw-80238c.json
2026-07-20 04:29:54 | INFO     | OK https://skeb.jp/api/users/caorigasuru
2026-07-20 04:29:54 | INFO     | Saving at a/skeb/caorigasuru-62bf10.json
2026-07-20 04:29:55 | INFO     | OK https://skeb.jp/api/users/iroma0sabu
2026-07-20 04:29:55 | INFO     | Saving at a/skeb/iroma0sabu-0fc352.json
2026-07-20 04:29:56 | INFO     | OK https://skeb.jp/api/users/hr_ccr
2026-07-20 04:29:56 | INFO     | Saving at a/skeb/hr_ccr-d7d7ac.json
2026-07-20 04:29:57 | INFO     | OK https://skeb.jp/api/users/nb13
2026-07-20 04:29:57 | INFO     | Saving at a/skeb/nb13-f70faa.json
2026-07-20 04:29:58 | INFO     | OK https://skeb.jp/api/users/KUNAHANLOVE
2026-07-20 04:29:58 | INFO     | Saving at a/skeb/KUNAHANLOVE-85b5ce.json
2026-07-20 04:29:59 | INFO     | OK https://skeb.jp/api/users/erikamijo
2026-07-20 04:29:59 | INFO     | Saving at a/skeb/erikamijo-4f1df5.json
2026-07-20 04:30:00 | INFO     | OK https://skeb.jp/api/users/akkkakkka2323
2026-07-20 04:30:00 | INFO     | Saving at a/skeb/akkkakkka2323-5c4a82.json
2026-07-20 04:30:01 | INFO     | OK https://skeb.jp/api/users/nonomuramura_yy
2026-07-20 04:30:01 | INFO     | Saving at a/skeb/nonomuramura_yy-3fa085.json
2026-07-20 04:30:02 | INFO     | OK https://skeb.jp/api/users/tripleq_did
2026-07-20 04:30:02 | INFO     | Saving at a/skeb/tripleq_did-9eec5e.json
2026-07-20 04:30:03 | INFO     | OK https://skeb.jp/api/users/DHA_56
2026-07-20 04:30:03 | INFO     | Saving at a/skeb/DHA_56-6605ac.json
2026-07-20 04:30:05 | INFO     | OK https://skeb.jp/api/users/unino_0u0
2026-07-20 04:30:05 | INFO     | Saving at a/skeb/unino_0u0-e7afc3.json
2026-07-20 04:30:06 | INFO     | OK https://skeb.jp/api/users/Mumei_desu41
2026-07-20 04:30:06 | INFO     | Saving at a/skeb/Mumei_desu41-2d9cc8.json
2026-07-20 04:30:07 | INFO     | OK https://skeb.jp/api/users/ETsaurus
2026-07-20 04:30:07 | INFO     | Saving at a/skeb/ETsaurus-52b923.json
2026-07-20 04:30:08 | INFO     | OK https://skeb.jp/api/users/VoDka_0404_
2026-07-20 04:30:08 | INFO     | Saving at a/skeb/VoDka_0404_-8dcb8a.json
2026-07-20 04:30:08 | INFO     | OK https://skeb.jp/api/users/oh_you_udon
2026-07-20 04:30:08 | INFO     | Saving at a/skeb/oh_you_udon-dee391.json
2026-07-20 04:30:09 | INFO     | OK https://skeb.jp/api/users/kinakomocheeni
2026-07-20 04:30:09 | INFO     | Saving at a/skeb/kinakomocheeni-0fb0b7.json
2026-07-20 04:30:10 | INFO     | OK https://skeb.jp/api/users/Dat0ka__
2026-07-20 04:30:10 | INFO     | Saving at a/skeb/Dat0ka__-dc54be.json
2026-07-20 04:30:11 | INFO     | OK https://skeb.jp/api/users/hirosuke_b_s
2026-07-20 04:30:11 | INFO     | Saving at a/skeb/hirosuke_b_s-d43c3e.json
2026-07-20 04:30:12 | INFO     | OK https://skeb.jp/api/users/edmoledmol
2026-07-20 04:30:12 | INFO     | Saving at a/skeb/edmoledmol-c9c561.json
2026-07-20 04:30:13 | INFO     | OK https://skeb.jp/api/users/Ryoku2_game
2026-07-20 04:30:13 | INFO     | Saving at a/skeb/Ryoku2_game-2a4e0c.json
2026-07-20 04:30:14 | INFO     | OK https://skeb.jp/api/users/kurobikariBonm
2026-07-20 04:30:14 | INFO     | Saving at a/skeb/kurobikariBonm-bfc030.json
2026-07-20 04:30:15 | INFO     | OK https://skeb.jp/api/users/dakkokuusetu
2026-07-20 04:30:15 | INFO     | Saving at a/skeb/dakkokuusetu-57a90b.json
2026-07-20 04:30:16 | INFO     | OK https://skeb.jp/api/users/footlovehouse
2026-07-20 04:30:16 | INFO     | Saving at a/skeb/footlovehouse-784811.json
2026-07-20 04:30:17 | INFO     | OK https://skeb.jp/api/users/ojo_virgil
2026-07-20 04:30:17 | INFO     | Saving at a/skeb/ojo_virgil-780aab.json
2026-07-20 04:30:18 | INFO     | OK https://skeb.jp/api/users/y_LALo7
2026-07-20 04:30:18 | INFO     | Saving at a/skeb/y_LALo7-7016a8.json
2026-07-20 04:30:19 | INFO     | OK https://skeb.jp/api/users/qMut8BE
2026-07-20 04:30:19 | INFO     | Saving at a/skeb/qMut8BE-78eca1.json
2026-07-20 04:30:20 | INFO     | OK https://skeb.jp/api/users/SUICABAR72
2026-07-20 04:30:20 | INFO     | Saving at a/skeb/SUICABAR72-16de46.json
2026-07-20 04:30:21 | INFO     | OK https://skeb.jp/api/users/N1U3G
2026-07-20 04:30:21 | INFO     | Saving at a/skeb/N1U3G-d17308.json
2026-07-20 04:30:22 | INFO     | OK https://skeb.jp/api/users/brm_1925
2026-07-20 04:30:22 | INFO     | Saving at a/skeb/brm_1925-3334ef.json
2026-07-20 04:30:23 | INFO     | OK https://skeb.jp/api/users/irumi_77
2026-07-20 04:30:23 | INFO     | Saving at a/skeb/irumi_77-e8b34b.json
2026-07-20 04:30:24 | INFO     | OK https://skeb.jp/api/users/rumie_take
2026-07-20 04:30:24 | INFO     | Saving at a/skeb/rumie_take-0ce7f2.json
2026-07-20 04:30:25 | INFO     | OK https://skeb.jp/api/users/UmrDzfMCuYD3Sxv
2026-07-20 04:30:25 | INFO     | Saving at a/skeb/UmrDzfMCuYD3Sxv-3c6c11.json
2026-07-20 04:30:26 | INFO     | OK https://skeb.jp/api/users/Stk________
2026-07-20 04:30:26 | INFO     | Saving at a/skeb/Stk________-d97d45.json
2026-07-20 04:30:27 | INFO     | OK https://skeb.jp/api/users/Part1550105
2026-07-20 04:30:27 | INFO     | Saving at a/skeb/Part1550105-ef3e86.json
2026-07-20 04:30:28 | INFO     | OK https://skeb.jp/api/users/mn8957880347081
2026-07-20 04:30:28 | INFO     | Saving at a/skeb/mn8957880347081-6af0c1.json
2026-07-20 04:30:29 | INFO     | OK https://skeb.jp/api/users/Oi_touketuyan
2026-07-20 04:30:29 | INFO     | Saving at a/skeb/Oi_touketuyan-b1ca6e.json
2026-07-20 04:30:30 | INFO     | OK https://skeb.jp/api/users/Rasuchimu
2026-07-20 04:30:30 | INFO     | Saving at a/skeb/Rasuchimu-5678a8.json
2026-07-20 04:30:31 | INFO     | OK https://skeb.jp/api/users/M_takeru417
2026-07-20 04:30:31 | INFO     | Saving at a/skeb/M_takeru417-78d6ec.json
2026-07-20 04:30:32 | INFO     | OK https://skeb.jp/api/users/sonao
2026-07-20 04:30:32 | INFO     | Saving at a/skeb/sonao-100dd7.json
2026-07-20 04:30:33 | INFO     | OK https://skeb.jp/api/users/HByoshiko
2026-07-20 04:30:33 | INFO     | Saving at a/skeb/HByoshiko-7921c7.json
2026-07-20 04:30:34 | INFO     | OK https://skeb.jp/api/users/Vtuber_Wahu
2026-07-20 04:30:34 | INFO     | Saving at a/skeb/Vtuber_Wahu-ddb893.json
2026-07-20 04:30:35 | INFO     | OK https://skeb.jp/api/users/uzsio00
2026-07-20 04:30:35 | INFO     | Saving at a/skeb/uzsio00-fb4097.json
2026-07-20 04:30:36 | INFO     | OK https://skeb.jp/api/users/2ji_han
2026-07-20 04:30:36 | INFO     | Saving at a/skeb/2ji_han-7451eb.json
2026-07-20 04:30:37 | INFO     | OK https://skeb.jp/api/users/toluol_0925
2026-07-20 04:30:37 | INFO     | Saving at a/skeb/toluol_0925-6c53cc.json
2026-07-20 04:30:38 | INFO     | OK https://skeb.jp/api/users/Pomme200808
2026-07-20 04:30:38 | INFO     | Saving at a/skeb/Pomme200808-347d84.json
2026-07-20 04:30:39 | INFO     | OK https://skeb.jp/api/users/chajo1225
2026-07-20 04:30:39 | INFO     | Saving at a/skeb/chajo1225-8b87d4.json
2026-07-20 04:30:40 | INFO     | OK https://skeb.jp/api/users/hata4564
2026-07-20 04:30:40 | INFO     | Saving at a/skeb/hata4564-c58522.json
2026-07-20 04:30:41 | INFO     | OK https://skeb.jp/api/users/yomo_yamai
2026-07-20 04:30:41 | INFO     | Saving at a/skeb/yomo_yamai-c35fc8.json
2026-07-20 04:30:42 | INFO     | OK https://skeb.jp/api/users/No101_RR
2026-07-20 04:30:42 | INFO     | Saving at a/skeb/No101_RR-a356e0.json
2026-07-20 04:30:43 | INFO     | OK https://skeb.jp/api/users/amamimo0
2026-07-20 04:30:43 | INFO     | Saving at a/skeb/amamimo0-89f3b4.json
2026-07-20 04:30:44 | INFO     | OK https://skeb.jp/api/users/2_3up
2026-07-20 04:30:44 | INFO     | Saving at a/skeb/2_3up-af8525.json
2026-07-20 04:30:45 | INFO     | OK https://skeb.jp/api/users/mrunknown
2026-07-20 04:30:45 | INFO     | Saving at a/skeb/mrunknown-fa6247.json
2026-07-20 04:30:46 | INFO     | OK https://skeb.jp/api/users/kitorakito
2026-07-20 04:30:46 | INFO     | Saving at a/skeb/kitorakito-6d889e.json
2026-07-20 04:30:47 | INFO     | OK https://skeb.jp/api/users/SH2A3EHJ96zEC1s
2026-07-20 04:30:47 | INFO     | Saving at a/skeb/SH2A3EHJ96zEC1s-8a962f.json
2026-07-20 04:30:48 | INFO     | OK https://skeb.jp/api/users/genkidown
2026-07-20 04:30:48 | INFO     | Saving at a/skeb/genkidown-e39a31.json
2026-07-20 04:30:49 | INFO     | OK https://skeb.jp/api/users/tarakonmata
2026-07-20 04:30:49 | INFO     | Saving at a/skeb/tarakonmata-13e877.json
2026-07-20 04:30:50 | INFO     | OK https://skeb.jp/api/users/Sityuurice
2026-07-20 04:30:50 | INFO     | Saving at a/skeb/Sityuurice-069593.json
2026-07-20 04:30:51 | INFO     | OK https://skeb.jp/api/users/Fuji100923
2026-07-20 04:30:51 | INFO     | Saving at a/skeb/Fuji100923-f7511d.json
2026-07-20 04:30:52 | INFO     | OK https://skeb.jp/api/users/masso_nullbuilt
2026-07-20 04:30:52 | INFO     | Saving at a/skeb/masso_nullbuilt-bfa0ad.json
2026-07-20 04:30:53 | INFO     | OK https://skeb.jp/api/users/Uyounagi
2026-07-20 04:30:53 | INFO     | Saving at a/skeb/Uyounagi-fdd2b2.json
2026-07-20 04:30:54 | INFO     | OK https://skeb.jp/api/users/machida_0906
2026-07-20 04:30:54 | INFO     | Saving at a/skeb/machida_0906-0b8ae3.json
2026-07-20 04:30:55 | INFO     | OK https://skeb.jp/api/users/hechi_zou
2026-07-20 04:30:55 | INFO     | Saving at a/skeb/hechi_zou-b44d40.json
2026-07-20 04:30:56 | INFO     | OK https://skeb.jp/api/users/inutori1118
2026-07-20 04:30:56 | INFO     | Saving at a/skeb/inutori1118-8e1f1a.json
2026-07-20 04:30:57 | INFO     | OK https://skeb.jp/api/users/nashitoumi
2026-07-20 04:30:57 | INFO     | Saving at a/skeb/nashitoumi-65f358.json
2026-07-20 04:30:58 | INFO     | OK https://skeb.jp/api/users/Tzakki023
2026-07-20 04:30:58 | INFO     | Saving at a/skeb/Tzakki023-17ee7e.json
2026-07-20 04:30:59 | INFO     | OK https://skeb.jp/api/users/ta_ko_tsu
2026-07-20 04:30:59 | INFO     | Saving at a/skeb/ta_ko_tsu-04063a.json
2026-07-20 04:31:00 | INFO     | OK https://skeb.jp/api/users/yuduki_co
2026-07-20 04:31:00 | INFO     | Saving at a/skeb/yuduki_co-2830c7.json
2026-07-20 04:31:01 | INFO     | OK https://skeb.jp/api/users/SamiSami_0302
2026-07-20 04:31:01 | INFO     | Saving at a/skeb/SamiSami_0302-02168e.json
2026-07-20 04:31:02 | INFO     | OK https://skeb.jp/api/users/momimomi258
2026-07-20 04:31:02 | INFO     | Saving at a/skeb/momimomi258-f3e6c8.json
2026-07-20 04:31:03 | INFO     | OK https://skeb.jp/api/users/yanya_____
2026-07-20 04:31:03 | INFO     | Saving at a/skeb/yanya_____-031f4f.json
2026-07-20 04:31:04 | INFO     | OK https://skeb.jp/api/users/Mayoipy
2026-07-20 04:31:04 | INFO     | Saving at a/skeb/Mayoipy-27a814.json
2026-07-20 04:31:05 | INFO     | OK https://skeb.jp/api/users/mmmakaron888
2026-07-20 04:31:05 | INFO     | Saving at a/skeb/mmmakaron888-5651eb.json
2026-07-20 04:31:06 | INFO     | OK https://skeb.jp/api/users/pandain95
2026-07-20 04:31:06 | INFO     | Saving at a/skeb/pandain95-2e6fe1.json
2026-07-20 04:31:07 | INFO     | OK https://skeb.jp/api/users/tsc4xk
2026-07-20 04:31:07 | INFO     | Saving at a/skeb/tsc4xk-eaf5ba.json
2026-07-20 04:31:08 | INFO     | OK https://skeb.jp/api/users/UxU_0x
2026-07-20 04:31:08 | INFO     | Saving at a/skeb/UxU_0x-e8b5aa.json
2026-07-20 04:31:09 | INFO     | OK https://skeb.jp/api/users/fu22_ka23
2026-07-20 04:31:09 | INFO     | Saving at a/skeb/fu22_ka23-e020e3.json
2026-07-20 04:31:10 | INFO     | OK https://skeb.jp/api/users/takeyabunora
2026-07-20 04:31:10 | INFO     | Saving at a/skeb/takeyabunora-90c250.json
2026-07-20 04:31:11 | INFO     | OK https://skeb.jp/api/users/Suminekonie
2026-07-20 04:31:11 | INFO     | Saving at a/skeb/Suminekonie-3bf126.json
2026-07-20 04:31:12 | INFO     | OK https://skeb.jp/api/users/mimi_nemnem
2026-07-20 04:31:12 | INFO     | Saving at a/skeb/mimi_nemnem-57781e.json
2026-07-20 04:31:13 | INFO     | OK https://skeb.jp/api/users/_sakakiai
2026-07-20 04:31:13 | INFO     | Saving at a/skeb/_sakakiai-4971c3.json
2026-07-20 04:31:14 | INFO     | OK https://skeb.jp/api/users/nx_pjj
2026-07-20 04:31:14 | INFO     | Saving at a/skeb/nx_pjj-8cc74d.json
2026-07-20 04:31:15 | INFO     | OK https://skeb.jp/api/users/AKSTNacchi
2026-07-20 04:31:15 | INFO     | Saving at a/skeb/AKSTNacchi-e98da2.json
2026-07-20 04:31:16 | INFO     | OK https://skeb.jp/api/users/borobug
2026-07-20 04:31:16 | INFO     | Saving at a/skeb/borobug-5a7c6c.json
2026-07-20 04:31:17 | INFO     | OK https://skeb.jp/api/users/1165B333
2026-07-20 04:31:17 | INFO     | Saving at a/skeb/1165B333-4358ae.json
2026-07-20 04:31:18 | INFO     | OK https://skeb.jp/api/users/3Jjbn
2026-07-20 04:31:18 | INFO     | Saving at a/skeb/3Jjbn-32d431.json
2026-07-20 04:31:19 | INFO     | OK https://skeb.jp/api/users/kayanon_no
2026-07-20 04:31:19 | INFO     | Saving at a/skeb/kayanon_no-ade514.json
2026-07-20 04:31:20 | INFO     | OK https://skeb.jp/api/users/nonnonsis123
2026-07-20 04:31:20 | INFO     | Saving at a/skeb/nonnonsis123-40c370.json
2026-07-20 04:31:21 | INFO     | OK https://skeb.jp/api/users/rawell1963
2026-07-20 04:31:21 | INFO     | Saving at a/skeb/rawell1963-eae87e.json
2026-07-20 04:31:22 | INFO     | OK https://skeb.jp/api/users/soumendaze
2026-07-20 04:31:22 | INFO     | Saving at a/skeb/soumendaze-60a591.json
2026-07-20 04:31:23 | INFO     | OK https://skeb.jp/api/users/IyangRiro
2026-07-20 04:31:23 | INFO     | Saving at a/skeb/IyangRiro-c4d51f.json
2026-07-20 04:31:24 | INFO     | OK https://skeb.jp/api/users/lilymofumofu
2026-07-20 04:31:24 | INFO     | Saving at a/skeb/lilymofumofu-47229f.json
2026-07-20 04:31:25 | INFO     | OK https://skeb.jp/api/users/RFB_345orororo
2026-07-20 04:31:25 | INFO     | Saving at a/skeb/RFB_345orororo-16d9f2.json
2026-07-20 04:31:26 | INFO     | OK https://skeb.jp/api/users/nijitama_siyu2
2026-07-20 04:31:26 | INFO     | Saving at a/skeb/nijitama_siyu2-4cf402.json
2026-07-20 04:31:27 | INFO     | OK https://skeb.jp/api/users/caloupgaro
2026-07-20 04:31:27 | INFO     | Saving at a/skeb/caloupgaro-64d7ee.json
2026-07-20 04:31:28 | INFO     | OK https://skeb.jp/api/users/FriedHokekyo
2026-07-20 04:31:28 | INFO     | Saving at a/skeb/FriedHokekyo-eca642.json
2026-07-20 04:31:29 | INFO     | OK https://skeb.jp/api/users/Tyamu_Z0
2026-07-20 04:31:29 | INFO     | Saving at a/skeb/Tyamu_Z0-0915d6.json
2026-07-20 04:31:30 | INFO     | OK https://skeb.jp/api/users/mroj3_unbb
2026-07-20 04:31:30 | INFO     | Saving at a/skeb/mroj3_unbb-14d0bd.json
2026-07-20 04:31:31 | INFO     | OK https://skeb.jp/api/users/iro_iro_iroo
2026-07-20 04:31:31 | INFO     | Saving at a/skeb/iro_iro_iroo-69654d.json
2026-07-20 04:31:32 | INFO     | OK https://skeb.jp/api/users/capeandcaperca1
2026-07-20 04:31:32 | INFO     | Saving at a/skeb/capeandcaperca1-816af5.json
2026-07-20 04:31:33 | INFO     | OK https://skeb.jp/api/users/wSacyW0lp3
2026-07-20 04:31:33 | INFO     | Saving at a/skeb/wSacyW0lp3-9566a5.json
2026-07-20 04:31:34 | INFO     | OK https://skeb.jp/api/users/p4jbh
2026-07-20 04:31:34 | INFO     | Saving at a/skeb/p4jbh-9cacc6.json
2026-07-20 04:31:35 | INFO     | OK https://skeb.jp/api/users/ZEN_KAMURO
2026-07-20 04:31:35 | INFO     | Saving at a/skeb/ZEN_KAMURO-15441e.json
2026-07-20 04:31:36 | INFO     | OK https://skeb.jp/api/users/ggggrga
2026-07-20 04:31:36 | INFO     | Saving at a/skeb/ggggrga-654d9d.json
2026-07-20 04:31:37 | INFO     | OK https://skeb.jp/api/users/Mashi6Taka
2026-07-20 04:31:37 | INFO     | Saving at a/skeb/Mashi6Taka-a4f63e.json
2026-07-20 04:31:38 | INFO     | OK https://skeb.jp/api/users/yukimi5tuki
2026-07-20 04:31:38 | INFO     | Saving at a/skeb/yukimi5tuki-5474ec.json
2026-07-20 04:31:39 | INFO     | OK https://skeb.jp/api/users/8co_0_0
2026-07-20 04:31:39 | INFO     | Saving at a/skeb/8co_0_0-d3a53e.json
2026-07-20 04:31:40 | INFO     | OK https://skeb.jp/api/users/wani_ya3
2026-07-20 04:31:40 | INFO     | Saving at a/skeb/wani_ya3-d873b7.json
2026-07-20 04:31:41 | INFO     | OK https://skeb.jp/api/users/1010yuge1010
2026-07-20 04:31:41 | INFO     | Saving at a/skeb/1010yuge1010-c8a88c.json
2026-07-20 04:31:42 | INFO     | OK https://skeb.jp/api/users/ikapii069
2026-07-20 04:31:42 | INFO     | Saving at a/skeb/ikapii069-65e72a.json
2026-07-20 04:31:43 | INFO     | OK https://skeb.jp/api/users/shi6zakuro
2026-07-20 04:31:43 | INFO     | Saving at a/skeb/shi6zakuro-ae7ea1.json
2026-07-20 04:31:44 | INFO     | OK https://skeb.jp/api/users/mineko0025
2026-07-20 04:31:44 | INFO     | Saving at a/skeb/mineko0025-245702.json
2026-07-20 04:31:45 | INFO     | OK https://skeb.jp/api/users/neruna_cake
2026-07-20 04:31:45 | INFO     | Saving at a/skeb/neruna_cake-ea225c.json
2026-07-20 04:31:46 | INFO     | OK https://skeb.jp/api/users/sub_poichama
2026-07-20 04:31:46 | INFO     | Saving at a/skeb/sub_poichama-67c20b.json
2026-07-20 04:31:47 | INFO     | OK https://skeb.jp/api/users/kURokasa_b0nd
2026-07-20 04:31:47 | INFO     | Saving at a/skeb/kURokasa_b0nd-617c0a.json
2026-07-20 04:31:48 | INFO     | OK https://skeb.jp/api/users/shiraki_shiro
2026-07-20 04:31:48 | INFO     | Saving at a/skeb/shiraki_shiro-aba5e5.json
2026-07-20 04:31:49 | INFO     | OK https://skeb.jp/api/users/makigai_pn
2026-07-20 04:31:49 | INFO     | Saving at a/skeb/makigai_pn-4c5d4f.json
2026-07-20 04:31:50 | INFO     | OK https://skeb.jp/api/users/mizinko_izumi
2026-07-20 04:31:50 | INFO     | Saving at a/skeb/mizinko_izumi-a56833.json
2026-07-20 04:31:51 | INFO     | OK https://skeb.jp/api/users/x_CHIKA_xx
2026-07-20 04:31:51 | INFO     | Saving at a/skeb/x_CHIKA_xx-4d9daa.json
2026-07-20 04:31:52 | INFO     | OK https://skeb.jp/api/users/sakiiii_0o
2026-07-20 04:31:52 | INFO     | Saving at a/skeb/sakiiii_0o-60babb.json
2026-07-20 04:31:53 | INFO     | OK https://skeb.jp/api/users/tateno_a
2026-07-20 04:31:53 | INFO     | Saving at a/skeb/tateno_a-38b1ad.json
2026-07-20 04:31:54 | INFO     | OK https://skeb.jp/api/users/BLmeister_
2026-07-20 04:31:54 | INFO     | Saving at a/skeb/BLmeister_-7f75b5.json
2026-07-20 04:31:55 | INFO     | OK https://skeb.jp/api/users/yumejidake_
2026-07-20 04:31:55 | INFO     | Saving at a/skeb/yumejidake_-fd6ca5.json
2026-07-20 04:31:56 | INFO     | OK https://skeb.jp/api/users/GetGuacamole
2026-07-20 04:31:56 | INFO     | Saving at a/skeb/GetGuacamole-e69ac4.json
2026-07-20 04:31:57 | INFO     | OK https://skeb.jp/api/users/byo_sec
2026-07-20 04:31:57 | INFO     | Saving at a/skeb/byo_sec-a1c09d.json
2026-07-20 04:31:58 | INFO     | OK https://skeb.jp/api/users/Pierce_1109
2026-07-20 04:31:58 | INFO     | Saving at a/skeb/Pierce_1109-a78cee.json
2026-07-20 04:31:59 | INFO     | OK https://skeb.jp/api/users/3001mg
2026-07-20 04:31:59 | INFO     | Saving at a/skeb/3001mg-f90518.json
2026-07-20 04:32:00 | INFO     | OK https://skeb.jp/api/users/yuki7_pyon
2026-07-20 04:32:00 | INFO     | Saving at a/skeb/yuki7_pyon-cf013a.json
2026-07-20 04:32:01 | INFO     | OK https://skeb.jp/api/users/tntktctc4133
2026-07-20 04:32:01 | INFO     | Saving at a/skeb/tntktctc4133-18f37e.json
2026-07-20 04:32:02 | INFO     | OK https://skeb.jp/api/users/kukurubita1031
2026-07-20 04:32:02 | INFO     | Saving at a/skeb/kukurubita1031-3e8eae.json
2026-07-20 04:32:03 | INFO     | OK https://skeb.jp/api/users/shionshironeko2
2026-07-20 04:32:03 | INFO     | Saving at a/skeb/shionshironeko2-5fbac9.json
2026-07-20 04:32:04 | INFO     | OK https://skeb.jp/api/users/kuronofootlove2
2026-07-20 04:32:04 | INFO     | Saving at a/skeb/kuronofootlove2-3e7039.json
2026-07-20 04:32:05 | INFO     | OK https://skeb.jp/api/users/buikimphap
2026-07-20 04:32:05 | INFO     | Saving at a/skeb/buikimphap-1fb584.json
2026-07-20 04:32:06 | INFO     | OK https://skeb.jp/api/users/xxxuo_sakana
2026-07-20 04:32:06 | INFO     | Saving at a/skeb/xxxuo_sakana-0bef11.json
2026-07-20 04:32:07 | INFO     | OK https://skeb.jp/api/users/3hkokki
2026-07-20 04:32:07 | INFO     | Saving at a/skeb/3hkokki-605f85.json
2026-07-20 04:32:08 | INFO     | OK https://skeb.jp/api/users/N__iTRPG
2026-07-20 04:32:08 | INFO     | Saving at a/skeb/N__iTRPG-3a7659.json
2026-07-20 04:32:09 | INFO     | OK https://skeb.jp/api/users/_watana_pe
2026-07-20 04:32:09 | INFO     | Saving at a/skeb/_watana_pe-abe2d3.json
2026-07-20 04:32:10 | INFO     | OK https://skeb.jp/api/users/u12m2
2026-07-20 04:32:10 | INFO     | Saving at a/skeb/u12m2-b88392.json
2026-07-20 04:32:11 | INFO     | OK https://skeb.jp/api/users/Onosan_JP
2026-07-20 04:32:11 | INFO     | Saving at a/skeb/Onosan_JP-51c57e.json
2026-07-20 04:32:12 | INFO     | OK https://skeb.jp/api/users/kirei_numa
2026-07-20 04:32:12 | INFO     | Saving at a/skeb/kirei_numa-ba15ea.json
2026-07-20 04:32:13 | INFO     | OK https://skeb.jp/api/users/neko_kha
2026-07-20 04:32:13 | INFO     | Saving at a/skeb/neko_kha-1a0468.json
2026-07-20 04:32:14 | INFO     | OK https://skeb.jp/api/users/fa_mim0
2026-07-20 04:32:14 | INFO     | Saving at a/skeb/fa_mim0-9f880b.json
2026-07-20 04:32:15 | INFO     | OK https://skeb.jp/api/users/moratorium24yo
2026-07-20 04:32:15 | INFO     | Saving at a/skeb/moratorium24yo-4e7cf1.json
2026-07-20 04:32:16 | INFO     | OK https://skeb.jp/api/users/ruuka00__
2026-07-20 04:32:16 | INFO     | Saving at a/skeb/ruuka00__-068df2.json
2026-07-20 04:32:17 | INFO     | OK https://skeb.jp/api/users/BUTA_BARA__
2026-07-20 04:32:17 | INFO     | Saving at a/skeb/BUTA_BARA__-8c1f36.json
2026-07-20 04:32:18 | INFO     | OK https://skeb.jp/api/users/nagane29
2026-07-20 04:32:18 | INFO     | Saving at a/skeb/nagane29-e3aa1b.json
2026-07-20 04:32:19 | INFO     | OK https://skeb.jp/api/users/abbgd22
2026-07-20 04:32:19 | INFO     | Saving at a/skeb/abbgd22-edf390.json
2026-07-20 04:32:20 | INFO     | OK https://skeb.jp/api/users/Takashi_kittaka
2026-07-20 04:32:20 | INFO     | Saving at a/skeb/Takashi_kittaka-628f03.json
2026-07-20 04:32:21 | INFO     | OK https://skeb.jp/api/users/hokekyo99
2026-07-20 04:32:21 | INFO     | Saving at a/skeb/hokekyo99-7cbdb2.json
2026-07-20 04:32:22 | INFO     | OK https://skeb.jp/api/users/wasabi22600110
2026-07-20 04:32:22 | INFO     | Saving at a/skeb/wasabi22600110-099a20.json
2026-07-20 04:32:23 | INFO     | OK https://skeb.jp/api/users/senakun0530
2026-07-20 04:32:23 | INFO     | Saving at a/skeb/senakun0530-5e2073.json
2026-07-20 04:32:24 | INFO     | OK https://skeb.jp/api/users/royalsobatya
2026-07-20 04:32:24 | INFO     | Saving at a/skeb/royalsobatya-83a523.json
2026-07-20 04:32:25 | INFO     | OK https://skeb.jp/api/users/nyosaku
2026-07-20 04:32:25 | INFO     | Saving at a/skeb/nyosaku-1e3d1f.json
2026-07-20 04:32:26 | INFO     | OK https://skeb.jp/api/users/OvvZBHGnTo
2026-07-20 04:32:26 | INFO     | Saving at a/skeb/OvvZBHGnTo-f31749.json
2026-07-20 04:32:27 | INFO     | OK https://skeb.jp/api/users/Alkaloid404
2026-07-20 04:32:27 | INFO     | Saving at a/skeb/Alkaloid404-956dbb.json
2026-07-20 04:32:28 | INFO     | OK https://skeb.jp/api/users/tenpa_330_
2026-07-20 04:32:28 | INFO     | Saving at a/skeb/tenpa_330_-bd6b34.json
2026-07-20 04:32:29 | INFO     | OK https://skeb.jp/api/users/tsujihato99
2026-07-20 04:32:29 | INFO     | Saving at a/skeb/tsujihato99-4fdab6.json
2026-07-20 04:32:30 | INFO     | OK https://skeb.jp/api/users/tdkm
2026-07-20 04:32:30 | INFO     | Saving at a/skeb/tdkm-5d433a.json
2026-07-20 04:32:31 | INFO     | OK https://skeb.jp/api/users/3ru_t4
2026-07-20 04:32:31 | INFO     | Saving at a/skeb/3ru_t4-526270.json
2026-07-20 04:32:32 | INFO     | OK https://skeb.jp/api/users/nap_34_
2026-07-20 04:32:32 | INFO     | Saving at a/skeb/nap_34_-657a29.json
2026-07-20 04:32:33 | INFO     | OK https://skeb.jp/api/users/8_HoneycomB_8
2026-07-20 04:32:33 | INFO     | Saving at a/skeb/8_HoneycomB_8-d880ce.json
2026-07-20 04:32:34 | INFO     | OK https://skeb.jp/api/users/tsubakiPAN
2026-07-20 04:32:34 | INFO     | Saving at a/skeb/tsubakiPAN-2b5b33.json
2026-07-20 04:32:35 | INFO     | OK https://skeb.jp/api/users/_fut0n
2026-07-20 04:32:35 | INFO     | Saving at a/skeb/_fut0n-859b98.json
2026-07-20 04:32:36 | INFO     | OK https://skeb.jp/api/users/oonatsukioo
2026-07-20 04:32:36 | INFO     | Saving at a/skeb/oonatsukioo-2cded7.json
2026-07-20 04:32:37 | INFO     | OK https://skeb.jp/api/users/_otsukimiudon_
2026-07-20 04:32:37 | INFO     | Saving at a/skeb/_otsukimiudon_-49b555.json
2026-07-20 04:32:38 | INFO     | OK https://skeb.jp/api/users/yunumanm
2026-07-20 04:32:38 | INFO     | Saving at a/skeb/yunumanm-c677a1.json
2026-07-20 04:32:39 | INFO     | OK https://skeb.jp/api/users/sushi_umasugiii
2026-07-20 04:32:39 | INFO     | Saving at a/skeb/sushi_umasugiii-d983a1.json
2026-07-20 04:32:40 | INFO     | OK https://skeb.jp/api/users/mosopate
2026-07-20 04:32:40 | INFO     | Saving at a/skeb/mosopate-10bb63.json
2026-07-20 04:32:41 | INFO     | OK https://skeb.jp/api/users/takeoutservice
2026-07-20 04:32:41 | INFO     | Saving at a/skeb/takeoutservice-deef50.json
2026-07-20 04:32:42 | INFO     | OK https://skeb.jp/api/users/okoge_16
2026-07-20 04:32:42 | INFO     | Saving at a/skeb/okoge_16-13ed84.json
2026-07-20 04:32:43 | INFO     | OK https://skeb.jp/api/users/gotakichi
2026-07-20 04:32:43 | INFO     | Saving at a/skeb/gotakichi-4773d1.json
2026-07-20 04:32:44 | INFO     | OK https://skeb.jp/api/users/kunihisakun
2026-07-20 04:32:44 | INFO     | Saving at a/skeb/kunihisakun-180e31.json
2026-07-20 04:32:45 | INFO     | OK https://skeb.jp/api/users/pure_ruu
2026-07-20 04:32:45 | INFO     | Saving at a/skeb/pure_ruu-f81232.json
2026-07-20 04:32:46 | INFO     | OK https://skeb.jp/api/users/toli
2026-07-20 04:32:46 | INFO     | Saving at a/skeb/toli-17014e.json
2026-07-20 04:32:47 | INFO     | OK https://skeb.jp/api/users/hatsujohki
2026-07-20 04:32:47 | INFO     | Saving at a/skeb/hatsujohki-5827a4.json
2026-07-20 04:32:48 | INFO     | OK https://skeb.jp/api/users/suu_wo6751
2026-07-20 04:32:48 | INFO     | Saving at a/skeb/suu_wo6751-bb9704.json
2026-07-20 04:32:49 | INFO     | OK https://skeb.jp/api/users/Togami_toto
2026-07-20 04:32:49 | INFO     | Saving at a/skeb/Togami_toto-412164.json
2026-07-20 04:32:50 | INFO     | OK https://skeb.jp/api/users/monaka6300
2026-07-20 04:32:50 | INFO     | Saving at a/skeb/monaka6300-672eb5.json
2026-07-20 04:32:51 | INFO     | OK https://skeb.jp/api/users/syakunetuu
2026-07-20 04:32:51 | INFO     | Saving at a/skeb/syakunetuu-cd9b30.json
2026-07-20 04:32:52 | INFO     | OK https://skeb.jp/api/users/tuneninemui0826
2026-07-20 04:32:52 | INFO     | Saving at a/skeb/tuneninemui0826-aea2ea.json
2026-07-20 04:32:53 | INFO     | OK https://skeb.jp/api/users/Shisui0530
2026-07-20 04:32:53 | INFO     | Saving at a/skeb/Shisui0530-f27b06.json
2026-07-20 04:32:54 | INFO     | OK https://skeb.jp/api/users/misooo_ll
2026-07-20 04:32:54 | INFO     | Saving at a/skeb/misooo_ll-464c57.json
2026-07-20 04:32:55 | INFO     | OK https://skeb.jp/api/users/tikurin_leaf
2026-07-20 04:32:55 | INFO     | Saving at a/skeb/tikurin_leaf-aa99b0.json
2026-07-20 04:32:56 | INFO     | OK https://skeb.jp/api/users/ciro_2s
2026-07-20 04:32:56 | INFO     | Saving at a/skeb/ciro_2s-f8d8dd.json
2026-07-20 04:32:57 | INFO     | OK https://skeb.jp/api/users/_sa_ya_
2026-07-20 04:32:57 | INFO     | Saving at a/skeb/_sa_ya_-bc2084.json
2026-07-20 04:32:58 | INFO     | OK https://skeb.jp/api/users/inasa_orange
2026-07-20 04:32:58 | INFO     | Saving at a/skeb/inasa_orange-361a0a.json
2026-07-20 04:32:59 | INFO     | OK https://skeb.jp/api/users/monomaeru
2026-07-20 04:32:59 | INFO     | Saving at a/skeb/monomaeru-256e72.json
2026-07-20 04:33:00 | INFO     | OK https://skeb.jp/api/users/dedede_mon
2026-07-20 04:33:00 | INFO     | Saving at a/skeb/dedede_mon-8c2868.json
2026-07-20 04:33:01 | INFO     | OK https://skeb.jp/api/users/kurocazenosora
2026-07-20 04:33:01 | INFO     | Saving at a/skeb/kurocazenosora-1e63af.json
2026-07-20 04:33:02 | INFO     | OK https://skeb.jp/api/users/_sirony
2026-07-20 04:33:02 | INFO     | Saving at a/skeb/_sirony-7c4419.json
2026-07-20 04:33:03 | INFO     | OK https://skeb.jp/api/users/tani_non
2026-07-20 04:33:03 | INFO     | Saving at a/skeb/tani_non-d000ef.json
2026-07-20 04:33:04 | INFO     | OK https://skeb.jp/api/users/MagBurubon
2026-07-20 04:33:04 | INFO     | Saving at a/skeb/MagBurubon-0e6fa2.json
2026-07-20 04:33:05 | INFO     | OK https://skeb.jp/api/users/mameshizu0401
2026-07-20 04:33:05 | INFO     | Saving at a/skeb/mameshizu0401-7b6dc0.json
2026-07-20 04:33:06 | INFO     | OK https://skeb.jp/api/users/_Nuuuuuull_
2026-07-20 04:33:06 | INFO     | Saving at a/skeb/_Nuuuuuull_-3e4c6e.json
2026-07-20 04:33:07 | INFO     | OK https://skeb.jp/api/users/MlSo6EBJvU88391
2026-07-20 04:33:07 | INFO     | Saving at a/skeb/MlSo6EBJvU88391-79fc3d.json
2026-07-20 04:33:08 | INFO     | OK https://skeb.jp/api/users/sawayaka_pon
2026-07-20 04:33:08 | INFO     | Saving at a/skeb/sawayaka_pon-0b3863.json
2026-07-20 04:33:09 | INFO     | OK https://skeb.jp/api/users/illust__ai
2026-07-20 04:33:09 | INFO     | Saving at a/skeb/illust__ai-9fb764.json
2026-07-20 04:33:10 | INFO     | OK https://skeb.jp/api/users/mnpkpkpk
2026-07-20 04:33:10 | INFO     | Saving at a/skeb/mnpkpkpk-a79f52.json
2026-07-20 04:33:11 | INFO     | OK https://skeb.jp/api/users/Khamimaka
2026-07-20 04:33:11 | INFO     | Saving at a/skeb/Khamimaka-f314bc.json
2026-07-20 04:33:12 | INFO     | OK https://skeb.jp/api/users/chimney0311
2026-07-20 04:33:12 | INFO     | Saving at a/skeb/chimney0311-34b690.json
2026-07-20 04:33:13 | INFO     | OK https://skeb.jp/api/users/ayameiro16
2026-07-20 04:33:13 | INFO     | Saving at a/skeb/ayameiro16-37768b.json
2026-07-20 04:33:14 | INFO     | OK https://skeb.jp/api/users/Yomi_yoyoyo444
2026-07-20 04:33:14 | INFO     | Saving at a/skeb/Yomi_yoyoyo444-25350f.json
2026-07-20 04:33:15 | INFO     | OK https://skeb.jp/api/users/CH3COOH_24
2026-07-20 04:33:15 | INFO     | Saving at a/skeb/CH3COOH_24-65c062.json
2026-07-20 04:33:16 | INFO     | OK https://skeb.jp/api/users/Seo_t
2026-07-20 04:33:16 | INFO     | Saving at a/skeb/Seo_t-48f171.json
2026-07-20 04:33:17 | INFO     | OK https://skeb.jp/api/users/yureikan140yen
2026-07-20 04:33:17 | INFO     | Saving at a/skeb/yureikan140yen-a22931.json
2026-07-20 04:33:18 | INFO     | OK https://skeb.jp/api/users/tim_pow
2026-07-20 04:33:18 | INFO     | Saving at a/skeb/tim_pow-12d00c.json
2026-07-20 04:33:19 | INFO     | OK https://skeb.jp/api/users/Kicdon_smash
2026-07-20 04:33:19 | INFO     | Saving at a/skeb/Kicdon_smash-62dcf5.json
2026-07-20 04:33:20 | INFO     | OK https://skeb.jp/api/users/leally_big_rice
2026-07-20 04:33:20 | INFO     | Saving at a/skeb/leally_big_rice-991af6.json
2026-07-20 04:33:21 | INFO     | OK https://skeb.jp/api/users/3MEli8_
2026-07-20 04:33:21 | INFO     | Saving at a/skeb/3MEli8_-ed549c.json
2026-07-20 04:33:22 | INFO     | OK https://skeb.jp/api/users/hidek1illust
2026-07-20 04:33:22 | INFO     | Saving at a/skeb/hidek1illust-470f29.json
2026-07-20 04:33:23 | INFO     | OK https://skeb.jp/api/users/sirotum_
2026-07-20 04:33:23 | INFO     | Saving at a/skeb/sirotum_-5e656c.json
2026-07-20 04:33:24 | INFO     | OK https://skeb.jp/api/users/__i_n_u__
2026-07-20 04:33:24 | INFO     | Saving at a/skeb/__i_n_u__-469595.json
2026-07-20 04:33:25 | INFO     | OK https://skeb.jp/api/users/hehehehehe73
2026-07-20 04:33:25 | INFO     | Saving at a/skeb/hehehehehe73-5ebc49.json
2026-07-20 04:33:26 | INFO     | OK https://skeb.jp/api/users/dogfuji15
2026-07-20 04:33:26 | INFO     | Saving at a/skeb/dogfuji15-a4ea0e.json
2026-07-20 04:33:27 | INFO     | OK https://skeb.jp/api/users/nekoneko
2026-07-20 04:33:27 | INFO     | Saving at a/skeb/nekoneko-c07dda.json
2026-07-20 04:33:28 | INFO     | OK https://skeb.jp/api/users/torisanff14
2026-07-20 04:33:28 | INFO     | Saving at a/skeb/torisanff14-85de70.json
2026-07-20 04:33:29 | INFO     | OK https://skeb.jp/api/users/s_w_2nd
2026-07-20 04:33:29 | INFO     | Saving at a/skeb/s_w_2nd-bae11b.json
2026-07-20 04:33:30 | INFO     | OK https://skeb.jp/api/users/Gkrkjo10
2026-07-20 04:33:30 | INFO     | Saving at a/skeb/Gkrkjo10-d3bf81.json
2026-07-20 04:33:31 | INFO     | OK https://skeb.jp/api/users/loookuuu_sub
2026-07-20 04:33:31 | INFO     | Saving at a/skeb/loookuuu_sub-2d3423.json
2026-07-20 04:33:32 | INFO     | OK https://skeb.jp/api/users/shuseiH31
2026-07-20 04:33:32 | INFO     | Saving at a/skeb/shuseiH31-12fda9.json
2026-07-20 04:33:33 | INFO     | OK https://skeb.jp/api/users/mazaru8gohan
2026-07-20 04:33:33 | INFO     | Saving at a/skeb/mazaru8gohan-096e6f.json
2026-07-20 04:33:34 | INFO     | OK https://skeb.jp/api/users/A_Chikafuji
2026-07-20 04:33:34 | INFO     | Saving at a/skeb/A_Chikafuji-d431c2.json
2026-07-20 04:33:35 | INFO     | OK https://skeb.jp/api/users/nowatch_1192
2026-07-20 04:33:35 | INFO     | Saving at a/skeb/nowatch_1192-13292e.json
2026-07-20 04:33:36 | INFO     | OK https://skeb.jp/api/users/4rgh8
2026-07-20 04:33:36 | INFO     | Saving at a/skeb/4rgh8-ab3f54.json
2026-07-20 04:33:37 | INFO     | OK https://skeb.jp/api/users/CowMopCat
2026-07-20 04:33:37 | INFO     | Saving at a/skeb/CowMopCat-4975e3.json
2026-07-20 04:33:38 | INFO     | OK https://skeb.jp/api/users/XAzerX2
2026-07-20 04:33:38 | INFO     | Saving at a/skeb/XAzerX2-3e9224.json
2026-07-20 04:33:39 | INFO     | OK https://skeb.jp/api/users/springcat_nyan
2026-07-20 04:33:39 | INFO     | Saving at a/skeb/springcat_nyan-50d9c9.json
2026-07-20 04:33:40 | INFO     | OK https://skeb.jp/api/users/KUSANO_JUMO
2026-07-20 04:33:40 | INFO     | Saving at a/skeb/KUSANO_JUMO-81fd5d.json
2026-07-20 04:33:41 | INFO     | OK https://skeb.jp/api/users/_zuzuto_
2026-07-20 04:33:41 | INFO     | Saving at a/skeb/_zuzuto_-fd8f15.json
2026-07-20 04:33:42 | INFO     | OK https://skeb.jp/api/users/thee_rotten
2026-07-20 04:33:42 | INFO     | Saving at a/skeb/thee_rotten-76ebcc.json
2026-07-20 04:33:43 | INFO     | OK https://skeb.jp/api/users/nakziy
2026-07-20 04:33:43 | INFO     | Saving at a/skeb/nakziy-cf1f48.json
2026-07-20 04:33:44 | INFO     | OK https://skeb.jp/api/users/takatma_paint
2026-07-20 04:33:44 | INFO     | Saving at a/skeb/takatma_paint-a96be7.json
2026-07-20 04:33:45 | INFO     | OK https://skeb.jp/api/users/i1ucwq
2026-07-20 04:33:45 | INFO     | Saving at a/skeb/i1ucwq-33ad35.json
2026-07-20 04:33:46 | INFO     | OK https://skeb.jp/api/users/azu_u_u__
2026-07-20 04:33:46 | INFO     | Saving at a/skeb/azu_u_u__-fbd2b7.json
2026-07-20 04:33:47 | INFO     | OK https://skeb.jp/api/users/0tyu_gen
2026-07-20 04:33:47 | INFO     | Saving at a/skeb/0tyu_gen-af6200.json
2026-07-20 04:33:48 | INFO     | OK https://skeb.jp/api/users/ll_sunnday_ll
2026-07-20 04:33:48 | INFO     | Saving at a/skeb/ll_sunnday_ll-3ae8cd.json
2026-07-20 04:33:49 | INFO     | OK https://skeb.jp/api/users/osikapu_totoi
2026-07-20 04:33:49 | INFO     | Saving at a/skeb/osikapu_totoi-8539c8.json
2026-07-20 04:33:50 | INFO     | OK https://skeb.jp/api/users/paribeanscos
2026-07-20 04:33:50 | INFO     | Saving at a/skeb/paribeanscos-e77dc7.json
2026-07-20 04:33:51 | INFO     | OK https://skeb.jp/api/users/zoru_boi
2026-07-20 04:33:51 | INFO     | Saving at a/skeb/zoru_boi-836d75.json
2026-07-20 04:33:52 | INFO     | OK https://skeb.jp/api/users/mofmofmaron
2026-07-20 04:33:52 | INFO     | Saving at a/skeb/mofmofmaron-dd1faa.json
2026-07-20 04:33:53 | INFO     | OK https://skeb.jp/api/users/munyu_029
2026-07-20 04:33:53 | INFO     | Saving at a/skeb/munyu_029-be4b3f.json
2026-07-20 04:33:54 | INFO     | OK https://skeb.jp/api/users/MRN0093
2026-07-20 04:33:54 | INFO     | Saving at a/skeb/MRN0093-7c6203.json
2026-07-20 04:33:55 | INFO     | OK https://skeb.jp/api/users/WoL0YpqZDW8ZsEO
2026-07-20 04:33:55 | INFO     | Saving at a/skeb/WoL0YpqZDW8ZsEO-b56a4b.json
2026-07-20 04:33:56 | INFO     | OK https://skeb.jp/api/users/udo_n_purin
2026-07-20 04:33:56 | INFO     | Saving at a/skeb/udo_n_purin-9a691b.json
2026-07-20 04:33:57 | INFO     | OK https://skeb.jp/api/users/fpWGFNrixm35508
2026-07-20 04:33:57 | INFO     | Saving at a/skeb/fpWGFNrixm35508-00e23a.json
2026-07-20 04:33:58 | INFO     | OK https://skeb.jp/api/users/SAE1293
2026-07-20 04:33:58 | INFO     | Saving at a/skeb/SAE1293-3fc50f.json
2026-07-20 04:33:59 | INFO     | OK https://skeb.jp/api/users/kmnkm_g
2026-07-20 04:33:59 | INFO     | Saving at a/skeb/kmnkm_g-5e868f.json
2026-07-20 04:34:00 | INFO     | OK https://skeb.jp/api/users/go_e_0000
2026-07-20 04:34:00 | INFO     | Saving at a/skeb/go_e_0000-36d826.json
2026-07-20 04:34:01 | INFO     | OK https://skeb.jp/api/users/hayami_saga
2026-07-20 04:34:01 | INFO     | Saving at a/skeb/hayami_saga-036f89.json
2026-07-20 04:34:02 | INFO     | OK https://skeb.jp/api/users/927013
2026-07-20 04:34:02 | INFO     | Saving at a/skeb/927013-4d5c11.json
2026-07-20 04:34:03 | INFO     | OK https://skeb.jp/api/users/_RAY_o0
2026-07-20 04:34:03 | INFO     | Saving at a/skeb/_RAY_o0-e8b267.json
2026-07-20 04:34:04 | INFO     | OK https://skeb.jp/api/users/nichesnake
2026-07-20 04:34:04 | INFO     | Saving at a/skeb/nichesnake-96ad0e.json
2026-07-20 04:34:05 | INFO     | OK https://skeb.jp/api/users/NikuNikuTarou__
2026-07-20 04:34:05 | INFO     | Saving at a/skeb/NikuNikuTarou__-5c3c22.json
2026-07-20 04:34:06 | INFO     | OK https://skeb.jp/api/users/ooo_0926
2026-07-20 04:34:06 | INFO     | Saving at a/skeb/ooo_0926-4f97ee.json
2026-07-20 04:34:07 | INFO     | OK https://skeb.jp/api/users/kohotori_3
2026-07-20 04:34:07 | INFO     | Saving at a/skeb/kohotori_3-d2b8a1.json
2026-07-20 04:34:08 | INFO     | OK https://skeb.jp/api/users/himuro11
2026-07-20 04:34:08 | INFO     | Saving at a/skeb/himuro11-dcfcd9.json
2026-07-20 04:34:09 | INFO     | OK https://skeb.jp/api/users/monookimon
2026-07-20 04:34:09 | INFO     | Saving at a/skeb/monookimon-360088.json
2026-07-20 04:34:10 | INFO     | OK https://skeb.jp/api/users/FuwaMochiri
2026-07-20 04:34:10 | INFO     | Saving at a/skeb/FuwaMochiri-036564.json
2026-07-20 04:34:11 | INFO     | OK https://skeb.jp/api/users/r51633060
2026-07-20 04:34:11 | INFO     | Saving at a/skeb/r51633060-1bd1ea.json
2026-07-20 04:34:12 | INFO     | OK https://skeb.jp/api/users/LENA_072
2026-07-20 04:34:12 | INFO     | Saving at a/skeb/LENA_072-c46e85.json
2026-07-20 04:34:13 | INFO     | OK https://skeb.jp/api/users/motimotimarimo
2026-07-20 04:34:13 | INFO     | Saving at a/skeb/motimotimarimo-eaf02c.json
2026-07-20 04:34:14 | INFO     | OK https://skeb.jp/api/users/Astala_AUC
2026-07-20 04:34:14 | INFO     | Saving at a/skeb/Astala_AUC-5e9343.json
2026-07-20 04:34:15 | INFO     | OK https://skeb.jp/api/users/GAHAHA_szk
2026-07-20 04:34:15 | INFO     | Saving at a/skeb/GAHAHA_szk-09e2f6.json
2026-07-20 04:34:16 | INFO     | OK https://skeb.jp/api/users/kamijo_illust
2026-07-20 04:34:16 | INFO     | Saving at a/skeb/kamijo_illust-9765fc.json
2026-07-20 04:34:17 | INFO     | OK https://skeb.jp/api/users/kato_ohagi
2026-07-20 04:34:17 | INFO     | Saving at a/skeb/kato_ohagi-19dc92.json
2026-07-20 04:34:18 | INFO     | OK https://skeb.jp/api/users/594Hi
2026-07-20 04:34:18 | INFO     | Saving at a/skeb/594Hi-87dbed.json
2026-07-20 04:34:19 | INFO     | OK https://skeb.jp/api/users/Q050__8m
2026-07-20 04:34:19 | INFO     | Saving at a/skeb/Q050__8m-1e3096.json
2026-07-20 04:34:20 | INFO     | OK https://skeb.jp/api/users/necrosis_777
2026-07-20 04:34:20 | INFO     | Saving at a/skeb/necrosis_777-f4d79e.json
2026-07-20 04:34:21 | INFO     | OK https://skeb.jp/api/users/shuubetu815
2026-07-20 04:34:21 | INFO     | Saving at a/skeb/shuubetu815-66c109.json
2026-07-20 04:34:22 | INFO     | OK https://skeb.jp/api/users/mak066_
2026-07-20 04:34:22 | INFO     | Saving at a/skeb/mak066_-dfdf80.json
2026-07-20 04:34:23 | INFO     | OK https://skeb.jp/api/users/KIMON_oni
2026-07-20 04:34:23 | INFO     | Saving at a/skeb/KIMON_oni-b583a9.json
2026-07-20 04:34:24 | INFO     | OK https://skeb.jp/api/users/maton_3110
2026-07-20 04:34:24 | INFO     | Saving at a/skeb/maton_3110-7a2db3.json
2026-07-20 04:34:25 | INFO     | OK https://skeb.jp/api/users/mememe_nuko
2026-07-20 04:34:25 | INFO     | Saving at a/skeb/mememe_nuko-44f1a5.json
2026-07-20 04:34:26 | INFO     | OK https://skeb.jp/api/users/Kuri1922
2026-07-20 04:34:26 | INFO     | Saving at a/skeb/Kuri1922-2133e1.json
2026-07-20 04:34:27 | INFO     | OK https://skeb.jp/api/users/Niyu_Chang
2026-07-20 04:34:27 | INFO     | Saving at a/skeb/Niyu_Chang-26a6a0.json
2026-07-20 04:34:28 | INFO     | OK https://skeb.jp/api/users/DOnut_bone
2026-07-20 04:34:28 | INFO     | Saving at a/skeb/DOnut_bone-461aa7.json
2026-07-20 04:34:29 | INFO     | OK https://skeb.jp/api/users/ronoillust
2026-07-20 04:34:29 | INFO     | Saving at a/skeb/ronoillust-e608e4.json
2026-07-20 04:34:30 | INFO     | OK https://skeb.jp/api/users/puto_210
2026-07-20 04:34:30 | INFO     | Saving at a/skeb/puto_210-7a036a.json
2026-07-20 04:34:31 | INFO     | OK https://skeb.jp/api/users/MTBSBR721
2026-07-20 04:34:31 | INFO     | Saving at a/skeb/MTBSBR721-dfb74e.json
2026-07-20 04:34:32 | INFO     | OK https://skeb.jp/api/users/Nmkz_21
2026-07-20 04:34:32 | INFO     | Saving at a/skeb/Nmkz_21-eadc7b.json
2026-07-20 04:34:33 | INFO     | OK https://skeb.jp/api/users/uranokitarou
2026-07-20 04:34:33 | INFO     | Saving at a/skeb/uranokitarou-fb1b61.json
2026-07-20 04:34:34 | INFO     | OK https://skeb.jp/api/users/vorpal_cotton
2026-07-20 04:34:34 | INFO     | Saving at a/skeb/vorpal_cotton-b262cf.json
2026-07-20 04:34:35 | INFO     | OK https://skeb.jp/api/users/dodo_o_u
2026-07-20 04:34:35 | INFO     | Saving at a/skeb/dodo_o_u-47568e.json
2026-07-20 04:34:36 | INFO     | OK https://skeb.jp/api/users/arakune_
2026-07-20 04:34:36 | INFO     | Saving at a/skeb/arakune_-4d7c9e.json
2026-07-20 04:34:37 | INFO     | OK https://skeb.jp/api/users/saniiiwan
2026-07-20 04:34:37 | INFO     | Saving at a/skeb/saniiiwan-8f9f04.json
2026-07-20 04:34:38 | INFO     | OK https://skeb.jp/api/users/mmmpi54
2026-07-20 04:34:38 | INFO     | Saving at a/skeb/mmmpi54-311a4c.json
2026-07-20 04:34:39 | INFO     | OK https://skeb.jp/api/users/moyasi_kansyu
2026-07-20 04:34:39 | INFO     | Saving at a/skeb/moyasi_kansyu-739a63.json
2026-07-20 04:34:40 | INFO     | OK https://skeb.jp/api/users/pomedog1
2026-07-20 04:34:40 | INFO     | Saving at a/skeb/pomedog1-b3e983.json
2026-07-20 04:34:41 | INFO     | OK https://skeb.jp/api/users/ruu_gon
2026-07-20 04:34:41 | INFO     | Saving at a/skeb/ruu_gon-c9d2fa.json
2026-07-20 04:34:42 | INFO     | OK https://skeb.jp/api/users/kurumi1202kuru
2026-07-20 04:34:42 | INFO     | Saving at a/skeb/kurumi1202kuru-1d2a3f.json
2026-07-20 04:34:43 | INFO     | OK https://skeb.jp/api/users/rizuotwst
2026-07-20 04:34:43 | INFO     | Saving at a/skeb/rizuotwst-cd6ead.json
2026-07-20 04:34:44 | INFO     | OK https://skeb.jp/api/users/youretsu
2026-07-20 04:34:44 | INFO     | Saving at a/skeb/youretsu-7418bf.json
2026-07-20 04:34:45 | INFO     | OK https://skeb.jp/api/users/mimipi_luv
2026-07-20 04:34:45 | INFO     | Saving at a/skeb/mimipi_luv-ec73e6.json
2026-07-20 04:34:46 | INFO     | OK https://skeb.jp/api/users/a_a_shinzo
2026-07-20 04:34:46 | INFO     | Saving at a/skeb/a_a_shinzo-fe5d12.json
2026-07-20 04:34:47 | INFO     | OK https://skeb.jp/api/users/vitaone
2026-07-20 04:34:47 | INFO     | Saving at a/skeb/vitaone-04ec38.json
2026-07-20 04:34:48 | INFO     | OK https://skeb.jp/api/users/P1U10N1U6
2026-07-20 04:34:48 | INFO     | Saving at a/skeb/P1U10N1U6-846981.json
2026-07-20 04:34:49 | INFO     | OK https://skeb.jp/api/users/Fujimaki_2UxU
2026-07-20 04:34:49 | INFO     | Saving at a/skeb/Fujimaki_2UxU-86e2df.json
2026-07-20 04:34:50 | INFO     | OK https://skeb.jp/api/users/Shitan_cha
2026-07-20 04:34:50 | INFO     | Saving at a/skeb/Shitan_cha-97d049.json
2026-07-20 04:34:51 | INFO     | OK https://skeb.jp/api/users/mq_dz1
2026-07-20 04:34:51 | INFO     | Saving at a/skeb/mq_dz1-2d0c71.json
2026-07-20 04:34:52 | INFO     | OK https://skeb.jp/api/users/azure_system
2026-07-20 04:34:52 | INFO     | Saving at a/skeb/azure_system-03b967.json
2026-07-20 04:34:53 | INFO     | OK https://skeb.jp/api/users/yvsqzrv
2026-07-20 04:34:53 | INFO     | Saving at a/skeb/yvsqzrv-345514.json
2026-07-20 04:34:54 | INFO     | OK https://skeb.jp/api/users/yukiminoideyu
2026-07-20 04:34:54 | INFO     | Saving at a/skeb/yukiminoideyu-6ff932.json
2026-07-20 04:34:55 | INFO     | OK https://skeb.jp/api/users/AI_aiueo_UEO
2026-07-20 04:34:55 | INFO     | Saving at a/skeb/AI_aiueo_UEO-716a10.json
2026-07-20 04:34:56 | INFO     | OK https://skeb.jp/api/users/vn_movy
2026-07-20 04:34:56 | INFO     | Saving at a/skeb/vn_movy-6859a3.json
2026-07-20 04:34:57 | INFO     | OK https://skeb.jp/api/users/Jishou_210
2026-07-20 04:34:57 | INFO     | Saving at a/skeb/Jishou_210-a963fd.json
2026-07-20 04:34:58 | INFO     | OK https://skeb.jp/api/users/yomyamn_sono2
2026-07-20 04:34:58 | INFO     | Saving at a/skeb/yomyamn_sono2-58749c.json
2026-07-20 04:34:59 | INFO     | OK https://skeb.jp/api/users/bellflower521
2026-07-20 04:34:59 | INFO     | Saving at a/skeb/bellflower521-a23b8b.json
2026-07-20 04:35:00 | INFO     | OK https://skeb.jp/api/users/migiri_onigiri
2026-07-20 04:35:00 | INFO     | Saving at a/skeb/migiri_onigiri-0454e8.json
2026-07-20 04:35:01 | INFO     | OK https://skeb.jp/api/users/7fumip
2026-07-20 04:35:01 | INFO     | Saving at a/skeb/7fumip-bf27e7.json
2026-07-20 04:35:02 | INFO     | OK https://skeb.jp/api/users/ROAHnon
2026-07-20 04:35:02 | INFO     | Saving at a/skeb/ROAHnon-34543e.json
2026-07-20 04:35:03 | INFO     | OK https://skeb.jp/api/users/Yokuyoku_skeb
2026-07-20 04:35:03 | INFO     | Saving at a/skeb/Yokuyoku_skeb-7cd46d.json
2026-07-20 04:35:04 | INFO     | OK https://skeb.jp/api/users/sigure0210
2026-07-20 04:35:04 | INFO     | Saving at a/skeb/sigure0210-eecf3b.json
2026-07-20 04:35:05 | INFO     | OK https://skeb.jp/api/users/nerutahu522
2026-07-20 04:35:05 | INFO     | Saving at a/skeb/nerutahu522-146b60.json
2026-07-20 04:35:06 | INFO     | OK https://skeb.jp/api/users/017ri
2026-07-20 04:35:06 | INFO     | Saving at a/skeb/017ri-688cbb.json
2026-07-20 04:35:07 | INFO     | OK https://skeb.jp/api/users/ku82448
2026-07-20 04:35:07 | INFO     | Saving at a/skeb/ku82448-3d4f20.json
2026-07-20 04:35:08 | INFO     | OK https://skeb.jp/api/users/LOGNULL
2026-07-20 04:35:08 | INFO     | Saving at a/skeb/LOGNULL-096a22.json
2026-07-20 04:35:09 | INFO     | OK https://skeb.jp/api/users/CatAstley11
2026-07-20 04:35:09 | INFO     | Saving at a/skeb/CatAstley11-97ea6b.json
2026-07-20 04:35:10 | INFO     | OK https://skeb.jp/api/users/verdure
2026-07-20 04:35:10 | INFO     | Saving at a/skeb/verdure-d24a95.json
2026-07-20 04:35:11 | INFO     | OK https://skeb.jp/api/users/ramen_nobil
2026-07-20 04:35:11 | INFO     | Saving at a/skeb/ramen_nobil-e7ca92.json
2026-07-20 04:35:12 | INFO     | OK https://skeb.jp/api/users/metyayurusu
2026-07-20 04:35:12 | INFO     | Saving at a/skeb/metyayurusu-600a42.json
2026-07-20 04:35:13 | INFO     | OK https://skeb.jp/api/users/73__g
2026-07-20 04:35:13 | INFO     | Saving at a/skeb/73__g-7867ef.json
2026-07-20 04:35:14 | INFO     | OK https://skeb.jp/api/users/samishiinemuri
2026-07-20 04:35:14 | INFO     | Saving at a/skeb/samishiinemuri-53e2c8.json
2026-07-20 04:35:15 | INFO     | OK https://skeb.jp/api/users/U24_2525
2026-07-20 04:35:15 | INFO     | Saving at a/skeb/U24_2525-8c07e6.json
2026-07-20 04:35:16 | INFO     | OK https://skeb.jp/api/users/Phastbyte
2026-07-20 04:35:16 | INFO     | Saving at a/skeb/Phastbyte-bcfe0a.json
2026-07-20 04:35:17 | INFO     | OK https://skeb.jp/api/users/misaki_yu1522
2026-07-20 04:35:17 | INFO     | Saving at a/skeb/misaki_yu1522-f3b4fa.json
2026-07-20 04:35:18 | INFO     | OK https://skeb.jp/api/users/sava_2539
2026-07-20 04:35:18 | INFO     | Saving at a/skeb/sava_2539-250453.json
2026-07-20 04:35:19 | INFO     | OK https://skeb.jp/api/users/Eclairwanwan
2026-07-20 04:35:19 | INFO     | Saving at a/skeb/Eclairwanwan-9ca03c.json
2026-07-20 04:35:20 | INFO     | OK https://skeb.jp/api/users/katuo_45
2026-07-20 04:35:20 | INFO     | Saving at a/skeb/katuo_45-2000b8.json
2026-07-20 04:35:21 | INFO     | OK https://skeb.jp/api/users/ERROR_CODE4O4
2026-07-20 04:35:21 | INFO     | Saving at a/skeb/ERROR_CODE4O4-ab3a75.json
2026-07-20 04:35:22 | INFO     | OK https://skeb.jp/api/users/9msq3
2026-07-20 04:35:22 | INFO     | Saving at a/skeb/9msq3-2b15f2.json
2026-07-20 04:35:23 | INFO     | OK https://skeb.jp/api/users/MK_201
2026-07-20 04:35:23 | INFO     | Saving at a/skeb/MK_201-c71529.json
2026-07-20 04:35:24 | INFO     | OK https://skeb.jp/api/users/kiri_ume
2026-07-20 04:35:24 | INFO     | Saving at a/skeb/kiri_ume-f64339.json
2026-07-20 04:35:25 | INFO     | OK https://skeb.jp/api/users/pendoraaaa1
2026-07-20 04:35:25 | INFO     | Saving at a/skeb/pendoraaaa1-e3892b.json
2026-07-20 04:35:26 | INFO     | OK https://skeb.jp/api/users/baribarimal
2026-07-20 04:35:26 | INFO     | Saving at a/skeb/baribarimal-7e362a.json
2026-07-20 04:35:27 | INFO     | OK https://skeb.jp/api/users/yumemikitune
2026-07-20 04:35:27 | INFO     | Saving at a/skeb/yumemikitune-4fc2aa.json
2026-07-20 04:35:28 | INFO     | OK https://skeb.jp/api/users/saeki316
2026-07-20 04:35:28 | INFO     | Saving at a/skeb/saeki316-aaed71.json
2026-07-20 04:35:29 | INFO     | OK https://skeb.jp/api/users/15mochikin
2026-07-20 04:35:29 | INFO     | Saving at a/skeb/15mochikin-bbfc43.json
2026-07-20 04:35:30 | INFO     | OK https://skeb.jp/api/users/misoperopero
2026-07-20 04:35:30 | INFO     | Saving at a/skeb/misoperopero-75df33.json
2026-07-20 04:35:31 | INFO     | OK https://skeb.jp/api/users/tirasi_work
2026-07-20 04:35:31 | INFO     | Saving at a/skeb/tirasi_work-944035.json
2026-07-20 04:35:32 | INFO     | OK https://skeb.jp/api/users/Pokokaki
2026-07-20 04:35:32 | INFO     | Saving at a/skeb/Pokokaki-30bff0.json
2026-07-20 04:35:33 | INFO     | OK https://skeb.jp/api/users/yumura30
2026-07-20 04:35:33 | INFO     | Saving at a/skeb/yumura30-f276da.json
2026-07-20 04:35:34 | INFO     | OK https://skeb.jp/api/users/karasuya_maru8
2026-07-20 04:35:34 | INFO     | Saving at a/skeb/karasuya_maru8-9a9b90.json
2026-07-20 04:35:35 | INFO     | OK https://skeb.jp/api/users/_if8_
2026-07-20 04:35:35 | INFO     | Saving at a/skeb/_if8_-b6ac34.json
2026-07-20 04:35:36 | INFO     | OK https://skeb.jp/api/users/matsuzaki_black
2026-07-20 04:35:36 | INFO     | Saving at a/skeb/matsuzaki_black-fb4571.json
2026-07-20 04:35:37 | INFO     | OK https://skeb.jp/api/users/TEOI2
2026-07-20 04:35:37 | INFO     | Saving at a/skeb/TEOI2-b117bf.json
2026-07-20 04:35:38 | INFO     | OK https://skeb.jp/api/users/2013Randk
2026-07-20 04:35:38 | INFO     | Saving at a/skeb/2013Randk-8420d6.json
2026-07-20 04:35:39 | INFO     | OK https://skeb.jp/api/users/co6_3g
2026-07-20 04:35:39 | INFO     | Saving at a/skeb/co6_3g-8b7336.json
2026-07-20 04:35:40 | INFO     | OK https://skeb.jp/api/users/mihasu_ll
2026-07-20 04:35:40 | INFO     | Saving at a/skeb/mihasu_ll-dc15da.json
2026-07-20 04:35:41 | INFO     | OK https://skeb.jp/api/users/RmlMDfzEagZKLOH
2026-07-20 04:35:41 | INFO     | Saving at a/skeb/RmlMDfzEagZKLOH-0a6275.json
2026-07-20 04:35:42 | INFO     | OK https://skeb.jp/api/users/ekan0a
2026-07-20 04:35:42 | INFO     | Saving at a/skeb/ekan0a-77d3f8.json
2026-07-20 04:35:43 | INFO     | OK https://skeb.jp/api/users/asagai_doka
2026-07-20 04:35:43 | INFO     | Saving at a/skeb/asagai_doka-25754f.json
2026-07-20 04:35:44 | INFO     | OK https://skeb.jp/api/users/sawada1174545
2026-07-20 04:35:44 | INFO     | Saving at a/skeb/sawada1174545-7da045.json
2026-07-20 04:35:45 | INFO     | OK https://skeb.jp/api/users/HiromuMNMGW
2026-07-20 04:35:45 | INFO     | Saving at a/skeb/HiromuMNMGW-b46fc7.json
2026-07-20 04:35:46 | INFO     | OK https://skeb.jp/api/users/edoma910
2026-07-20 04:35:46 | INFO     | Saving at a/skeb/edoma910-3fde2e.json
2026-07-20 04:35:47 | INFO     | OK https://skeb.jp/api/users/re0u
2026-07-20 04:35:47 | INFO     | Saving at a/skeb/re0u-13ffb6.json
2026-07-20 04:35:48 | INFO     | OK https://skeb.jp/api/users/inukaixx
2026-07-20 04:35:48 | INFO     | Saving at a/skeb/inukaixx-455c87.json
2026-07-20 04:35:49 | INFO     | OK https://skeb.jp/api/users/mukashino_1
2026-07-20 04:35:49 | INFO     | Saving at a/skeb/mukashino_1-8babe7.json
2026-07-20 04:35:50 | INFO     | OK https://skeb.jp/api/users/TansanLemon100
2026-07-20 04:35:50 | INFO     | Saving at a/skeb/TansanLemon100-1f431a.json
2026-07-20 04:35:51 | INFO     | OK https://skeb.jp/api/users/Kankitukei_0805
2026-07-20 04:35:51 | INFO     | Saving at a/skeb/Kankitukei_0805-51cefe.json
2026-07-20 04:35:52 | INFO     | OK https://skeb.jp/api/users/tmngmzi
2026-07-20 04:35:52 | INFO     | Saving at a/skeb/tmngmzi-4a85cf.json
2026-07-20 04:35:53 | INFO     | OK https://skeb.jp/api/users/yawaraka_meteor
2026-07-20 04:35:53 | INFO     | Saving at a/skeb/yawaraka_meteor-d24aa1.json
2026-07-20 04:35:54 | INFO     | OK https://skeb.jp/api/users/mynkaoi
2026-07-20 04:35:54 | INFO     | Saving at a/skeb/mynkaoi-f32eae.json
2026-07-20 04:35:55 | INFO     | OK https://skeb.jp/api/users/qfQUzQ3cBbyTUi3
2026-07-20 04:35:55 | INFO     | Saving at a/skeb/qfQUzQ3cBbyTUi3-9ff4e1.json
2026-07-20 04:35:56 | INFO     | OK https://skeb.jp/api/users/hiro772020
2026-07-20 04:35:56 | INFO     | Saving at a/skeb/hiro772020-ab4cab.json
2026-07-20 04:35:57 | INFO     | OK https://skeb.jp/api/users/0u0_mgmgtime
2026-07-20 04:35:57 | INFO     | Saving at a/skeb/0u0_mgmgtime-a4cc54.json
2026-07-20 04:35:58 | INFO     | OK https://skeb.jp/api/users/dog_iinioi
2026-07-20 04:35:58 | INFO     | Saving at a/skeb/dog_iinioi-3813c4.json
2026-07-20 04:35:59 | INFO     | OK https://skeb.jp/api/users/amemen2222
2026-07-20 04:35:59 | INFO     | Saving at a/skeb/amemen2222-d42ae1.json
2026-07-20 04:36:00 | INFO     | OK https://skeb.jp/api/users/kdm_k
2026-07-20 04:36:00 | INFO     | Saving at a/skeb/kdm_k-d01300.json
2026-07-20 04:36:01 | INFO     | OK https://skeb.jp/api/users/eubalaena_117
2026-07-20 04:36:01 | INFO     | Saving at a/skeb/eubalaena_117-c6339b.json
2026-07-20 04:36:02 | INFO     | OK https://skeb.jp/api/users/kamo_soba_umai
2026-07-20 04:36:02 | INFO     | Saving at a/skeb/kamo_soba_umai-3a7100.json
2026-07-20 04:36:03 | INFO     | OK https://skeb.jp/api/users/tkd_SF
2026-07-20 04:36:03 | INFO     | Saving at a/skeb/tkd_SF-75ba0c.json
2026-07-20 04:36:05 | INFO     | OK https://skeb.jp/api/users/sleepyvearn
2026-07-20 04:36:05 | INFO     | Saving at a/skeb/sleepyvearn-9d1435.json
2026-07-20 04:36:05 | INFO     | OK https://skeb.jp/api/users/uwawawaaa_n
2026-07-20 04:36:05 | INFO     | Saving at a/skeb/uwawawaaa_n-38987a.json
2026-07-20 04:36:06 | INFO     | OK https://skeb.jp/api/users/oreya_trpg
2026-07-20 04:36:06 | INFO     | Saving at a/skeb/oreya_trpg-dcc8a3.json
2026-07-20 04:36:07 | INFO     | OK https://skeb.jp/api/users/Dareyanen_774
2026-07-20 04:36:07 | INFO     | Saving at a/skeb/Dareyanen_774-272516.json
2026-07-20 04:36:08 | INFO     | OK https://skeb.jp/api/users/poison_bop
2026-07-20 04:36:08 | INFO     | Saving at a/skeb/poison_bop-1212a6.json
2026-07-20 04:36:09 | INFO     | OK https://skeb.jp/api/users/fanfic_SGW
2026-07-20 04:36:09 | INFO     | Saving at a/skeb/fanfic_SGW-542943.json
2026-07-20 04:36:10 | INFO     | OK https://skeb.jp/api/users/SABI_Moke
2026-07-20 04:36:10 | INFO     | Saving at a/skeb/SABI_Moke-fe1f78.json
2026-07-20 04:36:11 | INFO     | OK https://skeb.jp/api/users/peyankoP
2026-07-20 04:36:11 | INFO     | Saving at a/skeb/peyankoP-6c42c9.json
2026-07-20 04:36:12 | INFO     | OK https://skeb.jp/api/users/Asano_yoru
2026-07-20 04:36:12 | INFO     | Saving at a/skeb/Asano_yoru-19eba6.json
2026-07-20 04:36:13 | INFO     | OK https://skeb.jp/api/users/nanohana_Maple
2026-07-20 04:36:13 | INFO     | Saving at a/skeb/nanohana_Maple-935656.json
2026-07-20 04:36:14 | INFO     | OK https://skeb.jp/api/users/yuve2625
2026-07-20 04:36:14 | INFO     | Saving at a/skeb/yuve2625-da5005.json
2026-07-20 04:36:15 | INFO     | OK https://skeb.jp/api/users/ameko53133
2026-07-20 04:36:15 | INFO     | Saving at a/skeb/ameko53133-1e3742.json
2026-07-20 04:36:16 | INFO     | OK https://skeb.jp/api/users/ca__mei
2026-07-20 04:36:16 | INFO     | Saving at a/skeb/ca__mei-288e71.json
2026-07-20 04:36:17 | INFO     | OK https://skeb.jp/api/users/sundownerwork
2026-07-20 04:36:17 | INFO     | Saving at a/skeb/sundownerwork-20a6a8.json
2026-07-20 04:36:18 | INFO     | OK https://skeb.jp/api/users/Lagoon_bluebear
2026-07-20 04:36:18 | INFO     | Saving at a/skeb/Lagoon_bluebear-349d40.json
2026-07-20 04:36:19 | INFO     | OK https://skeb.jp/api/users/abus55764787
2026-07-20 04:36:19 | INFO     | Saving at a/skeb/abus55764787-1291ce.json
2026-07-20 04:36:20 | INFO     | OK https://skeb.jp/api/users/budding1003
2026-07-20 04:36:20 | INFO     | Saving at a/skeb/budding1003-405f71.json
2026-07-20 04:36:21 | INFO     | OK https://skeb.jp/api/users/sey__ya
2026-07-20 04:36:21 | INFO     | Saving at a/skeb/sey__ya-e76c11.json
2026-07-20 04:36:22 | INFO     | OK https://skeb.jp/api/users/ou_syoku7
2026-07-20 04:36:22 | INFO     | Saving at a/skeb/ou_syoku7-1fbc82.json
2026-07-20 04:36:23 | INFO     | OK https://skeb.jp/api/users/Bou_wired
2026-07-20 04:36:23 | INFO     | Saving at a/skeb/Bou_wired-09ba19.json
2026-07-20 04:36:24 | INFO     | OK https://skeb.jp/api/users/wtj80
2026-07-20 04:36:24 | INFO     | Saving at a/skeb/wtj80-bb80b4.json
2026-07-20 04:36:25 | INFO     | OK https://skeb.jp/api/users/katae_666
2026-07-20 04:36:25 | INFO     | Saving at a/skeb/katae_666-e296a5.json
2026-07-20 04:36:26 | INFO     | OK https://skeb.jp/api/users/tea_stalk_
2026-07-20 04:36:26 | INFO     | Saving at a/skeb/tea_stalk_-b009e8.json
2026-07-20 04:36:27 | INFO     | OK https://skeb.jp/api/users/mutuki08
2026-07-20 04:36:27 | INFO     | Saving at a/skeb/mutuki08-945834.json
2026-07-20 04:36:28 | INFO     | OK https://skeb.jp/api/users/turuta_ewokaku2
2026-07-20 04:36:28 | INFO     | Saving at a/skeb/turuta_ewokaku2-3c7faf.json
2026-07-20 04:36:29 | INFO     | OK https://skeb.jp/api/users/golden_nabe
2026-07-20 04:36:29 | INFO     | Saving at a/skeb/golden_nabe-a2e243.json
2026-07-20 04:36:30 | INFO     | OK https://skeb.jp/api/users/yuzukoshoudesu
2026-07-20 04:36:30 | INFO     | Saving at a/skeb/yuzukoshoudesu-ac36df.json
2026-07-20 04:36:31 | INFO     | OK https://skeb.jp/api/users/84yyt
2026-07-20 04:36:31 | INFO     | Saving at a/skeb/84yyt-d9823d.json
2026-07-20 04:36:32 | INFO     | OK https://skeb.jp/api/users/snowpowder198
2026-07-20 04:36:32 | INFO     | Saving at a/skeb/snowpowder198-cfb46e.json
2026-07-20 04:36:33 | INFO     | OK https://skeb.jp/api/users/Bee_haji
2026-07-20 04:36:33 | INFO     | Saving at a/skeb/Bee_haji-9dee6b.json
2026-07-20 04:36:34 | INFO     | OK https://skeb.jp/api/users/shidonyan
2026-07-20 04:36:34 | INFO     | Saving at a/skeb/shidonyan-9785ce.json
2026-07-20 04:36:35 | INFO     | OK https://skeb.jp/api/users/hiko0zi
2026-07-20 04:36:35 | INFO     | Saving at a/skeb/hiko0zi-f00d19.json
2026-07-20 04:36:36 | INFO     | OK https://skeb.jp/api/users/shinshin_ki
2026-07-20 04:36:36 | INFO     | Saving at a/skeb/shinshin_ki-ad30d9.json
2026-07-20 04:36:37 | INFO     | OK https://skeb.jp/api/users/s_dassc
2026-07-20 04:36:37 | INFO     | Saving at a/skeb/s_dassc-b90f7e.json
2026-07-20 04:36:38 | INFO     | OK https://skeb.jp/api/users/moemoe_muteki
2026-07-20 04:36:38 | INFO     | Saving at a/skeb/moemoe_muteki-caaf8a.json
2026-07-20 04:36:39 | INFO     | OK https://skeb.jp/api/users/bla_ck_rabbit
2026-07-20 04:36:39 | INFO     | Saving at a/skeb/bla_ck_rabbit-d03250.json
2026-07-20 04:36:40 | INFO     | OK https://skeb.jp/api/users/iga_lassie
2026-07-20 04:36:40 | INFO     | Saving at a/skeb/iga_lassie-08c92b.json
2026-07-20 04:36:41 | INFO     | OK https://skeb.jp/api/users/ma_sakasama
2026-07-20 04:36:41 | INFO     | Saving at a/skeb/ma_sakasama-ed7d5b.json
2026-07-20 04:36:42 | INFO     | OK https://skeb.jp/api/users/mikan_niku9
2026-07-20 04:36:42 | INFO     | Saving at a/skeb/mikan_niku9-b7c7f3.json
2026-07-20 04:36:43 | INFO     | OK https://skeb.jp/api/users/n_uioi
2026-07-20 04:36:43 | INFO     | Saving at a/skeb/n_uioi-dc3243.json
2026-07-20 04:36:44 | INFO     | OK https://skeb.jp/api/users/eichi003
2026-07-20 04:36:44 | INFO     | Saving at a/skeb/eichi003-24bb37.json
2026-07-20 04:36:45 | INFO     | OK https://skeb.jp/api/users/943muta_ya
2026-07-20 04:36:45 | INFO     | Saving at a/skeb/943muta_ya-b6839a.json
2026-07-20 04:36:46 | INFO     | OK https://skeb.jp/api/users/kurimori_
2026-07-20 04:36:46 | INFO     | Saving at a/skeb/kurimori_-a99937.json
2026-07-20 04:36:47 | INFO     | OK https://skeb.jp/api/users/tsubaking_11
2026-07-20 04:36:47 | INFO     | Saving at a/skeb/tsubaking_11-900513.json
2026-07-20 04:36:48 | INFO     | OK https://skeb.jp/api/users/kunom1ya
2026-07-20 04:36:48 | INFO     | Saving at a/skeb/kunom1ya-7c55c5.json
2026-07-20 04:36:49 | INFO     | OK https://skeb.jp/api/users/naonimal
2026-07-20 04:36:49 | INFO     | Saving at a/skeb/naonimal-385d73.json
2026-07-20 04:36:50 | INFO     | OK https://skeb.jp/api/users/Eruna_kp
2026-07-20 04:36:50 | INFO     | Saving at a/skeb/Eruna_kp-a0b38e.json
2026-07-20 04:36:51 | INFO     | OK https://skeb.jp/api/users/AB_fr_TN
2026-07-20 04:36:51 | INFO     | Saving at a/skeb/AB_fr_TN-6e5c50.json
2026-07-20 04:36:52 | INFO     | OK https://skeb.jp/api/users/_mrn_mr
2026-07-20 04:36:52 | INFO     | Saving at a/skeb/_mrn_mr-d87567.json
2026-07-20 04:36:53 | INFO     | OK https://skeb.jp/api/users/Ro_om12345
2026-07-20 04:36:53 | INFO     | Saving at a/skeb/Ro_om12345-b06727.json
2026-07-20 04:36:54 | INFO     | OK https://skeb.jp/api/users/10vely_____
2026-07-20 04:36:54 | INFO     | Saving at a/skeb/10vely_____-2aae8e.json
2026-07-20 04:36:55 | INFO     | OK https://skeb.jp/api/users/mam1ya_7mi
2026-07-20 04:36:55 | INFO     | Saving at a/skeb/mam1ya_7mi-194a9a.json
2026-07-20 04:36:56 | INFO     | OK https://skeb.jp/api/users/oekakiidolneko2
2026-07-20 04:36:56 | INFO     | Saving at a/skeb/oekakiidolneko2-a9c970.json
2026-07-20 04:36:57 | INFO     | OK https://skeb.jp/api/users/tuyukino_uta
2026-07-20 04:36:57 | INFO     | Saving at a/skeb/tuyukino_uta-d14cc6.json
2026-07-20 04:36:58 | INFO     | OK https://skeb.jp/api/users/sazyou_dnrk
2026-07-20 04:36:58 | INFO     | Saving at a/skeb/sazyou_dnrk-b19c10.json
2026-07-20 04:36:59 | INFO     | OK https://skeb.jp/api/users/voyagetea112425
2026-07-20 04:36:59 | INFO     | Saving at a/skeb/voyagetea112425-26c086.json
2026-07-20 04:37:00 | INFO     | OK https://skeb.jp/api/users/confidential_y
2026-07-20 04:37:00 | INFO     | Saving at a/skeb/confidential_y-efddc1.json
2026-07-20 04:37:01 | INFO     | OK https://skeb.jp/api/users/flisk1129
2026-07-20 04:37:01 | INFO     | Saving at a/skeb/flisk1129-f7b980.json
2026-07-20 04:37:02 | INFO     | OK https://skeb.jp/api/users/15coro_aaa
2026-07-20 04:37:02 | INFO     | Saving at a/skeb/15coro_aaa-8a5436.json
2026-07-20 04:37:03 | INFO     | OK https://skeb.jp/api/users/_KapVamp
2026-07-20 04:37:03 | INFO     | Saving at a/skeb/_KapVamp-f70b42.json
2026-07-20 04:37:04 | INFO     | OK https://skeb.jp/api/users/amatouxu
2026-07-20 04:37:04 | INFO     | Saving at a/skeb/amatouxu-8e4958.json
2026-07-20 04:37:05 | INFO     | OK https://skeb.jp/api/users/moshikashiteaaa
2026-07-20 04:37:05 | INFO     | Saving at a/skeb/moshikashiteaaa-afbe56.json
2026-07-20 04:37:06 | INFO     | OK https://skeb.jp/api/users/fuwa2pinktyan
2026-07-20 04:37:06 | INFO     | Saving at a/skeb/fuwa2pinktyan-1681cc.json
2026-07-20 04:37:07 | INFO     | OK https://skeb.jp/api/users/srippa_2soku
2026-07-20 04:37:07 | INFO     | Saving at a/skeb/srippa_2soku-20a4bb.json
2026-07-20 04:37:08 | INFO     | OK https://skeb.jp/api/users/inabakurous
2026-07-20 04:37:08 | INFO     | Saving at a/skeb/inabakurous-3e392b.json
2026-07-20 04:37:09 | INFO     | OK https://skeb.jp/api/users/YMZva8MBa163317
2026-07-20 04:37:09 | INFO     | Saving at a/skeb/YMZva8MBa163317-ee4fcb.json
2026-07-20 04:37:10 | INFO     | OK https://skeb.jp/api/users/SakuraIbuki
2026-07-20 04:37:10 | INFO     | Saving at a/skeb/SakuraIbuki-e20669.json
2026-07-20 04:37:11 | INFO     | OK https://skeb.jp/api/users/ats2nd
2026-07-20 04:37:11 | INFO     | Saving at a/skeb/ats2nd-e065d9.json
2026-07-20 04:37:12 | INFO     | OK https://skeb.jp/api/users/posya975
2026-07-20 04:37:12 | INFO     | Saving at a/skeb/posya975-1f83b4.json
2026-07-20 04:37:13 | INFO     | OK https://skeb.jp/api/users/aonomumei
2026-07-20 04:37:13 | INFO     | Saving at a/skeb/aonomumei-ae97b6.json
2026-07-20 04:37:14 | INFO     | OK https://skeb.jp/api/users/kmizuq1
2026-07-20 04:37:14 | INFO     | Saving at a/skeb/kmizuq1-1073fc.json
2026-07-20 04:37:15 | INFO     | OK https://skeb.jp/api/users/mayomakadays
2026-07-20 04:37:15 | INFO     | Saving at a/skeb/mayomakadays-48f095.json
2026-07-20 04:37:16 | INFO     | OK https://skeb.jp/api/users/chinpokonyan
2026-07-20 04:37:16 | INFO     | Saving at a/skeb/chinpokonyan-445cf7.json
2026-07-20 04:37:17 | INFO     | OK https://skeb.jp/api/users/komomo2899
2026-07-20 04:37:17 | INFO     | Saving at a/skeb/komomo2899-30e741.json
2026-07-20 04:37:18 | INFO     | OK https://skeb.jp/api/users/konmu626
2026-07-20 04:37:18 | INFO     | Saving at a/skeb/konmu626-baa708.json
2026-07-20 04:37:19 | INFO     | OK https://skeb.jp/api/users/reki_00
2026-07-20 04:37:19 | INFO     | Saving at a/skeb/reki_00-8cdff2.json
2026-07-20 04:37:20 | INFO     | OK https://skeb.jp/api/users/shiosai_310
2026-07-20 04:37:20 | INFO     | Saving at a/skeb/shiosai_310-190a60.json
2026-07-20 04:37:21 | INFO     | OK https://skeb.jp/api/users/nekoP_X_00
2026-07-20 04:37:21 | INFO     | Saving at a/skeb/nekoP_X_00-6db9d3.json
2026-07-20 04:37:22 | INFO     | OK https://skeb.jp/api/users/heyadokari
2026-07-20 04:37:22 | INFO     | Saving at a/skeb/heyadokari-05bef9.json
2026-07-20 04:37:23 | INFO     | OK https://skeb.jp/api/users/pen_117
2026-07-20 04:37:23 | INFO     | Saving at a/skeb/pen_117-fa4c28.json
2026-07-20 04:37:24 | INFO     | OK https://skeb.jp/api/users/mizuto_aya
2026-07-20 04:37:24 | INFO     | Saving at a/skeb/mizuto_aya-cb41f3.json
2026-07-20 04:37:25 | INFO     | OK https://skeb.jp/api/users/mochi_tas113
2026-07-20 04:37:25 | INFO     | Saving at a/skeb/mochi_tas113-806797.json
2026-07-20 04:37:26 | INFO     | OK https://skeb.jp/api/users/Suzuki_mox
2026-07-20 04:37:26 | INFO     | Saving at a/skeb/Suzuki_mox-cb80de.json
2026-07-20 04:37:27 | INFO     | OK https://skeb.jp/api/users/sui__123
2026-07-20 04:37:27 | INFO     | Saving at a/skeb/sui__123-657a69.json
2026-07-20 04:37:28 | INFO     | OK https://skeb.jp/api/users/Haruozi
2026-07-20 04:37:28 | INFO     | Saving at a/skeb/Haruozi-69a10e.json
2026-07-20 04:37:29 | INFO     | OK https://skeb.jp/api/users/__MMTW
2026-07-20 04:37:29 | INFO     | Saving at a/skeb/__MMTW-85a6a8.json
2026-07-20 04:37:30 | INFO     | OK https://skeb.jp/api/users/mugishouchukura
2026-07-20 04:37:30 | INFO     | Saving at a/skeb/mugishouchukura-4a2262.json
2026-07-20 04:37:31 | INFO     | OK https://skeb.jp/api/users/doldolphin
2026-07-20 04:37:31 | INFO     | Saving at a/skeb/doldolphin-1fa0de.json
2026-07-20 04:37:32 | INFO     | OK https://skeb.jp/api/users/mel96753471
2026-07-20 04:37:32 | INFO     | Saving at a/skeb/mel96753471-8520c8.json
2026-07-20 04:37:33 | INFO     | OK https://skeb.jp/api/users/Kashiki_zatta
2026-07-20 04:37:33 | INFO     | Saving at a/skeb/Kashiki_zatta-64b2ca.json
2026-07-20 04:37:34 | INFO     | OK https://skeb.jp/api/users/f0bLv95bwU32258
2026-07-20 04:37:34 | INFO     | Saving at a/skeb/f0bLv95bwU32258-124323.json
2026-07-20 04:37:35 | INFO     | OK https://skeb.jp/api/users/Red10am
2026-07-20 04:37:35 | INFO     | Saving at a/skeb/Red10am-91389e.json
2026-07-20 04:37:36 | INFO     | OK https://skeb.jp/api/users/aktrp9
2026-07-20 04:37:36 | INFO     | Saving at a/skeb/aktrp9-2b1e8c.json
2026-07-20 04:37:37 | INFO     | OK https://skeb.jp/api/users/hikaruuuuuuu010101
2026-07-20 04:37:37 | INFO     | Saving at a/skeb/hikaruuuuuuu010101-007c12.json
2026-07-20 04:37:38 | INFO     | OK https://skeb.jp/api/users/Komemamesub
2026-07-20 04:37:38 | INFO     | Saving at a/skeb/Komemamesub-ca6359.json
2026-07-20 04:37:39 | INFO     | OK https://skeb.jp/api/users/haise_0207
2026-07-20 04:37:39 | INFO     | Saving at a/skeb/haise_0207-017f2b.json
2026-07-20 04:37:40 | INFO     | OK https://skeb.jp/api/users/same_xxlo
2026-07-20 04:37:40 | INFO     | Saving at a/skeb/same_xxlo-ac40b8.json
2026-07-20 04:37:41 | INFO     | OK https://skeb.jp/api/users/flilbtn
2026-07-20 04:37:41 | INFO     | Saving at a/skeb/flilbtn-970597.json
2026-07-20 04:37:43 | INFO     | OK https://skeb.jp/api/users/aota_xxx
2026-07-20 04:37:43 | INFO     | Saving at a/skeb/aota_xxx-02bc05.json
2026-07-20 04:37:43 | INFO     | OK https://skeb.jp/api/users/Kaju_4_
2026-07-20 04:37:43 | INFO     | Saving at a/skeb/Kaju_4_-5a7d92.json
2026-07-20 04:37:44 | INFO     | OK https://skeb.jp/api/users/uni_ga_morimori
2026-07-20 04:37:44 | INFO     | Saving at a/skeb/uni_ga_morimori-46c98d.json
2026-07-20 04:37:45 | INFO     | OK https://skeb.jp/api/users/onomiren00
2026-07-20 04:37:45 | INFO     | Saving at a/skeb/onomiren00-733475.json
2026-07-20 04:37:46 | INFO     | OK https://skeb.jp/api/users/Hirameeee
2026-07-20 04:37:46 | INFO     | Saving at a/skeb/Hirameeee-2ae373.json
2026-07-20 04:37:47 | INFO     | OK https://skeb.jp/api/users/shirouzu_mutant
2026-07-20 04:37:47 | INFO     | Saving at a/skeb/shirouzu_mutant-dd6d60.json
2026-07-20 04:37:48 | INFO     | OK https://skeb.jp/api/users/daidai_009
2026-07-20 04:37:48 | INFO     | Saving at a/skeb/daidai_009-f611b4.json
2026-07-20 04:37:49 | INFO     | OK https://skeb.jp/api/users/Tet0ramid
2026-07-20 04:37:49 | INFO     | Saving at a/skeb/Tet0ramid-822aa3.json
2026-07-20 04:37:50 | INFO     | OK https://skeb.jp/api/users/AgohigeX
2026-07-20 04:37:50 | INFO     | Saving at a/skeb/AgohigeX-8731ff.json
2026-07-20 04:37:51 | INFO     | OK https://skeb.jp/api/users/_x1801
2026-07-20 04:37:51 | INFO     | Saving at a/skeb/_x1801-dc9c53.json
2026-07-20 04:37:53 | INFO     | OK https://skeb.jp/api/users/mery_skeb
2026-07-20 04:37:53 | INFO     | Saving at a/skeb/mery_skeb-e5fac9.json
2026-07-20 04:37:54 | INFO     | OK https://skeb.jp/api/users/Refia_25
2026-07-20 04:37:54 | INFO     | Saving at a/skeb/Refia_25-0ffb0e.json
2026-07-20 04:37:54 | INFO     | OK https://skeb.jp/api/users/potatoto_sakana
2026-07-20 04:37:54 | INFO     | Saving at a/skeb/potatoto_sakana-ab44a8.json
2026-07-20 04:37:55 | INFO     | OK https://skeb.jp/api/users/Redkingtaraba
2026-07-20 04:37:55 | INFO     | Saving at a/skeb/Redkingtaraba-4e3887.json
2026-07-20 04:37:56 | INFO     | OK https://skeb.jp/api/users/chizechize
2026-07-20 04:37:56 | INFO     | Saving at a/skeb/chizechize-d204b6.json
2026-07-20 04:37:57 | INFO     | OK https://skeb.jp/api/users/mitarashi_neko
2026-07-20 04:37:57 | INFO     | Saving at a/skeb/mitarashi_neko-2ce353.json
2026-07-20 04:37:58 | INFO     | OK https://skeb.jp/api/users/mti_m_v
2026-07-20 04:37:58 | INFO     | Saving at a/skeb/mti_m_v-bc5eec.json
2026-07-20 04:37:59 | INFO     | OK https://skeb.jp/api/users/Sakuma804331
2026-07-20 04:37:59 | INFO     | Saving at a/skeb/Sakuma804331-cd80d7.json
2026-07-20 04:38:00 | INFO     | OK https://skeb.jp/api/users/Udon_Dasichao
2026-07-20 04:38:00 | INFO     | Saving at a/skeb/Udon_Dasichao-c28c43.json
2026-07-20 04:38:01 | INFO     | OK https://skeb.jp/api/users/Koto_Rabbit75
2026-07-20 04:38:01 | INFO     | Saving at a/skeb/Koto_Rabbit75-ad30cc.json
2026-07-20 04:38:02 | INFO     | OK https://skeb.jp/api/users/BLACKGHOST1223
2026-07-20 04:38:02 | INFO     | Saving at a/skeb/BLACKGHOST1223-409538.json
2026-07-20 04:38:03 | INFO     | OK https://skeb.jp/api/users/undrea804
2026-07-20 04:38:03 | INFO     | Saving at a/skeb/undrea804-c983b1.json
2026-07-20 04:38:04 | INFO     | OK https://skeb.jp/api/users/Bani53638
2026-07-20 04:38:04 | INFO     | Saving at a/skeb/Bani53638-65f152.json
2026-07-20 04:38:05 | INFO     | OK https://skeb.jp/api/users/kagura_Wsk
2026-07-20 04:38:05 | INFO     | Saving at a/skeb/kagura_Wsk-66759d.json
2026-07-20 04:38:06 | INFO     | OK https://skeb.jp/api/users/nagu_0568gugu
2026-07-20 04:38:06 | INFO     | Saving at a/skeb/nagu_0568gugu-37b201.json
2026-07-20 04:38:07 | INFO     | OK https://skeb.jp/api/users/yuishiro0
2026-07-20 04:38:07 | INFO     | Saving at a/skeb/yuishiro0-4b06f6.json
2026-07-20 04:38:08 | INFO     | OK https://skeb.jp/api/users/rakuraku_kmczk
2026-07-20 04:38:08 | INFO     | Saving at a/skeb/rakuraku_kmczk-d08418.json
2026-07-20 04:38:09 | INFO     | OK https://skeb.jp/api/users/koshimakitokage
2026-07-20 04:38:09 | INFO     | Saving at a/skeb/koshimakitokage-6dcd32.json
2026-07-20 04:38:10 | INFO     | OK https://skeb.jp/api/users/VKbAXbj3kQ
2026-07-20 04:38:10 | INFO     | Saving at a/skeb/VKbAXbj3kQ-98c3ec.json
2026-07-20 04:38:11 | INFO     | OK https://skeb.jp/api/users/inui_tyan
2026-07-20 04:38:11 | INFO     | Saving at a/skeb/inui_tyan-22f13c.json
2026-07-20 04:38:12 | INFO     | OK https://skeb.jp/api/users/gn8_bird
2026-07-20 04:38:12 | INFO     | Saving at a/skeb/gn8_bird-8d9d1b.json
2026-07-20 04:38:13 | INFO     | OK https://skeb.jp/api/users/merino_marie48
2026-07-20 04:38:13 | INFO     | Saving at a/skeb/merino_marie48-0bfc61.json
2026-07-20 04:38:14 | INFO     | OK https://skeb.jp/api/users/meakirame
2026-07-20 04:38:14 | INFO     | Saving at a/skeb/meakirame-812a11.json
2026-07-20 04:38:15 | INFO     | OK https://skeb.jp/api/users/p4ch1m
2026-07-20 04:38:15 | INFO     | Saving at a/skeb/p4ch1m-0a9a11.json
2026-07-20 04:38:16 | INFO     | OK https://skeb.jp/api/users/mauxoffr
2026-07-20 04:38:16 | INFO     | Saving at a/skeb/mauxoffr-4ac536.json
2026-07-20 04:38:17 | INFO     | OK https://skeb.jp/api/users/somachintes
2026-07-20 04:38:17 | INFO     | Saving at a/skeb/somachintes-808b7d.json
2026-07-20 04:38:18 | INFO     | OK https://skeb.jp/api/users/a_pic_picture
2026-07-20 04:38:18 | INFO     | Saving at a/skeb/a_pic_picture-64830f.json
2026-07-20 04:38:19 | INFO     | OK https://skeb.jp/api/users/Inked_map
2026-07-20 04:38:19 | INFO     | Saving at a/skeb/Inked_map-bf04ea.json
2026-07-20 04:38:20 | INFO     | OK https://skeb.jp/api/users/johnny91259070
2026-07-20 04:38:20 | INFO     | Saving at a/skeb/johnny91259070-4a0bfd.json
2026-07-20 04:38:21 | INFO     | OK https://skeb.jp/api/users/Ch_Ro49
2026-07-20 04:38:21 | INFO     | Saving at a/skeb/Ch_Ro49-f05487.json
2026-07-20 04:38:22 | INFO     | OK https://skeb.jp/api/users/osaosa_kouzyou
2026-07-20 04:38:22 | INFO     | Saving at a/skeb/osaosa_kouzyou-ee40ec.json
2026-07-20 04:38:23 | INFO     | OK https://skeb.jp/api/users/i_rasuto_yorozu
2026-07-20 04:38:23 | INFO     | Saving at a/skeb/i_rasuto_yorozu-e4deeb.json
2026-07-20 04:38:24 | INFO     | OK https://skeb.jp/api/users/sankaku_0nigiri
2026-07-20 04:38:24 | INFO     | Saving at a/skeb/sankaku_0nigiri-f0fade.json
2026-07-20 04:38:25 | INFO     | OK https://skeb.jp/api/users/inainai_nai_
2026-07-20 04:38:25 | INFO     | Saving at a/skeb/inainai_nai_-730a54.json
2026-07-20 04:38:26 | INFO     | OK https://skeb.jp/api/users/10moccc
2026-07-20 04:38:26 | INFO     | Saving at a/skeb/10moccc-363c70.json
2026-07-20 04:38:27 | INFO     | OK https://skeb.jp/api/users/szpw_nmh3
2026-07-20 04:38:27 | INFO     | Saving at a/skeb/szpw_nmh3-e8280f.json
2026-07-20 04:38:28 | INFO     | OK https://skeb.jp/api/users/s_Illust03
2026-07-20 04:38:28 | INFO     | Saving at a/skeb/s_Illust03-73df31.json
2026-07-20 04:38:29 | INFO     | OK https://skeb.jp/api/users/8s4_q
2026-07-20 04:38:29 | INFO     | Saving at a/skeb/8s4_q-cbf458.json
2026-07-20 04:38:30 | INFO     | OK https://skeb.jp/api/users/illustnekoi
2026-07-20 04:38:30 | INFO     | Saving at a/skeb/illustnekoi-21f610.json
2026-07-20 04:38:31 | INFO     | OK https://skeb.jp/api/users/ann7dornat
2026-07-20 04:38:31 | INFO     | Saving at a/skeb/ann7dornat-c5f3f2.json
2026-07-20 04:38:32 | INFO     | OK https://skeb.jp/api/users/knicat
2026-07-20 04:38:32 | INFO     | Saving at a/skeb/knicat-ab6418.json
2026-07-20 04:38:33 | INFO     | OK https://skeb.jp/api/users/_oxo_p0
2026-07-20 04:38:33 | INFO     | Saving at a/skeb/_oxo_p0-996f5f.json
2026-07-20 04:38:34 | INFO     | OK https://skeb.jp/api/users/maromaru_1010
2026-07-20 04:38:34 | INFO     | Saving at a/skeb/maromaru_1010-a8f345.json
2026-07-20 04:38:35 | INFO     | OK https://skeb.jp/api/users/kuzumochi800
2026-07-20 04:38:35 | INFO     | Saving at a/skeb/kuzumochi800-2fafc1.json
2026-07-20 04:38:36 | INFO     | OK https://skeb.jp/api/users/habimaru3
2026-07-20 04:38:36 | INFO     | Saving at a/skeb/habimaru3-01f100.json
2026-07-20 04:38:37 | INFO     | OK https://skeb.jp/api/users/SIN_EMU
2026-07-20 04:38:37 | INFO     | Saving at a/skeb/SIN_EMU-ddbf66.json
2026-07-20 04:38:38 | INFO     | OK https://skeb.jp/api/users/megupuluie
2026-07-20 04:38:38 | INFO     | Saving at a/skeb/megupuluie-1dc8e3.json
2026-07-20 04:38:39 | INFO     | OK https://skeb.jp/api/users/hanosato
2026-07-20 04:38:39 | INFO     | Saving at a/skeb/hanosato-c781ba.json
2026-07-20 04:38:40 | INFO     | OK https://skeb.jp/api/users/B5TNky
2026-07-20 04:38:40 | INFO     | Saving at a/skeb/B5TNky-616b6a.json
2026-07-20 04:38:41 | INFO     | OK https://skeb.jp/api/users/Sarto
2026-07-20 04:38:41 | INFO     | Saving at a/skeb/Sarto-6ada0a.json
2026-07-20 04:38:42 | INFO     | OK https://skeb.jp/api/users/serotoninncat22
2026-07-20 04:38:42 | INFO     | Saving at a/skeb/serotoninncat22-e6579d.json
2026-07-20 04:38:43 | INFO     | OK https://skeb.jp/api/users/wat4si
2026-07-20 04:38:43 | INFO     | Saving at a/skeb/wat4si-a613a2.json
2026-07-20 04:38:44 | INFO     | OK https://skeb.jp/api/users/nasukeke_l_nuwa
2026-07-20 04:38:44 | INFO     | Saving at a/skeb/nasukeke_l_nuwa-c2d0c3.json
2026-07-20 04:38:46 | INFO     | OK https://skeb.jp/api/users/tyanago
2026-07-20 04:38:46 | INFO     | Saving at a/skeb/tyanago-e42d1b.json
2026-07-20 04:38:46 | INFO     | OK https://skeb.jp/api/users/namakurage
2026-07-20 04:38:46 | INFO     | Saving at a/skeb/namakurage-ba74f7.json
2026-07-20 04:38:47 | INFO     | OK https://skeb.jp/api/users/wanwa_fufu
2026-07-20 04:38:47 | INFO     | Saving at a/skeb/wanwa_fufu-8f3d11.json
2026-07-20 04:38:48 | INFO     | OK https://skeb.jp/api/users/eck16614
2026-07-20 04:38:48 | INFO     | Saving at a/skeb/eck16614-3d4d78.json
2026-07-20 04:38:49 | INFO     | OK https://skeb.jp/api/users/ek_ra
2026-07-20 04:38:49 | INFO     | Saving at a/skeb/ek_ra-87e87c.json
2026-07-20 04:38:50 | INFO     | OK https://skeb.jp/api/users/4_gxp
2026-07-20 04:38:50 | INFO     | Saving at a/skeb/4_gxp-94ca28.json
2026-07-20 04:38:51 | INFO     | OK https://skeb.jp/api/users/hareiro_glass
2026-07-20 04:38:51 | INFO     | Saving at a/skeb/hareiro_glass-f8b7c0.json
2026-07-20 04:38:52 | INFO     | OK https://skeb.jp/api/users/EBEU4H66YA68771
2026-07-20 04:38:52 | INFO     | Saving at a/skeb/EBEU4H66YA68771-861ff4.json
2026-07-20 04:38:53 | INFO     | OK https://skeb.jp/api/users/chisagi_sachi
2026-07-20 04:38:53 | INFO     | Saving at a/skeb/chisagi_sachi-f30416.json
2026-07-20 04:38:54 | INFO     | OK https://skeb.jp/api/users/Mulog
2026-07-20 04:38:54 | INFO     | Saving at a/skeb/Mulog-17624b.json
2026-07-20 04:38:55 | INFO     | OK https://skeb.jp/api/users/koda_yashi
2026-07-20 04:38:55 | INFO     | Saving at a/skeb/koda_yashi-fde64f.json
2026-07-20 04:38:56 | INFO     | OK https://skeb.jp/api/users/ao3_ru
2026-07-20 04:38:56 | INFO     | Saving at a/skeb/ao3_ru-7820ba.json
2026-07-20 04:38:57 | INFO     | OK https://skeb.jp/api/users/seamoth4
2026-07-20 04:38:57 | INFO     | Saving at a/skeb/seamoth4-ef7bff.json
2026-07-20 04:38:58 | INFO     | OK https://skeb.jp/api/users/mosoro_r
2026-07-20 04:38:58 | INFO     | Saving at a/skeb/mosoro_r-85575c.json
2026-07-20 04:38:59 | INFO     | OK https://skeb.jp/api/users/Kta_osushi
2026-07-20 04:38:59 | INFO     | Saving at a/skeb/Kta_osushi-a387ec.json
2026-07-20 04:39:00 | INFO     | OK https://skeb.jp/api/users/tatatatatan05
2026-07-20 04:39:00 | INFO     | Saving at a/skeb/tatatatatan05-fe5034.json
2026-07-20 04:39:01 | INFO     | OK https://skeb.jp/api/users/zaso_
2026-07-20 04:39:01 | INFO     | Saving at a/skeb/zaso_-fcbe24.json
2026-07-20 04:39:02 | INFO     | OK https://skeb.jp/api/users/DIYHiGE_
2026-07-20 04:39:02 | INFO     | Saving at a/skeb/DIYHiGE_-99ca1c.json
2026-07-20 04:39:03 | INFO     | OK https://skeb.jp/api/users/mfmfcha
2026-07-20 04:39:03 | INFO     | Saving at a/skeb/mfmfcha-75de41.json
2026-07-20 04:39:04 | INFO     | OK https://skeb.jp/api/users/Aries_end
2026-07-20 04:39:04 | INFO     | Saving at a/skeb/Aries_end-7efa1f.json
2026-07-20 04:39:05 | INFO     | OK https://skeb.jp/api/users/kerina_now
2026-07-20 04:39:05 | INFO     | Saving at a/skeb/kerina_now-e687d8.json
2026-07-20 04:39:06 | INFO     | OK https://skeb.jp/api/users/dokadokadake
2026-07-20 04:39:06 | INFO     | Saving at a/skeb/dokadokadake-cc8e48.json
2026-07-20 04:39:07 | INFO     | OK https://skeb.jp/api/users/kasabo0
2026-07-20 04:39:07 | INFO     | Saving at a/skeb/kasabo0-66a414.json
2026-07-20 04:39:08 | INFO     | OK https://skeb.jp/api/users/_meguri_meguru_
2026-07-20 04:39:08 | INFO     | Saving at a/skeb/_meguri_meguru_-35e8f5.json
2026-07-20 04:39:09 | INFO     | OK https://skeb.jp/api/users/yokka_salt
2026-07-20 04:39:09 | INFO     | Saving at a/skeb/yokka_salt-6dc97e.json
2026-07-20 04:39:11 | INFO     | OK https://skeb.jp/api/users/UdonKNKNloli45
2026-07-20 04:39:11 | INFO     | Saving at a/skeb/UdonKNKNloli45-397ce6.json
2026-07-20 04:39:12 | INFO     | OK https://skeb.jp/api/users/West_nskt
2026-07-20 04:39:12 | INFO     | Saving at a/skeb/West_nskt-a2b6fc.json
2026-07-20 04:39:12 | INFO     | OK https://skeb.jp/api/users/fWnNQPpWct
2026-07-20 04:39:12 | INFO     | Saving at a/skeb/fWnNQPpWct-ca627c.json
2026-07-20 04:39:13 | INFO     | OK https://skeb.jp/api/users/user_name0705
2026-07-20 04:39:13 | INFO     | Saving at a/skeb/user_name0705-c998c1.json
2026-07-20 04:39:14 | INFO     | OK https://skeb.jp/api/users/ioriran04
2026-07-20 04:39:14 | INFO     | Saving at a/skeb/ioriran04-4adf71.json
2026-07-20 04:39:15 | INFO     | OK https://skeb.jp/api/users/CORNPOTA_art2
2026-07-20 04:39:15 | INFO     | Saving at a/skeb/CORNPOTA_art2-f30c2c.json
2026-07-20 04:39:16 | INFO     | OK https://skeb.jp/api/users/hamelon310
2026-07-20 04:39:16 | INFO     | Saving at a/skeb/hamelon310-d25e72.json
2026-07-20 04:39:17 | INFO     | OK https://skeb.jp/api/users/yuninn00
2026-07-20 04:39:17 | INFO     | Saving at a/skeb/yuninn00-2f7b1d.json
2026-07-20 04:39:18 | INFO     | OK https://skeb.jp/api/users/Next_toMountain
2026-07-20 04:39:18 | INFO     | Saving at a/skeb/Next_toMountain-878fbb.json
2026-07-20 04:39:19 | INFO     | OK https://skeb.jp/api/users/O_UFO_O
2026-07-20 04:39:19 | INFO     | Saving at a/skeb/O_UFO_O-16e8c2.json
2026-07-20 04:39:20 | INFO     | OK https://skeb.jp/api/users/misuter_x
2026-07-20 04:39:20 | INFO     | Saving at a/skeb/misuter_x-3ea4eb.json
2026-07-20 04:39:21 | INFO     | OK https://skeb.jp/api/users/h77kobato
2026-07-20 04:39:21 | INFO     | Saving at a/skeb/h77kobato-4b6f92.json
2026-07-20 04:39:22 | INFO     | OK https://skeb.jp/api/users/miyabi_fujieda
2026-07-20 04:39:22 | INFO     | Saving at a/skeb/miyabi_fujieda-290476.json
2026-07-20 04:39:23 | INFO     | OK https://skeb.jp/api/users/tr0suke_cos
2026-07-20 04:39:23 | INFO     | Saving at a/skeb/tr0suke_cos-054209.json
2026-07-20 04:39:24 | INFO     | OK https://skeb.jp/api/users/porupopi
2026-07-20 04:39:24 | INFO     | Saving at a/skeb/porupopi-72596e.json
2026-07-20 04:39:25 | INFO     | OK https://skeb.jp/api/users/janvpv
2026-07-20 04:39:25 | INFO     | Saving at a/skeb/janvpv-5d53e7.json
2026-07-20 04:39:26 | INFO     | OK https://skeb.jp/api/users/Kokuu_17
2026-07-20 04:39:26 | INFO     | Saving at a/skeb/Kokuu_17-de42ef.json
2026-07-20 04:39:27 | INFO     | OK https://skeb.jp/api/users/takochan556
2026-07-20 04:39:27 | INFO     | Saving at a/skeb/takochan556-b3abd6.json
2026-07-20 04:39:28 | INFO     | OK https://skeb.jp/api/users/cat_suitaiyo
2026-07-20 04:39:28 | INFO     | Saving at a/skeb/cat_suitaiyo-82b329.json
2026-07-20 04:39:29 | INFO     | OK https://skeb.jp/api/users/JuiceboxPixel
2026-07-20 04:39:29 | INFO     | Saving at a/skeb/JuiceboxPixel-5ea0a1.json
2026-07-20 04:39:30 | INFO     | OK https://skeb.jp/api/users/ya_ermt
2026-07-20 04:39:30 | INFO     | Saving at a/skeb/ya_ermt-ae1a76.json
2026-07-20 04:39:31 | INFO     | OK https://skeb.jp/api/users/yougota9ol
2026-07-20 04:39:31 | INFO     | Saving at a/skeb/yougota9ol-2ae745.json
2026-07-20 04:39:32 | INFO     | OK https://skeb.jp/api/users/inuharikomama
2026-07-20 04:39:32 | INFO     | Saving at a/skeb/inuharikomama-edbb72.json
2026-07-20 04:39:33 | INFO     | OK https://skeb.jp/api/users/zettai22
2026-07-20 04:39:33 | INFO     | Saving at a/skeb/zettai22-728462.json
2026-07-20 04:39:34 | INFO     | OK https://skeb.jp/api/users/Okm_NsB
2026-07-20 04:39:34 | INFO     | Saving at a/skeb/Okm_NsB-a67973.json
2026-07-20 04:39:35 | INFO     | OK https://skeb.jp/api/users/78cFr8ZREXhpDj1
2026-07-20 04:39:35 | INFO     | Saving at a/skeb/78cFr8ZREXhpDj1-fb47c8.json
2026-07-20 04:39:36 | INFO     | OK https://skeb.jp/api/users/aaaaate
2026-07-20 04:39:36 | INFO     | Saving at a/skeb/aaaaate-964aec.json
2026-07-20 04:39:37 | INFO     | OK https://skeb.jp/api/users/ebimirin1214
2026-07-20 04:39:37 | INFO     | Saving at a/skeb/ebimirin1214-28f96f.json
2026-07-20 04:39:38 | INFO     | OK https://skeb.jp/api/users/SeiranAichi
2026-07-20 04:39:38 | INFO     | Saving at a/skeb/SeiranAichi-e4884e.json
2026-07-20 04:39:40 | INFO     | OK https://skeb.jp/api/users/pchandayo_
2026-07-20 04:39:40 | INFO     | Saving at a/skeb/pchandayo_-f8a24c.json
2026-07-20 04:39:40 | INFO     | OK https://skeb.jp/api/users/naaka
2026-07-20 04:39:40 | INFO     | Saving at a/skeb/naaka-cd0af9.json
2026-07-20 04:39:41 | INFO     | OK https://skeb.jp/api/users/PwJPN7blid86013
2026-07-20 04:39:41 | INFO     | Saving at a/skeb/PwJPN7blid86013-83551b.json
2026-07-20 04:39:42 | INFO     | OK https://skeb.jp/api/users/muki_butu___
2026-07-20 04:39:42 | INFO     | Saving at a/skeb/muki_butu___-d8c50e.json
2026-07-20 04:39:43 | INFO     | OK https://skeb.jp/api/users/Suriburi06
2026-07-20 04:39:43 | INFO     | Saving at a/skeb/Suriburi06-a77824.json
2026-07-20 04:39:44 | INFO     | OK https://skeb.jp/api/users/210shinnkawaii
2026-07-20 04:39:44 | INFO     | Saving at a/skeb/210shinnkawaii-2014b9.json
2026-07-20 04:39:45 | INFO     | OK https://skeb.jp/api/users/Hiraume42
2026-07-20 04:39:45 | INFO     | Saving at a/skeb/Hiraume42-4710e6.json
2026-07-20 04:39:46 | INFO     | OK https://skeb.jp/api/users/Acine_to
2026-07-20 04:39:46 | INFO     | Saving at a/skeb/Acine_to-909cb8.json
2026-07-20 04:39:47 | INFO     | OK https://skeb.jp/api/users/Seira_moon17
2026-07-20 04:39:47 | INFO     | Saving at a/skeb/Seira_moon17-f09f6f.json
2026-07-20 04:39:48 | INFO     | OK https://skeb.jp/api/users/tachigori_ako
2026-07-20 04:39:48 | INFO     | Saving at a/skeb/tachigori_ako-bde7d8.json
2026-07-20 04:39:49 | INFO     | OK https://skeb.jp/api/users/ryu_insect
2026-07-20 04:39:49 | INFO     | Saving at a/skeb/ryu_insect-966d5c.json
2026-07-20 04:39:50 | INFO     | OK https://skeb.jp/api/users/namekomarron
2026-07-20 04:39:50 | INFO     | Saving at a/skeb/namekomarron-fade31.json
2026-07-20 04:39:51 | INFO     | OK https://skeb.jp/api/users/miya222skb
2026-07-20 04:39:51 | INFO     | Saving at a/skeb/miya222skb-4d46d9.json
2026-07-20 04:39:53 | INFO     | OK https://skeb.jp/api/users/suzusiroseri
2026-07-20 04:39:53 | INFO     | Saving at a/skeb/suzusiroseri-d9432c.json
2026-07-20 04:39:54 | INFO     | OK https://skeb.jp/api/users/byakkok99
2026-07-20 04:39:54 | INFO     | Saving at a/skeb/byakkok99-a16af3.json
2026-07-20 04:39:54 | INFO     | OK https://skeb.jp/api/users/kuroiroku961
2026-07-20 04:39:54 | INFO     | Saving at a/skeb/kuroiroku961-bcdef8.json
2026-07-20 04:39:55 | INFO     | OK https://skeb.jp/api/users/yokuto_h2
2026-07-20 04:39:55 | INFO     | Saving at a/skeb/yokuto_h2-3b96c4.json
2026-07-20 04:39:56 | INFO     | OK https://skeb.jp/api/users/yukimaru_0721
2026-07-20 04:39:56 | INFO     | Saving at a/skeb/yukimaru_0721-e81336.json
2026-07-20 04:39:57 | INFO     | OK https://skeb.jp/api/users/wamosukeda
2026-07-20 04:39:57 | INFO     | Saving at a/skeb/wamosukeda-751cae.json
2026-07-20 04:39:58 | INFO     | OK https://skeb.jp/api/users/mimomi_neru
2026-07-20 04:39:58 | INFO     | Saving at a/skeb/mimomi_neru-c5be4f.json
2026-07-20 04:39:59 | INFO     | OK https://skeb.jp/api/users/_minachaso
2026-07-20 04:39:59 | INFO     | Saving at a/skeb/_minachaso-8c933f.json
2026-07-20 04:40:01 | INFO     | OK https://skeb.jp/api/users/kinokoningen
2026-07-20 04:40:01 | INFO     | Saving at a/skeb/kinokoningen-73066b.json
2026-07-20 04:40:01 | INFO     | OK https://skeb.jp/api/users/yomotukaduki
2026-07-20 04:40:01 | INFO     | Saving at a/skeb/yomotukaduki-237c6a.json
2026-07-20 04:40:03 | INFO     | OK https://skeb.jp/api/users/skeb28
2026-07-20 04:40:03 | INFO     | Saving at a/skeb/skeb28-e4fccc.json
2026-07-20 04:40:03 | INFO     | OK https://skeb.jp/api/users/matatabinomoi
2026-07-20 04:40:03 | INFO     | Saving at a/skeb/matatabinomoi-2ed9a0.json
2026-07-20 04:40:04 | INFO     | OK https://skeb.jp/api/users/Unadoom
2026-07-20 04:40:04 | INFO     | Saving at a/skeb/Unadoom-f041eb.json
2026-07-20 04:40:05 | INFO     | OK https://skeb.jp/api/users/basashimeshi
2026-07-20 04:40:05 | INFO     | Saving at a/skeb/basashimeshi-1b695c.json
2026-07-20 04:40:06 | INFO     | OK https://skeb.jp/api/users/shijima_tc
2026-07-20 04:40:06 | INFO     | Saving at a/skeb/shijima_tc-18c52b.json
2026-07-20 04:40:07 | INFO     | OK https://skeb.jp/api/users/sheila_ship2
2026-07-20 04:40:07 | INFO     | Saving at a/skeb/sheila_ship2-2fef5a.json
2026-07-20 04:40:08 | INFO     | OK https://skeb.jp/api/users/sabiwo_gray
2026-07-20 04:40:08 | INFO     | Saving at a/skeb/sabiwo_gray-f2b480.json
2026-07-20 04:40:09 | INFO     | OK https://skeb.jp/api/users/hitotose_kaede
2026-07-20 04:40:09 | INFO     | Saving at a/skeb/hitotose_kaede-8f58e1.json
2026-07-20 04:40:10 | INFO     | OK https://skeb.jp/api/users/Cassia_1fall5
2026-07-20 04:40:10 | INFO     | Saving at a/skeb/Cassia_1fall5-587b29.json
2026-07-20 04:40:11 | INFO     | OK https://skeb.jp/api/users/kuno_on
2026-07-20 04:40:11 | INFO     | Saving at a/skeb/kuno_on-0225ce.json
2026-07-20 04:40:12 | INFO     | OK https://skeb.jp/api/users/shi_roha
2026-07-20 04:40:12 | INFO     | Saving at a/skeb/shi_roha-4a2664.json
2026-07-20 04:40:13 | INFO     | OK https://skeb.jp/api/users/moti_74
2026-07-20 04:40:13 | INFO     | Saving at a/skeb/moti_74-26b533.json
2026-07-20 04:40:15 | INFO     | OK https://skeb.jp/api/users/argt
2026-07-20 04:40:15 | INFO     | Saving at a/skeb/argt-271f7b.json
2026-07-20 04:40:15 | INFO     | OK https://skeb.jp/api/users/TORI_cun_TORI
2026-07-20 04:40:15 | INFO     | Saving at a/skeb/TORI_cun_TORI-8fe1a0.json
2026-07-20 04:40:16 | INFO     | OK https://skeb.jp/api/users/usmi870
2026-07-20 04:40:16 | INFO     | Saving at a/skeb/usmi870-ed6cec.json
2026-07-20 04:40:17 | INFO     | OK https://skeb.jp/api/users/nanabako_7
2026-07-20 04:40:17 | INFO     | Saving at a/skeb/nanabako_7-ca4639.json
2026-07-20 04:40:18 | INFO     | OK https://skeb.jp/api/users/omiya_991
2026-07-20 04:40:18 | INFO     | Saving at a/skeb/omiya_991-8f0a0a.json
2026-07-20 04:40:19 | INFO     | OK https://skeb.jp/api/users/aoia0615
2026-07-20 04:40:19 | INFO     | Saving at a/skeb/aoia0615-b4665d.json
2026-07-20 04:40:20 | INFO     | OK https://skeb.jp/api/users/hariganeshinsh1
2026-07-20 04:40:20 | INFO     | Saving at a/skeb/hariganeshinsh1-bbeb50.json
2026-07-20 04:40:21 | INFO     | OK https://skeb.jp/api/users/ni_trpg8
2026-07-20 04:40:21 | INFO     | Saving at a/skeb/ni_trpg8-46d10a.json
2026-07-20 04:40:22 | INFO     | OK https://skeb.jp/api/users/andrias_kuriya
2026-07-20 04:40:22 | INFO     | Saving at a/skeb/andrias_kuriya-53b07e.json
2026-07-20 04:40:23 | INFO     | OK https://skeb.jp/api/users/hashima_haru_ym
2026-07-20 04:40:23 | INFO     | Saving at a/skeb/hashima_haru_ym-f1b30b.json
2026-07-20 04:40:24 | INFO     | OK https://skeb.jp/api/users/umso114514
2026-07-20 04:40:24 | INFO     | Saving at a/skeb/umso114514-0b97df.json
2026-07-20 04:40:25 | INFO     | OK https://skeb.jp/api/users/tukepen4649
2026-07-20 04:40:25 | INFO     | Saving at a/skeb/tukepen4649-49fd74.json
2026-07-20 04:40:26 | INFO     | OK https://skeb.jp/api/users/yas_me4
2026-07-20 04:40:26 | INFO     | Saving at a/skeb/yas_me4-a4bc07.json
2026-07-20 04:40:27 | INFO     | OK https://skeb.jp/api/users/_nidoyume
2026-07-20 04:40:27 | INFO     | Saving at a/skeb/_nidoyume-523824.json
2026-07-20 04:40:29 | INFO     | OK https://skeb.jp/api/users/ekakinatsu
2026-07-20 04:40:29 | INFO     | Saving at a/skeb/ekakinatsu-e2fb0e.json
2026-07-20 04:40:29 | INFO     | OK https://skeb.jp/api/users/kinakomochi
2026-07-20 04:40:29 | INFO     | Saving at a/skeb/kinakomochi-ea07b1.json
2026-07-20 04:40:30 | INFO     | OK https://skeb.jp/api/users/v0u0_re
2026-07-20 04:40:30 | INFO     | Saving at a/skeb/v0u0_re-fab5db.json
2026-07-20 04:40:31 | INFO     | OK https://skeb.jp/api/users/tu_na_MOOOON
2026-07-20 04:40:31 | INFO     | Saving at a/skeb/tu_na_MOOOON-690e09.json
2026-07-20 04:40:32 | INFO     | OK https://skeb.jp/api/users/kamenakaoji
2026-07-20 04:40:32 | INFO     | Saving at a/skeb/kamenakaoji-1e7d68.json
2026-07-20 04:40:33 | INFO     | OK https://skeb.jp/api/users/kyo32181
2026-07-20 04:40:33 | INFO     | Saving at a/skeb/kyo32181-e39948.json
2026-07-20 04:40:34 | INFO     | OK https://skeb.jp/api/users/tanannnaka
2026-07-20 04:40:34 | INFO     | Saving at a/skeb/tanannnaka-4bd8ab.json
2026-07-20 04:40:35 | INFO     | OK https://skeb.jp/api/users/wanzach1
2026-07-20 04:40:35 | INFO     | Saving at a/skeb/wanzach1-074b44.json
2026-07-20 04:40:36 | INFO     | OK https://skeb.jp/api/users/pnemo_18
2026-07-20 04:40:36 | INFO     | Saving at a/skeb/pnemo_18-c6189c.json
2026-07-20 04:40:37 | INFO     | OK https://skeb.jp/api/users/kino_u0
2026-07-20 04:40:37 | INFO     | Saving at a/skeb/kino_u0-099aef.json
2026-07-20 04:40:38 | INFO     | OK https://skeb.jp/api/users/hina_chizu
2026-07-20 04:40:38 | INFO     | Saving at a/skeb/hina_chizu-9e3df3.json
2026-07-20 04:40:39 | INFO     | OK https://skeb.jp/api/users/utuutsu
2026-07-20 04:40:39 | INFO     | Saving at a/skeb/utuutsu-c88566.json
2026-07-20 04:40:40 | INFO     | OK https://skeb.jp/api/users/inu_to_tanpopo2
2026-07-20 04:40:40 | INFO     | Saving at a/skeb/inu_to_tanpopo2-fd54b9.json
2026-07-20 04:40:41 | INFO     | OK https://skeb.jp/api/users/kobenidou
2026-07-20 04:40:41 | INFO     | Saving at a/skeb/kobenidou-f0b8bc.json
2026-07-20 04:40:42 | INFO     | OK https://skeb.jp/api/users/999mm_male
2026-07-20 04:40:42 | INFO     | Saving at a/skeb/999mm_male-7eb08a.json
2026-07-20 04:40:43 | INFO     | OK https://skeb.jp/api/users/_kousagi
2026-07-20 04:40:43 | INFO     | Saving at a/skeb/_kousagi-bed2b8.json
2026-07-20 04:40:44 | INFO     | OK https://skeb.jp/api/users/Fugakutkt
2026-07-20 04:40:44 | INFO     | Saving at a/skeb/Fugakutkt-4cbeff.json
2026-07-20 04:40:45 | INFO     | OK https://skeb.jp/api/users/irai_aka_dayo
2026-07-20 04:40:45 | INFO     | Saving at a/skeb/irai_aka_dayo-801e7f.json
2026-07-20 04:40:47 | INFO     | OK https://skeb.jp/api/users/ST010noko
2026-07-20 04:40:47 | INFO     | Saving at a/skeb/ST010noko-836ee7.json
2026-07-20 04:40:47 | INFO     | OK https://skeb.jp/api/users/yuukisisin
2026-07-20 04:40:47 | INFO     | Saving at a/skeb/yuukisisin-2605b4.json
2026-07-20 04:40:48 | INFO     | OK https://skeb.jp/api/users/siro_chromium
2026-07-20 04:40:48 | INFO     | Saving at a/skeb/siro_chromium-d6eacc.json
2026-07-20 04:40:49 | INFO     | OK https://skeb.jp/api/users/RZRZRZEEE
2026-07-20 04:40:49 | INFO     | Saving at a/skeb/RZRZRZEEE-61d56b.json
2026-07-20 04:40:50 | INFO     | OK https://skeb.jp/api/users/Shino2m_mitsuki
2026-07-20 04:40:50 | INFO     | Saving at a/skeb/Shino2m_mitsuki-5d4300.json
2026-07-20 04:40:51 | INFO     | OK https://skeb.jp/api/users/mHEQrT87Cz38946
2026-07-20 04:40:51 | INFO     | Saving at a/skeb/mHEQrT87Cz38946-e7de3e.json
2026-07-20 04:40:52 | INFO     | OK https://skeb.jp/api/users/o__nk_
2026-07-20 04:40:52 | INFO     | Saving at a/skeb/o__nk_-7a512c.json
2026-07-20 04:40:53 | INFO     | OK https://skeb.jp/api/users/suzuki32893279
2026-07-20 04:40:53 | INFO     | Saving at a/skeb/suzuki32893279-a59937.json
2026-07-20 04:40:54 | INFO     | OK https://skeb.jp/api/users/ayutaatuya
2026-07-20 04:40:54 | INFO     | Saving at a/skeb/ayutaatuya-70ee5a.json
2026-07-20 04:40:55 | INFO     | OK https://skeb.jp/api/users/sawadariku75
2026-07-20 04:40:55 | INFO     | Saving at a/skeb/sawadariku75-5b74b5.json
2026-07-20 04:40:56 | INFO     | OK https://skeb.jp/api/users/yhok2k2
2026-07-20 04:40:56 | INFO     | Saving at a/skeb/yhok2k2-f9b8fd.json
2026-07-20 04:40:57 | INFO     | OK https://skeb.jp/api/users/6WH2Z
2026-07-20 04:40:57 | INFO     | Saving at a/skeb/6WH2Z-87e948.json
2026-07-20 04:40:58 | INFO     | OK https://skeb.jp/api/users/kabechee
2026-07-20 04:40:58 | INFO     | Saving at a/skeb/kabechee-e1ee6b.json
2026-07-20 04:40:59 | INFO     | OK https://skeb.jp/api/users/nekoxo9
2026-07-20 04:40:59 | INFO     | Saving at a/skeb/nekoxo9-87724c.json
2026-07-20 04:41:00 | INFO     | OK https://skeb.jp/api/users/5tsukado
2026-07-20 04:41:00 | INFO     | Saving at a/skeb/5tsukado-63e63d.json
2026-07-20 04:41:02 | INFO     | OK https://skeb.jp/api/users/upaaaa01
2026-07-20 04:41:02 | INFO     | Saving at a/skeb/upaaaa01-35c74e.json
2026-07-20 04:41:03 | INFO     | OK https://skeb.jp/api/users/teruterusisyaku
2026-07-20 04:41:03 | INFO     | Saving at a/skeb/teruterusisyaku-4d1eff.json
2026-07-20 04:41:03 | INFO     | OK https://skeb.jp/api/users/Notyorugata
2026-07-20 04:41:03 | INFO     | Saving at a/skeb/Notyorugata-aa8553.json
2026-07-20 04:41:04 | INFO     | OK https://skeb.jp/api/users/P_T_O_
2026-07-20 04:41:04 | INFO     | Saving at a/skeb/P_T_O_-a5f9cd.json
2026-07-20 04:41:05 | INFO     | OK https://skeb.jp/api/users/MaruiUsausagi
2026-07-20 04:41:05 | INFO     | Saving at a/skeb/MaruiUsausagi-83f695.json
2026-07-20 04:41:06 | INFO     | OK https://skeb.jp/api/users/msms_mmm_x
2026-07-20 04:41:06 | INFO     | Saving at a/skeb/msms_mmm_x-b7933d.json
2026-07-20 04:41:07 | INFO     | OK https://skeb.jp/api/users/lft_kanae22
2026-07-20 04:41:07 | INFO     | Saving at a/skeb/lft_kanae22-666e06.json
2026-07-20 04:41:08 | INFO     | OK https://skeb.jp/api/users/ri11kg2
2026-07-20 04:41:08 | INFO     | Saving at a/skeb/ri11kg2-8d7c75.json
2026-07-20 04:41:08 | INFO     | Saving at a/skeb/ri11kg2-8d7c75.json
2026-07-20 04:41:09 | INFO     | OK https://skeb.jp/api/users/hiyochan_dayo
2026-07-20 04:41:09 | INFO     | Saving at a/skeb/hiyochan_dayo-b92c41.json
2026-07-20 04:41:10 | INFO     | OK https://skeb.jp/api/users/oyatsu_0
2026-07-20 04:41:10 | INFO     | Saving at a/skeb/oyatsu_0-3f3f00.json
2026-07-20 04:41:11 | INFO     | OK https://skeb.jp/api/users/woory_tama
2026-07-20 04:41:11 | INFO     | Saving at a/skeb/woory_tama-c2b052.json
2026-07-20 04:41:13 | INFO     | OK https://skeb.jp/api/users/wanwan
2026-07-20 04:41:13 | INFO     | Saving at a/skeb/wanwan-e9686a.json
2026-07-20 04:41:13 | INFO     | OK https://skeb.jp/api/users/smiley_48wangia
2026-07-20 04:41:13 | INFO     | Saving at a/skeb/smiley_48wangia-6909ea.json
2026-07-20 04:41:14 | INFO     | OK https://skeb.jp/api/users/ra___mntbti
2026-07-20 04:41:14 | INFO     | Saving at a/skeb/ra___mntbti-2620b2.json
2026-07-20 04:41:15 | INFO     | OK https://skeb.jp/api/users/Vinci_Lucky_777
2026-07-20 04:41:15 | INFO     | Saving at a/skeb/Vinci_Lucky_777-2cc7d1.json
2026-07-20 04:41:17 | INFO     | OK https://skeb.jp/api/users/yoruuta_
2026-07-20 04:41:17 | INFO     | Saving at a/skeb/yoruuta_-68e472.json
2026-07-20 04:41:17 | INFO     | OK https://skeb.jp/api/users/kyomarron_li
2026-07-20 04:41:17 | INFO     | Saving at a/skeb/kyomarron_li-febdde.json
2026-07-20 04:41:18 | INFO     | OK https://skeb.jp/api/users/m634w
2026-07-20 04:41:18 | INFO     | Saving at a/skeb/m634w-725973.json
2026-07-20 04:41:19 | INFO     | OK https://skeb.jp/api/users/puka_bgart
2026-07-20 04:41:19 | INFO     | Saving at a/skeb/puka_bgart-ffd00a.json
2026-07-20 04:41:20 | INFO     | OK https://skeb.jp/api/users/A_My_d100
2026-07-20 04:41:20 | INFO     | Saving at a/skeb/A_My_d100-461d4e.json
2026-07-20 04:41:21 | INFO     | OK https://skeb.jp/api/users/myaji_maki
2026-07-20 04:41:21 | INFO     | Saving at a/skeb/myaji_maki-075cf6.json
2026-07-20 04:41:22 | INFO     | OK https://skeb.jp/api/users/ERIRAUN_RARI
2026-07-20 04:41:22 | INFO     | Saving at a/skeb/ERIRAUN_RARI-2f6053.json
2026-07-20 04:41:23 | INFO     | OK https://skeb.jp/api/users/hatahomame
2026-07-20 04:41:23 | INFO     | Saving at a/skeb/hatahomame-39f9d5.json
2026-07-20 04:41:24 | INFO     | OK https://skeb.jp/api/users/ham121ham
2026-07-20 04:41:24 | INFO     | Saving at a/skeb/ham121ham-e8119c.json
2026-07-20 04:41:25 | INFO     | OK https://skeb.jp/api/users/kumanomi
2026-07-20 04:41:25 | INFO     | Saving at a/skeb/kumanomi-9e8c6f.json
2026-07-20 04:41:26 | INFO     | OK https://skeb.jp/api/users/siroi_53
2026-07-20 04:41:26 | INFO     | Saving at a/skeb/siroi_53-8dd768.json
2026-07-20 04:41:27 | INFO     | OK https://skeb.jp/api/users/yugnomadarustak
2026-07-20 04:41:27 | INFO     | Saving at a/skeb/yugnomadarustak-de6496.json
2026-07-20 04:41:29 | INFO     | OK https://skeb.jp/api/users/debidebisan
2026-07-20 04:41:29 | INFO     | Saving at a/skeb/debidebisan-ce9faf.json
2026-07-20 04:41:29 | INFO     | OK https://skeb.jp/api/users/uyu_milk_01
2026-07-20 04:41:29 | INFO     | Saving at a/skeb/uyu_milk_01-65ec0c.json
2026-07-20 04:41:30 | INFO     | OK https://skeb.jp/api/users/fuji___1234
2026-07-20 04:41:30 | INFO     | Saving at a/skeb/fuji___1234-f029eb.json
2026-07-20 04:41:31 | INFO     | OK https://skeb.jp/api/users/hahahahaha_re
2026-07-20 04:41:31 | INFO     | Saving at a/skeb/hahahahaha_re-3f1037.json
2026-07-20 04:41:32 | INFO     | OK https://skeb.jp/api/users/55milk555
2026-07-20 04:41:32 | INFO     | Saving at a/skeb/55milk555-0acdee.json
2026-07-20 04:41:34 | INFO     | OK https://skeb.jp/api/users/pinapo_25
2026-07-20 04:41:34 | INFO     | Saving at a/skeb/pinapo_25-b1d891.json
2026-07-20 04:41:34 | INFO     | OK https://skeb.jp/api/users/CORNPOTA_art
2026-07-20 04:41:34 | INFO     | Saving at a/skeb/CORNPOTA_art-d6902e.json
2026-07-20 04:41:35 | INFO     | OK https://skeb.jp/api/users/shakemayo0
2026-07-20 04:41:36 | INFO     | Saving at a/skeb/shakemayo0-ca6826.json
2026-07-20 04:41:36 | INFO     | OK https://skeb.jp/api/users/_akaimono
2026-07-20 04:41:36 | INFO     | Saving at a/skeb/_akaimono-f77c19.json
2026-07-20 04:41:37 | INFO     | OK https://skeb.jp/api/users/Hmfi6KVL8oEqbpd
2026-07-20 04:41:37 | INFO     | Saving at a/skeb/Hmfi6KVL8oEqbpd-ccd7d1.json
2026-07-20 04:41:38 | INFO     | OK https://skeb.jp/api/users/Haruma_Haru3
2026-07-20 04:41:38 | INFO     | Saving at a/skeb/Haruma_Haru3-556af5.json
2026-07-20 04:41:39 | INFO     | OK https://skeb.jp/api/users/heppokoR
2026-07-20 04:41:39 | INFO     | Saving at a/skeb/heppokoR-9d06a7.json
2026-07-20 04:41:40 | INFO     | OK https://skeb.jp/api/users/S_mntik
2026-07-20 04:41:40 | INFO     | Saving at a/skeb/S_mntik-356b02.json
2026-07-20 04:41:41 | INFO     | OK https://skeb.jp/api/users/quxfff
2026-07-20 04:41:41 | INFO     | Saving at a/skeb/quxfff-a873ed.json
2026-07-20 04:41:43 | INFO     | OK https://skeb.jp/api/users/co_ma41
2026-07-20 04:41:43 | INFO     | Saving at a/skeb/co_ma41-79952f.json
2026-07-20 04:41:43 | INFO     | OK https://skeb.jp/api/users/S_toro_
2026-07-20 04:41:43 | INFO     | Saving at a/skeb/S_toro_-db8f69.json
2026-07-20 04:41:44 | INFO     | OK https://skeb.jp/api/users/nn_k0k0
2026-07-20 04:41:44 | INFO     | Saving at a/skeb/nn_k0k0-f357e3.json
2026-07-20 04:41:45 | INFO     | OK https://skeb.jp/api/users/miea222
2026-07-20 04:41:45 | INFO     | Saving at a/skeb/miea222-02346d.json
2026-07-20 04:41:46 | INFO     | OK https://skeb.jp/api/users/hsd145
2026-07-20 04:41:46 | INFO     | Saving at a/skeb/hsd145-a245ee.json
2026-07-20 04:41:47 | INFO     | OK https://skeb.jp/api/users/K4RUMA04
2026-07-20 04:41:47 | INFO     | Saving at a/skeb/K4RUMA04-b7a7b8.json
2026-07-20 04:41:48 | INFO     | OK https://skeb.jp/api/users/saki_xx117
2026-07-20 04:41:48 | INFO     | Saving at a/skeb/saki_xx117-c11b73.json
2026-07-20 04:41:49 | INFO     | OK https://skeb.jp/api/users/ec7vhub89321
2026-07-20 04:41:49 | INFO     | Saving at a/skeb/ec7vhub89321-68cca8.json
2026-07-20 04:41:50 | INFO     | OK https://skeb.jp/api/users/ran011681
2026-07-20 04:41:50 | INFO     | Saving at a/skeb/ran011681-90c4c3.json
2026-07-20 04:41:51 | INFO     | OK https://skeb.jp/api/users/ra_yu372
2026-07-20 04:41:51 | INFO     | Saving at a/skeb/ra_yu372-4ee6af.json
2026-07-20 04:41:52 | INFO     | OK https://skeb.jp/api/users/I71YO
2026-07-20 04:41:52 | INFO     | Saving at a/skeb/I71YO-1cb895.json
2026-07-20 04:41:53 | INFO     | OK https://skeb.jp/api/users/rokotsu_pkg
2026-07-20 04:41:53 | INFO     | Saving at a/skeb/rokotsu_pkg-d21219.json
2026-07-20 04:41:54 | INFO     | OK https://skeb.jp/api/users/mmuizh21
2026-07-20 04:41:54 | INFO     | Saving at a/skeb/mmuizh21-7edf1b.json
2026-07-20 04:41:55 | INFO     | OK https://skeb.jp/api/users/den__222
2026-07-20 04:41:56 | INFO     | Saving at a/skeb/den__222-4088a2.json
2026-07-20 04:41:57 | INFO     | OK https://skeb.jp/api/users/ppldraw00
2026-07-20 04:41:57 | INFO     | Saving at a/skeb/ppldraw00-92f514.json
2026-07-20 04:41:57 | INFO     | OK https://skeb.jp/api/users/HIYOKO_MONAKA
2026-07-20 04:41:57 | INFO     | Saving at a/skeb/HIYOKO_MONAKA-93ed07.json
2026-07-20 04:41:58 | INFO     | OK https://skeb.jp/api/users/nonai03992194
2026-07-20 04:41:58 | INFO     | Saving at a/skeb/nonai03992194-9c94ca.json
2026-07-20 04:42:00 | INFO     | OK https://skeb.jp/api/users/IV111111
2026-07-20 04:42:00 | INFO     | Saving at a/skeb/IV111111-aa6380.json
2026-07-20 04:42:00 | INFO     | OK https://skeb.jp/api/users/Poseidon_0215
2026-07-20 04:42:00 | INFO     | Saving at a/skeb/Poseidon_0215-a9a52a.json
2026-07-20 04:42:01 | INFO     | OK https://skeb.jp/api/users/KAZelu_ssbu
2026-07-20 04:42:01 | INFO     | Saving at a/skeb/KAZelu_ssbu-14b9d8.json
2026-07-20 04:42:03 | INFO     | OK https://skeb.jp/api/users/6L36DlPKD21KqZQ
2026-07-20 04:42:03 | INFO     | Saving at a/skeb/6L36DlPKD21KqZQ-3dd28e.json
2026-07-20 04:42:03 | INFO     | OK https://skeb.jp/api/users/Seyzoooooooone
2026-07-20 04:42:03 | INFO     | Saving at a/skeb/Seyzoooooooone-96267d.json
2026-07-20 04:42:04 | INFO     | OK https://skeb.jp/api/users/regulus_rex10
2026-07-20 04:42:04 | INFO     | Saving at a/skeb/regulus_rex10-218a82.json
2026-07-20 04:42:06 | INFO     | OK https://skeb.jp/api/users/riyu_cott
2026-07-20 04:42:06 | INFO     | Saving at a/skeb/riyu_cott-f57c07.json
2026-07-20 04:42:07 | INFO     | OK https://skeb.jp/api/users/condotakeshi2
2026-07-20 04:42:07 | INFO     | Saving at a/skeb/condotakeshi2-9ee8d2.json
2026-07-20 04:42:07 | INFO     | OK https://skeb.jp/api/users/hanatoao
2026-07-20 04:42:07 | INFO     | Saving at a/skeb/hanatoao-b4279d.json
2026-07-20 04:42:09 | INFO     | OK https://skeb.jp/api/users/Liz_staria
2026-07-20 04:42:09 | INFO     | Saving at a/skeb/Liz_staria-0c40e6.json
2026-07-20 04:42:09 | INFO     | OK https://skeb.jp/api/users/shion__art
2026-07-20 04:42:09 | INFO     | Saving at a/skeb/shion__art-1bdf9f.json
2026-07-20 04:42:10 | INFO     | OK https://skeb.jp/api/users/KURAZOMI_SUPER
2026-07-20 04:42:10 | INFO     | Saving at a/skeb/KURAZOMI_SUPER-0771eb.json
2026-07-20 04:42:12 | INFO     | OK https://skeb.jp/api/users/litegolyat
2026-07-20 04:42:12 | INFO     | Saving at a/skeb/litegolyat-9a83ca.json
2026-07-20 04:42:12 | INFO     | OK https://skeb.jp/api/users/mtirn3373
2026-07-20 04:42:12 | INFO     | Saving at a/skeb/mtirn3373-f862d2.json
2026-07-20 04:42:14 | INFO     | OK https://skeb.jp/api/users/seamaaaaasima
2026-07-20 04:42:14 | INFO     | Saving at a/skeb/seamaaaaasima-c5831d.json
2026-07-20 04:42:14 | INFO     | OK https://skeb.jp/api/users/sa3me_yu
2026-07-20 04:42:14 | INFO     | Saving at a/skeb/sa3me_yu-0b57a3.json
2026-07-20 04:42:15 | INFO     | OK https://skeb.jp/api/users/Enogu_e
2026-07-20 04:42:16 | INFO     | Saving at a/skeb/Enogu_e-4f8e58.json
2026-07-20 04:42:16 | INFO     | OK https://skeb.jp/api/users/xxx_nxn22
2026-07-20 04:42:16 | INFO     | Saving at a/skeb/xxx_nxn22-5c4ddf.json
2026-07-20 04:42:18 | INFO     | OK https://skeb.jp/api/users/mako_makotoo
2026-07-20 04:42:18 | INFO     | Saving at a/skeb/mako_makotoo-6f0b59.json
2026-07-20 04:42:18 | INFO     | OK https://skeb.jp/api/users/huse_9
2026-07-20 04:42:18 | INFO     | Saving at a/skeb/huse_9-1539c7.json
2026-07-20 04:42:19 | INFO     | OK https://skeb.jp/api/users/reiji_trpg
2026-07-20 04:42:19 | INFO     | Saving at a/skeb/reiji_trpg-4a07a2.json
2026-07-20 04:42:21 | INFO     | OK https://skeb.jp/api/users/Anzu_Seika
2026-07-20 04:42:21 | INFO     | Saving at a/skeb/Anzu_Seika-6820c6.json
2026-07-20 04:42:21 | INFO     | OK https://skeb.jp/api/users/00sang8
2026-07-20 04:42:21 | INFO     | Saving at a/skeb/00sang8-22414c.json
2026-07-20 04:42:22 | INFO     | OK https://skeb.jp/api/users/p_47nx
2026-07-20 04:42:22 | INFO     | Saving at a/skeb/p_47nx-91ffba.json
2026-07-20 04:42:24 | INFO     | OK https://skeb.jp/api/users/kaede_nekoshima
2026-07-20 04:42:24 | INFO     | Saving at a/skeb/kaede_nekoshima-e73742.json
2026-07-20 04:42:25 | INFO     | OK https://skeb.jp/api/users/tomashu_1
2026-07-20 04:42:25 | INFO     | Saving at a/skeb/tomashu_1-0609df.json
2026-07-20 04:42:26 | INFO     | OK https://skeb.jp/api/users/ahashi_tk
2026-07-20 04:42:26 | INFO     | Saving at a/skeb/ahashi_tk-fc0167.json
2026-07-20 04:42:26 | INFO     | OK https://skeb.jp/api/users/ura_metameta
2026-07-20 04:42:26 | INFO     | Saving at a/skeb/ura_metameta-b9b2be.json
2026-07-20 04:42:27 | INFO     | OK https://skeb.jp/api/users/subliminal
2026-07-20 04:42:27 | INFO     | Saving at a/skeb/subliminal-a1b9c1.json
2026-07-20 04:42:28 | INFO     | OK https://skeb.jp/api/users/107_krs
2026-07-20 04:42:28 | INFO     | Saving at a/skeb/107_krs-f38659.json
2026-07-20 04:42:29 | INFO     | OK https://skeb.jp/api/users/sirius12229
2026-07-20 04:42:30 | INFO     | Saving at a/skeb/sirius12229-d54ec0.json
2026-07-20 04:42:31 | INFO     | OK https://skeb.jp/api/users/10rigar
2026-07-20 04:42:31 | INFO     | Saving at a/skeb/10rigar-2fbeda.json
2026-07-20 04:42:32 | INFO     | OK https://skeb.jp/api/users/tatsumi_nsfw
2026-07-20 04:42:32 | INFO     | Saving at a/skeb/tatsumi_nsfw-31f54b.json
2026-07-20 04:42:32 | INFO     | OK https://skeb.jp/api/users/hakusaikakeru
2026-07-20 04:42:32 | INFO     | Saving at a/skeb/hakusaikakeru-6e3138.json
2026-07-20 04:42:34 | INFO     | OK https://skeb.jp/api/users/tentacle_agent
2026-07-20 04:42:34 | INFO     | Saving at a/skeb/tentacle_agent-eadf3c.json
2026-07-20 04:42:34 | INFO     | OK https://skeb.jp/api/users/Sansyokugirl
2026-07-20 04:42:34 | INFO     | Saving at a/skeb/Sansyokugirl-ba5d4a.json
2026-07-20 04:42:36 | INFO     | OK https://skeb.jp/api/users/MkioE
2026-07-20 04:42:36 | INFO     | Saving at a/skeb/MkioE-ce839a.json
2026-07-20 04:42:36 | INFO     | OK https://skeb.jp/api/users/shin_akat
2026-07-20 04:42:36 | INFO     | Saving at a/skeb/shin_akat-dbd181.json
2026-07-20 04:42:38 | INFO     | OK https://skeb.jp/api/users/masamune_minowa
2026-07-20 04:42:38 | INFO     | Saving at a/skeb/masamune_minowa-656306.json
2026-07-20 04:42:39 | INFO     | OK https://skeb.jp/api/users/Okiyo77
2026-07-20 04:42:39 | INFO     | Saving at a/skeb/Okiyo77-c49527.json
2026-07-20 04:42:40 | INFO     | OK https://skeb.jp/api/users/0inak0
2026-07-20 04:42:40 | INFO     | Saving at a/skeb/0inak0-e7cdbb.json
2026-07-20 04:42:40 | INFO     | OK https://skeb.jp/api/users/ttt__yh
2026-07-20 04:42:40 | INFO     | Saving at a/skeb/ttt__yh-717d3d.json
2026-07-20 04:42:41 | INFO     | OK https://skeb.jp/api/users/mizohama
2026-07-20 04:42:41 | INFO     | Saving at a/skeb/mizohama-3fe1c9.json
2026-07-20 04:42:42 | INFO     | OK https://skeb.jp/api/users/utakata_7777
2026-07-20 04:42:42 | INFO     | Saving at a/skeb/utakata_7777-62d87e.json
2026-07-20 04:42:44 | INFO     | OK https://skeb.jp/api/users/xbakoukix
2026-07-20 04:42:44 | INFO     | Saving at a/skeb/xbakoukix-20f484.json
2026-07-20 04:42:45 | INFO     | OK https://skeb.jp/api/users/KarumeYak1
2026-07-20 04:42:45 | INFO     | Saving at a/skeb/KarumeYak1-31878e.json
2026-07-20 04:42:45 | INFO     | OK https://skeb.jp/api/users/ambystomaKnell
2026-07-20 04:42:45 | INFO     | Saving at a/skeb/ambystomaKnell-cbff8e.json
2026-07-20 04:42:47 | INFO     | OK https://skeb.jp/api/users/Ixy
2026-07-20 04:42:47 | INFO     | Saving at a/skeb/Ixy-70a391.json
2026-07-20 04:42:47 | INFO     | OK https://skeb.jp/api/users/uto_mishiro
2026-07-20 04:42:47 | INFO     | Saving at a/skeb/uto_mishiro-97921e.json
2026-07-20 04:42:48 | INFO     | OK https://skeb.jp/api/users/_uniiiii_
2026-07-20 04:42:48 | INFO     | Saving at a/skeb/_uniiiii_-38b5b1.json
2026-07-20 04:42:50 | INFO     | OK https://skeb.jp/api/users/kamoromance614
2026-07-20 04:42:50 | INFO     | Saving at a/skeb/kamoromance614-0c9b70.json
2026-07-20 04:42:50 | INFO     | OK https://skeb.jp/api/users/tl81
2026-07-20 04:42:50 | INFO     | Saving at a/skeb/tl81-f6b2e2.json
2026-07-20 04:42:51 | INFO     | OK https://skeb.jp/api/users/BANBANJIIIIIII
2026-07-20 04:42:51 | INFO     | Saving at a/skeb/BANBANJIIIIIII-c15560.json
2026-07-20 04:42:53 | INFO     | OK https://skeb.jp/api/users/makusu_210
2026-07-20 04:42:53 | INFO     | Saving at a/skeb/makusu_210-9a382a.json
2026-07-20 04:42:54 | INFO     | OK https://skeb.jp/api/users/snowowl515
2026-07-20 04:42:54 | INFO     | Saving at a/skeb/snowowl515-019b39.json
2026-07-20 04:42:55 | INFO     | OK https://skeb.jp/api/users/bagutyannn
2026-07-20 04:42:55 | INFO     | Saving at a/skeb/bagutyannn-33fdf1.json
2026-07-20 04:42:55 | INFO     | OK https://skeb.jp/api/users/iokawa_nzm
2026-07-20 04:42:55 | INFO     | Saving at a/skeb/iokawa_nzm-31f116.json
2026-07-20 04:42:56 | INFO     | OK https://skeb.jp/api/users/Node_illust
2026-07-20 04:42:56 | INFO     | Saving at a/skeb/Node_illust-18f8df.json
2026-07-20 04:42:58 | INFO     | OK https://skeb.jp/api/users/sasakamakue
2026-07-20 04:42:58 | INFO     | Saving at a/skeb/sasakamakue-71072c.json
2026-07-20 04:42:59 | INFO     | OK https://skeb.jp/api/users/goreinu_white
2026-07-20 04:42:59 | INFO     | Saving at a/skeb/goreinu_white-c8c15b.json
2026-07-20 04:43:00 | INFO     | OK https://skeb.jp/api/users/trpg_Rabbit22
2026-07-20 04:43:00 | INFO     | Saving at a/skeb/trpg_Rabbit22-d5917f.json
2026-07-20 04:43:00 | INFO     | OK https://skeb.jp/api/users/itsuma_su
2026-07-20 04:43:00 | INFO     | Saving at a/skeb/itsuma_su-a7dd88.json
2026-07-20 04:43:01 | INFO     | OK https://skeb.jp/api/users/corgirider
2026-07-20 04:43:01 | INFO     | Saving at a/skeb/corgirider-408f8d.json
2026-07-20 04:43:03 | INFO     | OK https://skeb.jp/api/users/S_Lady_luv
2026-07-20 04:43:03 | INFO     | Saving at a/skeb/S_Lady_luv-424e60.json
2026-07-20 04:43:04 | INFO     | OK https://skeb.jp/api/users/Insane_wkrs59
2026-07-20 04:43:04 | INFO     | Saving at a/skeb/Insane_wkrs59-2db6f3.json
2026-07-20 04:43:05 | INFO     | OK https://skeb.jp/api/users/HAT_IUE
2026-07-20 04:43:05 | INFO     | Saving at a/skeb/HAT_IUE-862dea.json
2026-07-20 04:43:06 | INFO     | OK https://skeb.jp/api/users/k0banzame_omo
2026-07-20 04:43:06 | INFO     | Saving at a/skeb/k0banzame_omo-85d322.json
2026-07-20 04:43:07 | INFO     | OK https://skeb.jp/api/users/momigiko
2026-07-20 04:43:07 | INFO     | Saving at a/skeb/momigiko-eff4ba.json
2026-07-20 04:43:08 | INFO     | OK https://skeb.jp/api/users/ishiyakio
2026-07-20 04:43:08 | INFO     | Saving at a/skeb/ishiyakio-eca2bc.json
2026-07-20 04:43:08 | INFO     | OK https://skeb.jp/api/users/toketa_sekai
2026-07-20 04:43:08 | INFO     | Saving at a/skeb/toketa_sekai-591c52.json
2026-07-20 04:43:09 | INFO     | OK https://skeb.jp/api/users/Kimon_MGST
2026-07-20 04:43:09 | INFO     | Saving at a/skeb/Kimon_MGST-2d236a.json
2026-07-20 04:43:11 | INFO     | OK https://skeb.jp/api/users/mizugiri_584
2026-07-20 04:43:11 | INFO     | Saving at a/skeb/mizugiri_584-4e81a0.json
2026-07-20 04:43:11 | INFO     | OK https://skeb.jp/api/users/8wV32x2Mu33hYZL
2026-07-20 04:43:11 | INFO     | Saving at a/skeb/8wV32x2Mu33hYZL-e519b2.json
2026-07-20 04:43:12 | INFO     | OK https://skeb.jp/api/users/Zang_wow
2026-07-20 04:43:12 | INFO     | Saving at a/skeb/Zang_wow-1c5d7f.json
2026-07-20 04:43:14 | INFO     | OK https://skeb.jp/api/users/baaaaacham
2026-07-20 04:43:14 | INFO     | Saving at a/skeb/baaaaacham-8c9e27.json
2026-07-20 04:43:14 | INFO     | OK https://skeb.jp/api/users/pelemaniax
2026-07-20 04:43:14 | INFO     | Saving at a/skeb/pelemaniax-e40fed.json
2026-07-20 04:43:15 | INFO     | OK https://skeb.jp/api/users/Kuroiwa_Ruiko
2026-07-20 04:43:15 | INFO     | Saving at a/skeb/Kuroiwa_Ruiko-d3c224.json
2026-07-20 04:43:17 | INFO     | OK https://skeb.jp/api/users/metatarou2
2026-07-20 04:43:17 | INFO     | Saving at a/skeb/metatarou2-427fc8.json
2026-07-20 04:43:17 | INFO     | OK https://skeb.jp/api/users/kuroisisasami
2026-07-20 04:43:17 | INFO     | Saving at a/skeb/kuroisisasami-f70f70.json
2026-07-20 04:43:18 | INFO     | OK https://skeb.jp/api/users/Sa9raG
2026-07-20 04:43:18 | INFO     | Saving at a/skeb/Sa9raG-28f738.json
2026-07-20 04:43:20 | INFO     | OK https://skeb.jp/api/users/i372723
2026-07-20 04:43:20 | INFO     | Saving at a/skeb/i372723-cf68a4.json
2026-07-20 04:43:21 | INFO     | OK https://skeb.jp/api/users/akachan_music
2026-07-20 04:43:21 | INFO     | Saving at a/skeb/akachan_music-b90ce9.json
2026-07-20 04:43:21 | INFO     | OK https://skeb.jp/api/users/flbtmrn
2026-07-20 04:43:21 | INFO     | Saving at a/skeb/flbtmrn-01ff4d.json
2026-07-20 04:43:23 | INFO     | OK https://skeb.jp/api/users/SioriKana0226
2026-07-20 04:43:23 | INFO     | Saving at a/skeb/SioriKana0226-6a195f.json
2026-07-20 04:43:24 | INFO     | OK https://skeb.jp/api/users/VValzai
2026-07-20 04:43:24 | INFO     | Saving at a/skeb/VValzai-8eaf27.json
2026-07-20 04:43:24 | INFO     | OK https://skeb.jp/api/users/ototoi813
2026-07-20 04:43:24 | INFO     | Saving at a/skeb/ototoi813-23344c.json
2026-07-20 04:43:26 | INFO     | OK https://skeb.jp/api/users/Sakuma_trs
2026-07-20 04:43:26 | INFO     | Saving at a/skeb/Sakuma_trs-77c7e1.json
2026-07-20 04:43:26 | INFO     | OK https://skeb.jp/api/users/np_nmmm
2026-07-20 04:43:26 | INFO     | Saving at a/skeb/np_nmmm-98bce8.json
2026-07-20 04:43:28 | INFO     | OK https://skeb.jp/api/users/watakon
2026-07-20 04:43:28 | INFO     | Saving at a/skeb/watakon-c44f7c.json
2026-07-20 04:43:29 | INFO     | OK https://skeb.jp/api/users/chi2104ya
2026-07-20 04:43:29 | INFO     | Saving at a/skeb/chi2104ya-431fb0.json
2026-07-20 04:43:30 | INFO     | OK https://skeb.jp/api/users/AMAKARA__MIX
2026-07-20 04:43:30 | INFO     | Saving at a/skeb/AMAKARA__MIX-ca6aa1.json
2026-07-20 04:43:31 | INFO     | OK https://skeb.jp/api/users/mameta_85
2026-07-20 04:43:31 | INFO     | Saving at a/skeb/mameta_85-3a9132.json
2026-07-20 04:43:32 | INFO     | OK https://skeb.jp/api/users/squitbe
2026-07-20 04:43:32 | INFO     | Saving at a/skeb/squitbe-bbee41.json
2026-07-20 04:43:33 | INFO     | OK https://skeb.jp/api/users/mibushiro2012
2026-07-20 04:43:33 | INFO     | Saving at a/skeb/mibushiro2012-759b6f.json
2026-07-20 04:43:34 | INFO     | OK https://skeb.jp/api/users/nikuroge_wagyuu
2026-07-20 04:43:34 | INFO     | Saving at a/skeb/nikuroge_wagyuu-a468a1.json
2026-07-20 04:43:35 | INFO     | OK https://skeb.jp/api/users/FuuuuunHjan
2026-07-20 04:43:35 | INFO     | Saving at a/skeb/FuuuuunHjan-192a09.json
2026-07-20 04:43:36 | INFO     | OK https://skeb.jp/api/users/Konwashi_2
2026-07-20 04:43:36 | INFO     | Saving at a/skeb/Konwashi_2-53365f.json
2026-07-20 04:43:37 | INFO     | OK https://skeb.jp/api/users/hiyasi_ki
2026-07-20 04:43:37 | INFO     | Saving at a/skeb/hiyasi_ki-824dcd.json
2026-07-20 04:43:38 | INFO     | OK https://skeb.jp/api/users/muzinataro2021
2026-07-20 04:43:38 | INFO     | Saving at a/skeb/muzinataro2021-79461b.json
2026-07-20 04:43:39 | INFO     | OK https://skeb.jp/api/users/amesui_illust
2026-07-20 04:43:39 | INFO     | Saving at a/skeb/amesui_illust-cb1e24.json
2026-07-20 04:43:40 | INFO     | OK https://skeb.jp/api/users/azkn1139
2026-07-20 04:43:40 | INFO     | Saving at a/skeb/azkn1139-43fd56.json
2026-07-20 04:43:41 | INFO     | OK https://skeb.jp/api/users/Ri_5819
2026-07-20 04:43:41 | INFO     | Saving at a/skeb/Ri_5819-db2c93.json
2026-07-20 04:43:42 | INFO     | OK https://skeb.jp/api/users/404MT
2026-07-20 04:43:42 | INFO     | Saving at a/skeb/404MT-506a08.json
2026-07-20 04:43:42 | INFO     | OK https://skeb.jp/api/users/YzgHbpMVbQmjzfh
2026-07-20 04:43:42 | INFO     | Saving at a/skeb/YzgHbpMVbQmjzfh-791ed5.json
2026-07-20 04:43:44 | INFO     | OK https://skeb.jp/api/users/onakaatatamesub
2026-07-20 04:43:44 | INFO     | Saving at a/skeb/onakaatatamesub-656c61.json
2026-07-20 04:43:45 | INFO     | OK https://skeb.jp/api/users/hllspd_0
2026-07-20 04:43:45 | INFO     | Saving at a/skeb/hllspd_0-13948b.json
2026-07-20 04:43:45 | INFO     | OK https://skeb.jp/api/users/mellco
2026-07-20 04:43:45 | INFO     | Saving at a/skeb/mellco-c1d435.json
2026-07-20 04:43:47 | INFO     | OK https://skeb.jp/api/users/hachi0047
2026-07-20 04:43:47 | INFO     | Saving at a/skeb/hachi0047-3d9379.json
2026-07-20 04:43:48 | INFO     | OK https://skeb.jp/api/users/Butaoink_555
2026-07-20 04:43:48 | INFO     | Saving at a/skeb/Butaoink_555-fe2fbc.json
2026-07-20 04:43:48 | INFO     | OK https://skeb.jp/api/users/sptgmggm
2026-07-20 04:43:48 | INFO     | Saving at a/skeb/sptgmggm-e7bbb5.json
2026-07-20 04:43:49 | INFO     | OK https://skeb.jp/api/users/Sknrojisan
2026-07-20 04:43:49 | INFO     | Saving at a/skeb/Sknrojisan-d375bf.json
2026-07-20 04:43:51 | INFO     | OK https://skeb.jp/api/users/nito__2424
2026-07-20 04:43:51 | INFO     | Saving at a/skeb/nito__2424-d3adb9.json
2026-07-20 04:43:52 | INFO     | OK https://skeb.jp/api/users/agrinp_
2026-07-20 04:43:52 | INFO     | Saving at a/skeb/agrinp_-1d7a49.json
2026-07-20 04:43:52 | INFO     | OK https://skeb.jp/api/users/izm___Alice
2026-07-20 04:43:52 | INFO     | Saving at a/skeb/izm___Alice-f2fb49.json
2026-07-20 04:43:54 | INFO     | OK https://skeb.jp/api/users/kogarasu1st
2026-07-20 04:43:54 | INFO     | Saving at a/skeb/kogarasu1st-e5f136.json
2026-07-20 04:43:54 | INFO     | OK https://skeb.jp/api/users/tunatetomann
2026-07-20 04:43:55 | INFO     | Saving at a/skeb/tunatetomann-323e60.json
2026-07-20 04:43:56 | INFO     | OK https://skeb.jp/api/users/muxxxx__
2026-07-20 04:43:56 | INFO     | Saving at a/skeb/muxxxx__-137039.json
2026-07-20 04:43:57 | INFO     | OK https://skeb.jp/api/users/kkk_KND
2026-07-20 04:43:57 | INFO     | Saving at a/skeb/kkk_KND-84a6c8.json
2026-07-20 04:43:58 | INFO     | OK https://skeb.jp/api/users/ne_negoya
2026-07-20 04:43:58 | INFO     | Saving at a/skeb/ne_negoya-9c3d85.json
2026-07-20 04:43:59 | INFO     | OK https://skeb.jp/api/users/toomishou
2026-07-20 04:43:59 | INFO     | Saving at a/skeb/toomishou-e0e4fb.json
2026-07-20 04:43:59 | INFO     | OK https://skeb.jp/api/users/amqnec
2026-07-20 04:43:59 | INFO     | Saving at a/skeb/amqnec-ed24ca.json
2026-07-20 04:44:01 | INFO     | OK https://skeb.jp/api/users/BbVnoy
2026-07-20 04:44:01 | INFO     | Saving at a/skeb/BbVnoy-7f861f.json
2026-07-20 04:44:01 | INFO     | OK https://skeb.jp/api/users/mugio02
2026-07-20 04:44:01 | INFO     | Saving at a/skeb/mugio02-147f2f.json
2026-07-20 04:44:03 | INFO     | OK https://skeb.jp/api/users/nemari_AR
2026-07-20 04:44:03 | INFO     | Saving at a/skeb/nemari_AR-2fdc6b.json
2026-07-20 04:44:04 | INFO     | OK https://skeb.jp/api/users/zettaizetumei
2026-07-20 04:44:04 | INFO     | Saving at a/skeb/zettaizetumei-84adb7.json
2026-07-20 04:44:05 | INFO     | OK https://skeb.jp/api/users/umaimon_kuouze
2026-07-20 04:44:05 | INFO     | Saving at a/skeb/umaimon_kuouze-9d4690.json
2026-07-20 04:44:06 | INFO     | OK https://skeb.jp/api/users/goripaisen
2026-07-20 04:44:06 | INFO     | Saving at a/skeb/goripaisen-56df4b.json
2026-07-20 04:44:07 | INFO     | OK https://skeb.jp/api/users/rrrrr6a
2026-07-20 04:44:07 | INFO     | Saving at a/skeb/rrrrr6a-e05f4f.json
2026-07-20 04:44:08 | INFO     | OK https://skeb.jp/api/users/asaba_mei
2026-07-20 04:44:08 | INFO     | Saving at a/skeb/asaba_mei-394f3d.json
2026-07-20 04:44:09 | INFO     | OK https://skeb.jp/api/users/inabakun00
2026-07-20 04:44:09 | INFO     | Saving at a/skeb/inabakun00-5ada98.json
2026-07-20 04:44:10 | INFO     | OK https://skeb.jp/api/users/Tomokax0hh
2026-07-20 04:44:10 | INFO     | Saving at a/skeb/Tomokax0hh-c7b0c4.json
2026-07-20 04:44:11 | INFO     | OK https://skeb.jp/api/users/4bD3zwdELJMdncF
2026-07-20 04:44:11 | INFO     | Saving at a/skeb/4bD3zwdELJMdncF-90c761.json
2026-07-20 04:44:12 | INFO     | OK https://skeb.jp/api/users/yunzi_illust
2026-07-20 04:44:12 | INFO     | Saving at a/skeb/yunzi_illust-47fd6f.json
2026-07-20 04:44:13 | INFO     | OK https://skeb.jp/api/users/Oi04108571
2026-07-20 04:44:13 | INFO     | Saving at a/skeb/Oi04108571-3bb65c.json
2026-07-20 04:44:14 | INFO     | OK https://skeb.jp/api/users/oekakisuruyo_0
2026-07-20 04:44:14 | INFO     | Saving at a/skeb/oekakisuruyo_0-a615f4.json
2026-07-20 04:44:15 | INFO     | OK https://skeb.jp/api/users/mimi3mimimi
2026-07-20 04:44:15 | INFO     | Saving at a/skeb/mimi3mimimi-c976b5.json
2026-07-20 04:44:16 | INFO     | OK https://skeb.jp/api/users/01mogu05
2026-07-20 04:44:16 | INFO     | Saving at a/skeb/01mogu05-f342f7.json
2026-07-20 04:44:17 | INFO     | OK https://skeb.jp/api/users/taiyaki_ichg
2026-07-20 04:44:17 | INFO     | Saving at a/skeb/taiyaki_ichg-db2663.json
2026-07-20 04:44:18 | INFO     | OK https://skeb.jp/api/users/gau__x_x
2026-07-20 04:44:18 | INFO     | Saving at a/skeb/gau__x_x-eae38f.json
2026-07-20 04:44:19 | INFO     | OK https://skeb.jp/api/users/kitiokitioo
2026-07-20 04:44:19 | INFO     | Saving at a/skeb/kitiokitioo-cdd088.json
2026-07-20 04:44:20 | INFO     | OK https://skeb.jp/api/users/dixy720
2026-07-20 04:44:20 | INFO     | Saving at a/skeb/dixy720-8735f6.json
2026-07-20 04:44:21 | INFO     | OK https://skeb.jp/api/users/shirato_sayuri
2026-07-20 04:44:21 | INFO     | Saving at a/skeb/shirato_sayuri-abbdbe.json
2026-07-20 04:44:21 | INFO     | OK https://skeb.jp/api/users/REKu_1010
2026-07-20 04:44:21 | INFO     | Saving at a/skeb/REKu_1010-8ed934.json
2026-07-20 04:44:23 | INFO     | OK https://skeb.jp/api/users/Aputto_9
2026-07-20 04:44:23 | INFO     | Saving at a/skeb/Aputto_9-7be0a3.json
2026-07-20 04:44:24 | INFO     | OK https://skeb.jp/api/users/nono_rium
2026-07-20 04:44:24 | INFO     | Saving at a/skeb/nono_rium-f99a98.json
2026-07-20 04:44:25 | INFO     | OK https://skeb.jp/api/users/monaca_d
2026-07-20 04:44:25 | INFO     | Saving at a/skeb/monaca_d-4d2021.json
2026-07-20 04:44:26 | INFO     | OK https://skeb.jp/api/users/kafun
2026-07-20 04:44:26 | INFO     | Saving at a/skeb/kafun-6d4578.json
2026-07-20 04:44:27 | INFO     | OK https://skeb.jp/api/users/urakuso
2026-07-20 04:44:27 | INFO     | Saving at a/skeb/urakuso-a377a5.json
2026-07-20 04:44:28 | INFO     | OK https://skeb.jp/api/users/moimoi_sp
2026-07-20 04:44:28 | INFO     | Saving at a/skeb/moimoi_sp-a20228.json
2026-07-20 04:44:29 | INFO     | OK https://skeb.jp/api/users/flesym1208
2026-07-20 04:44:29 | INFO     | Saving at a/skeb/flesym1208-54cbf0.json
2026-07-20 04:44:30 | INFO     | OK https://skeb.jp/api/users/ovoip_
2026-07-20 04:44:30 | INFO     | Saving at a/skeb/ovoip_-1f547d.json
2026-07-20 04:44:31 | INFO     | OK https://skeb.jp/api/users/kef_ht
2026-07-20 04:44:31 | INFO     | Saving at a/skeb/kef_ht-47a90e.json
2026-07-20 04:44:32 | INFO     | OK https://skeb.jp/api/users/moi03_moi08
2026-07-20 04:44:32 | INFO     | Saving at a/skeb/moi03_moi08-1ce066.json
2026-07-20 04:44:33 | INFO     | OK https://skeb.jp/api/users/tsu_ba_meeeee
2026-07-20 04:44:33 | INFO     | Saving at a/skeb/tsu_ba_meeeee-6a9f51.json
2026-07-20 04:44:34 | INFO     | OK https://skeb.jp/api/users/z706gurai
2026-07-20 04:44:34 | INFO     | Saving at a/skeb/z706gurai-7ba235.json
2026-07-20 04:44:35 | INFO     | OK https://skeb.jp/api/users/mogumoguritto
2026-07-20 04:44:35 | INFO     | Saving at a/skeb/mogumoguritto-491bbd.json
2026-07-20 04:44:36 | INFO     | OK https://skeb.jp/api/users/Ytori_3939
2026-07-20 04:44:36 | INFO     | Saving at a/skeb/Ytori_3939-76c828.json
2026-07-20 04:44:37 | INFO     | OK https://skeb.jp/api/users/jomijjd
2026-07-20 04:44:37 | INFO     | Saving at a/skeb/jomijjd-af5f38.json
2026-07-20 04:44:38 | INFO     | OK https://skeb.jp/api/users/SiG_uu0
2026-07-20 04:44:38 | INFO     | Saving at a/skeb/SiG_uu0-a79fcd.json
2026-07-20 04:44:39 | INFO     | OK https://skeb.jp/api/users/Tubasa71616859
2026-07-20 04:44:39 | INFO     | Saving at a/skeb/Tubasa71616859-3433c0.json
2026-07-20 04:44:40 | INFO     | OK https://skeb.jp/api/users/qlml
2026-07-20 04:44:40 | INFO     | Saving at a/skeb/qlml-3e3135.json
2026-07-20 04:44:41 | INFO     | OK https://skeb.jp/api/users/c4ZcZ0nuYePBS34
2026-07-20 04:44:41 | INFO     | Saving at a/skeb/c4ZcZ0nuYePBS34-498399.json
2026-07-20 04:44:42 | INFO     | OK https://skeb.jp/api/users/tatikaze_miyako
2026-07-20 04:44:42 | INFO     | Saving at a/skeb/tatikaze_miyako-883787.json
2026-07-20 04:44:43 | INFO     | OK https://skeb.jp/api/users/01gaaa
2026-07-20 04:44:43 | INFO     | Saving at a/skeb/01gaaa-44432d.json
2026-07-20 04:44:44 | INFO     | OK https://skeb.jp/api/users/no53291827
2026-07-20 04:44:44 | INFO     | Saving at a/skeb/no53291827-e3deca.json
2026-07-20 04:44:45 | INFO     | OK https://skeb.jp/api/users/Enngawa_aburi
2026-07-20 04:44:45 | INFO     | Saving at a/skeb/Enngawa_aburi-68ad20.json
2026-07-20 04:44:45 | INFO     | OK https://skeb.jp/api/users/atk_0069
2026-07-20 04:44:45 | INFO     | Saving at a/skeb/atk_0069-51b159.json
2026-07-20 04:44:47 | INFO     | OK https://skeb.jp/api/users/osushi_kome
2026-07-20 04:44:47 | INFO     | Saving at a/skeb/osushi_kome-600f73.json
2026-07-20 04:44:48 | INFO     | OK https://skeb.jp/api/users/yoogle_san
2026-07-20 04:44:48 | INFO     | Saving at a/skeb/yoogle_san-319168.json
2026-07-20 04:44:49 | INFO     | OK https://skeb.jp/api/users/haokosan
2026-07-20 04:44:49 | INFO     | Saving at a/skeb/haokosan-721dbc.json
2026-07-20 04:44:50 | INFO     | OK https://skeb.jp/api/users/gerous_TRPG
2026-07-20 04:44:50 | INFO     | Saving at a/skeb/gerous_TRPG-7ab2eb.json
2026-07-20 04:44:51 | INFO     | OK https://skeb.jp/api/users/GRONGIKBTIT
2026-07-20 04:44:51 | INFO     | Saving at a/skeb/GRONGIKBTIT-d3b027.json
2026-07-20 04:44:52 | INFO     | OK https://skeb.jp/api/users/00_a_0006
2026-07-20 04:44:52 | INFO     | Saving at a/skeb/00_a_0006-cf92e5.json
2026-07-20 04:44:53 | INFO     | OK https://skeb.jp/api/users/bipa__a
2026-07-20 04:44:53 | INFO     | Saving at a/skeb/bipa__a-fb9f37.json
2026-07-20 04:44:54 | INFO     | OK https://skeb.jp/api/users/1CL9kl2HCV71470
2026-07-20 04:44:54 | INFO     | Saving at a/skeb/1CL9kl2HCV71470-51d658.json
2026-07-20 04:44:55 | INFO     | OK https://skeb.jp/api/users/1010haka
2026-07-20 04:44:55 | INFO     | Saving at a/skeb/1010haka-25b27c.json
2026-07-20 04:44:56 | INFO     | OK https://skeb.jp/api/users/ringo_1106
2026-07-20 04:44:56 | INFO     | Saving at a/skeb/ringo_1106-7f3a45.json
2026-07-20 04:44:57 | INFO     | OK https://skeb.jp/api/users/_inot17
2026-07-20 04:44:57 | INFO     | Saving at a/skeb/_inot17-f7102d.json
2026-07-20 04:44:58 | INFO     | OK https://skeb.jp/api/users/hemorina
2026-07-20 04:44:58 | INFO     | Saving at a/skeb/hemorina-7499a2.json
2026-07-20 04:44:59 | INFO     | OK https://skeb.jp/api/users/pm4erro
2026-07-20 04:44:59 | INFO     | Saving at a/skeb/pm4erro-0e1c47.json
2026-07-20 04:45:00 | INFO     | OK https://skeb.jp/api/users/memo_flora
2026-07-20 04:45:00 | INFO     | Saving at a/skeb/memo_flora-f2e91c.json
2026-07-20 04:45:01 | INFO     | OK https://skeb.jp/api/users/le_ax50
2026-07-20 04:45:01 | INFO     | Saving at a/skeb/le_ax50-126dd4.json
2026-07-20 04:45:02 | INFO     | OK https://skeb.jp/api/users/riorio_river
2026-07-20 04:45:02 | INFO     | Saving at a/skeb/riorio_river-efba67.json
2026-07-20 04:45:03 | INFO     | OK https://skeb.jp/api/users/umaimo_
2026-07-20 04:45:03 | INFO     | Saving at a/skeb/umaimo_-ba0dd5.json
2026-07-20 04:45:04 | INFO     | OK https://skeb.jp/api/users/hnnknsi
2026-07-20 04:45:04 | INFO     | Saving at a/skeb/hnnknsi-59006e.json
2026-07-20 04:45:05 | INFO     | OK https://skeb.jp/api/users/morokkoyoogl
2026-07-20 04:45:05 | INFO     | Saving at a/skeb/morokkoyoogl-06396e.json
2026-07-20 04:45:06 | INFO     | OK https://skeb.jp/api/users/atamaru_mnt
2026-07-20 04:45:06 | INFO     | Saving at a/skeb/atamaru_mnt-70e261.json
2026-07-20 04:45:07 | INFO     | OK https://skeb.jp/api/users/Yu_to_shake
2026-07-20 04:45:07 | INFO     | Saving at a/skeb/Yu_to_shake-0fb808.json
2026-07-20 04:45:08 | INFO     | OK https://skeb.jp/api/users/hanahuji_rei
2026-07-20 04:45:08 | INFO     | Saving at a/skeb/hanahuji_rei-c039e7.json
2026-07-20 04:45:09 | INFO     | OK https://skeb.jp/api/users/kamoakira0
2026-07-20 04:45:09 | INFO     | Saving at a/skeb/kamoakira0-b2276c.json
2026-07-20 04:45:10 | INFO     | OK https://skeb.jp/api/users/ag16_
2026-07-20 04:45:10 | INFO     | Saving at a/skeb/ag16_-701e3f.json
2026-07-20 04:45:11 | INFO     | OK https://skeb.jp/api/users/Dei_Taku
2026-07-20 04:45:11 | INFO     | Saving at a/skeb/Dei_Taku-f4621e.json
2026-07-20 04:45:12 | INFO     | OK https://skeb.jp/api/users/mika3sub
2026-07-20 04:45:12 | INFO     | Saving at a/skeb/mika3sub-26931b.json
2026-07-20 04:45:13 | INFO     | OK https://skeb.jp/api/users/kedachi
2026-07-20 04:45:13 | INFO     | Saving at a/skeb/kedachi-217dc5.json
2026-07-20 04:45:14 | INFO     | OK https://skeb.jp/api/users/kahi9317
2026-07-20 04:45:14 | INFO     | Saving at a/skeb/kahi9317-229f5f.json
2026-07-20 04:45:15 | INFO     | OK https://skeb.jp/api/users/sui_mizu_4ever
2026-07-20 04:45:15 | INFO     | Saving at a/skeb/sui_mizu_4ever-99e93c.json
2026-07-20 04:45:16 | INFO     | OK https://skeb.jp/api/users/chuhaibane
2026-07-20 04:45:16 | INFO     | Saving at a/skeb/chuhaibane-27db88.json
2026-07-20 04:45:17 | INFO     | OK https://skeb.jp/api/users/lunaren1642
2026-07-20 04:45:17 | INFO     | Saving at a/skeb/lunaren1642-4aec12.json
2026-07-20 04:45:18 | INFO     | OK https://skeb.jp/api/users/apota_333
2026-07-20 04:45:18 | INFO     | Saving at a/skeb/apota_333-e47580.json
2026-07-20 04:45:19 | INFO     | OK https://skeb.jp/api/users/344_53_
2026-07-20 04:45:19 | INFO     | Saving at a/skeb/344_53_-47301c.json
2026-07-20 04:45:20 | INFO     | OK https://skeb.jp/api/users/tarousanlove1
2026-07-20 04:45:20 | INFO     | Saving at a/skeb/tarousanlove1-f3a443.json
2026-07-20 04:45:21 | INFO     | OK https://skeb.jp/api/users/yamomo20
2026-07-20 04:45:21 | INFO     | Saving at a/skeb/yamomo20-2da303.json
2026-07-20 04:45:22 | INFO     | OK https://skeb.jp/api/users/siso_zakura03
2026-07-20 04:45:22 | INFO     | Saving at a/skeb/siso_zakura03-2b5e5b.json
2026-07-20 04:45:23 | INFO     | OK https://skeb.jp/api/users/Aaaxixz1
2026-07-20 04:45:23 | INFO     | Saving at a/skeb/Aaaxixz1-b043e5.json
2026-07-20 04:45:24 | INFO     | OK https://skeb.jp/api/users/ashikosiyowasi
2026-07-20 04:45:24 | INFO     | Saving at a/skeb/ashikosiyowasi-e6a052.json
2026-07-20 04:45:25 | INFO     | OK https://skeb.jp/api/users/sksk_sou
2026-07-20 04:45:25 | INFO     | Saving at a/skeb/sksk_sou-a212c3.json
2026-07-20 04:45:26 | INFO     | OK https://skeb.jp/api/users/ikki222
2026-07-20 04:45:26 | INFO     | Saving at a/skeb/ikki222-f2f7cb.json
2026-07-20 04:45:27 | INFO     | OK https://skeb.jp/api/users/sqmi_i
2026-07-20 04:45:27 | INFO     | Saving at a/skeb/sqmi_i-7dd57a.json
2026-07-20 04:45:28 | INFO     | OK https://skeb.jp/api/users/shiraai_ruele
2026-07-20 04:45:28 | INFO     | Saving at a/skeb/shiraai_ruele-f005e2.json
2026-07-20 04:45:29 | INFO     | OK https://skeb.jp/api/users/otukimi0808
2026-07-20 04:45:29 | INFO     | Saving at a/skeb/otukimi0808-709e4a.json
2026-07-20 04:45:30 | INFO     | OK https://skeb.jp/api/users/pine_ry000
2026-07-20 04:45:30 | INFO     | Saving at a/skeb/pine_ry000-800e6d.json
2026-07-20 04:45:31 | INFO     | OK https://skeb.jp/api/users/nananakisaragi
2026-07-20 04:45:31 | INFO     | Saving at a/skeb/nananakisaragi-25cf1a.json
2026-07-20 04:45:32 | INFO     | OK https://skeb.jp/api/users/Suzuhara_OCs
2026-07-20 04:45:32 | INFO     | Saving at a/skeb/Suzuhara_OCs-aba16c.json
2026-07-20 04:45:33 | INFO     | OK https://skeb.jp/api/users/RAG_large1582
2026-07-20 04:45:33 | INFO     | Saving at a/skeb/RAG_large1582-9a0d04.json
2026-07-20 04:45:34 | INFO     | OK https://skeb.jp/api/users/ui_frara
2026-07-20 04:45:34 | INFO     | Saving at a/skeb/ui_frara-da3564.json
2026-07-20 04:45:35 | INFO     | OK https://skeb.jp/api/users/Azm02O1
2026-07-20 04:45:35 | INFO     | Saving at a/skeb/Azm02O1-3fa08d.json
2026-07-20 04:45:36 | INFO     | OK https://skeb.jp/api/users/senchipeed_2
2026-07-20 04:45:36 | INFO     | Saving at a/skeb/senchipeed_2-2a2237.json
2026-07-20 04:45:37 | INFO     | OK https://skeb.jp/api/users/iti_takatuki_1
2026-07-20 04:45:37 | INFO     | Saving at a/skeb/iti_takatuki_1-6bcaa4.json
2026-07-20 04:45:38 | INFO     | OK https://skeb.jp/api/users/aVF0SGXATr96406
2026-07-20 04:45:38 | INFO     | Saving at a/skeb/aVF0SGXATr96406-574e47.json
2026-07-20 04:45:39 | INFO     | OK https://skeb.jp/api/users/4riON8VL3dfwToh
2026-07-20 04:45:39 | INFO     | Saving at a/skeb/4riON8VL3dfwToh-36e619.json
2026-07-20 04:45:40 | INFO     | OK https://skeb.jp/api/users/75RYrNYp9rtngjo
2026-07-20 04:45:40 | INFO     | Saving at a/skeb/75RYrNYp9rtngjo-69dfee.json
2026-07-20 04:45:41 | INFO     | OK https://skeb.jp/api/users/9mo2
2026-07-20 04:45:41 | INFO     | Saving at a/skeb/9mo2-5b0554.json
2026-07-20 04:45:42 | INFO     | OK https://skeb.jp/api/users/mznr_52
2026-07-20 04:45:42 | INFO     | Saving at a/skeb/mznr_52-97628d.json
2026-07-20 04:45:43 | INFO     | OK https://skeb.jp/api/users/N7XVWeWu8q
2026-07-20 04:45:43 | INFO     | Saving at a/skeb/N7XVWeWu8q-8af2d1.json
2026-07-20 04:45:44 | INFO     | OK https://skeb.jp/api/users/yukine88759
2026-07-20 04:45:44 | INFO     | Saving at a/skeb/yukine88759-ed1d79.json
2026-07-20 04:45:45 | INFO     | OK https://skeb.jp/api/users/Katatsuki_Lime
2026-07-20 04:45:45 | INFO     | Saving at a/skeb/Katatsuki_Lime-22fb60.json
2026-07-20 04:45:46 | INFO     | OK https://skeb.jp/api/users/4s2iilll
2026-07-20 04:45:46 | INFO     | Saving at a/skeb/4s2iilll-6b0ae9.json
2026-07-20 04:45:47 | INFO     | OK https://skeb.jp/api/users/nanashino_kihee
2026-07-20 04:45:47 | INFO     | Saving at a/skeb/nanashino_kihee-8cb694.json
2026-07-20 04:45:48 | INFO     | OK https://skeb.jp/api/users/_by4co
2026-07-20 04:45:48 | INFO     | Saving at a/skeb/_by4co-ae59c2.json
2026-07-20 04:45:49 | INFO     | OK https://skeb.jp/api/users/anything_knock
2026-07-20 04:45:49 | INFO     | Saving at a/skeb/anything_knock-4dae46.json
2026-07-20 04:45:50 | INFO     | OK https://skeb.jp/api/users/mika3kami_
2026-07-20 04:45:50 | INFO     | Saving at a/skeb/mika3kami_-701893.json
2026-07-20 04:45:51 | INFO     | OK https://skeb.jp/api/users/aiba_art
2026-07-20 04:45:51 | INFO     | Saving at a/skeb/aiba_art-dc1b6c.json
2026-07-20 04:45:52 | INFO     | OK https://skeb.jp/api/users/RSN_07
2026-07-20 04:45:52 | INFO     | Saving at a/skeb/RSN_07-30a32d.json
2026-07-20 04:45:53 | INFO     | OK https://skeb.jp/api/users/Fukurotaken
2026-07-20 04:45:53 | INFO     | Saving at a/skeb/Fukurotaken-0f5e4d.json
2026-07-20 04:45:53 | INFO     | OK https://skeb.jp/api/users/yamo___ri
2026-07-20 04:45:53 | INFO     | Saving at a/skeb/yamo___ri-6a694a.json
2026-07-20 04:45:55 | INFO     | OK https://skeb.jp/api/users/nekomame39
2026-07-20 04:45:55 | INFO     | Saving at a/skeb/nekomame39-b97f15.json
2026-07-20 04:45:56 | INFO     | OK https://skeb.jp/api/users/NRkashiwa_R18
2026-07-20 04:45:56 | INFO     | Saving at a/skeb/NRkashiwa_R18-51e70e.json
2026-07-20 04:45:57 | INFO     | OK https://skeb.jp/api/users/ilias1614
2026-07-20 04:45:57 | INFO     | Saving at a/skeb/ilias1614-386f7c.json
2026-07-20 04:45:58 | INFO     | OK https://skeb.jp/api/users/sskktn
2026-07-20 04:45:58 | INFO     | Saving at a/skeb/sskktn-b49e9e.json
2026-07-20 04:45:59 | INFO     | OK https://skeb.jp/api/users/phantasmharu
2026-07-20 04:45:59 | INFO     | Saving at a/skeb/phantasmharu-3e1d86.json
2026-07-20 04:45:59 | INFO     | OK https://skeb.jp/api/users/Otetechan456
2026-07-20 04:45:59 | INFO     | Saving at a/skeb/Otetechan456-f5d745.json
2026-07-20 04:46:01 | INFO     | OK https://skeb.jp/api/users/gotsugotsu_san
2026-07-20 04:46:01 | INFO     | Saving at a/skeb/gotsugotsu_san-99be37.json
2026-07-20 04:46:02 | INFO     | OK https://skeb.jp/api/users/clark_grimms
2026-07-20 04:46:02 | INFO     | Saving at a/skeb/clark_grimms-4f7aa8.json
2026-07-20 04:46:03 | INFO     | OK https://skeb.jp/api/users/_pasya_
2026-07-20 04:46:03 | INFO     | Saving at a/skeb/_pasya_-d7c9d0.json
2026-07-20 04:46:04 | INFO     | OK https://skeb.jp/api/users/mutumijoruri
2026-07-20 04:46:04 | INFO     | Saving at a/skeb/mutumijoruri-95899c.json
2026-07-20 04:46:05 | INFO     | OK https://skeb.jp/api/users/usapanda
2026-07-20 04:46:05 | INFO     | Saving at a/skeb/usapanda-1f96fa.json
2026-07-20 04:46:06 | INFO     | OK https://skeb.jp/api/users/e_ske_Rugo
2026-07-20 04:46:06 | INFO     | Saving at a/skeb/e_ske_Rugo-f5139a.json
2026-07-20 04:46:07 | INFO     | OK https://skeb.jp/api/users/Toria_Ezu3
2026-07-20 04:46:07 | INFO     | Saving at a/skeb/Toria_Ezu3-756644.json
2026-07-20 04:46:08 | INFO     | OK https://skeb.jp/api/users/Tomo_Eokaiteru
2026-07-20 04:46:08 | INFO     | Saving at a/skeb/Tomo_Eokaiteru-d93270.json
2026-07-20 04:46:09 | INFO     | OK https://skeb.jp/api/users/8246428
2026-07-20 04:46:09 | INFO     | Saving at a/skeb/8246428-c9c3c0.json
2026-07-20 04:46:10 | INFO     | OK https://skeb.jp/api/users/suafu6
2026-07-20 04:46:10 | INFO     | Saving at a/skeb/suafu6-a2a590.json
2026-07-20 04:46:11 | INFO     | OK https://skeb.jp/api/users/TOKONI_FUSU
2026-07-20 04:46:11 | INFO     | Saving at a/skeb/TOKONI_FUSU-26092f.json
2026-07-20 04:46:12 | INFO     | OK https://skeb.jp/api/users/miso_0328
2026-07-20 04:46:12 | INFO     | Saving at a/skeb/miso_0328-e46a20.json
2026-07-20 04:46:13 | INFO     | OK https://skeb.jp/api/users/nogamitch3
2026-07-20 04:46:13 | INFO     | Saving at a/skeb/nogamitch3-3bab09.json
2026-07-20 04:46:14 | INFO     | OK https://skeb.jp/api/users/mutuki_
2026-07-20 04:46:14 | INFO     | Saving at a/skeb/mutuki_-3070f6.json
2026-07-20 04:46:15 | INFO     | OK https://skeb.jp/api/users/uoooo_ygr
2026-07-20 04:46:15 | INFO     | Saving at a/skeb/uoooo_ygr-911ac1.json
2026-07-20 04:46:16 | INFO     | OK https://skeb.jp/api/users/hanamasa_ono
2026-07-20 04:46:16 | INFO     | Saving at a/skeb/hanamasa_ono-8971a3.json
2026-07-20 04:46:17 | INFO     | OK https://skeb.jp/api/users/kleio
2026-07-20 04:46:17 | INFO     | Saving at a/skeb/kleio-6dec92.json
2026-07-20 04:46:18 | INFO     | OK https://skeb.jp/api/users/rufsnart
2026-07-20 04:46:18 | INFO     | Saving at a/skeb/rufsnart-e9db74.json
2026-07-20 04:46:19 | INFO     | OK https://skeb.jp/api/users/35_seno
2026-07-20 04:46:19 | INFO     | Saving at a/skeb/35_seno-36fba8.json
2026-07-20 04:46:20 | INFO     | OK https://skeb.jp/api/users/siro90414
2026-07-20 04:46:20 | INFO     | Saving at a/skeb/siro90414-bea938.json
2026-07-20 04:46:21 | INFO     | OK https://skeb.jp/api/users/yuden_33
2026-07-20 04:46:21 | INFO     | Saving at a/skeb/yuden_33-717fa5.json
2026-07-20 04:46:22 | INFO     | OK https://skeb.jp/api/users/scarlet753315
2026-07-20 04:46:22 | INFO     | Saving at a/skeb/scarlet753315-ac8587.json
2026-07-20 04:46:23 | INFO     | OK https://skeb.jp/api/users/takezamurai
2026-07-20 04:46:23 | INFO     | Saving at a/skeb/takezamurai-43f6d0.json
2026-07-20 04:46:24 | INFO     | OK https://skeb.jp/api/users/chocomint_null
2026-07-20 04:46:24 | INFO     | Saving at a/skeb/chocomint_null-4e8051.json
2026-07-20 04:46:25 | INFO     | OK https://skeb.jp/api/users/wara_nanda
2026-07-20 04:46:25 | INFO     | Saving at a/skeb/wara_nanda-a3b184.json
2026-07-20 04:46:26 | INFO     | OK https://skeb.jp/api/users/wayon514
2026-07-20 04:46:26 | INFO     | Saving at a/skeb/wayon514-efcb00.json
2026-07-20 04:46:27 | INFO     | OK https://skeb.jp/api/users/bikkuri977
2026-07-20 04:46:27 | INFO     | Saving at a/skeb/bikkuri977-a372f4.json
2026-07-20 04:46:28 | INFO     | OK https://skeb.jp/api/users/i_nabaya
2026-07-20 04:46:28 | INFO     | Saving at a/skeb/i_nabaya-a56e2f.json
2026-07-20 04:46:29 | INFO     | OK https://skeb.jp/api/users/Uragoekimowo
2026-07-20 04:46:29 | INFO     | Saving at a/skeb/Uragoekimowo-805615.json
2026-07-20 04:46:30 | INFO     | OK https://skeb.jp/api/users/Hwr33M
2026-07-20 04:46:30 | INFO     | Saving at a/skeb/Hwr33M-f58f24.json
2026-07-20 04:46:31 | INFO     | OK https://skeb.jp/api/users/kagari_sankaku
2026-07-20 04:46:31 | INFO     | Saving at a/skeb/kagari_sankaku-079477.json
2026-07-20 04:46:32 | INFO     | OK https://skeb.jp/api/users/sasasatotototo
2026-07-20 04:46:32 | INFO     | Saving at a/skeb/sasasatotototo-e22920.json
2026-07-20 04:46:33 | INFO     | OK https://skeb.jp/api/users/mameko_0301
2026-07-20 04:46:33 | INFO     | Saving at a/skeb/mameko_0301-457029.json
2026-07-20 04:46:34 | INFO     | OK https://skeb.jp/api/users/x1_xo4
2026-07-20 04:46:34 | INFO     | Saving at a/skeb/x1_xo4-9f4e9b.json
2026-07-20 04:46:35 | INFO     | OK https://skeb.jp/api/users/kikury_
2026-07-20 04:46:35 | INFO     | Saving at a/skeb/kikury_-6109da.json
2026-07-20 04:46:36 | INFO     | OK https://skeb.jp/api/users/hrrgk
2026-07-20 04:46:36 | INFO     | Saving at a/skeb/hrrgk-60335f.json
2026-07-20 04:46:37 | INFO     | OK https://skeb.jp/api/users/kARBhh9Fpq
2026-07-20 04:46:37 | INFO     | Saving at a/skeb/kARBhh9Fpq-672056.json
2026-07-20 04:46:38 | INFO     | OK https://skeb.jp/api/users/ama__yuri
2026-07-20 04:46:38 | INFO     | Saving at a/skeb/ama__yuri-c08b25.json
2026-07-20 04:46:39 | INFO     | OK https://skeb.jp/api/users/kugu02aka
2026-07-20 04:46:39 | INFO     | Saving at a/skeb/kugu02aka-41dc4c.json
2026-07-20 04:46:40 | INFO     | OK https://skeb.jp/api/users/Keine_yuusya
2026-07-20 04:46:40 | INFO     | Saving at a/skeb/Keine_yuusya-4a4853.json
2026-07-20 04:46:41 | INFO     | OK https://skeb.jp/api/users/pipipilz2
2026-07-20 04:46:41 | INFO     | Saving at a/skeb/pipipilz2-0d009a.json
2026-07-20 04:46:42 | INFO     | OK https://skeb.jp/api/users/waruineko46
2026-07-20 04:46:42 | INFO     | Saving at a/skeb/waruineko46-34b2e3.json
2026-07-20 04:46:43 | INFO     | OK https://skeb.jp/api/users/Shira_tori1125
2026-07-20 04:46:43 | INFO     | Saving at a/skeb/Shira_tori1125-918921.json
2026-07-20 04:46:44 | INFO     | OK https://skeb.jp/api/users/2Nyan5000g
2026-07-20 04:46:44 | INFO     | Saving at a/skeb/2Nyan5000g-5419ab.json
2026-07-20 04:46:45 | INFO     | OK https://skeb.jp/api/users/E_eokiba
2026-07-20 04:46:45 | INFO     | Saving at a/skeb/E_eokiba-88a780.json
2026-07-20 04:46:46 | INFO     | OK https://skeb.jp/api/users/RK__O3O6
2026-07-20 04:46:46 | INFO     | Saving at a/skeb/RK__O3O6-2c28f8.json
2026-07-20 04:46:47 | INFO     | OK https://skeb.jp/api/users/egissi_
2026-07-20 04:46:47 | INFO     | Saving at a/skeb/egissi_-eba135.json
2026-07-20 04:46:48 | INFO     | OK https://skeb.jp/api/users/SENA_reco
2026-07-20 04:46:48 | INFO     | Saving at a/skeb/SENA_reco-ac4d4f.json
2026-07-20 04:46:49 | INFO     | OK https://skeb.jp/api/users/NyoraOshiume18B
2026-07-20 04:46:49 | INFO     | Saving at a/skeb/NyoraOshiume18B-188079.json
2026-07-20 04:46:50 | INFO     | OK https://skeb.jp/api/users/TKuT_G
2026-07-20 04:46:50 | INFO     | Saving at a/skeb/TKuT_G-9cbe5f.json
2026-07-20 04:46:51 | INFO     | OK https://skeb.jp/api/users/deathoekaki
2026-07-20 04:46:51 | INFO     | Saving at a/skeb/deathoekaki-d90a47.json
2026-07-20 04:46:52 | INFO     | OK https://skeb.jp/api/users/nishi_pixel
2026-07-20 04:46:52 | INFO     | Saving at a/skeb/nishi_pixel-275436.json
2026-07-20 04:46:53 | INFO     | OK https://skeb.jp/api/users/doradora_uhouho
2026-07-20 04:46:53 | INFO     | Saving at a/skeb/doradora_uhouho-e4c62c.json
2026-07-20 04:46:54 | INFO     | OK https://skeb.jp/api/users/ngyw115
2026-07-20 04:46:54 | INFO     | Saving at a/skeb/ngyw115-229793.json
2026-07-20 04:46:55 | INFO     | OK https://skeb.jp/api/users/oyo_arema
2026-07-20 04:46:55 | INFO     | Saving at a/skeb/oyo_arema-1243fa.json
2026-07-20 04:46:56 | INFO     | OK https://skeb.jp/api/users/shizuyama_aoi
2026-07-20 04:46:56 | INFO     | Saving at a/skeb/shizuyama_aoi-fc2d1a.json
2026-07-20 04:46:57 | INFO     | OK https://skeb.jp/api/users/aimiirugod
2026-07-20 04:46:57 | INFO     | Saving at a/skeb/aimiirugod-b1f17d.json
2026-07-20 04:46:58 | INFO     | OK https://skeb.jp/api/users/_igaragi
2026-07-20 04:46:58 | INFO     | Saving at a/skeb/_igaragi-315a8d.json
2026-07-20 04:46:59 | INFO     | OK https://skeb.jp/api/users/sanattyskitchen
2026-07-20 04:46:59 | INFO     | Saving at a/skeb/sanattyskitchen-731036.json
2026-07-20 04:47:00 | INFO     | OK https://skeb.jp/api/users/KUSAw
2026-07-20 04:47:00 | INFO     | Saving at a/skeb/KUSAw-11e0a1.json
2026-07-20 04:47:01 | INFO     | OK https://skeb.jp/api/users/KoikuchiTsuyu
2026-07-20 04:47:01 | INFO     | Saving at a/skeb/KoikuchiTsuyu-0e2dca.json
2026-07-20 04:47:02 | INFO     | OK https://skeb.jp/api/users/Liliel0401
2026-07-20 04:47:02 | INFO     | Saving at a/skeb/Liliel0401-1a83f2.json
2026-07-20 04:47:03 | INFO     | OK https://skeb.jp/api/users/iti_5o
2026-07-20 04:47:03 | INFO     | Saving at a/skeb/iti_5o-6f7467.json
2026-07-20 04:47:04 | INFO     | OK https://skeb.jp/api/users/finusgloria
2026-07-20 04:47:04 | INFO     | Saving at a/skeb/finusgloria-704d47.json
2026-07-20 04:47:05 | INFO     | OK https://skeb.jp/api/users/Fuyu_2320
2026-07-20 04:47:05 | INFO     | Saving at a/skeb/Fuyu_2320-d6e709.json
2026-07-20 04:47:06 | INFO     | OK https://skeb.jp/api/users/tauru_marimo
2026-07-20 04:47:06 | INFO     | Saving at a/skeb/tauru_marimo-f86aad.json
2026-07-20 04:47:07 | INFO     | OK https://skeb.jp/api/users/KayokoLOVE3_17
2026-07-20 04:47:07 | INFO     | Saving at a/skeb/KayokoLOVE3_17-497970.json
2026-07-20 04:47:08 | INFO     | OK https://skeb.jp/api/users/5cvepl
2026-07-20 04:47:08 | INFO     | Saving at a/skeb/5cvepl-b48095.json
2026-07-20 04:47:09 | INFO     | OK https://skeb.jp/api/users/kawakazeman
2026-07-20 04:47:09 | INFO     | Saving at a/skeb/kawakazeman-3dc241.json
2026-07-20 04:47:10 | INFO     | OK https://skeb.jp/api/users/e_sen_a1000
2026-07-20 04:47:10 | INFO     | Saving at a/skeb/e_sen_a1000-898974.json
2026-07-20 04:47:11 | INFO     | OK https://skeb.jp/api/users/Mwah_chan
2026-07-20 04:47:11 | INFO     | Saving at a/skeb/Mwah_chan-87b6ea.json
2026-07-20 04:47:12 | INFO     | OK https://skeb.jp/api/users/theo_seo_
2026-07-20 04:47:12 | INFO     | Saving at a/skeb/theo_seo_-4775f0.json
2026-07-20 04:47:13 | INFO     | OK https://skeb.jp/api/users/ichinosesoo
2026-07-20 04:47:13 | INFO     | Saving at a/skeb/ichinosesoo-873353.json
2026-07-20 04:47:14 | INFO     | OK https://skeb.jp/api/users/kakarichokacho
2026-07-20 04:47:14 | INFO     | Saving at a/skeb/kakarichokacho-d7db00.json
2026-07-20 04:47:15 | INFO     | OK https://skeb.jp/api/users/9mork
2026-07-20 04:47:15 | INFO     | Saving at a/skeb/9mork-efff4b.json
2026-07-20 04:47:16 | INFO     | OK https://skeb.jp/api/users/w6kyh
2026-07-20 04:47:16 | INFO     | Saving at a/skeb/w6kyh-af14c2.json
2026-07-20 04:47:17 | INFO     | OK https://skeb.jp/api/users/uuu_unikura
2026-07-20 04:47:17 | INFO     | Saving at a/skeb/uuu_unikura-3daba6.json
2026-07-20 04:47:18 | INFO     | OK https://skeb.jp/api/users/Kyarako_0220
2026-07-20 04:47:18 | INFO     | Saving at a/skeb/Kyarako_0220-228fbf.json
2026-07-20 04:47:19 | INFO     | OK https://skeb.jp/api/users/wabe417
2026-07-20 04:47:19 | INFO     | Saving at a/skeb/wabe417-d4818a.json
2026-07-20 04:47:20 | INFO     | OK https://skeb.jp/api/users/7ma9ta6
2026-07-20 04:47:20 | INFO     | Saving at a/skeb/7ma9ta6-473ad5.json
2026-07-20 04:47:21 | INFO     | OK https://skeb.jp/api/users/xi1eo
2026-07-20 04:47:21 | INFO     | Saving at a/skeb/xi1eo-17341c.json
2026-07-20 04:47:22 | INFO     | OK https://skeb.jp/api/users/tseo333
2026-07-20 04:47:22 | INFO     | Saving at a/skeb/tseo333-3b4eb6.json
2026-07-20 04:47:23 | INFO     | OK https://skeb.jp/api/users/4me3ba_NIKU
2026-07-20 04:47:23 | INFO     | Saving at a/skeb/4me3ba_NIKU-5a2e26.json
2026-07-20 04:47:24 | INFO     | OK https://skeb.jp/api/users/pote_tanunu
2026-07-20 04:47:24 | INFO     | Saving at a/skeb/pote_tanunu-a31120.json
2026-07-20 04:47:25 | INFO     | OK https://skeb.jp/api/users/uenomigi
2026-07-20 04:47:25 | INFO     | Saving at a/skeb/uenomigi-8cb616.json
2026-07-20 04:47:26 | INFO     | OK https://skeb.jp/api/users/5gN8i4hKux58193
2026-07-20 04:47:26 | INFO     | Saving at a/skeb/5gN8i4hKux58193-780c47.json
2026-07-20 04:47:27 | INFO     | OK https://skeb.jp/api/users/erakin9999
2026-07-20 04:47:27 | INFO     | Saving at a/skeb/erakin9999-ad879e.json
2026-07-20 04:47:28 | INFO     | OK https://skeb.jp/api/users/Tear_berr
2026-07-20 04:47:28 | INFO     | Saving at a/skeb/Tear_berr-bef698.json
2026-07-20 04:47:29 | INFO     | OK https://skeb.jp/api/users/BUTABARA1530
2026-07-20 04:47:29 | INFO     | Saving at a/skeb/BUTABARA1530-218155.json
2026-07-20 04:47:30 | INFO     | OK https://skeb.jp/api/users/mugnefarious
2026-07-20 04:47:30 | INFO     | Saving at a/skeb/mugnefarious-e90ae6.json
2026-07-20 04:47:31 | INFO     | OK https://skeb.jp/api/users/fuyu_gn
2026-07-20 04:47:31 | INFO     | Saving at a/skeb/fuyu_gn-c3ef2b.json
2026-07-20 04:47:32 | INFO     | OK https://skeb.jp/api/users/futagahirakanai
2026-07-20 04:47:32 | INFO     | Saving at a/skeb/futagahirakanai-0e9a8e.json
2026-07-20 04:47:33 | INFO     | OK https://skeb.jp/api/users/_ikirushimobe_
2026-07-20 04:47:33 | INFO     | Saving at a/skeb/_ikirushimobe_-16ff39.json
2026-07-20 04:47:34 | INFO     | OK https://skeb.jp/api/users/S10
2026-07-20 04:47:34 | INFO     | Saving at a/skeb/S10-27d889.json
2026-07-20 04:47:35 | INFO     | OK https://skeb.jp/api/users/tamane_june
2026-07-20 04:47:35 | INFO     | Saving at a/skeb/tamane_june-f23180.json
2026-07-20 04:47:36 | INFO     | OK https://skeb.jp/api/users/negiwasa555
2026-07-20 04:47:36 | INFO     | Saving at a/skeb/negiwasa555-36493e.json
2026-07-20 04:47:37 | INFO     | OK https://skeb.jp/api/users/cyabo_55
2026-07-20 04:47:37 | INFO     | Saving at a/skeb/cyabo_55-551cc6.json
2026-07-20 04:47:38 | INFO     | OK https://skeb.jp/api/users/KR0SK
2026-07-20 04:47:38 | INFO     | Saving at a/skeb/KR0SK-efaf6e.json
2026-07-20 04:47:39 | INFO     | OK https://skeb.jp/api/users/Osigoto0
2026-07-20 04:47:39 | INFO     | Saving at a/skeb/Osigoto0-f7a1a3.json
2026-07-20 04:47:40 | INFO     | OK https://skeb.jp/api/users/ayu_hcay
2026-07-20 04:47:40 | INFO     | Saving at a/skeb/ayu_hcay-12f7a9.json
2026-07-20 04:47:41 | INFO     | OK https://skeb.jp/api/users/Baronilu_02
2026-07-20 04:47:41 | INFO     | Saving at a/skeb/Baronilu_02-dce251.json
2026-07-20 04:47:42 | INFO     | OK https://skeb.jp/api/users/hasumifumi
2026-07-20 04:47:42 | INFO     | Saving at a/skeb/hasumifumi-41752a.json
2026-07-20 04:47:43 | INFO     | OK https://skeb.jp/api/users/nehituji21
2026-07-20 04:47:43 | INFO     | Saving at a/skeb/nehituji21-718065.json
2026-07-20 04:47:44 | INFO     | OK https://skeb.jp/api/users/nobuozi
2026-07-20 04:47:44 | INFO     | Saving at a/skeb/nobuozi-bfb6a2.json
2026-07-20 04:47:45 | INFO     | OK https://skeb.jp/api/users/XD_trpg
2026-07-20 04:47:45 | INFO     | Saving at a/skeb/XD_trpg-f51575.json
2026-07-20 04:47:46 | INFO     | OK https://skeb.jp/api/users/rarirureroppai
2026-07-20 04:47:46 | INFO     | Saving at a/skeb/rarirureroppai-4490cd.json
2026-07-20 04:47:47 | INFO     | OK https://skeb.jp/api/users/ferebimi86
2026-07-20 04:47:47 | INFO     | Saving at a/skeb/ferebimi86-6c3a9b.json
2026-07-20 04:47:48 | INFO     | OK https://skeb.jp/api/users/Aosaki_Yuri
2026-07-20 04:47:48 | INFO     | Saving at a/skeb/Aosaki_Yuri-60e259.json
2026-07-20 04:47:49 | INFO     | OK https://skeb.jp/api/users/Colon_BR
2026-07-20 04:47:49 | INFO     | Saving at a/skeb/Colon_BR-2081b8.json
2026-07-20 04:47:50 | INFO     | OK https://skeb.jp/api/users/umino_sachi_kj
2026-07-20 04:47:50 | INFO     | Saving at a/skeb/umino_sachi_kj-d749ca.json
2026-07-20 04:47:51 | INFO     | OK https://skeb.jp/api/users/u_uln2
2026-07-20 04:47:51 | INFO     | Saving at a/skeb/u_uln2-fa54d2.json
2026-07-20 04:47:52 | INFO     | OK https://skeb.jp/api/users/tm_mia11
2026-07-20 04:47:52 | INFO     | Saving at a/skeb/tm_mia11-4b3f41.json
2026-07-20 04:47:53 | INFO     | OK https://skeb.jp/api/users/_Yu1_oO
2026-07-20 04:47:53 | INFO     | Saving at a/skeb/_Yu1_oO-213ad4.json
2026-07-20 04:47:54 | INFO     | OK https://skeb.jp/api/users/otototamago
2026-07-20 04:47:54 | INFO     | Saving at a/skeb/otototamago-ceac51.json
2026-07-20 04:47:55 | INFO     | OK https://skeb.jp/api/users/X_aNgeL96x
2026-07-20 04:47:55 | INFO     | Saving at a/skeb/X_aNgeL96x-69d661.json
2026-07-20 04:47:56 | INFO     | OK https://skeb.jp/api/users/nonaprev
2026-07-20 04:47:56 | INFO     | Saving at a/skeb/nonaprev-318934.json
2026-07-20 04:47:57 | INFO     | OK https://skeb.jp/api/users/sirokohi
2026-07-20 04:47:57 | INFO     | Saving at a/skeb/sirokohi-951393.json
2026-07-20 04:47:58 | INFO     | OK https://skeb.jp/api/users/68ta_2
2026-07-20 04:47:58 | INFO     | Saving at a/skeb/68ta_2-4d79a5.json
2026-07-20 04:47:59 | INFO     | OK https://skeb.jp/api/users/uni45158
2026-07-20 04:47:59 | INFO     | Saving at a/skeb/uni45158-a40f49.json
2026-07-20 04:48:00 | INFO     | OK https://skeb.jp/api/users/MayYuuDay
2026-07-20 04:48:00 | INFO     | Saving at a/skeb/MayYuuDay-1345a8.json
2026-07-20 04:48:01 | INFO     | OK https://skeb.jp/api/users/sya_moment_9sai_skeb
2026-07-20 04:48:01 | INFO     | Saving at a/skeb/sya_moment_9sai_skeb-10f372.json
2026-07-20 04:48:02 | INFO     | OK https://skeb.jp/api/users/sio_anko2
2026-07-20 04:48:02 | INFO     | Saving at a/skeb/sio_anko2-ee49f3.json
2026-07-20 04:48:03 | INFO     | OK https://skeb.jp/api/users/CYOPPU_NIKI
2026-07-20 04:48:03 | INFO     | Saving at a/skeb/CYOPPU_NIKI-a574d7.json
2026-07-20 04:48:04 | INFO     | OK https://skeb.jp/api/users/ripper446
2026-07-20 04:48:04 | INFO     | Saving at a/skeb/ripper446-94a0b5.json
2026-07-20 04:48:05 | INFO     | OK https://skeb.jp/api/users/sansyoku32
2026-07-20 04:48:05 | INFO     | Saving at a/skeb/sansyoku32-cc7473.json
2026-07-20 04:48:06 | INFO     | OK https://skeb.jp/api/users/erenshu
2026-07-20 04:48:06 | INFO     | Saving at a/skeb/erenshu-c1152a.json
2026-07-20 04:48:07 | INFO     | OK https://skeb.jp/api/users/UnkoHundaze
2026-07-20 04:48:07 | INFO     | Saving at a/skeb/UnkoHundaze-a01c2d.json
2026-07-20 04:48:08 | INFO     | OK https://skeb.jp/api/users/uroko_navy
2026-07-20 04:48:08 | INFO     | Saving at a/skeb/uroko_navy-953807.json
2026-07-20 04:48:09 | INFO     | OK https://skeb.jp/api/users/_nebiebeam
2026-07-20 04:48:09 | INFO     | Saving at a/skeb/_nebiebeam-d3ff99.json
2026-07-20 04:48:10 | INFO     | OK https://skeb.jp/api/users/wifi1981321
2026-07-20 04:48:10 | INFO     | Saving at a/skeb/wifi1981321-9ac9ff.json
2026-07-20 04:48:11 | INFO     | OK https://skeb.jp/api/users/zfy14o
2026-07-20 04:48:11 | INFO     | Saving at a/skeb/zfy14o-22cc02.json
2026-07-20 04:48:12 | INFO     | OK https://skeb.jp/api/users/1unsei
2026-07-20 04:48:12 | INFO     | Saving at a/skeb/1unsei-2ed28a.json
2026-07-20 04:48:13 | INFO     | OK https://skeb.jp/api/users/OkbBETA
2026-07-20 04:48:13 | INFO     | Saving at a/skeb/OkbBETA-6960f1.json
2026-07-20 04:48:14 | INFO     | OK https://skeb.jp/api/users/KiricoSkst
2026-07-20 04:48:14 | INFO     | Saving at a/skeb/KiricoSkst-239f9c.json
2026-07-20 04:48:15 | INFO     | OK https://skeb.jp/api/users/neko_kantyo
2026-07-20 04:48:15 | INFO     | Saving at a/skeb/neko_kantyo-a24182.json
2026-07-20 04:48:16 | INFO     | OK https://skeb.jp/api/users/CafeIN9610
2026-07-20 04:48:16 | INFO     | Saving at a/skeb/CafeIN9610-4cf0c2.json
2026-07-20 04:48:17 | INFO     | OK https://skeb.jp/api/users/yurihara_minako
2026-07-20 04:48:17 | INFO     | Saving at a/skeb/yurihara_minako-660c40.json
2026-07-20 04:48:18 | INFO     | OK https://skeb.jp/api/users/Leto_goldman315
2026-07-20 04:48:18 | INFO     | Saving at a/skeb/Leto_goldman315-0ff4b0.json
2026-07-20 04:48:19 | INFO     | OK https://skeb.jp/api/users/rahato190
2026-07-20 04:48:19 | INFO     | Saving at a/skeb/rahato190-bc3287.json
2026-07-20 04:48:20 | INFO     | OK https://skeb.jp/api/users/yuyu29384756
2026-07-20 04:48:20 | INFO     | Saving at a/skeb/yuyu29384756-2b14dc.json
2026-07-20 04:48:21 | INFO     | OK https://skeb.jp/api/users/ten_hsn
2026-07-20 04:48:21 | INFO     | Saving at a/skeb/ten_hsn-6590ae.json
2026-07-20 04:48:22 | INFO     | OK https://skeb.jp/api/users/mendakoooooi
2026-07-20 04:48:22 | INFO     | Saving at a/skeb/mendakoooooi-502bff.json
2026-07-20 04:48:23 | INFO     | OK https://skeb.jp/api/users/pipopipositeru
2026-07-20 04:48:23 | INFO     | Saving at a/skeb/pipopipositeru-e9546f.json
2026-07-20 04:48:24 | INFO     | OK https://skeb.jp/api/users/Rapidestudio
2026-07-20 04:48:24 | INFO     | Saving at a/skeb/Rapidestudio-24aea6.json
2026-07-20 04:48:25 | INFO     | OK https://skeb.jp/api/users/aoaoaoao523
2026-07-20 04:48:25 | INFO     | Saving at a/skeb/aoaoaoao523-6ae7f9.json
2026-07-20 04:48:26 | INFO     | OK https://skeb.jp/api/users/pain_gumi
2026-07-20 04:48:26 | INFO     | Saving at a/skeb/pain_gumi-ccabe5.json
2026-07-20 04:48:27 | INFO     | OK https://skeb.jp/api/users/observer_rrh
2026-07-20 04:48:27 | INFO     | Saving at a/skeb/observer_rrh-d0387e.json
2026-07-20 04:48:28 | INFO     | OK https://skeb.jp/api/users/LamuQa
2026-07-20 04:48:28 | INFO     | Saving at a/skeb/LamuQa-1d9563.json
2026-07-20 04:48:29 | INFO     | OK https://skeb.jp/api/users/saripi_amtug
2026-07-20 04:48:29 | INFO     | Saving at a/skeb/saripi_amtug-653535.json
2026-07-20 04:48:30 | INFO     | OK https://skeb.jp/api/users/nagira07
2026-07-20 04:48:30 | INFO     | Saving at a/skeb/nagira07-9d3165.json
2026-07-20 04:48:31 | INFO     | OK https://skeb.jp/api/users/AL_Illust
2026-07-20 04:48:31 | INFO     | Saving at a/skeb/AL_Illust-b40f39.json
2026-07-20 04:48:32 | INFO     | OK https://skeb.jp/api/users/kuni082121
2026-07-20 04:48:32 | INFO     | Saving at a/skeb/kuni082121-6a7e7e.json
2026-07-20 04:48:33 | INFO     | OK https://skeb.jp/api/users/9d_ot
2026-07-20 04:48:33 | INFO     | Saving at a/skeb/9d_ot-82a0ae.json
2026-07-20 04:48:34 | INFO     | OK https://skeb.jp/api/users/s___xw_
2026-07-20 04:48:34 | INFO     | Saving at a/skeb/s___xw_-fe84ca.json
2026-07-20 04:48:35 | INFO     | OK https://skeb.jp/api/users/Kibi_Fukase
2026-07-20 04:48:35 | INFO     | Saving at a/skeb/Kibi_Fukase-403465.json
2026-07-20 04:48:36 | INFO     | OK https://skeb.jp/api/users/nikudaisuki_29
2026-07-20 04:48:36 | INFO     | Saving at a/skeb/nikudaisuki_29-661074.json
2026-07-20 04:48:37 | INFO     | OK https://skeb.jp/api/users/yukinohi0711
2026-07-20 04:48:37 | INFO     | Saving at a/skeb/yukinohi0711-19cf51.json
2026-07-20 04:48:38 | INFO     | OK https://skeb.jp/api/users/4xscpy
2026-07-20 04:48:38 | INFO     | Saving at a/skeb/4xscpy-a24d2a.json
2026-07-20 04:48:39 | INFO     | OK https://skeb.jp/api/users/nayamy_
2026-07-20 04:48:39 | INFO     | Saving at a/skeb/nayamy_-e59e1d.json
2026-07-20 04:48:40 | INFO     | OK https://skeb.jp/api/users/C1ear_a11_ha10
2026-07-20 04:48:40 | INFO     | Saving at a/skeb/C1ear_a11_ha10-78771e.json
2026-07-20 04:48:41 | INFO     | OK https://skeb.jp/api/users/ri_hisaka
2026-07-20 04:48:41 | INFO     | Saving at a/skeb/ri_hisaka-2dc094.json
2026-07-20 04:48:42 | INFO     | OK https://skeb.jp/api/users/tasuketei_i
2026-07-20 04:48:42 | INFO     | Saving at a/skeb/tasuketei_i-e3df1d.json
2026-07-20 04:48:43 | INFO     | OK https://skeb.jp/api/users/nontan_mobusagi
2026-07-20 04:48:43 | INFO     | Saving at a/skeb/nontan_mobusagi-4bd9f0.json
2026-07-20 04:48:44 | INFO     | OK https://skeb.jp/api/users/keseranpasaraa
2026-07-20 04:48:44 | INFO     | Saving at a/skeb/keseranpasaraa-33dcb0.json
2026-07-20 04:48:45 | INFO     | OK https://skeb.jp/api/users/Star__many_
2026-07-20 04:48:45 | INFO     | Saving at a/skeb/Star__many_-a8ad6f.json
2026-07-20 04:48:46 | INFO     | OK https://skeb.jp/api/users/libre1907_
2026-07-20 04:48:46 | INFO     | Saving at a/skeb/libre1907_-62be6c.json
2026-07-20 04:48:47 | INFO     | OK https://skeb.jp/api/users/chikuden8201039
2026-07-20 04:48:47 | INFO     | Saving at a/skeb/chikuden8201039-9c0e6a.json
2026-07-20 04:48:48 | INFO     | OK https://skeb.jp/api/users/cuerinnnnnnnnnn
2026-07-20 04:48:48 | INFO     | Saving at a/skeb/cuerinnnnnnnnnn-2af15d.json
2026-07-20 04:48:49 | INFO     | OK https://skeb.jp/api/users/miiainukawaii
2026-07-20 04:48:49 | INFO     | Saving at a/skeb/miiainukawaii-f7fe44.json
2026-07-20 04:48:50 | INFO     | OK https://skeb.jp/api/users/menome111
2026-07-20 04:48:50 | INFO     | Saving at a/skeb/menome111-52c20c.json
2026-07-20 04:48:51 | INFO     | OK https://skeb.jp/api/users/OkutaPus
2026-07-20 04:48:51 | INFO     | Saving at a/skeb/OkutaPus-351715.json
2026-07-20 04:48:52 | INFO     | OK https://skeb.jp/api/users/makinoki
2026-07-20 04:48:52 | INFO     | Saving at a/skeb/makinoki-cf7e7a.json
2026-07-20 04:48:53 | INFO     | OK https://skeb.jp/api/users/Shocchi133480
2026-07-20 04:48:53 | INFO     | Saving at a/skeb/Shocchi133480-f36acb.json
2026-07-20 04:48:54 | INFO     | OK https://skeb.jp/api/users/oto61573883
2026-07-20 04:48:54 | INFO     | Saving at a/skeb/oto61573883-b9290d.json
2026-07-20 04:48:55 | INFO     | OK https://skeb.jp/api/users/ayakumo_illust
2026-07-20 04:48:55 | INFO     | Saving at a/skeb/ayakumo_illust-f51737.json
2026-07-20 04:48:56 | INFO     | OK https://skeb.jp/api/users/syouga_6383
2026-07-20 04:48:56 | INFO     | Saving at a/skeb/syouga_6383-a5ec40.json
2026-07-20 04:48:57 | INFO     | OK https://skeb.jp/api/users/_kudryavka_trop
2026-07-20 04:48:57 | INFO     | Saving at a/skeb/_kudryavka_trop-a791b8.json
2026-07-20 04:48:58 | INFO     | OK https://skeb.jp/api/users/hu_nhey
2026-07-20 04:48:58 | INFO     | Saving at a/skeb/hu_nhey-c73918.json
2026-07-20 04:48:59 | INFO     | OK https://skeb.jp/api/users/kaitoriaru
2026-07-20 04:48:59 | INFO     | Saving at a/skeb/kaitoriaru-59bbb2.json
2026-07-20 04:49:00 | INFO     | OK https://skeb.jp/api/users/toukisenpai
2026-07-20 04:49:00 | INFO     | Saving at a/skeb/toukisenpai-fa8e6e.json
2026-07-20 04:49:01 | INFO     | OK https://skeb.jp/api/users/oyonya
2026-07-20 04:49:01 | INFO     | Saving at a/skeb/oyonya-da1d43.json
2026-07-20 04:49:02 | INFO     | OK https://skeb.jp/api/users/NagaeWeapon
2026-07-20 04:49:02 | INFO     | Saving at a/skeb/NagaeWeapon-d84819.json
2026-07-20 04:49:03 | INFO     | OK https://skeb.jp/api/users/irorixc
2026-07-20 04:49:03 | INFO     | Saving at a/skeb/irorixc-bc0f2a.json
2026-07-20 04:49:04 | INFO     | OK https://skeb.jp/api/users/saku__0320
2026-07-20 04:49:04 | INFO     | Saving at a/skeb/saku__0320-d8c59c.json
2026-07-20 04:49:05 | INFO     | OK https://skeb.jp/api/users/ojisanno_tikubi
2026-07-20 04:49:05 | INFO     | Saving at a/skeb/ojisanno_tikubi-35fffe.json
2026-07-20 04:49:06 | INFO     | OK https://skeb.jp/api/users/zenimakitchen
2026-07-20 04:49:06 | INFO     | Saving at a/skeb/zenimakitchen-fce728.json
2026-07-20 04:49:07 | INFO     | OK https://skeb.jp/api/users/MoguriGegg
2026-07-20 04:49:07 | INFO     | Saving at a/skeb/MoguriGegg-bb010d.json
2026-07-20 04:49:08 | INFO     | OK https://skeb.jp/api/users/er_ztv
2026-07-20 04:49:08 | INFO     | Saving at a/skeb/er_ztv-21e97e.json
2026-07-20 04:49:09 | INFO     | OK https://skeb.jp/api/users/Ayesha_618
2026-07-20 04:49:09 | INFO     | Saving at a/skeb/Ayesha_618-fcfaa5.json
2026-07-20 04:49:10 | INFO     | OK https://skeb.jp/api/users/sora11262
2026-07-20 04:49:10 | INFO     | Saving at a/skeb/sora11262-47eb94.json
2026-07-20 04:49:11 | INFO     | OK https://skeb.jp/api/users/Shime__Kake
2026-07-20 04:49:11 | INFO     | Saving at a/skeb/Shime__Kake-d12ca8.json
2026-07-20 04:49:12 | INFO     | OK https://skeb.jp/api/users/tart_nyankosan
2026-07-20 04:49:12 | INFO     | Saving at a/skeb/tart_nyankosan-0b2b3b.json
2026-07-20 04:49:13 | INFO     | OK https://skeb.jp/api/users/myouzizin
2026-07-20 04:49:13 | INFO     | Saving at a/skeb/myouzizin-a9df0c.json
2026-07-20 04:49:14 | INFO     | OK https://skeb.jp/api/users/hauberk888
2026-07-20 04:49:14 | INFO     | Saving at a/skeb/hauberk888-fa25be.json
2026-07-20 04:49:15 | INFO     | OK https://skeb.jp/api/users/Rasalas388
2026-07-20 04:49:15 | INFO     | Saving at a/skeb/Rasalas388-aa8c31.json
2026-07-20 04:49:16 | INFO     | OK https://skeb.jp/api/users/_p32_01
2026-07-20 04:49:16 | INFO     | Saving at a/skeb/_p32_01-c4d78e.json
2026-07-20 04:49:17 | INFO     | OK https://skeb.jp/api/users/mur4t4_rmd
2026-07-20 04:49:17 | INFO     | Saving at a/skeb/mur4t4_rmd-45428c.json
2026-07-20 04:49:18 | INFO     | OK https://skeb.jp/api/users/orizin_4696
2026-07-20 04:49:18 | INFO     | Saving at a/skeb/orizin_4696-10a9cf.json
2026-07-20 04:49:19 | INFO     | OK https://skeb.jp/api/users/shockdazou
2026-07-20 04:49:19 | INFO     | Saving at a/skeb/shockdazou-741a2c.json
2026-07-20 04:49:20 | INFO     | OK https://skeb.jp/api/users/e999740
2026-07-20 04:49:20 | INFO     | Saving at a/skeb/e999740-8f37e2.json
2026-07-20 04:49:21 | INFO     | OK https://skeb.jp/api/users/u_sekihara
2026-07-20 04:49:21 | INFO     | Saving at a/skeb/u_sekihara-a3eb92.json
2026-07-20 04:49:22 | INFO     | OK https://skeb.jp/api/users/wool_all
2026-07-20 04:49:22 | INFO     | Saving at a/skeb/wool_all-11f871.json
2026-07-20 04:49:22 | INFO     | Saving at a/skeb/wool_all-11f871.json
2026-07-20 04:49:23 | INFO     | OK https://skeb.jp/api/users/mattyaaisu_0116
2026-07-20 04:49:23 | INFO     | Saving at a/skeb/mattyaaisu_0116-07f883.json
2026-07-20 04:49:24 | INFO     | OK https://skeb.jp/api/users/img_PIC
2026-07-20 04:49:24 | INFO     | Saving at a/skeb/img_PIC-718e26.json
2026-07-20 04:49:25 | INFO     | OK https://skeb.jp/api/users/mekakonbuzime
2026-07-20 04:49:25 | INFO     | Saving at a/skeb/mekakonbuzime-d935e7.json
2026-07-20 04:49:26 | INFO     | OK https://skeb.jp/api/users/shira__1105
2026-07-20 04:49:26 | INFO     | Saving at a/skeb/shira__1105-2fa0d5.json
2026-07-20 04:49:27 | INFO     | OK https://skeb.jp/api/users/168namu3
2026-07-20 04:49:27 | INFO     | Saving at a/skeb/168namu3-5e090f.json
2026-07-20 04:49:28 | INFO     | OK https://skeb.jp/api/users/Rsproject
2026-07-20 04:49:28 | INFO     | Saving at a/skeb/Rsproject-016adb.json
2026-07-20 04:49:29 | INFO     | OK https://skeb.jp/api/users/hiraga_matsuri
2026-07-20 04:49:29 | INFO     | Saving at a/skeb/hiraga_matsuri-1b642e.json
2026-07-20 04:49:30 | INFO     | OK https://skeb.jp/api/users/ORIIB6_V
2026-07-20 04:49:30 | INFO     | Saving at a/skeb/ORIIB6_V-0fff65.json
2026-07-20 04:49:31 | INFO     | OK https://skeb.jp/api/users/m_mochio
2026-07-20 04:49:31 | INFO     | Saving at a/skeb/m_mochio-a86349.json
2026-07-20 04:49:32 | INFO     | OK https://skeb.jp/api/users/urabe0519
2026-07-20 04:49:32 | INFO     | Saving at a/skeb/urabe0519-a5335f.json
2026-07-20 04:49:33 | INFO     | OK https://skeb.jp/api/users/ie2828
2026-07-20 04:49:33 | INFO     | Saving at a/skeb/ie2828-4be0b1.json
2026-07-20 04:49:34 | INFO     | OK https://skeb.jp/api/users/ameba___x
2026-07-20 04:49:34 | INFO     | Saving at a/skeb/ameba___x-8851a2.json
2026-07-20 04:49:35 | INFO     | OK https://skeb.jp/api/users/moja_taishi
2026-07-20 04:49:35 | INFO     | Saving at a/skeb/moja_taishi-05cab3.json
2026-07-20 04:49:36 | INFO     | OK https://skeb.jp/api/users/Gemuo_metopoke
2026-07-20 04:49:36 | INFO     | Saving at a/skeb/Gemuo_metopoke-853066.json
2026-07-20 04:49:37 | INFO     | OK https://skeb.jp/api/users/trpg_fuzi
2026-07-20 04:49:37 | INFO     | Saving at a/skeb/trpg_fuzi-f8ba2d.json
2026-07-20 04:49:38 | INFO     | OK https://skeb.jp/api/users/codama_ooo
2026-07-20 04:49:38 | INFO     | Saving at a/skeb/codama_ooo-37e4c9.json
2026-07-20 04:49:39 | INFO     | OK https://skeb.jp/api/users/no_n4010
2026-07-20 04:49:39 | INFO     | Saving at a/skeb/no_n4010-5784bd.json
2026-07-20 04:49:40 | INFO     | OK https://skeb.jp/api/users/una_so_
2026-07-20 04:49:40 | INFO     | Saving at a/skeb/una_so_-5b2dc1.json
2026-07-20 04:49:41 | INFO     | OK https://skeb.jp/api/users/bigkumasan_ss
2026-07-20 04:49:41 | INFO     | Saving at a/skeb/bigkumasan_ss-c964ae.json
2026-07-20 04:49:42 | INFO     | OK https://skeb.jp/api/users/cowocz
2026-07-20 04:49:42 | INFO     | Saving at a/skeb/cowocz-9298e4.json
2026-07-20 04:49:43 | INFO     | OK https://skeb.jp/api/users/yoyomurayo
2026-07-20 04:49:43 | INFO     | Saving at a/skeb/yoyomurayo-f17131.json
2026-07-20 04:49:44 | INFO     | OK https://skeb.jp/api/users/TENGMB
2026-07-20 04:49:44 | INFO     | Saving at a/skeb/TENGMB-1c93bd.json
2026-07-20 04:49:45 | INFO     | OK https://skeb.jp/api/users/lacteolus_laku
2026-07-20 04:49:45 | INFO     | Saving at a/skeb/lacteolus_laku-602fd8.json
2026-07-20 04:49:46 | INFO     | OK https://skeb.jp/api/users/soara_shimomo
2026-07-20 04:49:46 | INFO     | Saving at a/skeb/soara_shimomo-31a6a9.json
2026-07-20 04:49:47 | INFO     | OK https://skeb.jp/api/users/majideka_skeb
2026-07-20 04:49:47 | INFO     | Saving at a/skeb/majideka_skeb-2712f3.json
2026-07-20 04:49:48 | INFO     | OK https://skeb.jp/api/users/Aosaki_Licht
2026-07-20 04:49:48 | INFO     | Saving at a/skeb/Aosaki_Licht-e857dd.json
2026-07-20 04:49:49 | INFO     | OK https://skeb.jp/api/users/f2173
2026-07-20 04:49:49 | INFO     | Saving at a/skeb/f2173-aa213c.json
2026-07-20 04:49:50 | INFO     | OK https://skeb.jp/api/users/syuuya2015
2026-07-20 04:49:50 | INFO     | Saving at a/skeb/syuuya2015-752e65.json
2026-07-20 04:49:51 | INFO     | OK https://skeb.jp/api/users/u02
2026-07-20 04:49:51 | INFO     | Saving at a/skeb/u02-2d3f5f.json
2026-07-20 04:49:52 | INFO     | OK https://skeb.jp/api/users/yume0___0neco
2026-07-20 04:49:52 | INFO     | Saving at a/skeb/yume0___0neco-83f06c.json
2026-07-20 04:49:53 | INFO     | OK https://skeb.jp/api/users/LFeV2rUAOC46481
2026-07-20 04:49:53 | INFO     | Saving at a/skeb/LFeV2rUAOC46481-590da7.json
2026-07-20 04:49:54 | INFO     | OK https://skeb.jp/api/users/kentylevel
2026-07-20 04:49:54 | INFO     | Saving at a/skeb/kentylevel-5bb5c7.json
2026-07-20 04:49:55 | INFO     | OK https://skeb.jp/api/users/deepseakio
2026-07-20 04:49:55 | INFO     | Saving at a/skeb/deepseakio-a82c86.json
2026-07-20 04:49:56 | INFO     | OK https://skeb.jp/api/users/KurePuru66557
2026-07-20 04:49:56 | INFO     | Saving at a/skeb/KurePuru66557-c76f3d.json
2026-07-20 04:49:57 | INFO     | OK https://skeb.jp/api/users/tsu__bas2
2026-07-20 04:49:57 | INFO     | Saving at a/skeb/tsu__bas2-595a50.json
2026-07-20 04:49:58 | INFO     | OK https://skeb.jp/api/users/tofu_bam
2026-07-20 04:49:58 | INFO     | Saving at a/skeb/tofu_bam-d19c18.json
2026-07-20 04:49:59 | INFO     | OK https://skeb.jp/api/users/amamiruko
2026-07-20 04:49:59 | INFO     | Saving at a/skeb/amamiruko-7696dc.json
2026-07-20 04:50:00 | INFO     | OK https://skeb.jp/api/users/chawamushiiiii
2026-07-20 04:50:00 | INFO     | Saving at a/skeb/chawamushiiiii-b4d38a.json
2026-07-20 04:50:01 | INFO     | OK https://skeb.jp/api/users/yonaga4423
2026-07-20 04:50:01 | INFO     | Saving at a/skeb/yonaga4423-48e3d6.json
2026-07-20 04:50:02 | INFO     | OK https://skeb.jp/api/users/asahi_UOXOUusa
2026-07-20 04:50:02 | INFO     | Saving at a/skeb/asahi_UOXOUusa-ad4446.json
2026-07-20 04:50:03 | INFO     | OK https://skeb.jp/api/users/gen_kvkv
2026-07-20 04:50:03 | INFO     | Saving at a/skeb/gen_kvkv-6c684b.json
2026-07-20 04:50:04 | INFO     | OK https://skeb.jp/api/users/ASAHIxx83LU
2026-07-20 04:50:04 | INFO     | Saving at a/skeb/ASAHIxx83LU-6c26fc.json
2026-07-20 04:50:05 | INFO     | OK https://skeb.jp/api/users/shiro_SRMSK
2026-07-20 04:50:05 | INFO     | Saving at a/skeb/shiro_SRMSK-c441c2.json
2026-07-20 04:50:06 | INFO     | OK https://skeb.jp/api/users/gus_uur
2026-07-20 04:50:06 | INFO     | Saving at a/skeb/gus_uur-95a7fb.json
2026-07-20 04:50:07 | INFO     | OK https://skeb.jp/api/users/ywyw_MNTL
2026-07-20 04:50:07 | INFO     | Saving at a/skeb/ywyw_MNTL-44a8e3.json
2026-07-20 04:50:08 | INFO     | OK https://skeb.jp/api/users/Nejiro_001
2026-07-20 04:50:08 | INFO     | Saving at a/skeb/Nejiro_001-601509.json
2026-07-20 04:50:09 | INFO     | OK https://skeb.jp/api/users/ginjiroXX
2026-07-20 04:50:09 | INFO     | Saving at a/skeb/ginjiroXX-907151.json
2026-07-20 04:50:10 | INFO     | OK https://skeb.jp/api/users/nanoda9999
2026-07-20 04:50:10 | INFO     | Saving at a/skeb/nanoda9999-cb83d4.json
2026-07-20 04:50:11 | INFO     | OK https://skeb.jp/api/users/haraguromeziro
2026-07-20 04:50:11 | INFO     | Saving at a/skeb/haraguromeziro-ad11c4.json
2026-07-20 04:50:12 | INFO     | OK https://skeb.jp/api/users/0hirosi0
2026-07-20 04:50:12 | INFO     | Saving at a/skeb/0hirosi0-f36b33.json
2026-07-20 04:50:13 | INFO     | OK https://skeb.jp/api/users/ayayami13
2026-07-20 04:50:13 | INFO     | Saving at a/skeb/ayayami13-461725.json
2026-07-20 04:50:14 | INFO     | OK https://skeb.jp/api/users/25_sunny2
2026-07-20 04:50:14 | INFO     | Saving at a/skeb/25_sunny2-98edc9.json
2026-07-20 04:50:15 | INFO     | OK https://skeb.jp/api/users/pupuoyf17
2026-07-20 04:50:15 | INFO     | Saving at a/skeb/pupuoyf17-0a0fb4.json
2026-07-20 04:50:16 | INFO     | OK https://skeb.jp/api/users/nounai_irasto
2026-07-20 04:50:16 | INFO     | Saving at a/skeb/nounai_irasto-b38ba2.json
2026-07-20 04:50:17 | INFO     | OK https://skeb.jp/api/users/AkiAkane104
2026-07-20 04:50:17 | INFO     | Saving at a/skeb/AkiAkane104-0939cf.json
2026-07-20 04:50:18 | INFO     | OK https://skeb.jp/api/users/jin_log
2026-07-20 04:50:18 | INFO     | Saving at a/skeb/jin_log-de1e72.json
2026-07-20 04:50:19 | INFO     | OK https://skeb.jp/api/users/sakuramoti322
2026-07-20 04:50:19 | INFO     | Saving at a/skeb/sakuramoti322-eb87c3.json
2026-07-20 04:50:20 | INFO     | OK https://skeb.jp/api/users/izumikei001
2026-07-20 04:50:20 | INFO     | Saving at a/skeb/izumikei001-90c8a0.json
2026-07-20 04:50:21 | INFO     | OK https://skeb.jp/api/users/voifooooooork
2026-07-20 04:50:21 | INFO     | Saving at a/skeb/voifooooooork-ad47eb.json
2026-07-20 04:50:22 | INFO     | OK https://skeb.jp/api/users/kanimisokani_06
2026-07-20 04:50:22 | INFO     | Saving at a/skeb/kanimisokani_06-076be0.json
2026-07-20 04:50:23 | INFO     | OK https://skeb.jp/api/users/03Omi_trpg
2026-07-20 04:50:23 | INFO     | Saving at a/skeb/03Omi_trpg-0a68da.json
2026-07-20 04:50:24 | INFO     | OK https://skeb.jp/api/users/OihLf
2026-07-20 04:50:24 | INFO     | Saving at a/skeb/OihLf-bd6c04.json
2026-07-20 04:50:25 | INFO     | OK https://skeb.jp/api/users/shireru_206
2026-07-20 04:50:25 | INFO     | Saving at a/skeb/shireru_206-f2b30e.json
2026-07-20 04:50:26 | INFO     | OK https://skeb.jp/api/users/Nanigashi_tsuki0
2026-07-20 04:50:26 | INFO     | Saving at a/skeb/Nanigashi_tsuki0-45d1a2.json
2026-07-20 04:50:27 | INFO     | OK https://skeb.jp/api/users/omp432
2026-07-20 04:50:27 | INFO     | Saving at a/skeb/omp432-2bc21a.json
2026-07-20 04:50:28 | INFO     | OK https://skeb.jp/api/users/u3g1n
2026-07-20 04:50:28 | INFO     | Saving at a/skeb/u3g1n-e8b18e.json
2026-07-20 04:50:29 | INFO     | OK https://skeb.jp/api/users/buruburu2
2026-07-20 04:50:29 | INFO     | Saving at a/skeb/buruburu2-691a4a.json
2026-07-20 04:50:30 | INFO     | OK https://skeb.jp/api/users/td5yh8te
2026-07-20 04:50:30 | INFO     | Saving at a/skeb/td5yh8te-ce82ce.json
2026-07-20 04:50:31 | INFO     | OK https://skeb.jp/api/users/Negoiii_to_1
2026-07-20 04:50:31 | INFO     | Saving at a/skeb/Negoiii_to_1-36bf77.json
2026-07-20 04:50:32 | INFO     | OK https://skeb.jp/api/users/nvn_lllk
2026-07-20 04:50:32 | INFO     | Saving at a/skeb/nvn_lllk-a83123.json
2026-07-20 04:50:33 | INFO     | OK https://skeb.jp/api/users/Yako_mimimi
2026-07-20 04:50:33 | INFO     | Saving at a/skeb/Yako_mimimi-60900d.json
2026-07-20 04:50:34 | INFO     | OK https://skeb.jp/api/users/RRR_R18G
2026-07-20 04:50:34 | INFO     | Saving at a/skeb/RRR_R18G-ab2800.json
2026-07-20 04:50:35 | INFO     | OK https://skeb.jp/api/users/wowo_oe_aiyiy_
2026-07-20 04:50:35 | INFO     | Saving at a/skeb/wowo_oe_aiyiy_-47be07.json
2026-07-20 04:50:36 | INFO     | OK https://skeb.jp/api/users/ririkosousaku
2026-07-20 04:50:36 | INFO     | Saving at a/skeb/ririkosousaku-fc9099.json
2026-07-20 04:50:37 | INFO     | OK https://skeb.jp/api/users/masahikoyamauci
2026-07-20 04:50:37 | INFO     | Saving at a/skeb/masahikoyamauci-1cb7a2.json
2026-07-20 04:50:38 | INFO     | OK https://skeb.jp/api/users/me_Genzo
2026-07-20 04:50:38 | INFO     | Saving at a/skeb/me_Genzo-2f9703.json
2026-07-20 04:50:39 | INFO     | OK https://skeb.jp/api/users/a_o_hi_to
2026-07-20 04:50:39 | INFO     | Saving at a/skeb/a_o_hi_to-f26167.json
2026-07-20 04:50:40 | INFO     | OK https://skeb.jp/api/users/anoano_san
2026-07-20 04:50:40 | INFO     | Saving at a/skeb/anoano_san-32ee7f.json
2026-07-20 04:50:41 | INFO     | OK https://skeb.jp/api/users/siotarou_0293
2026-07-20 04:50:41 | INFO     | Saving at a/skeb/siotarou_0293-585a3e.json
2026-07-20 04:50:42 | INFO     | OK https://skeb.jp/api/users/hattyakeyarou
2026-07-20 04:50:42 | INFO     | Saving at a/skeb/hattyakeyarou-ebae8e.json
2026-07-20 04:50:43 | INFO     | OK https://skeb.jp/api/users/imorui3
2026-07-20 04:50:43 | INFO     | Saving at a/skeb/imorui3-c70bf0.json
2026-07-20 04:50:44 | INFO     | OK https://skeb.jp/api/users/kusonikumarukun
2026-07-20 04:50:44 | INFO     | Saving at a/skeb/kusonikumarukun-d16067.json
2026-07-20 04:50:45 | INFO     | OK https://skeb.jp/api/users/kohsuke_krsk
2026-07-20 04:50:45 | INFO     | Saving at a/skeb/kohsuke_krsk-81a562.json
2026-07-20 04:50:46 | INFO     | OK https://skeb.jp/api/users/meguriya_ponta
2026-07-20 04:50:46 | INFO     | Saving at a/skeb/meguriya_ponta-af9539.json
2026-07-20 04:50:47 | INFO     | OK https://skeb.jp/api/users/X3rIMpiGxXMFRWO
2026-07-20 04:50:47 | INFO     | Saving at a/skeb/X3rIMpiGxXMFRWO-c688a6.json
2026-07-20 04:50:48 | INFO     | OK https://skeb.jp/api/users/gyokuourou4414
2026-07-20 04:50:48 | INFO     | Saving at a/skeb/gyokuourou4414-06677d.json
2026-07-20 04:50:49 | INFO     | OK https://skeb.jp/api/users/futoshi_95
2026-07-20 04:50:49 | INFO     | Saving at a/skeb/futoshi_95-7935b9.json
2026-07-20 04:50:50 | INFO     | OK https://skeb.jp/api/users/geobubabi
2026-07-20 04:50:50 | INFO     | Saving at a/skeb/geobubabi-d95bef.json
2026-07-20 04:50:51 | INFO     | OK https://skeb.jp/api/users/kotarou83
2026-07-20 04:50:51 | INFO     | Saving at a/skeb/kotarou83-2dd37d.json
2026-07-20 04:50:52 | INFO     | OK https://skeb.jp/api/users/thrananaart
2026-07-20 04:50:52 | INFO     | Saving at a/skeb/thrananaart-10659c.json
2026-07-20 04:50:53 | INFO     | OK https://skeb.jp/api/users/sheruru__
2026-07-20 04:50:53 | INFO     | Saving at a/skeb/sheruru__-12aca6.json
2026-07-20 04:50:54 | INFO     | OK https://skeb.jp/api/users/leirion
2026-07-20 04:50:54 | INFO     | Saving at a/skeb/leirion-acfdc4.json
2026-07-20 04:50:55 | INFO     | OK https://skeb.jp/api/users/meeeeeeco
2026-07-20 04:50:55 | INFO     | Saving at a/skeb/meeeeeeco-4dc9f5.json
2026-07-20 04:50:56 | INFO     | OK https://skeb.jp/api/users/mybrokenpencil1
2026-07-20 04:50:56 | INFO     | Saving at a/skeb/mybrokenpencil1-637155.json
2026-07-20 04:50:57 | INFO     | OK https://skeb.jp/api/users/Yastuna_Yushire
2026-07-20 04:50:57 | INFO     | Saving at a/skeb/Yastuna_Yushire-6cb8bf.json
2026-07-20 04:50:58 | INFO     | OK https://skeb.jp/api/users/PiPinavigation
2026-07-20 04:50:58 | INFO     | Saving at a/skeb/PiPinavigation-4a0ae6.json
2026-07-20 04:50:59 | INFO     | OK https://skeb.jp/api/users/komachiac20kv
2026-07-20 04:50:59 | INFO     | Saving at a/skeb/komachiac20kv-45dac1.json
2026-07-20 04:51:00 | INFO     | OK https://skeb.jp/api/users/poya_d
2026-07-20 04:51:00 | INFO     | Saving at a/skeb/poya_d-8d6e03.json
2026-07-20 04:51:01 | INFO     | OK https://skeb.jp/api/users/QyuunQ
2026-07-20 04:51:01 | INFO     | Saving at a/skeb/QyuunQ-bd9599.json
2026-07-20 04:51:02 | INFO     | OK https://skeb.jp/api/users/yakouseimacaron
2026-07-20 04:51:02 | INFO     | Saving at a/skeb/yakouseimacaron-1fdd09.json
2026-07-20 04:51:03 | INFO     | OK https://skeb.jp/api/users/Flansisca2411
2026-07-20 04:51:03 | INFO     | Saving at a/skeb/Flansisca2411-5a784b.json
2026-07-20 04:51:04 | INFO     | OK https://skeb.jp/api/users/AO4MA_0
2026-07-20 04:51:04 | INFO     | Saving at a/skeb/AO4MA_0-b92b8a.json
2026-07-20 04:51:05 | INFO     | OK https://skeb.jp/api/users/hami_dmg
2026-07-20 04:51:05 | INFO     | Saving at a/skeb/hami_dmg-b3ea01.json
2026-07-20 04:51:06 | INFO     | OK https://skeb.jp/api/users/hagure_g
2026-07-20 04:51:06 | INFO     | Saving at a/skeb/hagure_g-47719a.json
2026-07-20 04:51:07 | INFO     | OK https://skeb.jp/api/users/rabon_260
2026-07-20 04:51:07 | INFO     | Saving at a/skeb/rabon_260-4a3040.json
2026-07-20 04:51:08 | INFO     | OK https://skeb.jp/api/users/botta_kuri_
2026-07-20 04:51:08 | INFO     | Saving at a/skeb/botta_kuri_-539e30.json
2026-07-20 04:51:09 | INFO     | OK https://skeb.jp/api/users/raito_trpg
2026-07-20 04:51:09 | INFO     | Saving at a/skeb/raito_trpg-52f6b1.json
2026-07-20 04:51:10 | INFO     | OK https://skeb.jp/api/users/0DI_NA0
2026-07-20 04:51:10 | INFO     | Saving at a/skeb/0DI_NA0-8e05a6.json
2026-07-20 04:51:11 | INFO     | OK https://skeb.jp/api/users/paied_98
2026-07-20 04:51:11 | INFO     | Saving at a/skeb/paied_98-809f3c.json
2026-07-20 04:51:12 | INFO     | OK https://skeb.jp/api/users/SecretL_Sts
2026-07-20 04:51:12 | INFO     | Saving at a/skeb/SecretL_Sts-83b0d6.json
2026-07-20 04:51:13 | INFO     | OK https://skeb.jp/api/users/mgr_skb
2026-07-20 04:51:13 | INFO     | Saving at a/skeb/mgr_skb-f27a27.json
2026-07-20 04:51:14 | INFO     | OK https://skeb.jp/api/users/Rpiriodo
2026-07-20 04:51:14 | INFO     | Saving at a/skeb/Rpiriodo-d55e2a.json
2026-07-20 04:51:15 | INFO     | OK https://skeb.jp/api/users/Iwanumaart
2026-07-20 04:51:15 | INFO     | Saving at a/skeb/Iwanumaart-2a38d3.json
2026-07-20 04:51:16 | INFO     | OK https://skeb.jp/api/users/nnn53
2026-07-20 04:51:16 | INFO     | Saving at a/skeb/nnn53-f62d06.json
2026-07-20 04:51:17 | INFO     | OK https://skeb.jp/api/users/yoshi_typeMP
2026-07-20 04:51:17 | INFO     | Saving at a/skeb/yoshi_typeMP-cfbd65.json
2026-07-20 04:51:18 | INFO     | OK https://skeb.jp/api/users/Da_B_fox
2026-07-20 04:51:18 | INFO     | Saving at a/skeb/Da_B_fox-e26cff.json
2026-07-20 04:51:19 | INFO     | OK https://skeb.jp/api/users/tyusyu_25
2026-07-20 04:51:19 | INFO     | Saving at a/skeb/tyusyu_25-efaf40.json
2026-07-20 04:51:20 | INFO     | OK https://skeb.jp/api/users/514chankawaii
2026-07-20 04:51:20 | INFO     | Saving at a/skeb/514chankawaii-3cdb11.json
2026-07-20 04:51:21 | INFO     | OK https://skeb.jp/api/users/Nashi_kuu
2026-07-20 04:51:21 | INFO     | Saving at a/skeb/Nashi_kuu-d50aca.json
2026-07-20 04:51:22 | INFO     | OK https://skeb.jp/api/users/Warmly_breaknow
2026-07-20 04:51:22 | INFO     | Saving at a/skeb/Warmly_breaknow-300582.json
2026-07-20 04:51:23 | INFO     | OK https://skeb.jp/api/users/f_ukkami
2026-07-20 04:51:23 | INFO     | Saving at a/skeb/f_ukkami-3381cf.json
2026-07-20 04:51:24 | INFO     | OK https://skeb.jp/api/users/hyaku1063
2026-07-20 04:51:24 | INFO     | Saving at a/skeb/hyaku1063-ffcdc0.json
2026-07-20 04:51:25 | INFO     | OK https://skeb.jp/api/users/sasanoha6011
2026-07-20 04:51:25 | INFO     | Saving at a/skeb/sasanoha6011-cd6715.json
2026-07-20 04:51:26 | INFO     | OK https://skeb.jp/api/users/qqqqqlI
2026-07-20 04:51:26 | INFO     | Saving at a/skeb/qqqqqlI-8a810d.json
2026-07-20 04:51:27 | INFO     | OK https://skeb.jp/api/users/mitorin
2026-07-20 04:51:27 | INFO     | Saving at a/skeb/mitorin-b670eb.json
2026-07-20 04:51:28 | INFO     | OK https://skeb.jp/api/users/Hi__Na___y
2026-07-20 04:51:28 | INFO     | Saving at a/skeb/Hi__Na___y-0c8a07.json
2026-07-20 04:51:29 | INFO     | OK https://skeb.jp/api/users/06nareki
2026-07-20 04:51:29 | INFO     | Saving at a/skeb/06nareki-e8e686.json
2026-07-20 04:51:30 | INFO     | OK https://skeb.jp/api/users/iu15236376
2026-07-20 04:51:30 | INFO     | Saving at a/skeb/iu15236376-e00277.json
2026-07-20 04:51:31 | INFO     | OK https://skeb.jp/api/users/SWkO46JM1o
2026-07-20 04:51:31 | INFO     | Saving at a/skeb/SWkO46JM1o-498bcf.json
2026-07-20 04:51:32 | INFO     | OK https://skeb.jp/api/users/mochi_sousuke
2026-07-20 04:51:32 | INFO     | Saving at a/skeb/mochi_sousuke-513367.json
2026-07-20 04:51:33 | INFO     | OK https://skeb.jp/api/users/usic_illust
2026-07-20 04:51:33 | INFO     | Saving at a/skeb/usic_illust-c8e0a8.json
2026-07-20 04:51:34 | INFO     | OK https://skeb.jp/api/users/nekochanprpr
2026-07-20 04:51:34 | INFO     | Saving at a/skeb/nekochanprpr-9ac1ec.json
2026-07-20 04:51:35 | INFO     | OK https://skeb.jp/api/users/egg2xx
2026-07-20 04:51:35 | INFO     | Saving at a/skeb/egg2xx-f6e423.json
2026-07-20 04:51:36 | INFO     | OK https://skeb.jp/api/users/13_5y17
2026-07-20 04:51:36 | INFO     | Saving at a/skeb/13_5y17-0b4326.json
2026-07-20 04:51:37 | INFO     | OK https://skeb.jp/api/users/Sivatya_k
2026-07-20 04:51:37 | INFO     | Saving at a/skeb/Sivatya_k-fd93dc.json
2026-07-20 04:51:38 | INFO     | OK https://skeb.jp/api/users/epicure_no12
2026-07-20 04:51:38 | INFO     | Saving at a/skeb/epicure_no12-583ab2.json
2026-07-20 04:51:39 | INFO     | OK https://skeb.jp/api/users/poolsides
2026-07-20 04:51:39 | INFO     | Saving at a/skeb/poolsides-3167db.json
2026-07-20 04:51:40 | INFO     | OK https://skeb.jp/api/users/mocotane
2026-07-20 04:51:40 | INFO     | Saving at a/skeb/mocotane-2f12c6.json
2026-07-20 04:51:41 | INFO     | OK https://skeb.jp/api/users/oysi_mysi_
2026-07-20 04:51:41 | INFO     | Saving at a/skeb/oysi_mysi_-09117d.json
2026-07-20 04:51:42 | INFO     | OK https://skeb.jp/api/users/underchikichan
2026-07-20 04:51:42 | INFO     | Saving at a/skeb/underchikichan-c71b25.json
2026-07-20 04:51:43 | INFO     | OK https://skeb.jp/api/users/24crabshop
2026-07-20 04:51:43 | INFO     | Saving at a/skeb/24crabshop-3c6164.json
2026-07-20 04:51:44 | INFO     | OK https://skeb.jp/api/users/nan_014ne
2026-07-20 04:51:44 | INFO     | Saving at a/skeb/nan_014ne-dd8a13.json
2026-07-20 04:51:45 | INFO     | OK https://skeb.jp/api/users/happy2525_AAo
2026-07-20 04:51:45 | INFO     | Saving at a/skeb/happy2525_AAo-496d68.json
2026-07-20 04:51:46 | INFO     | OK https://skeb.jp/api/users/knosi_114514
2026-07-20 04:51:46 | INFO     | Saving at a/skeb/knosi_114514-bf0510.json
2026-07-20 04:51:47 | INFO     | OK https://skeb.jp/api/users/flyqcb
2026-07-20 04:51:47 | INFO     | Saving at a/skeb/flyqcb-d43046.json
2026-07-20 04:51:48 | INFO     | OK https://skeb.jp/api/users/sakura_naomiki
2026-07-20 04:51:48 | INFO     | Saving at a/skeb/sakura_naomiki-95bdc9.json
2026-07-20 04:51:49 | INFO     | OK https://skeb.jp/api/users/nezunikiruka
2026-07-20 04:51:49 | INFO     | Saving at a/skeb/nezunikiruka-e67769.json
2026-07-20 04:51:50 | INFO     | OK https://skeb.jp/api/users/w_gorue
2026-07-20 04:51:50 | INFO     | Saving at a/skeb/w_gorue-5181fa.json
2026-07-20 04:51:51 | INFO     | OK https://skeb.jp/api/users/PykE_nkr
2026-07-20 04:51:51 | INFO     | Saving at a/skeb/PykE_nkr-0db1bd.json
2026-07-20 04:51:52 | INFO     | OK https://skeb.jp/api/users/Hjx3p
2026-07-20 04:51:52 | INFO     | Saving at a/skeb/Hjx3p-b68661.json
2026-07-20 04:51:53 | INFO     | OK https://skeb.jp/api/users/ydkmofu
2026-07-20 04:51:53 | INFO     | Saving at a/skeb/ydkmofu-f8d014.json
2026-07-20 04:51:54 | INFO     | OK https://skeb.jp/api/users/Tilyx1
2026-07-20 04:51:54 | INFO     | Saving at a/skeb/Tilyx1-c18d04.json
2026-07-20 04:51:55 | INFO     | OK https://skeb.jp/api/users/Mu46016419
2026-07-20 04:51:55 | INFO     | Saving at a/skeb/Mu46016419-9418e2.json
2026-07-20 04:51:56 | INFO     | OK https://skeb.jp/api/users/tofuneko
2026-07-20 04:51:56 | INFO     | Saving at a/skeb/tofuneko-5f63b8.json
2026-07-20 04:51:57 | INFO     | OK https://skeb.jp/api/users/tu_tuta_tu
2026-07-20 04:51:57 | INFO     | Saving at a/skeb/tu_tuta_tu-66d923.json
2026-07-20 04:51:58 | INFO     | OK https://skeb.jp/api/users/ayane_da_yo
2026-07-20 04:51:58 | INFO     | Saving at a/skeb/ayane_da_yo-ab5e20.json
2026-07-20 04:51:59 | INFO     | OK https://skeb.jp/api/users/ut7odw
2026-07-20 04:51:59 | INFO     | Saving at a/skeb/ut7odw-fee211.json
2026-07-20 04:52:00 | INFO     | OK https://skeb.jp/api/users/potepotemaro
2026-07-20 04:52:00 | INFO     | Saving at a/skeb/potepotemaro-65cdba.json
2026-07-20 04:52:01 | INFO     | OK https://skeb.jp/api/users/roraponsan
2026-07-20 04:52:01 | INFO     | Saving at a/skeb/roraponsan-c82f85.json
2026-07-20 04:52:02 | INFO     | OK https://skeb.jp/api/users/ntoteto
2026-07-20 04:52:02 | INFO     | Saving at a/skeb/ntoteto-1d8eaf.json
2026-07-20 04:52:03 | INFO     | OK https://skeb.jp/api/users/YUMEMITENE_O_O
2026-07-20 04:52:03 | INFO     | Saving at a/skeb/YUMEMITENE_O_O-7cf780.json
2026-07-20 04:52:04 | INFO     | OK https://skeb.jp/api/users/Kukuru_shii
2026-07-20 04:52:04 | INFO     | Saving at a/skeb/Kukuru_shii-43f226.json
2026-07-20 04:52:05 | INFO     | OK https://skeb.jp/api/users/kenpikkkenpi
2026-07-20 04:52:05 | INFO     | Saving at a/skeb/kenpikkkenpi-5c0a2d.json
2026-07-20 04:52:06 | INFO     | OK https://skeb.jp/api/users/mirico_skeb
2026-07-20 04:52:06 | INFO     | Saving at a/skeb/mirico_skeb-50ec20.json
2026-07-20 04:52:07 | INFO     | OK https://skeb.jp/api/users/hinata_habi_ss
2026-07-20 04:52:07 | INFO     | Saving at a/skeb/hinata_habi_ss-cb087b.json
2026-07-20 04:52:08 | INFO     | OK https://skeb.jp/api/users/6491____xxx
2026-07-20 04:52:08 | INFO     | Saving at a/skeb/6491____xxx-8dfad5.json
2026-07-20 04:52:09 | INFO     | OK https://skeb.jp/api/users/yumambo
2026-07-20 04:52:09 | INFO     | Saving at a/skeb/yumambo-4ec93c.json
2026-07-20 04:52:10 | INFO     | OK https://skeb.jp/api/users/ms_1369_ms
2026-07-20 04:52:10 | INFO     | Saving at a/skeb/ms_1369_ms-e7bd78.json
2026-07-20 04:52:11 | INFO     | OK https://skeb.jp/api/users/damage_so39
2026-07-20 04:52:11 | INFO     | Saving at a/skeb/damage_so39-4a94e5.json
2026-07-20 04:52:12 | INFO     | OK https://skeb.jp/api/users/6_hanaru_6
2026-07-20 04:52:12 | INFO     | Saving at a/skeb/6_hanaru_6-f354fc.json
2026-07-20 04:52:13 | INFO     | OK https://skeb.jp/api/users/yuri25677
2026-07-20 04:52:13 | INFO     | Saving at a/skeb/yuri25677-44145c.json
2026-07-20 04:52:14 | INFO     | OK https://skeb.jp/api/users/hunwarishio
2026-07-20 04:52:14 | INFO     | Saving at a/skeb/hunwarishio-66fb89.json
2026-07-20 04:52:15 | INFO     | OK https://skeb.jp/api/users/ar_mess
2026-07-20 04:52:15 | INFO     | Saving at a/skeb/ar_mess-6e47b0.json
2026-07-20 04:52:16 | INFO     | OK https://skeb.jp/api/users/kuganyan
2026-07-20 04:52:16 | INFO     | Saving at a/skeb/kuganyan-ec1be7.json
2026-07-20 04:52:17 | INFO     | OK https://skeb.jp/api/users/a10toh
2026-07-20 04:52:17 | INFO     | Saving at a/skeb/a10toh-065bf4.json
2026-07-20 04:52:18 | INFO     | OK https://skeb.jp/api/users/kabosoi_mangaka
2026-07-20 04:52:18 | INFO     | Saving at a/skeb/kabosoi_mangaka-7d89f8.json
2026-07-20 04:52:19 | INFO     | OK https://skeb.jp/api/users/ganimedevyt
2026-07-20 04:52:19 | INFO     | Saving at a/skeb/ganimedevyt-ce1fe1.json
2026-07-20 04:52:20 | INFO     | OK https://skeb.jp/api/users/kanatorojikku
2026-07-20 04:52:20 | INFO     | Saving at a/skeb/kanatorojikku-9c2c9d.json
2026-07-20 04:52:21 | INFO     | OK https://skeb.jp/api/users/d4d4yura
2026-07-20 04:52:21 | INFO     | Saving at a/skeb/d4d4yura-7c97fc.json
2026-07-20 04:52:22 | INFO     | OK https://skeb.jp/api/users/Alv0w0
2026-07-20 04:52:22 | INFO     | Saving at a/skeb/Alv0w0-86f4a5.json
2026-07-20 04:52:23 | INFO     | OK https://skeb.jp/api/users/Cr24_960
2026-07-20 04:52:23 | INFO     | Saving at a/skeb/Cr24_960-524779.json
2026-07-20 04:52:24 | INFO     | OK https://skeb.jp/api/users/mariyo_siki
2026-07-20 04:52:24 | INFO     | Saving at a/skeb/mariyo_siki-39caa7.json
2026-07-20 04:52:25 | INFO     | OK https://skeb.jp/api/users/tankuro_uri
2026-07-20 04:52:25 | INFO     | Saving at a/skeb/tankuro_uri-70d481.json
2026-07-20 04:52:26 | INFO     | OK https://skeb.jp/api/users/774_10
2026-07-20 04:52:26 | INFO     | Saving at a/skeb/774_10-994d10.json
2026-07-20 04:52:27 | INFO     | OK https://skeb.jp/api/users/Nandarobium
2026-07-20 04:52:27 | INFO     | Saving at a/skeb/Nandarobium-11e230.json
2026-07-20 04:52:28 | INFO     | OK https://skeb.jp/api/users/nonbirireo
2026-07-20 04:52:28 | INFO     | Saving at a/skeb/nonbirireo-f563cd.json
2026-07-20 04:52:29 | INFO     | OK https://skeb.jp/api/users/matenrou_mcts
2026-07-20 04:52:29 | INFO     | Saving at a/skeb/matenrou_mcts-a5ffed.json
2026-07-20 04:52:30 | INFO     | OK https://skeb.jp/api/users/st_7tr
2026-07-20 04:52:30 | INFO     | Saving at a/skeb/st_7tr-c718fa.json
2026-07-20 04:52:31 | INFO     | OK https://skeb.jp/api/users/hotatube_nya
2026-07-20 04:52:31 | INFO     | Saving at a/skeb/hotatube_nya-f486f8.json
2026-07-20 04:52:32 | INFO     | OK https://skeb.jp/api/users/KABAYAKIOISHII7
2026-07-20 04:52:32 | INFO     | Saving at a/skeb/KABAYAKIOISHII7-4d2d52.json
2026-07-20 04:52:33 | INFO     | OK https://skeb.jp/api/users/yubikoyu
2026-07-20 04:52:33 | INFO     | Saving at a/skeb/yubikoyu-f2a855.json
2026-07-20 04:52:34 | INFO     | OK https://skeb.jp/api/users/1m_ochin
2026-07-20 04:52:34 | INFO     | Saving at a/skeb/1m_ochin-296688.json
2026-07-20 04:52:35 | INFO     | OK https://skeb.jp/api/users/nameko_hachikou
2026-07-20 04:52:35 | INFO     | Saving at a/skeb/nameko_hachikou-e97adc.json
2026-07-20 04:52:36 | INFO     | OK https://skeb.jp/api/users/qwery11ne
2026-07-20 04:52:36 | INFO     | Saving at a/skeb/qwery11ne-a15184.json
2026-07-20 04:52:37 | INFO     | OK https://skeb.jp/api/users/snd_kmc
2026-07-20 04:52:37 | INFO     | Saving at a/skeb/snd_kmc-ec8e3e.json
2026-07-20 04:52:38 | INFO     | OK https://skeb.jp/api/users/illustutti
2026-07-20 04:52:38 | INFO     | Saving at a/skeb/illustutti-8f1c4d.json
2026-07-20 04:52:39 | INFO     | OK https://skeb.jp/api/users/ru2umiro
2026-07-20 04:52:39 | INFO     | Saving at a/skeb/ru2umiro-39ae5b.json
2026-07-20 04:52:40 | INFO     | OK https://skeb.jp/api/users/cho_510nm
2026-07-20 04:52:40 | INFO     | Saving at a/skeb/cho_510nm-924e68.json
2026-07-20 04:52:41 | INFO     | OK https://skeb.jp/api/users/__udonh
2026-07-20 04:52:41 | INFO     | Saving at a/skeb/__udonh-d55c2b.json
2026-07-20 04:52:42 | INFO     | OK https://skeb.jp/api/users/y_zp_113
2026-07-20 04:52:42 | INFO     | Saving at a/skeb/y_zp_113-7f1b4c.json
2026-07-20 04:52:43 | INFO     | OK https://skeb.jp/api/users/ube_sha
2026-07-20 04:52:43 | INFO     | Saving at a/skeb/ube_sha-e8f350.json
2026-07-20 04:52:44 | INFO     | OK https://skeb.jp/api/users/oekaki_miyu_
2026-07-20 04:52:44 | INFO     | Saving at a/skeb/oekaki_miyu_-72c197.json
2026-07-20 04:52:45 | INFO     | OK https://skeb.jp/api/users/FL0Ra_oo0
2026-07-20 04:52:45 | INFO     | Saving at a/skeb/FL0Ra_oo0-3c0110.json
2026-07-20 04:52:46 | INFO     | OK https://skeb.jp/api/users/kiritani114
2026-07-20 04:52:46 | INFO     | Saving at a/skeb/kiritani114-19e4e1.json
2026-07-20 04:52:47 | INFO     | OK https://skeb.jp/api/users/ln_mew
2026-07-20 04:52:47 | INFO     | Saving at a/skeb/ln_mew-46c46a.json
2026-07-20 04:52:48 | INFO     | OK https://skeb.jp/api/users/awa_ben_0521
2026-07-20 04:52:48 | INFO     | Saving at a/skeb/awa_ben_0521-a80dc6.json
2026-07-20 04:52:49 | INFO     | OK https://skeb.jp/api/users/mz_ozsn
2026-07-20 04:52:49 | INFO     | Saving at a/skeb/mz_ozsn-a0bf78.json
2026-07-20 04:52:50 | INFO     | OK https://skeb.jp/api/users/nohako_x
2026-07-20 04:52:50 | INFO     | Saving at a/skeb/nohako_x-cf359c.json
2026-07-20 04:52:51 | INFO     | OK https://skeb.jp/api/users/hotogi0529
2026-07-20 04:52:51 | INFO     | Saving at a/skeb/hotogi0529-a44dbb.json
2026-07-20 04:52:52 | INFO     | OK https://skeb.jp/api/users/meru_honpo62
2026-07-20 04:52:52 | INFO     | Saving at a/skeb/meru_honpo62-7d7594.json
2026-07-20 04:52:53 | INFO     | OK https://skeb.jp/api/users/pushixe
2026-07-20 04:52:53 | INFO     | Saving at a/skeb/pushixe-523638.json
2026-07-20 04:52:54 | INFO     | OK https://skeb.jp/api/users/r18kyous
2026-07-20 04:52:54 | INFO     | Saving at a/skeb/r18kyous-695abb.json
2026-07-20 04:52:55 | INFO     | OK https://skeb.jp/api/users/skeb_k4
2026-07-20 04:52:55 | INFO     | Saving at a/skeb/skeb_k4-4892e0.json
2026-07-20 04:52:56 | INFO     | OK https://skeb.jp/api/users/awaawa__0
2026-07-20 04:52:56 | INFO     | Saving at a/skeb/awaawa__0-926c6e.json
2026-07-20 04:52:57 | INFO     | OK https://skeb.jp/api/users/agyo09umegae
2026-07-20 04:52:57 | INFO     | Saving at a/skeb/agyo09umegae-84d293.json
2026-07-20 04:52:58 | INFO     | OK https://skeb.jp/api/users/naritai_12
2026-07-20 04:52:58 | INFO     | Saving at a/skeb/naritai_12-8f8281.json
2026-07-20 04:52:59 | INFO     | OK https://skeb.jp/api/users/mkt_OCHA
2026-07-20 04:52:59 | INFO     | Saving at a/skeb/mkt_OCHA-5ab112.json
2026-07-20 04:53:00 | INFO     | OK https://skeb.jp/api/users/caramelillust
2026-07-20 04:53:00 | INFO     | Saving at a/skeb/caramelillust-d13b5b.json
2026-07-20 04:53:01 | INFO     | OK https://skeb.jp/api/users/KennyMuseum
2026-07-20 04:53:01 | INFO     | Saving at a/skeb/KennyMuseum-46c11d.json
2026-07-20 04:53:02 | INFO     | OK https://skeb.jp/api/users/lafremi0296d
2026-07-20 04:53:02 | INFO     | Saving at a/skeb/lafremi0296d-5e23da.json
2026-07-20 04:53:03 | INFO     | OK https://skeb.jp/api/users/kure_K9R0
2026-07-20 04:53:03 | INFO     | Saving at a/skeb/kure_K9R0-5717b2.json
2026-07-20 04:53:04 | INFO     | OK https://skeb.jp/api/users/Shin_Apost
2026-07-20 04:53:04 | INFO     | Saving at a/skeb/Shin_Apost-774449.json
2026-07-20 04:53:05 | INFO     | OK https://skeb.jp/api/users/echirukurusu
2026-07-20 04:53:05 | INFO     | Saving at a/skeb/echirukurusu-54242a.json
2026-07-20 04:53:06 | INFO     | OK https://skeb.jp/api/users/komai_1111
2026-07-20 04:53:06 | INFO     | Saving at a/skeb/komai_1111-3e7916.json
2026-07-20 04:53:07 | INFO     | OK https://skeb.jp/api/users/i_zm72
2026-07-20 04:53:07 | INFO     | Saving at a/skeb/i_zm72-69199e.json
2026-07-20 04:53:08 | INFO     | OK https://skeb.jp/api/users/Kuwakuma_93
2026-07-20 04:53:08 | INFO     | Saving at a/skeb/Kuwakuma_93-800d56.json
2026-07-20 04:53:09 | INFO     | OK https://skeb.jp/api/users/Kajiri_suneya
2026-07-20 04:53:09 | INFO     | Saving at a/skeb/Kajiri_suneya-2b5827.json
2026-07-20 04:53:10 | INFO     | OK https://skeb.jp/api/users/gzn_pp
2026-07-20 04:53:10 | INFO     | Saving at a/skeb/gzn_pp-6556cd.json
2026-07-20 04:53:11 | INFO     | OK https://skeb.jp/api/users/RyuS66380790
2026-07-20 04:53:11 | INFO     | Saving at a/skeb/RyuS66380790-60c768.json
2026-07-20 04:53:12 | INFO     | OK https://skeb.jp/api/users/Kagura_Nagi
2026-07-20 04:53:12 | INFO     | Saving at a/skeb/Kagura_Nagi-1dbd20.json
2026-07-20 04:53:13 | INFO     | OK https://skeb.jp/api/users/studiomomokoart
2026-07-20 04:53:13 | INFO     | Saving at a/skeb/studiomomokoart-2eecec.json
2026-07-20 04:53:14 | INFO     | OK https://skeb.jp/api/users/krn_stn
2026-07-20 04:53:14 | INFO     | Saving at a/skeb/krn_stn-e314dd.json
2026-07-20 04:53:15 | INFO     | OK https://skeb.jp/api/users/motico3_
2026-07-20 04:53:15 | INFO     | Saving at a/skeb/motico3_-36b5ad.json
2026-07-20 04:53:16 | INFO     | OK https://skeb.jp/api/users/ron71052891
2026-07-20 04:53:16 | INFO     | Saving at a/skeb/ron71052891-0f7729.json
2026-07-20 04:53:17 | INFO     | OK https://skeb.jp/api/users/mokmokMemo
2026-07-20 04:53:17 | INFO     | Saving at a/skeb/mokmokMemo-0590de.json
2026-07-20 04:53:18 | INFO     | OK https://skeb.jp/api/users/wsPAIBqk1f55573
2026-07-20 04:53:18 | INFO     | Saving at a/skeb/wsPAIBqk1f55573-336a50.json
2026-07-20 04:53:19 | INFO     | OK https://skeb.jp/api/users/MOMOmop_6927
2026-07-20 04:53:19 | INFO     | Saving at a/skeb/MOMOmop_6927-138e2a.json
2026-07-20 04:53:20 | INFO     | OK https://skeb.jp/api/users/kagura_runn
2026-07-20 04:53:20 | INFO     | Saving at a/skeb/kagura_runn-fa9645.json
2026-07-20 04:53:21 | INFO     | OK https://skeb.jp/api/users/clusrin
2026-07-20 04:53:21 | INFO     | Saving at a/skeb/clusrin-82a5ee.json
2026-07-20 04:53:22 | INFO     | OK https://skeb.jp/api/users/hoyo_0204
2026-07-20 04:53:22 | INFO     | Saving at a/skeb/hoyo_0204-b4fb08.json
2026-07-20 04:53:23 | INFO     | OK https://skeb.jp/api/users/A_hyperbius
2026-07-20 04:53:23 | INFO     | Saving at a/skeb/A_hyperbius-eebf29.json
2026-07-20 04:53:24 | INFO     | OK https://skeb.jp/api/users/R_am_mu
2026-07-20 04:53:24 | INFO     | Saving at a/skeb/R_am_mu-d8539e.json
2026-07-20 04:53:25 | INFO     | OK https://skeb.jp/api/users/umhn__TRPG
2026-07-20 04:53:25 | INFO     | Saving at a/skeb/umhn__TRPG-819779.json
2026-07-20 04:53:26 | INFO     | OK https://skeb.jp/api/users/prixywork
2026-07-20 04:53:26 | INFO     | Saving at a/skeb/prixywork-f54584.json
2026-07-20 04:53:27 | INFO     | OK https://skeb.jp/api/users/corncomb
2026-07-20 04:53:27 | INFO     | Saving at a/skeb/corncomb-fb429b.json
2026-07-20 04:53:28 | INFO     | OK https://skeb.jp/api/users/bssnit
2026-07-20 04:53:28 | INFO     | Saving at a/skeb/bssnit-533a00.json
2026-07-20 04:53:29 | INFO     | OK https://skeb.jp/api/users/D_SoLoOse
2026-07-20 04:53:29 | INFO     | Saving at a/skeb/D_SoLoOse-ac287c.json
2026-07-20 04:53:30 | INFO     | OK https://skeb.jp/api/users/anemone_nasu
2026-07-20 04:53:30 | INFO     | Saving at a/skeb/anemone_nasu-f34f4c.json
2026-07-20 04:53:31 | INFO     | OK https://skeb.jp/api/users/mdenamimi
2026-07-20 04:53:31 | INFO     | Saving at a/skeb/mdenamimi-f411ff.json
2026-07-20 04:53:32 | INFO     | OK https://skeb.jp/api/users/syurikenmaru
2026-07-20 04:53:32 | INFO     | Saving at a/skeb/syurikenmaru-674d41.json
2026-07-20 04:53:33 | INFO     | OK https://skeb.jp/api/users/TonyMontanacino
2026-07-20 04:53:33 | INFO     | Saving at a/skeb/TonyMontanacino-f64645.json
2026-07-20 04:53:34 | INFO     | OK https://skeb.jp/api/users/35jkk_
2026-07-20 04:53:34 | INFO     | Saving at a/skeb/35jkk_-3b4466.json
2026-07-20 04:53:35 | INFO     | OK https://skeb.jp/api/users/cc0mn_
2026-07-20 04:53:35 | INFO     | Saving at a/skeb/cc0mn_-0513f8.json
2026-07-20 04:53:36 | INFO     | OK https://skeb.jp/api/users/saku_saku_sakup
2026-07-20 04:53:36 | INFO     | Saving at a/skeb/saku_saku_sakup-4294ad.json
2026-07-20 04:53:37 | INFO     | OK https://skeb.jp/api/users/ooo_____1i
2026-07-20 04:53:37 | INFO     | Saving at a/skeb/ooo_____1i-a533c2.json
2026-07-20 04:53:38 | INFO     | OK https://skeb.jp/api/users/terisa52853
2026-07-20 04:53:38 | INFO     | Saving at a/skeb/terisa52853-feb8d1.json
2026-07-20 04:53:39 | INFO     | OK https://skeb.jp/api/users/Neruk0hasoDatu
2026-07-20 04:53:39 | INFO     | Saving at a/skeb/Neruk0hasoDatu-d6c1b6.json
2026-07-20 04:53:40 | INFO     | OK https://skeb.jp/api/users/tsukitokage
2026-07-20 04:53:40 | INFO     | Saving at a/skeb/tsukitokage-3a02ff.json
2026-07-20 04:53:41 | INFO     | OK https://skeb.jp/api/users/0ukwm9
2026-07-20 04:53:41 | INFO     | Saving at a/skeb/0ukwm9-d4659b.json
2026-07-20 04:53:42 | INFO     | OK https://skeb.jp/api/users/nyusi__ha
2026-07-20 04:53:42 | INFO     | Saving at a/skeb/nyusi__ha-e89449.json
2026-07-20 04:53:43 | INFO     | OK https://skeb.jp/api/users/guchamoko
2026-07-20 04:53:43 | INFO     | Saving at a/skeb/guchamoko-f91c7b.json
2026-07-20 04:53:44 | INFO     | OK https://skeb.jp/api/users/OceanNuts
2026-07-20 04:53:44 | INFO     | Saving at a/skeb/OceanNuts-959766.json
2026-07-20 04:53:45 | INFO     | OK https://skeb.jp/api/users/gummy1024
2026-07-20 04:53:45 | INFO     | Saving at a/skeb/gummy1024-994282.json
2026-07-20 04:53:46 | INFO     | OK https://skeb.jp/api/users/u232c_
2026-07-20 04:53:46 | INFO     | Saving at a/skeb/u232c_-67c992.json
2026-07-20 04:53:47 | INFO     | OK https://skeb.jp/api/users/kanai23831347
2026-07-20 04:53:47 | INFO     | Saving at a/skeb/kanai23831347-3451f9.json
2026-07-20 04:53:48 | INFO     | OK https://skeb.jp/api/users/BTMR
2026-07-20 04:53:48 | INFO     | Saving at a/skeb/BTMR-b331d2.json
2026-07-20 04:53:49 | INFO     | OK https://skeb.jp/api/users/Yuui_art
2026-07-20 04:53:49 | INFO     | Saving at a/skeb/Yuui_art-e823aa.json
2026-07-20 04:53:50 | INFO     | OK https://skeb.jp/api/users/corpsmanWelt
2026-07-20 04:53:50 | INFO     | Saving at a/skeb/corpsmanWelt-ea923b.json
2026-07-20 04:53:51 | INFO     | OK https://skeb.jp/api/users/nEkO_8n
2026-07-20 04:53:51 | INFO     | Saving at a/skeb/nEkO_8n-823079.json
2026-07-20 04:53:52 | INFO     | OK https://skeb.jp/api/users/Sbv3Jq
2026-07-20 04:53:52 | INFO     | Saving at a/skeb/Sbv3Jq-d8e118.json
2026-07-20 04:53:53 | INFO     | OK https://skeb.jp/api/users/ajula_wachula
2026-07-20 04:53:53 | INFO     | Saving at a/skeb/ajula_wachula-4f9680.json
2026-07-20 04:53:54 | INFO     | OK https://skeb.jp/api/users/Barium_cps
2026-07-20 04:53:54 | INFO     | Saving at a/skeb/Barium_cps-1735a1.json
2026-07-20 04:53:55 | INFO     | OK https://skeb.jp/api/users/mugicha_ang04
2026-07-20 04:53:55 | INFO     | Saving at a/skeb/mugicha_ang04-fd138a.json
2026-07-20 04:53:56 | INFO     | OK https://skeb.jp/api/users/iz_sleep_bubble
2026-07-20 04:53:56 | INFO     | Saving at a/skeb/iz_sleep_bubble-01347d.json
2026-07-20 04:53:58 | INFO     | OK https://skeb.jp/api/users/ABC_D3FG
2026-07-20 04:53:58 | INFO     | Saving at a/skeb/ABC_D3FG-bf882d.json
2026-07-20 04:53:58 | INFO     | OK https://skeb.jp/api/users/tenonom
2026-07-20 04:53:58 | INFO     | Saving at a/skeb/tenonom-2e8e47.json
2026-07-20 04:53:59 | INFO     | OK https://skeb.jp/api/users/minuit_58
2026-07-20 04:53:59 | INFO     | Saving at a/skeb/minuit_58-bae533.json
2026-07-20 04:54:00 | INFO     | OK https://skeb.jp/api/users/choicesakusaku
2026-07-20 04:54:00 | INFO     | Saving at a/skeb/choicesakusaku-314b1c.json
2026-07-20 04:54:01 | INFO     | OK https://skeb.jp/api/users/geppakun123
2026-07-20 04:54:01 | INFO     | Saving at a/skeb/geppakun123-8648bb.json
2026-07-20 04:54:02 | INFO     | OK https://skeb.jp/api/users/yagilion_B
2026-07-20 04:54:02 | INFO     | Saving at a/skeb/yagilion_B-bb4349.json
2026-07-20 04:54:03 | INFO     | OK https://skeb.jp/api/users/kayaonoe
2026-07-20 04:54:03 | INFO     | Saving at a/skeb/kayaonoe-d97421.json
2026-07-20 04:54:04 | INFO     | OK https://skeb.jp/api/users/ebimaki_kai
2026-07-20 04:54:04 | INFO     | Saving at a/skeb/ebimaki_kai-76705e.json
2026-07-20 04:54:05 | INFO     | OK https://skeb.jp/api/users/kanbesan160
2026-07-20 04:54:05 | INFO     | Saving at a/skeb/kanbesan160-0aafb2.json
2026-07-20 04:54:06 | INFO     | OK https://skeb.jp/api/users/Himary_seimen
2026-07-20 04:54:06 | INFO     | Saving at a/skeb/Himary_seimen-f678fb.json
2026-07-20 04:54:07 | INFO     | OK https://skeb.jp/api/users/kamemaru91
2026-07-20 04:54:07 | INFO     | Saving at a/skeb/kamemaru91-12b5b2.json
2026-07-20 04:54:08 | INFO     | OK https://skeb.jp/api/users/nemipuni
2026-07-20 04:54:08 | INFO     | Saving at a/skeb/nemipuni-605f6d.json
2026-07-20 04:54:09 | INFO     | OK https://skeb.jp/api/users/tyu_kichi
2026-07-20 04:54:09 | INFO     | Saving at a/skeb/tyu_kichi-c6d241.json
2026-07-20 04:54:10 | INFO     | OK https://skeb.jp/api/users/adeliae_liae
2026-07-20 04:54:10 | INFO     | Saving at a/skeb/adeliae_liae-e10780.json
2026-07-20 04:54:11 | INFO     | OK https://skeb.jp/api/users/euglena72
2026-07-20 04:54:11 | INFO     | Saving at a/skeb/euglena72-1d0381.json
2026-07-20 04:54:12 | INFO     | OK https://skeb.jp/api/users/O_D_sub
2026-07-20 04:54:12 | INFO     | Saving at a/skeb/O_D_sub-7128c5.json
2026-07-20 04:54:13 | INFO     | OK https://skeb.jp/api/users/o_mitomi
2026-07-20 04:54:13 | INFO     | Saving at a/skeb/o_mitomi-345517.json
2026-07-20 04:54:14 | INFO     | OK https://skeb.jp/api/users/opachomouse2008
2026-07-20 04:54:14 | INFO     | Saving at a/skeb/opachomouse2008-cb53a6.json
2026-07-20 04:54:15 | INFO     | OK https://skeb.jp/api/users/atsu_kake
2026-07-20 04:54:15 | INFO     | Saving at a/skeb/atsu_kake-002f99.json
2026-07-20 04:54:16 | INFO     | OK https://skeb.jp/api/users/eYncLebige
2026-07-20 04:54:16 | INFO     | Saving at a/skeb/eYncLebige-d8d177.json
2026-07-20 04:54:17 | INFO     | OK https://skeb.jp/api/users/0_5zero
2026-07-20 04:54:17 | INFO     | Saving at a/skeb/0_5zero-f7c391.json
2026-07-20 04:54:18 | INFO     | OK https://skeb.jp/api/users/MagesTarako
2026-07-20 04:54:18 | INFO     | Saving at a/skeb/MagesTarako-b0a7c4.json
2026-07-20 04:54:19 | INFO     | OK https://skeb.jp/api/users/a3gameplayer
2026-07-20 04:54:19 | INFO     | Saving at a/skeb/a3gameplayer-828058.json
2026-07-20 04:54:20 | INFO     | OK https://skeb.jp/api/users/tunaaaaan
2026-07-20 04:54:20 | INFO     | Saving at a/skeb/tunaaaaan-a6cf1e.json
2026-07-20 04:54:21 | INFO     | OK https://skeb.jp/api/users/__nyamm76
2026-07-20 04:54:21 | INFO     | Saving at a/skeb/__nyamm76-417815.json
2026-07-20 04:54:22 | INFO     | OK https://skeb.jp/api/users/71TZaBLHqx
2026-07-20 04:54:22 | INFO     | Saving at a/skeb/71TZaBLHqx-253b97.json
2026-07-20 04:54:23 | INFO     | OK https://skeb.jp/api/users/Naizoutuu
2026-07-20 04:54:23 | INFO     | Saving at a/skeb/Naizoutuu-76c502.json
2026-07-20 04:54:24 | INFO     | OK https://skeb.jp/api/users/Rejects_Studio
2026-07-20 04:54:24 | INFO     | Saving at a/skeb/Rejects_Studio-f11505.json
2026-07-20 04:54:25 | INFO     | OK https://skeb.jp/api/users/liuvancroft
2026-07-20 04:54:25 | INFO     | Saving at a/skeb/liuvancroft-4e5eaf.json
2026-07-20 04:54:26 | INFO     | OK https://skeb.jp/api/users/ce_rolan
2026-07-20 04:54:26 | INFO     | Saving at a/skeb/ce_rolan-380e05.json
2026-07-20 04:54:27 | INFO     | OK https://skeb.jp/api/users/Gineno91
2026-07-20 04:54:27 | INFO     | Saving at a/skeb/Gineno91-8f18c1.json
2026-07-20 04:54:28 | INFO     | OK https://skeb.jp/api/users/isoi00
2026-07-20 04:54:28 | INFO     | Saving at a/skeb/isoi00-0f8e94.json
2026-07-20 04:54:29 | INFO     | OK https://skeb.jp/api/users/Amagu_mokumoku
2026-07-20 04:54:29 | INFO     | Saving at a/skeb/Amagu_mokumoku-cae1f3.json
2026-07-20 04:54:30 | INFO     | OK https://skeb.jp/api/users/ichiya_honest
2026-07-20 04:54:30 | INFO     | Saving at a/skeb/ichiya_honest-25a720.json
2026-07-20 04:54:31 | INFO     | OK https://skeb.jp/api/users/rezanoffffffu
2026-07-20 04:54:31 | INFO     | Saving at a/skeb/rezanoffffffu-0713b4.json
2026-07-20 04:54:33 | INFO     | OK https://skeb.jp/api/users/Momomo9639
2026-07-20 04:54:33 | INFO     | Saving at a/skeb/Momomo9639-b0be38.json
2026-07-20 04:54:33 | INFO     | OK https://skeb.jp/api/users/lalansane
2026-07-20 04:54:33 | INFO     | Saving at a/skeb/lalansane-aa54da.json
2026-07-20 04:54:34 | INFO     | OK https://skeb.jp/api/users/hepuhouhi
2026-07-20 04:54:34 | INFO     | Saving at a/skeb/hepuhouhi-997680.json
2026-07-20 04:54:35 | INFO     | OK https://skeb.jp/api/users/9x2no18
2026-07-20 04:54:35 | INFO     | Saving at a/skeb/9x2no18-d0ede8.json
2026-07-20 04:54:36 | INFO     | OK https://skeb.jp/api/users/inemurisheep113
2026-07-20 04:54:36 | INFO     | Saving at a/skeb/inemurisheep113-51c1a4.json
2026-07-20 04:54:37 | INFO     | OK https://skeb.jp/api/users/Luqa_xx
2026-07-20 04:54:37 | INFO     | Saving at a/skeb/Luqa_xx-1c6efc.json
2026-07-20 04:54:38 | INFO     | OK https://skeb.jp/api/users/sobamushi_mo
2026-07-20 04:54:38 | INFO     | Saving at a/skeb/sobamushi_mo-e83325.json
2026-07-20 04:54:39 | INFO     | OK https://skeb.jp/api/users/kutuziro
2026-07-20 04:54:39 | INFO     | Saving at a/skeb/kutuziro-3e0e9e.json
2026-07-20 04:54:40 | INFO     | OK https://skeb.jp/api/users/KafuneLuki
2026-07-20 04:54:40 | INFO     | Saving at a/skeb/KafuneLuki-ae2424.json
2026-07-20 04:54:41 | INFO     | OK https://skeb.jp/api/users/hiyo8724
2026-07-20 04:54:41 | INFO     | Saving at a/skeb/hiyo8724-08b0e0.json
2026-07-20 04:54:42 | INFO     | OK https://skeb.jp/api/users/niwatori0048
2026-07-20 04:54:42 | INFO     | Saving at a/skeb/niwatori0048-72e5c7.json
2026-07-20 04:54:43 | INFO     | OK https://skeb.jp/api/users/XPydP5SKBm
2026-07-20 04:54:43 | INFO     | Saving at a/skeb/XPydP5SKBm-6e338c.json
2026-07-20 04:54:44 | INFO     | OK https://skeb.jp/api/users/logi_bunbukucha
2026-07-20 04:54:44 | INFO     | Saving at a/skeb/logi_bunbukucha-c15b9c.json
2026-07-20 04:54:45 | INFO     | OK https://skeb.jp/api/users/devildance
2026-07-20 04:54:45 | INFO     | Saving at a/skeb/devildance-6c03f9.json
2026-07-20 04:54:46 | INFO     | OK https://skeb.jp/api/users/ykx4a
2026-07-20 04:54:46 | INFO     | Saving at a/skeb/ykx4a-5fbd09.json
2026-07-20 04:54:47 | INFO     | OK https://skeb.jp/api/users/piecesofcake___
2026-07-20 04:54:47 | INFO     | Saving at a/skeb/piecesofcake___-0d3120.json
2026-07-20 04:54:48 | INFO     | OK https://skeb.jp/api/users/nanana_namie
2026-07-20 04:54:48 | INFO     | Saving at a/skeb/nanana_namie-269c28.json
2026-07-20 04:54:49 | INFO     | OK https://skeb.jp/api/users/reia_hana
2026-07-20 04:54:49 | INFO     | Saving at a/skeb/reia_hana-8bb6a8.json
2026-07-20 04:54:50 | INFO     | OK https://skeb.jp/api/users/waniwanilyric
2026-07-20 04:54:50 | INFO     | Saving at a/skeb/waniwanilyric-4cb357.json
2026-07-20 04:54:51 | INFO     | OK https://skeb.jp/api/users/AVAter_13
2026-07-20 04:54:51 | INFO     | Saving at a/skeb/AVAter_13-3a275d.json
2026-07-20 04:54:53 | INFO     | OK https://skeb.jp/api/users/namegnsn133
2026-07-20 04:54:53 | INFO     | Saving at a/skeb/namegnsn133-3019d7.json
2026-07-20 04:54:53 | INFO     | OK https://skeb.jp/api/users/sukonbu12345678
2026-07-20 04:54:53 | INFO     | Saving at a/skeb/sukonbu12345678-4a5a15.json
2026-07-20 04:54:54 | INFO     | OK https://skeb.jp/api/users/0x2lsu
2026-07-20 04:54:54 | INFO     | Saving at a/skeb/0x2lsu-529de7.json
2026-07-20 04:54:55 | INFO     | OK https://skeb.jp/api/users/SousakuAme072
2026-07-20 04:54:55 | INFO     | Saving at a/skeb/SousakuAme072-2c64d5.json
2026-07-20 04:54:56 | INFO     | OK https://skeb.jp/api/users/tougean
2026-07-20 04:54:56 | INFO     | Saving at a/skeb/tougean-ea048e.json
2026-07-20 04:54:57 | INFO     | OK https://skeb.jp/api/users/lI8Z2fsn4r98574
2026-07-20 04:54:57 | INFO     | Saving at a/skeb/lI8Z2fsn4r98574-c992d5.json
2026-07-20 04:54:58 | INFO     | OK https://skeb.jp/api/users/tamakiiori
2026-07-20 04:54:58 | INFO     | Saving at a/skeb/tamakiiori-16e2f6.json
2026-07-20 04:54:59 | INFO     | OK https://skeb.jp/api/users/toromix2
2026-07-20 04:54:59 | INFO     | Saving at a/skeb/toromix2-05e39a.json
2026-07-20 04:55:00 | INFO     | OK https://skeb.jp/api/users/kasakasako
2026-07-20 04:55:00 | INFO     | Saving at a/skeb/kasakasako-38e03f.json
2026-07-20 04:55:01 | INFO     | OK https://skeb.jp/api/users/bone_Nigi
2026-07-20 04:55:01 | INFO     | Saving at a/skeb/bone_Nigi-698331.json
2026-07-20 04:55:02 | INFO     | OK https://skeb.jp/api/users/hjkmfmf
2026-07-20 04:55:02 | INFO     | Saving at a/skeb/hjkmfmf-9a748d.json
2026-07-20 04:55:03 | INFO     | OK https://skeb.jp/api/users/madoroi
2026-07-20 04:55:03 | INFO     | Saving at a/skeb/madoroi-df8f93.json
2026-07-20 04:55:04 | INFO     | OK https://skeb.jp/api/users/dUug6hDypC33117
2026-07-20 04:55:04 | INFO     | Saving at a/skeb/dUug6hDypC33117-0faf88.json
2026-07-20 04:55:05 | INFO     | OK https://skeb.jp/api/users/Moro_sorano
2026-07-20 04:55:05 | INFO     | Saving at a/skeb/Moro_sorano-fd37f3.json
2026-07-20 04:55:06 | INFO     | OK https://skeb.jp/api/users/chimi_deformed
2026-07-20 04:55:06 | INFO     | Saving at a/skeb/chimi_deformed-02aa97.json
2026-07-20 04:55:07 | INFO     | OK https://skeb.jp/api/users/ocomocomo
2026-07-20 04:55:07 | INFO     | Saving at a/skeb/ocomocomo-684487.json
2026-07-20 04:55:08 | INFO     | OK https://skeb.jp/api/users/ch0c0_maru
2026-07-20 04:55:08 | INFO     | Saving at a/skeb/ch0c0_maru-a1dbd3.json
2026-07-20 04:55:09 | INFO     | OK https://skeb.jp/api/users/tea_cookies_
2026-07-20 04:55:09 | INFO     | Saving at a/skeb/tea_cookies_-fb9ed5.json
2026-07-20 04:55:10 | INFO     | OK https://skeb.jp/api/users/okehanak
2026-07-20 04:55:10 | INFO     | Saving at a/skeb/okehanak-4dcb30.json
2026-07-20 04:55:11 | INFO     | OK https://skeb.jp/api/users/zan_nekku
2026-07-20 04:55:11 | INFO     | Saving at a/skeb/zan_nekku-690189.json
2026-07-20 04:55:12 | INFO     | OK https://skeb.jp/api/users/Tako_Maru_Yeah
2026-07-20 04:55:12 | INFO     | Saving at a/skeb/Tako_Maru_Yeah-6b1ce2.json
2026-07-20 04:55:13 | INFO     | OK https://skeb.jp/api/users/genkaidayonee
2026-07-20 04:55:13 | INFO     | Saving at a/skeb/genkaidayonee-b9beac.json
2026-07-20 04:55:14 | INFO     | OK https://skeb.jp/api/users/kumochi0803
2026-07-20 04:55:14 | INFO     | Saving at a/skeb/kumochi0803-9fbe51.json
2026-07-20 04:55:15 | INFO     | OK https://skeb.jp/api/users/dnd_mochi
2026-07-20 04:55:15 | INFO     | Saving at a/skeb/dnd_mochi-1244e4.json
2026-07-20 04:55:16 | INFO     | OK https://skeb.jp/api/users/3kan_Noka
2026-07-20 04:55:16 | INFO     | Saving at a/skeb/3kan_Noka-30863c.json
2026-07-20 04:55:17 | INFO     | OK https://skeb.jp/api/users/COCMOON
2026-07-20 04:55:17 | INFO     | Saving at a/skeb/COCMOON-5a086c.json
2026-07-20 04:55:18 | INFO     | OK https://skeb.jp/api/users/AgitoRyuusaki
2026-07-20 04:55:18 | INFO     | Saving at a/skeb/AgitoRyuusaki-e88bfa.json
2026-07-20 04:55:19 | INFO     | OK https://skeb.jp/api/users/cocoa_teaparty
2026-07-20 04:55:19 | INFO     | Saving at a/skeb/cocoa_teaparty-3cc8fa.json
2026-07-20 04:55:20 | INFO     | OK https://skeb.jp/api/users/hirachill16
2026-07-20 04:55:20 | INFO     | Saving at a/skeb/hirachill16-1e373b.json
2026-07-20 04:55:21 | INFO     | OK https://skeb.jp/api/users/oooomuretu00
2026-07-20 04:55:21 | INFO     | Saving at a/skeb/oooomuretu00-9715a2.json
2026-07-20 04:55:22 | INFO     | OK https://skeb.jp/api/users/newwatasimo
2026-07-20 04:55:22 | INFO     | Saving at a/skeb/newwatasimo-315f01.json
2026-07-20 04:55:23 | INFO     | OK https://skeb.jp/api/users/10purau10n
2026-07-20 04:55:23 | INFO     | Saving at a/skeb/10purau10n-f702f9.json
2026-07-20 04:55:24 | INFO     | OK https://skeb.jp/api/users/niiyannyan
2026-07-20 04:55:24 | INFO     | Saving at a/skeb/niiyannyan-cef44f.json
2026-07-20 04:55:25 | INFO     | OK https://skeb.jp/api/users/K_aokei
2026-07-20 04:55:25 | INFO     | Saving at a/skeb/K_aokei-303ba4.json
2026-07-20 04:55:26 | INFO     | OK https://skeb.jp/api/users/maskmaya1
2026-07-20 04:55:26 | INFO     | Saving at a/skeb/maskmaya1-e0e58e.json
2026-07-20 04:55:27 | INFO     | OK https://skeb.jp/api/users/hirari100
2026-07-20 04:55:27 | INFO     | Saving at a/skeb/hirari100-34d071.json
2026-07-20 04:55:28 | INFO     | OK https://skeb.jp/api/users/cokei119
2026-07-20 04:55:28 | INFO     | Saving at a/skeb/cokei119-f3aaef.json
2026-07-20 04:55:29 | INFO     | OK https://skeb.jp/api/users/ogin_sm
2026-07-20 04:55:29 | INFO     | Saving at a/skeb/ogin_sm-0a5b0e.json
2026-07-20 04:55:30 | INFO     | OK https://skeb.jp/api/users/haku_xxxx
2026-07-20 04:55:30 | INFO     | Saving at a/skeb/haku_xxxx-5b7c9c.json
2026-07-20 04:55:31 | INFO     | OK https://skeb.jp/api/users/kosakaisan0129
2026-07-20 04:55:31 | INFO     | Saving at a/skeb/kosakaisan0129-5096ef.json
2026-07-20 04:55:32 | INFO     | OK https://skeb.jp/api/users/Fuimadestiny
2026-07-20 04:55:32 | INFO     | Saving at a/skeb/Fuimadestiny-ddca9a.json
2026-07-20 04:55:33 | INFO     | OK https://skeb.jp/api/users/erusgt
2026-07-20 04:55:33 | INFO     | Saving at a/skeb/erusgt-727391.json
2026-07-20 04:55:34 | INFO     | OK https://skeb.jp/api/users/birobudou_hinan
2026-07-20 04:55:34 | INFO     | Saving at a/skeb/birobudou_hinan-58c80e.json
2026-07-20 04:55:35 | INFO     | OK https://skeb.jp/api/users/yoTogimama_asmr
2026-07-20 04:55:35 | INFO     | Saving at a/skeb/yoTogimama_asmr-4c214d.json
2026-07-20 04:55:37 | INFO     | OK https://skeb.jp/api/users/citrusnokaori
2026-07-20 04:55:37 | INFO     | Saving at a/skeb/citrusnokaori-4bc36a.json
2026-07-20 04:55:37 | INFO     | OK https://skeb.jp/api/users/mysterious_zone
2026-07-20 04:55:37 | INFO     | Saving at a/skeb/mysterious_zone-047b2a.json
2026-07-20 04:55:38 | INFO     | OK https://skeb.jp/api/users/hikka06
2026-07-20 04:55:38 | INFO     | Saving at a/skeb/hikka06-9a6480.json
2026-07-20 04:55:39 | INFO     | OK https://skeb.jp/api/users/tsugaru_hobby
2026-07-20 04:55:39 | INFO     | Saving at a/skeb/tsugaru_hobby-e27ac7.json
2026-07-20 04:55:40 | INFO     | OK https://skeb.jp/api/users/nmnborred
2026-07-20 04:55:40 | INFO     | Saving at a/skeb/nmnborred-408ac0.json
2026-07-20 04:55:41 | INFO     | OK https://skeb.jp/api/users/mend0o0_
2026-07-20 04:55:41 | INFO     | Saving at a/skeb/mend0o0_-a886b5.json
2026-07-20 04:55:42 | INFO     | OK https://skeb.jp/api/users/Q7uBd
2026-07-20 04:55:42 | INFO     | Saving at a/skeb/Q7uBd-57e10a.json
2026-07-20 04:55:43 | INFO     | OK https://skeb.jp/api/users/831too
2026-07-20 04:55:43 | INFO     | Saving at a/skeb/831too-667dcf.json
2026-07-20 04:55:44 | INFO     | OK https://skeb.jp/api/users/haru_prime777
2026-07-20 04:55:44 | INFO     | Saving at a/skeb/haru_prime777-3e3f12.json
2026-07-20 04:55:45 | INFO     | OK https://skeb.jp/api/users/huwarichaaan
2026-07-20 04:55:45 | INFO     | Saving at a/skeb/huwarichaaan-e4ffd7.json
2026-07-20 04:55:46 | INFO     | OK https://skeb.jp/api/users/yarou_first
2026-07-20 04:55:46 | INFO     | Saving at a/skeb/yarou_first-b4a517.json
2026-07-20 04:55:47 | INFO     | OK https://skeb.jp/api/users/yowa2momo
2026-07-20 04:55:47 | INFO     | Saving at a/skeb/yowa2momo-4cb394.json
2026-07-20 04:55:48 | INFO     | OK https://skeb.jp/api/users/chi_suzuchi_
2026-07-20 04:55:48 | INFO     | Saving at a/skeb/chi_suzuchi_-608a25.json
2026-07-20 04:55:49 | INFO     | OK https://skeb.jp/api/users/mim_01124
2026-07-20 04:55:49 | INFO     | Saving at a/skeb/mim_01124-d3ab5b.json
2026-07-20 04:55:50 | INFO     | OK https://skeb.jp/api/users/syu_kyou
2026-07-20 04:55:50 | INFO     | Saving at a/skeb/syu_kyou-166793.json
2026-07-20 04:55:51 | INFO     | OK https://skeb.jp/api/users/Gk9Vmg6jn8dffgj
2026-07-20 04:55:51 | INFO     | Saving at a/skeb/Gk9Vmg6jn8dffgj-32d7ef.json
2026-07-20 04:55:52 | INFO     | OK https://skeb.jp/api/users/itame_h
2026-07-20 04:55:52 | INFO     | Saving at a/skeb/itame_h-5d9db8.json
2026-07-20 04:55:53 | INFO     | OK https://skeb.jp/api/users/c_cspacec
2026-07-20 04:55:53 | INFO     | Saving at a/skeb/c_cspacec-2e3735.json
2026-07-20 04:55:54 | INFO     | OK https://skeb.jp/api/users/KLISOE
2026-07-20 04:55:54 | INFO     | Saving at a/skeb/KLISOE-8b97da.json
2026-07-20 04:55:55 | INFO     | OK https://skeb.jp/api/users/alka_p1
2026-07-20 04:55:55 | INFO     | Saving at a/skeb/alka_p1-88db69.json
2026-07-20 04:55:56 | INFO     | OK https://skeb.jp/api/users/nag_nag_naji
2026-07-20 04:55:56 | INFO     | Saving at a/skeb/nag_nag_naji-960dfd.json
2026-07-20 04:55:57 | INFO     | OK https://skeb.jp/api/users/SABU_MOZUPOKO
2026-07-20 04:55:57 | INFO     | Saving at a/skeb/SABU_MOZUPOKO-2925e5.json
2026-07-20 04:55:58 | INFO     | OK https://skeb.jp/api/users/goko_moon
2026-07-20 04:55:58 | INFO     | Saving at a/skeb/goko_moon-48b977.json
2026-07-20 04:55:59 | INFO     | OK https://skeb.jp/api/users/chicoguru
2026-07-20 04:55:59 | INFO     | Saving at a/skeb/chicoguru-9c26d0.json
2026-07-20 04:56:00 | INFO     | OK https://skeb.jp/api/users/666soul_s
2026-07-20 04:56:00 | INFO     | Saving at a/skeb/666soul_s-12f50d.json
2026-07-20 04:56:01 | INFO     | OK https://skeb.jp/api/users/hosikuzukizuna
2026-07-20 04:56:01 | INFO     | Saving at a/skeb/hosikuzukizuna-2461f5.json
2026-07-20 04:56:02 | INFO     | OK https://skeb.jp/api/users/kato_siyunn
2026-07-20 04:56:02 | INFO     | Saving at a/skeb/kato_siyunn-c733a6.json
2026-07-20 04:56:03 | INFO     | OK https://skeb.jp/api/users/gyorai_sarapao
2026-07-20 04:56:03 | INFO     | Saving at a/skeb/gyorai_sarapao-b14da9.json
2026-07-20 04:56:04 | INFO     | OK https://skeb.jp/api/users/tatata_n3b7
2026-07-20 04:56:04 | INFO     | Saving at a/skeb/tatata_n3b7-59156f.json
2026-07-20 04:56:06 | INFO     | OK https://skeb.jp/api/users/brcl7777
2026-07-20 04:56:06 | INFO     | Saving at a/skeb/brcl7777-d1397e.json
2026-07-20 04:56:06 | INFO     | OK https://skeb.jp/api/users/rrrrr3500
2026-07-20 04:56:06 | INFO     | Saving at a/skeb/rrrrr3500-6147a5.json
2026-07-20 04:56:07 | INFO     | OK https://skeb.jp/api/users/_nagao
2026-07-20 04:56:07 | INFO     | Saving at a/skeb/_nagao-47a7e1.json
2026-07-20 04:56:08 | INFO     | OK https://skeb.jp/api/users/LaCeys_ES
2026-07-20 04:56:08 | INFO     | Saving at a/skeb/LaCeys_ES-07a00e.json
2026-07-20 04:56:09 | INFO     | OK https://skeb.jp/api/users/oyasumunemui
2026-07-20 04:56:09 | INFO     | Saving at a/skeb/oyasumunemui-04a783.json
2026-07-20 04:56:10 | INFO     | OK https://skeb.jp/api/users/Mm_Io11
2026-07-20 04:56:10 | INFO     | Saving at a/skeb/Mm_Io11-527dc9.json
2026-07-20 04:56:11 | INFO     | OK https://skeb.jp/api/users/sigu00112
2026-07-20 04:56:11 | INFO     | Saving at a/skeb/sigu00112-f7c158.json
2026-07-20 04:56:13 | INFO     | OK https://skeb.jp/api/users/anaboco
2026-07-20 04:56:13 | INFO     | Saving at a/skeb/anaboco-224bea.json
2026-07-20 04:56:13 | INFO     | OK https://skeb.jp/api/users/_kanaukanau
2026-07-20 04:56:13 | INFO     | Saving at a/skeb/_kanaukanau-4d39ce.json
2026-07-20 04:56:14 | INFO     | OK https://skeb.jp/api/users/rikoriko213
2026-07-20 04:56:14 | INFO     | Saving at a/skeb/rikoriko213-c5b22d.json
2026-07-20 04:56:15 | INFO     | OK https://skeb.jp/api/users/390so39
2026-07-20 04:56:15 | INFO     | Saving at a/skeb/390so39-803356.json
2026-07-20 04:56:16 | INFO     | OK https://skeb.jp/api/users/risuou
2026-07-20 04:56:16 | INFO     | Saving at a/skeb/risuou-b038f4.json
2026-07-20 04:56:17 | INFO     | OK https://skeb.jp/api/users/temiskeb
2026-07-20 04:56:17 | INFO     | Saving at a/skeb/temiskeb-ea7ab5.json
2026-07-20 04:56:18 | INFO     | OK https://skeb.jp/api/users/tozakiday0
2026-07-20 04:56:18 | INFO     | Saving at a/skeb/tozakiday0-f7a77c.json
2026-07-20 04:56:19 | INFO     | OK https://skeb.jp/api/users/sinotashiro
2026-07-20 04:56:19 | INFO     | Saving at a/skeb/sinotashiro-e5b80b.json
2026-07-20 04:56:20 | INFO     | OK https://skeb.jp/api/users/Noah_273_
2026-07-20 04:56:20 | INFO     | Saving at a/skeb/Noah_273_-a5d4ad.json
2026-07-20 04:56:21 | INFO     | OK https://skeb.jp/api/users/M0kV1vW2BD2nnUF
2026-07-20 04:56:21 | INFO     | Saving at a/skeb/M0kV1vW2BD2nnUF-f8b11d.json
2026-07-20 04:56:22 | INFO     | OK https://skeb.jp/api/users/HiLgxr
2026-07-20 04:56:22 | INFO     | Saving at a/skeb/HiLgxr-75b4c8.json
2026-07-20 04:56:23 | INFO     | OK https://skeb.jp/api/users/neco_mono96
2026-07-20 04:56:23 | INFO     | Saving at a/skeb/neco_mono96-6c88b2.json
2026-07-20 04:56:25 | INFO     | OK https://skeb.jp/api/users/mooosikasite
2026-07-20 04:56:25 | INFO     | Saving at a/skeb/mooosikasite-cc4ef0.json
2026-07-20 04:56:25 | INFO     | OK https://skeb.jp/api/users/TtpTtpTtpTtpT
2026-07-20 04:56:25 | INFO     | Saving at a/skeb/TtpTtpTtpTtpT-103ce2.json
2026-07-20 04:56:26 | INFO     | OK https://skeb.jp/api/users/dashi_kigurmi
2026-07-20 04:56:26 | INFO     | Saving at a/skeb/dashi_kigurmi-0bfe0b.json
2026-07-20 04:56:27 | INFO     | OK https://skeb.jp/api/users/Atisa
2026-07-20 04:56:27 | INFO     | Saving at a/skeb/Atisa-a8666f.json
2026-07-20 04:56:28 | INFO     | OK https://skeb.jp/api/users/kuuki710
2026-07-20 04:56:28 | INFO     | Saving at a/skeb/kuuki710-1245c6.json
2026-07-20 04:56:29 | INFO     | OK https://skeb.jp/api/users/wcv2
2026-07-20 04:56:29 | INFO     | Saving at a/skeb/wcv2-0748ba.json
2026-07-20 04:56:30 | INFO     | OK https://skeb.jp/api/users/shiori_komugiko
2026-07-20 04:56:30 | INFO     | Saving at a/skeb/shiori_komugiko-652659.json
2026-07-20 04:56:31 | INFO     | OK https://skeb.jp/api/users/oyayubi_iii
2026-07-20 04:56:31 | INFO     | Saving at a/skeb/oyayubi_iii-0f6ad4.json
2026-07-20 04:56:32 | INFO     | OK https://skeb.jp/api/users/satouryousukei
2026-07-20 04:56:32 | INFO     | Saving at a/skeb/satouryousukei-2feb25.json
2026-07-20 04:56:33 | INFO     | OK https://skeb.jp/api/users/torinikusale
2026-07-20 04:56:33 | INFO     | Saving at a/skeb/torinikusale-646f0d.json
2026-07-20 04:56:35 | INFO     | OK https://skeb.jp/api/users/yukizinngisukan
2026-07-20 04:56:35 | INFO     | Saving at a/skeb/yukizinngisukan-802a26.json
2026-07-20 04:56:35 | INFO     | OK https://skeb.jp/api/users/makotonichimei
2026-07-20 04:56:35 | INFO     | Saving at a/skeb/makotonichimei-08ac9b.json
2026-07-20 04:56:36 | INFO     | OK https://skeb.jp/api/users/zooonzoonzon
2026-07-20 04:56:36 | INFO     | Saving at a/skeb/zooonzoonzon-141833.json
2026-07-20 04:56:37 | INFO     | OK https://skeb.jp/api/users/Takanyori_trpg
2026-07-20 04:56:37 | INFO     | Saving at a/skeb/Takanyori_trpg-13c2eb.json
2026-07-20 04:56:38 | INFO     | OK https://skeb.jp/api/users/yaka_589
2026-07-20 04:56:38 | INFO     | Saving at a/skeb/yaka_589-97760a.json
2026-07-20 04:56:39 | INFO     | OK https://skeb.jp/api/users/Se_02i
2026-07-20 04:56:39 | INFO     | Saving at a/skeb/Se_02i-069ce6.json
2026-07-20 04:56:40 | INFO     | OK https://skeb.jp/api/users/h_totri
2026-07-20 04:56:40 | INFO     | Saving at a/skeb/h_totri-747df0.json
2026-07-20 04:56:41 | INFO     | OK https://skeb.jp/api/users/2Gafmaro
2026-07-20 04:56:41 | INFO     | Saving at a/skeb/2Gafmaro-cce21f.json
2026-07-20 04:56:42 | INFO     | OK https://skeb.jp/api/users/sayo_tow3410
2026-07-20 04:56:42 | INFO     | Saving at a/skeb/sayo_tow3410-252652.json
2026-07-20 04:56:43 | INFO     | OK https://skeb.jp/api/users/Lago_d_mbi
2026-07-20 04:56:43 | INFO     | Saving at a/skeb/Lago_d_mbi-e68f89.json
2026-07-20 04:56:44 | INFO     | OK https://skeb.jp/api/users/nonococom
2026-07-20 04:56:44 | INFO     | Saving at a/skeb/nonococom-4ca234.json
2026-07-20 04:56:45 | INFO     | OK https://skeb.jp/api/users/sorute_12
2026-07-20 04:56:45 | INFO     | Saving at a/skeb/sorute_12-cc33a6.json
2026-07-20 04:56:46 | INFO     | OK https://skeb.jp/api/users/OM2v4
2026-07-20 04:56:46 | INFO     | Saving at a/skeb/OM2v4-1a93aa.json
2026-07-20 04:56:47 | INFO     | OK https://skeb.jp/api/users/_fuwanwan
2026-07-20 04:56:47 | INFO     | Saving at a/skeb/_fuwanwan-0d085a.json
2026-07-20 04:56:48 | INFO     | OK https://skeb.jp/api/users/hzk_mozu
2026-07-20 04:56:48 | INFO     | Saving at a/skeb/hzk_mozu-64aff5.json
2026-07-20 04:56:49 | INFO     | OK https://skeb.jp/api/users/migi_miya
2026-07-20 04:56:49 | INFO     | Saving at a/skeb/migi_miya-45561c.json
2026-07-20 04:56:50 | INFO     | OK https://skeb.jp/api/users/njinji0201__
2026-07-20 04:56:50 | INFO     | Saving at a/skeb/njinji0201__-e7cf82.json
2026-07-20 04:56:51 | INFO     | OK https://skeb.jp/api/users/opopopon171498
2026-07-20 04:56:51 | INFO     | Saving at a/skeb/opopopon171498-538d88.json
2026-07-20 04:56:52 | INFO     | OK https://skeb.jp/api/users/G6wV7CdxhX57802
2026-07-20 04:56:52 | INFO     | Saving at a/skeb/G6wV7CdxhX57802-a8dafd.json
2026-07-20 04:56:53 | INFO     | OK https://skeb.jp/api/users/dUoya8vLZW34920
2026-07-20 04:56:53 | INFO     | Saving at a/skeb/dUoya8vLZW34920-a607bb.json
2026-07-20 04:56:55 | INFO     | OK https://skeb.jp/api/users/Appoco_
2026-07-20 04:56:55 | INFO     | Saving at a/skeb/Appoco_-695a01.json
2026-07-20 04:56:55 | INFO     | OK https://skeb.jp/api/users/kmc_oisiiyone
2026-07-20 04:56:55 | INFO     | Saving at a/skeb/kmc_oisiiyone-9085d7.json
2026-07-20 04:56:56 | INFO     | OK https://skeb.jp/api/users/shiro_neko_ban
2026-07-20 04:56:56 | INFO     | Saving at a/skeb/shiro_neko_ban-378cbf.json
2026-07-20 04:56:57 | INFO     | OK https://skeb.jp/api/users/6uMxiXN56Y
2026-07-20 04:56:57 | INFO     | Saving at a/skeb/6uMxiXN56Y-3473de.json
2026-07-20 04:56:58 | INFO     | OK https://skeb.jp/api/users/AONIKU_YARIS
2026-07-20 04:56:58 | INFO     | Saving at a/skeb/AONIKU_YARIS-843c7e.json
2026-07-20 04:56:59 | INFO     | OK https://skeb.jp/api/users/ex80_sfd
2026-07-20 04:56:59 | INFO     | Saving at a/skeb/ex80_sfd-714bd3.json
2026-07-20 04:57:00 | INFO     | OK https://skeb.jp/api/users/HsnnnRizy
2026-07-20 04:57:00 | INFO     | Saving at a/skeb/HsnnnRizy-7fde07.json
2026-07-20 04:57:01 | INFO     | OK https://skeb.jp/api/users/meixa_art
2026-07-20 04:57:01 | INFO     | Saving at a/skeb/meixa_art-394875.json
2026-07-20 04:57:02 | INFO     | OK https://skeb.jp/api/users/C6taDayoo2
2026-07-20 04:57:02 | INFO     | Saving at a/skeb/C6taDayoo2-df866c.json
2026-07-20 04:57:03 | INFO     | OK https://skeb.jp/api/users/kukurukurukuru
2026-07-20 04:57:03 | INFO     | Saving at a/skeb/kukurukurukuru-b10566.json
2026-07-20 04:57:04 | INFO     | OK https://skeb.jp/api/users/Kisaragi326
2026-07-20 04:57:04 | INFO     | Saving at a/skeb/Kisaragi326-fab77f.json
2026-07-20 04:57:05 | INFO     | OK https://skeb.jp/api/users/_pajamas_party
2026-07-20 04:57:05 | INFO     | Saving at a/skeb/_pajamas_party-8b82c4.json
2026-07-20 04:57:06 | INFO     | OK https://skeb.jp/api/users/uminashi
2026-07-20 04:57:06 | INFO     | Saving at a/skeb/uminashi-cd2967.json
2026-07-20 04:57:07 | INFO     | OK https://skeb.jp/api/users/subtle_dawn
2026-07-20 04:57:07 | INFO     | Saving at a/skeb/subtle_dawn-909b55.json
2026-07-20 04:57:08 | INFO     | OK https://skeb.jp/api/users/bocoh_skeb
2026-07-20 04:57:08 | INFO     | Saving at a/skeb/bocoh_skeb-327ecb.json
2026-07-20 04:57:09 | INFO     | OK https://skeb.jp/api/users/zzpechi
2026-07-20 04:57:09 | INFO     | Saving at a/skeb/zzpechi-d5f1c7.json
2026-07-20 04:57:11 | INFO     | OK https://skeb.jp/api/users/kageroudt33
2026-07-20 04:57:11 | INFO     | Saving at a/skeb/kageroudt33-aa8f33.json
2026-07-20 04:57:11 | INFO     | OK https://skeb.jp/api/users/chu_m99
2026-07-20 04:57:11 | INFO     | Saving at a/skeb/chu_m99-3766ed.json
2026-07-20 04:57:12 | INFO     | OK https://skeb.jp/api/users/gumi0gumi
2026-07-20 04:57:12 | INFO     | Saving at a/skeb/gumi0gumi-6216a7.json
2026-07-20 04:57:13 | INFO     | OK https://skeb.jp/api/users/kukimaru666
2026-07-20 04:57:13 | INFO     | Saving at a/skeb/kukimaru666-13086b.json
2026-07-20 04:57:14 | INFO     | OK https://skeb.jp/api/users/tatsuminorensyu
2026-07-20 04:57:14 | INFO     | Saving at a/skeb/tatsuminorensyu-f753f6.json
2026-07-20 04:57:15 | INFO     | OK https://skeb.jp/api/users/Nun2o_
2026-07-20 04:57:15 | INFO     | Saving at a/skeb/Nun2o_-7ebdf3.json
2026-07-20 04:57:16 | INFO     | OK https://skeb.jp/api/users/voiro_nakatomi
2026-07-20 04:57:16 | INFO     | Saving at a/skeb/voiro_nakatomi-880baa.json
2026-07-20 04:57:18 | INFO     | OK https://skeb.jp/api/users/RN8iwz9u6N62649
2026-07-20 04:57:18 | INFO     | Saving at a/skeb/RN8iwz9u6N62649-a5fb92.json
2026-07-20 04:57:18 | INFO     | OK https://skeb.jp/api/users/tarenagashikuzu
2026-07-20 04:57:18 | INFO     | Saving at a/skeb/tarenagashikuzu-45e1b0.json
2026-07-20 04:57:19 | INFO     | OK https://skeb.jp/api/users/urotori
2026-07-20 04:57:19 | INFO     | Saving at a/skeb/urotori-5f46e9.json
2026-07-20 04:57:20 | INFO     | OK https://skeb.jp/api/users/schazymo_0
2026-07-20 04:57:20 | INFO     | Saving at a/skeb/schazymo_0-e8e7a7.json
2026-07-20 04:57:21 | INFO     | OK https://skeb.jp/api/users/On3_00
2026-07-20 04:57:21 | INFO     | Saving at a/skeb/On3_00-c48710.json
2026-07-20 04:57:22 | INFO     | OK https://skeb.jp/api/users/MaruMori0619
2026-07-20 04:57:22 | INFO     | Saving at a/skeb/MaruMori0619-fc8371.json
2026-07-20 04:57:24 | INFO     | OK https://skeb.jp/api/users/t0kina_reimu
2026-07-20 04:57:24 | INFO     | Saving at a/skeb/t0kina_reimu-e1d73b.json
2026-07-20 04:57:24 | INFO     | OK https://skeb.jp/api/users/kirochy_00
2026-07-20 04:57:24 | INFO     | Saving at a/skeb/kirochy_00-56abe8.json
2026-07-20 04:57:25 | INFO     | OK https://skeb.jp/api/users/10enjondo
2026-07-20 04:57:25 | INFO     | Saving at a/skeb/10enjondo-6b19ec.json
2026-07-20 04:57:26 | INFO     | OK https://skeb.jp/api/users/25____xxx
2026-07-20 04:57:26 | INFO     | Saving at a/skeb/25____xxx-6f5558.json
2026-07-20 04:57:27 | INFO     | OK https://skeb.jp/api/users/yuuk
2026-07-20 04:57:27 | INFO     | Saving at a/skeb/yuuk-20f138.json
2026-07-20 04:57:28 | INFO     | OK https://skeb.jp/api/users/maitakepasuta
2026-07-20 04:57:28 | INFO     | Saving at a/skeb/maitakepasuta-a1583b.json
2026-07-20 04:57:30 | INFO     | OK https://skeb.jp/api/users/azuki_azukki
2026-07-20 04:57:30 | INFO     | Saving at a/skeb/azuki_azukki-22f435.json
2026-07-20 04:57:30 | INFO     | OK https://skeb.jp/api/users/zkr_3969
2026-07-20 04:57:30 | INFO     | Saving at a/skeb/zkr_3969-71946f.json
2026-07-20 04:57:31 | INFO     | OK https://skeb.jp/api/users/Umi_Ushi428
2026-07-20 04:57:31 | INFO     | Saving at a/skeb/Umi_Ushi428-abc0f7.json
2026-07-20 04:57:32 | INFO     | OK https://skeb.jp/api/users/nikoniko_kitou
2026-07-20 04:57:32 | INFO     | Saving at a/skeb/nikoniko_kitou-793472.json
2026-07-20 04:57:33 | INFO     | OK https://skeb.jp/api/users/Uj6qmSKS9J
2026-07-20 04:57:33 | INFO     | Saving at a/skeb/Uj6qmSKS9J-6c4e72.json
2026-07-20 04:57:34 | INFO     | OK https://skeb.jp/api/users/KaiLanZi
2026-07-20 04:57:34 | INFO     | Saving at a/skeb/KaiLanZi-87cd8f.json
2026-07-20 04:57:35 | INFO     | OK https://skeb.jp/api/users/sasagaki51
2026-07-20 04:57:35 | INFO     | Saving at a/skeb/sasagaki51-b350dc.json
2026-07-20 04:57:36 | INFO     | OK https://skeb.jp/api/users/MKMK_915
2026-07-20 04:57:36 | INFO     | Saving at a/skeb/MKMK_915-f57bec.json
2026-07-20 04:57:37 | INFO     | OK https://skeb.jp/api/users/971q4HKy7vCbT3k
2026-07-20 04:57:37 | INFO     | Saving at a/skeb/971q4HKy7vCbT3k-257a9b.json
2026-07-20 04:57:38 | INFO     | OK https://skeb.jp/api/users/tsu_ku_mi
2026-07-20 04:57:38 | INFO     | Saving at a/skeb/tsu_ku_mi-9e8276.json
2026-07-20 04:57:39 | INFO     | OK https://skeb.jp/api/users/ecop
2026-07-20 04:57:39 | INFO     | Saving at a/skeb/ecop-f9f2d4.json
2026-07-20 04:57:40 | INFO     | OK https://skeb.jp/api/users/shiroha_ruka
2026-07-20 04:57:40 | INFO     | Saving at a/skeb/shiroha_ruka-8e9c84.json
2026-07-20 04:57:41 | INFO     | OK https://skeb.jp/api/users/ozllo_artworks
2026-07-20 04:57:41 | INFO     | Saving at a/skeb/ozllo_artworks-fd66c5.json
2026-07-20 04:57:42 | INFO     | OK https://skeb.jp/api/users/10010star
2026-07-20 04:57:42 | INFO     | Saving at a/skeb/10010star-6169da.json
2026-07-20 04:57:43 | INFO     | OK https://skeb.jp/api/users/akayakon
2026-07-20 04:57:43 | INFO     | Saving at a/skeb/akayakon-1a507f.json
2026-07-20 04:57:45 | INFO     | OK https://skeb.jp/api/users/cyoharu
2026-07-20 04:57:45 | INFO     | Saving at a/skeb/cyoharu-6a7a16.json
2026-07-20 04:57:45 | INFO     | OK https://skeb.jp/api/users/meronntabetai_2
2026-07-20 04:57:45 | INFO     | Saving at a/skeb/meronntabetai_2-bac0db.json
2026-07-20 04:57:47 | INFO     | OK https://skeb.jp/api/users/coxxco12
2026-07-20 04:57:47 | INFO     | Saving at a/skeb/coxxco12-c0adc8.json
2026-07-20 04:57:47 | INFO     | OK https://skeb.jp/api/users/9E33o
2026-07-20 04:57:47 | INFO     | Saving at a/skeb/9E33o-878e12.json
2026-07-20 04:57:48 | INFO     | OK https://skeb.jp/api/users/harukanataA1
2026-07-20 04:57:48 | INFO     | Saving at a/skeb/harukanataA1-625c42.json
2026-07-20 04:57:49 | INFO     | OK https://skeb.jp/api/users/Owozora
2026-07-20 04:57:49 | INFO     | Saving at a/skeb/Owozora-343322.json
2026-07-20 04:57:50 | INFO     | OK https://skeb.jp/api/users/DJRN_tea
2026-07-20 04:57:50 | INFO     | Saving at a/skeb/DJRN_tea-458c25.json
2026-07-20 04:57:51 | INFO     | OK https://skeb.jp/api/users/den_tbn
2026-07-20 04:57:51 | INFO     | Saving at a/skeb/den_tbn-2149e6.json
2026-07-20 04:57:52 | INFO     | OK https://skeb.jp/api/users/Es_Zatta
2026-07-20 04:57:52 | INFO     | Saving at a/skeb/Es_Zatta-f2870f.json
2026-07-20 04:57:53 | INFO     | OK https://skeb.jp/api/users/masshiroke_oO
2026-07-20 04:57:53 | INFO     | Saving at a/skeb/masshiroke_oO-f9aa47.json
2026-07-20 04:57:54 | INFO     | OK https://skeb.jp/api/users/kiri2_may
2026-07-20 04:57:54 | INFO     | Saving at a/skeb/kiri2_may-aa5dc3.json
2026-07-20 04:57:56 | INFO     | OK https://skeb.jp/api/users/oimosan121
2026-07-20 04:57:56 | INFO     | Saving at a/skeb/oimosan121-e33998.json
2026-07-20 04:57:56 | INFO     | OK https://skeb.jp/api/users/duck_everything
2026-07-20 04:57:56 | INFO     | Saving at a/skeb/duck_everything-bcbbac.json
2026-07-20 04:57:58 | INFO     | OK https://skeb.jp/api/users/Keiru_illust
2026-07-20 04:57:58 | INFO     | Saving at a/skeb/Keiru_illust-28b758.json
2026-07-20 04:57:58 | INFO     | OK https://skeb.jp/api/users/yyy_fukuzawa
2026-07-20 04:57:58 | INFO     | Saving at a/skeb/yyy_fukuzawa-d2de00.json
2026-07-20 04:57:59 | INFO     | OK https://skeb.jp/api/users/pote_rl
2026-07-20 04:57:59 | INFO     | Saving at a/skeb/pote_rl-79c6f4.json
2026-07-20 04:58:00 | INFO     | OK https://skeb.jp/api/users/Garakta326o
2026-07-20 04:58:00 | INFO     | Saving at a/skeb/Garakta326o-b6dfaf.json
2026-07-20 04:58:01 | INFO     | OK https://skeb.jp/api/users/na0_0nn
2026-07-20 04:58:01 | INFO     | Saving at a/skeb/na0_0nn-006356.json
2026-07-20 04:58:03 | INFO     | OK https://skeb.jp/api/users/furuno132nw
2026-07-20 04:58:03 | INFO     | Saving at a/skeb/furuno132nw-8c9811.json
2026-07-20 04:58:03 | INFO     | OK https://skeb.jp/api/users/mamezako_chan
2026-07-20 04:58:03 | INFO     | Saving at a/skeb/mamezako_chan-2ed2a3.json
2026-07-20 04:58:04 | INFO     | OK https://skeb.jp/api/users/imohuki_10
2026-07-20 04:58:04 | INFO     | Saving at a/skeb/imohuki_10-64207f.json
2026-07-20 04:58:05 | INFO     | OK https://skeb.jp/api/users/anchovy_soso
2026-07-20 04:58:05 | INFO     | Saving at a/skeb/anchovy_soso-7d4855.json
2026-07-20 04:58:06 | INFO     | OK https://skeb.jp/api/users/gyosonnotamiyo
2026-07-20 04:58:06 | INFO     | Saving at a/skeb/gyosonnotamiyo-b210b6.json
2026-07-20 04:58:07 | INFO     | OK https://skeb.jp/api/users/cure_na
2026-07-20 04:58:07 | INFO     | Saving at a/skeb/cure_na-94a344.json
2026-07-20 04:58:08 | INFO     | OK https://skeb.jp/api/users/DLHL0219
2026-07-20 04:58:08 | INFO     | Saving at a/skeb/DLHL0219-a9a281.json
2026-07-20 04:58:09 | INFO     | OK https://skeb.jp/api/users/shime_isshiki
2026-07-20 04:58:09 | INFO     | Saving at a/skeb/shime_isshiki-f91bb4.json
2026-07-20 04:58:10 | INFO     | OK https://skeb.jp/api/users/saimeikorei
2026-07-20 04:58:10 | INFO     | Saving at a/skeb/saimeikorei-176a20.json
2026-07-20 04:58:11 | INFO     | OK https://skeb.jp/api/users/konkonshin
2026-07-20 04:58:12 | INFO     | Saving at a/skeb/konkonshin-6043ca.json
2026-07-20 04:58:12 | INFO     | OK https://skeb.jp/api/users/void33429809
2026-07-20 04:58:12 | INFO     | Saving at a/skeb/void33429809-3f9076.json
2026-07-20 04:58:13 | INFO     | OK https://skeb.jp/api/users/kichinanoipul
2026-07-20 04:58:13 | INFO     | Saving at a/skeb/kichinanoipul-cd7644.json
2026-07-20 04:58:14 | INFO     | OK https://skeb.jp/api/users/shitsuni_
2026-07-20 04:58:14 | INFO     | Saving at a/skeb/shitsuni_-534853.json
2026-07-20 04:58:15 | INFO     | OK https://skeb.jp/api/users/u_________uo
2026-07-20 04:58:15 | INFO     | Saving at a/skeb/u_________uo-8b547c.json
2026-07-20 04:58:16 | INFO     | OK https://skeb.jp/api/users/error36_
2026-07-20 04:58:16 | INFO     | Saving at a/skeb/error36_-45add0.json
2026-07-20 04:58:17 | INFO     | OK https://skeb.jp/api/users/RUI__0605_0
2026-07-20 04:58:17 | INFO     | Saving at a/skeb/RUI__0605_0-3c65b0.json
2026-07-20 04:58:18 | INFO     | OK https://skeb.jp/api/users/spherewind1
2026-07-20 04:58:18 | INFO     | Saving at a/skeb/spherewind1-cbff8c.json
2026-07-20 04:58:19 | INFO     | OK https://skeb.jp/api/users/namari_siro
2026-07-20 04:58:19 | INFO     | Saving at a/skeb/namari_siro-49b7da.json
2026-07-20 04:58:20 | INFO     | OK https://skeb.jp/api/users/y_yama8642
2026-07-20 04:58:20 | INFO     | Saving at a/skeb/y_yama8642-227ca0.json
2026-07-20 04:58:21 | INFO     | OK https://skeb.jp/api/users/piano00324
2026-07-20 04:58:21 | INFO     | Saving at a/skeb/piano00324-a5d49e.json
2026-07-20 04:58:22 | INFO     | OK https://skeb.jp/api/users/hiyori_hthn
2026-07-20 04:58:22 | INFO     | Saving at a/skeb/hiyori_hthn-ddf1dc.json
2026-07-20 04:58:23 | INFO     | OK https://skeb.jp/api/users/Cocoa_sousaku
2026-07-20 04:58:23 | INFO     | Saving at a/skeb/Cocoa_sousaku-c363a8.json
2026-07-20 04:58:24 | INFO     | OK https://skeb.jp/api/users/yes_2335
2026-07-20 04:58:24 | INFO     | Saving at a/skeb/yes_2335-fd46d1.json
2026-07-20 04:58:25 | INFO     | OK https://skeb.jp/api/users/mu_u_jin
2026-07-20 04:58:25 | INFO     | Saving at a/skeb/mu_u_jin-0d6595.json
2026-07-20 04:58:26 | INFO     | OK https://skeb.jp/api/users/memory_ishida
2026-07-20 04:58:26 | INFO     | Saving at a/skeb/memory_ishida-808dc5.json
2026-07-20 04:58:27 | INFO     | OK https://skeb.jp/api/users/citronphantasm
2026-07-20 04:58:27 | INFO     | Saving at a/skeb/citronphantasm-fca110.json
2026-07-20 04:58:28 | INFO     | OK https://skeb.jp/api/users/35C387fe5WhqsGW
2026-07-20 04:58:28 | INFO     | Saving at a/skeb/35C387fe5WhqsGW-525574.json
2026-07-20 04:58:29 | INFO     | OK https://skeb.jp/api/users/neji_vuldarak2
2026-07-20 04:58:29 | INFO     | Saving at a/skeb/neji_vuldarak2-6df660.json
2026-07-20 04:58:30 | INFO     | OK https://skeb.jp/api/users/m1stm1
2026-07-20 04:58:30 | INFO     | Saving at a/skeb/m1stm1-bdc0de.json
2026-07-20 04:58:31 | INFO     | OK https://skeb.jp/api/users/TobariAlma
2026-07-20 04:58:31 | INFO     | Saving at a/skeb/TobariAlma-045d15.json
2026-07-20 04:58:32 | INFO     | OK https://skeb.jp/api/users/yayoripain
2026-07-20 04:58:32 | INFO     | Saving at a/skeb/yayoripain-4b9445.json
2026-07-20 04:58:33 | INFO     | OK https://skeb.jp/api/users/SolaMeteorite
2026-07-20 04:58:33 | INFO     | Saving at a/skeb/SolaMeteorite-14918f.json
2026-07-20 04:58:34 | INFO     | OK https://skeb.jp/api/users/skzk_CM
2026-07-20 04:58:34 | INFO     | Saving at a/skeb/skzk_CM-c0a876.json
2026-07-20 04:58:36 | INFO     | OK https://skeb.jp/api/users/shige_kuraine
2026-07-20 04:58:36 | INFO     | Saving at a/skeb/shige_kuraine-19cc02.json
2026-07-20 04:58:36 | INFO     | OK https://skeb.jp/api/users/rMQwVgRUu19qR4G
2026-07-20 04:58:36 | INFO     | Saving at a/skeb/rMQwVgRUu19qR4G-c54945.json
2026-07-20 04:58:37 | INFO     | OK https://skeb.jp/api/users/puyochocolate
2026-07-20 04:58:37 | INFO     | Saving at a/skeb/puyochocolate-b1a711.json
2026-07-20 04:58:38 | INFO     | OK https://skeb.jp/api/users/surume3719
2026-07-20 04:58:38 | INFO     | Saving at a/skeb/surume3719-e98f51.json
2026-07-20 04:58:40 | INFO     | OK https://skeb.jp/api/users/tori_chanda_
2026-07-20 04:58:40 | INFO     | Saving at a/skeb/tori_chanda_-6fc969.json
2026-07-20 04:58:40 | INFO     | OK https://skeb.jp/api/users/kinbousokai
2026-07-20 04:58:40 | INFO     | Saving at a/skeb/kinbousokai-d17245.json
2026-07-20 04:58:41 | INFO     | OK https://skeb.jp/api/users/seeenfree
2026-07-20 04:58:41 | INFO     | Saving at a/skeb/seeenfree-eec312.json
2026-07-20 04:58:42 | INFO     | OK https://skeb.jp/api/users/abb__q
2026-07-20 04:58:42 | INFO     | Saving at a/skeb/abb__q-38bde5.json
2026-07-20 04:58:43 | INFO     | OK https://skeb.jp/api/users/Su3ro_S10
2026-07-20 04:58:43 | INFO     | Saving at a/skeb/Su3ro_S10-3e7ff9.json
2026-07-20 04:58:44 | INFO     | OK https://skeb.jp/api/users/GfhJf9ouGTCfM9f
2026-07-20 04:58:44 | INFO     | Saving at a/skeb/GfhJf9ouGTCfM9f-3fdc0a.json
2026-07-20 04:58:45 | INFO     | OK https://skeb.jp/api/users/fumikiri_1818
2026-07-20 04:58:45 | INFO     | Saving at a/skeb/fumikiri_1818-069ae1.json
2026-07-20 04:58:46 | INFO     | OK https://skeb.jp/api/users/creocmaga
2026-07-20 04:58:46 | INFO     | Saving at a/skeb/creocmaga-645f60.json
2026-07-20 04:58:48 | INFO     | OK https://skeb.jp/api/users/R1tuk_TRPG
2026-07-20 04:58:48 | INFO     | Saving at a/skeb/R1tuk_TRPG-a8a454.json
2026-07-20 04:58:48 | INFO     | OK https://skeb.jp/api/users/kikuPsyche
2026-07-20 04:58:48 | INFO     | Saving at a/skeb/kikuPsyche-7f6947.json
2026-07-20 04:58:49 | INFO     | OK https://skeb.jp/api/users/ikateyann
2026-07-20 04:58:50 | INFO     | Saving at a/skeb/ikateyann-9c2790.json
2026-07-20 04:58:50 | INFO     | OK https://skeb.jp/api/users/nodoamechoudai
2026-07-20 04:58:50 | INFO     | Saving at a/skeb/nodoamechoudai-0a690d.json
2026-07-20 04:58:52 | INFO     | OK https://skeb.jp/api/users/rakannka
2026-07-20 04:58:52 | INFO     | Saving at a/skeb/rakannka-aef34f.json
2026-07-20 04:58:52 | INFO     | OK https://skeb.jp/api/users/gopokenohito
2026-07-20 04:58:53 | INFO     | Saving at a/skeb/gopokenohito-43714f.json
2026-07-20 04:58:53 | INFO     | OK https://skeb.jp/api/users/ko_5551515
2026-07-20 04:58:53 | INFO     | Saving at a/skeb/ko_5551515-48e356.json
2026-07-20 04:58:54 | INFO     | OK https://skeb.jp/api/users/n_osh_i
2026-07-20 04:58:54 | INFO     | Saving at a/skeb/n_osh_i-ca5b9b.json
2026-07-20 04:58:55 | INFO     | OK https://skeb.jp/api/users/mfy_le
2026-07-20 04:58:55 | INFO     | Saving at a/skeb/mfy_le-41cb00.json
2026-07-20 04:58:57 | INFO     | OK https://skeb.jp/api/users/runa44
2026-07-20 04:58:57 | INFO     | Saving at a/skeb/runa44-807abe.json
2026-07-20 04:58:58 | INFO     | OK https://skeb.jp/api/users/pooooisuke
2026-07-20 04:58:58 | INFO     | Saving at a/skeb/pooooisuke-902fc7.json
2026-07-20 04:58:58 | INFO     | OK https://skeb.jp/api/users/0_lx_xl
2026-07-20 04:58:58 | INFO     | Saving at a/skeb/0_lx_xl-5bade4.json
2026-07-20 04:59:00 | INFO     | OK https://skeb.jp/api/users/nejumipro
2026-07-20 04:59:00 | INFO     | Saving at a/skeb/nejumipro-5aea2b.json
2026-07-20 04:59:01 | INFO     | OK https://skeb.jp/api/users/kxxxta
2026-07-20 04:59:01 | INFO     | Saving at a/skeb/kxxxta-652b8e.json
2026-07-20 04:59:01 | INFO     | OK https://skeb.jp/api/users/hudeako
2026-07-20 04:59:01 | INFO     | Saving at a/skeb/hudeako-a58489.json
2026-07-20 04:59:03 | INFO     | OK https://skeb.jp/api/users/Kei_Fukamiki
2026-07-20 04:59:03 | INFO     | Saving at a/skeb/Kei_Fukamiki-377f4c.json
2026-07-20 04:59:03 | INFO     | OK https://skeb.jp/api/users/a1da_a
2026-07-20 04:59:03 | INFO     | Saving at a/skeb/a1da_a-006adb.json
2026-07-20 04:59:05 | INFO     | OK https://skeb.jp/api/users/polk_dots2
2026-07-20 04:59:05 | INFO     | Saving at a/skeb/polk_dots2-150016.json
2026-07-20 04:59:05 | INFO     | OK https://skeb.jp/api/users/nnidotxx
2026-07-20 04:59:06 | INFO     | Saving at a/skeb/nnidotxx-b8af28.json
2026-07-20 04:59:07 | INFO     | OK https://skeb.jp/api/users/_petaro7
2026-07-20 04:59:07 | INFO     | Saving at a/skeb/_petaro7-8ec702.json
2026-07-20 04:59:07 | INFO     | OK https://skeb.jp/api/users/Sai36664622
2026-07-20 04:59:07 | INFO     | Saving at a/skeb/Sai36664622-74c39d.json
2026-07-20 04:59:08 | INFO     | OK https://skeb.jp/api/users/yuki_tama1231
2026-07-20 04:59:08 | INFO     | Saving at a/skeb/yuki_tama1231-e6f514.json
2026-07-20 04:59:09 | INFO     | OK https://skeb.jp/api/users/ub1mo
2026-07-20 04:59:09 | INFO     | Saving at a/skeb/ub1mo-2de2a8.json
2026-07-20 04:59:10 | INFO     | OK https://skeb.jp/api/users/s1eep_1ike_1og
2026-07-20 04:59:10 | INFO     | Saving at a/skeb/s1eep_1ike_1og-e46f8a.json
2026-07-20 04:59:12 | INFO     | OK https://skeb.jp/api/users/takashiiiMe262
2026-07-20 04:59:12 | INFO     | Saving at a/skeb/takashiiiMe262-169b0b.json
2026-07-20 04:59:13 | INFO     | OK https://skeb.jp/api/users/aoi_tachi0
2026-07-20 04:59:13 | INFO     | Saving at a/skeb/aoi_tachi0-e0c773.json
2026-07-20 04:59:14 | INFO     | OK https://skeb.jp/api/users/amabierakutomini
2026-07-20 04:59:14 | INFO     | Saving at a/skeb/amabierakutomini-cd4b1c.json
2026-07-20 04:59:15 | INFO     | OK https://skeb.jp/api/users/Hero__scum
2026-07-20 04:59:15 | INFO     | Saving at a/skeb/Hero__scum-a4389b.json
2026-07-20 04:59:16 | INFO     | OK https://skeb.jp/api/users/earth_mi_
2026-07-20 04:59:16 | INFO     | Saving at a/skeb/earth_mi_-07a366.json
2026-07-20 04:59:16 | INFO     | OK https://skeb.jp/api/users/BlueHawaii_2
2026-07-20 04:59:16 | INFO     | Saving at a/skeb/BlueHawaii_2-3cd05c.json
2026-07-20 04:59:17 | INFO     | OK https://skeb.jp/api/users/san37
2026-07-20 04:59:17 | INFO     | Saving at a/skeb/san37-6cd875.json
2026-07-20 04:59:19 | INFO     | OK https://skeb.jp/api/users/KopeRyne
2026-07-20 04:59:19 | INFO     | Saving at a/skeb/KopeRyne-a10dac.json
2026-07-20 04:59:20 | INFO     | OK https://skeb.jp/api/users/kyabe2man_e
2026-07-20 04:59:20 | INFO     | Saving at a/skeb/kyabe2man_e-17e964.json
2026-07-20 04:59:21 | INFO     | OK https://skeb.jp/api/users/story_rage
2026-07-20 04:59:21 | INFO     | Saving at a/skeb/story_rage-872549.json
2026-07-20 04:59:21 | INFO     | OK https://skeb.jp/api/users/Nemu_Kujira
2026-07-20 04:59:22 | INFO     | Saving at a/skeb/Nemu_Kujira-35447e.json
2026-07-20 04:59:23 | INFO     | OK https://skeb.jp/api/users/_251_nicoichi
2026-07-20 04:59:23 | INFO     | Saving at a/skeb/_251_nicoichi-2f165b.json
2026-07-20 04:59:23 | INFO     | OK https://skeb.jp/api/users/ao3mukishitsu22
2026-07-20 04:59:23 | INFO     | Saving at a/skeb/ao3mukishitsu22-bb70a8.json
2026-07-20 04:59:24 | INFO     | OK https://skeb.jp/api/users/Maromaro5506
2026-07-20 04:59:24 | INFO     | Saving at a/skeb/Maromaro5506-564dff.json
2026-07-20 04:59:26 | INFO     | OK https://skeb.jp/api/users/saaamon_4005
2026-07-20 04:59:26 | INFO     | Saving at a/skeb/saaamon_4005-14de56.json
2026-07-20 04:59:26 | INFO     | OK https://skeb.jp/api/users/ada_rabuhu
2026-07-20 04:59:26 | INFO     | Saving at a/skeb/ada_rabuhu-415908.json
2026-07-20 04:59:28 | INFO     | OK https://skeb.jp/api/users/fakkuma
2026-07-20 04:59:28 | INFO     | Saving at a/skeb/fakkuma-f538d9.json
2026-07-20 04:59:29 | INFO     | OK https://skeb.jp/api/users/nery_zzz
2026-07-20 04:59:29 | INFO     | Saving at a/skeb/nery_zzz-2a0bb4.json
2026-07-20 04:59:30 | INFO     | OK https://skeb.jp/api/users/ri_rie01
2026-07-20 04:59:30 | INFO     | Saving at a/skeb/ri_rie01-5cda2c.json
2026-07-20 04:59:30 | INFO     | OK https://skeb.jp/api/users/HDD_sokutouYou
2026-07-20 04:59:30 | INFO     | Saving at a/skeb/HDD_sokutouYou-5cd9e9.json
2026-07-20 04:59:31 | INFO     | OK https://skeb.jp/api/users/MC333Xz
2026-07-20 04:59:31 | INFO     | Saving at a/skeb/MC333Xz-2f8cac.json
2026-07-20 04:59:33 | INFO     | OK https://skeb.jp/api/users/watasi_ch3
2026-07-20 04:59:33 | INFO     | Saving at a/skeb/watasi_ch3-dcdb72.json
2026-07-20 04:59:33 | INFO     | OK https://skeb.jp/api/users/_uciza
2026-07-20 04:59:33 | INFO     | Saving at a/skeb/_uciza-82b252.json
2026-07-20 04:59:34 | INFO     | OK https://skeb.jp/api/users/kurota_rou
2026-07-20 04:59:34 | INFO     | Saving at a/skeb/kurota_rou-6ce4cd.json
2026-07-20 04:59:36 | INFO     | OK https://skeb.jp/api/users/KARASU2023_2
2026-07-20 04:59:36 | INFO     | Saving at a/skeb/KARASU2023_2-466d54.json
2026-07-20 04:59:36 | INFO     | OK https://skeb.jp/api/users/end_l3ss_
2026-07-20 04:59:36 | INFO     | Saving at a/skeb/end_l3ss_-3a3778.json
2026-07-20 04:59:38 | INFO     | OK https://skeb.jp/api/users/sabamori55
2026-07-20 04:59:38 | INFO     | Saving at a/skeb/sabamori55-a4a4e2.json
2026-07-20 04:59:38 | INFO     | OK https://skeb.jp/api/users/bansyo31
2026-07-20 04:59:38 | INFO     | Saving at a/skeb/bansyo31-363de8.json
2026-07-20 04:59:40 | INFO     | OK https://skeb.jp/api/users/mnxxx_xxxnm
2026-07-20 04:59:40 | INFO     | Saving at a/skeb/mnxxx_xxxnm-49b972.json
2026-07-20 04:59:41 | INFO     | OK https://skeb.jp/api/users/omu3retu
2026-07-20 04:59:41 | INFO     | Saving at a/skeb/omu3retu-0ab6a1.json
2026-07-20 04:59:42 | INFO     | OK https://skeb.jp/api/users/punipaya
2026-07-20 04:59:42 | INFO     | Saving at a/skeb/punipaya-240de9.json
2026-07-20 04:59:42 | INFO     | OK https://skeb.jp/api/users/murabitoufu
2026-07-20 04:59:42 | INFO     | Saving at a/skeb/murabitoufu-2ea5bb.json
2026-07-20 04:59:44 | INFO     | OK https://skeb.jp/api/users/ho_zancn
2026-07-20 04:59:44 | INFO     | Saving at a/skeb/ho_zancn-244574.json
2026-07-20 04:59:44 | INFO     | OK https://skeb.jp/api/users/osB__26z
2026-07-20 04:59:44 | INFO     | Saving at a/skeb/osB__26z-2ffacb.json
2026-07-20 04:59:45 | INFO     | OK https://skeb.jp/api/users/pakinarimma
2026-07-20 04:59:45 | INFO     | Saving at a/skeb/pakinarimma-9e5ec9.json
2026-07-20 04:59:47 | INFO     | OK https://skeb.jp/api/users/Kinondq10
2026-07-20 04:59:47 | INFO     | Saving at a/skeb/Kinondq10-d79cc2.json
2026-07-20 04:59:47 | INFO     | OK https://skeb.jp/api/users/R18_itinana
2026-07-20 04:59:47 | INFO     | Saving at a/skeb/R18_itinana-6f19a7.json
2026-07-20 04:59:48 | INFO     | OK https://skeb.jp/api/users/haraku_07
2026-07-20 04:59:48 | INFO     | Saving at a/skeb/haraku_07-772995.json
2026-07-20 04:59:50 | INFO     | OK https://skeb.jp/api/users/langue_de_104
2026-07-20 04:59:50 | INFO     | Saving at a/skeb/langue_de_104-94ff57.json
2026-07-20 04:59:50 | INFO     | OK https://skeb.jp/api/users/kuji0419
2026-07-20 04:59:50 | INFO     | Saving at a/skeb/kuji0419-fdc62d.json
2026-07-20 04:59:52 | INFO     | OK https://skeb.jp/api/users/kuro_ikasan
2026-07-20 04:59:52 | INFO     | Saving at a/skeb/kuro_ikasan-1c486f.json
2026-07-20 04:59:52 | INFO     | OK https://skeb.jp/api/users/dRccPEWOI2PvZfU
2026-07-20 04:59:52 | INFO     | Saving at a/skeb/dRccPEWOI2PvZfU-8c3140.json
2026-07-20 04:59:53 | INFO     | OK https://skeb.jp/api/users/shefu1193
2026-07-20 04:59:53 | INFO     | Saving at a/skeb/shefu1193-6ebb46.json
2026-07-20 04:59:54 | INFO     | OK https://skeb.jp/api/users/remiitaroooon
2026-07-20 04:59:54 | INFO     | Saving at a/skeb/remiitaroooon-b4301f.json
2026-07-20 04:59:56 | INFO     | OK https://skeb.jp/api/users/niaa_cm
2026-07-20 04:59:56 | INFO     | Saving at a/skeb/niaa_cm-5df7a5.json
2026-07-20 04:59:57 | INFO     | OK https://skeb.jp/api/users/gebbyou
2026-07-20 04:59:57 | INFO     | Saving at a/skeb/gebbyou-ce6cf1.json
2026-07-20 04:59:58 | INFO     | OK https://skeb.jp/api/users/Sini_user2
2026-07-20 04:59:58 | INFO     | Saving at a/skeb/Sini_user2-ff547b.json
2026-07-20 04:59:58 | INFO     | OK https://skeb.jp/api/users/si_ll_il
2026-07-20 04:59:58 | INFO     | Saving at a/skeb/si_ll_il-cfead2.json
2026-07-20 05:00:00 | INFO     | OK https://skeb.jp/api/users/skks_oo
2026-07-20 05:00:00 | INFO     | Saving at a/skeb/skks_oo-c35106.json
2026-07-20 05:00:00 | INFO     | OK https://skeb.jp/api/users/moth_111_
2026-07-20 05:00:00 | INFO     | Saving at a/skeb/moth_111_-d1618f.json
2026-07-20 05:00:02 | INFO     | OK https://skeb.jp/api/users/mi_quoise
2026-07-20 05:00:02 | INFO     | Saving at a/skeb/mi_quoise-5fc7c4.json
2026-07-20 05:00:02 | INFO     | OK https://skeb.jp/api/users/mohumohu_22
2026-07-20 05:00:02 | INFO     | Saving at a/skeb/mohumohu_22-37fdbf.json
2026-07-20 05:00:03 | INFO     | OK https://skeb.jp/api/users/I__da_m_3
2026-07-20 05:00:03 | INFO     | Saving at a/skeb/I__da_m_3-88ad92.json
2026-07-20 05:00:05 | INFO     | OK https://skeb.jp/api/users/z50eu
2026-07-20 05:00:05 | INFO     | Saving at a/skeb/z50eu-d4ddae.json
2026-07-20 05:00:06 | INFO     | OK https://skeb.jp/api/users/kyngkyk
2026-07-20 05:00:06 | INFO     | Saving at a/skeb/kyngkyk-1374c0.json
2026-07-20 05:00:07 | INFO     | OK https://skeb.jp/api/users/Tugeno_Ume
2026-07-20 05:00:07 | INFO     | Saving at a/skeb/Tugeno_Ume-e980a2.json
2026-07-20 05:00:07 | INFO     | OK https://skeb.jp/api/users/frknnkagi_299
2026-07-20 05:00:07 | INFO     | Saving at a/skeb/frknnkagi_299-894285.json
2026-07-20 05:00:08 | INFO     | OK https://skeb.jp/api/users/ichi_11O7
2026-07-20 05:00:08 | INFO     | Saving at a/skeb/ichi_11O7-8931d7.json
2026-07-20 05:00:09 | INFO     | OK https://skeb.jp/api/users/nooooo563
2026-07-20 05:00:09 | INFO     | Saving at a/skeb/nooooo563-149e8d.json
2026-07-20 05:00:11 | INFO     | OK https://skeb.jp/api/users/motunabeumeee
2026-07-20 05:00:11 | INFO     | Saving at a/skeb/motunabeumeee-82f5ba.json
2026-07-20 05:00:12 | INFO     | OK https://skeb.jp/api/users/name_bonres09
2026-07-20 05:00:12 | INFO     | Saving at a/skeb/name_bonres09-13b643.json
2026-07-20 05:00:12 | INFO     | OK https://skeb.jp/api/users/TOOMIRO
2026-07-20 05:00:12 | INFO     | Saving at a/skeb/TOOMIRO-21f2df.json
2026-07-20 05:00:14 | INFO     | OK https://skeb.jp/api/users/ito10_i
2026-07-20 05:00:14 | INFO     | Saving at a/skeb/ito10_i-249a5d.json
2026-07-20 05:00:15 | INFO     | OK https://skeb.jp/api/users/wawawama
2026-07-20 05:00:15 | INFO     | Saving at a/skeb/wawawama-382218.json
2026-07-20 05:00:16 | INFO     | OK https://skeb.jp/api/users/miduki256
2026-07-20 05:00:16 | INFO     | Saving at a/skeb/miduki256-471998.json
2026-07-20 05:00:17 | INFO     | OK https://skeb.jp/api/users/udodon6
2026-07-20 05:00:17 | INFO     | Saving at a/skeb/udodon6-55da73.json
2026-07-20 05:00:18 | INFO     | OK https://skeb.jp/api/users/Kiiko_clip
2026-07-20 05:00:18 | INFO     | Saving at a/skeb/Kiiko_clip-0277be.json
2026-07-20 05:00:18 | INFO     | OK https://skeb.jp/api/users/oji25_
2026-07-20 05:00:18 | INFO     | Saving at a/skeb/oji25_-ab149a.json
2026-07-20 05:00:20 | INFO     | OK https://skeb.jp/api/users/rivu0112
2026-07-20 05:00:20 | INFO     | Saving at a/skeb/rivu0112-ca65ea.json
2026-07-20 05:00:21 | INFO     | OK https://skeb.jp/api/users/ParoleChan
2026-07-20 05:00:21 | INFO     | Saving at a/skeb/ParoleChan-259dc2.json
2026-07-20 05:00:22 | INFO     | OK https://skeb.jp/api/users/nahcegalliv
2026-07-20 05:00:22 | INFO     | Saving at a/skeb/nahcegalliv-6dceae.json
2026-07-20 05:00:23 | INFO     | OK https://skeb.jp/api/users/stellalafell
2026-07-20 05:00:23 | INFO     | Saving at a/skeb/stellalafell-0aa0c3.json
2026-07-20 05:00:24 | INFO     | OK https://skeb.jp/api/users/Sakurada_327
2026-07-20 05:00:24 | INFO     | Saving at a/skeb/Sakurada_327-976fe5.json
2026-07-20 05:00:24 | INFO     | OK https://skeb.jp/api/users/june_vhm00
2026-07-20 05:00:24 | INFO     | Saving at a/skeb/june_vhm00-e2a544.json
2026-07-20 05:00:26 | INFO     | OK https://skeb.jp/api/users/teaaaaa511
2026-07-20 05:00:26 | INFO     | Saving at a/skeb/teaaaaa511-e6fe60.json
2026-07-20 05:00:27 | INFO     | OK https://skeb.jp/api/users/momotrtr10
2026-07-20 05:00:27 | INFO     | Saving at a/skeb/momotrtr10-ac0daf.json
2026-07-20 05:00:28 | INFO     | OK https://skeb.jp/api/users/owk_bsh_yy
2026-07-20 05:00:28 | INFO     | Saving at a/skeb/owk_bsh_yy-34c414.json
2026-07-20 05:00:29 | INFO     | OK https://skeb.jp/api/users/hana_tsumugi_
2026-07-20 05:00:29 | INFO     | Saving at a/skeb/hana_tsumugi_-ece0e8.json
2026-07-20 05:00:29 | INFO     | OK https://skeb.jp/api/users/hancheeng
2026-07-20 05:00:29 | INFO     | Saving at a/skeb/hancheeng-90e1a7.json
2026-07-20 05:00:31 | INFO     | OK https://skeb.jp/api/users/domCreature
2026-07-20 05:00:31 | INFO     | Saving at a/skeb/domCreature-895863.json
2026-07-20 05:00:32 | INFO     | OK https://skeb.jp/api/users/napxcat
2026-07-20 05:00:32 | INFO     | Saving at a/skeb/napxcat-ef8d8a.json
2026-07-20 05:00:32 | INFO     | OK https://skeb.jp/api/users/Onigiri
2026-07-20 05:00:32 | INFO     | Saving at a/skeb/Onigiri-c252e7.json
2026-07-20 05:00:34 | INFO     | OK https://skeb.jp/api/users/T0kum3iR
2026-07-20 05:00:34 | INFO     | Saving at a/skeb/T0kum3iR-c65c8e.json
2026-07-20 05:00:35 | INFO     | OK https://skeb.jp/api/users/ext_diver
2026-07-20 05:00:35 | INFO     | Saving at a/skeb/ext_diver-3abfdf.json
2026-07-20 05:00:35 | INFO     | OK https://skeb.jp/api/users/8Je7395
2026-07-20 05:00:35 | INFO     | Saving at a/skeb/8Je7395-731d15.json
2026-07-20 05:00:37 | INFO     | OK https://skeb.jp/api/users/chimney1022
2026-07-20 05:00:37 | INFO     | Saving at a/skeb/chimney1022-f78355.json
2026-07-20 05:00:38 | INFO     | OK https://skeb.jp/api/users/tkd4625
2026-07-20 05:00:38 | INFO     | Saving at a/skeb/tkd4625-00e4bf.json
2026-07-20 05:00:39 | INFO     | OK https://skeb.jp/api/users/kngr_170
2026-07-20 05:00:39 | INFO     | Saving at a/skeb/kngr_170-e74222.json
2026-07-20 05:00:39 | INFO     | OK https://skeb.jp/api/users/kAZV1Gm9MX
2026-07-20 05:00:40 | INFO     | Saving at a/skeb/kAZV1Gm9MX-20e1f9.json
2026-07-20 05:00:40 | INFO     | OK https://skeb.jp/api/users/Wagu_Neru
2026-07-20 05:00:41 | INFO     | Saving at a/skeb/Wagu_Neru-61e27c.json
2026-07-20 05:00:42 | INFO     | OK https://skeb.jp/api/users/rairaidiot
2026-07-20 05:00:42 | INFO     | Saving at a/skeb/rairaidiot-c8b195.json
2026-07-20 05:00:43 | INFO     | OK https://skeb.jp/api/users/hp7y1kyfbjy6
2026-07-20 05:00:43 | INFO     | Saving at a/skeb/hp7y1kyfbjy6-08cfc1.json
2026-07-20 05:00:44 | INFO     | OK https://skeb.jp/api/users/hny_mg_
2026-07-20 05:00:44 | INFO     | Saving at a/skeb/hny_mg_-365204.json
2026-07-20 05:00:44 | INFO     | OK https://skeb.jp/api/users/ItRyr0
2026-07-20 05:00:45 | INFO     | Saving at a/skeb/ItRyr0-bbde35.json
2026-07-20 05:00:46 | INFO     | OK https://skeb.jp/api/users/claN828
2026-07-20 05:00:46 | INFO     | Saving at a/skeb/claN828-d89049.json
2026-07-20 05:00:47 | INFO     | OK https://skeb.jp/api/users/puppirium
2026-07-20 05:00:47 | INFO     | Saving at a/skeb/puppirium-2af216.json
2026-07-20 05:00:48 | INFO     | OK https://skeb.jp/api/users/fuminoyori
2026-07-20 05:00:48 | INFO     | Saving at a/skeb/fuminoyori-7dc56c.json
2026-07-20 05:00:49 | INFO     | OK https://skeb.jp/api/users/__________flim
2026-07-20 05:00:49 | INFO     | Saving at a/skeb/__________flim-997371.json
2026-07-20 05:00:50 | INFO     | OK https://skeb.jp/api/users/Sucre70707
2026-07-20 05:00:50 | INFO     | Saving at a/skeb/Sucre70707-4f21bf.json
2026-07-20 05:00:51 | INFO     | OK https://skeb.jp/api/users/sigure_dd142
2026-07-20 05:00:51 | INFO     | Saving at a/skeb/sigure_dd142-922e63.json
2026-07-20 05:00:52 | INFO     | OK https://skeb.jp/api/users/HatosabureTaka
2026-07-20 05:00:52 | INFO     | Saving at a/skeb/HatosabureTaka-402d09.json
2026-07-20 05:00:53 | INFO     | OK https://skeb.jp/api/users/keto_21g
2026-07-20 05:00:53 | INFO     | Saving at a/skeb/keto_21g-d19054.json
2026-07-20 05:00:54 | INFO     | OK https://skeb.jp/api/users/k_www_com
2026-07-20 05:00:54 | INFO     | Saving at a/skeb/k_www_com-a302fc.json
2026-07-20 05:00:55 | INFO     | OK https://skeb.jp/api/users/tokox105
2026-07-20 05:00:55 | INFO     | Saving at a/skeb/tokox105-e2c0ed.json
2026-07-20 05:00:56 | INFO     | OK https://skeb.jp/api/users/hocorichanxx
2026-07-20 05:00:56 | INFO     | Saving at a/skeb/hocorichanxx-f8b1ad.json
2026-07-20 05:00:57 | INFO     | OK https://skeb.jp/api/users/aropotto_yyp
2026-07-20 05:00:57 | INFO     | Saving at a/skeb/aropotto_yyp-ffc3ea.json
2026-07-20 05:00:58 | INFO     | OK https://skeb.jp/api/users/honda_t360
2026-07-20 05:00:58 | INFO     | Saving at a/skeb/honda_t360-d9bcd2.json
2026-07-20 05:00:59 | INFO     | OK https://skeb.jp/api/users/dream__lands
2026-07-20 05:00:59 | INFO     | Saving at a/skeb/dream__lands-5d1383.json
2026-07-20 05:01:00 | INFO     | OK https://skeb.jp/api/users/musoukyoukou
2026-07-20 05:01:00 | INFO     | Saving at a/skeb/musoukyoukou-eec92d.json
2026-07-20 05:01:01 | INFO     | OK https://skeb.jp/api/users/u2q_s
2026-07-20 05:01:01 | INFO     | Saving at a/skeb/u2q_s-dd2db0.json
2026-07-20 05:01:02 | INFO     | OK https://skeb.jp/api/users/mitekure_35
2026-07-20 05:01:02 | INFO     | Saving at a/skeb/mitekure_35-33e148.json
2026-07-20 05:01:02 | INFO     | OK https://skeb.jp/api/users/masuikura_
2026-07-20 05:01:02 | INFO     | Saving at a/skeb/masuikura_-e790c4.json
2026-07-20 05:01:04 | INFO     | OK https://skeb.jp/api/users/kamiarituki_rin
2026-07-20 05:01:04 | INFO     | Saving at a/skeb/kamiarituki_rin-374545.json
2026-07-20 05:01:05 | INFO     | OK https://skeb.jp/api/users/yawaraka_mukade
2026-07-20 05:01:05 | INFO     | Saving at a/skeb/yawaraka_mukade-26106d.json
2026-07-20 05:01:06 | INFO     | OK https://skeb.jp/api/users/ak976x
2026-07-20 05:01:06 | INFO     | Saving at a/skeb/ak976x-c1cf2e.json
2026-07-20 05:01:07 | INFO     | OK https://skeb.jp/api/users/rai_kw
2026-07-20 05:01:07 | INFO     | Saving at a/skeb/rai_kw-d049c8.json
2026-07-20 05:01:08 | INFO     | OK https://skeb.jp/api/users/myarikuru
2026-07-20 05:01:08 | INFO     | Saving at a/skeb/myarikuru-47c6aa.json
2026-07-20 05:01:09 | INFO     | OK https://skeb.jp/api/users/LemonPEEl2019
2026-07-20 05:01:09 | INFO     | Saving at a/skeb/LemonPEEl2019-715dab.json
2026-07-20 05:01:10 | INFO     | OK https://skeb.jp/api/users/y_ganman2
2026-07-20 05:01:10 | INFO     | Saving at a/skeb/y_ganman2-436444.json
2026-07-20 05:01:11 | INFO     | OK https://skeb.jp/api/users/Hbcr18
2026-07-20 05:01:11 | INFO     | Saving at a/skeb/Hbcr18-fffc0c.json
2026-07-20 05:01:12 | INFO     | OK https://skeb.jp/api/users/yie_rou
2026-07-20 05:01:12 | INFO     | Saving at a/skeb/yie_rou-606945.json
2026-07-20 05:01:13 | INFO     | OK https://skeb.jp/api/users/tokuwat
2026-07-20 05:01:13 | INFO     | Saving at a/skeb/tokuwat-481d45.json
2026-07-20 05:01:14 | INFO     | OK https://skeb.jp/api/users/_gatchu
2026-07-20 05:01:14 | INFO     | Saving at a/skeb/_gatchu-2475d9.json
2026-07-20 05:01:15 | INFO     | OK https://skeb.jp/api/users/10_10_wafu
2026-07-20 05:01:15 | INFO     | Saving at a/skeb/10_10_wafu-ccbcc7.json
2026-07-20 05:01:16 | INFO     | OK https://skeb.jp/api/users/Wakameyogurt
2026-07-20 05:01:16 | INFO     | Saving at a/skeb/Wakameyogurt-13a2a3.json
2026-07-20 05:01:17 | INFO     | OK https://skeb.jp/api/users/Kiiirong
2026-07-20 05:01:17 | INFO     | Saving at a/skeb/Kiiirong-d888a4.json
2026-07-20 05:01:18 | INFO     | OK https://skeb.jp/api/users/kei2468
2026-07-20 05:01:18 | INFO     | Saving at a/skeb/kei2468-9166b3.json
2026-07-20 05:01:19 | INFO     | OK https://skeb.jp/api/users/cacao120olo
2026-07-20 05:01:19 | INFO     | Saving at a/skeb/cacao120olo-eee299.json
2026-07-20 05:01:20 | INFO     | OK https://skeb.jp/api/users/Nezu_Mickey
2026-07-20 05:01:20 | INFO     | Saving at a/skeb/Nezu_Mickey-f7d9bd.json
2026-07-20 05:01:21 | INFO     | OK https://skeb.jp/api/users/gab_dango
2026-07-20 05:01:21 | INFO     | Saving at a/skeb/gab_dango-9050e7.json
2026-07-20 05:01:22 | INFO     | OK https://skeb.jp/api/users/amata_amada08
2026-07-20 05:01:22 | INFO     | Saving at a/skeb/amata_amada08-58ba44.json
2026-07-20 05:01:23 | INFO     | OK https://skeb.jp/api/users/Guopopopon
2026-07-20 05:01:23 | INFO     | Saving at a/skeb/Guopopopon-26e99e.json
2026-07-20 05:01:24 | INFO     | OK https://skeb.jp/api/users/kuzuyu0o0
2026-07-20 05:01:24 | INFO     | Saving at a/skeb/kuzuyu0o0-311c30.json
2026-07-20 05:01:25 | INFO     | OK https://skeb.jp/api/users/NbNbNebikun
2026-07-20 05:01:25 | INFO     | Saving at a/skeb/NbNbNebikun-d6da5e.json
2026-07-20 05:01:26 | INFO     | OK https://skeb.jp/api/users/kyuukyokunod
2026-07-20 05:01:26 | INFO     | Saving at a/skeb/kyuukyokunod-6d4766.json
2026-07-20 05:01:27 | INFO     | OK https://skeb.jp/api/users/klm1511
2026-07-20 05:01:27 | INFO     | Saving at a/skeb/klm1511-712b47.json
2026-07-20 05:01:28 | INFO     | OK https://skeb.jp/api/users/kanade_fuwafuwa
2026-07-20 05:01:28 | INFO     | Saving at a/skeb/kanade_fuwafuwa-e55fe8.json
2026-07-20 05:01:29 | INFO     | OK https://skeb.jp/api/users/hajifuta143
2026-07-20 05:01:29 | INFO     | Saving at a/skeb/hajifuta143-545ed1.json
2026-07-20 05:01:30 | INFO     | OK https://skeb.jp/api/users/elmar_eld
2026-07-20 05:01:30 | INFO     | Saving at a/skeb/elmar_eld-e800a0.json
2026-07-20 05:01:31 | INFO     | OK https://skeb.jp/api/users/murobo_art
2026-07-20 05:01:31 | INFO     | Saving at a/skeb/murobo_art-3689d1.json
2026-07-20 05:01:32 | INFO     | OK https://skeb.jp/api/users/malson_muttsuri
2026-07-20 05:01:32 | INFO     | Saving at a/skeb/malson_muttsuri-420cc8.json
2026-07-20 05:01:33 | INFO     | OK https://skeb.jp/api/users/HNKZ_Illust
2026-07-20 05:01:33 | INFO     | Saving at a/skeb/HNKZ_Illust-0171e9.json
2026-07-20 05:01:34 | INFO     | OK https://skeb.jp/api/users/Nora_Cats_Nyan
2026-07-20 05:01:34 | INFO     | Saving at a/skeb/Nora_Cats_Nyan-82ceb8.json
2026-07-20 05:01:35 | INFO     | OK https://skeb.jp/api/users/Wacc_W
2026-07-20 05:01:35 | INFO     | Saving at a/skeb/Wacc_W-3713d3.json
2026-07-20 05:01:36 | INFO     | OK https://skeb.jp/api/users/arubikabur1
2026-07-20 05:01:36 | INFO     | Saving at a/skeb/arubikabur1-79703a.json
2026-07-20 05:01:37 | INFO     | OK https://skeb.jp/api/users/_LEOpipi_
2026-07-20 05:01:37 | INFO     | Saving at a/skeb/_LEOpipi_-09c375.json
2026-07-20 05:01:38 | INFO     | OK https://skeb.jp/api/users/_Mochamoru_
2026-07-20 05:01:38 | INFO     | Saving at a/skeb/_Mochamoru_-bb3d36.json
2026-07-20 05:01:39 | INFO     | OK https://skeb.jp/api/users/yayoimaka03
2026-07-20 05:01:39 | INFO     | Saving at a/skeb/yayoimaka03-77de7e.json
2026-07-20 05:01:40 | INFO     | OK https://skeb.jp/api/users/snakr_momo
2026-07-20 05:01:40 | INFO     | Saving at a/skeb/snakr_momo-2697cf.json
2026-07-20 05:01:41 | INFO     | OK https://skeb.jp/api/users/rmatsumo10
2026-07-20 05:01:41 | INFO     | Saving at a/skeb/rmatsumo10-581b9d.json
2026-07-20 05:01:42 | INFO     | OK https://skeb.jp/api/users/sanu_az
2026-07-20 05:01:42 | INFO     | Saving at a/skeb/sanu_az-da97c7.json
2026-07-20 05:01:43 | INFO     | OK https://skeb.jp/api/users/Osyaberi_oniku
2026-07-20 05:01:43 | INFO     | Saving at a/skeb/Osyaberi_oniku-4b4536.json
2026-07-20 05:01:44 | INFO     | OK https://skeb.jp/api/users/nj__amx
2026-07-20 05:01:44 | INFO     | Saving at a/skeb/nj__amx-b2e71c.json
2026-07-20 05:01:45 | INFO     | OK https://skeb.jp/api/users/zomCtrpg
2026-07-20 05:01:45 | INFO     | Saving at a/skeb/zomCtrpg-7f1f36.json
2026-07-20 05:01:46 | INFO     | OK https://skeb.jp/api/users/daeyama
2026-07-20 05:01:46 | INFO     | Saving at a/skeb/daeyama-a63cac.json
2026-07-20 05:01:47 | INFO     | OK https://skeb.jp/api/users/nyan_TuT
2026-07-20 05:01:47 | INFO     | Saving at a/skeb/nyan_TuT-1c2c85.json
2026-07-20 05:01:48 | INFO     | OK https://skeb.jp/api/users/koji2082235
2026-07-20 05:01:48 | INFO     | Saving at a/skeb/koji2082235-f134e8.json
2026-07-20 05:01:49 | INFO     | OK https://skeb.jp/api/users/_38uni_
2026-07-20 05:01:49 | INFO     | Saving at a/skeb/_38uni_-d1cbaf.json
2026-07-20 05:01:50 | INFO     | OK https://skeb.jp/api/users/nagashima_l
2026-07-20 05:01:50 | INFO     | Saving at a/skeb/nagashima_l-751ed5.json
2026-07-20 05:01:51 | INFO     | OK https://skeb.jp/api/users/kopperion
2026-07-20 05:01:51 | INFO     | Saving at a/skeb/kopperion-3aee9c.json
2026-07-20 05:01:52 | INFO     | OK https://skeb.jp/api/users/1217ex
2026-07-20 05:01:52 | INFO     | Saving at a/skeb/1217ex-e4bb89.json
2026-07-20 05:01:53 | INFO     | OK https://skeb.jp/api/users/poco0v0
2026-07-20 05:01:53 | INFO     | Saving at a/skeb/poco0v0-270188.json
2026-07-20 05:01:54 | INFO     | OK https://skeb.jp/api/users/moebutadanyo
2026-07-20 05:01:54 | INFO     | Saving at a/skeb/moebutadanyo-90bd6c.json
2026-07-20 05:01:55 | INFO     | OK https://skeb.jp/api/users/ohguro_mariya
2026-07-20 05:01:55 | INFO     | Saving at a/skeb/ohguro_mariya-b12526.json
2026-07-20 05:01:56 | INFO     | OK https://skeb.jp/api/users/Altern8_line
2026-07-20 05:01:56 | INFO     | Saving at a/skeb/Altern8_line-15cf94.json
2026-07-20 05:01:57 | INFO     | OK https://skeb.jp/api/users/taruha_katsudo
2026-07-20 05:01:57 | INFO     | Saving at a/skeb/taruha_katsudo-7cba13.json
2026-07-20 05:01:58 | INFO     | OK https://skeb.jp/api/users/clavis_kz
2026-07-20 05:01:58 | INFO     | Saving at a/skeb/clavis_kz-ba2297.json
2026-07-20 05:01:59 | INFO     | OK https://skeb.jp/api/users/tttt_teya
2026-07-20 05:01:59 | INFO     | Saving at a/skeb/tttt_teya-dc25aa.json
2026-07-20 05:02:00 | INFO     | OK https://skeb.jp/api/users/ruhu_tyoooooo
2026-07-20 05:02:00 | INFO     | Saving at a/skeb/ruhu_tyoooooo-3c777e.json
2026-07-20 05:02:01 | INFO     | OK https://skeb.jp/api/users/888__nigirikobusi
2026-07-20 05:02:01 | INFO     | Saving at a/skeb/888__nigirikobusi-38ca53.json
2026-07-20 05:02:02 | INFO     | OK https://skeb.jp/api/users/numonyat
2026-07-20 05:02:02 | INFO     | Saving at a/skeb/numonyat-b383f8.json
2026-07-20 05:02:03 | INFO     | OK https://skeb.jp/api/users/t7ahi
2026-07-20 05:02:03 | INFO     | Saving at a/skeb/t7ahi-dbc850.json
2026-07-20 05:02:04 | INFO     | OK https://skeb.jp/api/users/aldarsign_honmono
2026-07-20 05:02:04 | INFO     | Saving at a/skeb/aldarsign_honmono-4cfc16.json
2026-07-20 05:02:05 | INFO     | OK https://skeb.jp/api/users/potetip731
2026-07-20 05:02:05 | INFO     | Saving at a/skeb/potetip731-9de29a.json
2026-07-20 05:02:06 | INFO     | OK https://skeb.jp/api/users/ramyaLart
2026-07-20 05:02:06 | INFO     | Saving at a/skeb/ramyaLart-6710e8.json
2026-07-20 05:02:07 | INFO     | OK https://skeb.jp/api/users/AusstellungBild
2026-07-20 05:02:07 | INFO     | Saving at a/skeb/AusstellungBild-98d925.json
2026-07-20 05:02:08 | INFO     | OK https://skeb.jp/api/users/yoshiRAS888
2026-07-20 05:02:08 | INFO     | Saving at a/skeb/yoshiRAS888-6d45ab.json
2026-07-20 05:02:09 | INFO     | OK https://skeb.jp/api/users/syall_gensin613
2026-07-20 05:02:09 | INFO     | Saving at a/skeb/syall_gensin613-b2fdd4.json
2026-07-20 05:02:10 | INFO     | OK https://skeb.jp/api/users/SAZ_LaughMaker
2026-07-20 05:02:10 | INFO     | Saving at a/skeb/SAZ_LaughMaker-08ef5c.json
2026-07-20 05:02:11 | INFO     | OK https://skeb.jp/api/users/haranonegaDoor
2026-07-20 05:02:11 | INFO     | Saving at a/skeb/haranonegaDoor-cd5d78.json
2026-07-20 05:02:12 | INFO     | OK https://skeb.jp/api/users/0kizakura
2026-07-20 05:02:12 | INFO     | Saving at a/skeb/0kizakura-1b5704.json
2026-07-20 05:02:13 | INFO     | OK https://skeb.jp/api/users/GIB__kr3773
2026-07-20 05:02:13 | INFO     | Saving at a/skeb/GIB__kr3773-2f40c8.json
2026-07-20 05:02:14 | INFO     | OK https://skeb.jp/api/users/sskur_a
2026-07-20 05:02:14 | INFO     | Saving at a/skeb/sskur_a-cb60a2.json
2026-07-20 05:02:15 | INFO     | OK https://skeb.jp/api/users/ogumanemu
2026-07-20 05:02:15 | INFO     | Saving at a/skeb/ogumanemu-c6ac69.json
2026-07-20 05:02:16 | INFO     | OK https://skeb.jp/api/users/mejiro4141
2026-07-20 05:02:16 | INFO     | Saving at a/skeb/mejiro4141-c6bcac.json
2026-07-20 05:02:17 | INFO     | OK https://skeb.jp/api/users/bonno_nekochan
2026-07-20 05:02:17 | INFO     | Saving at a/skeb/bonno_nekochan-12cdd1.json
2026-07-20 05:02:18 | INFO     | OK https://skeb.jp/api/users/black_se_sa_mi
2026-07-20 05:02:18 | INFO     | Saving at a/skeb/black_se_sa_mi-a597c3.json
2026-07-20 05:02:19 | INFO     | OK https://skeb.jp/api/users/Emachan
2026-07-20 05:02:19 | INFO     | Saving at a/skeb/Emachan-1a915e.json
2026-07-20 05:02:20 | INFO     | OK https://skeb.jp/api/users/popu
2026-07-20 05:02:20 | INFO     | Saving at a/skeb/popu-db07a0.json
2026-07-20 05:02:21 | INFO     | OK https://skeb.jp/api/users/u_oxalis
2026-07-20 05:02:21 | INFO     | Saving at a/skeb/u_oxalis-87b449.json
2026-07-20 05:02:22 | INFO     | OK https://skeb.jp/api/users/hoshinatsue
2026-07-20 05:02:22 | INFO     | Saving at a/skeb/hoshinatsue-7e0530.json
2026-07-20 05:02:23 | INFO     | OK https://skeb.jp/api/users/cokoacoffee
2026-07-20 05:02:23 | INFO     | Saving at a/skeb/cokoacoffee-842207.json
2026-07-20 05:02:24 | INFO     | OK https://skeb.jp/api/users/TomMukai
2026-07-20 05:02:24 | INFO     | Saving at a/skeb/TomMukai-cfb2f4.json
2026-07-20 05:02:25 | INFO     | OK https://skeb.jp/api/users/sosokona
2026-07-20 05:02:25 | INFO     | Saving at a/skeb/sosokona-522bdb.json
2026-07-20 05:02:26 | INFO     | OK https://skeb.jp/api/users/yosuzu_dragon
2026-07-20 05:02:26 | INFO     | Saving at a/skeb/yosuzu_dragon-cbac6e.json
2026-07-20 05:02:26 | INFO     | OK https://skeb.jp/api/users/hysdeathpani
2026-07-20 05:02:26 | INFO     | Saving at a/skeb/hysdeathpani-3cb25d.json
2026-07-20 05:02:28 | INFO     | OK https://skeb.jp/api/users/Syuwasyuwa614
2026-07-20 05:02:28 | INFO     | Saving at a/skeb/Syuwasyuwa614-1f8569.json
2026-07-20 05:02:29 | INFO     | OK https://skeb.jp/api/users/x_x304
2026-07-20 05:02:29 | INFO     | Saving at a/skeb/x_x304-7b0ad6.json
2026-07-20 05:02:30 | INFO     | OK https://skeb.jp/api/users/pafujojo
2026-07-20 05:02:30 | INFO     | Saving at a/skeb/pafujojo-8064b4.json
2026-07-20 05:02:31 | INFO     | OK https://skeb.jp/api/users/sochin_douji
2026-07-20 05:02:31 | INFO     | Saving at a/skeb/sochin_douji-1373d5.json
2026-07-20 05:02:32 | INFO     | OK https://skeb.jp/api/users/Uo_oUrrrrr_
2026-07-20 05:02:32 | INFO     | Saving at a/skeb/Uo_oUrrrrr_-de7fe4.json
2026-07-20 05:02:33 | INFO     | OK https://skeb.jp/api/users/ruaeru
2026-07-20 05:02:33 | INFO     | Saving at a/skeb/ruaeru-58e510.json
2026-07-20 05:02:34 | INFO     | OK https://skeb.jp/api/users/suimx_
2026-07-20 05:02:34 | INFO     | Saving at a/skeb/suimx_-a264d6.json
2026-07-20 05:02:35 | INFO     | OK https://skeb.jp/api/users/neko_rondao0
2026-07-20 05:02:35 | INFO     | Saving at a/skeb/neko_rondao0-e3167e.json
2026-07-20 05:02:35 | INFO     | OK https://skeb.jp/api/users/yr_ayimonikust
2026-07-20 05:02:35 | INFO     | Saving at a/skeb/yr_ayimonikust-aa6fe4.json
2026-07-20 05:02:37 | INFO     | OK https://skeb.jp/api/users/HouDuKi_H
2026-07-20 05:02:37 | INFO     | Saving at a/skeb/HouDuKi_H-b92fc4.json
2026-07-20 05:02:38 | INFO     | OK https://skeb.jp/api/users/knlnyo
2026-07-20 05:02:38 | INFO     | Saving at a/skeb/knlnyo-bd6012.json
2026-07-20 05:02:39 | INFO     | OK https://skeb.jp/api/users/tktktakada
2026-07-20 05:02:39 | INFO     | Saving at a/skeb/tktktakada-a17d9b.json
2026-07-20 05:02:40 | INFO     | OK https://skeb.jp/api/users/purinithiXX
2026-07-20 05:02:40 | INFO     | Saving at a/skeb/purinithiXX-442197.json
2026-07-20 05:02:41 | INFO     | OK https://skeb.jp/api/users/RobataKuri
2026-07-20 05:02:41 | INFO     | Saving at a/skeb/RobataKuri-e6c2be.json
2026-07-20 05:02:42 | INFO     | OK https://skeb.jp/api/users/batooo_j
2026-07-20 05:02:42 | INFO     | Saving at a/skeb/batooo_j-40992b.json
2026-07-20 05:02:43 | INFO     | OK https://skeb.jp/api/users/a_MANOJAKU_
2026-07-20 05:02:43 | INFO     | Saving at a/skeb/a_MANOJAKU_-d05a08.json
2026-07-20 05:02:44 | INFO     | OK https://skeb.jp/api/users/itimi
2026-07-20 05:02:44 | INFO     | Saving at a/skeb/itimi-f0e704.json
2026-07-20 05:02:45 | INFO     | OK https://skeb.jp/api/users/nnnd8931
2026-07-20 05:02:45 | INFO     | Saving at a/skeb/nnnd8931-a04eae.json
2026-07-20 05:02:46 | INFO     | OK https://skeb.jp/api/users/Lv103000
2026-07-20 05:02:46 | INFO     | Saving at a/skeb/Lv103000-9d3d6b.json
2026-07-20 05:02:47 | INFO     | OK https://skeb.jp/api/users/4_p8w
2026-07-20 05:02:47 | INFO     | Saving at a/skeb/4_p8w-d739ca.json
2026-07-20 05:02:48 | INFO     | OK https://skeb.jp/api/users/sasami2_luv_
2026-07-20 05:02:48 | INFO     | Saving at a/skeb/sasami2_luv_-da82df.json
2026-07-20 05:02:48 | INFO     | OK https://skeb.jp/api/users/umuuuoO
2026-07-20 05:02:48 | INFO     | Saving at a/skeb/umuuuoO-0c12e2.json
2026-07-20 05:02:50 | INFO     | OK https://skeb.jp/api/users/8888_mugen
2026-07-20 05:02:50 | INFO     | Saving at a/skeb/8888_mugen-027073.json
2026-07-20 05:02:51 | INFO     | OK https://skeb.jp/api/users/megituzi
2026-07-20 05:02:51 | INFO     | Saving at a/skeb/megituzi-611af5.json
2026-07-20 05:02:52 | INFO     | OK https://skeb.jp/api/users/kin_oei
2026-07-20 05:02:52 | INFO     | Saving at a/skeb/kin_oei-d6591e.json
2026-07-20 05:02:53 | INFO     | OK https://skeb.jp/api/users/u_n_diavolo_
2026-07-20 05:02:53 | INFO     | Saving at a/skeb/u_n_diavolo_-b32f4a.json
2026-07-20 05:02:54 | INFO     | OK https://skeb.jp/api/users/takapachi_com
2026-07-20 05:02:54 | INFO     | Saving at a/skeb/takapachi_com-5b4947.json
2026-07-20 05:02:55 | INFO     | OK https://skeb.jp/api/users/afulofuwafuwa
2026-07-20 05:02:55 | INFO     | Saving at a/skeb/afulofuwafuwa-6300d3.json
2026-07-20 05:02:56 | INFO     | OK https://skeb.jp/api/users/s_seira
2026-07-20 05:02:56 | INFO     | Saving at a/skeb/s_seira-91ed7b.json
2026-07-20 05:02:57 | INFO     | OK https://skeb.jp/api/users/us2_uoxo
2026-07-20 05:02:57 | INFO     | Saving at a/skeb/us2_uoxo-092daf.json
2026-07-20 05:02:58 | INFO     | OK https://skeb.jp/api/users/cold_igarashi
2026-07-20 05:02:58 | INFO     | Saving at a/skeb/cold_igarashi-22b5e4.json
2026-07-20 05:02:59 | INFO     | OK https://skeb.jp/api/users/merona_0914
2026-07-20 05:02:59 | INFO     | Saving at a/skeb/merona_0914-6859ea.json
2026-07-20 05:03:00 | INFO     | OK https://skeb.jp/api/users/mof063
2026-07-20 05:03:00 | INFO     | Saving at a/skeb/mof063-e29566.json
2026-07-20 05:03:01 | INFO     | OK https://skeb.jp/api/users/hkywymzk
2026-07-20 05:03:01 | INFO     | Saving at a/skeb/hkywymzk-723a19.json
2026-07-20 05:03:02 | INFO     | OK https://skeb.jp/api/users/sichinotuki
2026-07-20 05:03:02 | INFO     | Saving at a/skeb/sichinotuki-bb4418.json
2026-07-20 05:03:03 | INFO     | OK https://skeb.jp/api/users/Vancho_Vakurets
2026-07-20 05:03:03 | INFO     | Saving at a/skeb/Vancho_Vakurets-a40db8.json
2026-07-20 05:03:04 | INFO     | OK https://skeb.jp/api/users/gyuunyuukeepaa
2026-07-20 05:03:04 | INFO     | Saving at a/skeb/gyuunyuukeepaa-34a854.json
2026-07-20 05:03:05 | INFO     | OK https://skeb.jp/api/users/UCYAhello
2026-07-20 05:03:05 | INFO     | Saving at a/skeb/UCYAhello-b95851.json
2026-07-20 05:03:06 | INFO     | OK https://skeb.jp/api/users/tsukinonishiki
2026-07-20 05:03:06 | INFO     | Saving at a/skeb/tsukinonishiki-6f434d.json
2026-07-20 05:03:07 | INFO     | OK https://skeb.jp/api/users/TOWA_TOA
2026-07-20 05:03:07 | INFO     | Saving at a/skeb/TOWA_TOA-c8fb32.json
2026-07-20 05:03:08 | INFO     | OK https://skeb.jp/api/users/hokkoinu
2026-07-20 05:03:08 | INFO     | Saving at a/skeb/hokkoinu-2e5ad7.json
2026-07-20 05:03:09 | INFO     | OK https://skeb.jp/api/users/mofumofu_nyaro
2026-07-20 05:03:09 | INFO     | Saving at a/skeb/mofumofu_nyaro-09e069.json
2026-07-20 05:03:10 | INFO     | OK https://skeb.jp/api/users/pochiiro_
2026-07-20 05:03:10 | INFO     | Saving at a/skeb/pochiiro_-8abe2a.json
2026-07-20 05:03:11 | INFO     | OK https://skeb.jp/api/users/z_z__Z_cat
2026-07-20 05:03:11 | INFO     | Saving at a/skeb/z_z__Z_cat-05572e.json
2026-07-20 05:03:12 | INFO     | OK https://skeb.jp/api/users/makarongo
2026-07-20 05:03:12 | INFO     | Saving at a/skeb/makarongo-9fbf9c.json
2026-07-20 05:03:13 | INFO     | OK https://skeb.jp/api/users/new_liminal
2026-07-20 05:03:13 | INFO     | Saving at a/skeb/new_liminal-f60cb2.json
2026-07-20 05:03:14 | INFO     | OK https://skeb.jp/api/users/8taraka7i
2026-07-20 05:03:14 | INFO     | Saving at a/skeb/8taraka7i-cf9c13.json
2026-07-20 05:03:15 | INFO     | OK https://skeb.jp/api/users/yuurei_01
2026-07-20 05:03:15 | INFO     | Saving at a/skeb/yuurei_01-0b07e9.json
2026-07-20 05:03:16 | INFO     | OK https://skeb.jp/api/users/10g_rrd
2026-07-20 05:03:16 | INFO     | Saving at a/skeb/10g_rrd-e2cd05.json
2026-07-20 05:03:17 | INFO     | OK https://skeb.jp/api/users/sousaku467g
2026-07-20 05:03:17 | INFO     | Saving at a/skeb/sousaku467g-e455cc.json
2026-07-20 05:03:18 | INFO     | OK https://skeb.jp/api/users/kuma_skeb
2026-07-20 05:03:18 | INFO     | Saving at a/skeb/kuma_skeb-5c18a3.json
2026-07-20 05:03:19 | INFO     | OK https://skeb.jp/api/users/HP0_Unknown
2026-07-20 05:03:19 | INFO     | Saving at a/skeb/HP0_Unknown-806be3.json
2026-07-20 05:03:20 | INFO     | OK https://skeb.jp/api/users/kasuteraSugar
2026-07-20 05:03:20 | INFO     | Saving at a/skeb/kasuteraSugar-200f12.json
2026-07-20 05:03:21 | INFO     | OK https://skeb.jp/api/users/kakeri247
2026-07-20 05:03:21 | INFO     | Saving at a/skeb/kakeri247-249b67.json
2026-07-20 05:03:22 | INFO     | OK https://skeb.jp/api/users/KEIKONICS
2026-07-20 05:03:22 | INFO     | Saving at a/skeb/KEIKONICS-a20d40.json
2026-07-20 05:03:23 | INFO     | OK https://skeb.jp/api/users/Hotch_Pochi
2026-07-20 05:03:23 | INFO     | Saving at a/skeb/Hotch_Pochi-b1b93e.json
2026-07-20 05:03:24 | INFO     | OK https://skeb.jp/api/users/985elmfss
2026-07-20 05:03:24 | INFO     | Saving at a/skeb/985elmfss-7605c7.json
2026-07-20 05:03:25 | INFO     | OK https://skeb.jp/api/users/DOBESUKE_X
2026-07-20 05:03:25 | INFO     | Saving at a/skeb/DOBESUKE_X-6b3c5b.json
2026-07-20 05:03:26 | INFO     | OK https://skeb.jp/api/users/rednight_dd
2026-07-20 05:03:26 | INFO     | Saving at a/skeb/rednight_dd-62d56d.json
2026-07-20 05:03:27 | INFO     | OK https://skeb.jp/api/users/n_kumoemon
2026-07-20 05:03:27 | INFO     | Saving at a/skeb/n_kumoemon-27f0bd.json
2026-07-20 05:03:28 | INFO     | OK https://skeb.jp/api/users/norure096
2026-07-20 05:03:28 | INFO     | Saving at a/skeb/norure096-1dc566.json
2026-07-20 05:03:29 | INFO     | OK https://skeb.jp/api/users/mikuruMiO
2026-07-20 05:03:29 | INFO     | Saving at a/skeb/mikuruMiO-c214bf.json
2026-07-20 05:03:30 | INFO     | OK https://skeb.jp/api/users/kagaruru_113
2026-07-20 05:03:30 | INFO     | Saving at a/skeb/kagaruru_113-83b093.json
2026-07-20 05:03:31 | INFO     | OK https://skeb.jp/api/users/grgrton
2026-07-20 05:03:31 | INFO     | Saving at a/skeb/grgrton-533673.json
2026-07-20 05:03:32 | INFO     | OK https://skeb.jp/api/users/yusa_yuyu
2026-07-20 05:03:32 | INFO     | Saving at a/skeb/yusa_yuyu-f8d867.json
2026-07-20 05:03:33 | INFO     | OK https://skeb.jp/api/users/eternal_PUWAWA
2026-07-20 05:03:33 | INFO     | Saving at a/skeb/eternal_PUWAWA-a98d4e.json
2026-07-20 05:03:34 | INFO     | OK https://skeb.jp/api/users/osora0130
2026-07-20 05:03:34 | INFO     | Saving at a/skeb/osora0130-6c5dd4.json
2026-07-20 05:03:35 | INFO     | OK https://skeb.jp/api/users/_ghost_bunny_1
2026-07-20 05:03:35 | INFO     | Saving at a/skeb/_ghost_bunny_1-6c73f0.json
2026-07-20 05:03:36 | INFO     | OK https://skeb.jp/api/users/sangeriya
2026-07-20 05:03:36 | INFO     | Saving at a/skeb/sangeriya-97fc34.json
2026-07-20 05:03:37 | INFO     | OK https://skeb.jp/api/users/720n
2026-07-20 05:03:37 | INFO     | Saving at a/skeb/720n-b32924.json
2026-07-20 05:03:38 | INFO     | OK https://skeb.jp/api/users/totemo_atsui
2026-07-20 05:03:38 | INFO     | Saving at a/skeb/totemo_atsui-aca972.json
2026-07-20 05:03:39 | INFO     | OK https://skeb.jp/api/users/llllll__iiil
2026-07-20 05:03:39 | INFO     | Saving at a/skeb/llllll__iiil-b15378.json
2026-07-20 05:03:40 | INFO     | OK https://skeb.jp/api/users/aono_nasi3
2026-07-20 05:03:40 | INFO     | Saving at a/skeb/aono_nasi3-b10ddf.json
2026-07-20 05:03:41 | INFO     | OK https://skeb.jp/api/users/tihagura
2026-07-20 05:03:41 | INFO     | Saving at a/skeb/tihagura-d4f2ff.json
2026-07-20 05:03:42 | INFO     | OK https://skeb.jp/api/users/NusasameSane
2026-07-20 05:03:42 | INFO     | Saving at a/skeb/NusasameSane-e677af.json
2026-07-20 05:03:43 | INFO     | OK https://skeb.jp/api/users/Sjtih9hMzX
2026-07-20 05:03:43 | INFO     | Saving at a/skeb/Sjtih9hMzX-17eeb3.json
2026-07-20 05:03:44 | INFO     | OK https://skeb.jp/api/users/shu__aaa00
2026-07-20 05:03:44 | INFO     | Saving at a/skeb/shu__aaa00-a1b774.json
2026-07-20 05:03:45 | INFO     | OK https://skeb.jp/api/users/rainboots02
2026-07-20 05:03:45 | INFO     | Saving at a/skeb/rainboots02-aef917.json
2026-07-20 05:03:46 | INFO     | OK https://skeb.jp/api/users/shiro_f
2026-07-20 05:03:46 | INFO     | Saving at a/skeb/shiro_f-5f401a.json
2026-07-20 05:03:47 | INFO     | OK https://skeb.jp/api/users/roieoekaki
2026-07-20 05:03:47 | INFO     | Saving at a/skeb/roieoekaki-3509fb.json
2026-07-20 05:03:48 | INFO     | OK https://skeb.jp/api/users/tamagooishiizo
2026-07-20 05:03:48 | INFO     | Saving at a/skeb/tamagooishiizo-6958fd.json
2026-07-20 05:03:49 | INFO     | OK https://skeb.jp/api/users/natsu_ya_mugi
2026-07-20 05:03:49 | INFO     | Saving at a/skeb/natsu_ya_mugi-e927a0.json
2026-07-20 05:03:50 | INFO     | OK https://skeb.jp/api/users/A_Candy_X_X
2026-07-20 05:03:50 | INFO     | Saving at a/skeb/A_Candy_X_X-d50251.json
2026-07-20 05:03:51 | INFO     | OK https://skeb.jp/api/users/0625tuki
2026-07-20 05:03:51 | INFO     | Saving at a/skeb/0625tuki-631feb.json
2026-07-20 05:03:52 | INFO     | OK https://skeb.jp/api/users/2waco15
2026-07-20 05:03:52 | INFO     | Saving at a/skeb/2waco15-390c33.json
2026-07-20 05:03:53 | INFO     | OK https://skeb.jp/api/users/pmoxno
2026-07-20 05:03:53 | INFO     | Saving at a/skeb/pmoxno-c8f897.json
2026-07-20 05:03:54 | INFO     | OK https://skeb.jp/api/users/sAsAsAsAk_O
2026-07-20 05:03:54 | INFO     | Saving at a/skeb/sAsAsAsAk_O-2d4ae7.json
2026-07-20 05:03:55 | INFO     | OK https://skeb.jp/api/users/jin_morisono
2026-07-20 05:03:55 | INFO     | Saving at a/skeb/jin_morisono-ce12fa.json
2026-07-20 05:03:56 | INFO     | OK https://skeb.jp/api/users/toshirou9
2026-07-20 05:03:56 | INFO     | Saving at a/skeb/toshirou9-dd4c25.json
2026-07-20 05:03:57 | INFO     | OK https://skeb.jp/api/users/3kado_0303
2026-07-20 05:03:57 | INFO     | Saving at a/skeb/3kado_0303-0f7a4d.json
2026-07-20 05:03:58 | INFO     | OK https://skeb.jp/api/users/honoca6190
2026-07-20 05:03:58 | INFO     | Saving at a/skeb/honoca6190-9a1f27.json
2026-07-20 05:03:59 | INFO     | OK https://skeb.jp/api/users/mtsm450
2026-07-20 05:03:59 | INFO     | Saving at a/skeb/mtsm450-d4fd84.json
2026-07-20 05:04:00 | INFO     | OK https://skeb.jp/api/users/umino_yuki
2026-07-20 05:04:00 | INFO     | Saving at a/skeb/umino_yuki-a9fb73.json
2026-07-20 05:04:01 | INFO     | OK https://skeb.jp/api/users/zombieskick
2026-07-20 05:04:01 | INFO     | Saving at a/skeb/zombieskick-303023.json
2026-07-20 05:04:02 | INFO     | OK https://skeb.jp/api/users/echi_echi_tk
2026-07-20 05:04:02 | INFO     | Saving at a/skeb/echi_echi_tk-a6c83d.json
2026-07-20 05:04:03 | INFO     | OK https://skeb.jp/api/users/katabi_00
2026-07-20 05:04:03 | INFO     | Saving at a/skeb/katabi_00-312a21.json
2026-07-20 05:04:04 | INFO     | OK https://skeb.jp/api/users/mashiro_v_046
2026-07-20 05:04:04 | INFO     | Saving at a/skeb/mashiro_v_046-8e7ebe.json
2026-07-20 05:04:05 | INFO     | OK https://skeb.jp/api/users/vanpguma
2026-07-20 05:04:05 | INFO     | Saving at a/skeb/vanpguma-d1488c.json
2026-07-20 05:04:06 | INFO     | OK https://skeb.jp/api/users/isoginchaku2go
2026-07-20 05:04:06 | INFO     | Saving at a/skeb/isoginchaku2go-0c8387.json
2026-07-20 05:04:07 | INFO     | OK https://skeb.jp/api/users/henkattball
2026-07-20 05:04:07 | INFO     | Saving at a/skeb/henkattball-e27804.json
2026-07-20 05:04:08 | INFO     | OK https://skeb.jp/api/users/taltal_illust
2026-07-20 05:04:08 | INFO     | Saving at a/skeb/taltal_illust-658a09.json
2026-07-20 05:04:09 | INFO     | OK https://skeb.jp/api/users/M___nme
2026-07-20 05:04:09 | INFO     | Saving at a/skeb/M___nme-efe5de.json
2026-07-20 05:04:10 | INFO     | OK https://skeb.jp/api/users/s90jiIQO2xf0Fk5
2026-07-20 05:04:10 | INFO     | Saving at a/skeb/s90jiIQO2xf0Fk5-c8875a.json
2026-07-20 05:04:11 | INFO     | OK https://skeb.jp/api/users/siguleNSFW
2026-07-20 05:04:11 | INFO     | Saving at a/skeb/siguleNSFW-3864f8.json
2026-07-20 05:04:12 | INFO     | OK https://skeb.jp/api/users/yaaaaaaaaaamoto
2026-07-20 05:04:12 | INFO     | Saving at a/skeb/yaaaaaaaaaamoto-e2994b.json
2026-07-20 05:04:13 | INFO     | OK https://skeb.jp/api/users/Tako_ya2
2026-07-20 05:04:13 | INFO     | Saving at a/skeb/Tako_ya2-e4c89d.json
2026-07-20 05:04:14 | INFO     | OK https://skeb.jp/api/users/ayuthi007
2026-07-20 05:04:14 | INFO     | Saving at a/skeb/ayuthi007-9edfd1.json
2026-07-20 05:04:15 | INFO     | OK https://skeb.jp/api/users/yamato_mp
2026-07-20 05:04:15 | INFO     | Saving at a/skeb/yamato_mp-fbfc67.json
2026-07-20 05:04:16 | INFO     | OK https://skeb.jp/api/users/kutabe134
2026-07-20 05:04:16 | INFO     | Saving at a/skeb/kutabe134-538225.json
2026-07-20 05:04:17 | INFO     | OK https://skeb.jp/api/users/frag_0416
2026-07-20 05:04:17 | INFO     | Saving at a/skeb/frag_0416-1f1cd7.json
2026-07-20 05:04:18 | INFO     | OK https://skeb.jp/api/users/Kusamochio
2026-07-20 05:04:18 | INFO     | Saving at a/skeb/Kusamochio-f44bf4.json
2026-07-20 05:04:19 | INFO     | OK https://skeb.jp/api/users/Fujio9054
2026-07-20 05:04:19 | INFO     | Saving at a/skeb/Fujio9054-7982d0.json
2026-07-20 05:04:20 | INFO     | OK https://skeb.jp/api/users/Teru_Cats
2026-07-20 05:04:20 | INFO     | Saving at a/skeb/Teru_Cats-cf4590.json
2026-07-20 05:04:21 | INFO     | OK https://skeb.jp/api/users/hotaldako
2026-07-20 05:04:21 | INFO     | Saving at a/skeb/hotaldako-7baa39.json
2026-07-20 05:04:22 | INFO     | OK https://skeb.jp/api/users/azurelapiiis
2026-07-20 05:04:22 | INFO     | Saving at a/skeb/azurelapiiis-3f09f8.json
2026-07-20 05:04:23 | INFO     | OK https://skeb.jp/api/users/str_trpg
2026-07-20 05:04:23 | INFO     | Saving at a/skeb/str_trpg-4afbaf.json
2026-07-20 05:04:24 | INFO     | OK https://skeb.jp/api/users/emicha2001
2026-07-20 05:04:24 | INFO     | Saving at a/skeb/emicha2001-023351.json
2026-07-20 05:04:25 | INFO     | OK https://skeb.jp/api/users/air22
2026-07-20 05:04:25 | INFO     | Saving at a/skeb/air22-fde4b8.json
2026-07-20 05:04:26 | INFO     | OK https://skeb.jp/api/users/yorinoa
2026-07-20 05:04:26 | INFO     | Saving at a/skeb/yorinoa-3c1dee.json
2026-07-20 05:04:27 | INFO     | OK https://skeb.jp/api/users/genshin_ddkdk
2026-07-20 05:04:27 | INFO     | Saving at a/skeb/genshin_ddkdk-f29484.json
2026-07-20 05:04:28 | INFO     | OK https://skeb.jp/api/users/otyamambo88
2026-07-20 05:04:28 | INFO     | Saving at a/skeb/otyamambo88-270531.json
2026-07-20 05:04:29 | INFO     | OK https://skeb.jp/api/users/osakanafish23
2026-07-20 05:04:29 | INFO     | Saving at a/skeb/osakanafish23-5baa3b.json
2026-07-20 05:04:30 | INFO     | OK https://skeb.jp/api/users/ko_yu_i22
2026-07-20 05:04:30 | INFO     | Saving at a/skeb/ko_yu_i22-a8e3b9.json
2026-07-20 05:04:31 | INFO     | OK https://skeb.jp/api/users/tuyu_haruki_
2026-07-20 05:04:31 | INFO     | Saving at a/skeb/tuyu_haruki_-802560.json
2026-07-20 05:04:32 | INFO     | OK https://skeb.jp/api/users/pkb__02
2026-07-20 05:04:32 | INFO     | Saving at a/skeb/pkb__02-8473e3.json
2026-07-20 05:04:33 | INFO     | OK https://skeb.jp/api/users/nana178
2026-07-20 05:04:33 | INFO     | Saving at a/skeb/nana178-baf4e2.json
2026-07-20 05:04:34 | INFO     | OK https://skeb.jp/api/users/kklloo1
2026-07-20 05:04:34 | INFO     | Saving at a/skeb/kklloo1-02f92f.json
2026-07-20 05:04:35 | INFO     | OK https://skeb.jp/api/users/denmaru2
2026-07-20 05:04:35 | INFO     | Saving at a/skeb/denmaru2-867976.json
2026-07-20 05:04:36 | INFO     | OK https://skeb.jp/api/users/ma_tsukasa
2026-07-20 05:04:36 | INFO     | Saving at a/skeb/ma_tsukasa-25e1b3.json
2026-07-20 05:04:37 | INFO     | OK https://skeb.jp/api/users/mano_ries
2026-07-20 05:04:37 | INFO     | Saving at a/skeb/mano_ries-6ea73c.json
2026-07-20 05:04:38 | INFO     | OK https://skeb.jp/api/users/Shiraiwa_Usagi
2026-07-20 05:04:38 | INFO     | Saving at a/skeb/Shiraiwa_Usagi-46e306.json
2026-07-20 05:04:39 | INFO     | OK https://skeb.jp/api/users/h_n_k_u
2026-07-20 05:04:39 | INFO     | Saving at a/skeb/h_n_k_u-4e35ca.json
2026-07-20 05:04:40 | INFO     | OK https://skeb.jp/api/users/yua_o0
2026-07-20 05:04:40 | INFO     | Saving at a/skeb/yua_o0-27ad5d.json
2026-07-20 05:04:41 | INFO     | OK https://skeb.jp/api/users/377_Yuki
2026-07-20 05:04:41 | INFO     | Saving at a/skeb/377_Yuki-a95343.json
2026-07-20 05:04:42 | INFO     | OK https://skeb.jp/api/users/Ota9
2026-07-20 05:04:42 | INFO     | Saving at a/skeb/Ota9-35818b.json
2026-07-20 05:04:43 | INFO     | OK https://skeb.jp/api/users/_cab8d9_
2026-07-20 05:04:43 | INFO     | Saving at a/skeb/_cab8d9_-e0f27c.json
2026-07-20 05:04:44 | INFO     | OK https://skeb.jp/api/users/ni_tamagoEX
2026-07-20 05:04:44 | INFO     | Saving at a/skeb/ni_tamagoEX-fd0138.json
2026-07-20 05:04:45 | INFO     | OK https://skeb.jp/api/users/xxzaco_box
2026-07-20 05:04:45 | INFO     | Saving at a/skeb/xxzaco_box-136a0c.json
2026-07-20 05:04:46 | INFO     | OK https://skeb.jp/api/users/43CTW
2026-07-20 05:04:46 | INFO     | Saving at a/skeb/43CTW-521a64.json
2026-07-20 05:04:47 | INFO     | OK https://skeb.jp/api/users/misogram
2026-07-20 05:04:47 | INFO     | Saving at a/skeb/misogram-13e558.json
2026-07-20 05:04:48 | INFO     | OK https://skeb.jp/api/users/d0zero2
2026-07-20 05:04:48 | INFO     | Saving at a/skeb/d0zero2-ed627c.json
2026-07-20 05:04:49 | INFO     | OK https://skeb.jp/api/users/ponpokotanutan1
2026-07-20 05:04:49 | INFO     | Saving at a/skeb/ponpokotanutan1-ef81ba.json
2026-07-20 05:04:50 | INFO     | OK https://skeb.jp/api/users/daidaihuku_
2026-07-20 05:04:50 | INFO     | Saving at a/skeb/daidaihuku_-95c638.json
2026-07-20 05:04:51 | INFO     | OK https://skeb.jp/api/users/huruhuru979
2026-07-20 05:04:51 | INFO     | Saving at a/skeb/huruhuru979-f478ca.json
2026-07-20 05:04:52 | INFO     | OK https://skeb.jp/api/users/mu_sub1185
2026-07-20 05:04:52 | INFO     | Saving at a/skeb/mu_sub1185-fd52e8.json
2026-07-20 05:04:53 | INFO     | OK https://skeb.jp/api/users/mlsn_2
2026-07-20 05:04:53 | INFO     | Saving at a/skeb/mlsn_2-d2be37.json
2026-07-20 05:04:54 | INFO     | OK https://skeb.jp/api/users/hinegai_64
2026-07-20 05:04:54 | INFO     | Saving at a/skeb/hinegai_64-a43200.json
2026-07-20 05:04:55 | INFO     | OK https://skeb.jp/api/users/htnnm_2
2026-07-20 05:04:55 | INFO     | Saving at a/skeb/htnnm_2-58e147.json
2026-07-20 05:04:56 | INFO     | OK https://skeb.jp/api/users/salmonkomaku
2026-07-20 05:04:56 | INFO     | Saving at a/skeb/salmonkomaku-d9663d.json
2026-07-20 05:04:57 | INFO     | OK https://skeb.jp/api/users/nazuna_higurasi
2026-07-20 05:04:57 | INFO     | Saving at a/skeb/nazuna_higurasi-c37ac2.json
2026-07-20 05:04:58 | INFO     | OK https://skeb.jp/api/users/Touvasketch
2026-07-20 05:04:58 | INFO     | Saving at a/skeb/Touvasketch-d08410.json
2026-07-20 05:04:59 | INFO     | OK https://skeb.jp/api/users/tore__888
2026-07-20 05:04:59 | INFO     | Saving at a/skeb/tore__888-b4a19a.json
2026-07-20 05:05:00 | INFO     | OK https://skeb.jp/api/users/uisorasakuta
2026-07-20 05:05:00 | INFO     | Saving at a/skeb/uisorasakuta-c34a17.json
2026-07-20 05:05:01 | INFO     | OK https://skeb.jp/api/users/shiromachi94
2026-07-20 05:05:01 | INFO     | Saving at a/skeb/shiromachi94-197aaa.json
2026-07-20 05:05:02 | INFO     | OK https://skeb.jp/api/users/axley_plus
2026-07-20 05:05:02 | INFO     | Saving at a/skeb/axley_plus-6a132a.json
2026-07-20 05:05:03 | INFO     | OK https://skeb.jp/api/users/goriro9999
2026-07-20 05:05:03 | INFO     | Saving at a/skeb/goriro9999-95c7d6.json
2026-07-20 05:05:04 | INFO     | OK https://skeb.jp/api/users/kinetamu_illust
2026-07-20 05:05:04 | INFO     | Saving at a/skeb/kinetamu_illust-f03f6e.json
2026-07-20 05:05:05 | INFO     | OK https://skeb.jp/api/users/p_uni330
2026-07-20 05:05:05 | INFO     | Saving at a/skeb/p_uni330-c1c195.json
2026-07-20 05:05:06 | INFO     | OK https://skeb.jp/api/users/miyako_miyo
2026-07-20 05:05:06 | INFO     | Saving at a/skeb/miyako_miyo-164293.json
2026-07-20 05:05:07 | INFO     | OK https://skeb.jp/api/users/kageharu3
2026-07-20 05:05:07 | INFO     | Saving at a/skeb/kageharu3-7af701.json
2026-07-20 05:05:08 | INFO     | OK https://skeb.jp/api/users/kawataretoki18
2026-07-20 05:05:08 | INFO     | Saving at a/skeb/kawataretoki18-21414d.json
2026-07-20 05:05:09 | INFO     | OK https://skeb.jp/api/users/iiononitijo
2026-07-20 05:05:09 | INFO     | Saving at a/skeb/iiononitijo-d74ee5.json
2026-07-20 05:05:10 | INFO     | OK https://skeb.jp/api/users/jagabokkuru7777
2026-07-20 05:05:10 | INFO     | Saving at a/skeb/jagabokkuru7777-3d8ed2.json
2026-07-20 05:05:11 | INFO     | OK https://skeb.jp/api/users/ken_akai__
2026-07-20 05:05:11 | INFO     | Saving at a/skeb/ken_akai__-6be156.json
2026-07-20 05:05:12 | INFO     | OK https://skeb.jp/api/users/Tensi_A_oyAsumI
2026-07-20 05:05:12 | INFO     | Saving at a/skeb/Tensi_A_oyAsumI-76c92d.json
2026-07-20 05:05:13 | INFO     | OK https://skeb.jp/api/users/teliemu190
2026-07-20 05:05:13 | INFO     | Saving at a/skeb/teliemu190-febf38.json
2026-07-20 05:05:14 | INFO     | OK https://skeb.jp/api/users/Cokurei469
2026-07-20 05:05:14 | INFO     | Saving at a/skeb/Cokurei469-082bcf.json
2026-07-20 05:05:15 | INFO     | OK https://skeb.jp/api/users/mmmmm_088
2026-07-20 05:05:15 | INFO     | Saving at a/skeb/mmmmm_088-6acb09.json
2026-07-20 05:05:16 | INFO     | OK https://skeb.jp/api/users/wharuwolf_0702
2026-07-20 05:05:16 | INFO     | Saving at a/skeb/wharuwolf_0702-e31141.json
2026-07-20 05:05:17 | INFO     | OK https://skeb.jp/api/users/zyarame
2026-07-20 05:05:17 | INFO     | Saving at a/skeb/zyarame-aa4c96.json
2026-07-20 05:05:18 | INFO     | OK https://skeb.jp/api/users/kibami0609
2026-07-20 05:05:18 | INFO     | Saving at a/skeb/kibami0609-ed02aa.json
2026-07-20 05:05:19 | INFO     | OK https://skeb.jp/api/users/mikaduki5
2026-07-20 05:05:19 | INFO     | Saving at a/skeb/mikaduki5-8e3791.json
2026-07-20 05:05:20 | INFO     | OK https://skeb.jp/api/users/kaji2000_
2026-07-20 05:05:20 | INFO     | Saving at a/skeb/kaji2000_-275835.json
2026-07-20 05:05:21 | INFO     | OK https://skeb.jp/api/users/Koppepan_agp
2026-07-20 05:05:21 | INFO     | Saving at a/skeb/Koppepan_agp-888d53.json
2026-07-20 05:05:22 | INFO     | OK https://skeb.jp/api/users/ruu_hh
2026-07-20 05:05:22 | INFO     | Saving at a/skeb/ruu_hh-cc226c.json
2026-07-20 05:05:23 | INFO     | OK https://skeb.jp/api/users/4_kyuu31
2026-07-20 05:05:23 | INFO     | Saving at a/skeb/4_kyuu31-daa40d.json
2026-07-20 05:05:24 | INFO     | OK https://skeb.jp/api/users/39ra_______
2026-07-20 05:05:24 | INFO     | Saving at a/skeb/39ra_______-2fe98c.json
2026-07-20 05:05:25 | INFO     | OK https://skeb.jp/api/users/kurotetete2
2026-07-20 05:05:25 | INFO     | Saving at a/skeb/kurotetete2-952e8f.json
2026-07-20 05:05:26 | INFO     | OK https://skeb.jp/api/users/_fuyunoaki
2026-07-20 05:05:26 | INFO     | Saving at a/skeb/_fuyunoaki-4725f5.json
2026-07-20 05:05:27 | INFO     | OK https://skeb.jp/api/users/umisida
2026-07-20 05:05:27 | INFO     | Saving at a/skeb/umisida-0e23a4.json
2026-07-20 05:05:28 | INFO     | OK https://skeb.jp/api/users/kuru2pantu
2026-07-20 05:05:28 | INFO     | Saving at a/skeb/kuru2pantu-98c64c.json
2026-07-20 05:05:29 | INFO     | OK https://skeb.jp/api/users/ADoX8xAJy264595
2026-07-20 05:05:29 | INFO     | Saving at a/skeb/ADoX8xAJy264595-714111.json
2026-07-20 05:05:30 | INFO     | OK https://skeb.jp/api/users/hozuki0708
2026-07-20 05:05:30 | INFO     | Saving at a/skeb/hozuki0708-235ab2.json
2026-07-20 05:05:30 | INFO     |  --- SUMMARY REPORT --- 
  Sources Retreived    : 3504
  Profiles Fetched     : 3504
  Profile Missing      : 0
  Profile Rate Limited : 0
  Profile Error Others : 0

2026-07-20 05:05:30 | INFO     | Started creating static api data.
2026-07-20 05:07:17 | INFO     | Album index written to a/albums/index.json (380 albums)
