2026-09-14 03:36:23 | INFO     | Initialized Data Store.
2026-09-14 03:36:23 | INFO     | Homepage GET status=200 (attempt 1/3)
2026-09-14 03:36:23 | WARNING  | request_key not found in homepage HTML (status=200).
2026-09-14 03:36:23 | INFO     | SkebClient ready (impersonate=chrome120, rate=1.0/s, concurrency=10, max_runtime=10800s)
2026-09-14 03:36:24 | INFO     | Album source: loaded 3242 entries from https://raw.githubusercontent.com/Elfiawesome/skeb-archiver/refs/heads/main/bookmark/twitter-finds.md (album=twitter-finds)
2026-09-14 03:36:24 | INFO     | Ready to scrape 3242 items
2026-09-14 03:36:24 | INFO     | OK https://skeb.jp/api/users/oyanokonosuke
2026-09-14 03:36:24 | INFO     | Saving at a/skeb/oyanokonosuke-db4bec.json
2026-09-14 03:36:25 | INFO     | OK https://skeb.jp/api/users/KUNAHANLOVE
2026-09-14 03:36:25 | INFO     | Saving at a/skeb/KUNAHANLOVE-85b5ce.json
2026-09-14 03:36:26 | INFO     | OK https://skeb.jp/api/users/mirinngomaabura
2026-09-14 03:36:26 | INFO     | Saving at a/skeb/mirinngomaabura-ede30e.json
2026-09-14 03:36:27 | INFO     | OK https://skeb.jp/api/users/a01_0201
2026-09-14 03:36:27 | INFO     | Saving at a/skeb/a01_0201-71e17a.json
2026-09-14 03:36:28 | INFO     | OK https://skeb.jp/api/users/Luna_dial398
2026-09-14 03:36:28 | INFO     | Saving at a/skeb/Luna_dial398-7a4f9e.json
2026-09-14 03:36:29 | INFO     | OK https://skeb.jp/api/users/kurokami_syura
2026-09-14 03:36:29 | INFO     | Saving at a/skeb/kurokami_syura-19b1a0.json
2026-09-14 03:36:30 | INFO     | OK https://skeb.jp/api/users/yuyu_anko
2026-09-14 03:36:30 | INFO     | Saving at a/skeb/yuyu_anko-5104f4.json
2026-09-14 03:36:31 | INFO     | OK https://skeb.jp/api/users/tama_amata
2026-09-14 03:36:31 | INFO     | Saving at a/skeb/tama_amata-503c4e.json
2026-09-14 03:36:32 | INFO     | OK https://skeb.jp/api/users/yamirine_2
2026-09-14 03:36:32 | INFO     | Saving at a/skeb/yamirine_2-fc7f07.json
2026-09-14 03:36:33 | INFO     | OK https://skeb.jp/api/users/Remy_pxv
2026-09-14 03:36:33 | INFO     | Saving at a/skeb/Remy_pxv-08e6d7.json
2026-09-14 03:36:34 | INFO     | OK https://skeb.jp/api/users/B00OO3
2026-09-14 03:36:34 | INFO     | Saving at a/skeb/B00OO3-d89901.json
2026-09-14 03:36:35 | INFO     | OK https://skeb.jp/api/users/_SaltStrawberry
2026-09-14 03:36:35 | INFO     | Saving at a/skeb/_SaltStrawberry-b86d28.json
2026-09-14 03:36:36 | INFO     | OK https://skeb.jp/api/users/maya_bansui
2026-09-14 03:36:36 | INFO     | Saving at a/skeb/maya_bansui-4c5d4e.json
2026-09-14 03:36:37 | INFO     | OK https://skeb.jp/api/users/umnmzo0
2026-09-14 03:36:37 | INFO     | Saving at a/skeb/umnmzo0-321039.json
2026-09-14 03:36:38 | INFO     | OK https://skeb.jp/api/users/Coladezorro723
2026-09-14 03:36:38 | INFO     | Saving at a/skeb/Coladezorro723-6bcfaf.json
2026-09-14 03:36:39 | INFO     | OK https://skeb.jp/api/users/n2_shiromeU_sub
2026-09-14 03:36:39 | INFO     | Saving at a/skeb/n2_shiromeU_sub-0adea7.json
2026-09-14 03:36:40 | INFO     | OK https://skeb.jp/api/users/hamelon310
2026-09-14 03:36:40 | INFO     | Saving at a/skeb/hamelon310-d25e72.json
2026-09-14 03:36:41 | INFO     | OK https://skeb.jp/api/users/mybrokenpencil1
2026-09-14 03:36:41 | INFO     | Saving at a/skeb/mybrokenpencil1-637155.json
2026-09-14 03:36:42 | INFO     | OK https://skeb.jp/api/users/futarinoririsu
2026-09-14 03:36:42 | INFO     | Saving at a/skeb/futarinoririsu-6e4d3d.json
2026-09-14 03:36:43 | INFO     | OK https://skeb.jp/api/users/gear_harukaze
2026-09-14 03:36:43 | INFO     | Saving at a/skeb/gear_harukaze-3b5de3.json
2026-09-14 03:36:44 | INFO     | OK https://skeb.jp/api/users/gyumei_shippou
2026-09-14 03:36:44 | INFO     | Saving at a/skeb/gyumei_shippou-78853a.json
2026-09-14 03:36:45 | INFO     | OK https://skeb.jp/api/users/Carbon8period
2026-09-14 03:36:45 | INFO     | Saving at a/skeb/Carbon8period-086746.json
2026-09-14 03:36:46 | INFO     | OK https://skeb.jp/api/users/ham_points
2026-09-14 03:36:46 | INFO     | Saving at a/skeb/ham_points-27ffea.json
2026-09-14 03:36:47 | INFO     | OK https://skeb.jp/api/users/kitaro_l0ver
2026-09-14 03:36:47 | INFO     | Saving at a/skeb/kitaro_l0ver-0b3a31.json
2026-09-14 03:36:48 | INFO     | OK https://skeb.jp/api/users/gomadareeee_
2026-09-14 03:36:48 | INFO     | Saving at a/skeb/gomadareeee_-d94341.json
2026-09-14 03:36:49 | INFO     | OK https://skeb.jp/api/users/om08c
2026-09-14 03:36:49 | INFO     | Saving at a/skeb/om08c-6eca99.json
2026-09-14 03:36:50 | INFO     | OK https://skeb.jp/api/users/hiraganafase
2026-09-14 03:36:50 | INFO     | Saving at a/skeb/hiraganafase-a92362.json
2026-09-14 03:36:51 | INFO     | OK https://skeb.jp/api/users/itomitoito
2026-09-14 03:36:51 | INFO     | Saving at a/skeb/itomitoito-26a29f.json
2026-09-14 03:36:52 | INFO     | OK https://skeb.jp/api/users/nasukeke_l_nuwa
2026-09-14 03:36:52 | INFO     | Saving at a/skeb/nasukeke_l_nuwa-c2d0c3.json
2026-09-14 03:36:53 | WARNING  | 404 on https://skeb.jp/api/users/_shrine (attempt 1/3)
2026-09-14 03:36:54 | INFO     | OK https://skeb.jp/api/users/Byellowlightst1
2026-09-14 03:36:54 | INFO     | Saving at a/skeb/Byellowlightst1-a19270.json
2026-09-14 03:36:55 | WARNING  | 404 on https://skeb.jp/api/users/Ros_Mo (attempt 1/3)
2026-09-14 03:36:56 | INFO     | OK https://skeb.jp/api/users/Miho_Mimura
2026-09-14 03:36:56 | INFO     | Saving at a/skeb/Miho_Mimura-ee39fc.json
2026-09-14 03:36:57 | INFO     | OK https://skeb.jp/api/users/gokigenn_happy
2026-09-14 03:36:57 | INFO     | Saving at a/skeb/gokigenn_happy-1cfc36.json
2026-09-14 03:36:58 | INFO     | OK https://skeb.jp/api/users/t_yamanashi
2026-09-14 03:36:58 | INFO     | Saving at a/skeb/t_yamanashi-aa6e4f.json
2026-09-14 03:36:59 | INFO     | OK https://skeb.jp/api/users/siso_zakura03
2026-09-14 03:36:59 | INFO     | Saving at a/skeb/siso_zakura03-2b5e5b.json
2026-09-14 03:37:00 | INFO     | OK https://skeb.jp/api/users/Reika_Natsuki
2026-09-14 03:37:00 | INFO     | Saving at a/skeb/Reika_Natsuki-eb55ac.json
2026-09-14 03:37:01 | WARNING  | 404 on https://skeb.jp/api/users/_shrine (attempt 2/3)
2026-09-14 03:37:02 | INFO     | OK https://skeb.jp/api/users/yomogui__trpg
2026-09-14 03:37:02 | INFO     | Saving at a/skeb/yomogui__trpg-d5a722.json
2026-09-14 03:37:03 | INFO     | OK https://skeb.jp/api/users/BNdarkestdays
2026-09-14 03:37:03 | INFO     | Saving at a/skeb/BNdarkestdays-09d5ad.json
2026-09-14 03:37:04 | INFO     | OK https://skeb.jp/api/users/TruenoRaimei
2026-09-14 03:37:04 | INFO     | Saving at a/skeb/TruenoRaimei-5d8c22.json
2026-09-14 03:37:05 | INFO     | OK https://skeb.jp/api/users/inori_bouquet
2026-09-14 03:37:05 | INFO     | Saving at a/skeb/inori_bouquet-c15808.json
2026-09-14 03:37:06 | INFO     | OK https://skeb.jp/api/users/daisangen_1991
2026-09-14 03:37:06 | INFO     | Saving at a/skeb/daisangen_1991-614433.json
2026-09-14 03:37:07 | INFO     | OK https://skeb.jp/api/users/saniwano_yu
2026-09-14 03:37:07 | INFO     | Saving at a/skeb/saniwano_yu-ebb583.json
2026-09-14 03:37:08 | INFO     | OK https://skeb.jp/api/users/bechomo
2026-09-14 03:37:08 | INFO     | Saving at a/skeb/bechomo-d977f2.json
2026-09-14 03:37:09 | INFO     | OK https://skeb.jp/api/users/zirahhikawa
2026-09-14 03:37:09 | INFO     | Saving at a/skeb/zirahhikawa-288526.json
2026-09-14 03:37:10 | INFO     | OK https://skeb.jp/api/users/zugogojio
2026-09-14 03:37:10 | INFO     | Saving at a/skeb/zugogojio-5ffa58.json
2026-09-14 03:37:11 | INFO     | OK https://skeb.jp/api/users/yuenineru
2026-09-14 03:37:11 | INFO     | Saving at a/skeb/yuenineru-e09e57.json
2026-09-14 03:37:12 | INFO     | OK https://skeb.jp/api/users/fakemdk
2026-09-14 03:37:12 | INFO     | Saving at a/skeb/fakemdk-4b6e1f.json
2026-09-14 03:37:13 | WARNING  | 404 on https://skeb.jp/api/users/Taria_gaogao (attempt 1/3)
2026-09-14 03:37:14 | INFO     | OK https://skeb.jp/api/users/noirmew_coco
2026-09-14 03:37:14 | INFO     | Saving at a/skeb/noirmew_coco-1141e7.json
2026-09-14 03:37:15 | INFO     | OK https://skeb.jp/api/users/njnana_trpg
2026-09-14 03:37:15 | INFO     | Saving at a/skeb/njnana_trpg-a0097b.json
2026-09-14 03:37:16 | INFO     | OK https://skeb.jp/api/users/Sachi_no_
2026-09-14 03:37:16 | INFO     | Saving at a/skeb/Sachi_no_-2cdaf9.json
2026-09-14 03:37:17 | WARNING  | 404 on https://skeb.jp/api/users/Taria_gaogao (attempt 2/3)
2026-09-14 03:37:18 | WARNING  | 404 on https://skeb.jp/api/users/Ros_Mo (attempt 2/3)
2026-09-14 03:37:19 | INFO     | OK https://skeb.jp/api/users/sui_0z0
2026-09-14 03:37:19 | INFO     | Saving at a/skeb/sui_0z0-28996e.json
2026-09-14 03:37:20 | INFO     | OK https://skeb.jp/api/users/akutagawa_FI_
2026-09-14 03:37:20 | INFO     | Saving at a/skeb/akutagawa_FI_-788017.json
2026-09-14 03:37:21 | INFO     | OK https://skeb.jp/api/users/_snrig
2026-09-14 03:37:21 | INFO     | Saving at a/skeb/_snrig-71d4b0.json
2026-09-14 03:37:22 | INFO     | OK https://skeb.jp/api/users/tobo_katsuo
2026-09-14 03:37:22 | INFO     | Saving at a/skeb/tobo_katsuo-58a47d.json
2026-09-14 03:37:23 | INFO     | OK https://skeb.jp/api/users/2525tyaria
2026-09-14 03:37:23 | INFO     | Saving at a/skeb/2525tyaria-58e273.json
2026-09-14 03:37:24 | INFO     | OK https://skeb.jp/api/users/trpg_nue
2026-09-14 03:37:24 | INFO     | Saving at a/skeb/trpg_nue-9228c9.json
2026-09-14 03:37:25 | INFO     | OK https://skeb.jp/api/users/takenokodomo2
2026-09-14 03:37:25 | INFO     | Saving at a/skeb/takenokodomo2-5aa462.json
2026-09-14 03:37:26 | INFO     | OK https://skeb.jp/api/users/Danico_V
2026-09-14 03:37:26 | INFO     | Saving at a/skeb/Danico_V-267337.json
2026-09-14 03:37:27 | INFO     | OK https://skeb.jp/api/users/toshizi_hone
2026-09-14 03:37:27 | INFO     | Saving at a/skeb/toshizi_hone-c45457.json
2026-09-14 03:37:28 | INFO     | OK https://skeb.jp/api/users/thundercloud56
2026-09-14 03:37:28 | INFO     | Saving at a/skeb/thundercloud56-798e14.json
2026-09-14 03:37:29 | WARNING  | 404 on https://skeb.jp/api/users/_shrine (attempt 3/3)
2026-09-14 03:37:30 | INFO     | OK https://skeb.jp/api/users/osanpo_human
2026-09-14 03:37:30 | INFO     | Saving at a/skeb/osanpo_human-2a79b4.json
2026-09-14 03:37:31 | INFO     | OK https://skeb.jp/api/users/6YYxJxHn1zqI4hZ
2026-09-14 03:37:31 | INFO     | Saving at a/skeb/6YYxJxHn1zqI4hZ-b3ba2b.json
2026-09-14 03:37:32 | WARNING  | 404 on https://skeb.jp/api/users/Ros_Mo (attempt 3/3)
2026-09-14 03:37:33 | INFO     | OK https://skeb.jp/api/users/minazuki_reiwa
2026-09-14 03:37:33 | INFO     | Saving at a/skeb/minazuki_reiwa-308ca2.json
2026-09-14 03:37:34 | INFO     | OK https://skeb.jp/api/users/sobakonattou07
2026-09-14 03:37:34 | INFO     | Saving at a/skeb/sobakonattou07-0e9480.json
2026-09-14 03:37:35 | INFO     | OK https://skeb.jp/api/users/nizisora24
2026-09-14 03:37:35 | INFO     | Saving at a/skeb/nizisora24-10f2ff.json
2026-09-14 03:37:36 | INFO     | OK https://skeb.jp/api/users/murazo0606
2026-09-14 03:37:36 | INFO     | Saving at a/skeb/murazo0606-3d4a3d.json
2026-09-14 03:37:37 | INFO     | OK https://skeb.jp/api/users/Z7xdqCLdJS42U05
2026-09-14 03:37:37 | INFO     | Saving at a/skeb/Z7xdqCLdJS42U05-eff88e.json
2026-09-14 03:37:38 | INFO     | OK https://skeb.jp/api/users/toyamaru39pale
2026-09-14 03:37:38 | INFO     | Saving at a/skeb/toyamaru39pale-525264.json
2026-09-14 03:37:39 | INFO     | OK https://skeb.jp/api/users/milklkcaramel
2026-09-14 03:37:39 | INFO     | Saving at a/skeb/milklkcaramel-2d572d.json
2026-09-14 03:37:40 | INFO     | OK https://skeb.jp/api/users/rengejiiroha
2026-09-14 03:37:40 | INFO     | Saving at a/skeb/rengejiiroha-01b6a0.json
2026-09-14 03:37:41 | INFO     | OK https://skeb.jp/api/users/39_taro0
2026-09-14 03:37:41 | INFO     | Saving at a/skeb/39_taro0-1d7384.json
2026-09-14 03:37:42 | INFO     | OK https://skeb.jp/api/users/seiji_artman
2026-09-14 03:37:42 | INFO     | Saving at a/skeb/seiji_artman-eb9b3d.json
2026-09-14 03:37:43 | INFO     | OK https://skeb.jp/api/users/lbTmpuugwIBICxs
2026-09-14 03:37:43 | INFO     | Saving at a/skeb/lbTmpuugwIBICxs-45f3c8.json
2026-09-14 03:37:44 | INFO     | OK https://skeb.jp/api/users/t_memec
2026-09-14 03:37:44 | INFO     | Saving at a/skeb/t_memec-52b717.json
2026-09-14 03:37:45 | INFO     | OK https://skeb.jp/api/users/lmtvlgstlllfjty
2026-09-14 03:37:45 | INFO     | Saving at a/skeb/lmtvlgstlllfjty-b8d9c2.json
2026-09-14 03:37:46 | INFO     | OK https://skeb.jp/api/users/kannmisannmi
2026-09-14 03:37:46 | INFO     | Saving at a/skeb/kannmisannmi-56ebd6.json
2026-09-14 03:37:47 | INFO     | OK https://skeb.jp/api/users/hagi35ka
2026-09-14 03:37:47 | INFO     | Saving at a/skeb/hagi35ka-a10d18.json
2026-09-14 03:37:48 | WARNING  | 404 on https://skeb.jp/api/users/Taria_gaogao (attempt 3/3)
2026-09-14 03:37:49 | INFO     | OK https://skeb.jp/api/users/hayao_abaaa
2026-09-14 03:37:49 | INFO     | Saving at a/skeb/hayao_abaaa-0cdead.json
2026-09-14 03:37:50 | INFO     | OK https://skeb.jp/api/users/JuspionA
2026-09-14 03:37:50 | INFO     | Saving at a/skeb/JuspionA-36ace5.json
2026-09-14 03:37:51 | INFO     | OK https://skeb.jp/api/users/chibichan_TRPG
2026-09-14 03:37:51 | INFO     | Saving at a/skeb/chibichan_TRPG-5f3749.json
2026-09-14 03:37:52 | INFO     | OK https://skeb.jp/api/users/Kshizuku_
2026-09-14 03:37:52 | INFO     | Saving at a/skeb/Kshizuku_-38ab52.json
2026-09-14 03:37:53 | INFO     | OK https://skeb.jp/api/users/kagami1999
2026-09-14 03:37:53 | INFO     | Saving at a/skeb/kagami1999-4b6f8d.json
2026-09-14 03:37:54 | INFO     | OK https://skeb.jp/api/users/Fuchsaugen
2026-09-14 03:37:54 | INFO     | Saving at a/skeb/Fuchsaugen-aaa221.json
2026-09-14 03:37:55 | INFO     | OK https://skeb.jp/api/users/SB8496shibainu
2026-09-14 03:37:55 | INFO     | Saving at a/skeb/SB8496shibainu-4219f5.json
2026-09-14 03:37:56 | INFO     | OK https://skeb.jp/api/users/kubomi_mmm
2026-09-14 03:37:56 | INFO     | Saving at a/skeb/kubomi_mmm-b3b142.json
2026-09-14 03:37:57 | INFO     | OK https://skeb.jp/api/users/Azurite_yukkuri
2026-09-14 03:37:57 | INFO     | Saving at a/skeb/Azurite_yukkuri-c27752.json
2026-09-14 03:37:58 | INFO     | OK https://skeb.jp/api/users/yano3x
2026-09-14 03:37:58 | INFO     | Saving at a/skeb/yano3x-761dc0.json
2026-09-14 03:37:59 | INFO     | OK https://skeb.jp/api/users/yumishibaya
2026-09-14 03:37:59 | INFO     | Saving at a/skeb/yumishibaya-5ac2ec.json
2026-09-14 03:38:00 | INFO     | OK https://skeb.jp/api/users/NaNaLen222
2026-09-14 03:38:00 | INFO     | Saving at a/skeb/NaNaLen222-baa87f.json
2026-09-14 03:38:01 | INFO     | OK https://skeb.jp/api/users/yEmmr6bnE3
2026-09-14 03:38:01 | INFO     | Saving at a/skeb/yEmmr6bnE3-03457b.json
2026-09-14 03:38:02 | INFO     | OK https://skeb.jp/api/users/melluaO0
2026-09-14 03:38:02 | INFO     | Saving at a/skeb/melluaO0-004651.json
2026-09-14 03:38:03 | INFO     | OK https://skeb.jp/api/users/__nuinuk0
2026-09-14 03:38:03 | INFO     | Saving at a/skeb/__nuinuk0-c57044.json
2026-09-14 03:38:04 | WARNING  | 404 on https://skeb.jp/api/users/C75__s_r (attempt 1/3)
2026-09-14 03:38:05 | INFO     | OK https://skeb.jp/api/users/kurehi_mari
2026-09-14 03:38:05 | INFO     | Saving at a/skeb/kurehi_mari-8a1e40.json
2026-09-14 03:38:06 | INFO     | OK https://skeb.jp/api/users/hallupuna
2026-09-14 03:38:06 | INFO     | Saving at a/skeb/hallupuna-d199d2.json
2026-09-14 03:38:07 | INFO     | OK https://skeb.jp/api/users/baabu_buta
2026-09-14 03:38:07 | INFO     | Saving at a/skeb/baabu_buta-bf2b78.json
2026-09-14 03:38:08 | INFO     | OK https://skeb.jp/api/users/tsuredsu_ren040
2026-09-14 03:38:08 | INFO     | Saving at a/skeb/tsuredsu_ren040-761132.json
2026-09-14 03:38:09 | INFO     | OK https://skeb.jp/api/users/esutehakaba
2026-09-14 03:38:09 | INFO     | Saving at a/skeb/esutehakaba-769857.json
2026-09-14 03:38:10 | INFO     | OK https://skeb.jp/api/users/minamoto_0303
2026-09-14 03:38:10 | INFO     | Saving at a/skeb/minamoto_0303-470804.json
2026-09-14 03:38:11 | INFO     | OK https://skeb.jp/api/users/zouzou_
2026-09-14 03:38:11 | INFO     | Saving at a/skeb/zouzou_-3dd980.json
2026-09-14 03:38:12 | INFO     | OK https://skeb.jp/api/users/kutinashi_RP
2026-09-14 03:38:12 | INFO     | Saving at a/skeb/kutinashi_RP-9f9e34.json
2026-09-14 03:38:13 | WARNING  | 404 on https://skeb.jp/api/users/C75__s_r (attempt 2/3)
2026-09-14 03:38:14 | INFO     | OK https://skeb.jp/api/users/wZl0hTwelG
2026-09-14 03:38:14 | INFO     | Saving at a/skeb/wZl0hTwelG-51dfa7.json
2026-09-14 03:38:15 | INFO     | OK https://skeb.jp/api/users/HIRO22185790
2026-09-14 03:38:15 | INFO     | Saving at a/skeb/HIRO22185790-78fa7d.json
2026-09-14 03:38:16 | INFO     | OK https://skeb.jp/api/users/ikurah_3iag
2026-09-14 03:38:16 | INFO     | Saving at a/skeb/ikurah_3iag-ea847d.json
2026-09-14 03:38:17 | INFO     | OK https://skeb.jp/api/users/make_adog
2026-09-14 03:38:17 | INFO     | Saving at a/skeb/make_adog-1da372.json
2026-09-14 03:38:18 | INFO     | OK https://skeb.jp/api/users/EX_sakiR
2026-09-14 03:38:18 | INFO     | Saving at a/skeb/EX_sakiR-31ba2e.json
2026-09-14 03:38:19 | INFO     | OK https://skeb.jp/api/users/______n___7
2026-09-14 03:38:19 | INFO     | Saving at a/skeb/______n___7-5e5536.json
2026-09-14 03:38:20 | INFO     | OK https://skeb.jp/api/users/kira2sale_Y9000
2026-09-14 03:38:20 | INFO     | Saving at a/skeb/kira2sale_Y9000-b6bcf1.json
2026-09-14 03:38:21 | WARNING  | 404 on https://skeb.jp/api/users/C75__s_r (attempt 3/3)
2026-09-14 03:38:22 | INFO     | OK https://skeb.jp/api/users/smmm2145
2026-09-14 03:38:22 | INFO     | Saving at a/skeb/smmm2145-47c8f8.json
2026-09-14 03:38:23 | INFO     | OK https://skeb.jp/api/users/tsukumo_1129
2026-09-14 03:38:23 | INFO     | Saving at a/skeb/tsukumo_1129-ce59fb.json
2026-09-14 03:38:24 | INFO     | OK https://skeb.jp/api/users/996luv
2026-09-14 03:38:24 | INFO     | Saving at a/skeb/996luv-29382a.json
2026-09-14 03:38:25 | INFO     | OK https://skeb.jp/api/users/s_kowatari35
2026-09-14 03:38:25 | INFO     | Saving at a/skeb/s_kowatari35-5c3fe6.json
2026-09-14 03:38:26 | INFO     | OK https://skeb.jp/api/users/TR_002_TR
2026-09-14 03:38:26 | INFO     | Saving at a/skeb/TR_002_TR-3f6ebc.json
2026-09-14 03:38:27 | INFO     | OK https://skeb.jp/api/users/or_end_jiyu
2026-09-14 03:38:27 | INFO     | Saving at a/skeb/or_end_jiyu-7f9603.json
2026-09-14 03:38:28 | INFO     | OK https://skeb.jp/api/users/Yuno_AOwO
2026-09-14 03:38:28 | INFO     | Saving at a/skeb/Yuno_AOwO-c73145.json
2026-09-14 03:38:29 | INFO     | OK https://skeb.jp/api/users/Raspberry_0717
2026-09-14 03:38:29 | INFO     | Saving at a/skeb/Raspberry_0717-111e32.json
2026-09-14 03:38:30 | INFO     | OK https://skeb.jp/api/users/neruru_x
2026-09-14 03:38:30 | INFO     | Saving at a/skeb/neruru_x-4bf30d.json
2026-09-14 03:38:31 | INFO     | OK https://skeb.jp/api/users/Liberat51447037
2026-09-14 03:38:31 | INFO     | Saving at a/skeb/Liberat51447037-848858.json
2026-09-14 03:38:32 | INFO     | OK https://skeb.jp/api/users/S_Haraniko
2026-09-14 03:38:32 | INFO     | Saving at a/skeb/S_Haraniko-df89b6.json
2026-09-14 03:38:33 | INFO     | OK https://skeb.jp/api/users/udo_n_purin
2026-09-14 03:38:33 | INFO     | Saving at a/skeb/udo_n_purin-9a691b.json
2026-09-14 03:38:34 | INFO     | OK https://skeb.jp/api/users/OlihanaChiyo
2026-09-14 03:38:34 | INFO     | Saving at a/skeb/OlihanaChiyo-cb183c.json
2026-09-14 03:38:35 | INFO     | OK https://skeb.jp/api/users/KIN4RI_01
2026-09-14 03:38:35 | INFO     | Saving at a/skeb/KIN4RI_01-8bdc9c.json
2026-09-14 03:38:36 | INFO     | OK https://skeb.jp/api/users/azssm9029
2026-09-14 03:38:36 | INFO     | Saving at a/skeb/azssm9029-ab9543.json
2026-09-14 03:38:37 | INFO     | OK https://skeb.jp/api/users/surumeERO
2026-09-14 03:38:37 | INFO     | Saving at a/skeb/surumeERO-c470ea.json
2026-09-14 03:38:38 | INFO     | OK https://skeb.jp/api/users/_yunayuna_0508
2026-09-14 03:38:38 | INFO     | Saving at a/skeb/_yunayuna_0508-29bc2f.json
2026-09-14 03:38:39 | INFO     | OK https://skeb.jp/api/users/datemaki_colors
2026-09-14 03:38:39 | INFO     | Saving at a/skeb/datemaki_colors-f35ea8.json
2026-09-14 03:38:40 | INFO     | OK https://skeb.jp/api/users/ne61__hut0n
2026-09-14 03:38:40 | INFO     | Saving at a/skeb/ne61__hut0n-a8cbf3.json
2026-09-14 03:38:41 | INFO     | OK https://skeb.jp/api/users/kotohatoko510
2026-09-14 03:38:41 | INFO     | Saving at a/skeb/kotohatoko510-74ea11.json
2026-09-14 03:38:42 | INFO     | OK https://skeb.jp/api/users/kuramaosk
2026-09-14 03:38:42 | INFO     | Saving at a/skeb/kuramaosk-4e57b4.json
2026-09-14 03:38:43 | INFO     | OK https://skeb.jp/api/users/Mei_9616
2026-09-14 03:38:43 | INFO     | Saving at a/skeb/Mei_9616-ae733d.json
2026-09-14 03:38:44 | INFO     | OK https://skeb.jp/api/users/anz_cotton
2026-09-14 03:38:44 | INFO     | Saving at a/skeb/anz_cotton-1f0e80.json
2026-09-14 03:38:45 | INFO     | OK https://skeb.jp/api/users/o0Olix_
2026-09-14 03:38:45 | INFO     | Saving at a/skeb/o0Olix_-514117.json
2026-09-14 03:38:46 | INFO     | OK https://skeb.jp/api/users/wwwsupwww
2026-09-14 03:38:46 | INFO     | Saving at a/skeb/wwwsupwww-39c111.json
2026-09-14 03:38:47 | INFO     | OK https://skeb.jp/api/users/yoko_777
2026-09-14 03:38:47 | INFO     | Saving at a/skeb/yoko_777-f6dcce.json
2026-09-14 03:38:48 | INFO     | OK https://skeb.jp/api/users/s_obig
2026-09-14 03:38:48 | INFO     | Saving at a/skeb/s_obig-595f7d.json
2026-09-14 03:38:49 | INFO     | OK https://skeb.jp/api/users/tokiwajing
2026-09-14 03:38:49 | INFO     | Saving at a/skeb/tokiwajing-2801de.json
2026-09-14 03:38:50 | INFO     | OK https://skeb.jp/api/users/licorisu_
2026-09-14 03:38:50 | INFO     | Saving at a/skeb/licorisu_-e8cba3.json
2026-09-14 03:38:51 | INFO     | OK https://skeb.jp/api/users/kararadon_buri
2026-09-14 03:38:51 | INFO     | Saving at a/skeb/kararadon_buri-2a117a.json
2026-09-14 03:38:52 | INFO     | OK https://skeb.jp/api/users/kame2happa3
2026-09-14 03:38:52 | INFO     | Saving at a/skeb/kame2happa3-692e69.json
2026-09-14 03:38:53 | INFO     | OK https://skeb.jp/api/users/amakuchi_34_
2026-09-14 03:38:53 | INFO     | Saving at a/skeb/amakuchi_34_-7df59e.json
2026-09-14 03:38:54 | INFO     | OK https://skeb.jp/api/users/Degbli
2026-09-14 03:38:54 | INFO     | Saving at a/skeb/Degbli-dafca9.json
2026-09-14 03:38:55 | INFO     | OK https://skeb.jp/api/users/ois_72mkn
2026-09-14 03:38:55 | INFO     | Saving at a/skeb/ois_72mkn-d0a397.json
2026-09-14 03:38:56 | INFO     | OK https://skeb.jp/api/users/Gero_Ult_FF14
2026-09-14 03:38:56 | INFO     | Saving at a/skeb/Gero_Ult_FF14-35c7da.json
2026-09-14 03:38:57 | INFO     | OK https://skeb.jp/api/users/ichiba0226
2026-09-14 03:38:57 | INFO     | Saving at a/skeb/ichiba0226-7118af.json
2026-09-14 03:38:58 | WARNING  | 404 on https://skeb.jp/api/users/Piyansuke (attempt 1/3)
2026-09-14 03:38:59 | INFO     | OK https://skeb.jp/api/users/jkayx0750
2026-09-14 03:38:59 | INFO     | Saving at a/skeb/jkayx0750-f741fb.json
2026-09-14 03:39:00 | INFO     | OK https://skeb.jp/api/users/ricco_000
2026-09-14 03:39:00 | INFO     | Saving at a/skeb/ricco_000-8d93ac.json
2026-09-14 03:39:01 | WARNING  | 404 on https://skeb.jp/api/users/Piyansuke (attempt 2/3)
2026-09-14 03:39:02 | INFO     | OK https://skeb.jp/api/users/saika_0923iii
2026-09-14 03:39:02 | INFO     | Saving at a/skeb/saika_0923iii-0ca905.json
2026-09-14 03:39:03 | INFO     | OK https://skeb.jp/api/users/ZAKU_TANK202211
2026-09-14 03:39:03 | INFO     | Saving at a/skeb/ZAKU_TANK202211-0399fa.json
2026-09-14 03:39:04 | INFO     | OK https://skeb.jp/api/users/z0w07
2026-09-14 03:39:04 | INFO     | Saving at a/skeb/z0w07-348f63.json
2026-09-14 03:39:05 | WARNING  | 404 on https://skeb.jp/api/users/saakurn (attempt 1/3)
2026-09-14 03:39:06 | INFO     | OK https://skeb.jp/api/users/zero1_012
2026-09-14 03:39:06 | INFO     | Saving at a/skeb/zero1_012-1ffa76.json
2026-09-14 03:39:07 | INFO     | OK https://skeb.jp/api/users/39shoma
2026-09-14 03:39:07 | INFO     | Saving at a/skeb/39shoma-0494eb.json
2026-09-14 03:39:08 | WARNING  | 404 on https://skeb.jp/api/users/saakurn (attempt 2/3)
2026-09-14 03:39:09 | WARNING  | 404 on https://skeb.jp/api/users/Piyansuke (attempt 3/3)
2026-09-14 03:39:10 | INFO     | OK https://skeb.jp/api/users/kanikama25
2026-09-14 03:39:10 | INFO     | Saving at a/skeb/kanikama25-7ab538.json
2026-09-14 03:39:11 | INFO     | OK https://skeb.jp/api/users/sai1_graph
2026-09-14 03:39:11 | INFO     | Saving at a/skeb/sai1_graph-6a14a8.json
2026-09-14 03:39:12 | INFO     | OK https://skeb.jp/api/users/ha_mia051
2026-09-14 03:39:12 | INFO     | Saving at a/skeb/ha_mia051-e1a4f6.json
2026-09-14 03:39:13 | INFO     | OK https://skeb.jp/api/users/sshr_smr
2026-09-14 03:39:13 | INFO     | Saving at a/skeb/sshr_smr-d2f4db.json
2026-09-14 03:39:14 | INFO     | OK https://skeb.jp/api/users/ryo_yanakasa
2026-09-14 03:39:14 | INFO     | Saving at a/skeb/ryo_yanakasa-9c3de2.json
2026-09-14 03:39:15 | INFO     | OK https://skeb.jp/api/users/HamuNo
2026-09-14 03:39:15 | INFO     | Saving at a/skeb/HamuNo-5a9d0a.json
2026-09-14 03:39:16 | INFO     | OK https://skeb.jp/api/users/eidamtoadam
2026-09-14 03:39:16 | INFO     | Saving at a/skeb/eidamtoadam-389dc4.json
2026-09-14 03:39:17 | INFO     | OK https://skeb.jp/api/users/Galo_weird
2026-09-14 03:39:17 | INFO     | Saving at a/skeb/Galo_weird-13b10f.json
2026-09-14 03:39:18 | INFO     | OK https://skeb.jp/api/users/b_b_b_y_a_
2026-09-14 03:39:18 | INFO     | Saving at a/skeb/b_b_b_y_a_-cd5ba3.json
2026-09-14 03:39:19 | INFO     | OK https://skeb.jp/api/users/ixaba
2026-09-14 03:39:19 | INFO     | Saving at a/skeb/ixaba-795bdf.json
2026-09-14 03:39:20 | INFO     | OK https://skeb.jp/api/users/yamirine_v
2026-09-14 03:39:20 | INFO     | Saving at a/skeb/yamirine_v-83a2f2.json
2026-09-14 03:39:21 | INFO     | OK https://skeb.jp/api/users/fugakonoillust
2026-09-14 03:39:21 | INFO     | Saving at a/skeb/fugakonoillust-8283e8.json
2026-09-14 03:39:22 | INFO     | OK https://skeb.jp/api/users/10rigar
2026-09-14 03:39:22 | INFO     | Saving at a/skeb/10rigar-2fbeda.json
2026-09-14 03:39:23 | WARNING  | 404 on https://skeb.jp/api/users/akanistudioo (attempt 1/3)
2026-09-14 03:39:24 | INFO     | OK https://skeb.jp/api/users/hasucal
2026-09-14 03:39:24 | INFO     | Saving at a/skeb/hasucal-fdad75.json
2026-09-14 03:39:25 | INFO     | OK https://skeb.jp/api/users/senburuku_t
2026-09-14 03:39:25 | INFO     | Saving at a/skeb/senburuku_t-eea963.json
2026-09-14 03:39:26 | WARNING  | 404 on https://skeb.jp/api/users/akanistudioo (attempt 2/3)
2026-09-14 03:39:27 | INFO     | OK https://skeb.jp/api/users/hika2e__0
2026-09-14 03:39:27 | INFO     | Saving at a/skeb/hika2e__0-022756.json
2026-09-14 03:39:28 | WARNING  | 404 on https://skeb.jp/api/users/saakurn (attempt 3/3)
2026-09-14 03:39:29 | INFO     | OK https://skeb.jp/api/users/Meyu_8888
2026-09-14 03:39:29 | INFO     | Saving at a/skeb/Meyu_8888-ac7a83.json
2026-09-14 03:39:30 | INFO     | OK https://skeb.jp/api/users/4626wc
2026-09-14 03:39:30 | INFO     | Saving at a/skeb/4626wc-5ca207.json
2026-09-14 03:39:31 | INFO     | OK https://skeb.jp/api/users/skiapodes
2026-09-14 03:39:31 | INFO     | Saving at a/skeb/skiapodes-06fb40.json
2026-09-14 03:39:32 | INFO     | OK https://skeb.jp/api/users/Uruta_k
2026-09-14 03:39:32 | INFO     | Saving at a/skeb/Uruta_k-cc9133.json
2026-09-14 03:39:33 | INFO     | OK https://skeb.jp/api/users/namaakl
2026-09-14 03:39:33 | INFO     | Saving at a/skeb/namaakl-13426a.json
2026-09-14 03:39:34 | INFO     | OK https://skeb.jp/api/users/0234_Uga1
2026-09-14 03:39:34 | INFO     | Saving at a/skeb/0234_Uga1-e78ce8.json
2026-09-14 03:39:35 | WARNING  | 404 on https://skeb.jp/api/users/akanistudioo (attempt 3/3)
2026-09-14 03:39:36 | INFO     | OK https://skeb.jp/api/users/piqimuramura
2026-09-14 03:39:36 | INFO     | Saving at a/skeb/piqimuramura-5f9104.json
2026-09-14 03:39:37 | INFO     | OK https://skeb.jp/api/users/Keisuke_Kksk
2026-09-14 03:39:37 | INFO     | Saving at a/skeb/Keisuke_Kksk-d8fbba.json
2026-09-14 03:39:38 | INFO     | OK https://skeb.jp/api/users/mohu_4783
2026-09-14 03:39:38 | INFO     | Saving at a/skeb/mohu_4783-cf8b95.json
2026-09-14 03:39:39 | INFO     | OK https://skeb.jp/api/users/mimimin1_YYY
2026-09-14 03:39:39 | INFO     | Saving at a/skeb/mimimin1_YYY-75c444.json
2026-09-14 03:39:40 | INFO     | OK https://skeb.jp/api/users/akira_misame
2026-09-14 03:39:40 | INFO     | Saving at a/skeb/akira_misame-1659c1.json
2026-09-14 03:39:41 | INFO     | OK https://skeb.jp/api/users/endf_k
2026-09-14 03:39:41 | INFO     | Saving at a/skeb/endf_k-2d4087.json
2026-09-14 03:39:42 | INFO     | OK https://skeb.jp/api/users/jiraiyasan_news
2026-09-14 03:39:42 | INFO     | Saving at a/skeb/jiraiyasan_news-c5ebfb.json
2026-09-14 03:39:43 | INFO     | OK https://skeb.jp/api/users/nekodayooon
2026-09-14 03:39:43 | INFO     | Saving at a/skeb/nekodayooon-b99b1d.json
2026-09-14 03:39:44 | INFO     | OK https://skeb.jp/api/users/Harusakakei
2026-09-14 03:39:44 | INFO     | Saving at a/skeb/Harusakakei-dd708f.json
2026-09-14 03:39:45 | INFO     | OK https://skeb.jp/api/users/ori_atorion
2026-09-14 03:39:45 | INFO     | Saving at a/skeb/ori_atorion-373db9.json
2026-09-14 03:39:46 | INFO     | OK https://skeb.jp/api/users/uguu67
2026-09-14 03:39:46 | INFO     | Saving at a/skeb/uguu67-9491ea.json
2026-09-14 03:39:47 | INFO     | OK https://skeb.jp/api/users/2_bo_ra
2026-09-14 03:39:47 | INFO     | Saving at a/skeb/2_bo_ra-5add97.json
2026-09-14 03:39:48 | INFO     | OK https://skeb.jp/api/users/reve_sketch035
2026-09-14 03:39:48 | INFO     | Saving at a/skeb/reve_sketch035-e005dd.json
2026-09-14 03:39:49 | INFO     | OK https://skeb.jp/api/users/melopippi0219
2026-09-14 03:39:49 | INFO     | Saving at a/skeb/melopippi0219-c308e2.json
2026-09-14 03:39:50 | INFO     | OK https://skeb.jp/api/users/5_necoze
2026-09-14 03:39:50 | INFO     | Saving at a/skeb/5_necoze-ac9004.json
2026-09-14 03:39:51 | INFO     | OK https://skeb.jp/api/users/kotake2da
2026-09-14 03:39:51 | INFO     | Saving at a/skeb/kotake2da-b26007.json
2026-09-14 03:39:52 | INFO     | OK https://skeb.jp/api/users/nobuozi
2026-09-14 03:39:52 | INFO     | Saving at a/skeb/nobuozi-bfb6a2.json
2026-09-14 03:39:53 | INFO     | OK https://skeb.jp/api/users/kachofuei6714
2026-09-14 03:39:53 | INFO     | Saving at a/skeb/kachofuei6714-1e73f9.json
2026-09-14 03:39:54 | INFO     | OK https://skeb.jp/api/users/TA_O_365
2026-09-14 03:39:54 | INFO     | Saving at a/skeb/TA_O_365-5b8f2d.json
2026-09-14 03:39:55 | INFO     | OK https://skeb.jp/api/users/wapitaro_wap
2026-09-14 03:39:55 | INFO     | Saving at a/skeb/wapitaro_wap-d65bdb.json
2026-09-14 03:39:56 | INFO     | OK https://skeb.jp/api/users/kagu_ha
2026-09-14 03:39:56 | INFO     | Saving at a/skeb/kagu_ha-c4b112.json
2026-09-14 03:39:57 | INFO     | OK https://skeb.jp/api/users/ukiusagi
2026-09-14 03:39:57 | INFO     | Saving at a/skeb/ukiusagi-1655f3.json
2026-09-14 03:39:58 | INFO     | OK https://skeb.jp/api/users/hidakaui
2026-09-14 03:39:58 | INFO     | Saving at a/skeb/hidakaui-e2875a.json
2026-09-14 03:39:59 | INFO     | OK https://skeb.jp/api/users/miyako_miyo
2026-09-14 03:39:59 | INFO     | Saving at a/skeb/miyako_miyo-164293.json
2026-09-14 03:40:00 | INFO     | OK https://skeb.jp/api/users/tl81
2026-09-14 03:40:00 | INFO     | Saving at a/skeb/tl81-f6b2e2.json
2026-09-14 03:40:01 | INFO     | OK https://skeb.jp/api/users/dokuhara_alter
2026-09-14 03:40:01 | INFO     | Saving at a/skeb/dokuhara_alter-21163d.json
2026-09-14 03:40:02 | INFO     | OK https://skeb.jp/api/users/marocha_12
2026-09-14 03:40:02 | INFO     | Saving at a/skeb/marocha_12-5abf7a.json
2026-09-14 03:40:03 | INFO     | OK https://skeb.jp/api/users/Li0_y
2026-09-14 03:40:03 | INFO     | Saving at a/skeb/Li0_y-1ac693.json
2026-09-14 03:40:04 | INFO     | OK https://skeb.jp/api/users/go_6p
2026-09-14 03:40:04 | INFO     | Saving at a/skeb/go_6p-1cd720.json
2026-09-14 03:40:05 | INFO     | OK https://skeb.jp/api/users/umezometanuki
2026-09-14 03:40:05 | INFO     | Saving at a/skeb/umezometanuki-e4d130.json
2026-09-14 03:40:06 | INFO     | OK https://skeb.jp/api/users/Kyouka_Abi
2026-09-14 03:40:06 | INFO     | Saving at a/skeb/Kyouka_Abi-414fed.json
2026-09-14 03:40:07 | INFO     | OK https://skeb.jp/api/users/139_cheri
2026-09-14 03:40:07 | INFO     | Saving at a/skeb/139_cheri-0e2705.json
2026-09-14 03:40:08 | INFO     | OK https://skeb.jp/api/users/nemutai_tai444
2026-09-14 03:40:08 | INFO     | Saving at a/skeb/nemutai_tai444-f06920.json
2026-09-14 03:40:09 | INFO     | OK https://skeb.jp/api/users/LaVii_exe
2026-09-14 03:40:09 | INFO     | Saving at a/skeb/LaVii_exe-1e42ab.json
2026-09-14 03:40:10 | INFO     | OK https://skeb.jp/api/users/hotatube_nya
2026-09-14 03:40:10 | INFO     | Saving at a/skeb/hotatube_nya-f486f8.json
2026-09-14 03:40:11 | INFO     | OK https://skeb.jp/api/users/Lepharrla
2026-09-14 03:40:11 | INFO     | Saving at a/skeb/Lepharrla-1f2b4c.json
2026-09-14 03:40:12 | INFO     | OK https://skeb.jp/api/users/shioaji_
2026-09-14 03:40:12 | INFO     | Saving at a/skeb/shioaji_-886698.json
2026-09-14 03:40:13 | INFO     | OK https://skeb.jp/api/users/tayoshi_miyako
2026-09-14 03:40:13 | INFO     | Saving at a/skeb/tayoshi_miyako-548782.json
2026-09-14 03:40:14 | INFO     | OK https://skeb.jp/api/users/purinkoguma
2026-09-14 03:40:14 | INFO     | Saving at a/skeb/purinkoguma-9e0d2a.json
2026-09-14 03:40:15 | INFO     | OK https://skeb.jp/api/users/SHINMUGI_n1ght
2026-09-14 03:40:15 | INFO     | Saving at a/skeb/SHINMUGI_n1ght-72f94d.json
2026-09-14 03:40:16 | INFO     | OK https://skeb.jp/api/users/akubio00
2026-09-14 03:40:16 | INFO     | Saving at a/skeb/akubio00-d5fe78.json
2026-09-14 03:40:17 | INFO     | OK https://skeb.jp/api/users/yusa_ruto
2026-09-14 03:40:17 | INFO     | Saving at a/skeb/yusa_ruto-3662a1.json
2026-09-14 03:40:18 | INFO     | OK https://skeb.jp/api/users/mtz960skeb
2026-09-14 03:40:18 | INFO     | Saving at a/skeb/mtz960skeb-daf30b.json
2026-09-14 03:40:19 | INFO     | OK https://skeb.jp/api/users/shizu_874
2026-09-14 03:40:19 | INFO     | Saving at a/skeb/shizu_874-a14984.json
2026-09-14 03:40:20 | INFO     | OK https://skeb.jp/api/users/sshrasmr_V
2026-09-14 03:40:20 | INFO     | Saving at a/skeb/sshrasmr_V-5042ae.json
2026-09-14 03:40:21 | INFO     | OK https://skeb.jp/api/users/takano_higashi
2026-09-14 03:40:21 | INFO     | Saving at a/skeb/takano_higashi-099b97.json
2026-09-14 03:40:22 | INFO     | OK https://skeb.jp/api/users/knkr_haku_
2026-09-14 03:40:22 | INFO     | Saving at a/skeb/knkr_haku_-078717.json
2026-09-14 03:40:23 | WARNING  | 404 on https://skeb.jp/api/users/haruzoramoko0823 (attempt 1/3)
2026-09-14 03:40:24 | INFO     | OK https://skeb.jp/api/users/MiDoRi_m_d_r
2026-09-14 03:40:24 | INFO     | Saving at a/skeb/MiDoRi_m_d_r-3a6b04.json
2026-09-14 03:40:25 | INFO     | OK https://skeb.jp/api/users/46no_kidou1004
2026-09-14 03:40:25 | INFO     | Saving at a/skeb/46no_kidou1004-92f906.json
2026-09-14 03:40:26 | INFO     | OK https://skeb.jp/api/users/usahana101
2026-09-14 03:40:26 | INFO     | Saving at a/skeb/usahana101-dbd7e0.json
2026-09-14 03:40:27 | INFO     | OK https://skeb.jp/api/users/clous1216
2026-09-14 03:40:27 | INFO     | Saving at a/skeb/clous1216-796dd3.json
2026-09-14 03:40:28 | INFO     | OK https://skeb.jp/api/users/yoko_tate2
2026-09-14 03:40:28 | INFO     | Saving at a/skeb/yoko_tate2-d74482.json
2026-09-14 03:40:29 | INFO     | OK https://skeb.jp/api/users/Kokai_Ao
2026-09-14 03:40:29 | INFO     | Saving at a/skeb/Kokai_Ao-8a491b.json
2026-09-14 03:40:30 | INFO     | OK https://skeb.jp/api/users/sdr_yanagi
2026-09-14 03:40:30 | INFO     | Saving at a/skeb/sdr_yanagi-881436.json
2026-09-14 03:40:31 | INFO     | OK https://skeb.jp/api/users/ANNINR1
2026-09-14 03:40:31 | INFO     | Saving at a/skeb/ANNINR1-76fcc8.json
2026-09-14 03:40:32 | WARNING  | 404 on https://skeb.jp/api/users/angeceleste9792 (attempt 1/3)
2026-09-14 03:40:33 | INFO     | OK https://skeb.jp/api/users/gyunyupixiv
2026-09-14 03:40:33 | INFO     | Saving at a/skeb/gyunyupixiv-cdcc57.json
2026-09-14 03:40:34 | INFO     | OK https://skeb.jp/api/users/kankitukou
2026-09-14 03:40:34 | INFO     | Saving at a/skeb/kankitukou-6ab0a6.json
2026-09-14 03:40:35 | INFO     | OK https://skeb.jp/api/users/tsukigusasisri
2026-09-14 03:40:35 | INFO     | Saving at a/skeb/tsukigusasisri-69ce1a.json
2026-09-14 03:40:36 | INFO     | OK https://skeb.jp/api/users/gi4_xz
2026-09-14 03:40:36 | INFO     | Saving at a/skeb/gi4_xz-a51e42.json
2026-09-14 03:40:37 | INFO     | OK https://skeb.jp/api/users/chanhomu
2026-09-14 03:40:37 | INFO     | Saving at a/skeb/chanhomu-beeee2.json
2026-09-14 03:40:38 | INFO     | OK https://skeb.jp/api/users/Writer_Tsubaki
2026-09-14 03:40:38 | INFO     | Saving at a/skeb/Writer_Tsubaki-607e0a.json
2026-09-14 03:40:39 | INFO     | OK https://skeb.jp/api/users/hotcakehottoke
2026-09-14 03:40:39 | INFO     | Saving at a/skeb/hotcakehottoke-4d87d7.json
2026-09-14 03:40:40 | INFO     | OK https://skeb.jp/api/users/mosamosa_OC
2026-09-14 03:40:40 | INFO     | Saving at a/skeb/mosamosa_OC-47d680.json
2026-09-14 03:40:41 | INFO     | OK https://skeb.jp/api/users/kashiwanoki3939
2026-09-14 03:40:41 | INFO     | Saving at a/skeb/kashiwanoki3939-1ffc53.json
2026-09-14 03:40:42 | INFO     | OK https://skeb.jp/api/users/yowane__oO
2026-09-14 03:40:42 | INFO     | Saving at a/skeb/yowane__oO-9388c5.json
2026-09-14 03:40:43 | INFO     | OK https://skeb.jp/api/users/_mitoku
2026-09-14 03:40:43 | INFO     | Saving at a/skeb/_mitoku-9e74ea.json
2026-09-14 03:40:44 | WARNING  | 404 on https://skeb.jp/api/users/haruzoramoko0823 (attempt 2/3)
2026-09-14 03:40:45 | WARNING  | 404 on https://skeb.jp/api/users/angeceleste9792 (attempt 2/3)
2026-09-14 03:40:46 | INFO     | OK https://skeb.jp/api/users/Doom_yorusen
2026-09-14 03:40:46 | INFO     | Saving at a/skeb/Doom_yorusen-9ddeab.json
2026-09-14 03:40:47 | INFO     | OK https://skeb.jp/api/users/kuranokiske114
2026-09-14 03:40:47 | INFO     | Saving at a/skeb/kuranokiske114-bdfc5f.json
2026-09-14 03:40:48 | INFO     | OK https://skeb.jp/api/users/MaskOrga
2026-09-14 03:40:48 | INFO     | Saving at a/skeb/MaskOrga-476a49.json
2026-09-14 03:40:49 | INFO     | OK https://skeb.jp/api/users/moimoi_sp
2026-09-14 03:40:49 | INFO     | Saving at a/skeb/moimoi_sp-a20228.json
2026-09-14 03:40:50 | WARNING  | 404 on https://skeb.jp/api/users/haruzoramoko0823 (attempt 3/3)
2026-09-14 03:40:51 | WARNING  | 404 on https://skeb.jp/api/users/angeceleste9792 (attempt 3/3)
2026-09-14 03:40:52 | INFO     | OK https://skeb.jp/api/users/Asahi_time
2026-09-14 03:40:52 | INFO     | Saving at a/skeb/Asahi_time-919aa2.json
2026-09-14 03:40:53 | INFO     | OK https://skeb.jp/api/users/_VQ_QU_
2026-09-14 03:40:53 | INFO     | Saving at a/skeb/_VQ_QU_-926b79.json
2026-09-14 03:40:54 | INFO     | OK https://skeb.jp/api/users/32_ni_san
2026-09-14 03:40:54 | INFO     | Saving at a/skeb/32_ni_san-3acb35.json
2026-09-14 03:40:55 | INFO     | OK https://skeb.jp/api/users/citizenoftheA
2026-09-14 03:40:55 | INFO     | Saving at a/skeb/citizenoftheA-f32fd8.json
2026-09-14 03:40:56 | INFO     | OK https://skeb.jp/api/users/mozu_1230
2026-09-14 03:40:56 | INFO     | Saving at a/skeb/mozu_1230-89d5b5.json
2026-09-14 03:40:57 | INFO     | OK https://skeb.jp/api/users/NU_TRPG123
2026-09-14 03:40:57 | INFO     | Saving at a/skeb/NU_TRPG123-3046b6.json
2026-09-14 03:40:58 | INFO     | OK https://skeb.jp/api/users/wkmz_4649
2026-09-14 03:40:58 | INFO     | Saving at a/skeb/wkmz_4649-cd13da.json
2026-09-14 03:40:59 | INFO     | OK https://skeb.jp/api/users/miwotsuku_
2026-09-14 03:40:59 | INFO     | Saving at a/skeb/miwotsuku_-c33368.json
2026-09-14 03:41:00 | INFO     | OK https://skeb.jp/api/users/ShiiChan_TRPG
2026-09-14 03:41:00 | INFO     | Saving at a/skeb/ShiiChan_TRPG-585096.json
2026-09-14 03:41:01 | INFO     | OK https://skeb.jp/api/users/Rin_Takatuki
2026-09-14 03:41:01 | INFO     | Saving at a/skeb/Rin_Takatuki-b3c613.json
2026-09-14 03:41:02 | INFO     | OK https://skeb.jp/api/users/Ryoya_Raiko
2026-09-14 03:41:02 | INFO     | Saving at a/skeb/Ryoya_Raiko-a5804b.json
2026-09-14 03:41:03 | INFO     | OK https://skeb.jp/api/users/batekka
2026-09-14 03:41:03 | INFO     | Saving at a/skeb/batekka-cf9521.json
2026-09-14 03:41:04 | INFO     | OK https://skeb.jp/api/users/_by4co
2026-09-14 03:41:04 | INFO     | Saving at a/skeb/_by4co-ae59c2.json
2026-09-14 03:41:05 | INFO     | OK https://skeb.jp/api/users/koyomi_1017
2026-09-14 03:41:05 | INFO     | Saving at a/skeb/koyomi_1017-b67d88.json
2026-09-14 03:41:06 | INFO     | OK https://skeb.jp/api/users/bokujo_v
2026-09-14 03:41:06 | INFO     | Saving at a/skeb/bokujo_v-b4d058.json
2026-09-14 03:41:07 | INFO     | OK https://skeb.jp/api/users/mekk
2026-09-14 03:41:07 | INFO     | Saving at a/skeb/mekk-976a1d.json
2026-09-14 03:41:08 | INFO     | OK https://skeb.jp/api/users/asahi_sakamaki
2026-09-14 03:41:08 | INFO     | Saving at a/skeb/asahi_sakamaki-ce63d3.json
2026-09-14 03:41:09 | INFO     | OK https://skeb.jp/api/users/ego_skeb
2026-09-14 03:41:09 | INFO     | Saving at a/skeb/ego_skeb-b07874.json
2026-09-14 03:41:10 | INFO     | OK https://skeb.jp/api/users/15thChG
2026-09-14 03:41:10 | INFO     | Saving at a/skeb/15thChG-af3ed9.json
2026-09-14 03:41:11 | INFO     | OK https://skeb.jp/api/users/wryyoco
2026-09-14 03:41:11 | INFO     | Saving at a/skeb/wryyoco-2eaf53.json
2026-09-14 03:41:12 | INFO     | OK https://skeb.jp/api/users/yoinoiyo
2026-09-14 03:41:12 | INFO     | Saving at a/skeb/yoinoiyo-fc0ef0.json
2026-09-14 03:41:13 | INFO     | OK https://skeb.jp/api/users/uwonozoki
2026-09-14 03:41:13 | INFO     | Saving at a/skeb/uwonozoki-106ab8.json
2026-09-14 03:41:14 | INFO     | OK https://skeb.jp/api/users/4433
2026-09-14 03:41:14 | INFO     | Saving at a/skeb/4433-60e1de.json
2026-09-14 03:41:15 | INFO     | OK https://skeb.jp/api/users/jknt_i5280
2026-09-14 03:41:15 | INFO     | Saving at a/skeb/jknt_i5280-87878e.json
2026-09-14 03:41:16 | INFO     | OK https://skeb.jp/api/users/hairogray
2026-09-14 03:41:16 | INFO     | Saving at a/skeb/hairogray-10d1ba.json
2026-09-14 03:41:17 | INFO     | OK https://skeb.jp/api/users/tamaruyui
2026-09-14 03:41:17 | INFO     | Saving at a/skeb/tamaruyui-495ee4.json
2026-09-14 03:41:18 | INFO     | OK https://skeb.jp/api/users/tsumugi_t1231
2026-09-14 03:41:18 | INFO     | Saving at a/skeb/tsumugi_t1231-d31e64.json
2026-09-14 03:41:19 | INFO     | OK https://skeb.jp/api/users/srnzr
2026-09-14 03:41:19 | INFO     | Saving at a/skeb/srnzr-111a61.json
2026-09-14 03:41:20 | INFO     | OK https://skeb.jp/api/users/Hotateguy_art
2026-09-14 03:41:20 | INFO     | Saving at a/skeb/Hotateguy_art-d8a090.json
2026-09-14 03:41:21 | INFO     | OK https://skeb.jp/api/users/leonis_g
2026-09-14 03:41:21 | INFO     | Saving at a/skeb/leonis_g-6833fd.json
2026-09-14 03:41:22 | INFO     | OK https://skeb.jp/api/users/8asys
2026-09-14 03:41:22 | INFO     | Saving at a/skeb/8asys-0920e4.json
2026-09-14 03:41:23 | INFO     | OK https://skeb.jp/api/users/kurosuzu1200
2026-09-14 03:41:23 | INFO     | Saving at a/skeb/kurosuzu1200-727b5f.json
2026-09-14 03:41:24 | INFO     | OK https://skeb.jp/api/users/hernia052
2026-09-14 03:41:24 | INFO     | Saving at a/skeb/hernia052-4fef94.json
2026-09-14 03:41:25 | INFO     | OK https://skeb.jp/api/users/torizo_ruru
2026-09-14 03:41:25 | INFO     | Saving at a/skeb/torizo_ruru-78d3a4.json
2026-09-14 03:41:26 | INFO     | OK https://skeb.jp/api/users/kisetu_maki
2026-09-14 03:41:26 | INFO     | Saving at a/skeb/kisetu_maki-0ba855.json
2026-09-14 03:41:27 | INFO     | OK https://skeb.jp/api/users/bluearcZUKI1582
2026-09-14 03:41:27 | INFO     | Saving at a/skeb/bluearcZUKI1582-820280.json
2026-09-14 03:41:28 | INFO     | OK https://skeb.jp/api/users/horomiya_
2026-09-14 03:41:28 | INFO     | Saving at a/skeb/horomiya_-342f48.json
2026-09-14 03:41:29 | INFO     | OK https://skeb.jp/api/users/sabakanff
2026-09-14 03:41:29 | INFO     | Saving at a/skeb/sabakanff-480076.json
2026-09-14 03:41:30 | INFO     | OK https://skeb.jp/api/users/580AOI
2026-09-14 03:41:30 | INFO     | Saving at a/skeb/580AOI-34b747.json
2026-09-14 03:41:31 | INFO     | OK https://skeb.jp/api/users/sarada_015
2026-09-14 03:41:31 | INFO     | Saving at a/skeb/sarada_015-73d18a.json
2026-09-14 03:41:32 | INFO     | OK https://skeb.jp/api/users/_piyo_piyo_00
2026-09-14 03:41:32 | INFO     | Saving at a/skeb/_piyo_piyo_00-a58619.json
2026-09-14 03:41:33 | INFO     | OK https://skeb.jp/api/users/yue_err_alice
2026-09-14 03:41:33 | INFO     | Saving at a/skeb/yue_err_alice-ab7909.json
2026-09-14 03:41:34 | INFO     | OK https://skeb.jp/api/users/sakamalh
2026-09-14 03:41:34 | INFO     | Saving at a/skeb/sakamalh-1f53c7.json
2026-09-14 03:41:35 | INFO     | OK https://skeb.jp/api/users/kareusagi_
2026-09-14 03:41:35 | INFO     | Saving at a/skeb/kareusagi_-cae06e.json
2026-09-14 03:41:36 | INFO     | OK https://skeb.jp/api/users/kajiki__
2026-09-14 03:41:36 | INFO     | Saving at a/skeb/kajiki__-4fc823.json
2026-09-14 03:41:37 | INFO     | OK https://skeb.jp/api/users/raymie0124
2026-09-14 03:41:37 | INFO     | Saving at a/skeb/raymie0124-ae55f9.json
2026-09-14 03:41:38 | INFO     | OK https://skeb.jp/api/users/lts_KAKUYO
2026-09-14 03:41:38 | INFO     | Saving at a/skeb/lts_KAKUYO-d8dd56.json
2026-09-14 03:41:39 | INFO     | OK https://skeb.jp/api/users/mitoji_3
2026-09-14 03:41:39 | INFO     | Saving at a/skeb/mitoji_3-aa8316.json
2026-09-14 03:41:40 | INFO     | OK https://skeb.jp/api/users/yaya_kamona_
2026-09-14 03:41:40 | INFO     | Saving at a/skeb/yaya_kamona_-fffd0f.json
2026-09-14 03:41:41 | INFO     | OK https://skeb.jp/api/users/p8_kei
2026-09-14 03:41:41 | INFO     | Saving at a/skeb/p8_kei-bfb8e1.json
2026-09-14 03:41:42 | INFO     | OK https://skeb.jp/api/users/Aki_raoo
2026-09-14 03:41:42 | INFO     | Saving at a/skeb/Aki_raoo-21f740.json
2026-09-14 03:41:43 | INFO     | OK https://skeb.jp/api/users/TopazSinkiiten3
2026-09-14 03:41:43 | INFO     | Saving at a/skeb/TopazSinkiiten3-48d684.json
2026-09-14 03:41:44 | INFO     | OK https://skeb.jp/api/users/amon555k
2026-09-14 03:41:44 | INFO     | Saving at a/skeb/amon555k-07b75b.json
2026-09-14 03:41:45 | INFO     | OK https://skeb.jp/api/users/mizol_000
2026-09-14 03:41:45 | INFO     | Saving at a/skeb/mizol_000-2a1264.json
2026-09-14 03:41:46 | INFO     | OK https://skeb.jp/api/users/futaba__cocona
2026-09-14 03:41:46 | INFO     | Saving at a/skeb/futaba__cocona-f73d0d.json
2026-09-14 03:41:47 | WARNING  | 404 on https://skeb.jp/api/users/deunamiist (attempt 1/3)
2026-09-14 03:41:48 | INFO     | OK https://skeb.jp/api/users/RINJIN_VRC
2026-09-14 03:41:48 | INFO     | Saving at a/skeb/RINJIN_VRC-7a95bc.json
2026-09-14 03:41:49 | INFO     | OK https://skeb.jp/api/users/ponnzuame
2026-09-14 03:41:49 | INFO     | Saving at a/skeb/ponnzuame-32dc2a.json
2026-09-14 03:41:50 | INFO     | OK https://skeb.jp/api/users/024_uou
2026-09-14 03:41:50 | INFO     | Saving at a/skeb/024_uou-f06f1d.json
2026-09-14 03:41:51 | WARNING  | 404 on https://skeb.jp/api/users/deunamiist (attempt 2/3)
2026-09-14 03:41:52 | INFO     | OK https://skeb.jp/api/users/gura_1017
2026-09-14 03:41:52 | INFO     | Saving at a/skeb/gura_1017-2ff6dd.json
2026-09-14 03:41:53 | INFO     | OK https://skeb.jp/api/users/yamai00
2026-09-14 03:41:53 | INFO     | Saving at a/skeb/yamai00-3e27ca.json
2026-09-14 03:41:54 | INFO     | OK https://skeb.jp/api/users/celsior500
2026-09-14 03:41:54 | INFO     | Saving at a/skeb/celsior500-fa3c49.json
2026-09-14 03:41:55 | INFO     | OK https://skeb.jp/api/users/kotarou83
2026-09-14 03:41:55 | INFO     | Saving at a/skeb/kotarou83-2dd37d.json
2026-09-14 03:41:56 | INFO     | OK https://skeb.jp/api/users/robatakahiro
2026-09-14 03:41:56 | INFO     | Saving at a/skeb/robatakahiro-bd09fa.json
2026-09-14 03:41:57 | INFO     | OK https://skeb.jp/api/users/kechuuuun
2026-09-14 03:41:57 | INFO     | Saving at a/skeb/kechuuuun-725e6b.json
2026-09-14 03:41:58 | INFO     | OK https://skeb.jp/api/users/WZOARrYlmovmuju
2026-09-14 03:41:58 | INFO     | Saving at a/skeb/WZOARrYlmovmuju-a12870.json
2026-09-14 03:41:59 | WARNING  | 404 on https://skeb.jp/api/users/deunamiist (attempt 3/3)
2026-09-14 03:42:00 | INFO     | OK https://skeb.jp/api/users/Neo_otoko
2026-09-14 03:42:00 | INFO     | Saving at a/skeb/Neo_otoko-e7eac5.json
2026-09-14 03:42:01 | INFO     | OK https://skeb.jp/api/users/yoitatoh
2026-09-14 03:42:01 | INFO     | Saving at a/skeb/yoitatoh-0c2fbf.json
2026-09-14 03:42:02 | INFO     | OK https://skeb.jp/api/users/ie2828
2026-09-14 03:42:02 | INFO     | Saving at a/skeb/ie2828-4be0b1.json
2026-09-14 03:42:03 | INFO     | OK https://skeb.jp/api/users/waffle_to
2026-09-14 03:42:03 | INFO     | Saving at a/skeb/waffle_to-cb6370.json
2026-09-14 03:42:04 | INFO     | OK https://skeb.jp/api/users/daishuukaku01
2026-09-14 03:42:04 | INFO     | Saving at a/skeb/daishuukaku01-ae0920.json
2026-09-14 03:42:05 | INFO     | OK https://skeb.jp/api/users/You0_Obake
2026-09-14 03:42:05 | INFO     | Saving at a/skeb/You0_Obake-6c7481.json
2026-09-14 03:42:06 | INFO     | OK https://skeb.jp/api/users/nmiznm
2026-09-14 03:42:06 | INFO     | Saving at a/skeb/nmiznm-839c81.json
2026-09-14 03:42:07 | INFO     | OK https://skeb.jp/api/users/uruawayuki
2026-09-14 03:42:07 | INFO     | Saving at a/skeb/uruawayuki-c38d69.json
2026-09-14 03:42:08 | INFO     | OK https://skeb.jp/api/users/eggplant_314
2026-09-14 03:42:08 | INFO     | Saving at a/skeb/eggplant_314-5bf1b0.json
2026-09-14 03:42:09 | INFO     | OK https://skeb.jp/api/users/0213mod
2026-09-14 03:42:09 | INFO     | Saving at a/skeb/0213mod-75b4c5.json
2026-09-14 03:42:10 | INFO     | OK https://skeb.jp/api/users/skr_mrpr
2026-09-14 03:42:10 | INFO     | Saving at a/skeb/skr_mrpr-bbf1d8.json
2026-09-14 03:42:11 | INFO     | OK https://skeb.jp/api/users/takuanlunch
2026-09-14 03:42:11 | INFO     | Saving at a/skeb/takuanlunch-588597.json
2026-09-14 03:42:12 | INFO     | OK https://skeb.jp/api/users/0129_reto
2026-09-14 03:42:12 | INFO     | Saving at a/skeb/0129_reto-1a0707.json
2026-09-14 03:42:13 | INFO     | OK https://skeb.jp/api/users/4no3_s0102
2026-09-14 03:42:13 | INFO     | Saving at a/skeb/4no3_s0102-4ba46e.json
2026-09-14 03:42:14 | INFO     | OK https://skeb.jp/api/users/dokadokadake
2026-09-14 03:42:14 | INFO     | Saving at a/skeb/dokadokadake-cc8e48.json
2026-09-14 03:42:15 | INFO     | OK https://skeb.jp/api/users/koinago_38
2026-09-14 03:42:15 | INFO     | Saving at a/skeb/koinago_38-0ff775.json
2026-09-14 03:42:16 | INFO     | OK https://skeb.jp/api/users/hino_evening
2026-09-14 03:42:16 | INFO     | Saving at a/skeb/hino_evening-902826.json
2026-09-14 03:42:17 | INFO     | OK https://skeb.jp/api/users/sousaku467g
2026-09-14 03:42:17 | INFO     | Saving at a/skeb/sousaku467g-e455cc.json
2026-09-14 03:42:18 | INFO     | OK https://skeb.jp/api/users/you_new_and
2026-09-14 03:42:18 | INFO     | Saving at a/skeb/you_new_and-c9931b.json
2026-09-14 03:42:19 | INFO     | OK https://skeb.jp/api/users/toad_3389
2026-09-14 03:42:19 | INFO     | Saving at a/skeb/toad_3389-c8917d.json
2026-09-14 03:42:20 | INFO     | OK https://skeb.jp/api/users/1308Kononon
2026-09-14 03:42:20 | INFO     | Saving at a/skeb/1308Kononon-b68a37.json
2026-09-14 03:42:21 | INFO     | OK https://skeb.jp/api/users/d9NR9kbx8ce27kG
2026-09-14 03:42:21 | INFO     | Saving at a/skeb/d9NR9kbx8ce27kG-3a5321.json
2026-09-14 03:42:22 | INFO     | OK https://skeb.jp/api/users/amano__kohaku
2026-09-14 03:42:22 | INFO     | Saving at a/skeb/amano__kohaku-9538c8.json
2026-09-14 03:42:23 | INFO     | OK https://skeb.jp/api/users/hiko_vrc
2026-09-14 03:42:23 | INFO     | Saving at a/skeb/hiko_vrc-37ea2a.json
2026-09-14 03:42:24 | INFO     | OK https://skeb.jp/api/users/neko_tamachann
2026-09-14 03:42:24 | INFO     | Saving at a/skeb/neko_tamachann-9d9bb2.json
2026-09-14 03:42:25 | INFO     | OK https://skeb.jp/api/users/SORAMI_dori
2026-09-14 03:42:25 | INFO     | Saving at a/skeb/SORAMI_dori-13a5d8.json
2026-09-14 03:42:26 | INFO     | OK https://skeb.jp/api/users/eo1436do
2026-09-14 03:42:26 | INFO     | Saving at a/skeb/eo1436do-0b5b4d.json
2026-09-14 03:42:27 | INFO     | OK https://skeb.jp/api/users/merlu_ccius
2026-09-14 03:42:27 | INFO     | Saving at a/skeb/merlu_ccius-2d6eab.json
2026-09-14 03:42:28 | INFO     | OK https://skeb.jp/api/users/RPS_dot
2026-09-14 03:42:28 | INFO     | Saving at a/skeb/RPS_dot-e58ec2.json
2026-09-14 03:42:29 | INFO     | OK https://skeb.jp/api/users/siba_TW
2026-09-14 03:42:29 | INFO     | Saving at a/skeb/siba_TW-3ca843.json
2026-09-14 03:42:30 | INFO     | OK https://skeb.jp/api/users/A_Chikafuji
2026-09-14 03:42:30 | INFO     | Saving at a/skeb/A_Chikafuji-d431c2.json
2026-09-14 03:42:31 | INFO     | OK https://skeb.jp/api/users/hug_tto
2026-09-14 03:42:31 | INFO     | Saving at a/skeb/hug_tto-26bd9a.json
2026-09-14 03:42:32 | INFO     | OK https://skeb.jp/api/users/yudooooll1219
2026-09-14 03:42:32 | INFO     | Saving at a/skeb/yudooooll1219-05fa8d.json
2026-09-14 03:42:33 | INFO     | OK https://skeb.jp/api/users/ohagi_oishii_25
2026-09-14 03:42:33 | INFO     | Saving at a/skeb/ohagi_oishii_25-bbb972.json
2026-09-14 03:42:34 | INFO     | OK https://skeb.jp/api/users/i_mi_yaaa
2026-09-14 03:42:34 | INFO     | Saving at a/skeb/i_mi_yaaa-d35f50.json
2026-09-14 03:42:35 | INFO     | OK https://skeb.jp/api/users/uralicantlope
2026-09-14 03:42:35 | INFO     | Saving at a/skeb/uralicantlope-ce2d8b.json
2026-09-14 03:42:36 | INFO     | OK https://skeb.jp/api/users/cocoich
2026-09-14 03:42:36 | INFO     | Saving at a/skeb/cocoich-252470.json
2026-09-14 03:42:37 | INFO     | OK https://skeb.jp/api/users/yoic_yoru
2026-09-14 03:42:37 | INFO     | Saving at a/skeb/yoic_yoru-2f7980.json
2026-09-14 03:42:38 | INFO     | OK https://skeb.jp/api/users/WN_KNT
2026-09-14 03:42:38 | INFO     | Saving at a/skeb/WN_KNT-665396.json
2026-09-14 03:42:39 | INFO     | OK https://skeb.jp/api/users/NEWCREATELIFE
2026-09-14 03:42:39 | INFO     | Saving at a/skeb/NEWCREATELIFE-53171f.json
2026-09-14 03:42:40 | INFO     | OK https://skeb.jp/api/users/isk65180111
2026-09-14 03:42:40 | INFO     | Saving at a/skeb/isk65180111-e2f486.json
2026-09-14 03:42:41 | INFO     | OK https://skeb.jp/api/users/kitsunemaru_F
2026-09-14 03:42:41 | INFO     | Saving at a/skeb/kitsunemaru_F-4d23ee.json
2026-09-14 03:42:42 | INFO     | OK https://skeb.jp/api/users/rkrkym
2026-09-14 03:42:42 | INFO     | Saving at a/skeb/rkrkym-685672.json
2026-09-14 03:42:43 | INFO     | OK https://skeb.jp/api/users/yanamosuda
2026-09-14 03:42:43 | INFO     | Saving at a/skeb/yanamosuda-c366dd.json
2026-09-14 03:42:44 | INFO     | OK https://skeb.jp/api/users/bou9et
2026-09-14 03:42:44 | INFO     | Saving at a/skeb/bou9et-ce8b9f.json
2026-09-14 03:42:45 | INFO     | OK https://skeb.jp/api/users/shino2121
2026-09-14 03:42:45 | INFO     | Saving at a/skeb/shino2121-08595a.json
2026-09-14 03:42:46 | INFO     | OK https://skeb.jp/api/users/kikuhiro_you
2026-09-14 03:42:46 | INFO     | Saving at a/skeb/kikuhiro_you-861800.json
2026-09-14 03:42:47 | WARNING  | 404 on https://skeb.jp/api/users/yuzuryo (attempt 1/3)
2026-09-14 03:42:48 | INFO     | OK https://skeb.jp/api/users/korokoro_nekoz
2026-09-14 03:42:48 | INFO     | Saving at a/skeb/korokoro_nekoz-2bab8e.json
2026-09-14 03:42:49 | INFO     | OK https://skeb.jp/api/users/wanko_9632
2026-09-14 03:42:49 | INFO     | Saving at a/skeb/wanko_9632-d5663f.json
2026-09-14 03:42:50 | INFO     | OK https://skeb.jp/api/users/revolver_03
2026-09-14 03:42:50 | INFO     | Saving at a/skeb/revolver_03-27c9c2.json
2026-09-14 03:42:51 | WARNING  | 404 on https://skeb.jp/api/users/yuzuryo (attempt 2/3)
2026-09-14 03:42:52 | INFO     | OK https://skeb.jp/api/users/Siitakemarunomi
2026-09-14 03:42:52 | INFO     | Saving at a/skeb/Siitakemarunomi-516368.json
2026-09-14 03:42:53 | INFO     | OK https://skeb.jp/api/users/tomura_amane
2026-09-14 03:42:53 | INFO     | Saving at a/skeb/tomura_amane-61935a.json
2026-09-14 03:42:54 | INFO     | OK https://skeb.jp/api/users/kiron211
2026-09-14 03:42:54 | INFO     | Saving at a/skeb/kiron211-5b57b0.json
2026-09-14 03:42:55 | INFO     | OK https://skeb.jp/api/users/Osakana_Pack
2026-09-14 03:42:55 | INFO     | Saving at a/skeb/Osakana_Pack-10b3c3.json
2026-09-14 03:42:56 | INFO     | OK https://skeb.jp/api/users/6inchcra
2026-09-14 03:42:56 | INFO     | Saving at a/skeb/6inchcra-a2a5e6.json
2026-09-14 03:42:57 | INFO     | OK https://skeb.jp/api/users/kokutoupeach
2026-09-14 03:42:57 | INFO     | Saving at a/skeb/kokutoupeach-67f8a5.json
2026-09-14 03:42:58 | INFO     | OK https://skeb.jp/api/users/maru0505
2026-09-14 03:42:58 | INFO     | Saving at a/skeb/maru0505-55d06b.json
2026-09-14 03:42:59 | INFO     | OK https://skeb.jp/api/users/_paoda
2026-09-14 03:42:59 | INFO     | Saving at a/skeb/_paoda-678804.json
2026-09-14 03:43:00 | INFO     | OK https://skeb.jp/api/users/ccll_ok
2026-09-14 03:43:00 | INFO     | Saving at a/skeb/ccll_ok-51e8a4.json
2026-09-14 03:43:01 | WARNING  | 404 on https://skeb.jp/api/users/yuzuryo (attempt 3/3)
2026-09-14 03:43:02 | INFO     | OK https://skeb.jp/api/users/clusrin
2026-09-14 03:43:02 | INFO     | Saving at a/skeb/clusrin-82a5ee.json
2026-09-14 03:43:03 | INFO     | OK https://skeb.jp/api/users/ABC_D3FG
2026-09-14 03:43:03 | INFO     | Saving at a/skeb/ABC_D3FG-bf882d.json
2026-09-14 03:43:04 | INFO     | OK https://skeb.jp/api/users/moniko913
2026-09-14 03:43:04 | INFO     | Saving at a/skeb/moniko913-98d6fc.json
2026-09-14 03:43:05 | INFO     | OK https://skeb.jp/api/users/dx770bpp
2026-09-14 03:43:05 | INFO     | Saving at a/skeb/dx770bpp-23a3a8.json
2026-09-14 03:43:06 | INFO     | OK https://skeb.jp/api/users/r_309_
2026-09-14 03:43:06 | INFO     | Saving at a/skeb/r_309_-3268d6.json
2026-09-14 03:43:07 | INFO     | OK https://skeb.jp/api/users/rokurokugo11
2026-09-14 03:43:07 | INFO     | Saving at a/skeb/rokurokugo11-abd870.json
2026-09-14 03:43:08 | INFO     | OK https://skeb.jp/api/users/777basteto222go
2026-09-14 03:43:08 | INFO     | Saving at a/skeb/777basteto222go-357360.json
2026-09-14 03:43:09 | INFO     | OK https://skeb.jp/api/users/uru_1121
2026-09-14 03:43:09 | INFO     | Saving at a/skeb/uru_1121-128491.json
2026-09-14 03:43:10 | INFO     | OK https://skeb.jp/api/users/me
2026-09-14 03:43:10 | INFO     | Saving at a/skeb/me-ab86a1.json
2026-09-14 03:43:11 | INFO     | OK https://skeb.jp/api/users/winvita
2026-09-14 03:43:11 | INFO     | Saving at a/skeb/winvita-49e5dc.json
2026-09-14 03:43:12 | INFO     | OK https://skeb.jp/api/users/BBBucky_p
2026-09-14 03:43:12 | INFO     | Saving at a/skeb/BBBucky_p-79ea28.json
2026-09-14 03:43:13 | INFO     | OK https://skeb.jp/api/users/lilyB_ohwashi
2026-09-14 03:43:13 | INFO     | Saving at a/skeb/lilyB_ohwashi-0ca09e.json
2026-09-14 03:43:14 | INFO     | OK https://skeb.jp/api/users/syuuzat0_hiir0
2026-09-14 03:43:14 | INFO     | Saving at a/skeb/syuuzat0_hiir0-47432a.json
2026-09-14 03:43:15 | INFO     | OK https://skeb.jp/api/users/x_CHIKA_xx
2026-09-14 03:43:15 | INFO     | Saving at a/skeb/x_CHIKA_xx-4d9daa.json
2026-09-14 03:43:16 | INFO     | OK https://skeb.jp/api/users/horfr333
2026-09-14 03:43:16 | INFO     | Saving at a/skeb/horfr333-9efcdd.json
2026-09-14 03:43:17 | INFO     | OK https://skeb.jp/api/users/mittaan2434
2026-09-14 03:43:17 | INFO     | Saving at a/skeb/mittaan2434-db6a0c.json
2026-09-14 03:43:18 | INFO     | OK https://skeb.jp/api/users/zan_nekku
2026-09-14 03:43:18 | INFO     | Saving at a/skeb/zan_nekku-690189.json
2026-09-14 03:43:20 | INFO     | OK https://skeb.jp/api/users/ROHA_KMKS
2026-09-14 03:43:20 | INFO     | Saving at a/skeb/ROHA_KMKS-4b585d.json
2026-09-14 03:43:20 | INFO     | OK https://skeb.jp/api/users/Itowokashi_ex
2026-09-14 03:43:20 | INFO     | Saving at a/skeb/Itowokashi_ex-b0b3bc.json
2026-09-14 03:43:21 | INFO     | OK https://skeb.jp/api/users/mahimahu34
2026-09-14 03:43:21 | INFO     | Saving at a/skeb/mahimahu34-79c974.json
2026-09-14 03:43:22 | INFO     | OK https://skeb.jp/api/users/linear_green5
2026-09-14 03:43:22 | INFO     | Saving at a/skeb/linear_green5-8c47e6.json
2026-09-14 03:43:23 | INFO     | OK https://skeb.jp/api/users/t_fujicom
2026-09-14 03:43:23 | INFO     | Saving at a/skeb/t_fujicom-7522fc.json
2026-09-14 03:43:24 | INFO     | OK https://skeb.jp/api/users/qJHSdwVNXvBBGxL
2026-09-14 03:43:24 | INFO     | Saving at a/skeb/qJHSdwVNXvBBGxL-004571.json
2026-09-14 03:43:25 | INFO     | OK https://skeb.jp/api/users/urrn_urrn_
2026-09-14 03:43:25 | INFO     | Saving at a/skeb/urrn_urrn_-6504bd.json
2026-09-14 03:43:26 | INFO     | OK https://skeb.jp/api/users/cycloneactionX
2026-09-14 03:43:26 | INFO     | Saving at a/skeb/cycloneactionX-046da9.json
2026-09-14 03:43:27 | INFO     | OK https://skeb.jp/api/users/koucha94
2026-09-14 03:43:27 | INFO     | Saving at a/skeb/koucha94-cafed1.json
2026-09-14 03:43:28 | INFO     | OK https://skeb.jp/api/users/mill_36
2026-09-14 03:43:28 | INFO     | Saving at a/skeb/mill_36-884727.json
2026-09-14 03:43:29 | INFO     | OK https://skeb.jp/api/users/kyakkashouko811
2026-09-14 03:43:29 | INFO     | Saving at a/skeb/kyakkashouko811-b2c596.json
2026-09-14 03:43:30 | INFO     | OK https://skeb.jp/api/users/Skhachi8
2026-09-14 03:43:30 | INFO     | Saving at a/skeb/Skhachi8-4f9b45.json
2026-09-14 03:43:31 | INFO     | OK https://skeb.jp/api/users/primarys2020
2026-09-14 03:43:31 | INFO     | Saving at a/skeb/primarys2020-001f5b.json
2026-09-14 03:43:32 | INFO     | OK https://skeb.jp/api/users/porutani72
2026-09-14 03:43:32 | INFO     | Saving at a/skeb/porutani72-6d9205.json
2026-09-14 03:43:33 | INFO     | OK https://skeb.jp/api/users/akou001
2026-09-14 03:43:33 | INFO     | Saving at a/skeb/akou001-07a473.json
2026-09-14 03:43:34 | INFO     | OK https://skeb.jp/api/users/rikunosuama
2026-09-14 03:43:34 | INFO     | Saving at a/skeb/rikunosuama-afb68e.json
2026-09-14 03:43:35 | INFO     | OK https://skeb.jp/api/users/kninora3
2026-09-14 03:43:35 | INFO     | Saving at a/skeb/kninora3-321617.json
2026-09-14 03:43:36 | INFO     | OK https://skeb.jp/api/users/meimu_MMM
2026-09-14 03:43:36 | INFO     | Saving at a/skeb/meimu_MMM-504e73.json
2026-09-14 03:43:37 | INFO     | OK https://skeb.jp/api/users/kthr119
2026-09-14 03:43:37 | INFO     | Saving at a/skeb/kthr119-f674b9.json
2026-09-14 03:43:38 | INFO     | OK https://skeb.jp/api/users/rigpa
2026-09-14 03:43:38 | INFO     | Saving at a/skeb/rigpa-a25869.json
2026-09-14 03:43:39 | INFO     | OK https://skeb.jp/api/users/inusukiNo1
2026-09-14 03:43:39 | INFO     | Saving at a/skeb/inusukiNo1-ecae61.json
2026-09-14 03:43:40 | INFO     | OK https://skeb.jp/api/users/monaka
2026-09-14 03:43:40 | INFO     | Saving at a/skeb/monaka-d32760.json
2026-09-14 03:43:41 | INFO     | OK https://skeb.jp/api/users/sasai_chi
2026-09-14 03:43:41 | INFO     | Saving at a/skeb/sasai_chi-113a8d.json
2026-09-14 03:43:42 | INFO     | OK https://skeb.jp/api/users/hinoru_art
2026-09-14 03:43:42 | INFO     | Saving at a/skeb/hinoru_art-2ac9f9.json
2026-09-14 03:43:43 | INFO     | OK https://skeb.jp/api/users/o_ju_o
2026-09-14 03:43:43 | INFO     | Saving at a/skeb/o_ju_o-7fe854.json
2026-09-14 03:43:44 | INFO     | OK https://skeb.jp/api/users/K_2107G_2909
2026-09-14 03:43:44 | INFO     | Saving at a/skeb/K_2107G_2909-0288c5.json
2026-09-14 03:43:45 | INFO     | OK https://skeb.jp/api/users/inaama214
2026-09-14 03:43:45 | INFO     | Saving at a/skeb/inaama214-841f81.json
2026-09-14 03:43:46 | INFO     | OK https://skeb.jp/api/users/3295nekoGhoti
2026-09-14 03:43:46 | INFO     | Saving at a/skeb/3295nekoGhoti-c6de5d.json
2026-09-14 03:43:47 | INFO     | OK https://skeb.jp/api/users/Amenoichi
2026-09-14 03:43:47 | INFO     | Saving at a/skeb/Amenoichi-13a199.json
2026-09-14 03:43:48 | INFO     | OK https://skeb.jp/api/users/kisi0024
2026-09-14 03:43:48 | INFO     | Saving at a/skeb/kisi0024-9b0457.json
2026-09-14 03:43:49 | INFO     | OK https://skeb.jp/api/users/LambchopFF11
2026-09-14 03:43:49 | INFO     | Saving at a/skeb/LambchopFF11-117316.json
2026-09-14 03:43:50 | INFO     | OK https://skeb.jp/api/users/akityansuika
2026-09-14 03:43:50 | INFO     | Saving at a/skeb/akityansuika-2c1d28.json
2026-09-14 03:43:51 | INFO     | OK https://skeb.jp/api/users/uichan16_
2026-09-14 03:43:51 | INFO     | Saving at a/skeb/uichan16_-46bc4c.json
2026-09-14 03:43:52 | INFO     | OK https://skeb.jp/api/users/ssbsaito
2026-09-14 03:43:52 | INFO     | Saving at a/skeb/ssbsaito-e404aa.json
2026-09-14 03:43:53 | INFO     | OK https://skeb.jp/api/users/anothersumisu
2026-09-14 03:43:53 | INFO     | Saving at a/skeb/anothersumisu-9e0f96.json
2026-09-14 03:43:54 | INFO     | OK https://skeb.jp/api/users/folm_pole
2026-09-14 03:43:54 | INFO     | Saving at a/skeb/folm_pole-691e64.json
2026-09-14 03:43:55 | INFO     | OK https://skeb.jp/api/users/Tarako_0228
2026-09-14 03:43:55 | INFO     | Saving at a/skeb/Tarako_0228-127537.json
2026-09-14 03:43:56 | INFO     | OK https://skeb.jp/api/users/ponpeEX
2026-09-14 03:43:56 | INFO     | Saving at a/skeb/ponpeEX-fa4213.json
2026-09-14 03:43:57 | INFO     | OK https://skeb.jp/api/users/usadama
2026-09-14 03:43:57 | INFO     | Saving at a/skeb/usadama-891ef6.json
2026-09-14 03:43:58 | INFO     | OK https://skeb.jp/api/users/GrowballY
2026-09-14 03:43:58 | INFO     | Saving at a/skeb/GrowballY-428645.json
2026-09-14 03:43:59 | INFO     | OK https://skeb.jp/api/users/7703_i
2026-09-14 03:43:59 | INFO     | Saving at a/skeb/7703_i-7fe0f8.json
2026-09-14 03:44:00 | INFO     | OK https://skeb.jp/api/users/torou_alchemist
2026-09-14 03:44:00 | INFO     | Saving at a/skeb/torou_alchemist-79e92a.json
2026-09-14 03:44:01 | INFO     | OK https://skeb.jp/api/users/_pialqo
2026-09-14 03:44:01 | INFO     | Saving at a/skeb/_pialqo-e087aa.json
2026-09-14 03:44:02 | INFO     | OK https://skeb.jp/api/users/kesiks0616
2026-09-14 03:44:02 | INFO     | Saving at a/skeb/kesiks0616-abd6dd.json
2026-09-14 03:44:03 | INFO     | OK https://skeb.jp/api/users/chocolat2323p
2026-09-14 03:44:03 | INFO     | Saving at a/skeb/chocolat2323p-258978.json
2026-09-14 03:44:04 | INFO     | OK https://skeb.jp/api/users/TamakRui
2026-09-14 03:44:04 | INFO     | Saving at a/skeb/TamakRui-e78b4f.json
2026-09-14 03:44:05 | INFO     | OK https://skeb.jp/api/users/piyoppii1
2026-09-14 03:44:05 | INFO     | Saving at a/skeb/piyoppii1-98365e.json
2026-09-14 03:44:06 | INFO     | OK https://skeb.jp/api/users/namakawaki
2026-09-14 03:44:06 | INFO     | Saving at a/skeb/namakawaki-bfaf19.json
2026-09-14 03:44:07 | INFO     | OK https://skeb.jp/api/users/tentai_trpg
2026-09-14 03:44:07 | INFO     | Saving at a/skeb/tentai_trpg-815d18.json
2026-09-14 03:44:08 | INFO     | OK https://skeb.jp/api/users/tokimakoto_nuu
2026-09-14 03:44:08 | INFO     | Saving at a/skeb/tokimakoto_nuu-550687.json
2026-09-14 03:44:09 | INFO     | OK https://skeb.jp/api/users/hteraoo
2026-09-14 03:44:09 | INFO     | Saving at a/skeb/hteraoo-6797b7.json
2026-09-14 03:44:11 | INFO     | OK https://skeb.jp/api/users/Kama_iruka
2026-09-14 03:44:11 | INFO     | Saving at a/skeb/Kama_iruka-6beac8.json
2026-09-14 03:44:11 | INFO     | OK https://skeb.jp/api/users/_aya_ksrg
2026-09-14 03:44:11 | INFO     | Saving at a/skeb/_aya_ksrg-c6a0da.json
2026-09-14 03:44:12 | INFO     | OK https://skeb.jp/api/users/ce_shii41
2026-09-14 03:44:12 | INFO     | Saving at a/skeb/ce_shii41-16fe8e.json
2026-09-14 03:44:13 | INFO     | OK https://skeb.jp/api/users/nijiomu
2026-09-14 03:44:13 | INFO     | Saving at a/skeb/nijiomu-be8546.json
2026-09-14 03:44:14 | INFO     | OK https://skeb.jp/api/users/77uraxxx
2026-09-14 03:44:14 | INFO     | Saving at a/skeb/77uraxxx-469ceb.json
2026-09-14 03:44:15 | INFO     | OK https://skeb.jp/api/users/UO_dekka_
2026-09-14 03:44:15 | INFO     | Saving at a/skeb/UO_dekka_-ba7dc3.json
2026-09-14 03:44:16 | INFO     | OK https://skeb.jp/api/users/ma_ki_w0
2026-09-14 03:44:16 | INFO     | Saving at a/skeb/ma_ki_w0-b270cc.json
2026-09-14 03:44:17 | INFO     | OK https://skeb.jp/api/users/oOO00_cha
2026-09-14 03:44:17 | INFO     | Saving at a/skeb/oOO00_cha-89df9b.json
2026-09-14 03:44:18 | INFO     | OK https://skeb.jp/api/users/zzza1016
2026-09-14 03:44:18 | INFO     | Saving at a/skeb/zzza1016-9c32ed.json
2026-09-14 03:44:19 | INFO     | OK https://skeb.jp/api/users/kikutani_0515
2026-09-14 03:44:19 | INFO     | Saving at a/skeb/kikutani_0515-87cf88.json
2026-09-14 03:44:20 | INFO     | OK https://skeb.jp/api/users/YumeiroNeu
2026-09-14 03:44:20 | INFO     | Saving at a/skeb/YumeiroNeu-23127c.json
2026-09-14 03:44:21 | INFO     | OK https://skeb.jp/api/users/Gaga_Lv100
2026-09-14 03:44:21 | INFO     | Saving at a/skeb/Gaga_Lv100-a71c05.json
2026-09-14 03:44:22 | INFO     | OK https://skeb.jp/api/users/yagiyama_
2026-09-14 03:44:22 | INFO     | Saving at a/skeb/yagiyama_-060b5f.json
2026-09-14 03:44:23 | INFO     | OK https://skeb.jp/api/users/KANALEMO_chan
2026-09-14 03:44:23 | INFO     | Saving at a/skeb/KANALEMO_chan-d829c9.json
2026-09-14 03:44:24 | INFO     | OK https://skeb.jp/api/users/yumyum_tuna
2026-09-14 03:44:24 | INFO     | Saving at a/skeb/yumyum_tuna-3d7f75.json
2026-09-14 03:44:26 | INFO     | OK https://skeb.jp/api/users/hitomimi_33
2026-09-14 03:44:26 | INFO     | Saving at a/skeb/hitomimi_33-e6fc7a.json
2026-09-14 03:44:26 | INFO     | OK https://skeb.jp/api/users/moko
2026-09-14 03:44:26 | INFO     | Saving at a/skeb/moko-511beb.json
2026-09-14 03:44:28 | INFO     | OK https://skeb.jp/api/users/escort0o
2026-09-14 03:44:28 | INFO     | Saving at a/skeb/escort0o-1dab6a.json
2026-09-14 03:44:28 | INFO     | OK https://skeb.jp/api/users/Lunatic_history
2026-09-14 03:44:28 | INFO     | Saving at a/skeb/Lunatic_history-f36f1e.json
2026-09-14 03:44:29 | INFO     | OK https://skeb.jp/api/users/_ramo404
2026-09-14 03:44:29 | INFO     | Saving at a/skeb/_ramo404-b49a0e.json
2026-09-14 03:44:30 | INFO     | OK https://skeb.jp/api/users/mel_kanikama
2026-09-14 03:44:30 | INFO     | Saving at a/skeb/mel_kanikama-f4daf9.json
2026-09-14 03:44:31 | INFO     | OK https://skeb.jp/api/users/sana8tori
2026-09-14 03:44:31 | INFO     | Saving at a/skeb/sana8tori-c680ca.json
2026-09-14 03:44:32 | INFO     | OK https://skeb.jp/api/users/itsukano1582
2026-09-14 03:44:32 | INFO     | Saving at a/skeb/itsukano1582-808a2b.json
2026-09-14 03:44:34 | INFO     | OK https://skeb.jp/api/users/mi06977435
2026-09-14 03:44:34 | INFO     | Saving at a/skeb/mi06977435-c32467.json
2026-09-14 03:44:35 | INFO     | OK https://skeb.jp/api/users/Aoi_Suzu_
2026-09-14 03:44:35 | INFO     | Saving at a/skeb/Aoi_Suzu_-52215d.json
2026-09-14 03:44:36 | INFO     | OK https://skeb.jp/api/users/bow_howl
2026-09-14 03:44:36 | INFO     | Saving at a/skeb/bow_howl-65d81b.json
2026-09-14 03:44:36 | INFO     | OK https://skeb.jp/api/users/gon_gone5
2026-09-14 03:44:36 | INFO     | Saving at a/skeb/gon_gone5-8e3499.json
2026-09-14 03:44:37 | INFO     | OK https://skeb.jp/api/users/hamu_mao
2026-09-14 03:44:37 | INFO     | Saving at a/skeb/hamu_mao-373dd6.json
2026-09-14 03:44:38 | INFO     | OK https://skeb.jp/api/users/tsumugi_d4yo
2026-09-14 03:44:38 | INFO     | Saving at a/skeb/tsumugi_d4yo-0eed4e.json
2026-09-14 03:44:40 | INFO     | OK https://skeb.jp/api/users/water777s3
2026-09-14 03:44:40 | INFO     | Saving at a/skeb/water777s3-125bd2.json
2026-09-14 03:44:40 | INFO     | OK https://skeb.jp/api/users/majiikemen
2026-09-14 03:44:40 | INFO     | Saving at a/skeb/majiikemen-d666ec.json
2026-09-14 03:44:41 | INFO     | OK https://skeb.jp/api/users/hanayori_000
2026-09-14 03:44:41 | INFO     | Saving at a/skeb/hanayori_000-568c90.json
2026-09-14 03:44:42 | INFO     | OK https://skeb.jp/api/users/p342AFJBpE1W19p
2026-09-14 03:44:42 | INFO     | Saving at a/skeb/p342AFJBpE1W19p-cd8335.json
2026-09-14 03:44:43 | WARNING  | 404 on https://skeb.jp/api/users/frozensinvt (attempt 1/3)
2026-09-14 03:44:44 | INFO     | OK https://skeb.jp/api/users/zo_ra12
2026-09-14 03:44:44 | INFO     | Saving at a/skeb/zo_ra12-5f3ea7.json
2026-09-14 03:44:45 | INFO     | OK https://skeb.jp/api/users/Shil__01
2026-09-14 03:44:45 | INFO     | Saving at a/skeb/Shil__01-20a69c.json
2026-09-14 03:44:47 | INFO     | OK https://skeb.jp/api/users/Utakata_Mao
2026-09-14 03:44:47 | INFO     | Saving at a/skeb/Utakata_Mao-7c3494.json
2026-09-14 03:44:48 | INFO     | OK https://skeb.jp/api/users/Hiyono_Soradori
2026-09-14 03:44:48 | INFO     | Saving at a/skeb/Hiyono_Soradori-7e3a2e.json
2026-09-14 03:44:48 | INFO     | OK https://skeb.jp/api/users/futaura_re
2026-09-14 03:44:48 | INFO     | Saving at a/skeb/futaura_re-6efb40.json
2026-09-14 03:44:49 | WARNING  | 404 on https://skeb.jp/api/users/user425_m (attempt 1/3)
2026-09-14 03:44:50 | WARNING  | 404 on https://skeb.jp/api/users/azumi25chan (attempt 1/3)
2026-09-14 03:44:51 | INFO     | OK https://skeb.jp/api/users/morikontan
2026-09-14 03:44:51 | INFO     | Saving at a/skeb/morikontan-f8ff58.json
2026-09-14 03:44:52 | INFO     | OK https://skeb.jp/api/users/niwaikanai
2026-09-14 03:44:52 | INFO     | Saving at a/skeb/niwaikanai-80b35a.json
2026-09-14 03:44:53 | INFO     | OK https://skeb.jp/api/users/MI15__R
2026-09-14 03:44:53 | INFO     | Saving at a/skeb/MI15__R-03e740.json
2026-09-14 03:44:55 | INFO     | OK https://skeb.jp/api/users/hrk_83n
2026-09-14 03:44:55 | INFO     | Saving at a/skeb/hrk_83n-f5527d.json
2026-09-14 03:44:55 | INFO     | OK https://skeb.jp/api/users/hitori_niko
2026-09-14 03:44:55 | INFO     | Saving at a/skeb/hitori_niko-1f708b.json
2026-09-14 03:44:56 | INFO     | OK https://skeb.jp/api/users/mo_otsss
2026-09-14 03:44:56 | INFO     | Saving at a/skeb/mo_otsss-5dcc5c.json
2026-09-14 03:44:57 | WARNING  | 404 on https://skeb.jp/api/users/frozensinvt (attempt 2/3)
2026-09-14 03:44:58 | INFO     | OK https://skeb.jp/api/users/_chata_
2026-09-14 03:44:58 | INFO     | Saving at a/skeb/_chata_-9980a5.json
2026-09-14 03:45:00 | INFO     | OK https://skeb.jp/api/users/RunRun_Final
2026-09-14 03:45:00 | INFO     | Saving at a/skeb/RunRun_Final-8d8eb8.json
2026-09-14 03:45:00 | WARNING  | 404 on https://skeb.jp/api/users/user425_m (attempt 2/3)
2026-09-14 03:45:01 | INFO     | OK https://skeb.jp/api/users/iloha_091187
2026-09-14 03:45:01 | INFO     | Saving at a/skeb/iloha_091187-a34349.json
2026-09-14 03:45:02 | INFO     | OK https://skeb.jp/api/users/NuNuNn0545
2026-09-14 03:45:02 | INFO     | Saving at a/skeb/NuNuNn0545-c3ebf2.json
2026-09-14 03:45:03 | WARNING  | 404 on https://skeb.jp/api/users/frozensinvt (attempt 3/3)
2026-09-14 03:45:04 | INFO     | OK https://skeb.jp/api/users/Kanahebibibibin
2026-09-14 03:45:04 | INFO     | Saving at a/skeb/Kanahebibibibin-aaac53.json
2026-09-14 03:45:05 | INFO     | OK https://skeb.jp/api/users/pocopocomaru810
2026-09-14 03:45:05 | INFO     | Saving at a/skeb/pocopocomaru810-9ca7cd.json
2026-09-14 03:45:06 | INFO     | OK https://skeb.jp/api/users/rairaraira421
2026-09-14 03:45:06 | INFO     | Saving at a/skeb/rairaraira421-cecad8.json
2026-09-14 03:45:08 | INFO     | OK https://skeb.jp/api/users/aburaeoyaji
2026-09-14 03:45:08 | INFO     | Saving at a/skeb/aburaeoyaji-01e7f6.json
2026-09-14 03:45:08 | WARNING  | 404 on https://skeb.jp/api/users/user425_m (attempt 3/3)
2026-09-14 03:45:09 | INFO     | OK https://skeb.jp/api/users/YakiShake1
2026-09-14 03:45:09 | INFO     | Saving at a/skeb/YakiShake1-2cf691.json
2026-09-14 03:45:10 | WARNING  | 404 on https://skeb.jp/api/users/azumi25chan (attempt 2/3)
2026-09-14 03:45:12 | INFO     | OK https://skeb.jp/api/users/rioaquasama
2026-09-14 03:45:12 | INFO     | Saving at a/skeb/rioaquasama-8e2a74.json
2026-09-14 03:45:12 | INFO     | OK https://skeb.jp/api/users/neri_nanoyo
2026-09-14 03:45:12 | INFO     | Saving at a/skeb/neri_nanoyo-500ffe.json
2026-09-14 03:45:14 | INFO     | OK https://skeb.jp/api/users/CafeLatte_Lsize
2026-09-14 03:45:14 | INFO     | Saving at a/skeb/CafeLatte_Lsize-3800f9.json
2026-09-14 03:45:14 | INFO     | OK https://skeb.jp/api/users/aika_reset
2026-09-14 03:45:14 | INFO     | Saving at a/skeb/aika_reset-984ec7.json
2026-09-14 03:45:15 | WARNING  | 404 on https://skeb.jp/api/users/azumi25chan (attempt 3/3)
2026-09-14 03:45:16 | INFO     | OK https://skeb.jp/api/users/nekoszup52
2026-09-14 03:45:16 | INFO     | Saving at a/skeb/nekoszup52-2f5312.json
2026-09-14 03:45:18 | INFO     | OK https://skeb.jp/api/users/Domeafavor049
2026-09-14 03:45:18 | INFO     | Saving at a/skeb/Domeafavor049-5588d1.json
2026-09-14 03:45:18 | INFO     | OK https://skeb.jp/api/users/yokiya_T90A
2026-09-14 03:45:18 | INFO     | Saving at a/skeb/yokiya_T90A-b0d31f.json
2026-09-14 03:45:20 | INFO     | OK https://skeb.jp/api/users/team3AIS
2026-09-14 03:45:20 | INFO     | Saving at a/skeb/team3AIS-bfed3b.json
2026-09-14 03:45:20 | INFO     | OK https://skeb.jp/api/users/_zunta
2026-09-14 03:45:20 | INFO     | Saving at a/skeb/_zunta-d7efee.json
2026-09-14 03:45:22 | INFO     | OK https://skeb.jp/api/users/YAMADA_v_YAMADA
2026-09-14 03:45:22 | INFO     | Saving at a/skeb/YAMADA_v_YAMADA-8a39e0.json
2026-09-14 03:45:23 | INFO     | OK https://skeb.jp/api/users/maroyaka_inusan
2026-09-14 03:45:23 | INFO     | Saving at a/skeb/maroyaka_inusan-89ddd2.json
2026-09-14 03:45:24 | INFO     | OK https://skeb.jp/api/users/tatsupokopon
2026-09-14 03:45:24 | INFO     | Saving at a/skeb/tatsupokopon-70c595.json
2026-09-14 03:45:24 | INFO     | OK https://skeb.jp/api/users/ussame222
2026-09-14 03:45:24 | INFO     | Saving at a/skeb/ussame222-099560.json
2026-09-14 03:45:25 | INFO     | OK https://skeb.jp/api/users/quuutani
2026-09-14 03:45:25 | INFO     | Saving at a/skeb/quuutani-9a89dd.json
2026-09-14 03:45:27 | INFO     | OK https://skeb.jp/api/users/karikarihosiimo
2026-09-14 03:45:27 | INFO     | Saving at a/skeb/karikarihosiimo-db885e.json
2026-09-14 03:45:28 | INFO     | OK https://skeb.jp/api/users/ron71052891
2026-09-14 03:45:28 | INFO     | Saving at a/skeb/ron71052891-0f7729.json
2026-09-14 03:45:28 | INFO     | OK https://skeb.jp/api/users/lJDJxv92CDw7LAZ
2026-09-14 03:45:28 | INFO     | Saving at a/skeb/lJDJxv92CDw7LAZ-7df744.json
2026-09-14 03:45:30 | INFO     | OK https://skeb.jp/api/users/Suzucata
2026-09-14 03:45:30 | INFO     | Saving at a/skeb/Suzucata-f5e7e8.json
2026-09-14 03:45:30 | INFO     | OK https://skeb.jp/api/users/ONE68_0503
2026-09-14 03:45:30 | INFO     | Saving at a/skeb/ONE68_0503-8cfa3a.json
2026-09-14 03:45:31 | INFO     | OK https://skeb.jp/api/users/SeconBakayaLoid
2026-09-14 03:45:31 | INFO     | Saving at a/skeb/SeconBakayaLoid-98bf77.json
2026-09-14 03:45:32 | WARNING  | 404 on https://skeb.jp/api/users/haruzoramoko (attempt 1/3)
2026-09-14 03:45:34 | INFO     | OK https://skeb.jp/api/users/kuroko_lock6
2026-09-14 03:45:34 | INFO     | Saving at a/skeb/kuroko_lock6-74f5fd.json
2026-09-14 03:45:34 | INFO     | OK https://skeb.jp/api/users/gannpurasukida
2026-09-14 03:45:34 | INFO     | Saving at a/skeb/gannpurasukida-698d49.json
2026-09-14 03:45:35 | INFO     | OK https://skeb.jp/api/users/ziu_ziu_57
2026-09-14 03:45:36 | INFO     | Saving at a/skeb/ziu_ziu_57-78d45b.json
2026-09-14 03:45:36 | INFO     | OK https://skeb.jp/api/users/cocoaumauma33
2026-09-14 03:45:36 | INFO     | Saving at a/skeb/cocoaumauma33-69be6a.json
2026-09-14 03:45:37 | WARNING  | 404 on https://skeb.jp/api/users/haruzoramoko (attempt 2/3)
2026-09-14 03:45:39 | INFO     | OK https://skeb.jp/api/users/sub_mica
2026-09-14 03:45:39 | INFO     | Saving at a/skeb/sub_mica-bb0170.json
2026-09-14 03:45:40 | INFO     | OK https://skeb.jp/api/users/MikageYue_
2026-09-14 03:45:40 | INFO     | Saving at a/skeb/MikageYue_-8ecee5.json
2026-09-14 03:45:41 | INFO     | OK https://skeb.jp/api/users/m87_illustrat
2026-09-14 03:45:41 | INFO     | Saving at a/skeb/m87_illustrat-70d509.json
2026-09-14 03:45:41 | INFO     | OK https://skeb.jp/api/users/halkana
2026-09-14 03:45:41 | INFO     | Saving at a/skeb/halkana-4fb969.json
2026-09-14 03:45:42 | WARNING  | 404 on https://skeb.jp/api/users/haruzoramoko (attempt 3/3)
2026-09-14 03:45:44 | INFO     | OK https://skeb.jp/api/users/yohi_blues
2026-09-14 03:45:44 | INFO     | Saving at a/skeb/yohi_blues-ae0a84.json
2026-09-14 03:45:44 | INFO     | OK https://skeb.jp/api/users/fura3__
2026-09-14 03:45:44 | INFO     | Saving at a/skeb/fura3__-c8aa48.json
2026-09-14 03:45:46 | INFO     | OK https://skeb.jp/api/users/Black_Berry0x0
2026-09-14 03:45:46 | INFO     | Saving at a/skeb/Black_Berry0x0-264b23.json
2026-09-14 03:45:47 | INFO     | OK https://skeb.jp/api/users/mtnmy_
2026-09-14 03:45:47 | INFO     | Saving at a/skeb/mtnmy_-d7829c.json
2026-09-14 03:45:48 | INFO     | OK https://skeb.jp/api/users/asupamayo210
2026-09-14 03:45:48 | INFO     | Saving at a/skeb/asupamayo210-6776d6.json
2026-09-14 03:45:48 | INFO     | OK https://skeb.jp/api/users/Melt_901
2026-09-14 03:45:48 | INFO     | Saving at a/skeb/Melt_901-faf8e4.json
2026-09-14 03:45:50 | INFO     | OK https://skeb.jp/api/users/sirakane
2026-09-14 03:45:50 | INFO     | Saving at a/skeb/sirakane-0e2e5e.json
2026-09-14 03:45:51 | INFO     | OK https://skeb.jp/api/users/woooooork_
2026-09-14 03:45:51 | INFO     | Saving at a/skeb/woooooork_-41dd3a.json
2026-09-14 03:45:52 | INFO     | OK https://skeb.jp/api/users/ussame114
2026-09-14 03:45:52 | INFO     | Saving at a/skeb/ussame114-af0ec6.json
2026-09-14 03:45:53 | INFO     | OK https://skeb.jp/api/users/junko__105__
2026-09-14 03:45:53 | INFO     | Saving at a/skeb/junko__105__-3204a0.json
2026-09-14 03:45:54 | INFO     | OK https://skeb.jp/api/users/TamagoDYOOO
2026-09-14 03:45:54 | INFO     | Saving at a/skeb/TamagoDYOOO-ad9ca9.json
2026-09-14 03:45:54 | INFO     | OK https://skeb.jp/api/users/iiiiiffffm
2026-09-14 03:45:54 | INFO     | Saving at a/skeb/iiiiiffffm-c9c47e.json
2026-09-14 03:45:56 | INFO     | OK https://skeb.jp/api/users/peropero0820
2026-09-14 03:45:56 | INFO     | Saving at a/skeb/peropero0820-4f275d.json
2026-09-14 03:45:57 | INFO     | OK https://skeb.jp/api/users/sasunopi
2026-09-14 03:45:57 | INFO     | Saving at a/skeb/sasunopi-9a2474.json
2026-09-14 03:45:57 | INFO     | OK https://skeb.jp/api/users/mikaduki5
2026-09-14 03:45:57 | INFO     | Saving at a/skeb/mikaduki5-8e3791.json
2026-09-14 03:45:59 | INFO     | OK https://skeb.jp/api/users/urxoq
2026-09-14 03:45:59 | INFO     | Saving at a/skeb/urxoq-9e556f.json
2026-09-14 03:45:59 | INFO     | OK https://skeb.jp/api/users/mochimiya_3
2026-09-14 03:45:59 | INFO     | Saving at a/skeb/mochimiya_3-536489.json
2026-09-14 03:46:01 | INFO     | OK https://skeb.jp/api/users/holysarvel
2026-09-14 03:46:01 | INFO     | Saving at a/skeb/holysarvel-08d8d6.json
2026-09-14 03:46:02 | INFO     | OK https://skeb.jp/api/users/777Nekoya
2026-09-14 03:46:02 | INFO     | Saving at a/skeb/777Nekoya-202ac1.json
2026-09-14 03:46:03 | INFO     | OK https://skeb.jp/api/users/saaaaaki0x0
2026-09-14 03:46:03 | INFO     | Saving at a/skeb/saaaaaki0x0-6f6c6a.json
2026-09-14 03:46:04 | INFO     | OK https://skeb.jp/api/users/yyyyy0301
2026-09-14 03:46:04 | INFO     | Saving at a/skeb/yyyyy0301-348099.json
2026-09-14 03:46:05 | INFO     | OK https://skeb.jp/api/users/konomi_yudsuki
2026-09-14 03:46:05 | INFO     | Saving at a/skeb/konomi_yudsuki-9f6575.json
2026-09-14 03:46:06 | INFO     | OK https://skeb.jp/api/users/Sekiguti_0_o
2026-09-14 03:46:06 | INFO     | Saving at a/skeb/Sekiguti_0_o-647809.json
2026-09-14 03:46:07 | INFO     | OK https://skeb.jp/api/users/7Wbijy__m
2026-09-14 03:46:07 | INFO     | Saving at a/skeb/7Wbijy__m-26334c.json
2026-09-14 03:46:08 | INFO     | OK https://skeb.jp/api/users/shinba_yagi
2026-09-14 03:46:08 | INFO     | Saving at a/skeb/shinba_yagi-ead89e.json
2026-09-14 03:46:09 | INFO     | OK https://skeb.jp/api/users/momijizaki_
2026-09-14 03:46:09 | INFO     | Saving at a/skeb/momijizaki_-97488e.json
2026-09-14 03:46:09 | INFO     | OK https://skeb.jp/api/users/_ruru912
2026-09-14 03:46:10 | INFO     | Saving at a/skeb/_ruru912-b9ca93.json
2026-09-14 03:46:11 | INFO     | OK https://skeb.jp/api/users/tyk_Dsky
2026-09-14 03:46:11 | INFO     | Saving at a/skeb/tyk_Dsky-8e283c.json
2026-09-14 03:46:12 | INFO     | OK https://skeb.jp/api/users/jp_np133
2026-09-14 03:46:12 | INFO     | Saving at a/skeb/jp_np133-be83da.json
2026-09-14 03:46:13 | INFO     | OK https://skeb.jp/api/users/11_reimen_26
2026-09-14 03:46:13 | INFO     | Saving at a/skeb/11_reimen_26-5018f3.json
2026-09-14 03:46:14 | INFO     | OK https://skeb.jp/api/users/Nekomikan432750
2026-09-14 03:46:14 | INFO     | Saving at a/skeb/Nekomikan432750-9e296b.json
2026-09-14 03:46:15 | INFO     | OK https://skeb.jp/api/users/pom_pie
2026-09-14 03:46:15 | INFO     | Saving at a/skeb/pom_pie-af50c7.json
2026-09-14 03:46:15 | INFO     | OK https://skeb.jp/api/users/yumihama_ema
2026-09-14 03:46:15 | INFO     | Saving at a/skeb/yumihama_ema-1500fd.json
2026-09-14 03:46:17 | INFO     | OK https://skeb.jp/api/users/hanamiyayo
2026-09-14 03:46:17 | INFO     | Saving at a/skeb/hanamiyayo-8735c1.json
2026-09-14 03:46:18 | INFO     | OK https://skeb.jp/api/users/Super_Houou
2026-09-14 03:46:18 | INFO     | Saving at a/skeb/Super_Houou-9926b7.json
2026-09-14 03:46:19 | INFO     | OK https://skeb.jp/api/users/UseCurry2020
2026-09-14 03:46:19 | INFO     | Saving at a/skeb/UseCurry2020-9fedb9.json
2026-09-14 03:46:20 | INFO     | OK https://skeb.jp/api/users/kemochiharu717
2026-09-14 03:46:20 | INFO     | Saving at a/skeb/kemochiharu717-9273e2.json
2026-09-14 03:46:21 | INFO     | OK https://skeb.jp/api/users/wifi1981321
2026-09-14 03:46:21 | INFO     | Saving at a/skeb/wifi1981321-9ac9ff.json
2026-09-14 03:46:22 | INFO     | OK https://skeb.jp/api/users/tomoillustnote
2026-09-14 03:46:22 | INFO     | Saving at a/skeb/tomoillustnote-353ca4.json
2026-09-14 03:46:23 | INFO     | OK https://skeb.jp/api/users/sora_illust_
2026-09-14 03:46:23 | INFO     | Saving at a/skeb/sora_illust_-812416.json
2026-09-14 03:46:24 | INFO     | OK https://skeb.jp/api/users/FUYUMIKAN
2026-09-14 03:46:24 | INFO     | Saving at a/skeb/FUYUMIKAN-14f6ca.json
2026-09-14 03:46:25 | INFO     | OK https://skeb.jp/api/users/suskpontarou
2026-09-14 03:46:25 | INFO     | Saving at a/skeb/suskpontarou-141502.json
2026-09-14 03:46:26 | INFO     | OK https://skeb.jp/api/users/oseruko2006
2026-09-14 03:46:26 | INFO     | Saving at a/skeb/oseruko2006-24c6b2.json
2026-09-14 03:46:27 | INFO     | OK https://skeb.jp/api/users/kinoukara_geri
2026-09-14 03:46:27 | INFO     | Saving at a/skeb/kinoukara_geri-e37335.json
2026-09-14 03:46:28 | INFO     | OK https://skeb.jp/api/users/nerisuke_AR
2026-09-14 03:46:28 | INFO     | Saving at a/skeb/nerisuke_AR-3dea44.json
2026-09-14 03:46:29 | INFO     | OK https://skeb.jp/api/users/kahataman
2026-09-14 03:46:29 | INFO     | Saving at a/skeb/kahataman-eb6ca7.json
2026-09-14 03:46:30 | INFO     | OK https://skeb.jp/api/users/ngsneak
2026-09-14 03:46:30 | INFO     | Saving at a/skeb/ngsneak-aaf719.json
2026-09-14 03:46:31 | INFO     | OK https://skeb.jp/api/users/ikada0228
2026-09-14 03:46:31 | INFO     | Saving at a/skeb/ikada0228-702044.json
2026-09-14 03:46:32 | INFO     | OK https://skeb.jp/api/users/sa_na_517
2026-09-14 03:46:32 | INFO     | Saving at a/skeb/sa_na_517-4bdf3c.json
2026-09-14 03:46:33 | INFO     | OK https://skeb.jp/api/users/Eboshi_art
2026-09-14 03:46:33 | INFO     | Saving at a/skeb/Eboshi_art-70b431.json
2026-09-14 03:46:34 | INFO     | OK https://skeb.jp/api/users/nonorenew
2026-09-14 03:46:34 | INFO     | Saving at a/skeb/nonorenew-1780ec.json
2026-09-14 03:46:35 | INFO     | OK https://skeb.jp/api/users/swolfgallery
2026-09-14 03:46:35 | INFO     | Saving at a/skeb/swolfgallery-6c7508.json
2026-09-14 03:46:36 | INFO     | OK https://skeb.jp/api/users/ochanoko_sa
2026-09-14 03:46:36 | INFO     | Saving at a/skeb/ochanoko_sa-d73e5a.json
2026-09-14 03:46:37 | INFO     | OK https://skeb.jp/api/users/stella_yokuni
2026-09-14 03:46:37 | INFO     | Saving at a/skeb/stella_yokuni-0072fb.json
2026-09-14 03:46:38 | INFO     | OK https://skeb.jp/api/users/micchi_o_
2026-09-14 03:46:38 | INFO     | Saving at a/skeb/micchi_o_-55711d.json
2026-09-14 03:46:39 | INFO     | OK https://skeb.jp/api/users/kona87art
2026-09-14 03:46:39 | INFO     | Saving at a/skeb/kona87art-9e1162.json
2026-09-14 03:46:40 | INFO     | OK https://skeb.jp/api/users/harada_aki_2
2026-09-14 03:46:40 | INFO     | Saving at a/skeb/harada_aki_2-7fcd4d.json
2026-09-14 03:46:41 | INFO     | OK https://skeb.jp/api/users/urimaru_gum
2026-09-14 03:46:41 | INFO     | Saving at a/skeb/urimaru_gum-c5a2a1.json
2026-09-14 03:46:42 | INFO     | OK https://skeb.jp/api/users/amabierakutomini
2026-09-14 03:46:42 | INFO     | Saving at a/skeb/amabierakutomini-cd4b1c.json
2026-09-14 03:46:43 | INFO     | OK https://skeb.jp/api/users/0uri24
2026-09-14 03:46:43 | INFO     | Saving at a/skeb/0uri24-797638.json
2026-09-14 03:46:44 | INFO     | OK https://skeb.jp/api/users/FuchigamiMirai
2026-09-14 03:46:44 | INFO     | Saving at a/skeb/FuchigamiMirai-221afe.json
2026-09-14 03:46:45 | INFO     | OK https://skeb.jp/api/users/taishin_315
2026-09-14 03:46:45 | INFO     | Saving at a/skeb/taishin_315-1d9b57.json
2026-09-14 03:46:46 | INFO     | OK https://skeb.jp/api/users/Himo_Red
2026-09-14 03:46:46 | INFO     | Saving at a/skeb/Himo_Red-9fdc3a.json
2026-09-14 03:46:47 | INFO     | OK https://skeb.jp/api/users/mejiro_pi
2026-09-14 03:46:47 | INFO     | Saving at a/skeb/mejiro_pi-f4e6c3.json
2026-09-14 03:46:48 | INFO     | OK https://skeb.jp/api/users/gugsssccc
2026-09-14 03:46:48 | INFO     | Saving at a/skeb/gugsssccc-47d254.json
2026-09-14 03:46:49 | INFO     | OK https://skeb.jp/api/users/misora_sorairo
2026-09-14 03:46:49 | INFO     | Saving at a/skeb/misora_sorairo-99a4c8.json
2026-09-14 03:46:50 | INFO     | OK https://skeb.jp/api/users/nananeeel2
2026-09-14 03:46:50 | INFO     | Saving at a/skeb/nananeeel2-06c4ce.json
2026-09-14 03:46:51 | INFO     | OK https://skeb.jp/api/users/necoma_2
2026-09-14 03:46:51 | INFO     | Saving at a/skeb/necoma_2-b368d3.json
2026-09-14 03:46:52 | INFO     | OK https://skeb.jp/api/users/oi4qt3
2026-09-14 03:46:52 | INFO     | Saving at a/skeb/oi4qt3-ff9481.json
2026-09-14 03:46:53 | INFO     | OK https://skeb.jp/api/users/fllwi
2026-09-14 03:46:53 | INFO     | Saving at a/skeb/fllwi-df1dc6.json
2026-09-14 03:46:54 | INFO     | OK https://skeb.jp/api/users/setakoke
2026-09-14 03:46:54 | INFO     | Saving at a/skeb/setakoke-e35b77.json
2026-09-14 03:46:55 | INFO     | OK https://skeb.jp/api/users/seirenSe34_sub
2026-09-14 03:46:55 | INFO     | Saving at a/skeb/seirenSe34_sub-bec245.json
2026-09-14 03:46:56 | INFO     | OK https://skeb.jp/api/users/mimishippo_suki
2026-09-14 03:46:56 | INFO     | Saving at a/skeb/mimishippo_suki-51d387.json
2026-09-14 03:46:57 | INFO     | OK https://skeb.jp/api/users/58643Jerry
2026-09-14 03:46:57 | INFO     | Saving at a/skeb/58643Jerry-9cc7c5.json
2026-09-14 03:46:58 | INFO     | OK https://skeb.jp/api/users/SakuraYuki_Lily
2026-09-14 03:46:58 | INFO     | Saving at a/skeb/SakuraYuki_Lily-c3e20d.json
2026-09-14 03:46:59 | INFO     | OK https://skeb.jp/api/users/Tulta_Icon
2026-09-14 03:46:59 | INFO     | Saving at a/skeb/Tulta_Icon-fb49ea.json
2026-09-14 03:47:00 | INFO     | OK https://skeb.jp/api/users/Nishi_Snails
2026-09-14 03:47:00 | INFO     | Saving at a/skeb/Nishi_Snails-4e36cb.json
2026-09-14 03:47:01 | INFO     | OK https://skeb.jp/api/users/381sinano1
2026-09-14 03:47:01 | INFO     | Saving at a/skeb/381sinano1-e4e9a4.json
2026-09-14 03:47:02 | INFO     | OK https://skeb.jp/api/users/saku_no135
2026-09-14 03:47:02 | INFO     | Saving at a/skeb/saku_no135-9ce856.json
2026-09-14 03:47:03 | INFO     | OK https://skeb.jp/api/users/marotanidatta8
2026-09-14 03:47:03 | INFO     | Saving at a/skeb/marotanidatta8-9b056e.json
2026-09-14 03:47:04 | INFO     | OK https://skeb.jp/api/users/Aosaki_Licht
2026-09-14 03:47:04 | INFO     | Saving at a/skeb/Aosaki_Licht-e857dd.json
2026-09-14 03:47:05 | INFO     | OK https://skeb.jp/api/users/U03_000
2026-09-14 03:47:05 | INFO     | Saving at a/skeb/U03_000-13c035.json
2026-09-14 03:47:06 | INFO     | OK https://skeb.jp/api/users/Ayakari399
2026-09-14 03:47:06 | INFO     | Saving at a/skeb/Ayakari399-920003.json
2026-09-14 03:47:07 | INFO     | OK https://skeb.jp/api/users/I_F_S
2026-09-14 03:47:07 | INFO     | Saving at a/skeb/I_F_S-8d05b0.json
2026-09-14 03:47:08 | INFO     | OK https://skeb.jp/api/users/yokoshima696969
2026-09-14 03:47:08 | INFO     | Saving at a/skeb/yokoshima696969-be0334.json
2026-09-14 03:47:09 | INFO     | OK https://skeb.jp/api/users/noir2more
2026-09-14 03:47:09 | INFO     | Saving at a/skeb/noir2more-204470.json
2026-09-14 03:47:10 | INFO     | OK https://skeb.jp/api/users/aiu40
2026-09-14 03:47:10 | INFO     | Saving at a/skeb/aiu40-71e85a.json
2026-09-14 03:47:11 | INFO     | OK https://skeb.jp/api/users/YuinaYumesaka
2026-09-14 03:47:11 | INFO     | Saving at a/skeb/YuinaYumesaka-def32e.json
2026-09-14 03:47:12 | INFO     | OK https://skeb.jp/api/users/ry_wnu
2026-09-14 03:47:12 | INFO     | Saving at a/skeb/ry_wnu-2aebca.json
2026-09-14 03:47:13 | INFO     | OK https://skeb.jp/api/users/jR4j5PPi48vLzsT
2026-09-14 03:47:13 | INFO     | Saving at a/skeb/jR4j5PPi48vLzsT-92c415.json
2026-09-14 03:47:14 | INFO     | OK https://skeb.jp/api/users/ikinukihanako
2026-09-14 03:47:14 | INFO     | Saving at a/skeb/ikinukihanako-473095.json
2026-09-14 03:47:15 | INFO     | OK https://skeb.jp/api/users/pinkuroao
2026-09-14 03:47:15 | INFO     | Saving at a/skeb/pinkuroao-3fc887.json
2026-09-14 03:47:16 | INFO     | OK https://skeb.jp/api/users/mo_kusi
2026-09-14 03:47:16 | INFO     | Saving at a/skeb/mo_kusi-f34d07.json
2026-09-14 03:47:17 | INFO     | OK https://skeb.jp/api/users/mane_suke
2026-09-14 03:47:17 | INFO     | Saving at a/skeb/mane_suke-f29013.json
2026-09-14 03:47:18 | INFO     | OK https://skeb.jp/api/users/nezumi_zzz0
2026-09-14 03:47:18 | INFO     | Saving at a/skeb/nezumi_zzz0-5c103f.json
2026-09-14 03:47:19 | INFO     | OK https://skeb.jp/api/users/0oz_u
2026-09-14 03:47:19 | INFO     | Saving at a/skeb/0oz_u-8ca590.json
2026-09-14 03:47:20 | INFO     | OK https://skeb.jp/api/users/kawaiitrip_
2026-09-14 03:47:20 | INFO     | Saving at a/skeb/kawaiitrip_-d4e3d2.json
2026-09-14 03:47:21 | INFO     | OK https://skeb.jp/api/users/ssk_sasasa
2026-09-14 03:47:21 | INFO     | Saving at a/skeb/ssk_sasasa-d8e0fb.json
2026-09-14 03:47:22 | INFO     | OK https://skeb.jp/api/users/AKN_646
2026-09-14 03:47:22 | INFO     | Saving at a/skeb/AKN_646-fb6c8f.json
2026-09-14 03:47:23 | INFO     | OK https://skeb.jp/api/users/madoromusika
2026-09-14 03:47:23 | INFO     | Saving at a/skeb/madoromusika-0e5373.json
2026-09-14 03:47:24 | INFO     | OK https://skeb.jp/api/users/POTKKO_s
2026-09-14 03:47:24 | INFO     | Saving at a/skeb/POTKKO_s-ab14d8.json
2026-09-14 03:47:25 | INFO     | OK https://skeb.jp/api/users/yf_Wisteria
2026-09-14 03:47:25 | INFO     | Saving at a/skeb/yf_Wisteria-9bf0c0.json
2026-09-14 03:47:26 | INFO     | OK https://skeb.jp/api/users/halki1008
2026-09-14 03:47:26 | INFO     | Saving at a/skeb/halki1008-bfd5c9.json
2026-09-14 03:47:27 | INFO     | OK https://skeb.jp/api/users/JoyJoyLAND_
2026-09-14 03:47:27 | INFO     | Saving at a/skeb/JoyJoyLAND_-e5ae2e.json
2026-09-14 03:47:28 | INFO     | OK https://skeb.jp/api/users/inu_ok6
2026-09-14 03:47:28 | INFO     | Saving at a/skeb/inu_ok6-a1c274.json
2026-09-14 03:47:29 | INFO     | OK https://skeb.jp/api/users/RvySZdQLYgdo6Db
2026-09-14 03:47:29 | INFO     | Saving at a/skeb/RvySZdQLYgdo6Db-52d948.json
2026-09-14 03:47:30 | INFO     | OK https://skeb.jp/api/users/Sumechi_
2026-09-14 03:47:30 | INFO     | Saving at a/skeb/Sumechi_-539de8.json
2026-09-14 03:47:31 | INFO     | OK https://skeb.jp/api/users/jumpjump1219
2026-09-14 03:47:31 | INFO     | Saving at a/skeb/jumpjump1219-28a394.json
2026-09-14 03:47:32 | INFO     | OK https://skeb.jp/api/users/nanasenao
2026-09-14 03:47:32 | INFO     | Saving at a/skeb/nanasenao-bbf511.json
2026-09-14 03:47:33 | INFO     | OK https://skeb.jp/api/users/TamuC4
2026-09-14 03:47:33 | INFO     | Saving at a/skeb/TamuC4-a1302f.json
2026-09-14 03:47:34 | INFO     | OK https://skeb.jp/api/users/tomun_chan
2026-09-14 03:47:34 | INFO     | Saving at a/skeb/tomun_chan-c018ce.json
2026-09-14 03:47:35 | INFO     | OK https://skeb.jp/api/users/tsutsu_leafmoon
2026-09-14 03:47:35 | INFO     | Saving at a/skeb/tsutsu_leafmoon-211fea.json
2026-09-14 03:47:36 | INFO     | OK https://skeb.jp/api/users/2kaka_kaka6
2026-09-14 03:47:36 | INFO     | Saving at a/skeb/2kaka_kaka6-dfceb9.json
2026-09-14 03:47:37 | INFO     | OK https://skeb.jp/api/users/sub_hnbtk
2026-09-14 03:47:37 | INFO     | Saving at a/skeb/sub_hnbtk-d25790.json
2026-09-14 03:47:38 | INFO     | OK https://skeb.jp/api/users/chick0116
2026-09-14 03:47:38 | INFO     | Saving at a/skeb/chick0116-d1f4aa.json
2026-09-14 03:47:39 | INFO     | OK https://skeb.jp/api/users/MotokichiSsk
2026-09-14 03:47:39 | INFO     | Saving at a/skeb/MotokichiSsk-537599.json
2026-09-14 03:47:40 | INFO     | OK https://skeb.jp/api/users/oyasumi_s4n
2026-09-14 03:47:40 | INFO     | Saving at a/skeb/oyasumi_s4n-059a6c.json
2026-09-14 03:47:41 | INFO     | OK https://skeb.jp/api/users/gurivinesyu
2026-09-14 03:47:41 | INFO     | Saving at a/skeb/gurivinesyu-fb922b.json
2026-09-14 03:47:42 | INFO     | OK https://skeb.jp/api/users/annzu_311
2026-09-14 03:47:42 | INFO     | Saving at a/skeb/annzu_311-6839b3.json
2026-09-14 03:47:43 | INFO     | OK https://skeb.jp/api/users/shiratorikuro
2026-09-14 03:47:43 | INFO     | Saving at a/skeb/shiratorikuro-d2068f.json
2026-09-14 03:47:44 | INFO     | OK https://skeb.jp/api/users/ykykr3
2026-09-14 03:47:44 | INFO     | Saving at a/skeb/ykykr3-bd23b0.json
2026-09-14 03:47:45 | INFO     | OK https://skeb.jp/api/users/komura2024
2026-09-14 03:47:45 | INFO     | Saving at a/skeb/komura2024-7b60f6.json
2026-09-14 03:47:46 | INFO     | OK https://skeb.jp/api/users/orange_lore
2026-09-14 03:47:46 | INFO     | Saving at a/skeb/orange_lore-92e14e.json
2026-09-14 03:47:47 | INFO     | OK https://skeb.jp/api/users/shika_kirin
2026-09-14 03:47:47 | INFO     | Saving at a/skeb/shika_kirin-704130.json
2026-09-14 03:47:48 | INFO     | OK https://skeb.jp/api/users/end_oxo
2026-09-14 03:47:48 | INFO     | Saving at a/skeb/end_oxo-931b0f.json
2026-09-14 03:47:49 | INFO     | OK https://skeb.jp/api/users/7kusa_maru
2026-09-14 03:47:49 | INFO     | Saving at a/skeb/7kusa_maru-6ec8d8.json
2026-09-14 03:47:50 | INFO     | OK https://skeb.jp/api/users/hatanoyyy
2026-09-14 03:47:50 | INFO     | Saving at a/skeb/hatanoyyy-a7675d.json
2026-09-14 03:47:51 | INFO     | OK https://skeb.jp/api/users/rnatataki
2026-09-14 03:47:51 | INFO     | Saving at a/skeb/rnatataki-59e69d.json
2026-09-14 03:47:52 | INFO     | OK https://skeb.jp/api/users/lefy_smed
2026-09-14 03:47:52 | INFO     | Saving at a/skeb/lefy_smed-9215b6.json
2026-09-14 03:47:53 | INFO     | OK https://skeb.jp/api/users/rkgkllow
2026-09-14 03:47:53 | INFO     | Saving at a/skeb/rkgkllow-611515.json
2026-09-14 03:47:54 | INFO     | OK https://skeb.jp/api/users/Ria_Sakura817m
2026-09-14 03:47:54 | INFO     | Saving at a/skeb/Ria_Sakura817m-d0d2e2.json
2026-09-14 03:47:55 | INFO     | OK https://skeb.jp/api/users/seibakoto
2026-09-14 03:47:55 | INFO     | Saving at a/skeb/seibakoto-04d492.json
2026-09-14 03:47:56 | INFO     | OK https://skeb.jp/api/users/kbmkx12
2026-09-14 03:47:56 | INFO     | Saving at a/skeb/kbmkx12-afd382.json
2026-09-14 03:47:57 | INFO     | OK https://skeb.jp/api/users/6Cxyj5
2026-09-14 03:47:57 | INFO     | Saving at a/skeb/6Cxyj5-abe484.json
2026-09-14 03:47:58 | INFO     | OK https://skeb.jp/api/users/YaeYa7
2026-09-14 03:47:58 | INFO     | Saving at a/skeb/YaeYa7-4cfaf8.json
2026-09-14 03:47:59 | INFO     | OK https://skeb.jp/api/users/pxxdy_
2026-09-14 03:47:59 | INFO     | Saving at a/skeb/pxxdy_-0d7658.json
2026-09-14 03:48:00 | INFO     | OK https://skeb.jp/api/users/KoshiITA_Okina
2026-09-14 03:48:00 | INFO     | Saving at a/skeb/KoshiITA_Okina-88994e.json
2026-09-14 03:48:01 | INFO     | OK https://skeb.jp/api/users/ameyoshi_nenene
2026-09-14 03:48:01 | INFO     | Saving at a/skeb/ameyoshi_nenene-cb2277.json
2026-09-14 03:48:02 | INFO     | OK https://skeb.jp/api/users/hivikky_822
2026-09-14 03:48:02 | INFO     | Saving at a/skeb/hivikky_822-92c2de.json
2026-09-14 03:48:03 | INFO     | OK https://skeb.jp/api/users/sassaism
2026-09-14 03:48:03 | INFO     | Saving at a/skeb/sassaism-8df28a.json
2026-09-14 03:48:04 | INFO     | OK https://skeb.jp/api/users/wakatake_wktk
2026-09-14 03:48:04 | INFO     | Saving at a/skeb/wakatake_wktk-e6b6c4.json
2026-09-14 03:48:05 | INFO     | OK https://skeb.jp/api/users/nyamiya_2
2026-09-14 03:48:05 | INFO     | Saving at a/skeb/nyamiya_2-8b01af.json
2026-09-14 03:48:06 | INFO     | OK https://skeb.jp/api/users/star_x_x_0711
2026-09-14 03:48:06 | INFO     | Saving at a/skeb/star_x_x_0711-7b5353.json
2026-09-14 03:48:07 | INFO     | OK https://skeb.jp/api/users/Felt_Kt
2026-09-14 03:48:07 | INFO     | Saving at a/skeb/Felt_Kt-387328.json
2026-09-14 03:48:08 | INFO     | OK https://skeb.jp/api/users/kuragemika15404
2026-09-14 03:48:08 | INFO     | Saving at a/skeb/kuragemika15404-e33a86.json
2026-09-14 03:48:09 | INFO     | OK https://skeb.jp/api/users/teaclaw
2026-09-14 03:48:09 | INFO     | Saving at a/skeb/teaclaw-557644.json
2026-09-14 03:48:10 | WARNING  | 404 on https://skeb.jp/api/users/Potiko_ch (attempt 1/3)
2026-09-14 03:48:11 | INFO     | OK https://skeb.jp/api/users/yyysi3nnn
2026-09-14 03:48:11 | INFO     | Saving at a/skeb/yyysi3nnn-9d6beb.json
2026-09-14 03:48:12 | INFO     | OK https://skeb.jp/api/users/binzoko_paroma
2026-09-14 03:48:12 | INFO     | Saving at a/skeb/binzoko_paroma-bb429e.json
2026-09-14 03:48:13 | INFO     | OK https://skeb.jp/api/users/kurumi_kororin
2026-09-14 03:48:13 | INFO     | Saving at a/skeb/kurumi_kororin-885844.json
2026-09-14 03:48:14 | INFO     | OK https://skeb.jp/api/users/nekousa43
2026-09-14 03:48:14 | INFO     | Saving at a/skeb/nekousa43-865d98.json
2026-09-14 03:48:15 | INFO     | OK https://skeb.jp/api/users/os___32
2026-09-14 03:48:15 | INFO     | Saving at a/skeb/os___32-2d53bc.json
2026-09-14 03:48:16 | INFO     | OK https://skeb.jp/api/users/yuyuco015
2026-09-14 03:48:16 | INFO     | Saving at a/skeb/yuyuco015-00ad90.json
2026-09-14 03:48:17 | INFO     | OK https://skeb.jp/api/users/hnmi0615
2026-09-14 03:48:17 | INFO     | Saving at a/skeb/hnmi0615-d75448.json
2026-09-14 03:48:18 | INFO     | OK https://skeb.jp/api/users/yuku_x2
2026-09-14 03:48:18 | INFO     | Saving at a/skeb/yuku_x2-94f388.json
2026-09-14 03:48:19 | INFO     | OK https://skeb.jp/api/users/sugiatsu3
2026-09-14 03:48:19 | INFO     | Saving at a/skeb/sugiatsu3-894791.json
2026-09-14 03:48:20 | INFO     | OK https://skeb.jp/api/users/_mrn_mr
2026-09-14 03:48:20 | INFO     | Saving at a/skeb/_mrn_mr-d87567.json
2026-09-14 03:48:21 | INFO     | OK https://skeb.jp/api/users/ayane_sinozaki
2026-09-14 03:48:21 | INFO     | Saving at a/skeb/ayane_sinozaki-48f394.json
2026-09-14 03:48:22 | INFO     | OK https://skeb.jp/api/users/Kokona11323831
2026-09-14 03:48:22 | INFO     | Saving at a/skeb/Kokona11323831-38ebfb.json
2026-09-14 03:48:23 | WARNING  | 404 on https://skeb.jp/api/users/Potiko_ch (attempt 2/3)
2026-09-14 03:48:24 | INFO     | OK https://skeb.jp/api/users/mamiyu1121
2026-09-14 03:48:24 | INFO     | Saving at a/skeb/mamiyu1121-8b4dff.json
2026-09-14 03:48:25 | INFO     | OK https://skeb.jp/api/users/mimimilook765
2026-09-14 03:48:25 | INFO     | Saving at a/skeb/mimimilook765-0a15e3.json
2026-09-14 03:48:26 | INFO     | OK https://skeb.jp/api/users/MorokoRokomoko
2026-09-14 03:48:26 | INFO     | Saving at a/skeb/MorokoRokomoko-bc50ff.json
2026-09-14 03:48:27 | INFO     | OK https://skeb.jp/api/users/coi_pom
2026-09-14 03:48:27 | INFO     | Saving at a/skeb/coi_pom-6d5b7f.json
2026-09-14 03:48:28 | INFO     | OK https://skeb.jp/api/users/caro_uotora
2026-09-14 03:48:28 | INFO     | Saving at a/skeb/caro_uotora-93aa43.json
2026-09-14 03:48:29 | INFO     | OK https://skeb.jp/api/users/AtAt_AtAtelier
2026-09-14 03:48:29 | INFO     | Saving at a/skeb/AtAt_AtAtelier-a000bb.json
2026-09-14 03:48:30 | WARNING  | 404 on https://skeb.jp/api/users/Taria_Sub (attempt 1/3)
2026-09-14 03:48:31 | WARNING  | 404 on https://skeb.jp/api/users/Niwq2_0 (attempt 1/3)
2026-09-14 03:48:32 | INFO     | OK https://skeb.jp/api/users/teio__s2
2026-09-14 03:48:32 | INFO     | Saving at a/skeb/teio__s2-266885.json
2026-09-14 03:48:33 | WARNING  | 404 on https://skeb.jp/api/users/Taria_Sub (attempt 2/3)
2026-09-14 03:48:34 | INFO     | OK https://skeb.jp/api/users/0490vv
2026-09-14 03:48:34 | INFO     | Saving at a/skeb/0490vv-e06dbf.json
2026-09-14 03:48:35 | WARNING  | 404 on https://skeb.jp/api/users/Niwq2_0 (attempt 2/3)
2026-09-14 03:48:36 | INFO     | OK https://skeb.jp/api/users/trpgyumen
2026-09-14 03:48:36 | INFO     | Saving at a/skeb/trpgyumen-144ba7.json
2026-09-14 03:48:37 | INFO     | OK https://skeb.jp/api/users/nyaaamiii1182
2026-09-14 03:48:37 | INFO     | Saving at a/skeb/nyaaamiii1182-f06e5d.json
2026-09-14 03:48:38 | INFO     | OK https://skeb.jp/api/users/OUBAI0159
2026-09-14 03:48:38 | INFO     | Saving at a/skeb/OUBAI0159-461e1b.json
2026-09-14 03:48:39 | WARNING  | 404 on https://skeb.jp/api/users/Taria_Sub (attempt 3/3)
2026-09-14 03:48:40 | INFO     | OK https://skeb.jp/api/users/Saika_Blossom
2026-09-14 03:48:40 | INFO     | Saving at a/skeb/Saika_Blossom-ef51bd.json
2026-09-14 03:48:41 | INFO     | OK https://skeb.jp/api/users/akenoin2
2026-09-14 03:48:41 | INFO     | Saving at a/skeb/akenoin2-90bb4d.json
2026-09-14 03:48:42 | INFO     | OK https://skeb.jp/api/users/2waco15
2026-09-14 03:48:42 | INFO     | Saving at a/skeb/2waco15-390c33.json
2026-09-14 03:48:43 | INFO     | OK https://skeb.jp/api/users/toaXt0a
2026-09-14 03:48:43 | INFO     | Saving at a/skeb/toaXt0a-634dca.json
2026-09-14 03:48:44 | INFO     | OK https://skeb.jp/api/users/BOY7qYMFiqNsJFv
2026-09-14 03:48:44 | INFO     | Saving at a/skeb/BOY7qYMFiqNsJFv-f8688c.json
2026-09-14 03:48:45 | INFO     | OK https://skeb.jp/api/users/Nishieri_C_F
2026-09-14 03:48:45 | INFO     | Saving at a/skeb/Nishieri_C_F-53f0b2.json
2026-09-14 03:48:46 | WARNING  | 404 on https://skeb.jp/api/users/Potiko_ch (attempt 3/3)
2026-09-14 03:48:47 | INFO     | OK https://skeb.jp/api/users/risumaron
2026-09-14 03:48:47 | INFO     | Saving at a/skeb/risumaron-8fd59a.json
2026-09-14 03:48:48 | INFO     | OK https://skeb.jp/api/users/Belle_0419
2026-09-14 03:48:48 | INFO     | Saving at a/skeb/Belle_0419-b0a1d5.json
2026-09-14 03:48:49 | INFO     | OK https://skeb.jp/api/users/sss_thank0403
2026-09-14 03:48:49 | INFO     | Saving at a/skeb/sss_thank0403-d1261f.json
2026-09-14 03:48:50 | INFO     | OK https://skeb.jp/api/users/gatochu_e
2026-09-14 03:48:50 | INFO     | Saving at a/skeb/gatochu_e-0ac38a.json
2026-09-14 03:48:51 | INFO     | OK https://skeb.jp/api/users/flisk1129
2026-09-14 03:48:51 | INFO     | Saving at a/skeb/flisk1129-f7b980.json
2026-09-14 03:48:52 | INFO     | OK https://skeb.jp/api/users/hattori700000
2026-09-14 03:48:52 | INFO     | Saving at a/skeb/hattori700000-b7adf8.json
2026-09-14 03:48:53 | INFO     | OK https://skeb.jp/api/users/miyana
2026-09-14 03:48:53 | INFO     | Saving at a/skeb/miyana-7c2a70.json
2026-09-14 03:48:54 | INFO     | OK https://skeb.jp/api/users/_ickw_
2026-09-14 03:48:54 | INFO     | Saving at a/skeb/_ickw_-b34008.json
2026-09-14 03:48:55 | INFO     | OK https://skeb.jp/api/users/mana_ita
2026-09-14 03:48:55 | INFO     | Saving at a/skeb/mana_ita-4c1185.json
2026-09-14 03:48:56 | INFO     | OK https://skeb.jp/api/users/nagicalm
2026-09-14 03:48:56 | INFO     | Saving at a/skeb/nagicalm-621cc5.json
2026-09-14 03:48:57 | WARNING  | 404 on https://skeb.jp/api/users/AisuLumina (attempt 1/3)
2026-09-14 03:48:58 | INFO     | OK https://skeb.jp/api/users/binzokosubsub
2026-09-14 03:48:58 | INFO     | Saving at a/skeb/binzokosubsub-fa756b.json
2026-09-14 03:48:59 | INFO     | OK https://skeb.jp/api/users/FuyuRi0421
2026-09-14 03:48:59 | INFO     | Saving at a/skeb/FuyuRi0421-540bc7.json
2026-09-14 03:49:00 | INFO     | OK https://skeb.jp/api/users/fu22_ka23
2026-09-14 03:49:00 | INFO     | Saving at a/skeb/fu22_ka23-e020e3.json
2026-09-14 03:49:01 | INFO     | OK https://skeb.jp/api/users/FA68281418
2026-09-14 03:49:01 | INFO     | Saving at a/skeb/FA68281418-7af8f9.json
2026-09-14 03:49:02 | INFO     | OK https://skeb.jp/api/users/yo_865
2026-09-14 03:49:02 | INFO     | Saving at a/skeb/yo_865-3da62d.json
2026-09-14 03:49:03 | WARNING  | 404 on https://skeb.jp/api/users/Niwq2_0 (attempt 3/3)
2026-09-14 03:49:04 | INFO     | OK https://skeb.jp/api/users/rhb2x2
2026-09-14 03:49:04 | INFO     | Saving at a/skeb/rhb2x2-60ce83.json
2026-09-14 03:49:05 | INFO     | OK https://skeb.jp/api/users/Buta_Zonoo
2026-09-14 03:49:05 | INFO     | Saving at a/skeb/Buta_Zonoo-5c171d.json
2026-09-14 03:49:06 | INFO     | OK https://skeb.jp/api/users/SO_C
2026-09-14 03:49:06 | INFO     | Saving at a/skeb/SO_C-bdc621.json
2026-09-14 03:49:07 | INFO     | OK https://skeb.jp/api/users/itokon_il
2026-09-14 03:49:07 | INFO     | Saving at a/skeb/itokon_il-292c88.json
2026-09-14 03:49:08 | INFO     | OK https://skeb.jp/api/users/sondeneva
2026-09-14 03:49:08 | INFO     | Saving at a/skeb/sondeneva-7bd881.json
2026-09-14 03:49:09 | INFO     | OK https://skeb.jp/api/users/usodeeeeeesu
2026-09-14 03:49:09 | INFO     | Saving at a/skeb/usodeeeeeesu-cf35cb.json
2026-09-14 03:49:10 | INFO     | OK https://skeb.jp/api/users/midona_110
2026-09-14 03:49:10 | INFO     | Saving at a/skeb/midona_110-de6355.json
2026-09-14 03:49:11 | INFO     | OK https://skeb.jp/api/users/Shameimarulike
2026-09-14 03:49:11 | INFO     | Saving at a/skeb/Shameimarulike-89853d.json
2026-09-14 03:49:12 | INFO     | OK https://skeb.jp/api/users/senbei1616
2026-09-14 03:49:12 | INFO     | Saving at a/skeb/senbei1616-02d89d.json
2026-09-14 03:49:13 | INFO     | OK https://skeb.jp/api/users/NueHakase_
2026-09-14 03:49:13 | INFO     | Saving at a/skeb/NueHakase_-84d342.json
2026-09-14 03:49:14 | WARNING  | 404 on https://skeb.jp/api/users/Callistee_ (attempt 1/3)
2026-09-14 03:49:15 | INFO     | OK https://skeb.jp/api/users/s30N0r
2026-09-14 03:49:15 | INFO     | Saving at a/skeb/s30N0r-291fc3.json
2026-09-14 03:49:16 | INFO     | OK https://skeb.jp/api/users/hinoki_monkey
2026-09-14 03:49:16 | INFO     | Saving at a/skeb/hinoki_monkey-202268.json
2026-09-14 03:49:17 | INFO     | OK https://skeb.jp/api/users/eiwa6
2026-09-14 03:49:17 | INFO     | Saving at a/skeb/eiwa6-f942f2.json
2026-09-14 03:49:18 | INFO     | OK https://skeb.jp/api/users/to_moyomoyo
2026-09-14 03:49:18 | INFO     | Saving at a/skeb/to_moyomoyo-3480fb.json
2026-09-14 03:49:19 | INFO     | OK https://skeb.jp/api/users/herateckA2
2026-09-14 03:49:19 | INFO     | Saving at a/skeb/herateckA2-8703ee.json
2026-09-14 03:49:20 | WARNING  | 404 on https://skeb.jp/api/users/AisuLumina (attempt 2/3)
2026-09-14 03:49:21 | INFO     | OK https://skeb.jp/api/users/sasara_amitsu
2026-09-14 03:49:21 | INFO     | Saving at a/skeb/sasara_amitsu-813d5e.json
2026-09-14 03:49:22 | INFO     | OK https://skeb.jp/api/users/0090QL
2026-09-14 03:49:22 | INFO     | Saving at a/skeb/0090QL-ff3f9c.json
2026-09-14 03:49:23 | INFO     | OK https://skeb.jp/api/users/tatsupokosub
2026-09-14 03:49:23 | INFO     | Saving at a/skeb/tatsupokosub-8af6bf.json
2026-09-14 03:49:24 | INFO     | OK https://skeb.jp/api/users/mgk_2d4
2026-09-14 03:49:24 | INFO     | Saving at a/skeb/mgk_2d4-828cc7.json
2026-09-14 03:49:25 | INFO     | OK https://skeb.jp/api/users/bukubuku_awai
2026-09-14 03:49:25 | INFO     | Saving at a/skeb/bukubuku_awai-9130ce.json
2026-09-14 03:49:26 | INFO     | OK https://skeb.jp/api/users/Nerineridaco
2026-09-14 03:49:26 | INFO     | Saving at a/skeb/Nerineridaco-a92d30.json
2026-09-14 03:49:27 | INFO     | OK https://skeb.jp/api/users/flilbtn
2026-09-14 03:49:27 | INFO     | Saving at a/skeb/flilbtn-970597.json
2026-09-14 03:49:28 | INFO     | OK https://skeb.jp/api/users/SakuraIbuki
2026-09-14 03:49:28 | INFO     | Saving at a/skeb/SakuraIbuki-e20669.json
2026-09-14 03:49:29 | WARNING  | 404 on https://skeb.jp/api/users/AisuLumina (attempt 3/3)
2026-09-14 03:49:30 | INFO     | OK https://skeb.jp/api/users/moyuhitode
2026-09-14 03:49:30 | INFO     | Saving at a/skeb/moyuhitode-e5657e.json
2026-09-14 03:49:31 | INFO     | OK https://skeb.jp/api/users/Lucifer_ecoco
2026-09-14 03:49:31 | INFO     | Saving at a/skeb/Lucifer_ecoco-e90411.json
2026-09-14 03:49:32 | INFO     | OK https://skeb.jp/api/users/nicoleezawa
2026-09-14 03:49:32 | INFO     | Saving at a/skeb/nicoleezawa-6c9223.json
2026-09-14 03:49:33 | INFO     | OK https://skeb.jp/api/users/i_kemeeeeen
2026-09-14 03:49:33 | INFO     | Saving at a/skeb/i_kemeeeeen-92b199.json
2026-09-14 03:49:34 | INFO     | OK https://skeb.jp/api/users/ruka190410
2026-09-14 03:49:34 | INFO     | Saving at a/skeb/ruka190410-9c3559.json
2026-09-14 03:49:35 | INFO     | OK https://skeb.jp/api/users/s_n7o_
2026-09-14 03:49:35 | INFO     | Saving at a/skeb/s_n7o_-bab6d2.json
2026-09-14 03:49:36 | INFO     | OK https://skeb.jp/api/users/katana0027
2026-09-14 03:49:36 | INFO     | Saving at a/skeb/katana0027-273e7b.json
2026-09-14 03:49:37 | INFO     | OK https://skeb.jp/api/users/hxqa_xx
2026-09-14 03:49:37 | INFO     | Saving at a/skeb/hxqa_xx-8df7ab.json
2026-09-14 03:49:38 | INFO     | OK https://skeb.jp/api/users/Ruaz_Mi
2026-09-14 03:49:38 | INFO     | Saving at a/skeb/Ruaz_Mi-1f9d31.json
2026-09-14 03:49:39 | INFO     | OK https://skeb.jp/api/users/_966_Kururuchan
2026-09-14 03:49:39 | INFO     | Saving at a/skeb/_966_Kururuchan-534198.json
2026-09-14 03:49:40 | INFO     | OK https://skeb.jp/api/users/koromokodon
2026-09-14 03:49:40 | INFO     | Saving at a/skeb/koromokodon-84f1ce.json
2026-09-14 03:49:41 | INFO     | OK https://skeb.jp/api/users/hanbechangV
2026-09-14 03:49:41 | INFO     | Saving at a/skeb/hanbechangV-4f50a9.json
2026-09-14 03:49:42 | INFO     | OK https://skeb.jp/api/users/bnd5k2sosak
2026-09-14 03:49:42 | INFO     | Saving at a/skeb/bnd5k2sosak-1f4f01.json
2026-09-14 03:49:43 | WARNING  | 404 on https://skeb.jp/api/users/Callistee_ (attempt 2/3)
2026-09-14 03:49:44 | INFO     | OK https://skeb.jp/api/users/hinaaaa07711775
2026-09-14 03:49:44 | INFO     | Saving at a/skeb/hinaaaa07711775-e4ed81.json
2026-09-14 03:49:45 | INFO     | OK https://skeb.jp/api/users/91d4_00
2026-09-14 03:49:45 | INFO     | Saving at a/skeb/91d4_00-6cbf8b.json
2026-09-14 03:49:46 | INFO     | OK https://skeb.jp/api/users/schlan_
2026-09-14 03:49:46 | INFO     | Saving at a/skeb/schlan_-213a9b.json
2026-09-14 03:49:47 | INFO     | OK https://skeb.jp/api/users/q38JkWBeUO7116
2026-09-14 03:49:47 | INFO     | Saving at a/skeb/q38JkWBeUO7116-b5d601.json
2026-09-14 03:49:48 | INFO     | OK https://skeb.jp/api/users/kico_tomowa
2026-09-14 03:49:48 | INFO     | Saving at a/skeb/kico_tomowa-e771a2.json
2026-09-14 03:49:49 | INFO     | OK https://skeb.jp/api/users/nyan__lvl
2026-09-14 03:49:49 | INFO     | Saving at a/skeb/nyan__lvl-a62d9a.json
2026-09-14 03:49:50 | INFO     | OK https://skeb.jp/api/users/rwFt3BpgzZQk634
2026-09-14 03:49:50 | INFO     | Saving at a/skeb/rwFt3BpgzZQk634-4edd8c.json
2026-09-14 03:49:51 | WARNING  | 404 on https://skeb.jp/api/users/Callistee_ (attempt 3/3)
2026-09-14 03:49:52 | INFO     | OK https://skeb.jp/api/users/hisamea9
2026-09-14 03:49:52 | INFO     | Saving at a/skeb/hisamea9-9ecf42.json
2026-09-14 03:49:53 | INFO     | OK https://skeb.jp/api/users/C6teu
2026-09-14 03:49:53 | INFO     | Saving at a/skeb/C6teu-0064c8.json
2026-09-14 03:49:54 | INFO     | OK https://skeb.jp/api/users/kololawsl
2026-09-14 03:49:54 | INFO     | Saving at a/skeb/kololawsl-c0fbab.json
2026-09-14 03:49:55 | INFO     | OK https://skeb.jp/api/users/inunuowo
2026-09-14 03:49:55 | INFO     | Saving at a/skeb/inunuowo-cc2a71.json
2026-09-14 03:49:56 | INFO     | OK https://skeb.jp/api/users/SihfpEd
2026-09-14 03:49:56 | INFO     | Saving at a/skeb/SihfpEd-acbddb.json
2026-09-14 03:49:57 | INFO     | OK https://skeb.jp/api/users/qSqbV30D4mhBonq
2026-09-14 03:49:57 | INFO     | Saving at a/skeb/qSqbV30D4mhBonq-819046.json
2026-09-14 03:49:58 | WARNING  | 404 on https://skeb.jp/api/users/hey_bonbon (attempt 1/3)
2026-09-14 03:49:59 | INFO     | OK https://skeb.jp/api/users/hiusagi_chikuwa
2026-09-14 03:49:59 | INFO     | Saving at a/skeb/hiusagi_chikuwa-b729d2.json
2026-09-14 03:50:00 | INFO     | OK https://skeb.jp/api/users/shigei_motoya
2026-09-14 03:50:00 | INFO     | Saving at a/skeb/shigei_motoya-e252bb.json
2026-09-14 03:50:01 | INFO     | OK https://skeb.jp/api/users/kandan150
2026-09-14 03:50:01 | INFO     | Saving at a/skeb/kandan150-26c8ce.json
2026-09-14 03:50:02 | INFO     | OK https://skeb.jp/api/users/nueminato
2026-09-14 03:50:02 | INFO     | Saving at a/skeb/nueminato-b04281.json
2026-09-14 03:50:03 | INFO     | OK https://skeb.jp/api/users/owo_tomatoto
2026-09-14 03:50:03 | INFO     | Saving at a/skeb/owo_tomatoto-3987f7.json
2026-09-14 03:50:04 | WARNING  | 404 on https://skeb.jp/api/users/hey_bonbon (attempt 2/3)
2026-09-14 03:50:05 | INFO     | OK https://skeb.jp/api/users/nagets_re
2026-09-14 03:50:05 | INFO     | Saving at a/skeb/nagets_re-cd4d92.json
2026-09-14 03:50:06 | INFO     | OK https://skeb.jp/api/users/wo1059mu
2026-09-14 03:50:06 | INFO     | Saving at a/skeb/wo1059mu-60865e.json
2026-09-14 03:50:07 | INFO     | OK https://skeb.jp/api/users/nekoumoricoco48
2026-09-14 03:50:07 | INFO     | Saving at a/skeb/nekoumoricoco48-612793.json
2026-09-14 03:50:08 | INFO     | OK https://skeb.jp/api/users/Wanasi_
2026-09-14 03:50:08 | INFO     | Saving at a/skeb/Wanasi_-136c18.json
2026-09-14 03:50:09 | INFO     | OK https://skeb.jp/api/users/towa_momiji
2026-09-14 03:50:09 | INFO     | Saving at a/skeb/towa_momiji-5cc689.json
2026-09-14 03:50:10 | INFO     | OK https://skeb.jp/api/users/yuuhikureroom6
2026-09-14 03:50:10 | INFO     | Saving at a/skeb/yuuhikureroom6-7257d3.json
2026-09-14 03:50:11 | INFO     | OK https://skeb.jp/api/users/sm___kkk
2026-09-14 03:50:11 | INFO     | Saving at a/skeb/sm___kkk-bf2c1b.json
2026-09-14 03:50:12 | INFO     | OK https://skeb.jp/api/users/Rai3Star
2026-09-14 03:50:12 | INFO     | Saving at a/skeb/Rai3Star-59e286.json
2026-09-14 03:50:13 | INFO     | OK https://skeb.jp/api/users/nijigenhomo
2026-09-14 03:50:13 | INFO     | Saving at a/skeb/nijigenhomo-555dc0.json
2026-09-14 03:50:14 | INFO     | OK https://skeb.jp/api/users/la_C41
2026-09-14 03:50:14 | INFO     | Saving at a/skeb/la_C41-f2124c.json
2026-09-14 03:50:15 | INFO     | OK https://skeb.jp/api/users/SY_lazuli
2026-09-14 03:50:15 | INFO     | Saving at a/skeb/SY_lazuli-c31773.json
2026-09-14 03:50:16 | INFO     | OK https://skeb.jp/api/users/lSgBoeVmmjQT1dg
2026-09-14 03:50:16 | INFO     | Saving at a/skeb/lSgBoeVmmjQT1dg-ec55ca.json
2026-09-14 03:50:17 | WARNING  | 404 on https://skeb.jp/api/users/hey_bonbon (attempt 3/3)
2026-09-14 03:50:18 | INFO     | OK https://skeb.jp/api/users/___2kg___
2026-09-14 03:50:18 | INFO     | Saving at a/skeb/___2kg___-78be2a.json
2026-09-14 03:50:19 | INFO     | OK https://skeb.jp/api/users/pharetra_third
2026-09-14 03:50:19 | INFO     | Saving at a/skeb/pharetra_third-a571ce.json
2026-09-14 03:50:20 | INFO     | OK https://skeb.jp/api/users/trpg0_00
2026-09-14 03:50:20 | INFO     | Saving at a/skeb/trpg0_00-05dfea.json
2026-09-14 03:50:21 | INFO     | OK https://skeb.jp/api/users/kaisouafuro
2026-09-14 03:50:21 | INFO     | Saving at a/skeb/kaisouafuro-fc84f8.json
2026-09-14 03:50:22 | INFO     | OK https://skeb.jp/api/users/inknktama
2026-09-14 03:50:22 | INFO     | Saving at a/skeb/inknktama-92e3c5.json
2026-09-14 03:50:23 | INFO     | OK https://skeb.jp/api/users/x_CHIKA_poco
2026-09-14 03:50:23 | INFO     | Saving at a/skeb/x_CHIKA_poco-c65478.json
2026-09-14 03:50:24 | INFO     | OK https://skeb.jp/api/users/96Lily2296
2026-09-14 03:50:24 | INFO     | Saving at a/skeb/96Lily2296-7e038b.json
2026-09-14 03:50:25 | INFO     | OK https://skeb.jp/api/users/kasanecoo
2026-09-14 03:50:25 | INFO     | Saving at a/skeb/kasanecoo-a86a73.json
2026-09-14 03:50:26 | INFO     | OK https://skeb.jp/api/users/haluhalu0403
2026-09-14 03:50:26 | INFO     | Saving at a/skeb/haluhalu0403-002d8b.json
2026-09-14 03:50:27 | INFO     | OK https://skeb.jp/api/users/Nao_cdsuyta
2026-09-14 03:50:27 | INFO     | Saving at a/skeb/Nao_cdsuyta-200a5c.json
2026-09-14 03:50:28 | WARNING  | 404 on https://skeb.jp/api/users/user7560116129950 (attempt 1/3)
2026-09-14 03:50:29 | INFO     | OK https://skeb.jp/api/users/yuzha4328
2026-09-14 03:50:29 | INFO     | Saving at a/skeb/yuzha4328-b5bebb.json
2026-09-14 03:50:30 | INFO     | OK https://skeb.jp/api/users/kimuchi000423
2026-09-14 03:50:30 | INFO     | Saving at a/skeb/kimuchi000423-0ad643.json
2026-09-14 03:50:31 | WARNING  | 404 on https://skeb.jp/api/users/BloodyBlack (attempt 1/3)
2026-09-14 03:50:32 | INFO     | OK https://skeb.jp/api/users/KibasakiChigaya
2026-09-14 03:50:32 | INFO     | Saving at a/skeb/KibasakiChigaya-3e286f.json
2026-09-14 03:50:33 | INFO     | OK https://skeb.jp/api/users/dinosuki_33
2026-09-14 03:50:33 | INFO     | Saving at a/skeb/dinosuki_33-17d773.json
2026-09-14 03:50:34 | WARNING  | 404 on https://skeb.jp/api/users/BloodyBlack (attempt 2/3)
2026-09-14 03:50:35 | INFO     | OK https://skeb.jp/api/users/camogaru
2026-09-14 03:50:35 | INFO     | Saving at a/skeb/camogaru-d5482e.json
2026-09-14 03:50:36 | INFO     | OK https://skeb.jp/api/users/Qpan_M
2026-09-14 03:50:36 | INFO     | Saving at a/skeb/Qpan_M-004c43.json
2026-09-14 03:50:37 | INFO     | OK https://skeb.jp/api/users/bomellia
2026-09-14 03:50:37 | INFO     | Saving at a/skeb/bomellia-8a3d0a.json
2026-09-14 03:50:38 | INFO     | OK https://skeb.jp/api/users/KCC_014
2026-09-14 03:50:38 | INFO     | Saving at a/skeb/KCC_014-6669b2.json
2026-09-14 03:50:39 | INFO     | OK https://skeb.jp/api/users/hikanyan
2026-09-14 03:50:39 | INFO     | Saving at a/skeb/hikanyan-55510d.json
2026-09-14 03:50:40 | INFO     | OK https://skeb.jp/api/users/urihime_shuyu
2026-09-14 03:50:40 | INFO     | Saving at a/skeb/urihime_shuyu-588b86.json
2026-09-14 03:50:41 | INFO     | OK https://skeb.jp/api/users/rokuro_yusa
2026-09-14 03:50:41 | INFO     | Saving at a/skeb/rokuro_yusa-8411a5.json
2026-09-14 03:50:42 | INFO     | OK https://skeb.jp/api/users/SUGOKU_OSUSHI
2026-09-14 03:50:42 | INFO     | Saving at a/skeb/SUGOKU_OSUSHI-4c7072.json
2026-09-14 03:50:43 | INFO     | OK https://skeb.jp/api/users/sakuramasuo0523
2026-09-14 03:50:43 | INFO     | Saving at a/skeb/sakuramasuo0523-7baaa7.json
2026-09-14 03:50:44 | INFO     | OK https://skeb.jp/api/users/MoepuSub76286
2026-09-14 03:50:44 | INFO     | Saving at a/skeb/MoepuSub76286-b3268e.json
2026-09-14 03:50:45 | INFO     | OK https://skeb.jp/api/users/ARUKEEEEEEN
2026-09-14 03:50:45 | INFO     | Saving at a/skeb/ARUKEEEEEEN-48a449.json
2026-09-14 03:50:46 | INFO     | OK https://skeb.jp/api/users/sitisaie
2026-09-14 03:50:46 | INFO     | Saving at a/skeb/sitisaie-676fda.json
2026-09-14 03:50:47 | INFO     | OK https://skeb.jp/api/users/nnzz_abc
2026-09-14 03:50:47 | INFO     | Saving at a/skeb/nnzz_abc-e3467b.json
2026-09-14 03:50:48 | INFO     | OK https://skeb.jp/api/users/CdqQlz
2026-09-14 03:50:48 | INFO     | Saving at a/skeb/CdqQlz-258b5c.json
2026-09-14 03:50:49 | WARNING  | 404 on https://skeb.jp/api/users/BloodyBlack (attempt 3/3)
2026-09-14 03:50:50 | INFO     | OK https://skeb.jp/api/users/shiomi_cms
2026-09-14 03:50:50 | INFO     | Saving at a/skeb/shiomi_cms-f1d846.json
2026-09-14 03:50:51 | INFO     | OK https://skeb.jp/api/users/toda_vr
2026-09-14 03:50:51 | INFO     | Saving at a/skeb/toda_vr-bc9c8c.json
2026-09-14 03:50:52 | INFO     | OK https://skeb.jp/api/users/goma_tarata
2026-09-14 03:50:52 | INFO     | Saving at a/skeb/goma_tarata-955b31.json
2026-09-14 03:50:53 | WARNING  | 404 on https://skeb.jp/api/users/user7560116129950 (attempt 2/3)
2026-09-14 03:50:54 | INFO     | OK https://skeb.jp/api/users/iemontale
2026-09-14 03:50:54 | INFO     | Saving at a/skeb/iemontale-051647.json
2026-09-14 03:50:55 | INFO     | OK https://skeb.jp/api/users/masoten00824
2026-09-14 03:50:55 | INFO     | Saving at a/skeb/masoten00824-5f4798.json
2026-09-14 03:50:56 | INFO     | OK https://skeb.jp/api/users/kumoarare_025
2026-09-14 03:50:56 | INFO     | Saving at a/skeb/kumoarare_025-37b1e0.json
2026-09-14 03:50:57 | INFO     | OK https://skeb.jp/api/users/tagane_sousakuo
2026-09-14 03:50:57 | INFO     | Saving at a/skeb/tagane_sousakuo-62433d.json
2026-09-14 03:50:58 | WARNING  | 404 on https://skeb.jp/api/users/user7560116129950 (attempt 3/3)
2026-09-14 03:50:59 | INFO     | OK https://skeb.jp/api/users/2333mg_g
2026-09-14 03:50:59 | INFO     | Saving at a/skeb/2333mg_g-0f7aee.json
2026-09-14 03:51:00 | WARNING  | 404 on https://skeb.jp/api/users/kidoko6 (attempt 1/3)
2026-09-14 03:51:01 | INFO     | OK https://skeb.jp/api/users/karatsuki_moon
2026-09-14 03:51:01 | INFO     | Saving at a/skeb/karatsuki_moon-7a6636.json
2026-09-14 03:51:02 | INFO     | OK https://skeb.jp/api/users/RAMUNE_ramo
2026-09-14 03:51:02 | INFO     | Saving at a/skeb/RAMUNE_ramo-4aee94.json
2026-09-14 03:51:03 | INFO     | OK https://skeb.jp/api/users/observer_rrh
2026-09-14 03:51:03 | INFO     | Saving at a/skeb/observer_rrh-d0387e.json
2026-09-14 03:51:04 | INFO     | OK https://skeb.jp/api/users/Raikar_fxi47
2026-09-14 03:51:04 | INFO     | Saving at a/skeb/Raikar_fxi47-e384b3.json
2026-09-14 03:51:05 | INFO     | OK https://skeb.jp/api/users/itsukakoyolily
2026-09-14 03:51:05 | INFO     | Saving at a/skeb/itsukakoyolily-77bc06.json
2026-09-14 03:51:06 | INFO     | OK https://skeb.jp/api/users/sirotum_
2026-09-14 03:51:06 | INFO     | Saving at a/skeb/sirotum_-5e656c.json
2026-09-14 03:51:07 | INFO     | OK https://skeb.jp/api/users/kusumishiori
2026-09-14 03:51:07 | INFO     | Saving at a/skeb/kusumishiori-d3ae49.json
2026-09-14 03:51:08 | INFO     | OK https://skeb.jp/api/users/tani_gorira
2026-09-14 03:51:08 | INFO     | Saving at a/skeb/tani_gorira-7521aa.json
2026-09-14 03:51:09 | WARNING  | 404 on https://skeb.jp/api/users/kidoko6 (attempt 2/3)
2026-09-14 03:51:10 | INFO     | OK https://skeb.jp/api/users/hiyoke_dama
2026-09-14 03:51:10 | INFO     | Saving at a/skeb/hiyoke_dama-8ea8b7.json
2026-09-14 03:51:11 | INFO     | OK https://skeb.jp/api/users/Powaris
2026-09-14 03:51:11 | INFO     | Saving at a/skeb/Powaris-fe776f.json
2026-09-14 03:51:12 | INFO     | OK https://skeb.jp/api/users/horokura
2026-09-14 03:51:12 | INFO     | Saving at a/skeb/horokura-0929ff.json
2026-09-14 03:51:13 | INFO     | OK https://skeb.jp/api/users/asu_vrc7
2026-09-14 03:51:13 | INFO     | Saving at a/skeb/asu_vrc7-995248.json
2026-09-14 03:51:14 | INFO     | OK https://skeb.jp/api/users/hitohutakiri
2026-09-14 03:51:14 | INFO     | Saving at a/skeb/hitohutakiri-2760a5.json
2026-09-14 03:51:15 | INFO     | OK https://skeb.jp/api/users/saku_saku_sakup
2026-09-14 03:51:15 | INFO     | Saving at a/skeb/saku_saku_sakup-4294ad.json
2026-09-14 03:51:16 | INFO     | OK https://skeb.jp/api/users/dsienk0505
2026-09-14 03:51:16 | INFO     | Saving at a/skeb/dsienk0505-504fcf.json
2026-09-14 03:51:17 | INFO     | OK https://skeb.jp/api/users/dqx_pochi
2026-09-14 03:51:17 | INFO     | Saving at a/skeb/dqx_pochi-af7618.json
2026-09-14 03:51:18 | INFO     | OK https://skeb.jp/api/users/y_chogi_suki
2026-09-14 03:51:18 | INFO     | Saving at a/skeb/y_chogi_suki-6c6061.json
2026-09-14 03:51:19 | INFO     | OK https://skeb.jp/api/users/mr_krs_mmnt_mr
2026-09-14 03:51:19 | INFO     | Saving at a/skeb/mr_krs_mmnt_mr-5af4f4.json
2026-09-14 03:51:20 | INFO     | OK https://skeb.jp/api/users/kanaria_BCoMN
2026-09-14 03:51:20 | INFO     | Saving at a/skeb/kanaria_BCoMN-f93af0.json
2026-09-14 03:51:21 | INFO     | OK https://skeb.jp/api/users/2371P
2026-09-14 03:51:21 | INFO     | Saving at a/skeb/2371P-4422cd.json
2026-09-14 03:51:22 | INFO     | OK https://skeb.jp/api/users/tokumei111234
2026-09-14 03:51:22 | INFO     | Saving at a/skeb/tokumei111234-9cb399.json
2026-09-14 03:51:23 | INFO     | OK https://skeb.jp/api/users/choco2tabetai
2026-09-14 03:51:23 | INFO     | Saving at a/skeb/choco2tabetai-a272b8.json
2026-09-14 03:51:24 | INFO     | OK https://skeb.jp/api/users/_Aohoshi_
2026-09-14 03:51:24 | INFO     | Saving at a/skeb/_Aohoshi_-487281.json
2026-09-14 03:51:25 | INFO     | OK https://skeb.jp/api/users/Aoi_Chiyo98
2026-09-14 03:51:25 | INFO     | Saving at a/skeb/Aoi_Chiyo98-393910.json
2026-09-14 03:51:26 | INFO     | OK https://skeb.jp/api/users/not_rokujuichi
2026-09-14 03:51:26 | INFO     | Saving at a/skeb/not_rokujuichi-5d24ed.json
2026-09-14 03:51:27 | INFO     | OK https://skeb.jp/api/users/muunonoe
2026-09-14 03:51:27 | INFO     | Saving at a/skeb/muunonoe-01495f.json
2026-09-14 03:51:28 | INFO     | OK https://skeb.jp/api/users/ZNG_R2
2026-09-14 03:51:28 | INFO     | Saving at a/skeb/ZNG_R2-caf232.json
2026-09-14 03:51:29 | INFO     | OK https://skeb.jp/api/users/akira_tamo
2026-09-14 03:51:29 | INFO     | Saving at a/skeb/akira_tamo-26e597.json
2026-09-14 03:51:30 | INFO     | OK https://skeb.jp/api/users/c_sashima
2026-09-14 03:51:30 | INFO     | Saving at a/skeb/c_sashima-4c1e3d.json
2026-09-14 03:51:31 | INFO     | OK https://skeb.jp/api/users/maki3_319144
2026-09-14 03:51:31 | INFO     | Saving at a/skeb/maki3_319144-0f77c1.json
2026-09-14 03:51:32 | INFO     | OK https://skeb.jp/api/users/mio_0818
2026-09-14 03:51:32 | INFO     | Saving at a/skeb/mio_0818-3b3fda.json
2026-09-14 03:51:33 | INFO     | OK https://skeb.jp/api/users/Ca_2_plus
2026-09-14 03:51:33 | INFO     | Saving at a/skeb/Ca_2_plus-a3d818.json
2026-09-14 03:51:34 | WARNING  | 404 on https://skeb.jp/api/users/kidoko6 (attempt 3/3)
2026-09-14 03:51:35 | INFO     | OK https://skeb.jp/api/users/pll_oc
2026-09-14 03:51:35 | INFO     | Saving at a/skeb/pll_oc-261441.json
2026-09-14 03:51:36 | INFO     | OK https://skeb.jp/api/users/shiraru1117
2026-09-14 03:51:36 | INFO     | Saving at a/skeb/shiraru1117-af1f4d.json
2026-09-14 03:51:37 | INFO     | OK https://skeb.jp/api/users/ebiebi_r
2026-09-14 03:51:37 | INFO     | Saving at a/skeb/ebiebi_r-507bad.json
2026-09-14 03:51:38 | INFO     | OK https://skeb.jp/api/users/aonomumei
2026-09-14 03:51:38 | INFO     | Saving at a/skeb/aonomumei-ae97b6.json
2026-09-14 03:51:39 | INFO     | OK https://skeb.jp/api/users/Nazrin50851823
2026-09-14 03:51:39 | INFO     | Saving at a/skeb/Nazrin50851823-49b5f5.json
2026-09-14 03:51:40 | INFO     | OK https://skeb.jp/api/users/YuTrpg
2026-09-14 03:51:40 | INFO     | Saving at a/skeb/YuTrpg-74d935.json
2026-09-14 03:51:41 | INFO     | OK https://skeb.jp/api/users/soine_sirasawa
2026-09-14 03:51:41 | INFO     | Saving at a/skeb/soine_sirasawa-306bae.json
2026-09-14 03:51:42 | INFO     | OK https://skeb.jp/api/users/moyashi_pooh2
2026-09-14 03:51:42 | INFO     | Saving at a/skeb/moyashi_pooh2-9e343f.json
2026-09-14 03:51:43 | INFO     | OK https://skeb.jp/api/users/kuriiro0104
2026-09-14 03:51:43 | INFO     | Saving at a/skeb/kuriiro0104-a57a0f.json
2026-09-14 03:51:44 | INFO     | OK https://skeb.jp/api/users/tatsunami1379
2026-09-14 03:51:44 | INFO     | Saving at a/skeb/tatsunami1379-db7a6b.json
2026-09-14 03:51:45 | INFO     | OK https://skeb.jp/api/users/ttG___29
2026-09-14 03:51:45 | INFO     | Saving at a/skeb/ttG___29-57c87f.json
2026-09-14 03:51:46 | INFO     | OK https://skeb.jp/api/users/73_draw_
2026-09-14 03:51:46 | INFO     | Saving at a/skeb/73_draw_-b6e6ab.json
2026-09-14 03:51:47 | INFO     | OK https://skeb.jp/api/users/asiduki1
2026-09-14 03:51:47 | INFO     | Saving at a/skeb/asiduki1-a423e8.json
2026-09-14 03:51:48 | INFO     | OK https://skeb.jp/api/users/bigbamn2neo
2026-09-14 03:51:48 | INFO     | Saving at a/skeb/bigbamn2neo-8a4106.json
2026-09-14 03:51:49 | INFO     | OK https://skeb.jp/api/users/imakisyoji
2026-09-14 03:51:49 | INFO     | Saving at a/skeb/imakisyoji-acfb98.json
2026-09-14 03:51:50 | INFO     | OK https://skeb.jp/api/users/ON28797
2026-09-14 03:51:50 | INFO     | Saving at a/skeb/ON28797-635fac.json
2026-09-14 03:51:51 | INFO     | OK https://skeb.jp/api/users/cvclq
2026-09-14 03:51:51 | INFO     | Saving at a/skeb/cvclq-80e94e.json
2026-09-14 03:51:52 | INFO     | OK https://skeb.jp/api/users/skcccccimmm
2026-09-14 03:51:52 | INFO     | Saving at a/skeb/skcccccimmm-2a48d2.json
2026-09-14 03:51:53 | INFO     | OK https://skeb.jp/api/users/Hikari_akiduki
2026-09-14 03:51:53 | INFO     | Saving at a/skeb/Hikari_akiduki-b0dda6.json
2026-09-14 03:51:54 | INFO     | OK https://skeb.jp/api/users/Ame_929
2026-09-14 03:51:54 | INFO     | Saving at a/skeb/Ame_929-314cb3.json
2026-09-14 03:51:55 | INFO     | OK https://skeb.jp/api/users/Sushi_Cat_REC
2026-09-14 03:51:55 | INFO     | Saving at a/skeb/Sushi_Cat_REC-bbed18.json
2026-09-14 03:51:56 | INFO     | OK https://skeb.jp/api/users/Musgs8
2026-09-14 03:51:56 | INFO     | Saving at a/skeb/Musgs8-e1b406.json
2026-09-14 03:51:57 | INFO     | OK https://skeb.jp/api/users/nitono_iro_mia
2026-09-14 03:51:57 | INFO     | Saving at a/skeb/nitono_iro_mia-8cb31e.json
2026-09-14 03:51:58 | INFO     | OK https://skeb.jp/api/users/hakokitsu
2026-09-14 03:51:58 | INFO     | Saving at a/skeb/hakokitsu-c07458.json
2026-09-14 03:51:59 | INFO     | OK https://skeb.jp/api/users/nightwolf_1105
2026-09-14 03:51:59 | INFO     | Saving at a/skeb/nightwolf_1105-29391c.json
2026-09-14 03:52:00 | INFO     | OK https://skeb.jp/api/users/kuromame_45
2026-09-14 03:52:00 | INFO     | Saving at a/skeb/kuromame_45-b9d84d.json
2026-09-14 03:52:01 | INFO     | OK https://skeb.jp/api/users/pon_tsumugi
2026-09-14 03:52:01 | INFO     | Saving at a/skeb/pon_tsumugi-7f91b8.json
2026-09-14 03:52:02 | INFO     | OK https://skeb.jp/api/users/komododoragonn_
2026-09-14 03:52:02 | INFO     | Saving at a/skeb/komododoragonn_-ce179b.json
2026-09-14 03:52:03 | INFO     | OK https://skeb.jp/api/users/sirochin1
2026-09-14 03:52:03 | INFO     | Saving at a/skeb/sirochin1-9b6aa9.json
2026-09-14 03:52:04 | INFO     | OK https://skeb.jp/api/users/sakuraumesan
2026-09-14 03:52:04 | INFO     | Saving at a/skeb/sakuraumesan-10c42a.json
2026-09-14 03:52:05 | INFO     | OK https://skeb.jp/api/users/harutaro_5d
2026-09-14 03:52:05 | INFO     | Saving at a/skeb/harutaro_5d-0d47ad.json
2026-09-14 03:52:06 | INFO     | OK https://skeb.jp/api/users/ura_rokudenasi
2026-09-14 03:52:06 | INFO     | Saving at a/skeb/ura_rokudenasi-09d571.json
2026-09-14 03:52:07 | INFO     | OK https://skeb.jp/api/users/LiCCCo0008
2026-09-14 03:52:07 | INFO     | Saving at a/skeb/LiCCCo0008-273837.json
2026-09-14 03:52:08 | INFO     | OK https://skeb.jp/api/users/aohana0712
2026-09-14 03:52:08 | INFO     | Saving at a/skeb/aohana0712-4c4be7.json
2026-09-14 03:52:09 | INFO     | OK https://skeb.jp/api/users/xUHMlWV0OV
2026-09-14 03:52:09 | INFO     | Saving at a/skeb/xUHMlWV0OV-14ccf9.json
2026-09-14 03:52:10 | INFO     | OK https://skeb.jp/api/users/UTAKA_007
2026-09-14 03:52:10 | INFO     | Saving at a/skeb/UTAKA_007-5111be.json
2026-09-14 03:52:11 | INFO     | OK https://skeb.jp/api/users/tkhcrb
2026-09-14 03:52:11 | INFO     | Saving at a/skeb/tkhcrb-f8863a.json
2026-09-14 03:52:12 | INFO     | OK https://skeb.jp/api/users/ranse237
2026-09-14 03:52:12 | INFO     | Saving at a/skeb/ranse237-372dc5.json
2026-09-14 03:52:13 | INFO     | OK https://skeb.jp/api/users/heriyama
2026-09-14 03:52:13 | INFO     | Saving at a/skeb/heriyama-df3d39.json
2026-09-14 03:52:14 | INFO     | OK https://skeb.jp/api/users/nnxaxz
2026-09-14 03:52:14 | INFO     | Saving at a/skeb/nnxaxz-98e667.json
2026-09-14 03:52:15 | INFO     | OK https://skeb.jp/api/users/soluna_hermosa
2026-09-14 03:52:15 | INFO     | Saving at a/skeb/soluna_hermosa-6c4e94.json
2026-09-14 03:52:16 | INFO     | OK https://skeb.jp/api/users/ganagoa
2026-09-14 03:52:16 | INFO     | Saving at a/skeb/ganagoa-c3c093.json
2026-09-14 03:52:17 | INFO     | OK https://skeb.jp/api/users/kurorio1
2026-09-14 03:52:17 | INFO     | Saving at a/skeb/kurorio1-9262d7.json
2026-09-14 03:52:18 | INFO     | OK https://skeb.jp/api/users/hizaka12
2026-09-14 03:52:18 | INFO     | Saving at a/skeb/hizaka12-254bc0.json
2026-09-14 03:52:19 | INFO     | OK https://skeb.jp/api/users/misu_mohumohu2
2026-09-14 03:52:19 | INFO     | Saving at a/skeb/misu_mohumohu2-2211a7.json
2026-09-14 03:52:20 | INFO     | OK https://skeb.jp/api/users/ggiiara
2026-09-14 03:52:20 | INFO     | Saving at a/skeb/ggiiara-ee5db4.json
2026-09-14 03:52:21 | INFO     | OK https://skeb.jp/api/users/Tnm_ilu
2026-09-14 03:52:21 | INFO     | Saving at a/skeb/Tnm_ilu-a0bc93.json
2026-09-14 03:52:22 | INFO     | OK https://skeb.jp/api/users/ANPO_san
2026-09-14 03:52:22 | INFO     | Saving at a/skeb/ANPO_san-e673fb.json
2026-09-14 03:52:23 | INFO     | OK https://skeb.jp/api/users/GENIC2019
2026-09-14 03:52:23 | INFO     | Saving at a/skeb/GENIC2019-f467e2.json
2026-09-14 03:52:24 | INFO     | OK https://skeb.jp/api/users/ma_tsukasa
2026-09-14 03:52:24 | INFO     | Saving at a/skeb/ma_tsukasa-25e1b3.json
2026-09-14 03:52:25 | INFO     | OK https://skeb.jp/api/users/sasoriextract
2026-09-14 03:52:25 | INFO     | Saving at a/skeb/sasoriextract-ecb0ed.json
2026-09-14 03:52:26 | INFO     | OK https://skeb.jp/api/users/ninouchiirazu
2026-09-14 03:52:26 | INFO     | Saving at a/skeb/ninouchiirazu-dd8f22.json
2026-09-14 03:52:27 | INFO     | OK https://skeb.jp/api/users/ABCmoris
2026-09-14 03:52:27 | INFO     | Saving at a/skeb/ABCmoris-df3a6e.json
2026-09-14 03:52:28 | INFO     | OK https://skeb.jp/api/users/L_ie18810rr0
2026-09-14 03:52:28 | INFO     | Saving at a/skeb/L_ie18810rr0-54538a.json
2026-09-14 03:52:29 | INFO     | OK https://skeb.jp/api/users/PSU_CORFI
2026-09-14 03:52:29 | INFO     | Saving at a/skeb/PSU_CORFI-292d68.json
2026-09-14 03:52:30 | INFO     | OK https://skeb.jp/api/users/chan_noa_Ti
2026-09-14 03:52:30 | INFO     | Saving at a/skeb/chan_noa_Ti-a4b7fb.json
2026-09-14 03:52:31 | INFO     | OK https://skeb.jp/api/users/Aoi_69_
2026-09-14 03:52:31 | INFO     | Saving at a/skeb/Aoi_69_-354f04.json
2026-09-14 03:52:32 | INFO     | OK https://skeb.jp/api/users/misokokko551
2026-09-14 03:52:32 | INFO     | Saving at a/skeb/misokokko551-943456.json
2026-09-14 03:52:33 | INFO     | OK https://skeb.jp/api/users/RSN_07
2026-09-14 03:52:33 | INFO     | Saving at a/skeb/RSN_07-30a32d.json
2026-09-14 03:52:34 | INFO     | OK https://skeb.jp/api/users/MKMK_915
2026-09-14 03:52:34 | INFO     | Saving at a/skeb/MKMK_915-f57bec.json
2026-09-14 03:52:35 | INFO     | OK https://skeb.jp/api/users/usa_usa_art
2026-09-14 03:52:35 | INFO     | Saving at a/skeb/usa_usa_art-5ef8cb.json
2026-09-14 03:52:36 | INFO     | OK https://skeb.jp/api/users/Gatasu313
2026-09-14 03:52:36 | INFO     | Saving at a/skeb/Gatasu313-f4c207.json
2026-09-14 03:52:37 | INFO     | OK https://skeb.jp/api/users/kuriki_yu
2026-09-14 03:52:37 | INFO     | Saving at a/skeb/kuriki_yu-f235d1.json
2026-09-14 03:52:38 | INFO     | OK https://skeb.jp/api/users/5656siteitai
2026-09-14 03:52:38 | INFO     | Saving at a/skeb/5656siteitai-77ce66.json
2026-09-14 03:52:39 | INFO     | OK https://skeb.jp/api/users/momoigamoi02
2026-09-14 03:52:39 | INFO     | Saving at a/skeb/momoigamoi02-cc3543.json
2026-09-14 03:52:40 | INFO     | OK https://skeb.jp/api/users/13mm6
2026-09-14 03:52:40 | INFO     | Saving at a/skeb/13mm6-c3a431.json
2026-09-14 03:52:41 | INFO     | OK https://skeb.jp/api/users/spherewind1
2026-09-14 03:52:41 | INFO     | Saving at a/skeb/spherewind1-cbff8c.json
2026-09-14 03:52:42 | INFO     | OK https://skeb.jp/api/users/hritkU
2026-09-14 03:52:42 | INFO     | Saving at a/skeb/hritkU-2da57e.json
2026-09-14 03:52:43 | INFO     | OK https://skeb.jp/api/users/Romeo_illust
2026-09-14 03:52:43 | INFO     | Saving at a/skeb/Romeo_illust-278f7f.json
2026-09-14 03:52:44 | INFO     | OK https://skeb.jp/api/users/8s4_q
2026-09-14 03:52:44 | INFO     | Saving at a/skeb/8s4_q-cbf458.json
2026-09-14 03:52:45 | INFO     | OK https://skeb.jp/api/users/sasirorei
2026-09-14 03:52:45 | INFO     | Saving at a/skeb/sasirorei-efbe7d.json
2026-09-14 03:52:46 | INFO     | OK https://skeb.jp/api/users/siona0625
2026-09-14 03:52:46 | INFO     | Saving at a/skeb/siona0625-23b29e.json
2026-09-14 03:52:47 | INFO     | OK https://skeb.jp/api/users/doe3301
2026-09-14 03:52:47 | INFO     | Saving at a/skeb/doe3301-5c24c7.json
2026-09-14 03:52:48 | INFO     | OK https://skeb.jp/api/users/youretsu
2026-09-14 03:52:48 | INFO     | Saving at a/skeb/youretsu-7418bf.json
2026-09-14 03:52:49 | INFO     | OK https://skeb.jp/api/users/Avssenseiter
2026-09-14 03:52:49 | INFO     | Saving at a/skeb/Avssenseiter-977c1e.json
2026-09-14 03:52:50 | INFO     | OK https://skeb.jp/api/users/nicchi_000
2026-09-14 03:52:50 | INFO     | Saving at a/skeb/nicchi_000-df5c10.json
2026-09-14 03:52:51 | INFO     | OK https://skeb.jp/api/users/engawa110
2026-09-14 03:52:51 | INFO     | Saving at a/skeb/engawa110-cbd13c.json
2026-09-14 03:52:52 | WARNING  | 404 on https://skeb.jp/api/users/arisa (attempt 1/3)
2026-09-14 03:52:53 | INFO     | OK https://skeb.jp/api/users/AyashiroNoelle
2026-09-14 03:52:53 | INFO     | Saving at a/skeb/AyashiroNoelle-6df8f2.json
2026-09-14 03:52:54 | INFO     | OK https://skeb.jp/api/users/dai__zu
2026-09-14 03:52:54 | INFO     | Saving at a/skeb/dai__zu-abc8cb.json
2026-09-14 03:52:55 | INFO     | OK https://skeb.jp/api/users/h_totri
2026-09-14 03:52:55 | INFO     | Saving at a/skeb/h_totri-747df0.json
2026-09-14 03:52:56 | INFO     | OK https://skeb.jp/api/users/minatsucat
2026-09-14 03:52:56 | INFO     | Saving at a/skeb/minatsucat-9702b6.json
2026-09-14 03:52:57 | WARNING  | 404 on https://skeb.jp/api/users/arisa (attempt 2/3)
2026-09-14 03:52:58 | INFO     | OK https://skeb.jp/api/users/itoutooka
2026-09-14 03:52:58 | INFO     | Saving at a/skeb/itoutooka-7a32bb.json
2026-09-14 03:52:59 | INFO     | OK https://skeb.jp/api/users/ozawa2792728641
2026-09-14 03:52:59 | INFO     | Saving at a/skeb/ozawa2792728641-5b84be.json
2026-09-14 03:53:00 | INFO     | OK https://skeb.jp/api/users/DWID_D_
2026-09-14 03:53:00 | INFO     | Saving at a/skeb/DWID_D_-05c6fc.json
2026-09-14 03:53:01 | INFO     | OK https://skeb.jp/api/users/astr_sir
2026-09-14 03:53:01 | INFO     | Saving at a/skeb/astr_sir-ad9e94.json
2026-09-14 03:53:02 | WARNING  | 404 on https://skeb.jp/api/users/arisa (attempt 3/3)
2026-09-14 03:53:03 | INFO     | OK https://skeb.jp/api/users/inoetan
2026-09-14 03:53:03 | INFO     | Saving at a/skeb/inoetan-499456.json
2026-09-14 03:53:04 | INFO     | OK https://skeb.jp/api/users/zjeuk
2026-09-14 03:53:04 | INFO     | Saving at a/skeb/zjeuk-ba1e80.json
2026-09-14 03:53:05 | INFO     | OK https://skeb.jp/api/users/AkiNoEwoKakuyo
2026-09-14 03:53:05 | INFO     | Saving at a/skeb/AkiNoEwoKakuyo-d42bb5.json
2026-09-14 03:53:06 | INFO     | OK https://skeb.jp/api/users/shidukitei_aya
2026-09-14 03:53:06 | INFO     | Saving at a/skeb/shidukitei_aya-229edb.json
2026-09-14 03:53:07 | INFO     | OK https://skeb.jp/api/users/ototsukiharu
2026-09-14 03:53:07 | INFO     | Saving at a/skeb/ototsukiharu-70a751.json
2026-09-14 03:53:08 | INFO     | OK https://skeb.jp/api/users/pcq8q
2026-09-14 03:53:08 | INFO     | Saving at a/skeb/pcq8q-b9147c.json
2026-09-14 03:53:09 | INFO     | OK https://skeb.jp/api/users/Litvyak_
2026-09-14 03:53:09 | INFO     | Saving at a/skeb/Litvyak_-4b562f.json
2026-09-14 03:53:10 | INFO     | OK https://skeb.jp/api/users/aozi__r
2026-09-14 03:53:10 | INFO     | Saving at a/skeb/aozi__r-c1abe0.json
2026-09-14 03:53:11 | INFO     | OK https://skeb.jp/api/users/leeF
2026-09-14 03:53:11 | INFO     | Saving at a/skeb/leeF-74a8c4.json
2026-09-14 03:53:12 | INFO     | OK https://skeb.jp/api/users/seedoekakiman
2026-09-14 03:53:12 | INFO     | Saving at a/skeb/seedoekakiman-1b6cba.json
2026-09-14 03:53:13 | INFO     | OK https://skeb.jp/api/users/ZeanLamia
2026-09-14 03:53:13 | INFO     | Saving at a/skeb/ZeanLamia-143ffb.json
2026-09-14 03:53:14 | INFO     | OK https://skeb.jp/api/users/for_four_tea
2026-09-14 03:53:14 | INFO     | Saving at a/skeb/for_four_tea-1812b6.json
2026-09-14 03:53:15 | INFO     | OK https://skeb.jp/api/users/ch4_n2o
2026-09-14 03:53:15 | INFO     | Saving at a/skeb/ch4_n2o-2c2f48.json
2026-09-14 03:53:16 | INFO     | OK https://skeb.jp/api/users/77akira
2026-09-14 03:53:16 | INFO     | Saving at a/skeb/77akira-79d2d2.json
2026-09-14 03:53:17 | INFO     | OK https://skeb.jp/api/users/mimoza04040
2026-09-14 03:53:17 | INFO     | Saving at a/skeb/mimoza04040-67d5df.json
2026-09-14 03:53:18 | INFO     | OK https://skeb.jp/api/users/S0DA_AO
2026-09-14 03:53:18 | INFO     | Saving at a/skeb/S0DA_AO-ab4f0a.json
2026-09-14 03:53:19 | INFO     | OK https://skeb.jp/api/users/ewokaku_hqga
2026-09-14 03:53:19 | INFO     | Saving at a/skeb/ewokaku_hqga-cfcb47.json
2026-09-14 03:53:20 | INFO     | OK https://skeb.jp/api/users/hnohanz122
2026-09-14 03:53:20 | INFO     | Saving at a/skeb/hnohanz122-2216ae.json
2026-09-14 03:53:21 | INFO     | OK https://skeb.jp/api/users/PlatP3
2026-09-14 03:53:21 | INFO     | Saving at a/skeb/PlatP3-3fc924.json
2026-09-14 03:53:22 | INFO     | OK https://skeb.jp/api/users/hotcake_16
2026-09-14 03:53:22 | INFO     | Saving at a/skeb/hotcake_16-ed511a.json
2026-09-14 03:53:23 | INFO     | OK https://skeb.jp/api/users/s7280e
2026-09-14 03:53:23 | INFO     | Saving at a/skeb/s7280e-651a6b.json
2026-09-14 03:53:24 | INFO     | OK https://skeb.jp/api/users/____donkarasu03
2026-09-14 03:53:24 | INFO     | Saving at a/skeb/____donkarasu03-5c201a.json
2026-09-14 03:53:25 | INFO     | OK https://skeb.jp/api/users/sinnatu928
2026-09-14 03:53:25 | INFO     | Saving at a/skeb/sinnatu928-004500.json
2026-09-14 03:53:26 | INFO     | OK https://skeb.jp/api/users/chizechize
2026-09-14 03:53:26 | INFO     | Saving at a/skeb/chizechize-d204b6.json
2026-09-14 03:53:27 | INFO     | OK https://skeb.jp/api/users/INEkome_8000
2026-09-14 03:53:27 | INFO     | Saving at a/skeb/INEkome_8000-9caecd.json
2026-09-14 03:53:28 | INFO     | OK https://skeb.jp/api/users/subaru613
2026-09-14 03:53:28 | INFO     | Saving at a/skeb/subaru613-e16d5e.json
2026-09-14 03:53:29 | INFO     | OK https://skeb.jp/api/users/amatyazuru
2026-09-14 03:53:29 | INFO     | Saving at a/skeb/amatyazuru-85efb8.json
2026-09-14 03:53:30 | INFO     | OK https://skeb.jp/api/users/knkon_Yukiya
2026-09-14 03:53:30 | INFO     | Saving at a/skeb/knkon_Yukiya-6e87c6.json
2026-09-14 03:53:31 | INFO     | OK https://skeb.jp/api/users/hamcheesesand
2026-09-14 03:53:31 | INFO     | Saving at a/skeb/hamcheesesand-c03bc3.json
2026-09-14 03:53:32 | INFO     | OK https://skeb.jp/api/users/sss_I2Vkq
2026-09-14 03:53:32 | INFO     | Saving at a/skeb/sss_I2Vkq-4ae560.json
2026-09-14 03:53:33 | INFO     | OK https://skeb.jp/api/users/KRn6v
2026-09-14 03:53:33 | INFO     | Saving at a/skeb/KRn6v-600827.json
2026-09-14 03:53:34 | INFO     | OK https://skeb.jp/api/users/harunomaki_e
2026-09-14 03:53:34 | INFO     | Saving at a/skeb/harunomaki_e-f51e8f.json
2026-09-14 03:53:35 | INFO     | OK https://skeb.jp/api/users/YukiriT
2026-09-14 03:53:35 | INFO     | Saving at a/skeb/YukiriT-b1597e.json
2026-09-14 03:53:36 | WARNING  | 404 on https://skeb.jp/api/users/kittanke6056 (attempt 1/3)
2026-09-14 03:53:37 | INFO     | OK https://skeb.jp/api/users/ginziro525
2026-09-14 03:53:37 | INFO     | Saving at a/skeb/ginziro525-4faee6.json
2026-09-14 03:53:38 | INFO     | OK https://skeb.jp/api/users/chaoiruko
2026-09-14 03:53:38 | INFO     | Saving at a/skeb/chaoiruko-808115.json
2026-09-14 03:53:39 | WARNING  | 404 on https://skeb.jp/api/users/kittanke6056 (attempt 2/3)
2026-09-14 03:53:40 | INFO     | OK https://skeb.jp/api/users/berube_ruuga
2026-09-14 03:53:40 | INFO     | Saving at a/skeb/berube_ruuga-78163a.json
2026-09-14 03:53:41 | INFO     | OK https://skeb.jp/api/users/hana_souretu_87
2026-09-14 03:53:41 | INFO     | Saving at a/skeb/hana_souretu_87-04bbcd.json
2026-09-14 03:53:42 | INFO     | OK https://skeb.jp/api/users/nsnrk_
2026-09-14 03:53:42 | INFO     | Saving at a/skeb/nsnrk_-6424f6.json
2026-09-14 03:53:43 | INFO     | OK https://skeb.jp/api/users/sumomo_otome
2026-09-14 03:53:43 | INFO     | Saving at a/skeb/sumomo_otome-6581df.json
2026-09-14 03:53:44 | INFO     | OK https://skeb.jp/api/users/gu_16reji
2026-09-14 03:53:44 | INFO     | Saving at a/skeb/gu_16reji-b0470b.json
2026-09-14 03:53:45 | INFO     | OK https://skeb.jp/api/users/k_art71
2026-09-14 03:53:45 | INFO     | Saving at a/skeb/k_art71-1b7f57.json
2026-09-14 03:53:46 | WARNING  | 404 on https://skeb.jp/api/users/kittanke6056 (attempt 3/3)
2026-09-14 03:53:47 | INFO     | OK https://skeb.jp/api/users/neko_no_kone
2026-09-14 03:53:47 | INFO     | Saving at a/skeb/neko_no_kone-d50ecd.json
2026-09-14 03:53:48 | INFO     | OK https://skeb.jp/api/users/nanatanunyan
2026-09-14 03:53:48 | INFO     | Saving at a/skeb/nanatanunyan-25463c.json
2026-09-14 03:53:49 | INFO     | OK https://skeb.jp/api/users/Sorata__
2026-09-14 03:53:49 | INFO     | Saving at a/skeb/Sorata__-bd56ac.json
2026-09-14 03:53:50 | INFO     | OK https://skeb.jp/api/users/gotop12
2026-09-14 03:53:50 | INFO     | Saving at a/skeb/gotop12-808e3c.json
2026-09-14 03:53:51 | INFO     | OK https://skeb.jp/api/users/Lily_s04
2026-09-14 03:53:51 | INFO     | Saving at a/skeb/Lily_s04-85930d.json
2026-09-14 03:53:52 | INFO     | OK https://skeb.jp/api/users/yoi_muki
2026-09-14 03:53:52 | INFO     | Saving at a/skeb/yoi_muki-d457c0.json
2026-09-14 03:53:53 | INFO     | OK https://skeb.jp/api/users/koge_masaki
2026-09-14 03:53:53 | INFO     | Saving at a/skeb/koge_masaki-56e620.json
2026-09-14 03:53:54 | INFO     | OK https://skeb.jp/api/users/cola7_illust
2026-09-14 03:53:54 | INFO     | Saving at a/skeb/cola7_illust-820a94.json
2026-09-14 03:53:55 | INFO     | OK https://skeb.jp/api/users/squarewave29
2026-09-14 03:53:55 | INFO     | Saving at a/skeb/squarewave29-6e770c.json
2026-09-14 03:53:56 | INFO     | OK https://skeb.jp/api/users/reshiasub
2026-09-14 03:53:56 | INFO     | Saving at a/skeb/reshiasub-1680d8.json
2026-09-14 03:53:57 | INFO     | OK https://skeb.jp/api/users/rdz46859
2026-09-14 03:53:57 | INFO     | Saving at a/skeb/rdz46859-cf9b0d.json
2026-09-14 03:53:58 | INFO     | OK https://skeb.jp/api/users/tago00576304
2026-09-14 03:53:58 | INFO     | Saving at a/skeb/tago00576304-2c8791.json
2026-09-14 03:53:59 | INFO     | OK https://skeb.jp/api/users/eme914094432941
2026-09-14 03:53:59 | INFO     | Saving at a/skeb/eme914094432941-df6b93.json
2026-09-14 03:54:00 | INFO     | OK https://skeb.jp/api/users/some_amp
2026-09-14 03:54:00 | INFO     | Saving at a/skeb/some_amp-d6b038.json
2026-09-14 03:54:01 | INFO     | OK https://skeb.jp/api/users/PanzoSakata
2026-09-14 03:54:01 | INFO     | Saving at a/skeb/PanzoSakata-629ef7.json
2026-09-14 03:54:02 | INFO     | OK https://skeb.jp/api/users/Endou_KK
2026-09-14 03:54:02 | INFO     | Saving at a/skeb/Endou_KK-2c7d4b.json
2026-09-14 03:54:03 | INFO     | OK https://skeb.jp/api/users/buruburu2
2026-09-14 03:54:03 | INFO     | Saving at a/skeb/buruburu2-691a4a.json
2026-09-14 03:54:04 | INFO     | OK https://skeb.jp/api/users/tkigsk
2026-09-14 03:54:04 | INFO     | Saving at a/skeb/tkigsk-ae650d.json
2026-09-14 03:54:05 | INFO     | OK https://skeb.jp/api/users/yazyuunosippo
2026-09-14 03:54:05 | INFO     | Saving at a/skeb/yazyuunosippo-03a572.json
2026-09-14 03:54:06 | INFO     | OK https://skeb.jp/api/users/zbbznb_
2026-09-14 03:54:06 | INFO     | Saving at a/skeb/zbbznb_-d8274d.json
2026-09-14 03:54:07 | INFO     | OK https://skeb.jp/api/users/0412sraim
2026-09-14 03:54:07 | INFO     | Saving at a/skeb/0412sraim-54ca0d.json
2026-09-14 03:54:08 | INFO     | OK https://skeb.jp/api/users/Maitake402
2026-09-14 03:54:08 | INFO     | Saving at a/skeb/Maitake402-577e04.json
2026-09-14 03:54:09 | INFO     | OK https://skeb.jp/api/users/chirin_icecream
2026-09-14 03:54:09 | INFO     | Saving at a/skeb/chirin_icecream-c0a5bf.json
2026-09-14 03:54:10 | INFO     | OK https://skeb.jp/api/users/hinahayase
2026-09-14 03:54:10 | INFO     | Saving at a/skeb/hinahayase-1c14f3.json
2026-09-14 03:54:11 | INFO     | OK https://skeb.jp/api/users/Mariiorite
2026-09-14 03:54:11 | INFO     | Saving at a/skeb/Mariiorite-9dab96.json
2026-09-14 03:54:12 | INFO     | OK https://skeb.jp/api/users/goat_ling
2026-09-14 03:54:12 | INFO     | Saving at a/skeb/goat_ling-76ccf2.json
2026-09-14 03:54:13 | INFO     | OK https://skeb.jp/api/users/Nana01_Art
2026-09-14 03:54:13 | INFO     | Saving at a/skeb/Nana01_Art-589764.json
2026-09-14 03:54:14 | INFO     | OK https://skeb.jp/api/users/tozanago
2026-09-14 03:54:14 | INFO     | Saving at a/skeb/tozanago-2d42b8.json
2026-09-14 03:54:15 | INFO     | OK https://skeb.jp/api/users/i_n_m_r_s_k_y
2026-09-14 03:54:15 | INFO     | Saving at a/skeb/i_n_m_r_s_k_y-e1ead9.json
2026-09-14 03:54:16 | INFO     | OK https://skeb.jp/api/users/Azumi_illust
2026-09-14 03:54:16 | INFO     | Saving at a/skeb/Azumi_illust-0588b0.json
2026-09-14 03:54:17 | INFO     | OK https://skeb.jp/api/users/_______dorayaki
2026-09-14 03:54:17 | INFO     | Saving at a/skeb/_______dorayaki-16b68b.json
2026-09-14 03:54:18 | INFO     | OK https://skeb.jp/api/users/gekiuma8wolf
2026-09-14 03:54:18 | INFO     | Saving at a/skeb/gekiuma8wolf-aaf9a3.json
2026-09-14 03:54:19 | INFO     | OK https://skeb.jp/api/users/_interneco
2026-09-14 03:54:19 | INFO     | Saving at a/skeb/_interneco-3a79c1.json
2026-09-14 03:54:20 | INFO     | OK https://skeb.jp/api/users/hamusuke1017
2026-09-14 03:54:20 | INFO     | Saving at a/skeb/hamusuke1017-85e628.json
2026-09-14 03:54:21 | INFO     | OK https://skeb.jp/api/users/ykhs9
2026-09-14 03:54:21 | INFO     | Saving at a/skeb/ykhs9-04fd60.json
2026-09-14 03:54:22 | INFO     | OK https://skeb.jp/api/users/hokkoinu
2026-09-14 03:54:22 | INFO     | Saving at a/skeb/hokkoinu-2e5ad7.json
2026-09-14 03:54:23 | INFO     | OK https://skeb.jp/api/users/naku2neck
2026-09-14 03:54:23 | INFO     | Saving at a/skeb/naku2neck-127e67.json
2026-09-14 03:54:24 | INFO     | OK https://skeb.jp/api/users/kaku_sato_3
2026-09-14 03:54:24 | INFO     | Saving at a/skeb/kaku_sato_3-936b22.json
2026-09-14 03:54:25 | INFO     | OK https://skeb.jp/api/users/esepoper
2026-09-14 03:54:25 | INFO     | Saving at a/skeb/esepoper-7139d9.json
2026-09-14 03:54:26 | INFO     | OK https://skeb.jp/api/users/casu4l_kira
2026-09-14 03:54:26 | INFO     | Saving at a/skeb/casu4l_kira-09b00b.json
2026-09-14 03:54:27 | INFO     | OK https://skeb.jp/api/users/njinji0201__
2026-09-14 03:54:27 | INFO     | Saving at a/skeb/njinji0201__-e7cf82.json
2026-09-14 03:54:28 | INFO     | OK https://skeb.jp/api/users/Famchang14
2026-09-14 03:54:28 | INFO     | Saving at a/skeb/Famchang14-07509e.json
2026-09-14 03:54:29 | INFO     | OK https://skeb.jp/api/users/HISE_HIHI11
2026-09-14 03:54:29 | INFO     | Saving at a/skeb/HISE_HIHI11-91fdc5.json
2026-09-14 03:54:30 | INFO     | OK https://skeb.jp/api/users/kurosumire_
2026-09-14 03:54:30 | INFO     | Saving at a/skeb/kurosumire_-6b9d69.json
2026-09-14 03:54:31 | INFO     | OK https://skeb.jp/api/users/hnnm
2026-09-14 03:54:31 | INFO     | Saving at a/skeb/hnnm-2e5348.json
2026-09-14 03:54:32 | INFO     | OK https://skeb.jp/api/users/kyojakuoh
2026-09-14 03:54:32 | INFO     | Saving at a/skeb/kyojakuoh-58a174.json
2026-09-14 03:54:33 | INFO     | OK https://skeb.jp/api/users/buriburiunchipa
2026-09-14 03:54:33 | INFO     | Saving at a/skeb/buriburiunchipa-eff3d4.json
2026-09-14 03:54:34 | INFO     | OK https://skeb.jp/api/users/Nymph_Rhythm
2026-09-14 03:54:34 | INFO     | Saving at a/skeb/Nymph_Rhythm-fc10cb.json
2026-09-14 03:54:35 | INFO     | OK https://skeb.jp/api/users/aoakumasan
2026-09-14 03:54:35 | INFO     | Saving at a/skeb/aoakumasan-51945d.json
2026-09-14 03:54:36 | INFO     | OK https://skeb.jp/api/users/266notre
2026-09-14 03:54:36 | INFO     | Saving at a/skeb/266notre-78fd33.json
2026-09-14 03:54:37 | INFO     | OK https://skeb.jp/api/users/Konoha217
2026-09-14 03:54:37 | INFO     | Saving at a/skeb/Konoha217-9acc29.json
2026-09-14 03:54:38 | INFO     | OK https://skeb.jp/api/users/umi__suzume
2026-09-14 03:54:38 | INFO     | Saving at a/skeb/umi__suzume-9c9daa.json
2026-09-14 03:54:39 | INFO     | OK https://skeb.jp/api/users/PKOn_Yama
2026-09-14 03:54:39 | INFO     | Saving at a/skeb/PKOn_Yama-16cb16.json
2026-09-14 03:54:40 | INFO     | OK https://skeb.jp/api/users/parumaexvs
2026-09-14 03:54:40 | INFO     | Saving at a/skeb/parumaexvs-d792e5.json
2026-09-14 03:54:41 | INFO     | OK https://skeb.jp/api/users/el4130_v
2026-09-14 03:54:41 | INFO     | Saving at a/skeb/el4130_v-f9fb1f.json
2026-09-14 03:54:42 | INFO     | OK https://skeb.jp/api/users/Tsaamon
2026-09-14 03:54:42 | INFO     | Saving at a/skeb/Tsaamon-3109c3.json
2026-09-14 03:54:43 | INFO     | OK https://skeb.jp/api/users/CAN0N151
2026-09-14 03:54:43 | INFO     | Saving at a/skeb/CAN0N151-963c29.json
2026-09-14 03:54:44 | INFO     | OK https://skeb.jp/api/users/Hiro_Uraguti
2026-09-14 03:54:44 | INFO     | Saving at a/skeb/Hiro_Uraguti-8bf620.json
2026-09-14 03:54:45 | INFO     | OK https://skeb.jp/api/users/Kororinnmaru
2026-09-14 03:54:45 | INFO     | Saving at a/skeb/Kororinnmaru-40cff9.json
2026-09-14 03:54:46 | INFO     | OK https://skeb.jp/api/users/Breakthrough_rr
2026-09-14 03:54:46 | INFO     | Saving at a/skeb/Breakthrough_rr-fc6947.json
2026-09-14 03:54:47 | INFO     | OK https://skeb.jp/api/users/v_galvez
2026-09-14 03:54:47 | INFO     | Saving at a/skeb/v_galvez-8bba7c.json
2026-09-14 03:54:48 | INFO     | OK https://skeb.jp/api/users/manimani1228
2026-09-14 03:54:48 | INFO     | Saving at a/skeb/manimani1228-c2a1ea.json
2026-09-14 03:54:49 | INFO     | OK https://skeb.jp/api/users/hibati_trpg
2026-09-14 03:54:49 | INFO     | Saving at a/skeb/hibati_trpg-47a197.json
2026-09-14 03:54:50 | INFO     | OK https://skeb.jp/api/users/shikumiro7
2026-09-14 03:54:50 | INFO     | Saving at a/skeb/shikumiro7-3c04c4.json
2026-09-14 03:54:51 | INFO     | OK https://skeb.jp/api/users/t_bakko
2026-09-14 03:54:51 | INFO     | Saving at a/skeb/t_bakko-532f5f.json
2026-09-14 03:54:52 | INFO     | OK https://skeb.jp/api/users/Otimusya_NieR
2026-09-14 03:54:52 | INFO     | Saving at a/skeb/Otimusya_NieR-cadc05.json
2026-09-14 03:54:53 | INFO     | OK https://skeb.jp/api/users/o5o8mm
2026-09-14 03:54:53 | INFO     | Saving at a/skeb/o5o8mm-c6ec1f.json
2026-09-14 03:54:54 | INFO     | OK https://skeb.jp/api/users/mihuteso08
2026-09-14 03:54:54 | INFO     | Saving at a/skeb/mihuteso08-6a8a5e.json
2026-09-14 03:54:55 | INFO     | OK https://skeb.jp/api/users/yoru_skeb
2026-09-14 03:54:55 | INFO     | Saving at a/skeb/yoru_skeb-78ba8e.json
2026-09-14 03:54:56 | INFO     | OK https://skeb.jp/api/users/ichiringo05
2026-09-14 03:54:56 | INFO     | Saving at a/skeb/ichiringo05-ca99b2.json
2026-09-14 03:54:57 | INFO     | OK https://skeb.jp/api/users/comugisan
2026-09-14 03:54:57 | INFO     | Saving at a/skeb/comugisan-0956f1.json
2026-09-14 03:54:58 | INFO     | OK https://skeb.jp/api/users/Boke_nsb
2026-09-14 03:54:58 | INFO     | Saving at a/skeb/Boke_nsb-794778.json
2026-09-14 03:54:59 | INFO     | OK https://skeb.jp/api/users/sudachi11
2026-09-14 03:54:59 | INFO     | Saving at a/skeb/sudachi11-575fd5.json
2026-09-14 03:55:00 | INFO     | OK https://skeb.jp/api/users/CJ_dinosaurs
2026-09-14 03:55:00 | INFO     | Saving at a/skeb/CJ_dinosaurs-c0e0e3.json
2026-09-14 03:55:01 | INFO     | OK https://skeb.jp/api/users/okaramman
2026-09-14 03:55:01 | INFO     | Saving at a/skeb/okaramman-d52c3b.json
2026-09-14 03:55:02 | INFO     | OK https://skeb.jp/api/users/HinaHina_ilust
2026-09-14 03:55:02 | INFO     | Saving at a/skeb/HinaHina_ilust-91f6e4.json
2026-09-14 03:55:03 | INFO     | OK https://skeb.jp/api/users/otaku_yane
2026-09-14 03:55:03 | INFO     | Saving at a/skeb/otaku_yane-20db5b.json
2026-09-14 03:55:04 | INFO     | OK https://skeb.jp/api/users/he__wakamo
2026-09-14 03:55:04 | INFO     | Saving at a/skeb/he__wakamo-73eddd.json
2026-09-14 03:55:05 | INFO     | OK https://skeb.jp/api/users/maromaru_1010
2026-09-14 03:55:05 | INFO     | Saving at a/skeb/maromaru_1010-a8f345.json
2026-09-14 03:55:06 | INFO     | OK https://skeb.jp/api/users/poipoiseimen
2026-09-14 03:55:06 | INFO     | Saving at a/skeb/poipoiseimen-be4353.json
2026-09-14 03:55:07 | INFO     | OK https://skeb.jp/api/users/theo_seo_
2026-09-14 03:55:07 | INFO     | Saving at a/skeb/theo_seo_-4775f0.json
2026-09-14 03:55:08 | INFO     | OK https://skeb.jp/api/users/Kitasato0810
2026-09-14 03:55:08 | INFO     | Saving at a/skeb/Kitasato0810-e899e9.json
2026-09-14 03:55:09 | INFO     | OK https://skeb.jp/api/users/shiratama_076
2026-09-14 03:55:09 | INFO     | Saving at a/skeb/shiratama_076-d823ea.json
2026-09-14 03:55:10 | INFO     | OK https://skeb.jp/api/users/_exse
2026-09-14 03:55:10 | INFO     | Saving at a/skeb/_exse-e43722.json
2026-09-14 03:55:11 | INFO     | OK https://skeb.jp/api/users/Prism_Flash
2026-09-14 03:55:11 | INFO     | Saving at a/skeb/Prism_Flash-eb4300.json
2026-09-14 03:55:12 | INFO     | OK https://skeb.jp/api/users/nazyorin
2026-09-14 03:55:12 | INFO     | Saving at a/skeb/nazyorin-5dc110.json
2026-09-14 03:55:13 | INFO     | OK https://skeb.jp/api/users/ameiroginsui1
2026-09-14 03:55:13 | INFO     | Saving at a/skeb/ameiroginsui1-45665a.json
2026-09-14 03:55:14 | INFO     | OK https://skeb.jp/api/users/yorikotohatiyo
2026-09-14 03:55:14 | INFO     | Saving at a/skeb/yorikotohatiyo-0062db.json
2026-09-14 03:55:15 | INFO     | OK https://skeb.jp/api/users/skzk_CM
2026-09-14 03:55:15 | INFO     | Saving at a/skeb/skzk_CM-c0a876.json
2026-09-14 03:55:16 | INFO     | OK https://skeb.jp/api/users/AKAI_NANA7
2026-09-14 03:55:16 | INFO     | Saving at a/skeb/AKAI_NANA7-049c4a.json
2026-09-14 03:55:17 | INFO     | OK https://skeb.jp/api/users/GSGK0jxuwEeHcss
2026-09-14 03:55:17 | INFO     | Saving at a/skeb/GSGK0jxuwEeHcss-f6b99f.json
2026-09-14 03:55:18 | INFO     | OK https://skeb.jp/api/users/ntmnw28
2026-09-14 03:55:18 | INFO     | Saving at a/skeb/ntmnw28-e3c3c3.json
2026-09-14 03:55:19 | INFO     | OK https://skeb.jp/api/users/sakenohone2nd
2026-09-14 03:55:19 | INFO     | Saving at a/skeb/sakenohone2nd-13dee3.json
2026-09-14 03:55:20 | INFO     | OK https://skeb.jp/api/users/yuyuyuyuyuyu030
2026-09-14 03:55:20 | INFO     | Saving at a/skeb/yuyuyuyuyuyu030-990127.json
2026-09-14 03:55:21 | INFO     | OK https://skeb.jp/api/users/yamTwTw_osada
2026-09-14 03:55:21 | INFO     | Saving at a/skeb/yamTwTw_osada-f2e33e.json
2026-09-14 03:55:22 | INFO     | OK https://skeb.jp/api/users/monolith_flash
2026-09-14 03:55:22 | INFO     | Saving at a/skeb/monolith_flash-6b76a8.json
2026-09-14 03:55:23 | INFO     | OK https://skeb.jp/api/users/6__aaaaaa
2026-09-14 03:55:23 | INFO     | Saving at a/skeb/6__aaaaaa-1218f1.json
2026-09-14 03:55:24 | INFO     | OK https://skeb.jp/api/users/shaamonsan
2026-09-14 03:55:24 | INFO     | Saving at a/skeb/shaamonsan-bcb76f.json
2026-09-14 03:55:25 | INFO     | OK https://skeb.jp/api/users/kamosika123
2026-09-14 03:55:25 | INFO     | Saving at a/skeb/kamosika123-3f707f.json
2026-09-14 03:55:26 | INFO     | OK https://skeb.jp/api/users/kanato_345
2026-09-14 03:55:26 | INFO     | Saving at a/skeb/kanato_345-025896.json
2026-09-14 03:55:27 | INFO     | OK https://skeb.jp/api/users/aoi_ijou
2026-09-14 03:55:27 | INFO     | Saving at a/skeb/aoi_ijou-95f8fe.json
2026-09-14 03:55:28 | INFO     | OK https://skeb.jp/api/users/O_HP01
2026-09-14 03:55:28 | INFO     | Saving at a/skeb/O_HP01-e578d3.json
2026-09-14 03:55:29 | INFO     | OK https://skeb.jp/api/users/nagishy
2026-09-14 03:55:29 | INFO     | Saving at a/skeb/nagishy-466d7c.json
2026-09-14 03:55:30 | INFO     | OK https://skeb.jp/api/users/4yaHns
2026-09-14 03:55:30 | INFO     | Saving at a/skeb/4yaHns-e68112.json
2026-09-14 03:55:31 | INFO     | OK https://skeb.jp/api/users/ainex_x14
2026-09-14 03:55:31 | INFO     | Saving at a/skeb/ainex_x14-e1d45c.json
2026-09-14 03:55:32 | INFO     | OK https://skeb.jp/api/users/ojisanno_tikubi
2026-09-14 03:55:32 | INFO     | Saving at a/skeb/ojisanno_tikubi-35fffe.json
2026-09-14 03:55:33 | INFO     | OK https://skeb.jp/api/users/Katatsuki_Lime
2026-09-14 03:55:33 | INFO     | Saving at a/skeb/Katatsuki_Lime-22fb60.json
2026-09-14 03:55:34 | INFO     | OK https://skeb.jp/api/users/Rico2655
2026-09-14 03:55:34 | INFO     | Saving at a/skeb/Rico2655-8e6d8b.json
2026-09-14 03:55:35 | INFO     | OK https://skeb.jp/api/users/3otsuki_ill
2026-09-14 03:55:35 | INFO     | Saving at a/skeb/3otsuki_ill-f6916b.json
2026-09-14 03:55:36 | INFO     | OK https://skeb.jp/api/users/SalutDnno21
2026-09-14 03:55:36 | INFO     | Saving at a/skeb/SalutDnno21-67b943.json
2026-09-14 03:55:37 | WARNING  | 404 on https://skeb.jp/api/users/takarayume25 (attempt 1/3)
2026-09-14 03:55:38 | INFO     | OK https://skeb.jp/api/users/1_ssmk
2026-09-14 03:55:38 | INFO     | Saving at a/skeb/1_ssmk-1f2116.json
2026-09-14 03:55:39 | INFO     | OK https://skeb.jp/api/users/Yama0_cat
2026-09-14 03:55:39 | INFO     | Saving at a/skeb/Yama0_cat-d89c3a.json
2026-09-14 03:55:40 | INFO     | OK https://skeb.jp/api/users/yunosuke_kon
2026-09-14 03:55:40 | INFO     | Saving at a/skeb/yunosuke_kon-acea92.json
2026-09-14 03:55:41 | WARNING  | 404 on https://skeb.jp/api/users/takarayume25 (attempt 2/3)
2026-09-14 03:55:42 | INFO     | OK https://skeb.jp/api/users/zmnjo1440
2026-09-14 03:55:42 | INFO     | Saving at a/skeb/zmnjo1440-2fc519.json
2026-09-14 03:55:43 | INFO     | OK https://skeb.jp/api/users/Nano_monanga
2026-09-14 03:55:43 | INFO     | Saving at a/skeb/Nano_monanga-b42624.json
2026-09-14 03:55:44 | INFO     | OK https://skeb.jp/api/users/Daku_0731
2026-09-14 03:55:44 | INFO     | Saving at a/skeb/Daku_0731-2cb05f.json
2026-09-14 03:55:45 | WARNING  | 404 on https://skeb.jp/api/users/maro_12__0 (attempt 1/3)
2026-09-14 03:55:46 | INFO     | OK https://skeb.jp/api/users/marth_wait
2026-09-14 03:55:46 | INFO     | Saving at a/skeb/marth_wait-56b6cc.json
2026-09-14 03:55:47 | INFO     | OK https://skeb.jp/api/users/amekure_ofuton
2026-09-14 03:55:47 | INFO     | Saving at a/skeb/amekure_ofuton-040e0b.json
2026-09-14 03:55:48 | INFO     | OK https://skeb.jp/api/users/stwg_omm
2026-09-14 03:55:48 | INFO     | Saving at a/skeb/stwg_omm-819188.json
2026-09-14 03:55:49 | INFO     | OK https://skeb.jp/api/users/mayurikaichou
2026-09-14 03:55:49 | INFO     | Saving at a/skeb/mayurikaichou-151590.json
2026-09-14 03:55:50 | INFO     | OK https://skeb.jp/api/users/kinkorojika
2026-09-14 03:55:50 | INFO     | Saving at a/skeb/kinkorojika-39cd05.json
2026-09-14 03:55:51 | WARNING  | 404 on https://skeb.jp/api/users/maro_12__0 (attempt 2/3)
2026-09-14 03:55:52 | WARNING  | 404 on https://skeb.jp/api/users/linear (attempt 1/3)
2026-09-14 03:55:53 | INFO     | OK https://skeb.jp/api/users/rody8901
2026-09-14 03:55:53 | INFO     | Saving at a/skeb/rody8901-55739c.json
2026-09-14 03:55:54 | INFO     | OK https://skeb.jp/api/users/sakagami111111
2026-09-14 03:55:54 | INFO     | Saving at a/skeb/sakagami111111-2a9250.json
2026-09-14 03:55:55 | WARNING  | 404 on https://skeb.jp/api/users/linear (attempt 2/3)
2026-09-14 03:55:56 | INFO     | OK https://skeb.jp/api/users/masaE50_
2026-09-14 03:55:56 | INFO     | Saving at a/skeb/masaE50_-e104d5.json
2026-09-14 03:55:57 | WARNING  | 404 on https://skeb.jp/api/users/maro_12__0 (attempt 3/3)
2026-09-14 03:55:58 | WARNING  | 404 on https://skeb.jp/api/users/takarayume25 (attempt 3/3)
2026-09-14 03:55:59 | INFO     | OK https://skeb.jp/api/users/K_haziK
2026-09-14 03:55:59 | INFO     | Saving at a/skeb/K_haziK-ceec0d.json
2026-09-14 03:56:00 | INFO     | OK https://skeb.jp/api/users/eflat_eb
2026-09-14 03:56:00 | INFO     | Saving at a/skeb/eflat_eb-6e5e76.json
2026-09-14 03:56:01 | WARNING  | 404 on https://skeb.jp/api/users/linear (attempt 3/3)
2026-09-14 03:56:02 | INFO     | OK https://skeb.jp/api/users/gorohati
2026-09-14 03:56:02 | INFO     | Saving at a/skeb/gorohati-8c8d54.json
2026-09-14 03:56:03 | INFO     | OK https://skeb.jp/api/users/us2_uoxo
2026-09-14 03:56:03 | INFO     | Saving at a/skeb/us2_uoxo-092daf.json
2026-09-14 03:56:04 | INFO     | OK https://skeb.jp/api/users/melry_main
2026-09-14 03:56:04 | INFO     | Saving at a/skeb/melry_main-f49a61.json
2026-09-14 03:56:05 | INFO     | OK https://skeb.jp/api/users/hachitarou_0038
2026-09-14 03:56:05 | INFO     | Saving at a/skeb/hachitarou_0038-1f8d2e.json
2026-09-14 03:56:06 | INFO     | OK https://skeb.jp/api/users/harapek1206
2026-09-14 03:56:06 | INFO     | Saving at a/skeb/harapek1206-a44511.json
2026-09-14 03:56:07 | INFO     | OK https://skeb.jp/api/users/hurusato_x
2026-09-14 03:56:07 | INFO     | Saving at a/skeb/hurusato_x-afa75a.json
2026-09-14 03:56:08 | WARNING  | 404 on https://skeb.jp/api/users/aphroditeskxss (attempt 1/3)
2026-09-14 03:56:09 | INFO     | OK https://skeb.jp/api/users/Ritosmile25
2026-09-14 03:56:09 | INFO     | Saving at a/skeb/Ritosmile25-9af1ec.json
2026-09-14 03:56:10 | INFO     | OK https://skeb.jp/api/users/art_nekotama
2026-09-14 03:56:10 | INFO     | Saving at a/skeb/art_nekotama-16b487.json
2026-09-14 03:56:11 | INFO     | OK https://skeb.jp/api/users/kuonnorakuen
2026-09-14 03:56:11 | INFO     | Saving at a/skeb/kuonnorakuen-9c8e3e.json
2026-09-14 03:56:12 | INFO     | OK https://skeb.jp/api/users/1341milky
2026-09-14 03:56:12 | INFO     | Saving at a/skeb/1341milky-0d4481.json
2026-09-14 03:56:13 | INFO     | OK https://skeb.jp/api/users/gua_mc
2026-09-14 03:56:13 | INFO     | Saving at a/skeb/gua_mc-f26def.json
2026-09-14 03:56:14 | INFO     | OK https://skeb.jp/api/users/h3Q8UEVySC4x4d7
2026-09-14 03:56:14 | INFO     | Saving at a/skeb/h3Q8UEVySC4x4d7-d0256a.json
2026-09-14 03:56:15 | INFO     | OK https://skeb.jp/api/users/GOGOnoyuki13
2026-09-14 03:56:15 | INFO     | Saving at a/skeb/GOGOnoyuki13-dbe34b.json
2026-09-14 03:56:16 | INFO     | OK https://skeb.jp/api/users/mutyoseipiyo
2026-09-14 03:56:16 | INFO     | Saving at a/skeb/mutyoseipiyo-29ebf0.json
2026-09-14 03:56:17 | INFO     | OK https://skeb.jp/api/users/moln9o
2026-09-14 03:56:17 | INFO     | Saving at a/skeb/moln9o-43a299.json
2026-09-14 03:56:18 | WARNING  | 404 on https://skeb.jp/api/users/aphroditeskxss (attempt 2/3)
2026-09-14 03:56:19 | INFO     | OK https://skeb.jp/api/users/pocchipocchi
2026-09-14 03:56:19 | INFO     | Saving at a/skeb/pocchipocchi-f1fe69.json
2026-09-14 03:56:20 | INFO     | OK https://skeb.jp/api/users/P__anemoia
2026-09-14 03:56:20 | INFO     | Saving at a/skeb/P__anemoia-71143c.json
2026-09-14 03:56:21 | INFO     | OK https://skeb.jp/api/users/dairi155
2026-09-14 03:56:21 | INFO     | Saving at a/skeb/dairi155-098ec5.json
2026-09-14 03:56:22 | INFO     | OK https://skeb.jp/api/users/mjrnk2
2026-09-14 03:56:22 | INFO     | Saving at a/skeb/mjrnk2-4a094d.json
2026-09-14 03:56:23 | INFO     | OK https://skeb.jp/api/users/shirokamiyosei
2026-09-14 03:56:23 | INFO     | Saving at a/skeb/shirokamiyosei-a95001.json
2026-09-14 03:56:24 | INFO     | OK https://skeb.jp/api/users/tachibana00
2026-09-14 03:56:24 | INFO     | Saving at a/skeb/tachibana00-5d75d6.json
2026-09-14 03:56:25 | WARNING  | 404 on https://skeb.jp/api/users/aphroditeskxss (attempt 3/3)
2026-09-14 03:56:26 | INFO     | OK https://skeb.jp/api/users/pennosuke324874
2026-09-14 03:56:26 | INFO     | Saving at a/skeb/pennosuke324874-59eb56.json
2026-09-14 03:56:27 | INFO     | OK https://skeb.jp/api/users/kisyaku3
2026-09-14 03:56:27 | INFO     | Saving at a/skeb/kisyaku3-97013d.json
2026-09-14 03:56:28 | INFO     | OK https://skeb.jp/api/users/omisoshirutan
2026-09-14 03:56:28 | INFO     | Saving at a/skeb/omisoshirutan-32ddcf.json
2026-09-14 03:56:29 | INFO     | OK https://skeb.jp/api/users/shikigami621
2026-09-14 03:56:29 | INFO     | Saving at a/skeb/shikigami621-4cdc8b.json
2026-09-14 03:56:30 | INFO     | OK https://skeb.jp/api/users/wf170ZpFwi
2026-09-14 03:56:30 | INFO     | Saving at a/skeb/wf170ZpFwi-93bf3c.json
2026-09-14 03:56:31 | INFO     | OK https://skeb.jp/api/users/YukaMaoMaomi
2026-09-14 03:56:31 | INFO     | Saving at a/skeb/YukaMaoMaomi-b776d0.json
2026-09-14 03:56:32 | INFO     | OK https://skeb.jp/api/users/uli0813
2026-09-14 03:56:32 | INFO     | Saving at a/skeb/uli0813-e09548.json
2026-09-14 03:56:33 | INFO     | OK https://skeb.jp/api/users/nanaca
2026-09-14 03:56:33 | INFO     | Saving at a/skeb/nanaca-cce0b9.json
2026-09-14 03:56:34 | INFO     | OK https://skeb.jp/api/users/82heartu
2026-09-14 03:56:34 | INFO     | Saving at a/skeb/82heartu-4b05da.json
2026-09-14 03:56:35 | INFO     | OK https://skeb.jp/api/users/ruine_tio
2026-09-14 03:56:35 | INFO     | Saving at a/skeb/ruine_tio-e7dd57.json
2026-09-14 03:56:36 | INFO     | OK https://skeb.jp/api/users/YutoZin
2026-09-14 03:56:36 | INFO     | Saving at a/skeb/YutoZin-3820b6.json
2026-09-14 03:56:37 | INFO     | OK https://skeb.jp/api/users/Norakuro_a
2026-09-14 03:56:37 | INFO     | Saving at a/skeb/Norakuro_a-6e3a4e.json
2026-09-14 03:56:38 | INFO     | OK https://skeb.jp/api/users/pandasou5566
2026-09-14 03:56:38 | INFO     | Saving at a/skeb/pandasou5566-44c66d.json
2026-09-14 03:56:39 | INFO     | OK https://skeb.jp/api/users/arukari3sei
2026-09-14 03:56:39 | INFO     | Saving at a/skeb/arukari3sei-f77c79.json
2026-09-14 03:56:40 | INFO     | OK https://skeb.jp/api/users/kagaku126
2026-09-14 03:56:40 | INFO     | Saving at a/skeb/kagaku126-796731.json
2026-09-14 03:56:41 | INFO     | OK https://skeb.jp/api/users/2674_5
2026-09-14 03:56:41 | INFO     | Saving at a/skeb/2674_5-0c32f6.json
2026-09-14 03:56:42 | INFO     | OK https://skeb.jp/api/users/maringo05
2026-09-14 03:56:42 | INFO     | Saving at a/skeb/maringo05-667ad9.json
2026-09-14 03:56:43 | INFO     | OK https://skeb.jp/api/users/reianother
2026-09-14 03:56:43 | INFO     | Saving at a/skeb/reianother-4065e3.json
2026-09-14 03:56:44 | INFO     | OK https://skeb.jp/api/users/PP38826220
2026-09-14 03:56:44 | INFO     | Saving at a/skeb/PP38826220-b31069.json
2026-09-14 03:56:45 | INFO     | OK https://skeb.jp/api/users/nagonago_SS
2026-09-14 03:56:45 | INFO     | Saving at a/skeb/nagonago_SS-19aa68.json
2026-09-14 03:56:46 | INFO     | OK https://skeb.jp/api/users/goldqaxie772
2026-09-14 03:56:46 | INFO     | Saving at a/skeb/goldqaxie772-af8ab9.json
2026-09-14 03:56:47 | INFO     | OK https://skeb.jp/api/users/nanabako_7
2026-09-14 03:56:47 | INFO     | Saving at a/skeb/nanabako_7-ca4639.json
2026-09-14 03:56:48 | INFO     | OK https://skeb.jp/api/users/CangJia88362
2026-09-14 03:56:48 | INFO     | Saving at a/skeb/CangJia88362-402181.json
2026-09-14 03:56:49 | INFO     | OK https://skeb.jp/api/users/Hat_ERr
2026-09-14 03:56:49 | INFO     | Saving at a/skeb/Hat_ERr-578b42.json
2026-09-14 03:56:50 | INFO     | OK https://skeb.jp/api/users/B8coDomu
2026-09-14 03:56:50 | INFO     | Saving at a/skeb/B8coDomu-e2a17d.json
2026-09-14 03:56:51 | INFO     | OK https://skeb.jp/api/users/moyasi_kansyu
2026-09-14 03:56:51 | INFO     | Saving at a/skeb/moyasi_kansyu-739a63.json
2026-09-14 03:56:52 | INFO     | OK https://skeb.jp/api/users/omdomanzu
2026-09-14 03:56:52 | INFO     | Saving at a/skeb/omdomanzu-c5bd0f.json
2026-09-14 03:56:53 | INFO     | OK https://skeb.jp/api/users/mikuchi3939
2026-09-14 03:56:53 | INFO     | Saving at a/skeb/mikuchi3939-44b28b.json
2026-09-14 03:56:54 | INFO     | OK https://skeb.jp/api/users/sasamiya_lumi
2026-09-14 03:56:54 | INFO     | Saving at a/skeb/sasamiya_lumi-a5c1ef.json
2026-09-14 03:56:55 | INFO     | OK https://skeb.jp/api/users/dbWuqLdvec82805
2026-09-14 03:56:55 | INFO     | Saving at a/skeb/dbWuqLdvec82805-a39935.json
2026-09-14 03:56:56 | INFO     | OK https://skeb.jp/api/users/mofu_0310
2026-09-14 03:56:56 | INFO     | Saving at a/skeb/mofu_0310-e72550.json
2026-09-14 03:56:57 | INFO     | OK https://skeb.jp/api/users/akcro2
2026-09-14 03:56:57 | INFO     | Saving at a/skeb/akcro2-fa6f24.json
2026-09-14 03:56:58 | INFO     | OK https://skeb.jp/api/users/harakenshi
2026-09-14 03:56:58 | INFO     | Saving at a/skeb/harakenshi-01fe39.json
2026-09-14 03:56:59 | INFO     | OK https://skeb.jp/api/users/DIELOVER_6
2026-09-14 03:56:59 | INFO     | Saving at a/skeb/DIELOVER_6-89fa20.json
2026-09-14 03:57:00 | INFO     | OK https://skeb.jp/api/users/3Satsuta73894
2026-09-14 03:57:00 | INFO     | Saving at a/skeb/3Satsuta73894-6420e4.json
2026-09-14 03:57:01 | INFO     | OK https://skeb.jp/api/users/Crysepia
2026-09-14 03:57:01 | INFO     | Saving at a/skeb/Crysepia-d8b051.json
2026-09-14 03:57:02 | INFO     | OK https://skeb.jp/api/users/tq_amatou
2026-09-14 03:57:02 | INFO     | Saving at a/skeb/tq_amatou-afd668.json
2026-09-14 03:57:03 | INFO     | OK https://skeb.jp/api/users/kozo_trpg
2026-09-14 03:57:03 | INFO     | Saving at a/skeb/kozo_trpg-fedf93.json
2026-09-14 03:57:04 | INFO     | OK https://skeb.jp/api/users/3mochi_ya
2026-09-14 03:57:04 | INFO     | Saving at a/skeb/3mochi_ya-b42049.json
2026-09-14 03:57:05 | INFO     | OK https://skeb.jp/api/users/unko_delic1ous
2026-09-14 03:57:05 | INFO     | Saving at a/skeb/unko_delic1ous-e5b3f2.json
2026-09-14 03:57:06 | INFO     | OK https://skeb.jp/api/users/Zirrrrrr2
2026-09-14 03:57:06 | INFO     | Saving at a/skeb/Zirrrrrr2-91e6a3.json
2026-09-14 03:57:07 | INFO     | OK https://skeb.jp/api/users/soukai_saki_
2026-09-14 03:57:07 | INFO     | Saving at a/skeb/soukai_saki_-675555.json
2026-09-14 03:57:08 | INFO     | OK https://skeb.jp/api/users/yasagure2828
2026-09-14 03:57:08 | INFO     | Saving at a/skeb/yasagure2828-63d3b4.json
2026-09-14 03:57:09 | INFO     | OK https://skeb.jp/api/users/mac_4229
2026-09-14 03:57:09 | INFO     | Saving at a/skeb/mac_4229-324d6a.json
2026-09-14 03:57:10 | INFO     | OK https://skeb.jp/api/users/cobacci_oekaki
2026-09-14 03:57:10 | INFO     | Saving at a/skeb/cobacci_oekaki-026ce2.json
2026-09-14 03:57:11 | INFO     | OK https://skeb.jp/api/users/nyon_FF
2026-09-14 03:57:11 | INFO     | Saving at a/skeb/nyon_FF-03286c.json
2026-09-14 03:57:12 | INFO     | OK https://skeb.jp/api/users/mhmk_game
2026-09-14 03:57:12 | INFO     | Saving at a/skeb/mhmk_game-195344.json
2026-09-14 03:57:13 | INFO     | OK https://skeb.jp/api/users/papipupeSubSub
2026-09-14 03:57:13 | INFO     | Saving at a/skeb/papipupeSubSub-60a665.json
2026-09-14 03:57:14 | INFO     | OK https://skeb.jp/api/users/551055v
2026-09-14 03:57:14 | INFO     | Saving at a/skeb/551055v-c642e9.json
2026-09-14 03:57:15 | INFO     | OK https://skeb.jp/api/users/koichika_masato
2026-09-14 03:57:15 | INFO     | Saving at a/skeb/koichika_masato-59325a.json
2026-09-14 03:57:16 | INFO     | OK https://skeb.jp/api/users/yoshiyuki_0w0
2026-09-14 03:57:16 | INFO     | Saving at a/skeb/yoshiyuki_0w0-d12812.json
2026-09-14 03:57:17 | INFO     | OK https://skeb.jp/api/users/Kamosawa_yoshi
2026-09-14 03:57:17 | INFO     | Saving at a/skeb/Kamosawa_yoshi-be80ed.json
2026-09-14 03:57:18 | INFO     | OK https://skeb.jp/api/users/a847l
2026-09-14 03:57:18 | INFO     | Saving at a/skeb/a847l-df01f2.json
2026-09-14 03:57:19 | WARNING  | 404 on https://skeb.jp/api/users/rachip19 (attempt 1/3)
2026-09-14 03:57:20 | INFO     | OK https://skeb.jp/api/users/s_yoyotu
2026-09-14 03:57:20 | INFO     | Saving at a/skeb/s_yoyotu-e338f9.json
2026-09-14 03:57:21 | INFO     | OK https://skeb.jp/api/users/tsubasa_nem
2026-09-14 03:57:21 | INFO     | Saving at a/skeb/tsubasa_nem-5b14b6.json
2026-09-14 03:57:22 | INFO     | OK https://skeb.jp/api/users/shutenndouji1
2026-09-14 03:57:22 | INFO     | Saving at a/skeb/shutenndouji1-d55487.json
2026-09-14 03:57:23 | INFO     | OK https://skeb.jp/api/users/next_lawn_blue
2026-09-14 03:57:23 | INFO     | Saving at a/skeb/next_lawn_blue-1bf581.json
2026-09-14 03:57:24 | WARNING  | 404 on https://skeb.jp/api/users/rachip19 (attempt 2/3)
2026-09-14 03:57:25 | WARNING  | 404 on https://skeb.jp/api/users/sakuno (attempt 1/3)
2026-09-14 03:57:26 | INFO     | OK https://skeb.jp/api/users/KuNiEDDDa
2026-09-14 03:57:26 | INFO     | Saving at a/skeb/KuNiEDDDa-583218.json
2026-09-14 03:57:27 | INFO     | OK https://skeb.jp/api/users/takashisan11459
2026-09-14 03:57:27 | INFO     | Saving at a/skeb/takashisan11459-3fddcd.json
2026-09-14 03:57:28 | WARNING  | 404 on https://skeb.jp/api/users/sakuno (attempt 2/3)
2026-09-14 03:57:29 | WARNING  | 404 on https://skeb.jp/api/users/rachip19 (attempt 3/3)
2026-09-14 03:57:30 | INFO     | OK https://skeb.jp/api/users/dormir_shark
2026-09-14 03:57:30 | INFO     | Saving at a/skeb/dormir_shark-ca77b3.json
2026-09-14 03:57:31 | INFO     | OK https://skeb.jp/api/users/Sanshichi_fu
2026-09-14 03:57:31 | INFO     | Saving at a/skeb/Sanshichi_fu-83fe18.json
2026-09-14 03:57:32 | INFO     | OK https://skeb.jp/api/users/tetikun
2026-09-14 03:57:32 | INFO     | Saving at a/skeb/tetikun-1474a3.json
2026-09-14 03:57:33 | INFO     | OK https://skeb.jp/api/users/amano__ya
2026-09-14 03:57:33 | INFO     | Saving at a/skeb/amano__ya-15560b.json
2026-09-14 03:57:34 | INFO     | OK https://skeb.jp/api/users/ikanoonabe931
2026-09-14 03:57:34 | INFO     | Saving at a/skeb/ikanoonabe931-57347f.json
2026-09-14 03:57:35 | INFO     | OK https://skeb.jp/api/users/NaNaShiro_7746_
2026-09-14 03:57:35 | INFO     | Saving at a/skeb/NaNaShiro_7746_-3c3cc0.json
2026-09-14 03:57:36 | INFO     | OK https://skeb.jp/api/users/G_tsurius
2026-09-14 03:57:36 | INFO     | Saving at a/skeb/G_tsurius-b16cbb.json
2026-09-14 03:57:37 | INFO     | OK https://skeb.jp/api/users/Syukuri_imU
2026-09-14 03:57:37 | INFO     | Saving at a/skeb/Syukuri_imU-0278e5.json
2026-09-14 03:57:38 | INFO     | OK https://skeb.jp/api/users/chi99tai
2026-09-14 03:57:38 | INFO     | Saving at a/skeb/chi99tai-fa1675.json
2026-09-14 03:57:39 | WARNING  | 404 on https://skeb.jp/api/users/sakuno (attempt 3/3)
2026-09-14 03:57:40 | INFO     | OK https://skeb.jp/api/users/kmn__zZ
2026-09-14 03:57:40 | INFO     | Saving at a/skeb/kmn__zZ-416b13.json
2026-09-14 03:57:41 | INFO     | OK https://skeb.jp/api/users/chaos555__lv
2026-09-14 03:57:41 | INFO     | Saving at a/skeb/chaos555__lv-0e34ec.json
2026-09-14 03:57:42 | INFO     | OK https://skeb.jp/api/users/0sionoS
2026-09-14 03:57:42 | INFO     | Saving at a/skeb/0sionoS-02bed3.json
2026-09-14 03:57:43 | INFO     | OK https://skeb.jp/api/users/bloo20242
2026-09-14 03:57:43 | INFO     | Saving at a/skeb/bloo20242-63c11a.json
2026-09-14 03:57:44 | INFO     | OK https://skeb.jp/api/users/HvTy74168
2026-09-14 03:57:44 | INFO     | Saving at a/skeb/HvTy74168-6836e1.json
2026-09-14 03:57:45 | INFO     | OK https://skeb.jp/api/users/misiroh
2026-09-14 03:57:45 | INFO     | Saving at a/skeb/misiroh-7ecb68.json
2026-09-14 03:57:46 | INFO     | OK https://skeb.jp/api/users/memai023
2026-09-14 03:57:46 | INFO     | Saving at a/skeb/memai023-f056e4.json
2026-09-14 03:57:47 | INFO     | OK https://skeb.jp/api/users/kuriltuku
2026-09-14 03:57:47 | INFO     | Saving at a/skeb/kuriltuku-1a936b.json
2026-09-14 03:57:48 | INFO     | OK https://skeb.jp/api/users/kohno_shin_555
2026-09-14 03:57:48 | INFO     | Saving at a/skeb/kohno_shin_555-abdc28.json
2026-09-14 03:57:49 | INFO     | OK https://skeb.jp/api/users/Gamel_120
2026-09-14 03:57:49 | INFO     | Saving at a/skeb/Gamel_120-ab0805.json
2026-09-14 03:57:50 | INFO     | OK https://skeb.jp/api/users/umzww_
2026-09-14 03:57:50 | INFO     | Saving at a/skeb/umzww_-9cf8fd.json
2026-09-14 03:57:51 | INFO     | OK https://skeb.jp/api/users/satsumi624
2026-09-14 03:57:51 | INFO     | Saving at a/skeb/satsumi624-2bb049.json
2026-09-14 03:57:52 | INFO     | OK https://skeb.jp/api/users/scamp_f16
2026-09-14 03:57:52 | INFO     | Saving at a/skeb/scamp_f16-4fae5d.json
2026-09-14 03:57:53 | INFO     | OK https://skeb.jp/api/users/hana_tsumugi_
2026-09-14 03:57:53 | INFO     | Saving at a/skeb/hana_tsumugi_-ece0e8.json
2026-09-14 03:57:54 | INFO     | OK https://skeb.jp/api/users/gRVLJkTBL7
2026-09-14 03:57:54 | INFO     | Saving at a/skeb/gRVLJkTBL7-cc1796.json
2026-09-14 03:57:55 | INFO     | OK https://skeb.jp/api/users/zeroJo
2026-09-14 03:57:55 | INFO     | Saving at a/skeb/zeroJo-ea7bc4.json
2026-09-14 03:57:56 | INFO     | OK https://skeb.jp/api/users/knaksak
2026-09-14 03:57:56 | INFO     | Saving at a/skeb/knaksak-b6c0c8.json
2026-09-14 03:57:57 | INFO     | OK https://skeb.jp/api/users/uduki_illust
2026-09-14 03:57:57 | INFO     | Saving at a/skeb/uduki_illust-f825ac.json
2026-09-14 03:57:58 | INFO     | OK https://skeb.jp/api/users/yuenvelvyn
2026-09-14 03:57:58 | INFO     | Saving at a/skeb/yuenvelvyn-151f8d.json
2026-09-14 03:57:59 | INFO     | OK https://skeb.jp/api/users/gyarinrin358
2026-09-14 03:57:59 | INFO     | Saving at a/skeb/gyarinrin358-1e2655.json
2026-09-14 03:58:00 | INFO     | OK https://skeb.jp/api/users/Ku6_VR
2026-09-14 03:58:00 | INFO     | Saving at a/skeb/Ku6_VR-a13d1a.json
2026-09-14 03:58:01 | INFO     | OK https://skeb.jp/api/users/muscle56ringo
2026-09-14 03:58:01 | INFO     | Saving at a/skeb/muscle56ringo-82ca45.json
2026-09-14 03:58:02 | INFO     | OK https://skeb.jp/api/users/1004_tanpopo
2026-09-14 03:58:02 | INFO     | Saving at a/skeb/1004_tanpopo-f8250c.json
2026-09-14 03:58:03 | INFO     | OK https://skeb.jp/api/users/alcedo_kawasemi
2026-09-14 03:58:03 | INFO     | Saving at a/skeb/alcedo_kawasemi-12cbc8.json
2026-09-14 03:58:04 | INFO     | OK https://skeb.jp/api/users/liquidmz
2026-09-14 03:58:04 | INFO     | Saving at a/skeb/liquidmz-bf84c4.json
2026-09-14 03:58:05 | INFO     | OK https://skeb.jp/api/users/Yoitionm2
2026-09-14 03:58:05 | INFO     | Saving at a/skeb/Yoitionm2-5585f4.json
2026-09-14 03:58:06 | INFO     | OK https://skeb.jp/api/users/__No10__
2026-09-14 03:58:06 | INFO     | Saving at a/skeb/__No10__-8e17b5.json
2026-09-14 03:58:07 | INFO     | OK https://skeb.jp/api/users/suke_sane
2026-09-14 03:58:07 | INFO     | Saving at a/skeb/suke_sane-bcd2f9.json
2026-09-14 03:58:08 | INFO     | OK https://skeb.jp/api/users/kanata_Rot
2026-09-14 03:58:08 | INFO     | Saving at a/skeb/kanata_Rot-c5b35c.json
2026-09-14 03:58:09 | INFO     | OK https://skeb.jp/api/users/rivu0112
2026-09-14 03:58:09 | INFO     | Saving at a/skeb/rivu0112-ca65ea.json
2026-09-14 03:58:10 | INFO     | OK https://skeb.jp/api/users/kanade_fuwafuwa
2026-09-14 03:58:10 | INFO     | Saving at a/skeb/kanade_fuwafuwa-e55fe8.json
2026-09-14 03:58:11 | INFO     | OK https://skeb.jp/api/users/yuiha95739025
2026-09-14 03:58:11 | INFO     | Saving at a/skeb/yuiha95739025-3714b4.json
2026-09-14 03:58:12 | INFO     | OK https://skeb.jp/api/users/nojinojinoji241
2026-09-14 03:58:12 | INFO     | Saving at a/skeb/nojinojinoji241-876d2d.json
2026-09-14 03:58:13 | INFO     | OK https://skeb.jp/api/users/_o_shi_my_
2026-09-14 03:58:13 | INFO     | Saving at a/skeb/_o_shi_my_-f28be7.json
2026-09-14 03:58:14 | INFO     | OK https://skeb.jp/api/users/Kaju_paint
2026-09-14 03:58:14 | INFO     | Saving at a/skeb/Kaju_paint-f9c74b.json
2026-09-14 03:58:15 | INFO     | OK https://skeb.jp/api/users/000_inuinudog
2026-09-14 03:58:15 | INFO     | Saving at a/skeb/000_inuinudog-11f2ff.json
2026-09-14 03:58:16 | INFO     | OK https://skeb.jp/api/users/ikirosousaku
2026-09-14 03:58:16 | INFO     | Saving at a/skeb/ikirosousaku-6e2a21.json
2026-09-14 03:58:17 | INFO     | OK https://skeb.jp/api/users/kalis_Julie
2026-09-14 03:58:17 | INFO     | Saving at a/skeb/kalis_Julie-8081a6.json
2026-09-14 03:58:18 | INFO     | OK https://skeb.jp/api/users/gunsayjp
2026-09-14 03:58:18 | INFO     | Saving at a/skeb/gunsayjp-70faa6.json
2026-09-14 03:58:19 | INFO     | OK https://skeb.jp/api/users/YuJuP
2026-09-14 03:58:19 | INFO     | Saving at a/skeb/YuJuP-101aaa.json
2026-09-14 03:58:20 | INFO     | OK https://skeb.jp/api/users/dddyasu333
2026-09-14 03:58:20 | INFO     | Saving at a/skeb/dddyasu333-b9928f.json
2026-09-14 03:58:21 | INFO     | OK https://skeb.jp/api/users/ne__gu
2026-09-14 03:58:21 | INFO     | Saving at a/skeb/ne__gu-2fd02a.json
2026-09-14 03:58:22 | INFO     | OK https://skeb.jp/api/users/yo_o_489
2026-09-14 03:58:22 | INFO     | Saving at a/skeb/yo_o_489-bdee53.json
2026-09-14 03:58:23 | INFO     | OK https://skeb.jp/api/users/sikinoyuki
2026-09-14 03:58:23 | INFO     | Saving at a/skeb/sikinoyuki-be1ae9.json
2026-09-14 03:58:24 | INFO     | OK https://skeb.jp/api/users/noya_hu9ro
2026-09-14 03:58:24 | INFO     | Saving at a/skeb/noya_hu9ro-8269cb.json
2026-09-14 03:58:25 | INFO     | OK https://skeb.jp/api/users/wuh9P7BLTJdCTIY
2026-09-14 03:58:25 | INFO     | Saving at a/skeb/wuh9P7BLTJdCTIY-7fac54.json
2026-09-14 03:58:26 | INFO     | OK https://skeb.jp/api/users/kemonngo
2026-09-14 03:58:26 | INFO     | Saving at a/skeb/kemonngo-c0739c.json
2026-09-14 03:58:27 | INFO     | OK https://skeb.jp/api/users/ksnn_77
2026-09-14 03:58:27 | INFO     | Saving at a/skeb/ksnn_77-a4ae8f.json
2026-09-14 03:58:28 | INFO     | OK https://skeb.jp/api/users/illust_riry_
2026-09-14 03:58:28 | INFO     | Saving at a/skeb/illust_riry_-eda5d5.json
2026-09-14 03:58:29 | INFO     | OK https://skeb.jp/api/users/msms_mmm_
2026-09-14 03:58:29 | INFO     | Saving at a/skeb/msms_mmm_-6b8191.json
2026-09-14 03:58:30 | INFO     | OK https://skeb.jp/api/users/nnnnatsu_no
2026-09-14 03:58:30 | INFO     | Saving at a/skeb/nnnnatsu_no-fb7a6a.json
2026-09-14 03:58:31 | INFO     | OK https://skeb.jp/api/users/irobidsw
2026-09-14 03:58:31 | INFO     | Saving at a/skeb/irobidsw-3a75f0.json
2026-09-14 03:58:32 | INFO     | OK https://skeb.jp/api/users/wackan20
2026-09-14 03:58:32 | INFO     | Saving at a/skeb/wackan20-a01be3.json
2026-09-14 03:58:33 | INFO     | OK https://skeb.jp/api/users/Havi_46
2026-09-14 03:58:33 | INFO     | Saving at a/skeb/Havi_46-2b16ad.json
2026-09-14 03:58:34 | INFO     | OK https://skeb.jp/api/users/spk_0115
2026-09-14 03:58:34 | INFO     | Saving at a/skeb/spk_0115-6228ab.json
2026-09-14 03:58:35 | INFO     | OK https://skeb.jp/api/users/aki_lmm18
2026-09-14 03:58:35 | INFO     | Saving at a/skeb/aki_lmm18-ab2e81.json
2026-09-14 03:58:36 | INFO     | OK https://skeb.jp/api/users/Octpus_tako
2026-09-14 03:58:36 | INFO     | Saving at a/skeb/Octpus_tako-b67bc6.json
2026-09-14 03:58:37 | INFO     | OK https://skeb.jp/api/users/Gekogekobuhihi
2026-09-14 03:58:37 | INFO     | Saving at a/skeb/Gekogekobuhihi-1fe57d.json
2026-09-14 03:58:38 | INFO     | OK https://skeb.jp/api/users/Haruto64475558
2026-09-14 03:58:38 | INFO     | Saving at a/skeb/Haruto64475558-02efc6.json
2026-09-14 03:58:39 | INFO     | OK https://skeb.jp/api/users/terasame
2026-09-14 03:58:39 | INFO     | Saving at a/skeb/terasame-db60ce.json
2026-09-14 03:58:40 | INFO     | OK https://skeb.jp/api/users/yk_tbt_zzz
2026-09-14 03:58:40 | INFO     | Saving at a/skeb/yk_tbt_zzz-bd9785.json
2026-09-14 03:58:41 | INFO     | OK https://skeb.jp/api/users/utr_sai
2026-09-14 03:58:41 | INFO     | Saving at a/skeb/utr_sai-0fcfcc.json
2026-09-14 03:58:42 | INFO     | OK https://skeb.jp/api/users/toratoramarukun
2026-09-14 03:58:42 | INFO     | Saving at a/skeb/toratoramarukun-e358e4.json
2026-09-14 03:58:43 | INFO     | OK https://skeb.jp/api/users/aknowu
2026-09-14 03:58:43 | INFO     | Saving at a/skeb/aknowu-b970d0.json
2026-09-14 03:58:44 | INFO     | OK https://skeb.jp/api/users/senzyu_o_
2026-09-14 03:58:44 | INFO     | Saving at a/skeb/senzyu_o_-a5a980.json
2026-09-14 03:58:45 | INFO     | OK https://skeb.jp/api/users/ryumrykk
2026-09-14 03:58:45 | INFO     | Saving at a/skeb/ryumrykk-fd373a.json
2026-09-14 03:58:46 | INFO     | OK https://skeb.jp/api/users/shiraae_quartet
2026-09-14 03:58:46 | INFO     | Saving at a/skeb/shiraae_quartet-da9dc8.json
2026-09-14 03:58:47 | INFO     | OK https://skeb.jp/api/users/Tsutomu_Konatsu
2026-09-14 03:58:47 | INFO     | Saving at a/skeb/Tsutomu_Konatsu-0b9e65.json
2026-09-14 03:58:48 | INFO     | OK https://skeb.jp/api/users/gu00hy
2026-09-14 03:58:48 | INFO     | Saving at a/skeb/gu00hy-975a3a.json
2026-09-14 03:58:49 | INFO     | OK https://skeb.jp/api/users/omochi828828
2026-09-14 03:58:49 | INFO     | Saving at a/skeb/omochi828828-c9c1d8.json
2026-09-14 03:58:50 | INFO     | OK https://skeb.jp/api/users/setsuna9
2026-09-14 03:58:50 | INFO     | Saving at a/skeb/setsuna9-84d8fd.json
2026-09-14 03:58:51 | INFO     | OK https://skeb.jp/api/users/RSFroar
2026-09-14 03:58:51 | INFO     | Saving at a/skeb/RSFroar-16b799.json
2026-09-14 03:58:52 | INFO     | OK https://skeb.jp/api/users/shiranuno
2026-09-14 03:58:52 | INFO     | Saving at a/skeb/shiranuno-551510.json
2026-09-14 03:58:53 | INFO     | OK https://skeb.jp/api/users/Upache
2026-09-14 03:58:53 | INFO     | Saving at a/skeb/Upache-9ed9ad.json
2026-09-14 03:58:54 | INFO     | OK https://skeb.jp/api/users/304sayo
2026-09-14 03:58:54 | INFO     | Saving at a/skeb/304sayo-78fde3.json
2026-09-14 03:58:55 | INFO     | OK https://skeb.jp/api/users/mmia_33
2026-09-14 03:58:55 | INFO     | Saving at a/skeb/mmia_33-da3efb.json
2026-09-14 03:58:56 | INFO     | OK https://skeb.jp/api/users/Tadauoqui36
2026-09-14 03:58:56 | INFO     | Saving at a/skeb/Tadauoqui36-59323c.json
2026-09-14 03:58:57 | INFO     | OK https://skeb.jp/api/users/AizawaKaren1992
2026-09-14 03:58:57 | INFO     | Saving at a/skeb/AizawaKaren1992-f207c1.json
2026-09-14 03:58:58 | INFO     | OK https://skeb.jp/api/users/ageneco299
2026-09-14 03:58:58 | INFO     | Saving at a/skeb/ageneco299-7cfa77.json
2026-09-14 03:58:59 | INFO     | OK https://skeb.jp/api/users/devildance_def
2026-09-14 03:58:59 | INFO     | Saving at a/skeb/devildance_def-b9a7c1.json
2026-09-14 03:59:00 | INFO     | OK https://skeb.jp/api/users/3kumini
2026-09-14 03:59:00 | INFO     | Saving at a/skeb/3kumini-94aff1.json
2026-09-14 03:59:01 | INFO     | OK https://skeb.jp/api/users/_cha_o
2026-09-14 03:59:01 | INFO     | Saving at a/skeb/_cha_o-33ebb2.json
2026-09-14 03:59:02 | INFO     | OK https://skeb.jp/api/users/mutsuki_reo_19
2026-09-14 03:59:02 | INFO     | Saving at a/skeb/mutsuki_reo_19-e2d5af.json
2026-09-14 03:59:03 | INFO     | OK https://skeb.jp/api/users/9taro_illust
2026-09-14 03:59:03 | INFO     | Saving at a/skeb/9taro_illust-9bd1fc.json
2026-09-14 03:59:04 | INFO     | OK https://skeb.jp/api/users/Xw0_moGi_
2026-09-14 03:59:04 | INFO     | Saving at a/skeb/Xw0_moGi_-4dc08a.json
2026-09-14 03:59:05 | INFO     | OK https://skeb.jp/api/users/lovekebabuchin
2026-09-14 03:59:05 | INFO     | Saving at a/skeb/lovekebabuchin-e20f56.json
2026-09-14 03:59:06 | INFO     | OK https://skeb.jp/api/users/kusawokueyo
2026-09-14 03:59:06 | INFO     | Saving at a/skeb/kusawokueyo-12f5e0.json
2026-09-14 03:59:07 | INFO     | OK https://skeb.jp/api/users/AOtoONItoFLO
2026-09-14 03:59:07 | INFO     | Saving at a/skeb/AOtoONItoFLO-4623b0.json
2026-09-14 03:59:08 | INFO     | OK https://skeb.jp/api/users/minamo_yuzu
2026-09-14 03:59:08 | INFO     | Saving at a/skeb/minamo_yuzu-807a46.json
2026-09-14 03:59:09 | INFO     | OK https://skeb.jp/api/users/shutehaan
2026-09-14 03:59:09 | INFO     | Saving at a/skeb/shutehaan-e4cb5d.json
2026-09-14 03:59:10 | INFO     | OK https://skeb.jp/api/users/Ria_trpg0628
2026-09-14 03:59:10 | INFO     | Saving at a/skeb/Ria_trpg0628-888b65.json
2026-09-14 03:59:11 | INFO     | OK https://skeb.jp/api/users/wanohikamemo2
2026-09-14 03:59:11 | INFO     | Saving at a/skeb/wanohikamemo2-19cb23.json
2026-09-14 03:59:12 | INFO     | OK https://skeb.jp/api/users/tutuura_chiyu
2026-09-14 03:59:12 | INFO     | Saving at a/skeb/tutuura_chiyu-d058f0.json
2026-09-14 03:59:13 | INFO     | OK https://skeb.jp/api/users/rimesyamazuka88
2026-09-14 03:59:13 | INFO     | Saving at a/skeb/rimesyamazuka88-b9c1ff.json
2026-09-14 03:59:14 | INFO     | OK https://skeb.jp/api/users/nil_XvX
2026-09-14 03:59:14 | INFO     | Saving at a/skeb/nil_XvX-6d2715.json
2026-09-14 03:59:15 | INFO     | OK https://skeb.jp/api/users/Hatsuakarin
2026-09-14 03:59:15 | INFO     | Saving at a/skeb/Hatsuakarin-058d15.json
2026-09-14 03:59:16 | INFO     | OK https://skeb.jp/api/users/umitsukikurage
2026-09-14 03:59:16 | INFO     | Saving at a/skeb/umitsukikurage-6d1677.json
2026-09-14 03:59:17 | INFO     | OK https://skeb.jp/api/users/Komineya_san
2026-09-14 03:59:17 | INFO     | Saving at a/skeb/Komineya_san-475183.json
2026-09-14 03:59:18 | INFO     | OK https://skeb.jp/api/users/jokatyo
2026-09-14 03:59:18 | INFO     | Saving at a/skeb/jokatyo-666a4b.json
2026-09-14 03:59:19 | INFO     | OK https://skeb.jp/api/users/huuyoku
2026-09-14 03:59:19 | INFO     | Saving at a/skeb/huuyoku-da813e.json
2026-09-14 03:59:20 | INFO     | OK https://skeb.jp/api/users/Hassakusyabetto
2026-09-14 03:59:20 | INFO     | Saving at a/skeb/Hassakusyabetto-8b398e.json
2026-09-14 03:59:21 | INFO     | OK https://skeb.jp/api/users/agyl_l
2026-09-14 03:59:21 | INFO     | Saving at a/skeb/agyl_l-7c4d7a.json
2026-09-14 03:59:22 | INFO     | OK https://skeb.jp/api/users/amagi_shino
2026-09-14 03:59:22 | INFO     | Saving at a/skeb/amagi_shino-4d7f89.json
2026-09-14 03:59:23 | INFO     | OK https://skeb.jp/api/users/kotobuki8013
2026-09-14 03:59:23 | INFO     | Saving at a/skeb/kotobuki8013-a8971c.json
2026-09-14 03:59:24 | INFO     | OK https://skeb.jp/api/users/klm1511
2026-09-14 03:59:24 | INFO     | Saving at a/skeb/klm1511-712b47.json
2026-09-14 03:59:25 | INFO     | OK https://skeb.jp/api/users/0_uzoumuzou_0
2026-09-14 03:59:25 | INFO     | Saving at a/skeb/0_uzoumuzou_0-be5c5e.json
2026-09-14 03:59:26 | INFO     | OK https://skeb.jp/api/users/meib_2025
2026-09-14 03:59:26 | INFO     | Saving at a/skeb/meib_2025-aed8f5.json
2026-09-14 03:59:27 | INFO     | OK https://skeb.jp/api/users/kisaragi_00_1
2026-09-14 03:59:27 | INFO     | Saving at a/skeb/kisaragi_00_1-15b8b6.json
2026-09-14 03:59:28 | INFO     | OK https://skeb.jp/api/users/ta_u_la
2026-09-14 03:59:28 | INFO     | Saving at a/skeb/ta_u_la-94f98a.json
2026-09-14 03:59:29 | INFO     | OK https://skeb.jp/api/users/merona_0914
2026-09-14 03:59:29 | INFO     | Saving at a/skeb/merona_0914-6859ea.json
2026-09-14 03:59:30 | INFO     | OK https://skeb.jp/api/users/sanagi2naritai4
2026-09-14 03:59:30 | INFO     | Saving at a/skeb/sanagi2naritai4-d60fb7.json
2026-09-14 03:59:31 | INFO     | OK https://skeb.jp/api/users/iro_iro_iroo
2026-09-14 03:59:31 | INFO     | Saving at a/skeb/iro_iro_iroo-69654d.json
2026-09-14 03:59:32 | INFO     | OK https://skeb.jp/api/users/K_Sera1031
2026-09-14 03:59:32 | INFO     | Saving at a/skeb/K_Sera1031-7a2876.json
2026-09-14 03:59:33 | INFO     | OK https://skeb.jp/api/users/Tenka_Tansan
2026-09-14 03:59:33 | INFO     | Saving at a/skeb/Tenka_Tansan-cd78d1.json
2026-09-14 03:59:34 | INFO     | OK https://skeb.jp/api/users/stsk_goodsmile
2026-09-14 03:59:34 | INFO     | Saving at a/skeb/stsk_goodsmile-24a454.json
2026-09-14 03:59:35 | INFO     | OK https://skeb.jp/api/users/AzumoMomo
2026-09-14 03:59:35 | INFO     | Saving at a/skeb/AzumoMomo-eaa2a6.json
2026-09-14 03:59:36 | INFO     | OK https://skeb.jp/api/users/oGdPuVlCO753250
2026-09-14 03:59:36 | INFO     | Saving at a/skeb/oGdPuVlCO753250-1d7fd2.json
2026-09-14 03:59:37 | WARNING  | 404 on https://skeb.jp/api/users/fufushroom (attempt 1/3)
2026-09-14 03:59:38 | INFO     | OK https://skeb.jp/api/users/wkz_illustTRPG
2026-09-14 03:59:38 | INFO     | Saving at a/skeb/wkz_illustTRPG-ed35e7.json
2026-09-14 03:59:39 | INFO     | OK https://skeb.jp/api/users/kurotora03
2026-09-14 03:59:39 | INFO     | Saving at a/skeb/kurotora03-9a3d39.json
2026-09-14 03:59:40 | WARNING  | 404 on https://skeb.jp/api/users/fufushroom (attempt 2/3)
2026-09-14 03:59:41 | INFO     | OK https://skeb.jp/api/users/takadeen_GT
2026-09-14 03:59:41 | INFO     | Saving at a/skeb/takadeen_GT-9550a4.json
2026-09-14 03:59:42 | INFO     | OK https://skeb.jp/api/users/hirotanien_
2026-09-14 03:59:42 | INFO     | Saving at a/skeb/hirotanien_-0dbbb0.json
2026-09-14 03:59:43 | INFO     | OK https://skeb.jp/api/users/hiyurenyuki
2026-09-14 03:59:43 | INFO     | Saving at a/skeb/hiyurenyuki-3fcde1.json
2026-09-14 03:59:44 | INFO     | OK https://skeb.jp/api/users/aikomiruku
2026-09-14 03:59:44 | INFO     | Saving at a/skeb/aikomiruku-8b3654.json
2026-09-14 03:59:45 | INFO     | OK https://skeb.jp/api/users/pewony_syaku89
2026-09-14 03:59:45 | INFO     | Saving at a/skeb/pewony_syaku89-fb72c7.json
2026-09-14 03:59:46 | INFO     | OK https://skeb.jp/api/users/rinosouno
2026-09-14 03:59:46 | INFO     | Saving at a/skeb/rinosouno-d319e3.json
2026-09-14 03:59:47 | INFO     | OK https://skeb.jp/api/users/oyuaniota_works
2026-09-14 03:59:47 | INFO     | Saving at a/skeb/oyuaniota_works-3b9984.json
2026-09-14 03:59:48 | WARNING  | 404 on https://skeb.jp/api/users/fufushroom (attempt 3/3)
2026-09-14 03:59:49 | INFO     | OK https://skeb.jp/api/users/tt5cc5
2026-09-14 03:59:49 | INFO     | Saving at a/skeb/tt5cc5-16001e.json
2026-09-14 03:59:50 | INFO     | OK https://skeb.jp/api/users/mineko0025
2026-09-14 03:59:50 | INFO     | Saving at a/skeb/mineko0025-245702.json
2026-09-14 03:59:51 | INFO     | OK https://skeb.jp/api/users/scskarm
2026-09-14 03:59:51 | INFO     | Saving at a/skeb/scskarm-517d49.json
2026-09-14 03:59:52 | INFO     | OK https://skeb.jp/api/users/setsu_ika
2026-09-14 03:59:52 | INFO     | Saving at a/skeb/setsu_ika-ef7e8f.json
2026-09-14 03:59:53 | INFO     | OK https://skeb.jp/api/users/borokuro
2026-09-14 03:59:53 | INFO     | Saving at a/skeb/borokuro-013d19.json
2026-09-14 03:59:54 | INFO     | OK https://skeb.jp/api/users/osanadaisuke
2026-09-14 03:59:54 | INFO     | Saving at a/skeb/osanadaisuke-6506b9.json
2026-09-14 03:59:55 | INFO     | OK https://skeb.jp/api/users/TGxx3300
2026-09-14 03:59:55 | INFO     | Saving at a/skeb/TGxx3300-ad4742.json
2026-09-14 03:59:56 | INFO     | OK https://skeb.jp/api/users/Tikusen1216
2026-09-14 03:59:56 | INFO     | Saving at a/skeb/Tikusen1216-9a181b.json
2026-09-14 03:59:57 | INFO     | OK https://skeb.jp/api/users/silky730
2026-09-14 03:59:57 | INFO     | Saving at a/skeb/silky730-ed02d2.json
2026-09-14 03:59:58 | INFO     | OK https://skeb.jp/api/users/toritorisak
2026-09-14 03:59:58 | INFO     | Saving at a/skeb/toritorisak-e1c69b.json
2026-09-14 03:59:59 | INFO     | OK https://skeb.jp/api/users/gatou_sub
2026-09-14 03:59:59 | INFO     | Saving at a/skeb/gatou_sub-2e12fb.json
2026-09-14 04:00:00 | INFO     | OK https://skeb.jp/api/users/rdml_chashi02
2026-09-14 04:00:00 | INFO     | Saving at a/skeb/rdml_chashi02-4958b6.json
2026-09-14 04:00:01 | INFO     | OK https://skeb.jp/api/users/huwa_huwahuhuwa
2026-09-14 04:00:01 | INFO     | Saving at a/skeb/huwa_huwahuhuwa-a9532b.json
2026-09-14 04:00:02 | INFO     | OK https://skeb.jp/api/users/8___ni_
2026-09-14 04:00:02 | INFO     | Saving at a/skeb/8___ni_-dcc0f2.json
2026-09-14 04:00:03 | INFO     | OK https://skeb.jp/api/users/EK1003o
2026-09-14 04:00:03 | INFO     | Saving at a/skeb/EK1003o-1c715f.json
2026-09-14 04:00:04 | INFO     | OK https://skeb.jp/api/users/SdSrLFZ34981744
2026-09-14 04:00:04 | INFO     | Saving at a/skeb/SdSrLFZ34981744-d89988.json
2026-09-14 04:00:05 | INFO     | OK https://skeb.jp/api/users/Ask_kakite
2026-09-14 04:00:05 | INFO     | Saving at a/skeb/Ask_kakite-ca020f.json
2026-09-14 04:00:06 | INFO     | OK https://skeb.jp/api/users/AYAmix0418
2026-09-14 04:00:06 | INFO     | Saving at a/skeb/AYAmix0418-4c7b6f.json
2026-09-14 04:00:07 | INFO     | OK https://skeb.jp/api/users/mamemochi0710
2026-09-14 04:00:07 | INFO     | Saving at a/skeb/mamemochi0710-fb1cf9.json
2026-09-14 04:00:08 | INFO     | OK https://skeb.jp/api/users/Golden_moteo
2026-09-14 04:00:08 | INFO     | Saving at a/skeb/Golden_moteo-b50679.json
2026-09-14 04:00:09 | INFO     | OK https://skeb.jp/api/users/shiawase_de_ite
2026-09-14 04:00:09 | INFO     | Saving at a/skeb/shiawase_de_ite-fc8e84.json
2026-09-14 04:00:10 | INFO     | OK https://skeb.jp/api/users/raiou_yuuki
2026-09-14 04:00:10 | INFO     | Saving at a/skeb/raiou_yuuki-d7ae92.json
2026-09-14 04:00:11 | INFO     | OK https://skeb.jp/api/users/43jiso
2026-09-14 04:00:11 | INFO     | Saving at a/skeb/43jiso-9cfdd0.json
2026-09-14 04:00:12 | INFO     | OK https://skeb.jp/api/users/satoukibis
2026-09-14 04:00:12 | INFO     | Saving at a/skeb/satoukibis-37246f.json
2026-09-14 04:00:13 | INFO     | OK https://skeb.jp/api/users/tooyahhh
2026-09-14 04:00:13 | INFO     | Saving at a/skeb/tooyahhh-613767.json
2026-09-14 04:00:14 | INFO     | OK https://skeb.jp/api/users/77Lucky_Seven
2026-09-14 04:00:14 | INFO     | Saving at a/skeb/77Lucky_Seven-3d6af9.json
2026-09-14 04:00:15 | INFO     | OK https://skeb.jp/api/users/kusa4to4
2026-09-14 04:00:15 | INFO     | Saving at a/skeb/kusa4to4-9b383f.json
2026-09-14 04:00:16 | INFO     | OK https://skeb.jp/api/users/ikada_nami
2026-09-14 04:00:16 | INFO     | Saving at a/skeb/ikada_nami-09bc0c.json
2026-09-14 04:00:17 | INFO     | OK https://skeb.jp/api/users/kmng_works
2026-09-14 04:00:17 | INFO     | Saving at a/skeb/kmng_works-2faca1.json
2026-09-14 04:00:18 | INFO     | OK https://skeb.jp/api/users/mugamoth
2026-09-14 04:00:18 | INFO     | Saving at a/skeb/mugamoth-05d8b6.json
2026-09-14 04:00:19 | INFO     | OK https://skeb.jp/api/users/maple_mutuki
2026-09-14 04:00:19 | INFO     | Saving at a/skeb/maple_mutuki-fa56eb.json
2026-09-14 04:00:20 | INFO     | OK https://skeb.jp/api/users/tousuke_compass
2026-09-14 04:00:20 | INFO     | Saving at a/skeb/tousuke_compass-ee34bb.json
2026-09-14 04:00:21 | INFO     | OK https://skeb.jp/api/users/nojinoji12
2026-09-14 04:00:21 | INFO     | Saving at a/skeb/nojinoji12-4e9695.json
2026-09-14 04:00:22 | INFO     | OK https://skeb.jp/api/users/ruru_shiramine
2026-09-14 04:00:22 | INFO     | Saving at a/skeb/ruru_shiramine-924071.json
2026-09-14 04:00:23 | INFO     | OK https://skeb.jp/api/users/mimizuku_suana
2026-09-14 04:00:23 | INFO     | Saving at a/skeb/mimizuku_suana-59b4d1.json
2026-09-14 04:00:24 | INFO     | OK https://skeb.jp/api/users/tsuyu_tsuyuuuuu
2026-09-14 04:00:24 | INFO     | Saving at a/skeb/tsuyu_tsuyuuuuu-753fd3.json
2026-09-14 04:00:25 | INFO     | OK https://skeb.jp/api/users/Kokuu_17
2026-09-14 04:00:25 | INFO     | Saving at a/skeb/Kokuu_17-de42ef.json
2026-09-14 04:00:26 | INFO     | OK https://skeb.jp/api/users/riorodasi
2026-09-14 04:00:26 | INFO     | Saving at a/skeb/riorodasi-585341.json
2026-09-14 04:00:27 | INFO     | OK https://skeb.jp/api/users/yuma_u
2026-09-14 04:00:27 | INFO     | Saving at a/skeb/yuma_u-1a98c7.json
2026-09-14 04:00:28 | WARNING  | 404 on https://skeb.jp/api/users/Cr659__3 (attempt 1/3)
2026-09-14 04:00:29 | INFO     | OK https://skeb.jp/api/users/kasakasako
2026-09-14 04:00:29 | INFO     | Saving at a/skeb/kasakasako-38e03f.json
2026-09-14 04:00:30 | INFO     | OK https://skeb.jp/api/users/morinopome2
2026-09-14 04:00:30 | INFO     | Saving at a/skeb/morinopome2-f23539.json
2026-09-14 04:00:31 | INFO     | OK https://skeb.jp/api/users/Gareki_aa
2026-09-14 04:00:31 | INFO     | Saving at a/skeb/Gareki_aa-3279ea.json
2026-09-14 04:00:32 | WARNING  | 404 on https://skeb.jp/api/users/Cr659__3 (attempt 2/3)
2026-09-14 04:00:33 | INFO     | OK https://skeb.jp/api/users/trpg_fuzi
2026-09-14 04:00:33 | INFO     | Saving at a/skeb/trpg_fuzi-f8ba2d.json
2026-09-14 04:00:34 | INFO     | OK https://skeb.jp/api/users/75G7oO7KRMu827J
2026-09-14 04:00:34 | INFO     | Saving at a/skeb/75G7oO7KRMu827J-323560.json
2026-09-14 04:00:35 | INFO     | OK https://skeb.jp/api/users/Surume17
2026-09-14 04:00:35 | INFO     | Saving at a/skeb/Surume17-12373c.json
2026-09-14 04:00:36 | INFO     | OK https://skeb.jp/api/users/necosin_Theta
2026-09-14 04:00:36 | INFO     | Saving at a/skeb/necosin_Theta-117e43.json
2026-09-14 04:00:37 | INFO     | OK https://skeb.jp/api/users/Nei34655
2026-09-14 04:00:37 | INFO     | Saving at a/skeb/Nei34655-04d0ec.json
2026-09-14 04:00:38 | WARNING  | 404 on https://skeb.jp/api/users/Cr659__3 (attempt 3/3)
2026-09-14 04:00:39 | INFO     | OK https://skeb.jp/api/users/kem_nekonounaji
2026-09-14 04:00:39 | INFO     | Saving at a/skeb/kem_nekonounaji-75a5c6.json
2026-09-14 04:00:40 | INFO     | OK https://skeb.jp/api/users/murasakiii_pp
2026-09-14 04:00:40 | INFO     | Saving at a/skeb/murasakiii_pp-0d6310.json
2026-09-14 04:00:41 | INFO     | OK https://skeb.jp/api/users/gekiyakur111500
2026-09-14 04:00:41 | INFO     | Saving at a/skeb/gekiyakur111500-a77694.json
2026-09-14 04:00:42 | INFO     | OK https://skeb.jp/api/users/haco_garden
2026-09-14 04:00:42 | INFO     | Saving at a/skeb/haco_garden-276514.json
2026-09-14 04:00:43 | INFO     | OK https://skeb.jp/api/users/mimisuke37
2026-09-14 04:00:43 | INFO     | Saving at a/skeb/mimisuke37-5f4816.json
2026-09-14 04:00:44 | INFO     | OK https://skeb.jp/api/users/cvn00msab
2026-09-14 04:00:44 | INFO     | Saving at a/skeb/cvn00msab-b83c50.json
2026-09-14 04:00:45 | INFO     | OK https://skeb.jp/api/users/mmt0306
2026-09-14 04:00:45 | INFO     | Saving at a/skeb/mmt0306-c77641.json
2026-09-14 04:00:46 | INFO     | OK https://skeb.jp/api/users/mellow_cham
2026-09-14 04:00:46 | INFO     | Saving at a/skeb/mellow_cham-a26bea.json
2026-09-14 04:00:47 | INFO     | OK https://skeb.jp/api/users/taltal_illust
2026-09-14 04:00:47 | INFO     | Saving at a/skeb/taltal_illust-658a09.json
2026-09-14 04:00:48 | INFO     | OK https://skeb.jp/api/users/n_blackbird
2026-09-14 04:00:48 | INFO     | Saving at a/skeb/n_blackbird-6b3d34.json
2026-09-14 04:00:49 | INFO     | OK https://skeb.jp/api/users/bu_edesu
2026-09-14 04:00:49 | INFO     | Saving at a/skeb/bu_edesu-051e55.json
2026-09-14 04:00:50 | INFO     | OK https://skeb.jp/api/users/nnmn70
2026-09-14 04:00:50 | INFO     | Saving at a/skeb/nnmn70-59c728.json
2026-09-14 04:00:51 | INFO     | OK https://skeb.jp/api/users/Castle_Ephraim
2026-09-14 04:00:51 | INFO     | Saving at a/skeb/Castle_Ephraim-fe8bd0.json
2026-09-14 04:00:52 | INFO     | OK https://skeb.jp/api/users/Relet2016
2026-09-14 04:00:52 | INFO     | Saving at a/skeb/Relet2016-89c40a.json
2026-09-14 04:00:53 | INFO     | OK https://skeb.jp/api/users/yusin_kawamura
2026-09-14 04:00:53 | INFO     | Saving at a/skeb/yusin_kawamura-3aa5e5.json
2026-09-14 04:00:54 | INFO     | OK https://skeb.jp/api/users/ankaketomato
2026-09-14 04:00:54 | INFO     | Saving at a/skeb/ankaketomato-7b924c.json
2026-09-14 04:00:55 | INFO     | OK https://skeb.jp/api/users/rui6001
2026-09-14 04:00:55 | INFO     | Saving at a/skeb/rui6001-74cba5.json
2026-09-14 04:00:56 | INFO     | OK https://skeb.jp/api/users/abareru_kojima
2026-09-14 04:00:56 | INFO     | Saving at a/skeb/abareru_kojima-acf687.json
2026-09-14 04:00:57 | INFO     | OK https://skeb.jp/api/users/SIhwo8liXs91985
2026-09-14 04:00:57 | INFO     | Saving at a/skeb/SIhwo8liXs91985-9afc74.json
2026-09-14 04:00:58 | INFO     | OK https://skeb.jp/api/users/Umi_ryou
2026-09-14 04:00:58 | INFO     | Saving at a/skeb/Umi_ryou-3eb241.json
2026-09-14 04:00:59 | INFO     | OK https://skeb.jp/api/users/meroimeropide
2026-09-14 04:00:59 | INFO     | Saving at a/skeb/meroimeropide-86fd44.json
2026-09-14 04:01:00 | INFO     | OK https://skeb.jp/api/users/ShafuraKafusha
2026-09-14 04:01:00 | INFO     | Saving at a/skeb/ShafuraKafusha-957006.json
2026-09-14 04:01:01 | INFO     | OK https://skeb.jp/api/users/Lumarbo
2026-09-14 04:01:01 | INFO     | Saving at a/skeb/Lumarbo-6dc3d2.json
2026-09-14 04:01:02 | INFO     | OK https://skeb.jp/api/users/_pple_M
2026-09-14 04:01:02 | INFO     | Saving at a/skeb/_pple_M-aac944.json
2026-09-14 04:01:03 | INFO     | OK https://skeb.jp/api/users/Acine_to
2026-09-14 04:01:03 | INFO     | Saving at a/skeb/Acine_to-909cb8.json
2026-09-14 04:01:04 | INFO     | OK https://skeb.jp/api/users/rdml_chashi
2026-09-14 04:01:04 | INFO     | Saving at a/skeb/rdml_chashi-bd2f6c.json
2026-09-14 04:01:05 | INFO     | OK https://skeb.jp/api/users/neecat_illust
2026-09-14 04:01:05 | INFO     | Saving at a/skeb/neecat_illust-d980f1.json
2026-09-14 04:01:06 | INFO     | OK https://skeb.jp/api/users/Efu_18
2026-09-14 04:01:06 | INFO     | Saving at a/skeb/Efu_18-1c9736.json
2026-09-14 04:01:07 | INFO     | OK https://skeb.jp/api/users/R_i_chima_22
2026-09-14 04:01:07 | INFO     | Saving at a/skeb/R_i_chima_22-e255ac.json
2026-09-14 04:01:08 | INFO     | OK https://skeb.jp/api/users/anzu_213
2026-09-14 04:01:08 | INFO     | Saving at a/skeb/anzu_213-45c98e.json
2026-09-14 04:01:09 | INFO     | OK https://skeb.jp/api/users/ghost_ra_re
2026-09-14 04:01:09 | INFO     | Saving at a/skeb/ghost_ra_re-7f90e9.json
2026-09-14 04:01:10 | INFO     | OK https://skeb.jp/api/users/kouichi_129
2026-09-14 04:01:10 | INFO     | Saving at a/skeb/kouichi_129-488ce3.json
2026-09-14 04:01:11 | INFO     | OK https://skeb.jp/api/users/hakka_utei
2026-09-14 04:01:11 | INFO     | Saving at a/skeb/hakka_utei-eb620f.json
2026-09-14 04:01:12 | INFO     | OK https://skeb.jp/api/users/mutoha_A_24
2026-09-14 04:01:12 | INFO     | Saving at a/skeb/mutoha_A_24-9a4912.json
2026-09-14 04:01:13 | INFO     | OK https://skeb.jp/api/users/kinonaomochi
2026-09-14 04:01:13 | INFO     | Saving at a/skeb/kinonaomochi-0eafbd.json
2026-09-14 04:01:14 | INFO     | OK https://skeb.jp/api/users/0mgr_
2026-09-14 04:01:14 | INFO     | Saving at a/skeb/0mgr_-f44bc4.json
2026-09-14 04:01:15 | INFO     | OK https://skeb.jp/api/users/0304yama
2026-09-14 04:01:15 | INFO     | Saving at a/skeb/0304yama-3606e8.json
2026-09-14 04:01:16 | INFO     | OK https://skeb.jp/api/users/cocossu04
2026-09-14 04:01:16 | INFO     | Saving at a/skeb/cocossu04-717e95.json
2026-09-14 04:01:17 | INFO     | OK https://skeb.jp/api/users/kinokoaniki1
2026-09-14 04:01:17 | INFO     | Saving at a/skeb/kinokoaniki1-1db97c.json
2026-09-14 04:01:18 | INFO     | OK https://skeb.jp/api/users/furm28
2026-09-14 04:01:18 | INFO     | Saving at a/skeb/furm28-90165c.json
2026-09-14 04:01:19 | INFO     | OK https://skeb.jp/api/users/moc_440
2026-09-14 04:01:19 | INFO     | Saving at a/skeb/moc_440-686a2b.json
2026-09-14 04:01:20 | INFO     | OK https://skeb.jp/api/users/2outni4
2026-09-14 04:01:20 | INFO     | Saving at a/skeb/2outni4-0db1fd.json
2026-09-14 04:01:21 | INFO     | OK https://skeb.jp/api/users/Lizu09tm
2026-09-14 04:01:21 | INFO     | Saving at a/skeb/Lizu09tm-c2c174.json
2026-09-14 04:01:22 | INFO     | OK https://skeb.jp/api/users/tanakakanataoek
2026-09-14 04:01:22 | INFO     | Saving at a/skeb/tanakakanataoek-01e4e9.json
2026-09-14 04:01:23 | INFO     | OK https://skeb.jp/api/users/suguru_ST
2026-09-14 04:01:23 | INFO     | Saving at a/skeb/suguru_ST-15e602.json
2026-09-14 04:01:24 | INFO     | OK https://skeb.jp/api/users/4545kingbro
2026-09-14 04:01:24 | INFO     | Saving at a/skeb/4545kingbro-fe21f2.json
2026-09-14 04:01:25 | INFO     | OK https://skeb.jp/api/users/martini_29384
2026-09-14 04:01:25 | INFO     | Saving at a/skeb/martini_29384-79db7e.json
2026-09-14 04:01:26 | INFO     | OK https://skeb.jp/api/users/papipupepopin_
2026-09-14 04:01:26 | INFO     | Saving at a/skeb/papipupepopin_-4f0ee6.json
2026-09-14 04:01:27 | INFO     | OK https://skeb.jp/api/users/pikaohisama
2026-09-14 04:01:27 | INFO     | Saving at a/skeb/pikaohisama-681307.json
2026-09-14 04:01:28 | INFO     | OK https://skeb.jp/api/users/illust__ai
2026-09-14 04:01:28 | INFO     | Saving at a/skeb/illust__ai-9fb764.json
2026-09-14 04:01:29 | INFO     | OK https://skeb.jp/api/users/baaaaacham
2026-09-14 04:01:29 | INFO     | Saving at a/skeb/baaaaacham-8c9e27.json
2026-09-14 04:01:30 | INFO     | OK https://skeb.jp/api/users/kiri_0861
2026-09-14 04:01:30 | INFO     | Saving at a/skeb/kiri_0861-c8b449.json
2026-09-14 04:01:31 | INFO     | OK https://skeb.jp/api/users/VRchansan
2026-09-14 04:01:31 | INFO     | Saving at a/skeb/VRchansan-98f9e3.json
2026-09-14 04:01:32 | INFO     | OK https://skeb.jp/api/users/gyoran
2026-09-14 04:01:32 | INFO     | Saving at a/skeb/gyoran-d99763.json
2026-09-14 04:01:33 | INFO     | OK https://skeb.jp/api/users/ROBOmito
2026-09-14 04:01:33 | INFO     | Saving at a/skeb/ROBOmito-de2b30.json
2026-09-14 04:01:34 | INFO     | OK https://skeb.jp/api/users/10miyamoto
2026-09-14 04:01:34 | INFO     | Saving at a/skeb/10miyamoto-7a45f5.json
2026-09-14 04:01:35 | INFO     | OK https://skeb.jp/api/users/harukanagisuke
2026-09-14 04:01:35 | INFO     | Saving at a/skeb/harukanagisuke-138f72.json
2026-09-14 04:01:36 | INFO     | OK https://skeb.jp/api/users/ARice_AlisAQ
2026-09-14 04:01:36 | INFO     | Saving at a/skeb/ARice_AlisAQ-f626ca.json
2026-09-14 04:01:37 | INFO     | OK https://skeb.jp/api/users/ANnoun251
2026-09-14 04:01:37 | INFO     | Saving at a/skeb/ANnoun251-7a0835.json
2026-09-14 04:01:38 | WARNING  | 404 on https://skeb.jp/api/users/kaminoko_puu (attempt 1/3)
2026-09-14 04:01:39 | INFO     | OK https://skeb.jp/api/users/SemetoKytf
2026-09-14 04:01:39 | INFO     | Saving at a/skeb/SemetoKytf-ea13da.json
2026-09-14 04:01:40 | INFO     | OK https://skeb.jp/api/users/_Lunatic_n
2026-09-14 04:01:40 | INFO     | Saving at a/skeb/_Lunatic_n-716c33.json
2026-09-14 04:01:41 | INFO     | OK https://skeb.jp/api/users/yamatoooooo
2026-09-14 04:01:41 | INFO     | Saving at a/skeb/yamatoooooo-833d71.json
2026-09-14 04:01:42 | WARNING  | 404 on https://skeb.jp/api/users/kaminoko_puu (attempt 2/3)
2026-09-14 04:01:43 | INFO     | OK https://skeb.jp/api/users/AoichanChokomin
2026-09-14 04:01:43 | INFO     | Saving at a/skeb/AoichanChokomin-0e367e.json
2026-09-14 04:01:44 | INFO     | OK https://skeb.jp/api/users/MGRock_star
2026-09-14 04:01:44 | INFO     | Saving at a/skeb/MGRock_star-adb9e1.json
2026-09-14 04:01:45 | INFO     | OK https://skeb.jp/api/users/yyywwx_
2026-09-14 04:01:45 | INFO     | Saving at a/skeb/yyywwx_-d1067a.json
2026-09-14 04:01:46 | INFO     | OK https://skeb.jp/api/users/ars369SS
2026-09-14 04:01:46 | INFO     | Saving at a/skeb/ars369SS-a8643b.json
2026-09-14 04:01:47 | WARNING  | 404 on https://skeb.jp/api/users/kaminoko_puu (attempt 3/3)
2026-09-14 04:01:48 | INFO     | OK https://skeb.jp/api/users/matukazemattya
2026-09-14 04:01:48 | INFO     | Saving at a/skeb/matukazemattya-c7d98d.json
2026-09-14 04:01:49 | INFO     | OK https://skeb.jp/api/users/0o_matoi_o0
2026-09-14 04:01:49 | INFO     | Saving at a/skeb/0o_matoi_o0-6eeda9.json
2026-09-14 04:01:50 | INFO     | OK https://skeb.jp/api/users/suzk2121
2026-09-14 04:01:50 | INFO     | Saving at a/skeb/suzk2121-51f8e4.json
2026-09-14 04:01:51 | INFO     | OK https://skeb.jp/api/users/superMILK_mix
2026-09-14 04:01:51 | INFO     | Saving at a/skeb/superMILK_mix-b80a81.json
2026-09-14 04:01:52 | INFO     | OK https://skeb.jp/api/users/amanebell
2026-09-14 04:01:52 | INFO     | Saving at a/skeb/amanebell-6b59df.json
2026-09-14 04:01:53 | INFO     | OK https://skeb.jp/api/users/Hanpen_Kounaien
2026-09-14 04:01:53 | INFO     | Saving at a/skeb/Hanpen_Kounaien-568b84.json
2026-09-14 04:01:54 | INFO     | OK https://skeb.jp/api/users/ymmr_c0c0
2026-09-14 04:01:55 | INFO     | Saving at a/skeb/ymmr_c0c0-0747a4.json
2026-09-14 04:01:55 | INFO     | OK https://skeb.jp/api/users/phan_work
2026-09-14 04:01:55 | INFO     | Saving at a/skeb/phan_work-0ec911.json
2026-09-14 04:01:56 | INFO     | OK https://skeb.jp/api/users/nosnchi
2026-09-14 04:01:56 | INFO     | Saving at a/skeb/nosnchi-f8bcd0.json
2026-09-14 04:01:57 | INFO     | OK https://skeb.jp/api/users/wanko_mofure
2026-09-14 04:01:57 | INFO     | Saving at a/skeb/wanko_mofure-0c8b5c.json
2026-09-14 04:01:58 | INFO     | OK https://skeb.jp/api/users/harrysenchop
2026-09-14 04:01:58 | INFO     | Saving at a/skeb/harrysenchop-87e9ca.json
2026-09-14 04:01:59 | INFO     | OK https://skeb.jp/api/users/diksk816
2026-09-14 04:01:59 | INFO     | Saving at a/skeb/diksk816-7888ed.json
2026-09-14 04:02:00 | INFO     | OK https://skeb.jp/api/users/midor1_3105
2026-09-14 04:02:00 | INFO     | Saving at a/skeb/midor1_3105-686d91.json
2026-09-14 04:02:01 | INFO     | OK https://skeb.jp/api/users/kawara_ko
2026-09-14 04:02:01 | INFO     | Saving at a/skeb/kawara_ko-c8d520.json
2026-09-14 04:02:02 | INFO     | OK https://skeb.jp/api/users/hellowo10607338
2026-09-14 04:02:02 | INFO     | Saving at a/skeb/hellowo10607338-bccf44.json
2026-09-14 04:02:03 | INFO     | OK https://skeb.jp/api/users/i_shien17
2026-09-14 04:02:03 | INFO     | Saving at a/skeb/i_shien17-d5def8.json
2026-09-14 04:02:04 | INFO     | OK https://skeb.jp/api/users/setoTinami
2026-09-14 04:02:04 | INFO     | Saving at a/skeb/setoTinami-66ba3d.json
2026-09-14 04:02:05 | INFO     | OK https://skeb.jp/api/users/hizakitomoko
2026-09-14 04:02:05 | INFO     | Saving at a/skeb/hizakitomoko-1a62ee.json
2026-09-14 04:02:06 | INFO     | OK https://skeb.jp/api/users/nenezi82461
2026-09-14 04:02:06 | INFO     | Saving at a/skeb/nenezi82461-9f7e56.json
2026-09-14 04:02:07 | INFO     | OK https://skeb.jp/api/users/rai_lei9614
2026-09-14 04:02:07 | INFO     | Saving at a/skeb/rai_lei9614-51403a.json
2026-09-14 04:02:08 | INFO     | OK https://skeb.jp/api/users/SaltTRPG
2026-09-14 04:02:08 | INFO     | Saving at a/skeb/SaltTRPG-24a115.json
2026-09-14 04:02:09 | INFO     | OK https://skeb.jp/api/users/_boneguy1487
2026-09-14 04:02:09 | INFO     | Saving at a/skeb/_boneguy1487-771eca.json
2026-09-14 04:02:10 | INFO     | OK https://skeb.jp/api/users/nello_noe
2026-09-14 04:02:10 | INFO     | Saving at a/skeb/nello_noe-317dd9.json
2026-09-14 04:02:11 | INFO     | OK https://skeb.jp/api/users/kisaragichiyuki
2026-09-14 04:02:11 | INFO     | Saving at a/skeb/kisaragichiyuki-9fc2a8.json
2026-09-14 04:02:12 | INFO     | OK https://skeb.jp/api/users/Aoiro_L2D
2026-09-14 04:02:12 | INFO     | Saving at a/skeb/Aoiro_L2D-0b016c.json
2026-09-14 04:02:14 | INFO     | OK https://skeb.jp/api/users/h0cmiya
2026-09-14 04:02:14 | INFO     | Saving at a/skeb/h0cmiya-94d365.json
2026-09-14 04:02:14 | INFO     | OK https://skeb.jp/api/users/kuuraaa1u1
2026-09-14 04:02:14 | INFO     | Saving at a/skeb/kuuraaa1u1-7aa2b4.json
2026-09-14 04:02:16 | INFO     | OK https://skeb.jp/api/users/Rgrey00
2026-09-14 04:02:16 | INFO     | Saving at a/skeb/Rgrey00-f0ad6e.json
2026-09-14 04:02:16 | INFO     | OK https://skeb.jp/api/users/knjyappp1
2026-09-14 04:02:16 | INFO     | Saving at a/skeb/knjyappp1-23a8e0.json
2026-09-14 04:02:17 | INFO     | OK https://skeb.jp/api/users/tm_jiro
2026-09-14 04:02:17 | INFO     | Saving at a/skeb/tm_jiro-95fa1a.json
2026-09-14 04:02:18 | INFO     | OK https://skeb.jp/api/users/ponu6486
2026-09-14 04:02:18 | INFO     | Saving at a/skeb/ponu6486-325619.json
2026-09-14 04:02:19 | INFO     | OK https://skeb.jp/api/users/azusa_maxima
2026-09-14 04:02:19 | INFO     | Saving at a/skeb/azusa_maxima-5c7f93.json
2026-09-14 04:02:20 | INFO     | OK https://skeb.jp/api/users/Tps9g
2026-09-14 04:02:20 | INFO     | Saving at a/skeb/Tps9g-fbdaa3.json
2026-09-14 04:02:22 | INFO     | OK https://skeb.jp/api/users/a_n_s_t_919
2026-09-14 04:02:22 | INFO     | Saving at a/skeb/a_n_s_t_919-243a00.json
2026-09-14 04:02:22 | INFO     | OK https://skeb.jp/api/users/Gr1dV23n0y1467
2026-09-14 04:02:22 | INFO     | Saving at a/skeb/Gr1dV23n0y1467-4dfecf.json
2026-09-14 04:02:23 | INFO     | OK https://skeb.jp/api/users/Syaya_X
2026-09-14 04:02:23 | INFO     | Saving at a/skeb/Syaya_X-964f04.json
2026-09-14 04:02:24 | INFO     | OK https://skeb.jp/api/users/kaimu_egc000
2026-09-14 04:02:24 | INFO     | Saving at a/skeb/kaimu_egc000-2401be.json
2026-09-14 04:02:25 | INFO     | OK https://skeb.jp/api/users/miyabi_n
2026-09-14 04:02:25 | INFO     | Saving at a/skeb/miyabi_n-8a6b15.json
2026-09-14 04:02:26 | WARNING  | 404 on https://skeb.jp/api/users/NAMCOO (attempt 1/3)
2026-09-14 04:02:27 | INFO     | OK https://skeb.jp/api/users/y_k_c_0
2026-09-14 04:02:27 | INFO     | Saving at a/skeb/y_k_c_0-0fb1bb.json
2026-09-14 04:02:28 | WARNING  | 404 on https://skeb.jp/api/users/MyAvelinee (attempt 1/3)
2026-09-14 04:02:29 | INFO     | OK https://skeb.jp/api/users/r51633060
2026-09-14 04:02:29 | INFO     | Saving at a/skeb/r51633060-1bd1ea.json
2026-09-14 04:02:30 | INFO     | OK https://skeb.jp/api/users/sd_1730
2026-09-14 04:02:30 | INFO     | Saving at a/skeb/sd_1730-990bea.json
2026-09-14 04:02:31 | INFO     | OK https://skeb.jp/api/users/anmts_
2026-09-14 04:02:31 | INFO     | Saving at a/skeb/anmts_-3c8515.json
2026-09-14 04:02:32 | WARNING  | 404 on https://skeb.jp/api/users/MyAvelinee (attempt 2/3)
2026-09-14 04:02:34 | INFO     | OK https://skeb.jp/api/users/nattsu_fate
2026-09-14 04:02:34 | INFO     | Saving at a/skeb/nattsu_fate-a5e5d8.json
2026-09-14 04:02:35 | INFO     | OK https://skeb.jp/api/users/SIRA_ILLUST
2026-09-14 04:02:35 | INFO     | Saving at a/skeb/SIRA_ILLUST-66fb7d.json
2026-09-14 04:02:35 | INFO     | OK https://skeb.jp/api/users/niko2pan2skeb
2026-09-14 04:02:35 | INFO     | Saving at a/skeb/niko2pan2skeb-66aa3e.json
2026-09-14 04:02:36 | INFO     | OK https://skeb.jp/api/users/shin_abyssal
2026-09-14 04:02:36 | INFO     | Saving at a/skeb/shin_abyssal-8eb45d.json
2026-09-14 04:02:37 | INFO     | OK https://skeb.jp/api/users/11matsuri_co11
2026-09-14 04:02:37 | INFO     | Saving at a/skeb/11matsuri_co11-8e5f1a.json
2026-09-14 04:02:38 | INFO     | OK https://skeb.jp/api/users/monu_oekaki
2026-09-14 04:02:39 | INFO     | Saving at a/skeb/monu_oekaki-c0254f.json
2026-09-14 04:02:39 | INFO     | OK https://skeb.jp/api/users/chlloe____
2026-09-14 04:02:39 | INFO     | Saving at a/skeb/chlloe____-8fe5b6.json
2026-09-14 04:02:41 | INFO     | OK https://skeb.jp/api/users/aki_leo_mei
2026-09-14 04:02:41 | INFO     | Saving at a/skeb/aki_leo_mei-6efb8b.json
2026-09-14 04:02:41 | INFO     | OK https://skeb.jp/api/users/million241
2026-09-14 04:02:41 | INFO     | Saving at a/skeb/million241-3aa104.json
2026-09-14 04:02:42 | INFO     | OK https://skeb.jp/api/users/umasiroko
2026-09-14 04:02:42 | INFO     | Saving at a/skeb/umasiroko-124e37.json
2026-09-14 04:02:43 | WARNING  | 404 on https://skeb.jp/api/users/NAMCOO (attempt 2/3)
2026-09-14 04:02:44 | WARNING  | 404 on https://skeb.jp/api/users/osakikurama (attempt 1/3)
2026-09-14 04:02:46 | INFO     | OK https://skeb.jp/api/users/mayochimochi227
2026-09-14 04:02:46 | INFO     | Saving at a/skeb/mayochimochi227-40fa69.json
2026-09-14 04:02:46 | INFO     | OK https://skeb.jp/api/users/ru3_Exupery21
2026-09-14 04:02:46 | INFO     | Saving at a/skeb/ru3_Exupery21-8e4d33.json
2026-09-14 04:02:47 | INFO     | OK https://skeb.jp/api/users/71TZaBLHqx
2026-09-14 04:02:47 | INFO     | Saving at a/skeb/71TZaBLHqx-253b97.json
2026-09-14 04:02:48 | WARNING  | 404 on https://skeb.jp/api/users/osakikurama (attempt 2/3)
2026-09-14 04:02:49 | INFO     | OK https://skeb.jp/api/users/sabamiso7
2026-09-14 04:02:49 | INFO     | Saving at a/skeb/sabamiso7-8c6e2e.json
2026-09-14 04:02:50 | INFO     | OK https://skeb.jp/api/users/uromuro
2026-09-14 04:02:50 | INFO     | Saving at a/skeb/uromuro-84fa85.json
2026-09-14 04:02:51 | INFO     | OK https://skeb.jp/api/users/hirunedaimyojin
2026-09-14 04:02:51 | INFO     | Saving at a/skeb/hirunedaimyojin-01c91d.json
2026-09-14 04:02:53 | INFO     | OK https://skeb.jp/api/users/ko2k02
2026-09-14 04:02:53 | INFO     | Saving at a/skeb/ko2k02-715601.json
2026-09-14 04:02:53 | WARNING  | 404 on https://skeb.jp/api/users/Soarfloh (attempt 1/3)
2026-09-14 04:02:54 | WARNING  | 404 on https://skeb.jp/api/users/nituma (attempt 1/3)
2026-09-14 04:02:56 | INFO     | OK https://skeb.jp/api/users/ibaraneko3
2026-09-14 04:02:56 | INFO     | Saving at a/skeb/ibaraneko3-aa5e2a.json
2026-09-14 04:02:56 | WARNING  | 404 on https://skeb.jp/api/users/Soarfloh (attempt 2/3)
2026-09-14 04:02:57 | WARNING  | 404 on https://skeb.jp/api/users/nituma (attempt 2/3)
2026-09-14 04:02:58 | INFO     | OK https://skeb.jp/api/users/sakiomaru197
2026-09-14 04:02:58 | INFO     | Saving at a/skeb/sakiomaru197-b7d0ff.json
2026-09-14 04:02:59 | INFO     | OK https://skeb.jp/api/users/toya_oink
2026-09-14 04:02:59 | INFO     | Saving at a/skeb/toya_oink-42a373.json
2026-09-14 04:03:01 | INFO     | OK https://skeb.jp/api/users/teitaidrive
2026-09-14 04:03:01 | INFO     | Saving at a/skeb/teitaidrive-7b7437.json
2026-09-14 04:03:01 | WARNING  | 404 on https://skeb.jp/api/users/osakikurama (attempt 3/3)
2026-09-14 04:03:03 | INFO     | OK https://skeb.jp/api/users/TonyMontanacino
2026-09-14 04:03:03 | INFO     | Saving at a/skeb/TonyMontanacino-f64645.json
2026-09-14 04:03:03 | WARNING  | 404 on https://skeb.jp/api/users/nituma (attempt 3/3)
2026-09-14 04:03:05 | INFO     | OK https://skeb.jp/api/users/soramazinn
2026-09-14 04:03:05 | INFO     | Saving at a/skeb/soramazinn-b52072.json
2026-09-14 04:03:05 | INFO     | OK https://skeb.jp/api/users/krkrnasat_hdm
2026-09-14 04:03:05 | INFO     | Saving at a/skeb/krkrnasat_hdm-34d95a.json
2026-09-14 04:03:07 | INFO     | OK https://skeb.jp/api/users/ume_445
2026-09-14 04:03:07 | INFO     | Saving at a/skeb/ume_445-544646.json
2026-09-14 04:03:07 | INFO     | OK https://skeb.jp/api/users/morukaaa
2026-09-14 04:03:07 | INFO     | Saving at a/skeb/morukaaa-b1a767.json
2026-09-14 04:03:08 | INFO     | OK https://skeb.jp/api/users/grf_inuki
2026-09-14 04:03:08 | INFO     | Saving at a/skeb/grf_inuki-970532.json
2026-09-14 04:03:09 | WARNING  | 404 on https://skeb.jp/api/users/Soarfloh (attempt 3/3)
2026-09-14 04:03:11 | INFO     | OK https://skeb.jp/api/users/10kaori13
2026-09-14 04:03:11 | INFO     | Saving at a/skeb/10kaori13-0e9021.json
2026-09-14 04:03:12 | INFO     | OK https://skeb.jp/api/users/tai_mushi
2026-09-14 04:03:12 | INFO     | Saving at a/skeb/tai_mushi-53b2f7.json
2026-09-14 04:03:13 | INFO     | OK https://skeb.jp/api/users/yaya_shiiba
2026-09-14 04:03:13 | INFO     | Saving at a/skeb/yaya_shiiba-dc5466.json
2026-09-14 04:03:14 | INFO     | OK https://skeb.jp/api/users/A5HIO
2026-09-14 04:03:14 | INFO     | Saving at a/skeb/A5HIO-57e95d.json
2026-09-14 04:03:15 | INFO     | OK https://skeb.jp/api/users/burikingyo0327
2026-09-14 04:03:15 | INFO     | Saving at a/skeb/burikingyo0327-f5d00b.json
2026-09-14 04:03:16 | INFO     | OK https://skeb.jp/api/users/KODUME_1121
2026-09-14 04:03:16 | INFO     | Saving at a/skeb/KODUME_1121-af7735.json
2026-09-14 04:03:16 | WARNING  | 404 on https://skeb.jp/api/users/MyAvelinee (attempt 3/3)
2026-09-14 04:03:17 | INFO     | OK https://skeb.jp/api/users/ringopajama
2026-09-14 04:03:17 | INFO     | Saving at a/skeb/ringopajama-7e51a8.json
2026-09-14 04:03:18 | INFO     | OK https://skeb.jp/api/users/T_35pi
2026-09-14 04:03:18 | INFO     | Saving at a/skeb/T_35pi-958329.json
2026-09-14 04:03:20 | INFO     | OK https://skeb.jp/api/users/bechamel_ovo
2026-09-14 04:03:20 | INFO     | Saving at a/skeb/bechamel_ovo-b1fba0.json
2026-09-14 04:03:20 | WARNING  | 404 on https://skeb.jp/api/users/muno (attempt 1/3)
2026-09-14 04:03:22 | INFO     | OK https://skeb.jp/api/users/cocoa_teaparty
2026-09-14 04:03:22 | INFO     | Saving at a/skeb/cocoa_teaparty-3cc8fa.json
2026-09-14 04:03:22 | INFO     | OK https://skeb.jp/api/users/okehanak
2026-09-14 04:03:22 | INFO     | Saving at a/skeb/okehanak-4dcb30.json
2026-09-14 04:03:23 | WARNING  | 404 on https://skeb.jp/api/users/muno (attempt 2/3)
2026-09-14 04:03:25 | INFO     | OK https://skeb.jp/api/users/i_upiyo01
2026-09-14 04:03:25 | INFO     | Saving at a/skeb/i_upiyo01-a50fe5.json
2026-09-14 04:03:25 | INFO     | OK https://skeb.jp/api/users/somemarusan
2026-09-14 04:03:26 | INFO     | Saving at a/skeb/somemarusan-2c7f05.json
2026-09-14 04:03:27 | INFO     | OK https://skeb.jp/api/users/fuzi_0730
2026-09-14 04:03:27 | INFO     | Saving at a/skeb/fuzi_0730-01b51f.json
2026-09-14 04:03:27 | INFO     | OK https://skeb.jp/api/users/koiri514
2026-09-14 04:03:27 | INFO     | Saving at a/skeb/koiri514-16f3af.json
2026-09-14 04:03:29 | INFO     | OK https://skeb.jp/api/users/lynx_shrike
2026-09-14 04:03:29 | INFO     | Saving at a/skeb/lynx_shrike-d61535.json
2026-09-14 04:03:29 | WARNING  | 404 on https://skeb.jp/api/users/muno (attempt 3/3)
2026-09-14 04:03:31 | INFO     | OK https://skeb.jp/api/users/kahanautona
2026-09-14 04:03:31 | INFO     | Saving at a/skeb/kahanautona-ea26f2.json
2026-09-14 04:03:32 | INFO     | OK https://skeb.jp/api/users/bnr34esprit
2026-09-14 04:03:32 | INFO     | Saving at a/skeb/bnr34esprit-f22c71.json
2026-09-14 04:03:32 | INFO     | OK https://skeb.jp/api/users/Saeki_itigo
2026-09-14 04:03:32 | INFO     | Saving at a/skeb/Saeki_itigo-9ff50a.json
2026-09-14 04:03:34 | INFO     | OK https://skeb.jp/api/users/ipaapoo2
2026-09-14 04:03:34 | INFO     | Saving at a/skeb/ipaapoo2-c84a3b.json
2026-09-14 04:03:34 | INFO     | OK https://skeb.jp/api/users/gen_nosukech
2026-09-14 04:03:34 | INFO     | Saving at a/skeb/gen_nosukech-31661f.json
2026-09-14 04:03:35 | INFO     | OK https://skeb.jp/api/users/poko_ta_
2026-09-14 04:03:35 | INFO     | Saving at a/skeb/poko_ta_-6e92d5.json
2026-09-14 04:03:37 | INFO     | OK https://skeb.jp/api/users/omochimo300
2026-09-14 04:03:37 | INFO     | Saving at a/skeb/omochimo300-a2652d.json
2026-09-14 04:03:38 | INFO     | OK https://skeb.jp/api/users/niadn_nb
2026-09-14 04:03:38 | INFO     | Saving at a/skeb/niadn_nb-49b92d.json
2026-09-14 04:03:38 | WARNING  | 404 on https://skeb.jp/api/users/NAMCOO (attempt 3/3)
2026-09-14 04:03:39 | INFO     | OK https://skeb.jp/api/users/q7ley
2026-09-14 04:03:39 | INFO     | Saving at a/skeb/q7ley-627740.json
2026-09-14 04:03:40 | INFO     | OK https://skeb.jp/api/users/nueko829
2026-09-14 04:03:40 | INFO     | Saving at a/skeb/nueko829-51013d.json
2026-09-14 04:03:42 | INFO     | OK https://skeb.jp/api/users/susk_orenji
2026-09-14 04:03:42 | INFO     | Saving at a/skeb/susk_orenji-cbb880.json
2026-09-14 04:03:43 | INFO     | OK https://skeb.jp/api/users/rrrri__o_
2026-09-14 04:03:43 | INFO     | Saving at a/skeb/rrrri__o_-895d4d.json
2026-09-14 04:03:44 | INFO     | OK https://skeb.jp/api/users/amamoto_o
2026-09-14 04:03:44 | INFO     | Saving at a/skeb/amamoto_o-5afc66.json
2026-09-14 04:03:45 | INFO     | OK https://skeb.jp/api/users/shishamosama
2026-09-14 04:03:45 | INFO     | Saving at a/skeb/shishamosama-5a1e27.json
2026-09-14 04:03:46 | INFO     | OK https://skeb.jp/api/users/syaniyuo1
2026-09-14 04:03:46 | INFO     | Saving at a/skeb/syaniyuo1-4b3c88.json
2026-09-14 04:03:47 | INFO     | OK https://skeb.jp/api/users/dou4te_dayo
2026-09-14 04:03:47 | INFO     | Saving at a/skeb/dou4te_dayo-f106ac.json
2026-09-14 04:03:48 | INFO     | OK https://skeb.jp/api/users/hachike2
2026-09-14 04:03:48 | INFO     | Saving at a/skeb/hachike2-af7c73.json
2026-09-14 04:03:49 | INFO     | OK https://skeb.jp/api/users/sidotama
2026-09-14 04:03:49 | INFO     | Saving at a/skeb/sidotama-da056c.json
2026-09-14 04:03:50 | INFO     | OK https://skeb.jp/api/users/CourageZero3
2026-09-14 04:03:50 | INFO     | Saving at a/skeb/CourageZero3-59c93e.json
2026-09-14 04:03:51 | INFO     | OK https://skeb.jp/api/users/hitarika
2026-09-14 04:03:51 | INFO     | Saving at a/skeb/hitarika-69fcd4.json
2026-09-14 04:03:52 | INFO     | OK https://skeb.jp/api/users/alohasaza
2026-09-14 04:03:52 | INFO     | Saving at a/skeb/alohasaza-e745a5.json
2026-09-14 04:03:53 | INFO     | OK https://skeb.jp/api/users/Hathida_kijun
2026-09-14 04:03:53 | INFO     | Saving at a/skeb/Hathida_kijun-bb61ba.json
2026-09-14 04:03:54 | INFO     | OK https://skeb.jp/api/users/YURU___006
2026-09-14 04:03:54 | INFO     | Saving at a/skeb/YURU___006-73c0ad.json
2026-09-14 04:03:55 | INFO     | OK https://skeb.jp/api/users/suyosuyo
2026-09-14 04:03:55 | INFO     | Saving at a/skeb/suyosuyo-03eff5.json
2026-09-14 04:03:56 | INFO     | OK https://skeb.jp/api/users/ankora_a126
2026-09-14 04:03:56 | INFO     | Saving at a/skeb/ankora_a126-aa6ddd.json
2026-09-14 04:03:56 | INFO     | OK https://skeb.jp/api/users/z50eu
2026-09-14 04:03:56 | INFO     | Saving at a/skeb/z50eu-d4ddae.json
2026-09-14 04:03:58 | INFO     | OK https://skeb.jp/api/users/ff__com
2026-09-14 04:03:58 | INFO     | Saving at a/skeb/ff__com-0d4433.json
2026-09-14 04:03:59 | INFO     | OK https://skeb.jp/api/users/Hiuito8888
2026-09-14 04:03:59 | INFO     | Saving at a/skeb/Hiuito8888-5dcd0e.json
2026-09-14 04:03:59 | INFO     | OK https://skeb.jp/api/users/dokosa_DHA
2026-09-14 04:03:59 | INFO     | Saving at a/skeb/dokosa_DHA-f65c22.json
2026-09-14 04:04:01 | INFO     | OK https://skeb.jp/api/users/Su327Wa
2026-09-14 04:04:01 | INFO     | Saving at a/skeb/Su327Wa-dbb40c.json
2026-09-14 04:04:02 | INFO     | OK https://skeb.jp/api/users/hiyo8724
2026-09-14 04:04:02 | INFO     | Saving at a/skeb/hiyo8724-08b0e0.json
2026-09-14 04:04:03 | INFO     | OK https://skeb.jp/api/users/T_yill3
2026-09-14 04:04:03 | INFO     | Saving at a/skeb/T_yill3-772294.json
2026-09-14 04:04:04 | INFO     | OK https://skeb.jp/api/users/Unconsc130
2026-09-14 04:04:04 | INFO     | Saving at a/skeb/Unconsc130-f91e08.json
2026-09-14 04:04:05 | INFO     | OK https://skeb.jp/api/users/ito_e_mochi
2026-09-14 04:04:05 | INFO     | Saving at a/skeb/ito_e_mochi-f9c7a3.json
2026-09-14 04:04:06 | INFO     | OK https://skeb.jp/api/users/83koart
2026-09-14 04:04:06 | INFO     | Saving at a/skeb/83koart-23c747.json
2026-09-14 04:04:07 | INFO     | OK https://skeb.jp/api/users/nonoo_4405
2026-09-14 04:04:07 | INFO     | Saving at a/skeb/nonoo_4405-1b4581.json
2026-09-14 04:04:08 | INFO     | OK https://skeb.jp/api/users/kemamire15
2026-09-14 04:04:08 | INFO     | Saving at a/skeb/kemamire15-ff4909.json
2026-09-14 04:04:09 | INFO     | OK https://skeb.jp/api/users/LIME_ill_10
2026-09-14 04:04:09 | INFO     | Saving at a/skeb/LIME_ill_10-dfb0c8.json
2026-09-14 04:04:10 | INFO     | OK https://skeb.jp/api/users/tumari_01
2026-09-14 04:04:10 | INFO     | Saving at a/skeb/tumari_01-884d74.json
2026-09-14 04:04:11 | INFO     | OK https://skeb.jp/api/users/desaokaze
2026-09-14 04:04:11 | INFO     | Saving at a/skeb/desaokaze-e35aa2.json
2026-09-14 04:04:11 | INFO     | OK https://skeb.jp/api/users/amapan_0
2026-09-14 04:04:12 | INFO     | Saving at a/skeb/amapan_0-438b9e.json
2026-09-14 04:04:13 | INFO     | OK https://skeb.jp/api/users/horocor0n
2026-09-14 04:04:13 | INFO     | Saving at a/skeb/horocor0n-0f12b8.json
2026-09-14 04:04:14 | INFO     | OK https://skeb.jp/api/users/sjkk_c0de
2026-09-14 04:04:14 | INFO     | Saving at a/skeb/sjkk_c0de-0292c9.json
2026-09-14 04:04:15 | INFO     | OK https://skeb.jp/api/users/ShinseiAoharu
2026-09-14 04:04:15 | INFO     | Saving at a/skeb/ShinseiAoharu-431950.json
2026-09-14 04:04:16 | INFO     | OK https://skeb.jp/api/users/maruyama_desuka
2026-09-14 04:04:16 | INFO     | Saving at a/skeb/maruyama_desuka-3139e4.json
2026-09-14 04:04:17 | INFO     | OK https://skeb.jp/api/users/omeme_mememe
2026-09-14 04:04:17 | INFO     | Saving at a/skeb/omeme_mememe-e6f99c.json
2026-09-14 04:04:18 | INFO     | OK https://skeb.jp/api/users/Ervin0083
2026-09-14 04:04:18 | INFO     | Saving at a/skeb/Ervin0083-b19053.json
2026-09-14 04:04:19 | INFO     | OK https://skeb.jp/api/users/yada__yoda
2026-09-14 04:04:19 | INFO     | Saving at a/skeb/yada__yoda-e32842.json
2026-09-14 04:04:20 | INFO     | OK https://skeb.jp/api/users/Shame_on_1031
2026-09-14 04:04:20 | INFO     | Saving at a/skeb/Shame_on_1031-975925.json
2026-09-14 04:04:20 | INFO     | OK https://skeb.jp/api/users/yakiimo1013
2026-09-14 04:04:21 | INFO     | Saving at a/skeb/yakiimo1013-290a47.json
2026-09-14 04:04:22 | INFO     | OK https://skeb.jp/api/users/azuma_sanotsuki
2026-09-14 04:04:22 | INFO     | Saving at a/skeb/azuma_sanotsuki-3227bb.json
2026-09-14 04:04:23 | INFO     | OK https://skeb.jp/api/users/blue_star_q
2026-09-14 04:04:23 | INFO     | Saving at a/skeb/blue_star_q-1959f5.json
2026-09-14 04:04:24 | INFO     | OK https://skeb.jp/api/users/ekimiya_23
2026-09-14 04:04:24 | INFO     | Saving at a/skeb/ekimiya_23-e44f79.json
2026-09-14 04:04:25 | INFO     | OK https://skeb.jp/api/users/Yuki_25_00
2026-09-14 04:04:25 | INFO     | Saving at a/skeb/Yuki_25_00-ce1afe.json
2026-09-14 04:04:26 | INFO     | OK https://skeb.jp/api/users/harusaki_shihon
2026-09-14 04:04:26 | INFO     | Saving at a/skeb/harusaki_shihon-2183c0.json
2026-09-14 04:04:27 | INFO     | OK https://skeb.jp/api/users/mochy___
2026-09-14 04:04:27 | INFO     | Saving at a/skeb/mochy___-7e0f68.json
2026-09-14 04:04:28 | INFO     | OK https://skeb.jp/api/users/Ochiba_39_37
2026-09-14 04:04:28 | INFO     | Saving at a/skeb/Ochiba_39_37-a3a07d.json
2026-09-14 04:04:29 | INFO     | OK https://skeb.jp/api/users/TORI_cun_TORI
2026-09-14 04:04:29 | INFO     | Saving at a/skeb/TORI_cun_TORI-8fe1a0.json
2026-09-14 04:04:30 | INFO     | OK https://skeb.jp/api/users/Motyako__1005
2026-09-14 04:04:30 | INFO     | Saving at a/skeb/Motyako__1005-7e1ed9.json
2026-09-14 04:04:31 | INFO     | OK https://skeb.jp/api/users/86knz_
2026-09-14 04:04:31 | INFO     | Saving at a/skeb/86knz_-9cbf37.json
2026-09-14 04:04:32 | INFO     | OK https://skeb.jp/api/users/satsumaagee
2026-09-14 04:04:32 | INFO     | Saving at a/skeb/satsumaagee-24adaf.json
2026-09-14 04:04:33 | INFO     | OK https://skeb.jp/api/users/iechi_
2026-09-14 04:04:33 | INFO     | Saving at a/skeb/iechi_-4ee447.json
2026-09-14 04:04:34 | INFO     | OK https://skeb.jp/api/users/sasanohiro
2026-09-14 04:04:34 | INFO     | Saving at a/skeb/sasanohiro-3990e7.json
2026-09-14 04:04:35 | INFO     | OK https://skeb.jp/api/users/Zt_user_
2026-09-14 04:04:35 | INFO     | Saving at a/skeb/Zt_user_-f4e2a3.json
2026-09-14 04:04:36 | INFO     | OK https://skeb.jp/api/users/Hoenn17
2026-09-14 04:04:36 | INFO     | Saving at a/skeb/Hoenn17-a7df8e.json
2026-09-14 04:04:37 | INFO     | OK https://skeb.jp/api/users/yudara128
2026-09-14 04:04:37 | INFO     | Saving at a/skeb/yudara128-a500f6.json
2026-09-14 04:04:38 | INFO     | OK https://skeb.jp/api/users/knqyr
2026-09-14 04:04:38 | INFO     | Saving at a/skeb/knqyr-74852d.json
2026-09-14 04:04:39 | INFO     | OK https://skeb.jp/api/users/fukuya_art
2026-09-14 04:04:39 | INFO     | Saving at a/skeb/fukuya_art-da2cf0.json
2026-09-14 04:04:40 | INFO     | OK https://skeb.jp/api/users/kmkr_61
2026-09-14 04:04:40 | INFO     | Saving at a/skeb/kmkr_61-85766f.json
2026-09-14 04:04:41 | INFO     | OK https://skeb.jp/api/users/outsuti
2026-09-14 04:04:41 | INFO     | Saving at a/skeb/outsuti-fa96e2.json
2026-09-14 04:04:42 | INFO     | OK https://skeb.jp/api/users/harusamsrd
2026-09-14 04:04:42 | INFO     | Saving at a/skeb/harusamsrd-8f231f.json
2026-09-14 04:04:43 | INFO     | OK https://skeb.jp/api/users/soul_dp11
2026-09-14 04:04:43 | INFO     | Saving at a/skeb/soul_dp11-2d11db.json
2026-09-14 04:04:44 | INFO     | OK https://skeb.jp/api/users/egumonin
2026-09-14 04:04:44 | INFO     | Saving at a/skeb/egumonin-b41773.json
2026-09-14 04:04:45 | INFO     | OK https://skeb.jp/api/users/ohunabarayoh
2026-09-14 04:04:45 | INFO     | Saving at a/skeb/ohunabarayoh-23ad3f.json
2026-09-14 04:04:46 | INFO     | OK https://skeb.jp/api/users/Nanaazarashi
2026-09-14 04:04:46 | INFO     | Saving at a/skeb/Nanaazarashi-1418d3.json
2026-09-14 04:04:47 | INFO     | OK https://skeb.jp/api/users/kanaseminatsuno
2026-09-14 04:04:47 | INFO     | Saving at a/skeb/kanaseminatsuno-7382d3.json
2026-09-14 04:04:48 | INFO     | OK https://skeb.jp/api/users/wasemkn
2026-09-14 04:04:48 | INFO     | Saving at a/skeb/wasemkn-6e511a.json
2026-09-14 04:04:49 | INFO     | OK https://skeb.jp/api/users/kcha5
2026-09-14 04:04:49 | INFO     | Saving at a/skeb/kcha5-819507.json
2026-09-14 04:04:50 | INFO     | OK https://skeb.jp/api/users/_nnwnoiros
2026-09-14 04:04:50 | INFO     | Saving at a/skeb/_nnwnoiros-138ac6.json
2026-09-14 04:04:51 | INFO     | OK https://skeb.jp/api/users/Kyosuke1413koba
2026-09-14 04:04:51 | INFO     | Saving at a/skeb/Kyosuke1413koba-e0cf29.json
2026-09-14 04:04:52 | INFO     | OK https://skeb.jp/api/users/nekorider01
2026-09-14 04:04:52 | INFO     | Saving at a/skeb/nekorider01-e84bc3.json
2026-09-14 04:04:53 | INFO     | OK https://skeb.jp/api/users/ougiyoshi
2026-09-14 04:04:53 | INFO     | Saving at a/skeb/ougiyoshi-2c8cc4.json
2026-09-14 04:04:54 | INFO     | OK https://skeb.jp/api/users/ozucat
2026-09-14 04:04:54 | INFO     | Saving at a/skeb/ozucat-cbec8a.json
2026-09-14 04:04:55 | INFO     | OK https://skeb.jp/api/users/bobhairshuki
2026-09-14 04:04:55 | INFO     | Saving at a/skeb/bobhairshuki-00b427.json
2026-09-14 04:04:56 | INFO     | OK https://skeb.jp/api/users/HIBIKI_TAKOCHI
2026-09-14 04:04:56 | INFO     | Saving at a/skeb/HIBIKI_TAKOCHI-9b7f89.json
2026-09-14 04:04:57 | INFO     | OK https://skeb.jp/api/users/0000tea0000
2026-09-14 04:04:57 | INFO     | Saving at a/skeb/0000tea0000-8243a9.json
2026-09-14 04:04:58 | INFO     | OK https://skeb.jp/api/users/erosnovel6397
2026-09-14 04:04:58 | INFO     | Saving at a/skeb/erosnovel6397-002818.json
2026-09-14 04:04:59 | INFO     | OK https://skeb.jp/api/users/Tear_berr
2026-09-14 04:04:59 | INFO     | Saving at a/skeb/Tear_berr-bef698.json
2026-09-14 04:05:00 | INFO     | OK https://skeb.jp/api/users/ysui
2026-09-14 04:05:00 | INFO     | Saving at a/skeb/ysui-6c6ba0.json
2026-09-14 04:05:01 | INFO     | OK https://skeb.jp/api/users/sa9karis
2026-09-14 04:05:01 | INFO     | Saving at a/skeb/sa9karis-c32fdc.json
2026-09-14 04:05:02 | INFO     | OK https://skeb.jp/api/users/uUW1mwwXE057525
2026-09-14 04:05:02 | INFO     | Saving at a/skeb/uUW1mwwXE057525-9890f8.json
2026-09-14 04:05:03 | INFO     | OK https://skeb.jp/api/users/Yuki610205
2026-09-14 04:05:03 | INFO     | Saving at a/skeb/Yuki610205-02c970.json
2026-09-14 04:05:04 | INFO     | OK https://skeb.jp/api/users/maruyakidoumei
2026-09-14 04:05:04 | INFO     | Saving at a/skeb/maruyakidoumei-b5a189.json
2026-09-14 04:05:05 | INFO     | OK https://skeb.jp/api/users/nodobome
2026-09-14 04:05:05 | INFO     | Saving at a/skeb/nodobome-2b99fe.json
2026-09-14 04:05:06 | INFO     | OK https://skeb.jp/api/users/gaon_kun
2026-09-14 04:05:06 | INFO     | Saving at a/skeb/gaon_kun-2ee00d.json
2026-09-14 04:05:07 | INFO     | OK https://skeb.jp/api/users/a16850155
2026-09-14 04:05:07 | INFO     | Saving at a/skeb/a16850155-127ffa.json
2026-09-14 04:05:08 | INFO     | OK https://skeb.jp/api/users/oysi_mysi_
2026-09-14 04:05:08 | INFO     | Saving at a/skeb/oysi_mysi_-09117d.json
2026-09-14 04:05:09 | INFO     | OK https://skeb.jp/api/users/_inoxo55
2026-09-14 04:05:09 | INFO     | Saving at a/skeb/_inoxo55-075ba4.json
2026-09-14 04:05:10 | INFO     | OK https://skeb.jp/api/users/Mt_Tsuruta
2026-09-14 04:05:10 | INFO     | Saving at a/skeb/Mt_Tsuruta-916eac.json
2026-09-14 04:05:11 | INFO     | OK https://skeb.jp/api/users/clusrin_skebTEGAKI
2026-09-14 04:05:11 | INFO     | Saving at a/skeb/clusrin_skebTEGAKI-0090cb.json
2026-09-14 04:05:12 | INFO     | OK https://skeb.jp/api/users/otobe_kuro
2026-09-14 04:05:12 | INFO     | Saving at a/skeb/otobe_kuro-b259b0.json
2026-09-14 04:05:13 | INFO     | OK https://skeb.jp/api/users/Natukawasumi
2026-09-14 04:05:13 | INFO     | Saving at a/skeb/Natukawasumi-3b9be1.json
2026-09-14 04:05:14 | INFO     | OK https://skeb.jp/api/users/mfmftorisan
2026-09-14 04:05:14 | INFO     | Saving at a/skeb/mfmftorisan-e2df32.json
2026-09-14 04:05:15 | INFO     | OK https://skeb.jp/api/users/admii_428
2026-09-14 04:05:15 | INFO     | Saving at a/skeb/admii_428-dd965f.json
2026-09-14 04:05:16 | INFO     | OK https://skeb.jp/api/users/tenpop_pnk
2026-09-14 04:05:16 | INFO     | Saving at a/skeb/tenpop_pnk-5aca17.json
2026-09-14 04:05:17 | INFO     | OK https://skeb.jp/api/users/yurushite_2004
2026-09-14 04:05:17 | INFO     | Saving at a/skeb/yurushite_2004-2c2d39.json
2026-09-14 04:05:18 | INFO     | OK https://skeb.jp/api/users/Choko_ton
2026-09-14 04:05:18 | INFO     | Saving at a/skeb/Choko_ton-3d91f4.json
2026-09-14 04:05:19 | INFO     | OK https://skeb.jp/api/users/x_s2_UTxTU_s2_x
2026-09-14 04:05:19 | INFO     | Saving at a/skeb/x_s2_UTxTU_s2_x-b30347.json
2026-09-14 04:05:20 | INFO     | OK https://skeb.jp/api/users/haku_xxxx
2026-09-14 04:05:20 | INFO     | Saving at a/skeb/haku_xxxx-5b7c9c.json
2026-09-14 04:05:21 | INFO     | OK https://skeb.jp/api/users/nyaaagocreco
2026-09-14 04:05:21 | INFO     | Saving at a/skeb/nyaaagocreco-8832c1.json
2026-09-14 04:05:22 | INFO     | OK https://skeb.jp/api/users/Ina_mitsuki
2026-09-14 04:05:22 | INFO     | Saving at a/skeb/Ina_mitsuki-cc0f18.json
2026-09-14 04:05:23 | INFO     | OK https://skeb.jp/api/users/AKlHlYO
2026-09-14 04:05:23 | INFO     | Saving at a/skeb/AKlHlYO-6d71f9.json
2026-09-14 04:05:24 | INFO     | OK https://skeb.jp/api/users/0914yuuri_k
2026-09-14 04:05:24 | INFO     | Saving at a/skeb/0914yuuri_k-b54d77.json
2026-09-14 04:05:25 | INFO     | OK https://skeb.jp/api/users/rikako0229
2026-09-14 04:05:25 | INFO     | Saving at a/skeb/rikako0229-bb585c.json
2026-09-14 04:05:26 | INFO     | OK https://skeb.jp/api/users/denimchan
2026-09-14 04:05:26 | INFO     | Saving at a/skeb/denimchan-99d4df.json
2026-09-14 04:05:27 | INFO     | OK https://skeb.jp/api/users/rika_hoasi
2026-09-14 04:05:27 | INFO     | Saving at a/skeb/rika_hoasi-006b5b.json
2026-09-14 04:05:28 | INFO     | OK https://skeb.jp/api/users/atuudon
2026-09-14 04:05:28 | INFO     | Saving at a/skeb/atuudon-07f26c.json
2026-09-14 04:05:29 | INFO     | OK https://skeb.jp/api/users/eikokumen
2026-09-14 04:05:29 | INFO     | Saving at a/skeb/eikokumen-761809.json
2026-09-14 04:05:30 | INFO     | OK https://skeb.jp/api/users/0nanaten
2026-09-14 04:05:30 | INFO     | Saving at a/skeb/0nanaten-7cbb6a.json
2026-09-14 04:05:31 | INFO     | OK https://skeb.jp/api/users/Otamusan
2026-09-14 04:05:31 | INFO     | Saving at a/skeb/Otamusan-086924.json
2026-09-14 04:05:32 | INFO     | OK https://skeb.jp/api/users/Imomochi_Baabaa
2026-09-14 04:05:32 | INFO     | Saving at a/skeb/Imomochi_Baabaa-1520fc.json
2026-09-14 04:05:33 | INFO     | OK https://skeb.jp/api/users/ElegomosuX
2026-09-14 04:05:33 | INFO     | Saving at a/skeb/ElegomosuX-e968d7.json
2026-09-14 04:05:34 | INFO     | OK https://skeb.jp/api/users/Taro05707177
2026-09-14 04:05:34 | INFO     | Saving at a/skeb/Taro05707177-310328.json
2026-09-14 04:05:35 | INFO     | OK https://skeb.jp/api/users/futeikeiyariri
2026-09-14 04:05:35 | INFO     | Saving at a/skeb/futeikeiyariri-67b0d1.json
2026-09-14 04:05:36 | INFO     | OK https://skeb.jp/api/users/HIYOKO_Dancing
2026-09-14 04:05:36 | INFO     | Saving at a/skeb/HIYOKO_Dancing-b9423e.json
2026-09-14 04:05:37 | INFO     | OK https://skeb.jp/api/users/310meruru
2026-09-14 04:05:37 | INFO     | Saving at a/skeb/310meruru-cdc1a9.json
2026-09-14 04:05:38 | INFO     | OK https://skeb.jp/api/users/M__replica
2026-09-14 04:05:38 | INFO     | Saving at a/skeb/M__replica-108956.json
2026-09-14 04:05:39 | INFO     | OK https://skeb.jp/api/users/atelier_seep
2026-09-14 04:05:39 | INFO     | Saving at a/skeb/atelier_seep-fa155d.json
2026-09-14 04:05:40 | WARNING  | 404 on https://skeb.jp/api/users/rinneee14 (attempt 1/3)
2026-09-14 04:05:41 | INFO     | OK https://skeb.jp/api/users/Oneko82Jin
2026-09-14 04:05:41 | INFO     | Saving at a/skeb/Oneko82Jin-7ee212.json
2026-09-14 04:05:42 | INFO     | OK https://skeb.jp/api/users/cott_o_
2026-09-14 04:05:42 | INFO     | Saving at a/skeb/cott_o_-d9c23b.json
2026-09-14 04:05:43 | WARNING  | 404 on https://skeb.jp/api/users/rinneee14 (attempt 2/3)
2026-09-14 04:05:44 | INFO     | OK https://skeb.jp/api/users/poyapoya00
2026-09-14 04:05:44 | INFO     | Saving at a/skeb/poyapoya00-88b922.json
2026-09-14 04:05:45 | INFO     | OK https://skeb.jp/api/users/magumagu840
2026-09-14 04:05:45 | INFO     | Saving at a/skeb/magumagu840-65108a.json
2026-09-14 04:05:46 | INFO     | OK https://skeb.jp/api/users/ryaoprn
2026-09-14 04:05:46 | INFO     | Saving at a/skeb/ryaoprn-5c7697.json
2026-09-14 04:05:47 | INFO     | OK https://skeb.jp/api/users/rennrenn214
2026-09-14 04:05:47 | INFO     | Saving at a/skeb/rennrenn214-54a274.json
2026-09-14 04:05:48 | INFO     | OK https://skeb.jp/api/users/Indigo_Blue_anp
2026-09-14 04:05:48 | INFO     | Saving at a/skeb/Indigo_Blue_anp-702fb2.json
2026-09-14 04:05:49 | INFO     | OK https://skeb.jp/api/users/sa_ssszcoc
2026-09-14 04:05:49 | INFO     | Saving at a/skeb/sa_ssszcoc-7d15ca.json
2026-09-14 04:05:50 | INFO     | OK https://skeb.jp/api/users/h_n_k_u
2026-09-14 04:05:50 | INFO     | Saving at a/skeb/h_n_k_u-4e35ca.json
2026-09-14 04:05:51 | INFO     | OK https://skeb.jp/api/users/nitumaruta_2
2026-09-14 04:05:51 | INFO     | Saving at a/skeb/nitumaruta_2-e44458.json
2026-09-14 04:05:52 | INFO     | OK https://skeb.jp/api/users/mai_kamishiro
2026-09-14 04:05:52 | INFO     | Saving at a/skeb/mai_kamishiro-35cc10.json
2026-09-14 04:05:53 | INFO     | OK https://skeb.jp/api/users/squidboy0125
2026-09-14 04:05:53 | INFO     | Saving at a/skeb/squidboy0125-ccd154.json
2026-09-14 04:05:54 | INFO     | OK https://skeb.jp/api/users/kona_2_art
2026-09-14 04:05:54 | INFO     | Saving at a/skeb/kona_2_art-8f2866.json
2026-09-14 04:05:55 | INFO     | OK https://skeb.jp/api/users/ja_s_ko_
2026-09-14 04:05:55 | INFO     | Saving at a/skeb/ja_s_ko_-8b37e8.json
2026-09-14 04:05:56 | INFO     | OK https://skeb.jp/api/users/suzuki32893279
2026-09-14 04:05:56 | INFO     | Saving at a/skeb/suzuki32893279-a59937.json
2026-09-14 04:05:57 | INFO     | OK https://skeb.jp/api/users/aovB11BdWuPOOP5
2026-09-14 04:05:57 | INFO     | Saving at a/skeb/aovB11BdWuPOOP5-e4631a.json
2026-09-14 04:05:58 | INFO     | OK https://skeb.jp/api/users/kunobosi
2026-09-14 04:05:58 | INFO     | Saving at a/skeb/kunobosi-c1631f.json
2026-09-14 04:05:59 | INFO     | OK https://skeb.jp/api/users/Meun
2026-09-14 04:05:59 | INFO     | Saving at a/skeb/Meun-f477aa.json
2026-09-14 04:06:00 | INFO     | OK https://skeb.jp/api/users/kurisyeru
2026-09-14 04:06:00 | INFO     | Saving at a/skeb/kurisyeru-6f17ba.json
2026-09-14 04:06:01 | INFO     | OK https://skeb.jp/api/users/kageniwa
2026-09-14 04:06:01 | INFO     | Saving at a/skeb/kageniwa-35510f.json
2026-09-14 04:06:02 | INFO     | OK https://skeb.jp/api/users/mizutamagoo
2026-09-14 04:06:02 | INFO     | Saving at a/skeb/mizutamagoo-0ef0c2.json
2026-09-14 04:06:03 | INFO     | OK https://skeb.jp/api/users/mopumopu107
2026-09-14 04:06:03 | INFO     | Saving at a/skeb/mopumopu107-a0887d.json
2026-09-14 04:06:04 | INFO     | OK https://skeb.jp/api/users/cacaorin_choco
2026-09-14 04:06:04 | INFO     | Saving at a/skeb/cacaorin_choco-94bd63.json
2026-09-14 04:06:05 | INFO     | OK https://skeb.jp/api/users/Tako_ya2
2026-09-14 04:06:05 | INFO     | Saving at a/skeb/Tako_ya2-e4c89d.json
2026-09-14 04:06:06 | INFO     | OK https://skeb.jp/api/users/99cafe
2026-09-14 04:06:06 | INFO     | Saving at a/skeb/99cafe-e485af.json
2026-09-14 04:06:07 | INFO     | OK https://skeb.jp/api/users/amamakiittensai
2026-09-14 04:06:07 | INFO     | Saving at a/skeb/amamakiittensai-42518a.json
2026-09-14 04:06:08 | INFO     | OK https://skeb.jp/api/users/wokozyo
2026-09-14 04:06:08 | INFO     | Saving at a/skeb/wokozyo-9a2cf5.json
2026-09-14 04:06:09 | WARNING  | 404 on https://skeb.jp/api/users/rinneee14 (attempt 3/3)
2026-09-14 04:06:10 | INFO     | OK https://skeb.jp/api/users/Tzpc1R
2026-09-14 04:06:10 | INFO     | Saving at a/skeb/Tzpc1R-c12c16.json
2026-09-14 04:06:11 | INFO     | OK https://skeb.jp/api/users/tyabastr
2026-09-14 04:06:11 | INFO     | Saving at a/skeb/tyabastr-b6a41d.json
2026-09-14 04:06:12 | INFO     | OK https://skeb.jp/api/users/DAIWA_uhoV
2026-09-14 04:06:12 | INFO     | Saving at a/skeb/DAIWA_uhoV-2816ee.json
2026-09-14 04:06:13 | INFO     | OK https://skeb.jp/api/users/HIRANO_MASATOSH
2026-09-14 04:06:13 | INFO     | Saving at a/skeb/HIRANO_MASATOSH-65e2fe.json
2026-09-14 04:06:14 | INFO     | OK https://skeb.jp/api/users/Ttk__166
2026-09-14 04:06:14 | INFO     | Saving at a/skeb/Ttk__166-68956c.json
2026-09-14 04:06:15 | INFO     | OK https://skeb.jp/api/users/YoOAJuD0WNnGr6w
2026-09-14 04:06:15 | INFO     | Saving at a/skeb/YoOAJuD0WNnGr6w-baebe3.json
2026-09-14 04:06:16 | INFO     | OK https://skeb.jp/api/users/maririnsoleil
2026-09-14 04:06:16 | INFO     | Saving at a/skeb/maririnsoleil-10f008.json
2026-09-14 04:06:17 | INFO     | OK https://skeb.jp/api/users/unitaro_akuma
2026-09-14 04:06:17 | INFO     | Saving at a/skeb/unitaro_akuma-d16a9b.json
2026-09-14 04:06:18 | INFO     | OK https://skeb.jp/api/users/karuras_room
2026-09-14 04:06:18 | INFO     | Saving at a/skeb/karuras_room-76a006.json
2026-09-14 04:06:19 | INFO     | OK https://skeb.jp/api/users/korondekoron26
2026-09-14 04:06:19 | INFO     | Saving at a/skeb/korondekoron26-139287.json
2026-09-14 04:06:20 | INFO     | OK https://skeb.jp/api/users/Z47458030
2026-09-14 04:06:20 | INFO     | Saving at a/skeb/Z47458030-ea9413.json
2026-09-14 04:06:21 | INFO     | OK https://skeb.jp/api/users/nimoo_art
2026-09-14 04:06:21 | INFO     | Saving at a/skeb/nimoo_art-85355e.json
2026-09-14 04:06:22 | INFO     | OK https://skeb.jp/api/users/Eeveryster
2026-09-14 04:06:22 | INFO     | Saving at a/skeb/Eeveryster-3fcef2.json
2026-09-14 04:06:23 | INFO     | OK https://skeb.jp/api/users/shacho2
2026-09-14 04:06:23 | INFO     | Saving at a/skeb/shacho2-b5fcc0.json
2026-09-14 04:06:24 | INFO     | OK https://skeb.jp/api/users/y15zw
2026-09-14 04:06:24 | INFO     | Saving at a/skeb/y15zw-8c8dfc.json
2026-09-14 04:06:25 | INFO     | OK https://skeb.jp/api/users/nanomenon_
2026-09-14 04:06:25 | INFO     | Saving at a/skeb/nanomenon_-63aa7c.json
2026-09-14 04:06:26 | INFO     | OK https://skeb.jp/api/users/siDo_262
2026-09-14 04:06:26 | INFO     | Saving at a/skeb/siDo_262-80524c.json
2026-09-14 04:06:27 | INFO     | OK https://skeb.jp/api/users/niko_hachiya
2026-09-14 04:06:27 | INFO     | Saving at a/skeb/niko_hachiya-ae871e.json
2026-09-14 04:06:28 | INFO     | OK https://skeb.jp/api/users/SUBJ_4040
2026-09-14 04:06:28 | INFO     | Saving at a/skeb/SUBJ_4040-398eec.json
2026-09-14 04:06:29 | INFO     | OK https://skeb.jp/api/users/simoooji
2026-09-14 04:06:29 | INFO     | Saving at a/skeb/simoooji-56c74c.json
2026-09-14 04:06:30 | INFO     | OK https://skeb.jp/api/users/yadamonsama
2026-09-14 04:06:30 | INFO     | Saving at a/skeb/yadamonsama-75a9f6.json
2026-09-14 04:06:31 | INFO     | OK https://skeb.jp/api/users/koritoriko_
2026-09-14 04:06:31 | INFO     | Saving at a/skeb/koritoriko_-1d4a70.json
2026-09-14 04:06:32 | INFO     | OK https://skeb.jp/api/users/quLo_96_atelier
2026-09-14 04:06:32 | INFO     | Saving at a/skeb/quLo_96_atelier-e735b8.json
2026-09-14 04:06:33 | INFO     | OK https://skeb.jp/api/users/matsukawa_tinu
2026-09-14 04:06:33 | INFO     | Saving at a/skeb/matsukawa_tinu-805ff1.json
2026-09-14 04:06:34 | INFO     | OK https://skeb.jp/api/users/togu04ra1825yui
2026-09-14 04:06:34 | INFO     | Saving at a/skeb/togu04ra1825yui-844b13.json
2026-09-14 04:06:35 | INFO     | OK https://skeb.jp/api/users/kuroi_kuro_neko
2026-09-14 04:06:35 | INFO     | Saving at a/skeb/kuroi_kuro_neko-49773f.json
2026-09-14 04:06:36 | INFO     | OK https://skeb.jp/api/users/iromishiro
2026-09-14 04:06:36 | INFO     | Saving at a/skeb/iromishiro-7380c2.json
2026-09-14 04:06:37 | INFO     | OK https://skeb.jp/api/users/mirupomo
2026-09-14 04:06:37 | INFO     | Saving at a/skeb/mirupomo-7151ee.json
2026-09-14 04:06:38 | INFO     | OK https://skeb.jp/api/users/nanami_marron
2026-09-14 04:06:38 | INFO     | Saving at a/skeb/nanami_marron-cedcf3.json
2026-09-14 04:06:39 | INFO     | OK https://skeb.jp/api/users/mol404_vrc
2026-09-14 04:06:39 | INFO     | Saving at a/skeb/mol404_vrc-244d3a.json
2026-09-14 04:06:40 | INFO     | OK https://skeb.jp/api/users/taditadi
2026-09-14 04:06:40 | INFO     | Saving at a/skeb/taditadi-21848d.json
2026-09-14 04:06:41 | INFO     | OK https://skeb.jp/api/users/YamiotiKong
2026-09-14 04:06:41 | INFO     | Saving at a/skeb/YamiotiKong-fe8844.json
2026-09-14 04:06:42 | INFO     | OK https://skeb.jp/api/users/ukyo_rst
2026-09-14 04:06:42 | INFO     | Saving at a/skeb/ukyo_rst-fcd8cf.json
2026-09-14 04:06:43 | INFO     | OK https://skeb.jp/api/users/npoin
2026-09-14 04:06:43 | INFO     | Saving at a/skeb/npoin-bbc212.json
2026-09-14 04:06:44 | INFO     | OK https://skeb.jp/api/users/barisinkari
2026-09-14 04:06:44 | INFO     | Saving at a/skeb/barisinkari-c9e796.json
2026-09-14 04:06:45 | INFO     | OK https://skeb.jp/api/users/rasin_TK
2026-09-14 04:06:45 | INFO     | Saving at a/skeb/rasin_TK-e6a954.json
2026-09-14 04:06:46 | INFO     | OK https://skeb.jp/api/users/TeteleTele
2026-09-14 04:06:46 | INFO     | Saving at a/skeb/TeteleTele-7774dd.json
2026-09-14 04:06:47 | WARNING  | 404 on https://skeb.jp/api/users/lamiazean9682 (attempt 1/3)
2026-09-14 04:06:48 | INFO     | OK https://skeb.jp/api/users/Mashi6Taka
2026-09-14 04:06:48 | INFO     | Saving at a/skeb/Mashi6Taka-a4f63e.json
2026-09-14 04:06:49 | INFO     | OK https://skeb.jp/api/users/masahiro5562
2026-09-14 04:06:49 | INFO     | Saving at a/skeb/masahiro5562-24bd26.json
2026-09-14 04:06:50 | INFO     | OK https://skeb.jp/api/users/neginekomiso
2026-09-14 04:06:50 | INFO     | Saving at a/skeb/neginekomiso-7fe63a.json
2026-09-14 04:06:51 | INFO     | OK https://skeb.jp/api/users/ikkyu019
2026-09-14 04:06:51 | INFO     | Saving at a/skeb/ikkyu019-193239.json
2026-09-14 04:06:52 | INFO     | OK https://skeb.jp/api/users/______OvOo
2026-09-14 04:06:52 | INFO     | Saving at a/skeb/______OvOo-7acc13.json
2026-09-14 04:06:53 | INFO     | OK https://skeb.jp/api/users/mwtm_s
2026-09-14 04:06:53 | INFO     | Saving at a/skeb/mwtm_s-e43ad3.json
2026-09-14 04:06:54 | INFO     | OK https://skeb.jp/api/users/piro_anemoia
2026-09-14 04:06:54 | INFO     | Saving at a/skeb/piro_anemoia-7799ec.json
2026-09-14 04:06:55 | INFO     | OK https://skeb.jp/api/users/nantekottai25
2026-09-14 04:06:55 | INFO     | Saving at a/skeb/nantekottai25-526917.json
2026-09-14 04:06:56 | WARNING  | 404 on https://skeb.jp/api/users/aki8169 (attempt 1/3)
2026-09-14 04:06:57 | INFO     | OK https://skeb.jp/api/users/lightgamein
2026-09-14 04:06:57 | INFO     | Saving at a/skeb/lightgamein-06a743.json
2026-09-14 04:06:58 | INFO     | OK https://skeb.jp/api/users/10purau10n
2026-09-14 04:06:58 | INFO     | Saving at a/skeb/10purau10n-f702f9.json
2026-09-14 04:06:59 | WARNING  | 404 on https://skeb.jp/api/users/lamiazean9682 (attempt 2/3)
2026-09-14 04:07:00 | INFO     | OK https://skeb.jp/api/users/omaru_poke
2026-09-14 04:07:00 | INFO     | Saving at a/skeb/omaru_poke-10600d.json
2026-09-14 04:07:01 | INFO     | OK https://skeb.jp/api/users/hika_mn
2026-09-14 04:07:01 | INFO     | Saving at a/skeb/hika_mn-4836ec.json
2026-09-14 04:07:02 | INFO     | OK https://skeb.jp/api/users/p4ch1m
2026-09-14 04:07:02 | INFO     | Saving at a/skeb/p4ch1m-0a9a11.json
2026-09-14 04:07:03 | INFO     | OK https://skeb.jp/api/users/pikuson
2026-09-14 04:07:03 | INFO     | Saving at a/skeb/pikuson-751192.json
2026-09-14 04:07:04 | INFO     | OK https://skeb.jp/api/users/32XCzNiRlY
2026-09-14 04:07:04 | INFO     | Saving at a/skeb/32XCzNiRlY-8a3251.json
2026-09-14 04:07:05 | WARNING  | 404 on https://skeb.jp/api/users/hiai (attempt 1/3)
2026-09-14 04:07:06 | WARNING  | 404 on https://skeb.jp/api/users/lamiazean9682 (attempt 3/3)
2026-09-14 04:07:07 | INFO     | OK https://skeb.jp/api/users/karutakomori01
2026-09-14 04:07:07 | INFO     | Saving at a/skeb/karutakomori01-d508d3.json
2026-09-14 04:07:08 | INFO     | OK https://skeb.jp/api/users/go_go_Dungo
2026-09-14 04:07:08 | INFO     | Saving at a/skeb/go_go_Dungo-a9e106.json
2026-09-14 04:07:09 | WARNING  | 404 on https://skeb.jp/api/users/hiai (attempt 2/3)
2026-09-14 04:07:10 | INFO     | OK https://skeb.jp/api/users/TamamokakeC
2026-09-14 04:07:10 | INFO     | Saving at a/skeb/TamamokakeC-1718a4.json
2026-09-14 04:07:11 | INFO     | OK https://skeb.jp/api/users/magicalflight
2026-09-14 04:07:11 | INFO     | Saving at a/skeb/magicalflight-0900c9.json
2026-09-14 04:07:12 | INFO     | OK https://skeb.jp/api/users/yurunezi
2026-09-14 04:07:12 | INFO     | Saving at a/skeb/yurunezi-5d54ab.json
2026-09-14 04:07:13 | INFO     | OK https://skeb.jp/api/users/tokitamonta
2026-09-14 04:07:13 | INFO     | Saving at a/skeb/tokitamonta-4515fb.json
2026-09-14 04:07:14 | INFO     | OK https://skeb.jp/api/users/MoMoMo_0629
2026-09-14 04:07:14 | INFO     | Saving at a/skeb/MoMoMo_0629-320cc1.json
2026-09-14 04:07:15 | INFO     | OK https://skeb.jp/api/users/Hanami_haru330
2026-09-14 04:07:15 | INFO     | Saving at a/skeb/Hanami_haru330-8ce000.json
2026-09-14 04:07:16 | INFO     | OK https://skeb.jp/api/users/gamed_7_8000
2026-09-14 04:07:16 | INFO     | Saving at a/skeb/gamed_7_8000-811e79.json
2026-09-14 04:07:17 | WARNING  | 404 on https://skeb.jp/api/users/hiai (attempt 3/3)
2026-09-14 04:07:18 | INFO     | OK https://skeb.jp/api/users/MASTER_OF_SHISY
2026-09-14 04:07:18 | INFO     | Saving at a/skeb/MASTER_OF_SHISY-baa22c.json
2026-09-14 04:07:19 | INFO     | OK https://skeb.jp/api/users/UTIDE_UTIDE
2026-09-14 04:07:19 | INFO     | Saving at a/skeb/UTIDE_UTIDE-62c5d8.json
2026-09-14 04:07:20 | INFO     | OK https://skeb.jp/api/users/Frks_s2
2026-09-14 04:07:20 | INFO     | Saving at a/skeb/Frks_s2-108320.json
2026-09-14 04:07:21 | INFO     | OK https://skeb.jp/api/users/0yasumiyy
2026-09-14 04:07:21 | INFO     | Saving at a/skeb/0yasumiyy-464c8e.json
2026-09-14 04:07:22 | INFO     | OK https://skeb.jp/api/users/yuki_tama1231
2026-09-14 04:07:22 | INFO     | Saving at a/skeb/yuki_tama1231-e6f514.json
2026-09-14 04:07:23 | INFO     | OK https://skeb.jp/api/users/2yu93salt
2026-09-14 04:07:23 | INFO     | Saving at a/skeb/2yu93salt-505a3b.json
2026-09-14 04:07:24 | INFO     | OK https://skeb.jp/api/users/missa_msk
2026-09-14 04:07:24 | INFO     | Saving at a/skeb/missa_msk-6819c0.json
2026-09-14 04:07:25 | INFO     | OK https://skeb.jp/api/users/serusiwasu
2026-09-14 04:07:25 | INFO     | Saving at a/skeb/serusiwasu-ef20e6.json
2026-09-14 04:07:26 | INFO     | OK https://skeb.jp/api/users/Tsuri_pi
2026-09-14 04:07:26 | INFO     | Saving at a/skeb/Tsuri_pi-faae25.json
2026-09-14 04:07:27 | INFO     | OK https://skeb.jp/api/users/maye_rxx
2026-09-14 04:07:27 | INFO     | Saving at a/skeb/maye_rxx-d84a3e.json
2026-09-14 04:07:28 | INFO     | OK https://skeb.jp/api/users/kaz_shamrock
2026-09-14 04:07:28 | INFO     | Saving at a/skeb/kaz_shamrock-822eac.json
2026-09-14 04:07:29 | INFO     | OK https://skeb.jp/api/users/amuka_sun
2026-09-14 04:07:29 | INFO     | Saving at a/skeb/amuka_sun-d98424.json
2026-09-14 04:07:30 | INFO     | OK https://skeb.jp/api/users/HakkiyaGo
2026-09-14 04:07:30 | INFO     | Saving at a/skeb/HakkiyaGo-08fac0.json
2026-09-14 04:07:31 | INFO     | OK https://skeb.jp/api/users/SiroruriHisui
2026-09-14 04:07:31 | INFO     | Saving at a/skeb/SiroruriHisui-7e5ada.json
2026-09-14 04:07:32 | WARNING  | 404 on https://skeb.jp/api/users/zeze_0819 (attempt 1/3)
2026-09-14 04:07:33 | INFO     | OK https://skeb.jp/api/users/04_Ise_noTani01
2026-09-14 04:07:33 | INFO     | Saving at a/skeb/04_Ise_noTani01-7b7e9c.json
2026-09-14 04:07:34 | INFO     | OK https://skeb.jp/api/users/ikasyuumai
2026-09-14 04:07:34 | INFO     | Saving at a/skeb/ikasyuumai-7955dd.json
2026-09-14 04:07:35 | INFO     | OK https://skeb.jp/api/users/funatsukitomari
2026-09-14 04:07:35 | INFO     | Saving at a/skeb/funatsukitomari-808728.json
2026-09-14 04:07:36 | WARNING  | 404 on https://skeb.jp/api/users/ssohsnstar (attempt 1/3)
2026-09-14 04:07:37 | INFO     | OK https://skeb.jp/api/users/hidamari9
2026-09-14 04:07:37 | INFO     | Saving at a/skeb/hidamari9-ba1585.json
2026-09-14 04:07:38 | WARNING  | 404 on https://skeb.jp/api/users/zeze_0819 (attempt 2/3)
2026-09-14 04:07:39 | INFO     | OK https://skeb.jp/api/users/bg_miso
2026-09-14 04:07:39 | INFO     | Saving at a/skeb/bg_miso-29862b.json
2026-09-14 04:07:40 | INFO     | OK https://skeb.jp/api/users/kageiratwintail
2026-09-14 04:07:40 | INFO     | Saving at a/skeb/kageiratwintail-0d234e.json
2026-09-14 04:07:41 | INFO     | OK https://skeb.jp/api/users/ikemaziro
2026-09-14 04:07:41 | INFO     | Saving at a/skeb/ikemaziro-a0cf8a.json
2026-09-14 04:07:42 | INFO     | OK https://skeb.jp/api/users/lambchops0223
2026-09-14 04:07:42 | INFO     | Saving at a/skeb/lambchops0223-18a170.json
2026-09-14 04:07:43 | INFO     | OK https://skeb.jp/api/users/PonshuisLIFE
2026-09-14 04:07:43 | INFO     | Saving at a/skeb/PonshuisLIFE-82585d.json
2026-09-14 04:07:44 | INFO     | OK https://skeb.jp/api/users/___uo_
2026-09-14 04:07:44 | INFO     | Saving at a/skeb/___uo_-45d879.json
2026-09-14 04:07:45 | WARNING  | 404 on https://skeb.jp/api/users/ssohsnstar (attempt 2/3)
2026-09-14 04:07:46 | WARNING  | 404 on https://skeb.jp/api/users/zeze_0819 (attempt 3/3)
2026-09-14 04:07:47 | INFO     | OK https://skeb.jp/api/users/chisa_art02
2026-09-14 04:07:47 | INFO     | Saving at a/skeb/chisa_art02-a5cd67.json
2026-09-14 04:07:48 | INFO     | OK https://skeb.jp/api/users/As_a_gai
2026-09-14 04:07:48 | INFO     | Saving at a/skeb/As_a_gai-7bf024.json
2026-09-14 04:07:49 | INFO     | OK https://skeb.jp/api/users/nanatumakura
2026-09-14 04:07:49 | INFO     | Saving at a/skeb/nanatumakura-a3f33f.json
2026-09-14 04:07:50 | WARNING  | 404 on https://skeb.jp/api/users/ssohsnstar (attempt 3/3)
2026-09-14 04:07:51 | INFO     | OK https://skeb.jp/api/users/kaba_kaitai
2026-09-14 04:07:51 | INFO     | Saving at a/skeb/kaba_kaitai-05fb50.json
2026-09-14 04:07:52 | WARNING  | 404 on https://skeb.jp/api/users/reyna (attempt 1/3)
2026-09-14 04:07:53 | INFO     | OK https://skeb.jp/api/users/mikecatmike
2026-09-14 04:07:53 | INFO     | Saving at a/skeb/mikecatmike-ff1035.json
2026-09-14 04:07:54 | INFO     | OK https://skeb.jp/api/users/mariheeiho
2026-09-14 04:07:54 | INFO     | Saving at a/skeb/mariheeiho-311310.json
2026-09-14 04:07:55 | WARNING  | 404 on https://skeb.jp/api/users/aki8169 (attempt 2/3)
2026-09-14 04:07:56 | WARNING  | 404 on https://skeb.jp/api/users/reyna (attempt 2/3)
2026-09-14 04:07:57 | INFO     | OK https://skeb.jp/api/users/yyi_iki_
2026-09-14 04:07:57 | INFO     | Saving at a/skeb/yyi_iki_-9494f1.json
2026-09-14 04:07:58 | INFO     | OK https://skeb.jp/api/users/JUU_ZOO
2026-09-14 04:07:58 | INFO     | Saving at a/skeb/JUU_ZOO-1ea64d.json
2026-09-14 04:07:59 | INFO     | OK https://skeb.jp/api/users/amatukimahoro
2026-09-14 04:07:59 | INFO     | Saving at a/skeb/amatukimahoro-e92e4c.json
2026-09-14 04:08:00 | INFO     | OK https://skeb.jp/api/users/4si_isoga
2026-09-14 04:08:00 | INFO     | Saving at a/skeb/4si_isoga-191ecd.json
2026-09-14 04:08:01 | INFO     | OK https://skeb.jp/api/users/slnx_01
2026-09-14 04:08:01 | INFO     | Saving at a/skeb/slnx_01-75fb9d.json
2026-09-14 04:08:02 | INFO     | OK https://skeb.jp/api/users/nagori_7575
2026-09-14 04:08:02 | INFO     | Saving at a/skeb/nagori_7575-5ac967.json
2026-09-14 04:08:03 | WARNING  | 404 on https://skeb.jp/api/users/reyna (attempt 3/3)
2026-09-14 04:08:04 | WARNING  | 404 on https://skeb.jp/api/users/aki8169 (attempt 3/3)
2026-09-14 04:08:05 | INFO     | OK https://skeb.jp/api/users/Rayka
2026-09-14 04:08:05 | INFO     | Saving at a/skeb/Rayka-28cbc7.json
2026-09-14 04:08:06 | INFO     | OK https://skeb.jp/api/users/Ren0803uma
2026-09-14 04:08:06 | INFO     | Saving at a/skeb/Ren0803uma-76b81e.json
2026-09-14 04:08:07 | INFO     | OK https://skeb.jp/api/users/_NEOGORILLA
2026-09-14 04:08:07 | INFO     | Saving at a/skeb/_NEOGORILLA-363cf2.json
2026-09-14 04:08:08 | INFO     | OK https://skeb.jp/api/users/kui_sinaji
2026-09-14 04:08:08 | INFO     | Saving at a/skeb/kui_sinaji-050936.json
2026-09-14 04:08:09 | INFO     | OK https://skeb.jp/api/users/Lucinaxxx_
2026-09-14 04:08:09 | INFO     | Saving at a/skeb/Lucinaxxx_-1a89c1.json
2026-09-14 04:08:10 | INFO     | OK https://skeb.jp/api/users/tamago_ikihaji
2026-09-14 04:08:10 | INFO     | Saving at a/skeb/tamago_ikihaji-315c1a.json
2026-09-14 04:08:11 | INFO     | OK https://skeb.jp/api/users/shachiku_oekaki
2026-09-14 04:08:11 | INFO     | Saving at a/skeb/shachiku_oekaki-7df3e1.json
2026-09-14 04:08:12 | INFO     | OK https://skeb.jp/api/users/mmmow__
2026-09-14 04:08:12 | INFO     | Saving at a/skeb/mmmow__-40b2ed.json
2026-09-14 04:08:13 | INFO     | OK https://skeb.jp/api/users/Koruokunn
2026-09-14 04:08:13 | INFO     | Saving at a/skeb/Koruokunn-659e62.json
2026-09-14 04:08:14 | INFO     | OK https://skeb.jp/api/users/CeVmgqoy60302
2026-09-14 04:08:14 | INFO     | Saving at a/skeb/CeVmgqoy60302-a3e59b.json
2026-09-14 04:08:15 | INFO     | OK https://skeb.jp/api/users/sudati_cat
2026-09-14 04:08:15 | INFO     | Saving at a/skeb/sudati_cat-b0022e.json
2026-09-14 04:08:16 | INFO     | OK https://skeb.jp/api/users/06153NOHI
2026-09-14 04:08:16 | INFO     | Saving at a/skeb/06153NOHI-2f579a.json
2026-09-14 04:08:17 | INFO     | OK https://skeb.jp/api/users/_6752292539921
2026-09-14 04:08:17 | INFO     | Saving at a/skeb/_6752292539921-5f5e07.json
2026-09-14 04:08:18 | INFO     | OK https://skeb.jp/api/users/rr5kva
2026-09-14 04:08:18 | INFO     | Saving at a/skeb/rr5kva-f85500.json
2026-09-14 04:08:19 | INFO     | OK https://skeb.jp/api/users/kisa_murasame
2026-09-14 04:08:19 | INFO     | Saving at a/skeb/kisa_murasame-fbd99d.json
2026-09-14 04:08:20 | INFO     | OK https://skeb.jp/api/users/wcFTuBSzbj49655
2026-09-14 04:08:20 | INFO     | Saving at a/skeb/wcFTuBSzbj49655-d9aeda.json
2026-09-14 04:08:21 | WARNING  | 404 on https://skeb.jp/api/users/nekoggo (attempt 1/3)
2026-09-14 04:08:22 | INFO     | OK https://skeb.jp/api/users/_matsuda98_
2026-09-14 04:08:22 | INFO     | Saving at a/skeb/_matsuda98_-9048b7.json
2026-09-14 04:08:23 | INFO     | OK https://skeb.jp/api/users/miduki_benishim
2026-09-14 04:08:23 | INFO     | Saving at a/skeb/miduki_benishim-32b9bd.json
2026-09-14 04:08:24 | INFO     | OK https://skeb.jp/api/users/yachima_0107
2026-09-14 04:08:24 | INFO     | Saving at a/skeb/yachima_0107-8d12fc.json
2026-09-14 04:08:25 | INFO     | OK https://skeb.jp/api/users/tototorita14
2026-09-14 04:08:25 | INFO     | Saving at a/skeb/tototorita14-e14c6a.json
2026-09-14 04:08:26 | INFO     | OK https://skeb.jp/api/users/mzknk0
2026-09-14 04:08:26 | INFO     | Saving at a/skeb/mzknk0-b33224.json
2026-09-14 04:08:27 | INFO     | OK https://skeb.jp/api/users/reia_hana
2026-09-14 04:08:27 | INFO     | Saving at a/skeb/reia_hana-8bb6a8.json
2026-09-14 04:08:28 | INFO     | OK https://skeb.jp/api/users/SERAUQS
2026-09-14 04:08:28 | INFO     | Saving at a/skeb/SERAUQS-88fff3.json
2026-09-14 04:08:29 | INFO     | OK https://skeb.jp/api/users/fried_rice0614
2026-09-14 04:08:29 | INFO     | Saving at a/skeb/fried_rice0614-e85a05.json
2026-09-14 04:08:30 | INFO     | OK https://skeb.jp/api/users/hakka_492
2026-09-14 04:08:30 | INFO     | Saving at a/skeb/hakka_492-806d78.json
2026-09-14 04:08:31 | INFO     | OK https://skeb.jp/api/users/karintofem
2026-09-14 04:08:31 | INFO     | Saving at a/skeb/karintofem-b3c0cb.json
2026-09-14 04:08:32 | INFO     | OK https://skeb.jp/api/users/45hiz
2026-09-14 04:08:32 | INFO     | Saving at a/skeb/45hiz-9c9e7a.json
2026-09-14 04:08:33 | INFO     | OK https://skeb.jp/api/users/rimekooo
2026-09-14 04:08:33 | INFO     | Saving at a/skeb/rimekooo-c91a27.json
2026-09-14 04:08:34 | INFO     | OK https://skeb.jp/api/users/soragaogao
2026-09-14 04:08:34 | INFO     | Saving at a/skeb/soragaogao-c2d682.json
2026-09-14 04:08:35 | INFO     | OK https://skeb.jp/api/users/ivu_0315ain
2026-09-14 04:08:35 | INFO     | Saving at a/skeb/ivu_0315ain-8dae63.json
2026-09-14 04:08:36 | INFO     | OK https://skeb.jp/api/users/fukumaru1021
2026-09-14 04:08:36 | INFO     | Saving at a/skeb/fukumaru1021-07eeea.json
2026-09-14 04:08:37 | INFO     | OK https://skeb.jp/api/users/7rp1016
2026-09-14 04:08:37 | INFO     | Saving at a/skeb/7rp1016-944583.json
2026-09-14 04:08:38 | INFO     | OK https://skeb.jp/api/users/inori_mizuki
2026-09-14 04:08:38 | INFO     | Saving at a/skeb/inori_mizuki-485cfb.json
2026-09-14 04:08:39 | INFO     | OK https://skeb.jp/api/users/kuru_ruGRX100
2026-09-14 04:08:39 | INFO     | Saving at a/skeb/kuru_ruGRX100-bdb40f.json
2026-09-14 04:08:40 | INFO     | OK https://skeb.jp/api/users/hinahayase02
2026-09-14 04:08:40 | INFO     | Saving at a/skeb/hinahayase02-0f59ef.json
2026-09-14 04:08:41 | INFO     | OK https://skeb.jp/api/users/GHEE_ART_JP
2026-09-14 04:08:41 | INFO     | Saving at a/skeb/GHEE_ART_JP-ddb028.json
2026-09-14 04:08:42 | WARNING  | 404 on https://skeb.jp/api/users/nekoggo (attempt 2/3)
2026-09-14 04:08:43 | INFO     | OK https://skeb.jp/api/users/TomaadoHK
2026-09-14 04:08:43 | INFO     | Saving at a/skeb/TomaadoHK-02c491.json
2026-09-14 04:08:44 | INFO     | OK https://skeb.jp/api/users/muckl_sekamati
2026-09-14 04:08:44 | INFO     | Saving at a/skeb/muckl_sekamati-b7c48e.json
2026-09-14 04:08:45 | INFO     | OK https://skeb.jp/api/users/uskw_SR
2026-09-14 04:08:45 | INFO     | Saving at a/skeb/uskw_SR-f405d9.json
2026-09-14 04:08:46 | INFO     | OK https://skeb.jp/api/users/milkleopard
2026-09-14 04:08:46 | INFO     | Saving at a/skeb/milkleopard-5efc96.json
2026-09-14 04:08:47 | INFO     | OK https://skeb.jp/api/users/tsugumi_last
2026-09-14 04:08:47 | INFO     | Saving at a/skeb/tsugumi_last-851ab0.json
2026-09-14 04:08:48 | INFO     | OK https://skeb.jp/api/users/yurikawa611
2026-09-14 04:08:48 | INFO     | Saving at a/skeb/yurikawa611-5e0558.json
2026-09-14 04:08:49 | INFO     | OK https://skeb.jp/api/users/thjni
2026-09-14 04:08:49 | INFO     | Saving at a/skeb/thjni-f3fc39.json
2026-09-14 04:08:50 | INFO     | OK https://skeb.jp/api/users/hoshiotabe
2026-09-14 04:08:50 | INFO     | Saving at a/skeb/hoshiotabe-4ff941.json
2026-09-14 04:08:51 | INFO     | OK https://skeb.jp/api/users/tayatayarice
2026-09-14 04:08:51 | INFO     | Saving at a/skeb/tayatayarice-d2adc5.json
2026-09-14 04:08:52 | INFO     | OK https://skeb.jp/api/users/garuru_tadano
2026-09-14 04:08:52 | INFO     | Saving at a/skeb/garuru_tadano-6f3446.json
2026-09-14 04:08:53 | INFO     | OK https://skeb.jp/api/users/Zyakura_25
2026-09-14 04:08:53 | INFO     | Saving at a/skeb/Zyakura_25-30a288.json
2026-09-14 04:08:54 | INFO     | OK https://skeb.jp/api/users/96soya
2026-09-14 04:08:54 | INFO     | Saving at a/skeb/96soya-e2dbd7.json
2026-09-14 04:08:55 | INFO     | OK https://skeb.jp/api/users/4040lmn
2026-09-14 04:08:55 | INFO     | Saving at a/skeb/4040lmn-f5491a.json
2026-09-14 04:08:56 | INFO     | OK https://skeb.jp/api/users/Sketchbookman
2026-09-14 04:08:56 | INFO     | Saving at a/skeb/Sketchbookman-aa23f4.json
2026-09-14 04:08:57 | INFO     | OK https://skeb.jp/api/users/HaL_HaL_2049
2026-09-14 04:08:57 | INFO     | Saving at a/skeb/HaL_HaL_2049-51d24b.json
2026-09-14 04:08:58 | INFO     | OK https://skeb.jp/api/users/Ades_Clus
2026-09-14 04:08:58 | INFO     | Saving at a/skeb/Ades_Clus-7e6768.json
2026-09-14 04:08:59 | INFO     | OK https://skeb.jp/api/users/craftzukky
2026-09-14 04:08:59 | INFO     | Saving at a/skeb/craftzukky-bbd370.json
2026-09-14 04:09:00 | WARNING  | 404 on https://skeb.jp/api/users/nekoggo (attempt 3/3)
2026-09-14 04:09:01 | INFO     | OK https://skeb.jp/api/users/Mumei_096
2026-09-14 04:09:01 | INFO     | Saving at a/skeb/Mumei_096-6abc90.json
2026-09-14 04:09:02 | INFO     | OK https://skeb.jp/api/users/KCC_9646
2026-09-14 04:09:02 | INFO     | Saving at a/skeb/KCC_9646-f039e9.json
2026-09-14 04:09:03 | INFO     | OK https://skeb.jp/api/users/chisa_art01
2026-09-14 04:09:03 | INFO     | Saving at a/skeb/chisa_art01-cddf1d.json
2026-09-14 04:09:04 | INFO     | OK https://skeb.jp/api/users/kuroi_ria
2026-09-14 04:09:04 | INFO     | Saving at a/skeb/kuroi_ria-52349b.json
2026-09-14 04:09:05 | INFO     | OK https://skeb.jp/api/users/soui__manshin
2026-09-14 04:09:05 | INFO     | Saving at a/skeb/soui__manshin-3ac746.json
2026-09-14 04:09:06 | INFO     | OK https://skeb.jp/api/users/Alc16ml
2026-09-14 04:09:06 | INFO     | Saving at a/skeb/Alc16ml-ff1bf6.json
2026-09-14 04:09:07 | INFO     | OK https://skeb.jp/api/users/FdrtnToilet_093
2026-09-14 04:09:07 | INFO     | Saving at a/skeb/FdrtnToilet_093-8a9f51.json
2026-09-14 04:09:08 | INFO     | OK https://skeb.jp/api/users/yuu9re
2026-09-14 04:09:08 | INFO     | Saving at a/skeb/yuu9re-4dc2b8.json
2026-09-14 04:09:09 | INFO     | OK https://skeb.jp/api/users/UtsuroiElan
2026-09-14 04:09:09 | INFO     | Saving at a/skeb/UtsuroiElan-2674a3.json
2026-09-14 04:09:10 | INFO     | OK https://skeb.jp/api/users/kagio_yk
2026-09-14 04:09:10 | INFO     | Saving at a/skeb/kagio_yk-aa3dec.json
2026-09-14 04:09:11 | INFO     | OK https://skeb.jp/api/users/ptsnptsn
2026-09-14 04:09:11 | INFO     | Saving at a/skeb/ptsnptsn-aa1dfb.json
2026-09-14 04:09:12 | INFO     | OK https://skeb.jp/api/users/motaro8
2026-09-14 04:09:12 | INFO     | Saving at a/skeb/motaro8-a0c163.json
2026-09-14 04:09:13 | INFO     | OK https://skeb.jp/api/users/yui08omusubi
2026-09-14 04:09:13 | INFO     | Saving at a/skeb/yui08omusubi-2aa292.json
2026-09-14 04:09:14 | INFO     | OK https://skeb.jp/api/users/ace_loser_
2026-09-14 04:09:14 | INFO     | Saving at a/skeb/ace_loser_-f5831f.json
2026-09-14 04:09:15 | INFO     | OK https://skeb.jp/api/users/yumaru_y0
2026-09-14 04:09:15 | INFO     | Saving at a/skeb/yumaru_y0-97c495.json
2026-09-14 04:09:16 | INFO     | OK https://skeb.jp/api/users/__udonh
2026-09-14 04:09:16 | INFO     | Saving at a/skeb/__udonh-d55c2b.json
2026-09-14 04:09:17 | INFO     | OK https://skeb.jp/api/users/68_zusao
2026-09-14 04:09:17 | INFO     | Saving at a/skeb/68_zusao-b16185.json
2026-09-14 04:09:18 | INFO     | OK https://skeb.jp/api/users/urovadtt
2026-09-14 04:09:18 | INFO     | Saving at a/skeb/urovadtt-8462bc.json
2026-09-14 04:09:19 | INFO     | OK https://skeb.jp/api/users/lord_bamblin
2026-09-14 04:09:19 | INFO     | Saving at a/skeb/lord_bamblin-899370.json
2026-09-14 04:09:20 | INFO     | OK https://skeb.jp/api/users/Nao13to
2026-09-14 04:09:20 | INFO     | Saving at a/skeb/Nao13to-9f0c0e.json
2026-09-14 04:09:21 | INFO     | OK https://skeb.jp/api/users/doctor_09276
2026-09-14 04:09:21 | INFO     | Saving at a/skeb/doctor_09276-c98935.json
2026-09-14 04:09:22 | INFO     | OK https://skeb.jp/api/users/8uya_1
2026-09-14 04:09:22 | INFO     | Saving at a/skeb/8uya_1-f93646.json
2026-09-14 04:09:23 | INFO     | OK https://skeb.jp/api/users/MACALON_0107
2026-09-14 04:09:23 | INFO     | Saving at a/skeb/MACALON_0107-ebae31.json
2026-09-14 04:09:24 | INFO     | OK https://skeb.jp/api/users/miosochika
2026-09-14 04:09:24 | INFO     | Saving at a/skeb/miosochika-ee0b30.json
2026-09-14 04:09:25 | INFO     | OK https://skeb.jp/api/users/Katatsuki_S
2026-09-14 04:09:25 | INFO     | Saving at a/skeb/Katatsuki_S-47b8b1.json
2026-09-14 04:09:26 | INFO     | OK https://skeb.jp/api/users/AkaneMachiyama
2026-09-14 04:09:26 | INFO     | Saving at a/skeb/AkaneMachiyama-d4b4fd.json
2026-09-14 04:09:27 | INFO     | OK https://skeb.jp/api/users/yry_r0o
2026-09-14 04:09:27 | INFO     | Saving at a/skeb/yry_r0o-54ab78.json
2026-09-14 04:09:28 | INFO     | OK https://skeb.jp/api/users/karinntou02
2026-09-14 04:09:28 | INFO     | Saving at a/skeb/karinntou02-fb4eaf.json
2026-09-14 04:09:29 | INFO     | OK https://skeb.jp/api/users/omikosinanndesu
2026-09-14 04:09:29 | INFO     | Saving at a/skeb/omikosinanndesu-a2482f.json
2026-09-14 04:09:30 | INFO     | OK https://skeb.jp/api/users/ochi_opuntia
2026-09-14 04:09:30 | INFO     | Saving at a/skeb/ochi_opuntia-064083.json
2026-09-14 04:09:31 | INFO     | OK https://skeb.jp/api/users/shun_mo25
2026-09-14 04:09:31 | INFO     | Saving at a/skeb/shun_mo25-7c918a.json
2026-09-14 04:09:32 | INFO     | OK https://skeb.jp/api/users/amairoshiro
2026-09-14 04:09:32 | INFO     | Saving at a/skeb/amairoshiro-1c0ecb.json
2026-09-14 04:09:33 | INFO     | OK https://skeb.jp/api/users/sukiyaki0900
2026-09-14 04:09:33 | INFO     | Saving at a/skeb/sukiyaki0900-c72cf3.json
2026-09-14 04:09:34 | INFO     | OK https://skeb.jp/api/users/uroko_teyan
2026-09-14 04:09:34 | INFO     | Saving at a/skeb/uroko_teyan-1faaef.json
2026-09-14 04:09:35 | INFO     | OK https://skeb.jp/api/users/Marugome_ch
2026-09-14 04:09:35 | INFO     | Saving at a/skeb/Marugome_ch-d69d41.json
2026-09-14 04:09:36 | INFO     | OK https://skeb.jp/api/users/kisaragi_homare
2026-09-14 04:09:36 | INFO     | Saving at a/skeb/kisaragi_homare-d59415.json
2026-09-14 04:09:37 | INFO     | OK https://skeb.jp/api/users/yomeinanoka
2026-09-14 04:09:37 | INFO     | Saving at a/skeb/yomeinanoka-83854e.json
2026-09-14 04:09:38 | INFO     | OK https://skeb.jp/api/users/mashiro281
2026-09-14 04:09:38 | INFO     | Saving at a/skeb/mashiro281-64224f.json
2026-09-14 04:09:39 | INFO     | OK https://skeb.jp/api/users/aa_anoko_
2026-09-14 04:09:39 | INFO     | Saving at a/skeb/aa_anoko_-d6c9df.json
2026-09-14 04:09:40 | INFO     | OK https://skeb.jp/api/users/tukinamiawa
2026-09-14 04:09:40 | INFO     | Saving at a/skeb/tukinamiawa-0f20d1.json
2026-09-14 04:09:41 | WARNING  | 404 on https://skeb.jp/api/users/miwiichi (attempt 1/3)
2026-09-14 04:09:42 | INFO     | OK https://skeb.jp/api/users/15_muwi
2026-09-14 04:09:42 | INFO     | Saving at a/skeb/15_muwi-b27643.json
2026-09-14 04:09:43 | INFO     | OK https://skeb.jp/api/users/yomogisan_comet
2026-09-14 04:09:43 | INFO     | Saving at a/skeb/yomogisan_comet-090a8e.json
2026-09-14 04:09:44 | INFO     | OK https://skeb.jp/api/users/SeaBee_illust
2026-09-14 04:09:44 | INFO     | Saving at a/skeb/SeaBee_illust-06bf54.json
2026-09-14 04:09:45 | INFO     | OK https://skeb.jp/api/users/kontaakiyasui
2026-09-14 04:09:45 | INFO     | Saving at a/skeb/kontaakiyasui-0565d8.json
2026-09-14 04:09:46 | INFO     | OK https://skeb.jp/api/users/nemutai_tai004
2026-09-14 04:09:46 | INFO     | Saving at a/skeb/nemutai_tai004-979d4f.json
2026-09-14 04:09:47 | INFO     | OK https://skeb.jp/api/users/ofuton0317
2026-09-14 04:09:47 | INFO     | Saving at a/skeb/ofuton0317-c5f674.json
2026-09-14 04:09:48 | INFO     | OK https://skeb.jp/api/users/hiromusan_1125
2026-09-14 04:09:48 | INFO     | Saving at a/skeb/hiromusan_1125-3feafd.json
2026-09-14 04:09:49 | WARNING  | 404 on https://skeb.jp/api/users/miwiichi (attempt 2/3)
2026-09-14 04:09:50 | INFO     | OK https://skeb.jp/api/users/piyotarou28
2026-09-14 04:09:50 | INFO     | Saving at a/skeb/piyotarou28-9c7091.json
2026-09-14 04:09:51 | INFO     | OK https://skeb.jp/api/users/fen825
2026-09-14 04:09:51 | INFO     | Saving at a/skeb/fen825-1c131f.json
2026-09-14 04:09:52 | INFO     | OK https://skeb.jp/api/users/posya975
2026-09-14 04:09:52 | INFO     | Saving at a/skeb/posya975-1f83b4.json
2026-09-14 04:09:53 | INFO     | OK https://skeb.jp/api/users/kisetsu_an
2026-09-14 04:09:53 | INFO     | Saving at a/skeb/kisetsu_an-7cf246.json
2026-09-14 04:09:54 | INFO     | OK https://skeb.jp/api/users/yomogi_0v0_
2026-09-14 04:09:54 | INFO     | Saving at a/skeb/yomogi_0v0_-78b12b.json
2026-09-14 04:09:55 | WARNING  | 404 on https://skeb.jp/api/users/miwiichi (attempt 3/3)
2026-09-14 04:09:56 | INFO     | OK https://skeb.jp/api/users/oimanji
2026-09-14 04:09:56 | INFO     | Saving at a/skeb/oimanji-2f9c12.json
2026-09-14 04:09:57 | INFO     | OK https://skeb.jp/api/users/eri_shio00
2026-09-14 04:09:57 | INFO     | Saving at a/skeb/eri_shio00-73a24f.json
2026-09-14 04:09:58 | INFO     | OK https://skeb.jp/api/users/ki_15kan
2026-09-14 04:09:58 | INFO     | Saving at a/skeb/ki_15kan-372308.json
2026-09-14 04:09:59 | INFO     | OK https://skeb.jp/api/users/yohaku__3
2026-09-14 04:09:59 | INFO     | Saving at a/skeb/yohaku__3-153b0f.json
2026-09-14 04:10:00 | INFO     | OK https://skeb.jp/api/users/flammama
2026-09-14 04:10:00 | INFO     | Saving at a/skeb/flammama-570c7c.json
2026-09-14 04:10:01 | INFO     | OK https://skeb.jp/api/users/rukina_ruki
2026-09-14 04:10:01 | INFO     | Saving at a/skeb/rukina_ruki-eb1087.json
2026-09-14 04:10:02 | INFO     | OK https://skeb.jp/api/users/yuquo_rity
2026-09-14 04:10:02 | INFO     | Saving at a/skeb/yuquo_rity-fdf473.json
2026-09-14 04:10:03 | INFO     | OK https://skeb.jp/api/users/kuro_sha_
2026-09-14 04:10:03 | INFO     | Saving at a/skeb/kuro_sha_-fdde15.json
2026-09-14 04:10:04 | INFO     | OK https://skeb.jp/api/users/t_a_eko
2026-09-14 04:10:04 | INFO     | Saving at a/skeb/t_a_eko-508970.json
2026-09-14 04:10:05 | INFO     | OK https://skeb.jp/api/users/UmrDzfMCuYD3Sxv
2026-09-14 04:10:05 | INFO     | Saving at a/skeb/UmrDzfMCuYD3Sxv-3c6c11.json
2026-09-14 04:10:06 | INFO     | OK https://skeb.jp/api/users/shibamomodx
2026-09-14 04:10:06 | INFO     | Saving at a/skeb/shibamomodx-a9df45.json
2026-09-14 04:10:07 | INFO     | OK https://skeb.jp/api/users/lactis09
2026-09-14 04:10:07 | INFO     | Saving at a/skeb/lactis09-d2dadf.json
2026-09-14 04:10:08 | INFO     | OK https://skeb.jp/api/users/AkiraSagara
2026-09-14 04:10:08 | INFO     | Saving at a/skeb/AkiraSagara-c344b3.json
2026-09-14 04:10:09 | INFO     | OK https://skeb.jp/api/users/koujichu_00
2026-09-14 04:10:09 | INFO     | Saving at a/skeb/koujichu_00-83e25e.json
2026-09-14 04:10:10 | INFO     | OK https://skeb.jp/api/users/Amawasp
2026-09-14 04:10:10 | INFO     | Saving at a/skeb/Amawasp-6a28a8.json
2026-09-14 04:10:11 | INFO     | OK https://skeb.jp/api/users/Atelier_Z44
2026-09-14 04:10:11 | INFO     | Saving at a/skeb/Atelier_Z44-7c7796.json
2026-09-14 04:10:12 | INFO     | OK https://skeb.jp/api/users/usui_iigame
2026-09-14 04:10:12 | INFO     | Saving at a/skeb/usui_iigame-ae0ed1.json
2026-09-14 04:10:13 | INFO     | OK https://skeb.jp/api/users/kumanobansoukoo
2026-09-14 04:10:13 | INFO     | Saving at a/skeb/kumanobansoukoo-a4ac45.json
2026-09-14 04:10:14 | INFO     | OK https://skeb.jp/api/users/tukiattyaeyo
2026-09-14 04:10:14 | INFO     | Saving at a/skeb/tukiattyaeyo-4eead5.json
2026-09-14 04:10:15 | INFO     | OK https://skeb.jp/api/users/Pico_kimuchi
2026-09-14 04:10:15 | INFO     | Saving at a/skeb/Pico_kimuchi-72db64.json
2026-09-14 04:10:16 | INFO     | OK https://skeb.jp/api/users/Ju3CXQKO75M199R
2026-09-14 04:10:16 | INFO     | Saving at a/skeb/Ju3CXQKO75M199R-151185.json
2026-09-14 04:10:17 | WARNING  | 404 on https://skeb.jp/api/users/yahoo (attempt 1/3)
2026-09-14 04:10:18 | INFO     | OK https://skeb.jp/api/users/anchang
2026-09-14 04:10:18 | INFO     | Saving at a/skeb/anchang-55f7b2.json
2026-09-14 04:10:19 | INFO     | OK https://skeb.jp/api/users/Syunmin_n000
2026-09-14 04:10:19 | INFO     | Saving at a/skeb/Syunmin_n000-96acc4.json
2026-09-14 04:10:20 | INFO     | OK https://skeb.jp/api/users/CalicoLycoris
2026-09-14 04:10:20 | INFO     | Saving at a/skeb/CalicoLycoris-3eb125.json
2026-09-14 04:10:21 | WARNING  | 404 on https://skeb.jp/api/users/yahoo (attempt 2/3)
2026-09-14 04:10:22 | INFO     | OK https://skeb.jp/api/users/HoshizaKi_Y0_
2026-09-14 04:10:22 | INFO     | Saving at a/skeb/HoshizaKi_Y0_-a1fce5.json
2026-09-14 04:10:23 | INFO     | OK https://skeb.jp/api/users/matomo1000
2026-09-14 04:10:23 | INFO     | Saving at a/skeb/matomo1000-fdd020.json
2026-09-14 04:10:24 | INFO     | OK https://skeb.jp/api/users/keimushi_draw
2026-09-14 04:10:24 | INFO     | Saving at a/skeb/keimushi_draw-9d7b3e.json
2026-09-14 04:10:25 | INFO     | OK https://skeb.jp/api/users/saratto_2zyo
2026-09-14 04:10:25 | INFO     | Saving at a/skeb/saratto_2zyo-a3f3e6.json
2026-09-14 04:10:26 | WARNING  | 404 on https://skeb.jp/api/users/yahoo (attempt 3/3)
2026-09-14 04:10:27 | INFO     | OK https://skeb.jp/api/users/mugi_titukihyd
2026-09-14 04:10:27 | INFO     | Saving at a/skeb/mugi_titukihyd-c86bb1.json
2026-09-14 04:10:28 | INFO     | OK https://skeb.jp/api/users/owaaa_3
2026-09-14 04:10:28 | INFO     | Saving at a/skeb/owaaa_3-651c59.json
2026-09-14 04:10:29 | INFO     | OK https://skeb.jp/api/users/mukanata
2026-09-14 04:10:29 | INFO     | Saving at a/skeb/mukanata-7714d3.json
2026-09-14 04:10:30 | INFO     | OK https://skeb.jp/api/users/46_6xxx
2026-09-14 04:10:30 | INFO     | Saving at a/skeb/46_6xxx-45990b.json
2026-09-14 04:10:31 | INFO     | OK https://skeb.jp/api/users/SaBshio288
2026-09-14 04:10:31 | INFO     | Saving at a/skeb/SaBshio288-7ec2f7.json
2026-09-14 04:10:32 | INFO     | OK https://skeb.jp/api/users/kagome_sui
2026-09-14 04:10:32 | INFO     | Saving at a/skeb/kagome_sui-6b7b0c.json
2026-09-14 04:10:33 | WARNING  | 404 on https://skeb.jp/api/users/furittusferret (attempt 1/3)
2026-09-14 04:10:34 | INFO     | OK https://skeb.jp/api/users/soui_skeb
2026-09-14 04:10:34 | INFO     | Saving at a/skeb/soui_skeb-ea1abb.json
2026-09-14 04:10:35 | INFO     | OK https://skeb.jp/api/users/otomatiknoD
2026-09-14 04:10:35 | INFO     | Saving at a/skeb/otomatiknoD-0bdda0.json
2026-09-14 04:10:36 | INFO     | OK https://skeb.jp/api/users/44tanutanu
2026-09-14 04:10:36 | INFO     | Saving at a/skeb/44tanutanu-95bd5b.json
2026-09-14 04:10:37 | INFO     | OK https://skeb.jp/api/users/Kirikasilica
2026-09-14 04:10:37 | INFO     | Saving at a/skeb/Kirikasilica-097eb9.json
2026-09-14 04:10:38 | INFO     | OK https://skeb.jp/api/users/kurige_ha_iizo
2026-09-14 04:10:38 | INFO     | Saving at a/skeb/kurige_ha_iizo-e57d98.json
2026-09-14 04:10:39 | INFO     | OK https://skeb.jp/api/users/joedoudou
2026-09-14 04:10:39 | INFO     | Saving at a/skeb/joedoudou-9bb414.json
2026-09-14 04:10:40 | INFO     | OK https://skeb.jp/api/users/Ma_re_TRPG
2026-09-14 04:10:40 | INFO     | Saving at a/skeb/Ma_re_TRPG-d0bcfc.json
2026-09-14 04:10:41 | WARNING  | 404 on https://skeb.jp/api/users/furittusferret (attempt 2/3)
2026-09-14 04:10:42 | INFO     | OK https://skeb.jp/api/users/tsukise_yoru
2026-09-14 04:10:42 | INFO     | Saving at a/skeb/tsukise_yoru-aa729a.json
2026-09-14 04:10:43 | INFO     | OK https://skeb.jp/api/users/fSYYZ2PClEZD53n
2026-09-14 04:10:43 | INFO     | Saving at a/skeb/fSYYZ2PClEZD53n-9e3f21.json
2026-09-14 04:10:44 | INFO     | OK https://skeb.jp/api/users/1ka0135
2026-09-14 04:10:44 | INFO     | Saving at a/skeb/1ka0135-4615c6.json
2026-09-14 04:10:45 | INFO     | OK https://skeb.jp/api/users/minasesin
2026-09-14 04:10:45 | INFO     | Saving at a/skeb/minasesin-64e0bf.json
2026-09-14 04:10:46 | WARNING  | 404 on https://skeb.jp/api/users/furittusferret (attempt 3/3)
2026-09-14 04:10:47 | INFO     | OK https://skeb.jp/api/users/urTaiyo
2026-09-14 04:10:47 | INFO     | Saving at a/skeb/urTaiyo-7a3dbb.json
2026-09-14 04:10:48 | INFO     | OK https://skeb.jp/api/users/NKQ199JYwN78440
2026-09-14 04:10:48 | INFO     | Saving at a/skeb/NKQ199JYwN78440-ae93a5.json
2026-09-14 04:10:49 | INFO     | OK https://skeb.jp/api/users/Chikarya_Mk_1
2026-09-14 04:10:49 | INFO     | Saving at a/skeb/Chikarya_Mk_1-33fa79.json
2026-09-14 04:10:50 | WARNING  | 404 on https://skeb.jp/api/users/taria_wolf (attempt 1/3)
2026-09-14 04:10:51 | INFO     | OK https://skeb.jp/api/users/criyokan
2026-09-14 04:10:51 | INFO     | Saving at a/skeb/criyokan-f0531a.json
2026-09-14 04:10:52 | INFO     | OK https://skeb.jp/api/users/iziz0709
2026-09-14 04:10:52 | INFO     | Saving at a/skeb/iziz0709-448404.json
2026-09-14 04:10:53 | WARNING  | 404 on https://skeb.jp/api/users/taria_wolf (attempt 2/3)
2026-09-14 04:10:54 | INFO     | OK https://skeb.jp/api/users/mint_tea_field
2026-09-14 04:10:54 | INFO     | Saving at a/skeb/mint_tea_field-cb0627.json
2026-09-14 04:10:55 | INFO     | OK https://skeb.jp/api/users/n1mon0_2
2026-09-14 04:10:55 | INFO     | Saving at a/skeb/n1mon0_2-9707e4.json
2026-09-14 04:10:56 | INFO     | OK https://skeb.jp/api/users/AsLGEG3X9dD5diz
2026-09-14 04:10:56 | INFO     | Saving at a/skeb/AsLGEG3X9dD5diz-28c901.json
2026-09-14 04:10:57 | INFO     | OK https://skeb.jp/api/users/saitouyo1
2026-09-14 04:10:57 | INFO     | Saving at a/skeb/saitouyo1-efa748.json
2026-09-14 04:10:58 | INFO     | OK https://skeb.jp/api/users/to_gazeiss
2026-09-14 04:10:58 | INFO     | Saving at a/skeb/to_gazeiss-8cdd70.json
2026-09-14 04:10:59 | INFO     | OK https://skeb.jp/api/users/Arlcn_1115
2026-09-14 04:10:59 | INFO     | Saving at a/skeb/Arlcn_1115-b7a75a.json
2026-09-14 04:11:00 | INFO     | OK https://skeb.jp/api/users/_3yamada3
2026-09-14 04:11:00 | INFO     | Saving at a/skeb/_3yamada3-ee5fcb.json
2026-09-14 04:11:01 | INFO     | OK https://skeb.jp/api/users/Posk_ey
2026-09-14 04:11:01 | INFO     | Saving at a/skeb/Posk_ey-f6a4e2.json
2026-09-14 04:11:02 | INFO     | OK https://skeb.jp/api/users/dega1028
2026-09-14 04:11:02 | INFO     | Saving at a/skeb/dega1028-6d3fe9.json
2026-09-14 04:11:03 | INFO     | OK https://skeb.jp/api/users/x_boy005
2026-09-14 04:11:03 | INFO     | Saving at a/skeb/x_boy005-80fb2d.json
2026-09-14 04:11:04 | INFO     | OK https://skeb.jp/api/users/U_NO_ART
2026-09-14 04:11:04 | INFO     | Saving at a/skeb/U_NO_ART-48a443.json
2026-09-14 04:11:05 | INFO     | OK https://skeb.jp/api/users/owrk_hk
2026-09-14 04:11:05 | INFO     | Saving at a/skeb/owrk_hk-9f7db1.json
2026-09-14 04:11:06 | INFO     | OK https://skeb.jp/api/users/DmSatsuki_wnri
2026-09-14 04:11:06 | INFO     | Saving at a/skeb/DmSatsuki_wnri-d751ca.json
2026-09-14 04:11:07 | INFO     | OK https://skeb.jp/api/users/a_omae_
2026-09-14 04:11:07 | INFO     | Saving at a/skeb/a_omae_-91b5db.json
2026-09-14 04:11:08 | INFO     | OK https://skeb.jp/api/users/217yudofu217
2026-09-14 04:11:08 | INFO     | Saving at a/skeb/217yudofu217-98c0d3.json
2026-09-14 04:11:09 | INFO     | OK https://skeb.jp/api/users/zarame0405
2026-09-14 04:11:09 | INFO     | Saving at a/skeb/zarame0405-3406e9.json
2026-09-14 04:11:10 | INFO     | OK https://skeb.jp/api/users/SaSaSaiKaAA
2026-09-14 04:11:10 | INFO     | Saving at a/skeb/SaSaSaiKaAA-06e60e.json
2026-09-14 04:11:11 | WARNING  | 404 on https://skeb.jp/api/users/okusuriya (attempt 1/3)
2026-09-14 04:11:12 | INFO     | OK https://skeb.jp/api/users/f_m2e
2026-09-14 04:11:12 | INFO     | Saving at a/skeb/f_m2e-ea4217.json
2026-09-14 04:11:13 | INFO     | OK https://skeb.jp/api/users/freon_holon
2026-09-14 04:11:13 | INFO     | Saving at a/skeb/freon_holon-54df89.json
2026-09-14 04:11:14 | INFO     | OK https://skeb.jp/api/users/Mizuseryo
2026-09-14 04:11:14 | INFO     | Saving at a/skeb/Mizuseryo-6ad950.json
2026-09-14 04:11:15 | INFO     | OK https://skeb.jp/api/users/syaakosan0524
2026-09-14 04:11:15 | INFO     | Saving at a/skeb/syaakosan0524-3d2fbd.json
2026-09-14 04:11:16 | INFO     | OK https://skeb.jp/api/users/Nor_sugi02
2026-09-14 04:11:16 | INFO     | Saving at a/skeb/Nor_sugi02-e03f78.json
2026-09-14 04:11:17 | INFO     | OK https://skeb.jp/api/users/j_uen2
2026-09-14 04:11:17 | INFO     | Saving at a/skeb/j_uen2-81a155.json
2026-09-14 04:11:18 | WARNING  | 404 on https://skeb.jp/api/users/taria_wolf (attempt 3/3)
2026-09-14 04:11:19 | INFO     | OK https://skeb.jp/api/users/OSONOKICHI
2026-09-14 04:11:19 | INFO     | Saving at a/skeb/OSONOKICHI-09729e.json
2026-09-14 04:11:20 | INFO     | OK https://skeb.jp/api/users/non_no_urara
2026-09-14 04:11:20 | INFO     | Saving at a/skeb/non_no_urara-be5863.json
2026-09-14 04:11:21 | INFO     | OK https://skeb.jp/api/users/kAduk0
2026-09-14 04:11:21 | INFO     | Saving at a/skeb/kAduk0-09ddd8.json
2026-09-14 04:11:22 | INFO     | OK https://skeb.jp/api/users/i6gct3RDdW
2026-09-14 04:11:22 | INFO     | Saving at a/skeb/i6gct3RDdW-567fd0.json
2026-09-14 04:11:23 | INFO     | OK https://skeb.jp/api/users/aren0224
2026-09-14 04:11:23 | INFO     | Saving at a/skeb/aren0224-863a96.json
2026-09-14 04:11:24 | INFO     | OK https://skeb.jp/api/users/herahemO
2026-09-14 04:11:24 | INFO     | Saving at a/skeb/herahemO-75da55.json
2026-09-14 04:11:25 | INFO     | OK https://skeb.jp/api/users/Yu10ri_Ha2ri
2026-09-14 04:11:25 | INFO     | Saving at a/skeb/Yu10ri_Ha2ri-fca4a9.json
2026-09-14 04:11:26 | INFO     | OK https://skeb.jp/api/users/soudadesu
2026-09-14 04:11:26 | INFO     | Saving at a/skeb/soudadesu-1f3cdc.json
2026-09-14 04:11:27 | INFO     | OK https://skeb.jp/api/users/Balsamic
2026-09-14 04:11:27 | INFO     | Saving at a/skeb/Balsamic-d37441.json
2026-09-14 04:11:28 | INFO     | OK https://skeb.jp/api/users/one_cosoba
2026-09-14 04:11:28 | INFO     | Saving at a/skeb/one_cosoba-d3727e.json
2026-09-14 04:11:29 | INFO     | OK https://skeb.jp/api/users/haruthunder0828
2026-09-14 04:11:29 | INFO     | Saving at a/skeb/haruthunder0828-ff69ae.json
2026-09-14 04:11:30 | INFO     | OK https://skeb.jp/api/users/silom44
2026-09-14 04:11:30 | INFO     | Saving at a/skeb/silom44-325193.json
2026-09-14 04:11:31 | INFO     | OK https://skeb.jp/api/users/ObakenoPerutan
2026-09-14 04:11:31 | INFO     | Saving at a/skeb/ObakenoPerutan-677296.json
2026-09-14 04:11:32 | INFO     | OK https://skeb.jp/api/users/1a1aCthulhu
2026-09-14 04:11:32 | INFO     | Saving at a/skeb/1a1aCthulhu-34d33d.json
2026-09-14 04:11:33 | INFO     | OK https://skeb.jp/api/users/ebit0w2
2026-09-14 04:11:33 | INFO     | Saving at a/skeb/ebit0w2-c76d0e.json
2026-09-14 04:11:34 | INFO     | OK https://skeb.jp/api/users/M_tomoyohi
2026-09-14 04:11:34 | INFO     | Saving at a/skeb/M_tomoyohi-80a013.json
2026-09-14 04:11:35 | INFO     | OK https://skeb.jp/api/users/moro_244
2026-09-14 04:11:35 | INFO     | Saving at a/skeb/moro_244-a83824.json
2026-09-14 04:11:36 | INFO     | OK https://skeb.jp/api/users/iso_illust
2026-09-14 04:11:36 | INFO     | Saving at a/skeb/iso_illust-f4f0cf.json
2026-09-14 04:11:37 | INFO     | OK https://skeb.jp/api/users/Maxima_Sakuya
2026-09-14 04:11:37 | INFO     | Saving at a/skeb/Maxima_Sakuya-16d58b.json
2026-09-14 04:11:38 | INFO     | OK https://skeb.jp/api/users/Smdmspr_dr
2026-09-14 04:11:38 | INFO     | Saving at a/skeb/Smdmspr_dr-0a8f94.json
2026-09-14 04:11:39 | WARNING  | 404 on https://skeb.jp/api/users/okusuriya (attempt 2/3)
2026-09-14 04:11:40 | INFO     | OK https://skeb.jp/api/users/krn_stn
2026-09-14 04:11:40 | INFO     | Saving at a/skeb/krn_stn-e314dd.json
2026-09-14 04:11:41 | INFO     | OK https://skeb.jp/api/users/pomeranianmog
2026-09-14 04:11:41 | INFO     | Saving at a/skeb/pomeranianmog-2ddb46.json
2026-09-14 04:11:42 | INFO     | OK https://skeb.jp/api/users/01mogu05
2026-09-14 04:11:42 | INFO     | Saving at a/skeb/01mogu05-f342f7.json
2026-09-14 04:11:43 | INFO     | OK https://skeb.jp/api/users/Shori39639
2026-09-14 04:11:43 | INFO     | Saving at a/skeb/Shori39639-e186eb.json
2026-09-14 04:11:44 | INFO     | OK https://skeb.jp/api/users/meyu_888
2026-09-14 04:11:44 | INFO     | Saving at a/skeb/meyu_888-2524ea.json
2026-09-14 04:11:45 | INFO     | OK https://skeb.jp/api/users/Utsusemi_1024
2026-09-14 04:11:45 | INFO     | Saving at a/skeb/Utsusemi_1024-f67e76.json
2026-09-14 04:11:46 | INFO     | OK https://skeb.jp/api/users/cum_ber
2026-09-14 04:11:46 | INFO     | Saving at a/skeb/cum_ber-fd271a.json
2026-09-14 04:11:47 | INFO     | OK https://skeb.jp/api/users/iwasi_R
2026-09-14 04:11:47 | INFO     | Saving at a/skeb/iwasi_R-181f38.json
2026-09-14 04:11:48 | INFO     | OK https://skeb.jp/api/users/enk0321
2026-09-14 04:11:48 | INFO     | Saving at a/skeb/enk0321-fc84a2.json
2026-09-14 04:11:49 | INFO     | OK https://skeb.jp/api/users/kagura_xii
2026-09-14 04:11:49 | INFO     | Saving at a/skeb/kagura_xii-6d2c0a.json
2026-09-14 04:11:50 | INFO     | OK https://skeb.jp/api/users/mar0suK
2026-09-14 04:11:50 | INFO     | Saving at a/skeb/mar0suK-108b5c.json
2026-09-14 04:11:51 | INFO     | OK https://skeb.jp/api/users/RR_aikatsu
2026-09-14 04:11:51 | INFO     | Saving at a/skeb/RR_aikatsu-5b8822.json
2026-09-14 04:11:52 | INFO     | OK https://skeb.jp/api/users/kona_3_art
2026-09-14 04:11:52 | INFO     | Saving at a/skeb/kona_3_art-cebeeb.json
2026-09-14 04:11:53 | INFO     | OK https://skeb.jp/api/users/mochiko_tsuru
2026-09-14 04:11:53 | INFO     | Saving at a/skeb/mochiko_tsuru-d926f9.json
2026-09-14 04:11:54 | INFO     | OK https://skeb.jp/api/users/tsuruse852
2026-09-14 04:11:54 | INFO     | Saving at a/skeb/tsuruse852-bde34d.json
2026-09-14 04:11:55 | INFO     | OK https://skeb.jp/api/users/Roa_mofukemo33
2026-09-14 04:11:55 | INFO     | Saving at a/skeb/Roa_mofukemo33-e8c8ca.json
2026-09-14 04:11:56 | INFO     | OK https://skeb.jp/api/users/PwgP6_tomato
2026-09-14 04:11:56 | INFO     | Saving at a/skeb/PwgP6_tomato-831c46.json
2026-09-14 04:11:57 | INFO     | OK https://skeb.jp/api/users/hakariyahakari
2026-09-14 04:11:57 | INFO     | Saving at a/skeb/hakariyahakari-34153c.json
2026-09-14 04:11:58 | INFO     | OK https://skeb.jp/api/users/neko_tany
2026-09-14 04:11:58 | INFO     | Saving at a/skeb/neko_tany-79e8e7.json
2026-09-14 04:11:59 | INFO     | OK https://skeb.jp/api/users/kamikoma_taiga
2026-09-14 04:11:59 | INFO     | Saving at a/skeb/kamikoma_taiga-6e5b7a.json
2026-09-14 04:12:00 | INFO     | OK https://skeb.jp/api/users/qiuHtBMPmQ
2026-09-14 04:12:00 | INFO     | Saving at a/skeb/qiuHtBMPmQ-db2a21.json
2026-09-14 04:12:01 | WARNING  | 404 on https://skeb.jp/api/users/FrozenSinVT (attempt 1/3)
2026-09-14 04:12:02 | INFO     | OK https://skeb.jp/api/users/gekiroooo
2026-09-14 04:12:02 | INFO     | Saving at a/skeb/gekiroooo-c9af32.json
2026-09-14 04:12:03 | INFO     | OK https://skeb.jp/api/users/harudori75
2026-09-14 04:12:03 | INFO     | Saving at a/skeb/harudori75-4c908c.json
2026-09-14 04:12:04 | INFO     | OK https://skeb.jp/api/users/DatenshiAmasiki
2026-09-14 04:12:04 | INFO     | Saving at a/skeb/DatenshiAmasiki-0a9e18.json
2026-09-14 04:12:05 | WARNING  | 404 on https://skeb.jp/api/users/okusuriya (attempt 3/3)
2026-09-14 04:12:06 | WARNING  | 404 on https://skeb.jp/api/users/meeeeeecoCH (attempt 1/3)
2026-09-14 04:12:07 | INFO     | OK https://skeb.jp/api/users/yakhina_Deforme
2026-09-14 04:12:07 | INFO     | Saving at a/skeb/yakhina_Deforme-12ee68.json
2026-09-14 04:12:08 | INFO     | OK https://skeb.jp/api/users/hakurin72
2026-09-14 04:12:08 | INFO     | Saving at a/skeb/hakurin72-dc13e4.json
2026-09-14 04:12:09 | WARNING  | 404 on https://skeb.jp/api/users/meeeeeecoCH (attempt 2/3)
2026-09-14 04:12:10 | INFO     | OK https://skeb.jp/api/users/ykii077
2026-09-14 04:12:10 | INFO     | Saving at a/skeb/ykii077-f1ce29.json
2026-09-14 04:12:11 | INFO     | OK https://skeb.jp/api/users/trance398
2026-09-14 04:12:11 | INFO     | Saving at a/skeb/trance398-4548c0.json
2026-09-14 04:12:12 | INFO     | OK https://skeb.jp/api/users/nanahos312
2026-09-14 04:12:12 | INFO     | Saving at a/skeb/nanahos312-d0fe2a.json
2026-09-14 04:12:13 | INFO     | OK https://skeb.jp/api/users/amn_ic01
2026-09-14 04:12:13 | INFO     | Saving at a/skeb/amn_ic01-46b9fa.json
2026-09-14 04:12:14 | INFO     | OK https://skeb.jp/api/users/_minachaso
2026-09-14 04:12:14 | INFO     | Saving at a/skeb/_minachaso-8c933f.json
2026-09-14 04:12:15 | INFO     | OK https://skeb.jp/api/users/cetus_kkk
2026-09-14 04:12:15 | INFO     | Saving at a/skeb/cetus_kkk-6f6930.json
2026-09-14 04:12:16 | INFO     | OK https://skeb.jp/api/users/Urada_Silue
2026-09-14 04:12:16 | INFO     | Saving at a/skeb/Urada_Silue-4faeb5.json
2026-09-14 04:12:17 | WARNING  | 404 on https://skeb.jp/api/users/prof2399974 (attempt 1/3)
2026-09-14 04:12:18 | INFO     | OK https://skeb.jp/api/users/chichichi__K
2026-09-14 04:12:18 | INFO     | Saving at a/skeb/chichichi__K-18afe1.json
2026-09-14 04:12:19 | INFO     | OK https://skeb.jp/api/users/natuyonini
2026-09-14 04:12:19 | INFO     | Saving at a/skeb/natuyonini-cbcfe9.json
2026-09-14 04:12:20 | INFO     | OK https://skeb.jp/api/users/frostshin
2026-09-14 04:12:20 | INFO     | Saving at a/skeb/frostshin-37b1f2.json
2026-09-14 04:12:21 | WARNING  | 404 on https://skeb.jp/api/users/prof2399974 (attempt 2/3)
2026-09-14 04:12:22 | INFO     | OK https://skeb.jp/api/users/Yomotsu_issssa
2026-09-14 04:12:22 | INFO     | Saving at a/skeb/Yomotsu_issssa-3b0279.json
2026-09-14 04:12:23 | INFO     | OK https://skeb.jp/api/users/mtnmy_0
2026-09-14 04:12:23 | INFO     | Saving at a/skeb/mtnmy_0-e1539f.json
2026-09-14 04:12:24 | INFO     | OK https://skeb.jp/api/users/annin_oekaki
2026-09-14 04:12:24 | INFO     | Saving at a/skeb/annin_oekaki-4fc1da.json
2026-09-14 04:12:25 | INFO     | OK https://skeb.jp/api/users/maru23007
2026-09-14 04:12:25 | INFO     | Saving at a/skeb/maru23007-98e766.json
2026-09-14 04:12:26 | INFO     | OK https://skeb.jp/api/users/mg_ym_
2026-09-14 04:12:26 | INFO     | Saving at a/skeb/mg_ym_-14a6d4.json
2026-09-14 04:12:27 | WARNING  | 404 on https://skeb.jp/api/users/prof2399974 (attempt 3/3)
2026-09-14 04:12:28 | WARNING  | 404 on https://skeb.jp/api/users/FrozenSinVT (attempt 2/3)
2026-09-14 04:12:29 | WARNING  | 404 on https://skeb.jp/api/users/meeeeeecoCH (attempt 3/3)
2026-09-14 04:12:30 | INFO     | OK https://skeb.jp/api/users/rairaku_kogata
2026-09-14 04:12:30 | INFO     | Saving at a/skeb/rairaku_kogata-f33ca8.json
2026-09-14 04:12:31 | INFO     | OK https://skeb.jp/api/users/nico_3867
2026-09-14 04:12:31 | INFO     | Saving at a/skeb/nico_3867-850022.json
2026-09-14 04:12:32 | INFO     | OK https://skeb.jp/api/users/yuama_ameberi
2026-09-14 04:12:32 | INFO     | Saving at a/skeb/yuama_ameberi-6bfb2d.json
2026-09-14 04:12:33 | INFO     | OK https://skeb.jp/api/users/arumi__T_T
2026-09-14 04:12:33 | INFO     | Saving at a/skeb/arumi__T_T-9c5c5e.json
2026-09-14 04:12:34 | WARNING  | 404 on https://skeb.jp/api/users/FrozenSinVT (attempt 3/3)
2026-09-14 04:12:35 | INFO     | OK https://skeb.jp/api/users/ay7pn
2026-09-14 04:12:35 | INFO     | Saving at a/skeb/ay7pn-da055b.json
2026-09-14 04:12:36 | INFO     | OK https://skeb.jp/api/users/Erillasica
2026-09-14 04:12:36 | INFO     | Saving at a/skeb/Erillasica-2217f5.json
2026-09-14 04:12:37 | INFO     | OK https://skeb.jp/api/users/penguin_sub
2026-09-14 04:12:37 | INFO     | Saving at a/skeb/penguin_sub-f3a6d4.json
2026-09-14 04:12:38 | INFO     | OK https://skeb.jp/api/users/nao901
2026-09-14 04:12:38 | INFO     | Saving at a/skeb/nao901-ecf326.json
2026-09-14 04:12:39 | INFO     | OK https://skeb.jp/api/users/Levls333
2026-09-14 04:12:39 | INFO     | Saving at a/skeb/Levls333-3f5c9e.json
2026-09-14 04:12:40 | INFO     | OK https://skeb.jp/api/users/Kizakura_Art
2026-09-14 04:12:40 | INFO     | Saving at a/skeb/Kizakura_Art-a70198.json
2026-09-14 04:12:41 | INFO     | OK https://skeb.jp/api/users/rabi_Yu00
2026-09-14 04:12:41 | INFO     | Saving at a/skeb/rabi_Yu00-d1c0a4.json
2026-09-14 04:12:42 | INFO     | OK https://skeb.jp/api/users/cr9z3
2026-09-14 04:12:42 | INFO     | Saving at a/skeb/cr9z3-53839a.json
2026-09-14 04:12:43 | INFO     | OK https://skeb.jp/api/users/9ra4ki33
2026-09-14 04:12:43 | INFO     | Saving at a/skeb/9ra4ki33-4573b3.json
2026-09-14 04:12:44 | WARNING  | 404 on https://skeb.jp/api/users/hiukuyuki (attempt 1/3)
2026-09-14 04:12:45 | INFO     | OK https://skeb.jp/api/users/2525_FanFiction
2026-09-14 04:12:45 | INFO     | Saving at a/skeb/2525_FanFiction-074631.json
2026-09-14 04:12:46 | INFO     | OK https://skeb.jp/api/users/akinona
2026-09-14 04:12:46 | INFO     | Saving at a/skeb/akinona-f7b833.json
2026-09-14 04:12:47 | INFO     | OK https://skeb.jp/api/users/SUIKA_OISIIYO
2026-09-14 04:12:47 | INFO     | Saving at a/skeb/SUIKA_OISIIYO-8f0b34.json
2026-09-14 04:12:48 | INFO     | OK https://skeb.jp/api/users/Kozu_39
2026-09-14 04:12:48 | INFO     | Saving at a/skeb/Kozu_39-f7d9b7.json
2026-09-14 04:12:49 | INFO     | OK https://skeb.jp/api/users/zelnoa_lumen
2026-09-14 04:12:49 | INFO     | Saving at a/skeb/zelnoa_lumen-422ab3.json
2026-09-14 04:12:50 | INFO     | OK https://skeb.jp/api/users/nagatogana1
2026-09-14 04:12:50 | INFO     | Saving at a/skeb/nagatogana1-1dd024.json
2026-09-14 04:12:51 | INFO     | OK https://skeb.jp/api/users/MUKKI428419
2026-09-14 04:12:51 | INFO     | Saving at a/skeb/MUKKI428419-17899d.json
2026-09-14 04:12:52 | WARNING  | 404 on https://skeb.jp/api/users/hiukuyuki (attempt 2/3)
2026-09-14 04:12:53 | INFO     | OK https://skeb.jp/api/users/AsaRamume
2026-09-14 04:12:53 | INFO     | Saving at a/skeb/AsaRamume-859b0b.json
2026-09-14 04:12:54 | INFO     | OK https://skeb.jp/api/users/_sudama_S2
2026-09-14 04:12:54 | INFO     | Saving at a/skeb/_sudama_S2-3e7b62.json
2026-09-14 04:12:55 | INFO     | OK https://skeb.jp/api/users/tanumura_at_CoC
2026-09-14 04:12:55 | INFO     | Saving at a/skeb/tanumura_at_CoC-f405b9.json
2026-09-14 04:12:56 | INFO     | OK https://skeb.jp/api/users/tk_nkntr
2026-09-14 04:12:56 | INFO     | Saving at a/skeb/tk_nkntr-2387af.json
2026-09-14 04:12:57 | INFO     | OK https://skeb.jp/api/users/SORUsugar0141
2026-09-14 04:12:57 | INFO     | Saving at a/skeb/SORUsugar0141-3d3963.json
2026-09-14 04:12:58 | INFO     | OK https://skeb.jp/api/users/ahirulion
2026-09-14 04:12:58 | INFO     | Saving at a/skeb/ahirulion-62e7fc.json
2026-09-14 04:12:59 | INFO     | OK https://skeb.jp/api/users/youkey777_13579
2026-09-14 04:12:59 | INFO     | Saving at a/skeb/youkey777_13579-19241d.json
2026-09-14 04:13:00 | WARNING  | 404 on https://skeb.jp/api/users/hiukuyuki (attempt 3/3)
2026-09-14 04:13:01 | INFO     | OK https://skeb.jp/api/users/hariharipalette
2026-09-14 04:13:01 | INFO     | Saving at a/skeb/hariharipalette-96daaa.json
2026-09-14 04:13:02 | INFO     | OK https://skeb.jp/api/users/Utauma_tikin
2026-09-14 04:13:02 | INFO     | Saving at a/skeb/Utauma_tikin-457fce.json
2026-09-14 04:13:03 | INFO     | OK https://skeb.jp/api/users/sutunununu
2026-09-14 04:13:03 | INFO     | Saving at a/skeb/sutunununu-e452eb.json
2026-09-14 04:13:04 | INFO     | OK https://skeb.jp/api/users/AmaTeu_illust
2026-09-14 04:13:04 | INFO     | Saving at a/skeb/AmaTeu_illust-08b984.json
2026-09-14 04:13:05 | INFO     | OK https://skeb.jp/api/users/yuzunobin
2026-09-14 04:13:05 | INFO     | Saving at a/skeb/yuzunobin-de37e3.json
2026-09-14 04:13:06 | INFO     | OK https://skeb.jp/api/users/kuromaru_ira
2026-09-14 04:13:06 | INFO     | Saving at a/skeb/kuromaru_ira-44f185.json
2026-09-14 04:13:07 | INFO     | OK https://skeb.jp/api/users/imi_mim
2026-09-14 04:13:07 | INFO     | Saving at a/skeb/imi_mim-af3eeb.json
2026-09-14 04:13:08 | INFO     | OK https://skeb.jp/api/users/07nono06
2026-09-14 04:13:08 | INFO     | Saving at a/skeb/07nono06-6ce9ae.json
2026-09-14 04:13:09 | INFO     | OK https://skeb.jp/api/users/kibimoto
2026-09-14 04:13:09 | INFO     | Saving at a/skeb/kibimoto-f9a585.json
2026-09-14 04:13:10 | INFO     | OK https://skeb.jp/api/users/mochipapiko
2026-09-14 04:13:10 | INFO     | Saving at a/skeb/mochipapiko-d00997.json
2026-09-14 04:13:11 | INFO     | OK https://skeb.jp/api/users/kuronecororo
2026-09-14 04:13:11 | INFO     | Saving at a/skeb/kuronecororo-f5aef0.json
2026-09-14 04:13:12 | INFO     | OK https://skeb.jp/api/users/Uuu10aimuuU
2026-09-14 04:13:12 | INFO     | Saving at a/skeb/Uuu10aimuuU-d53f22.json
2026-09-14 04:13:13 | WARNING  | 404 on https://skeb.jp/api/users/q38JkWBeUo7116 (attempt 1/3)
2026-09-14 04:13:14 | INFO     | OK https://skeb.jp/api/users/katasutoru1000
2026-09-14 04:13:14 | INFO     | Saving at a/skeb/katasutoru1000-b348e0.json
2026-09-14 04:13:15 | INFO     | OK https://skeb.jp/api/users/shion_mesu
2026-09-14 04:13:15 | INFO     | Saving at a/skeb/shion_mesu-4b4f0b.json
2026-09-14 04:13:16 | INFO     | OK https://skeb.jp/api/users/c0rn_chan
2026-09-14 04:13:16 | INFO     | Saving at a/skeb/c0rn_chan-7f0855.json
2026-09-14 04:13:17 | WARNING  | 404 on https://skeb.jp/api/users/q38JkWBeUo7116 (attempt 2/3)
2026-09-14 04:13:18 | INFO     | OK https://skeb.jp/api/users/masshiroke0602
2026-09-14 04:13:18 | INFO     | Saving at a/skeb/masshiroke0602-591cce.json
2026-09-14 04:13:19 | INFO     | OK https://skeb.jp/api/users/hototogissss
2026-09-14 04:13:19 | INFO     | Saving at a/skeb/hototogissss-472373.json
2026-09-14 04:13:20 | INFO     | OK https://skeb.jp/api/users/gi_irst
2026-09-14 04:13:20 | INFO     | Saving at a/skeb/gi_irst-5c51ec.json
2026-09-14 04:13:21 | INFO     | OK https://skeb.jp/api/users/kokkooda
2026-09-14 04:13:21 | INFO     | Saving at a/skeb/kokkooda-613bda.json
2026-09-14 04:13:22 | WARNING  | 404 on https://skeb.jp/api/users/q38JkWBeUo7116 (attempt 3/3)
2026-09-14 04:13:23 | INFO     | OK https://skeb.jp/api/users/yoshirai
2026-09-14 04:13:23 | INFO     | Saving at a/skeb/yoshirai-b2e1b2.json
2026-09-14 04:13:24 | INFO     | OK https://skeb.jp/api/users/oekakiJOJI
2026-09-14 04:13:24 | INFO     | Saving at a/skeb/oekakiJOJI-b985a9.json
2026-09-14 04:13:25 | INFO     | OK https://skeb.jp/api/users/futausa155
2026-09-14 04:13:25 | INFO     | Saving at a/skeb/futausa155-adc99e.json
2026-09-14 04:13:26 | INFO     | OK https://skeb.jp/api/users/inuja_dogodogo
2026-09-14 04:13:26 | INFO     | Saving at a/skeb/inuja_dogodogo-f5ae6e.json
2026-09-14 04:13:27 | INFO     | OK https://skeb.jp/api/users/map_bc
2026-09-14 04:13:27 | INFO     | Saving at a/skeb/map_bc-b750f3.json
2026-09-14 04:13:28 | INFO     | OK https://skeb.jp/api/users/yoakenemurixx
2026-09-14 04:13:28 | INFO     | Saving at a/skeb/yoakenemurixx-d824bb.json
2026-09-14 04:13:29 | INFO     | OK https://skeb.jp/api/users/HARUHIBI_8DLK
2026-09-14 04:13:29 | INFO     | Saving at a/skeb/HARUHIBI_8DLK-d8a984.json
2026-09-14 04:13:30 | INFO     | OK https://skeb.jp/api/users/kagerou8665
2026-09-14 04:13:30 | INFO     | Saving at a/skeb/kagerou8665-536a52.json
2026-09-14 04:13:31 | INFO     | OK https://skeb.jp/api/users/369rim
2026-09-14 04:13:31 | INFO     | Saving at a/skeb/369rim-5f4753.json
2026-09-14 04:13:32 | INFO     | OK https://skeb.jp/api/users/pisceun
2026-09-14 04:13:32 | INFO     | Saving at a/skeb/pisceun-da56c1.json
2026-09-14 04:13:33 | INFO     | OK https://skeb.jp/api/users/15i1i
2026-09-14 04:13:33 | INFO     | Saving at a/skeb/15i1i-0392a9.json
2026-09-14 04:13:34 | INFO     | OK https://skeb.jp/api/users/Yla2hn
2026-09-14 04:13:34 | INFO     | Saving at a/skeb/Yla2hn-13d20d.json
2026-09-14 04:13:35 | INFO     | OK https://skeb.jp/api/users/tarie33
2026-09-14 04:13:35 | INFO     | Saving at a/skeb/tarie33-b70a40.json
2026-09-14 04:13:36 | INFO     | OK https://skeb.jp/api/users/suguru_szk
2026-09-14 04:13:36 | INFO     | Saving at a/skeb/suguru_szk-c9c4fb.json
2026-09-14 04:13:37 | INFO     | OK https://skeb.jp/api/users/5683mmm
2026-09-14 04:13:37 | INFO     | Saving at a/skeb/5683mmm-11ed66.json
2026-09-14 04:13:38 | INFO     | OK https://skeb.jp/api/users/morizono_8
2026-09-14 04:13:38 | INFO     | Saving at a/skeb/morizono_8-979923.json
2026-09-14 04:13:39 | INFO     | OK https://skeb.jp/api/users/x_nnmen_xp
2026-09-14 04:13:39 | INFO     | Saving at a/skeb/x_nnmen_xp-cb7e8c.json
2026-09-14 04:13:40 | INFO     | OK https://skeb.jp/api/users/azuou17
2026-09-14 04:13:40 | INFO     | Saving at a/skeb/azuou17-690ad7.json
2026-09-14 04:13:41 | INFO     | OK https://skeb.jp/api/users/ko_ya_3
2026-09-14 04:13:41 | INFO     | Saving at a/skeb/ko_ya_3-7e85b5.json
2026-09-14 04:13:42 | INFO     | OK https://skeb.jp/api/users/pooooisuke
2026-09-14 04:13:42 | INFO     | Saving at a/skeb/pooooisuke-902fc7.json
2026-09-14 04:13:43 | INFO     | OK https://skeb.jp/api/users/jinb9
2026-09-14 04:13:43 | INFO     | Saving at a/skeb/jinb9-d40e1f.json
2026-09-14 04:13:44 | INFO     | OK https://skeb.jp/api/users/visitofsiki
2026-09-14 04:13:44 | INFO     | Saving at a/skeb/visitofsiki-7cbbd5.json
2026-09-14 04:13:45 | INFO     | OK https://skeb.jp/api/users/tomi_sasaki
2026-09-14 04:13:45 | INFO     | Saving at a/skeb/tomi_sasaki-706b1d.json
2026-09-14 04:13:46 | INFO     | OK https://skeb.jp/api/users/ema3art
2026-09-14 04:13:46 | INFO     | Saving at a/skeb/ema3art-54aa66.json
2026-09-14 04:13:47 | INFO     | OK https://skeb.jp/api/users/ANELA_00000
2026-09-14 04:13:47 | INFO     | Saving at a/skeb/ANELA_00000-bd645b.json
2026-09-14 04:13:48 | WARNING  | 404 on https://skeb.jp/api/users/kagio______yk (attempt 1/3)
2026-09-14 04:13:49 | INFO     | OK https://skeb.jp/api/users/e_ev_0_
2026-09-14 04:13:49 | INFO     | Saving at a/skeb/e_ev_0_-a4def4.json
2026-09-14 04:13:50 | INFO     | OK https://skeb.jp/api/users/pomharuki
2026-09-14 04:13:50 | INFO     | Saving at a/skeb/pomharuki-7786ca.json
2026-09-14 04:13:51 | INFO     | OK https://skeb.jp/api/users/miturume_ko
2026-09-14 04:13:51 | INFO     | Saving at a/skeb/miturume_ko-e65d24.json
2026-09-14 04:13:52 | INFO     | OK https://skeb.jp/api/users/bonno_nekochan
2026-09-14 04:13:52 | INFO     | Saving at a/skeb/bonno_nekochan-12cdd1.json
2026-09-14 04:13:53 | INFO     | OK https://skeb.jp/api/users/gnashiro_
2026-09-14 04:13:53 | INFO     | Saving at a/skeb/gnashiro_-e318ac.json
2026-09-14 04:13:54 | INFO     | OK https://skeb.jp/api/users/aaa_1122
2026-09-14 04:13:54 | INFO     | Saving at a/skeb/aaa_1122-382f7b.json
2026-09-14 04:13:55 | INFO     | OK https://skeb.jp/api/users/mcpc_zamurai
2026-09-14 04:13:55 | INFO     | Saving at a/skeb/mcpc_zamurai-3acfe0.json
2026-09-14 04:13:56 | INFO     | OK https://skeb.jp/api/users/minabe_6711
2026-09-14 04:13:56 | INFO     | Saving at a/skeb/minabe_6711-220591.json
2026-09-14 04:13:57 | INFO     | OK https://skeb.jp/api/users/phawaltz7
2026-09-14 04:13:57 | INFO     | Saving at a/skeb/phawaltz7-35264b.json
2026-09-14 04:13:58 | INFO     | OK https://skeb.jp/api/users/mdenamimi
2026-09-14 04:13:58 | INFO     | Saving at a/skeb/mdenamimi-f411ff.json
2026-09-14 04:13:59 | INFO     | OK https://skeb.jp/api/users/sei03091
2026-09-14 04:13:59 | INFO     | Saving at a/skeb/sei03091-176f25.json
2026-09-14 04:14:00 | INFO     | OK https://skeb.jp/api/users/Dousesuimasen
2026-09-14 04:14:00 | INFO     | Saving at a/skeb/Dousesuimasen-5e3eae.json
2026-09-14 04:14:01 | INFO     | OK https://skeb.jp/api/users/ketsu777tataki
2026-09-14 04:14:01 | INFO     | Saving at a/skeb/ketsu777tataki-7ff2f4.json
2026-09-14 04:14:02 | INFO     | OK https://skeb.jp/api/users/enputy_
2026-09-14 04:14:02 | INFO     | Saving at a/skeb/enputy_-c4913f.json
2026-09-14 04:14:03 | INFO     | OK https://skeb.jp/api/users/ganenranpu
2026-09-14 04:14:03 | INFO     | Saving at a/skeb/ganenranpu-d3f0e6.json
2026-09-14 04:14:04 | INFO     | OK https://skeb.jp/api/users/toririririre
2026-09-14 04:14:04 | INFO     | Saving at a/skeb/toririririre-3213b6.json
2026-09-14 04:14:05 | INFO     | OK https://skeb.jp/api/users/iwasi_29
2026-09-14 04:14:05 | INFO     | Saving at a/skeb/iwasi_29-a68453.json
2026-09-14 04:14:06 | INFO     | OK https://skeb.jp/api/users/shion_suzuhara
2026-09-14 04:14:06 | INFO     | Saving at a/skeb/shion_suzuhara-f78907.json
2026-09-14 04:14:07 | INFO     | OK https://skeb.jp/api/users/subtle_dawn
2026-09-14 04:14:07 | INFO     | Saving at a/skeb/subtle_dawn-909b55.json
2026-09-14 04:14:08 | INFO     | OK https://skeb.jp/api/users/rachikankin
2026-09-14 04:14:08 | INFO     | Saving at a/skeb/rachikankin-58f42a.json
2026-09-14 04:14:09 | INFO     | OK https://skeb.jp/api/users/komin_namihara
2026-09-14 04:14:09 | INFO     | Saving at a/skeb/komin_namihara-540865.json
2026-09-14 04:14:10 | INFO     | OK https://skeb.jp/api/users/Agemaki91315
2026-09-14 04:14:10 | INFO     | Saving at a/skeb/Agemaki91315-5a3b50.json
2026-09-14 04:14:11 | WARNING  | 404 on https://skeb.jp/api/users/kagio______yk (attempt 2/3)
2026-09-14 04:14:12 | INFO     | OK https://skeb.jp/api/users/Lamprey_8
2026-09-14 04:14:12 | INFO     | Saving at a/skeb/Lamprey_8-780ef2.json
2026-09-14 04:14:13 | INFO     | OK https://skeb.jp/api/users/Oekaki_oekaki_1
2026-09-14 04:14:13 | INFO     | Saving at a/skeb/Oekaki_oekaki_1-12d2a7.json
2026-09-14 04:14:14 | INFO     | OK https://skeb.jp/api/users/Liverwort_1341
2026-09-14 04:14:14 | INFO     | Saving at a/skeb/Liverwort_1341-25e15e.json
2026-09-14 04:14:15 | INFO     | OK https://skeb.jp/api/users/kotou192
2026-09-14 04:14:15 | INFO     | Saving at a/skeb/kotou192-e5486c.json
2026-09-14 04:14:16 | INFO     | OK https://skeb.jp/api/users/mikeira_rihu
2026-09-14 04:14:16 | INFO     | Saving at a/skeb/mikeira_rihu-662fbd.json
2026-09-14 04:14:17 | INFO     | OK https://skeb.jp/api/users/noluck1216
2026-09-14 04:14:17 | INFO     | Saving at a/skeb/noluck1216-a789bb.json
2026-09-14 04:14:18 | INFO     | OK https://skeb.jp/api/users/taraba_kaisen
2026-09-14 04:14:18 | INFO     | Saving at a/skeb/taraba_kaisen-df0967.json
2026-09-14 04:14:19 | INFO     | OK https://skeb.jp/api/users/karatsuki_fox
2026-09-14 04:14:19 | INFO     | Saving at a/skeb/karatsuki_fox-609259.json
2026-09-14 04:14:20 | INFO     | OK https://skeb.jp/api/users/soreyueny
2026-09-14 04:14:20 | INFO     | Saving at a/skeb/soreyueny-684ad1.json
2026-09-14 04:14:21 | INFO     | OK https://skeb.jp/api/users/Asuka_nin84
2026-09-14 04:14:21 | INFO     | Saving at a/skeb/Asuka_nin84-35f218.json
2026-09-14 04:14:22 | WARNING  | 404 on https://skeb.jp/api/users/ShuaNureba (attempt 1/3)
2026-09-14 04:14:23 | INFO     | OK https://skeb.jp/api/users/Hachipochi2000
2026-09-14 04:14:23 | INFO     | Saving at a/skeb/Hachipochi2000-8f0948.json
2026-09-14 04:14:24 | INFO     | OK https://skeb.jp/api/users/Argo_slothcat2
2026-09-14 04:14:24 | INFO     | Saving at a/skeb/Argo_slothcat2-6425f4.json
2026-09-14 04:14:25 | WARNING  | 404 on https://skeb.jp/api/users/kagio______yk (attempt 3/3)
2026-09-14 04:14:26 | WARNING  | 404 on https://skeb.jp/api/users/Pzaa124 (attempt 1/3)
2026-09-14 04:14:27 | INFO     | OK https://skeb.jp/api/users/fudotuti
2026-09-14 04:14:27 | INFO     | Saving at a/skeb/fudotuti-002930.json
2026-09-14 04:14:28 | INFO     | OK https://skeb.jp/api/users/sn_illust
2026-09-14 04:14:28 | INFO     | Saving at a/skeb/sn_illust-d974e7.json
2026-09-14 04:14:29 | INFO     | OK https://skeb.jp/api/users/Shizupla0120
2026-09-14 04:14:29 | INFO     | Saving at a/skeb/Shizupla0120-bdb5d4.json
2026-09-14 04:14:30 | INFO     | OK https://skeb.jp/api/users/teatei_0424
2026-09-14 04:14:30 | INFO     | Saving at a/skeb/teatei_0424-3fb2ef.json
2026-09-14 04:14:31 | INFO     | OK https://skeb.jp/api/users/mokarooru_0x0
2026-09-14 04:14:31 | INFO     | Saving at a/skeb/mokarooru_0x0-2e87ee.json
2026-09-14 04:14:32 | INFO     | OK https://skeb.jp/api/users/dodomayo
2026-09-14 04:14:32 | INFO     | Saving at a/skeb/dodomayo-c6e712.json
2026-09-14 04:14:33 | WARNING  | 404 on https://skeb.jp/api/users/Pzaa124 (attempt 2/3)
2026-09-14 04:14:34 | INFO     | OK https://skeb.jp/api/users/amuzack
2026-09-14 04:14:34 | INFO     | Saving at a/skeb/amuzack-65523c.json
2026-09-14 04:14:35 | INFO     | OK https://skeb.jp/api/users/goko_moon
2026-09-14 04:14:35 | INFO     | Saving at a/skeb/goko_moon-48b977.json
2026-09-14 04:14:36 | INFO     | OK https://skeb.jp/api/users/ryuno_stadtfeld
2026-09-14 04:14:36 | INFO     | Saving at a/skeb/ryuno_stadtfeld-7a4714.json
2026-09-14 04:14:37 | INFO     | OK https://skeb.jp/api/users/apple_san_po
2026-09-14 04:14:37 | INFO     | Saving at a/skeb/apple_san_po-f3a55d.json
2026-09-14 04:14:38 | WARNING  | 404 on https://skeb.jp/api/users/Pzaa124 (attempt 3/3)
2026-09-14 04:14:39 | INFO     | OK https://skeb.jp/api/users/red_sky
2026-09-14 04:14:39 | INFO     | Saving at a/skeb/red_sky-3f3138.json
2026-09-14 04:14:40 | INFO     | OK https://skeb.jp/api/users/pizzicato_il
2026-09-14 04:14:40 | INFO     | Saving at a/skeb/pizzicato_il-cca24e.json
2026-09-14 04:14:41 | INFO     | OK https://skeb.jp/api/users/night_load_Link
2026-09-14 04:14:41 | INFO     | Saving at a/skeb/night_load_Link-44a5a6.json
2026-09-14 04:14:42 | INFO     | OK https://skeb.jp/api/users/10loveeeyy
2026-09-14 04:14:42 | INFO     | Saving at a/skeb/10loveeeyy-ea40c7.json
2026-09-14 04:14:43 | INFO     | OK https://skeb.jp/api/users/gunmy_vtuber
2026-09-14 04:14:43 | INFO     | Saving at a/skeb/gunmy_vtuber-28da6d.json
2026-09-14 04:14:44 | INFO     | OK https://skeb.jp/api/users/harumachi_210
2026-09-14 04:14:44 | INFO     | Saving at a/skeb/harumachi_210-15548b.json
2026-09-14 04:14:45 | INFO     | OK https://skeb.jp/api/users/4_mu_Isub
2026-09-14 04:14:45 | INFO     | Saving at a/skeb/4_mu_Isub-25d7ff.json
2026-09-14 04:14:46 | WARNING  | 404 on https://skeb.jp/api/users/ShuaNureba (attempt 2/3)
2026-09-14 04:14:47 | INFO     | OK https://skeb.jp/api/users/r_t_k_a__
2026-09-14 04:14:47 | INFO     | Saving at a/skeb/r_t_k_a__-a56336.json
2026-09-14 04:14:48 | INFO     | OK https://skeb.jp/api/users/BpnXoziMDZzt3C8
2026-09-14 04:14:48 | INFO     | Saving at a/skeb/BpnXoziMDZzt3C8-dd47c9.json
2026-09-14 04:14:49 | INFO     | OK https://skeb.jp/api/users/Nomosuke172
2026-09-14 04:14:49 | INFO     | Saving at a/skeb/Nomosuke172-d909d7.json
2026-09-14 04:14:50 | INFO     | OK https://skeb.jp/api/users/MarmaChocori
2026-09-14 04:14:50 | INFO     | Saving at a/skeb/MarmaChocori-69da4e.json
2026-09-14 04:14:51 | INFO     | OK https://skeb.jp/api/users/so_chanko
2026-09-14 04:14:51 | INFO     | Saving at a/skeb/so_chanko-025f26.json
2026-09-14 04:14:52 | INFO     | OK https://skeb.jp/api/users/yasi_1198_ruten
2026-09-14 04:14:52 | INFO     | Saving at a/skeb/yasi_1198_ruten-b4f6cb.json
2026-09-14 04:14:53 | INFO     | OK https://skeb.jp/api/users/5eria1n0
2026-09-14 04:14:53 | INFO     | Saving at a/skeb/5eria1n0-55080b.json
2026-09-14 04:14:54 | WARNING  | 404 on https://skeb.jp/api/users/ShuaNureba (attempt 3/3)
2026-09-14 04:14:55 | INFO     | OK https://skeb.jp/api/users/kuinanoda
2026-09-14 04:14:55 | INFO     | Saving at a/skeb/kuinanoda-a56d6a.json
2026-09-14 04:14:56 | INFO     | OK https://skeb.jp/api/users/haraki_1497
2026-09-14 04:14:56 | INFO     | Saving at a/skeb/haraki_1497-5a517b.json
2026-09-14 04:14:57 | INFO     | OK https://skeb.jp/api/users/aoi_fuusen_inu
2026-09-14 04:14:57 | INFO     | Saving at a/skeb/aoi_fuusen_inu-10653d.json
2026-09-14 04:14:58 | INFO     | OK https://skeb.jp/api/users/cream_puff07
2026-09-14 04:14:58 | INFO     | Saving at a/skeb/cream_puff07-ae9f91.json
2026-09-14 04:14:59 | INFO     | OK https://skeb.jp/api/users/komainu2062
2026-09-14 04:14:59 | INFO     | Saving at a/skeb/komainu2062-71ddca.json
2026-09-14 04:15:00 | INFO     | OK https://skeb.jp/api/users/KAZelu_ssbu
2026-09-14 04:15:00 | INFO     | Saving at a/skeb/KAZelu_ssbu-14b9d8.json
2026-09-14 04:15:01 | WARNING  | 404 on https://skeb.jp/api/users/RFWhj0poFFTp3 (attempt 1/3)
2026-09-14 04:15:02 | INFO     | OK https://skeb.jp/api/users/msms_mmm_x
2026-09-14 04:15:02 | INFO     | Saving at a/skeb/msms_mmm_x-b7933d.json
2026-09-14 04:15:03 | INFO     | OK https://skeb.jp/api/users/dr_pepsi22
2026-09-14 04:15:03 | INFO     | Saving at a/skeb/dr_pepsi22-06ee91.json
2026-09-14 04:15:04 | INFO     | OK https://skeb.jp/api/users/byakkok99
2026-09-14 04:15:04 | INFO     | Saving at a/skeb/byakkok99-a16af3.json
2026-09-14 04:15:05 | INFO     | OK https://skeb.jp/api/users/luccas
2026-09-14 04:15:05 | INFO     | Saving at a/skeb/luccas-2d67a5.json
2026-09-14 04:15:06 | INFO     | OK https://skeb.jp/api/users/NENEON16
2026-09-14 04:15:06 | INFO     | Saving at a/skeb/NENEON16-5c9541.json
2026-09-14 04:15:07 | INFO     | OK https://skeb.jp/api/users/WhiteTiger_0126
2026-09-14 04:15:07 | INFO     | Saving at a/skeb/WhiteTiger_0126-6b57b9.json
2026-09-14 04:15:08 | INFO     | OK https://skeb.jp/api/users/rin_foxy
2026-09-14 04:15:08 | INFO     | Saving at a/skeb/rin_foxy-c738e7.json
2026-09-14 04:15:09 | INFO     | OK https://skeb.jp/api/users/xkonom1
2026-09-14 04:15:09 | INFO     | Saving at a/skeb/xkonom1-ec41d7.json
2026-09-14 04:15:10 | INFO     | OK https://skeb.jp/api/users/murasakigezi
2026-09-14 04:15:10 | INFO     | Saving at a/skeb/murasakigezi-b4652a.json
2026-09-14 04:15:11 | INFO     | OK https://skeb.jp/api/users/monster_MID
2026-09-14 04:15:11 | INFO     | Saving at a/skeb/monster_MID-d68d09.json
2026-09-14 04:15:12 | INFO     | OK https://skeb.jp/api/users/716MHz
2026-09-14 04:15:12 | INFO     | Saving at a/skeb/716MHz-f5d8eb.json
2026-09-14 04:15:13 | INFO     | OK https://skeb.jp/api/users/kakkines
2026-09-14 04:15:13 | INFO     | Saving at a/skeb/kakkines-64db77.json
2026-09-14 04:15:14 | INFO     | OK https://skeb.jp/api/users/Sachipic_
2026-09-14 04:15:14 | INFO     | Saving at a/skeb/Sachipic_-acb1d1.json
2026-09-14 04:15:15 | WARNING  | 404 on https://skeb.jp/api/users/RFWhj0poFFTp3 (attempt 2/3)
2026-09-14 04:15:16 | INFO     | OK https://skeb.jp/api/users/silverpixia
2026-09-14 04:15:16 | INFO     | Saving at a/skeb/silverpixia-000bd8.json
2026-09-14 04:15:17 | INFO     | OK https://skeb.jp/api/users/zefutefu
2026-09-14 04:15:17 | INFO     | Saving at a/skeb/zefutefu-4f7dad.json
2026-09-14 04:15:18 | INFO     | OK https://skeb.jp/api/users/the_sweetparty
2026-09-14 04:15:18 | INFO     | Saving at a/skeb/the_sweetparty-c442d8.json
2026-09-14 04:15:19 | INFO     | OK https://skeb.jp/api/users/synindx_73train
2026-09-14 04:15:19 | INFO     | Saving at a/skeb/synindx_73train-5b5ab3.json
2026-09-14 04:15:20 | INFO     | OK https://skeb.jp/api/users/Ceci_ru
2026-09-14 04:15:20 | INFO     | Saving at a/skeb/Ceci_ru-4fafa6.json
2026-09-14 04:15:21 | INFO     | OK https://skeb.jp/api/users/chacha_tora_04
2026-09-14 04:15:21 | INFO     | Saving at a/skeb/chacha_tora_04-01474e.json
2026-09-14 04:15:22 | INFO     | OK https://skeb.jp/api/users/uDunO0CKPpYI5uR
2026-09-14 04:15:22 | INFO     | Saving at a/skeb/uDunO0CKPpYI5uR-e80ba4.json
2026-09-14 04:15:23 | INFO     | OK https://skeb.jp/api/users/h_816
2026-09-14 04:15:23 | INFO     | Saving at a/skeb/h_816-7e53fb.json
2026-09-14 04:15:24 | INFO     | OK https://skeb.jp/api/users/Hatogaya_Saburo
2026-09-14 04:15:24 | INFO     | Saving at a/skeb/Hatogaya_Saburo-14f869.json
2026-09-14 04:15:25 | INFO     | OK https://skeb.jp/api/users/hanasakichu
2026-09-14 04:15:25 | INFO     | Saving at a/skeb/hanasakichu-1f3890.json
2026-09-14 04:15:26 | INFO     | OK https://skeb.jp/api/users/saku_hypearl
2026-09-14 04:15:26 | INFO     | Saving at a/skeb/saku_hypearl-2a81a3.json
2026-09-14 04:15:27 | INFO     | OK https://skeb.jp/api/users/swgg_sh
2026-09-14 04:15:27 | INFO     | Saving at a/skeb/swgg_sh-b60bdb.json
2026-09-14 04:15:28 | INFO     | OK https://skeb.jp/api/users/hiragana_sherry
2026-09-14 04:15:28 | INFO     | Saving at a/skeb/hiragana_sherry-2b17df.json
2026-09-14 04:15:29 | INFO     | OK https://skeb.jp/api/users/inuowk
2026-09-14 04:15:29 | INFO     | Saving at a/skeb/inuowk-eef6cc.json
2026-09-14 04:15:30 | INFO     | OK https://skeb.jp/api/users/Rai_se06
2026-09-14 04:15:30 | INFO     | Saving at a/skeb/Rai_se06-3b2e6e.json
2026-09-14 04:15:31 | WARNING  | 404 on https://skeb.jp/api/users/RFWhj0poFFTp3 (attempt 3/3)
2026-09-14 04:15:32 | INFO     | OK https://skeb.jp/api/users/mikoko1
2026-09-14 04:15:32 | INFO     | Saving at a/skeb/mikoko1-b8f3ec.json
2026-09-14 04:15:33 | INFO     | OK https://skeb.jp/api/users/kingGdora
2026-09-14 04:15:33 | INFO     | Saving at a/skeb/kingGdora-f2ddde.json
2026-09-14 04:15:34 | INFO     | OK https://skeb.jp/api/users/0ud0ntabetabe
2026-09-14 04:15:34 | INFO     | Saving at a/skeb/0ud0ntabetabe-95a309.json
2026-09-14 04:15:35 | INFO     | OK https://skeb.jp/api/users/Sakuto_101
2026-09-14 04:15:35 | INFO     | Saving at a/skeb/Sakuto_101-ae7824.json
2026-09-14 04:15:36 | INFO     | OK https://skeb.jp/api/users/_chamamel
2026-09-14 04:15:36 | INFO     | Saving at a/skeb/_chamamel-65bd83.json
2026-09-14 04:15:37 | INFO     | OK https://skeb.jp/api/users/mayoigo_why
2026-09-14 04:15:37 | INFO     | Saving at a/skeb/mayoigo_why-a51a21.json
2026-09-14 04:15:38 | INFO     | OK https://skeb.jp/api/users/gmenrome
2026-09-14 04:15:38 | INFO     | Saving at a/skeb/gmenrome-5054ae.json
2026-09-14 04:15:39 | INFO     | OK https://skeb.jp/api/users/skebghvf
2026-09-14 04:15:39 | INFO     | Saving at a/skeb/skebghvf-e6387b.json
2026-09-14 04:15:40 | INFO     | OK https://skeb.jp/api/users/koizumo_
2026-09-14 04:15:40 | INFO     | Saving at a/skeb/koizumo_-df4b68.json
2026-09-14 04:15:41 | INFO     | OK https://skeb.jp/api/users/Yogirimiri
2026-09-14 04:15:41 | INFO     | Saving at a/skeb/Yogirimiri-a60528.json
2026-09-14 04:15:42 | INFO     | OK https://skeb.jp/api/users/TENPPPdesu
2026-09-14 04:15:42 | INFO     | Saving at a/skeb/TENPPPdesu-829463.json
2026-09-14 04:15:43 | INFO     | OK https://skeb.jp/api/users/__wadachi
2026-09-14 04:15:43 | INFO     | Saving at a/skeb/__wadachi-61321f.json
2026-09-14 04:15:44 | INFO     | OK https://skeb.jp/api/users/sedayo_x
2026-09-14 04:15:44 | INFO     | Saving at a/skeb/sedayo_x-0e7951.json
2026-09-14 04:15:45 | INFO     | OK https://skeb.jp/api/users/kimera82ito
2026-09-14 04:15:45 | INFO     | Saving at a/skeb/kimera82ito-fc5b57.json
2026-09-14 04:15:46 | INFO     | OK https://skeb.jp/api/users/otogihanashi_o0
2026-09-14 04:15:46 | INFO     | Saving at a/skeb/otogihanashi_o0-044f84.json
2026-09-14 04:15:47 | INFO     | OK https://skeb.jp/api/users/setani_
2026-09-14 04:15:47 | INFO     | Saving at a/skeb/setani_-55cda3.json
2026-09-14 04:15:48 | INFO     | OK https://skeb.jp/api/users/kikuchiyo_craft
2026-09-14 04:15:48 | INFO     | Saving at a/skeb/kikuchiyo_craft-a1042a.json
2026-09-14 04:15:49 | INFO     | OK https://skeb.jp/api/users/Akasa_05
2026-09-14 04:15:49 | INFO     | Saving at a/skeb/Akasa_05-a6fa88.json
2026-09-14 04:15:50 | INFO     | OK https://skeb.jp/api/users/inumax1109
2026-09-14 04:15:50 | INFO     | Saving at a/skeb/inumax1109-fbbaae.json
2026-09-14 04:15:51 | INFO     | OK https://skeb.jp/api/users/alicetti1214
2026-09-14 04:15:51 | INFO     | Saving at a/skeb/alicetti1214-7690a8.json
2026-09-14 04:15:52 | INFO     | OK https://skeb.jp/api/users/taste_colorful
2026-09-14 04:15:52 | INFO     | Saving at a/skeb/taste_colorful-3769af.json
2026-09-14 04:15:53 | INFO     | OK https://skeb.jp/api/users/f_dqfu
2026-09-14 04:15:53 | INFO     | Saving at a/skeb/f_dqfu-5fcbfa.json
2026-09-14 04:15:54 | INFO     | OK https://skeb.jp/api/users/Altern8_line
2026-09-14 04:15:54 | INFO     | Saving at a/skeb/Altern8_line-15cf94.json
2026-09-14 04:15:55 | INFO     | OK https://skeb.jp/api/users/BW_Clean5959
2026-09-14 04:15:55 | INFO     | Saving at a/skeb/BW_Clean5959-ef6afb.json
2026-09-14 04:15:56 | INFO     | OK https://skeb.jp/api/users/hinata_habi_ss
2026-09-14 04:15:56 | INFO     | Saving at a/skeb/hinata_habi_ss-cb087b.json
2026-09-14 04:15:57 | INFO     | OK https://skeb.jp/api/users/Buke1128
2026-09-14 04:15:57 | INFO     | Saving at a/skeb/Buke1128-fa74f7.json
2026-09-14 04:15:58 | INFO     | OK https://skeb.jp/api/users/TanakaOjiiCH
2026-09-14 04:15:58 | INFO     | Saving at a/skeb/TanakaOjiiCH-d39d1c.json
2026-09-14 04:15:59 | INFO     | OK https://skeb.jp/api/users/karamen75
2026-09-14 04:15:59 | INFO     | Saving at a/skeb/karamen75-f7f739.json
2026-09-14 04:16:00 | INFO     | OK https://skeb.jp/api/users/fal_doto
2026-09-14 04:16:00 | INFO     | Saving at a/skeb/fal_doto-a41245.json
2026-09-14 04:16:01 | INFO     | OK https://skeb.jp/api/users/rusin4002
2026-09-14 04:16:01 | INFO     | Saving at a/skeb/rusin4002-3653e8.json
2026-09-14 04:16:02 | INFO     | OK https://skeb.jp/api/users/kirei_numa
2026-09-14 04:16:02 | INFO     | Saving at a/skeb/kirei_numa-ba15ea.json
2026-09-14 04:16:03 | INFO     | OK https://skeb.jp/api/users/zunda_no_okyaku
2026-09-14 04:16:03 | INFO     | Saving at a/skeb/zunda_no_okyaku-6f9427.json
2026-09-14 04:16:04 | INFO     | OK https://skeb.jp/api/users/omuwith0
2026-09-14 04:16:04 | INFO     | Saving at a/skeb/omuwith0-381d2f.json
2026-09-14 04:16:05 | INFO     | OK https://skeb.jp/api/users/sabasabaflash
2026-09-14 04:16:05 | INFO     | Saving at a/skeb/sabasabaflash-1df22f.json
2026-09-14 04:16:06 | INFO     | OK https://skeb.jp/api/users/noise__ghost
2026-09-14 04:16:06 | INFO     | Saving at a/skeb/noise__ghost-0895aa.json
2026-09-14 04:16:07 | INFO     | OK https://skeb.jp/api/users/E_no_RyM
2026-09-14 04:16:07 | INFO     | Saving at a/skeb/E_no_RyM-3a32fd.json
2026-09-14 04:16:08 | INFO     | OK https://skeb.jp/api/users/touya_oki_e
2026-09-14 04:16:08 | INFO     | Saving at a/skeb/touya_oki_e-b2cfe4.json
2026-09-14 04:16:09 | INFO     | OK https://skeb.jp/api/users/roha_
2026-09-14 04:16:09 | INFO     | Saving at a/skeb/roha_-bc0256.json
2026-09-14 04:16:10 | INFO     | OK https://skeb.jp/api/users/mayunas_
2026-09-14 04:16:10 | INFO     | Saving at a/skeb/mayunas_-2b6d7a.json
2026-09-14 04:16:11 | INFO     | OK https://skeb.jp/api/users/tatata_n3b7
2026-09-14 04:16:11 | INFO     | Saving at a/skeb/tatata_n3b7-59156f.json
2026-09-14 04:16:12 | INFO     | OK https://skeb.jp/api/users/3eda
2026-09-14 04:16:12 | INFO     | Saving at a/skeb/3eda-2f9d84.json
2026-09-14 04:16:13 | INFO     | OK https://skeb.jp/api/users/tsuyutsuki_kusa
2026-09-14 04:16:13 | INFO     | Saving at a/skeb/tsuyutsuki_kusa-b71e6e.json
2026-09-14 04:16:14 | INFO     | OK https://skeb.jp/api/users/rachel203pa
2026-09-14 04:16:14 | INFO     | Saving at a/skeb/rachel203pa-c11aaf.json
2026-09-14 04:16:15 | INFO     | OK https://skeb.jp/api/users/atumare872
2026-09-14 04:16:15 | INFO     | Saving at a/skeb/atumare872-6e7ffd.json
2026-09-14 04:16:16 | INFO     | OK https://skeb.jp/api/users/tukisirokanata
2026-09-14 04:16:16 | INFO     | Saving at a/skeb/tukisirokanata-c4c1bc.json
2026-09-14 04:16:17 | INFO     | OK https://skeb.jp/api/users/inarica8
2026-09-14 04:16:17 | INFO     | Saving at a/skeb/inarica8-bafcf9.json
2026-09-14 04:16:18 | INFO     | OK https://skeb.jp/api/users/kazakiri_form
2026-09-14 04:16:18 | INFO     | Saving at a/skeb/kazakiri_form-af52cc.json
2026-09-14 04:16:19 | INFO     | OK https://skeb.jp/api/users/siinaP_game
2026-09-14 04:16:19 | INFO     | Saving at a/skeb/siinaP_game-77456e.json
2026-09-14 04:16:20 | INFO     | OK https://skeb.jp/api/users/umina_neko
2026-09-14 04:16:20 | INFO     | Saving at a/skeb/umina_neko-f076ee.json
2026-09-14 04:16:21 | INFO     | OK https://skeb.jp/api/users/younng_load
2026-09-14 04:16:21 | INFO     | Saving at a/skeb/younng_load-1fda89.json
2026-09-14 04:16:22 | INFO     | OK https://skeb.jp/api/users/sien1009
2026-09-14 04:16:22 | INFO     | Saving at a/skeb/sien1009-99d85e.json
2026-09-14 04:16:23 | INFO     | OK https://skeb.jp/api/users/oya2no
2026-09-14 04:16:23 | INFO     | Saving at a/skeb/oya2no-820229.json
2026-09-14 04:16:24 | INFO     | OK https://skeb.jp/api/users/mako_tomako
2026-09-14 04:16:24 | INFO     | Saving at a/skeb/mako_tomako-67a035.json
2026-09-14 04:16:25 | INFO     | OK https://skeb.jp/api/users/matagi_14
2026-09-14 04:16:25 | INFO     | Saving at a/skeb/matagi_14-2a6d3c.json
2026-09-14 04:16:26 | INFO     | OK https://skeb.jp/api/users/Lilybird_twitte
2026-09-14 04:16:26 | INFO     | Saving at a/skeb/Lilybird_twitte-8aa83d.json
2026-09-14 04:16:27 | INFO     | OK https://skeb.jp/api/users/makinoki
2026-09-14 04:16:27 | INFO     | Saving at a/skeb/makinoki-cf7e7a.json
2026-09-14 04:16:28 | INFO     | OK https://skeb.jp/api/users/ko_cha_22
2026-09-14 04:16:28 | INFO     | Saving at a/skeb/ko_cha_22-96cb7f.json
2026-09-14 04:16:29 | INFO     | OK https://skeb.jp/api/users/yurar1_
2026-09-14 04:16:29 | INFO     | Saving at a/skeb/yurar1_-ea088b.json
2026-09-14 04:16:30 | INFO     | OK https://skeb.jp/api/users/mikeli_li
2026-09-14 04:16:30 | INFO     | Saving at a/skeb/mikeli_li-9c6002.json
2026-09-14 04:16:31 | INFO     | OK https://skeb.jp/api/users/ajiwai_maroyaka
2026-09-14 04:16:31 | INFO     | Saving at a/skeb/ajiwai_maroyaka-2bf54f.json
2026-09-14 04:16:32 | INFO     | OK https://skeb.jp/api/users/oujiro12
2026-09-14 04:16:32 | INFO     | Saving at a/skeb/oujiro12-b5d624.json
2026-09-14 04:16:33 | INFO     | OK https://skeb.jp/api/users/shio_shi1
2026-09-14 04:16:33 | INFO     | Saving at a/skeb/shio_shi1-c81c69.json
2026-09-14 04:16:34 | INFO     | OK https://skeb.jp/api/users/tumugi_yuunagi
2026-09-14 04:16:34 | INFO     | Saving at a/skeb/tumugi_yuunagi-207ebf.json
2026-09-14 04:16:35 | INFO     | OK https://skeb.jp/api/users/hekisa_ametrine
2026-09-14 04:16:35 | INFO     | Saving at a/skeb/hekisa_ametrine-695b34.json
2026-09-14 04:16:36 | INFO     | OK https://skeb.jp/api/users/kyouya0514
2026-09-14 04:16:36 | INFO     | Saving at a/skeb/kyouya0514-51f37c.json
2026-09-14 04:16:37 | INFO     | OK https://skeb.jp/api/users/Fuwaneko_illust
2026-09-14 04:16:37 | INFO     | Saving at a/skeb/Fuwaneko_illust-57aa26.json
2026-09-14 04:16:38 | INFO     | OK https://skeb.jp/api/users/mizyuz
2026-09-14 04:16:38 | INFO     | Saving at a/skeb/mizyuz-2d64ce.json
2026-09-14 04:16:39 | INFO     | OK https://skeb.jp/api/users/aichi_100
2026-09-14 04:16:39 | INFO     | Saving at a/skeb/aichi_100-2205e9.json
2026-09-14 04:16:40 | INFO     | OK https://skeb.jp/api/users/aquata0x100
2026-09-14 04:16:40 | INFO     | Saving at a/skeb/aquata0x100-a930bc.json
2026-09-14 04:16:41 | INFO     | OK https://skeb.jp/api/users/yonnoki
2026-09-14 04:16:41 | INFO     | Saving at a/skeb/yonnoki-21ebfa.json
2026-09-14 04:16:42 | WARNING  | 404 on https://skeb.jp/api/users/MomonekoAmu (attempt 1/3)
2026-09-14 04:16:43 | INFO     | OK https://skeb.jp/api/users/kenomasu_9991
2026-09-14 04:16:43 | INFO     | Saving at a/skeb/kenomasu_9991-ea382c.json
2026-09-14 04:16:44 | INFO     | OK https://skeb.jp/api/users/HozGD
2026-09-14 04:16:44 | INFO     | Saving at a/skeb/HozGD-2c15f9.json
2026-09-14 04:16:45 | WARNING  | 404 on https://skeb.jp/api/users/MomonekoAmu (attempt 2/3)
2026-09-14 04:16:46 | INFO     | OK https://skeb.jp/api/users/Ayamezaki0430
2026-09-14 04:16:46 | INFO     | Saving at a/skeb/Ayamezaki0430-c124ec.json
2026-09-14 04:16:47 | INFO     | OK https://skeb.jp/api/users/syairo108
2026-09-14 04:16:47 | INFO     | Saving at a/skeb/syairo108-370950.json
2026-09-14 04:16:48 | INFO     | OK https://skeb.jp/api/users/OkbBETA
2026-09-14 04:16:48 | INFO     | Saving at a/skeb/OkbBETA-6960f1.json
2026-09-14 04:16:49 | INFO     | OK https://skeb.jp/api/users/kirinaoshi
2026-09-14 04:16:49 | INFO     | Saving at a/skeb/kirinaoshi-9b097f.json
2026-09-14 04:16:50 | INFO     | OK https://skeb.jp/api/users/neno_same
2026-09-14 04:16:50 | INFO     | Saving at a/skeb/neno_same-89ec12.json
2026-09-14 04:16:51 | INFO     | OK https://skeb.jp/api/users/TimeCONFLAX
2026-09-14 04:16:51 | INFO     | Saving at a/skeb/TimeCONFLAX-d74ac0.json
2026-09-14 04:16:52 | WARNING  | 404 on https://skeb.jp/api/users/MomonekoAmu (attempt 3/3)
2026-09-14 04:16:53 | INFO     | OK https://skeb.jp/api/users/kimagurekisagne
2026-09-14 04:16:53 | INFO     | Saving at a/skeb/kimagurekisagne-b1359f.json
2026-09-14 04:16:54 | INFO     | OK https://skeb.jp/api/users/dainamen556
2026-09-14 04:16:54 | INFO     | Saving at a/skeb/dainamen556-473a40.json
2026-09-14 04:16:55 | INFO     | OK https://skeb.jp/api/users/rettannprpr
2026-09-14 04:16:55 | INFO     | Saving at a/skeb/rettannprpr-dee098.json
2026-09-14 04:16:56 | INFO     | OK https://skeb.jp/api/users/yoooi____yoiyoi
2026-09-14 04:16:56 | INFO     | Saving at a/skeb/yoooi____yoiyoi-3e97f6.json
2026-09-14 04:16:57 | WARNING  | 404 on https://skeb.jp/api/users/creatures (attempt 1/3)
2026-09-14 04:16:58 | INFO     | OK https://skeb.jp/api/users/hokage_tomoe
2026-09-14 04:16:58 | INFO     | Saving at a/skeb/hokage_tomoe-54c353.json
2026-09-14 04:16:59 | INFO     | OK https://skeb.jp/api/users/sqmi_i
2026-09-14 04:16:59 | INFO     | Saving at a/skeb/sqmi_i-7dd57a.json
2026-09-14 04:17:00 | INFO     | OK https://skeb.jp/api/users/akaru_xxx
2026-09-14 04:17:00 | INFO     | Saving at a/skeb/akaru_xxx-8901d0.json
2026-09-14 04:17:01 | WARNING  | 404 on https://skeb.jp/api/users/creatures (attempt 2/3)
2026-09-14 04:17:02 | INFO     | OK https://skeb.jp/api/users/noshimecha
2026-09-14 04:17:02 | INFO     | Saving at a/skeb/noshimecha-f38597.json
2026-09-14 04:17:03 | INFO     | OK https://skeb.jp/api/users/marukogerita
2026-09-14 04:17:03 | INFO     | Saving at a/skeb/marukogerita-c8715a.json
2026-09-14 04:17:04 | INFO     | OK https://skeb.jp/api/users/ursla99
2026-09-14 04:17:04 | INFO     | Saving at a/skeb/ursla99-07aedb.json
2026-09-14 04:17:05 | INFO     | OK https://skeb.jp/api/users/MakotoPppp
2026-09-14 04:17:05 | INFO     | Saving at a/skeb/MakotoPppp-e3b3a3.json
2026-09-14 04:17:06 | INFO     | OK https://skeb.jp/api/users/mosamosa2740
2026-09-14 04:17:06 | INFO     | Saving at a/skeb/mosamosa2740-fddd7f.json
2026-09-14 04:17:07 | INFO     | OK https://skeb.jp/api/users/Nayuki_Mayu
2026-09-14 04:17:07 | INFO     | Saving at a/skeb/Nayuki_Mayu-ead64c.json
2026-09-14 04:17:08 | INFO     | OK https://skeb.jp/api/users/Ankoburo
2026-09-14 04:17:08 | INFO     | Saving at a/skeb/Ankoburo-4b1b73.json
2026-09-14 04:17:09 | INFO     | OK https://skeb.jp/api/users/shirosaki_works
2026-09-14 04:17:09 | INFO     | Saving at a/skeb/shirosaki_works-aa4e14.json
2026-09-14 04:17:10 | INFO     | OK https://skeb.jp/api/users/vastole
2026-09-14 04:17:10 | INFO     | Saving at a/skeb/vastole-5ea01d.json
2026-09-14 04:17:11 | INFO     | OK https://skeb.jp/api/users/odoro_
2026-09-14 04:17:11 | INFO     | Saving at a/skeb/odoro_-40f481.json
2026-09-14 04:17:12 | INFO     | OK https://skeb.jp/api/users/H_karakurenai
2026-09-14 04:17:12 | INFO     | Saving at a/skeb/H_karakurenai-8df1bf.json
2026-09-14 04:17:13 | INFO     | OK https://skeb.jp/api/users/ORk36846
2026-09-14 04:17:13 | INFO     | Saving at a/skeb/ORk36846-845a2d.json
2026-09-14 04:17:14 | INFO     | OK https://skeb.jp/api/users/toluol_0925
2026-09-14 04:17:14 | INFO     | Saving at a/skeb/toluol_0925-6c53cc.json
2026-09-14 04:17:15 | INFO     | OK https://skeb.jp/api/users/KumaPoko_Punch
2026-09-14 04:17:15 | INFO     | Saving at a/skeb/KumaPoko_Punch-429087.json
2026-09-14 04:17:16 | INFO     | OK https://skeb.jp/api/users/Rakko_TRPG777
2026-09-14 04:17:16 | INFO     | Saving at a/skeb/Rakko_TRPG777-8100e6.json
2026-09-14 04:17:17 | INFO     | OK https://skeb.jp/api/users/sow72853631
2026-09-14 04:17:17 | INFO     | Saving at a/skeb/sow72853631-b5ddfe.json
2026-09-14 04:17:18 | INFO     | OK https://skeb.jp/api/users/_M_0_T_H_
2026-09-14 04:17:18 | INFO     | Saving at a/skeb/_M_0_T_H_-29f631.json
2026-09-14 04:17:19 | INFO     | OK https://skeb.jp/api/users/yanya_____
2026-09-14 04:17:19 | INFO     | Saving at a/skeb/yanya_____-031f4f.json
2026-09-14 04:17:20 | INFO     | OK https://skeb.jp/api/users/zombiemiso
2026-09-14 04:17:20 | INFO     | Saving at a/skeb/zombiemiso-37bd6e.json
2026-09-14 04:17:21 | INFO     | OK https://skeb.jp/api/users/ahiringo_19
2026-09-14 04:17:21 | INFO     | Saving at a/skeb/ahiringo_19-212565.json
2026-09-14 04:17:22 | INFO     | OK https://skeb.jp/api/users/Kotatsu_BBP
2026-09-14 04:17:22 | INFO     | Saving at a/skeb/Kotatsu_BBP-08a4b6.json
2026-09-14 04:17:23 | INFO     | OK https://skeb.jp/api/users/tmh_red
2026-09-14 04:17:23 | INFO     | Saving at a/skeb/tmh_red-93caff.json
2026-09-14 04:17:24 | INFO     | OK https://skeb.jp/api/users/koyuirai
2026-09-14 04:17:24 | INFO     | Saving at a/skeb/koyuirai-e42b99.json
2026-09-14 04:17:25 | INFO     | OK https://skeb.jp/api/users/menma_33
2026-09-14 04:17:25 | INFO     | Saving at a/skeb/menma_33-4c3866.json
2026-09-14 04:17:26 | INFO     | OK https://skeb.jp/api/users/sunflower_skeb
2026-09-14 04:17:26 | INFO     | Saving at a/skeb/sunflower_skeb-bd4ced.json
2026-09-14 04:17:27 | INFO     | OK https://skeb.jp/api/users/wata9mm_no
2026-09-14 04:17:27 | INFO     | Saving at a/skeb/wata9mm_no-916bd9.json
2026-09-14 04:17:28 | INFO     | OK https://skeb.jp/api/users/lovesakotu
2026-09-14 04:17:28 | INFO     | Saving at a/skeb/lovesakotu-4afbf4.json
2026-09-14 04:17:29 | INFO     | OK https://skeb.jp/api/users/U_gros
2026-09-14 04:17:29 | INFO     | Saving at a/skeb/U_gros-b82833.json
2026-09-14 04:17:30 | INFO     | OK https://skeb.jp/api/users/obashiso
2026-09-14 04:17:30 | INFO     | Saving at a/skeb/obashiso-91fadf.json
2026-09-14 04:17:31 | INFO     | OK https://skeb.jp/api/users/omuraisulu
2026-09-14 04:17:31 | INFO     | Saving at a/skeb/omuraisulu-75d96d.json
2026-09-14 04:17:32 | WARNING  | 404 on https://skeb.jp/api/users/creatures (attempt 3/3)
2026-09-14 04:17:33 | INFO     | OK https://skeb.jp/api/users/pu_nkn
2026-09-14 04:17:33 | INFO     | Saving at a/skeb/pu_nkn-a79e26.json
2026-09-14 04:17:34 | INFO     | OK https://skeb.jp/api/users/3hgdatunuri
2026-09-14 04:17:34 | INFO     | Saving at a/skeb/3hgdatunuri-f594fe.json
2026-09-14 04:17:35 | INFO     | OK https://skeb.jp/api/users/gawasuki055
2026-09-14 04:17:35 | INFO     | Saving at a/skeb/gawasuki055-03ff55.json
2026-09-14 04:17:36 | INFO     | OK https://skeb.jp/api/users/cherichuxx
2026-09-14 04:17:36 | INFO     | Saving at a/skeb/cherichuxx-dbf3bc.json
2026-09-14 04:17:37 | INFO     | OK https://skeb.jp/api/users/96mokei
2026-09-14 04:17:37 | INFO     | Saving at a/skeb/96mokei-a2a497.json
2026-09-14 04:17:38 | INFO     | OK https://skeb.jp/api/users/kariyuonly
2026-09-14 04:17:38 | INFO     | Saving at a/skeb/kariyuonly-085de2.json
2026-09-14 04:17:39 | INFO     | OK https://skeb.jp/api/users/aruru_rrrr
2026-09-14 04:17:39 | INFO     | Saving at a/skeb/aruru_rrrr-d3c222.json
2026-09-14 04:17:40 | INFO     | OK https://skeb.jp/api/users/93187na
2026-09-14 04:17:40 | INFO     | Saving at a/skeb/93187na-db8586.json
2026-09-14 04:17:41 | INFO     | OK https://skeb.jp/api/users/caferate_2
2026-09-14 04:17:41 | INFO     | Saving at a/skeb/caferate_2-79de0d.json
2026-09-14 04:17:42 | INFO     | OK https://skeb.jp/api/users/hato_sicksick
2026-09-14 04:17:42 | INFO     | Saving at a/skeb/hato_sicksick-0d0793.json
2026-09-14 04:17:43 | INFO     | OK https://skeb.jp/api/users/teriosdolls
2026-09-14 04:17:43 | INFO     | Saving at a/skeb/teriosdolls-3414ad.json
2026-09-14 04:17:44 | INFO     | OK https://skeb.jp/api/users/Esusan
2026-09-14 04:17:44 | INFO     | Saving at a/skeb/Esusan-b88667.json
2026-09-14 04:17:45 | INFO     | OK https://skeb.jp/api/users/pieiru
2026-09-14 04:17:45 | INFO     | Saving at a/skeb/pieiru-11b1cb.json
2026-09-14 04:17:46 | INFO     | OK https://skeb.jp/api/users/90kyuuri
2026-09-14 04:17:46 | INFO     | Saving at a/skeb/90kyuuri-504fe0.json
2026-09-14 04:17:47 | INFO     | OK https://skeb.jp/api/users/kamenR000
2026-09-14 04:17:47 | INFO     | Saving at a/skeb/kamenR000-47539a.json
2026-09-14 04:17:48 | INFO     | OK https://skeb.jp/api/users/mogumogu_ryo
2026-09-14 04:17:48 | INFO     | Saving at a/skeb/mogumogu_ryo-dacf1f.json
2026-09-14 04:17:49 | INFO     | OK https://skeb.jp/api/users/sword_of_nmkr
2026-09-14 04:17:49 | INFO     | Saving at a/skeb/sword_of_nmkr-dab6b8.json
2026-09-14 04:17:50 | INFO     | OK https://skeb.jp/api/users/nooooo563
2026-09-14 04:17:50 | INFO     | Saving at a/skeb/nooooo563-149e8d.json
2026-09-14 04:17:51 | INFO     | OK https://skeb.jp/api/users/Hotaruisi_puyo
2026-09-14 04:17:51 | INFO     | Saving at a/skeb/Hotaruisi_puyo-a976be.json
2026-09-14 04:17:52 | INFO     | OK https://skeb.jp/api/users/karubolion
2026-09-14 04:17:52 | INFO     | Saving at a/skeb/karubolion-4a593c.json
2026-09-14 04:17:53 | INFO     | OK https://skeb.jp/api/users/dai00888
2026-09-14 04:17:53 | INFO     | Saving at a/skeb/dai00888-846232.json
2026-09-14 04:17:54 | INFO     | OK https://skeb.jp/api/users/ochatoissho
2026-09-14 04:17:54 | INFO     | Saving at a/skeb/ochatoissho-4c7cdb.json
2026-09-14 04:17:55 | INFO     | OK https://skeb.jp/api/users/armandonnay
2026-09-14 04:17:55 | INFO     | Saving at a/skeb/armandonnay-989a9c.json
2026-09-14 04:17:56 | INFO     | OK https://skeb.jp/api/users/kakarichokacho
2026-09-14 04:17:56 | INFO     | Saving at a/skeb/kakarichokacho-d7db00.json
2026-09-14 04:17:57 | INFO     | OK https://skeb.jp/api/users/Syukyokunomemo
2026-09-14 04:17:57 | INFO     | Saving at a/skeb/Syukyokunomemo-90e063.json
2026-09-14 04:17:58 | INFO     | OK https://skeb.jp/api/users/ortho_kaeritai
2026-09-14 04:17:58 | INFO     | Saving at a/skeb/ortho_kaeritai-be6aed.json
2026-09-14 04:17:59 | INFO     | OK https://skeb.jp/api/users/mol0123hu
2026-09-14 04:17:59 | INFO     | Saving at a/skeb/mol0123hu-0fe7c5.json
2026-09-14 04:18:00 | INFO     | OK https://skeb.jp/api/users/banana0205_74
2026-09-14 04:18:00 | INFO     | Saving at a/skeb/banana0205_74-aa8f3a.json
2026-09-14 04:18:01 | INFO     | OK https://skeb.jp/api/users/hsd145
2026-09-14 04:18:01 | INFO     | Saving at a/skeb/hsd145-a245ee.json
2026-09-14 04:18:02 | INFO     | OK https://skeb.jp/api/users/shimabu14
2026-09-14 04:18:02 | INFO     | Saving at a/skeb/shimabu14-81b1c3.json
2026-09-14 04:18:03 | INFO     | OK https://skeb.jp/api/users/Scalaplace
2026-09-14 04:18:03 | INFO     | Saving at a/skeb/Scalaplace-1e5b74.json
2026-09-14 04:18:04 | INFO     | OK https://skeb.jp/api/users/6thAvenue_Re
2026-09-14 04:18:04 | INFO     | Saving at a/skeb/6thAvenue_Re-87f31c.json
2026-09-14 04:18:05 | INFO     | OK https://skeb.jp/api/users/k1mama_
2026-09-14 04:18:05 | INFO     | Saving at a/skeb/k1mama_-dce343.json
2026-09-14 04:18:06 | INFO     | OK https://skeb.jp/api/users/nuuuuu00_xxx
2026-09-14 04:18:06 | INFO     | Saving at a/skeb/nuuuuu00_xxx-c8df8a.json
2026-09-14 04:18:07 | INFO     | OK https://skeb.jp/api/users/amairoka
2026-09-14 04:18:07 | INFO     | Saving at a/skeb/amairoka-9a30b1.json
2026-09-14 04:18:08 | INFO     | OK https://skeb.jp/api/users/unison
2026-09-14 04:18:08 | INFO     | Saving at a/skeb/unison-9770a9.json
2026-09-14 04:18:09 | INFO     | OK https://skeb.jp/api/users/_star_fall
2026-09-14 04:18:09 | INFO     | Saving at a/skeb/_star_fall-7be1e2.json
2026-09-14 04:18:10 | INFO     | OK https://skeb.jp/api/users/tamako_omochi
2026-09-14 04:18:10 | INFO     | Saving at a/skeb/tamako_omochi-5a2c42.json
2026-09-14 04:18:11 | INFO     | OK https://skeb.jp/api/users/ekiaroll
2026-09-14 04:18:11 | INFO     | Saving at a/skeb/ekiaroll-caa0b8.json
2026-09-14 04:18:12 | WARNING  | 404 on https://skeb.jp/api/users/IrisRoxella (attempt 1/3)
2026-09-14 04:18:13 | INFO     | OK https://skeb.jp/api/users/KumaSunSecond
2026-09-14 04:18:13 | INFO     | Saving at a/skeb/KumaSunSecond-fa2ff9.json
2026-09-14 04:18:14 | INFO     | OK https://skeb.jp/api/users/AyaHotaru_V
2026-09-14 04:18:14 | INFO     | Saving at a/skeb/AyaHotaru_V-e0fc01.json
2026-09-14 04:18:15 | INFO     | OK https://skeb.jp/api/users/soa_nizi
2026-09-14 04:18:15 | INFO     | Saving at a/skeb/soa_nizi-17b46a.json
2026-09-14 04:18:16 | WARNING  | 404 on https://skeb.jp/api/users/IrisRoxella (attempt 2/3)
2026-09-14 04:18:17 | INFO     | OK https://skeb.jp/api/users/Osa_kouzyou
2026-09-14 04:18:17 | INFO     | Saving at a/skeb/Osa_kouzyou-3b2aff.json
2026-09-14 04:18:18 | INFO     | OK https://skeb.jp/api/users/jyoubu_masaru
2026-09-14 04:18:18 | INFO     | Saving at a/skeb/jyoubu_masaru-9f52f1.json
2026-09-14 04:18:19 | INFO     | OK https://skeb.jp/api/users/mon_ster_s
2026-09-14 04:18:19 | INFO     | Saving at a/skeb/mon_ster_s-ccca71.json
2026-09-14 04:18:20 | INFO     | OK https://skeb.jp/api/users/Sg003_s
2026-09-14 04:18:20 | INFO     | Saving at a/skeb/Sg003_s-a8ffb4.json
2026-09-14 04:18:21 | INFO     | OK https://skeb.jp/api/users/GAMI37260414
2026-09-14 04:18:21 | INFO     | Saving at a/skeb/GAMI37260414-be908c.json
2026-09-14 04:18:22 | INFO     | OK https://skeb.jp/api/users/sumire910915
2026-09-14 04:18:22 | INFO     | Saving at a/skeb/sumire910915-dc8c24.json
2026-09-14 04:18:23 | INFO     | OK https://skeb.jp/api/users/filkiakei
2026-09-14 04:18:23 | INFO     | Saving at a/skeb/filkiakei-e585ea.json
2026-09-14 04:18:24 | INFO     | OK https://skeb.jp/api/users/sei_fs
2026-09-14 04:18:24 | INFO     | Saving at a/skeb/sei_fs-491e4b.json
2026-09-14 04:18:25 | INFO     | OK https://skeb.jp/api/users/kanade2132
2026-09-14 04:18:25 | INFO     | Saving at a/skeb/kanade2132-87070b.json
2026-09-14 04:18:26 | INFO     | OK https://skeb.jp/api/users/SEKIMEROU
2026-09-14 04:18:26 | INFO     | Saving at a/skeb/SEKIMEROU-edd525.json
2026-09-14 04:18:27 | INFO     | OK https://skeb.jp/api/users/On3_00
2026-09-14 04:18:27 | INFO     | Saving at a/skeb/On3_00-c48710.json
2026-09-14 04:18:28 | INFO     | OK https://skeb.jp/api/users/E_27910
2026-09-14 04:18:28 | INFO     | Saving at a/skeb/E_27910-22bb46.json
2026-09-14 04:18:29 | INFO     | OK https://skeb.jp/api/users/ren_xoxo_o
2026-09-14 04:18:29 | INFO     | Saving at a/skeb/ren_xoxo_o-74729e.json
2026-09-14 04:18:30 | INFO     | OK https://skeb.jp/api/users/nere_nee
2026-09-14 04:18:30 | INFO     | Saving at a/skeb/nere_nee-2b3072.json
2026-09-14 04:18:31 | INFO     | OK https://skeb.jp/api/users/Cleyseamod4
2026-09-14 04:18:31 | INFO     | Saving at a/skeb/Cleyseamod4-3db9cf.json
2026-09-14 04:18:32 | INFO     | OK https://skeb.jp/api/users/Sera3196
2026-09-14 04:18:32 | INFO     | Saving at a/skeb/Sera3196-844e8e.json
2026-09-14 04:18:33 | INFO     | OK https://skeb.jp/api/users/penguinsekaiii
2026-09-14 04:18:33 | INFO     | Saving at a/skeb/penguinsekaiii-12e200.json
2026-09-14 04:18:34 | INFO     | OK https://skeb.jp/api/users/utumimwntar
2026-09-14 04:18:34 | INFO     | Saving at a/skeb/utumimwntar-50d52a.json
2026-09-14 04:18:35 | INFO     | OK https://skeb.jp/api/users/satanxe
2026-09-14 04:18:35 | INFO     | Saving at a/skeb/satanxe-30921b.json
2026-09-14 04:18:36 | INFO     | OK https://skeb.jp/api/users/KoazaKaname
2026-09-14 04:18:36 | INFO     | Saving at a/skeb/KoazaKaname-d46954.json
2026-09-14 04:18:37 | INFO     | OK https://skeb.jp/api/users/miitan_724
2026-09-14 04:18:37 | INFO     | Saving at a/skeb/miitan_724-8639c5.json
2026-09-14 04:18:38 | INFO     | OK https://skeb.jp/api/users/kago870
2026-09-14 04:18:38 | INFO     | Saving at a/skeb/kago870-113f09.json
2026-09-14 04:18:39 | INFO     | OK https://skeb.jp/api/users/zarezare_Diego
2026-09-14 04:18:39 | INFO     | Saving at a/skeb/zarezare_Diego-abd6c8.json
2026-09-14 04:18:40 | INFO     | OK https://skeb.jp/api/users/orihara13
2026-09-14 04:18:40 | INFO     | Saving at a/skeb/orihara13-1c2aa2.json
2026-09-14 04:18:41 | INFO     | OK https://skeb.jp/api/users/elysia2020
2026-09-14 04:18:41 | INFO     | Saving at a/skeb/elysia2020-9cfe49.json
2026-09-14 04:18:42 | INFO     | OK https://skeb.jp/api/users/takuto_kuroito
2026-09-14 04:18:42 | INFO     | Saving at a/skeb/takuto_kuroito-ecf204.json
2026-09-14 04:18:43 | INFO     | OK https://skeb.jp/api/users/snnm_pic
2026-09-14 04:18:43 | INFO     | Saving at a/skeb/snnm_pic-c94714.json
2026-09-14 04:18:44 | INFO     | OK https://skeb.jp/api/users/kaede_amemiya
2026-09-14 04:18:44 | INFO     | Saving at a/skeb/kaede_amemiya-f66296.json
2026-09-14 04:18:45 | INFO     | OK https://skeb.jp/api/users/kounoji_illust
2026-09-14 04:18:45 | INFO     | Saving at a/skeb/kounoji_illust-b28108.json
2026-09-14 04:18:46 | INFO     | OK https://skeb.jp/api/users/shirose_yui
2026-09-14 04:18:46 | INFO     | Saving at a/skeb/shirose_yui-b3009d.json
2026-09-14 04:18:47 | INFO     | OK https://skeb.jp/api/users/kazunotneet
2026-09-14 04:18:47 | INFO     | Saving at a/skeb/kazunotneet-7fc416.json
2026-09-14 04:18:48 | INFO     | OK https://skeb.jp/api/users/gen_kvkv
2026-09-14 04:18:48 | INFO     | Saving at a/skeb/gen_kvkv-6c684b.json
2026-09-14 04:18:49 | INFO     | OK https://skeb.jp/api/users/House_of_citrus
2026-09-14 04:18:49 | INFO     | Saving at a/skeb/House_of_citrus-b81b46.json
2026-09-14 04:18:50 | INFO     | OK https://skeb.jp/api/users/takorice_r
2026-09-14 04:18:50 | INFO     | Saving at a/skeb/takorice_r-fee3a3.json
2026-09-14 04:18:51 | INFO     | OK https://skeb.jp/api/users/med_dkdk
2026-09-14 04:18:51 | INFO     | Saving at a/skeb/med_dkdk-440bc9.json
2026-09-14 04:18:52 | INFO     | OK https://skeb.jp/api/users/dra5on_tatsumi
2026-09-14 04:18:52 | INFO     | Saving at a/skeb/dra5on_tatsumi-719272.json
2026-09-14 04:18:53 | INFO     | OK https://skeb.jp/api/users/hatena___
2026-09-14 04:18:53 | INFO     | Saving at a/skeb/hatena___-06eb74.json
2026-09-14 04:18:54 | INFO     | OK https://skeb.jp/api/users/Shiozakiotoko
2026-09-14 04:18:54 | INFO     | Saving at a/skeb/Shiozakiotoko-872e5a.json
2026-09-14 04:18:55 | INFO     | OK https://skeb.jp/api/users/ukiyo_machi
2026-09-14 04:18:55 | INFO     | Saving at a/skeb/ukiyo_machi-81b53a.json
2026-09-14 04:18:56 | INFO     | OK https://skeb.jp/api/users/Iro_1661
2026-09-14 04:18:56 | INFO     | Saving at a/skeb/Iro_1661-f47153.json
2026-09-14 04:18:57 | INFO     | OK https://skeb.jp/api/users/cotatubo
2026-09-14 04:18:57 | INFO     | Saving at a/skeb/cotatubo-9acab8.json
2026-09-14 04:18:58 | INFO     | OK https://skeb.jp/api/users/bochi0000
2026-09-14 04:18:58 | INFO     | Saving at a/skeb/bochi0000-f5a7dc.json
2026-09-14 04:18:59 | INFO     | OK https://skeb.jp/api/users/kazama_nagi
2026-09-14 04:18:59 | INFO     | Saving at a/skeb/kazama_nagi-3f10d1.json
2026-09-14 04:19:00 | INFO     | OK https://skeb.jp/api/users/pandamadada
2026-09-14 04:19:00 | INFO     | Saving at a/skeb/pandamadada-2d9a22.json
2026-09-14 04:19:01 | INFO     | OK https://skeb.jp/api/users/ojyama_djg
2026-09-14 04:19:01 | INFO     | Saving at a/skeb/ojyama_djg-a6152a.json
2026-09-14 04:19:02 | INFO     | OK https://skeb.jp/api/users/rirukuthi
2026-09-14 04:19:02 | INFO     | Saving at a/skeb/rirukuthi-9c9051.json
2026-09-14 04:19:03 | WARNING  | 404 on https://skeb.jp/api/users/IrisRoxella (attempt 3/3)
2026-09-14 04:19:04 | WARNING  | 404 on https://skeb.jp/api/users/miwotsukushi_ (attempt 1/3)
2026-09-14 04:19:05 | INFO     | OK https://skeb.jp/api/users/xxhaberixx
2026-09-14 04:19:05 | INFO     | Saving at a/skeb/xxhaberixx-6439ac.json
2026-09-14 04:19:06 | INFO     | OK https://skeb.jp/api/users/raina0317
2026-09-14 04:19:06 | INFO     | Saving at a/skeb/raina0317-96edd7.json
2026-09-14 04:19:07 | INFO     | OK https://skeb.jp/api/users/oXm666_log
2026-09-14 04:19:07 | INFO     | Saving at a/skeb/oXm666_log-229c92.json
2026-09-14 04:19:08 | INFO     | OK https://skeb.jp/api/users/_ko_oketi5
2026-09-14 04:19:08 | INFO     | Saving at a/skeb/_ko_oketi5-d027eb.json
2026-09-14 04:19:09 | INFO     | OK https://skeb.jp/api/users/keseranpasaraa
2026-09-14 04:19:09 | INFO     | Saving at a/skeb/keseranpasaraa-33dcb0.json
2026-09-14 04:19:10 | INFO     | OK https://skeb.jp/api/users/kokone2722
2026-09-14 04:19:10 | INFO     | Saving at a/skeb/kokone2722-709538.json
2026-09-14 04:19:11 | INFO     | OK https://skeb.jp/api/users/enzerutarutopaf
2026-09-14 04:19:11 | INFO     | Saving at a/skeb/enzerutarutopaf-1955b7.json
2026-09-14 04:19:12 | INFO     | OK https://skeb.jp/api/users/s3_jn
2026-09-14 04:19:12 | INFO     | Saving at a/skeb/s3_jn-c481fa.json
2026-09-14 04:19:13 | INFO     | OK https://skeb.jp/api/users/tsubaki06vg
2026-09-14 04:19:13 | INFO     | Saving at a/skeb/tsubaki06vg-530b0b.json
2026-09-14 04:19:14 | INFO     | OK https://skeb.jp/api/users/asaumelove2
2026-09-14 04:19:14 | INFO     | Saving at a/skeb/asaumelove2-0dd452.json
2026-09-14 04:19:15 | INFO     | OK https://skeb.jp/api/users/koiiroharemoyou
2026-09-14 04:19:15 | INFO     | Saving at a/skeb/koiiroharemoyou-761017.json
2026-09-14 04:19:16 | INFO     | OK https://skeb.jp/api/users/haxtukaame
2026-09-14 04:19:16 | INFO     | Saving at a/skeb/haxtukaame-f2de25.json
2026-09-14 04:19:17 | INFO     | OK https://skeb.jp/api/users/Kishiri10oru
2026-09-14 04:19:17 | INFO     | Saving at a/skeb/Kishiri10oru-ad5bba.json
2026-09-14 04:19:18 | INFO     | OK https://skeb.jp/api/users/coh_mone
2026-09-14 04:19:18 | INFO     | Saving at a/skeb/coh_mone-58e5a7.json
2026-09-14 04:19:19 | INFO     | OK https://skeb.jp/api/users/6ryhera
2026-09-14 04:19:19 | INFO     | Saving at a/skeb/6ryhera-9e3fea.json
2026-09-14 04:19:20 | INFO     | OK https://skeb.jp/api/users/suzuno_suzuran
2026-09-14 04:19:20 | INFO     | Saving at a/skeb/suzuno_suzuran-72e117.json
2026-09-14 04:19:21 | INFO     | OK https://skeb.jp/api/users/jamo23123120693
2026-09-14 04:19:21 | INFO     | Saving at a/skeb/jamo23123120693-55e2ca.json
2026-09-14 04:19:22 | WARNING  | 404 on https://skeb.jp/api/users/oreoreorepozu (attempt 1/3)
2026-09-14 04:19:23 | INFO     | OK https://skeb.jp/api/users/imochi_ken_P
2026-09-14 04:19:23 | INFO     | Saving at a/skeb/imochi_ken_P-baa923.json
2026-09-14 04:19:24 | INFO     | OK https://skeb.jp/api/users/noor_nzm
2026-09-14 04:19:24 | INFO     | Saving at a/skeb/noor_nzm-e8bfa6.json
2026-09-14 04:19:25 | INFO     | OK https://skeb.jp/api/users/iSUBEKI1chan
2026-09-14 04:19:25 | INFO     | Saving at a/skeb/iSUBEKI1chan-c271b0.json
2026-09-14 04:19:26 | INFO     | OK https://skeb.jp/api/users/Psy_L_B
2026-09-14 04:19:26 | INFO     | Saving at a/skeb/Psy_L_B-28b348.json
2026-09-14 04:19:27 | INFO     | OK https://skeb.jp/api/users/Nodokarasu0906
2026-09-14 04:19:27 | INFO     | Saving at a/skeb/Nodokarasu0906-c536be.json
2026-09-14 04:19:28 | INFO     | OK https://skeb.jp/api/users/tabitabi666
2026-09-14 04:19:28 | INFO     | Saving at a/skeb/tabitabi666-6eda6b.json
2026-09-14 04:19:29 | INFO     | OK https://skeb.jp/api/users/kotobaayato_1
2026-09-14 04:19:29 | INFO     | Saving at a/skeb/kotobaayato_1-af4da0.json
2026-09-14 04:19:30 | INFO     | OK https://skeb.jp/api/users/hakanayo9
2026-09-14 04:19:30 | INFO     | Saving at a/skeb/hakanayo9-cbb7a3.json
2026-09-14 04:19:31 | INFO     | OK https://skeb.jp/api/users/sabawye_TRPG
2026-09-14 04:19:31 | INFO     | Saving at a/skeb/sabawye_TRPG-8cf720.json
2026-09-14 04:19:32 | INFO     | OK https://skeb.jp/api/users/shiro_noha04
2026-09-14 04:19:32 | INFO     | Saving at a/skeb/shiro_noha04-809bde.json
2026-09-14 04:19:33 | INFO     | OK https://skeb.jp/api/users/sui_sui
2026-09-14 04:19:33 | INFO     | Saving at a/skeb/sui_sui-36dc96.json
2026-09-14 04:19:34 | INFO     | OK https://skeb.jp/api/users/yuckak3
2026-09-14 04:19:34 | INFO     | Saving at a/skeb/yuckak3-b5a11d.json
2026-09-14 04:19:35 | INFO     | OK https://skeb.jp/api/users/tuki_to_yuu
2026-09-14 04:19:35 | INFO     | Saving at a/skeb/tuki_to_yuu-4f6131.json
2026-09-14 04:19:36 | INFO     | OK https://skeb.jp/api/users/Loquat65
2026-09-14 04:19:36 | INFO     | Saving at a/skeb/Loquat65-f7444e.json
2026-09-14 04:19:37 | INFO     | OK https://skeb.jp/api/users/hk45_x
2026-09-14 04:19:37 | INFO     | Saving at a/skeb/hk45_x-3101ef.json
2026-09-14 04:19:38 | INFO     | OK https://skeb.jp/api/users/haru_moko823d
2026-09-14 04:19:38 | INFO     | Saving at a/skeb/haru_moko823d-2178a2.json
2026-09-14 04:19:39 | INFO     | OK https://skeb.jp/api/users/Att_dcs
2026-09-14 04:19:39 | INFO     | Saving at a/skeb/Att_dcs-83ea76.json
2026-09-14 04:19:40 | INFO     | OK https://skeb.jp/api/users/ruruhoshino
2026-09-14 04:19:40 | INFO     | Saving at a/skeb/ruruhoshino-bf61f1.json
2026-09-14 04:19:41 | INFO     | OK https://skeb.jp/api/users/miruro0401
2026-09-14 04:19:41 | INFO     | Saving at a/skeb/miruro0401-97b855.json
2026-09-14 04:19:42 | INFO     | OK https://skeb.jp/api/users/kuritiizu
2026-09-14 04:19:42 | INFO     | Saving at a/skeb/kuritiizu-48aeb0.json
2026-09-14 04:19:43 | WARNING  | 404 on https://skeb.jp/api/users/miwotsukushi_ (attempt 2/3)
2026-09-14 04:19:44 | WARNING  | 404 on https://skeb.jp/api/users/oreoreorepozu (attempt 2/3)
2026-09-14 04:19:45 | INFO     | OK https://skeb.jp/api/users/Nano_ozZ
2026-09-14 04:19:45 | INFO     | Saving at a/skeb/Nano_ozZ-18c43a.json
2026-09-14 04:19:46 | INFO     | OK https://skeb.jp/api/users/AHIRU_piyo2
2026-09-14 04:19:46 | INFO     | Saving at a/skeb/AHIRU_piyo2-c686da.json
2026-09-14 04:19:47 | INFO     | OK https://skeb.jp/api/users/naniro0726
2026-09-14 04:19:47 | INFO     | Saving at a/skeb/naniro0726-5f21b5.json
2026-09-14 04:19:48 | INFO     | OK https://skeb.jp/api/users/arare_025
2026-09-14 04:19:48 | INFO     | Saving at a/skeb/arare_025-e4556f.json
2026-09-14 04:19:49 | WARNING  | 404 on https://skeb.jp/api/users/miwotsukushi_ (attempt 3/3)
2026-09-14 04:19:50 | INFO     | OK https://skeb.jp/api/users/showtook
2026-09-14 04:19:50 | INFO     | Saving at a/skeb/showtook-a0ff6b.json
2026-09-14 04:19:51 | INFO     | OK https://skeb.jp/api/users/nekoinochichan
2026-09-14 04:19:51 | INFO     | Saving at a/skeb/nekoinochichan-7b5892.json
2026-09-14 04:19:52 | INFO     | OK https://skeb.jp/api/users/higuma4281
2026-09-14 04:19:52 | INFO     | Saving at a/skeb/higuma4281-eca5e1.json
2026-09-14 04:19:53 | INFO     | OK https://skeb.jp/api/users/kazutarou_0716
2026-09-14 04:19:53 | INFO     | Saving at a/skeb/kazutarou_0716-823641.json
2026-09-14 04:19:54 | INFO     | OK https://skeb.jp/api/users/nekomado_mado
2026-09-14 04:19:54 | INFO     | Saving at a/skeb/nekomado_mado-881a69.json
2026-09-14 04:19:55 | INFO     | OK https://skeb.jp/api/users/ume
2026-09-14 04:19:55 | INFO     | Saving at a/skeb/ume-948a7b.json
2026-09-14 04:19:57 | INFO     | OK https://skeb.jp/api/users/aki
2026-09-14 04:19:57 | INFO     | Saving at a/skeb/aki-6fd394.json
2026-09-14 04:19:57 | INFO     | OK https://skeb.jp/api/users/XSWxOietii
2026-09-14 04:19:57 | INFO     | Saving at a/skeb/XSWxOietii-2b1ce7.json
2026-09-14 04:19:58 | INFO     | OK https://skeb.jp/api/users/light_matsuko
2026-09-14 04:19:58 | INFO     | Saving at a/skeb/light_matsuko-3d531a.json
2026-09-14 04:19:59 | INFO     | OK https://skeb.jp/api/users/skecmmmm
2026-09-14 04:19:59 | INFO     | Saving at a/skeb/skecmmmm-3fe897.json
2026-09-14 04:20:00 | INFO     | OK https://skeb.jp/api/users/go_rotya
2026-09-14 04:20:00 | INFO     | Saving at a/skeb/go_rotya-a4ab62.json
2026-09-14 04:20:01 | INFO     | OK https://skeb.jp/api/users/kemono_j
2026-09-14 04:20:01 | INFO     | Saving at a/skeb/kemono_j-33d2c5.json
2026-09-14 04:20:03 | INFO     | OK https://skeb.jp/api/users/OyeComoVa08
2026-09-14 04:20:03 | INFO     | Saving at a/skeb/OyeComoVa08-1d9ccb.json
2026-09-14 04:20:03 | WARNING  | 404 on https://skeb.jp/api/users/habihinata8886 (attempt 1/3)
2026-09-14 04:20:04 | INFO     | OK https://skeb.jp/api/users/Whale_annno
2026-09-14 04:20:04 | INFO     | Saving at a/skeb/Whale_annno-34d83c.json
2026-09-14 04:20:05 | INFO     | OK https://skeb.jp/api/users/tunatiki11
2026-09-14 04:20:05 | INFO     | Saving at a/skeb/tunatiki11-72372c.json
2026-09-14 04:20:06 | INFO     | OK https://skeb.jp/api/users/kwhgsashi_mi
2026-09-14 04:20:06 | INFO     | Saving at a/skeb/kwhgsashi_mi-3ce597.json
2026-09-14 04:20:07 | WARNING  | 404 on https://skeb.jp/api/users/habihinata8886 (attempt 2/3)
2026-09-14 04:20:08 | INFO     | OK https://skeb.jp/api/users/c2t47
2026-09-14 04:20:08 | INFO     | Saving at a/skeb/c2t47-b71369.json
2026-09-14 04:20:09 | INFO     | OK https://skeb.jp/api/users/mako_makotoo
2026-09-14 04:20:09 | INFO     | Saving at a/skeb/mako_makotoo-6f0b59.json
2026-09-14 04:20:10 | WARNING  | 404 on https://skeb.jp/api/users/oreoreorepozu (attempt 3/3)
2026-09-14 04:20:11 | INFO     | OK https://skeb.jp/api/users/nanakotonana777
2026-09-14 04:20:11 | INFO     | Saving at a/skeb/nanakotonana777-f4585d.json
2026-09-14 04:20:12 | INFO     | OK https://skeb.jp/api/users/BuleCat168
2026-09-14 04:20:13 | INFO     | Saving at a/skeb/BuleCat168-11dfb5.json
2026-09-14 04:20:13 | INFO     | OK https://skeb.jp/api/users/lft_kanae22
2026-09-14 04:20:13 | INFO     | Saving at a/skeb/lft_kanae22-666e06.json
2026-09-14 04:20:14 | INFO     | OK https://skeb.jp/api/users/syonbori2096
2026-09-14 04:20:14 | INFO     | Saving at a/skeb/syonbori2096-27949a.json
2026-09-14 04:20:16 | INFO     | OK https://skeb.jp/api/users/86tm_ice
2026-09-14 04:20:16 | INFO     | Saving at a/skeb/86tm_ice-5b8aa5.json
2026-09-14 04:20:16 | INFO     | OK https://skeb.jp/api/users/uni_3u
2026-09-14 04:20:16 | INFO     | Saving at a/skeb/uni_3u-41a60c.json
2026-09-14 04:20:17 | INFO     | OK https://skeb.jp/api/users/mizunatofu
2026-09-14 04:20:17 | INFO     | Saving at a/skeb/mizunatofu-591756.json
2026-09-14 04:20:18 | WARNING  | 404 on https://skeb.jp/api/users/habihinata8886 (attempt 3/3)
2026-09-14 04:20:19 | INFO     | OK https://skeb.jp/api/users/dasuthina2231
2026-09-14 04:20:19 | INFO     | Saving at a/skeb/dasuthina2231-4f1230.json
2026-09-14 04:20:20 | INFO     | OK https://skeb.jp/api/users/saturation_iris
2026-09-14 04:20:20 | INFO     | Saving at a/skeb/saturation_iris-7ecb6d.json
2026-09-14 04:20:21 | INFO     | OK https://skeb.jp/api/users/uiui2992
2026-09-14 04:20:21 | INFO     | Saving at a/skeb/uiui2992-bb0060.json
2026-09-14 04:20:22 | WARNING  | 404 on https://skeb.jp/api/users/maravent_ori (attempt 1/3)
2026-09-14 04:20:23 | INFO     | OK https://skeb.jp/api/users/uni_nuko__
2026-09-14 04:20:23 | INFO     | Saving at a/skeb/uni_nuko__-d00b2a.json
2026-09-14 04:20:24 | INFO     | OK https://skeb.jp/api/users/botmitai_N
2026-09-14 04:20:24 | INFO     | Saving at a/skeb/botmitai_N-d2f55f.json
2026-09-14 04:20:25 | INFO     | OK https://skeb.jp/api/users/garo_clmq99
2026-09-14 04:20:25 | INFO     | Saving at a/skeb/garo_clmq99-8daa0b.json
2026-09-14 04:20:26 | INFO     | OK https://skeb.jp/api/users/yamashiro_ap
2026-09-14 04:20:26 | INFO     | Saving at a/skeb/yamashiro_ap-8e3872.json
2026-09-14 04:20:27 | INFO     | OK https://skeb.jp/api/users/ha_10_poppo
2026-09-14 04:20:27 | INFO     | Saving at a/skeb/ha_10_poppo-6505c8.json
2026-09-14 04:20:28 | WARNING  | 404 on https://skeb.jp/api/users/maravent_ori (attempt 2/3)
2026-09-14 04:20:29 | INFO     | OK https://skeb.jp/api/users/mametunu
2026-09-14 04:20:29 | INFO     | Saving at a/skeb/mametunu-63bc35.json
2026-09-14 04:20:30 | INFO     | OK https://skeb.jp/api/users/Niwq2_8
2026-09-14 04:20:30 | INFO     | Saving at a/skeb/Niwq2_8-2143e9.json
2026-09-14 04:20:31 | INFO     | OK https://skeb.jp/api/users/rtacomanaijp
2026-09-14 04:20:31 | INFO     | Saving at a/skeb/rtacomanaijp-2dd09d.json
2026-09-14 04:20:32 | INFO     | OK https://skeb.jp/api/users/DX48927219
2026-09-14 04:20:32 | INFO     | Saving at a/skeb/DX48927219-d29e48.json
2026-09-14 04:20:33 | INFO     | OK https://skeb.jp/api/users/drawing_aokubii
2026-09-14 04:20:33 | INFO     | Saving at a/skeb/drawing_aokubii-ee5bd5.json
2026-09-14 04:20:34 | WARNING  | 404 on https://skeb.jp/api/users/kagurahama (attempt 1/3)
2026-09-14 04:20:35 | INFO     | OK https://skeb.jp/api/users/otsukimico
2026-09-14 04:20:35 | INFO     | Saving at a/skeb/otsukimico-29e389.json
2026-09-14 04:20:36 | INFO     | OK https://skeb.jp/api/users/amns_oekaki
2026-09-14 04:20:36 | INFO     | Saving at a/skeb/amns_oekaki-5cadda.json
2026-09-14 04:20:37 | INFO     | OK https://skeb.jp/api/users/michi_mizuno020
2026-09-14 04:20:37 | INFO     | Saving at a/skeb/michi_mizuno020-18147c.json
2026-09-14 04:20:38 | WARNING  | 404 on https://skeb.jp/api/users/kagurahama (attempt 2/3)
2026-09-14 04:20:39 | WARNING  | 404 on https://skeb.jp/api/users/maravent_ori (attempt 3/3)
2026-09-14 04:20:41 | INFO     | OK https://skeb.jp/api/users/TsuNeNoBu_san39
2026-09-14 04:20:41 | INFO     | Saving at a/skeb/TsuNeNoBu_san39-15740d.json
2026-09-14 04:20:41 | INFO     | OK https://skeb.jp/api/users/ekura28
2026-09-14 04:20:41 | INFO     | Saving at a/skeb/ekura28-a77681.json
2026-09-14 04:20:42 | INFO     | OK https://skeb.jp/api/users/zakro1753
2026-09-14 04:20:42 | INFO     | Saving at a/skeb/zakro1753-db4ac0.json
2026-09-14 04:20:43 | INFO     | OK https://skeb.jp/api/users/TR_00_TR
2026-09-14 04:20:43 | INFO     | Saving at a/skeb/TR_00_TR-d79754.json
2026-09-14 04:20:44 | WARNING  | 404 on https://skeb.jp/api/users/kagurahama (attempt 3/3)
2026-09-14 04:20:45 | INFO     | OK https://skeb.jp/api/users/kasuga_y
2026-09-14 04:20:45 | INFO     | Saving at a/skeb/kasuga_y-0104b9.json
2026-09-14 04:20:47 | INFO     | OK https://skeb.jp/api/users/hisa_nn_
2026-09-14 04:20:47 | INFO     | Saving at a/skeb/hisa_nn_-a7809e.json
2026-09-14 04:20:47 | INFO     | OK https://skeb.jp/api/users/NASUBI_07
2026-09-14 04:20:47 | INFO     | Saving at a/skeb/NASUBI_07-86798a.json
2026-09-14 04:20:48 | INFO     | OK https://skeb.jp/api/users/chokkakudon
2026-09-14 04:20:48 | INFO     | Saving at a/skeb/chokkakudon-13703e.json
2026-09-14 04:20:49 | INFO     | OK https://skeb.jp/api/users/neko_hige299
2026-09-14 04:20:50 | INFO     | Saving at a/skeb/neko_hige299-46f695.json
2026-09-14 04:20:50 | INFO     | OK https://skeb.jp/api/users/MW___
2026-09-14 04:20:50 | INFO     | Saving at a/skeb/MW___-786264.json
2026-09-14 04:20:51 | INFO     | OK https://skeb.jp/api/users/tekkagidume
2026-09-14 04:20:51 | INFO     | Saving at a/skeb/tekkagidume-81b4fe.json
2026-09-14 04:20:53 | INFO     | OK https://skeb.jp/api/users/madrarwqdk58449
2026-09-14 04:20:53 | INFO     | Saving at a/skeb/madrarwqdk58449-1b75b2.json
2026-09-14 04:20:53 | INFO     | OK https://skeb.jp/api/users/Vvco19O
2026-09-14 04:20:53 | INFO     | Saving at a/skeb/Vvco19O-def33f.json
2026-09-14 04:20:54 | INFO     | OK https://skeb.jp/api/users/roruau_kkn
2026-09-14 04:20:54 | INFO     | Saving at a/skeb/roruau_kkn-9d6f1d.json
2026-09-14 04:20:56 | INFO     | OK https://skeb.jp/api/users/siu_um
2026-09-14 04:20:56 | INFO     | Saving at a/skeb/siu_um-72cb8e.json
2026-09-14 04:20:57 | INFO     | OK https://skeb.jp/api/users/1101_0720
2026-09-14 04:20:57 | INFO     | Saving at a/skeb/1101_0720-641338.json
2026-09-14 04:20:57 | INFO     | OK https://skeb.jp/api/users/porupopi
2026-09-14 04:20:57 | INFO     | Saving at a/skeb/porupopi-72596e.json
2026-09-14 04:20:58 | INFO     | OK https://skeb.jp/api/users/rimuTRPG
2026-09-14 04:20:58 | INFO     | Saving at a/skeb/rimuTRPG-9133f4.json
2026-09-14 04:20:59 | INFO     | OK https://skeb.jp/api/users/yjine
2026-09-14 04:20:59 | INFO     | Saving at a/skeb/yjine-52f35c.json
2026-09-14 04:21:01 | INFO     | OK https://skeb.jp/api/users/bound_wolves
2026-09-14 04:21:01 | INFO     | Saving at a/skeb/bound_wolves-8c6162.json
2026-09-14 04:21:02 | INFO     | OK https://skeb.jp/api/users/Maruino_kikaku
2026-09-14 04:21:02 | INFO     | Saving at a/skeb/Maruino_kikaku-c30afc.json
2026-09-14 04:21:03 | INFO     | OK https://skeb.jp/api/users/qyQVKPD46777514
2026-09-14 04:21:03 | INFO     | Saving at a/skeb/qyQVKPD46777514-fb3e74.json
2026-09-14 04:21:03 | INFO     | OK https://skeb.jp/api/users/KanuitiChrom
2026-09-14 04:21:03 | INFO     | Saving at a/skeb/KanuitiChrom-c5625c.json
2026-09-14 04:21:04 | INFO     | OK https://skeb.jp/api/users/SUPER_JANSI
2026-09-14 04:21:04 | INFO     | Saving at a/skeb/SUPER_JANSI-06fe09.json
2026-09-14 04:21:05 | INFO     | OK https://skeb.jp/api/users/myai_3_3
2026-09-14 04:21:05 | INFO     | Saving at a/skeb/myai_3_3-13d1ac.json
2026-09-14 04:21:06 | INFO     | OK https://skeb.jp/api/users/43sidm
2026-09-14 04:21:06 | INFO     | Saving at a/skeb/43sidm-a44975.json
2026-09-14 04:21:07 | INFO     | OK https://skeb.jp/api/users/saga_sankaku
2026-09-14 04:21:08 | INFO     | Saving at a/skeb/saga_sankaku-ce44cd.json
2026-09-14 04:21:08 | INFO     | OK https://skeb.jp/api/users/motiuma3
2026-09-14 04:21:08 | INFO     | Saving at a/skeb/motiuma3-0a820f.json
2026-09-14 04:21:09 | INFO     | OK https://skeb.jp/api/users/2323Astronomy
2026-09-14 04:21:09 | INFO     | Saving at a/skeb/2323Astronomy-5ced70.json
2026-09-14 04:21:10 | INFO     | OK https://skeb.jp/api/users/NIGHTMARE_spect
2026-09-14 04:21:10 | INFO     | Saving at a/skeb/NIGHTMARE_spect-8afd6c.json
2026-09-14 04:21:12 | INFO     | OK https://skeb.jp/api/users/pipopubebu
2026-09-14 04:21:12 | INFO     | Saving at a/skeb/pipopubebu-b97081.json
2026-09-14 04:21:13 | INFO     | OK https://skeb.jp/api/users/berukuto_47
2026-09-14 04:21:13 | INFO     | Saving at a/skeb/berukuto_47-695bbf.json
2026-09-14 04:21:13 | INFO     | OK https://skeb.jp/api/users/herushi_shikou
2026-09-14 04:21:13 | INFO     | Saving at a/skeb/herushi_shikou-dc5aed.json
2026-09-14 04:21:14 | INFO     | OK https://skeb.jp/api/users/TsubakuroM
2026-09-14 04:21:14 | INFO     | Saving at a/skeb/TsubakuroM-d0dcb8.json
2026-09-14 04:21:16 | INFO     | OK https://skeb.jp/api/users/romix69
2026-09-14 04:21:16 | INFO     | Saving at a/skeb/romix69-8a7893.json
2026-09-14 04:21:17 | INFO     | OK https://skeb.jp/api/users/kaiinu1122
2026-09-14 04:21:17 | INFO     | Saving at a/skeb/kaiinu1122-b5ff3e.json
2026-09-14 04:21:18 | INFO     | OK https://skeb.jp/api/users/awin_volt9
2026-09-14 04:21:18 | INFO     | Saving at a/skeb/awin_volt9-60cdfd.json
2026-09-14 04:21:19 | INFO     | OK https://skeb.jp/api/users/tokkyuumikan
2026-09-14 04:21:19 | INFO     | Saving at a/skeb/tokkyuumikan-084fbb.json
2026-09-14 04:21:19 | INFO     | OK https://skeb.jp/api/users/mthchupaca
2026-09-14 04:21:19 | INFO     | Saving at a/skeb/mthchupaca-2bfafb.json
2026-09-14 04:21:21 | INFO     | OK https://skeb.jp/api/users/phyimojaga
2026-09-14 04:21:21 | INFO     | Saving at a/skeb/phyimojaga-f7ecb5.json
2026-09-14 04:21:21 | INFO     | OK https://skeb.jp/api/users/sitsuri_o0
2026-09-14 04:21:21 | INFO     | Saving at a/skeb/sitsuri_o0-54cbc8.json
2026-09-14 04:21:23 | INFO     | OK https://skeb.jp/api/users/ATO_Jiva_
2026-09-14 04:21:23 | INFO     | Saving at a/skeb/ATO_Jiva_-b595d6.json
2026-09-14 04:21:23 | INFO     | OK https://skeb.jp/api/users/mrmrmrngg
2026-09-14 04:21:23 | INFO     | Saving at a/skeb/mrmrmrngg-ddc639.json
2026-09-14 04:21:25 | INFO     | OK https://skeb.jp/api/users/kara_kurage
2026-09-14 04:21:25 | INFO     | Saving at a/skeb/kara_kurage-5d51ac.json
2026-09-14 04:21:25 | INFO     | OK https://skeb.jp/api/users/0022co
2026-09-14 04:21:25 | INFO     | Saving at a/skeb/0022co-50a08c.json
2026-09-14 04:21:26 | INFO     | OK https://skeb.jp/api/users/Card7Card
2026-09-14 04:21:26 | INFO     | Saving at a/skeb/Card7Card-4ff671.json
2026-09-14 04:21:27 | INFO     | OK https://skeb.jp/api/users/kurogahina
2026-09-14 04:21:27 | INFO     | Saving at a/skeb/kurogahina-0ce152.json
2026-09-14 04:21:28 | INFO     | OK https://skeb.jp/api/users/kinetamu
2026-09-14 04:21:28 | INFO     | Saving at a/skeb/kinetamu-1d7f9a.json
2026-09-14 04:21:29 | INFO     | OK https://skeb.jp/api/users/kari82_trpg
2026-09-14 04:21:29 | INFO     | Saving at a/skeb/kari82_trpg-20de32.json
2026-09-14 04:21:30 | INFO     | OK https://skeb.jp/api/users/KOUYOU_gunkan
2026-09-14 04:21:30 | INFO     | Saving at a/skeb/KOUYOU_gunkan-ddabba.json
2026-09-14 04:21:32 | INFO     | OK https://skeb.jp/api/users/kyapi_ojisan
2026-09-14 04:21:32 | INFO     | Saving at a/skeb/kyapi_ojisan-75cf1c.json
2026-09-14 04:21:33 | INFO     | OK https://skeb.jp/api/users/kobu_ride
2026-09-14 04:21:33 | INFO     | Saving at a/skeb/kobu_ride-c1f7a0.json
2026-09-14 04:21:34 | INFO     | OK https://skeb.jp/api/users/susunuyu
2026-09-14 04:21:34 | INFO     | Saving at a/skeb/susunuyu-a825cb.json
2026-09-14 04:21:34 | INFO     | OK https://skeb.jp/api/users/natsukaoruno
2026-09-14 04:21:35 | INFO     | Saving at a/skeb/natsukaoruno-adf013.json
2026-09-14 04:21:35 | INFO     | OK https://skeb.jp/api/users/kikaika0416
2026-09-14 04:21:36 | INFO     | Saving at a/skeb/kikaika0416-9344f9.json
2026-09-14 04:21:37 | INFO     | OK https://skeb.jp/api/users/mo_zu_29
2026-09-14 04:21:37 | INFO     | Saving at a/skeb/mo_zu_29-a4a30d.json
2026-09-14 04:21:38 | INFO     | OK https://skeb.jp/api/users/misopimaru
2026-09-14 04:21:38 | INFO     | Saving at a/skeb/misopimaru-cabb58.json
2026-09-14 04:21:39 | INFO     | OK https://skeb.jp/api/users/sirohiro_13
2026-09-14 04:21:39 | INFO     | Saving at a/skeb/sirohiro_13-603d1e.json
2026-09-14 04:21:40 | INFO     | OK https://skeb.jp/api/users/kiri_ume
2026-09-14 04:21:40 | INFO     | Saving at a/skeb/kiri_ume-f64339.json
2026-09-14 04:21:40 | INFO     | OK https://skeb.jp/api/users/k_szk
2026-09-14 04:21:40 | INFO     | Saving at a/skeb/k_szk-1ef540.json
2026-09-14 04:21:42 | INFO     | OK https://skeb.jp/api/users/hinano_nanaha
2026-09-14 04:21:42 | INFO     | Saving at a/skeb/hinano_nanaha-21bb1a.json
2026-09-14 04:21:42 | INFO     | OK https://skeb.jp/api/users/chapeau_skeb
2026-09-14 04:21:42 | INFO     | Saving at a/skeb/chapeau_skeb-91f036.json
2026-09-14 04:21:43 | INFO     | OK https://skeb.jp/api/users/yachichi_chima
2026-09-14 04:21:43 | INFO     | Saving at a/skeb/yachichi_chima-e24233.json
2026-09-14 04:21:44 | INFO     | OK https://skeb.jp/api/users/narukami_numari
2026-09-14 04:21:44 | INFO     | Saving at a/skeb/narukami_numari-2905c3.json
2026-09-14 04:21:46 | INFO     | OK https://skeb.jp/api/users/jjk_596
2026-09-14 04:21:46 | INFO     | Saving at a/skeb/jjk_596-488e24.json
2026-09-14 04:21:47 | INFO     | OK https://skeb.jp/api/users/ta_ra_ko
2026-09-14 04:21:47 | INFO     | Saving at a/skeb/ta_ra_ko-df37c2.json
2026-09-14 04:21:48 | INFO     | OK https://skeb.jp/api/users/sarina_haru0110
2026-09-14 04:21:48 | INFO     | Saving at a/skeb/sarina_haru0110-119ea6.json
2026-09-14 04:21:49 | INFO     | OK https://skeb.jp/api/users/yurika053
2026-09-14 04:21:49 | INFO     | Saving at a/skeb/yurika053-f05919.json
2026-09-14 04:21:50 | INFO     | OK https://skeb.jp/api/users/nicomeeple
2026-09-14 04:21:50 | INFO     | Saving at a/skeb/nicomeeple-58db6c.json
2026-09-14 04:21:50 | WARNING  | 404 on https://skeb.jp/api/users/Lamiazean_2 (attempt 1/3)
2026-09-14 04:21:52 | INFO     | OK https://skeb.jp/api/users/025x3104
2026-09-14 04:21:52 | INFO     | Saving at a/skeb/025x3104-4cab96.json
2026-09-14 04:21:52 | INFO     | OK https://skeb.jp/api/users/okshutoku
2026-09-14 04:21:52 | INFO     | Saving at a/skeb/okshutoku-aee7bd.json
2026-09-14 04:21:54 | INFO     | OK https://skeb.jp/api/users/heiehaiyan67700
2026-09-14 04:21:54 | INFO     | Saving at a/skeb/heiehaiyan67700-b5c268.json
2026-09-14 04:21:54 | WARNING  | 404 on https://skeb.jp/api/users/Lamiazean_2 (attempt 2/3)
2026-09-14 04:21:55 | INFO     | OK https://skeb.jp/api/users/troodon12
2026-09-14 04:21:55 | INFO     | Saving at a/skeb/troodon12-c12335.json
2026-09-14 04:21:56 | INFO     | OK https://skeb.jp/api/users/SA10_3103
2026-09-14 04:21:56 | INFO     | Saving at a/skeb/SA10_3103-cdd132.json
2026-09-14 04:21:58 | INFO     | OK https://skeb.jp/api/users/koguma_0310
2026-09-14 04:21:58 | INFO     | Saving at a/skeb/koguma_0310-75e680.json
2026-09-14 04:21:58 | INFO     | OK https://skeb.jp/api/users/taishouteikoku1
2026-09-14 04:21:58 | INFO     | Saving at a/skeb/taishouteikoku1-61b166.json
2026-09-14 04:22:00 | INFO     | OK https://skeb.jp/api/users/hitaren_illust
2026-09-14 04:22:00 | INFO     | Saving at a/skeb/hitaren_illust-3587cc.json
2026-09-14 04:22:01 | INFO     | OK https://skeb.jp/api/users/samaaaa0105
2026-09-14 04:22:01 | INFO     | Saving at a/skeb/samaaaa0105-71ce88.json
2026-09-14 04:22:02 | INFO     | OK https://skeb.jp/api/users/nrin_0
2026-09-14 04:22:02 | INFO     | Saving at a/skeb/nrin_0-f95417.json
2026-09-14 04:22:02 | WARNING  | 404 on https://skeb.jp/api/users/Lamiazean_2 (attempt 3/3)
2026-09-14 04:22:04 | INFO     | OK https://skeb.jp/api/users/nattsun018
2026-09-14 04:22:04 | INFO     | Saving at a/skeb/nattsun018-f2325d.json
2026-09-14 04:22:04 | INFO     | OK https://skeb.jp/api/users/rendezvous9999
2026-09-14 04:22:04 | INFO     | Saving at a/skeb/rendezvous9999-2473c8.json
2026-09-14 04:22:06 | INFO     | OK https://skeb.jp/api/users/mhc_glot
2026-09-14 04:22:06 | INFO     | Saving at a/skeb/mhc_glot-717bee.json
2026-09-14 04:22:07 | INFO     | OK https://skeb.jp/api/users/kosuzu_aluminya
2026-09-14 04:22:07 | INFO     | Saving at a/skeb/kosuzu_aluminya-08624b.json
2026-09-14 04:22:08 | INFO     | OK https://skeb.jp/api/users/asazukiaori
2026-09-14 04:22:08 | INFO     | Saving at a/skeb/asazukiaori-a49c5d.json
2026-09-14 04:22:08 | INFO     | OK https://skeb.jp/api/users/scavia10
2026-09-14 04:22:08 | INFO     | Saving at a/skeb/scavia10-8acb11.json
2026-09-14 04:22:10 | INFO     | OK https://skeb.jp/api/users/kaito921125
2026-09-14 04:22:10 | INFO     | Saving at a/skeb/kaito921125-4dc53a.json
2026-09-14 04:22:11 | INFO     | OK https://skeb.jp/api/users/Bluemoonplus
2026-09-14 04:22:11 | INFO     | Saving at a/skeb/Bluemoonplus-9559b5.json
2026-09-14 04:22:11 | INFO     | OK https://skeb.jp/api/users/3icHIROku
2026-09-14 04:22:11 | INFO     | Saving at a/skeb/3icHIROku-65cd54.json
2026-09-14 04:22:13 | INFO     | OK https://skeb.jp/api/users/harukogito
2026-09-14 04:22:13 | INFO     | Saving at a/skeb/harukogito-09a60f.json
2026-09-14 04:22:14 | INFO     | OK https://skeb.jp/api/users/drawnashikamaa
2026-09-14 04:22:14 | INFO     | Saving at a/skeb/drawnashikamaa-f061bf.json
2026-09-14 04:22:15 | INFO     | OK https://skeb.jp/api/users/_asahisub
2026-09-14 04:22:15 | INFO     | Saving at a/skeb/_asahisub-ebbecc.json
2026-09-14 04:22:16 | INFO     | OK https://skeb.jp/api/users/reni0n
2026-09-14 04:22:16 | INFO     | Saving at a/skeb/reni0n-f0c576.json
2026-09-14 04:22:17 | INFO     | OK https://skeb.jp/api/users/yuno_skebyo
2026-09-14 04:22:17 | INFO     | Saving at a/skeb/yuno_skebyo-4e57a5.json
2026-09-14 04:22:18 | INFO     | OK https://skeb.jp/api/users/Specuevo
2026-09-14 04:22:18 | INFO     | Saving at a/skeb/Specuevo-26d092.json
2026-09-14 04:22:19 | INFO     | OK https://skeb.jp/api/users/v_u0xt
2026-09-14 04:22:19 | INFO     | Saving at a/skeb/v_u0xt-a9b516.json
2026-09-14 04:22:19 | WARNING  | 404 on https://skeb.jp/api/users/pinkuellaa (attempt 1/3)
2026-09-14 04:22:21 | INFO     | OK https://skeb.jp/api/users/tatutaage_uma
2026-09-14 04:22:21 | INFO     | Saving at a/skeb/tatutaage_uma-97e1fd.json
2026-09-14 04:22:22 | INFO     | OK https://skeb.jp/api/users/kano09x
2026-09-14 04:22:22 | INFO     | Saving at a/skeb/kano09x-7ff159.json
2026-09-14 04:22:22 | WARNING  | 404 on https://skeb.jp/api/users/pinkuellaa (attempt 2/3)
2026-09-14 04:22:24 | INFO     | OK https://skeb.jp/api/users/byHanabi
2026-09-14 04:22:24 | INFO     | Saving at a/skeb/byHanabi-84e7f2.json
2026-09-14 04:22:25 | INFO     | OK https://skeb.jp/api/users/Hiiro_ANp
2026-09-14 04:22:25 | INFO     | Saving at a/skeb/Hiiro_ANp-766369.json
2026-09-14 04:22:26 | INFO     | OK https://skeb.jp/api/users/grtom_cr
2026-09-14 04:22:26 | INFO     | Saving at a/skeb/grtom_cr-3b13a6.json
2026-09-14 04:22:27 | INFO     | OK https://skeb.jp/api/users/freshkasu
2026-09-14 04:22:27 | INFO     | Saving at a/skeb/freshkasu-e39fed.json
2026-09-14 04:22:28 | INFO     | OK https://skeb.jp/api/users/mm_0828_
2026-09-14 04:22:28 | INFO     | Saving at a/skeb/mm_0828_-d9438c.json
2026-09-14 04:22:29 | INFO     | OK https://skeb.jp/api/users/mi__UoyoU
2026-09-14 04:22:29 | INFO     | Saving at a/skeb/mi__UoyoU-090568.json
2026-09-14 04:22:30 | INFO     | OK https://skeb.jp/api/users/tamak1_75
2026-09-14 04:22:30 | INFO     | Saving at a/skeb/tamak1_75-4ccd73.json
2026-09-14 04:22:31 | INFO     | OK https://skeb.jp/api/users/AbeMichiak78748
2026-09-14 04:22:31 | INFO     | Saving at a/skeb/AbeMichiak78748-741444.json
2026-09-14 04:22:32 | INFO     | OK https://skeb.jp/api/users/mare0125mare
2026-09-14 04:22:32 | INFO     | Saving at a/skeb/mare0125mare-99c817.json
2026-09-14 04:22:33 | INFO     | OK https://skeb.jp/api/users/tkd4625
2026-09-14 04:22:33 | INFO     | Saving at a/skeb/tkd4625-00e4bf.json
2026-09-14 04:22:34 | INFO     | OK https://skeb.jp/api/users/Xxo0_q
2026-09-14 04:22:34 | INFO     | Saving at a/skeb/Xxo0_q-4598ad.json
2026-09-14 04:22:35 | INFO     | OK https://skeb.jp/api/users/wataco_coco
2026-09-14 04:22:35 | INFO     | Saving at a/skeb/wataco_coco-53c251.json
2026-09-14 04:22:36 | INFO     | OK https://skeb.jp/api/users/tikuwa_hf7781
2026-09-14 04:22:36 | INFO     | Saving at a/skeb/tikuwa_hf7781-ac8598.json
2026-09-14 04:22:37 | WARNING  | 404 on https://skeb.jp/api/users/butterpinkk (attempt 1/3)
2026-09-14 04:22:38 | INFO     | OK https://skeb.jp/api/users/tsukiyopoke
2026-09-14 04:22:38 | INFO     | Saving at a/skeb/tsukiyopoke-688f1e.json
2026-09-14 04:22:39 | INFO     | OK https://skeb.jp/api/users/ryunaryuna
2026-09-14 04:22:39 | INFO     | Saving at a/skeb/ryunaryuna-a4886a.json
2026-09-14 04:22:40 | INFO     | OK https://skeb.jp/api/users/Zakutama_ura
2026-09-14 04:22:40 | INFO     | Saving at a/skeb/Zakutama_ura-aa826f.json
2026-09-14 04:22:41 | INFO     | OK https://skeb.jp/api/users/osakana_0305
2026-09-14 04:22:41 | INFO     | Saving at a/skeb/osakana_0305-65ac3c.json
2026-09-14 04:22:42 | INFO     | OK https://skeb.jp/api/users/KotatsuHar82320
2026-09-14 04:22:42 | INFO     | Saving at a/skeb/KotatsuHar82320-053307.json
2026-09-14 04:22:43 | INFO     | OK https://skeb.jp/api/users/mika3sub
2026-09-14 04:22:43 | INFO     | Saving at a/skeb/mika3sub-26931b.json
2026-09-14 04:22:44 | INFO     | OK https://skeb.jp/api/users/noe_shiranami
2026-09-14 04:22:44 | INFO     | Saving at a/skeb/noe_shiranami-204ef8.json
2026-09-14 04:22:45 | INFO     | OK https://skeb.jp/api/users/rrryo_421
2026-09-14 04:22:45 | INFO     | Saving at a/skeb/rrryo_421-2b4648.json
2026-09-14 04:22:46 | INFO     | OK https://skeb.jp/api/users/wat_son_
2026-09-14 04:22:46 | INFO     | Saving at a/skeb/wat_son_-ea6f5b.json
2026-09-14 04:22:47 | INFO     | OK https://skeb.jp/api/users/TeaGELGEL_typeD
2026-09-14 04:22:47 | INFO     | Saving at a/skeb/TeaGELGEL_typeD-079cfc.json
2026-09-14 04:22:48 | INFO     | OK https://skeb.jp/api/users/tareke_pohe
2026-09-14 04:22:48 | INFO     | Saving at a/skeb/tareke_pohe-2ba937.json
2026-09-14 04:22:49 | WARNING  | 404 on https://skeb.jp/api/users/pinkuellaa (attempt 3/3)
2026-09-14 04:22:50 | INFO     | OK https://skeb.jp/api/users/seto__153
2026-09-14 04:22:50 | INFO     | Saving at a/skeb/seto__153-e22282.json
2026-09-14 04:22:51 | WARNING  | 404 on https://skeb.jp/api/users/kusunoki_ageha (attempt 1/3)
2026-09-14 04:22:52 | INFO     | OK https://skeb.jp/api/users/mamesan0031
2026-09-14 04:22:52 | INFO     | Saving at a/skeb/mamesan0031-efd1aa.json
2026-09-14 04:22:53 | INFO     | OK https://skeb.jp/api/users/lovegenerator
2026-09-14 04:22:53 | INFO     | Saving at a/skeb/lovegenerator-38d30e.json
2026-09-14 04:22:54 | WARNING  | 404 on https://skeb.jp/api/users/butterpinkk (attempt 2/3)
2026-09-14 04:22:55 | INFO     | OK https://skeb.jp/api/users/maboEX
2026-09-14 04:22:55 | INFO     | Saving at a/skeb/maboEX-b3b261.json
2026-09-14 04:22:56 | INFO     | OK https://skeb.jp/api/users/vad_end
2026-09-14 04:22:56 | INFO     | Saving at a/skeb/vad_end-beabb1.json
2026-09-14 04:22:57 | INFO     | OK https://skeb.jp/api/users/kaninore
2026-09-14 04:22:57 | INFO     | Saving at a/skeb/kaninore-7e7094.json
2026-09-14 04:22:58 | INFO     | OK https://skeb.jp/api/users/kikury_
2026-09-14 04:22:58 | INFO     | Saving at a/skeb/kikury_-6109da.json
2026-09-14 04:22:59 | WARNING  | 404 on https://skeb.jp/api/users/butterpinkk (attempt 3/3)
2026-09-14 04:23:00 | INFO     | OK https://skeb.jp/api/users/hataranightstar
2026-09-14 04:23:00 | INFO     | Saving at a/skeb/hataranightstar-664ebd.json
2026-09-14 04:23:01 | INFO     | OK https://skeb.jp/api/users/yuuno0
2026-09-14 04:23:01 | INFO     | Saving at a/skeb/yuuno0-bea748.json
2026-09-14 04:23:02 | INFO     | OK https://skeb.jp/api/users/ka07se
2026-09-14 04:23:02 | INFO     | Saving at a/skeb/ka07se-e621b0.json
2026-09-14 04:23:03 | INFO     | OK https://skeb.jp/api/users/Gill_heki
2026-09-14 04:23:03 | INFO     | Saving at a/skeb/Gill_heki-d125b4.json
2026-09-14 04:23:04 | INFO     | OK https://skeb.jp/api/users/18796q
2026-09-14 04:23:04 | INFO     | Saving at a/skeb/18796q-195c19.json
2026-09-14 04:23:05 | INFO     | OK https://skeb.jp/api/users/waz_pon_2
2026-09-14 04:23:05 | INFO     | Saving at a/skeb/waz_pon_2-128978.json
2026-09-14 04:23:06 | INFO     | OK https://skeb.jp/api/users/9616A1
2026-09-14 04:23:06 | INFO     | Saving at a/skeb/9616A1-e5f47a.json
2026-09-14 04:23:07 | INFO     | OK https://skeb.jp/api/users/_phaedo
2026-09-14 04:23:07 | INFO     | Saving at a/skeb/_phaedo-12c640.json
2026-09-14 04:23:08 | INFO     | OK https://skeb.jp/api/users/tukineko299_
2026-09-14 04:23:08 | INFO     | Saving at a/skeb/tukineko299_-e3bc42.json
2026-09-14 04:23:09 | INFO     | OK https://skeb.jp/api/users/kanato_3456
2026-09-14 04:23:09 | INFO     | Saving at a/skeb/kanato_3456-597ce7.json
2026-09-14 04:23:10 | INFO     | OK https://skeb.jp/api/users/ego_cm
2026-09-14 04:23:10 | INFO     | Saving at a/skeb/ego_cm-887925.json
2026-09-14 04:23:11 | INFO     | OK https://skeb.jp/api/users/eto_999_
2026-09-14 04:23:11 | INFO     | Saving at a/skeb/eto_999_-9cfdd3.json
2026-09-14 04:23:12 | INFO     | OK https://skeb.jp/api/users/Kano_H8
2026-09-14 04:23:12 | INFO     | Saving at a/skeb/Kano_H8-2d82bf.json
2026-09-14 04:23:13 | INFO     | OK https://skeb.jp/api/users/skm_nnm
2026-09-14 04:23:13 | INFO     | Saving at a/skeb/skm_nnm-8d64bd.json
2026-09-14 04:23:14 | INFO     | OK https://skeb.jp/api/users/tokumeikujira_
2026-09-14 04:23:14 | INFO     | Saving at a/skeb/tokumeikujira_-47c75d.json
2026-09-14 04:23:15 | INFO     | OK https://skeb.jp/api/users/oyasumunemui
2026-09-14 04:23:15 | INFO     | Saving at a/skeb/oyasumunemui-04a783.json
2026-09-14 04:23:16 | INFO     | OK https://skeb.jp/api/users/hotarumaru_rato
2026-09-14 04:23:16 | INFO     | Saving at a/skeb/hotarumaru_rato-1a8255.json
2026-09-14 04:23:17 | INFO     | OK https://skeb.jp/api/users/ponnpokoponn_pi
2026-09-14 04:23:17 | INFO     | Saving at a/skeb/ponnpokoponn_pi-bea17d.json
2026-09-14 04:23:18 | INFO     | OK https://skeb.jp/api/users/Asano_yoru
2026-09-14 04:23:18 | INFO     | Saving at a/skeb/Asano_yoru-19eba6.json
2026-09-14 04:23:19 | INFO     | OK https://skeb.jp/api/users/akasaka_tana5
2026-09-14 04:23:19 | INFO     | Saving at a/skeb/akasaka_tana5-03dee6.json
2026-09-14 04:23:20 | INFO     | OK https://skeb.jp/api/users/migipic
2026-09-14 04:23:20 | INFO     | Saving at a/skeb/migipic-a711cc.json
2026-09-14 04:23:21 | INFO     | OK https://skeb.jp/api/users/kirach_Y
2026-09-14 04:23:21 | INFO     | Saving at a/skeb/kirach_Y-0377e2.json
2026-09-14 04:23:22 | INFO     | OK https://skeb.jp/api/users/ityohii_
2026-09-14 04:23:22 | INFO     | Saving at a/skeb/ityohii_-383da3.json
2026-09-14 04:23:23 | INFO     | OK https://skeb.jp/api/users/io__angel
2026-09-14 04:23:23 | INFO     | Saving at a/skeb/io__angel-0982b3.json
2026-09-14 04:23:24 | INFO     | OK https://skeb.jp/api/users/UDONtoWATASHI
2026-09-14 04:23:24 | INFO     | Saving at a/skeb/UDONtoWATASHI-4bd592.json
2026-09-14 04:23:25 | INFO     | OK https://skeb.jp/api/users/nonta0122
2026-09-14 04:23:25 | INFO     | Saving at a/skeb/nonta0122-1277e5.json
2026-09-14 04:23:26 | INFO     | OK https://skeb.jp/api/users/minatoasu
2026-09-14 04:23:26 | INFO     | Saving at a/skeb/minatoasu-e4f216.json
2026-09-14 04:23:27 | INFO     | OK https://skeb.jp/api/users/chacoro_pokemon
2026-09-14 04:23:27 | INFO     | Saving at a/skeb/chacoro_pokemon-bf6b82.json
2026-09-14 04:23:28 | INFO     | OK https://skeb.jp/api/users/Esto_0079
2026-09-14 04:23:28 | INFO     | Saving at a/skeb/Esto_0079-cdaf42.json
2026-09-14 04:23:29 | INFO     | OK https://skeb.jp/api/users/fraitabit
2026-09-14 04:23:29 | INFO     | Saving at a/skeb/fraitabit-c3d5a6.json
2026-09-14 04:23:30 | WARNING  | 404 on https://skeb.jp/api/users/kusunoki_ageha (attempt 2/3)
2026-09-14 04:23:31 | WARNING  | 404 on https://skeb.jp/api/users/starbunniie_ (attempt 1/3)
2026-09-14 04:23:32 | INFO     | OK https://skeb.jp/api/users/enu_10100
2026-09-14 04:23:32 | INFO     | Saving at a/skeb/enu_10100-1b0a53.json
2026-09-14 04:23:33 | INFO     | OK https://skeb.jp/api/users/unnun0118
2026-09-14 04:23:33 | INFO     | Saving at a/skeb/unnun0118-634100.json
2026-09-14 04:23:34 | INFO     | OK https://skeb.jp/api/users/UwU_illust214
2026-09-14 04:23:34 | INFO     | Saving at a/skeb/UwU_illust214-fd4c67.json
2026-09-14 04:23:35 | WARNING  | 404 on https://skeb.jp/api/users/kusunoki_ageha (attempt 3/3)
2026-09-14 04:23:36 | INFO     | OK https://skeb.jp/api/users/byaku39
2026-09-14 04:23:36 | INFO     | Saving at a/skeb/byaku39-412152.json
2026-09-14 04:23:37 | INFO     | OK https://skeb.jp/api/users/zassoou_
2026-09-14 04:23:37 | INFO     | Saving at a/skeb/zassoou_-2712c4.json
2026-09-14 04:23:38 | INFO     | OK https://skeb.jp/api/users/skuran3910
2026-09-14 04:23:38 | INFO     | Saving at a/skeb/skuran3910-69a700.json
2026-09-14 04:23:39 | INFO     | OK https://skeb.jp/api/users/rakotaro
2026-09-14 04:23:39 | INFO     | Saving at a/skeb/rakotaro-05f0ff.json
2026-09-14 04:23:40 | INFO     | OK https://skeb.jp/api/users/yyposi918
2026-09-14 04:23:40 | INFO     | Saving at a/skeb/yyposi918-7aedd0.json
2026-09-14 04:23:41 | INFO     | OK https://skeb.jp/api/users/kiqwimyxi
2026-09-14 04:23:41 | INFO     | Saving at a/skeb/kiqwimyxi-a977f7.json
2026-09-14 04:23:42 | INFO     | OK https://skeb.jp/api/users/batten12_j
2026-09-14 04:23:42 | INFO     | Saving at a/skeb/batten12_j-1da567.json
2026-09-14 04:23:43 | INFO     | OK https://skeb.jp/api/users/Oboro_rivariva
2026-09-14 04:23:43 | INFO     | Saving at a/skeb/Oboro_rivariva-d46b07.json
2026-09-14 04:23:44 | INFO     | OK https://skeb.jp/api/users/messiah_go
2026-09-14 04:23:44 | INFO     | Saving at a/skeb/messiah_go-cb71ed.json
2026-09-14 04:23:45 | INFO     | OK https://skeb.jp/api/users/aogruu
2026-09-14 04:23:45 | INFO     | Saving at a/skeb/aogruu-63c151.json
2026-09-14 04:23:46 | INFO     | OK https://skeb.jp/api/users/sharasohju
2026-09-14 04:23:46 | INFO     | Saving at a/skeb/sharasohju-c9a86c.json
2026-09-14 04:23:47 | INFO     | OK https://skeb.jp/api/users/shumai0327140
2026-09-14 04:23:47 | INFO     | Saving at a/skeb/shumai0327140-a5d795.json
2026-09-14 04:23:48 | INFO     | OK https://skeb.jp/api/users/NMuliLFfB3
2026-09-14 04:23:48 | INFO     | Saving at a/skeb/NMuliLFfB3-428e14.json
2026-09-14 04:23:49 | INFO     | OK https://skeb.jp/api/users/siro90414
2026-09-14 04:23:49 | INFO     | Saving at a/skeb/siro90414-bea938.json
2026-09-14 04:23:50 | INFO     | OK https://skeb.jp/api/users/reddsk3
2026-09-14 04:23:50 | INFO     | Saving at a/skeb/reddsk3-52a3b7.json
2026-09-14 04:23:51 | INFO     | OK https://skeb.jp/api/users/hantamane
2026-09-14 04:23:51 | INFO     | Saving at a/skeb/hantamane-fedbe0.json
2026-09-14 04:23:52 | INFO     | OK https://skeb.jp/api/users/suzuneshizuha
2026-09-14 04:23:52 | INFO     | Saving at a/skeb/suzuneshizuha-d43235.json
2026-09-14 04:23:53 | INFO     | OK https://skeb.jp/api/users/Naruse_illust
2026-09-14 04:23:53 | INFO     | Saving at a/skeb/Naruse_illust-368b6f.json
2026-09-14 04:23:54 | INFO     | OK https://skeb.jp/api/users/teu_mini
2026-09-14 04:23:54 | INFO     | Saving at a/skeb/teu_mini-4c8e46.json
2026-09-14 04:23:55 | INFO     | OK https://skeb.jp/api/users/yorishiro_touka
2026-09-14 04:23:55 | INFO     | Saving at a/skeb/yorishiro_touka-565f29.json
2026-09-14 04:23:56 | INFO     | OK https://skeb.jp/api/users/hanabi4ano
2026-09-14 04:23:56 | INFO     | Saving at a/skeb/hanabi4ano-16f9a0.json
2026-09-14 04:23:57 | INFO     | OK https://skeb.jp/api/users/00kaki00
2026-09-14 04:23:57 | INFO     | Saving at a/skeb/00kaki00-f27ce7.json
2026-09-14 04:23:58 | INFO     | OK https://skeb.jp/api/users/Evan__xxx
2026-09-14 04:23:58 | INFO     | Saving at a/skeb/Evan__xxx-14ffdb.json
2026-09-14 04:23:59 | INFO     | OK https://skeb.jp/api/users/0149AZUMA
2026-09-14 04:23:59 | INFO     | Saving at a/skeb/0149AZUMA-8e320e.json
2026-09-14 04:24:00 | INFO     | OK https://skeb.jp/api/users/Ototo1_3
2026-09-14 04:24:00 | INFO     | Saving at a/skeb/Ototo1_3-3682f3.json
2026-09-14 04:24:01 | INFO     | OK https://skeb.jp/api/users/jinseisam
2026-09-14 04:24:01 | INFO     | Saving at a/skeb/jinseisam-d65591.json
2026-09-14 04:24:02 | INFO     | OK https://skeb.jp/api/users/katorixIllust
2026-09-14 04:24:02 | INFO     | Saving at a/skeb/katorixIllust-4b099a.json
2026-09-14 04:24:03 | INFO     | OK https://skeb.jp/api/users/echomeihuku
2026-09-14 04:24:03 | INFO     | Saving at a/skeb/echomeihuku-35ed9d.json
2026-09-14 04:24:04 | INFO     | OK https://skeb.jp/api/users/wrg4_
2026-09-14 04:24:04 | INFO     | Saving at a/skeb/wrg4_-9a29a2.json
2026-09-14 04:24:05 | INFO     | OK https://skeb.jp/api/users/kmbkr_skeb
2026-09-14 04:24:05 | INFO     | Saving at a/skeb/kmbkr_skeb-2083a9.json
2026-09-14 04:24:06 | INFO     | OK https://skeb.jp/api/users/kayanagi02
2026-09-14 04:24:06 | INFO     | Saving at a/skeb/kayanagi02-3d456f.json
2026-09-14 04:24:07 | INFO     | OK https://skeb.jp/api/users/yuki_hiehie
2026-09-14 04:24:07 | INFO     | Saving at a/skeb/yuki_hiehie-d48afe.json
2026-09-14 04:24:08 | INFO     | OK https://skeb.jp/api/users/mugnefarious
2026-09-14 04:24:08 | INFO     | Saving at a/skeb/mugnefarious-e90ae6.json
2026-09-14 04:24:09 | INFO     | OK https://skeb.jp/api/users/mu_ra_o4443
2026-09-14 04:24:09 | INFO     | Saving at a/skeb/mu_ra_o4443-24bbdb.json
2026-09-14 04:24:10 | INFO     | OK https://skeb.jp/api/users/osorosiya_21
2026-09-14 04:24:10 | INFO     | Saving at a/skeb/osorosiya_21-60fe57.json
2026-09-14 04:24:11 | INFO     | OK https://skeb.jp/api/users/fusenryo2
2026-09-14 04:24:11 | INFO     | Saving at a/skeb/fusenryo2-981b18.json
2026-09-14 04:24:12 | INFO     | OK https://skeb.jp/api/users/riku_mogu
2026-09-14 04:24:12 | INFO     | Saving at a/skeb/riku_mogu-741b5c.json
2026-09-14 04:24:13 | INFO     | OK https://skeb.jp/api/users/7ntu2
2026-09-14 04:24:13 | INFO     | Saving at a/skeb/7ntu2-0d2468.json
2026-09-14 04:24:14 | INFO     | OK https://skeb.jp/api/users/meiro_illustrator
2026-09-14 04:24:14 | INFO     | Saving at a/skeb/meiro_illustrator-a043b8.json
2026-09-14 04:24:15 | INFO     | OK https://skeb.jp/api/users/tekidonitekito1
2026-09-14 04:24:15 | INFO     | Saving at a/skeb/tekidonitekito1-837b95.json
2026-09-14 04:24:16 | INFO     | OK https://skeb.jp/api/users/swev_r_tk
2026-09-14 04:24:16 | INFO     | Saving at a/skeb/swev_r_tk-bbbebf.json
2026-09-14 04:24:17 | INFO     | OK https://skeb.jp/api/users/Hiyari_ICE
2026-09-14 04:24:17 | INFO     | Saving at a/skeb/Hiyari_ICE-6a1466.json
2026-09-14 04:24:18 | INFO     | OK https://skeb.jp/api/users/uniuY_65167
2026-09-14 04:24:18 | INFO     | Saving at a/skeb/uniuY_65167-767147.json
2026-09-14 04:24:19 | INFO     | OK https://skeb.jp/api/users/hiro_akaribon
2026-09-14 04:24:19 | INFO     | Saving at a/skeb/hiro_akaribon-bf110c.json
2026-09-14 04:24:20 | INFO     | OK https://skeb.jp/api/users/hnkl
2026-09-14 04:24:20 | INFO     | Saving at a/skeb/hnkl-e5c469.json
2026-09-14 04:24:21 | INFO     | OK https://skeb.jp/api/users/onsengan
2026-09-14 04:24:21 | INFO     | Saving at a/skeb/onsengan-2068b0.json
2026-09-14 04:24:22 | WARNING  | 404 on https://skeb.jp/api/users/iromishiro_ch (attempt 1/3)
2026-09-14 04:24:23 | INFO     | OK https://skeb.jp/api/users/kaede_yomikata
2026-09-14 04:24:23 | INFO     | Saving at a/skeb/kaede_yomikata-ced856.json
2026-09-14 04:24:24 | INFO     | OK https://skeb.jp/api/users/41s2sr
2026-09-14 04:24:24 | INFO     | Saving at a/skeb/41s2sr-a4e263.json
2026-09-14 04:24:25 | INFO     | OK https://skeb.jp/api/users/dream__lands
2026-09-14 04:24:25 | INFO     | Saving at a/skeb/dream__lands-5d1383.json
2026-09-14 04:24:26 | INFO     | OK https://skeb.jp/api/users/shiiba_yaya
2026-09-14 04:24:26 | INFO     | Saving at a/skeb/shiiba_yaya-024048.json
2026-09-14 04:24:27 | INFO     | OK https://skeb.jp/api/users/Egopika113
2026-09-14 04:24:27 | INFO     | Saving at a/skeb/Egopika113-17c583.json
2026-09-14 04:24:28 | INFO     | OK https://skeb.jp/api/users/ringo_Zerry_6
2026-09-14 04:24:28 | INFO     | Saving at a/skeb/ringo_Zerry_6-1bb5b7.json
2026-09-14 04:24:29 | INFO     | OK https://skeb.jp/api/users/tinpobattle
2026-09-14 04:24:29 | INFO     | Saving at a/skeb/tinpobattle-74ee09.json
2026-09-14 04:24:30 | WARNING  | 404 on https://skeb.jp/api/users/iromishiro_ch (attempt 2/3)
2026-09-14 04:24:31 | INFO     | OK https://skeb.jp/api/users/A_chan_kun_
2026-09-14 04:24:31 | INFO     | Saving at a/skeb/A_chan_kun_-91b4fa.json
2026-09-14 04:24:32 | INFO     | OK https://skeb.jp/api/users/korukoruno
2026-09-14 04:24:32 | INFO     | Saving at a/skeb/korukoruno-6b8fe0.json
2026-09-14 04:24:33 | INFO     | OK https://skeb.jp/api/users/syux_trpg
2026-09-14 04:24:33 | INFO     | Saving at a/skeb/syux_trpg-a3cd5c.json
2026-09-14 04:24:34 | INFO     | OK https://skeb.jp/api/users/ponu8686
2026-09-14 04:24:34 | INFO     | Saving at a/skeb/ponu8686-9347e7.json
2026-09-14 04:24:35 | WARNING  | 404 on https://skeb.jp/api/users/iromishiro_ch (attempt 3/3)
2026-09-14 04:24:36 | INFO     | OK https://skeb.jp/api/users/maguwani
2026-09-14 04:24:36 | INFO     | Saving at a/skeb/maguwani-efafcd.json
2026-09-14 04:24:37 | INFO     | OK https://skeb.jp/api/users/erimak_i13
2026-09-14 04:24:37 | INFO     | Saving at a/skeb/erimak_i13-50ddc4.json
2026-09-14 04:24:38 | INFO     | OK https://skeb.jp/api/users/Shelldy_h
2026-09-14 04:24:38 | INFO     | Saving at a/skeb/Shelldy_h-bc7e0d.json
2026-09-14 04:24:39 | INFO     | OK https://skeb.jp/api/users/mayoi_noyoru
2026-09-14 04:24:39 | INFO     | Saving at a/skeb/mayoi_noyoru-93a213.json
2026-09-14 04:24:40 | INFO     | OK https://skeb.jp/api/users/Huricoart
2026-09-14 04:24:40 | INFO     | Saving at a/skeb/Huricoart-6b8641.json
2026-09-14 04:24:41 | INFO     | OK https://skeb.jp/api/users/ico_ico0702
2026-09-14 04:24:41 | INFO     | Saving at a/skeb/ico_ico0702-9172a7.json
2026-09-14 04:24:42 | INFO     | OK https://skeb.jp/api/users/utaunashi25257
2026-09-14 04:24:42 | INFO     | Saving at a/skeb/utaunashi25257-920ed3.json
2026-09-14 04:24:43 | INFO     | OK https://skeb.jp/api/users/tsuyo_metsu
2026-09-14 04:24:43 | INFO     | Saving at a/skeb/tsuyo_metsu-731003.json
2026-09-14 04:24:44 | INFO     | OK https://skeb.jp/api/users/TRPGyaritaiseti
2026-09-14 04:24:44 | INFO     | Saving at a/skeb/TRPGyaritaiseti-72096d.json
2026-09-14 04:24:45 | INFO     | OK https://skeb.jp/api/users/kikurage_vrc
2026-09-14 04:24:45 | INFO     | Saving at a/skeb/kikurage_vrc-81cf58.json
2026-09-14 04:24:46 | INFO     | OK https://skeb.jp/api/users/shiokonbu_trpg
2026-09-14 04:24:46 | INFO     | Saving at a/skeb/shiokonbu_trpg-0037f8.json
2026-09-14 04:24:47 | INFO     | OK https://skeb.jp/api/users/Koto_tukushi
2026-09-14 04:24:47 | INFO     | Saving at a/skeb/Koto_tukushi-43a834.json
2026-09-14 04:24:48 | WARNING  | 404 on https://skeb.jp/api/users/starbunniie_ (attempt 2/3)
2026-09-14 04:24:49 | INFO     | OK https://skeb.jp/api/users/anzusouda_150
2026-09-14 04:24:49 | INFO     | Saving at a/skeb/anzusouda_150-aad5a0.json
2026-09-14 04:24:50 | INFO     | OK https://skeb.jp/api/users/_yu_ra_yura_
2026-09-14 04:24:50 | INFO     | Saving at a/skeb/_yu_ra_yura_-0559d7.json
2026-09-14 04:24:51 | INFO     | OK https://skeb.jp/api/users/Tro_iro_xux
2026-09-14 04:24:51 | INFO     | Saving at a/skeb/Tro_iro_xux-bcbfcd.json
2026-09-14 04:24:52 | INFO     | OK https://skeb.jp/api/users/naryu_d
2026-09-14 04:24:52 | INFO     | Saving at a/skeb/naryu_d-ab12d8.json
2026-09-14 04:24:53 | INFO     | OK https://skeb.jp/api/users/Hakuyu0211
2026-09-14 04:24:53 | INFO     | Saving at a/skeb/Hakuyu0211-ff3d2d.json
2026-09-14 04:24:54 | INFO     | OK https://skeb.jp/api/users/kiga_salt
2026-09-14 04:24:54 | INFO     | Saving at a/skeb/kiga_salt-d88ba8.json
2026-09-14 04:24:55 | INFO     | OK https://skeb.jp/api/users/trity93
2026-09-14 04:24:55 | INFO     | Saving at a/skeb/trity93-0b888b.json
2026-09-14 04:24:56 | INFO     | OK https://skeb.jp/api/users/sbombdeath
2026-09-14 04:24:56 | INFO     | Saving at a/skeb/sbombdeath-d27df6.json
2026-09-14 04:24:57 | WARNING  | 404 on https://skeb.jp/api/users/starbunniie_ (attempt 3/3)
2026-09-14 04:24:58 | INFO     | OK https://skeb.jp/api/users/Sazai_z
2026-09-14 04:24:58 | INFO     | Saving at a/skeb/Sazai_z-805957.json
2026-09-14 04:24:59 | INFO     | OK https://skeb.jp/api/users/kannagi_illust_
2026-09-14 04:24:59 | INFO     | Saving at a/skeb/kannagi_illust_-c6f704.json
2026-09-14 04:25:00 | INFO     | OK https://skeb.jp/api/users/D93ggRs
2026-09-14 04:25:00 | INFO     | Saving at a/skeb/D93ggRs-34bdbb.json
2026-09-14 04:25:01 | INFO     | OK https://skeb.jp/api/users/MM111523
2026-09-14 04:25:01 | INFO     | Saving at a/skeb/MM111523-802fa7.json
2026-09-14 04:25:02 | INFO     | OK https://skeb.jp/api/users/beni025
2026-09-14 04:25:02 | INFO     | Saving at a/skeb/beni025-bd836a.json
2026-09-14 04:25:03 | INFO     | OK https://skeb.jp/api/users/xxAquamarinExxx
2026-09-14 04:25:03 | INFO     | Saving at a/skeb/xxAquamarinExxx-c7d606.json
2026-09-14 04:25:04 | INFO     | OK https://skeb.jp/api/users/aoringoooorira_
2026-09-14 04:25:04 | INFO     | Saving at a/skeb/aoringoooorira_-afafbe.json
2026-09-14 04:25:05 | INFO     | OK https://skeb.jp/api/users/hiiro3507
2026-09-14 04:25:05 | INFO     | Saving at a/skeb/hiiro3507-3dab6a.json
2026-09-14 04:25:06 | INFO     | OK https://skeb.jp/api/users/shoma_tantan
2026-09-14 04:25:06 | INFO     | Saving at a/skeb/shoma_tantan-671695.json
2026-09-14 04:25:07 | INFO     | OK https://skeb.jp/api/users/_ichicoch
2026-09-14 04:25:07 | INFO     | Saving at a/skeb/_ichicoch-5dd461.json
2026-09-14 04:25:08 | INFO     | OK https://skeb.jp/api/users/Nerune_mn
2026-09-14 04:25:08 | INFO     | Saving at a/skeb/Nerune_mn-e09a69.json
2026-09-14 04:25:09 | INFO     | OK https://skeb.jp/api/users/a_nextsystem
2026-09-14 04:25:09 | INFO     | Saving at a/skeb/a_nextsystem-de4c49.json
2026-09-14 04:25:10 | WARNING  | 404 on https://skeb.jp/api/users/ren732 (attempt 1/3)
2026-09-14 04:25:11 | INFO     | OK https://skeb.jp/api/users/takao_irasuto
2026-09-14 04:25:11 | INFO     | Saving at a/skeb/takao_irasuto-bfe4a6.json
2026-09-14 04:25:12 | INFO     | OK https://skeb.jp/api/users/Naim0n0nedari_
2026-09-14 04:25:12 | INFO     | Saving at a/skeb/Naim0n0nedari_-9e7636.json
2026-09-14 04:25:13 | INFO     | OK https://skeb.jp/api/users/Ominaesi0204
2026-09-14 04:25:13 | INFO     | Saving at a/skeb/Ominaesi0204-d18dae.json
2026-09-14 04:25:14 | WARNING  | 404 on https://skeb.jp/api/users/ren732 (attempt 2/3)
2026-09-14 04:25:15 | INFO     | OK https://skeb.jp/api/users/higashibara_n
2026-09-14 04:25:15 | INFO     | Saving at a/skeb/higashibara_n-ba3933.json
2026-09-14 04:25:16 | INFO     | OK https://skeb.jp/api/users/tomoe00022
2026-09-14 04:25:16 | INFO     | Saving at a/skeb/tomoe00022-57979b.json
2026-09-14 04:25:17 | INFO     | OK https://skeb.jp/api/users/liquidmz_2
2026-09-14 04:25:17 | INFO     | Saving at a/skeb/liquidmz_2-e7a97e.json
2026-09-14 04:25:18 | INFO     | OK https://skeb.jp/api/users/neruna_Lapis
2026-09-14 04:25:18 | INFO     | Saving at a/skeb/neruna_Lapis-ea8246.json
2026-09-14 04:25:19 | INFO     | OK https://skeb.jp/api/users/akari_knt
2026-09-14 04:25:19 | INFO     | Saving at a/skeb/akari_knt-e77ca3.json
2026-09-14 04:25:20 | INFO     | OK https://skeb.jp/api/users/hechimabushi
2026-09-14 04:25:20 | INFO     | Saving at a/skeb/hechimabushi-7bc983.json
2026-09-14 04:25:21 | INFO     | OK https://skeb.jp/api/users/nanazunazu_
2026-09-14 04:25:21 | INFO     | Saving at a/skeb/nanazunazu_-3399f6.json
2026-09-14 04:25:22 | INFO     | OK https://skeb.jp/api/users/soranon_non
2026-09-14 04:25:22 | INFO     | Saving at a/skeb/soranon_non-9fa608.json
2026-09-14 04:25:23 | INFO     | OK https://skeb.jp/api/users/Syuli_0222
2026-09-14 04:25:23 | INFO     | Saving at a/skeb/Syuli_0222-3b2d60.json
2026-09-14 04:25:24 | INFO     | OK https://skeb.jp/api/users/ykhs_92
2026-09-14 04:25:24 | INFO     | Saving at a/skeb/ykhs_92-91aeac.json
2026-09-14 04:25:25 | INFO     | OK https://skeb.jp/api/users/22yk222
2026-09-14 04:25:25 | INFO     | Saving at a/skeb/22yk222-f4b945.json
2026-09-14 04:25:26 | WARNING  | 404 on https://skeb.jp/api/users/ren732 (attempt 3/3)
2026-09-14 04:25:27 | INFO     | OK https://skeb.jp/api/users/XpX114514
2026-09-14 04:25:27 | INFO     | Saving at a/skeb/XpX114514-dff672.json
2026-09-14 04:25:28 | INFO     | OK https://skeb.jp/api/users/CX9FMTO5qn
2026-09-14 04:25:28 | INFO     | Saving at a/skeb/CX9FMTO5qn-382be3.json
2026-09-14 04:25:29 | INFO     | OK https://skeb.jp/api/users/hakoyu_0
2026-09-14 04:25:29 | INFO     | Saving at a/skeb/hakoyu_0-efd150.json
2026-09-14 04:25:30 | INFO     | OK https://skeb.jp/api/users/shiba_9393
2026-09-14 04:25:30 | INFO     | Saving at a/skeb/shiba_9393-c4ae87.json
2026-09-14 04:25:31 | INFO     | OK https://skeb.jp/api/users/moyashi_DECAYED
2026-09-14 04:25:31 | INFO     | Saving at a/skeb/moyashi_DECAYED-ea6fb8.json
2026-09-14 04:25:32 | INFO     | OK https://skeb.jp/api/users/sorattyu
2026-09-14 04:25:32 | INFO     | Saving at a/skeb/sorattyu-21afac.json
2026-09-14 04:25:33 | INFO     | OK https://skeb.jp/api/users/hagiskeb
2026-09-14 04:25:33 | INFO     | Saving at a/skeb/hagiskeb-b5489d.json
2026-09-14 04:25:34 | INFO     | OK https://skeb.jp/api/users/HARUSAME37EDAKE
2026-09-14 04:25:34 | INFO     | Saving at a/skeb/HARUSAME37EDAKE-16e153.json
2026-09-14 04:25:35 | INFO     | OK https://skeb.jp/api/users/_gloggy_
2026-09-14 04:25:35 | INFO     | Saving at a/skeb/_gloggy_-2bebe8.json
2026-09-14 04:25:36 | INFO     | OK https://skeb.jp/api/users/higaragi0209
2026-09-14 04:25:36 | INFO     | Saving at a/skeb/higaragi0209-275969.json
2026-09-14 04:25:37 | INFO     | OK https://skeb.jp/api/users/nazumi_u6
2026-09-14 04:25:37 | INFO     | Saving at a/skeb/nazumi_u6-a00a19.json
2026-09-14 04:25:38 | INFO     | OK https://skeb.jp/api/users/RiA_999_
2026-09-14 04:25:38 | INFO     | Saving at a/skeb/RiA_999_-ef6313.json
2026-09-14 04:25:39 | INFO     | OK https://skeb.jp/api/users/neoki_ohaE
2026-09-14 04:25:39 | INFO     | Saving at a/skeb/neoki_ohaE-022bd2.json
2026-09-14 04:25:40 | INFO     | OK https://skeb.jp/api/users/orusuta961
2026-09-14 04:25:40 | INFO     | Saving at a/skeb/orusuta961-0b69d0.json
2026-09-14 04:25:41 | INFO     | OK https://skeb.jp/api/users/stellacrow2572
2026-09-14 04:25:41 | INFO     | Saving at a/skeb/stellacrow2572-08e2fc.json
2026-09-14 04:25:42 | INFO     | OK https://skeb.jp/api/users/uru_taro_sabu
2026-09-14 04:25:42 | INFO     | Saving at a/skeb/uru_taro_sabu-7abe92.json
2026-09-14 04:25:43 | INFO     | OK https://skeb.jp/api/users/shima080
2026-09-14 04:25:43 | INFO     | Saving at a/skeb/shima080-950570.json
2026-09-14 04:25:44 | INFO     | OK https://skeb.jp/api/users/kuko3da
2026-09-14 04:25:44 | INFO     | Saving at a/skeb/kuko3da-d69dd6.json
2026-09-14 04:25:45 | INFO     | OK https://skeb.jp/api/users/uemen_mgu
2026-09-14 04:25:45 | INFO     | Saving at a/skeb/uemen_mgu-788a1b.json
2026-09-14 04:25:46 | INFO     | OK https://skeb.jp/api/users/awaame_0v0
2026-09-14 04:25:46 | INFO     | Saving at a/skeb/awaame_0v0-a180b1.json
2026-09-14 04:25:47 | INFO     | OK https://skeb.jp/api/users/SioN_owatas
2026-09-14 04:25:47 | INFO     | Saving at a/skeb/SioN_owatas-2a2f80.json
2026-09-14 04:25:48 | INFO     | OK https://skeb.jp/api/users/yamazin_ex
2026-09-14 04:25:48 | INFO     | Saving at a/skeb/yamazin_ex-0ea80d.json
2026-09-14 04:25:49 | INFO     | OK https://skeb.jp/api/users/52_DICE
2026-09-14 04:25:49 | INFO     | Saving at a/skeb/52_DICE-43a3ca.json
2026-09-14 04:25:50 | INFO     | OK https://skeb.jp/api/users/tarutaru428
2026-09-14 04:25:50 | INFO     | Saving at a/skeb/tarutaru428-7dcc4b.json
2026-09-14 04:25:51 | INFO     | OK https://skeb.jp/api/users/t_r_to
2026-09-14 04:25:51 | INFO     | Saving at a/skeb/t_r_to-06b6a7.json
2026-09-14 04:25:52 | INFO     | OK https://skeb.jp/api/users/mytea_soso
2026-09-14 04:25:52 | INFO     | Saving at a/skeb/mytea_soso-e83a87.json
2026-09-14 04:25:53 | INFO     | OK https://skeb.jp/api/users/Cassia_1fall5
2026-09-14 04:25:53 | INFO     | Saving at a/skeb/Cassia_1fall5-587b29.json
2026-09-14 04:25:54 | INFO     | OK https://skeb.jp/api/users/hikaribye
2026-09-14 04:25:54 | INFO     | Saving at a/skeb/hikaribye-c168cf.json
2026-09-14 04:25:55 | INFO     | OK https://skeb.jp/api/users/user
2026-09-14 04:25:55 | INFO     | Saving at a/skeb/user-ee11cb.json
2026-09-14 04:25:56 | INFO     | OK https://skeb.jp/api/users/t0_0xin
2026-09-14 04:25:56 | INFO     | Saving at a/skeb/t0_0xin-795de3.json
2026-09-14 04:25:57 | INFO     | OK https://skeb.jp/api/users/neplusplus0808
2026-09-14 04:25:57 | INFO     | Saving at a/skeb/neplusplus0808-939227.json
2026-09-14 04:25:58 | INFO     | OK https://skeb.jp/api/users/karac_blue
2026-09-14 04:25:58 | INFO     | Saving at a/skeb/karac_blue-9fb069.json
2026-09-14 04:25:59 | INFO     | OK https://skeb.jp/api/users/cicichiro2
2026-09-14 04:25:59 | INFO     | Saving at a/skeb/cicichiro2-8166fe.json
2026-09-14 04:26:00 | INFO     | OK https://skeb.jp/api/users/kosame_ring
2026-09-14 04:26:00 | INFO     | Saving at a/skeb/kosame_ring-98ce79.json
2026-09-14 04:26:01 | INFO     | OK https://skeb.jp/api/users/Nagi_caprice
2026-09-14 04:26:01 | INFO     | Saving at a/skeb/Nagi_caprice-236c3e.json
2026-09-14 04:26:02 | INFO     | OK https://skeb.jp/api/users/sasansei3
2026-09-14 04:26:02 | INFO     | Saving at a/skeb/sasansei3-f5e1d5.json
2026-09-14 04:26:03 | INFO     | OK https://skeb.jp/api/users/como1729
2026-09-14 04:26:03 | INFO     | Saving at a/skeb/como1729-d574d2.json
2026-09-14 04:26:04 | INFO     | OK https://skeb.jp/api/users/Kantol
2026-09-14 04:26:04 | INFO     | Saving at a/skeb/Kantol-69f955.json
2026-09-14 04:26:05 | INFO     | OK https://skeb.jp/api/users/0214kapi
2026-09-14 04:26:05 | INFO     | Saving at a/skeb/0214kapi-823472.json
2026-09-14 04:26:06 | INFO     | OK https://skeb.jp/api/users/Darkmin2p053er
2026-09-14 04:26:06 | INFO     | Saving at a/skeb/Darkmin2p053er-04c387.json
2026-09-14 04:26:07 | INFO     | OK https://skeb.jp/api/users/modi_ibom
2026-09-14 04:26:07 | INFO     | Saving at a/skeb/modi_ibom-36df05.json
2026-09-14 04:26:08 | INFO     | OK https://skeb.jp/api/users/kkitsunai
2026-09-14 04:26:08 | INFO     | Saving at a/skeb/kkitsunai-90d0c0.json
2026-09-14 04:26:09 | INFO     | OK https://skeb.jp/api/users/kommy_karaage
2026-09-14 04:26:09 | INFO     | Saving at a/skeb/kommy_karaage-8aea90.json
2026-09-14 04:26:10 | INFO     | OK https://skeb.jp/api/users/prettyrhythm2dx
2026-09-14 04:26:10 | INFO     | Saving at a/skeb/prettyrhythm2dx-702fbb.json
2026-09-14 04:26:11 | INFO     | OK https://skeb.jp/api/users/nanase_411
2026-09-14 04:26:11 | INFO     | Saving at a/skeb/nanase_411-30b9b7.json
2026-09-14 04:26:12 | INFO     | OK https://skeb.jp/api/users/noYqrn1_Illust
2026-09-14 04:26:12 | INFO     | Saving at a/skeb/noYqrn1_Illust-dbaf01.json
2026-09-14 04:26:13 | INFO     | OK https://skeb.jp/api/users/sumi__33
2026-09-14 04:26:13 | INFO     | Saving at a/skeb/sumi__33-622bf6.json
2026-09-14 04:26:14 | INFO     | OK https://skeb.jp/api/users/pyonnyan24
2026-09-14 04:26:14 | INFO     | Saving at a/skeb/pyonnyan24-7d29ba.json
2026-09-14 04:26:15 | INFO     | OK https://skeb.jp/api/users/Kichijouji_sss
2026-09-14 04:26:15 | INFO     | Saving at a/skeb/Kichijouji_sss-741c08.json
2026-09-14 04:26:16 | INFO     | OK https://skeb.jp/api/users/chibitora8810
2026-09-14 04:26:16 | INFO     | Saving at a/skeb/chibitora8810-3f8c3b.json
2026-09-14 04:26:17 | INFO     | OK https://skeb.jp/api/users/310trs
2026-09-14 04:26:17 | INFO     | Saving at a/skeb/310trs-a1d371.json
2026-09-14 04:26:18 | INFO     | OK https://skeb.jp/api/users/kesut4
2026-09-14 04:26:18 | INFO     | Saving at a/skeb/kesut4-646dd3.json
2026-09-14 04:26:19 | INFO     | OK https://skeb.jp/api/users/_ekaki
2026-09-14 04:26:19 | INFO     | Saving at a/skeb/_ekaki-b1c79a.json
2026-09-14 04:26:20 | INFO     | OK https://skeb.jp/api/users/oekaki_sakiho
2026-09-14 04:26:20 | INFO     | Saving at a/skeb/oekaki_sakiho-866dde.json
2026-09-14 04:26:21 | INFO     | OK https://skeb.jp/api/users/binelu01
2026-09-14 04:26:21 | INFO     | Saving at a/skeb/binelu01-711841.json
2026-09-14 04:26:22 | INFO     | OK https://skeb.jp/api/users/mebiusu80
2026-09-14 04:26:22 | INFO     | Saving at a/skeb/mebiusu80-bbd8b4.json
2026-09-14 04:26:23 | INFO     | OK https://skeb.jp/api/users/BA7mix
2026-09-14 04:26:23 | INFO     | Saving at a/skeb/BA7mix-56bc9f.json
2026-09-14 04:26:24 | INFO     | OK https://skeb.jp/api/users/sagyo_05
2026-09-14 04:26:24 | INFO     | Saving at a/skeb/sagyo_05-001f0e.json
2026-09-14 04:26:25 | INFO     | OK https://skeb.jp/api/users/Nanase___521
2026-09-14 04:26:25 | INFO     | Saving at a/skeb/Nanase___521-9dab19.json
2026-09-14 04:26:26 | INFO     | OK https://skeb.jp/api/users/oyomotin
2026-09-14 04:26:26 | INFO     | Saving at a/skeb/oyomotin-61dcb6.json
2026-09-14 04:26:27 | INFO     | OK https://skeb.jp/api/users/puss3250
2026-09-14 04:26:27 | INFO     | Saving at a/skeb/puss3250-a68fe2.json
2026-09-14 04:26:28 | INFO     | OK https://skeb.jp/api/users/1dnima1
2026-09-14 04:26:28 | INFO     | Saving at a/skeb/1dnima1-ad1267.json
2026-09-14 04:26:29 | INFO     | OK https://skeb.jp/api/users/FXWIDrx4jIpGUvE
2026-09-14 04:26:29 | INFO     | Saving at a/skeb/FXWIDrx4jIpGUvE-48b742.json
2026-09-14 04:26:30 | INFO     | OK https://skeb.jp/api/users/Jarejare_aoain
2026-09-14 04:26:30 | INFO     | Saving at a/skeb/Jarejare_aoain-69a144.json
2026-09-14 04:26:31 | INFO     | OK https://skeb.jp/api/users/maLily_Vtu
2026-09-14 04:26:31 | INFO     | Saving at a/skeb/maLily_Vtu-bd705b.json
2026-09-14 04:26:32 | INFO     | OK https://skeb.jp/api/users/Sylhebi
2026-09-14 04:26:32 | INFO     | Saving at a/skeb/Sylhebi-177fdc.json
2026-09-14 04:26:33 | INFO     | OK https://skeb.jp/api/users/728kasyo
2026-09-14 04:26:33 | INFO     | Saving at a/skeb/728kasyo-403dba.json
2026-09-14 04:26:34 | INFO     | OK https://skeb.jp/api/users/mashishi804
2026-09-14 04:26:34 | INFO     | Saving at a/skeb/mashishi804-8aa4b6.json
2026-09-14 04:26:35 | INFO     | OK https://skeb.jp/api/users/kacico_l2
2026-09-14 04:26:35 | INFO     | Saving at a/skeb/kacico_l2-926ea2.json
2026-09-14 04:26:36 | INFO     | OK https://skeb.jp/api/users/BOTAK2235
2026-09-14 04:26:36 | INFO     | Saving at a/skeb/BOTAK2235-c48b66.json
2026-09-14 04:26:37 | INFO     | OK https://skeb.jp/api/users/IllustAlsy
2026-09-14 04:26:37 | INFO     | Saving at a/skeb/IllustAlsy-a8ce83.json
2026-09-14 04:26:38 | INFO     | OK https://skeb.jp/api/users/Anciens_Heros
2026-09-14 04:26:38 | INFO     | Saving at a/skeb/Anciens_Heros-9a915d.json
2026-09-14 04:26:39 | INFO     | OK https://skeb.jp/api/users/Rokito_blue
2026-09-14 04:26:39 | INFO     | Saving at a/skeb/Rokito_blue-d00f81.json
2026-09-14 04:26:40 | INFO     | OK https://skeb.jp/api/users/maruken_xx
2026-09-14 04:26:40 | INFO     | Saving at a/skeb/maruken_xx-c84309.json
2026-09-14 04:26:41 | INFO     | OK https://skeb.jp/api/users/omimi_03
2026-09-14 04:26:41 | INFO     | Saving at a/skeb/omimi_03-d5657d.json
2026-09-14 04:26:42 | INFO     | OK https://skeb.jp/api/users/TamaokiBenkyoo
2026-09-14 04:26:42 | INFO     | Saving at a/skeb/TamaokiBenkyoo-96ee33.json
2026-09-14 04:26:43 | INFO     | OK https://skeb.jp/api/users/arinoo_vxv
2026-09-14 04:26:43 | INFO     | Saving at a/skeb/arinoo_vxv-47846d.json
2026-09-14 04:26:44 | INFO     | OK https://skeb.jp/api/users/duck_everything
2026-09-14 04:26:44 | INFO     | Saving at a/skeb/duck_everything-bcbbac.json
2026-09-14 04:26:45 | INFO     | OK https://skeb.jp/api/users/flask_beaker
2026-09-14 04:26:45 | INFO     | Saving at a/skeb/flask_beaker-189bea.json
2026-09-14 04:26:46 | INFO     | OK https://skeb.jp/api/users/9banta_original
2026-09-14 04:26:46 | INFO     | Saving at a/skeb/9banta_original-e85ae3.json
2026-09-14 04:26:47 | INFO     | OK https://skeb.jp/api/users/scrasukusuku
2026-09-14 04:26:47 | INFO     | Saving at a/skeb/scrasukusuku-f57fa0.json
2026-09-14 04:26:48 | INFO     | OK https://skeb.jp/api/users/kawahagi_modoki
2026-09-14 04:26:48 | INFO     | Saving at a/skeb/kawahagi_modoki-35ab09.json
2026-09-14 04:26:49 | INFO     | OK https://skeb.jp/api/users/hohohoho64
2026-09-14 04:26:49 | INFO     | Saving at a/skeb/hohohoho64-c7c536.json
2026-09-14 04:26:50 | INFO     | OK https://skeb.jp/api/users/hitsuji_no_onik
2026-09-14 04:26:50 | INFO     | Saving at a/skeb/hitsuji_no_onik-c92fc9.json
2026-09-14 04:26:51 | WARNING  | 404 on https://skeb.jp/api/users/raira421 (attempt 1/3)
2026-09-14 04:26:52 | INFO     | OK https://skeb.jp/api/users/moni_9215
2026-09-14 04:26:52 | INFO     | Saving at a/skeb/moni_9215-b26a34.json
2026-09-14 04:26:53 | INFO     | OK https://skeb.jp/api/users/Hrsm_wop
2026-09-14 04:26:53 | INFO     | Saving at a/skeb/Hrsm_wop-c35502.json
2026-09-14 04:26:54 | INFO     | OK https://skeb.jp/api/users/Taiyousan6969
2026-09-14 04:26:54 | INFO     | Saving at a/skeb/Taiyousan6969-a1257d.json
2026-09-14 04:26:55 | INFO     | OK https://skeb.jp/api/users/rfski
2026-09-14 04:26:55 | INFO     | Saving at a/skeb/rfski-65b56f.json
2026-09-14 04:26:56 | INFO     | OK https://skeb.jp/api/users/negiwasa555
2026-09-14 04:26:56 | INFO     | Saving at a/skeb/negiwasa555-36493e.json
2026-09-14 04:26:57 | INFO     | OK https://skeb.jp/api/users/iechi_tasu
2026-09-14 04:26:57 | INFO     | Saving at a/skeb/iechi_tasu-ff926e.json
2026-09-14 04:26:58 | INFO     | OK https://skeb.jp/api/users/hi_na_ga
2026-09-14 04:26:58 | INFO     | Saving at a/skeb/hi_na_ga-5ed504.json
2026-09-14 04:26:59 | INFO     | OK https://skeb.jp/api/users/mii_nyanko96
2026-09-14 04:26:59 | INFO     | Saving at a/skeb/mii_nyanko96-1b9159.json
2026-09-14 04:27:00 | WARNING  | 404 on https://skeb.jp/api/users/raira421 (attempt 2/3)
2026-09-14 04:27:01 | INFO     | OK https://skeb.jp/api/users/Solto001
2026-09-14 04:27:01 | INFO     | Saving at a/skeb/Solto001-a4dd8d.json
2026-09-14 04:27:02 | INFO     | OK https://skeb.jp/api/users/z9HAKRXZ1q82365
2026-09-14 04:27:02 | INFO     | Saving at a/skeb/z9HAKRXZ1q82365-b1ba0e.json
2026-09-14 04:27:03 | INFO     | OK https://skeb.jp/api/users/konoyu
2026-09-14 04:27:03 | INFO     | Saving at a/skeb/konoyu-106379.json
2026-09-14 04:27:04 | INFO     | OK https://skeb.jp/api/users/Cosy_zzz
2026-09-14 04:27:04 | INFO     | Saving at a/skeb/Cosy_zzz-5af323.json
2026-09-14 04:27:05 | INFO     | OK https://skeb.jp/api/users/kuro69853
2026-09-14 04:27:05 | INFO     | Saving at a/skeb/kuro69853-2775a5.json
2026-09-14 04:27:06 | INFO     | OK https://skeb.jp/api/users/Hou_dzu_Fox
2026-09-14 04:27:06 | INFO     | Saving at a/skeb/Hou_dzu_Fox-3e3c9c.json
2026-09-14 04:27:07 | INFO     | OK https://skeb.jp/api/users/pix_tobira
2026-09-14 04:27:07 | INFO     | Saving at a/skeb/pix_tobira-5f9f32.json
2026-09-14 04:27:08 | INFO     | OK https://skeb.jp/api/users/UminoKio
2026-09-14 04:27:08 | INFO     | Saving at a/skeb/UminoKio-437fb4.json
2026-09-14 04:27:09 | INFO     | OK https://skeb.jp/api/users/tuyoshi1128
2026-09-14 04:27:09 | INFO     | Saving at a/skeb/tuyoshi1128-5fe2f5.json
2026-09-14 04:27:10 | INFO     | OK https://skeb.jp/api/users/i_t_05_12
2026-09-14 04:27:10 | INFO     | Saving at a/skeb/i_t_05_12-b8ee20.json
2026-09-14 04:27:11 | INFO     | OK https://skeb.jp/api/users/raia_kig
2026-09-14 04:27:11 | INFO     | Saving at a/skeb/raia_kig-3088b6.json
2026-09-14 04:27:12 | INFO     | OK https://skeb.jp/api/users/abunaideka9
2026-09-14 04:27:12 | INFO     | Saving at a/skeb/abunaideka9-7546eb.json
2026-09-14 04:27:13 | WARNING  | 404 on https://skeb.jp/api/users/raira421 (attempt 3/3)
2026-09-14 04:27:14 | INFO     | OK https://skeb.jp/api/users/miya_nitijo
2026-09-14 04:27:14 | INFO     | Saving at a/skeb/miya_nitijo-e1f1a9.json
2026-09-14 04:27:15 | INFO     | OK https://skeb.jp/api/users/Chiyo9573
2026-09-14 04:27:15 | INFO     | Saving at a/skeb/Chiyo9573-3284d5.json
2026-09-14 04:27:16 | INFO     | OK https://skeb.jp/api/users/KRKRHAT
2026-09-14 04:27:16 | INFO     | Saving at a/skeb/KRKRHAT-72fe2d.json
2026-09-14 04:27:17 | INFO     | OK https://skeb.jp/api/users/mjkondoria
2026-09-14 04:27:17 | INFO     | Saving at a/skeb/mjkondoria-085b2e.json
2026-09-14 04:27:18 | INFO     | OK https://skeb.jp/api/users/299nerukowinter
2026-09-14 04:27:18 | INFO     | Saving at a/skeb/299nerukowinter-41cf03.json
2026-09-14 04:27:19 | INFO     | OK https://skeb.jp/api/users/Sugar_Salt_chan
2026-09-14 04:27:19 | INFO     | Saving at a/skeb/Sugar_Salt_chan-7a130f.json
2026-09-14 04:27:20 | INFO     | OK https://skeb.jp/api/users/Zar6VNFfXK22155
2026-09-14 04:27:20 | INFO     | Saving at a/skeb/Zar6VNFfXK22155-a84249.json
2026-09-14 04:27:21 | INFO     | OK https://skeb.jp/api/users/oboro_h
2026-09-14 04:27:21 | INFO     | Saving at a/skeb/oboro_h-b6b4e8.json
2026-09-14 04:27:22 | INFO     | OK https://skeb.jp/api/users/baromokobaro
2026-09-14 04:27:22 | INFO     | Saving at a/skeb/baromokobaro-e6bea0.json
2026-09-14 04:27:23 | INFO     | OK https://skeb.jp/api/users/63yukito
2026-09-14 04:27:23 | INFO     | Saving at a/skeb/63yukito-59825c.json
2026-09-14 04:27:24 | INFO     | OK https://skeb.jp/api/users/oinuchaaan2
2026-09-14 04:27:24 | INFO     | Saving at a/skeb/oinuchaaan2-4e770e.json
2026-09-14 04:27:25 | INFO     | OK https://skeb.jp/api/users/chusuing2
2026-09-14 04:27:25 | INFO     | Saving at a/skeb/chusuing2-2237f9.json
2026-09-14 04:27:26 | INFO     | OK https://skeb.jp/api/users/illust_sagari
2026-09-14 04:27:26 | INFO     | Saving at a/skeb/illust_sagari-9dc53d.json
2026-09-14 04:27:27 | INFO     | OK https://skeb.jp/api/users/kobsaki
2026-09-14 04:27:27 | INFO     | Saving at a/skeb/kobsaki-a7e8e6.json
2026-09-14 04:27:28 | INFO     | OK https://skeb.jp/api/users/__yniar
2026-09-14 04:27:28 | INFO     | Saving at a/skeb/__yniar-a1b871.json
2026-09-14 04:27:29 | INFO     | OK https://skeb.jp/api/users/Mjn_Ek
2026-09-14 04:27:29 | INFO     | Saving at a/skeb/Mjn_Ek-af8790.json
2026-09-14 04:27:30 | INFO     | OK https://skeb.jp/api/users/9U_trpg
2026-09-14 04:27:30 | INFO     | Saving at a/skeb/9U_trpg-4cd9b5.json
2026-09-14 04:27:31 | INFO     | OK https://skeb.jp/api/users/unonazuki
2026-09-14 04:27:31 | INFO     | Saving at a/skeb/unonazuki-081452.json
2026-09-14 04:27:32 | INFO     | OK https://skeb.jp/api/users/Sut_msm
2026-09-14 04:27:32 | INFO     | Saving at a/skeb/Sut_msm-b95a74.json
2026-09-14 04:27:33 | WARNING  | 404 on https://skeb.jp/api/users/AkaniStudioo (attempt 1/3)
2026-09-14 04:27:34 | INFO     | OK https://skeb.jp/api/users/gogo_tea
2026-09-14 04:27:34 | INFO     | Saving at a/skeb/gogo_tea-85955a.json
2026-09-14 04:27:35 | INFO     | OK https://skeb.jp/api/users/tmk_illust66
2026-09-14 04:27:35 | INFO     | Saving at a/skeb/tmk_illust66-dc0366.json
2026-09-14 04:27:36 | INFO     | OK https://skeb.jp/api/users/suurin_2
2026-09-14 04:27:36 | INFO     | Saving at a/skeb/suurin_2-b5f76c.json
2026-09-14 04:27:37 | INFO     | OK https://skeb.jp/api/users/tukimimi_inker
2026-09-14 04:27:37 | INFO     | Saving at a/skeb/tukimimi_inker-5d74a7.json
2026-09-14 04:27:38 | INFO     | OK https://skeb.jp/api/users/299naono
2026-09-14 04:27:38 | INFO     | Saving at a/skeb/299naono-51fdb9.json
2026-09-14 04:27:39 | INFO     | OK https://skeb.jp/api/users/yu_arikui
2026-09-14 04:27:39 | INFO     | Saving at a/skeb/yu_arikui-b80d80.json
2026-09-14 04:27:40 | INFO     | OK https://skeb.jp/api/users/oshimaru026
2026-09-14 04:27:40 | INFO     | Saving at a/skeb/oshimaru026-9203dc.json
2026-09-14 04:27:41 | INFO     | OK https://skeb.jp/api/users/mizumizusiiman
2026-09-14 04:27:41 | INFO     | Saving at a/skeb/mizumizusiiman-99efd2.json
2026-09-14 04:27:42 | INFO     | OK https://skeb.jp/api/users/memory_V_hero
2026-09-14 04:27:42 | INFO     | Saving at a/skeb/memory_V_hero-533179.json
2026-09-14 04:27:43 | INFO     | OK https://skeb.jp/api/users/waikeee
2026-09-14 04:27:43 | INFO     | Saving at a/skeb/waikeee-e8829b.json
2026-09-14 04:27:44 | INFO     | OK https://skeb.jp/api/users/gtwtadg
2026-09-14 04:27:44 | INFO     | Saving at a/skeb/gtwtadg-3fd0ed.json
2026-09-14 04:27:45 | INFO     | OK https://skeb.jp/api/users/chanOdaO
2026-09-14 04:27:45 | INFO     | Saving at a/skeb/chanOdaO-743251.json
2026-09-14 04:27:46 | INFO     | OK https://skeb.jp/api/users/harogito
2026-09-14 04:27:46 | INFO     | Saving at a/skeb/harogito-19ae94.json
2026-09-14 04:27:47 | INFO     | OK https://skeb.jp/api/users/kohayata5
2026-09-14 04:27:47 | INFO     | Saving at a/skeb/kohayata5-09500e.json
2026-09-14 04:27:48 | INFO     | OK https://skeb.jp/api/users/sasaki____san
2026-09-14 04:27:48 | INFO     | Saving at a/skeb/sasaki____san-1f5235.json
2026-09-14 04:27:49 | INFO     | OK https://skeb.jp/api/users/YumehoshiMizuki
2026-09-14 04:27:49 | INFO     | Saving at a/skeb/YumehoshiMizuki-b1a3cb.json
2026-09-14 04:27:50 | WARNING  | 404 on https://skeb.jp/api/users/AkaniStudioo (attempt 2/3)
2026-09-14 04:27:51 | INFO     | OK https://skeb.jp/api/users/agamemn_0n
2026-09-14 04:27:51 | INFO     | Saving at a/skeb/agamemn_0n-65f4db.json
2026-09-14 04:27:52 | INFO     | OK https://skeb.jp/api/users/Nankai_san
2026-09-14 04:27:52 | INFO     | Saving at a/skeb/Nankai_san-638830.json
2026-09-14 04:27:53 | WARNING  | 404 on https://skeb.jp/api/users/tomori_candle (attempt 1/3)
2026-09-14 04:27:54 | INFO     | OK https://skeb.jp/api/users/kiteamano
2026-09-14 04:27:54 | INFO     | Saving at a/skeb/kiteamano-97e3a9.json
2026-09-14 04:27:55 | INFO     | OK https://skeb.jp/api/users/marurumadoka
2026-09-14 04:27:55 | INFO     | Saving at a/skeb/marurumadoka-2204be.json
2026-09-14 04:27:56 | INFO     | OK https://skeb.jp/api/users/hossimu
2026-09-14 04:27:56 | INFO     | Saving at a/skeb/hossimu-65f085.json
2026-09-14 04:27:57 | WARNING  | 404 on https://skeb.jp/api/users/tomori_candle (attempt 2/3)
2026-09-14 04:27:58 | INFO     | OK https://skeb.jp/api/users/soaps_Dramaclub
2026-09-14 04:27:58 | INFO     | Saving at a/skeb/soaps_Dramaclub-8f3f35.json
2026-09-14 04:27:59 | INFO     | OK https://skeb.jp/api/users/DARU_osanart
2026-09-14 04:27:59 | INFO     | Saving at a/skeb/DARU_osanart-f5f3b0.json
2026-09-14 04:28:00 | WARNING  | 404 on https://skeb.jp/api/users/gmail (attempt 1/3)
2026-09-14 04:28:01 | INFO     | OK https://skeb.jp/api/users/DEOTAMA_FGO
2026-09-14 04:28:01 | INFO     | Saving at a/skeb/DEOTAMA_FGO-c56169.json
2026-09-14 04:28:02 | INFO     | OK https://skeb.jp/api/users/rissenka
2026-09-14 04:28:02 | INFO     | Saving at a/skeb/rissenka-be7cd4.json
2026-09-14 04:28:03 | INFO     | OK https://skeb.jp/api/users/karuma_160918
2026-09-14 04:28:03 | INFO     | Saving at a/skeb/karuma_160918-fa15e0.json
2026-09-14 04:28:04 | WARNING  | 404 on https://skeb.jp/api/users/gmail (attempt 2/3)
2026-09-14 04:28:05 | INFO     | OK https://skeb.jp/api/users/inudogwanwan
2026-09-14 04:28:05 | INFO     | Saving at a/skeb/inudogwanwan-23e78e.json
2026-09-14 04:28:06 | WARNING  | 404 on https://skeb.jp/api/users/yokazurn_021 (attempt 1/3)
2026-09-14 04:28:07 | INFO     | OK https://skeb.jp/api/users/VMEIN_46
2026-09-14 04:28:07 | INFO     | Saving at a/skeb/VMEIN_46-dae038.json
2026-09-14 04:28:08 | WARNING  | 404 on https://skeb.jp/api/users/AkaniStudioo (attempt 3/3)
2026-09-14 04:28:09 | INFO     | OK https://skeb.jp/api/users/O_e_K_k_B
2026-09-14 04:28:09 | INFO     | Saving at a/skeb/O_e_K_k_B-3f2cdb.json
2026-09-14 04:28:10 | WARNING  | 404 on https://skeb.jp/api/users/yokazurn_021 (attempt 2/3)
2026-09-14 04:28:11 | INFO     | OK https://skeb.jp/api/users/nanasino150
2026-09-14 04:28:11 | INFO     | Saving at a/skeb/nanasino150-889e00.json
2026-09-14 04:28:12 | INFO     | OK https://skeb.jp/api/users/mol_fire893
2026-09-14 04:28:12 | INFO     | Saving at a/skeb/mol_fire893-7a135d.json
2026-09-14 04:28:13 | INFO     | OK https://skeb.jp/api/users/Ivy__draws
2026-09-14 04:28:13 | INFO     | Saving at a/skeb/Ivy__draws-e62152.json
2026-09-14 04:28:14 | INFO     | OK https://skeb.jp/api/users/Kagemaru0905
2026-09-14 04:28:14 | INFO     | Saving at a/skeb/Kagemaru0905-dcb4b7.json
2026-09-14 04:28:15 | INFO     | OK https://skeb.jp/api/users/prskfa
2026-09-14 04:28:15 | INFO     | Saving at a/skeb/prskfa-614248.json
2026-09-14 04:28:16 | INFO     | OK https://skeb.jp/api/users/ozx_x0
2026-09-14 04:28:16 | INFO     | Saving at a/skeb/ozx_x0-ffd9b3.json
2026-09-14 04:28:17 | INFO     | OK https://skeb.jp/api/users/masakate
2026-09-14 04:28:17 | INFO     | Saving at a/skeb/masakate-2e3613.json
2026-09-14 04:28:18 | INFO     | OK https://skeb.jp/api/users/xexuxexu
2026-09-14 04:28:18 | INFO     | Saving at a/skeb/xexuxexu-4d5039.json
2026-09-14 04:28:19 | INFO     | OK https://skeb.jp/api/users/modanahuro
2026-09-14 04:28:19 | INFO     | Saving at a/skeb/modanahuro-0884c2.json
2026-09-14 04:28:20 | INFO     | OK https://skeb.jp/api/users/permian_machine
2026-09-14 04:28:20 | INFO     | Saving at a/skeb/permian_machine-274dea.json
2026-09-14 04:28:21 | INFO     | OK https://skeb.jp/api/users/amane_azurexx
2026-09-14 04:28:21 | INFO     | Saving at a/skeb/amane_azurexx-67c948.json
2026-09-14 04:28:22 | WARNING  | 404 on https://skeb.jp/api/users/gmail (attempt 3/3)
2026-09-14 04:28:23 | INFO     | OK https://skeb.jp/api/users/mutsu_emine
2026-09-14 04:28:23 | INFO     | Saving at a/skeb/mutsu_emine-680912.json
2026-09-14 04:28:24 | INFO     | OK https://skeb.jp/api/users/pi_ko002
2026-09-14 04:28:24 | INFO     | Saving at a/skeb/pi_ko002-819996.json
2026-09-14 04:28:25 | INFO     | OK https://skeb.jp/api/users/hgsn_azm
2026-09-14 04:28:25 | INFO     | Saving at a/skeb/hgsn_azm-294ea8.json
2026-09-14 04:28:26 | INFO     | OK https://skeb.jp/api/users/akmk7no
2026-09-14 04:28:26 | INFO     | Saving at a/skeb/akmk7no-d72fb6.json
2026-09-14 04:28:27 | INFO     | OK https://skeb.jp/api/users/akiduki1137
2026-09-14 04:28:27 | INFO     | Saving at a/skeb/akiduki1137-abc9f3.json
2026-09-14 04:28:28 | INFO     | OK https://skeb.jp/api/users/asu_d4_
2026-09-14 04:28:28 | INFO     | Saving at a/skeb/asu_d4_-d45b1c.json
2026-09-14 04:28:29 | INFO     | OK https://skeb.jp/api/users/syu_cat_
2026-09-14 04:28:29 | INFO     | Saving at a/skeb/syu_cat_-255595.json
2026-09-14 04:28:30 | INFO     | OK https://skeb.jp/api/users/airingo9696
2026-09-14 04:28:30 | INFO     | Saving at a/skeb/airingo9696-7806c3.json
2026-09-14 04:28:31 | INFO     | OK https://skeb.jp/api/users/fox8b500
2026-09-14 04:28:31 | INFO     | Saving at a/skeb/fox8b500-dfcbb5.json
2026-09-14 04:28:32 | INFO     | OK https://skeb.jp/api/users/shigunya
2026-09-14 04:28:32 | INFO     | Saving at a/skeb/shigunya-4aa710.json
2026-09-14 04:28:33 | INFO     | OK https://skeb.jp/api/users/mofumotufufu
2026-09-14 04:28:33 | INFO     | Saving at a/skeb/mofumotufufu-8eba94.json
2026-09-14 04:28:34 | INFO     | OK https://skeb.jp/api/users/Moriyama_GUAA
2026-09-14 04:28:34 | INFO     | Saving at a/skeb/Moriyama_GUAA-ac8e58.json
2026-09-14 04:28:35 | INFO     | OK https://skeb.jp/api/users/hyoroika1234
2026-09-14 04:28:35 | INFO     | Saving at a/skeb/hyoroika1234-5b8375.json
2026-09-14 04:28:36 | WARNING  | 404 on https://skeb.jp/api/users/yokazurn_021 (attempt 3/3)
2026-09-14 04:28:37 | WARNING  | 404 on https://skeb.jp/api/users/tomori_candle (attempt 3/3)
2026-09-14 04:28:38 | INFO     | OK https://skeb.jp/api/users/yoruwalk08
2026-09-14 04:28:38 | INFO     | Saving at a/skeb/yoruwalk08-2ca237.json
2026-09-14 04:28:39 | INFO     | OK https://skeb.jp/api/users/ilca_san
2026-09-14 04:28:39 | INFO     | Saving at a/skeb/ilca_san-8aec7f.json
2026-09-14 04:28:40 | INFO     | OK https://skeb.jp/api/users/SRge5Dvq3nzq7ZE
2026-09-14 04:28:40 | INFO     | Saving at a/skeb/SRge5Dvq3nzq7ZE-a5eac0.json
2026-09-14 04:28:41 | INFO     | OK https://skeb.jp/api/users/nadzilla_dzilla
2026-09-14 04:28:41 | INFO     | Saving at a/skeb/nadzilla_dzilla-407f75.json
2026-09-14 04:28:42 | WARNING  | 404 on https://skeb.jp/api/users/ting (attempt 1/3)
2026-09-14 04:28:43 | INFO     | OK https://skeb.jp/api/users/asagihisui_
2026-09-14 04:28:43 | INFO     | Saving at a/skeb/asagihisui_-e1ea8d.json
2026-09-14 04:28:44 | INFO     | OK https://skeb.jp/api/users/tun0026
2026-09-14 04:28:44 | INFO     | Saving at a/skeb/tun0026-139c18.json
2026-09-14 04:28:45 | INFO     | OK https://skeb.jp/api/users/Ukeiuuu2
2026-09-14 04:28:45 | INFO     | Saving at a/skeb/Ukeiuuu2-6df10a.json
2026-09-14 04:28:46 | WARNING  | 404 on https://skeb.jp/api/users/ting (attempt 2/3)
2026-09-14 04:28:47 | INFO     | OK https://skeb.jp/api/users/QuvgZNaJcNe0Fal
2026-09-14 04:28:47 | INFO     | Saving at a/skeb/QuvgZNaJcNe0Fal-6c7539.json
2026-09-14 04:28:48 | INFO     | OK https://skeb.jp/api/users/shino_kaguya1
2026-09-14 04:28:48 | INFO     | Saving at a/skeb/shino_kaguya1-4e0c67.json
2026-09-14 04:28:49 | INFO     | OK https://skeb.jp/api/users/monukiku
2026-09-14 04:28:49 | INFO     | Saving at a/skeb/monukiku-2918f0.json
2026-09-14 04:28:50 | INFO     | OK https://skeb.jp/api/users/ug_kkc
2026-09-14 04:28:50 | INFO     | Saving at a/skeb/ug_kkc-ff8fc9.json
2026-09-14 04:28:51 | WARNING  | 404 on https://skeb.jp/api/users/ting (attempt 3/3)
2026-09-14 04:28:52 | INFO     | OK https://skeb.jp/api/users/Sabahayate
2026-09-14 04:28:52 | INFO     | Saving at a/skeb/Sabahayate-986976.json
2026-09-14 04:28:53 | INFO     | OK https://skeb.jp/api/users/o_o_isi_
2026-09-14 04:28:53 | INFO     | Saving at a/skeb/o_o_isi_-87c72e.json
2026-09-14 04:28:54 | INFO     | OK https://skeb.jp/api/users/stntmk2_s6
2026-09-14 04:28:54 | INFO     | Saving at a/skeb/stntmk2_s6-adbbb9.json
2026-09-14 04:28:55 | INFO     | OK https://skeb.jp/api/users/Carbohy1290
2026-09-14 04:28:55 | INFO     | Saving at a/skeb/Carbohy1290-de7fcb.json
2026-09-14 04:28:56 | INFO     | OK https://skeb.jp/api/users/YodaZarame3
2026-09-14 04:28:56 | INFO     | Saving at a/skeb/YodaZarame3-9fe857.json
2026-09-14 04:28:57 | INFO     | OK https://skeb.jp/api/users/h_milk
2026-09-14 04:28:57 | INFO     | Saving at a/skeb/h_milk-5ff874.json
2026-09-14 04:28:58 | INFO     | OK https://skeb.jp/api/users/mamesan1205
2026-09-14 04:28:58 | INFO     | Saving at a/skeb/mamesan1205-900757.json
2026-09-14 04:28:59 | INFO     | OK https://skeb.jp/api/users/minor_human
2026-09-14 04:28:59 | INFO     | Saving at a/skeb/minor_human-03e23a.json
2026-09-14 04:29:00 | INFO     | OK https://skeb.jp/api/users/akiramikuver
2026-09-14 04:29:00 | INFO     | Saving at a/skeb/akiramikuver-17f0d4.json
2026-09-14 04:29:01 | INFO     | OK https://skeb.jp/api/users/Rosie_Rosie
2026-09-14 04:29:01 | INFO     | Saving at a/skeb/Rosie_Rosie-c946ac.json
2026-09-14 04:29:02 | INFO     | OK https://skeb.jp/api/users/cnn6ms
2026-09-14 04:29:02 | INFO     | Saving at a/skeb/cnn6ms-6e9197.json
2026-09-14 04:29:03 | INFO     | OK https://skeb.jp/api/users/yng_hoti
2026-09-14 04:29:03 | INFO     | Saving at a/skeb/yng_hoti-6c4133.json
2026-09-14 04:29:04 | INFO     | OK https://skeb.jp/api/users/yokazuRN_021
2026-09-14 04:29:04 | INFO     | Saving at a/skeb/yokazuRN_021-926529.json
2026-09-14 04:29:05 | INFO     | OK https://skeb.jp/api/users/snowrich114
2026-09-14 04:29:05 | INFO     | Saving at a/skeb/snowrich114-e797ca.json
2026-09-14 04:29:06 | INFO     | OK https://skeb.jp/api/users/B000_W
2026-09-14 04:29:06 | INFO     | Saving at a/skeb/B000_W-e51ac3.json
2026-09-14 04:29:07 | INFO     | OK https://skeb.jp/api/users/r_toa_illust
2026-09-14 04:29:07 | INFO     | Saving at a/skeb/r_toa_illust-9a9f58.json
2026-09-14 04:29:08 | INFO     | OK https://skeb.jp/api/users/kazuSan_udon
2026-09-14 04:29:08 | INFO     | Saving at a/skeb/kazuSan_udon-21cb94.json
2026-09-14 04:29:09 | INFO     | OK https://skeb.jp/api/users/kumoru_145
2026-09-14 04:29:09 | INFO     | Saving at a/skeb/kumoru_145-5b45dc.json
2026-09-14 04:29:10 | INFO     | OK https://skeb.jp/api/users/nemu_y
2026-09-14 04:29:10 | INFO     | Saving at a/skeb/nemu_y-074c71.json
2026-09-14 04:29:11 | INFO     | OK https://skeb.jp/api/users/pochi_WKmochi
2026-09-14 04:29:11 | INFO     | Saving at a/skeb/pochi_WKmochi-fe341e.json
2026-09-14 04:29:12 | INFO     | OK https://skeb.jp/api/users/aaarx73128
2026-09-14 04:29:12 | INFO     | Saving at a/skeb/aaarx73128-2cab04.json
2026-09-14 04:29:13 | INFO     | OK https://skeb.jp/api/users/se_52hz
2026-09-14 04:29:13 | INFO     | Saving at a/skeb/se_52hz-cf02ac.json
2026-09-14 04:29:14 | INFO     | OK https://skeb.jp/api/users/nozaki_siryu
2026-09-14 04:29:14 | INFO     | Saving at a/skeb/nozaki_siryu-b3a827.json
2026-09-14 04:29:15 | INFO     | OK https://skeb.jp/api/users/kan_dume
2026-09-14 04:29:15 | INFO     | Saving at a/skeb/kan_dume-1fcff8.json
2026-09-14 04:29:16 | INFO     | OK https://skeb.jp/api/users/takemi708
2026-09-14 04:29:16 | INFO     | Saving at a/skeb/takemi708-748128.json
2026-09-14 04:29:17 | INFO     | OK https://skeb.jp/api/users/hum3i_ya
2026-09-14 04:29:17 | INFO     | Saving at a/skeb/hum3i_ya-59218f.json
2026-09-14 04:29:18 | INFO     | OK https://skeb.jp/api/users/Obo3ym
2026-09-14 04:29:18 | INFO     | Saving at a/skeb/Obo3ym-0cb0e5.json
2026-09-14 04:29:19 | INFO     | OK https://skeb.jp/api/users/Your_96m2
2026-09-14 04:29:19 | INFO     | Saving at a/skeb/Your_96m2-038395.json
2026-09-14 04:29:20 | INFO     | OK https://skeb.jp/api/users/Niccolum_28_
2026-09-14 04:29:20 | INFO     | Saving at a/skeb/Niccolum_28_-14ad6c.json
2026-09-14 04:29:21 | INFO     | OK https://skeb.jp/api/users/CUTHi26557463
2026-09-14 04:29:21 | INFO     | Saving at a/skeb/CUTHi26557463-a971c7.json
2026-09-14 04:29:22 | INFO     | OK https://skeb.jp/api/users/kiga_guura
2026-09-14 04:29:22 | INFO     | Saving at a/skeb/kiga_guura-50eb79.json
2026-09-14 04:29:23 | WARNING  | 404 on https://skeb.jp/api/users/Petalouda (attempt 1/3)
2026-09-14 04:29:24 | INFO     | OK https://skeb.jp/api/users/uma_EMsan
2026-09-14 04:29:24 | INFO     | Saving at a/skeb/uma_EMsan-e483f6.json
2026-09-14 04:29:25 | INFO     | OK https://skeb.jp/api/users/yumehori_mdms
2026-09-14 04:29:25 | INFO     | Saving at a/skeb/yumehori_mdms-d7d1a2.json
2026-09-14 04:29:26 | INFO     | OK https://skeb.jp/api/users/Niyu_Chang
2026-09-14 04:29:26 | INFO     | Saving at a/skeb/Niyu_Chang-26a6a0.json
2026-09-14 04:29:27 | INFO     | OK https://skeb.jp/api/users/moje
2026-09-14 04:29:27 | INFO     | Saving at a/skeb/moje-448484.json
2026-09-14 04:29:28 | INFO     | OK https://skeb.jp/api/users/gggeri365
2026-09-14 04:29:28 | INFO     | Saving at a/skeb/gggeri365-a105e2.json
2026-09-14 04:29:29 | INFO     | OK https://skeb.jp/api/users/pMKhUSRq1L06bxW
2026-09-14 04:29:29 | INFO     | Saving at a/skeb/pMKhUSRq1L06bxW-902ba0.json
2026-09-14 04:29:30 | INFO     | OK https://skeb.jp/api/users/Y3LL0WKN1F3
2026-09-14 04:29:30 | INFO     | Saving at a/skeb/Y3LL0WKN1F3-708e22.json
2026-09-14 04:29:31 | INFO     | OK https://skeb.jp/api/users/Ryuya_Dof
2026-09-14 04:29:31 | INFO     | Saving at a/skeb/Ryuya_Dof-7acff2.json
2026-09-14 04:29:32 | INFO     | OK https://skeb.jp/api/users/pome0826
2026-09-14 04:29:32 | INFO     | Saving at a/skeb/pome0826-2b911f.json
2026-09-14 04:29:33 | INFO     | OK https://skeb.jp/api/users/nkn_kn_
2026-09-14 04:29:33 | INFO     | Saving at a/skeb/nkn_kn_-820037.json
2026-09-14 04:29:34 | INFO     | OK https://skeb.jp/api/users/konpe0217
2026-09-14 04:29:34 | INFO     | Saving at a/skeb/konpe0217-1185e9.json
2026-09-14 04:29:35 | INFO     | OK https://skeb.jp/api/users/jo__u
2026-09-14 04:29:35 | INFO     | Saving at a/skeb/jo__u-204b86.json
2026-09-14 04:29:36 | INFO     | OK https://skeb.jp/api/users/P_Q0112
2026-09-14 04:29:36 | INFO     | Saving at a/skeb/P_Q0112-49f272.json
2026-09-14 04:29:37 | INFO     | OK https://skeb.jp/api/users/FSD_and_GF4656
2026-09-14 04:29:37 | INFO     | Saving at a/skeb/FSD_and_GF4656-530244.json
2026-09-14 04:29:38 | INFO     | OK https://skeb.jp/api/users/yukita021204
2026-09-14 04:29:38 | INFO     | Saving at a/skeb/yukita021204-51cfe5.json
2026-09-14 04:29:39 | INFO     | OK https://skeb.jp/api/users/Lint29
2026-09-14 04:29:39 | INFO     | Saving at a/skeb/Lint29-445c83.json
2026-09-14 04:29:40 | INFO     | OK https://skeb.jp/api/users/hosi_huru_yoru2
2026-09-14 04:29:40 | INFO     | Saving at a/skeb/hosi_huru_yoru2-4fc05d.json
2026-09-14 04:29:41 | INFO     | OK https://skeb.jp/api/users/mocoge_
2026-09-14 04:29:41 | INFO     | Saving at a/skeb/mocoge_-7be0e6.json
2026-09-14 04:29:42 | INFO     | OK https://skeb.jp/api/users/erickkagami1090
2026-09-14 04:29:42 | INFO     | Saving at a/skeb/erickkagami1090-4a46b9.json
2026-09-14 04:29:43 | INFO     | OK https://skeb.jp/api/users/yor_hedera86
2026-09-14 04:29:43 | INFO     | Saving at a/skeb/yor_hedera86-666aff.json
2026-09-14 04:29:44 | INFO     | OK https://skeb.jp/api/users/nacht_kat
2026-09-14 04:29:44 | INFO     | Saving at a/skeb/nacht_kat-c3eae8.json
2026-09-14 04:29:45 | INFO     | OK https://skeb.jp/api/users/mugibirokou
2026-09-14 04:29:45 | INFO     | Saving at a/skeb/mugibirokou-18dfbc.json
2026-09-14 04:29:46 | INFO     | OK https://skeb.jp/api/users/Uminosoko44
2026-09-14 04:29:46 | INFO     | Saving at a/skeb/Uminosoko44-5de72c.json
2026-09-14 04:29:47 | INFO     | OK https://skeb.jp/api/users/midaringo
2026-09-14 04:29:47 | INFO     | Saving at a/skeb/midaringo-d3e80e.json
2026-09-14 04:29:48 | INFO     | OK https://skeb.jp/api/users/moesagasinotabi
2026-09-14 04:29:48 | INFO     | Saving at a/skeb/moesagasinotabi-1cb651.json
2026-09-14 04:29:49 | INFO     | OK https://skeb.jp/api/users/Enty_club
2026-09-14 04:29:49 | INFO     | Saving at a/skeb/Enty_club-2de8c5.json
2026-09-14 04:29:50 | INFO     | OK https://skeb.jp/api/users/noratamanyan
2026-09-14 04:29:50 | INFO     | Saving at a/skeb/noratamanyan-0f6367.json
2026-09-14 04:29:51 | INFO     | OK https://skeb.jp/api/users/nullnullnameko
2026-09-14 04:29:51 | INFO     | Saving at a/skeb/nullnullnameko-34f603.json
2026-09-14 04:29:52 | INFO     | OK https://skeb.jp/api/users/maAari_pkmn
2026-09-14 04:29:52 | INFO     | Saving at a/skeb/maAari_pkmn-dab8ce.json
2026-09-14 04:29:53 | WARNING  | 404 on https://skeb.jp/api/users/Petalouda (attempt 2/3)
2026-09-14 04:29:54 | INFO     | OK https://skeb.jp/api/users/kajaneko
2026-09-14 04:29:54 | INFO     | Saving at a/skeb/kajaneko-c2d5e8.json
2026-09-14 04:29:55 | INFO     | OK https://skeb.jp/api/users/hemorina
2026-09-14 04:29:55 | INFO     | Saving at a/skeb/hemorina-7499a2.json
2026-09-14 04:29:56 | INFO     | OK https://skeb.jp/api/users/moti_manzyu
2026-09-14 04:29:56 | INFO     | Saving at a/skeb/moti_manzyu-0dfc1e.json
2026-09-14 04:29:57 | INFO     | OK https://skeb.jp/api/users/iroha0megn
2026-09-14 04:29:57 | INFO     | Saving at a/skeb/iroha0megn-6356f0.json
2026-09-14 04:29:58 | WARNING  | 404 on https://skeb.jp/api/users/Petalouda (attempt 3/3)
2026-09-14 04:29:59 | INFO     | OK https://skeb.jp/api/users/nittonito2
2026-09-14 04:29:59 | INFO     | Saving at a/skeb/nittonito2-7d2660.json
2026-09-14 04:30:00 | INFO     | OK https://skeb.jp/api/users/retodo010
2026-09-14 04:30:00 | INFO     | Saving at a/skeb/retodo010-a3bfc6.json
2026-09-14 04:30:01 | INFO     | OK https://skeb.jp/api/users/saikoro1103
2026-09-14 04:30:01 | INFO     | Saving at a/skeb/saikoro1103-42e6a0.json
2026-09-14 04:30:02 | INFO     | OK https://skeb.jp/api/users/MAKIRA_001
2026-09-14 04:30:02 | INFO     | Saving at a/skeb/MAKIRA_001-43fa9c.json
2026-09-14 04:30:03 | INFO     | OK https://skeb.jp/api/users/er_ztv
2026-09-14 04:30:03 | INFO     | Saving at a/skeb/er_ztv-21e97e.json
2026-09-14 04:30:04 | INFO     | OK https://skeb.jp/api/users/Mdayo6210
2026-09-14 04:30:04 | INFO     | Saving at a/skeb/Mdayo6210-055e4a.json
2026-09-14 04:30:05 | INFO     | OK https://skeb.jp/api/users/shadobell
2026-09-14 04:30:05 | INFO     | Saving at a/skeb/shadobell-ab26cf.json
2026-09-14 04:30:06 | INFO     | OK https://skeb.jp/api/users/zc_clwo
2026-09-14 04:30:06 | INFO     | Saving at a/skeb/zc_clwo-46afc1.json
2026-09-14 04:30:07 | INFO     | OK https://skeb.jp/api/users/a__ttori
2026-09-14 04:30:07 | INFO     | Saving at a/skeb/a__ttori-ea7fa7.json
2026-09-14 04:30:08 | INFO     | OK https://skeb.jp/api/users/haircutcrab
2026-09-14 04:30:08 | INFO     | Saving at a/skeb/haircutcrab-a07c47.json
2026-09-14 04:30:09 | INFO     | OK https://skeb.jp/api/users/furuse_illust
2026-09-14 04:30:09 | INFO     | Saving at a/skeb/furuse_illust-2d7bff.json
2026-09-14 04:30:10 | INFO     | OK https://skeb.jp/api/users/LuNoah
2026-09-14 04:30:10 | INFO     | Saving at a/skeb/LuNoah-8c0e55.json
2026-09-14 04:30:11 | INFO     | OK https://skeb.jp/api/users/ryuura_1537
2026-09-14 04:30:11 | INFO     | Saving at a/skeb/ryuura_1537-6a68de.json
2026-09-14 04:30:12 | INFO     | OK https://skeb.jp/api/users/mu_min_9262
2026-09-14 04:30:12 | INFO     | Saving at a/skeb/mu_min_9262-33770a.json
2026-09-14 04:30:13 | INFO     | OK https://skeb.jp/api/users/mayoixutsurou
2026-09-14 04:30:13 | INFO     | Saving at a/skeb/mayoixutsurou-758023.json
2026-09-14 04:30:14 | INFO     | OK https://skeb.jp/api/users/osya_ki
2026-09-14 04:30:14 | INFO     | Saving at a/skeb/osya_ki-df56f0.json
2026-09-14 04:30:15 | INFO     | OK https://skeb.jp/api/users/dot_myo
2026-09-14 04:30:15 | INFO     | Saving at a/skeb/dot_myo-dea7dc.json
2026-09-14 04:30:16 | INFO     | OK https://skeb.jp/api/users/meeeeeeco
2026-09-14 04:30:16 | INFO     | Saving at a/skeb/meeeeeeco-4dc9f5.json
2026-09-14 04:30:17 | INFO     | OK https://skeb.jp/api/users/Tu_kigasE
2026-09-14 04:30:17 | INFO     | Saving at a/skeb/Tu_kigasE-d6816a.json
2026-09-14 04:30:18 | INFO     | OK https://skeb.jp/api/users/_zeln_
2026-09-14 04:30:18 | INFO     | Saving at a/skeb/_zeln_-a7db6a.json
2026-09-14 04:30:19 | INFO     | OK https://skeb.jp/api/users/y5UoElXL7RczHPS
2026-09-14 04:30:19 | INFO     | Saving at a/skeb/y5UoElXL7RczHPS-8b2e46.json
2026-09-14 04:30:20 | INFO     | OK https://skeb.jp/api/users/yoi2104
2026-09-14 04:30:20 | INFO     | Saving at a/skeb/yoi2104-093fdf.json
2026-09-14 04:30:21 | INFO     | OK https://skeb.jp/api/users/daigorou_hokori
2026-09-14 04:30:21 | INFO     | Saving at a/skeb/daigorou_hokori-0ab3fe.json
2026-09-14 04:30:22 | WARNING  | 404 on https://skeb.jp/api/users/sakamaki (attempt 1/3)
2026-09-14 04:30:23 | INFO     | OK https://skeb.jp/api/users/shiduki_ayame
2026-09-14 04:30:23 | INFO     | Saving at a/skeb/shiduki_ayame-006f39.json
2026-09-14 04:30:24 | WARNING  | 404 on https://skeb.jp/api/users/laishee_sol (attempt 1/3)
2026-09-14 04:30:25 | INFO     | OK https://skeb.jp/api/users/shiromaru_tm
2026-09-14 04:30:25 | INFO     | Saving at a/skeb/shiromaru_tm-afcd5e.json
2026-09-14 04:30:26 | WARNING  | 404 on https://skeb.jp/api/users/sakamaki (attempt 2/3)
2026-09-14 04:30:27 | INFO     | OK https://skeb.jp/api/users/suzunashi_0
2026-09-14 04:30:27 | INFO     | Saving at a/skeb/suzunashi_0-bd6837.json
2026-09-14 04:30:28 | INFO     | OK https://skeb.jp/api/users/cacaocreate
2026-09-14 04:30:28 | INFO     | Saving at a/skeb/cacaocreate-8500c7.json
2026-09-14 04:30:29 | INFO     | OK https://skeb.jp/api/users/2Dkumakuma
2026-09-14 04:30:29 | INFO     | Saving at a/skeb/2Dkumakuma-bf9d75.json
2026-09-14 04:30:30 | WARNING  | 404 on https://skeb.jp/api/users/laishee_sol (attempt 2/3)
2026-09-14 04:30:31 | WARNING  | 404 on https://skeb.jp/api/users/sakamaki (attempt 3/3)
2026-09-14 04:30:32 | INFO     | OK https://skeb.jp/api/users/neosiromaruzmc
2026-09-14 04:30:32 | INFO     | Saving at a/skeb/neosiromaruzmc-cd127e.json
2026-09-14 04:30:33 | WARNING  | 404 on https://skeb.jp/api/users/naruta12 (attempt 1/3)
2026-09-14 04:30:34 | INFO     | OK https://skeb.jp/api/users/nnchan_piment
2026-09-14 04:30:34 | INFO     | Saving at a/skeb/nnchan_piment-ec3363.json
2026-09-14 04:30:35 | INFO     | OK https://skeb.jp/api/users/natuamenaso_84
2026-09-14 04:30:35 | INFO     | Saving at a/skeb/natuamenaso_84-349806.json
2026-09-14 04:30:36 | INFO     | OK https://skeb.jp/api/users/samaero
2026-09-14 04:30:36 | INFO     | Saving at a/skeb/samaero-dfd4e6.json
2026-09-14 04:30:37 | INFO     | OK https://skeb.jp/api/users/tatemono_PL
2026-09-14 04:30:37 | INFO     | Saving at a/skeb/tatemono_PL-19f903.json
2026-09-14 04:30:38 | INFO     | OK https://skeb.jp/api/users/dena3E
2026-09-14 04:30:38 | INFO     | Saving at a/skeb/dena3E-d63045.json
2026-09-14 04:30:39 | INFO     | OK https://skeb.jp/api/users/Yushime7
2026-09-14 04:30:39 | INFO     | Saving at a/skeb/Yushime7-5c0ca7.json
2026-09-14 04:30:40 | WARNING  | 404 on https://skeb.jp/api/users/naruta12 (attempt 2/3)
2026-09-14 04:30:41 | INFO     | OK https://skeb.jp/api/users/Goatsapple
2026-09-14 04:30:41 | INFO     | Saving at a/skeb/Goatsapple-ca5cc4.json
2026-09-14 04:30:42 | INFO     | OK https://skeb.jp/api/users/benynousa
2026-09-14 04:30:42 | INFO     | Saving at a/skeb/benynousa-7ea0fc.json
2026-09-14 04:30:43 | INFO     | OK https://skeb.jp/api/users/nukaduke
2026-09-14 04:30:43 | INFO     | Saving at a/skeb/nukaduke-a26a8b.json
2026-09-14 04:30:44 | WARNING  | 404 on https://skeb.jp/api/users/ifsgmct322 (attempt 1/3)
2026-09-14 04:30:45 | INFO     | OK https://skeb.jp/api/users/tyokingyomaru2
2026-09-14 04:30:45 | INFO     | Saving at a/skeb/tyokingyomaru2-95ae71.json
2026-09-14 04:30:46 | INFO     | OK https://skeb.jp/api/users/hAsai3_dayo
2026-09-14 04:30:46 | INFO     | Saving at a/skeb/hAsai3_dayo-bc815d.json
2026-09-14 04:30:47 | INFO     | OK https://skeb.jp/api/users/koyui_tm
2026-09-14 04:30:47 | INFO     | Saving at a/skeb/koyui_tm-ff7db7.json
2026-09-14 04:30:48 | INFO     | OK https://skeb.jp/api/users/nagata08_23
2026-09-14 04:30:48 | INFO     | Saving at a/skeb/nagata08_23-f2a706.json
2026-09-14 04:30:49 | INFO     | OK https://skeb.jp/api/users/ASB_free
2026-09-14 04:30:49 | INFO     | Saving at a/skeb/ASB_free-068299.json
2026-09-14 04:30:50 | WARNING  | 404 on https://skeb.jp/api/users/laishee_sol (attempt 3/3)
2026-09-14 04:30:51 | INFO     | OK https://skeb.jp/api/users/batten12_ik
2026-09-14 04:30:51 | INFO     | Saving at a/skeb/batten12_ik-5d1bc7.json
2026-09-14 04:30:52 | WARNING  | 404 on https://skeb.jp/api/users/user4849811603124 (attempt 1/3)
2026-09-14 04:30:53 | WARNING  | 404 on https://skeb.jp/api/users/ifsgmct322 (attempt 2/3)
2026-09-14 04:30:54 | INFO     | OK https://skeb.jp/api/users/NomikaOchiru
2026-09-14 04:30:54 | INFO     | Saving at a/skeb/NomikaOchiru-4cd1d3.json
2026-09-14 04:30:55 | INFO     | OK https://skeb.jp/api/users/3710_09
2026-09-14 04:30:55 | INFO     | Saving at a/skeb/3710_09-ef5b18.json
2026-09-14 04:30:56 | INFO     | OK https://skeb.jp/api/users/WoL0YpqZDW8ZsEO
2026-09-14 04:30:56 | INFO     | Saving at a/skeb/WoL0YpqZDW8ZsEO-b56a4b.json
2026-09-14 04:30:57 | INFO     | OK https://skeb.jp/api/users/Ayana_Ayase
2026-09-14 04:30:57 | INFO     | Saving at a/skeb/Ayana_Ayase-d8bab8.json
2026-09-14 04:30:58 | WARNING  | 404 on https://skeb.jp/api/users/ifsgmct322 (attempt 3/3)
2026-09-14 04:30:59 | WARNING  | 404 on https://skeb.jp/api/users/naruta12 (attempt 3/3)
2026-09-14 04:31:00 | INFO     | OK https://skeb.jp/api/users/Hanechi_gau
2026-09-14 04:31:00 | INFO     | Saving at a/skeb/Hanechi_gau-25726f.json
2026-09-14 04:31:01 | INFO     | OK https://skeb.jp/api/users/BinbinNasunasu
2026-09-14 04:31:01 | INFO     | Saving at a/skeb/BinbinNasunasu-d04a78.json
2026-09-14 04:31:02 | INFO     | OK https://skeb.jp/api/users/pnt_0202
2026-09-14 04:31:02 | INFO     | Saving at a/skeb/pnt_0202-7e5d34.json
2026-09-14 04:31:03 | INFO     | OK https://skeb.jp/api/users/mich_kj
2026-09-14 04:31:03 | INFO     | Saving at a/skeb/mich_kj-891adf.json
2026-09-14 04:31:04 | INFO     | OK https://skeb.jp/api/users/rageno0000
2026-09-14 04:31:04 | INFO     | Saving at a/skeb/rageno0000-baa5e7.json
2026-09-14 04:31:05 | INFO     | OK https://skeb.jp/api/users/ekakidesuga
2026-09-14 04:31:05 | INFO     | Saving at a/skeb/ekakidesuga-dea197.json
2026-09-14 04:31:06 | INFO     | OK https://skeb.jp/api/users/hotasasa38
2026-09-14 04:31:06 | INFO     | Saving at a/skeb/hotasasa38-648be7.json
2026-09-14 04:31:07 | INFO     | OK https://skeb.jp/api/users/maipatattoi
2026-09-14 04:31:07 | INFO     | Saving at a/skeb/maipatattoi-28e0c0.json
2026-09-14 04:31:08 | INFO     | OK https://skeb.jp/api/users/__Ntrc
2026-09-14 04:31:08 | INFO     | Saving at a/skeb/__Ntrc-2c8744.json
2026-09-14 04:31:09 | INFO     | OK https://skeb.jp/api/users/ishainon2
2026-09-14 04:31:09 | INFO     | Saving at a/skeb/ishainon2-551d8f.json
2026-09-14 04:31:10 | INFO     | OK https://skeb.jp/api/users/piningrevisited
2026-09-14 04:31:10 | INFO     | Saving at a/skeb/piningrevisited-feb138.json
2026-09-14 04:31:11 | INFO     | OK https://skeb.jp/api/users/tao_tamm
2026-09-14 04:31:11 | INFO     | Saving at a/skeb/tao_tamm-65c06a.json
2026-09-14 04:31:12 | INFO     | OK https://skeb.jp/api/users/Rabbilf_
2026-09-14 04:31:12 | INFO     | Saving at a/skeb/Rabbilf_-943d97.json
2026-09-14 04:31:13 | INFO     | OK https://skeb.jp/api/users/gunknown_th
2026-09-14 04:31:13 | INFO     | Saving at a/skeb/gunknown_th-886982.json
2026-09-14 04:31:14 | INFO     | OK https://skeb.jp/api/users/Simahugu284
2026-09-14 04:31:14 | INFO     | Saving at a/skeb/Simahugu284-223314.json
2026-09-14 04:31:15 | INFO     | OK https://skeb.jp/api/users/ta_ko_tsu
2026-09-14 04:31:15 | INFO     | Saving at a/skeb/ta_ko_tsu-04063a.json
2026-09-14 04:31:16 | INFO     | OK https://skeb.jp/api/users/rutile111
2026-09-14 04:31:16 | INFO     | Saving at a/skeb/rutile111-5445c0.json
2026-09-14 04:31:17 | WARNING  | 404 on https://skeb.jp/api/users/Cr65_93 (attempt 1/3)
2026-09-14 04:31:18 | INFO     | OK https://skeb.jp/api/users/ama__yuri
2026-09-14 04:31:18 | INFO     | Saving at a/skeb/ama__yuri-c08b25.json
2026-09-14 04:31:19 | INFO     | OK https://skeb.jp/api/users/YawaDeka
2026-09-14 04:31:19 | INFO     | Saving at a/skeb/YawaDeka-b24d0f.json
2026-09-14 04:31:20 | INFO     | OK https://skeb.jp/api/users/bonomatsusan
2026-09-14 04:31:20 | INFO     | Saving at a/skeb/bonomatsusan-b110d5.json
2026-09-14 04:31:21 | WARNING  | 404 on https://skeb.jp/api/users/Cr65_93 (attempt 2/3)
2026-09-14 04:31:22 | INFO     | OK https://skeb.jp/api/users/haidaamesan
2026-09-14 04:31:22 | INFO     | Saving at a/skeb/haidaamesan-64af14.json
2026-09-14 04:31:23 | INFO     | OK https://skeb.jp/api/users/ITSUKIJI_SODA
2026-09-14 04:31:23 | INFO     | Saving at a/skeb/ITSUKIJI_SODA-f89593.json
2026-09-14 04:31:24 | INFO     | OK https://skeb.jp/api/users/matty_0505
2026-09-14 04:31:24 | INFO     | Saving at a/skeb/matty_0505-9426df.json
2026-09-14 04:31:25 | INFO     | OK https://skeb.jp/api/users/_yotomesui
2026-09-14 04:31:25 | INFO     | Saving at a/skeb/_yotomesui-7da191.json
2026-09-14 04:31:26 | INFO     | OK https://skeb.jp/api/users/4869ntmmmmm
2026-09-14 04:31:26 | INFO     | Saving at a/skeb/4869ntmmmmm-ca418e.json
2026-09-14 04:31:27 | INFO     | OK https://skeb.jp/api/users/Ehoooo_Mangan
2026-09-14 04:31:27 | INFO     | Saving at a/skeb/Ehoooo_Mangan-b38ac9.json
2026-09-14 04:31:28 | INFO     | OK https://skeb.jp/api/users/Ni7NiA7
2026-09-14 04:31:28 | INFO     | Saving at a/skeb/Ni7NiA7-1185b4.json
2026-09-14 04:31:29 | WARNING  | 404 on https://skeb.jp/api/users/artenine29 (attempt 1/3)
2026-09-14 04:31:30 | WARNING  | 404 on https://skeb.jp/api/users/Cr65_93 (attempt 3/3)
2026-09-14 04:31:31 | INFO     | OK https://skeb.jp/api/users/cowocz
2026-09-14 04:31:31 | INFO     | Saving at a/skeb/cowocz-9298e4.json
2026-09-14 04:31:32 | INFO     | OK https://skeb.jp/api/users/M_Y1110xyz
2026-09-14 04:31:32 | INFO     | Saving at a/skeb/M_Y1110xyz-800113.json
2026-09-14 04:31:33 | INFO     | OK https://skeb.jp/api/users/hiyaya09
2026-09-14 04:31:33 | INFO     | Saving at a/skeb/hiyaya09-4eee68.json
2026-09-14 04:31:34 | INFO     | OK https://skeb.jp/api/users/mayuge
2026-09-14 04:31:34 | INFO     | Saving at a/skeb/mayuge-f852d0.json
2026-09-14 04:31:35 | INFO     | OK https://skeb.jp/api/users/Goslingwallows
2026-09-14 04:31:35 | INFO     | Saving at a/skeb/Goslingwallows-a4ad23.json
2026-09-14 04:31:36 | INFO     | OK https://skeb.jp/api/users/umaimo_
2026-09-14 04:31:36 | INFO     | Saving at a/skeb/umaimo_-ba0dd5.json
2026-09-14 04:31:37 | INFO     | OK https://skeb.jp/api/users/pon_otamasub
2026-09-14 04:31:37 | INFO     | Saving at a/skeb/pon_otamasub-54887c.json
2026-09-14 04:31:38 | INFO     | OK https://skeb.jp/api/users/nyam02_
2026-09-14 04:31:38 | INFO     | Saving at a/skeb/nyam02_-ad68ec.json
2026-09-14 04:31:39 | INFO     | OK https://skeb.jp/api/users/log0723
2026-09-14 04:31:39 | INFO     | Saving at a/skeb/log0723-49d4a5.json
2026-09-14 04:31:40 | INFO     | OK https://skeb.jp/api/users/Fid_016sikabane
2026-09-14 04:31:40 | INFO     | Saving at a/skeb/Fid_016sikabane-f968ef.json
2026-09-14 04:31:41 | INFO     | OK https://skeb.jp/api/users/10021002kk
2026-09-14 04:31:41 | INFO     | Saving at a/skeb/10021002kk-7da6ca.json
2026-09-14 04:31:42 | INFO     | OK https://skeb.jp/api/users/rkgk_4nobu
2026-09-14 04:31:42 | INFO     | Saving at a/skeb/rkgk_4nobu-721523.json
2026-09-14 04:31:43 | INFO     | OK https://skeb.jp/api/users/kenseiyorimichi
2026-09-14 04:31:43 | INFO     | Saving at a/skeb/kenseiyorimichi-b2bb11.json
2026-09-14 04:31:44 | INFO     | OK https://skeb.jp/api/users/llunar135
2026-09-14 04:31:44 | INFO     | Saving at a/skeb/llunar135-057cb6.json
2026-09-14 04:31:45 | INFO     | OK https://skeb.jp/api/users/osasimi_00_00
2026-09-14 04:31:45 | INFO     | Saving at a/skeb/osasimi_00_00-a31390.json
2026-09-14 04:31:46 | INFO     | OK https://skeb.jp/api/users/chronoi_art
2026-09-14 04:31:46 | INFO     | Saving at a/skeb/chronoi_art-a20c21.json
2026-09-14 04:31:47 | INFO     | OK https://skeb.jp/api/users/Si0_yusyo_
2026-09-14 04:31:47 | INFO     | Saving at a/skeb/Si0_yusyo_-cefb12.json
2026-09-14 04:31:48 | INFO     | OK https://skeb.jp/api/users/nullnull_nameko
2026-09-14 04:31:48 | INFO     | Saving at a/skeb/nullnull_nameko-a9b3f9.json
2026-09-14 04:31:49 | INFO     | OK https://skeb.jp/api/users/MIBkai
2026-09-14 04:31:49 | INFO     | Saving at a/skeb/MIBkai-bbd579.json
2026-09-14 04:31:50 | INFO     | OK https://skeb.jp/api/users/sa_ioio
2026-09-14 04:31:50 | INFO     | Saving at a/skeb/sa_ioio-f69c87.json
2026-09-14 04:31:51 | INFO     | OK https://skeb.jp/api/users/Scarlet_Genie
2026-09-14 04:31:51 | INFO     | Saving at a/skeb/Scarlet_Genie-e920ea.json
2026-09-14 04:31:52 | INFO     | OK https://skeb.jp/api/users/Wa_fooo
2026-09-14 04:31:52 | INFO     | Saving at a/skeb/Wa_fooo-953c95.json
2026-09-14 04:31:53 | INFO     | OK https://skeb.jp/api/users/riosetuna
2026-09-14 04:31:53 | INFO     | Saving at a/skeb/riosetuna-a93fad.json
2026-09-14 04:31:54 | INFO     | OK https://skeb.jp/api/users/Dat0ka__
2026-09-14 04:31:54 | INFO     | Saving at a/skeb/Dat0ka__-dc54be.json
2026-09-14 04:31:55 | INFO     | OK https://skeb.jp/api/users/chouchou_popo
2026-09-14 04:31:55 | INFO     | Saving at a/skeb/chouchou_popo-c898f7.json
2026-09-14 04:31:56 | INFO     | OK https://skeb.jp/api/users/reyna_1242
2026-09-14 04:31:56 | INFO     | Saving at a/skeb/reyna_1242-089783.json
2026-09-14 04:31:57 | INFO     | OK https://skeb.jp/api/users/yuzu09skm
2026-09-14 04:31:57 | INFO     | Saving at a/skeb/yuzu09skm-5e3b6f.json
2026-09-14 04:31:58 | INFO     | OK https://skeb.jp/api/users/c24_nishi
2026-09-14 04:31:58 | INFO     | Saving at a/skeb/c24_nishi-aaf16e.json
2026-09-14 04:31:59 | INFO     | OK https://skeb.jp/api/users/anzaimiyuki0625
2026-09-14 04:31:59 | INFO     | Saving at a/skeb/anzaimiyuki0625-8e19ba.json
2026-09-14 04:32:00 | INFO     | OK https://skeb.jp/api/users/poteraArt
2026-09-14 04:32:00 | INFO     | Saving at a/skeb/poteraArt-d3fc78.json
2026-09-14 04:32:01 | WARNING  | 404 on https://skeb.jp/api/users/user4849811603124 (attempt 2/3)
2026-09-14 04:32:02 | INFO     | OK https://skeb.jp/api/users/toki_dokitoki
2026-09-14 04:32:02 | INFO     | Saving at a/skeb/toki_dokitoki-df046f.json
2026-09-14 04:32:03 | INFO     | OK https://skeb.jp/api/users/alice_3624
2026-09-14 04:32:03 | INFO     | Saving at a/skeb/alice_3624-0d0ca6.json
2026-09-14 04:32:04 | INFO     | OK https://skeb.jp/api/users/tkwk23
2026-09-14 04:32:04 | INFO     | Saving at a/skeb/tkwk23-12f1cc.json
2026-09-14 04:32:05 | INFO     | OK https://skeb.jp/api/users/mukashino_1
2026-09-14 04:32:05 | INFO     | Saving at a/skeb/mukashino_1-8babe7.json
2026-09-14 04:32:06 | INFO     | OK https://skeb.jp/api/users/mizol_01
2026-09-14 04:32:06 | INFO     | Saving at a/skeb/mizol_01-3ffa7a.json
2026-09-14 04:32:07 | INFO     | OK https://skeb.jp/api/users/8528_all
2026-09-14 04:32:07 | INFO     | Saving at a/skeb/8528_all-601ef6.json
2026-09-14 04:32:08 | INFO     | OK https://skeb.jp/api/users/ratemodoki
2026-09-14 04:32:08 | INFO     | Saving at a/skeb/ratemodoki-9835ec.json
2026-09-14 04:32:09 | INFO     | OK https://skeb.jp/api/users/BlazeIllust
2026-09-14 04:32:09 | INFO     | Saving at a/skeb/BlazeIllust-2f7b6b.json
2026-09-14 04:32:10 | WARNING  | 404 on https://skeb.jp/api/users/user4849811603124 (attempt 3/3)
2026-09-14 04:32:11 | INFO     | OK https://skeb.jp/api/users/frim_02
2026-09-14 04:32:11 | INFO     | Saving at a/skeb/frim_02-e6fded.json
2026-09-14 04:32:12 | INFO     | OK https://skeb.jp/api/users/RISE19851203
2026-09-14 04:32:12 | INFO     | Saving at a/skeb/RISE19851203-4f84b4.json
2026-09-14 04:32:13 | INFO     | OK https://skeb.jp/api/users/ritu_twin
2026-09-14 04:32:13 | INFO     | Saving at a/skeb/ritu_twin-ea1423.json
2026-09-14 04:32:14 | INFO     | OK https://skeb.jp/api/users/yuzuriha_riha
2026-09-14 04:32:14 | INFO     | Saving at a/skeb/yuzuriha_riha-195ce3.json
2026-09-14 04:32:15 | INFO     | OK https://skeb.jp/api/users/ynyk3x
2026-09-14 04:32:15 | INFO     | Saving at a/skeb/ynyk3x-051d7b.json
2026-09-14 04:32:16 | INFO     | OK https://skeb.jp/api/users/HprPo
2026-09-14 04:32:16 | INFO     | Saving at a/skeb/HprPo-762087.json
2026-09-14 04:32:17 | INFO     | OK https://skeb.jp/api/users/wrb_7777
2026-09-14 04:32:17 | INFO     | Saving at a/skeb/wrb_7777-33d776.json
2026-09-14 04:32:18 | INFO     | OK https://skeb.jp/api/users/shokujiwosuru
2026-09-14 04:32:18 | INFO     | Saving at a/skeb/shokujiwosuru-f21edd.json
2026-09-14 04:32:19 | INFO     | OK https://skeb.jp/api/users/YuuSekio
2026-09-14 04:32:19 | INFO     | Saving at a/skeb/YuuSekio-71f87f.json
2026-09-14 04:32:20 | INFO     | OK https://skeb.jp/api/users/saraki1119
2026-09-14 04:32:20 | INFO     | Saving at a/skeb/saraki1119-3beabe.json
2026-09-14 04:32:21 | INFO     | OK https://skeb.jp/api/users/TORONBOOM
2026-09-14 04:32:21 | INFO     | Saving at a/skeb/TORONBOOM-22c400.json
2026-09-14 04:32:22 | INFO     | OK https://skeb.jp/api/users/ujino_uuu
2026-09-14 04:32:22 | INFO     | Saving at a/skeb/ujino_uuu-345cde.json
2026-09-14 04:32:23 | INFO     | OK https://skeb.jp/api/users/nira0129
2026-09-14 04:32:23 | INFO     | Saving at a/skeb/nira0129-e8e47d.json
2026-09-14 04:32:24 | INFO     | OK https://skeb.jp/api/users/exdeath00
2026-09-14 04:32:24 | INFO     | Saving at a/skeb/exdeath00-2562aa.json
2026-09-14 04:32:25 | INFO     | OK https://skeb.jp/api/users/brothertoki
2026-09-14 04:32:25 | INFO     | Saving at a/skeb/brothertoki-ce8f29.json
2026-09-14 04:32:26 | INFO     | OK https://skeb.jp/api/users/qJWHvZAhlO
2026-09-14 04:32:26 | INFO     | Saving at a/skeb/qJWHvZAhlO-f76bad.json
2026-09-14 04:32:27 | WARNING  | 404 on https://skeb.jp/api/users/artenine29 (attempt 2/3)
2026-09-14 04:32:28 | INFO     | OK https://skeb.jp/api/users/minoru_1204
2026-09-14 04:32:28 | INFO     | Saving at a/skeb/minoru_1204-d89f5e.json
2026-09-14 04:32:29 | INFO     | OK https://skeb.jp/api/users/Kyarako_0220
2026-09-14 04:32:29 | INFO     | Saving at a/skeb/Kyarako_0220-228fbf.json
2026-09-14 04:32:30 | INFO     | OK https://skeb.jp/api/users/Baketsu_0423_
2026-09-14 04:32:30 | INFO     | Saving at a/skeb/Baketsu_0423_-e21f9d.json
2026-09-14 04:32:31 | INFO     | OK https://skeb.jp/api/users/ikatonofuwa
2026-09-14 04:32:31 | INFO     | Saving at a/skeb/ikatonofuwa-9eba24.json
2026-09-14 04:32:32 | INFO     | OK https://skeb.jp/api/users/Seichi09
2026-09-14 04:32:32 | INFO     | Saving at a/skeb/Seichi09-9a3051.json
2026-09-14 04:32:33 | INFO     | OK https://skeb.jp/api/users/tyk_tabetaina
2026-09-14 04:32:33 | INFO     | Saving at a/skeb/tyk_tabetaina-098dea.json
2026-09-14 04:32:34 | INFO     | OK https://skeb.jp/api/users/sweets__land
2026-09-14 04:32:34 | INFO     | Saving at a/skeb/sweets__land-5470ce.json
2026-09-14 04:32:35 | INFO     | OK https://skeb.jp/api/users/nagarudasenryo
2026-09-14 04:32:35 | INFO     | Saving at a/skeb/nagarudasenryo-04f3e9.json
2026-09-14 04:32:36 | INFO     | OK https://skeb.jp/api/users/Ruy_HH
2026-09-14 04:32:36 | INFO     | Saving at a/skeb/Ruy_HH-9ff94c.json
2026-09-14 04:32:37 | INFO     | OK https://skeb.jp/api/users/nakayp41
2026-09-14 04:32:37 | INFO     | Saving at a/skeb/nakayp41-ed26d9.json
2026-09-14 04:32:38 | INFO     | OK https://skeb.jp/api/users/FHT_Luriz
2026-09-14 04:32:38 | INFO     | Saving at a/skeb/FHT_Luriz-6ca603.json
2026-09-14 04:32:39 | INFO     | OK https://skeb.jp/api/users/m__seraphim
2026-09-14 04:32:39 | INFO     | Saving at a/skeb/m__seraphim-354f41.json
2026-09-14 04:32:40 | INFO     | OK https://skeb.jp/api/users/hanano_d
2026-09-14 04:32:40 | INFO     | Saving at a/skeb/hanano_d-55dbd8.json
2026-09-14 04:32:41 | INFO     | OK https://skeb.jp/api/users/Matcha_Ann223
2026-09-14 04:32:41 | INFO     | Saving at a/skeb/Matcha_Ann223-8306a0.json
2026-09-14 04:32:42 | INFO     | OK https://skeb.jp/api/users/papikosorita
2026-09-14 04:32:42 | INFO     | Saving at a/skeb/papikosorita-16aa35.json
2026-09-14 04:32:43 | INFO     | OK https://skeb.jp/api/users/mizutamaru777
2026-09-14 04:32:43 | INFO     | Saving at a/skeb/mizutamaru777-13e5fd.json
2026-09-14 04:32:44 | WARNING  | 404 on https://skeb.jp/api/users/artenine29 (attempt 3/3)
2026-09-14 04:32:45 | INFO     | OK https://skeb.jp/api/users/lalansane
2026-09-14 04:32:45 | INFO     | Saving at a/skeb/lalansane-aa54da.json
2026-09-14 04:32:46 | INFO     | OK https://skeb.jp/api/users/1pack_80en
2026-09-14 04:32:46 | INFO     | Saving at a/skeb/1pack_80en-90fa12.json
2026-09-14 04:32:47 | INFO     | OK https://skeb.jp/api/users/mugi_t
2026-09-14 04:32:47 | INFO     | Saving at a/skeb/mugi_t-da21b7.json
2026-09-14 04:32:48 | INFO     | OK https://skeb.jp/api/users/irohatanu
2026-09-14 04:32:48 | INFO     | Saving at a/skeb/irohatanu-c46d7f.json
2026-09-14 04:32:49 | INFO     | OK https://skeb.jp/api/users/kuohsan
2026-09-14 04:32:49 | INFO     | Saving at a/skeb/kuohsan-ed8788.json
2026-09-14 04:32:50 | INFO     | OK https://skeb.jp/api/users/KWMTTW2
2026-09-14 04:32:50 | INFO     | Saving at a/skeb/KWMTTW2-fb88e4.json
2026-09-14 04:32:51 | INFO     | OK https://skeb.jp/api/users/kou_hiyoyo
2026-09-14 04:32:51 | INFO     | Saving at a/skeb/kou_hiyoyo-997fb9.json
2026-09-14 04:32:52 | INFO     | OK https://skeb.jp/api/users/donkondeken
2026-09-14 04:32:52 | INFO     | Saving at a/skeb/donkondeken-f5ed05.json
2026-09-14 04:32:53 | INFO     | OK https://skeb.jp/api/users/shio_mugi1107
2026-09-14 04:32:53 | INFO     | Saving at a/skeb/shio_mugi1107-db4166.json
2026-09-14 04:32:54 | INFO     | OK https://skeb.jp/api/users/senca_cava
2026-09-14 04:32:54 | INFO     | Saving at a/skeb/senca_cava-40659a.json
2026-09-14 04:32:55 | INFO     | OK https://skeb.jp/api/users/toobi365
2026-09-14 04:32:55 | INFO     | Saving at a/skeb/toobi365-95809d.json
2026-09-14 04:32:56 | INFO     | OK https://skeb.jp/api/users/mashishi_kemono
2026-09-14 04:32:56 | INFO     | Saving at a/skeb/mashishi_kemono-caf7cc.json
2026-09-14 04:32:57 | INFO     | OK https://skeb.jp/api/users/DreamingJuliet_
2026-09-14 04:32:57 | INFO     | Saving at a/skeb/DreamingJuliet_-38266a.json
2026-09-14 04:32:58 | INFO     | OK https://skeb.jp/api/users/mattyaaisu_0116
2026-09-14 04:32:58 | INFO     | Saving at a/skeb/mattyaaisu_0116-07f883.json
2026-09-14 04:32:59 | INFO     | OK https://skeb.jp/api/users/DEViii_LSD
2026-09-14 04:32:59 | INFO     | Saving at a/skeb/DEViii_LSD-6a73ba.json
2026-09-14 04:33:00 | INFO     | OK https://skeb.jp/api/users/moth_crawling
2026-09-14 04:33:00 | INFO     | Saving at a/skeb/moth_crawling-3a39fb.json
2026-09-14 04:33:01 | INFO     | OK https://skeb.jp/api/users/Junartart
2026-09-14 04:33:01 | INFO     | Saving at a/skeb/Junartart-0eab45.json
2026-09-14 04:33:02 | INFO     | OK https://skeb.jp/api/users/tomoe_Q
2026-09-14 04:33:02 | INFO     | Saving at a/skeb/tomoe_Q-8ca3be.json
2026-09-14 04:33:03 | WARNING  | 404 on https://skeb.jp/api/users/ymail (attempt 1/3)
2026-09-14 04:33:04 | INFO     | OK https://skeb.jp/api/users/pure_ruu
2026-09-14 04:33:04 | INFO     | Saving at a/skeb/pure_ruu-f81232.json
2026-09-14 04:33:05 | INFO     | OK https://skeb.jp/api/users/mohumohu_22
2026-09-14 04:33:05 | INFO     | Saving at a/skeb/mohumohu_22-37fdbf.json
2026-09-14 04:33:06 | INFO     | OK https://skeb.jp/api/users/white_takumi
2026-09-14 04:33:06 | INFO     | Saving at a/skeb/white_takumi-4a7878.json
2026-09-14 04:33:07 | WARNING  | 404 on https://skeb.jp/api/users/ymail (attempt 2/3)
2026-09-14 04:33:08 | INFO     | OK https://skeb.jp/api/users/rindo2323
2026-09-14 04:33:08 | INFO     | Saving at a/skeb/rindo2323-aa0bfa.json
2026-09-14 04:33:09 | INFO     | OK https://skeb.jp/api/users/catjirou_trpg
2026-09-14 04:33:09 | INFO     | Saving at a/skeb/catjirou_trpg-6ad36d.json
2026-09-14 04:33:10 | INFO     | OK https://skeb.jp/api/users/yukikawajuri
2026-09-14 04:33:10 | INFO     | Saving at a/skeb/yukikawajuri-b8f25d.json
2026-09-14 04:33:11 | INFO     | OK https://skeb.jp/api/users/dori_tryon
2026-09-14 04:33:11 | INFO     | Saving at a/skeb/dori_tryon-b34ce1.json
2026-09-14 04:33:12 | WARNING  | 404 on https://skeb.jp/api/users/ymail (attempt 3/3)
2026-09-14 04:33:13 | INFO     | OK https://skeb.jp/api/users/M_iN_10
2026-09-14 04:33:13 | INFO     | Saving at a/skeb/M_iN_10-7c37bb.json
2026-09-14 04:33:14 | INFO     | OK https://skeb.jp/api/users/Glyn_ima_s
2026-09-14 04:33:14 | INFO     | Saving at a/skeb/Glyn_ima_s-f0b17b.json
2026-09-14 04:33:15 | INFO     | OK https://skeb.jp/api/users/POPink_murakami
2026-09-14 04:33:15 | INFO     | Saving at a/skeb/POPink_murakami-a1f934.json
2026-09-14 04:33:16 | INFO     | OK https://skeb.jp/api/users/nemuri_min
2026-09-14 04:33:16 | INFO     | Saving at a/skeb/nemuri_min-edb497.json
2026-09-14 04:33:17 | INFO     | OK https://skeb.jp/api/users/hagi_madoi
2026-09-14 04:33:17 | INFO     | Saving at a/skeb/hagi_madoi-e40391.json
2026-09-14 04:33:18 | INFO     | OK https://skeb.jp/api/users/min1566910
2026-09-14 04:33:18 | INFO     | Saving at a/skeb/min1566910-9730d5.json
2026-09-14 04:33:19 | INFO     | OK https://skeb.jp/api/users/e0MDaXpRPeZ4bwB
2026-09-14 04:33:19 | INFO     | Saving at a/skeb/e0MDaXpRPeZ4bwB-e0443c.json
2026-09-14 04:33:20 | INFO     | OK https://skeb.jp/api/users/puipuipon
2026-09-14 04:33:20 | INFO     | Saving at a/skeb/puipuipon-1ddbc6.json
2026-09-14 04:33:21 | WARNING  | 404 on https://skeb.jp/api/users/bloodyblack1234 (attempt 1/3)
2026-09-14 04:33:22 | WARNING  | 404 on https://skeb.jp/api/users/devil__candy (attempt 1/3)
2026-09-14 04:33:23 | INFO     | OK https://skeb.jp/api/users/surumelock
2026-09-14 04:33:23 | INFO     | Saving at a/skeb/surumelock-912bb9.json
2026-09-14 04:33:24 | INFO     | OK https://skeb.jp/api/users/aeaea_k
2026-09-14 04:33:24 | INFO     | Saving at a/skeb/aeaea_k-5e3c57.json
2026-09-14 04:33:25 | WARNING  | 404 on https://skeb.jp/api/users/devil__candy (attempt 2/3)
2026-09-14 04:33:26 | INFO     | OK https://skeb.jp/api/users/sundownerwork
2026-09-14 04:33:26 | INFO     | Saving at a/skeb/sundownerwork-20a6a8.json
2026-09-14 04:33:27 | INFO     | OK https://skeb.jp/api/users/solt_fr7
2026-09-14 04:33:27 | INFO     | Saving at a/skeb/solt_fr7-1b6f75.json
2026-09-14 04:33:28 | INFO     | OK https://skeb.jp/api/users/bokoyai
2026-09-14 04:33:28 | INFO     | Saving at a/skeb/bokoyai-454465.json
2026-09-14 04:33:29 | INFO     | OK https://skeb.jp/api/users/AZKzake
2026-09-14 04:33:29 | INFO     | Saving at a/skeb/AZKzake-6233ea.json
2026-09-14 04:33:30 | INFO     | OK https://skeb.jp/api/users/17aisuiu
2026-09-14 04:33:30 | INFO     | Saving at a/skeb/17aisuiu-0de0b3.json
2026-09-14 04:33:31 | WARNING  | 404 on https://skeb.jp/api/users/bloodyblack1234 (attempt 2/3)
2026-09-14 04:33:32 | INFO     | OK https://skeb.jp/api/users/GotoyamaG
2026-09-14 04:33:32 | INFO     | Saving at a/skeb/GotoyamaG-b9409c.json
2026-09-14 04:33:33 | INFO     | OK https://skeb.jp/api/users/funnwari_ku
2026-09-14 04:33:33 | INFO     | Saving at a/skeb/funnwari_ku-e068ad.json
2026-09-14 04:33:34 | INFO     | OK https://skeb.jp/api/users/uru_szk04
2026-09-14 04:33:34 | INFO     | Saving at a/skeb/uru_szk04-59d579.json
2026-09-14 04:33:35 | INFO     | OK https://skeb.jp/api/users/amakasaxxx1
2026-09-14 04:33:35 | INFO     | Saving at a/skeb/amakasaxxx1-7475e3.json
2026-09-14 04:33:36 | WARNING  | 404 on https://skeb.jp/api/users/devil__candy (attempt 3/3)
2026-09-14 04:33:37 | WARNING  | 404 on https://skeb.jp/api/users/bloodyblack1234 (attempt 3/3)
2026-09-14 04:33:38 | WARNING  | 404 on https://skeb.jp/api/users/olenjchoo (attempt 1/3)
2026-09-14 04:33:40 | WARNING  | 404 on https://skeb.jp/api/users/olenjchoo (attempt 2/3)
2026-09-14 04:33:44 | WARNING  | 404 on https://skeb.jp/api/users/olenjchoo (attempt 3/3)
2026-09-14 04:33:45 | INFO     |  --- SUMMARY REPORT --- 
  Sources Retreived    : 3242
  Profiles Fetched     : 3146
  Profile Missing      : 96
  Profile Rate Limited : 0
  Profile Error Others : 0

2026-09-14 04:33:45 | INFO     | Started creating static api data.
2026-09-14 04:36:49 | INFO     | Album index written to a/albums/index.json (506 albums)
