2026-09-18 05:27:49 | INFO     | Initialized Data Store.
2026-09-18 05:27:49 | INFO     | Homepage GET status=200 (attempt 1/3)
2026-09-18 05:27:49 | WARNING  | request_key not found in homepage HTML (status=200).
2026-09-18 05:27:49 | INFO     | SkebClient ready (impersonate=chrome120, rate=1.0/s, concurrency=10, max_runtime=10800s)
2026-09-18 05:27:50 | INFO     | Album source: loaded 3308 entries from https://raw.githubusercontent.com/Elfiawesome/skeb-archiver/refs/heads/main/bookmark/twitter-finds.md (album=twitter-finds)
2026-09-18 05:27:50 | INFO     | Ready to scrape 3308 items
2026-09-18 05:27:50 | INFO     | OK https://skeb.jp/api/users/chaoolong0416
2026-09-18 05:27:50 | INFO     | Saving at a/skeb/chaoolong0416-f03e55.json
2026-09-18 05:27:51 | INFO     | OK https://skeb.jp/api/users/nrin_0
2026-09-18 05:27:51 | INFO     | Saving at a/skeb/nrin_0-f95417.json
2026-09-18 05:27:52 | INFO     | OK https://skeb.jp/api/users/setsunasunset
2026-09-18 05:27:52 | INFO     | Saving at a/skeb/setsunasunset-45ac15.json
2026-09-18 05:27:53 | INFO     | OK https://skeb.jp/api/users/nonorenew
2026-09-18 05:27:53 | INFO     | Saving at a/skeb/nonorenew-1780ec.json
2026-09-18 05:27:54 | INFO     | OK https://skeb.jp/api/users/izui_pika_
2026-09-18 05:27:54 | INFO     | Saving at a/skeb/izui_pika_-2bef95.json
2026-09-18 05:27:55 | INFO     | OK https://skeb.jp/api/users/mon_8796
2026-09-18 05:27:55 | INFO     | Saving at a/skeb/mon_8796-6eee1b.json
2026-09-18 05:27:56 | INFO     | OK https://skeb.jp/api/users/aika_reset
2026-09-18 05:27:56 | INFO     | Saving at a/skeb/aika_reset-984ec7.json
2026-09-18 05:27:57 | INFO     | OK https://skeb.jp/api/users/saika_0923iii
2026-09-18 05:27:57 | INFO     | Saving at a/skeb/saika_0923iii-0ca905.json
2026-09-18 05:27:58 | INFO     | OK https://skeb.jp/api/users/osakana_0305
2026-09-18 05:27:58 | INFO     | Saving at a/skeb/osakana_0305-65ac3c.json
2026-09-18 05:27:59 | INFO     | OK https://skeb.jp/api/users/yusa_ruto
2026-09-18 05:27:59 | INFO     | Saving at a/skeb/yusa_ruto-3662a1.json
2026-09-18 05:28:00 | INFO     | OK https://skeb.jp/api/users/yuyuyuyuyuyu030
2026-09-18 05:28:00 | INFO     | Saving at a/skeb/yuyuyuyuyuyu030-990127.json
2026-09-18 05:28:01 | WARNING  | 404 on https://skeb.jp/api/users/hiai (attempt 1/3)
2026-09-18 05:28:02 | INFO     | OK https://skeb.jp/api/users/okehanak
2026-09-18 05:28:02 | INFO     | Saving at a/skeb/okehanak-4dcb30.json
2026-09-18 05:28:03 | INFO     | OK https://skeb.jp/api/users/2ukemono_yoru
2026-09-18 05:28:03 | INFO     | Saving at a/skeb/2ukemono_yoru-a334f7.json
2026-09-18 05:28:04 | INFO     | OK https://skeb.jp/api/users/ai_itai05
2026-09-18 05:28:04 | INFO     | Saving at a/skeb/ai_itai05-5d391b.json
2026-09-18 05:28:05 | INFO     | OK https://skeb.jp/api/users/AkR_Noze
2026-09-18 05:28:05 | INFO     | Saving at a/skeb/AkR_Noze-bd06cf.json
2026-09-18 05:28:06 | INFO     | OK https://skeb.jp/api/users/the_sweetparty
2026-09-18 05:28:06 | INFO     | Saving at a/skeb/the_sweetparty-c442d8.json
2026-09-18 05:28:07 | INFO     | OK https://skeb.jp/api/users/sills_UD
2026-09-18 05:28:07 | INFO     | Saving at a/skeb/sills_UD-ff731e.json
2026-09-18 05:28:08 | WARNING  | 404 on https://skeb.jp/api/users/nagino_shizuku (attempt 1/3)
2026-09-18 05:28:09 | INFO     | OK https://skeb.jp/api/users/yu_arikui
2026-09-18 05:28:09 | INFO     | Saving at a/skeb/yu_arikui-b80d80.json
2026-09-18 05:28:10 | WARNING  | 404 on https://skeb.jp/api/users/hiai (attempt 2/3)
2026-09-18 05:28:11 | WARNING  | 404 on https://skeb.jp/api/users/nagino_shizuku (attempt 2/3)
2026-09-18 05:28:12 | INFO     | OK https://skeb.jp/api/users/mayoyoriketyaha
2026-09-18 05:28:12 | INFO     | Saving at a/skeb/mayoyoriketyaha-a19bd1.json
2026-09-18 05:28:13 | INFO     | OK https://skeb.jp/api/users/KumaPoko_Punch
2026-09-18 05:28:13 | INFO     | Saving at a/skeb/KumaPoko_Punch-429087.json
2026-09-18 05:28:14 | INFO     | OK https://skeb.jp/api/users/niwatori_shie
2026-09-18 05:28:14 | INFO     | Saving at a/skeb/niwatori_shie-66f491.json
2026-09-18 05:28:15 | INFO     | OK https://skeb.jp/api/users/saki_xx117
2026-09-18 05:28:15 | INFO     | Saving at a/skeb/saki_xx117-c11b73.json
2026-09-18 05:28:16 | INFO     | OK https://skeb.jp/api/users/UNKown774_
2026-09-18 05:28:16 | INFO     | Saving at a/skeb/UNKown774_-131e40.json
2026-09-18 05:28:17 | INFO     | OK https://skeb.jp/api/users/ice_ronpa
2026-09-18 05:28:17 | INFO     | Saving at a/skeb/ice_ronpa-4e41ae.json
2026-09-18 05:28:18 | INFO     | OK https://skeb.jp/api/users/tsujimura48k
2026-09-18 05:28:18 | INFO     | Saving at a/skeb/tsujimura48k-bdb816.json
2026-09-18 05:28:19 | INFO     | OK https://skeb.jp/api/users/beniI_mo
2026-09-18 05:28:19 | INFO     | Saving at a/skeb/beniI_mo-f6ee02.json
2026-09-18 05:28:20 | INFO     | OK https://skeb.jp/api/users/monukiku
2026-09-18 05:28:20 | INFO     | Saving at a/skeb/monukiku-2918f0.json
2026-09-18 05:28:21 | INFO     | OK https://skeb.jp/api/users/ADoX8xAJy264595
2026-09-18 05:28:21 | INFO     | Saving at a/skeb/ADoX8xAJy264595-714111.json
2026-09-18 05:28:22 | WARNING  | 404 on https://skeb.jp/api/users/hiai (attempt 3/3)
2026-09-18 05:28:23 | INFO     | OK https://skeb.jp/api/users/dodondo_az
2026-09-18 05:28:23 | INFO     | Saving at a/skeb/dodondo_az-9761ab.json
2026-09-18 05:28:24 | WARNING  | 404 on https://skeb.jp/api/users/nagino_shizuku (attempt 3/3)
2026-09-18 05:28:25 | INFO     | OK https://skeb.jp/api/users/tatemono_PL
2026-09-18 05:28:25 | INFO     | Saving at a/skeb/tatemono_PL-19f903.json
2026-09-18 05:28:26 | INFO     | OK https://skeb.jp/api/users/mugi_titukihyd
2026-09-18 05:28:26 | INFO     | Saving at a/skeb/mugi_titukihyd-c86bb1.json
2026-09-18 05:28:27 | INFO     | OK https://skeb.jp/api/users/kem_nekonounaji
2026-09-18 05:28:27 | INFO     | Saving at a/skeb/kem_nekonounaji-75a5c6.json
2026-09-18 05:28:28 | INFO     | OK https://skeb.jp/api/users/Orlaya622
2026-09-18 05:28:28 | INFO     | Saving at a/skeb/Orlaya622-6b5f33.json
2026-09-18 05:28:29 | INFO     | OK https://skeb.jp/api/users/2kaka_kaka6
2026-09-18 05:28:29 | INFO     | Saving at a/skeb/2kaka_kaka6-dfceb9.json
2026-09-18 05:28:30 | INFO     | OK https://skeb.jp/api/users/Prism_Flash
2026-09-18 05:28:30 | INFO     | Saving at a/skeb/Prism_Flash-eb4300.json
2026-09-18 05:28:31 | INFO     | OK https://skeb.jp/api/users/kisukes
2026-09-18 05:28:31 | INFO     | Saving at a/skeb/kisukes-d492a9.json
2026-09-18 05:28:32 | INFO     | OK https://skeb.jp/api/users/mobp1031
2026-09-18 05:28:32 | INFO     | Saving at a/skeb/mobp1031-9fe17c.json
2026-09-18 05:28:33 | INFO     | OK https://skeb.jp/api/users/96soya
2026-09-18 05:28:33 | INFO     | Saving at a/skeb/96soya-e2dbd7.json
2026-09-18 05:28:34 | INFO     | OK https://skeb.jp/api/users/kawakazeman
2026-09-18 05:28:34 | INFO     | Saving at a/skeb/kawakazeman-3dc241.json
2026-09-18 05:28:35 | INFO     | OK https://skeb.jp/api/users/x_aysk_x
2026-09-18 05:28:35 | INFO     | Saving at a/skeb/x_aysk_x-e5caec.json
2026-09-18 05:28:36 | INFO     | OK https://skeb.jp/api/users/nyomonyomri
2026-09-18 05:28:36 | INFO     | Saving at a/skeb/nyomonyomri-8258d7.json
2026-09-18 05:28:37 | INFO     | OK https://skeb.jp/api/users/s1zu9
2026-09-18 05:28:37 | INFO     | Saving at a/skeb/s1zu9-4192c7.json
2026-09-18 05:28:38 | INFO     | OK https://skeb.jp/api/users/chocomint_null
2026-09-18 05:28:38 | INFO     | Saving at a/skeb/chocomint_null-4e8051.json
2026-09-18 05:28:39 | INFO     | OK https://skeb.jp/api/users/rivu0112
2026-09-18 05:28:39 | INFO     | Saving at a/skeb/rivu0112-ca65ea.json
2026-09-18 05:28:40 | INFO     | OK https://skeb.jp/api/users/NelNelNelke
2026-09-18 05:28:40 | INFO     | Saving at a/skeb/NelNelNelke-10f45a.json
2026-09-18 05:28:41 | INFO     | OK https://skeb.jp/api/users/aburaeoyaji
2026-09-18 05:28:41 | INFO     | Saving at a/skeb/aburaeoyaji-01e7f6.json
2026-09-18 05:28:42 | INFO     | OK https://skeb.jp/api/users/june_vhm00
2026-09-18 05:28:42 | INFO     | Saving at a/skeb/june_vhm00-e2a544.json
2026-09-18 05:28:43 | INFO     | OK https://skeb.jp/api/users/AizawaKaren1992
2026-09-18 05:28:43 | INFO     | Saving at a/skeb/AizawaKaren1992-f207c1.json
2026-09-18 05:28:44 | INFO     | OK https://skeb.jp/api/users/un1rock
2026-09-18 05:28:44 | INFO     | Saving at a/skeb/un1rock-b7eb47.json
2026-09-18 05:28:45 | INFO     | OK https://skeb.jp/api/users/Mamedaipu8
2026-09-18 05:28:45 | INFO     | Saving at a/skeb/Mamedaipu8-c7f05a.json
2026-09-18 05:28:46 | INFO     | OK https://skeb.jp/api/users/youkofkg
2026-09-18 05:28:46 | INFO     | Saving at a/skeb/youkofkg-b3663f.json
2026-09-18 05:28:47 | INFO     | OK https://skeb.jp/api/users/SO_C
2026-09-18 05:28:47 | INFO     | Saving at a/skeb/SO_C-bdc621.json
2026-09-18 05:28:48 | INFO     | OK https://skeb.jp/api/users/SaSaSaiKaAA
2026-09-18 05:28:48 | INFO     | Saving at a/skeb/SaSaSaiKaAA-06e60e.json
2026-09-18 05:28:49 | INFO     | OK https://skeb.jp/api/users/madrarwqdk58449
2026-09-18 05:28:49 | INFO     | Saving at a/skeb/madrarwqdk58449-1b75b2.json
2026-09-18 05:28:50 | INFO     | OK https://skeb.jp/api/users/amezato_a
2026-09-18 05:28:50 | INFO     | Saving at a/skeb/amezato_a-a5389c.json
2026-09-18 05:28:51 | INFO     | OK https://skeb.jp/api/users/LaVii_exe
2026-09-18 05:28:51 | INFO     | Saving at a/skeb/LaVii_exe-1e42ab.json
2026-09-18 05:28:52 | INFO     | OK https://skeb.jp/api/users/ikanoonabe931
2026-09-18 05:28:52 | INFO     | Saving at a/skeb/ikanoonabe931-57347f.json
2026-09-18 05:28:53 | INFO     | OK https://skeb.jp/api/users/531441_
2026-09-18 05:28:53 | INFO     | Saving at a/skeb/531441_-2e5a65.json
2026-09-18 05:28:54 | INFO     | OK https://skeb.jp/api/users/gunsayjp
2026-09-18 05:28:54 | INFO     | Saving at a/skeb/gunsayjp-70faa6.json
2026-09-18 05:28:55 | INFO     | OK https://skeb.jp/api/users/ko_ya_3
2026-09-18 05:28:55 | INFO     | Saving at a/skeb/ko_ya_3-7e85b5.json
2026-09-18 05:28:56 | INFO     | OK https://skeb.jp/api/users/MKMK_915
2026-09-18 05:28:56 | INFO     | Saving at a/skeb/MKMK_915-f57bec.json
2026-09-18 05:28:57 | INFO     | OK https://skeb.jp/api/users/anfr0531
2026-09-18 05:28:57 | INFO     | Saving at a/skeb/anfr0531-ae53ca.json
2026-09-18 05:28:58 | INFO     | OK https://skeb.jp/api/users/_pachida_
2026-09-18 05:28:58 | INFO     | Saving at a/skeb/_pachida_-ebf70f.json
2026-09-18 05:28:59 | INFO     | OK https://skeb.jp/api/users/Lucifer_ecoco
2026-09-18 05:28:59 | INFO     | Saving at a/skeb/Lucifer_ecoco-e90411.json
2026-09-18 05:29:00 | INFO     | OK https://skeb.jp/api/users/kazutti
2026-09-18 05:29:00 | INFO     | Saving at a/skeb/kazutti-6edabf.json
2026-09-18 05:29:01 | INFO     | OK https://skeb.jp/api/users/niku_cm
2026-09-18 05:29:01 | INFO     | Saving at a/skeb/niku_cm-742fdb.json
2026-09-18 05:29:02 | INFO     | OK https://skeb.jp/api/users/goma_tarata
2026-09-18 05:29:02 | INFO     | Saving at a/skeb/goma_tarata-955b31.json
2026-09-18 05:29:03 | INFO     | OK https://skeb.jp/api/users/Uruta_k
2026-09-18 05:29:03 | INFO     | Saving at a/skeb/Uruta_k-cc9133.json
2026-09-18 05:29:04 | INFO     | OK https://skeb.jp/api/users/aoiitigo
2026-09-18 05:29:04 | INFO     | Saving at a/skeb/aoiitigo-51bfd9.json
2026-09-18 05:29:05 | INFO     | OK https://skeb.jp/api/users/dormir_shark
2026-09-18 05:29:05 | INFO     | Saving at a/skeb/dormir_shark-ca77b3.json
2026-09-18 05:29:06 | INFO     | OK https://skeb.jp/api/users/DEOTAMA_FGO
2026-09-18 05:29:06 | INFO     | Saving at a/skeb/DEOTAMA_FGO-c56169.json
2026-09-18 05:29:07 | INFO     | OK https://skeb.jp/api/users/Say1lxa
2026-09-18 05:29:07 | INFO     | Saving at a/skeb/Say1lxa-8c8e3b.json
2026-09-18 05:29:08 | INFO     | OK https://skeb.jp/api/users/kedama_shoku
2026-09-18 05:29:08 | INFO     | Saving at a/skeb/kedama_shoku-3594a7.json
2026-09-18 05:29:09 | INFO     | OK https://skeb.jp/api/users/horocor0n
2026-09-18 05:29:09 | INFO     | Saving at a/skeb/horocor0n-0f12b8.json
2026-09-18 05:29:10 | INFO     | OK https://skeb.jp/api/users/Egopika113
2026-09-18 05:29:10 | INFO     | Saving at a/skeb/Egopika113-17c583.json
2026-09-18 05:29:11 | INFO     | OK https://skeb.jp/api/users/shutenndouji1
2026-09-18 05:29:11 | INFO     | Saving at a/skeb/shutenndouji1-d55487.json
2026-09-18 05:29:12 | INFO     | OK https://skeb.jp/api/users/kashiwanoki3939
2026-09-18 05:29:12 | INFO     | Saving at a/skeb/kashiwanoki3939-1ffc53.json
2026-09-18 05:29:13 | INFO     | OK https://skeb.jp/api/users/yukinoneco_
2026-09-18 05:29:13 | INFO     | Saving at a/skeb/yukinoneco_-ad85a7.json
2026-09-18 05:29:14 | INFO     | OK https://skeb.jp/api/users/yuge_0625e
2026-09-18 05:29:14 | INFO     | Saving at a/skeb/yuge_0625e-45f681.json
2026-09-18 05:29:15 | INFO     | OK https://skeb.jp/api/users/c_thise
2026-09-18 05:29:15 | INFO     | Saving at a/skeb/c_thise-fc5188.json
2026-09-18 05:29:16 | INFO     | OK https://skeb.jp/api/users/hsd145
2026-09-18 05:29:16 | INFO     | Saving at a/skeb/hsd145-a245ee.json
2026-09-18 05:29:17 | INFO     | OK https://skeb.jp/api/users/mot_zenzai
2026-09-18 05:29:17 | INFO     | Saving at a/skeb/mot_zenzai-f04bca.json
2026-09-18 05:29:18 | INFO     | OK https://skeb.jp/api/users/meltyhip
2026-09-18 05:29:18 | INFO     | Saving at a/skeb/meltyhip-b824a2.json
2026-09-18 05:29:19 | INFO     | OK https://skeb.jp/api/users/ma_tsukasa
2026-09-18 05:29:19 | INFO     | Saving at a/skeb/ma_tsukasa-25e1b3.json
2026-09-18 05:29:20 | INFO     | OK https://skeb.jp/api/users/o_ju_o
2026-09-18 05:29:20 | INFO     | Saving at a/skeb/o_ju_o-7fe854.json
2026-09-18 05:29:21 | INFO     | OK https://skeb.jp/api/users/llonn
2026-09-18 05:29:21 | INFO     | Saving at a/skeb/llonn-605c96.json
2026-09-18 05:29:22 | INFO     | OK https://skeb.jp/api/users/Ku_ratanikuraya
2026-09-18 05:29:22 | INFO     | Saving at a/skeb/Ku_ratanikuraya-f5b5cd.json
2026-09-18 05:29:23 | INFO     | OK https://skeb.jp/api/users/da_haebit
2026-09-18 05:29:23 | INFO     | Saving at a/skeb/da_haebit-19acb2.json
2026-09-18 05:29:24 | INFO     | OK https://skeb.jp/api/users/uwonozoki
2026-09-18 05:29:24 | INFO     | Saving at a/skeb/uwonozoki-106ab8.json
2026-09-18 05:29:25 | INFO     | OK https://skeb.jp/api/users/urokabane
2026-09-18 05:29:25 | INFO     | Saving at a/skeb/urokabane-b7aa31.json
2026-09-18 05:29:26 | INFO     | OK https://skeb.jp/api/users/eumabito
2026-09-18 05:29:26 | INFO     | Saving at a/skeb/eumabito-06b85d.json
2026-09-18 05:29:27 | INFO     | OK https://skeb.jp/api/users/s15ktr7
2026-09-18 05:29:27 | INFO     | Saving at a/skeb/s15ktr7-41b025.json
2026-09-18 05:29:28 | INFO     | OK https://skeb.jp/api/users/dhm25_Rolls
2026-09-18 05:29:28 | INFO     | Saving at a/skeb/dhm25_Rolls-4bf2ad.json
2026-09-18 05:29:29 | INFO     | OK https://skeb.jp/api/users/team3AIS
2026-09-18 05:29:29 | INFO     | Saving at a/skeb/team3AIS-bfed3b.json
2026-09-18 05:29:30 | INFO     | OK https://skeb.jp/api/users/3Satsuta73894
2026-09-18 05:29:30 | INFO     | Saving at a/skeb/3Satsuta73894-6420e4.json
2026-09-18 05:29:31 | INFO     | OK https://skeb.jp/api/users/pm_var
2026-09-18 05:29:31 | INFO     | Saving at a/skeb/pm_var-9ba97b.json
2026-09-18 05:29:32 | WARNING  | 404 on https://skeb.jp/api/users/hanasaki_r (attempt 1/3)
2026-09-18 05:29:33 | INFO     | OK https://skeb.jp/api/users/iso_illust
2026-09-18 05:29:33 | INFO     | Saving at a/skeb/iso_illust-f4f0cf.json
2026-09-18 05:29:34 | INFO     | OK https://skeb.jp/api/users/RaotoHachouchou
2026-09-18 05:29:34 | INFO     | Saving at a/skeb/RaotoHachouchou-621593.json
2026-09-18 05:29:35 | INFO     | OK https://skeb.jp/api/users/sshrasmr_V
2026-09-18 05:29:35 | INFO     | Saving at a/skeb/sshrasmr_V-5042ae.json
2026-09-18 05:29:36 | INFO     | OK https://skeb.jp/api/users/7irokarasu
2026-09-18 05:29:36 | INFO     | Saving at a/skeb/7irokarasu-907ab1.json
2026-09-18 05:29:37 | INFO     | OK https://skeb.jp/api/users/dddyasu333
2026-09-18 05:29:37 | INFO     | Saving at a/skeb/dddyasu333-b9928f.json
2026-09-18 05:29:38 | INFO     | OK https://skeb.jp/api/users/v_u0xt
2026-09-18 05:29:38 | INFO     | Saving at a/skeb/v_u0xt-a9b516.json
2026-09-18 05:29:39 | INFO     | OK https://skeb.jp/api/users/___paiiiiiii___
2026-09-18 05:29:39 | INFO     | Saving at a/skeb/___paiiiiiii___-7412c0.json
2026-09-18 05:29:40 | INFO     | OK https://skeb.jp/api/users/hatanoyyy
2026-09-18 05:29:40 | INFO     | Saving at a/skeb/hatanoyyy-a7675d.json
2026-09-18 05:29:41 | INFO     | OK https://skeb.jp/api/users/Evild_Evifry
2026-09-18 05:29:41 | INFO     | Saving at a/skeb/Evild_Evifry-81d7b3.json
2026-09-18 05:29:42 | INFO     | OK https://skeb.jp/api/users/rikunosuama
2026-09-18 05:29:42 | INFO     | Saving at a/skeb/rikunosuama-afb68e.json
2026-09-18 05:29:43 | INFO     | OK https://skeb.jp/api/users/neno_same
2026-09-18 05:29:43 | INFO     | Saving at a/skeb/neno_same-89ec12.json
2026-09-18 05:29:44 | INFO     | OK https://skeb.jp/api/users/_by4co
2026-09-18 05:29:44 | INFO     | Saving at a/skeb/_by4co-ae59c2.json
2026-09-18 05:29:45 | INFO     | OK https://skeb.jp/api/users/se_ke_draw
2026-09-18 05:29:45 | INFO     | Saving at a/skeb/se_ke_draw-325167.json
2026-09-18 05:29:46 | INFO     | OK https://skeb.jp/api/users/86knz_
2026-09-18 05:29:46 | INFO     | Saving at a/skeb/86knz_-9cbf37.json
2026-09-18 05:29:47 | INFO     | OK https://skeb.jp/api/users/uli0813
2026-09-18 05:29:47 | INFO     | Saving at a/skeb/uli0813-e09548.json
2026-09-18 05:29:48 | INFO     | OK https://skeb.jp/api/users/magumagu840
2026-09-18 05:29:48 | INFO     | Saving at a/skeb/magumagu840-65108a.json
2026-09-18 05:29:49 | INFO     | OK https://skeb.jp/api/users/9_Sakura_Ai
2026-09-18 05:29:49 | INFO     | Saving at a/skeb/9_Sakura_Ai-91cc99.json
2026-09-18 05:29:50 | INFO     | OK https://skeb.jp/api/users/Anyo_anyo_nye
2026-09-18 05:29:50 | INFO     | Saving at a/skeb/Anyo_anyo_nye-79916d.json
2026-09-18 05:29:51 | INFO     | OK https://skeb.jp/api/users/ndt3m
2026-09-18 05:29:51 | INFO     | Saving at a/skeb/ndt3m-e85ce7.json
2026-09-18 05:29:52 | INFO     | OK https://skeb.jp/api/users/SAE1293
2026-09-18 05:29:52 | INFO     | Saving at a/skeb/SAE1293-3fc50f.json
2026-09-18 05:29:53 | INFO     | OK https://skeb.jp/api/users/saikoro1103
2026-09-18 05:29:53 | INFO     | Saving at a/skeb/saikoro1103-42e6a0.json
2026-09-18 05:29:54 | INFO     | OK https://skeb.jp/api/users/kenomasu_9991
2026-09-18 05:29:54 | INFO     | Saving at a/skeb/kenomasu_9991-ea382c.json
2026-09-18 05:29:55 | INFO     | OK https://skeb.jp/api/users/Zzz_Sena_0
2026-09-18 05:29:55 | INFO     | Saving at a/skeb/Zzz_Sena_0-6356ef.json
2026-09-18 05:29:56 | INFO     | OK https://skeb.jp/api/users/7sUFYFhySFsdKN0
2026-09-18 05:29:56 | INFO     | Saving at a/skeb/7sUFYFhySFsdKN0-eeccf9.json
2026-09-18 05:29:57 | INFO     | OK https://skeb.jp/api/users/anmts_
2026-09-18 05:29:57 | INFO     | Saving at a/skeb/anmts_-3c8515.json
2026-09-18 05:29:58 | INFO     | OK https://skeb.jp/api/users/nemu_omi
2026-09-18 05:29:58 | INFO     | Saving at a/skeb/nemu_omi-17284f.json
2026-09-18 05:29:59 | INFO     | OK https://skeb.jp/api/users/tousuke_compass
2026-09-18 05:29:59 | INFO     | Saving at a/skeb/tousuke_compass-ee34bb.json
2026-09-18 05:30:00 | INFO     | OK https://skeb.jp/api/users/kafun
2026-09-18 05:30:00 | INFO     | Saving at a/skeb/kafun-6d4578.json
2026-09-18 05:30:01 | INFO     | OK https://skeb.jp/api/users/eggLove
2026-09-18 05:30:01 | INFO     | Saving at a/skeb/eggLove-f55050.json
2026-09-18 05:30:02 | INFO     | OK https://skeb.jp/api/users/byaku39
2026-09-18 05:30:02 | INFO     | Saving at a/skeb/byaku39-412152.json
2026-09-18 05:30:03 | INFO     | OK https://skeb.jp/api/users/kodack_nm
2026-09-18 05:30:03 | INFO     | Saving at a/skeb/kodack_nm-a25c0b.json
2026-09-18 05:30:04 | INFO     | OK https://skeb.jp/api/users/lJDJxv92CDw7LAZ
2026-09-18 05:30:04 | INFO     | Saving at a/skeb/lJDJxv92CDw7LAZ-7df744.json
2026-09-18 05:30:05 | WARNING  | 404 on https://skeb.jp/api/users/hanasaki_r (attempt 2/3)
2026-09-18 05:30:06 | INFO     | OK https://skeb.jp/api/users/mizu_kuma_iro3
2026-09-18 05:30:06 | INFO     | Saving at a/skeb/mizu_kuma_iro3-f659ad.json
2026-09-18 05:30:07 | INFO     | OK https://skeb.jp/api/users/ekimiya_23
2026-09-18 05:30:07 | INFO     | Saving at a/skeb/ekimiya_23-e44f79.json
2026-09-18 05:30:08 | INFO     | OK https://skeb.jp/api/users/ohayo084084
2026-09-18 05:30:08 | INFO     | Saving at a/skeb/ohayo084084-c1fff5.json
2026-09-18 05:30:09 | INFO     | OK https://skeb.jp/api/users/Erillasica
2026-09-18 05:30:09 | INFO     | Saving at a/skeb/Erillasica-2217f5.json
2026-09-18 05:30:10 | INFO     | OK https://skeb.jp/api/users/cwG4rx4LSP
2026-09-18 05:30:10 | INFO     | Saving at a/skeb/cwG4rx4LSP-84ff40.json
2026-09-18 05:30:11 | INFO     | OK https://skeb.jp/api/users/tsuji444
2026-09-18 05:30:11 | INFO     | Saving at a/skeb/tsuji444-bb0444.json
2026-09-18 05:30:12 | INFO     | OK https://skeb.jp/api/users/Fran__vg
2026-09-18 05:30:12 | INFO     | Saving at a/skeb/Fran__vg-5b6ba5.json
2026-09-18 05:30:13 | WARNING  | 404 on https://skeb.jp/api/users/Satooo_illustrator (attempt 1/3)
2026-09-18 05:30:14 | INFO     | OK https://skeb.jp/api/users/eagleYOMO
2026-09-18 05:30:14 | INFO     | Saving at a/skeb/eagleYOMO-54cc02.json
2026-09-18 05:30:15 | INFO     | OK https://skeb.jp/api/users/alpha2024sabu
2026-09-18 05:30:15 | INFO     | Saving at a/skeb/alpha2024sabu-159f9b.json
2026-09-18 05:30:16 | WARNING  | 404 on https://skeb.jp/api/users/Satooo_illustrator (attempt 2/3)
2026-09-18 05:30:17 | INFO     | OK https://skeb.jp/api/users/h_milk
2026-09-18 05:30:17 | INFO     | Saving at a/skeb/h_milk-5ff874.json
2026-09-18 05:30:18 | INFO     | OK https://skeb.jp/api/users/hotarumaru_rato
2026-09-18 05:30:18 | INFO     | Saving at a/skeb/hotarumaru_rato-1a8255.json
2026-09-18 05:30:19 | INFO     | OK https://skeb.jp/api/users/thyrotropi_in
2026-09-18 05:30:19 | INFO     | Saving at a/skeb/thyrotropi_in-0baef5.json
2026-09-18 05:30:20 | INFO     | OK https://skeb.jp/api/users/wuh9P7BLTJdCTIY
2026-09-18 05:30:20 | INFO     | Saving at a/skeb/wuh9P7BLTJdCTIY-7fac54.json
2026-09-18 05:30:21 | WARNING  | 404 on https://skeb.jp/api/users/hanasaki_r (attempt 3/3)
2026-09-18 05:30:22 | INFO     | OK https://skeb.jp/api/users/yry_r0o
2026-09-18 05:30:22 | INFO     | Saving at a/skeb/yry_r0o-54ab78.json
2026-09-18 05:30:23 | INFO     | OK https://skeb.jp/api/users/omataro9
2026-09-18 05:30:23 | INFO     | Saving at a/skeb/omataro9-d1550e.json
2026-09-18 05:30:24 | INFO     | OK https://skeb.jp/api/users/ABC1682pi
2026-09-18 05:30:24 | INFO     | Saving at a/skeb/ABC1682pi-c2878d.json
2026-09-18 05:30:25 | WARNING  | 404 on https://skeb.jp/api/users/Satooo_illustrator (attempt 3/3)
2026-09-18 05:30:26 | INFO     | OK https://skeb.jp/api/users/sjkk_c0de
2026-09-18 05:30:26 | INFO     | Saving at a/skeb/sjkk_c0de-0292c9.json
2026-09-18 05:30:27 | INFO     | OK https://skeb.jp/api/users/hamuko_kuma
2026-09-18 05:30:27 | INFO     | Saving at a/skeb/hamuko_kuma-1f89d5.json
2026-09-18 05:30:28 | INFO     | OK https://skeb.jp/api/users/Imesungkang07
2026-09-18 05:30:28 | INFO     | Saving at a/skeb/Imesungkang07-538b64.json
2026-09-18 05:30:29 | INFO     | OK https://skeb.jp/api/users/Risu_0717
2026-09-18 05:30:29 | INFO     | Saving at a/skeb/Risu_0717-3a4dfd.json
2026-09-18 05:30:30 | INFO     | OK https://skeb.jp/api/users/BpnXoziMDZzt3C8
2026-09-18 05:30:30 | INFO     | Saving at a/skeb/BpnXoziMDZzt3C8-dd47c9.json
2026-09-18 05:30:31 | INFO     | OK https://skeb.jp/api/users/kei_kuroi913
2026-09-18 05:30:31 | INFO     | Saving at a/skeb/kei_kuroi913-ce4b29.json
2026-09-18 05:30:32 | INFO     | OK https://skeb.jp/api/users/nu1195drawing
2026-09-18 05:30:32 | INFO     | Saving at a/skeb/nu1195drawing-e20521.json
2026-09-18 05:30:33 | INFO     | OK https://skeb.jp/api/users/kahanautona
2026-09-18 05:30:33 | INFO     | Saving at a/skeb/kahanautona-ea26f2.json
2026-09-18 05:30:34 | INFO     | OK https://skeb.jp/api/users/tFXV_iga
2026-09-18 05:30:34 | INFO     | Saving at a/skeb/tFXV_iga-3acb5f.json
2026-09-18 05:30:35 | INFO     | OK https://skeb.jp/api/users/kinokomaf
2026-09-18 05:30:35 | INFO     | Saving at a/skeb/kinokomaf-71d6c1.json
2026-09-18 05:30:36 | INFO     | OK https://skeb.jp/api/users/Mei_9616
2026-09-18 05:30:36 | INFO     | Saving at a/skeb/Mei_9616-ae733d.json
2026-09-18 05:30:37 | INFO     | OK https://skeb.jp/api/users/porupopi
2026-09-18 05:30:37 | INFO     | Saving at a/skeb/porupopi-72596e.json
2026-09-18 05:30:38 | INFO     | OK https://skeb.jp/api/users/Enc_node
2026-09-18 05:30:38 | INFO     | Saving at a/skeb/Enc_node-1ce9d5.json
2026-09-18 05:30:39 | INFO     | OK https://skeb.jp/api/users/awase01
2026-09-18 05:30:39 | INFO     | Saving at a/skeb/awase01-f81c16.json
2026-09-18 05:30:40 | INFO     | OK https://skeb.jp/api/users/4kishiki
2026-09-18 05:30:40 | INFO     | Saving at a/skeb/4kishiki-153c75.json
2026-09-18 05:30:41 | INFO     | OK https://skeb.jp/api/users/harutugu_2456
2026-09-18 05:30:41 | INFO     | Saving at a/skeb/harutugu_2456-31f4d5.json
2026-09-18 05:30:42 | INFO     | OK https://skeb.jp/api/users/pen_24v
2026-09-18 05:30:42 | INFO     | Saving at a/skeb/pen_24v-c6d695.json
2026-09-18 05:30:43 | INFO     | OK https://skeb.jp/api/users/PARESU8
2026-09-18 05:30:43 | INFO     | Saving at a/skeb/PARESU8-710645.json
2026-09-18 05:30:44 | INFO     | OK https://skeb.jp/api/users/oujiro12
2026-09-18 05:30:44 | INFO     | Saving at a/skeb/oujiro12-b5d624.json
2026-09-18 05:30:45 | INFO     | OK https://skeb.jp/api/users/umesyuda_
2026-09-18 05:30:45 | INFO     | Saving at a/skeb/umesyuda_-b7e516.json
2026-09-18 05:30:46 | INFO     | OK https://skeb.jp/api/users/prettyrhythm2dx
2026-09-18 05:30:46 | INFO     | Saving at a/skeb/prettyrhythm2dx-702fbb.json
2026-09-18 05:30:47 | INFO     | OK https://skeb.jp/api/users/amakasaxxx1
2026-09-18 05:30:47 | INFO     | Saving at a/skeb/amakasaxxx1-7475e3.json
2026-09-18 05:30:48 | INFO     | OK https://skeb.jp/api/users/wapitaro_wap
2026-09-18 05:30:48 | INFO     | Saving at a/skeb/wapitaro_wap-d65bdb.json
2026-09-18 05:30:49 | INFO     | OK https://skeb.jp/api/users/yomogisan_comet
2026-09-18 05:30:49 | INFO     | Saving at a/skeb/yomogisan_comet-090a8e.json
2026-09-18 05:30:50 | INFO     | OK https://skeb.jp/api/users/0zz_uu
2026-09-18 05:30:50 | INFO     | Saving at a/skeb/0zz_uu-1e26b6.json
2026-09-18 05:30:51 | INFO     | OK https://skeb.jp/api/users/Nano_monanga
2026-09-18 05:30:51 | INFO     | Saving at a/skeb/Nano_monanga-b42624.json
2026-09-18 05:30:52 | INFO     | OK https://skeb.jp/api/users/non_no_urara
2026-09-18 05:30:52 | INFO     | Saving at a/skeb/non_no_urara-be5863.json
2026-09-18 05:30:53 | INFO     | OK https://skeb.jp/api/users/yorugami_
2026-09-18 05:30:53 | INFO     | Saving at a/skeb/yorugami_-16ff4b.json
2026-09-18 05:30:54 | INFO     | OK https://skeb.jp/api/users/grgr_nekochan
2026-09-18 05:30:54 | INFO     | Saving at a/skeb/grgr_nekochan-47532c.json
2026-09-18 05:30:55 | INFO     | OK https://skeb.jp/api/users/kumanobansoukoo
2026-09-18 05:30:55 | INFO     | Saving at a/skeb/kumanobansoukoo-a4ac45.json
2026-09-18 05:30:56 | INFO     | OK https://skeb.jp/api/users/amanebell
2026-09-18 05:30:56 | INFO     | Saving at a/skeb/amanebell-6b59df.json
2026-09-18 05:30:57 | INFO     | OK https://skeb.jp/api/users/Relet2016
2026-09-18 05:30:57 | INFO     | Saving at a/skeb/Relet2016-89c40a.json
2026-09-18 05:30:58 | INFO     | OK https://skeb.jp/api/users/tobenai45
2026-09-18 05:30:58 | INFO     | Saving at a/skeb/tobenai45-5020e8.json
2026-09-18 05:30:59 | INFO     | OK https://skeb.jp/api/users/vi_21g
2026-09-18 05:30:59 | INFO     | Saving at a/skeb/vi_21g-10ec7f.json
2026-09-18 05:31:00 | INFO     | OK https://skeb.jp/api/users/remember_ko1ch1
2026-09-18 05:31:00 | INFO     | Saving at a/skeb/remember_ko1ch1-11609b.json
2026-09-18 05:31:01 | INFO     | OK https://skeb.jp/api/users/parupome
2026-09-18 05:31:01 | INFO     | Saving at a/skeb/parupome-72bc6a.json
2026-09-18 05:31:02 | INFO     | OK https://skeb.jp/api/users/player_take
2026-09-18 05:31:02 | INFO     | Saving at a/skeb/player_take-4c681c.json
2026-09-18 05:31:03 | INFO     | OK https://skeb.jp/api/users/pP0317Pp_A5
2026-09-18 05:31:03 | INFO     | Saving at a/skeb/pP0317Pp_A5-20ae31.json
2026-09-18 05:31:04 | INFO     | OK https://skeb.jp/api/users/maAari_pkmn
2026-09-18 05:31:04 | INFO     | Saving at a/skeb/maAari_pkmn-dab8ce.json
2026-09-18 05:31:05 | INFO     | OK https://skeb.jp/api/users/inknktama
2026-09-18 05:31:05 | INFO     | Saving at a/skeb/inknktama-92e3c5.json
2026-09-18 05:31:06 | INFO     | OK https://skeb.jp/api/users/_0w0______
2026-09-18 05:31:06 | INFO     | Saving at a/skeb/_0w0______-a032a5.json
2026-09-18 05:31:07 | INFO     | OK https://skeb.jp/api/users/quriltai
2026-09-18 05:31:07 | INFO     | Saving at a/skeb/quriltai-09aa52.json
2026-09-18 05:31:08 | INFO     | OK https://skeb.jp/api/users/halkana
2026-09-18 05:31:08 | INFO     | Saving at a/skeb/halkana-4fb969.json
2026-09-18 05:31:09 | INFO     | OK https://skeb.jp/api/users/lap1ns
2026-09-18 05:31:09 | INFO     | Saving at a/skeb/lap1ns-864e26.json
2026-09-18 05:31:10 | INFO     | OK https://skeb.jp/api/users/sakurasousaku14
2026-09-18 05:31:10 | INFO     | Saving at a/skeb/sakurasousaku14-5fc287.json
2026-09-18 05:31:11 | INFO     | OK https://skeb.jp/api/users/nemuri
2026-09-18 05:31:11 | INFO     | Saving at a/skeb/nemuri-a467c0.json
2026-09-18 05:31:12 | INFO     | OK https://skeb.jp/api/users/teaclaw
2026-09-18 05:31:12 | INFO     | Saving at a/skeb/teaclaw-557644.json
2026-09-18 05:31:13 | INFO     | OK https://skeb.jp/api/users/mimiamiamiami
2026-09-18 05:31:13 | INFO     | Saving at a/skeb/mimiamiamiami-df9fc9.json
2026-09-18 05:31:14 | INFO     | OK https://skeb.jp/api/users/INTRON0101
2026-09-18 05:31:14 | INFO     | Saving at a/skeb/INTRON0101-228bf8.json
2026-09-18 05:31:15 | INFO     | OK https://skeb.jp/api/users/shimabu14
2026-09-18 05:31:15 | INFO     | Saving at a/skeb/shimabu14-81b1c3.json
2026-09-18 05:31:16 | INFO     | OK https://skeb.jp/api/users/106staygold
2026-09-18 05:31:16 | INFO     | Saving at a/skeb/106staygold-2b5314.json
2026-09-18 05:31:17 | INFO     | OK https://skeb.jp/api/users/gamed_7_8000
2026-09-18 05:31:17 | INFO     | Saving at a/skeb/gamed_7_8000-811e79.json
2026-09-18 05:31:18 | INFO     | OK https://skeb.jp/api/users/tochi_art
2026-09-18 05:31:18 | INFO     | Saving at a/skeb/tochi_art-822156.json
2026-09-18 05:31:19 | INFO     | OK https://skeb.jp/api/users/tungsten_mochoo
2026-09-18 05:31:19 | INFO     | Saving at a/skeb/tungsten_mochoo-9d8917.json
2026-09-18 05:31:20 | INFO     | OK https://skeb.jp/api/users/UtsuroiElan
2026-09-18 05:31:20 | INFO     | Saving at a/skeb/UtsuroiElan-2674a3.json
2026-09-18 05:31:21 | INFO     | OK https://skeb.jp/api/users/Sanshichi_fu
2026-09-18 05:31:21 | INFO     | Saving at a/skeb/Sanshichi_fu-83fe18.json
2026-09-18 05:31:22 | INFO     | OK https://skeb.jp/api/users/fal_doto
2026-09-18 05:31:22 | INFO     | Saving at a/skeb/fal_doto-a41245.json
2026-09-18 05:31:23 | INFO     | OK https://skeb.jp/api/users/barisinkari
2026-09-18 05:31:23 | INFO     | Saving at a/skeb/barisinkari-c9e796.json
2026-09-18 05:31:24 | INFO     | OK https://skeb.jp/api/users/takemi708
2026-09-18 05:31:24 | INFO     | Saving at a/skeb/takemi708-748128.json
2026-09-18 05:31:25 | INFO     | OK https://skeb.jp/api/users/Onko_17
2026-09-18 05:31:25 | INFO     | Saving at a/skeb/Onko_17-6b6665.json
2026-09-18 05:31:26 | INFO     | OK https://skeb.jp/api/users/tokitamonta
2026-09-18 05:31:26 | INFO     | Saving at a/skeb/tokitamonta-4515fb.json
2026-09-18 05:31:27 | INFO     | OK https://skeb.jp/api/users/ameiroginsui1
2026-09-18 05:31:27 | INFO     | Saving at a/skeb/ameiroginsui1-45665a.json
2026-09-18 05:31:28 | INFO     | OK https://skeb.jp/api/users/oz_2835g
2026-09-18 05:31:28 | INFO     | Saving at a/skeb/oz_2835g-9b3c63.json
2026-09-18 05:31:29 | INFO     | OK https://skeb.jp/api/users/IW9RbkGTzcf4zIq
2026-09-18 05:31:29 | INFO     | Saving at a/skeb/IW9RbkGTzcf4zIq-ba18b2.json
2026-09-18 05:31:30 | INFO     | OK https://skeb.jp/api/users/kahataman
2026-09-18 05:31:30 | INFO     | Saving at a/skeb/kahataman-eb6ca7.json
2026-09-18 05:31:31 | INFO     | OK https://skeb.jp/api/users/Aya_arietta
2026-09-18 05:31:31 | INFO     | Saving at a/skeb/Aya_arietta-b88e20.json
2026-09-18 05:31:32 | INFO     | OK https://skeb.jp/api/users/kusa4to4
2026-09-18 05:31:32 | INFO     | Saving at a/skeb/kusa4to4-9b383f.json
2026-09-18 05:31:33 | INFO     | OK https://skeb.jp/api/users/KeeUUU_
2026-09-18 05:31:33 | INFO     | Saving at a/skeb/KeeUUU_-123b15.json
2026-09-18 05:31:34 | INFO     | OK https://skeb.jp/api/users/wharuwolf_0702
2026-09-18 05:31:34 | INFO     | Saving at a/skeb/wharuwolf_0702-e31141.json
2026-09-18 05:31:35 | INFO     | OK https://skeb.jp/api/users/onemutyann00
2026-09-18 05:31:35 | INFO     | Saving at a/skeb/onemutyann00-0e0237.json
2026-09-18 05:31:36 | INFO     | OK https://skeb.jp/api/users/Kshizuku_
2026-09-18 05:31:36 | INFO     | Saving at a/skeb/Kshizuku_-38ab52.json
2026-09-18 05:31:37 | INFO     | OK https://skeb.jp/api/users/yunoji_trpg
2026-09-18 05:31:37 | INFO     | Saving at a/skeb/yunoji_trpg-130d2c.json
2026-09-18 05:31:38 | INFO     | OK https://skeb.jp/api/users/kuraco_29
2026-09-18 05:31:38 | INFO     | Saving at a/skeb/kuraco_29-1ee3bf.json
2026-09-18 05:31:39 | INFO     | OK https://skeb.jp/api/users/YUUMIEZOMBIE
2026-09-18 05:31:39 | INFO     | Saving at a/skeb/YUUMIEZOMBIE-9443ef.json
2026-09-18 05:31:40 | INFO     | OK https://skeb.jp/api/users/katakata1154892
2026-09-18 05:31:40 | INFO     | Saving at a/skeb/katakata1154892-98f774.json
2026-09-18 05:31:41 | INFO     | OK https://skeb.jp/api/users/5683mmm
2026-09-18 05:31:41 | INFO     | Saving at a/skeb/5683mmm-11ed66.json
2026-09-18 05:31:42 | INFO     | OK https://skeb.jp/api/users/kuromaru_ira
2026-09-18 05:31:42 | INFO     | Saving at a/skeb/kuromaru_ira-44f185.json
2026-09-18 05:31:43 | INFO     | OK https://skeb.jp/api/users/marukogerita
2026-09-18 05:31:43 | INFO     | Saving at a/skeb/marukogerita-c8715a.json
2026-09-18 05:31:44 | INFO     | OK https://skeb.jp/api/users/satsuki_bachi
2026-09-18 05:31:44 | INFO     | Saving at a/skeb/satsuki_bachi-475d13.json
2026-09-18 05:31:45 | INFO     | OK https://skeb.jp/api/users/yoruru_gunjyo
2026-09-18 05:31:45 | INFO     | Saving at a/skeb/yoruru_gunjyo-bcdc83.json
2026-09-18 05:31:46 | INFO     | OK https://skeb.jp/api/users/motiuma3
2026-09-18 05:31:46 | INFO     | Saving at a/skeb/motiuma3-0a820f.json
2026-09-18 05:31:47 | INFO     | OK https://skeb.jp/api/users/RK__O3O6
2026-09-18 05:31:47 | INFO     | Saving at a/skeb/RK__O3O6-2c28f8.json
2026-09-18 05:31:48 | INFO     | OK https://skeb.jp/api/users/sakuduki000_1
2026-09-18 05:31:48 | INFO     | Saving at a/skeb/sakuduki000_1-21949a.json
2026-09-18 05:31:49 | INFO     | OK https://skeb.jp/api/users/yuzuriha_riha
2026-09-18 05:31:49 | INFO     | Saving at a/skeb/yuzuriha_riha-195ce3.json
2026-09-18 05:31:50 | INFO     | OK https://skeb.jp/api/users/kontaakiyasui
2026-09-18 05:31:50 | INFO     | Saving at a/skeb/kontaakiyasui-0565d8.json
2026-09-18 05:31:51 | INFO     | OK https://skeb.jp/api/users/bobhairshuki
2026-09-18 05:31:51 | INFO     | Saving at a/skeb/bobhairshuki-00b427.json
2026-09-18 05:31:52 | INFO     | OK https://skeb.jp/api/users/9hnmp
2026-09-18 05:31:52 | INFO     | Saving at a/skeb/9hnmp-955046.json
2026-09-18 05:31:53 | INFO     | OK https://skeb.jp/api/users/KIN4RI_01
2026-09-18 05:31:53 | INFO     | Saving at a/skeb/KIN4RI_01-8bdc9c.json
2026-09-18 05:31:54 | INFO     | OK https://skeb.jp/api/users/Raspberry_0717
2026-09-18 05:31:54 | INFO     | Saving at a/skeb/Raspberry_0717-111e32.json
2026-09-18 05:31:55 | INFO     | OK https://skeb.jp/api/users/ta_wa_wan
2026-09-18 05:31:55 | INFO     | Saving at a/skeb/ta_wa_wan-764d25.json
2026-09-18 05:31:56 | INFO     | OK https://skeb.jp/api/users/ShinoseP65964
2026-09-18 05:31:56 | INFO     | Saving at a/skeb/ShinoseP65964-11e037.json
2026-09-18 05:31:57 | INFO     | OK https://skeb.jp/api/users/LiricoZombie
2026-09-18 05:31:57 | INFO     | Saving at a/skeb/LiricoZombie-4d0bb2.json
2026-09-18 05:31:58 | INFO     | OK https://skeb.jp/api/users/yunon7373
2026-09-18 05:31:58 | INFO     | Saving at a/skeb/yunon7373-dc99fb.json
2026-09-18 05:31:59 | INFO     | OK https://skeb.jp/api/users/Carbohy1290
2026-09-18 05:31:59 | INFO     | Saving at a/skeb/Carbohy1290-de7fcb.json
2026-09-18 05:32:00 | INFO     | OK https://skeb.jp/api/users/maboroshidenpa
2026-09-18 05:32:00 | INFO     | Saving at a/skeb/maboroshidenpa-512215.json
2026-09-18 05:32:01 | INFO     | OK https://skeb.jp/api/users/X3rIMpiGxXMFRWO
2026-09-18 05:32:01 | INFO     | Saving at a/skeb/X3rIMpiGxXMFRWO-c688a6.json
2026-09-18 05:32:02 | INFO     | OK https://skeb.jp/api/users/5KW1m7t8UM
2026-09-18 05:32:02 | INFO     | Saving at a/skeb/5KW1m7t8UM-5aa9a0.json
2026-09-18 05:32:03 | INFO     | OK https://skeb.jp/api/users/L7PMyt
2026-09-18 05:32:03 | INFO     | Saving at a/skeb/L7PMyt-7abe82.json
2026-09-18 05:32:04 | INFO     | OK https://skeb.jp/api/users/yonomoriakari
2026-09-18 05:32:04 | INFO     | Saving at a/skeb/yonomoriakari-d2000b.json
2026-09-18 05:32:05 | INFO     | OK https://skeb.jp/api/users/HGPRDragon
2026-09-18 05:32:05 | INFO     | Saving at a/skeb/HGPRDragon-affb7a.json
2026-09-18 05:32:06 | INFO     | OK https://skeb.jp/api/users/imasada_
2026-09-18 05:32:06 | INFO     | Saving at a/skeb/imasada_-eab252.json
2026-09-18 05:32:07 | INFO     | OK https://skeb.jp/api/users/kohaku_sogo
2026-09-18 05:32:07 | INFO     | Saving at a/skeb/kohaku_sogo-4afd7f.json
2026-09-18 05:32:08 | INFO     | OK https://skeb.jp/api/users/kamenR000
2026-09-18 05:32:08 | INFO     | Saving at a/skeb/kamenR000-47539a.json
2026-09-18 05:32:09 | INFO     | OK https://skeb.jp/api/users/tsuduho_siw
2026-09-18 05:32:09 | INFO     | Saving at a/skeb/tsuduho_siw-3ab7e8.json
2026-09-18 05:32:10 | INFO     | OK https://skeb.jp/api/users/Yuuhi_0909
2026-09-18 05:32:10 | INFO     | Saving at a/skeb/Yuuhi_0909-fe04d7.json
2026-09-18 05:32:11 | INFO     | OK https://skeb.jp/api/users/shi6sawa
2026-09-18 05:32:11 | INFO     | Saving at a/skeb/shi6sawa-0880fe.json
2026-09-18 05:32:12 | INFO     | OK https://skeb.jp/api/users/shinjushimashou
2026-09-18 05:32:12 | INFO     | Saving at a/skeb/shinjushimashou-8112cc.json
2026-09-18 05:32:13 | INFO     | OK https://skeb.jp/api/users/NYAPOTA2
2026-09-18 05:32:13 | INFO     | Saving at a/skeb/NYAPOTA2-474318.json
2026-09-18 05:32:14 | INFO     | OK https://skeb.jp/api/users/Byellowlightst1
2026-09-18 05:32:14 | INFO     | Saving at a/skeb/Byellowlightst1-a19270.json
2026-09-18 05:32:15 | INFO     | OK https://skeb.jp/api/users/1030Aoiyui
2026-09-18 05:32:15 | INFO     | Saving at a/skeb/1030Aoiyui-570cb0.json
2026-09-18 05:32:16 | INFO     | OK https://skeb.jp/api/users/ko_torute
2026-09-18 05:32:16 | INFO     | Saving at a/skeb/ko_torute-8379e9.json
2026-09-18 05:32:17 | INFO     | OK https://skeb.jp/api/users/watanabe777_sk
2026-09-18 05:32:17 | INFO     | Saving at a/skeb/watanabe777_sk-4918ab.json
2026-09-18 05:32:18 | INFO     | OK https://skeb.jp/api/users/cat_and_rabbit
2026-09-18 05:32:18 | INFO     | Saving at a/skeb/cat_and_rabbit-d8efe8.json
2026-09-18 05:32:19 | INFO     | OK https://skeb.jp/api/users/rerrere310
2026-09-18 05:32:19 | INFO     | Saving at a/skeb/rerrere310-bc92e2.json
2026-09-18 05:32:20 | INFO     | OK https://skeb.jp/api/users/Shitsuha_Isaku
2026-09-18 05:32:20 | INFO     | Saving at a/skeb/Shitsuha_Isaku-68a88b.json
2026-09-18 05:32:21 | INFO     | OK https://skeb.jp/api/users/SABU_MOZUPOKO
2026-09-18 05:32:21 | INFO     | Saving at a/skeb/SABU_MOZUPOKO-2925e5.json
2026-09-18 05:32:22 | INFO     | OK https://skeb.jp/api/users/7muraL
2026-09-18 05:32:22 | INFO     | Saving at a/skeb/7muraL-e0a51d.json
2026-09-18 05:32:23 | INFO     | OK https://skeb.jp/api/users/Litvyak_
2026-09-18 05:32:23 | INFO     | Saving at a/skeb/Litvyak_-4b562f.json
2026-09-18 05:32:24 | INFO     | OK https://skeb.jp/api/users/high_high_c
2026-09-18 05:32:24 | INFO     | Saving at a/skeb/high_high_c-265b73.json
2026-09-18 05:32:25 | INFO     | OK https://skeb.jp/api/users/FuwaMochiri
2026-09-18 05:32:25 | INFO     | Saving at a/skeb/FuwaMochiri-036564.json
2026-09-18 05:32:26 | INFO     | OK https://skeb.jp/api/users/fuminccho
2026-09-18 05:32:26 | INFO     | Saving at a/skeb/fuminccho-f04fda.json
2026-09-18 05:32:27 | INFO     | OK https://skeb.jp/api/users/million241
2026-09-18 05:32:27 | INFO     | Saving at a/skeb/million241-3aa104.json
2026-09-18 05:32:28 | WARNING  | 404 on https://skeb.jp/api/users/RFWhj0poFFTp3 (attempt 1/3)
2026-09-18 05:32:29 | INFO     | OK https://skeb.jp/api/users/5656siteitai
2026-09-18 05:32:29 | INFO     | Saving at a/skeb/5656siteitai-77ce66.json
2026-09-18 05:32:30 | INFO     | OK https://skeb.jp/api/users/__Ntrc
2026-09-18 05:32:30 | INFO     | Saving at a/skeb/__Ntrc-2c8744.json
2026-09-18 05:32:31 | INFO     | OK https://skeb.jp/api/users/yusin_kawamura
2026-09-18 05:32:31 | INFO     | Saving at a/skeb/yusin_kawamura-3aa5e5.json
2026-09-18 05:32:32 | INFO     | OK https://skeb.jp/api/users/takaneru_FE
2026-09-18 05:32:32 | INFO     | Saving at a/skeb/takaneru_FE-959802.json
2026-09-18 05:32:33 | WARNING  | 404 on https://skeb.jp/api/users/artenine29 (attempt 1/3)
2026-09-18 05:32:34 | INFO     | OK https://skeb.jp/api/users/miteioekaki
2026-09-18 05:32:34 | INFO     | Saving at a/skeb/miteioekaki-8cbefe.json
2026-09-18 05:32:35 | WARNING  | 404 on https://skeb.jp/api/users/RFWhj0poFFTp3 (attempt 2/3)
2026-09-18 05:32:36 | INFO     | OK https://skeb.jp/api/users/waongayuku
2026-09-18 05:32:36 | INFO     | Saving at a/skeb/waongayuku-35e8e6.json
2026-09-18 05:32:37 | INFO     | OK https://skeb.jp/api/users/qiuHtBMPmQ
2026-09-18 05:32:37 | INFO     | Saving at a/skeb/qiuHtBMPmQ-db2a21.json
2026-09-18 05:32:38 | INFO     | OK https://skeb.jp/api/users/ashura_010
2026-09-18 05:32:38 | INFO     | Saving at a/skeb/ashura_010-7315dc.json
2026-09-18 05:32:39 | INFO     | OK https://skeb.jp/api/users/Shame_on_1031
2026-09-18 05:32:39 | INFO     | Saving at a/skeb/Shame_on_1031-975925.json
2026-09-18 05:32:40 | INFO     | OK https://skeb.jp/api/users/CAN0N151
2026-09-18 05:32:40 | INFO     | Saving at a/skeb/CAN0N151-963c29.json
2026-09-18 05:32:41 | INFO     | OK https://skeb.jp/api/users/kurosawamadoka
2026-09-18 05:32:41 | INFO     | Saving at a/skeb/kurosawamadoka-057b62.json
2026-09-18 05:32:42 | INFO     | OK https://skeb.jp/api/users/akira_misame
2026-09-18 05:32:42 | INFO     | Saving at a/skeb/akira_misame-1659c1.json
2026-09-18 05:32:43 | INFO     | OK https://skeb.jp/api/users/blue_star_q
2026-09-18 05:32:43 | INFO     | Saving at a/skeb/blue_star_q-1959f5.json
2026-09-18 05:32:44 | WARNING  | 404 on https://skeb.jp/api/users/artenine29 (attempt 2/3)
2026-09-18 05:32:45 | INFO     | OK https://skeb.jp/api/users/ni43g_
2026-09-18 05:32:45 | INFO     | Saving at a/skeb/ni43g_-eeae0d.json
2026-09-18 05:32:46 | WARNING  | 404 on https://skeb.jp/api/users/shine_artworks (attempt 1/3)
2026-09-18 05:32:47 | INFO     | OK https://skeb.jp/api/users/prv4nEr
2026-09-18 05:32:47 | INFO     | Saving at a/skeb/prv4nEr-a1a5c4.json
2026-09-18 05:32:48 | INFO     | OK https://skeb.jp/api/users/yuki_tama1231
2026-09-18 05:32:48 | INFO     | Saving at a/skeb/yuki_tama1231-e6f514.json
2026-09-18 05:32:49 | INFO     | OK https://skeb.jp/api/users/Natukawasumi
2026-09-18 05:32:49 | INFO     | Saving at a/skeb/Natukawasumi-3b9be1.json
2026-09-18 05:32:50 | INFO     | OK https://skeb.jp/api/users/tekkagidume
2026-09-18 05:32:50 | INFO     | Saving at a/skeb/tekkagidume-81b4fe.json
2026-09-18 05:32:51 | INFO     | OK https://skeb.jp/api/users/ym1214_bbb
2026-09-18 05:32:51 | INFO     | Saving at a/skeb/ym1214_bbb-1f34a3.json
2026-09-18 05:32:52 | WARNING  | 404 on https://skeb.jp/api/users/RFWhj0poFFTp3 (attempt 3/3)
2026-09-18 05:32:53 | WARNING  | 404 on https://skeb.jp/api/users/shine_artworks (attempt 2/3)
2026-09-18 05:32:54 | INFO     | OK https://skeb.jp/api/users/RRARIKANTO
2026-09-18 05:32:54 | INFO     | Saving at a/skeb/RRARIKANTO-f8b57f.json
2026-09-18 05:32:55 | INFO     | OK https://skeb.jp/api/users/cross_ternari
2026-09-18 05:32:55 | INFO     | Saving at a/skeb/cross_ternari-0a2045.json
2026-09-18 05:32:56 | INFO     | OK https://skeb.jp/api/users/t_bakko
2026-09-18 05:32:56 | INFO     | Saving at a/skeb/t_bakko-532f5f.json
2026-09-18 05:32:57 | WARNING  | 404 on https://skeb.jp/api/users/artenine29 (attempt 3/3)
2026-09-18 05:32:58 | INFO     | OK https://skeb.jp/api/users/Uzra_illust
2026-09-18 05:32:58 | INFO     | Saving at a/skeb/Uzra_illust-b525a5.json
2026-09-18 05:32:59 | WARNING  | 404 on https://skeb.jp/api/users/shine_artworks (attempt 3/3)
2026-09-18 05:33:00 | INFO     | OK https://skeb.jp/api/users/Chikarya_Mk_1
2026-09-18 05:33:00 | INFO     | Saving at a/skeb/Chikarya_Mk_1-33fa79.json
2026-09-18 05:33:01 | INFO     | OK https://skeb.jp/api/users/chizechize
2026-09-18 05:33:01 | INFO     | Saving at a/skeb/chizechize-d204b6.json
2026-09-18 05:33:02 | INFO     | OK https://skeb.jp/api/users/nsnrk_
2026-09-18 05:33:02 | INFO     | Saving at a/skeb/nsnrk_-6424f6.json
2026-09-18 05:33:03 | INFO     | OK https://skeb.jp/api/users/neosiromaruzmc
2026-09-18 05:33:03 | INFO     | Saving at a/skeb/neosiromaruzmc-cd127e.json
2026-09-18 05:33:04 | INFO     | OK https://skeb.jp/api/users/migitekei_rhs
2026-09-18 05:33:04 | INFO     | Saving at a/skeb/migitekei_rhs-d42d1a.json
2026-09-18 05:33:05 | INFO     | OK https://skeb.jp/api/users/taltal_illust
2026-09-18 05:33:05 | INFO     | Saving at a/skeb/taltal_illust-658a09.json
2026-09-18 05:33:06 | INFO     | OK https://skeb.jp/api/users/FullmoonVtuber
2026-09-18 05:33:06 | INFO     | Saving at a/skeb/FullmoonVtuber-ffe574.json
2026-09-18 05:33:07 | INFO     | OK https://skeb.jp/api/users/MIKURO_TUBASA
2026-09-18 05:33:07 | INFO     | Saving at a/skeb/MIKURO_TUBASA-de9d4e.json
2026-09-18 05:33:08 | INFO     | OK https://skeb.jp/api/users/hachitarou_0038
2026-09-18 05:33:08 | INFO     | Saving at a/skeb/hachitarou_0038-1f8d2e.json
2026-09-18 05:33:09 | INFO     | OK https://skeb.jp/api/users/8528_all
2026-09-18 05:33:09 | INFO     | Saving at a/skeb/8528_all-601ef6.json
2026-09-18 05:33:10 | INFO     | OK https://skeb.jp/api/users/Ni7NiA7
2026-09-18 05:33:10 | INFO     | Saving at a/skeb/Ni7NiA7-1185b4.json
2026-09-18 05:33:11 | INFO     | OK https://skeb.jp/api/users/vn6l0r
2026-09-18 05:33:11 | INFO     | Saving at a/skeb/vn6l0r-c47c78.json
2026-09-18 05:33:12 | INFO     | OK https://skeb.jp/api/users/merlu_ccius
2026-09-18 05:33:12 | INFO     | Saving at a/skeb/merlu_ccius-2d6eab.json
2026-09-18 05:33:13 | INFO     | OK https://skeb.jp/api/users/Garan0502
2026-09-18 05:33:13 | INFO     | Saving at a/skeb/Garan0502-766327.json
2026-09-18 05:33:14 | INFO     | OK https://skeb.jp/api/users/umenoki_01
2026-09-18 05:33:14 | INFO     | Saving at a/skeb/umenoki_01-b5d24b.json
2026-09-18 05:33:15 | INFO     | OK https://skeb.jp/api/users/ObakenoPerutan
2026-09-18 05:33:15 | INFO     | Saving at a/skeb/ObakenoPerutan-677296.json
2026-09-18 05:33:16 | INFO     | OK https://skeb.jp/api/users/ron_wadatumi
2026-09-18 05:33:16 | INFO     | Saving at a/skeb/ron_wadatumi-0d9136.json
2026-09-18 05:33:17 | INFO     | OK https://skeb.jp/api/users/CdqQlz
2026-09-18 05:33:17 | INFO     | Saving at a/skeb/CdqQlz-258b5c.json
2026-09-18 05:33:18 | INFO     | OK https://skeb.jp/api/users/Hakuyu0211
2026-09-18 05:33:18 | INFO     | Saving at a/skeb/Hakuyu0211-ff3d2d.json
2026-09-18 05:33:19 | INFO     | OK https://skeb.jp/api/users/yunosuke_kon
2026-09-18 05:33:19 | INFO     | Saving at a/skeb/yunosuke_kon-acea92.json
2026-09-18 05:33:20 | INFO     | OK https://skeb.jp/api/users/thjni
2026-09-18 05:33:20 | INFO     | Saving at a/skeb/thjni-f3fc39.json
2026-09-18 05:33:21 | INFO     | OK https://skeb.jp/api/users/harukogito
2026-09-18 05:33:21 | INFO     | Saving at a/skeb/harukogito-09a60f.json
2026-09-18 05:33:22 | INFO     | OK https://skeb.jp/api/users/lord_bamblin
2026-09-18 05:33:22 | INFO     | Saving at a/skeb/lord_bamblin-899370.json
2026-09-18 05:33:23 | INFO     | OK https://skeb.jp/api/users/Negima38
2026-09-18 05:33:23 | INFO     | Saving at a/skeb/Negima38-508e74.json
2026-09-18 05:33:24 | INFO     | OK https://skeb.jp/api/users/PanzoSakata
2026-09-18 05:33:24 | INFO     | Saving at a/skeb/PanzoSakata-629ef7.json
2026-09-18 05:33:25 | WARNING  | 404 on https://skeb.jp/api/users/raira421 (attempt 1/3)
2026-09-18 05:33:26 | INFO     | OK https://skeb.jp/api/users/komejirushi1205
2026-09-18 05:33:26 | INFO     | Saving at a/skeb/komejirushi1205-1f8d5f.json
2026-09-18 05:33:27 | INFO     | OK https://skeb.jp/api/users/Mediummarine
2026-09-18 05:33:27 | INFO     | Saving at a/skeb/Mediummarine-f63e73.json
2026-09-18 05:33:28 | INFO     | OK https://skeb.jp/api/users/emezame801083
2026-09-18 05:33:28 | INFO     | Saving at a/skeb/emezame801083-c764c2.json
2026-09-18 05:33:29 | INFO     | OK https://skeb.jp/api/users/Gero_Ult_FF14
2026-09-18 05:33:29 | INFO     | Saving at a/skeb/Gero_Ult_FF14-35c7da.json
2026-09-18 05:33:30 | INFO     | OK https://skeb.jp/api/users/eri_74_14
2026-09-18 05:33:30 | INFO     | Saving at a/skeb/eri_74_14-98ddef.json
2026-09-18 05:33:31 | INFO     | OK https://skeb.jp/api/users/RFyuki_illust
2026-09-18 05:33:31 | INFO     | Saving at a/skeb/RFyuki_illust-603bad.json
2026-09-18 05:33:32 | INFO     | OK https://skeb.jp/api/users/Aki_raoo
2026-09-18 05:33:32 | INFO     | Saving at a/skeb/Aki_raoo-21f740.json
2026-09-18 05:33:33 | WARNING  | 404 on https://skeb.jp/api/users/raira421 (attempt 2/3)
2026-09-18 05:33:34 | INFO     | OK https://skeb.jp/api/users/Pen237880131
2026-09-18 05:33:34 | INFO     | Saving at a/skeb/Pen237880131-5e519c.json
2026-09-18 05:33:35 | INFO     | OK https://skeb.jp/api/users/moesagasinotabi
2026-09-18 05:33:35 | INFO     | Saving at a/skeb/moesagasinotabi-1cb651.json
2026-09-18 05:33:36 | INFO     | OK https://skeb.jp/api/users/R1tuk_TRPG
2026-09-18 05:33:36 | INFO     | Saving at a/skeb/R1tuk_TRPG-a8a454.json
2026-09-18 05:33:37 | INFO     | OK https://skeb.jp/api/users/_VQ_QU_
2026-09-18 05:33:37 | INFO     | Saving at a/skeb/_VQ_QU_-926b79.json
2026-09-18 05:33:38 | WARNING  | 404 on https://skeb.jp/api/users/raira421 (attempt 3/3)
2026-09-18 05:33:39 | INFO     | OK https://skeb.jp/api/users/matomo1000
2026-09-18 05:33:39 | INFO     | Saving at a/skeb/matomo1000-fdd020.json
2026-09-18 05:33:40 | INFO     | OK https://skeb.jp/api/users/mochi_dovob
2026-09-18 05:33:40 | INFO     | Saving at a/skeb/mochi_dovob-19ef92.json
2026-09-18 05:33:41 | INFO     | OK https://skeb.jp/api/users/kuroiroll
2026-09-18 05:33:41 | INFO     | Saving at a/skeb/kuroiroll-93a95e.json
2026-09-18 05:33:42 | INFO     | OK https://skeb.jp/api/users/SAMDA_DADA
2026-09-18 05:33:42 | INFO     | Saving at a/skeb/SAMDA_DADA-2f48cb.json
2026-09-18 05:33:43 | INFO     | OK https://skeb.jp/api/users/Franyan___
2026-09-18 05:33:43 | INFO     | Saving at a/skeb/Franyan___-e7ac27.json
2026-09-18 05:33:44 | INFO     | OK https://skeb.jp/api/users/senngonn_v
2026-09-18 05:33:44 | INFO     | Saving at a/skeb/senngonn_v-127e45.json
2026-09-18 05:33:45 | INFO     | OK https://skeb.jp/api/users/kotoriasobisco
2026-09-18 05:33:45 | INFO     | Saving at a/skeb/kotoriasobisco-2b7200.json
2026-09-18 05:33:46 | INFO     | OK https://skeb.jp/api/users/osorosiya_21
2026-09-18 05:33:46 | INFO     | Saving at a/skeb/osorosiya_21-60fe57.json
2026-09-18 05:33:47 | INFO     | OK https://skeb.jp/api/users/kaname214
2026-09-18 05:33:47 | INFO     | Saving at a/skeb/kaname214-086f8e.json
2026-09-18 05:33:48 | INFO     | OK https://skeb.jp/api/users/suttobi_neko
2026-09-18 05:33:48 | INFO     | Saving at a/skeb/suttobi_neko-114460.json
2026-09-18 05:33:49 | INFO     | OK https://skeb.jp/api/users/YURU___006
2026-09-18 05:33:49 | INFO     | Saving at a/skeb/YURU___006-73c0ad.json
2026-09-18 05:33:50 | INFO     | OK https://skeb.jp/api/users/HALL_4397
2026-09-18 05:33:50 | INFO     | Saving at a/skeb/HALL_4397-af1c60.json
2026-09-18 05:33:51 | INFO     | OK https://skeb.jp/api/users/TAKOIRO2_
2026-09-18 05:33:51 | INFO     | Saving at a/skeb/TAKOIRO2_-3680dd.json
2026-09-18 05:33:52 | INFO     | OK https://skeb.jp/api/users/RINJIN_VRC
2026-09-18 05:33:52 | INFO     | Saving at a/skeb/RINJIN_VRC-7a95bc.json
2026-09-18 05:33:53 | INFO     | OK https://skeb.jp/api/users/natume4
2026-09-18 05:33:53 | INFO     | Saving at a/skeb/natume4-bd3a67.json
2026-09-18 05:33:54 | INFO     | OK https://skeb.jp/api/users/wata_ann
2026-09-18 05:33:54 | INFO     | Saving at a/skeb/wata_ann-9d11ee.json
2026-09-18 05:33:55 | INFO     | OK https://skeb.jp/api/users/ori_atorion
2026-09-18 05:33:55 | INFO     | Saving at a/skeb/ori_atorion-373db9.json
2026-09-18 05:33:56 | WARNING  | 404 on https://skeb.jp/api/users/magakikaratachi (attempt 1/3)
2026-09-18 05:33:57 | INFO     | OK https://skeb.jp/api/users/Yokujira_Town60
2026-09-18 05:33:57 | INFO     | Saving at a/skeb/Yokujira_Town60-5e1af6.json
2026-09-18 05:33:58 | INFO     | OK https://skeb.jp/api/users/noriaji_jungle
2026-09-18 05:33:58 | INFO     | Saving at a/skeb/noriaji_jungle-5c5036.json
2026-09-18 05:33:59 | INFO     | OK https://skeb.jp/api/users/chouchou_popo
2026-09-18 05:33:59 | INFO     | Saving at a/skeb/chouchou_popo-c898f7.json
2026-09-18 05:34:00 | INFO     | OK https://skeb.jp/api/users/SeekingHealing
2026-09-18 05:34:00 | INFO     | Saving at a/skeb/SeekingHealing-b0b449.json
2026-09-18 05:34:01 | INFO     | OK https://skeb.jp/api/users/nyaaagocreco
2026-09-18 05:34:01 | INFO     | Saving at a/skeb/nyaaagocreco-8832c1.json
2026-09-18 05:34:02 | INFO     | OK https://skeb.jp/api/users/Yuma
2026-09-18 05:34:02 | INFO     | Saving at a/skeb/Yuma-b1d8bd.json
2026-09-18 05:34:03 | INFO     | OK https://skeb.jp/api/users/seiji_artman
2026-09-18 05:34:03 | INFO     | Saving at a/skeb/seiji_artman-eb9b3d.json
2026-09-18 05:34:04 | INFO     | OK https://skeb.jp/api/users/70xo_n
2026-09-18 05:34:04 | INFO     | Saving at a/skeb/70xo_n-7ef083.json
2026-09-18 05:34:05 | INFO     | OK https://skeb.jp/api/users/Yamainuken
2026-09-18 05:34:05 | INFO     | Saving at a/skeb/Yamainuken-ff705f.json
2026-09-18 05:34:06 | INFO     | OK https://skeb.jp/api/users/misopimaru
2026-09-18 05:34:06 | INFO     | Saving at a/skeb/misopimaru-cabb58.json
2026-09-18 05:34:07 | INFO     | OK https://skeb.jp/api/users/miuna_stella
2026-09-18 05:34:07 | INFO     | Saving at a/skeb/miuna_stella-6a29e3.json
2026-09-18 05:34:08 | INFO     | OK https://skeb.jp/api/users/TLTO1910
2026-09-18 05:34:08 | INFO     | Saving at a/skeb/TLTO1910-dfbe49.json
2026-09-18 05:34:09 | INFO     | OK https://skeb.jp/api/users/neko_tamachann
2026-09-18 05:34:09 | INFO     | Saving at a/skeb/neko_tamachann-9d9bb2.json
2026-09-18 05:34:10 | WARNING  | 404 on https://skeb.jp/api/users/ifa_Blanc (attempt 1/3)
2026-09-18 05:34:11 | INFO     | OK https://skeb.jp/api/users/lynx_shrike
2026-09-18 05:34:11 | INFO     | Saving at a/skeb/lynx_shrike-d61535.json
2026-09-18 05:34:12 | INFO     | OK https://skeb.jp/api/users/uru_szk04
2026-09-18 05:34:12 | INFO     | Saving at a/skeb/uru_szk04-59d579.json
2026-09-18 05:34:13 | WARNING  | 404 on https://skeb.jp/api/users/ifa_Blanc (attempt 2/3)
2026-09-18 05:34:14 | INFO     | OK https://skeb.jp/api/users/notraidersin1
2026-09-18 05:34:14 | INFO     | Saving at a/skeb/notraidersin1-8ce8f9.json
2026-09-18 05:34:15 | INFO     | OK https://skeb.jp/api/users/yuuhi_LaLa
2026-09-18 05:34:15 | INFO     | Saving at a/skeb/yuuhi_LaLa-430604.json
2026-09-18 05:34:16 | INFO     | OK https://skeb.jp/api/users/GyuUum_Planet99
2026-09-18 05:34:16 | INFO     | Saving at a/skeb/GyuUum_Planet99-2bae99.json
2026-09-18 05:34:17 | INFO     | OK https://skeb.jp/api/users/umino_0714
2026-09-18 05:34:17 | INFO     | Saving at a/skeb/umino_0714-a0849c.json
2026-09-18 05:34:18 | INFO     | OK https://skeb.jp/api/users/jamo23123120693
2026-09-18 05:34:18 | INFO     | Saving at a/skeb/jamo23123120693-55e2ca.json
2026-09-18 05:34:19 | INFO     | OK https://skeb.jp/api/users/naporikurun
2026-09-18 05:34:19 | INFO     | Saving at a/skeb/naporikurun-00aa92.json
2026-09-18 05:34:20 | INFO     | OK https://skeb.jp/api/users/zeroJo
2026-09-18 05:34:20 | INFO     | Saving at a/skeb/zeroJo-ea7bc4.json
2026-09-18 05:34:21 | INFO     | OK https://skeb.jp/api/users/mm___0422
2026-09-18 05:34:21 | INFO     | Saving at a/skeb/mm___0422-ee5fb1.json
2026-09-18 05:34:22 | WARNING  | 404 on https://skeb.jp/api/users/miwotsukushi_ (attempt 1/3)
2026-09-18 05:34:23 | INFO     | OK https://skeb.jp/api/users/wiki_viola
2026-09-18 05:34:23 | INFO     | Saving at a/skeb/wiki_viola-878f20.json
2026-09-18 05:34:24 | INFO     | OK https://skeb.jp/api/users/88daisai
2026-09-18 05:34:24 | INFO     | Saving at a/skeb/88daisai-2dee02.json
2026-09-18 05:34:25 | WARNING  | 404 on https://skeb.jp/api/users/miwotsukushi_ (attempt 2/3)
2026-09-18 05:34:26 | WARNING  | 404 on https://skeb.jp/api/users/ifa_Blanc (attempt 3/3)
2026-09-18 05:34:27 | INFO     | OK https://skeb.jp/api/users/HachiCo_815
2026-09-18 05:34:27 | INFO     | Saving at a/skeb/HachiCo_815-25eb30.json
2026-09-18 05:34:28 | INFO     | OK https://skeb.jp/api/users/z50eu
2026-09-18 05:34:28 | INFO     | Saving at a/skeb/z50eu-d4ddae.json
2026-09-18 05:34:29 | INFO     | OK https://skeb.jp/api/users/cocoharu_CoC
2026-09-18 05:34:29 | INFO     | Saving at a/skeb/cocoharu_CoC-347099.json
2026-09-18 05:34:30 | INFO     | OK https://skeb.jp/api/users/cream_puff07
2026-09-18 05:34:30 | INFO     | Saving at a/skeb/cream_puff07-ae9f91.json
2026-09-18 05:34:31 | WARNING  | 404 on https://skeb.jp/api/users/magakikaratachi (attempt 2/3)
2026-09-18 05:34:32 | INFO     | OK https://skeb.jp/api/users/aruru_rrrr
2026-09-18 05:34:32 | INFO     | Saving at a/skeb/aruru_rrrr-d3c222.json
2026-09-18 05:34:33 | WARNING  | 404 on https://skeb.jp/api/users/miwotsukushi_ (attempt 3/3)
2026-09-18 05:34:34 | INFO     | OK https://skeb.jp/api/users/Jb6Mj
2026-09-18 05:34:34 | INFO     | Saving at a/skeb/Jb6Mj-00c3de.json
2026-09-18 05:34:35 | INFO     | OK https://skeb.jp/api/users/moyashi_DECAYED
2026-09-18 05:34:35 | INFO     | Saving at a/skeb/moyashi_DECAYED-ea6fb8.json
2026-09-18 05:34:36 | INFO     | OK https://skeb.jp/api/users/ritsu23125
2026-09-18 05:34:36 | INFO     | Saving at a/skeb/ritsu23125-b35bcc.json
2026-09-18 05:34:37 | INFO     | OK https://skeb.jp/api/users/tatutaage_uma
2026-09-18 05:34:37 | INFO     | Saving at a/skeb/tatutaage_uma-97e1fd.json
2026-09-18 05:34:38 | INFO     | OK https://skeb.jp/api/users/yaya_shiiba
2026-09-18 05:34:38 | INFO     | Saving at a/skeb/yaya_shiiba-dc5466.json
2026-09-18 05:34:39 | INFO     | OK https://skeb.jp/api/users/w_saika_w
2026-09-18 05:34:39 | INFO     | Saving at a/skeb/w_saika_w-5b1825.json
2026-09-18 05:34:40 | INFO     | OK https://skeb.jp/api/users/ato_shimabara
2026-09-18 05:34:40 | INFO     | Saving at a/skeb/ato_shimabara-babdae.json
2026-09-18 05:34:41 | INFO     | OK https://skeb.jp/api/users/Niccolum_28_
2026-09-18 05:34:41 | INFO     | Saving at a/skeb/Niccolum_28_-14ad6c.json
2026-09-18 05:34:42 | INFO     | OK https://skeb.jp/api/users/mist_likes_kabu
2026-09-18 05:34:42 | INFO     | Saving at a/skeb/mist_likes_kabu-0810d9.json
2026-09-18 05:34:43 | INFO     | OK https://skeb.jp/api/users/Ek0420
2026-09-18 05:34:43 | INFO     | Saving at a/skeb/Ek0420-110dc6.json
2026-09-18 05:34:44 | INFO     | OK https://skeb.jp/api/users/suzuran_kdk_
2026-09-18 05:34:44 | INFO     | Saving at a/skeb/suzuran_kdk_-318eaa.json
2026-09-18 05:34:45 | INFO     | OK https://skeb.jp/api/users/zmo0d
2026-09-18 05:34:45 | INFO     | Saving at a/skeb/zmo0d-0ae696.json
2026-09-18 05:34:46 | INFO     | OK https://skeb.jp/api/users/Ourstor08954957
2026-09-18 05:34:46 | INFO     | Saving at a/skeb/Ourstor08954957-8cf3fd.json
2026-09-18 05:34:47 | INFO     | OK https://skeb.jp/api/users/rekka_uran
2026-09-18 05:34:47 | INFO     | Saving at a/skeb/rekka_uran-ff1884.json
2026-09-18 05:34:48 | WARNING  | 404 on https://skeb.jp/api/users/magakikaratachi (attempt 3/3)
2026-09-18 05:34:49 | INFO     | OK https://skeb.jp/api/users/Yuki610205
2026-09-18 05:34:49 | INFO     | Saving at a/skeb/Yuki610205-02c970.json
2026-09-18 05:34:50 | INFO     | OK https://skeb.jp/api/users/tanasan_7
2026-09-18 05:34:50 | INFO     | Saving at a/skeb/tanasan_7-088542.json
2026-09-18 05:34:51 | INFO     | OK https://skeb.jp/api/users/toke78v
2026-09-18 05:34:51 | INFO     | Saving at a/skeb/toke78v-edb204.json
2026-09-18 05:34:52 | INFO     | OK https://skeb.jp/api/users/ahirulion
2026-09-18 05:34:52 | INFO     | Saving at a/skeb/ahirulion-62e7fc.json
2026-09-18 05:34:53 | INFO     | OK https://skeb.jp/api/users/LambchopFF11
2026-09-18 05:34:53 | INFO     | Saving at a/skeb/LambchopFF11-117316.json
2026-09-18 05:34:54 | INFO     | OK https://skeb.jp/api/users/hitohutakiri
2026-09-18 05:34:54 | INFO     | Saving at a/skeb/hitohutakiri-2760a5.json
2026-09-18 05:34:55 | INFO     | OK https://skeb.jp/api/users/Lapins26
2026-09-18 05:34:55 | INFO     | Saving at a/skeb/Lapins26-7680e4.json
2026-09-18 05:34:56 | INFO     | OK https://skeb.jp/api/users/bobondobon
2026-09-18 05:34:56 | INFO     | Saving at a/skeb/bobondobon-a47d20.json
2026-09-18 05:34:57 | INFO     | OK https://skeb.jp/api/users/aki0107_inica
2026-09-18 05:34:57 | INFO     | Saving at a/skeb/aki0107_inica-737033.json
2026-09-18 05:34:58 | INFO     | OK https://skeb.jp/api/users/fuzi_0730
2026-09-18 05:34:58 | INFO     | Saving at a/skeb/fuzi_0730-01b51f.json
2026-09-18 05:34:59 | INFO     | OK https://skeb.jp/api/users/medamayaki_trpg
2026-09-18 05:34:59 | INFO     | Saving at a/skeb/medamayaki_trpg-caff72.json
2026-09-18 05:35:00 | INFO     | OK https://skeb.jp/api/users/kani_shitatata
2026-09-18 05:35:00 | INFO     | Saving at a/skeb/kani_shitatata-7e5471.json
2026-09-18 05:35:01 | INFO     | OK https://skeb.jp/api/users/_shiroheart
2026-09-18 05:35:01 | INFO     | Saving at a/skeb/_shiroheart-83e55e.json
2026-09-18 05:35:02 | INFO     | OK https://skeb.jp/api/users/Z7xdqCLdJS42U05
2026-09-18 05:35:02 | INFO     | Saving at a/skeb/Z7xdqCLdJS42U05-eff88e.json
2026-09-18 05:35:03 | INFO     | OK https://skeb.jp/api/users/stubblebeard
2026-09-18 05:35:03 | INFO     | Saving at a/skeb/stubblebeard-7f5697.json
2026-09-18 05:35:04 | INFO     | OK https://skeb.jp/api/users/Imomochi_Baabaa
2026-09-18 05:35:04 | INFO     | Saving at a/skeb/Imomochi_Baabaa-1520fc.json
2026-09-18 05:35:05 | INFO     | OK https://skeb.jp/api/users/ototsukiharu
2026-09-18 05:35:05 | INFO     | Saving at a/skeb/ototsukiharu-70a751.json
2026-09-18 05:35:06 | INFO     | OK https://skeb.jp/api/users/YorozuAoi_0406
2026-09-18 05:35:06 | INFO     | Saving at a/skeb/YorozuAoi_0406-11ba22.json
2026-09-18 05:35:07 | INFO     | OK https://skeb.jp/api/users/djdjellie
2026-09-18 05:35:07 | INFO     | Saving at a/skeb/djdjellie-68bcc0.json
2026-09-18 05:35:08 | INFO     | OK https://skeb.jp/api/users/wanosuke_origin
2026-09-18 05:35:08 | INFO     | Saving at a/skeb/wanosuke_origin-80a7fc.json
2026-09-18 05:35:09 | INFO     | OK https://skeb.jp/api/users/YoOAJuD0WNnGr6w
2026-09-18 05:35:09 | INFO     | Saving at a/skeb/YoOAJuD0WNnGr6w-baebe3.json
2026-09-18 05:35:10 | WARNING  | 404 on https://skeb.jp/api/users/kannannyaa (attempt 1/3)
2026-09-18 05:35:11 | INFO     | OK https://skeb.jp/api/users/oto61573883
2026-09-18 05:35:11 | INFO     | Saving at a/skeb/oto61573883-b9290d.json
2026-09-18 05:35:12 | INFO     | OK https://skeb.jp/api/users/keeper_curater1
2026-09-18 05:35:12 | INFO     | Saving at a/skeb/keeper_curater1-4a4d1f.json
2026-09-18 05:35:13 | INFO     | OK https://skeb.jp/api/users/arime_h_sub
2026-09-18 05:35:13 | INFO     | Saving at a/skeb/arime_h_sub-23893b.json
2026-09-18 05:35:14 | INFO     | OK https://skeb.jp/api/users/87____ym
2026-09-18 05:35:14 | INFO     | Saving at a/skeb/87____ym-6d6a18.json
2026-09-18 05:35:15 | INFO     | OK https://skeb.jp/api/users/akuryoku90000
2026-09-18 05:35:15 | INFO     | Saving at a/skeb/akuryoku90000-a8c6f8.json
2026-09-18 05:35:16 | INFO     | OK https://skeb.jp/api/users/Ominaesi0204
2026-09-18 05:35:16 | INFO     | Saving at a/skeb/Ominaesi0204-d18dae.json
2026-09-18 05:35:17 | INFO     | OK https://skeb.jp/api/users/sZvfBVmZzk5vhyB
2026-09-18 05:35:17 | INFO     | Saving at a/skeb/sZvfBVmZzk5vhyB-811bce.json
2026-09-18 05:35:18 | INFO     | OK https://skeb.jp/api/users/batibati_hikaru
2026-09-18 05:35:18 | INFO     | Saving at a/skeb/batibati_hikaru-a8f24d.json
2026-09-18 05:35:19 | INFO     | OK https://skeb.jp/api/users/frostshin
2026-09-18 05:35:19 | INFO     | Saving at a/skeb/frostshin-37b1f2.json
2026-09-18 05:35:20 | INFO     | OK https://skeb.jp/api/users/Kokona11323831
2026-09-18 05:35:20 | INFO     | Saving at a/skeb/Kokona11323831-38ebfb.json
2026-09-18 05:35:21 | WARNING  | 404 on https://skeb.jp/api/users/kannannyaa (attempt 2/3)
2026-09-18 05:35:22 | INFO     | OK https://skeb.jp/api/users/gin_aruyama
2026-09-18 05:35:22 | INFO     | Saving at a/skeb/gin_aruyama-2f109b.json
2026-09-18 05:35:23 | INFO     | OK https://skeb.jp/api/users/kirakishow7
2026-09-18 05:35:23 | INFO     | Saving at a/skeb/kirakishow7-9807fd.json
2026-09-18 05:35:24 | INFO     | OK https://skeb.jp/api/users/____donkarasu03
2026-09-18 05:35:24 | INFO     | Saving at a/skeb/____donkarasu03-5c201a.json
2026-09-18 05:35:25 | INFO     | OK https://skeb.jp/api/users/AM500VV
2026-09-18 05:35:25 | INFO     | Saving at a/skeb/AM500VV-85315a.json
2026-09-18 05:35:26 | INFO     | OK https://skeb.jp/api/users/minatotext2
2026-09-18 05:35:26 | INFO     | Saving at a/skeb/minatotext2-84c27b.json
2026-09-18 05:35:27 | INFO     | OK https://skeb.jp/api/users/Na_mariiiii
2026-09-18 05:35:27 | INFO     | Saving at a/skeb/Na_mariiiii-2fdd35.json
2026-09-18 05:35:28 | INFO     | OK https://skeb.jp/api/users/Ren0803uma
2026-09-18 05:35:28 | INFO     | Saving at a/skeb/Ren0803uma-76b81e.json
2026-09-18 05:35:29 | INFO     | OK https://skeb.jp/api/users/k_0_02
2026-09-18 05:35:29 | INFO     | Saving at a/skeb/k_0_02-342971.json
2026-09-18 05:35:30 | INFO     | OK https://skeb.jp/api/users/RiA_999_
2026-09-18 05:35:30 | INFO     | Saving at a/skeb/RiA_999_-ef6313.json
2026-09-18 05:35:31 | INFO     | OK https://skeb.jp/api/users/maru0505
2026-09-18 05:35:31 | INFO     | Saving at a/skeb/maru0505-55d06b.json
2026-09-18 05:35:32 | INFO     | OK https://skeb.jp/api/users/moimoi_sp
2026-09-18 05:35:32 | INFO     | Saving at a/skeb/moimoi_sp-a20228.json
2026-09-18 05:35:33 | INFO     | OK https://skeb.jp/api/users/citrus_ppp
2026-09-18 05:35:33 | INFO     | Saving at a/skeb/citrus_ppp-c68ac3.json
2026-09-18 05:35:34 | INFO     | OK https://skeb.jp/api/users/FSD_and_GF4656
2026-09-18 05:35:34 | INFO     | Saving at a/skeb/FSD_and_GF4656-530244.json
2026-09-18 05:35:35 | INFO     | OK https://skeb.jp/api/users/Noukyo
2026-09-18 05:35:35 | INFO     | Saving at a/skeb/Noukyo-02f94c.json
2026-09-18 05:35:36 | INFO     | OK https://skeb.jp/api/users/Nana01_Art
2026-09-18 05:35:36 | INFO     | Saving at a/skeb/Nana01_Art-589764.json
2026-09-18 05:35:37 | INFO     | OK https://skeb.jp/api/users/gunmy_vtuber
2026-09-18 05:35:37 | INFO     | Saving at a/skeb/gunmy_vtuber-28da6d.json
2026-09-18 05:35:38 | INFO     | OK https://skeb.jp/api/users/kakeipurasu
2026-09-18 05:35:38 | INFO     | Saving at a/skeb/kakeipurasu-25b00d.json
2026-09-18 05:35:39 | INFO     | OK https://skeb.jp/api/users/ganenranpu
2026-09-18 05:35:39 | INFO     | Saving at a/skeb/ganenranpu-d3f0e6.json
2026-09-18 05:35:40 | INFO     | OK https://skeb.jp/api/users/hhwxi129207
2026-09-18 05:35:40 | INFO     | Saving at a/skeb/hhwxi129207-91980d.json
2026-09-18 05:35:41 | INFO     | OK https://skeb.jp/api/users/_srtr
2026-09-18 05:35:41 | INFO     | Saving at a/skeb/_srtr-fe3167.json
2026-09-18 05:35:42 | INFO     | OK https://skeb.jp/api/users/pisceun
2026-09-18 05:35:42 | INFO     | Saving at a/skeb/pisceun-da56c1.json
2026-09-18 05:35:43 | INFO     | OK https://skeb.jp/api/users/mu_ra_o4443
2026-09-18 05:35:43 | INFO     | Saving at a/skeb/mu_ra_o4443-24bbdb.json
2026-09-18 05:35:44 | INFO     | OK https://skeb.jp/api/users/ma_____ry_
2026-09-18 05:35:44 | INFO     | Saving at a/skeb/ma_____ry_-926243.json
2026-09-18 05:35:45 | INFO     | OK https://skeb.jp/api/users/muckl_sekamati
2026-09-18 05:35:45 | INFO     | Saving at a/skeb/muckl_sekamati-b7c48e.json
2026-09-18 05:35:46 | INFO     | OK https://skeb.jp/api/users/594Hi
2026-09-18 05:35:46 | INFO     | Saving at a/skeb/594Hi-87dbed.json
2026-09-18 05:35:47 | INFO     | OK https://skeb.jp/api/users/Domeafavor049
2026-09-18 05:35:47 | INFO     | Saving at a/skeb/Domeafavor049-5588d1.json
2026-09-18 05:35:48 | INFO     | OK https://skeb.jp/api/users/mol_moe
2026-09-18 05:35:48 | INFO     | Saving at a/skeb/mol_moe-f6aad1.json
2026-09-18 05:35:49 | INFO     | OK https://skeb.jp/api/users/nekomaru963
2026-09-18 05:35:49 | INFO     | Saving at a/skeb/nekomaru963-41d604.json
2026-09-18 05:35:50 | INFO     | OK https://skeb.jp/api/users/kagaku126
2026-09-18 05:35:50 | INFO     | Saving at a/skeb/kagaku126-796731.json
2026-09-18 05:35:51 | INFO     | OK https://skeb.jp/api/users/Corin15883
2026-09-18 05:35:51 | INFO     | Saving at a/skeb/Corin15883-a2826d.json
2026-09-18 05:35:52 | INFO     | OK https://skeb.jp/api/users/miotsu1
2026-09-18 05:35:52 | INFO     | Saving at a/skeb/miotsu1-9e6819.json
2026-09-18 05:35:53 | INFO     | OK https://skeb.jp/api/users/muu_knd
2026-09-18 05:35:53 | INFO     | Saving at a/skeb/muu_knd-3cad7d.json
2026-09-18 05:35:54 | INFO     | OK https://skeb.jp/api/users/T4K4_74
2026-09-18 05:35:54 | INFO     | Saving at a/skeb/T4K4_74-09f5e4.json
2026-09-18 05:35:55 | INFO     | OK https://skeb.jp/api/users/shino_kaguya1
2026-09-18 05:35:55 | INFO     | Saving at a/skeb/shino_kaguya1-4e0c67.json
2026-09-18 05:35:56 | INFO     | OK https://skeb.jp/api/users/TsubakuroM
2026-09-18 05:35:56 | INFO     | Saving at a/skeb/TsubakuroM-d0dcb8.json
2026-09-18 05:35:57 | INFO     | OK https://skeb.jp/api/users/mimt_odd_us
2026-09-18 05:35:57 | INFO     | Saving at a/skeb/mimt_odd_us-7398e3.json
2026-09-18 05:35:59 | INFO     | OK https://skeb.jp/api/users/cafe_blanc
2026-09-18 05:35:59 | INFO     | Saving at a/skeb/cafe_blanc-849787.json
2026-09-18 05:35:59 | INFO     | OK https://skeb.jp/api/users/anima_miko
2026-09-18 05:35:59 | INFO     | Saving at a/skeb/anima_miko-d2d921.json
2026-09-18 05:36:00 | INFO     | OK https://skeb.jp/api/users/Liverwort_1341
2026-09-18 05:36:00 | INFO     | Saving at a/skeb/Liverwort_1341-25e15e.json
2026-09-18 05:36:01 | INFO     | OK https://skeb.jp/api/users/odoro_
2026-09-18 05:36:01 | INFO     | Saving at a/skeb/odoro_-40f481.json
2026-09-18 05:36:02 | INFO     | OK https://skeb.jp/api/users/shirokamiyosei
2026-09-18 05:36:02 | INFO     | Saving at a/skeb/shirokamiyosei-a95001.json
2026-09-18 05:36:03 | WARNING  | 404 on https://skeb.jp/api/users/kannannyaa (attempt 3/3)
2026-09-18 05:36:04 | INFO     | OK https://skeb.jp/api/users/OBAKE_DAZO_
2026-09-18 05:36:04 | INFO     | Saving at a/skeb/OBAKE_DAZO_-f29763.json
2026-09-18 05:36:05 | INFO     | OK https://skeb.jp/api/users/I_F_S
2026-09-18 05:36:05 | INFO     | Saving at a/skeb/I_F_S-8d05b0.json
2026-09-18 05:36:06 | INFO     | OK https://skeb.jp/api/users/58xhqb
2026-09-18 05:36:06 | INFO     | Saving at a/skeb/58xhqb-df5101.json
2026-09-18 05:36:07 | INFO     | OK https://skeb.jp/api/users/FuchigamiMirai
2026-09-18 05:36:07 | INFO     | Saving at a/skeb/FuchigamiMirai-221afe.json
2026-09-18 05:36:08 | INFO     | OK https://skeb.jp/api/users/Rabit_yn31
2026-09-18 05:36:08 | INFO     | Saving at a/skeb/Rabit_yn31-bab8aa.json
2026-09-18 05:36:09 | INFO     | OK https://skeb.jp/api/users/Neo_otoko
2026-09-18 05:36:09 | INFO     | Saving at a/skeb/Neo_otoko-e7eac5.json
2026-09-18 05:36:10 | INFO     | OK https://skeb.jp/api/users/kuru_ruGRX100
2026-09-18 05:36:10 | INFO     | Saving at a/skeb/kuru_ruGRX100-bdb40f.json
2026-09-18 05:36:11 | INFO     | OK https://skeb.jp/api/users/VRchansan
2026-09-18 05:36:11 | INFO     | Saving at a/skeb/VRchansan-98f9e3.json
2026-09-18 05:36:12 | INFO     | OK https://skeb.jp/api/users/isk65180111
2026-09-18 05:36:12 | INFO     | Saving at a/skeb/isk65180111-e2f486.json
2026-09-18 05:36:13 | INFO     | OK https://skeb.jp/api/users/utaunashi25257
2026-09-18 05:36:13 | INFO     | Saving at a/skeb/utaunashi25257-920ed3.json
2026-09-18 05:36:14 | INFO     | OK https://skeb.jp/api/users/mol404_vrc
2026-09-18 05:36:14 | INFO     | Saving at a/skeb/mol404_vrc-244d3a.json
2026-09-18 05:36:15 | INFO     | OK https://skeb.jp/api/users/0_uzoumuzou_0
2026-09-18 05:36:15 | INFO     | Saving at a/skeb/0_uzoumuzou_0-be5c5e.json
2026-09-18 05:36:16 | INFO     | OK https://skeb.jp/api/users/uzutsuyu0322
2026-09-18 05:36:16 | INFO     | Saving at a/skeb/uzutsuyu0322-19ad79.json
2026-09-18 05:36:17 | INFO     | OK https://skeb.jp/api/users/sksm35_d
2026-09-18 05:36:17 | INFO     | Saving at a/skeb/sksm35_d-f934af.json
2026-09-18 05:36:18 | INFO     | OK https://skeb.jp/api/users/papanon31
2026-09-18 05:36:18 | INFO     | Saving at a/skeb/papanon31-ae16a2.json
2026-09-18 05:36:19 | INFO     | OK https://skeb.jp/api/users/nogisu03
2026-09-18 05:36:19 | INFO     | Saving at a/skeb/nogisu03-0813e1.json
2026-09-18 05:36:20 | INFO     | OK https://skeb.jp/api/users/watarimasahito
2026-09-18 05:36:20 | INFO     | Saving at a/skeb/watarimasahito-cc0262.json
2026-09-18 05:36:21 | INFO     | OK https://skeb.jp/api/users/Runa7733
2026-09-18 05:36:21 | INFO     | Saving at a/skeb/Runa7733-fd7c45.json
2026-09-18 05:36:22 | INFO     | OK https://skeb.jp/api/users/Arnolddayo
2026-09-18 05:36:22 | INFO     | Saving at a/skeb/Arnolddayo-6201de.json
2026-09-18 05:36:23 | INFO     | OK https://skeb.jp/api/users/ponu8686
2026-09-18 05:36:23 | INFO     | Saving at a/skeb/ponu8686-9347e7.json
2026-09-18 05:36:24 | INFO     | OK https://skeb.jp/api/users/9302w
2026-09-18 05:36:24 | INFO     | Saving at a/skeb/9302w-5338ff.json
2026-09-18 05:36:25 | INFO     | OK https://skeb.jp/api/users/gtwtadg
2026-09-18 05:36:25 | INFO     | Saving at a/skeb/gtwtadg-3fd0ed.json
2026-09-18 05:36:26 | INFO     | OK https://skeb.jp/api/users/s_kowatari35
2026-09-18 05:36:26 | INFO     | Saving at a/skeb/s_kowatari35-5c3fe6.json
2026-09-18 05:36:28 | INFO     | OK https://skeb.jp/api/users/SakuraYuki_Lily
2026-09-18 05:36:28 | INFO     | Saving at a/skeb/SakuraYuki_Lily-c3e20d.json
2026-09-18 05:36:28 | INFO     | OK https://skeb.jp/api/users/shiduki_ayame
2026-09-18 05:36:28 | INFO     | Saving at a/skeb/shiduki_ayame-006f39.json
2026-09-18 05:36:29 | INFO     | OK https://skeb.jp/api/users/unknown__3rd
2026-09-18 05:36:29 | INFO     | Saving at a/skeb/unknown__3rd-cdac69.json
2026-09-18 05:36:30 | WARNING  | 404 on https://skeb.jp/api/users/usa (attempt 1/3)
2026-09-18 05:36:31 | INFO     | OK https://skeb.jp/api/users/i_ce_pinon_pino
2026-09-18 05:36:31 | INFO     | Saving at a/skeb/i_ce_pinon_pino-d91f77.json
2026-09-18 05:36:32 | INFO     | OK https://skeb.jp/api/users/tanannevr
2026-09-18 05:36:32 | INFO     | Saving at a/skeb/tanannevr-e3cd3f.json
2026-09-18 05:36:33 | INFO     | OK https://skeb.jp/api/users/hisamea9
2026-09-18 05:36:33 | INFO     | Saving at a/skeb/hisamea9-9ecf42.json
2026-09-18 05:36:34 | WARNING  | 404 on https://skeb.jp/api/users/usa (attempt 2/3)
2026-09-18 05:36:35 | INFO     | OK https://skeb.jp/api/users/anything_knock
2026-09-18 05:36:35 | INFO     | Saving at a/skeb/anything_knock-4dae46.json
2026-09-18 05:36:36 | INFO     | OK https://skeb.jp/api/users/disphony
2026-09-18 05:36:36 | INFO     | Saving at a/skeb/disphony-30f189.json
2026-09-18 05:36:37 | INFO     | OK https://skeb.jp/api/users/chi_bakun_12
2026-09-18 05:36:37 | INFO     | Saving at a/skeb/chi_bakun_12-3dd7e2.json
2026-09-18 05:36:39 | INFO     | OK https://skeb.jp/api/users/nemumi_oekaki
2026-09-18 05:36:39 | INFO     | Saving at a/skeb/nemumi_oekaki-16000d.json
2026-09-18 05:36:39 | WARNING  | 404 on https://skeb.jp/api/users/usa (attempt 3/3)
2026-09-18 05:36:40 | INFO     | OK https://skeb.jp/api/users/k1_yagisawa
2026-09-18 05:36:40 | INFO     | Saving at a/skeb/k1_yagisawa-28cc70.json
2026-09-18 05:36:41 | INFO     | OK https://skeb.jp/api/users/HamuNo
2026-09-18 05:36:41 | INFO     | Saving at a/skeb/HamuNo-5a9d0a.json
2026-09-18 05:36:42 | INFO     | OK https://skeb.jp/api/users/pomharuki
2026-09-18 05:36:42 | INFO     | Saving at a/skeb/pomharuki-7786ca.json
2026-09-18 05:36:43 | INFO     | OK https://skeb.jp/api/users/Mink_rii
2026-09-18 05:36:43 | INFO     | Saving at a/skeb/Mink_rii-ed7bfb.json
2026-09-18 05:36:44 | INFO     | OK https://skeb.jp/api/users/yuru00
2026-09-18 05:36:44 | INFO     | Saving at a/skeb/yuru00-8de543.json
2026-09-18 05:36:45 | INFO     | OK https://skeb.jp/api/users/celsior500
2026-09-18 05:36:45 | INFO     | Saving at a/skeb/celsior500-fa3c49.json
2026-09-18 05:36:46 | INFO     | OK https://skeb.jp/api/users/38_____miya
2026-09-18 05:36:46 | INFO     | Saving at a/skeb/38_____miya-b1ec42.json
2026-09-18 05:36:47 | INFO     | OK https://skeb.jp/api/users/Kyosuke1413koba
2026-09-18 05:36:47 | INFO     | Saving at a/skeb/Kyosuke1413koba-e0cf29.json
2026-09-18 05:36:48 | INFO     | OK https://skeb.jp/api/users/hiraga_matsuri
2026-09-18 05:36:48 | INFO     | Saving at a/skeb/hiraga_matsuri-1b642e.json
2026-09-18 05:36:49 | INFO     | OK https://skeb.jp/api/users/SioN_owatas
2026-09-18 05:36:49 | INFO     | Saving at a/skeb/SioN_owatas-2a2f80.json
2026-09-18 05:36:50 | INFO     | OK https://skeb.jp/api/users/i_Haremachi
2026-09-18 05:36:50 | INFO     | Saving at a/skeb/i_Haremachi-7701db.json
2026-09-18 05:36:52 | INFO     | OK https://skeb.jp/api/users/Towakusa
2026-09-18 05:36:52 | INFO     | Saving at a/skeb/Towakusa-439b5c.json
2026-09-18 05:36:52 | INFO     | OK https://skeb.jp/api/users/Aramitsuhaya
2026-09-18 05:36:52 | INFO     | Saving at a/skeb/Aramitsuhaya-065210.json
2026-09-18 05:36:53 | INFO     | OK https://skeb.jp/api/users/aquata0x100
2026-09-18 05:36:53 | INFO     | Saving at a/skeb/aquata0x100-a930bc.json
2026-09-18 05:36:55 | INFO     | OK https://skeb.jp/api/users/OliverClassicT
2026-09-18 05:36:55 | INFO     | Saving at a/skeb/OliverClassicT-b32bc6.json
2026-09-18 05:36:55 | INFO     | OK https://skeb.jp/api/users/soramazinn
2026-09-18 05:36:55 | INFO     | Saving at a/skeb/soramazinn-b52072.json
2026-09-18 05:36:56 | INFO     | OK https://skeb.jp/api/users/s4k_nap
2026-09-18 05:36:56 | INFO     | Saving at a/skeb/s4k_nap-9f06b7.json
2026-09-18 05:36:57 | INFO     | OK https://skeb.jp/api/users/nico_3867
2026-09-18 05:36:57 | INFO     | Saving at a/skeb/nico_3867-850022.json
2026-09-18 05:36:58 | INFO     | OK https://skeb.jp/api/users/Whybe123
2026-09-18 05:36:58 | INFO     | Saving at a/skeb/Whybe123-7c4da2.json
2026-09-18 05:36:59 | INFO     | OK https://skeb.jp/api/users/hataranightstar
2026-09-18 05:36:59 | INFO     | Saving at a/skeb/hataranightstar-664ebd.json
2026-09-18 05:37:00 | INFO     | OK https://skeb.jp/api/users/dr_pepsi22
2026-09-18 05:37:00 | INFO     | Saving at a/skeb/dr_pepsi22-06ee91.json
2026-09-18 05:37:01 | INFO     | OK https://skeb.jp/api/users/koritoriko_
2026-09-18 05:37:01 | INFO     | Saving at a/skeb/koritoriko_-1d4a70.json
2026-09-18 05:37:02 | INFO     | OK https://skeb.jp/api/users/tyauke
2026-09-18 05:37:02 | INFO     | Saving at a/skeb/tyauke-3bc47d.json
2026-09-18 05:37:03 | INFO     | OK https://skeb.jp/api/users/nadzilla_dzilla
2026-09-18 05:37:03 | INFO     | Saving at a/skeb/nadzilla_dzilla-407f75.json
2026-09-18 05:37:04 | INFO     | OK https://skeb.jp/api/users/yudai_hachino
2026-09-18 05:37:04 | INFO     | Saving at a/skeb/yudai_hachino-18585e.json
2026-09-18 05:37:05 | INFO     | OK https://skeb.jp/api/users/mikeli_li
2026-09-18 05:37:05 | INFO     | Saving at a/skeb/mikeli_li-9c6002.json
2026-09-18 05:37:06 | INFO     | OK https://skeb.jp/api/users/BecoMori
2026-09-18 05:37:06 | INFO     | Saving at a/skeb/BecoMori-5a5cb4.json
2026-09-18 05:37:07 | INFO     | OK https://skeb.jp/api/users/3zu_9lage
2026-09-18 05:37:07 | INFO     | Saving at a/skeb/3zu_9lage-c98e74.json
2026-09-18 05:37:08 | INFO     | OK https://skeb.jp/api/users/sdus1017
2026-09-18 05:37:08 | INFO     | Saving at a/skeb/sdus1017-a9b890.json
2026-09-18 05:37:09 | INFO     | OK https://skeb.jp/api/users/Sou_121dog
2026-09-18 05:37:09 | INFO     | Saving at a/skeb/Sou_121dog-3d0eb4.json
2026-09-18 05:37:10 | INFO     | OK https://skeb.jp/api/users/namegnsn133
2026-09-18 05:37:10 | INFO     | Saving at a/skeb/namegnsn133-3019d7.json
2026-09-18 05:37:11 | INFO     | OK https://skeb.jp/api/users/J_anonymousarts
2026-09-18 05:37:11 | INFO     | Saving at a/skeb/J_anonymousarts-311dd0.json
2026-09-18 05:37:13 | INFO     | OK https://skeb.jp/api/users/nuuuuu00_xxx
2026-09-18 05:37:13 | INFO     | Saving at a/skeb/nuuuuu00_xxx-c8df8a.json
2026-09-18 05:37:13 | INFO     | OK https://skeb.jp/api/users/marumetu100
2026-09-18 05:37:13 | INFO     | Saving at a/skeb/marumetu100-0517f4.json
2026-09-18 05:37:14 | INFO     | OK https://skeb.jp/api/users/mgmgwnwn63
2026-09-18 05:37:14 | INFO     | Saving at a/skeb/mgmgwnwn63-36f4d4.json
2026-09-18 05:37:15 | INFO     | OK https://skeb.jp/api/users/tamaco_3
2026-09-18 05:37:15 | INFO     | Saving at a/skeb/tamaco_3-eb7a4b.json
2026-09-18 05:37:16 | INFO     | OK https://skeb.jp/api/users/aoi_kamome0313
2026-09-18 05:37:16 | INFO     | Saving at a/skeb/aoi_kamome0313-8606e3.json
2026-09-18 05:37:17 | INFO     | OK https://skeb.jp/api/users/some_amp
2026-09-18 05:37:17 | INFO     | Saving at a/skeb/some_amp-d6b038.json
2026-09-18 05:37:18 | INFO     | OK https://skeb.jp/api/users/VariA_Kimagure
2026-09-18 05:37:18 | INFO     | Saving at a/skeb/VariA_Kimagure-6d64be.json
2026-09-18 05:37:19 | INFO     | OK https://skeb.jp/api/users/Tar_tetete
2026-09-18 05:37:19 | INFO     | Saving at a/skeb/Tar_tetete-7da6f9.json
2026-09-18 05:37:20 | INFO     | OK https://skeb.jp/api/users/syonbori2096
2026-09-18 05:37:20 | INFO     | Saving at a/skeb/syonbori2096-27949a.json
2026-09-18 05:37:21 | INFO     | OK https://skeb.jp/api/users/ANNINR1
2026-09-18 05:37:21 | INFO     | Saving at a/skeb/ANNINR1-76fcc8.json
2026-09-18 05:37:22 | INFO     | OK https://skeb.jp/api/users/cycloneactionX
2026-09-18 05:37:22 | INFO     | Saving at a/skeb/cycloneactionX-046da9.json
2026-09-18 05:37:23 | INFO     | OK https://skeb.jp/api/users/apota_333
2026-09-18 05:37:23 | INFO     | Saving at a/skeb/apota_333-e47580.json
2026-09-18 05:37:24 | INFO     | OK https://skeb.jp/api/users/yanmarson99
2026-09-18 05:37:24 | INFO     | Saving at a/skeb/yanmarson99-27806f.json
2026-09-18 05:37:25 | INFO     | OK https://skeb.jp/api/users/0490vv
2026-09-18 05:37:25 | INFO     | Saving at a/skeb/0490vv-e06dbf.json
2026-09-18 05:37:26 | WARNING  | 404 on https://skeb.jp/api/users/ariskkun (attempt 1/3)
2026-09-18 05:37:27 | INFO     | OK https://skeb.jp/api/users/kou768
2026-09-18 05:37:27 | INFO     | Saving at a/skeb/kou768-559574.json
2026-09-18 05:37:28 | INFO     | OK https://skeb.jp/api/users/sheila_ship2
2026-09-18 05:37:28 | INFO     | Saving at a/skeb/sheila_ship2-2fef5a.json
2026-09-18 05:37:29 | INFO     | OK https://skeb.jp/api/users/NaNaShiro_7746_
2026-09-18 05:37:29 | INFO     | Saving at a/skeb/NaNaShiro_7746_-3c3cc0.json
2026-09-18 05:37:30 | INFO     | OK https://skeb.jp/api/users/i7h59xPpj05cxXw
2026-09-18 05:37:30 | INFO     | Saving at a/skeb/i7h59xPpj05cxXw-1874fe.json
2026-09-18 05:37:31 | INFO     | OK https://skeb.jp/api/users/caB4EtZFEd21713
2026-09-18 05:37:31 | INFO     | Saving at a/skeb/caB4EtZFEd21713-6b1ab1.json
2026-09-18 05:37:32 | INFO     | OK https://skeb.jp/api/users/seohui_0106
2026-09-18 05:37:32 | INFO     | Saving at a/skeb/seohui_0106-bd710e.json
2026-09-18 05:37:33 | WARNING  | 404 on https://skeb.jp/api/users/Kenkou_ (attempt 1/3)
2026-09-18 05:37:35 | INFO     | OK https://skeb.jp/api/users/Noiwa_oekaki
2026-09-18 05:37:35 | INFO     | Saving at a/skeb/Noiwa_oekaki-6e263f.json
2026-09-18 05:37:35 | INFO     | OK https://skeb.jp/api/users/drawing_aokubii
2026-09-18 05:37:35 | INFO     | Saving at a/skeb/drawing_aokubii-ee5bd5.json
2026-09-18 05:37:36 | INFO     | OK https://skeb.jp/api/users/viva_sanba
2026-09-18 05:37:36 | INFO     | Saving at a/skeb/viva_sanba-dbcd52.json
2026-09-18 05:37:37 | INFO     | OK https://skeb.jp/api/users/stsk_goodsmile
2026-09-18 05:37:37 | INFO     | Saving at a/skeb/stsk_goodsmile-24a454.json
2026-09-18 05:37:38 | INFO     | OK https://skeb.jp/api/users/Buta_Zonoo
2026-09-18 05:37:38 | INFO     | Saving at a/skeb/Buta_Zonoo-5c171d.json
2026-09-18 05:37:39 | INFO     | OK https://skeb.jp/api/users/akutagawa_FI_
2026-09-18 05:37:39 | INFO     | Saving at a/skeb/akutagawa_FI_-788017.json
2026-09-18 05:37:40 | INFO     | OK https://skeb.jp/api/users/tsukumo_772
2026-09-18 05:37:40 | INFO     | Saving at a/skeb/tsukumo_772-6fb425.json
2026-09-18 05:37:42 | WARNING  | 404 on https://skeb.jp/api/users/Kenkou_ (attempt 2/3)
2026-09-18 05:37:42 | INFO     | OK https://skeb.jp/api/users/tsugumi_last
2026-09-18 05:37:42 | INFO     | Saving at a/skeb/tsugumi_last-851ab0.json
2026-09-18 05:37:43 | INFO     | OK https://skeb.jp/api/users/zefutefu
2026-09-18 05:37:43 | INFO     | Saving at a/skeb/zefutefu-4f7dad.json
2026-09-18 05:37:44 | INFO     | OK https://skeb.jp/api/users/inori_bouquet
2026-09-18 05:37:44 | INFO     | Saving at a/skeb/inori_bouquet-c15808.json
2026-09-18 05:37:45 | INFO     | OK https://skeb.jp/api/users/mso_gng
2026-09-18 05:37:45 | INFO     | Saving at a/skeb/mso_gng-3d9d64.json
2026-09-18 05:37:46 | INFO     | OK https://skeb.jp/api/users/TruenoRaimei
2026-09-18 05:37:46 | INFO     | Saving at a/skeb/TruenoRaimei-5d8c22.json
2026-09-18 05:37:47 | INFO     | OK https://skeb.jp/api/users/soft_hiraishin
2026-09-18 05:37:47 | INFO     | Saving at a/skeb/soft_hiraishin-12a452.json
2026-09-18 05:37:48 | INFO     | OK https://skeb.jp/api/users/nemuresu774
2026-09-18 05:37:48 | INFO     | Saving at a/skeb/nemuresu774-84e855.json
2026-09-18 05:37:49 | INFO     | OK https://skeb.jp/api/users/inusukiNo1
2026-09-18 05:37:49 | INFO     | Saving at a/skeb/inusukiNo1-ecae61.json
2026-09-18 05:37:51 | WARNING  | 404 on https://skeb.jp/api/users/ariskkun (attempt 2/3)
2026-09-18 05:37:51 | INFO     | OK https://skeb.jp/api/users/RED_a0a
2026-09-18 05:37:51 | INFO     | Saving at a/skeb/RED_a0a-0421b0.json
2026-09-18 05:37:52 | INFO     | OK https://skeb.jp/api/users/yuasa_ayu
2026-09-18 05:37:52 | INFO     | Saving at a/skeb/yuasa_ayu-cf14bf.json
2026-09-18 05:37:53 | INFO     | OK https://skeb.jp/api/users/jo__u
2026-09-18 05:37:53 | INFO     | Saving at a/skeb/jo__u-204b86.json
2026-09-18 05:37:55 | WARNING  | 404 on https://skeb.jp/api/users/Kenkou_ (attempt 3/3)
2026-09-18 05:37:55 | INFO     | OK https://skeb.jp/api/users/oribe_naru
2026-09-18 05:37:55 | INFO     | Saving at a/skeb/oribe_naru-d6531a.json
2026-09-18 05:37:57 | WARNING  | 404 on https://skeb.jp/api/users/ariskkun (attempt 3/3)
2026-09-18 05:37:57 | INFO     | OK https://skeb.jp/api/users/Twins28n
2026-09-18 05:37:57 | INFO     | Saving at a/skeb/Twins28n-33b3ad.json
2026-09-18 05:37:58 | INFO     | OK https://skeb.jp/api/users/tkd4625
2026-09-18 05:37:58 | INFO     | Saving at a/skeb/tkd4625-00e4bf.json
2026-09-18 05:37:59 | INFO     | OK https://skeb.jp/api/users/k96k7
2026-09-18 05:37:59 | INFO     | Saving at a/skeb/k96k7-746fd2.json
2026-09-18 05:38:01 | INFO     | OK https://skeb.jp/api/users/konokuro
2026-09-18 05:38:01 | INFO     | Saving at a/skeb/konokuro-926c51.json
2026-09-18 05:38:01 | INFO     | OK https://skeb.jp/api/users/goko_moon
2026-09-18 05:38:01 | INFO     | Saving at a/skeb/goko_moon-48b977.json
2026-09-18 05:38:03 | INFO     | OK https://skeb.jp/api/users/WN_KNT
2026-09-18 05:38:03 | INFO     | Saving at a/skeb/WN_KNT-665396.json
2026-09-18 05:38:03 | INFO     | OK https://skeb.jp/api/users/mxwux
2026-09-18 05:38:03 | INFO     | Saving at a/skeb/mxwux-de7134.json
2026-09-18 05:38:04 | INFO     | OK https://skeb.jp/api/users/TottemoLovely
2026-09-18 05:38:04 | INFO     | Saving at a/skeb/TottemoLovely-f07277.json
2026-09-18 05:38:05 | INFO     | OK https://skeb.jp/api/users/AmaTeu_illust
2026-09-18 05:38:05 | INFO     | Saving at a/skeb/AmaTeu_illust-08b984.json
2026-09-18 05:38:06 | INFO     | OK https://skeb.jp/api/users/Betas_777
2026-09-18 05:38:06 | INFO     | Saving at a/skeb/Betas_777-da6d16.json
2026-09-18 05:38:07 | INFO     | OK https://skeb.jp/api/users/waffle_to
2026-09-18 05:38:07 | INFO     | Saving at a/skeb/waffle_to-cb6370.json
2026-09-18 05:38:08 | INFO     | OK https://skeb.jp/api/users/rindo2323
2026-09-18 05:38:08 | INFO     | Saving at a/skeb/rindo2323-aa0bfa.json
2026-09-18 05:38:09 | INFO     | OK https://skeb.jp/api/users/dokosa_DHA
2026-09-18 05:38:09 | INFO     | Saving at a/skeb/dokosa_DHA-f65c22.json
2026-09-18 05:38:10 | INFO     | OK https://skeb.jp/api/users/Lala_maruyaki
2026-09-18 05:38:10 | INFO     | Saving at a/skeb/Lala_maruyaki-24a678.json
2026-09-18 05:38:11 | INFO     | OK https://skeb.jp/api/users/melowly_firefly
2026-09-18 05:38:11 | INFO     | Saving at a/skeb/melowly_firefly-103ec9.json
2026-09-18 05:38:12 | INFO     | OK https://skeb.jp/api/users/moje
2026-09-18 05:38:12 | INFO     | Saving at a/skeb/moje-448484.json
2026-09-18 05:38:13 | INFO     | OK https://skeb.jp/api/users/ponpeEX
2026-09-18 05:38:13 | INFO     | Saving at a/skeb/ponpeEX-fa4213.json
2026-09-18 05:38:14 | INFO     | OK https://skeb.jp/api/users/Evan__xxx
2026-09-18 05:38:14 | INFO     | Saving at a/skeb/Evan__xxx-14ffdb.json
2026-09-18 05:38:15 | INFO     | OK https://skeb.jp/api/users/fSYYZ2PClEZD53n
2026-09-18 05:38:15 | INFO     | Saving at a/skeb/fSYYZ2PClEZD53n-9e3f21.json
2026-09-18 05:38:16 | INFO     | OK https://skeb.jp/api/users/graper0220
2026-09-18 05:38:16 | INFO     | Saving at a/skeb/graper0220-ea63a3.json
2026-09-18 05:38:17 | INFO     | OK https://skeb.jp/api/users/hyouikuukan
2026-09-18 05:38:17 | INFO     | Saving at a/skeb/hyouikuukan-a21b40.json
2026-09-18 05:38:18 | INFO     | OK https://skeb.jp/api/users/fiftyone_st
2026-09-18 05:38:19 | INFO     | Saving at a/skeb/fiftyone_st-2ef87c.json
2026-09-18 05:38:19 | INFO     | OK https://skeb.jp/api/users/pamonco
2026-09-18 05:38:19 | INFO     | Saving at a/skeb/pamonco-277a5a.json
2026-09-18 05:38:20 | INFO     | OK https://skeb.jp/api/users/akanei6no_Sora
2026-09-18 05:38:20 | INFO     | Saving at a/skeb/akanei6no_Sora-86d785.json
2026-09-18 05:38:21 | INFO     | OK https://skeb.jp/api/users/vtuberYAMADA
2026-09-18 05:38:21 | INFO     | Saving at a/skeb/vtuberYAMADA-fd044d.json
2026-09-18 05:38:22 | INFO     | OK https://skeb.jp/api/users/Ket_TOIN
2026-09-18 05:38:22 | INFO     | Saving at a/skeb/Ket_TOIN-3184e1.json
2026-09-18 05:38:24 | INFO     | OK https://skeb.jp/api/users/hebihara_k
2026-09-18 05:38:24 | INFO     | Saving at a/skeb/hebihara_k-72abf4.json
2026-09-18 05:38:25 | INFO     | OK https://skeb.jp/api/users/Mela179101570
2026-09-18 05:38:25 | INFO     | Saving at a/skeb/Mela179101570-e1d2d8.json
2026-09-18 05:38:25 | INFO     | OK https://skeb.jp/api/users/Rei_misc
2026-09-18 05:38:25 | INFO     | Saving at a/skeb/Rei_misc-d40f51.json
2026-09-18 05:38:26 | INFO     | OK https://skeb.jp/api/users/aoguro_1
2026-09-18 05:38:26 | INFO     | Saving at a/skeb/aoguro_1-b35760.json
2026-09-18 05:38:27 | INFO     | OK https://skeb.jp/api/users/Powaris
2026-09-18 05:38:27 | INFO     | Saving at a/skeb/Powaris-fe776f.json
2026-09-18 05:38:28 | INFO     | OK https://skeb.jp/api/users/mugibirokou
2026-09-18 05:38:28 | INFO     | Saving at a/skeb/mugibirokou-18dfbc.json
2026-09-18 05:38:29 | INFO     | OK https://skeb.jp/api/users/toritorisak
2026-09-18 05:38:29 | INFO     | Saving at a/skeb/toritorisak-e1c69b.json
2026-09-18 05:38:30 | INFO     | OK https://skeb.jp/api/users/nonta0122
2026-09-18 05:38:30 | INFO     | Saving at a/skeb/nonta0122-1277e5.json
2026-09-18 05:38:31 | INFO     | OK https://skeb.jp/api/users/Mia_Mint0
2026-09-18 05:38:31 | INFO     | Saving at a/skeb/Mia_Mint0-63ff18.json
2026-09-18 05:38:33 | INFO     | OK https://skeb.jp/api/users/Chall_tr_yz
2026-09-18 05:38:33 | INFO     | Saving at a/skeb/Chall_tr_yz-4146f3.json
2026-09-18 05:38:33 | INFO     | OK https://skeb.jp/api/users/Raikar_fxi47
2026-09-18 05:38:33 | INFO     | Saving at a/skeb/Raikar_fxi47-e384b3.json
2026-09-18 05:38:35 | INFO     | OK https://skeb.jp/api/users/caro_uotora
2026-09-18 05:38:35 | INFO     | Saving at a/skeb/caro_uotora-93aa43.json
2026-09-18 05:38:36 | INFO     | OK https://skeb.jp/api/users/free_note017
2026-09-18 05:38:36 | INFO     | Saving at a/skeb/free_note017-1f2262.json
2026-09-18 05:38:36 | INFO     | OK https://skeb.jp/api/users/haluhalu0403
2026-09-18 05:38:36 | INFO     | Saving at a/skeb/haluhalu0403-002d8b.json
2026-09-18 05:38:37 | INFO     | OK https://skeb.jp/api/users/Taco_828
2026-09-18 05:38:37 | INFO     | Saving at a/skeb/Taco_828-c1fa8e.json
2026-09-18 05:38:38 | INFO     | OK https://skeb.jp/api/users/tmk_illust66
2026-09-18 05:38:38 | INFO     | Saving at a/skeb/tmk_illust66-dc0366.json
2026-09-18 05:38:40 | INFO     | OK https://skeb.jp/api/users/leonis_g
2026-09-18 05:38:40 | INFO     | Saving at a/skeb/leonis_g-6833fd.json
2026-09-18 05:38:40 | INFO     | OK https://skeb.jp/api/users/ayumustrawberry
2026-09-18 05:38:40 | INFO     | Saving at a/skeb/ayumustrawberry-6d860b.json
2026-09-18 05:38:42 | INFO     | OK https://skeb.jp/api/users/map_bc
2026-09-18 05:38:42 | INFO     | Saving at a/skeb/map_bc-b750f3.json
2026-09-18 05:38:42 | INFO     | OK https://skeb.jp/api/users/shioaji_
2026-09-18 05:38:42 | INFO     | Saving at a/skeb/shioaji_-886698.json
2026-09-18 05:38:43 | INFO     | OK https://skeb.jp/api/users/shirotake
2026-09-18 05:38:43 | INFO     | Saving at a/skeb/shirotake-a1e07e.json
2026-09-18 05:38:44 | INFO     | OK https://skeb.jp/api/users/suminoteiji
2026-09-18 05:38:44 | INFO     | Saving at a/skeb/suminoteiji-163ec3.json
2026-09-18 05:38:46 | INFO     | OK https://skeb.jp/api/users/Phalanx_Lupo
2026-09-18 05:38:46 | INFO     | Saving at a/skeb/Phalanx_Lupo-049882.json
2026-09-18 05:38:46 | INFO     | OK https://skeb.jp/api/users/uuuuua07
2026-09-18 05:38:46 | INFO     | Saving at a/skeb/uuuuua07-211a07.json
2026-09-18 05:38:48 | INFO     | OK https://skeb.jp/api/users/hoshimi_ruu
2026-09-18 05:38:48 | INFO     | Saving at a/skeb/hoshimi_ruu-53b6fe.json
2026-09-18 05:38:48 | INFO     | OK https://skeb.jp/api/users/nagira0822
2026-09-18 05:38:48 | INFO     | Saving at a/skeb/nagira0822-438124.json
2026-09-18 05:38:50 | INFO     | OK https://skeb.jp/api/users/minato_az
2026-09-18 05:38:50 | INFO     | Saving at a/skeb/minato_az-82149a.json
2026-09-18 05:38:50 | INFO     | OK https://skeb.jp/api/users/wani_wantan
2026-09-18 05:38:51 | INFO     | Saving at a/skeb/wani_wantan-a26a89.json
2026-09-18 05:38:51 | INFO     | OK https://skeb.jp/api/users/Otamusan
2026-09-18 05:38:51 | INFO     | Saving at a/skeb/Otamusan-086924.json
2026-09-18 05:38:53 | INFO     | OK https://skeb.jp/api/users/MadoroQ
2026-09-18 05:38:53 | INFO     | Saving at a/skeb/MadoroQ-d6b588.json
2026-09-18 05:38:54 | INFO     | OK https://skeb.jp/api/users/vuouihcxe
2026-09-18 05:38:54 | INFO     | Saving at a/skeb/vuouihcxe-5c1418.json
2026-09-18 05:38:54 | INFO     | OK https://skeb.jp/api/users/Lumarbo
2026-09-18 05:38:54 | INFO     | Saving at a/skeb/Lumarbo-6dc3d2.json
2026-09-18 05:38:55 | INFO     | OK https://skeb.jp/api/users/ooXIEJ315
2026-09-18 05:38:55 | INFO     | Saving at a/skeb/ooXIEJ315-fe0d1d.json
2026-09-18 05:38:56 | INFO     | OK https://skeb.jp/api/users/ajiwai_maroyaka
2026-09-18 05:38:56 | INFO     | Saving at a/skeb/ajiwai_maroyaka-2bf54f.json
2026-09-18 05:38:57 | INFO     | OK https://skeb.jp/api/users/13mm6
2026-09-18 05:38:57 | INFO     | Saving at a/skeb/13mm6-c3a431.json
2026-09-18 05:38:58 | INFO     | OK https://skeb.jp/api/users/funyatarosan
2026-09-18 05:38:58 | INFO     | Saving at a/skeb/funyatarosan-a52512.json
2026-09-18 05:38:59 | INFO     | OK https://skeb.jp/api/users/Coladezorro723
2026-09-18 05:38:59 | INFO     | Saving at a/skeb/Coladezorro723-6bcfaf.json
2026-09-18 05:39:00 | INFO     | OK https://skeb.jp/api/users/Nmkz_21
2026-09-18 05:39:00 | INFO     | Saving at a/skeb/Nmkz_21-eadc7b.json
2026-09-18 05:39:01 | WARNING  | 404 on https://skeb.jp/api/users/Rubel_29 (attempt 1/3)
2026-09-18 05:39:02 | INFO     | OK https://skeb.jp/api/users/ROBOmito
2026-09-18 05:39:02 | INFO     | Saving at a/skeb/ROBOmito-de2b30.json
2026-09-18 05:39:03 | INFO     | OK https://skeb.jp/api/users/taraba_kaisen
2026-09-18 05:39:03 | INFO     | Saving at a/skeb/taraba_kaisen-df0967.json
2026-09-18 05:39:04 | WARNING  | 404 on https://skeb.jp/api/users/Rubel_29 (attempt 2/3)
2026-09-18 05:39:06 | INFO     | OK https://skeb.jp/api/users/fudotuti
2026-09-18 05:39:06 | INFO     | Saving at a/skeb/fudotuti-002930.json
2026-09-18 05:39:06 | INFO     | OK https://skeb.jp/api/users/mofu_melon
2026-09-18 05:39:06 | INFO     | Saving at a/skeb/mofu_melon-ce4a4a.json
2026-09-18 05:39:07 | INFO     | OK https://skeb.jp/api/users/AsLGEG3X9dD5diz
2026-09-18 05:39:07 | INFO     | Saving at a/skeb/AsLGEG3X9dD5diz-28c901.json
2026-09-18 05:39:08 | INFO     | OK https://skeb.jp/api/users/ry_wnu
2026-09-18 05:39:08 | INFO     | Saving at a/skeb/ry_wnu-2aebca.json
2026-09-18 05:39:10 | INFO     | OK https://skeb.jp/api/users/kanannbo
2026-09-18 05:39:10 | INFO     | Saving at a/skeb/kanannbo-967915.json
2026-09-18 05:39:10 | INFO     | OK https://skeb.jp/api/users/Tzpc1R
2026-09-18 05:39:10 | INFO     | Saving at a/skeb/Tzpc1R-c12c16.json
2026-09-18 05:39:11 | INFO     | OK https://skeb.jp/api/users/Chiyo9573
2026-09-18 05:39:11 | INFO     | Saving at a/skeb/Chiyo9573-3284d5.json
2026-09-18 05:39:12 | INFO     | OK https://skeb.jp/api/users/bloom_minority
2026-09-18 05:39:12 | INFO     | Saving at a/skeb/bloom_minority-ce0816.json
2026-09-18 05:39:14 | INFO     | OK https://skeb.jp/api/users/hantamane
2026-09-18 05:39:14 | INFO     | Saving at a/skeb/hantamane-fedbe0.json
2026-09-18 05:39:15 | WARNING  | 404 on https://skeb.jp/api/users/Rubel_29 (attempt 3/3)
2026-09-18 05:39:15 | INFO     | OK https://skeb.jp/api/users/HRTYUK
2026-09-18 05:39:15 | INFO     | Saving at a/skeb/HRTYUK-fe1598.json
2026-09-18 05:39:16 | INFO     | OK https://skeb.jp/api/users/tori82san
2026-09-18 05:39:16 | INFO     | Saving at a/skeb/tori82san-6d2d74.json
2026-09-18 05:39:17 | INFO     | OK https://skeb.jp/api/users/_rokudogobu
2026-09-18 05:39:17 | INFO     | Saving at a/skeb/_rokudogobu-523563.json
2026-09-18 05:39:19 | INFO     | OK https://skeb.jp/api/users/kounoji_illust
2026-09-18 05:39:19 | INFO     | Saving at a/skeb/kounoji_illust-b28108.json
2026-09-18 05:39:20 | INFO     | OK https://skeb.jp/api/users/Ituki_ouji
2026-09-18 05:39:20 | INFO     | Saving at a/skeb/Ituki_ouji-064ddb.json
2026-09-18 05:39:21 | INFO     | OK https://skeb.jp/api/users/mamesan0031
2026-09-18 05:39:21 | INFO     | Saving at a/skeb/mamesan0031-efd1aa.json
2026-09-18 05:39:21 | INFO     | OK https://skeb.jp/api/users/jokatyo
2026-09-18 05:39:21 | INFO     | Saving at a/skeb/jokatyo-666a4b.json
2026-09-18 05:39:22 | INFO     | OK https://skeb.jp/api/users/hagi_madoi
2026-09-18 05:39:22 | INFO     | Saving at a/skeb/hagi_madoi-e40391.json
2026-09-18 05:39:24 | INFO     | OK https://skeb.jp/api/users/frim_02
2026-09-18 05:39:24 | INFO     | Saving at a/skeb/frim_02-e6fded.json
2026-09-18 05:39:24 | INFO     | OK https://skeb.jp/api/users/okapa_bot
2026-09-18 05:39:24 | INFO     | Saving at a/skeb/okapa_bot-455d15.json
2026-09-18 05:39:25 | INFO     | OK https://skeb.jp/api/users/k2n10_
2026-09-18 05:39:25 | INFO     | Saving at a/skeb/k2n10_-0facdf.json
2026-09-18 05:39:27 | INFO     | OK https://skeb.jp/api/users/Hina_puna
2026-09-18 05:39:27 | INFO     | Saving at a/skeb/Hina_puna-1f1ef5.json
2026-09-18 05:39:28 | INFO     | OK https://skeb.jp/api/users/satanxe
2026-09-18 05:39:28 | INFO     | Saving at a/skeb/satanxe-30921b.json
2026-09-18 05:39:28 | INFO     | OK https://skeb.jp/api/users/geboshake
2026-09-18 05:39:28 | INFO     | Saving at a/skeb/geboshake-2c33c2.json
2026-09-18 05:39:29 | INFO     | OK https://skeb.jp/api/users/usadama
2026-09-18 05:39:29 | INFO     | Saving at a/skeb/usadama-891ef6.json
2026-09-18 05:39:31 | INFO     | OK https://skeb.jp/api/users/reia_hana
2026-09-18 05:39:31 | INFO     | Saving at a/skeb/reia_hana-8bb6a8.json
2026-09-18 05:39:32 | INFO     | OK https://skeb.jp/api/users/mikuni_des
2026-09-18 05:39:32 | INFO     | Saving at a/skeb/mikuni_des-72a949.json
2026-09-18 05:39:33 | INFO     | OK https://skeb.jp/api/users/0kagerou
2026-09-18 05:39:33 | INFO     | Saving at a/skeb/0kagerou-5ae042.json
2026-09-18 05:39:34 | INFO     | OK https://skeb.jp/api/users/okyochan
2026-09-18 05:39:34 | INFO     | Saving at a/skeb/okyochan-52ff0e.json
2026-09-18 05:39:34 | WARNING  | 404 on https://skeb.jp/api/users/RISU_ura (attempt 1/3)
2026-09-18 05:39:36 | INFO     | OK https://skeb.jp/api/users/ele_cat_namy
2026-09-18 05:39:36 | INFO     | Saving at a/skeb/ele_cat_namy-7c46cd.json
2026-09-18 05:39:37 | INFO     | OK https://skeb.jp/api/users/engo001
2026-09-18 05:39:37 | INFO     | Saving at a/skeb/engo001-e8dd5b.json
2026-09-18 05:39:37 | INFO     | OK https://skeb.jp/api/users/yoyonami3
2026-09-18 05:39:37 | INFO     | Saving at a/skeb/yoyonami3-194270.json
2026-09-18 05:39:39 | INFO     | OK https://skeb.jp/api/users/az_69_s
2026-09-18 05:39:39 | INFO     | Saving at a/skeb/az_69_s-efaf2d.json
2026-09-18 05:39:40 | INFO     | OK https://skeb.jp/api/users/coco08953232
2026-09-18 05:39:40 | INFO     | Saving at a/skeb/coco08953232-4b6442.json
2026-09-18 05:39:41 | WARNING  | 404 on https://skeb.jp/api/users/RISU_ura (attempt 2/3)
2026-09-18 05:39:42 | INFO     | OK https://skeb.jp/api/users/masahiro5562
2026-09-18 05:39:42 | INFO     | Saving at a/skeb/masahiro5562-24bd26.json
2026-09-18 05:39:42 | INFO     | OK https://skeb.jp/api/users/eo1436do
2026-09-18 05:39:42 | INFO     | Saving at a/skeb/eo1436do-0b5b4d.json
2026-09-18 05:39:43 | INFO     | OK https://skeb.jp/api/users/Egyptnoneko25
2026-09-18 05:39:43 | INFO     | Saving at a/skeb/Egyptnoneko25-be8bc8.json
2026-09-18 05:39:44 | INFO     | OK https://skeb.jp/api/users/mimo_mura
2026-09-18 05:39:44 | INFO     | Saving at a/skeb/mimo_mura-ae22df.json
2026-09-18 05:39:45 | INFO     | OK https://skeb.jp/api/users/gooonsukeee
2026-09-18 05:39:45 | INFO     | Saving at a/skeb/gooonsukeee-67648a.json
2026-09-18 05:39:47 | INFO     | OK https://skeb.jp/api/users/Maruino_kikaku
2026-09-18 05:39:47 | INFO     | Saving at a/skeb/Maruino_kikaku-c30afc.json
2026-09-18 05:39:48 | INFO     | OK https://skeb.jp/api/users/mi06977435
2026-09-18 05:39:48 | INFO     | Saving at a/skeb/mi06977435-c32467.json
2026-09-18 05:39:49 | INFO     | OK https://skeb.jp/api/users/Toksa_K
2026-09-18 05:39:49 | INFO     | Saving at a/skeb/Toksa_K-7c422c.json
2026-09-18 05:39:49 | INFO     | OK https://skeb.jp/api/users/leny_oekaki
2026-09-18 05:39:49 | INFO     | Saving at a/skeb/leny_oekaki-61dcd5.json
2026-09-18 05:39:50 | INFO     | OK https://skeb.jp/api/users/828yatuha
2026-09-18 05:39:50 | INFO     | Saving at a/skeb/828yatuha-a24257.json
2026-09-18 05:39:51 | INFO     | OK https://skeb.jp/api/users/3l_n8b1g1_z
2026-09-18 05:39:51 | INFO     | Saving at a/skeb/3l_n8b1g1_z-cba316.json
2026-09-18 05:39:53 | INFO     | OK https://skeb.jp/api/users/sa9karis
2026-09-18 05:39:53 | INFO     | Saving at a/skeb/sa9karis-c32fdc.json
2026-09-18 05:39:54 | INFO     | OK https://skeb.jp/api/users/kurotora03
2026-09-18 05:39:54 | INFO     | Saving at a/skeb/kurotora03-9a3d39.json
2026-09-18 05:39:55 | INFO     | OK https://skeb.jp/api/users/Katatsuki_S
2026-09-18 05:39:55 | INFO     | Saving at a/skeb/Katatsuki_S-47b8b1.json
2026-09-18 05:39:56 | INFO     | OK https://skeb.jp/api/users/ame_kanehira
2026-09-18 05:39:56 | INFO     | Saving at a/skeb/ame_kanehira-18b26c.json
2026-09-18 05:39:56 | INFO     | OK https://skeb.jp/api/users/mkmk1080
2026-09-18 05:39:56 | INFO     | Saving at a/skeb/mkmk1080-07714b.json
2026-09-18 05:39:57 | INFO     | OK https://skeb.jp/api/users/_15pnt
2026-09-18 05:39:57 | INFO     | Saving at a/skeb/_15pnt-04405c.json
2026-09-18 05:39:59 | INFO     | OK https://skeb.jp/api/users/rugetsupepo
2026-09-18 05:39:59 | INFO     | Saving at a/skeb/rugetsupepo-1ed9df.json
2026-09-18 05:39:59 | INFO     | OK https://skeb.jp/api/users/housek_koko0955
2026-09-18 05:39:59 | INFO     | Saving at a/skeb/housek_koko0955-b9ecdf.json
2026-09-18 05:40:01 | WARNING  | 404 on https://skeb.jp/api/users/RISU_ura (attempt 3/3)
2026-09-18 05:40:01 | INFO     | Saving at a/skeb/RISU_ura-fb1757.json
2026-09-18 05:40:01 | INFO     | OK https://skeb.jp/api/users/biwataberu1202
2026-09-18 05:40:02 | INFO     | Saving at a/skeb/biwataberu1202-106688.json
2026-09-18 05:40:02 | INFO     | OK https://skeb.jp/api/users/hnohanz122
2026-09-18 05:40:02 | INFO     | Saving at a/skeb/hnohanz122-2216ae.json
2026-09-18 05:40:03 | INFO     | OK https://skeb.jp/api/users/sabamiso7
2026-09-18 05:40:03 | INFO     | Saving at a/skeb/sabamiso7-8c6e2e.json
2026-09-18 05:40:05 | INFO     | OK https://skeb.jp/api/users/urotori
2026-09-18 05:40:05 | INFO     | Saving at a/skeb/urotori-5f46e9.json
2026-09-18 05:40:05 | WARNING  | 404 on https://skeb.jp/api/users/s1zu9_nagino (attempt 1/3)
2026-09-18 05:40:07 | INFO     | OK https://skeb.jp/api/users/voiro_nakatomi
2026-09-18 05:40:07 | INFO     | Saving at a/skeb/voiro_nakatomi-880baa.json
2026-09-18 05:40:08 | INFO     | OK https://skeb.jp/api/users/Ehoooo_Mangan
2026-09-18 05:40:08 | INFO     | Saving at a/skeb/Ehoooo_Mangan-b38ac9.json
2026-09-18 05:40:09 | INFO     | OK https://skeb.jp/api/users/YATSU1186081
2026-09-18 05:40:09 | INFO     | Saving at a/skeb/YATSU1186081-18d0f0.json
2026-09-18 05:40:09 | INFO     | OK https://skeb.jp/api/users/spk_0115
2026-09-18 05:40:09 | INFO     | Saving at a/skeb/spk_0115-6228ab.json
2026-09-18 05:40:11 | INFO     | OK https://skeb.jp/api/users/kazutarou_0716
2026-09-18 05:40:11 | INFO     | Saving at a/skeb/kazutarou_0716-823641.json
2026-09-18 05:40:11 | INFO     | OK https://skeb.jp/api/users/Kyarako_0220
2026-09-18 05:40:11 | INFO     | Saving at a/skeb/Kyarako_0220-228fbf.json
2026-09-18 05:40:13 | INFO     | OK https://skeb.jp/api/users/to_x_shi
2026-09-18 05:40:13 | INFO     | Saving at a/skeb/to_x_shi-22a9c8.json
2026-09-18 05:40:13 | INFO     | OK https://skeb.jp/api/users/yakiimo1013
2026-09-18 05:40:13 | INFO     | Saving at a/skeb/yakiimo1013-290a47.json
2026-09-18 05:40:15 | INFO     | OK https://skeb.jp/api/users/frrlaz
2026-09-18 05:40:15 | INFO     | Saving at a/skeb/frrlaz-c77d53.json
2026-09-18 05:40:16 | WARNING  | 404 on https://skeb.jp/api/users/s1zu9_nagino (attempt 2/3)
2026-09-18 05:40:16 | INFO     | OK https://skeb.jp/api/users/aki_in_love
2026-09-18 05:40:16 | INFO     | Saving at a/skeb/aki_in_love-ae3f25.json
2026-09-18 05:40:17 | WARNING  | 404 on https://skeb.jp/api/users/RitoAyasaki (attempt 1/3)
2026-09-18 05:40:18 | INFO     | OK https://skeb.jp/api/users/tq_amatou
2026-09-18 05:40:18 | INFO     | Saving at a/skeb/tq_amatou-afd668.json
2026-09-18 05:40:19 | INFO     | OK https://skeb.jp/api/users/samefuku_kn
2026-09-18 05:40:19 | INFO     | Saving at a/skeb/samefuku_kn-4f7b41.json
2026-09-18 05:40:20 | WARNING  | 404 on https://skeb.jp/api/users/RitoAyasaki (attempt 2/3)
2026-09-18 05:40:22 | INFO     | OK https://skeb.jp/api/users/02mero_
2026-09-18 05:40:22 | INFO     | Saving at a/skeb/02mero_-ac509d.json
2026-09-18 05:40:23 | INFO     | OK https://skeb.jp/api/users/3295nekoGhoti
2026-09-18 05:40:23 | INFO     | Saving at a/skeb/3295nekoGhoti-c6de5d.json
2026-09-18 05:40:24 | INFO     | OK https://skeb.jp/api/users/mattyaaisu_0116
2026-09-18 05:40:24 | INFO     | Saving at a/skeb/mattyaaisu_0116-07f883.json
2026-09-18 05:40:25 | WARNING  | 404 on https://skeb.jp/api/users/s1zu9_nagino (attempt 3/3)
2026-09-18 05:40:26 | INFO     | OK https://skeb.jp/api/users/huku0255
2026-09-18 05:40:26 | INFO     | Saving at a/skeb/huku0255-df0446.json
2026-09-18 05:40:27 | INFO     | OK https://skeb.jp/api/users/eruiti
2026-09-18 05:40:27 | INFO     | Saving at a/skeb/eruiti-a37e78.json
2026-09-18 05:40:27 | INFO     | OK https://skeb.jp/api/users/moromoro02_
2026-09-18 05:40:27 | INFO     | Saving at a/skeb/moromoro02_-9dd7a4.json
2026-09-18 05:40:29 | INFO     | OK https://skeb.jp/api/users/illust_puff
2026-09-18 05:40:29 | INFO     | Saving at a/skeb/illust_puff-432fc9.json
2026-09-18 05:40:30 | INFO     | OK https://skeb.jp/api/users/misimakaku
2026-09-18 05:40:30 | INFO     | Saving at a/skeb/misimakaku-d5ff05.json
2026-09-18 05:40:31 | INFO     | OK https://skeb.jp/api/users/natuyuzu
2026-09-18 05:40:31 | INFO     | Saving at a/skeb/natuyuzu-9abac4.json
2026-09-18 05:40:31 | INFO     | OK https://skeb.jp/api/users/Karasumaichiu
2026-09-18 05:40:31 | INFO     | Saving at a/skeb/Karasumaichiu-7662ef.json
2026-09-18 05:40:32 | INFO     | OK https://skeb.jp/api/users/C6teu
2026-09-18 05:40:32 | INFO     | Saving at a/skeb/C6teu-0064c8.json
2026-09-18 05:40:34 | INFO     | OK https://skeb.jp/api/users/uDunO0CKPpYI5uR
2026-09-18 05:40:34 | INFO     | Saving at a/skeb/uDunO0CKPpYI5uR-e80ba4.json
2026-09-18 05:40:35 | INFO     | OK https://skeb.jp/api/users/z0w07
2026-09-18 05:40:35 | INFO     | Saving at a/skeb/z0w07-348f63.json
2026-09-18 05:40:36 | INFO     | OK https://skeb.jp/api/users/amuka_sun
2026-09-18 05:40:36 | INFO     | Saving at a/skeb/amuka_sun-d98424.json
2026-09-18 05:40:37 | INFO     | OK https://skeb.jp/api/users/Yu_Arami
2026-09-18 05:40:37 | INFO     | Saving at a/skeb/Yu_Arami-976b76.json
2026-09-18 05:40:37 | INFO     | OK https://skeb.jp/api/users/ikasyuumai
2026-09-18 05:40:37 | INFO     | Saving at a/skeb/ikasyuumai-7955dd.json
2026-09-18 05:40:38 | WARNING  | 404 on https://skeb.jp/api/users/RitoAyasaki (attempt 3/3)
2026-09-18 05:40:40 | INFO     | OK https://skeb.jp/api/users/chapeau_skeb
2026-09-18 05:40:40 | INFO     | Saving at a/skeb/chapeau_skeb-91f036.json
2026-09-18 05:40:41 | INFO     | OK https://skeb.jp/api/users/nanami_marron
2026-09-18 05:40:41 | INFO     | Saving at a/skeb/nanami_marron-cedcf3.json
2026-09-18 05:40:42 | INFO     | OK https://skeb.jp/api/users/katabi_00
2026-09-18 05:40:42 | INFO     | Saving at a/skeb/katabi_00-312a21.json
2026-09-18 05:40:43 | INFO     | OK https://skeb.jp/api/users/a01_0201
2026-09-18 05:40:43 | INFO     | Saving at a/skeb/a01_0201-71e17a.json
2026-09-18 05:40:44 | INFO     | OK https://skeb.jp/api/users/22yk222
2026-09-18 05:40:44 | INFO     | Saving at a/skeb/22yk222-f4b945.json
2026-09-18 05:40:45 | INFO     | OK https://skeb.jp/api/users/100_ore
2026-09-18 05:40:45 | INFO     | Saving at a/skeb/100_ore-59179d.json
2026-09-18 05:40:46 | INFO     | OK https://skeb.jp/api/users/akira_gurimaru
2026-09-18 05:40:46 | INFO     | Saving at a/skeb/akira_gurimaru-3992b5.json
2026-09-18 05:40:47 | INFO     | OK https://skeb.jp/api/users/pizaneko0
2026-09-18 05:40:47 | INFO     | Saving at a/skeb/pizaneko0-dc139d.json
2026-09-18 05:40:48 | INFO     | OK https://skeb.jp/api/users/gokigenn_happy
2026-09-18 05:40:48 | INFO     | Saving at a/skeb/gokigenn_happy-1cfc36.json
2026-09-18 05:40:49 | INFO     | OK https://skeb.jp/api/users/tekidonitekito1
2026-09-18 05:40:49 | INFO     | Saving at a/skeb/tekidonitekito1-837b95.json
2026-09-18 05:40:50 | INFO     | OK https://skeb.jp/api/users/Card7Card
2026-09-18 05:40:50 | INFO     | Saving at a/skeb/Card7Card-4ff671.json
2026-09-18 05:40:51 | INFO     | OK https://skeb.jp/api/users/kizunq_
2026-09-18 05:40:51 | INFO     | Saving at a/skeb/kizunq_-676df0.json
2026-09-18 05:40:51 | INFO     | OK https://skeb.jp/api/users/Pog10Dong
2026-09-18 05:40:52 | INFO     | Saving at a/skeb/Pog10Dong-623b37.json
2026-09-18 05:40:53 | INFO     | OK https://skeb.jp/api/users/soui__manshin
2026-09-18 05:40:53 | INFO     | Saving at a/skeb/soui__manshin-3ac746.json
2026-09-18 05:40:54 | INFO     | OK https://skeb.jp/api/users/mariheeiho
2026-09-18 05:40:54 | INFO     | Saving at a/skeb/mariheeiho-311310.json
2026-09-18 05:40:55 | INFO     | OK https://skeb.jp/api/users/romix69
2026-09-18 05:40:55 | INFO     | Saving at a/skeb/romix69-8a7893.json
2026-09-18 05:40:56 | INFO     | OK https://skeb.jp/api/users/nekomiya__o0
2026-09-18 05:40:56 | INFO     | Saving at a/skeb/nekomiya__o0-4c04f1.json
2026-09-18 05:40:57 | INFO     | OK https://skeb.jp/api/users/______n___7
2026-09-18 05:40:57 | INFO     | Saving at a/skeb/______n___7-5e5536.json
2026-09-18 05:40:58 | INFO     | OK https://skeb.jp/api/users/Syunmin_n000
2026-09-18 05:40:58 | INFO     | Saving at a/skeb/Syunmin_n000-96acc4.json
2026-09-18 05:40:59 | INFO     | OK https://skeb.jp/api/users/kijo_nae_illust
2026-09-18 05:40:59 | INFO     | Saving at a/skeb/kijo_nae_illust-983060.json
2026-09-18 05:41:00 | INFO     | OK https://skeb.jp/api/users/rutile_720
2026-09-18 05:41:00 | INFO     | Saving at a/skeb/rutile_720-0ea54c.json
2026-09-18 05:41:01 | INFO     | OK https://skeb.jp/api/users/5IDA8ngceH
2026-09-18 05:41:01 | INFO     | Saving at a/skeb/5IDA8ngceH-7dffd1.json
2026-09-18 05:41:02 | INFO     | OK https://skeb.jp/api/users/ln_mew
2026-09-18 05:41:02 | INFO     | Saving at a/skeb/ln_mew-46c46a.json
2026-09-18 05:41:02 | INFO     | OK https://skeb.jp/api/users/___uo_
2026-09-18 05:41:03 | INFO     | Saving at a/skeb/___uo_-45d879.json
2026-09-18 05:41:04 | INFO     | OK https://skeb.jp/api/users/kahi9317
2026-09-18 05:41:04 | INFO     | Saving at a/skeb/kahi9317-229f5f.json
2026-09-18 05:41:05 | INFO     | OK https://skeb.jp/api/users/hanbechangV
2026-09-18 05:41:05 | INFO     | Saving at a/skeb/hanbechangV-4f50a9.json
2026-09-18 05:41:06 | INFO     | OK https://skeb.jp/api/users/shumai0327140
2026-09-18 05:41:06 | INFO     | Saving at a/skeb/shumai0327140-a5d795.json
2026-09-18 05:41:07 | INFO     | OK https://skeb.jp/api/users/N4nashi_S4saki
2026-09-18 05:41:07 | INFO     | Saving at a/skeb/N4nashi_S4saki-c1c9f3.json
2026-09-18 05:41:08 | INFO     | OK https://skeb.jp/api/users/koguma_0310
2026-09-18 05:41:08 | INFO     | Saving at a/skeb/koguma_0310-75e680.json
2026-09-18 05:41:09 | INFO     | OK https://skeb.jp/api/users/takashisan11459
2026-09-18 05:41:09 | INFO     | Saving at a/skeb/takashisan11459-3fddcd.json
2026-09-18 05:41:10 | INFO     | OK https://skeb.jp/api/users/gura_1017
2026-09-18 05:41:10 | INFO     | Saving at a/skeb/gura_1017-2ff6dd.json
2026-09-18 05:41:11 | INFO     | OK https://skeb.jp/api/users/mfmftorisan
2026-09-18 05:41:11 | INFO     | Saving at a/skeb/mfmftorisan-e2df32.json
2026-09-18 05:41:12 | INFO     | OK https://skeb.jp/api/users/prsk_nene
2026-09-18 05:41:12 | INFO     | Saving at a/skeb/prsk_nene-8191f7.json
2026-09-18 05:41:13 | INFO     | OK https://skeb.jp/api/users/scavia10
2026-09-18 05:41:13 | INFO     | Saving at a/skeb/scavia10-8acb11.json
2026-09-18 05:41:14 | INFO     | OK https://skeb.jp/api/users/momoyama0212
2026-09-18 05:41:14 | INFO     | Saving at a/skeb/momoyama0212-338cf2.json
2026-09-18 05:41:15 | INFO     | OK https://skeb.jp/api/users/Wagu_Neru
2026-09-18 05:41:15 | INFO     | Saving at a/skeb/Wagu_Neru-61e27c.json
2026-09-18 05:41:16 | INFO     | OK https://skeb.jp/api/users/END_Anon
2026-09-18 05:41:16 | INFO     | Saving at a/skeb/END_Anon-87f93e.json
2026-09-18 05:41:17 | INFO     | OK https://skeb.jp/api/users/karakara_kr
2026-09-18 05:41:17 | INFO     | Saving at a/skeb/karakara_kr-0dd8df.json
2026-09-18 05:41:18 | INFO     | OK https://skeb.jp/api/users/mugi_t
2026-09-18 05:41:18 | INFO     | Saving at a/skeb/mugi_t-da21b7.json
2026-09-18 05:41:19 | WARNING  | 404 on https://skeb.jp/api/users/Chloe_SSR (attempt 1/3)
2026-09-18 05:41:20 | INFO     | OK https://skeb.jp/api/users/hata4564
2026-09-18 05:41:20 | INFO     | Saving at a/skeb/hata4564-c58522.json
2026-09-18 05:41:21 | INFO     | OK https://skeb.jp/api/users/imakisyoji
2026-09-18 05:41:21 | INFO     | Saving at a/skeb/imakisyoji-acfb98.json
2026-09-18 05:41:21 | WARNING  | 404 on https://skeb.jp/api/users/Chloe_SSR (attempt 2/3)
2026-09-18 05:41:23 | WARNING  | 404 on https://skeb.jp/api/users/yahoo (attempt 1/3)
2026-09-18 05:41:24 | INFO     | OK https://skeb.jp/api/users/trpg_nue
2026-09-18 05:41:24 | INFO     | Saving at a/skeb/trpg_nue-9228c9.json
2026-09-18 05:41:25 | INFO     | OK https://skeb.jp/api/users/ichiringo05
2026-09-18 05:41:25 | INFO     | Saving at a/skeb/ichiringo05-ca99b2.json
2026-09-18 05:41:26 | INFO     | OK https://skeb.jp/api/users/pira6018
2026-09-18 05:41:26 | INFO     | Saving at a/skeb/pira6018-b55f40.json
2026-09-18 05:41:27 | WARNING  | 404 on https://skeb.jp/api/users/Chloe_SSR (attempt 3/3)
2026-09-18 05:41:28 | INFO     | OK https://skeb.jp/api/users/Ayamezaki0430
2026-09-18 05:41:28 | INFO     | Saving at a/skeb/Ayamezaki0430-c124ec.json
2026-09-18 05:41:29 | INFO     | OK https://skeb.jp/api/users/gu_16reji
2026-09-18 05:41:29 | INFO     | Saving at a/skeb/gu_16reji-b0470b.json
2026-09-18 05:41:30 | INFO     | OK https://skeb.jp/api/users/ratemodoki
2026-09-18 05:41:30 | INFO     | Saving at a/skeb/ratemodoki-9835ec.json
2026-09-18 05:41:31 | INFO     | OK https://skeb.jp/api/users/min1566910
2026-09-18 05:41:31 | INFO     | Saving at a/skeb/min1566910-9730d5.json
2026-09-18 05:41:32 | INFO     | OK https://skeb.jp/api/users/hechimabushi
2026-09-18 05:41:32 | INFO     | Saving at a/skeb/hechimabushi-7bc983.json
2026-09-18 05:41:33 | INFO     | OK https://skeb.jp/api/users/yugonm222
2026-09-18 05:41:33 | INFO     | Saving at a/skeb/yugonm222-6bb604.json
2026-09-18 05:41:34 | WARNING  | 404 on https://skeb.jp/api/users/yahoo (attempt 2/3)
2026-09-18 05:41:35 | INFO     | OK https://skeb.jp/api/users/Cv9Lz
2026-09-18 05:41:35 | INFO     | Saving at a/skeb/Cv9Lz-11d5ef.json
2026-09-18 05:41:36 | INFO     | OK https://skeb.jp/api/users/wanikanako
2026-09-18 05:41:36 | INFO     | Saving at a/skeb/wanikanako-5d3ddc.json
2026-09-18 05:41:37 | INFO     | OK https://skeb.jp/api/users/NaNaLen222
2026-09-18 05:41:37 | INFO     | Saving at a/skeb/NaNaLen222-baa87f.json
2026-09-18 05:41:38 | INFO     | OK https://skeb.jp/api/users/ElegomosuX
2026-09-18 05:41:38 | INFO     | Saving at a/skeb/ElegomosuX-e968d7.json
2026-09-18 05:41:39 | INFO     | OK https://skeb.jp/api/users/_honyara
2026-09-18 05:41:39 | INFO     | Saving at a/skeb/_honyara-558bed.json
2026-09-18 05:41:40 | INFO     | OK https://skeb.jp/api/users/exdeath00
2026-09-18 05:41:40 | INFO     | Saving at a/skeb/exdeath00-2562aa.json
2026-09-18 05:41:41 | INFO     | OK https://skeb.jp/api/users/yuugiri__hy
2026-09-18 05:41:41 | INFO     | Saving at a/skeb/yuugiri__hy-61d323.json
2026-09-18 05:41:42 | INFO     | OK https://skeb.jp/api/users/1dnima1
2026-09-18 05:41:42 | INFO     | Saving at a/skeb/1dnima1-ad1267.json
2026-09-18 05:41:43 | INFO     | OK https://skeb.jp/api/users/mon_ster_s
2026-09-18 05:41:43 | INFO     | Saving at a/skeb/mon_ster_s-ccca71.json
2026-09-18 05:41:44 | INFO     | OK https://skeb.jp/api/users/ois_72mkn
2026-09-18 05:41:44 | INFO     | Saving at a/skeb/ois_72mkn-d0a397.json
2026-09-18 05:41:45 | INFO     | OK https://skeb.jp/api/users/setoTinami
2026-09-18 05:41:45 | INFO     | Saving at a/skeb/setoTinami-66ba3d.json
2026-09-18 05:41:46 | INFO     | OK https://skeb.jp/api/users/18796q
2026-09-18 05:41:46 | INFO     | Saving at a/skeb/18796q-195c19.json
2026-09-18 05:41:47 | INFO     | OK https://skeb.jp/api/users/mashiroka
2026-09-18 05:41:47 | INFO     | Saving at a/skeb/mashiroka-16441d.json
2026-09-18 05:41:48 | INFO     | OK https://skeb.jp/api/users/omochimo300
2026-09-18 05:41:48 | INFO     | Saving at a/skeb/omochimo300-a2652d.json
2026-09-18 05:41:49 | INFO     | OK https://skeb.jp/api/users/inu_ok6
2026-09-18 05:41:49 | INFO     | Saving at a/skeb/inu_ok6-a1c274.json
2026-09-18 05:41:50 | INFO     | OK https://skeb.jp/api/users/futa_yuri_ryona
2026-09-18 05:41:50 | INFO     | Saving at a/skeb/futa_yuri_ryona-f87d76.json
2026-09-18 05:41:51 | INFO     | OK https://skeb.jp/api/users/kodomero_x
2026-09-18 05:41:51 | INFO     | Saving at a/skeb/kodomero_x-6632af.json
2026-09-18 05:41:52 | INFO     | OK https://skeb.jp/api/users/yoi_sizuku
2026-09-18 05:41:52 | INFO     | Saving at a/skeb/yoi_sizuku-9f5b7a.json
2026-09-18 05:41:53 | INFO     | OK https://skeb.jp/api/users/yue_et
2026-09-18 05:41:53 | INFO     | Saving at a/skeb/yue_et-cfb2cd.json
2026-09-18 05:41:54 | INFO     | OK https://skeb.jp/api/users/3eda
2026-09-18 05:41:54 | INFO     | Saving at a/skeb/3eda-2f9d84.json
2026-09-18 05:41:55 | INFO     | OK https://skeb.jp/api/users/_ickw_
2026-09-18 05:41:55 | INFO     | Saving at a/skeb/_ickw_-b34008.json
2026-09-18 05:41:56 | INFO     | OK https://skeb.jp/api/users/noir2more
2026-09-18 05:41:56 | INFO     | Saving at a/skeb/noir2more-204470.json
2026-09-18 05:41:57 | INFO     | OK https://skeb.jp/api/users/TR_00_TR
2026-09-18 05:41:57 | INFO     | Saving at a/skeb/TR_00_TR-d79754.json
2026-09-18 05:41:58 | INFO     | OK https://skeb.jp/api/users/anohito_x
2026-09-18 05:41:58 | INFO     | Saving at a/skeb/anohito_x-be1513.json
2026-09-18 05:41:59 | INFO     | OK https://skeb.jp/api/users/EcqYxqYqtU76782
2026-09-18 05:41:59 | INFO     | Saving at a/skeb/EcqYxqYqtU76782-d06345.json
2026-09-18 05:42:00 | INFO     | OK https://skeb.jp/api/users/nnntgbt2434
2026-09-18 05:42:00 | INFO     | Saving at a/skeb/nnntgbt2434-07b173.json
2026-09-18 05:42:01 | INFO     | OK https://skeb.jp/api/users/sn122r
2026-09-18 05:42:01 | INFO     | Saving at a/skeb/sn122r-54ba69.json
2026-09-18 05:42:02 | INFO     | OK https://skeb.jp/api/users/ryoseiperiodo
2026-09-18 05:42:02 | INFO     | Saving at a/skeb/ryoseiperiodo-a577e6.json
2026-09-18 05:42:03 | INFO     | OK https://skeb.jp/api/users/777Nekoya
2026-09-18 05:42:03 | INFO     | Saving at a/skeb/777Nekoya-202ac1.json
2026-09-18 05:42:04 | INFO     | OK https://skeb.jp/api/users/chirin_icecream
2026-09-18 05:42:04 | INFO     | Saving at a/skeb/chirin_icecream-c0a5bf.json
2026-09-18 05:42:05 | INFO     | OK https://skeb.jp/api/users/saraki1119
2026-09-18 05:42:05 | INFO     | Saving at a/skeb/saraki1119-3beabe.json
2026-09-18 05:42:06 | INFO     | OK https://skeb.jp/api/users/shiiba_yaya
2026-09-18 05:42:06 | INFO     | Saving at a/skeb/shiiba_yaya-024048.json
2026-09-18 05:42:07 | INFO     | OK https://skeb.jp/api/users/QuvgZNaJcNe0Fal
2026-09-18 05:42:07 | INFO     | Saving at a/skeb/QuvgZNaJcNe0Fal-6c7539.json
2026-09-18 05:42:08 | INFO     | OK https://skeb.jp/api/users/KasumiKujira
2026-09-18 05:42:08 | INFO     | Saving at a/skeb/KasumiKujira-8d2707.json
2026-09-18 05:42:09 | INFO     | OK https://skeb.jp/api/users/neginekomiso
2026-09-18 05:42:09 | INFO     | Saving at a/skeb/neginekomiso-7fe63a.json
2026-09-18 05:42:10 | INFO     | OK https://skeb.jp/api/users/reddsk3
2026-09-18 05:42:10 | INFO     | Saving at a/skeb/reddsk3-52a3b7.json
2026-09-18 05:42:11 | INFO     | OK https://skeb.jp/api/users/TAOYURA
2026-09-18 05:42:11 | INFO     | Saving at a/skeb/TAOYURA-7a3422.json
2026-09-18 05:42:12 | INFO     | OK https://skeb.jp/api/users/yanagi_lila0708
2026-09-18 05:42:12 | INFO     | Saving at a/skeb/yanagi_lila0708-047804.json
2026-09-18 05:42:13 | INFO     | OK https://skeb.jp/api/users/Zalbatorz
2026-09-18 05:42:13 | INFO     | Saving at a/skeb/Zalbatorz-58be3c.json
2026-09-18 05:42:14 | INFO     | OK https://skeb.jp/api/users/samaero
2026-09-18 05:42:14 | INFO     | Saving at a/skeb/samaero-dfd4e6.json
2026-09-18 05:42:15 | INFO     | OK https://skeb.jp/api/users/ainex_x14
2026-09-18 05:42:15 | INFO     | Saving at a/skeb/ainex_x14-e1d45c.json
2026-09-18 05:42:16 | INFO     | OK https://skeb.jp/api/users/pix_tobira
2026-09-18 05:42:16 | INFO     | Saving at a/skeb/pix_tobira-5f9f32.json
2026-09-18 05:42:17 | INFO     | OK https://skeb.jp/api/users/tani_cy
2026-09-18 05:42:17 | INFO     | Saving at a/skeb/tani_cy-573529.json
2026-09-18 05:42:18 | INFO     | OK https://skeb.jp/api/users/_Aohoshi_
2026-09-18 05:42:18 | INFO     | Saving at a/skeb/_Aohoshi_-487281.json
2026-09-18 05:42:19 | INFO     | OK https://skeb.jp/api/users/sasa_nooooo
2026-09-18 05:42:19 | INFO     | Saving at a/skeb/sasa_nooooo-8f1f25.json
2026-09-18 05:42:20 | INFO     | OK https://skeb.jp/api/users/h_816
2026-09-18 05:42:20 | INFO     | Saving at a/skeb/h_816-7e53fb.json
2026-09-18 05:42:21 | INFO     | OK https://skeb.jp/api/users/kirei_numa
2026-09-18 05:42:21 | INFO     | Saving at a/skeb/kirei_numa-ba15ea.json
2026-09-18 05:42:22 | INFO     | OK https://skeb.jp/api/users/garasunokun2
2026-09-18 05:42:22 | INFO     | Saving at a/skeb/garasunokun2-83bb5b.json
2026-09-18 05:42:23 | INFO     | OK https://skeb.jp/api/users/maguro_gyozyou
2026-09-18 05:42:23 | INFO     | Saving at a/skeb/maguro_gyozyou-d40287.json
2026-09-18 05:42:24 | INFO     | OK https://skeb.jp/api/users/Hiyari_ICE
2026-09-18 05:42:24 | INFO     | Saving at a/skeb/Hiyari_ICE-6a1466.json
2026-09-18 05:42:25 | INFO     | OK https://skeb.jp/api/users/Xw0_moGi_
2026-09-18 05:42:25 | INFO     | Saving at a/skeb/Xw0_moGi_-4dc08a.json
2026-09-18 05:42:26 | INFO     | OK https://skeb.jp/api/users/nyan_miyaya
2026-09-18 05:42:26 | INFO     | Saving at a/skeb/nyan_miyaya-dbc5ff.json
2026-09-18 05:42:27 | WARNING  | 404 on https://skeb.jp/api/users/yahoo (attempt 3/3)
2026-09-18 05:42:28 | INFO     | OK https://skeb.jp/api/users/camogaru
2026-09-18 05:42:28 | INFO     | Saving at a/skeb/camogaru-d5482e.json
2026-09-18 05:42:29 | INFO     | OK https://skeb.jp/api/users/bellmoonV2
2026-09-18 05:42:29 | INFO     | Saving at a/skeb/bellmoonV2-37f0cb.json
2026-09-18 05:42:30 | INFO     | OK https://skeb.jp/api/users/elysia2020
2026-09-18 05:42:30 | INFO     | Saving at a/skeb/elysia2020-9cfe49.json
2026-09-18 05:42:31 | INFO     | OK https://skeb.jp/api/users/nagonago_SS
2026-09-18 05:42:31 | INFO     | Saving at a/skeb/nagonago_SS-19aa68.json
2026-09-18 05:42:32 | INFO     | OK https://skeb.jp/api/users/yuyuco015
2026-09-18 05:42:32 | INFO     | Saving at a/skeb/yuyuco015-00ad90.json
2026-09-18 05:42:33 | INFO     | OK https://skeb.jp/api/users/Sut_msm
2026-09-18 05:42:33 | INFO     | Saving at a/skeb/Sut_msm-b95a74.json
2026-09-18 05:42:34 | INFO     | OK https://skeb.jp/api/users/engawa110
2026-09-18 05:42:34 | INFO     | Saving at a/skeb/engawa110-cbd13c.json
2026-09-18 05:42:35 | INFO     | OK https://skeb.jp/api/users/BinbinNasunasu
2026-09-18 05:42:35 | INFO     | Saving at a/skeb/BinbinNasunasu-d04a78.json
2026-09-18 05:42:36 | INFO     | OK https://skeb.jp/api/users/kaz_shamrock
2026-09-18 05:42:36 | INFO     | Saving at a/skeb/kaz_shamrock-822eac.json
2026-09-18 05:42:37 | INFO     | OK https://skeb.jp/api/users/cocoich
2026-09-18 05:42:37 | INFO     | Saving at a/skeb/cocoich-252470.json
2026-09-18 05:42:38 | INFO     | OK https://skeb.jp/api/users/Lunch_boxer_
2026-09-18 05:42:38 | INFO     | Saving at a/skeb/Lunch_boxer_-7ffb89.json
2026-09-18 05:42:39 | INFO     | OK https://skeb.jp/api/users/masoten00824
2026-09-18 05:42:39 | INFO     | Saving at a/skeb/masoten00824-5f4798.json
2026-09-18 05:42:40 | INFO     | OK https://skeb.jp/api/users/KntkOsm
2026-09-18 05:42:40 | INFO     | Saving at a/skeb/KntkOsm-849c89.json
2026-09-18 05:42:41 | INFO     | OK https://skeb.jp/api/users/Sera3196
2026-09-18 05:42:41 | INFO     | Saving at a/skeb/Sera3196-844e8e.json
2026-09-18 05:42:42 | INFO     | OK https://skeb.jp/api/users/admii_428
2026-09-18 05:42:42 | INFO     | Saving at a/skeb/admii_428-dd965f.json
2026-09-18 05:42:43 | INFO     | OK https://skeb.jp/api/users/SubarunoMinato
2026-09-18 05:42:43 | INFO     | Saving at a/skeb/SubarunoMinato-f7341b.json
2026-09-18 05:42:44 | INFO     | OK https://skeb.jp/api/users/Ritosmile25
2026-09-18 05:42:44 | INFO     | Saving at a/skeb/Ritosmile25-9af1ec.json
2026-09-18 05:42:45 | INFO     | OK https://skeb.jp/api/users/myouchinoouchi
2026-09-18 05:42:45 | INFO     | Saving at a/skeb/myouchinoouchi-4ce6fc.json
2026-09-18 05:42:46 | INFO     | OK https://skeb.jp/api/users/yuyu_y6
2026-09-18 05:42:46 | INFO     | Saving at a/skeb/yuyu_y6-11dc8c.json
2026-09-18 05:42:47 | INFO     | OK https://skeb.jp/api/users/tsubaki06vg
2026-09-18 05:42:47 | INFO     | Saving at a/skeb/tsubaki06vg-530b0b.json
2026-09-18 05:42:48 | INFO     | OK https://skeb.jp/api/users/44tanutanu
2026-09-18 05:42:48 | INFO     | Saving at a/skeb/44tanutanu-95bd5b.json
2026-09-18 05:42:49 | INFO     | OK https://skeb.jp/api/users/kayanagi02
2026-09-18 05:42:49 | INFO     | Saving at a/skeb/kayanagi02-3d456f.json
2026-09-18 05:42:50 | INFO     | OK https://skeb.jp/api/users/wcFTuBSzbj49655
2026-09-18 05:42:50 | INFO     | Saving at a/skeb/wcFTuBSzbj49655-d9aeda.json
2026-09-18 05:42:51 | INFO     | OK https://skeb.jp/api/users/mdxu
2026-09-18 05:42:51 | INFO     | Saving at a/skeb/mdxu-0ed20b.json
2026-09-18 05:42:52 | INFO     | OK https://skeb.jp/api/users/jc__ONIKU
2026-09-18 05:42:52 | INFO     | Saving at a/skeb/jc__ONIKU-e145e6.json
2026-09-18 05:42:53 | INFO     | OK https://skeb.jp/api/users/otogihanashi_o0
2026-09-18 05:42:53 | INFO     | Saving at a/skeb/otogihanashi_o0-044f84.json
2026-09-18 05:42:54 | INFO     | OK https://skeb.jp/api/users/ipaapoo2
2026-09-18 05:42:54 | INFO     | Saving at a/skeb/ipaapoo2-c84a3b.json
2026-09-18 05:42:55 | INFO     | OK https://skeb.jp/api/users/kuriki_yu
2026-09-18 05:42:55 | INFO     | Saving at a/skeb/kuriki_yu-f235d1.json
2026-09-18 05:42:56 | INFO     | OK https://skeb.jp/api/users/sutekine
2026-09-18 05:42:56 | INFO     | Saving at a/skeb/sutekine-f05379.json
2026-09-18 05:42:57 | INFO     | OK https://skeb.jp/api/users/helical_kimz
2026-09-18 05:42:57 | INFO     | Saving at a/skeb/helical_kimz-46307e.json
2026-09-18 05:42:58 | INFO     | OK https://skeb.jp/api/users/ran10295
2026-09-18 05:42:58 | INFO     | Saving at a/skeb/ran10295-f57f42.json
2026-09-18 05:42:59 | INFO     | OK https://skeb.jp/api/users/lime_first1
2026-09-18 05:42:59 | INFO     | Saving at a/skeb/lime_first1-a8526b.json
2026-09-18 05:43:00 | INFO     | OK https://skeb.jp/api/users/ouga_0505
2026-09-18 05:43:00 | INFO     | Saving at a/skeb/ouga_0505-f706c5.json
2026-09-18 05:43:01 | INFO     | OK https://skeb.jp/api/users/raiou_yuuki
2026-09-18 05:43:01 | INFO     | Saving at a/skeb/raiou_yuuki-d7ae92.json
2026-09-18 05:43:02 | INFO     | OK https://skeb.jp/api/users/modanahuro
2026-09-18 05:43:02 | INFO     | Saving at a/skeb/modanahuro-0884c2.json
2026-09-18 05:43:03 | INFO     | OK https://skeb.jp/api/users/shikumiro7
2026-09-18 05:43:03 | INFO     | Saving at a/skeb/shikumiro7-3c04c4.json
2026-09-18 05:43:04 | INFO     | OK https://skeb.jp/api/users/topiuwo
2026-09-18 05:43:04 | INFO     | Saving at a/skeb/topiuwo-c1bcd2.json
2026-09-18 05:43:05 | WARNING  | 404 on https://skeb.jp/api/users/momoshiro1108_ASMRCh (attempt 1/3)
2026-09-18 05:43:06 | INFO     | OK https://skeb.jp/api/users/minamoto_0303
2026-09-18 05:43:06 | INFO     | Saving at a/skeb/minamoto_0303-470804.json
2026-09-18 05:43:07 | INFO     | OK https://skeb.jp/api/users/u34253
2026-09-18 05:43:07 | INFO     | Saving at a/skeb/u34253-9ba8b1.json
2026-09-18 05:43:08 | INFO     | OK https://skeb.jp/api/users/sainarohh
2026-09-18 05:43:08 | INFO     | Saving at a/skeb/sainarohh-fce3e0.json
2026-09-18 05:43:09 | WARNING  | 404 on https://skeb.jp/api/users/momoshiro1108_ASMRCh (attempt 2/3)
2026-09-18 05:43:10 | INFO     | OK https://skeb.jp/api/users/simoooji
2026-09-18 05:43:10 | INFO     | Saving at a/skeb/simoooji-56c74c.json
2026-09-18 05:43:11 | INFO     | OK https://skeb.jp/api/users/asikoma777
2026-09-18 05:43:11 | INFO     | Saving at a/skeb/asikoma777-eaa01c.json
2026-09-18 05:43:12 | INFO     | OK https://skeb.jp/api/users/koiri514
2026-09-18 05:43:12 | INFO     | Saving at a/skeb/koiri514-16f3af.json
2026-09-18 05:43:13 | INFO     | OK https://skeb.jp/api/users/yuhi_san_oxo
2026-09-18 05:43:13 | INFO     | Saving at a/skeb/yuhi_san_oxo-829dad.json
2026-09-18 05:43:14 | INFO     | OK https://skeb.jp/api/users/nicomeeple
2026-09-18 05:43:14 | INFO     | Saving at a/skeb/nicomeeple-58db6c.json
2026-09-18 05:43:15 | INFO     | OK https://skeb.jp/api/users/ASUKA2k
2026-09-18 05:43:15 | INFO     | Saving at a/skeb/ASUKA2k-a84345.json
2026-09-18 05:43:16 | INFO     | OK https://skeb.jp/api/users/MoMoMo_0629
2026-09-18 05:43:16 | INFO     | Saving at a/skeb/MoMoMo_0629-320cc1.json
2026-09-18 05:43:17 | WARNING  | 404 on https://skeb.jp/api/users/momoshiro1108_ASMRCh (attempt 3/3)
2026-09-18 05:43:18 | WARNING  | 404 on https://skeb.jp/api/users/ting (attempt 1/3)
2026-09-18 05:43:19 | INFO     | OK https://skeb.jp/api/users/NE61__sub
2026-09-18 05:43:19 | INFO     | Saving at a/skeb/NE61__sub-63a7dc.json
2026-09-18 05:43:20 | INFO     | OK https://skeb.jp/api/users/momoemokoko
2026-09-18 05:43:20 | INFO     | Saving at a/skeb/momoemokoko-53f82d.json
2026-09-18 05:43:21 | INFO     | OK https://skeb.jp/api/users/togekyun
2026-09-18 05:43:21 | INFO     | Saving at a/skeb/togekyun-1d834a.json
2026-09-18 05:43:22 | INFO     | OK https://skeb.jp/api/users/kuroron966
2026-09-18 05:43:22 | INFO     | Saving at a/skeb/kuroron966-e65c76.json
2026-09-18 05:43:23 | INFO     | OK https://skeb.jp/api/users/haraki_1497
2026-09-18 05:43:23 | INFO     | Saving at a/skeb/haraki_1497-5a517b.json
2026-09-18 05:43:24 | INFO     | OK https://skeb.jp/api/users/_mgmg_k
2026-09-18 05:43:24 | INFO     | Saving at a/skeb/_mgmg_k-2aaf0f.json
2026-09-18 05:43:25 | INFO     | OK https://skeb.jp/api/users/yuki_hiehie
2026-09-18 05:43:25 | INFO     | Saving at a/skeb/yuki_hiehie-d48afe.json
2026-09-18 05:43:26 | INFO     | OK https://skeb.jp/api/users/8132_329
2026-09-18 05:43:26 | INFO     | Saving at a/skeb/8132_329-1d825e.json
2026-09-18 05:43:27 | INFO     | OK https://skeb.jp/api/users/rdml_chashi
2026-09-18 05:43:27 | INFO     | Saving at a/skeb/rdml_chashi-bd2f6c.json
2026-09-18 05:43:28 | WARNING  | 404 on https://skeb.jp/api/users/irasuto__7520 (attempt 1/3)
2026-09-18 05:43:29 | INFO     | OK https://skeb.jp/api/users/erukuron
2026-09-18 05:43:29 | INFO     | Saving at a/skeb/erukuron-f75c04.json
2026-09-18 05:43:30 | INFO     | OK https://skeb.jp/api/users/TsuNeNoBu_san39
2026-09-18 05:43:30 | INFO     | Saving at a/skeb/TsuNeNoBu_san39-15740d.json
2026-09-18 05:43:31 | WARNING  | 404 on https://skeb.jp/api/users/irasuto__7520 (attempt 2/3)
2026-09-18 05:43:32 | INFO     | OK https://skeb.jp/api/users/yuzu09skm
2026-09-18 05:43:32 | INFO     | Saving at a/skeb/yuzu09skm-5e3b6f.json
2026-09-18 05:43:33 | INFO     | OK https://skeb.jp/api/users/LAkugakiShiki
2026-09-18 05:43:33 | INFO     | Saving at a/skeb/LAkugakiShiki-a5638c.json
2026-09-18 05:43:34 | INFO     | OK https://skeb.jp/api/users/Tsuri_pi
2026-09-18 05:43:34 | INFO     | Saving at a/skeb/Tsuri_pi-faae25.json
2026-09-18 05:43:35 | INFO     | OK https://skeb.jp/api/users/96mokei
2026-09-18 05:43:35 | INFO     | Saving at a/skeb/96mokei-a2a497.json
2026-09-18 05:43:36 | INFO     | OK https://skeb.jp/api/users/nlnh40
2026-09-18 05:43:36 | INFO     | Saving at a/skeb/nlnh40-d70f01.json
2026-09-18 05:43:37 | INFO     | OK https://skeb.jp/api/users/Rem_suimin0606
2026-09-18 05:43:37 | INFO     | Saving at a/skeb/Rem_suimin0606-c301c2.json
2026-09-18 05:43:38 | INFO     | OK https://skeb.jp/api/users/fukumaru1021
2026-09-18 05:43:38 | INFO     | Saving at a/skeb/fukumaru1021-07eeea.json
2026-09-18 05:43:39 | INFO     | OK https://skeb.jp/api/users/amano__kohaku
2026-09-18 05:43:39 | INFO     | Saving at a/skeb/amano__kohaku-9538c8.json
2026-09-18 05:43:40 | INFO     | OK https://skeb.jp/api/users/miyako_miyo
2026-09-18 05:43:40 | INFO     | Saving at a/skeb/miyako_miyo-164293.json
2026-09-18 05:43:41 | WARNING  | 404 on https://skeb.jp/api/users/waka_awak_e (attempt 1/3)
2026-09-18 05:43:42 | INFO     | OK https://skeb.jp/api/users/Esusan
2026-09-18 05:43:42 | INFO     | Saving at a/skeb/Esusan-b88667.json
2026-09-18 05:43:43 | WARNING  | 404 on https://skeb.jp/api/users/ting (attempt 2/3)
2026-09-18 05:43:44 | INFO     | OK https://skeb.jp/api/users/sweets__land
2026-09-18 05:43:44 | INFO     | Saving at a/skeb/sweets__land-5470ce.json
2026-09-18 05:43:45 | INFO     | OK https://skeb.jp/api/users/hato4242
2026-09-18 05:43:45 | INFO     | Saving at a/skeb/hato4242-aa9e57.json
2026-09-18 05:43:46 | INFO     | OK https://skeb.jp/api/users/Toa_mizuki
2026-09-18 05:43:46 | INFO     | Saving at a/skeb/Toa_mizuki-13aa7b.json
2026-09-18 05:43:47 | WARNING  | 404 on https://skeb.jp/api/users/waka_awak_e (attempt 2/3)
2026-09-18 05:43:48 | INFO     | OK https://skeb.jp/api/users/K_2107G_2909
2026-09-18 05:43:48 | INFO     | Saving at a/skeb/K_2107G_2909-0288c5.json
2026-09-18 05:43:49 | INFO     | OK https://skeb.jp/api/users/sinosan0000
2026-09-18 05:43:49 | INFO     | Saving at a/skeb/sinosan0000-640399.json
2026-09-18 05:43:50 | INFO     | OK https://skeb.jp/api/users/Tsutomu_Konatsu
2026-09-18 05:43:50 | INFO     | Saving at a/skeb/Tsutomu_Konatsu-0b9e65.json
2026-09-18 05:43:51 | WARNING  | 404 on https://skeb.jp/api/users/ting (attempt 3/3)
2026-09-18 05:43:52 | INFO     | OK https://skeb.jp/api/users/Shin_skeb
2026-09-18 05:43:52 | INFO     | Saving at a/skeb/Shin_skeb-466568.json
2026-09-18 05:43:53 | INFO     | OK https://skeb.jp/api/users/ariga_000
2026-09-18 05:43:53 | INFO     | Saving at a/skeb/ariga_000-6b38c1.json
2026-09-18 05:43:54 | INFO     | OK https://skeb.jp/api/users/FuyuRi0421
2026-09-18 05:43:54 | INFO     | Saving at a/skeb/FuyuRi0421-540bc7.json
2026-09-18 05:43:55 | INFO     | OK https://skeb.jp/api/users/pupu_jirushi
2026-09-18 05:43:55 | INFO     | Saving at a/skeb/pupu_jirushi-112bac.json
2026-09-18 05:43:56 | INFO     | OK https://skeb.jp/api/users/aki
2026-09-18 05:43:56 | INFO     | Saving at a/skeb/aki-6fd394.json
2026-09-18 05:43:57 | INFO     | OK https://skeb.jp/api/users/mu_ge
2026-09-18 05:43:57 | INFO     | Saving at a/skeb/mu_ge-9c6e52.json
2026-09-18 05:43:58 | INFO     | OK https://skeb.jp/api/users/mhmk_game
2026-09-18 05:43:58 | INFO     | Saving at a/skeb/mhmk_game-195344.json
2026-09-18 05:43:59 | INFO     | OK https://skeb.jp/api/users/awo00
2026-09-18 05:43:59 | INFO     | Saving at a/skeb/awo00-d430fa.json
2026-09-18 05:44:00 | INFO     | OK https://skeb.jp/api/users/fb_vkg
2026-09-18 05:44:00 | INFO     | Saving at a/skeb/fb_vkg-230a4d.json
2026-09-18 05:44:01 | INFO     | OK https://skeb.jp/api/users/kurige_ha_iizo
2026-09-18 05:44:01 | INFO     | Saving at a/skeb/kurige_ha_iizo-e57d98.json
2026-09-18 05:44:02 | INFO     | OK https://skeb.jp/api/users/takadeen_GT
2026-09-18 05:44:02 | INFO     | Saving at a/skeb/takadeen_GT-9550a4.json
2026-09-18 05:44:03 | WARNING  | 404 on https://skeb.jp/api/users/waka_awak_e (attempt 3/3)
2026-09-18 05:44:04 | INFO     | OK https://skeb.jp/api/users/hitomimi_33
2026-09-18 05:44:04 | INFO     | Saving at a/skeb/hitomimi_33-e6fc7a.json
2026-09-18 05:44:05 | INFO     | OK https://skeb.jp/api/users/Bj_k_gm45z
2026-09-18 05:44:05 | INFO     | Saving at a/skeb/Bj_k_gm45z-ce5176.json
2026-09-18 05:44:06 | INFO     | OK https://skeb.jp/api/users/kumonon
2026-09-18 05:44:06 | INFO     | Saving at a/skeb/kumonon-7af21a.json
2026-09-18 05:44:07 | INFO     | OK https://skeb.jp/api/users/borusen
2026-09-18 05:44:07 | INFO     | Saving at a/skeb/borusen-ca7792.json
2026-09-18 05:44:08 | INFO     | OK https://skeb.jp/api/users/hunwari_panda
2026-09-18 05:44:08 | INFO     | Saving at a/skeb/hunwari_panda-55d0b2.json
2026-09-18 05:44:09 | INFO     | OK https://skeb.jp/api/users/Dat0ka__
2026-09-18 05:44:09 | INFO     | Saving at a/skeb/Dat0ka__-dc54be.json
2026-09-18 05:44:10 | INFO     | OK https://skeb.jp/api/users/kanaria_BCoMN
2026-09-18 05:44:10 | INFO     | Saving at a/skeb/kanaria_BCoMN-f93af0.json
2026-09-18 05:44:11 | INFO     | OK https://skeb.jp/api/users/enunomiya
2026-09-18 05:44:11 | INFO     | Saving at a/skeb/enunomiya-c21810.json
2026-09-18 05:44:12 | INFO     | OK https://skeb.jp/api/users/mcpc_zamurai
2026-09-18 05:44:12 | INFO     | Saving at a/skeb/mcpc_zamurai-3acfe0.json
2026-09-18 05:44:13 | INFO     | OK https://skeb.jp/api/users/chaduke_202
2026-09-18 05:44:13 | INFO     | Saving at a/skeb/chaduke_202-a16091.json
2026-09-18 05:44:14 | WARNING  | 404 on https://skeb.jp/api/users/irasuto__7520 (attempt 3/3)
2026-09-18 05:44:15 | INFO     | OK https://skeb.jp/api/users/jknt_i5280
2026-09-18 05:44:15 | INFO     | Saving at a/skeb/jknt_i5280-87878e.json
2026-09-18 05:44:16 | INFO     | OK https://skeb.jp/api/users/mugencats
2026-09-18 05:44:16 | INFO     | Saving at a/skeb/mugencats-af9574.json
2026-09-18 05:44:17 | INFO     | OK https://skeb.jp/api/users/tamako_omochi
2026-09-18 05:44:17 | INFO     | Saving at a/skeb/tamako_omochi-5a2c42.json
2026-09-18 05:44:18 | INFO     | OK https://skeb.jp/api/users/haku_xxxx
2026-09-18 05:44:18 | INFO     | Saving at a/skeb/haku_xxxx-5b7c9c.json
2026-09-18 05:44:19 | INFO     | OK https://skeb.jp/api/users/kumoru_145
2026-09-18 05:44:19 | INFO     | Saving at a/skeb/kumoru_145-5b45dc.json
2026-09-18 05:44:20 | INFO     | OK https://skeb.jp/api/users/OUBAI0159
2026-09-18 05:44:20 | INFO     | Saving at a/skeb/OUBAI0159-461e1b.json
2026-09-18 05:44:21 | INFO     | OK https://skeb.jp/api/users/tokumaro
2026-09-18 05:44:21 | INFO     | Saving at a/skeb/tokumaro-c382ab.json
2026-09-18 05:44:22 | INFO     | OK https://skeb.jp/api/users/gerigimi18
2026-09-18 05:44:22 | INFO     | Saving at a/skeb/gerigimi18-34e471.json
2026-09-18 05:44:23 | INFO     | OK https://skeb.jp/api/users/maruken_xx
2026-09-18 05:44:23 | INFO     | Saving at a/skeb/maruken_xx-c84309.json
2026-09-18 05:44:24 | INFO     | OK https://skeb.jp/api/users/gawasuki055
2026-09-18 05:44:24 | INFO     | Saving at a/skeb/gawasuki055-03ff55.json
2026-09-18 05:44:25 | INFO     | OK https://skeb.jp/api/users/nurunrume
2026-09-18 05:44:25 | INFO     | Saving at a/skeb/nurunrume-291fef.json
2026-09-18 05:44:26 | WARNING  | 404 on https://skeb.jp/api/users/creatures (attempt 1/3)
2026-09-18 05:44:27 | INFO     | OK https://skeb.jp/api/users/zzza1016
2026-09-18 05:44:27 | INFO     | Saving at a/skeb/zzza1016-9c32ed.json
2026-09-18 05:44:28 | INFO     | OK https://skeb.jp/api/users/hohohoho64
2026-09-18 05:44:28 | INFO     | Saving at a/skeb/hohohoho64-c7c536.json
2026-09-18 05:44:29 | INFO     | OK https://skeb.jp/api/users/wwwsupwww
2026-09-18 05:44:29 | INFO     | Saving at a/skeb/wwwsupwww-39c111.json
2026-09-18 05:44:30 | INFO     | OK https://skeb.jp/api/users/quuutani
2026-09-18 05:44:30 | INFO     | Saving at a/skeb/quuutani-9a89dd.json
2026-09-18 05:44:31 | INFO     | OK https://skeb.jp/api/users/rascal_2d
2026-09-18 05:44:31 | INFO     | Saving at a/skeb/rascal_2d-ecc0bc.json
2026-09-18 05:44:32 | INFO     | OK https://skeb.jp/api/users/matsukawa_tinu
2026-09-18 05:44:32 | INFO     | Saving at a/skeb/matsukawa_tinu-805ff1.json
2026-09-18 05:44:33 | INFO     | OK https://skeb.jp/api/users/cntnzm
2026-09-18 05:44:33 | INFO     | Saving at a/skeb/cntnzm-395418.json
2026-09-18 05:44:34 | INFO     | OK https://skeb.jp/api/users/KusatsuRain
2026-09-18 05:44:34 | INFO     | Saving at a/skeb/KusatsuRain-9a54c6.json
2026-09-18 05:44:35 | INFO     | OK https://skeb.jp/api/users/wrg4_
2026-09-18 05:44:35 | INFO     | Saving at a/skeb/wrg4_-9a29a2.json
2026-09-18 05:44:36 | INFO     | OK https://skeb.jp/api/users/01mogu05
2026-09-18 05:44:36 | INFO     | Saving at a/skeb/01mogu05-f342f7.json
2026-09-18 05:44:37 | WARNING  | 404 on https://skeb.jp/api/users/bucketbalbc (attempt 1/3)
2026-09-18 05:44:38 | INFO     | OK https://skeb.jp/api/users/7yrohq
2026-09-18 05:44:38 | INFO     | Saving at a/skeb/7yrohq-3e4389.json
2026-09-18 05:44:39 | WARNING  | 404 on https://skeb.jp/api/users/creatures (attempt 2/3)
2026-09-18 05:44:40 | INFO     | OK https://skeb.jp/api/users/nalune12
2026-09-18 05:44:40 | INFO     | Saving at a/skeb/nalune12-ff911f.json
2026-09-18 05:44:41 | INFO     | OK https://skeb.jp/api/users/BookshelfofIris
2026-09-18 05:44:41 | INFO     | Saving at a/skeb/BookshelfofIris-aae106.json
2026-09-18 05:44:42 | WARNING  | 404 on https://skeb.jp/api/users/bucketbalbc (attempt 2/3)
2026-09-18 05:44:43 | INFO     | OK https://skeb.jp/api/users/mol0123hu
2026-09-18 05:44:43 | INFO     | Saving at a/skeb/mol0123hu-0fe7c5.json
2026-09-18 05:44:44 | INFO     | OK https://skeb.jp/api/users/futarinoririsu
2026-09-18 05:44:44 | INFO     | Saving at a/skeb/futarinoririsu-6e4d3d.json
2026-09-18 05:44:45 | INFO     | OK https://skeb.jp/api/users/kisui_sinkailab
2026-09-18 05:44:45 | INFO     | Saving at a/skeb/kisui_sinkailab-9c5b3f.json
2026-09-18 05:44:46 | INFO     | OK https://skeb.jp/api/users/yorarry_k
2026-09-18 05:44:46 | INFO     | Saving at a/skeb/yorarry_k-0190d6.json
2026-09-18 05:44:47 | INFO     | OK https://skeb.jp/api/users/sharasohju
2026-09-18 05:44:47 | INFO     | Saving at a/skeb/sharasohju-c9a86c.json
2026-09-18 05:44:48 | INFO     | OK https://skeb.jp/api/users/kamoi3ka5
2026-09-18 05:44:48 | INFO     | Saving at a/skeb/kamoi3ka5-f38c71.json
2026-09-18 05:44:49 | INFO     | OK https://skeb.jp/api/users/AgohigeX
2026-09-18 05:44:49 | INFO     | Saving at a/skeb/AgohigeX-8731ff.json
2026-09-18 05:44:50 | INFO     | OK https://skeb.jp/api/users/1w1_y
2026-09-18 05:44:50 | INFO     | Saving at a/skeb/1w1_y-8996e6.json
2026-09-18 05:44:51 | INFO     | OK https://skeb.jp/api/users/chokkakudon
2026-09-18 05:44:51 | INFO     | Saving at a/skeb/chokkakudon-13703e.json
2026-09-18 05:44:52 | WARNING  | 404 on https://skeb.jp/api/users/bucketbalbc (attempt 3/3)
2026-09-18 05:44:53 | INFO     | OK https://skeb.jp/api/users/anzaimiyuki0625
2026-09-18 05:44:53 | INFO     | Saving at a/skeb/anzaimiyuki0625-8e19ba.json
2026-09-18 05:44:54 | INFO     | OK https://skeb.jp/api/users/10kaori13
2026-09-18 05:44:54 | INFO     | Saving at a/skeb/10kaori13-0e9021.json
2026-09-18 05:44:55 | INFO     | OK https://skeb.jp/api/users/T_Chiynecoshear
2026-09-18 05:44:55 | INFO     | Saving at a/skeb/T_Chiynecoshear-28aad0.json
2026-09-18 05:44:56 | INFO     | OK https://skeb.jp/api/users/misoni_skeb
2026-09-18 05:44:56 | INFO     | Saving at a/skeb/misoni_skeb-0e5f04.json
2026-09-18 05:44:57 | INFO     | OK https://skeb.jp/api/users/chin2_pork
2026-09-18 05:44:57 | INFO     | Saving at a/skeb/chin2_pork-37f6f3.json
2026-09-18 05:44:58 | INFO     | OK https://skeb.jp/api/users/ietaire
2026-09-18 05:44:58 | INFO     | Saving at a/skeb/ietaire-99b35b.json
2026-09-18 05:44:59 | INFO     | OK https://skeb.jp/api/users/kikury_
2026-09-18 05:44:59 | INFO     | Saving at a/skeb/kikury_-6109da.json
2026-09-18 05:45:00 | INFO     | OK https://skeb.jp/api/users/taishin_315
2026-09-18 05:45:00 | INFO     | Saving at a/skeb/taishin_315-1d9b57.json
2026-09-18 05:45:01 | INFO     | OK https://skeb.jp/api/users/miitan_724
2026-09-18 05:45:01 | INFO     | Saving at a/skeb/miitan_724-8639c5.json
2026-09-18 05:45:02 | INFO     | OK https://skeb.jp/api/users/herigarasu
2026-09-18 05:45:02 | INFO     | Saving at a/skeb/herigarasu-8ed9b0.json
2026-09-18 05:45:03 | INFO     | OK https://skeb.jp/api/users/mr_krs_mmnt_mr
2026-09-18 05:45:03 | INFO     | Saving at a/skeb/mr_krs_mmnt_mr-5af4f4.json
2026-09-18 05:45:04 | INFO     | OK https://skeb.jp/api/users/jinseisam
2026-09-18 05:45:04 | INFO     | Saving at a/skeb/jinseisam-d65591.json
2026-09-18 05:45:05 | WARNING  | 404 on https://skeb.jp/api/users/linear (attempt 1/3)
2026-09-18 05:45:06 | WARNING  | 404 on https://skeb.jp/api/users/kannannya (attempt 1/3)
2026-09-18 05:45:07 | INFO     | OK https://skeb.jp/api/users/daigorou_hokori
2026-09-18 05:45:07 | INFO     | Saving at a/skeb/daigorou_hokori-0ab3fe.json
2026-09-18 05:45:08 | INFO     | OK https://skeb.jp/api/users/mtnmy_
2026-09-18 05:45:08 | INFO     | Saving at a/skeb/mtnmy_-d7829c.json
2026-09-18 05:45:09 | WARNING  | 404 on https://skeb.jp/api/users/linear (attempt 2/3)
2026-09-18 05:45:10 | INFO     | OK https://skeb.jp/api/users/Si_lkskin
2026-09-18 05:45:10 | INFO     | Saving at a/skeb/Si_lkskin-c65a86.json
2026-09-18 05:45:11 | INFO     | OK https://skeb.jp/api/users/okazon_kikai
2026-09-18 05:45:11 | INFO     | Saving at a/skeb/okazon_kikai-9ce251.json
2026-09-18 05:45:12 | INFO     | OK https://skeb.jp/api/users/ahiringo_19
2026-09-18 05:45:12 | INFO     | Saving at a/skeb/ahiringo_19-212565.json
2026-09-18 05:45:13 | INFO     | OK https://skeb.jp/api/users/nanatumakura
2026-09-18 05:45:13 | INFO     | Saving at a/skeb/nanatumakura-a3f33f.json
2026-09-18 05:45:14 | WARNING  | 404 on https://skeb.jp/api/users/creatures (attempt 3/3)
2026-09-18 05:45:15 | WARNING  | 404 on https://skeb.jp/api/users/kannannya (attempt 2/3)
2026-09-18 05:45:16 | INFO     | OK https://skeb.jp/api/users/mizu_bakethu
2026-09-18 05:45:16 | INFO     | Saving at a/skeb/mizu_bakethu-bb5042.json
2026-09-18 05:45:17 | INFO     | OK https://skeb.jp/api/users/zakinare
2026-09-18 05:45:17 | INFO     | Saving at a/skeb/zakinare-815ac2.json
2026-09-18 05:45:18 | WARNING  | 404 on https://skeb.jp/api/users/linear (attempt 3/3)
2026-09-18 05:45:19 | INFO     | OK https://skeb.jp/api/users/kokkonana299
2026-09-18 05:45:19 | INFO     | Saving at a/skeb/kokkonana299-4629e9.json
2026-09-18 05:45:20 | INFO     | OK https://skeb.jp/api/users/imaginaryoil100
2026-09-18 05:45:20 | INFO     | Saving at a/skeb/imaginaryoil100-9dc0d8.json
2026-09-18 05:45:21 | WARNING  | 404 on https://skeb.jp/api/users/kannannya (attempt 3/3)
2026-09-18 05:45:22 | INFO     | OK https://skeb.jp/api/users/atsumi69
2026-09-18 05:45:22 | INFO     | Saving at a/skeb/atsumi69-6031f4.json
2026-09-18 05:45:23 | INFO     | OK https://skeb.jp/api/users/AYAmix0418
2026-09-18 05:45:23 | INFO     | Saving at a/skeb/AYAmix0418-4c7b6f.json
2026-09-18 05:45:24 | INFO     | OK https://skeb.jp/api/users/piqimuramura
2026-09-18 05:45:24 | INFO     | Saving at a/skeb/piqimuramura-5f9104.json
2026-09-18 05:45:25 | INFO     | OK https://skeb.jp/api/users/NMuliLFfB3
2026-09-18 05:45:25 | INFO     | Saving at a/skeb/NMuliLFfB3-428e14.json
2026-09-18 05:45:26 | INFO     | OK https://skeb.jp/api/users/Ci__ccc
2026-09-18 05:45:26 | INFO     | Saving at a/skeb/Ci__ccc-5d1905.json
2026-09-18 05:45:27 | INFO     | OK https://skeb.jp/api/users/petilo_vrc
2026-09-18 05:45:27 | INFO     | Saving at a/skeb/petilo_vrc-835a70.json
2026-09-18 05:45:28 | INFO     | OK https://skeb.jp/api/users/MWRbuvXlkr
2026-09-18 05:45:28 | INFO     | Saving at a/skeb/MWRbuvXlkr-675541.json
2026-09-18 05:45:29 | INFO     | OK https://skeb.jp/api/users/xexuxexu
2026-09-18 05:45:29 | INFO     | Saving at a/skeb/xexuxexu-4d5039.json
2026-09-18 05:45:30 | INFO     | OK https://skeb.jp/api/users/s7280e
2026-09-18 05:45:30 | INFO     | Saving at a/skeb/s7280e-651a6b.json
2026-09-18 05:45:31 | INFO     | OK https://skeb.jp/api/users/onsengan
2026-09-18 05:45:31 | INFO     | Saving at a/skeb/onsengan-2068b0.json
2026-09-18 05:45:32 | INFO     | OK https://skeb.jp/api/users/oyuirasuto
2026-09-18 05:45:32 | INFO     | Saving at a/skeb/oyuirasuto-82a64a.json
2026-09-18 05:45:33 | INFO     | OK https://skeb.jp/api/users/RSNcomm
2026-09-18 05:45:33 | INFO     | Saving at a/skeb/RSNcomm-0e199b.json
2026-09-18 05:45:34 | INFO     | OK https://skeb.jp/api/users/kariyuonly
2026-09-18 05:45:34 | INFO     | Saving at a/skeb/kariyuonly-085de2.json
2026-09-18 05:45:35 | INFO     | OK https://skeb.jp/api/users/Ayakari399
2026-09-18 05:45:35 | INFO     | Saving at a/skeb/Ayakari399-920003.json
2026-09-18 05:45:36 | INFO     | OK https://skeb.jp/api/users/310trs
2026-09-18 05:45:36 | INFO     | Saving at a/skeb/310trs-a1d371.json
2026-09-18 05:45:37 | INFO     | OK https://skeb.jp/api/users/teaaaaa511
2026-09-18 05:45:37 | INFO     | Saving at a/skeb/teaaaaa511-e6fe60.json
2026-09-18 05:45:38 | INFO     | OK https://skeb.jp/api/users/posya975
2026-09-18 05:45:38 | INFO     | Saving at a/skeb/posya975-1f83b4.json
2026-09-18 05:45:39 | INFO     | OK https://skeb.jp/api/users/wr_bgiz1
2026-09-18 05:45:39 | INFO     | Saving at a/skeb/wr_bgiz1-233308.json
2026-09-18 05:45:40 | INFO     | OK https://skeb.jp/api/users/nanaca
2026-09-18 05:45:40 | INFO     | Saving at a/skeb/nanaca-cce0b9.json
2026-09-18 05:45:41 | INFO     | OK https://skeb.jp/api/users/Unconsc130
2026-09-18 05:45:41 | INFO     | Saving at a/skeb/Unconsc130-f91e08.json
2026-09-18 05:45:42 | INFO     | OK https://skeb.jp/api/users/toji_o0
2026-09-18 05:45:42 | INFO     | Saving at a/skeb/toji_o0-a23335.json
2026-09-18 05:45:43 | INFO     | OK https://skeb.jp/api/users/mikokoro27759
2026-09-18 05:45:43 | INFO     | Saving at a/skeb/mikokoro27759-9464bf.json
2026-09-18 05:45:44 | INFO     | OK https://skeb.jp/api/users/riku_mochiduki
2026-09-18 05:45:44 | INFO     | Saving at a/skeb/riku_mochiduki-37c308.json
2026-09-18 05:45:45 | INFO     | OK https://skeb.jp/api/users/mikotokoto153
2026-09-18 05:45:45 | INFO     | Saving at a/skeb/mikotokoto153-72e529.json
2026-09-18 05:45:46 | INFO     | OK https://skeb.jp/api/users/HoshizaKi_Y0_
2026-09-18 05:45:46 | INFO     | Saving at a/skeb/HoshizaKi_Y0_-a1fce5.json
2026-09-18 05:45:47 | INFO     | OK https://skeb.jp/api/users/nira0129
2026-09-18 05:45:47 | INFO     | Saving at a/skeb/nira0129-e8e47d.json
2026-09-18 05:45:48 | INFO     | OK https://skeb.jp/api/users/ta_ko_tsu
2026-09-18 05:45:48 | INFO     | Saving at a/skeb/ta_ko_tsu-04063a.json
2026-09-18 05:45:49 | INFO     | OK https://skeb.jp/api/users/88_wtu
2026-09-18 05:45:49 | INFO     | Saving at a/skeb/88_wtu-d7c5e1.json
2026-09-18 05:45:50 | INFO     | OK https://skeb.jp/api/users/63yukito
2026-09-18 05:45:50 | INFO     | Saving at a/skeb/63yukito-59825c.json
2026-09-18 05:45:51 | INFO     | OK https://skeb.jp/api/users/shocorait
2026-09-18 05:45:51 | INFO     | Saving at a/skeb/shocorait-edeaf0.json
2026-09-18 05:45:52 | INFO     | OK https://skeb.jp/api/users/Endou_KK
2026-09-18 05:45:52 | INFO     | Saving at a/skeb/Endou_KK-2c7d4b.json
2026-09-18 05:45:53 | INFO     | OK https://skeb.jp/api/users/dodotsuki
2026-09-18 05:45:53 | INFO     | Saving at a/skeb/dodotsuki-068306.json
2026-09-18 05:45:54 | INFO     | OK https://skeb.jp/api/users/miwotsuku_
2026-09-18 05:45:54 | INFO     | Saving at a/skeb/miwotsuku_-c33368.json
2026-09-18 05:45:55 | INFO     | OK https://skeb.jp/api/users/poe_m0
2026-09-18 05:45:55 | INFO     | Saving at a/skeb/poe_m0-fca29c.json
2026-09-18 05:45:56 | INFO     | OK https://skeb.jp/api/users/ryo_q_tea
2026-09-18 05:45:56 | INFO     | Saving at a/skeb/ryo_q_tea-5fc7bb.json
2026-09-18 05:45:57 | INFO     | OK https://skeb.jp/api/users/taishouteikoku1
2026-09-18 05:45:57 | INFO     | Saving at a/skeb/taishouteikoku1-61b166.json
2026-09-18 05:45:58 | INFO     | OK https://skeb.jp/api/users/suguru_szk
2026-09-18 05:45:58 | INFO     | Saving at a/skeb/suguru_szk-c9c4fb.json
2026-09-18 05:45:59 | INFO     | OK https://skeb.jp/api/users/blgr
2026-09-18 05:45:59 | INFO     | Saving at a/skeb/blgr-041611.json
2026-09-18 05:46:00 | INFO     | OK https://skeb.jp/api/users/flisk1129
2026-09-18 05:46:00 | INFO     | Saving at a/skeb/flisk1129-f7b980.json
2026-09-18 05:46:01 | INFO     | OK https://skeb.jp/api/users/Marugome_ch
2026-09-18 05:46:01 | INFO     | Saving at a/skeb/Marugome_ch-d69d41.json
2026-09-18 05:46:02 | INFO     | OK https://skeb.jp/api/users/batekka
2026-09-18 05:46:02 | INFO     | Saving at a/skeb/batekka-cf9521.json
2026-09-18 05:46:03 | INFO     | OK https://skeb.jp/api/users/skuran3910
2026-09-18 05:46:03 | INFO     | Saving at a/skeb/skuran3910-69a700.json
2026-09-18 05:46:04 | INFO     | OK https://skeb.jp/api/users/haganen_1029
2026-09-18 05:46:04 | INFO     | Saving at a/skeb/haganen_1029-ef2b86.json
2026-09-18 05:46:05 | INFO     | OK https://skeb.jp/api/users/kzmt_6564
2026-09-18 05:46:05 | INFO     | Saving at a/skeb/kzmt_6564-ee0ecc.json
2026-09-18 05:46:06 | INFO     | OK https://skeb.jp/api/users/midona_110
2026-09-18 05:46:06 | INFO     | Saving at a/skeb/midona_110-de6355.json
2026-09-18 05:46:07 | INFO     | OK https://skeb.jp/api/users/ore_desurou
2026-09-18 05:46:07 | INFO     | Saving at a/skeb/ore_desurou-40178b.json
2026-09-18 05:46:08 | INFO     | OK https://skeb.jp/api/users/2ki6ura_
2026-09-18 05:46:08 | INFO     | Saving at a/skeb/2ki6ura_-440566.json
2026-09-18 05:46:09 | INFO     | OK https://skeb.jp/api/users/JJJJ_y11
2026-09-18 05:46:09 | INFO     | Saving at a/skeb/JJJJ_y11-297460.json
2026-09-18 05:46:10 | INFO     | OK https://skeb.jp/api/users/ifaBlanc
2026-09-18 05:46:10 | INFO     | Saving at a/skeb/ifaBlanc-b6c194.json
2026-09-18 05:46:11 | INFO     | OK https://skeb.jp/api/users/gua_mc
2026-09-18 05:46:11 | INFO     | Saving at a/skeb/gua_mc-f26def.json
2026-09-18 05:46:12 | INFO     | OK https://skeb.jp/api/users/Yutsuki_VRC
2026-09-18 05:46:12 | INFO     | Saving at a/skeb/Yutsuki_VRC-cdcbf3.json
2026-09-18 05:46:13 | INFO     | OK https://skeb.jp/api/users/haru_xx2412
2026-09-18 05:46:13 | INFO     | Saving at a/skeb/haru_xx2412-623613.json
2026-09-18 05:46:14 | INFO     | OK https://skeb.jp/api/users/siroroxxxx
2026-09-18 05:46:14 | INFO     | Saving at a/skeb/siroroxxxx-11d198.json
2026-09-18 05:46:15 | WARNING  | 404 on https://skeb.jp/api/users/kinomikian (attempt 1/3)
2026-09-18 05:46:16 | INFO     | OK https://skeb.jp/api/users/N_00us
2026-09-18 05:46:16 | INFO     | Saving at a/skeb/N_00us-de0a81.json
2026-09-18 05:46:17 | INFO     | OK https://skeb.jp/api/users/amano__ya
2026-09-18 05:46:17 | INFO     | Saving at a/skeb/amano__ya-15560b.json
2026-09-18 05:46:18 | INFO     | OK https://skeb.jp/api/users/zmnjo1440
2026-09-18 05:46:18 | INFO     | Saving at a/skeb/zmnjo1440-2fc519.json
2026-09-18 05:46:19 | INFO     | OK https://skeb.jp/api/users/name_omoitukan2
2026-09-18 05:46:19 | INFO     | Saving at a/skeb/name_omoitukan2-3c4719.json
2026-09-18 05:46:20 | WARNING  | 404 on https://skeb.jp/api/users/kinomikian (attempt 2/3)
2026-09-18 05:46:21 | INFO     | OK https://skeb.jp/api/users/P_rsn07
2026-09-18 05:46:21 | INFO     | Saving at a/skeb/P_rsn07-44f379.json
2026-09-18 05:46:22 | INFO     | OK https://skeb.jp/api/users/syaakosan0524
2026-09-18 05:46:22 | INFO     | Saving at a/skeb/syaakosan0524-3d2fbd.json
2026-09-18 05:46:23 | INFO     | OK https://skeb.jp/api/users/BsNoiz
2026-09-18 05:46:23 | INFO     | Saving at a/skeb/BsNoiz-ca69dd.json
2026-09-18 05:46:24 | INFO     | OK https://skeb.jp/api/users/kaku_sato_3
2026-09-18 05:46:24 | INFO     | Saving at a/skeb/kaku_sato_3-936b22.json
2026-09-18 05:46:25 | INFO     | OK https://skeb.jp/api/users/awaawa__0
2026-09-18 05:46:25 | INFO     | Saving at a/skeb/awaawa__0-926c6e.json
2026-09-18 05:46:26 | INFO     | OK https://skeb.jp/api/users/sanada_
2026-09-18 05:46:26 | INFO     | Saving at a/skeb/sanada_-1b8db4.json
2026-09-18 05:46:27 | INFO     | OK https://skeb.jp/api/users/yukita021204
2026-09-18 05:46:27 | INFO     | Saving at a/skeb/yukita021204-51cfe5.json
2026-09-18 05:46:28 | INFO     | OK https://skeb.jp/api/users/U_Usaka
2026-09-18 05:46:28 | INFO     | Saving at a/skeb/U_Usaka-4d68e6.json
2026-09-18 05:46:29 | INFO     | OK https://skeb.jp/api/users/kkitsunai
2026-09-18 05:46:29 | INFO     | Saving at a/skeb/kkitsunai-90d0c0.json
2026-09-18 05:46:30 | INFO     | OK https://skeb.jp/api/users/mesyumero
2026-09-18 05:46:30 | INFO     | Saving at a/skeb/mesyumero-99f732.json
2026-09-18 05:46:31 | INFO     | OK https://skeb.jp/api/users/rfski
2026-09-18 05:46:31 | INFO     | Saving at a/skeb/rfski-65b56f.json
2026-09-18 05:46:32 | INFO     | OK https://skeb.jp/api/users/sasame_1day
2026-09-18 05:46:32 | INFO     | Saving at a/skeb/sasame_1day-4c2e63.json
2026-09-18 05:46:33 | INFO     | OK https://skeb.jp/api/users/ha_mia051
2026-09-18 05:46:33 | INFO     | Saving at a/skeb/ha_mia051-e1a4f6.json
2026-09-18 05:46:34 | INFO     | OK https://skeb.jp/api/users/cott_o_
2026-09-18 05:46:34 | INFO     | Saving at a/skeb/cott_o_-d9c23b.json
2026-09-18 05:46:35 | INFO     | OK https://skeb.jp/api/users/sugiatsu3
2026-09-18 05:46:35 | INFO     | Saving at a/skeb/sugiatsu3-894791.json
2026-09-18 05:46:36 | INFO     | OK https://skeb.jp/api/users/Fuchsaugen
2026-09-18 05:46:36 | INFO     | Saving at a/skeb/Fuchsaugen-aaa221.json
2026-09-18 05:46:37 | WARNING  | 404 on https://skeb.jp/api/users/kinomikian (attempt 3/3)
2026-09-18 05:46:38 | INFO     | OK https://skeb.jp/api/users/mochumellow
2026-09-18 05:46:38 | INFO     | Saving at a/skeb/mochumellow-a98c98.json
2026-09-18 05:46:39 | INFO     | OK https://skeb.jp/api/users/mp_lyrical
2026-09-18 05:46:39 | INFO     | Saving at a/skeb/mp_lyrical-b9f50e.json
2026-09-18 05:46:40 | INFO     | OK https://skeb.jp/api/users/tanakakanataoek
2026-09-18 05:46:40 | INFO     | Saving at a/skeb/tanakakanataoek-01e4e9.json
2026-09-18 05:46:41 | WARNING  | 404 on https://skeb.jp/api/users/x_ToKiiiiiiwa_b (attempt 1/3)
2026-09-18 05:46:42 | INFO     | OK https://skeb.jp/api/users/mineko0025
2026-09-18 05:46:42 | INFO     | Saving at a/skeb/mineko0025-245702.json
2026-09-18 05:46:43 | INFO     | OK https://skeb.jp/api/users/fried_rice0614
2026-09-18 05:46:43 | INFO     | Saving at a/skeb/fried_rice0614-e85a05.json
2026-09-18 05:46:44 | WARNING  | 404 on https://skeb.jp/api/users/x_ToKiiiiiiwa_b (attempt 2/3)
2026-09-18 05:46:45 | INFO     | OK https://skeb.jp/api/users/ggnbsky
2026-09-18 05:46:45 | INFO     | Saving at a/skeb/ggnbsky-66ed6a.json
2026-09-18 05:46:46 | INFO     | OK https://skeb.jp/api/users/illust_lune
2026-09-18 05:46:46 | INFO     | Saving at a/skeb/illust_lune-23037b.json
2026-09-18 05:46:47 | INFO     | OK https://skeb.jp/api/users/igarashi_ren05
2026-09-18 05:46:47 | INFO     | Saving at a/skeb/igarashi_ren05-f41b6f.json
2026-09-18 05:46:48 | INFO     | OK https://skeb.jp/api/users/suolu01
2026-09-18 05:46:48 | INFO     | Saving at a/skeb/suolu01-685057.json
2026-09-18 05:46:49 | INFO     | OK https://skeb.jp/api/users/unionriver0201
2026-09-18 05:46:49 | INFO     | Saving at a/skeb/unionriver0201-efc934.json
2026-09-18 05:46:50 | INFO     | OK https://skeb.jp/api/users/hakurin72
2026-09-18 05:46:50 | INFO     | Saving at a/skeb/hakurin72-dc13e4.json
2026-09-18 05:46:51 | INFO     | OK https://skeb.jp/api/users/kaninu_nosi
2026-09-18 05:46:51 | INFO     | Saving at a/skeb/kaninu_nosi-2f43ec.json
2026-09-18 05:46:52 | INFO     | OK https://skeb.jp/api/users/skiapodes
2026-09-18 05:46:52 | INFO     | Saving at a/skeb/skiapodes-06fb40.json
2026-09-18 05:46:53 | WARNING  | 404 on https://skeb.jp/api/users/x_ToKiiiiiiwa_b (attempt 3/3)
2026-09-18 05:46:54 | INFO     | OK https://skeb.jp/api/users/shigu_trpg0413
2026-09-18 05:46:54 | INFO     | Saving at a/skeb/shigu_trpg0413-8f4619.json
2026-09-18 05:46:55 | INFO     | OK https://skeb.jp/api/users/xiuix444
2026-09-18 05:46:55 | INFO     | Saving at a/skeb/xiuix444-2f9844.json
2026-09-18 05:46:56 | INFO     | OK https://skeb.jp/api/users/ykii077
2026-09-18 05:46:56 | INFO     | Saving at a/skeb/ykii077-f1ce29.json
2026-09-18 05:46:57 | INFO     | OK https://skeb.jp/api/users/iwasi_R
2026-09-18 05:46:57 | INFO     | Saving at a/skeb/iwasi_R-181f38.json
2026-09-18 05:46:58 | INFO     | OK https://skeb.jp/api/users/timonoshop
2026-09-18 05:46:58 | INFO     | Saving at a/skeb/timonoshop-d8111b.json
2026-09-18 05:46:59 | INFO     | OK https://skeb.jp/api/users/tetora_U_U
2026-09-18 05:46:59 | INFO     | Saving at a/skeb/tetora_U_U-fe4b35.json
2026-09-18 05:47:00 | INFO     | OK https://skeb.jp/api/users/Ribbonchusha
2026-09-18 05:47:00 | INFO     | Saving at a/skeb/Ribbonchusha-aec899.json
2026-09-18 05:47:01 | INFO     | OK https://skeb.jp/api/users/chitan4615
2026-09-18 05:47:01 | INFO     | Saving at a/skeb/chitan4615-953856.json
2026-09-18 05:47:02 | INFO     | OK https://skeb.jp/api/users/Toka_ll
2026-09-18 05:47:02 | INFO     | Saving at a/skeb/Toka_ll-369e92.json
2026-09-18 05:47:03 | INFO     | OK https://skeb.jp/api/users/SAME_boo
2026-09-18 05:47:03 | INFO     | Saving at a/skeb/SAME_boo-f04be6.json
2026-09-18 05:47:04 | INFO     | OK https://skeb.jp/api/users/jinochun
2026-09-18 05:47:04 | INFO     | Saving at a/skeb/jinochun-a1ed66.json
2026-09-18 05:47:05 | INFO     | OK https://skeb.jp/api/users/ei20055
2026-09-18 05:47:05 | INFO     | Saving at a/skeb/ei20055-d95433.json
2026-09-18 05:47:06 | INFO     | OK https://skeb.jp/api/users/housandang
2026-09-18 05:47:06 | INFO     | Saving at a/skeb/housandang-3b01d9.json
2026-09-18 05:47:07 | INFO     | OK https://skeb.jp/api/users/kubomi_mmm
2026-09-18 05:47:07 | INFO     | Saving at a/skeb/kubomi_mmm-b3b142.json
2026-09-18 05:47:08 | INFO     | OK https://skeb.jp/api/users/Nora__N_k22
2026-09-18 05:47:08 | INFO     | Saving at a/skeb/Nora__N_k22-b0eaaa.json
2026-09-18 05:47:09 | INFO     | OK https://skeb.jp/api/users/j_uen2
2026-09-18 05:47:09 | INFO     | Saving at a/skeb/j_uen2-81a155.json
2026-09-18 05:47:10 | INFO     | OK https://skeb.jp/api/users/kamemaru91
2026-09-18 05:47:10 | INFO     | Saving at a/skeb/kamemaru91-12b5b2.json
2026-09-18 05:47:11 | INFO     | OK https://skeb.jp/api/users/kahiri___
2026-09-18 05:47:11 | INFO     | Saving at a/skeb/kahiri___-b8b8ce.json
2026-09-18 05:47:12 | WARNING  | 404 on https://skeb.jp/api/users/urmg9 (attempt 1/3)
2026-09-18 05:47:13 | INFO     | OK https://skeb.jp/api/users/mikan_anago
2026-09-18 05:47:13 | INFO     | Saving at a/skeb/mikan_anago-a8e34c.json
2026-09-18 05:47:14 | INFO     | OK https://skeb.jp/api/users/terasame
2026-09-18 05:47:14 | INFO     | Saving at a/skeb/terasame-db60ce.json
2026-09-18 05:47:15 | INFO     | OK https://skeb.jp/api/users/s_stn2
2026-09-18 05:47:15 | INFO     | Saving at a/skeb/s_stn2-bcf0f0.json
2026-09-18 05:47:16 | INFO     | OK https://skeb.jp/api/users/Kichijouji_sss
2026-09-18 05:47:16 | INFO     | Saving at a/skeb/Kichijouji_sss-741c08.json
2026-09-18 05:47:17 | INFO     | OK https://skeb.jp/api/users/ice_in_tea_
2026-09-18 05:47:17 | INFO     | Saving at a/skeb/ice_in_tea_-7c9bb1.json
2026-09-18 05:47:18 | WARNING  | 404 on https://skeb.jp/api/users/urmg9 (attempt 2/3)
2026-09-18 05:47:19 | INFO     | OK https://skeb.jp/api/users/AkiNoEwoKakuyo
2026-09-18 05:47:19 | INFO     | Saving at a/skeb/AkiNoEwoKakuyo-d42bb5.json
2026-09-18 05:47:20 | INFO     | OK https://skeb.jp/api/users/omaru_poke
2026-09-18 05:47:20 | INFO     | Saving at a/skeb/omaru_poke-10600d.json
2026-09-18 05:47:21 | INFO     | OK https://skeb.jp/api/users/ayashii_sprites
2026-09-18 05:47:21 | INFO     | Saving at a/skeb/ayashii_sprites-7399e0.json
2026-09-18 05:47:22 | INFO     | OK https://skeb.jp/api/users/mitsume310i
2026-09-18 05:47:22 | INFO     | Saving at a/skeb/mitsume310i-8df63f.json
2026-09-18 05:47:23 | INFO     | OK https://skeb.jp/api/users/haruthunder0828
2026-09-18 05:47:23 | INFO     | Saving at a/skeb/haruthunder0828-ff69ae.json
2026-09-18 05:47:24 | INFO     | OK https://skeb.jp/api/users/YAMADA_v_YAMADA
2026-09-18 05:47:24 | INFO     | Saving at a/skeb/YAMADA_v_YAMADA-8a39e0.json
2026-09-18 05:47:25 | INFO     | OK https://skeb.jp/api/users/Indigo_Blue_anp
2026-09-18 05:47:25 | INFO     | Saving at a/skeb/Indigo_Blue_anp-702fb2.json
2026-09-18 05:47:26 | WARNING  | 404 on https://skeb.jp/api/users/ymail (attempt 1/3)
2026-09-18 05:47:27 | WARNING  | 404 on https://skeb.jp/api/users/urmg9 (attempt 3/3)
2026-09-18 05:47:28 | INFO     | OK https://skeb.jp/api/users/_pipipi_2
2026-09-18 05:47:28 | INFO     | Saving at a/skeb/_pipipi_2-38c525.json
2026-09-18 05:47:29 | INFO     | OK https://skeb.jp/api/users/mayu_m
2026-09-18 05:47:29 | INFO     | Saving at a/skeb/mayu_m-c467b7.json
2026-09-18 05:47:30 | INFO     | OK https://skeb.jp/api/users/Lizu09tm
2026-09-18 05:47:30 | INFO     | Saving at a/skeb/Lizu09tm-c2c174.json
2026-09-18 05:47:31 | INFO     | OK https://skeb.jp/api/users/Yamashigo5
2026-09-18 05:47:31 | INFO     | Saving at a/skeb/Yamashigo5-9e156f.json
2026-09-18 05:47:32 | INFO     | OK https://skeb.jp/api/users/travelerhosi
2026-09-18 05:47:32 | INFO     | Saving at a/skeb/travelerhosi-da2d6f.json
2026-09-18 05:47:33 | INFO     | OK https://skeb.jp/api/users/komainu2062
2026-09-18 05:47:33 | INFO     | Saving at a/skeb/komainu2062-71ddca.json
2026-09-18 05:47:34 | INFO     | OK https://skeb.jp/api/users/inu_to_tanpopo2
2026-09-18 05:47:34 | INFO     | Saving at a/skeb/inu_to_tanpopo2-fd54b9.json
2026-09-18 05:47:35 | INFO     | OK https://skeb.jp/api/users/suttoko_mgmg
2026-09-18 05:47:35 | INFO     | Saving at a/skeb/suttoko_mgmg-a3f541.json
2026-09-18 05:47:36 | INFO     | OK https://skeb.jp/api/users/ndk__zZ
2026-09-18 05:47:36 | INFO     | Saving at a/skeb/ndk__zZ-9c136d.json
2026-09-18 05:47:37 | INFO     | OK https://skeb.jp/api/users/ico_ico0702
2026-09-18 05:47:37 | INFO     | Saving at a/skeb/ico_ico0702-9172a7.json
2026-09-18 05:47:38 | INFO     | OK https://skeb.jp/api/users/UIMIU_110
2026-09-18 05:47:38 | INFO     | Saving at a/skeb/UIMIU_110-c24394.json
2026-09-18 05:47:39 | INFO     | OK https://skeb.jp/api/users/tani_gorira
2026-09-18 05:47:39 | INFO     | Saving at a/skeb/tani_gorira-7521aa.json
2026-09-18 05:47:40 | INFO     | OK https://skeb.jp/api/users/suzuki32893279
2026-09-18 05:47:40 | INFO     | Saving at a/skeb/suzuki32893279-a59937.json
2026-09-18 05:47:41 | INFO     | OK https://skeb.jp/api/users/uru_taro_sabu
2026-09-18 05:47:41 | INFO     | Saving at a/skeb/uru_taro_sabu-7abe92.json
2026-09-18 05:47:42 | INFO     | OK https://skeb.jp/api/users/MakotoPppp
2026-09-18 05:47:42 | INFO     | Saving at a/skeb/MakotoPppp-e3b3a3.json
2026-09-18 05:47:43 | WARNING  | 404 on https://skeb.jp/api/users/ymail (attempt 2/3)
2026-09-18 05:47:44 | INFO     | OK https://skeb.jp/api/users/llunar135
2026-09-18 05:47:44 | INFO     | Saving at a/skeb/llunar135-057cb6.json
2026-09-18 05:47:45 | INFO     | OK https://skeb.jp/api/users/anchang
2026-09-18 05:47:45 | INFO     | Saving at a/skeb/anchang-55f7b2.json
2026-09-18 05:47:46 | WARNING  | 404 on https://skeb.jp/api/users/aCHAmy (attempt 1/3)
2026-09-18 05:47:47 | INFO     | OK https://skeb.jp/api/users/Ototo1_3
2026-09-18 05:47:47 | INFO     | Saving at a/skeb/Ototo1_3-3682f3.json
2026-09-18 05:47:48 | INFO     | OK https://skeb.jp/api/users/gogo_tea
2026-09-18 05:47:48 | INFO     | Saving at a/skeb/gogo_tea-85955a.json
2026-09-18 05:47:49 | WARNING  | 404 on https://skeb.jp/api/users/aCHAmy (attempt 2/3)
2026-09-18 05:47:50 | INFO     | OK https://skeb.jp/api/users/tsukumi_9
2026-09-18 05:47:50 | INFO     | Saving at a/skeb/tsukumi_9-bbd982.json
2026-09-18 05:47:51 | INFO     | OK https://skeb.jp/api/users/shibamomodx
2026-09-18 05:47:51 | INFO     | Saving at a/skeb/shibamomodx-a9df45.json
2026-09-18 05:47:52 | WARNING  | 404 on https://skeb.jp/api/users/ymail (attempt 3/3)
2026-09-18 05:47:53 | INFO     | OK https://skeb.jp/api/users/Kagemaru0905
2026-09-18 05:47:53 | INFO     | Saving at a/skeb/Kagemaru0905-dcb4b7.json
2026-09-18 05:47:54 | WARNING  | 404 on https://skeb.jp/api/users/aCHAmy (attempt 3/3)
2026-09-18 05:47:55 | INFO     | OK https://skeb.jp/api/users/H043_
2026-09-18 05:47:55 | INFO     | Saving at a/skeb/H043_-1eda53.json
2026-09-18 05:47:56 | INFO     | OK https://skeb.jp/api/users/EUi5y
2026-09-18 05:47:56 | INFO     | Saving at a/skeb/EUi5y-83a02d.json
2026-09-18 05:47:57 | INFO     | OK https://skeb.jp/api/users/tahirikka
2026-09-18 05:47:57 | INFO     | Saving at a/skeb/tahirikka-c7896d.json
2026-09-18 05:47:58 | INFO     | OK https://skeb.jp/api/users/Muto_enunu
2026-09-18 05:47:58 | INFO     | Saving at a/skeb/Muto_enunu-6caac5.json
2026-09-18 05:47:59 | INFO     | OK https://skeb.jp/api/users/FXWIDrx4jIpGUvE
2026-09-18 05:47:59 | INFO     | Saving at a/skeb/FXWIDrx4jIpGUvE-48b742.json
2026-09-18 05:48:00 | INFO     | OK https://skeb.jp/api/users/e_raremetal
2026-09-18 05:48:00 | INFO     | Saving at a/skeb/e_raremetal-3853fe.json
2026-09-18 05:48:01 | INFO     | OK https://skeb.jp/api/users/minagiwave
2026-09-18 05:48:01 | INFO     | Saving at a/skeb/minagiwave-551554.json
2026-09-18 05:48:02 | INFO     | OK https://skeb.jp/api/users/0v0_mu
2026-09-18 05:48:02 | INFO     | Saving at a/skeb/0v0_mu-44a374.json
2026-09-18 05:48:03 | INFO     | OK https://skeb.jp/api/users/marutA818
2026-09-18 05:48:03 | INFO     | Saving at a/skeb/marutA818-dc9b7a.json
2026-09-18 05:48:04 | INFO     | OK https://skeb.jp/api/users/misora_sorairo
2026-09-18 05:48:04 | INFO     | Saving at a/skeb/misora_sorairo-99a4c8.json
2026-09-18 05:48:05 | INFO     | OK https://skeb.jp/api/users/kobsaki
2026-09-18 05:48:05 | INFO     | Saving at a/skeb/kobsaki-a7e8e6.json
2026-09-18 05:48:06 | INFO     | OK https://skeb.jp/api/users/Fuji100923
2026-09-18 05:48:06 | INFO     | Saving at a/skeb/Fuji100923-f7511d.json
2026-09-18 05:48:07 | INFO     | OK https://skeb.jp/api/users/a16850155
2026-09-18 05:48:07 | INFO     | Saving at a/skeb/a16850155-127ffa.json
2026-09-18 05:48:08 | INFO     | OK https://skeb.jp/api/users/ramoshi_wow
2026-09-18 05:48:08 | INFO     | Saving at a/skeb/ramoshi_wow-0ce85d.json
2026-09-18 05:48:09 | INFO     | OK https://skeb.jp/api/users/arienaiGashitsu
2026-09-18 05:48:09 | INFO     | Saving at a/skeb/arienaiGashitsu-7f2bc7.json
2026-09-18 05:48:10 | INFO     | OK https://skeb.jp/api/users/Vvco19O
2026-09-18 05:48:10 | INFO     | Saving at a/skeb/Vvco19O-def33f.json
2026-09-18 05:48:11 | INFO     | OK https://skeb.jp/api/users/noriburu
2026-09-18 05:48:11 | INFO     | Saving at a/skeb/noriburu-2314c8.json
2026-09-18 05:48:12 | INFO     | OK https://skeb.jp/api/users/como1729
2026-09-18 05:48:12 | INFO     | Saving at a/skeb/como1729-d574d2.json
2026-09-18 05:48:13 | INFO     | OK https://skeb.jp/api/users/kona_2_art
2026-09-18 05:48:13 | INFO     | Saving at a/skeb/kona_2_art-8f2866.json
2026-09-18 05:48:14 | INFO     | OK https://skeb.jp/api/users/osameme__nk
2026-09-18 05:48:14 | INFO     | Saving at a/skeb/osameme__nk-cb38ce.json
2026-09-18 05:48:15 | INFO     | OK https://skeb.jp/api/users/XHRj28MxHf
2026-09-18 05:48:15 | INFO     | Saving at a/skeb/XHRj28MxHf-2db5d4.json
2026-09-18 05:48:16 | INFO     | OK https://skeb.jp/api/users/illustr92828969
2026-09-18 05:48:16 | INFO     | Saving at a/skeb/illustr92828969-d71a01.json
2026-09-18 05:48:17 | INFO     | OK https://skeb.jp/api/users/mdenamimi
2026-09-18 05:48:17 | INFO     | Saving at a/skeb/mdenamimi-f411ff.json
2026-09-18 05:48:18 | INFO     | OK https://skeb.jp/api/users/simuro
2026-09-18 05:48:18 | INFO     | Saving at a/skeb/simuro-aa6583.json
2026-09-18 05:48:19 | INFO     | OK https://skeb.jp/api/users/yohi_blues
2026-09-18 05:48:19 | INFO     | Saving at a/skeb/yohi_blues-ae0a84.json
2026-09-18 05:48:20 | INFO     | OK https://skeb.jp/api/users/sudorinrin
2026-09-18 05:48:20 | INFO     | Saving at a/skeb/sudorinrin-1e3ffe.json
2026-09-18 05:48:21 | INFO     | OK https://skeb.jp/api/users/0214kapi
2026-09-18 05:48:21 | INFO     | Saving at a/skeb/0214kapi-823472.json
2026-09-18 05:48:22 | INFO     | OK https://skeb.jp/api/users/abunaideka9
2026-09-18 05:48:22 | INFO     | Saving at a/skeb/abunaideka9-7546eb.json
2026-09-18 05:48:23 | INFO     | OK https://skeb.jp/api/users/ham_points
2026-09-18 05:48:23 | INFO     | Saving at a/skeb/ham_points-27ffea.json
2026-09-18 05:48:24 | INFO     | OK https://skeb.jp/api/users/_kazafuki
2026-09-18 05:48:24 | INFO     | Saving at a/skeb/_kazafuki-a9f4fb.json
2026-09-18 05:48:25 | INFO     | OK https://skeb.jp/api/users/Kamosawa_yoshi
2026-09-18 05:48:25 | INFO     | Saving at a/skeb/Kamosawa_yoshi-be80ed.json
2026-09-18 05:48:26 | INFO     | OK https://skeb.jp/api/users/komomo2899
2026-09-18 05:48:26 | INFO     | Saving at a/skeb/komomo2899-30e741.json
2026-09-18 05:48:27 | INFO     | OK https://skeb.jp/api/users/kuroko_lock6
2026-09-18 05:48:27 | INFO     | Saving at a/skeb/kuroko_lock6-74f5fd.json
2026-09-18 05:48:28 | INFO     | OK https://skeb.jp/api/users/ameameamai
2026-09-18 05:48:28 | INFO     | Saving at a/skeb/ameameamai-68e644.json
2026-09-18 05:48:29 | INFO     | OK https://skeb.jp/api/users/komamaru12
2026-09-18 05:48:29 | INFO     | Saving at a/skeb/komamaru12-a2178e.json
2026-09-18 05:48:30 | INFO     | OK https://skeb.jp/api/users/Shelldy_h
2026-09-18 05:48:30 | INFO     | Saving at a/skeb/Shelldy_h-bc7e0d.json
2026-09-18 05:48:31 | WARNING  | 404 on https://skeb.jp/api/users/suke_0000 (attempt 1/3)
2026-09-18 05:48:32 | INFO     | OK https://skeb.jp/api/users/mimitonmimi
2026-09-18 05:48:32 | INFO     | Saving at a/skeb/mimitonmimi-902810.json
2026-09-18 05:48:33 | INFO     | OK https://skeb.jp/api/users/oekakiJOJI
2026-09-18 05:48:33 | INFO     | Saving at a/skeb/oekakiJOJI-b985a9.json
2026-09-18 05:48:34 | INFO     | OK https://skeb.jp/api/users/hizaka12
2026-09-18 05:48:34 | INFO     | Saving at a/skeb/hizaka12-254bc0.json
2026-09-18 05:48:35 | WARNING  | 404 on https://skeb.jp/api/users/suke_0000 (attempt 2/3)
2026-09-18 05:48:36 | INFO     | OK https://skeb.jp/api/users/JF_0GRM2
2026-09-18 05:48:36 | INFO     | Saving at a/skeb/JF_0GRM2-971213.json
2026-09-18 05:48:37 | INFO     | OK https://skeb.jp/api/users/osyake_umai
2026-09-18 05:48:37 | INFO     | Saving at a/skeb/osyake_umai-2925ee.json
2026-09-18 05:48:38 | INFO     | OK https://skeb.jp/api/users/Lov_N_N
2026-09-18 05:48:38 | INFO     | Saving at a/skeb/Lov_N_N-35a720.json
2026-09-18 05:48:39 | INFO     | OK https://skeb.jp/api/users/chronoisub2136
2026-09-18 05:48:39 | INFO     | Saving at a/skeb/chronoisub2136-20bfdf.json
2026-09-18 05:48:40 | INFO     | OK https://skeb.jp/api/users/yume0534
2026-09-18 05:48:40 | INFO     | Saving at a/skeb/yume0534-66e939.json
2026-09-18 05:48:41 | INFO     | OK https://skeb.jp/api/users/TamakRui
2026-09-18 05:48:41 | INFO     | Saving at a/skeb/TamakRui-e78b4f.json
2026-09-18 05:48:42 | INFO     | OK https://skeb.jp/api/users/trity93
2026-09-18 05:48:42 | INFO     | Saving at a/skeb/trity93-0b888b.json
2026-09-18 05:48:43 | INFO     | OK https://skeb.jp/api/users/mthchupaca
2026-09-18 05:48:43 | INFO     | Saving at a/skeb/mthchupaca-2bfafb.json
2026-09-18 05:48:44 | INFO     | OK https://skeb.jp/api/users/PYONsan_sabori
2026-09-18 05:48:44 | INFO     | Saving at a/skeb/PYONsan_sabori-6dacf9.json
2026-09-18 05:48:45 | INFO     | OK https://skeb.jp/api/users/egip88mito
2026-09-18 05:48:45 | INFO     | Saving at a/skeb/egip88mito-2fd020.json
2026-09-18 05:48:46 | INFO     | OK https://skeb.jp/api/users/higuma4281
2026-09-18 05:48:46 | INFO     | Saving at a/skeb/higuma4281-eca5e1.json
2026-09-18 05:48:47 | INFO     | OK https://skeb.jp/api/users/_966_Kururuchan
2026-09-18 05:48:47 | INFO     | Saving at a/skeb/_966_Kururuchan-534198.json
2026-09-18 05:48:48 | INFO     | OK https://skeb.jp/api/users/B3jD3wDmUXfhNxF
2026-09-18 05:48:48 | INFO     | Saving at a/skeb/B3jD3wDmUXfhNxF-e67aff.json
2026-09-18 05:48:49 | INFO     | OK https://skeb.jp/api/users/ussame114
2026-09-18 05:48:49 | INFO     | Saving at a/skeb/ussame114-af0ec6.json
2026-09-18 05:48:50 | WARNING  | 404 on https://skeb.jp/api/users/suke_0000 (attempt 3/3)
2026-09-18 05:48:51 | INFO     | OK https://skeb.jp/api/users/nikudnk_trpg
2026-09-18 05:48:51 | INFO     | Saving at a/skeb/nikudnk_trpg-fbc35b.json
2026-09-18 05:48:52 | INFO     | OK https://skeb.jp/api/users/omuraisu_Lover
2026-09-18 05:48:52 | INFO     | Saving at a/skeb/omuraisu_Lover-0b5a7d.json
2026-09-18 05:48:53 | INFO     | OK https://skeb.jp/api/users/muni15_
2026-09-18 05:48:53 | INFO     | Saving at a/skeb/muni15_-7c3d39.json
2026-09-18 05:48:54 | INFO     | OK https://skeb.jp/api/users/cow_orphenoch
2026-09-18 05:48:54 | INFO     | Saving at a/skeb/cow_orphenoch-1cce13.json
2026-09-18 05:48:55 | INFO     | OK https://skeb.jp/api/users/sorairo_robot
2026-09-18 05:48:55 | INFO     | Saving at a/skeb/sorairo_robot-04351c.json
2026-09-18 05:48:56 | WARNING  | 404 on https://skeb.jp/api/users/lyloli35 (attempt 1/3)
2026-09-18 05:48:57 | INFO     | OK https://skeb.jp/api/users/nao901
2026-09-18 05:48:57 | INFO     | Saving at a/skeb/nao901-ecf326.json
2026-09-18 05:48:58 | INFO     | OK https://skeb.jp/api/users/ff__com
2026-09-18 05:48:58 | INFO     | Saving at a/skeb/ff__com-0d4433.json
2026-09-18 05:48:59 | INFO     | OK https://skeb.jp/api/users/nanatanunyan
2026-09-18 05:48:59 | INFO     | Saving at a/skeb/nanatanunyan-25463c.json
2026-09-18 05:49:00 | INFO     | OK https://skeb.jp/api/users/poncho_rerorero
2026-09-18 05:49:00 | INFO     | Saving at a/skeb/poncho_rerorero-fae3f8.json
2026-09-18 05:49:01 | INFO     | OK https://skeb.jp/api/users/Kyouka_Abi
2026-09-18 05:49:01 | INFO     | Saving at a/skeb/Kyouka_Abi-414fed.json
2026-09-18 05:49:02 | INFO     | OK https://skeb.jp/api/users/Roa_mofukemo33
2026-09-18 05:49:02 | INFO     | Saving at a/skeb/Roa_mofukemo33-e8c8ca.json
2026-09-18 05:49:03 | INFO     | OK https://skeb.jp/api/users/kagio_yk
2026-09-18 05:49:03 | INFO     | Saving at a/skeb/kagio_yk-aa3dec.json
2026-09-18 05:49:04 | INFO     | OK https://skeb.jp/api/users/unihead207215
2026-09-18 05:49:04 | INFO     | Saving at a/skeb/unihead207215-9a8d43.json
2026-09-18 05:49:05 | INFO     | OK https://skeb.jp/api/users/hiyokoierou
2026-09-18 05:49:05 | INFO     | Saving at a/skeb/hiyokoierou-180dd0.json
2026-09-18 05:49:06 | INFO     | OK https://skeb.jp/api/users/x_ToKiiiiiiwab
2026-09-18 05:49:06 | INFO     | Saving at a/skeb/x_ToKiiiiiiwab-afffaa.json
2026-09-18 05:49:07 | INFO     | OK https://skeb.jp/api/users/Zikori0012
2026-09-18 05:49:07 | INFO     | Saving at a/skeb/Zikori0012-6772eb.json
2026-09-18 05:49:08 | INFO     | OK https://skeb.jp/api/users/inuwoartwork2
2026-09-18 05:49:08 | INFO     | Saving at a/skeb/inuwoartwork2-e16f63.json
2026-09-18 05:49:09 | WARNING  | 404 on https://skeb.jp/api/users/lyloli35 (attempt 2/3)
2026-09-18 05:49:10 | INFO     | OK https://skeb.jp/api/users/heiehaiyan67700
2026-09-18 05:49:10 | INFO     | Saving at a/skeb/heiehaiyan67700-b5c268.json
2026-09-18 05:49:11 | INFO     | OK https://skeb.jp/api/users/miramiraku_
2026-09-18 05:49:11 | INFO     | Saving at a/skeb/miramiraku_-5667f7.json
2026-09-18 05:49:12 | INFO     | OK https://skeb.jp/api/users/honcha1555
2026-09-18 05:49:12 | INFO     | Saving at a/skeb/honcha1555-ebfdfd.json
2026-09-18 05:49:13 | INFO     | OK https://skeb.jp/api/users/ak4meno
2026-09-18 05:49:13 | INFO     | Saving at a/skeb/ak4meno-bbc79d.json
2026-09-18 05:49:14 | WARNING  | 404 on https://skeb.jp/api/users/porupepo (attempt 1/3)
2026-09-18 05:49:15 | INFO     | OK https://skeb.jp/api/users/original_only_
2026-09-18 05:49:15 | INFO     | Saving at a/skeb/original_only_-f7269d.json
2026-09-18 05:49:16 | INFO     | OK https://skeb.jp/api/users/ttm_mg
2026-09-18 05:49:16 | INFO     | Saving at a/skeb/ttm_mg-f9be42.json
2026-09-18 05:49:17 | INFO     | OK https://skeb.jp/api/users/s0nya19
2026-09-18 05:49:17 | INFO     | Saving at a/skeb/s0nya19-a6927b.json
2026-09-18 05:49:18 | INFO     | OK https://skeb.jp/api/users/HaL_ka_Dai
2026-09-18 05:49:18 | INFO     | Saving at a/skeb/HaL_ka_Dai-403098.json
2026-09-18 05:49:19 | WARNING  | 404 on https://skeb.jp/api/users/porupepo (attempt 2/3)
2026-09-18 05:49:20 | INFO     | OK https://skeb.jp/api/users/mhy_fuulin
2026-09-18 05:49:20 | INFO     | Saving at a/skeb/mhy_fuulin-f86a02.json
2026-09-18 05:49:21 | INFO     | OK https://skeb.jp/api/users/keseranpasaraa
2026-09-18 05:49:21 | INFO     | Saving at a/skeb/keseranpasaraa-33dcb0.json
2026-09-18 05:49:22 | WARNING  | 404 on https://skeb.jp/api/users/lyloli35 (attempt 3/3)
2026-09-18 05:49:23 | INFO     | OK https://skeb.jp/api/users/GHEE_ART_JP
2026-09-18 05:49:23 | INFO     | Saving at a/skeb/GHEE_ART_JP-ddb028.json
2026-09-18 05:49:24 | INFO     | OK https://skeb.jp/api/users/minamo_yuzu
2026-09-18 05:49:24 | INFO     | Saving at a/skeb/minamo_yuzu-807a46.json
2026-09-18 05:49:25 | INFO     | OK https://skeb.jp/api/users/h1na_vrc
2026-09-18 05:49:25 | INFO     | Saving at a/skeb/h1na_vrc-8d2db2.json
2026-09-18 05:49:26 | INFO     | OK https://skeb.jp/api/users/nyamiya_2
2026-09-18 05:49:26 | INFO     | Saving at a/skeb/nyamiya_2-8b01af.json
2026-09-18 05:49:27 | INFO     | OK https://skeb.jp/api/users/Haruto64475558
2026-09-18 05:49:27 | INFO     | Saving at a/skeb/Haruto64475558-02efc6.json
2026-09-18 05:49:28 | INFO     | OK https://skeb.jp/api/users/wrt_428
2026-09-18 05:49:28 | INFO     | Saving at a/skeb/wrt_428-53766a.json
2026-09-18 05:49:29 | INFO     | OK https://skeb.jp/api/users/kuriltuku
2026-09-18 05:49:29 | INFO     | Saving at a/skeb/kuriltuku-1a936b.json
2026-09-18 05:49:30 | INFO     | OK https://skeb.jp/api/users/pvfbq2
2026-09-18 05:49:30 | INFO     | Saving at a/skeb/pvfbq2-7a1b08.json
2026-09-18 05:49:31 | INFO     | OK https://skeb.jp/api/users/miya_nitijo
2026-09-18 05:49:31 | INFO     | Saving at a/skeb/miya_nitijo-e1f1a9.json
2026-09-18 05:49:32 | WARNING  | 404 on https://skeb.jp/api/users/NAMCOO (attempt 1/3)
2026-09-18 05:49:33 | WARNING  | 404 on https://skeb.jp/api/users/porupepo (attempt 3/3)
2026-09-18 05:49:34 | INFO     | OK https://skeb.jp/api/users/ONE68_0503
2026-09-18 05:49:34 | INFO     | Saving at a/skeb/ONE68_0503-8cfa3a.json
2026-09-18 05:49:35 | INFO     | OK https://skeb.jp/api/users/hpyp
2026-09-18 05:49:35 | INFO     | Saving at a/skeb/hpyp-8cb040.json
2026-09-18 05:49:36 | WARNING  | 404 on https://skeb.jp/api/users/NAMCOO (attempt 2/3)
2026-09-18 05:49:37 | INFO     | OK https://skeb.jp/api/users/lovegenerator
2026-09-18 05:49:37 | INFO     | Saving at a/skeb/lovegenerator-38d30e.json
2026-09-18 05:49:38 | WARNING  | 404 on https://skeb.jp/api/users/bocoh_skeb (attempt 1/3)
2026-09-18 05:49:39 | INFO     | OK https://skeb.jp/api/users/minasesin
2026-09-18 05:49:39 | INFO     | Saving at a/skeb/minasesin-64e0bf.json
2026-09-18 05:49:40 | INFO     | OK https://skeb.jp/api/users/jiganogazoran
2026-09-18 05:49:40 | INFO     | Saving at a/skeb/jiganogazoran-837d7d.json
2026-09-18 05:49:41 | INFO     | OK https://skeb.jp/api/users/ASIATO_3
2026-09-18 05:49:41 | INFO     | Saving at a/skeb/ASIATO_3-e6e5c8.json
2026-09-18 05:49:42 | INFO     | OK https://skeb.jp/api/users/SketchesTaiyo
2026-09-18 05:49:42 | INFO     | Saving at a/skeb/SketchesTaiyo-3ba21a.json
2026-09-18 05:49:43 | INFO     | OK https://skeb.jp/api/users/karinntou02
2026-09-18 05:49:43 | INFO     | Saving at a/skeb/karinntou02-fb4eaf.json
2026-09-18 05:49:44 | WARNING  | 404 on https://skeb.jp/api/users/BwuniiVoyager (attempt 1/3)
2026-09-18 05:49:45 | WARNING  | 404 on https://skeb.jp/api/users/bocoh_skeb (attempt 2/3)
2026-09-18 05:49:46 | WARNING  | 404 on https://skeb.jp/api/users/NAMCOO (attempt 3/3)
2026-09-18 05:49:47 | INFO     | OK https://skeb.jp/api/users/Akiho_dayoooo
2026-09-18 05:49:47 | INFO     | Saving at a/skeb/Akiho_dayoooo-8bf5b1.json
2026-09-18 05:49:48 | WARNING  | 404 on https://skeb.jp/api/users/BwuniiVoyager (attempt 2/3)
2026-09-18 05:49:49 | INFO     | OK https://skeb.jp/api/users/harupiyo
2026-09-18 05:49:49 | INFO     | Saving at a/skeb/harupiyo-22b8b3.json
2026-09-18 05:49:50 | WARNING  | 404 on https://skeb.jp/api/users/bocoh_skeb (attempt 3/3)
2026-09-18 05:49:50 | INFO     | Saving at a/skeb/bocoh_skeb-327ecb.json
2026-09-18 05:49:51 | INFO     | OK https://skeb.jp/api/users/_Ninishi_2
2026-09-18 05:49:51 | INFO     | Saving at a/skeb/_Ninishi_2-3b5db7.json
2026-09-18 05:49:52 | INFO     | OK https://skeb.jp/api/users/BA7mix
2026-09-18 05:49:52 | INFO     | Saving at a/skeb/BA7mix-56bc9f.json
2026-09-18 05:49:53 | INFO     | OK https://skeb.jp/api/users/zgkik
2026-09-18 05:49:53 | INFO     | Saving at a/skeb/zgkik-ef219e.json
2026-09-18 05:49:54 | INFO     | OK https://skeb.jp/api/users/Sketchbookman
2026-09-18 05:49:54 | INFO     | Saving at a/skeb/Sketchbookman-aa23f4.json
2026-09-18 05:49:55 | INFO     | OK https://skeb.jp/api/users/sori_mashiro
2026-09-18 05:49:55 | INFO     | Saving at a/skeb/sori_mashiro-420535.json
2026-09-18 05:49:56 | INFO     | OK https://skeb.jp/api/users/cetus_kkk
2026-09-18 05:49:56 | INFO     | Saving at a/skeb/cetus_kkk-6f6930.json
2026-09-18 05:49:57 | INFO     | OK https://skeb.jp/api/users/ya_guruma_sou
2026-09-18 05:49:57 | INFO     | Saving at a/skeb/ya_guruma_sou-40c91b.json
2026-09-18 05:49:58 | INFO     | OK https://skeb.jp/api/users/KoshiITA_Okina
2026-09-18 05:49:58 | INFO     | Saving at a/skeb/KoshiITA_Okina-88994e.json
2026-09-18 05:49:59 | INFO     | OK https://skeb.jp/api/users/suzk2121
2026-09-18 05:49:59 | INFO     | Saving at a/skeb/suzk2121-51f8e4.json
2026-09-18 05:50:00 | INFO     | OK https://skeb.jp/api/users/suzunashi_0
2026-09-18 05:50:00 | INFO     | Saving at a/skeb/suzunashi_0-bd6837.json
2026-09-18 05:50:01 | INFO     | OK https://skeb.jp/api/users/Rubel_vrc
2026-09-18 05:50:01 | INFO     | Saving at a/skeb/Rubel_vrc-960bf0.json
2026-09-18 05:50:02 | INFO     | OK https://skeb.jp/api/users/minatsucat
2026-09-18 05:50:02 | INFO     | Saving at a/skeb/minatsucat-9702b6.json
2026-09-18 05:50:03 | INFO     | OK https://skeb.jp/api/users/414Yhy78489
2026-09-18 05:50:03 | INFO     | Saving at a/skeb/414Yhy78489-fd020d.json
2026-09-18 05:50:04 | INFO     | OK https://skeb.jp/api/users/pipica_22
2026-09-18 05:50:04 | INFO     | Saving at a/skeb/pipica_22-ceeb34.json
2026-09-18 05:50:05 | INFO     | OK https://skeb.jp/api/users/0mei2
2026-09-18 05:50:05 | INFO     | Saving at a/skeb/0mei2-72b7cc.json
2026-09-18 05:50:06 | INFO     | OK https://skeb.jp/api/users/kanato_345
2026-09-18 05:50:06 | INFO     | Saving at a/skeb/kanato_345-025896.json
2026-09-18 05:50:07 | INFO     | OK https://skeb.jp/api/users/mrmrmrngg
2026-09-18 05:50:07 | INFO     | Saving at a/skeb/mrmrmrngg-ddc639.json
2026-09-18 05:50:08 | INFO     | OK https://skeb.jp/api/users/BBBucky_p
2026-09-18 05:50:08 | INFO     | Saving at a/skeb/BBBucky_p-79ea28.json
2026-09-18 05:50:09 | INFO     | OK https://skeb.jp/api/users/ruriekaku
2026-09-18 05:50:09 | INFO     | Saving at a/skeb/ruriekaku-71492d.json
2026-09-18 05:50:10 | WARNING  | 404 on https://skeb.jp/api/users/haturu (attempt 1/3)
2026-09-18 05:50:11 | INFO     | OK https://skeb.jp/api/users/huwari_12345
2026-09-18 05:50:11 | INFO     | Saving at a/skeb/huwari_12345-b61894.json
2026-09-18 05:50:12 | WARNING  | 404 on https://skeb.jp/api/users/BwuniiVoyager (attempt 3/3)
2026-09-18 05:50:13 | INFO     | OK https://skeb.jp/api/users/serusiwasu
2026-09-18 05:50:13 | INFO     | Saving at a/skeb/serusiwasu-ef20e6.json
2026-09-18 05:50:14 | INFO     | OK https://skeb.jp/api/users/dream__lands
2026-09-18 05:50:14 | INFO     | Saving at a/skeb/dream__lands-5d1383.json
2026-09-18 05:50:15 | INFO     | OK https://skeb.jp/api/users/rioaquasama
2026-09-18 05:50:15 | INFO     | Saving at a/skeb/rioaquasama-8e2a74.json
2026-09-18 05:50:16 | INFO     | OK https://skeb.jp/api/users/oishitamanegi
2026-09-18 05:50:16 | INFO     | Saving at a/skeb/oishitamanegi-b63d4a.json
2026-09-18 05:50:17 | INFO     | OK https://skeb.jp/api/users/higaragi0209
2026-09-18 05:50:17 | INFO     | Saving at a/skeb/higaragi0209-275969.json
2026-09-18 05:50:18 | INFO     | OK https://skeb.jp/api/users/bigbamn2neo
2026-09-18 05:50:18 | INFO     | Saving at a/skeb/bigbamn2neo-8a4106.json
2026-09-18 05:50:19 | INFO     | OK https://skeb.jp/api/users/461Alfred
2026-09-18 05:50:19 | INFO     | Saving at a/skeb/461Alfred-392f1e.json
2026-09-18 05:50:20 | INFO     | OK https://skeb.jp/api/users/mashiro281
2026-09-18 05:50:20 | INFO     | Saving at a/skeb/mashiro281-64224f.json
2026-09-18 05:50:21 | INFO     | OK https://skeb.jp/api/users/onita4649
2026-09-18 05:50:21 | INFO     | Saving at a/skeb/onita4649-a40698.json
2026-09-18 05:50:22 | INFO     | OK https://skeb.jp/api/users/kurorio1
2026-09-18 05:50:22 | INFO     | Saving at a/skeb/kurorio1-9262d7.json
2026-09-18 05:50:23 | INFO     | OK https://skeb.jp/api/users/Super_DX_77
2026-09-18 05:50:23 | INFO     | Saving at a/skeb/Super_DX_77-348a85.json
2026-09-18 05:50:24 | INFO     | OK https://skeb.jp/api/users/yo2egui
2026-09-18 05:50:24 | INFO     | Saving at a/skeb/yo2egui-8879e6.json
2026-09-18 05:50:25 | INFO     | OK https://skeb.jp/api/users/otyakaistar
2026-09-18 05:50:25 | INFO     | Saving at a/skeb/otyakaistar-897b64.json
2026-09-18 05:50:26 | INFO     | OK https://skeb.jp/api/users/KANALEMO_chan
2026-09-18 05:50:26 | INFO     | Saving at a/skeb/KANALEMO_chan-d829c9.json
2026-09-18 05:50:27 | INFO     | OK https://skeb.jp/api/users/IzuNOOOOON
2026-09-18 05:50:27 | INFO     | Saving at a/skeb/IzuNOOOOON-f14f4e.json
2026-09-18 05:50:28 | INFO     | OK https://skeb.jp/api/users/pyonpetach
2026-09-18 05:50:28 | INFO     | Saving at a/skeb/pyonpetach-339e2e.json
2026-09-18 05:50:29 | INFO     | OK https://skeb.jp/api/users/agnooekaki
2026-09-18 05:50:29 | INFO     | Saving at a/skeb/agnooekaki-7fa093.json
2026-09-18 05:50:30 | INFO     | OK https://skeb.jp/api/users/zc_clwo
2026-09-18 05:50:30 | INFO     | Saving at a/skeb/zc_clwo-46afc1.json
2026-09-18 05:50:31 | INFO     | OK https://skeb.jp/api/users/nekohi2tetrapod
2026-09-18 05:50:31 | INFO     | Saving at a/skeb/nekohi2tetrapod-8475ab.json
2026-09-18 05:50:32 | INFO     | OK https://skeb.jp/api/users/XSWxOietii
2026-09-18 05:50:32 | INFO     | Saving at a/skeb/XSWxOietii-2b1ce7.json
2026-09-18 05:50:33 | INFO     | OK https://skeb.jp/api/users/7703_i
2026-09-18 05:50:33 | INFO     | Saving at a/skeb/7703_i-7fe0f8.json
2026-09-18 05:50:34 | INFO     | OK https://skeb.jp/api/users/zebra_vz
2026-09-18 05:50:34 | INFO     | Saving at a/skeb/zebra_vz-ea89b8.json
2026-09-18 05:50:35 | INFO     | OK https://skeb.jp/api/users/gyumei_shippou
2026-09-18 05:50:35 | INFO     | Saving at a/skeb/gyumei_shippou-78853a.json
2026-09-18 05:50:36 | INFO     | OK https://skeb.jp/api/users/ochatoissho
2026-09-18 05:50:36 | INFO     | Saving at a/skeb/ochatoissho-4c7cdb.json
2026-09-18 05:50:37 | INFO     | OK https://skeb.jp/api/users/Blue_yudetama
2026-09-18 05:50:37 | INFO     | Saving at a/skeb/Blue_yudetama-030509.json
2026-09-18 05:50:38 | INFO     | OK https://skeb.jp/api/users/gs999000
2026-09-18 05:50:38 | INFO     | Saving at a/skeb/gs999000-0f48b4.json
2026-09-18 05:50:39 | WARNING  | 404 on https://skeb.jp/api/users/haturu (attempt 2/3)
2026-09-18 05:50:40 | INFO     | OK https://skeb.jp/api/users/EnuMiyan
2026-09-18 05:50:40 | INFO     | Saving at a/skeb/EnuMiyan-b1b623.json
2026-09-18 05:50:41 | INFO     | OK https://skeb.jp/api/users/mio_0818
2026-09-18 05:50:41 | INFO     | Saving at a/skeb/mio_0818-3b3fda.json
2026-09-18 05:50:42 | INFO     | OK https://skeb.jp/api/users/maruimono08
2026-09-18 05:50:42 | INFO     | Saving at a/skeb/maruimono08-b51cd6.json
2026-09-18 05:50:43 | INFO     | OK https://skeb.jp/api/users/Niyu_Chang
2026-09-18 05:50:43 | INFO     | Saving at a/skeb/Niyu_Chang-26a6a0.json
2026-09-18 05:50:44 | INFO     | OK https://skeb.jp/api/users/IVcrowss
2026-09-18 05:50:44 | INFO     | Saving at a/skeb/IVcrowss-e491d9.json
2026-09-18 05:50:45 | WARNING  | 404 on https://skeb.jp/api/users/haturu (attempt 3/3)
2026-09-18 05:50:46 | INFO     | OK https://skeb.jp/api/users/yandere_town
2026-09-18 05:50:46 | INFO     | Saving at a/skeb/yandere_town-43bfff.json
2026-09-18 05:50:47 | INFO     | OK https://skeb.jp/api/users/Cassia_1fall5
2026-09-18 05:50:47 | INFO     | Saving at a/skeb/Cassia_1fall5-587b29.json
2026-09-18 05:50:48 | INFO     | OK https://skeb.jp/api/users/YamiotiKong
2026-09-18 05:50:48 | INFO     | Saving at a/skeb/YamiotiKong-fe8844.json
2026-09-18 05:50:49 | INFO     | OK https://skeb.jp/api/users/MIBkai
2026-09-18 05:50:49 | INFO     | Saving at a/skeb/MIBkai-bbd579.json
2026-09-18 05:50:50 | INFO     | OK https://skeb.jp/api/users/nakatsukuniaki
2026-09-18 05:50:50 | INFO     | Saving at a/skeb/nakatsukuniaki-ed7831.json
2026-09-18 05:50:51 | INFO     | OK https://skeb.jp/api/users/ei_neruno
2026-09-18 05:50:51 | INFO     | Saving at a/skeb/ei_neruno-afe736.json
2026-09-18 05:50:52 | INFO     | OK https://skeb.jp/api/users/U_shigoro456
2026-09-18 05:50:52 | INFO     | Saving at a/skeb/U_shigoro456-383992.json
2026-09-18 05:50:53 | INFO     | OK https://skeb.jp/api/users/dou4te_dayo
2026-09-18 05:50:53 | INFO     | Saving at a/skeb/dou4te_dayo-f106ac.json
2026-09-18 05:50:54 | INFO     | OK https://skeb.jp/api/users/chronoi_art
2026-09-18 05:50:55 | INFO     | Saving at a/skeb/chronoi_art-a20c21.json
2026-09-18 05:50:55 | INFO     | OK https://skeb.jp/api/users/eye20806972
2026-09-18 05:50:55 | INFO     | Saving at a/skeb/eye20806972-b06af8.json
2026-09-18 05:50:56 | INFO     | OK https://skeb.jp/api/users/0GRM
2026-09-18 05:50:56 | INFO     | Saving at a/skeb/0GRM-113896.json
2026-09-18 05:50:57 | INFO     | OK https://skeb.jp/api/users/Specuevo
2026-09-18 05:50:57 | INFO     | Saving at a/skeb/Specuevo-26d092.json
2026-09-18 05:50:58 | INFO     | OK https://skeb.jp/api/users/hamratgold
2026-09-18 05:50:58 | INFO     | Saving at a/skeb/hamratgold-d03085.json
2026-09-18 05:50:59 | INFO     | OK https://skeb.jp/api/users/sei03091
2026-09-18 05:50:59 | INFO     | Saving at a/skeb/sei03091-176f25.json
2026-09-18 05:51:00 | INFO     | OK https://skeb.jp/api/users/shigei_motoya
2026-09-18 05:51:00 | INFO     | Saving at a/skeb/shigei_motoya-e252bb.json
2026-09-18 05:51:01 | INFO     | OK https://skeb.jp/api/users/Urada_Silue
2026-09-18 05:51:01 | INFO     | Saving at a/skeb/Urada_Silue-4faeb5.json
2026-09-18 05:51:02 | INFO     | OK https://skeb.jp/api/users/inoetan
2026-09-18 05:51:02 | INFO     | Saving at a/skeb/inoetan-499456.json
2026-09-18 05:51:03 | INFO     | OK https://skeb.jp/api/users/urioio
2026-09-18 05:51:03 | INFO     | Saving at a/skeb/urioio-d334f7.json
2026-09-18 05:51:04 | INFO     | OK https://skeb.jp/api/users/hinoki_monkey
2026-09-18 05:51:04 | INFO     | Saving at a/skeb/hinoki_monkey-202268.json
2026-09-18 05:51:05 | INFO     | OK https://skeb.jp/api/users/nanana_namie
2026-09-18 05:51:05 | INFO     | Saving at a/skeb/nanana_namie-269c28.json
2026-09-18 05:51:06 | INFO     | OK https://skeb.jp/api/users/higyohigyo
2026-09-18 05:51:06 | INFO     | Saving at a/skeb/higyohigyo-45a4c6.json
2026-09-18 05:51:07 | INFO     | OK https://skeb.jp/api/users/YukimuraTsubame
2026-09-18 05:51:07 | INFO     | Saving at a/skeb/YukimuraTsubame-9d5d18.json
2026-09-18 05:51:08 | INFO     | OK https://skeb.jp/api/users/miRai_Ciel
2026-09-18 05:51:08 | INFO     | Saving at a/skeb/miRai_Ciel-626662.json
2026-09-18 05:51:09 | INFO     | OK https://skeb.jp/api/users/AMIk0824
2026-09-18 05:51:09 | INFO     | Saving at a/skeb/AMIk0824-1b2322.json
2026-09-18 05:51:10 | INFO     | OK https://skeb.jp/api/users/SORUsugar0141
2026-09-18 05:51:10 | INFO     | Saving at a/skeb/SORUsugar0141-3d3963.json
2026-09-18 05:51:11 | INFO     | OK https://skeb.jp/api/users/Motyako__1005
2026-09-18 05:51:11 | INFO     | Saving at a/skeb/Motyako__1005-7e1ed9.json
2026-09-18 05:51:12 | INFO     | OK https://skeb.jp/api/users/Yukineco_0928
2026-09-18 05:51:12 | INFO     | Saving at a/skeb/Yukineco_0928-6c8da8.json
2026-09-18 05:51:13 | INFO     | OK https://skeb.jp/api/users/cowocz
2026-09-18 05:51:13 | INFO     | Saving at a/skeb/cowocz-9298e4.json
2026-09-18 05:51:14 | INFO     | OK https://skeb.jp/api/users/burikingyo0327
2026-09-18 05:51:14 | INFO     | Saving at a/skeb/burikingyo0327-f5d00b.json
2026-09-18 05:51:15 | INFO     | OK https://skeb.jp/api/users/xz8ga
2026-09-18 05:51:15 | INFO     | Saving at a/skeb/xz8ga-9177e3.json
2026-09-18 05:51:16 | INFO     | OK https://skeb.jp/api/users/penpenpen0905
2026-09-18 05:51:16 | INFO     | Saving at a/skeb/penpenpen0905-aa94e4.json
2026-09-18 05:51:17 | INFO     | OK https://skeb.jp/api/users/Aji_11300913
2026-09-18 05:51:17 | INFO     | Saving at a/skeb/Aji_11300913-4f019b.json
2026-09-18 05:51:18 | WARNING  | 404 on https://skeb.jp/api/users/kittanke6056 (attempt 1/3)
2026-09-18 05:51:19 | INFO     | OK https://skeb.jp/api/users/hteraoo
2026-09-18 05:51:19 | INFO     | Saving at a/skeb/hteraoo-6797b7.json
2026-09-18 05:51:20 | INFO     | OK https://skeb.jp/api/users/kamidan29
2026-09-18 05:51:20 | INFO     | Saving at a/skeb/kamidan29-9064af.json
2026-09-18 05:51:21 | INFO     | OK https://skeb.jp/api/users/tokucho2
2026-09-18 05:51:21 | INFO     | Saving at a/skeb/tokucho2-c60895.json
2026-09-18 05:51:22 | INFO     | OK https://skeb.jp/api/users/iisonntagii
2026-09-18 05:51:22 | INFO     | Saving at a/skeb/iisonntagii-95ff2f.json
2026-09-18 05:51:23 | WARNING  | 404 on https://skeb.jp/api/users/jmatt37art (attempt 1/3)
2026-09-18 05:51:24 | INFO     | OK https://skeb.jp/api/users/mulletccub110
2026-09-18 05:51:24 | INFO     | Saving at a/skeb/mulletccub110-a092fc.json
2026-09-18 05:51:25 | INFO     | OK https://skeb.jp/api/users/Maxima_Sakuya
2026-09-18 05:51:25 | INFO     | Saving at a/skeb/Maxima_Sakuya-16d58b.json
2026-09-18 05:51:26 | INFO     | OK https://skeb.jp/api/users/LPclzz
2026-09-18 05:51:26 | INFO     | Saving at a/skeb/LPclzz-1ba81a.json
2026-09-18 05:51:27 | INFO     | OK https://skeb.jp/api/users/tazikara
2026-09-18 05:51:27 | INFO     | Saving at a/skeb/tazikara-037528.json
2026-09-18 05:51:28 | WARNING  | 404 on https://skeb.jp/api/users/jmatt37art (attempt 2/3)
2026-09-18 05:51:29 | INFO     | OK https://skeb.jp/api/users/E_27910
2026-09-18 05:51:29 | INFO     | Saving at a/skeb/E_27910-22bb46.json
2026-09-18 05:51:30 | INFO     | OK https://skeb.jp/api/users/tokiwajing
2026-09-18 05:51:30 | INFO     | Saving at a/skeb/tokiwajing-2801de.json
2026-09-18 05:51:31 | INFO     | OK https://skeb.jp/api/users/kaninore
2026-09-18 05:51:31 | INFO     | Saving at a/skeb/kaninore-7e7094.json
2026-09-18 05:51:32 | INFO     | OK https://skeb.jp/api/users/UmrDzfMCuYD3Sxv
2026-09-18 05:51:32 | INFO     | Saving at a/skeb/UmrDzfMCuYD3Sxv-3c6c11.json
2026-09-18 05:51:33 | INFO     | OK https://skeb.jp/api/users/Wa_fooo
2026-09-18 05:51:33 | INFO     | Saving at a/skeb/Wa_fooo-953c95.json
2026-09-18 05:51:34 | INFO     | OK https://skeb.jp/api/users/NaNa_nijino
2026-09-18 05:51:34 | INFO     | Saving at a/skeb/NaNa_nijino-e47611.json
2026-09-18 05:51:35 | INFO     | OK https://skeb.jp/api/users/runoo924
2026-09-18 05:51:35 | INFO     | Saving at a/skeb/runoo924-01ac71.json
2026-09-18 05:51:36 | INFO     | OK https://skeb.jp/api/users/mosotto0601
2026-09-18 05:51:36 | INFO     | Saving at a/skeb/mosotto0601-9bba4d.json
2026-09-18 05:51:37 | INFO     | OK https://skeb.jp/api/users/suzunana0730
2026-09-18 05:51:37 | INFO     | Saving at a/skeb/suzunana0730-e529f9.json
2026-09-18 05:51:38 | INFO     | OK https://skeb.jp/api/users/y_u_r4
2026-09-18 05:51:38 | INFO     | Saving at a/skeb/y_u_r4-40a6c0.json
2026-09-18 05:51:39 | INFO     | OK https://skeb.jp/api/users/kengo79
2026-09-18 05:51:39 | INFO     | Saving at a/skeb/kengo79-0f0bd8.json
2026-09-18 05:51:40 | INFO     | OK https://skeb.jp/api/users/Komu_sub
2026-09-18 05:51:40 | INFO     | Saving at a/skeb/Komu_sub-2b54e1.json
2026-09-18 05:51:41 | INFO     | OK https://skeb.jp/api/users/atukan_
2026-09-18 05:51:41 | INFO     | Saving at a/skeb/atukan_-933421.json
2026-09-18 05:51:42 | INFO     | OK https://skeb.jp/api/users/kamosika123
2026-09-18 05:51:42 | INFO     | Saving at a/skeb/kamosika123-3f707f.json
2026-09-18 05:51:43 | INFO     | OK https://skeb.jp/api/users/moma_tea_
2026-09-18 05:51:43 | INFO     | Saving at a/skeb/moma_tea_-75f9b9.json
2026-09-18 05:51:44 | INFO     | OK https://skeb.jp/api/users/Mumei_096
2026-09-18 05:51:44 | INFO     | Saving at a/skeb/Mumei_096-6abc90.json
2026-09-18 05:51:45 | INFO     | OK https://skeb.jp/api/users/watakon
2026-09-18 05:51:45 | INFO     | Saving at a/skeb/watakon-c44f7c.json
2026-09-18 05:51:46 | WARNING  | 404 on https://skeb.jp/api/users/jmatt37art (attempt 3/3)
2026-09-18 05:51:47 | INFO     | OK https://skeb.jp/api/users/reianother
2026-09-18 05:51:47 | INFO     | Saving at a/skeb/reianother-4065e3.json
2026-09-18 05:51:48 | INFO     | OK https://skeb.jp/api/users/daishuukaku01
2026-09-18 05:51:48 | INFO     | Saving at a/skeb/daishuukaku01-ae0920.json
2026-09-18 05:51:49 | INFO     | OK https://skeb.jp/api/users/Aichi1125
2026-09-18 05:51:49 | INFO     | Saving at a/skeb/Aichi1125-36865e.json
2026-09-18 05:51:50 | INFO     | OK https://skeb.jp/api/users/amamayaunduy
2026-09-18 05:51:50 | INFO     | Saving at a/skeb/amamayaunduy-279dd6.json
2026-09-18 05:51:51 | INFO     | OK https://skeb.jp/api/users/ORk36846
2026-09-18 05:51:51 | INFO     | Saving at a/skeb/ORk36846-845a2d.json
2026-09-18 05:51:52 | INFO     | OK https://skeb.jp/api/users/BOY7qYMFiqNsJFv
2026-09-18 05:51:52 | INFO     | Saving at a/skeb/BOY7qYMFiqNsJFv-f8688c.json
2026-09-18 05:51:53 | INFO     | OK https://skeb.jp/api/users/karuras_room
2026-09-18 05:51:53 | INFO     | Saving at a/skeb/karuras_room-76a006.json
2026-09-18 05:51:54 | INFO     | OK https://skeb.jp/api/users/DaiShimaVT
2026-09-18 05:51:54 | INFO     | Saving at a/skeb/DaiShimaVT-bde170.json
2026-09-18 05:51:55 | INFO     | OK https://skeb.jp/api/users/hiragana_sherry
2026-09-18 05:51:55 | INFO     | Saving at a/skeb/hiragana_sherry-2b17df.json
2026-09-18 05:51:56 | INFO     | OK https://skeb.jp/api/users/yumemiya_saya
2026-09-18 05:51:56 | INFO     | Saving at a/skeb/yumemiya_saya-1341c2.json
2026-09-18 05:51:57 | INFO     | OK https://skeb.jp/api/users/arumi__T_T
2026-09-18 05:51:57 | INFO     | Saving at a/skeb/arumi__T_T-9c5c5e.json
2026-09-18 05:51:58 | INFO     | OK https://skeb.jp/api/users/SB8496shibainu
2026-09-18 05:51:58 | INFO     | Saving at a/skeb/SB8496shibainu-4219f5.json
2026-09-18 05:51:59 | INFO     | OK https://skeb.jp/api/users/Kenichi__art
2026-09-18 05:51:59 | INFO     | Saving at a/skeb/Kenichi__art-127468.json
2026-09-18 05:52:00 | WARNING  | 404 on https://skeb.jp/api/users/kittanke6056 (attempt 2/3)
2026-09-18 05:52:01 | INFO     | OK https://skeb.jp/api/users/3otsuki_ill
2026-09-18 05:52:01 | INFO     | Saving at a/skeb/3otsuki_ill-f6916b.json
2026-09-18 05:52:02 | INFO     | OK https://skeb.jp/api/users/puka_0507
2026-09-18 05:52:02 | INFO     | Saving at a/skeb/puka_0507-8a62ad.json
2026-09-18 05:52:03 | INFO     | OK https://skeb.jp/api/users/yamirine_2
2026-09-18 05:52:03 | INFO     | Saving at a/skeb/yamirine_2-fc7f07.json
2026-09-18 05:52:04 | INFO     | OK https://skeb.jp/api/users/kawahagi_modoki
2026-09-18 05:52:04 | INFO     | Saving at a/skeb/kawahagi_modoki-35ab09.json
2026-09-18 05:52:05 | INFO     | OK https://skeb.jp/api/users/grtom_cr
2026-09-18 05:52:05 | INFO     | Saving at a/skeb/grtom_cr-3b13a6.json
2026-09-18 05:52:06 | INFO     | OK https://skeb.jp/api/users/sotsunaku
2026-09-18 05:52:06 | INFO     | Saving at a/skeb/sotsunaku-3e5431.json
2026-09-18 05:52:07 | INFO     | OK https://skeb.jp/api/users/WmHmZZg9Wahu0M7
2026-09-18 05:52:07 | INFO     | Saving at a/skeb/WmHmZZg9Wahu0M7-bc464f.json
2026-09-18 05:52:08 | INFO     | OK https://skeb.jp/api/users/TakumiShirahase
2026-09-18 05:52:08 | INFO     | Saving at a/skeb/TakumiShirahase-9f8333.json
2026-09-18 05:52:09 | INFO     | OK https://skeb.jp/api/users/oXm666_log
2026-09-18 05:52:09 | INFO     | Saving at a/skeb/oXm666_log-229c92.json
2026-09-18 05:52:10 | INFO     | OK https://skeb.jp/api/users/mitoji_3
2026-09-18 05:52:10 | INFO     | Saving at a/skeb/mitoji_3-aa8316.json
2026-09-18 05:52:11 | INFO     | OK https://skeb.jp/api/users/asa_hi_T
2026-09-18 05:52:11 | INFO     | Saving at a/skeb/asa_hi_T-47d786.json
2026-09-18 05:52:12 | WARNING  | 404 on https://skeb.jp/api/users/kittanke6056 (attempt 3/3)
2026-09-18 05:52:13 | INFO     | OK https://skeb.jp/api/users/Shizupla0120
2026-09-18 05:52:13 | INFO     | Saving at a/skeb/Shizupla0120-bdb5d4.json
2026-09-18 05:52:14 | INFO     | OK https://skeb.jp/api/users/uniuY_65167
2026-09-18 05:52:14 | INFO     | Saving at a/skeb/uniuY_65167-767147.json
2026-09-18 05:52:15 | INFO     | OK https://skeb.jp/api/users/izumi_koyomi
2026-09-18 05:52:15 | INFO     | Saving at a/skeb/izumi_koyomi-3f0da3.json
2026-09-18 05:52:16 | INFO     | OK https://skeb.jp/api/users/chibitora8810
2026-09-18 05:52:16 | INFO     | Saving at a/skeb/chibitora8810-3f8c3b.json
2026-09-18 05:52:17 | INFO     | OK https://skeb.jp/api/users/g_awa00
2026-09-18 05:52:17 | INFO     | Saving at a/skeb/g_awa00-0e6d8b.json
2026-09-18 05:52:18 | INFO     | OK https://skeb.jp/api/users/shinoi111
2026-09-18 05:52:18 | INFO     | Saving at a/skeb/shinoi111-e9801d.json
2026-09-18 05:52:19 | INFO     | OK https://skeb.jp/api/users/yuden_33
2026-09-18 05:52:19 | INFO     | Saving at a/skeb/yuden_33-717fa5.json
2026-09-18 05:52:20 | INFO     | OK https://skeb.jp/api/users/Ima4nal
2026-09-18 05:52:20 | INFO     | Saving at a/skeb/Ima4nal-f05284.json
2026-09-18 05:52:21 | INFO     | OK https://skeb.jp/api/users/kagaruru_113
2026-09-18 05:52:21 | INFO     | Saving at a/skeb/kagaruru_113-83b093.json
2026-09-18 05:52:22 | INFO     | OK https://skeb.jp/api/users/3kumini
2026-09-18 05:52:22 | INFO     | Saving at a/skeb/3kumini-94aff1.json
2026-09-18 05:52:23 | INFO     | OK https://skeb.jp/api/users/moni_9215
2026-09-18 05:52:23 | INFO     | Saving at a/skeb/moni_9215-b26a34.json
2026-09-18 05:52:24 | INFO     | OK https://skeb.jp/api/users/minoru_1204
2026-09-18 05:52:24 | INFO     | Saving at a/skeb/minoru_1204-d89f5e.json
2026-09-18 05:52:25 | INFO     | OK https://skeb.jp/api/users/toromix2
2026-09-18 05:52:25 | INFO     | Saving at a/skeb/toromix2-05e39a.json
2026-09-18 05:52:26 | INFO     | OK https://skeb.jp/api/users/red_sky
2026-09-18 05:52:26 | INFO     | Saving at a/skeb/red_sky-3f3138.json
2026-09-18 05:52:27 | INFO     | OK https://skeb.jp/api/users/ebinoinochi
2026-09-18 05:52:27 | INFO     | Saving at a/skeb/ebinoinochi-725df2.json
2026-09-18 05:52:28 | INFO     | OK https://skeb.jp/api/users/uwasewaaaau
2026-09-18 05:52:28 | INFO     | Saving at a/skeb/uwasewaaaau-ce09cc.json
2026-09-18 05:52:29 | INFO     | OK https://skeb.jp/api/users/mtr_310
2026-09-18 05:52:29 | INFO     | Saving at a/skeb/mtr_310-3f704c.json
2026-09-18 05:52:30 | WARNING  | 404 on https://skeb.jp/api/users/community_collab_society (attempt 1/3)
2026-09-18 05:52:31 | INFO     | OK https://skeb.jp/api/users/asuka82470
2026-09-18 05:52:31 | INFO     | Saving at a/skeb/asuka82470-a528e8.json
2026-09-18 05:52:32 | INFO     | OK https://skeb.jp/api/users/zbbznb_
2026-09-18 05:52:32 | INFO     | Saving at a/skeb/zbbznb_-d8274d.json
2026-09-18 05:52:33 | INFO     | OK https://skeb.jp/api/users/cinncat
2026-09-18 05:52:33 | INFO     | Saving at a/skeb/cinncat-9788b6.json
2026-09-18 05:52:34 | INFO     | OK https://skeb.jp/api/users/yomogikorin
2026-09-18 05:52:34 | INFO     | Saving at a/skeb/yomogikorin-531bb6.json
2026-09-18 05:52:35 | INFO     | OK https://skeb.jp/api/users/shiromofu
2026-09-18 05:52:35 | INFO     | Saving at a/skeb/shiromofu-5058f0.json
2026-09-18 05:52:36 | INFO     | OK https://skeb.jp/api/users/umykwa
2026-09-18 05:52:36 | INFO     | Saving at a/skeb/umykwa-25dd86.json
2026-09-18 05:52:37 | INFO     | OK https://skeb.jp/api/users/mitumi_ci
2026-09-18 05:52:37 | INFO     | Saving at a/skeb/mitumi_ci-589ef3.json
2026-09-18 05:52:38 | INFO     | OK https://skeb.jp/api/users/LiCCCo0008
2026-09-18 05:52:38 | INFO     | Saving at a/skeb/LiCCCo0008-273837.json
2026-09-18 05:52:39 | INFO     | OK https://skeb.jp/api/users/Newguchinoyama
2026-09-18 05:52:39 | INFO     | Saving at a/skeb/Newguchinoyama-e4fa21.json
2026-09-18 05:52:40 | INFO     | OK https://skeb.jp/api/users/kingGdora
2026-09-18 05:52:40 | INFO     | Saving at a/skeb/kingGdora-f2ddde.json
2026-09-18 05:52:41 | WARNING  | 404 on https://skeb.jp/api/users/community_collab_society (attempt 2/3)
2026-09-18 05:52:42 | INFO     | OK https://skeb.jp/api/users/takuto173
2026-09-18 05:52:42 | INFO     | Saving at a/skeb/takuto173-c91842.json
2026-09-18 05:52:43 | INFO     | OK https://skeb.jp/api/users/kkbn0n
2026-09-18 05:52:43 | INFO     | Saving at a/skeb/kkbn0n-830672.json
2026-09-18 05:52:44 | INFO     | OK https://skeb.jp/api/users/mugamoth
2026-09-18 05:52:44 | INFO     | Saving at a/skeb/mugamoth-05d8b6.json
2026-09-18 05:52:45 | INFO     | OK https://skeb.jp/api/users/cvn00msab
2026-09-18 05:52:45 | INFO     | Saving at a/skeb/cvn00msab-b83c50.json
2026-09-18 05:52:46 | INFO     | OK https://skeb.jp/api/users/Sakuto_101
2026-09-18 05:52:46 | INFO     | Saving at a/skeb/Sakuto_101-ae7824.json
2026-09-18 05:52:47 | INFO     | OK https://skeb.jp/api/users/neecat_illust
2026-09-18 05:52:47 | INFO     | Saving at a/skeb/neecat_illust-d980f1.json
2026-09-18 05:52:48 | WARNING  | 404 on https://skeb.jp/api/users/community_collab_society (attempt 3/3)
2026-09-18 05:52:49 | INFO     | OK https://skeb.jp/api/users/tabitabi666
2026-09-18 05:52:49 | INFO     | Saving at a/skeb/tabitabi666-6eda6b.json
2026-09-18 05:52:50 | INFO     | OK https://skeb.jp/api/users/bebop_sensen
2026-09-18 05:52:50 | INFO     | Saving at a/skeb/bebop_sensen-da1d9b.json
2026-09-18 05:52:51 | INFO     | OK https://skeb.jp/api/users/Kozu_39
2026-09-18 05:52:51 | INFO     | Saving at a/skeb/Kozu_39-f7d9b7.json
2026-09-18 05:52:52 | INFO     | OK https://skeb.jp/api/users/Seichi09
2026-09-18 05:52:52 | INFO     | Saving at a/skeb/Seichi09-9a3051.json
2026-09-18 05:52:53 | INFO     | OK https://skeb.jp/api/users/shiromantou
2026-09-18 05:52:53 | INFO     | Saving at a/skeb/shiromantou-fafbc0.json
2026-09-18 05:52:55 | INFO     | OK https://skeb.jp/api/users/nueko829
2026-09-18 05:52:55 | INFO     | Saving at a/skeb/nueko829-51013d.json
2026-09-18 05:52:55 | INFO     | OK https://skeb.jp/api/users/wan_inunu_wan
2026-09-18 05:52:55 | INFO     | Saving at a/skeb/wan_inunu_wan-1b20f9.json
2026-09-18 05:52:56 | INFO     | OK https://skeb.jp/api/users/momitai7
2026-09-18 05:52:56 | INFO     | Saving at a/skeb/momitai7-4a08f9.json
2026-09-18 05:52:57 | INFO     | OK https://skeb.jp/api/users/zarezare_Diego
2026-09-18 05:52:57 | INFO     | Saving at a/skeb/zarezare_Diego-abd6c8.json
2026-09-18 05:52:58 | INFO     | OK https://skeb.jp/api/users/ukiusagi
2026-09-18 05:52:58 | INFO     | Saving at a/skeb/ukiusagi-1655f3.json
2026-09-18 05:52:59 | INFO     | OK https://skeb.jp/api/users/sugoi_omizu
2026-09-18 05:52:59 | INFO     | Saving at a/skeb/sugoi_omizu-76988f.json
2026-09-18 05:53:00 | INFO     | OK https://skeb.jp/api/users/nrnr_msnr
2026-09-18 05:53:00 | INFO     | Saving at a/skeb/nrnr_msnr-6466b6.json
2026-09-18 05:53:01 | INFO     | OK https://skeb.jp/api/users/Gamel_120
2026-09-18 05:53:01 | INFO     | Saving at a/skeb/Gamel_120-ab0805.json
2026-09-18 05:53:02 | INFO     | OK https://skeb.jp/api/users/x_s2_UTxTU_s2_x
2026-09-18 05:53:02 | INFO     | Saving at a/skeb/x_s2_UTxTU_s2_x-b30347.json
2026-09-18 05:53:03 | INFO     | OK https://skeb.jp/api/users/tohta_pso2
2026-09-18 05:53:03 | INFO     | Saving at a/skeb/tohta_pso2-0a4c80.json
2026-09-18 05:53:04 | INFO     | OK https://skeb.jp/api/users/ebiebi_r
2026-09-18 05:53:04 | INFO     | Saving at a/skeb/ebiebi_r-507bad.json
2026-09-18 05:53:05 | INFO     | OK https://skeb.jp/api/users/90kyuuri
2026-09-18 05:53:05 | INFO     | Saving at a/skeb/90kyuuri-504fe0.json
2026-09-18 05:53:06 | WARNING  | 404 on https://skeb.jp/api/users/miko_316sya (attempt 1/3)
2026-09-18 05:53:07 | INFO     | OK https://skeb.jp/api/users/dena3E
2026-09-18 05:53:07 | INFO     | Saving at a/skeb/dena3E-d63045.json
2026-09-18 05:53:08 | INFO     | OK https://skeb.jp/api/users/Z47458030
2026-09-18 05:53:08 | INFO     | Saving at a/skeb/Z47458030-ea9413.json
2026-09-18 05:53:09 | INFO     | OK https://skeb.jp/api/users/bin_n0
2026-09-18 05:53:09 | INFO     | Saving at a/skeb/bin_n0-c2afd9.json
2026-09-18 05:53:10 | INFO     | OK https://skeb.jp/api/users/0oz_u
2026-09-18 05:53:10 | INFO     | Saving at a/skeb/0oz_u-8ca590.json
2026-09-18 05:53:12 | INFO     | OK https://skeb.jp/api/users/hekisa_ametrine
2026-09-18 05:53:12 | INFO     | Saving at a/skeb/hekisa_ametrine-695b34.json
2026-09-18 05:53:12 | INFO     | OK https://skeb.jp/api/users/KOAKUMA_RIMU
2026-09-18 05:53:12 | INFO     | Saving at a/skeb/KOAKUMA_RIMU-aacddf.json
2026-09-18 05:53:13 | WARNING  | 404 on https://skeb.jp/api/users/miko_316sya (attempt 2/3)
2026-09-18 05:53:14 | INFO     | OK https://skeb.jp/api/users/Huricoart
2026-09-18 05:53:14 | INFO     | Saving at a/skeb/Huricoart-6b8641.json
2026-09-18 05:53:15 | WARNING  | 404 on https://skeb.jp/api/users/IrisRoxella (attempt 1/3)
2026-09-18 05:53:16 | INFO     | OK https://skeb.jp/api/users/NINJAiraibashi
2026-09-18 05:53:16 | INFO     | Saving at a/skeb/NINJAiraibashi-242aae.json
2026-09-18 05:53:17 | INFO     | OK https://skeb.jp/api/users/8Ma__
2026-09-18 05:53:17 | INFO     | Saving at a/skeb/8Ma__-9e5954.json
2026-09-18 05:53:18 | INFO     | OK https://skeb.jp/api/users/dra5on_tatsumi
2026-09-18 05:53:18 | INFO     | Saving at a/skeb/dra5on_tatsumi-719272.json
2026-09-18 05:53:20 | INFO     | OK https://skeb.jp/api/users/kisaragi_00_1
2026-09-18 05:53:20 | INFO     | Saving at a/skeb/kisaragi_00_1-15b8b6.json
2026-09-18 05:53:20 | INFO     | OK https://skeb.jp/api/users/kuroe_mashiro
2026-09-18 05:53:20 | INFO     | Saving at a/skeb/kuroe_mashiro-f0c592.json
2026-09-18 05:53:21 | INFO     | OK https://skeb.jp/api/users/wanko_mofure
2026-09-18 05:53:21 | INFO     | Saving at a/skeb/wanko_mofure-0c8b5c.json
2026-09-18 05:53:22 | INFO     | OK https://skeb.jp/api/users/yrgfb69
2026-09-18 05:53:22 | INFO     | Saving at a/skeb/yrgfb69-f80e54.json
2026-09-18 05:53:23 | INFO     | OK https://skeb.jp/api/users/Sbv3Jq
2026-09-18 05:53:23 | INFO     | Saving at a/skeb/Sbv3Jq-d8e118.json
2026-09-18 05:53:24 | INFO     | OK https://skeb.jp/api/users/Potato2xyz
2026-09-18 05:53:24 | INFO     | Saving at a/skeb/Potato2xyz-51058c.json
2026-09-18 05:53:25 | INFO     | OK https://skeb.jp/api/users/kiyashikizonzon
2026-09-18 05:53:25 | INFO     | Saving at a/skeb/kiyashikizonzon-4546e9.json
2026-09-18 05:53:26 | WARNING  | 404 on https://skeb.jp/api/users/miko_316sya (attempt 3/3)
2026-09-18 05:53:27 | INFO     | OK https://skeb.jp/api/users/DEO_ME_ZA_SHI
2026-09-18 05:53:27 | INFO     | Saving at a/skeb/DEO_ME_ZA_SHI-d3bdbe.json
2026-09-18 05:53:28 | WARNING  | 404 on https://skeb.jp/api/users/IrisRoxella (attempt 2/3)
2026-09-18 05:53:29 | INFO     | OK https://skeb.jp/api/users/bbatuyoi
2026-09-18 05:53:29 | INFO     | Saving at a/skeb/bbatuyoi-9940da.json
2026-09-18 05:53:30 | INFO     | OK https://skeb.jp/api/users/DLN7NLEONR
2026-09-18 05:53:30 | INFO     | Saving at a/skeb/DLN7NLEONR-2648de.json
2026-09-18 05:53:31 | INFO     | OK https://skeb.jp/api/users/_sakuryo
2026-09-18 05:53:31 | INFO     | Saving at a/skeb/_sakuryo-ba6c4c.json
2026-09-18 05:53:32 | WARNING  | 404 on https://skeb.jp/api/users/maravent_ori (attempt 1/3)
2026-09-18 05:53:33 | INFO     | OK https://skeb.jp/api/users/kageiratwintail
2026-09-18 05:53:33 | INFO     | Saving at a/skeb/kageiratwintail-0d234e.json
2026-09-18 05:53:34 | INFO     | OK https://skeb.jp/api/users/yato_evil_reli
2026-09-18 05:53:34 | INFO     | Saving at a/skeb/yato_evil_reli-d44283.json
2026-09-18 05:53:35 | INFO     | OK https://skeb.jp/api/users/sakuraumesan
2026-09-18 05:53:35 | INFO     | Saving at a/skeb/sakuraumesan-10c42a.json
2026-09-18 05:53:37 | INFO     | OK https://skeb.jp/api/users/hchi_com
2026-09-18 05:53:37 | INFO     | Saving at a/skeb/hchi_com-546483.json
2026-09-18 05:53:37 | INFO     | OK https://skeb.jp/api/users/3San_325
2026-09-18 05:53:37 | INFO     | Saving at a/skeb/3San_325-71926d.json
2026-09-18 05:53:38 | INFO     | OK https://skeb.jp/api/users/siroipomeranian
2026-09-18 05:53:38 | INFO     | Saving at a/skeb/siroipomeranian-3277ec.json
2026-09-18 05:53:40 | WARNING  | 404 on https://skeb.jp/api/users/IrisRoxella (attempt 3/3)
2026-09-18 05:53:41 | WARNING  | 404 on https://skeb.jp/api/users/maravent_ori (attempt 2/3)
2026-09-18 05:53:41 | INFO     | OK https://skeb.jp/api/users/scskarm
2026-09-18 05:53:41 | INFO     | Saving at a/skeb/scskarm-517d49.json
2026-09-18 05:53:42 | INFO     | OK https://skeb.jp/api/users/00kaki00
2026-09-18 05:53:42 | INFO     | Saving at a/skeb/00kaki00-f27ce7.json
2026-09-18 05:53:43 | WARNING  | 404 on https://skeb.jp/api/users/karmorii (attempt 1/3)
2026-09-18 05:53:44 | INFO     | OK https://skeb.jp/api/users/1ka0135
2026-09-18 05:53:44 | INFO     | Saving at a/skeb/1ka0135-4615c6.json
2026-09-18 05:53:45 | INFO     | OK https://skeb.jp/api/users/MM111523
2026-09-18 05:53:45 | INFO     | Saving at a/skeb/MM111523-802fa7.json
2026-09-18 05:53:46 | INFO     | OK https://skeb.jp/api/users/illust_sagari
2026-09-18 05:53:46 | INFO     | Saving at a/skeb/illust_sagari-9dc53d.json
2026-09-18 05:53:47 | INFO     | OK https://skeb.jp/api/users/kesumogames
2026-09-18 05:53:47 | INFO     | Saving at a/skeb/kesumogames-cfe68e.json
2026-09-18 05:53:48 | INFO     | OK https://skeb.jp/api/users/Ask_kakite
2026-09-18 05:53:48 | INFO     | Saving at a/skeb/Ask_kakite-ca020f.json
2026-09-18 05:53:49 | INFO     | OK https://skeb.jp/api/users/Tear_berr
2026-09-18 05:53:49 | INFO     | Saving at a/skeb/Tear_berr-bef698.json
2026-09-18 05:53:51 | WARNING  | 404 on https://skeb.jp/api/users/maravent_ori (attempt 3/3)
2026-09-18 05:53:52 | INFO     | OK https://skeb.jp/api/users/82y_46p
2026-09-18 05:53:52 | INFO     | Saving at a/skeb/82y_46p-3a3f10.json
2026-09-18 05:53:52 | INFO     | OK https://skeb.jp/api/users/16sm2a
2026-09-18 05:53:52 | INFO     | Saving at a/skeb/16sm2a-7b398b.json
2026-09-18 05:53:54 | INFO     | OK https://skeb.jp/api/users/_kori_mizu_
2026-09-18 05:53:54 | INFO     | Saving at a/skeb/_kori_mizu_-c16722.json
2026-09-18 05:53:54 | INFO     | OK https://skeb.jp/api/users/monaka
2026-09-18 05:53:54 | INFO     | Saving at a/skeb/monaka-d32760.json
2026-09-18 05:53:55 | INFO     | OK https://skeb.jp/api/users/C8z82
2026-09-18 05:53:55 | INFO     | Saving at a/skeb/C8z82-7482a3.json
2026-09-18 05:53:56 | INFO     | OK https://skeb.jp/api/users/Msms1912718
2026-09-18 05:53:56 | INFO     | Saving at a/skeb/Msms1912718-dc21ae.json
2026-09-18 05:53:57 | INFO     | OK https://skeb.jp/api/users/Ikd_works
2026-09-18 05:53:57 | INFO     | Saving at a/skeb/Ikd_works-870626.json
2026-09-18 05:53:58 | WARNING  | 404 on https://skeb.jp/api/users/prof2399974 (attempt 1/3)
2026-09-18 05:53:59 | INFO     | OK https://skeb.jp/api/users/Komimi44m
2026-09-18 05:53:59 | INFO     | Saving at a/skeb/Komimi44m-c34a1b.json
2026-09-18 05:54:00 | INFO     | OK https://skeb.jp/api/users/Altern8_line
2026-09-18 05:54:00 | INFO     | Saving at a/skeb/Altern8_line-15cf94.json
2026-09-18 05:54:01 | INFO     | OK https://skeb.jp/api/users/KoazaKaname
2026-09-18 05:54:01 | INFO     | Saving at a/skeb/KoazaKaname-d46954.json
2026-09-18 05:54:02 | INFO     | OK https://skeb.jp/api/users/ishainon2
2026-09-18 05:54:02 | INFO     | Saving at a/skeb/ishainon2-551d8f.json
2026-09-18 05:54:03 | INFO     | OK https://skeb.jp/api/users/circle_Preamuse
2026-09-18 05:54:03 | INFO     | Saving at a/skeb/circle_Preamuse-66b210.json
2026-09-18 05:54:04 | INFO     | OK https://skeb.jp/api/users/chanhomu
2026-09-18 05:54:04 | INFO     | Saving at a/skeb/chanhomu-beeee2.json
2026-09-18 05:54:05 | INFO     | OK https://skeb.jp/api/users/au_au_5
2026-09-18 05:54:05 | INFO     | Saving at a/skeb/au_au_5-a1efe4.json
2026-09-18 05:54:07 | INFO     | OK https://skeb.jp/api/users/zunda_no_okyaku
2026-09-18 05:54:07 | INFO     | Saving at a/skeb/zunda_no_okyaku-6f9427.json
2026-09-18 05:54:07 | INFO     | OK https://skeb.jp/api/users/yuuno0
2026-09-18 05:54:07 | INFO     | Saving at a/skeb/yuuno0-bea748.json
2026-09-18 05:54:08 | INFO     | OK https://skeb.jp/api/users/cone_huraku
2026-09-18 05:54:08 | INFO     | Saving at a/skeb/cone_huraku-bbb755.json
2026-09-18 05:54:09 | INFO     | OK https://skeb.jp/api/users/wowwow_notfree
2026-09-18 05:54:09 | INFO     | Saving at a/skeb/wowwow_notfree-355339.json
2026-09-18 05:54:11 | WARNING  | 404 on https://skeb.jp/api/users/karmorii (attempt 2/3)
2026-09-18 05:54:11 | INFO     | OK https://skeb.jp/api/users/quLo_96_atelier
2026-09-18 05:54:11 | INFO     | Saving at a/skeb/quLo_96_atelier-e735b8.json
2026-09-18 05:54:12 | INFO     | OK https://skeb.jp/api/users/83koart
2026-09-18 05:54:12 | INFO     | Saving at a/skeb/83koart-23c747.json
2026-09-18 05:54:13 | INFO     | OK https://skeb.jp/api/users/Satoh_vrc
2026-09-18 05:54:13 | INFO     | Saving at a/skeb/Satoh_vrc-6c8b90.json
2026-09-18 05:54:14 | INFO     | OK https://skeb.jp/api/users/ross_perperam
2026-09-18 05:54:14 | INFO     | Saving at a/skeb/ross_perperam-3652b6.json
2026-09-18 05:54:15 | INFO     | OK https://skeb.jp/api/users/lunch_f
2026-09-18 05:54:15 | INFO     | Saving at a/skeb/lunch_f-39c3a8.json
2026-09-18 05:54:16 | INFO     | OK https://skeb.jp/api/users/alice_3624
2026-09-18 05:54:16 | INFO     | Saving at a/skeb/alice_3624-0d0ca6.json
2026-09-18 05:54:17 | INFO     | OK https://skeb.jp/api/users/amato_life_
2026-09-18 05:54:17 | INFO     | Saving at a/skeb/amato_life_-3d5659.json
2026-09-18 05:54:18 | INFO     | OK https://skeb.jp/api/users/azu_u_u__
2026-09-18 05:54:18 | INFO     | Saving at a/skeb/azu_u_u__-fbd2b7.json
2026-09-18 05:54:19 | WARNING  | 404 on https://skeb.jp/api/users/prof2399974 (attempt 2/3)
2026-09-18 05:54:20 | INFO     | OK https://skeb.jp/api/users/mizunatofu
2026-09-18 05:54:20 | INFO     | Saving at a/skeb/mizunatofu-591756.json
2026-09-18 05:54:21 | WARNING  | 404 on https://skeb.jp/api/users/kgak228 (attempt 1/3)
2026-09-18 05:54:22 | INFO     | OK https://skeb.jp/api/users/zo_ra12
2026-09-18 05:54:22 | INFO     | Saving at a/skeb/zo_ra12-5f3ea7.json
2026-09-18 05:54:23 | INFO     | OK https://skeb.jp/api/users/kuzi2100
2026-09-18 05:54:23 | INFO     | Saving at a/skeb/kuzi2100-3ffcb6.json
2026-09-18 05:54:24 | WARNING  | 404 on https://skeb.jp/api/users/prof2399974 (attempt 3/3)
2026-09-18 05:54:25 | WARNING  | 404 on https://skeb.jp/api/users/kgak228 (attempt 2/3)
2026-09-18 05:54:27 | WARNING  | 404 on https://skeb.jp/api/users/karmorii (attempt 3/3)
2026-09-18 05:54:27 | INFO     | OK https://skeb.jp/api/users/siro_konata_
2026-09-18 05:54:27 | INFO     | Saving at a/skeb/siro_konata_-38e465.json
2026-09-18 05:54:28 | INFO     | OK https://skeb.jp/api/users/bite_usagi
2026-09-18 05:54:28 | INFO     | Saving at a/skeb/bite_usagi-2a3609.json
2026-09-18 05:54:29 | INFO     | OK https://skeb.jp/api/users/sakihara_c
2026-09-18 05:54:29 | INFO     | Saving at a/skeb/sakihara_c-9d6d0a.json
2026-09-18 05:54:30 | INFO     | OK https://skeb.jp/api/users/Oneko82Jin
2026-09-18 05:54:30 | INFO     | Saving at a/skeb/Oneko82Jin-7ee212.json
2026-09-18 05:54:32 | INFO     | OK https://skeb.jp/api/users/nyon_FF
2026-09-18 05:54:32 | INFO     | Saving at a/skeb/nyon_FF-03286c.json
2026-09-18 05:54:32 | INFO     | OK https://skeb.jp/api/users/asb_sho
2026-09-18 05:54:32 | INFO     | Saving at a/skeb/asb_sho-73aa2c.json
2026-09-18 05:54:33 | INFO     | OK https://skeb.jp/api/users/licca_lic
2026-09-18 05:54:33 | INFO     | Saving at a/skeb/licca_lic-fa412b.json
2026-09-18 05:54:34 | INFO     | OK https://skeb.jp/api/users/_chamamel
2026-09-18 05:54:34 | INFO     | Saving at a/skeb/_chamamel-65bd83.json
2026-09-18 05:54:35 | INFO     | OK https://skeb.jp/api/users/HANE_020_
2026-09-18 05:54:35 | INFO     | Saving at a/skeb/HANE_020_-1ee50b.json
2026-09-18 05:54:36 | INFO     | OK https://skeb.jp/api/users/owuipot
2026-09-18 05:54:36 | INFO     | Saving at a/skeb/owuipot-6e95ef.json
2026-09-18 05:54:37 | INFO     | OK https://skeb.jp/api/users/YumeiroNeu
2026-09-18 05:54:37 | INFO     | Saving at a/skeb/YumeiroNeu-23127c.json
2026-09-18 05:54:39 | INFO     | OK https://skeb.jp/api/users/IRASUTO__7520
2026-09-18 05:54:39 | INFO     | Saving at a/skeb/IRASUTO__7520-6db429.json
2026-09-18 05:54:39 | INFO     | OK https://skeb.jp/api/users/towacrouton
2026-09-18 05:54:39 | INFO     | Saving at a/skeb/towacrouton-fe4d73.json
2026-09-18 05:54:41 | WARNING  | 404 on https://skeb.jp/api/users/kgak228 (attempt 3/3)
2026-09-18 05:54:41 | INFO     | OK https://skeb.jp/api/users/__su_1_m4__
2026-09-18 05:54:41 | INFO     | Saving at a/skeb/__su_1_m4__-f5e4d1.json
2026-09-18 05:54:42 | INFO     | OK https://skeb.jp/api/users/suzumori_enri
2026-09-18 05:54:42 | INFO     | Saving at a/skeb/suzumori_enri-236da6.json
2026-09-18 05:54:43 | INFO     | OK https://skeb.jp/api/users/Miyokoyu_art
2026-09-18 05:54:43 | INFO     | Saving at a/skeb/Miyokoyu_art-74a97f.json
2026-09-18 05:54:44 | INFO     | OK https://skeb.jp/api/users/mushimogu20
2026-09-18 05:54:44 | INFO     | Saving at a/skeb/mushimogu20-e1537a.json
2026-09-18 05:54:45 | INFO     | OK https://skeb.jp/api/users/omuharu_
2026-09-18 05:54:45 | INFO     | Saving at a/skeb/omuharu_-31e04f.json
2026-09-18 05:54:46 | INFO     | OK https://skeb.jp/api/users/y_chogi_suki
2026-09-18 05:54:46 | INFO     | Saving at a/skeb/y_chogi_suki-6c6061.json
2026-09-18 05:54:47 | INFO     | OK https://skeb.jp/api/users/poyo_sandanbara
2026-09-18 05:54:47 | INFO     | Saving at a/skeb/poyo_sandanbara-3a367e.json
2026-09-18 05:54:48 | INFO     | OK https://skeb.jp/api/users/danbounokigu
2026-09-18 05:54:48 | INFO     | Saving at a/skeb/danbounokigu-031871.json
2026-09-18 05:54:49 | INFO     | OK https://skeb.jp/api/users/takomaru_taisa
2026-09-18 05:54:49 | INFO     | Saving at a/skeb/takomaru_taisa-115b18.json
2026-09-18 05:54:50 | INFO     | OK https://skeb.jp/api/users/hatitanihituji
2026-09-18 05:54:50 | INFO     | Saving at a/skeb/hatitanihituji-bec4d6.json
2026-09-18 05:54:51 | INFO     | OK https://skeb.jp/api/users/tukimimi_inker
2026-09-18 05:54:51 | INFO     | Saving at a/skeb/tukimimi_inker-5d74a7.json
2026-09-18 05:54:52 | INFO     | OK https://skeb.jp/api/users/hachu
2026-09-18 05:54:52 | INFO     | Saving at a/skeb/hachu-bf92c2.json
2026-09-18 05:54:53 | INFO     | OK https://skeb.jp/api/users/rekka_akasabi
2026-09-18 05:54:53 | INFO     | Saving at a/skeb/rekka_akasabi-177864.json
2026-09-18 05:54:54 | INFO     | OK https://skeb.jp/api/users/citizenoftheA
2026-09-18 05:54:54 | INFO     | Saving at a/skeb/citizenoftheA-f32fd8.json
2026-09-18 05:54:55 | INFO     | OK https://skeb.jp/api/users/Alc16ml
2026-09-18 05:54:55 | INFO     | Saving at a/skeb/Alc16ml-ff1bf6.json
2026-09-18 05:54:56 | INFO     | OK https://skeb.jp/api/users/Rin_Takatuki
2026-09-18 05:54:56 | INFO     | Saving at a/skeb/Rin_Takatuki-b3c613.json
2026-09-18 05:54:57 | INFO     | OK https://skeb.jp/api/users/sub_hnbtk
2026-09-18 05:54:57 | INFO     | Saving at a/skeb/sub_hnbtk-d25790.json
2026-09-18 05:54:58 | INFO     | OK https://skeb.jp/api/users/Oboro_rivariva
2026-09-18 05:54:58 | INFO     | Saving at a/skeb/Oboro_rivariva-d46b07.json
2026-09-18 05:54:59 | INFO     | OK https://skeb.jp/api/users/blackse
2026-09-18 05:54:59 | INFO     | Saving at a/skeb/blackse-2da441.json
2026-09-18 05:55:00 | INFO     | OK https://skeb.jp/api/users/TORI_cun_TORI
2026-09-18 05:55:00 | INFO     | Saving at a/skeb/TORI_cun_TORI-8fe1a0.json
2026-09-18 05:55:01 | WARNING  | 404 on https://skeb.jp/api/users/MoonBunny_id (attempt 1/3)
2026-09-18 05:55:02 | INFO     | OK https://skeb.jp/api/users/awaame_0v0
2026-09-18 05:55:02 | INFO     | Saving at a/skeb/awaame_0v0-a180b1.json
2026-09-18 05:55:03 | INFO     | OK https://skeb.jp/api/users/natuyonini
2026-09-18 05:55:03 | INFO     | Saving at a/skeb/natuyonini-cbcfe9.json
2026-09-18 05:55:04 | INFO     | OK https://skeb.jp/api/users/linear_green5
2026-09-18 05:55:04 | INFO     | Saving at a/skeb/linear_green5-8c47e6.json
2026-09-18 05:55:06 | INFO     | OK https://skeb.jp/api/users/no53291827
2026-09-18 05:55:06 | INFO     | Saving at a/skeb/no53291827-e3deca.json
2026-09-18 05:55:07 | INFO     | OK https://skeb.jp/api/users/yaya_kamona_
2026-09-18 05:55:07 | INFO     | Saving at a/skeb/yaya_kamona_-fffd0f.json
2026-09-18 05:55:07 | INFO     | OK https://skeb.jp/api/users/setsuna9
2026-09-18 05:55:07 | INFO     | Saving at a/skeb/setsuna9-84d8fd.json
2026-09-18 05:55:08 | INFO     | OK https://skeb.jp/api/users/kuramaosk
2026-09-18 05:55:08 | INFO     | Saving at a/skeb/kuramaosk-4e57b4.json
2026-09-18 05:55:10 | WARNING  | 404 on https://skeb.jp/api/users/MoonBunny_id (attempt 2/3)
2026-09-18 05:55:10 | INFO     | OK https://skeb.jp/api/users/komatsu_chiii
2026-09-18 05:55:10 | INFO     | Saving at a/skeb/komatsu_chiii-37919a.json
2026-09-18 05:55:11 | INFO     | OK https://skeb.jp/api/users/sanagi2naritai4
2026-09-18 05:55:11 | INFO     | Saving at a/skeb/sanagi2naritai4-d60fb7.json
2026-09-18 05:55:13 | INFO     | OK https://skeb.jp/api/users/kikinanana666
2026-09-18 05:55:13 | INFO     | Saving at a/skeb/kikinanana666-5c4145.json
2026-09-18 05:55:14 | INFO     | OK https://skeb.jp/api/users/mothipaseri
2026-09-18 05:55:14 | INFO     | Saving at a/skeb/mothipaseri-173096.json
2026-09-18 05:55:14 | INFO     | OK https://skeb.jp/api/users/LuNa_2l8
2026-09-18 05:55:14 | INFO     | Saving at a/skeb/LuNa_2l8-21976c.json
2026-09-18 05:55:16 | WARNING  | 404 on https://skeb.jp/api/users/MoonBunny_id (attempt 3/3)
2026-09-18 05:55:16 | INFO     | OK https://skeb.jp/api/users/pink15p
2026-09-18 05:55:16 | INFO     | Saving at a/skeb/pink15p-cf6948.json
2026-09-18 05:55:17 | INFO     | OK https://skeb.jp/api/users/touya_oki_e
2026-09-18 05:55:17 | INFO     | Saving at a/skeb/touya_oki_e-b2cfe4.json
2026-09-18 05:55:18 | INFO     | OK https://skeb.jp/api/users/A9HaKZFqKEZNyga
2026-09-18 05:55:18 | INFO     | Saving at a/skeb/A9HaKZFqKEZNyga-4b4855.json
2026-09-18 05:55:19 | INFO     | OK https://skeb.jp/api/users/a__ttori
2026-09-18 05:55:19 | INFO     | Saving at a/skeb/a__ttori-ea7fa7.json
2026-09-18 05:55:21 | INFO     | OK https://skeb.jp/api/users/ricecake_taro
2026-09-18 05:55:21 | INFO     | Saving at a/skeb/ricecake_taro-eb6980.json
2026-09-18 05:55:21 | INFO     | OK https://skeb.jp/api/users/amamakiittensai
2026-09-18 05:55:21 | INFO     | Saving at a/skeb/amamakiittensai-42518a.json
2026-09-18 05:55:23 | INFO     | OK https://skeb.jp/api/users/mayoi_noyoru
2026-09-18 05:55:23 | INFO     | Saving at a/skeb/mayoi_noyoru-93a213.json
2026-09-18 05:55:23 | INFO     | OK https://skeb.jp/api/users/Cokarin
2026-09-18 05:55:23 | INFO     | Saving at a/skeb/Cokarin-8a6f4e.json
2026-09-18 05:55:25 | INFO     | OK https://skeb.jp/api/users/gorohati
2026-09-18 05:55:25 | INFO     | Saving at a/skeb/gorohati-8c8d54.json
2026-09-18 05:55:25 | INFO     | OK https://skeb.jp/api/users/Umi_ryou
2026-09-18 05:55:25 | INFO     | Saving at a/skeb/Umi_ryou-3eb241.json
2026-09-18 05:55:26 | INFO     | OK https://skeb.jp/api/users/o_n_mr_game
2026-09-18 05:55:26 | INFO     | Saving at a/skeb/o_n_mr_game-e60669.json
2026-09-18 05:55:27 | INFO     | OK https://skeb.jp/api/users/Surume17
2026-09-18 05:55:28 | INFO     | Saving at a/skeb/Surume17-12373c.json
2026-09-18 05:55:28 | INFO     | OK https://skeb.jp/api/users/sbtn_illust
2026-09-18 05:55:28 | INFO     | Saving at a/skeb/sbtn_illust-ad5a77.json
2026-09-18 05:55:30 | INFO     | OK https://skeb.jp/api/users/gumi0gumi
2026-09-18 05:55:30 | INFO     | Saving at a/skeb/gumi0gumi-6216a7.json
2026-09-18 05:55:31 | INFO     | OK https://skeb.jp/api/users/n_blackbird
2026-09-18 05:55:31 | INFO     | Saving at a/skeb/n_blackbird-6b3d34.json
2026-09-18 05:55:32 | INFO     | OK https://skeb.jp/api/users/119now
2026-09-18 05:55:32 | INFO     | Saving at a/skeb/119now-7c07b5.json
2026-09-18 05:55:33 | INFO     | OK https://skeb.jp/api/users/rairaku_kogata
2026-09-18 05:55:33 | INFO     | Saving at a/skeb/rairaku_kogata-f33ca8.json
2026-09-18 05:55:34 | INFO     | OK https://skeb.jp/api/users/rikako0229
2026-09-18 05:55:34 | INFO     | Saving at a/skeb/rikako0229-bb585c.json
2026-09-18 05:55:34 | INFO     | OK https://skeb.jp/api/users/Ru_A_Ti_DDLC
2026-09-18 05:55:34 | INFO     | Saving at a/skeb/Ru_A_Ti_DDLC-37be1a.json
2026-09-18 05:55:35 | INFO     | OK https://skeb.jp/api/users/aki_kita_10
2026-09-18 05:55:35 | INFO     | Saving at a/skeb/aki_kita_10-1f3bba.json
2026-09-18 05:55:37 | INFO     | OK https://skeb.jp/api/users/pzaCs7bp1W11043
2026-09-18 05:55:37 | INFO     | Saving at a/skeb/pzaCs7bp1W11043-ca5ca8.json
2026-09-18 05:55:37 | INFO     | OK https://skeb.jp/api/users/yyposi918
2026-09-18 05:55:37 | INFO     | Saving at a/skeb/yyposi918-7aedd0.json
2026-09-18 05:55:38 | INFO     | OK https://skeb.jp/api/users/Py0n1127
2026-09-18 05:55:38 | INFO     | Saving at a/skeb/Py0n1127-ae375e.json
2026-09-18 05:55:40 | INFO     | OK https://skeb.jp/api/users/hanonn_b
2026-09-18 05:55:40 | INFO     | Saving at a/skeb/hanonn_b-a2f463.json
2026-09-18 05:55:41 | INFO     | OK https://skeb.jp/api/users/tetsutappuri
2026-09-18 05:55:41 | INFO     | Saving at a/skeb/tetsutappuri-c43732.json
2026-09-18 05:55:42 | INFO     | OK https://skeb.jp/api/users/ryaoprn
2026-09-18 05:55:42 | INFO     | Saving at a/skeb/ryaoprn-5c7697.json
2026-09-18 05:55:42 | INFO     | OK https://skeb.jp/api/users/gugsssccc
2026-09-18 05:55:42 | INFO     | Saving at a/skeb/gugsssccc-47d254.json
2026-09-18 05:55:43 | INFO     | OK https://skeb.jp/api/users/nemuri_min
2026-09-18 05:55:43 | INFO     | Saving at a/skeb/nemuri_min-edb497.json
2026-09-18 05:55:44 | INFO     | OK https://skeb.jp/api/users/DiveintoArcadia
2026-09-18 05:55:44 | INFO     | Saving at a/skeb/DiveintoArcadia-5dea9f.json
2026-09-18 05:55:46 | INFO     | OK https://skeb.jp/api/users/Zakutama_ura
2026-09-18 05:55:46 | INFO     | Saving at a/skeb/Zakutama_ura-aa826f.json
2026-09-18 05:55:46 | INFO     | OK https://skeb.jp/api/users/moppuneko_ta
2026-09-18 05:55:46 | INFO     | Saving at a/skeb/moppuneko_ta-d6ae5a.json
2026-09-18 05:55:48 | INFO     | OK https://skeb.jp/api/users/pasay__
2026-09-18 05:55:48 | INFO     | Saving at a/skeb/pasay__-9f4477.json
2026-09-18 05:55:48 | INFO     | OK https://skeb.jp/api/users/amasita_ukaen
2026-09-18 05:55:48 | INFO     | Saving at a/skeb/amasita_ukaen-5d4ebc.json
2026-09-18 05:55:49 | INFO     | OK https://skeb.jp/api/users/IO9_kuri95
2026-09-18 05:55:49 | INFO     | Saving at a/skeb/IO9_kuri95-022eef.json
2026-09-18 05:55:51 | INFO     | OK https://skeb.jp/api/users/chionanthus
2026-09-18 05:55:51 | INFO     | Saving at a/skeb/chionanthus-2d54d7.json
2026-09-18 05:55:51 | INFO     | OK https://skeb.jp/api/users/meeeeeeco
2026-09-18 05:55:51 | INFO     | Saving at a/skeb/meeeeeeco-4dc9f5.json
2026-09-18 05:55:53 | INFO     | OK https://skeb.jp/api/users/Tsky_Shibeta
2026-09-18 05:55:53 | INFO     | Saving at a/skeb/Tsky_Shibeta-0e97ee.json
2026-09-18 05:55:54 | INFO     | OK https://skeb.jp/api/users/wat_son_
2026-09-18 05:55:54 | INFO     | Saving at a/skeb/wat_son_-ea6f5b.json
2026-09-18 05:55:54 | INFO     | OK https://skeb.jp/api/users/kogiinu
2026-09-18 05:55:54 | INFO     | Saving at a/skeb/kogiinu-ce1515.json
2026-09-18 05:55:56 | INFO     | OK https://skeb.jp/api/users/bechamel_ovo
2026-09-18 05:55:56 | INFO     | Saving at a/skeb/bechamel_ovo-b1fba0.json
2026-09-18 05:55:57 | INFO     | OK https://skeb.jp/api/users/3ame_wk
2026-09-18 05:55:57 | INFO     | Saving at a/skeb/3ame_wk-f97068.json
2026-09-18 05:55:57 | INFO     | OK https://skeb.jp/api/users/FREIHEI10
2026-09-18 05:55:57 | INFO     | Saving at a/skeb/FREIHEI10-ac381f.json
2026-09-18 05:55:58 | INFO     | OK https://skeb.jp/api/users/isirero
2026-09-18 05:55:58 | INFO     | Saving at a/skeb/isirero-84e07e.json
2026-09-18 05:56:00 | INFO     | OK https://skeb.jp/api/users/siinaP_game
2026-09-18 05:56:00 | INFO     | Saving at a/skeb/siinaP_game-77456e.json
2026-09-18 05:56:00 | INFO     | OK https://skeb.jp/api/users/stntmk2_s6
2026-09-18 05:56:00 | INFO     | Saving at a/skeb/stntmk2_s6-adbbb9.json
2026-09-18 05:56:01 | INFO     | OK https://skeb.jp/api/users/sskbsk_
2026-09-18 05:56:01 | INFO     | Saving at a/skeb/sskbsk_-28d1fa.json
2026-09-18 05:56:02 | INFO     | OK https://skeb.jp/api/users/borzo_inu828
2026-09-18 05:56:02 | INFO     | Saving at a/skeb/borzo_inu828-3e76e5.json
2026-09-18 05:56:04 | INFO     | OK https://skeb.jp/api/users/rody8901
2026-09-18 05:56:04 | INFO     | Saving at a/skeb/rody8901-55739c.json
2026-09-18 05:56:05 | INFO     | OK https://skeb.jp/api/users/RSN_07
2026-09-18 05:56:05 | INFO     | Saving at a/skeb/RSN_07-30a32d.json
2026-09-18 05:56:06 | INFO     | OK https://skeb.jp/api/users/Kazaputi
2026-09-18 05:56:06 | INFO     | Saving at a/skeb/Kazaputi-a87315.json
2026-09-18 05:56:07 | INFO     | OK https://skeb.jp/api/users/wts_ae_1
2026-09-18 05:56:07 | INFO     | Saving at a/skeb/wts_ae_1-4a0312.json
2026-09-18 05:56:07 | INFO     | OK https://skeb.jp/api/users/kagome_sui
2026-09-18 05:56:07 | INFO     | Saving at a/skeb/kagome_sui-6b7b0c.json
2026-09-18 05:56:08 | INFO     | OK https://skeb.jp/api/users/tukisirokanata
2026-09-18 05:56:08 | INFO     | Saving at a/skeb/tukisirokanata-c4c1bc.json
2026-09-18 05:56:10 | INFO     | OK https://skeb.jp/api/users/komu
2026-09-18 05:56:10 | INFO     | Saving at a/skeb/komu-f7803c.json
2026-09-18 05:56:10 | INFO     | OK https://skeb.jp/api/users/6__aaaaaa
2026-09-18 05:56:10 | INFO     | Saving at a/skeb/6__aaaaaa-1218f1.json
2026-09-18 05:56:11 | INFO     | OK https://skeb.jp/api/users/YawaDeka
2026-09-18 05:56:12 | INFO     | Saving at a/skeb/YawaDeka-b24d0f.json
2026-09-18 05:56:13 | INFO     | OK https://skeb.jp/api/users/Wakameyogurt
2026-09-18 05:56:13 | INFO     | Saving at a/skeb/Wakameyogurt-13a2a3.json
2026-09-18 05:56:13 | INFO     | OK https://skeb.jp/api/users/martini_29384
2026-09-18 05:56:13 | INFO     | Saving at a/skeb/martini_29384-79db7e.json
2026-09-18 05:56:15 | INFO     | OK https://skeb.jp/api/users/tobo_katsuo
2026-09-18 05:56:15 | INFO     | Saving at a/skeb/tobo_katsuo-58a47d.json
2026-09-18 05:56:15 | INFO     | OK https://skeb.jp/api/users/kasakasako
2026-09-18 05:56:15 | INFO     | Saving at a/skeb/kasakasako-38e03f.json
2026-09-18 05:56:17 | INFO     | OK https://skeb.jp/api/users/r_ws2l
2026-09-18 05:56:17 | INFO     | Saving at a/skeb/r_ws2l-021d03.json
2026-09-18 05:56:18 | INFO     | OK https://skeb.jp/api/users/mono_lith_
2026-09-18 05:56:18 | INFO     | Saving at a/skeb/mono_lith_-706159.json
2026-09-18 05:56:19 | INFO     | OK https://skeb.jp/api/users/siro90414
2026-09-18 05:56:19 | INFO     | Saving at a/skeb/siro90414-bea938.json
2026-09-18 05:56:20 | INFO     | OK https://skeb.jp/api/users/hinatahokori
2026-09-18 05:56:20 | INFO     | Saving at a/skeb/hinatahokori-e79748.json
2026-09-18 05:56:21 | INFO     | OK https://skeb.jp/api/users/mac_4229
2026-09-18 05:56:21 | INFO     | Saving at a/skeb/mac_4229-324d6a.json
2026-09-18 05:56:22 | INFO     | OK https://skeb.jp/api/users/pinkuroao
2026-09-18 05:56:22 | INFO     | Saving at a/skeb/pinkuroao-3fc887.json
2026-09-18 05:56:23 | INFO     | OK https://skeb.jp/api/users/newnanbum60
2026-09-18 05:56:23 | INFO     | Saving at a/skeb/newnanbum60-4fde75.json
2026-09-18 05:56:24 | INFO     | OK https://skeb.jp/api/users/uraura8yama
2026-09-18 05:56:24 | INFO     | Saving at a/skeb/uraura8yama-517804.json
2026-09-18 05:56:25 | INFO     | OK https://skeb.jp/api/users/ym_ill
2026-09-18 05:56:25 | INFO     | Saving at a/skeb/ym_ill-2c4ef3.json
2026-09-18 05:56:25 | INFO     | OK https://skeb.jp/api/users/Ha_6317
2026-09-18 05:56:25 | INFO     | Saving at a/skeb/Ha_6317-be0d26.json
2026-09-18 05:56:27 | INFO     | OK https://skeb.jp/api/users/maboEX
2026-09-18 05:56:27 | INFO     | Saving at a/skeb/maboEX-b3b261.json
2026-09-18 05:56:28 | INFO     | OK https://skeb.jp/api/users/hanasakichu
2026-09-18 05:56:28 | INFO     | Saving at a/skeb/hanasakichu-1f3890.json
2026-09-18 05:56:28 | INFO     | OK https://skeb.jp/api/users/clockyuz
2026-09-18 05:56:28 | INFO     | Saving at a/skeb/clockyuz-c15b81.json
2026-09-18 05:56:30 | INFO     | OK https://skeb.jp/api/users/AHIRU_piyo2
2026-09-18 05:56:30 | INFO     | Saving at a/skeb/AHIRU_piyo2-c686da.json
2026-09-18 05:56:30 | INFO     | OK https://skeb.jp/api/users/nagarudasenryo
2026-09-18 05:56:30 | INFO     | Saving at a/skeb/nagarudasenryo-04f3e9.json
2026-09-18 05:56:31 | WARNING  | 404 on https://skeb.jp/api/users/27thKNZ (attempt 1/3)
2026-09-18 05:56:32 | INFO     | OK https://skeb.jp/api/users/Su327Wa
2026-09-18 05:56:32 | INFO     | Saving at a/skeb/Su327Wa-dbb40c.json
2026-09-18 05:56:34 | INFO     | OK https://skeb.jp/api/users/hachi0047
2026-09-18 05:56:34 | INFO     | Saving at a/skeb/hachi0047-3d9379.json
2026-09-18 05:56:35 | INFO     | OK https://skeb.jp/api/users/savakan_fish
2026-09-18 05:56:35 | INFO     | Saving at a/skeb/savakan_fish-23b61c.json
2026-09-18 05:56:36 | INFO     | OK https://skeb.jp/api/users/illust8492
2026-09-18 05:56:36 | INFO     | Saving at a/skeb/illust8492-7dc931.json
2026-09-18 05:56:36 | INFO     | OK https://skeb.jp/api/users/55555May_
2026-09-18 05:56:36 | INFO     | Saving at a/skeb/55555May_-f57867.json
2026-09-18 05:56:38 | INFO     | OK https://skeb.jp/api/users/oshi_nonono
2026-09-18 05:56:38 | INFO     | Saving at a/skeb/oshi_nonono-db0c6b.json
2026-09-18 05:56:39 | INFO     | OK https://skeb.jp/api/users/Rael_elle72
2026-09-18 05:56:39 | INFO     | Saving at a/skeb/Rael_elle72-e5509b.json
2026-09-18 05:56:40 | INFO     | OK https://skeb.jp/api/users/monaca0424
2026-09-18 05:56:40 | INFO     | Saving at a/skeb/monaca0424-c7801b.json
2026-09-18 05:56:41 | INFO     | OK https://skeb.jp/api/users/hane_azl
2026-09-18 05:56:41 | INFO     | Saving at a/skeb/hane_azl-d959b7.json
2026-09-18 05:56:42 | INFO     | OK https://skeb.jp/api/users/inu_to_tanpopo
2026-09-18 05:56:42 | INFO     | Saving at a/skeb/inu_to_tanpopo-9e0962.json
2026-09-18 05:56:43 | WARNING  | 404 on https://skeb.jp/api/users/27thKNZ (attempt 2/3)
2026-09-18 05:56:44 | INFO     | OK https://skeb.jp/api/users/HinaHina_ilust
2026-09-18 05:56:44 | INFO     | Saving at a/skeb/HinaHina_ilust-91f6e4.json
2026-09-18 05:56:45 | INFO     | OK https://skeb.jp/api/users/iziz0709
2026-09-18 05:56:45 | INFO     | Saving at a/skeb/iziz0709-448404.json
2026-09-18 05:56:46 | INFO     | OK https://skeb.jp/api/users/risumaron
2026-09-18 05:56:46 | INFO     | Saving at a/skeb/risumaron-8fd59a.json
2026-09-18 05:56:46 | INFO     | OK https://skeb.jp/api/users/ponponta_nemu
2026-09-18 05:56:46 | INFO     | Saving at a/skeb/ponponta_nemu-d2d1a9.json
2026-09-18 05:56:48 | INFO     | OK https://skeb.jp/api/users/amenone_o0
2026-09-18 05:56:48 | INFO     | Saving at a/skeb/amenone_o0-3d1253.json
2026-09-18 05:56:49 | INFO     | OK https://skeb.jp/api/users/Kokai_Ao
2026-09-18 05:56:49 | INFO     | Saving at a/skeb/Kokai_Ao-8a491b.json
2026-09-18 05:56:50 | INFO     | OK https://skeb.jp/api/users/272_moti
2026-09-18 05:56:50 | INFO     | Saving at a/skeb/272_moti-39230a.json
2026-09-18 05:56:50 | INFO     | OK https://skeb.jp/api/users/Efu_18
2026-09-18 05:56:50 | INFO     | Saving at a/skeb/Efu_18-1c9736.json
2026-09-18 05:56:52 | INFO     | OK https://skeb.jp/api/users/kuroseimu_000
2026-09-18 05:56:52 | INFO     | Saving at a/skeb/kuroseimu_000-a738b3.json
2026-09-18 05:56:53 | INFO     | OK https://skeb.jp/api/users/kanata_Rot
2026-09-18 05:56:53 | INFO     | Saving at a/skeb/kanata_Rot-c5b35c.json
2026-09-18 05:56:54 | INFO     | OK https://skeb.jp/api/users/ATO_Jiva_
2026-09-18 05:56:54 | INFO     | Saving at a/skeb/ATO_Jiva_-b595d6.json
2026-09-18 05:56:55 | WARNING  | 404 on https://skeb.jp/api/users/27thKNZ (attempt 3/3)
2026-09-18 05:56:56 | INFO     | OK https://skeb.jp/api/users/mohukoookami
2026-09-18 05:56:56 | INFO     | Saving at a/skeb/mohukoookami-782b98.json
2026-09-18 05:56:57 | INFO     | OK https://skeb.jp/api/users/Borrr_Nahara
2026-09-18 05:56:57 | INFO     | Saving at a/skeb/Borrr_Nahara-5ca134.json
2026-09-18 05:56:57 | INFO     | OK https://skeb.jp/api/users/sabalove
2026-09-18 05:56:58 | INFO     | Saving at a/skeb/sabalove-474902.json
2026-09-18 05:56:59 | INFO     | OK https://skeb.jp/api/users/mimi_nemnem
2026-09-18 05:56:59 | INFO     | Saving at a/skeb/mimi_nemnem-57781e.json
2026-09-18 05:57:00 | INFO     | OK https://skeb.jp/api/users/Rayka
2026-09-18 05:57:00 | INFO     | Saving at a/skeb/Rayka-28cbc7.json
2026-09-18 05:57:01 | INFO     | OK https://skeb.jp/api/users/Utauma_tikin
2026-09-18 05:57:01 | INFO     | Saving at a/skeb/Utauma_tikin-457fce.json
2026-09-18 05:57:02 | INFO     | OK https://skeb.jp/api/users/kawaii_tao
2026-09-18 05:57:02 | INFO     | Saving at a/skeb/kawaii_tao-59bf42.json
2026-09-18 05:57:03 | INFO     | OK https://skeb.jp/api/users/bontansukikunai
2026-09-18 05:57:03 | INFO     | Saving at a/skeb/bontansukikunai-ad259e.json
2026-09-18 05:57:04 | INFO     | OK https://skeb.jp/api/users/xbaramx
2026-09-18 05:57:04 | INFO     | Saving at a/skeb/xbaramx-ddacde.json
2026-09-18 05:57:05 | INFO     | OK https://skeb.jp/api/users/kittanke_illust
2026-09-18 05:57:05 | INFO     | Saving at a/skeb/kittanke_illust-aa4d2e.json
2026-09-18 05:57:06 | INFO     | OK https://skeb.jp/api/users/erickkagami1090
2026-09-18 05:57:06 | INFO     | Saving at a/skeb/erickkagami1090-4a46b9.json
2026-09-18 05:57:07 | INFO     | OK https://skeb.jp/api/users/KonijiLemia
2026-09-18 05:57:07 | INFO     | Saving at a/skeb/KonijiLemia-8a79e4.json
2026-09-18 05:57:08 | INFO     | OK https://skeb.jp/api/users/co6_3g
2026-09-18 05:57:08 | INFO     | Saving at a/skeb/co6_3g-8b7336.json
2026-09-18 05:57:09 | INFO     | OK https://skeb.jp/api/users/hazama_toki
2026-09-18 05:57:09 | INFO     | Saving at a/skeb/hazama_toki-59a2bd.json
2026-09-18 05:57:10 | INFO     | OK https://skeb.jp/api/users/shiraae_quartet
2026-09-18 05:57:10 | INFO     | Saving at a/skeb/shiraae_quartet-da9dc8.json
2026-09-18 05:57:11 | INFO     | OK https://skeb.jp/api/users/denimchan
2026-09-18 05:57:11 | INFO     | Saving at a/skeb/denimchan-99d4df.json
2026-09-18 05:57:12 | INFO     | OK https://skeb.jp/api/users/SemetoKytf
2026-09-18 05:57:12 | INFO     | Saving at a/skeb/SemetoKytf-ea13da.json
2026-09-18 05:57:13 | INFO     | OK https://skeb.jp/api/users/cOXmYMg9UJNbMwt
2026-09-18 05:57:13 | INFO     | Saving at a/skeb/cOXmYMg9UJNbMwt-6ee959.json
2026-09-18 05:57:14 | INFO     | OK https://skeb.jp/api/users/harunomaki_e
2026-09-18 05:57:14 | INFO     | Saving at a/skeb/harunomaki_e-f51e8f.json
2026-09-18 05:57:15 | INFO     | OK https://skeb.jp/api/users/funnwari_ku
2026-09-18 05:57:15 | INFO     | Saving at a/skeb/funnwari_ku-e068ad.json
2026-09-18 05:57:16 | WARNING  | 404 on https://skeb.jp/api/users/user4849811603124 (attempt 1/3)
2026-09-18 05:57:17 | INFO     | OK https://skeb.jp/api/users/kawanooku
2026-09-18 05:57:17 | INFO     | Saving at a/skeb/kawanooku-2a4372.json
2026-09-18 05:57:18 | INFO     | OK https://skeb.jp/api/users/wf170ZpFwi
2026-09-18 05:57:18 | INFO     | Saving at a/skeb/wf170ZpFwi-93bf3c.json
2026-09-18 05:57:18 | WARNING  | 404 on https://skeb.jp/api/users/user4849811603124 (attempt 2/3)
2026-09-18 05:57:20 | INFO     | OK https://skeb.jp/api/users/Rarinx
2026-09-18 05:57:20 | INFO     | Saving at a/skeb/Rarinx-aa2172.json
2026-09-18 05:57:21 | INFO     | OK https://skeb.jp/api/users/mzy9o
2026-09-18 05:57:21 | INFO     | Saving at a/skeb/mzy9o-56a089.json
2026-09-18 05:57:22 | INFO     | OK https://skeb.jp/api/users/yasagure2828
2026-09-18 05:57:22 | INFO     | Saving at a/skeb/yasagure2828-63d3b4.json
2026-09-18 05:57:23 | INFO     | OK https://skeb.jp/api/users/M_tomoyohi
2026-09-18 05:57:23 | INFO     | Saving at a/skeb/M_tomoyohi-80a013.json
2026-09-18 05:57:24 | WARNING  | 404 on https://skeb.jp/api/users/user4849811603124 (attempt 3/3)
2026-09-18 05:57:25 | INFO     | OK https://skeb.jp/api/users/buzz_nou
2026-09-18 05:57:25 | INFO     | Saving at a/skeb/buzz_nou-d4cc0d.json
2026-09-18 05:57:26 | INFO     | OK https://skeb.jp/api/users/iriaaaaaa0w0
2026-09-18 05:57:26 | INFO     | Saving at a/skeb/iriaaaaaa0w0-e8b5b5.json
2026-09-18 05:57:27 | INFO     | OK https://skeb.jp/api/users/TORONBOOM
2026-09-18 05:57:27 | INFO     | Saving at a/skeb/TORONBOOM-22c400.json
2026-09-18 05:57:28 | INFO     | OK https://skeb.jp/api/users/krda6543
2026-09-18 05:57:28 | INFO     | Saving at a/skeb/krda6543-c52365.json
2026-09-18 05:57:29 | INFO     | OK https://skeb.jp/api/users/ZOZON_0809
2026-09-18 05:57:29 | INFO     | Saving at a/skeb/ZOZON_0809-6530b1.json
2026-09-18 05:57:30 | INFO     | OK https://skeb.jp/api/users/0821_0821_
2026-09-18 05:57:30 | INFO     | Saving at a/skeb/0821_0821_-0b97bf.json
2026-09-18 05:57:31 | INFO     | OK https://skeb.jp/api/users/rdml_chashi02
2026-09-18 05:57:31 | INFO     | Saving at a/skeb/rdml_chashi02-4958b6.json
2026-09-18 05:57:32 | WARNING  | 404 on https://skeb.jp/api/users/vchereri (attempt 1/3)
2026-09-18 05:57:33 | INFO     | OK https://skeb.jp/api/users/218GOU
2026-09-18 05:57:33 | INFO     | Saving at a/skeb/218GOU-6091c2.json
2026-09-18 05:57:34 | INFO     | OK https://skeb.jp/api/users/7ntu2
2026-09-18 05:57:34 | INFO     | Saving at a/skeb/7ntu2-0d2468.json
2026-09-18 05:57:35 | INFO     | OK https://skeb.jp/api/users/nkmn
2026-09-18 05:57:35 | INFO     | Saving at a/skeb/nkmn-6343b8.json
2026-09-18 05:57:36 | INFO     | OK https://skeb.jp/api/users/tatsunami1379
2026-09-18 05:57:36 | INFO     | Saving at a/skeb/tatsunami1379-db7a6b.json
2026-09-18 05:57:37 | INFO     | OK https://skeb.jp/api/users/kake_hika
2026-09-18 05:57:37 | INFO     | Saving at a/skeb/kake_hika-7a6d90.json
2026-09-18 05:57:38 | WARNING  | 404 on https://skeb.jp/api/users/momoshiro1108 (attempt 1/3)
2026-09-18 05:57:39 | INFO     | OK https://skeb.jp/api/users/chigasaki_y
2026-09-18 05:57:39 | INFO     | Saving at a/skeb/chigasaki_y-921324.json
2026-09-18 05:57:40 | INFO     | OK https://skeb.jp/api/users/ekiaroll
2026-09-18 05:57:40 | INFO     | Saving at a/skeb/ekiaroll-caa0b8.json
2026-09-18 05:57:41 | INFO     | OK https://skeb.jp/api/users/kisi0024
2026-09-18 05:57:41 | INFO     | Saving at a/skeb/kisi0024-9b0457.json
2026-09-18 05:57:42 | INFO     | OK https://skeb.jp/api/users/aa_anoko_
2026-09-18 05:57:42 | INFO     | Saving at a/skeb/aa_anoko_-d6c9df.json
2026-09-18 05:57:43 | INFO     | OK https://skeb.jp/api/users/K_shiokara
2026-09-18 05:57:43 | INFO     | Saving at a/skeb/K_shiokara-5b35da.json
2026-09-18 05:57:44 | INFO     | OK https://skeb.jp/api/users/6YYxJxHn1zqI4hZ
2026-09-18 05:57:44 | INFO     | Saving at a/skeb/6YYxJxHn1zqI4hZ-b3ba2b.json
2026-09-18 05:57:45 | INFO     | OK https://skeb.jp/api/users/kanyanya
2026-09-18 05:57:45 | INFO     | Saving at a/skeb/kanyanya-7b653d.json
2026-09-18 05:57:46 | INFO     | OK https://skeb.jp/api/users/taoru_oekaki
2026-09-18 05:57:46 | INFO     | Saving at a/skeb/taoru_oekaki-94198a.json
2026-09-18 05:57:47 | INFO     | OK https://skeb.jp/api/users/odoruika5
2026-09-18 05:57:47 | INFO     | Saving at a/skeb/odoruika5-caaea3.json
2026-09-18 05:57:48 | INFO     | OK https://skeb.jp/api/users/ore0w03
2026-09-18 05:57:48 | INFO     | Saving at a/skeb/ore0w03-43aadb.json
2026-09-18 05:57:49 | INFO     | OK https://skeb.jp/api/users/Veil_No080
2026-09-18 05:57:49 | INFO     | Saving at a/skeb/Veil_No080-eefb89.json
2026-09-18 05:57:50 | INFO     | OK https://skeb.jp/api/users/Simahugu284
2026-09-18 05:57:50 | INFO     | Saving at a/skeb/Simahugu284-223314.json
2026-09-18 05:57:51 | INFO     | OK https://skeb.jp/api/users/shinba_yagi
2026-09-18 05:57:51 | INFO     | Saving at a/skeb/shinba_yagi-ead89e.json
2026-09-18 05:57:52 | INFO     | OK https://skeb.jp/api/users/pieiru
2026-09-18 05:57:52 | INFO     | Saving at a/skeb/pieiru-11b1cb.json
2026-09-18 05:57:53 | WARNING  | 404 on https://skeb.jp/api/users/kidoko6 (attempt 1/3)
2026-09-18 05:57:54 | INFO     | OK https://skeb.jp/api/users/karatsuki_moon
2026-09-18 05:57:54 | INFO     | Saving at a/skeb/karatsuki_moon-7a6636.json
2026-09-18 05:57:55 | WARNING  | 404 on https://skeb.jp/api/users/vchereri (attempt 2/3)
2026-09-18 05:57:56 | INFO     | OK https://skeb.jp/api/users/watamuki_amane
2026-09-18 05:57:56 | INFO     | Saving at a/skeb/watamuki_amane-06be87.json
2026-09-18 05:57:57 | INFO     | OK https://skeb.jp/api/users/yazyuunosippo
2026-09-18 05:57:57 | INFO     | Saving at a/skeb/yazyuunosippo-03a572.json
2026-09-18 05:57:58 | INFO     | OK https://skeb.jp/api/users/rui6001
2026-09-18 05:57:58 | INFO     | Saving at a/skeb/rui6001-74cba5.json
2026-09-18 05:57:59 | INFO     | OK https://skeb.jp/api/users/nanakotonana777
2026-09-18 05:57:59 | INFO     | Saving at a/skeb/nanakotonana777-f4585d.json
2026-09-18 05:58:00 | INFO     | OK https://skeb.jp/api/users/kikaika0416
2026-09-18 05:58:00 | INFO     | Saving at a/skeb/kikaika0416-9344f9.json
2026-09-18 05:58:01 | WARNING  | 404 on https://skeb.jp/api/users/kidoko6 (attempt 2/3)
2026-09-18 05:58:02 | INFO     | OK https://skeb.jp/api/users/anagsaki
2026-09-18 05:58:02 | INFO     | Saving at a/skeb/anagsaki-756268.json
2026-09-18 05:58:03 | INFO     | OK https://skeb.jp/api/users/Solto001
2026-09-18 05:58:03 | INFO     | Saving at a/skeb/Solto001-a4dd8d.json
2026-09-18 05:58:04 | INFO     | OK https://skeb.jp/api/users/Ganbaru4on
2026-09-18 05:58:04 | INFO     | Saving at a/skeb/Ganbaru4on-e046e6.json
2026-09-18 05:58:05 | WARNING  | 404 on https://skeb.jp/api/users/momoshiro1108 (attempt 2/3)
2026-09-18 05:58:06 | INFO     | OK https://skeb.jp/api/users/kitsunemaru_F
2026-09-18 05:58:06 | INFO     | Saving at a/skeb/kitsunemaru_F-4d23ee.json
2026-09-18 05:58:07 | WARNING  | 404 on https://skeb.jp/api/users/kidoko6 (attempt 3/3)
2026-09-18 05:58:08 | INFO     | OK https://skeb.jp/api/users/stella_yokuni
2026-09-18 05:58:08 | INFO     | Saving at a/skeb/stella_yokuni-0072fb.json
2026-09-18 05:58:09 | INFO     | OK https://skeb.jp/api/users/Rafatyosu_sk
2026-09-18 05:58:09 | INFO     | Saving at a/skeb/Rafatyosu_sk-8c3907.json
2026-09-18 05:58:10 | INFO     | OK https://skeb.jp/api/users/umikaze_maisan
2026-09-18 05:58:10 | INFO     | Saving at a/skeb/umikaze_maisan-288047.json
2026-09-18 05:58:11 | INFO     | OK https://skeb.jp/api/users/psychpomp
2026-09-18 05:58:11 | INFO     | Saving at a/skeb/psychpomp-c4b09e.json
2026-09-18 05:58:12 | INFO     | OK https://skeb.jp/api/users/WhiteClover82
2026-09-18 05:58:12 | INFO     | Saving at a/skeb/WhiteClover82-8e5fd3.json
2026-09-18 05:58:13 | INFO     | OK https://skeb.jp/api/users/nonaprev
2026-09-18 05:58:13 | INFO     | Saving at a/skeb/nonaprev-318934.json
2026-09-18 05:58:14 | INFO     | OK https://skeb.jp/api/users/ekakidesuga
2026-09-18 05:58:14 | INFO     | Saving at a/skeb/ekakidesuga-dea197.json
2026-09-18 05:58:15 | INFO     | OK https://skeb.jp/api/users/Octpus_tako
2026-09-18 05:58:15 | INFO     | Saving at a/skeb/Octpus_tako-b67bc6.json
2026-09-18 05:58:16 | INFO     | OK https://skeb.jp/api/users/_zunta
2026-09-18 05:58:16 | INFO     | Saving at a/skeb/_zunta-d7efee.json
2026-09-18 05:58:17 | INFO     | OK https://skeb.jp/api/users/rin_foxy
2026-09-18 05:58:17 | INFO     | Saving at a/skeb/rin_foxy-c738e7.json
2026-09-18 05:58:18 | INFO     | OK https://skeb.jp/api/users/MAKIRA_001
2026-09-18 05:58:18 | INFO     | Saving at a/skeb/MAKIRA_001-43fa9c.json
2026-09-18 05:58:19 | INFO     | OK https://skeb.jp/api/users/scamp_f16
2026-09-18 05:58:19 | INFO     | Saving at a/skeb/scamp_f16-4fae5d.json
2026-09-18 05:58:20 | INFO     | OK https://skeb.jp/api/users/2LDK1241
2026-09-18 05:58:20 | INFO     | Saving at a/skeb/2LDK1241-b7e7a5.json
2026-09-18 05:58:21 | INFO     | OK https://skeb.jp/api/users/umezometanuki
2026-09-18 05:58:21 | INFO     | Saving at a/skeb/umezometanuki-e4d130.json
2026-09-18 05:58:22 | INFO     | OK https://skeb.jp/api/users/amatukimahoro
2026-09-18 05:58:22 | INFO     | Saving at a/skeb/amatukimahoro-e92e4c.json
2026-09-18 05:58:23 | INFO     | OK https://skeb.jp/api/users/yama_nashiz
2026-09-18 05:58:23 | INFO     | Saving at a/skeb/yama_nashiz-e2e95f.json
2026-09-18 05:58:24 | INFO     | OK https://skeb.jp/api/users/shino2121
2026-09-18 05:58:24 | INFO     | Saving at a/skeb/shino2121-08595a.json
2026-09-18 05:58:25 | INFO     | OK https://skeb.jp/api/users/vulpesmaru
2026-09-18 05:58:25 | INFO     | Saving at a/skeb/vulpesmaru-55c515.json
2026-09-18 05:58:26 | WARNING  | 404 on https://skeb.jp/api/users/vchereri (attempt 3/3)
2026-09-18 05:58:27 | INFO     | OK https://skeb.jp/api/users/hanada_trpg
2026-09-18 05:58:27 | INFO     | Saving at a/skeb/hanada_trpg-d8f41b.json
2026-09-18 05:58:28 | INFO     | OK https://skeb.jp/api/users/mSPjejMfuy44746
2026-09-18 05:58:28 | INFO     | Saving at a/skeb/mSPjejMfuy44746-b4e5cb.json
2026-09-18 05:58:29 | INFO     | OK https://skeb.jp/api/users/crumpets202204
2026-09-18 05:58:29 | INFO     | Saving at a/skeb/crumpets202204-329e5f.json
2026-09-18 05:58:30 | INFO     | OK https://skeb.jp/api/users/agemoti_
2026-09-18 05:58:30 | INFO     | Saving at a/skeb/agemoti_-f72910.json
2026-09-18 05:58:31 | INFO     | OK https://skeb.jp/api/users/moon_art3
2026-09-18 05:58:31 | INFO     | Saving at a/skeb/moon_art3-90a524.json
2026-09-18 05:58:32 | INFO     | OK https://skeb.jp/api/users/Yumetaro1011
2026-09-18 05:58:32 | INFO     | Saving at a/skeb/Yumetaro1011-46aad3.json
2026-09-18 05:58:33 | INFO     | OK https://skeb.jp/api/users/Reika_Natsuki
2026-09-18 05:58:33 | INFO     | Saving at a/skeb/Reika_Natsuki-eb55ac.json
2026-09-18 05:58:34 | INFO     | OK https://skeb.jp/api/users/doumu9040
2026-09-18 05:58:34 | INFO     | Saving at a/skeb/doumu9040-53c296.json
2026-09-18 05:58:35 | INFO     | OK https://skeb.jp/api/users/doctor_09276
2026-09-18 05:58:35 | INFO     | Saving at a/skeb/doctor_09276-c98935.json
2026-09-18 05:58:36 | INFO     | OK https://skeb.jp/api/users/aikawakuroske_skeb
2026-09-18 05:58:36 | INFO     | Saving at a/skeb/aikawakuroske_skeb-beb333.json
2026-09-18 05:58:37 | INFO     | OK https://skeb.jp/api/users/gyuniku
2026-09-18 05:58:37 | INFO     | Saving at a/skeb/gyuniku-407f59.json
2026-09-18 05:58:38 | INFO     | OK https://skeb.jp/api/users/los__0g
2026-09-18 05:58:38 | INFO     | Saving at a/skeb/los__0g-dfb565.json
2026-09-18 05:58:39 | WARNING  | 404 on https://skeb.jp/api/users/momoshiro1108 (attempt 3/3)
2026-09-18 05:58:40 | INFO     | OK https://skeb.jp/api/users/shiratama_076
2026-09-18 05:58:40 | INFO     | Saving at a/skeb/shiratama_076-d823ea.json
2026-09-18 05:58:41 | INFO     | OK https://skeb.jp/api/users/yayaya_nnyom_
2026-09-18 05:58:41 | INFO     | Saving at a/skeb/yayaya_nnyom_-071e12.json
2026-09-18 05:58:42 | INFO     | OK https://skeb.jp/api/users/suzuran__kun
2026-09-18 05:58:42 | INFO     | Saving at a/skeb/suzuran__kun-09233e.json
2026-09-18 05:58:43 | INFO     | OK https://skeb.jp/api/users/ayaka1125
2026-09-18 05:58:43 | INFO     | Saving at a/skeb/ayaka1125-71f9a0.json
2026-09-18 05:58:44 | INFO     | OK https://skeb.jp/api/users/C_satui
2026-09-18 05:58:44 | INFO     | Saving at a/skeb/C_satui-fc59e1.json
2026-09-18 05:58:45 | INFO     | OK https://skeb.jp/api/users/lilyB_ohwashi
2026-09-18 05:58:45 | INFO     | Saving at a/skeb/lilyB_ohwashi-0ca09e.json
2026-09-18 05:58:46 | INFO     | OK https://skeb.jp/api/users/aoiao_0
2026-09-18 05:58:46 | INFO     | Saving at a/skeb/aoiao_0-5e678a.json
2026-09-18 05:58:47 | INFO     | OK https://skeb.jp/api/users/yuzuki_Lie
2026-09-18 05:58:47 | INFO     | Saving at a/skeb/yuzuki_Lie-af2015.json
2026-09-18 05:58:48 | INFO     | OK https://skeb.jp/api/users/uduki_illust
2026-09-18 05:58:48 | INFO     | Saving at a/skeb/uduki_illust-f825ac.json
2026-09-18 05:58:49 | INFO     | OK https://skeb.jp/api/users/4yaHns
2026-09-18 05:58:49 | INFO     | Saving at a/skeb/4yaHns-e68112.json
2026-09-18 05:58:50 | INFO     | OK https://skeb.jp/api/users/wqGGoxuL9pETugg
2026-09-18 05:58:50 | INFO     | Saving at a/skeb/wqGGoxuL9pETugg-bef464.json
2026-09-18 05:58:51 | INFO     | OK https://skeb.jp/api/users/SeaBee_illust
2026-09-18 05:58:51 | INFO     | Saving at a/skeb/SeaBee_illust-06bf54.json
2026-09-18 05:58:52 | INFO     | OK https://skeb.jp/api/users/tokumeikujira_
2026-09-18 05:58:52 | INFO     | Saving at a/skeb/tokumeikujira_-47c75d.json
2026-09-18 05:58:53 | INFO     | OK https://skeb.jp/api/users/kafka_osigoto
2026-09-18 05:58:53 | INFO     | Saving at a/skeb/kafka_osigoto-4c0d7b.json
2026-09-18 05:58:54 | INFO     | OK https://skeb.jp/api/users/erynkii
2026-09-18 05:58:54 | INFO     | Saving at a/skeb/erynkii-8861e4.json
2026-09-18 05:58:55 | INFO     | OK https://skeb.jp/api/users/Rico2655
2026-09-18 05:58:55 | INFO     | Saving at a/skeb/Rico2655-8e6d8b.json
2026-09-18 05:58:56 | INFO     | OK https://skeb.jp/api/users/kodama_momotaro
2026-09-18 05:58:56 | INFO     | Saving at a/skeb/kodama_momotaro-d098f5.json
2026-09-18 05:58:57 | INFO     | OK https://skeb.jp/api/users/nattsun018
2026-09-18 05:58:57 | INFO     | Saving at a/skeb/nattsun018-f2325d.json
2026-09-18 05:58:58 | INFO     | OK https://skeb.jp/api/users/Famchang14
2026-09-18 05:58:58 | INFO     | Saving at a/skeb/Famchang14-07509e.json
2026-09-18 05:58:59 | INFO     | OK https://skeb.jp/api/users/uruawayuki
2026-09-18 05:58:59 | INFO     | Saving at a/skeb/uruawayuki-c38d69.json
2026-09-18 05:59:00 | INFO     | OK https://skeb.jp/api/users/XenodiaCocoa
2026-09-18 05:59:00 | INFO     | Saving at a/skeb/XenodiaCocoa-e0baf5.json
2026-09-18 05:59:01 | INFO     | OK https://skeb.jp/api/users/anohianotok1
2026-09-18 05:59:01 | INFO     | Saving at a/skeb/anohianotok1-1812e7.json
2026-09-18 05:59:02 | INFO     | OK https://skeb.jp/api/users/akatubotan
2026-09-18 05:59:02 | INFO     | Saving at a/skeb/akatubotan-c45883.json
2026-09-18 05:59:03 | INFO     | OK https://skeb.jp/api/users/muscle56ringo
2026-09-18 05:59:03 | INFO     | Saving at a/skeb/muscle56ringo-82ca45.json
2026-09-18 05:59:04 | INFO     | OK https://skeb.jp/api/users/umasiodare2
2026-09-18 05:59:04 | INFO     | Saving at a/skeb/umasiodare2-86a8df.json
2026-09-18 05:59:05 | INFO     | OK https://skeb.jp/api/users/maguro_kaga
2026-09-18 05:59:05 | INFO     | Saving at a/skeb/maguro_kaga-b1615d.json
2026-09-18 05:59:06 | INFO     | OK https://skeb.jp/api/users/lotus_1h
2026-09-18 05:59:06 | INFO     | Saving at a/skeb/lotus_1h-2d9052.json
2026-09-18 05:59:07 | INFO     | OK https://skeb.jp/api/users/PwgP6_tomato
2026-09-18 05:59:07 | INFO     | Saving at a/skeb/PwgP6_tomato-831c46.json
2026-09-18 05:59:08 | INFO     | OK https://skeb.jp/api/users/mogu2sandwich
2026-09-18 05:59:08 | INFO     | Saving at a/skeb/mogu2sandwich-474310.json
2026-09-18 05:59:09 | INFO     | OK https://skeb.jp/api/users/BNdarkestdays
2026-09-18 05:59:09 | INFO     | Saving at a/skeb/BNdarkestdays-09d5ad.json
2026-09-18 05:59:10 | INFO     | OK https://skeb.jp/api/users/59UShop
2026-09-18 05:59:10 | INFO     | Saving at a/skeb/59UShop-e01253.json
2026-09-18 05:59:11 | INFO     | OK https://skeb.jp/api/users/sumire910915
2026-09-18 05:59:11 | INFO     | Saving at a/skeb/sumire910915-dc8c24.json
2026-09-18 05:59:12 | INFO     | OK https://skeb.jp/api/users/kirakiyorasub
2026-09-18 05:59:12 | INFO     | Saving at a/skeb/kirakiyorasub-fb1715.json
2026-09-18 05:59:13 | INFO     | OK https://skeb.jp/api/users/omuraisulu
2026-09-18 05:59:13 | INFO     | Saving at a/skeb/omuraisulu-75d96d.json
2026-09-18 05:59:14 | INFO     | OK https://skeb.jp/api/users/Hrsm_wop
2026-09-18 05:59:14 | INFO     | Saving at a/skeb/Hrsm_wop-c35502.json
2026-09-18 05:59:15 | INFO     | OK https://skeb.jp/api/users/orihara13
2026-09-18 05:59:15 | INFO     | Saving at a/skeb/orihara13-1c2aa2.json
2026-09-18 05:59:16 | INFO     | OK https://skeb.jp/api/users/huuyoku
2026-09-18 05:59:16 | INFO     | Saving at a/skeb/huuyoku-da813e.json
2026-09-18 05:59:17 | WARNING  | 404 on https://skeb.jp/api/users/ifsgmct322 (attempt 1/3)
2026-09-18 05:59:18 | INFO     | OK https://skeb.jp/api/users/leally_big_rice
2026-09-18 05:59:18 | INFO     | Saving at a/skeb/leally_big_rice-991af6.json
2026-09-18 05:59:19 | INFO     | OK https://skeb.jp/api/users/srk_tk250
2026-09-18 05:59:19 | INFO     | Saving at a/skeb/srk_tk250-61efa3.json
2026-09-18 05:59:20 | INFO     | OK https://skeb.jp/api/users/omisoshirutan
2026-09-18 05:59:20 | INFO     | Saving at a/skeb/omisoshirutan-32ddcf.json
2026-09-18 05:59:21 | INFO     | OK https://skeb.jp/api/users/hanayori_000
2026-09-18 05:59:21 | INFO     | Saving at a/skeb/hanayori_000-568c90.json
2026-09-18 05:59:22 | INFO     | OK https://skeb.jp/api/users/39shoma
2026-09-18 05:59:22 | INFO     | Saving at a/skeb/39shoma-0494eb.json
2026-09-18 05:59:23 | INFO     | OK https://skeb.jp/api/users/nepe_1942
2026-09-18 05:59:23 | INFO     | Saving at a/skeb/nepe_1942-b0b8f7.json
2026-09-18 05:59:24 | INFO     | OK https://skeb.jp/api/users/noaKaede_
2026-09-18 05:59:24 | INFO     | Saving at a/skeb/noaKaede_-d6daee.json
2026-09-18 05:59:25 | INFO     | OK https://skeb.jp/api/users/tyk_tabetaina
2026-09-18 05:59:25 | INFO     | Saving at a/skeb/tyk_tabetaina-098dea.json
2026-09-18 05:59:26 | INFO     | OK https://skeb.jp/api/users/rika_hoasi
2026-09-18 05:59:26 | INFO     | Saving at a/skeb/rika_hoasi-006b5b.json
2026-09-18 05:59:27 | INFO     | OK https://skeb.jp/api/users/9taro_illust
2026-09-18 05:59:27 | INFO     | Saving at a/skeb/9taro_illust-9bd1fc.json
2026-09-18 05:59:28 | INFO     | OK https://skeb.jp/api/users/how_to_open
2026-09-18 05:59:28 | INFO     | Saving at a/skeb/how_to_open-c5df09.json
2026-09-18 05:59:29 | INFO     | OK https://skeb.jp/api/users/sio2_sekiei
2026-09-18 05:59:29 | INFO     | Saving at a/skeb/sio2_sekiei-4e9597.json
2026-09-18 05:59:30 | INFO     | OK https://skeb.jp/api/users/U_gros
2026-09-18 05:59:30 | INFO     | Saving at a/skeb/U_gros-b82833.json
2026-09-18 05:59:31 | WARNING  | 404 on https://skeb.jp/api/users/ifsgmct322 (attempt 2/3)
2026-09-18 05:59:32 | INFO     | OK https://skeb.jp/api/users/KRn6v
2026-09-18 05:59:32 | INFO     | Saving at a/skeb/KRn6v-600827.json
2026-09-18 05:59:33 | INFO     | OK https://skeb.jp/api/users/kari82_trpg
2026-09-18 05:59:33 | INFO     | Saving at a/skeb/kari82_trpg-20de32.json
2026-09-18 05:59:34 | INFO     | OK https://skeb.jp/api/users/iRtLfBAxdr
2026-09-18 05:59:34 | INFO     | Saving at a/skeb/iRtLfBAxdr-41d871.json
2026-09-18 05:59:35 | INFO     | OK https://skeb.jp/api/users/napitter_at
2026-09-18 05:59:35 | INFO     | Saving at a/skeb/napitter_at-21c61a.json
2026-09-18 05:59:36 | WARNING  | 404 on https://skeb.jp/api/users/ifsgmct322 (attempt 3/3)
2026-09-18 05:59:37 | INFO     | OK https://skeb.jp/api/users/hora_liar
2026-09-18 05:59:37 | INFO     | Saving at a/skeb/hora_liar-46331c.json
2026-09-18 05:59:38 | INFO     | OK https://skeb.jp/api/users/kimera82ito
2026-09-18 05:59:38 | INFO     | Saving at a/skeb/kimera82ito-fc5b57.json
2026-09-18 05:59:39 | INFO     | OK https://skeb.jp/api/users/Maido_mido
2026-09-18 05:59:39 | INFO     | Saving at a/skeb/Maido_mido-219494.json
2026-09-18 05:59:40 | INFO     | OK https://skeb.jp/api/users/pooooisuke
2026-09-18 05:59:40 | INFO     | Saving at a/skeb/pooooisuke-902fc7.json
2026-09-18 05:59:41 | INFO     | OK https://skeb.jp/api/users/Aogiri_rei_1020
2026-09-18 05:59:41 | INFO     | Saving at a/skeb/Aogiri_rei_1020-8cd47d.json
2026-09-18 05:59:42 | INFO     | OK https://skeb.jp/api/users/gu00hy
2026-09-18 05:59:42 | INFO     | Saving at a/skeb/gu00hy-975a3a.json
2026-09-18 05:59:43 | INFO     | OK https://skeb.jp/api/users/kumityo_qma
2026-09-18 05:59:43 | INFO     | Saving at a/skeb/kumityo_qma-e3a56c.json
2026-09-18 05:59:44 | INFO     | OK https://skeb.jp/api/users/Tifa_Type_R
2026-09-18 05:59:44 | INFO     | Saving at a/skeb/Tifa_Type_R-291344.json
2026-09-18 05:59:45 | INFO     | OK https://skeb.jp/api/users/noshimecha
2026-09-18 05:59:45 | INFO     | Saving at a/skeb/noshimecha-f38597.json
2026-09-18 05:59:46 | INFO     | OK https://skeb.jp/api/users/uUW1mwwXE057525
2026-09-18 05:59:46 | INFO     | Saving at a/skeb/uUW1mwwXE057525-9890f8.json
2026-09-18 05:59:47 | INFO     | OK https://skeb.jp/api/users/sakagami111111
2026-09-18 05:59:47 | INFO     | Saving at a/skeb/sakagami111111-2a9250.json
2026-09-18 05:59:48 | INFO     | OK https://skeb.jp/api/users/pandaisuki2587
2026-09-18 05:59:48 | INFO     | Saving at a/skeb/pandaisuki2587-d1d7b1.json
2026-09-18 05:59:49 | INFO     | OK https://skeb.jp/api/users/CalicoLycoris
2026-09-18 05:59:49 | INFO     | Saving at a/skeb/CalicoLycoris-3eb125.json
2026-09-18 05:59:50 | INFO     | OK https://skeb.jp/api/users/rokuro_yusa
2026-09-18 05:59:50 | INFO     | Saving at a/skeb/rokuro_yusa-8411a5.json
2026-09-18 05:59:51 | INFO     | OK https://skeb.jp/api/users/manami_nattou
2026-09-18 05:59:51 | INFO     | Saving at a/skeb/manami_nattou-0c0c76.json
2026-09-18 05:59:52 | INFO     | OK https://skeb.jp/api/users/EijiK0430
2026-09-18 05:59:52 | INFO     | Saving at a/skeb/EijiK0430-a0f9fb.json
2026-09-18 05:59:53 | INFO     | OK https://skeb.jp/api/users/karatsuki_fox
2026-09-18 05:59:53 | INFO     | Saving at a/skeb/karatsuki_fox-609259.json
2026-09-18 05:59:54 | INFO     | OK https://skeb.jp/api/users/1ka_ri
2026-09-18 05:59:54 | INFO     | Saving at a/skeb/1ka_ri-5243fb.json
2026-09-18 05:59:55 | INFO     | OK https://skeb.jp/api/users/poteraArt
2026-09-18 05:59:55 | INFO     | Saving at a/skeb/poteraArt-d3fc78.json
2026-09-18 05:59:56 | INFO     | OK https://skeb.jp/api/users/buruburu2
2026-09-18 05:59:56 | INFO     | Saving at a/skeb/buruburu2-691a4a.json
2026-09-18 05:59:57 | INFO     | OK https://skeb.jp/api/users/yuguchan_
2026-09-18 05:59:57 | INFO     | Saving at a/skeb/yuguchan_-ab335b.json
2026-09-18 05:59:58 | INFO     | OK https://skeb.jp/api/users/n_yurieart
2026-09-18 05:59:58 | INFO     | Saving at a/skeb/n_yurieart-319d71.json
2026-09-18 05:59:59 | INFO     | OK https://skeb.jp/api/users/holysarvel
2026-09-18 05:59:59 | INFO     | Saving at a/skeb/holysarvel-08d8d6.json
2026-09-18 06:00:00 | WARNING  | 404 on https://skeb.jp/api/users/simaisma_gogogo (attempt 1/3)
2026-09-18 06:00:01 | INFO     | OK https://skeb.jp/api/users/Romeo_illust
2026-09-18 06:00:01 | INFO     | Saving at a/skeb/Romeo_illust-278f7f.json
2026-09-18 06:00:02 | INFO     | OK https://skeb.jp/api/users/sasami2_luv_
2026-09-18 06:00:02 | INFO     | Saving at a/skeb/sasami2_luv_-da82df.json
2026-09-18 06:00:03 | INFO     | OK https://skeb.jp/api/users/LP_himazin
2026-09-18 06:00:03 | INFO     | Saving at a/skeb/LP_himazin-b2ea2e.json
2026-09-18 06:00:04 | INFO     | OK https://skeb.jp/api/users/flower_4o
2026-09-18 06:00:04 | INFO     | Saving at a/skeb/flower_4o-8936f6.json
2026-09-18 06:00:05 | INFO     | OK https://skeb.jp/api/users/hidaka0128
2026-09-18 06:00:05 | INFO     | Saving at a/skeb/hidaka0128-b9753b.json
2026-09-18 06:00:06 | INFO     | OK https://skeb.jp/api/users/P_Q0112
2026-09-18 06:00:06 | INFO     | Saving at a/skeb/P_Q0112-49f272.json
2026-09-18 06:00:07 | WARNING  | 404 on https://skeb.jp/api/users/simaisma_gogogo (attempt 2/3)
2026-09-18 06:00:08 | INFO     | OK https://skeb.jp/api/users/donn_meda
2026-09-18 06:00:08 | INFO     | Saving at a/skeb/donn_meda-a60ecf.json
2026-09-18 06:00:09 | INFO     | OK https://skeb.jp/api/users/777basteto222go
2026-09-18 06:00:09 | INFO     | Saving at a/skeb/777basteto222go-357360.json
2026-09-18 06:00:10 | INFO     | OK https://skeb.jp/api/users/hana_tsumugi_
2026-09-18 06:00:10 | INFO     | Saving at a/skeb/hana_tsumugi_-ece0e8.json
2026-09-18 06:00:11 | INFO     | OK https://skeb.jp/api/users/0sionoS
2026-09-18 06:00:11 | INFO     | Saving at a/skeb/0sionoS-02bed3.json
2026-09-18 06:00:12 | INFO     | OK https://skeb.jp/api/users/TR_002_TR
2026-09-18 06:00:12 | INFO     | Saving at a/skeb/TR_002_TR-3f6ebc.json
2026-09-18 06:00:13 | INFO     | OK https://skeb.jp/api/users/dodomayo
2026-09-18 06:00:13 | INFO     | Saving at a/skeb/dodomayo-c6e712.json
2026-09-18 06:00:14 | INFO     | OK https://skeb.jp/api/users/arime_h
2026-09-18 06:00:14 | INFO     | Saving at a/skeb/arime_h-b77e58.json
2026-09-18 06:00:15 | INFO     | OK https://skeb.jp/api/users/t0_0xin
2026-09-18 06:00:15 | INFO     | Saving at a/skeb/t0_0xin-795de3.json
2026-09-18 06:00:16 | INFO     | OK https://skeb.jp/api/users/shiraru1117
2026-09-18 06:00:16 | INFO     | Saving at a/skeb/shiraru1117-af1f4d.json
2026-09-18 06:00:17 | INFO     | OK https://skeb.jp/api/users/freshkasu
2026-09-18 06:00:17 | INFO     | Saving at a/skeb/freshkasu-e39fed.json
2026-09-18 06:00:18 | INFO     | OK https://skeb.jp/api/users/ci_huzl
2026-09-18 06:00:18 | INFO     | Saving at a/skeb/ci_huzl-64b479.json
2026-09-18 06:00:19 | WARNING  | 404 on https://skeb.jp/api/users/simaisma_gogogo (attempt 3/3)
2026-09-18 06:00:20 | INFO     | OK https://skeb.jp/api/users/Nilesn12
2026-09-18 06:00:20 | INFO     | Saving at a/skeb/Nilesn12-bd1e33.json
2026-09-18 06:00:21 | INFO     | OK https://skeb.jp/api/users/_huurin
2026-09-18 06:00:21 | INFO     | Saving at a/skeb/_huurin-1f0c94.json
2026-09-18 06:00:22 | INFO     | OK https://skeb.jp/api/users/Nagi_caprice
2026-09-18 06:00:22 | INFO     | Saving at a/skeb/Nagi_caprice-236c3e.json
2026-09-18 06:00:23 | INFO     | OK https://skeb.jp/api/users/nkgn_shion
2026-09-18 06:00:23 | INFO     | Saving at a/skeb/nkgn_shion-3a410c.json
2026-09-18 06:00:24 | INFO     | OK https://skeb.jp/api/users/1o_nata
2026-09-18 06:00:24 | INFO     | Saving at a/skeb/1o_nata-00a361.json
2026-09-18 06:00:25 | INFO     | OK https://skeb.jp/api/users/NELO
2026-09-18 06:00:25 | INFO     | Saving at a/skeb/NELO-13d782.json
2026-09-18 06:00:26 | INFO     | OK https://skeb.jp/api/users/SakuraIbuki
2026-09-18 06:00:26 | INFO     | Saving at a/skeb/SakuraIbuki-e20669.json
2026-09-18 06:00:27 | INFO     | OK https://skeb.jp/api/users/rKeKscFTLy
2026-09-18 06:00:27 | INFO     | Saving at a/skeb/rKeKscFTLy-8fb55f.json
2026-09-18 06:00:28 | INFO     | OK https://skeb.jp/api/users/yamirine_v
2026-09-18 06:00:28 | INFO     | Saving at a/skeb/yamirine_v-83a2f2.json
2026-09-18 06:00:29 | INFO     | OK https://skeb.jp/api/users/mayurikaichou
2026-09-18 06:00:29 | INFO     | Saving at a/skeb/mayurikaichou-151590.json
2026-09-18 06:00:30 | INFO     | OK https://skeb.jp/api/users/log0723
2026-09-18 06:00:30 | INFO     | Saving at a/skeb/log0723-49d4a5.json
2026-09-18 06:00:31 | INFO     | OK https://skeb.jp/api/users/HiBarii
2026-09-18 06:00:31 | INFO     | Saving at a/skeb/HiBarii-1fbda2.json
2026-09-18 06:00:32 | INFO     | OK https://skeb.jp/api/users/yabaiyo66666
2026-09-18 06:00:32 | INFO     | Saving at a/skeb/yabaiyo66666-bbcd60.json
2026-09-18 06:00:33 | INFO     | OK https://skeb.jp/api/users/mikaduki5
2026-09-18 06:00:33 | INFO     | Saving at a/skeb/mikaduki5-8e3791.json
2026-09-18 06:00:34 | INFO     | OK https://skeb.jp/api/users/EA8YSQ95k1
2026-09-18 06:00:34 | INFO     | Saving at a/skeb/EA8YSQ95k1-b0589d.json
2026-09-18 06:00:35 | INFO     | OK https://skeb.jp/api/users/hosi_huru_yoru2
2026-09-18 06:00:35 | INFO     | Saving at a/skeb/hosi_huru_yoru2-4fc05d.json
2026-09-18 06:00:36 | INFO     | OK https://skeb.jp/api/users/necoma_2
2026-09-18 06:00:36 | INFO     | Saving at a/skeb/necoma_2-b368d3.json
2026-09-18 06:00:37 | INFO     | OK https://skeb.jp/api/users/CHIKYU_NI_YASAC
2026-09-18 06:00:37 | INFO     | Saving at a/skeb/CHIKYU_NI_YASAC-cefc0d.json
2026-09-18 06:00:38 | INFO     | OK https://skeb.jp/api/users/harukaze110
2026-09-18 06:00:38 | INFO     | Saving at a/skeb/harukaze110-4b32fa.json
2026-09-18 06:00:39 | INFO     | OK https://skeb.jp/api/users/kuritiizu
2026-09-18 06:00:39 | INFO     | Saving at a/skeb/kuritiizu-48aeb0.json
2026-09-18 06:00:40 | INFO     | OK https://skeb.jp/api/users/Mikado_toy128
2026-09-18 06:00:40 | INFO     | Saving at a/skeb/Mikado_toy128-852896.json
2026-09-18 06:00:41 | INFO     | OK https://skeb.jp/api/users/kuroi_kuro_neko
2026-09-18 06:00:41 | INFO     | Saving at a/skeb/kuroi_kuro_neko-49773f.json
2026-09-18 06:00:42 | INFO     | OK https://skeb.jp/api/users/yoic_yoru
2026-09-18 06:00:42 | INFO     | Saving at a/skeb/yoic_yoru-2f7980.json
2026-09-18 06:00:43 | INFO     | OK https://skeb.jp/api/users/amagasa_nadame
2026-09-18 06:00:43 | INFO     | Saving at a/skeb/amagasa_nadame-af8a08.json
2026-09-18 06:00:44 | INFO     | OK https://skeb.jp/api/users/TakoyakiGirlJP
2026-09-18 06:00:44 | INFO     | Saving at a/skeb/TakoyakiGirlJP-cce7b5.json
2026-09-18 06:00:45 | INFO     | OK https://skeb.jp/api/users/minabe_6711
2026-09-18 06:00:45 | INFO     | Saving at a/skeb/minabe_6711-220591.json
2026-09-18 06:00:46 | INFO     | OK https://skeb.jp/api/users/yodaka03
2026-09-18 06:00:46 | INFO     | Saving at a/skeb/yodaka03-12e5fe.json
2026-09-18 06:00:47 | INFO     | OK https://skeb.jp/api/users/hagiskeb
2026-09-18 06:00:47 | INFO     | Saving at a/skeb/hagiskeb-b5489d.json
2026-09-18 06:00:48 | INFO     | OK https://skeb.jp/api/users/moln9o
2026-09-18 06:00:48 | INFO     | Saving at a/skeb/moln9o-43a299.json
2026-09-18 06:00:49 | INFO     | OK https://skeb.jp/api/users/noya_hu9ro
2026-09-18 06:00:49 | INFO     | Saving at a/skeb/noya_hu9ro-8269cb.json
2026-09-18 06:00:50 | INFO     | OK https://skeb.jp/api/users/cham_unk4871
2026-09-18 06:00:50 | INFO     | Saving at a/skeb/cham_unk4871-ac700f.json
2026-09-18 06:00:51 | INFO     | OK https://skeb.jp/api/users/M42_8
2026-09-18 06:00:51 | INFO     | Saving at a/skeb/M42_8-3b3d3d.json
2026-09-18 06:00:52 | INFO     | OK https://skeb.jp/api/users/rissenka
2026-09-18 06:00:52 | INFO     | Saving at a/skeb/rissenka-be7cd4.json
2026-09-18 06:00:53 | INFO     | OK https://skeb.jp/api/users/sima164s25
2026-09-18 06:00:53 | INFO     | Saving at a/skeb/sima164s25-a5a7fd.json
2026-09-18 06:00:54 | INFO     | OK https://skeb.jp/api/users/nagata08_23
2026-09-18 06:00:54 | INFO     | Saving at a/skeb/nagata08_23-f2a706.json
2026-09-18 06:00:55 | INFO     | OK https://skeb.jp/api/users/maipatattoi
2026-09-18 06:00:55 | INFO     | Saving at a/skeb/maipatattoi-28e0c0.json
2026-09-18 06:00:56 | INFO     | OK https://skeb.jp/api/users/yoshiyuki_0w0
2026-09-18 06:00:56 | INFO     | Saving at a/skeb/yoshiyuki_0w0-d12812.json
2026-09-18 06:00:57 | INFO     | OK https://skeb.jp/api/users/city_sanzu
2026-09-18 06:00:57 | INFO     | Saving at a/skeb/city_sanzu-784980.json
2026-09-18 06:00:58 | INFO     | OK https://skeb.jp/api/users/11matsuri_co11
2026-09-18 06:00:58 | INFO     | Saving at a/skeb/11matsuri_co11-8e5f1a.json
2026-09-18 06:00:59 | INFO     | OK https://skeb.jp/api/users/ayanomitsuki08
2026-09-18 06:00:59 | INFO     | Saving at a/skeb/ayanomitsuki08-4ad1ad.json
2026-09-18 06:01:00 | INFO     | OK https://skeb.jp/api/users/47kamonn
2026-09-18 06:01:00 | INFO     | Saving at a/skeb/47kamonn-28cab6.json
2026-09-18 06:01:01 | INFO     | OK https://skeb.jp/api/users/omiso
2026-09-18 06:01:01 | INFO     | Saving at a/skeb/omiso-b07a3d.json
2026-09-18 06:01:02 | INFO     | OK https://skeb.jp/api/users/q7ley
2026-09-18 06:01:02 | INFO     | Saving at a/skeb/q7ley-627740.json
2026-09-18 06:01:03 | INFO     | OK https://skeb.jp/api/users/attoma_ku_ooo
2026-09-18 06:01:03 | INFO     | Saving at a/skeb/attoma_ku_ooo-3c03b1.json
2026-09-18 06:01:04 | INFO     | OK https://skeb.jp/api/users/NuNuNn0545
2026-09-18 06:01:04 | INFO     | Saving at a/skeb/NuNuNn0545-c3ebf2.json
2026-09-18 06:01:05 | INFO     | OK https://skeb.jp/api/users/subaru613
2026-09-18 06:01:05 | INFO     | Saving at a/skeb/subaru613-e16d5e.json
2026-09-18 06:01:06 | INFO     | OK https://skeb.jp/api/users/gomimushi88
2026-09-18 06:01:06 | INFO     | Saving at a/skeb/gomimushi88-529311.json
2026-09-18 06:01:07 | INFO     | OK https://skeb.jp/api/users/SatoyamaMeu
2026-09-18 06:01:07 | INFO     | Saving at a/skeb/SatoyamaMeu-4514ec.json
2026-09-18 06:01:08 | INFO     | OK https://skeb.jp/api/users/kwhgsashi_mi
2026-09-18 06:01:08 | INFO     | Saving at a/skeb/kwhgsashi_mi-3ce597.json
2026-09-18 06:01:09 | INFO     | OK https://skeb.jp/api/users/to_gazeiss
2026-09-18 06:01:09 | INFO     | Saving at a/skeb/to_gazeiss-8cdd70.json
2026-09-18 06:01:10 | INFO     | OK https://skeb.jp/api/users/You_Re622
2026-09-18 06:01:10 | INFO     | Saving at a/skeb/You_Re622-e64f87.json
2026-09-18 06:01:11 | INFO     | OK https://skeb.jp/api/users/shia_0331
2026-09-18 06:01:11 | INFO     | Saving at a/skeb/shia_0331-eb1816.json
2026-09-18 06:01:12 | INFO     | OK https://skeb.jp/api/users/rairaraira421
2026-09-18 06:01:12 | INFO     | Saving at a/skeb/rairaraira421-cecad8.json
2026-09-18 06:01:13 | INFO     | OK https://skeb.jp/api/users/Scalaplace
2026-09-18 06:01:13 | INFO     | Saving at a/skeb/Scalaplace-1e5b74.json
2026-09-18 06:01:14 | INFO     | OK https://skeb.jp/api/users/soudadesu
2026-09-18 06:01:14 | INFO     | Saving at a/skeb/soudadesu-1f3cdc.json
2026-09-18 06:01:15 | INFO     | OK https://skeb.jp/api/users/myon_creative
2026-09-18 06:01:15 | INFO     | Saving at a/skeb/myon_creative-f46c5f.json
2026-09-18 06:01:16 | INFO     | OK https://skeb.jp/api/users/rimekooo
2026-09-18 06:01:16 | INFO     | Saving at a/skeb/rimekooo-c91a27.json
2026-09-18 06:01:17 | INFO     | OK https://skeb.jp/api/users/Rai_se06
2026-09-18 06:01:17 | INFO     | Saving at a/skeb/Rai_se06-3b2e6e.json
2026-09-18 06:01:18 | INFO     | OK https://skeb.jp/api/users/akuasfia4313
2026-09-18 06:01:18 | INFO     | Saving at a/skeb/akuasfia4313-7319a5.json
2026-09-18 06:01:19 | INFO     | OK https://skeb.jp/api/users/SHINMUGI_n1ght
2026-09-18 06:01:19 | INFO     | Saving at a/skeb/SHINMUGI_n1ght-72f94d.json
2026-09-18 06:01:20 | INFO     | OK https://skeb.jp/api/users/SS1_mztmr
2026-09-18 06:01:20 | INFO     | Saving at a/skeb/SS1_mztmr-49f88f.json
2026-09-18 06:01:21 | INFO     | OK https://skeb.jp/api/users/Ochiba_39_37
2026-09-18 06:01:21 | INFO     | Saving at a/skeb/Ochiba_39_37-a3a07d.json
2026-09-18 06:01:22 | INFO     | OK https://skeb.jp/api/users/misokokko551
2026-09-18 06:01:22 | INFO     | Saving at a/skeb/misokokko551-943456.json
2026-09-18 06:01:23 | INFO     | OK https://skeb.jp/api/users/nodanosei
2026-09-18 06:01:23 | INFO     | Saving at a/skeb/nodanosei-ccca39.json
2026-09-18 06:01:24 | INFO     | OK https://skeb.jp/api/users/Q_oneillust
2026-09-18 06:01:24 | INFO     | Saving at a/skeb/Q_oneillust-45c597.json
2026-09-18 06:01:25 | INFO     | OK https://skeb.jp/api/users/KannaNya
2026-09-18 06:01:25 | INFO     | Saving at a/skeb/KannaNya-734211.json
2026-09-18 06:01:26 | INFO     | OK https://skeb.jp/api/users/xxAquamarinExxx
2026-09-18 06:01:26 | INFO     | Saving at a/skeb/xxAquamarinExxx-c7d606.json
2026-09-18 06:01:27 | INFO     | OK https://skeb.jp/api/users/gabu_san_dazo
2026-09-18 06:01:27 | INFO     | Saving at a/skeb/gabu_san_dazo-37942a.json
2026-09-18 06:01:28 | INFO     | OK https://skeb.jp/api/users/meiroheart
2026-09-18 06:01:28 | INFO     | Saving at a/skeb/meiroheart-6ca684.json
2026-09-18 06:01:29 | INFO     | OK https://skeb.jp/api/users/sumi__33
2026-09-18 06:01:29 | INFO     | Saving at a/skeb/sumi__33-622bf6.json
2026-09-18 06:01:30 | INFO     | OK https://skeb.jp/api/users/y_kino0
2026-09-18 06:01:30 | INFO     | Saving at a/skeb/y_kino0-75373e.json
2026-09-18 06:01:31 | INFO     | OK https://skeb.jp/api/users/fudesato
2026-09-18 06:01:31 | INFO     | Saving at a/skeb/fudesato-16806d.json
2026-09-18 06:01:32 | INFO     | OK https://skeb.jp/api/users/Nishiura_24
2026-09-18 06:01:32 | INFO     | Saving at a/skeb/Nishiura_24-601fb4.json
2026-09-18 06:01:33 | INFO     | OK https://skeb.jp/api/users/KibasakiChigaya
2026-09-18 06:01:33 | INFO     | Saving at a/skeb/KibasakiChigaya-3e286f.json
2026-09-18 06:01:34 | INFO     | OK https://skeb.jp/api/users/yukiwork
2026-09-18 06:01:34 | INFO     | Saving at a/skeb/yukiwork-7318a9.json
2026-09-18 06:01:35 | INFO     | OK https://skeb.jp/api/users/jjk_596
2026-09-18 06:01:35 | INFO     | Saving at a/skeb/jjk_596-488e24.json
2026-09-18 06:01:36 | INFO     | OK https://skeb.jp/api/users/Mo_shuka_sub
2026-09-18 06:01:36 | INFO     | Saving at a/skeb/Mo_shuka_sub-140cf4.json
2026-09-18 06:01:37 | INFO     | OK https://skeb.jp/api/users/2_bo_ra
2026-09-18 06:01:37 | INFO     | Saving at a/skeb/2_bo_ra-5add97.json
2026-09-18 06:01:38 | INFO     | OK https://skeb.jp/api/users/oyasumunemui
2026-09-18 06:01:38 | INFO     | Saving at a/skeb/oyasumunemui-04a783.json
2026-09-18 06:01:39 | INFO     | OK https://skeb.jp/api/users/4m700kg
2026-09-18 06:01:39 | INFO     | Saving at a/skeb/4m700kg-152f82.json
2026-09-18 06:01:40 | INFO     | OK https://skeb.jp/api/users/hexa_03
2026-09-18 06:01:40 | INFO     | Saving at a/skeb/hexa_03-5aa7d5.json
2026-09-18 06:01:41 | INFO     | OK https://skeb.jp/api/users/appplesland
2026-09-18 06:01:41 | INFO     | Saving at a/skeb/appplesland-efd7cd.json
2026-09-18 06:01:42 | INFO     | OK https://skeb.jp/api/users/kuohsan
2026-09-18 06:01:42 | INFO     | Saving at a/skeb/kuohsan-ed8788.json
2026-09-18 06:01:43 | INFO     | OK https://skeb.jp/api/users/motenaikitakami
2026-09-18 06:01:43 | INFO     | Saving at a/skeb/motenaikitakami-93b0b2.json
2026-09-18 06:01:44 | INFO     | OK https://skeb.jp/api/users/dqx_pochi
2026-09-18 06:01:44 | INFO     | Saving at a/skeb/dqx_pochi-af7618.json
2026-09-18 06:01:45 | INFO     | OK https://skeb.jp/api/users/yuma_mhs
2026-09-18 06:01:45 | INFO     | Saving at a/skeb/yuma_mhs-7e22c0.json
2026-09-18 06:01:46 | INFO     | OK https://skeb.jp/api/users/permian_machine
2026-09-18 06:01:46 | INFO     | Saving at a/skeb/permian_machine-274dea.json
2026-09-18 06:01:47 | INFO     | OK https://skeb.jp/api/users/namohonami
2026-09-18 06:01:47 | INFO     | Saving at a/skeb/namohonami-f969e9.json
2026-09-18 06:01:48 | INFO     | OK https://skeb.jp/api/users/ggnbsotai
2026-09-18 06:01:48 | INFO     | Saving at a/skeb/ggnbsotai-7e4c44.json
2026-09-18 06:01:49 | INFO     | OK https://skeb.jp/api/users/harusamsrd
2026-09-18 06:01:49 | INFO     | Saving at a/skeb/harusamsrd-8f231f.json
2026-09-18 06:01:50 | INFO     | OK https://skeb.jp/api/users/ic_ml5
2026-09-18 06:01:50 | INFO     | Saving at a/skeb/ic_ml5-de7747.json
2026-09-18 06:01:51 | INFO     | OK https://skeb.jp/api/users/iLumy
2026-09-18 06:01:51 | INFO     | Saving at a/skeb/iLumy-93df19.json
2026-09-18 06:01:52 | INFO     | OK https://skeb.jp/api/users/Tet0ramid
2026-09-18 06:01:52 | INFO     | Saving at a/skeb/Tet0ramid-822aa3.json
2026-09-18 06:01:53 | INFO     | OK https://skeb.jp/api/users/TGxx3300
2026-09-18 06:01:53 | INFO     | Saving at a/skeb/TGxx3300-ad4742.json
2026-09-18 06:01:54 | INFO     | OK https://skeb.jp/api/users/aoama_nanoda
2026-09-18 06:01:54 | INFO     | Saving at a/skeb/aoama_nanoda-b6fc40.json
2026-09-18 06:01:55 | INFO     | OK https://skeb.jp/api/users/ner1k1r1sosaku
2026-09-18 06:01:55 | INFO     | Saving at a/skeb/ner1k1r1sosaku-707228.json
2026-09-18 06:01:56 | INFO     | OK https://skeb.jp/api/users/borokuro
2026-09-18 06:01:56 | INFO     | Saving at a/skeb/borokuro-013d19.json
2026-09-18 06:01:57 | INFO     | OK https://skeb.jp/api/users/momijikk0_
2026-09-18 06:01:57 | INFO     | Saving at a/skeb/momijikk0_-58508a.json
2026-09-18 06:01:58 | INFO     | OK https://skeb.jp/api/users/kalis_Julie
2026-09-18 06:01:58 | INFO     | Saving at a/skeb/kalis_Julie-8081a6.json
2026-09-18 06:01:59 | INFO     | OK https://skeb.jp/api/users/wa98449
2026-09-18 06:01:59 | INFO     | Saving at a/skeb/wa98449-54b7b0.json
2026-09-18 06:02:00 | INFO     | OK https://skeb.jp/api/users/ne__gu
2026-09-18 06:02:00 | INFO     | Saving at a/skeb/ne__gu-2fd02a.json
2026-09-18 06:02:01 | INFO     | OK https://skeb.jp/api/users/32_ni_san
2026-09-18 06:02:01 | INFO     | Saving at a/skeb/32_ni_san-3acb35.json
2026-09-18 06:02:02 | INFO     | OK https://skeb.jp/api/users/tyk_Dsky
2026-09-18 06:02:02 | INFO     | Saving at a/skeb/tyk_Dsky-8e283c.json
2026-09-18 06:02:03 | INFO     | OK https://skeb.jp/api/users/omimi_03
2026-09-18 06:02:03 | INFO     | Saving at a/skeb/omimi_03-d5657d.json
2026-09-18 06:02:04 | INFO     | OK https://skeb.jp/api/users/RioMinato
2026-09-18 06:02:04 | INFO     | Saving at a/skeb/RioMinato-50cc05.json
2026-09-18 06:02:05 | INFO     | OK https://skeb.jp/api/users/zirahhikawa
2026-09-18 06:02:05 | INFO     | Saving at a/skeb/zirahhikawa-288526.json
2026-09-18 06:02:06 | INFO     | OK https://skeb.jp/api/users/d_norainu_b
2026-09-18 06:02:06 | INFO     | Saving at a/skeb/d_norainu_b-a08a82.json
2026-09-18 06:02:07 | INFO     | OK https://skeb.jp/api/users/mihiyo6
2026-09-18 06:02:07 | INFO     | Saving at a/skeb/mihiyo6-215429.json
2026-09-18 06:02:08 | INFO     | OK https://skeb.jp/api/users/illust__ai
2026-09-18 06:02:08 | INFO     | Saving at a/skeb/illust__ai-9fb764.json
2026-09-18 06:02:09 | INFO     | OK https://skeb.jp/api/users/Kanahebibibibin
2026-09-18 06:02:09 | INFO     | Saving at a/skeb/Kanahebibibibin-aaac53.json
2026-09-18 06:02:10 | INFO     | OK https://skeb.jp/api/users/motimotimarimo
2026-09-18 06:02:10 | INFO     | Saving at a/skeb/motimotimarimo-eaf02c.json
2026-09-18 06:02:11 | INFO     | OK https://skeb.jp/api/users/dopamine629
2026-09-18 06:02:11 | INFO     | Saving at a/skeb/dopamine629-17d79e.json
2026-09-18 06:02:12 | INFO     | OK https://skeb.jp/api/users/OyeComoVa08
2026-09-18 06:02:12 | INFO     | Saving at a/skeb/OyeComoVa08-1d9ccb.json
2026-09-18 06:02:13 | INFO     | OK https://skeb.jp/api/users/nanashi_1104
2026-09-18 06:02:13 | INFO     | Saving at a/skeb/nanashi_1104-86f655.json
2026-09-18 06:02:14 | INFO     | OK https://skeb.jp/api/users/93187na
2026-09-18 06:02:14 | INFO     | Saving at a/skeb/93187na-db8586.json
2026-09-18 06:02:15 | INFO     | OK https://skeb.jp/api/users/Betabetamaru_77
2026-09-18 06:02:15 | INFO     | Saving at a/skeb/Betabetamaru_77-07c8b6.json
2026-09-18 06:02:16 | INFO     | OK https://skeb.jp/api/users/mahimahu34
2026-09-18 06:02:16 | INFO     | Saving at a/skeb/mahimahu34-79c974.json
2026-09-18 06:02:17 | INFO     | OK https://skeb.jp/api/users/hossimu
2026-09-18 06:02:17 | INFO     | Saving at a/skeb/hossimu-65f085.json
2026-09-18 06:02:18 | INFO     | OK https://skeb.jp/api/users/2outni4
2026-09-18 06:02:18 | INFO     | Saving at a/skeb/2outni4-0db1fd.json
2026-09-18 06:02:19 | INFO     | OK https://skeb.jp/api/users/klm1511
2026-09-18 06:02:19 | INFO     | Saving at a/skeb/klm1511-712b47.json
2026-09-18 06:02:20 | INFO     | OK https://skeb.jp/api/users/tsuredsu_ren040
2026-09-18 06:02:20 | INFO     | Saving at a/skeb/tsuredsu_ren040-761132.json
2026-09-18 06:02:21 | INFO     | OK https://skeb.jp/api/users/K_haziK
2026-09-18 06:02:21 | INFO     | Saving at a/skeb/K_haziK-ceec0d.json
2026-09-18 06:02:22 | INFO     | OK https://skeb.jp/api/users/ikaokura_sushi
2026-09-18 06:02:22 | INFO     | Saving at a/skeb/ikaokura_sushi-c518e7.json
2026-09-18 06:02:23 | INFO     | OK https://skeb.jp/api/users/tamakiyasan_2
2026-09-18 06:02:23 | INFO     | Saving at a/skeb/tamakiyasan_2-85045e.json
2026-09-18 06:02:24 | INFO     | OK https://skeb.jp/api/users/kuuraaa1u1
2026-09-18 06:02:24 | INFO     | Saving at a/skeb/kuuraaa1u1-7aa2b4.json
2026-09-18 06:02:25 | INFO     | OK https://skeb.jp/api/users/h3Q8UEVySC4x4d7
2026-09-18 06:02:25 | INFO     | Saving at a/skeb/h3Q8UEVySC4x4d7-d0256a.json
2026-09-18 06:02:26 | INFO     | OK https://skeb.jp/api/users/Yuyu_Omoha
2026-09-18 06:02:26 | INFO     | Saving at a/skeb/Yuyu_Omoha-69f659.json
2026-09-18 06:02:27 | INFO     | OK https://skeb.jp/api/users/pomkokuromine
2026-09-18 06:02:27 | INFO     | Saving at a/skeb/pomkokuromine-fc5364.json
2026-09-18 06:02:28 | INFO     | OK https://skeb.jp/api/users/takuto_kuroito
2026-09-18 06:02:28 | INFO     | Saving at a/skeb/takuto_kuroito-ecf204.json
2026-09-18 06:02:29 | INFO     | OK https://skeb.jp/api/users/MASTER_OF_SHISY
2026-09-18 06:02:29 | INFO     | Saving at a/skeb/MASTER_OF_SHISY-baa22c.json
2026-09-18 06:02:30 | INFO     | OK https://skeb.jp/api/users/mayoigo_why
2026-09-18 06:02:30 | INFO     | Saving at a/skeb/mayoigo_why-a51a21.json
2026-09-18 06:02:31 | INFO     | OK https://skeb.jp/api/users/nijigenhomo
2026-09-18 06:02:31 | INFO     | Saving at a/skeb/nijigenhomo-555dc0.json
2026-09-18 06:02:32 | INFO     | OK https://skeb.jp/api/users/ks74c000
2026-09-18 06:02:32 | INFO     | Saving at a/skeb/ks74c000-cd8613.json
2026-09-18 06:02:33 | INFO     | OK https://skeb.jp/api/users/binelu01
2026-09-18 06:02:33 | INFO     | Saving at a/skeb/binelu01-711841.json
2026-09-18 06:02:34 | INFO     | OK https://skeb.jp/api/users/midaringo
2026-09-18 06:02:34 | INFO     | Saving at a/skeb/midaringo-d3e80e.json
2026-09-18 06:02:35 | INFO     | OK https://skeb.jp/api/users/w11rest
2026-09-18 06:02:35 | INFO     | Saving at a/skeb/w11rest-c33950.json
2026-09-18 06:02:36 | INFO     | OK https://skeb.jp/api/users/6sw47
2026-09-18 06:02:36 | INFO     | Saving at a/skeb/6sw47-2b86af.json
2026-09-18 06:02:37 | INFO     | OK https://skeb.jp/api/users/_ramo404
2026-09-18 06:02:37 | INFO     | Saving at a/skeb/_ramo404-b49a0e.json
2026-09-18 06:02:38 | INFO     | OK https://skeb.jp/api/users/cacaocreate
2026-09-18 06:02:38 | INFO     | Saving at a/skeb/cacaocreate-8500c7.json
2026-09-18 06:02:39 | INFO     | OK https://skeb.jp/api/users/delay_pota
2026-09-18 06:02:39 | INFO     | Saving at a/skeb/delay_pota-7740b0.json
2026-09-18 06:02:40 | INFO     | OK https://skeb.jp/api/users/i4ru_0221
2026-09-18 06:02:40 | INFO     | Saving at a/skeb/i4ru_0221-aab27d.json
2026-09-18 06:02:41 | INFO     | OK https://skeb.jp/api/users/Naim0n0nedari_
2026-09-18 06:02:41 | INFO     | Saving at a/skeb/Naim0n0nedari_-9e7636.json
2026-09-18 06:02:42 | INFO     | OK https://skeb.jp/api/users/silky730
2026-09-18 06:02:42 | INFO     | Saving at a/skeb/silky730-ed02d2.json
2026-09-18 06:02:43 | INFO     | OK https://skeb.jp/api/users/haikara72562833
2026-09-18 06:02:43 | INFO     | Saving at a/skeb/haikara72562833-deb0fd.json
2026-09-18 06:02:44 | INFO     | OK https://skeb.jp/api/users/J_ormun
2026-09-18 06:02:44 | INFO     | Saving at a/skeb/J_ormun-53b670.json
2026-09-18 06:02:45 | INFO     | OK https://skeb.jp/api/users/eidamtoadam
2026-09-18 06:02:45 | INFO     | Saving at a/skeb/eidamtoadam-389dc4.json
2026-09-18 06:02:46 | INFO     | OK https://skeb.jp/api/users/emslis_oekaki
2026-09-18 06:02:46 | INFO     | Saving at a/skeb/emslis_oekaki-3300f2.json
2026-09-18 06:02:47 | INFO     | OK https://skeb.jp/api/users/aoaoaoaobbw
2026-09-18 06:02:47 | INFO     | Saving at a/skeb/aoaoaoaobbw-f1cfe5.json
2026-09-18 06:02:48 | INFO     | OK https://skeb.jp/api/users/syanoo_suzu_xox
2026-09-18 06:02:48 | INFO     | Saving at a/skeb/syanoo_suzu_xox-c4baed.json
2026-09-18 06:02:49 | INFO     | OK https://skeb.jp/api/users/NATA_ta12
2026-09-18 06:02:49 | INFO     | Saving at a/skeb/NATA_ta12-478f40.json
2026-09-18 06:02:50 | INFO     | OK https://skeb.jp/api/users/Super_Moti_Kuu
2026-09-18 06:02:50 | INFO     | Saving at a/skeb/Super_Moti_Kuu-79c162.json
2026-09-18 06:02:51 | INFO     | OK https://skeb.jp/api/users/ochaokashi75
2026-09-18 06:02:51 | INFO     | Saving at a/skeb/ochaokashi75-6e2c77.json
2026-09-18 06:02:52 | INFO     | OK https://skeb.jp/api/users/er_ztv
2026-09-18 06:02:52 | INFO     | Saving at a/skeb/er_ztv-21e97e.json
2026-09-18 06:02:53 | INFO     | OK https://skeb.jp/api/users/hiyoke_dama
2026-09-18 06:02:53 | INFO     | Saving at a/skeb/hiyoke_dama-8ea8b7.json
2026-09-18 06:02:54 | INFO     | OK https://skeb.jp/api/users/sakusenbest
2026-09-18 06:02:54 | INFO     | Saving at a/skeb/sakusenbest-02d7e3.json
2026-09-18 06:02:55 | INFO     | OK https://skeb.jp/api/users/43sidm
2026-09-18 06:02:55 | INFO     | Saving at a/skeb/43sidm-a44975.json
2026-09-18 06:02:56 | INFO     | OK https://skeb.jp/api/users/kanade_fuwafuwa
2026-09-18 06:02:56 | INFO     | Saving at a/skeb/kanade_fuwafuwa-e55fe8.json
2026-09-18 06:02:57 | INFO     | OK https://skeb.jp/api/users/BW_Clean5959
2026-09-18 06:02:57 | INFO     | Saving at a/skeb/BW_Clean5959-ef6afb.json
2026-09-18 06:02:58 | INFO     | OK https://skeb.jp/api/users/LIME_ill_10
2026-09-18 06:02:58 | INFO     | Saving at a/skeb/LIME_ill_10-dfb0c8.json
2026-09-18 06:02:59 | INFO     | OK https://skeb.jp/api/users/kou_hiyoyo
2026-09-18 06:02:59 | INFO     | Saving at a/skeb/kou_hiyoyo-997fb9.json
2026-09-18 06:03:00 | INFO     | OK https://skeb.jp/api/users/n8znaz
2026-09-18 06:03:00 | INFO     | Saving at a/skeb/n8znaz-c6bba0.json
2026-09-18 06:03:01 | INFO     | OK https://skeb.jp/api/users/70da_s
2026-09-18 06:03:01 | INFO     | Saving at a/skeb/70da_s-16dd38.json
2026-09-18 06:03:02 | INFO     | OK https://skeb.jp/api/users/kenu_hachi
2026-09-18 06:03:02 | INFO     | Saving at a/skeb/kenu_hachi-e41d7d.json
2026-09-18 06:03:03 | INFO     | OK https://skeb.jp/api/users/akinona
2026-09-18 06:03:03 | INFO     | Saving at a/skeb/akinona-f7b833.json
2026-09-18 06:03:04 | INFO     | OK https://skeb.jp/api/users/goat_ling
2026-09-18 06:03:04 | INFO     | Saving at a/skeb/goat_ling-76ccf2.json
2026-09-18 06:03:05 | INFO     | OK https://skeb.jp/api/users/donn_meda2
2026-09-18 06:03:05 | INFO     | Saving at a/skeb/donn_meda2-ce6d76.json
2026-09-18 06:03:06 | INFO     | OK https://skeb.jp/api/users/fuwa_tama__
2026-09-18 06:03:06 | INFO     | Saving at a/skeb/fuwa_tama__-3c70f4.json
2026-09-18 06:03:07 | INFO     | OK https://skeb.jp/api/users/sakiomaru197
2026-09-18 06:03:07 | INFO     | Saving at a/skeb/sakiomaru197-b7d0ff.json
2026-09-18 06:03:08 | INFO     | OK https://skeb.jp/api/users/nosnchi
2026-09-18 06:03:08 | INFO     | Saving at a/skeb/nosnchi-f8bcd0.json
2026-09-18 06:03:09 | INFO     | OK https://skeb.jp/api/users/eu1zdEE0LM
2026-09-18 06:03:09 | INFO     | Saving at a/skeb/eu1zdEE0LM-5abd36.json
2026-09-18 06:03:10 | INFO     | OK https://skeb.jp/api/users/kAduk0
2026-09-18 06:03:10 | INFO     | Saving at a/skeb/kAduk0-09ddd8.json
2026-09-18 06:03:11 | INFO     | OK https://skeb.jp/api/users/ptsnptsn
2026-09-18 06:03:11 | INFO     | Saving at a/skeb/ptsnptsn-aa1dfb.json
2026-09-18 06:03:12 | INFO     | OK https://skeb.jp/api/users/sei_fs
2026-09-18 06:03:12 | INFO     | Saving at a/skeb/sei_fs-491e4b.json
2026-09-18 06:03:13 | INFO     | OK https://skeb.jp/api/users/Cosy_zzz
2026-09-18 06:03:13 | INFO     | Saving at a/skeb/Cosy_zzz-5af323.json
2026-09-18 06:03:14 | INFO     | OK https://skeb.jp/api/users/aidakarasu_sub
2026-09-18 06:03:14 | INFO     | Saving at a/skeb/aidakarasu_sub-b2e63f.json
2026-09-18 06:03:15 | INFO     | OK https://skeb.jp/api/users/kumada_154
2026-09-18 06:03:15 | INFO     | Saving at a/skeb/kumada_154-bb3b68.json
2026-09-18 06:03:16 | INFO     | OK https://skeb.jp/api/users/raia_kig
2026-09-18 06:03:16 | INFO     | Saving at a/skeb/raia_kig-3088b6.json
2026-09-18 06:03:17 | INFO     | OK https://skeb.jp/api/users/SA10_3103
2026-09-18 06:03:17 | INFO     | Saving at a/skeb/SA10_3103-cdd132.json
2026-09-18 06:03:18 | INFO     | OK https://skeb.jp/api/users/meroimeropide
2026-09-18 06:03:18 | INFO     | Saving at a/skeb/meroimeropide-86fd44.json
2026-09-18 06:03:19 | INFO     | OK https://skeb.jp/api/users/ritu_twin
2026-09-18 06:03:19 | INFO     | Saving at a/skeb/ritu_twin-ea1423.json
2026-09-18 06:03:20 | INFO     | OK https://skeb.jp/api/users/tougata
2026-09-18 06:03:20 | INFO     | Saving at a/skeb/tougata-f6463b.json
2026-09-18 06:03:21 | INFO     | OK https://skeb.jp/api/users/DmSatsuki_wnri
2026-09-18 06:03:21 | INFO     | Saving at a/skeb/DmSatsuki_wnri-d751ca.json
2026-09-18 06:03:22 | INFO     | OK https://skeb.jp/api/users/dog_1223_
2026-09-18 06:03:22 | INFO     | Saving at a/skeb/dog_1223_-733938.json
2026-09-18 06:03:23 | INFO     | OK https://skeb.jp/api/users/naokimineta026
2026-09-18 06:03:23 | INFO     | Saving at a/skeb/naokimineta026-8c07f0.json
2026-09-18 06:03:24 | INFO     | OK https://skeb.jp/api/users/ozawa2792728641
2026-09-18 06:03:24 | INFO     | Saving at a/skeb/ozawa2792728641-5b84be.json
2026-09-18 06:03:25 | WARNING  | 404 on https://skeb.jp/api/users/etc9199 (attempt 1/3)
2026-09-18 06:03:26 | INFO     | OK https://skeb.jp/api/users/yoooi____yoiyoi
2026-09-18 06:03:26 | INFO     | Saving at a/skeb/yoooi____yoiyoi-3e97f6.json
2026-09-18 06:03:27 | INFO     | OK https://skeb.jp/api/users/hiromusan_1125
2026-09-18 06:03:27 | INFO     | Saving at a/skeb/hiromusan_1125-3feafd.json
2026-09-18 06:03:28 | INFO     | OK https://skeb.jp/api/users/amaotsu_asagi
2026-09-18 06:03:28 | INFO     | Saving at a/skeb/amaotsu_asagi-1ea05d.json
2026-09-18 06:03:29 | INFO     | OK https://skeb.jp/api/users/___ruxiang
2026-09-18 06:03:29 | INFO     | Saving at a/skeb/___ruxiang-2ee65e.json
2026-09-18 06:03:30 | INFO     | OK https://skeb.jp/api/users/armandonnay
2026-09-18 06:03:30 | INFO     | Saving at a/skeb/armandonnay-989a9c.json
2026-09-18 06:03:31 | INFO     | OK https://skeb.jp/api/users/kaiy_u_kai
2026-09-18 06:03:31 | INFO     | Saving at a/skeb/kaiy_u_kai-62934f.json
2026-09-18 06:03:32 | INFO     | OK https://skeb.jp/api/users/mizuno__uta
2026-09-18 06:03:32 | INFO     | Saving at a/skeb/mizuno__uta-d8b043.json
2026-09-18 06:03:33 | INFO     | OK https://skeb.jp/api/users/Asuka_nin84
2026-09-18 06:03:33 | INFO     | Saving at a/skeb/Asuka_nin84-35f218.json
2026-09-18 06:03:34 | INFO     | OK https://skeb.jp/api/users/hllspd_0
2026-09-18 06:03:34 | INFO     | Saving at a/skeb/hllspd_0-13948b.json
2026-09-18 06:03:35 | INFO     | OK https://skeb.jp/api/users/kayaku_o_asa
2026-09-18 06:03:35 | INFO     | Saving at a/skeb/kayaku_o_asa-0c9672.json
2026-09-18 06:03:36 | INFO     | OK https://skeb.jp/api/users/nagatogana1
2026-09-18 06:03:36 | INFO     | Saving at a/skeb/nagatogana1-1dd024.json
2026-09-18 06:03:37 | INFO     | OK https://skeb.jp/api/users/kuo0
2026-09-18 06:03:37 | INFO     | Saving at a/skeb/kuo0-449851.json
2026-09-18 06:03:38 | INFO     | OK https://skeb.jp/api/users/4no3_s0102
2026-09-18 06:03:38 | INFO     | Saving at a/skeb/4no3_s0102-4ba46e.json
2026-09-18 06:03:39 | INFO     | OK https://skeb.jp/api/users/brothertoki
2026-09-18 06:03:39 | INFO     | Saving at a/skeb/brothertoki-ce8f29.json
2026-09-18 06:03:40 | INFO     | OK https://skeb.jp/api/users/__2jio8
2026-09-18 06:03:40 | INFO     | Saving at a/skeb/__2jio8-3fc9a0.json
2026-09-18 06:03:41 | INFO     | OK https://skeb.jp/api/users/hiro_akaribon
2026-09-18 06:03:41 | INFO     | Saving at a/skeb/hiro_akaribon-bf110c.json
2026-09-18 06:03:42 | INFO     | OK https://skeb.jp/api/users/kurogahina
2026-09-18 06:03:42 | INFO     | Saving at a/skeb/kurogahina-0ce152.json
2026-09-18 06:03:43 | WARNING  | 404 on https://skeb.jp/api/users/naruta12 (attempt 1/3)
2026-09-18 06:03:44 | INFO     | OK https://skeb.jp/api/users/ayamami_
2026-09-18 06:03:44 | INFO     | Saving at a/skeb/ayamami_-74a05e.json
2026-09-18 06:03:45 | INFO     | OK https://skeb.jp/api/users/Mjn_Ek
2026-09-18 06:03:45 | INFO     | Saving at a/skeb/Mjn_Ek-af8790.json
2026-09-18 06:03:46 | INFO     | OK https://skeb.jp/api/users/yaba_mitu2
2026-09-18 06:03:46 | INFO     | Saving at a/skeb/yaba_mitu2-9de265.json
2026-09-18 06:03:47 | WARNING  | 404 on https://skeb.jp/api/users/etc9199 (attempt 2/3)
2026-09-18 06:03:48 | INFO     | OK https://skeb.jp/api/users/siso_zakura03
2026-09-18 06:03:48 | INFO     | Saving at a/skeb/siso_zakura03-2b5e5b.json
2026-09-18 06:03:49 | INFO     | OK https://skeb.jp/api/users/MLNWs1
2026-09-18 06:03:49 | INFO     | Saving at a/skeb/MLNWs1-4c569b.json
2026-09-18 06:03:50 | INFO     | OK https://skeb.jp/api/users/_large__k
2026-09-18 06:03:50 | INFO     | Saving at a/skeb/_large__k-6199a6.json
2026-09-18 06:03:51 | INFO     | OK https://skeb.jp/api/users/poipoiseimen
2026-09-18 06:03:51 | INFO     | Saving at a/skeb/poipoiseimen-be4353.json
2026-09-18 06:03:52 | INFO     | OK https://skeb.jp/api/users/Mariiorite
2026-09-18 06:03:52 | INFO     | Saving at a/skeb/Mariiorite-9dab96.json
2026-09-18 06:03:53 | INFO     | OK https://skeb.jp/api/users/BOTAK2235
2026-09-18 06:03:53 | INFO     | Saving at a/skeb/BOTAK2235-c48b66.json
2026-09-18 06:03:54 | WARNING  | 404 on https://skeb.jp/api/users/yahataaoi_main (attempt 1/3)
2026-09-18 06:03:55 | INFO     | OK https://skeb.jp/api/users/TooiKotoo
2026-09-18 06:03:55 | INFO     | Saving at a/skeb/TooiKotoo-872e3a.json
2026-09-18 06:03:56 | INFO     | OK https://skeb.jp/api/users/rensyuuyouno
2026-09-18 06:03:56 | INFO     | Saving at a/skeb/rensyuuyouno-96b495.json
2026-09-18 06:03:57 | WARNING  | 404 on https://skeb.jp/api/users/etc9199 (attempt 3/3)
2026-09-18 06:03:58 | WARNING  | 404 on https://skeb.jp/api/users/yahataaoi_main (attempt 2/3)
2026-09-18 06:03:59 | INFO     | OK https://skeb.jp/api/users/koucha94
2026-09-18 06:03:59 | INFO     | Saving at a/skeb/koucha94-cafed1.json
2026-09-18 06:04:00 | INFO     | OK https://skeb.jp/api/users/2_Necojishi
2026-09-18 06:04:00 | INFO     | Saving at a/skeb/2_Necojishi-95b3ee.json
2026-09-18 06:04:01 | INFO     | OK https://skeb.jp/api/users/__nia2A_
2026-09-18 06:04:01 | INFO     | Saving at a/skeb/__nia2A_-2f130f.json
2026-09-18 06:04:02 | INFO     | OK https://skeb.jp/api/users/sazanami_oimo
2026-09-18 06:04:02 | INFO     | Saving at a/skeb/sazanami_oimo-08cb18.json
2026-09-18 06:04:03 | WARNING  | 404 on https://skeb.jp/api/users/yahataaoi_main (attempt 3/3)
2026-09-18 06:04:04 | INFO     | OK https://skeb.jp/api/users/ama_gin
2026-09-18 06:04:04 | INFO     | Saving at a/skeb/ama_gin-25332c.json
2026-09-18 06:04:05 | INFO     | OK https://skeb.jp/api/users/Meun
2026-09-18 06:04:05 | INFO     | Saving at a/skeb/Meun-f477aa.json
2026-09-18 06:04:06 | INFO     | OK https://skeb.jp/api/users/rageno0000
2026-09-18 06:04:06 | INFO     | Saving at a/skeb/rageno0000-baa5e7.json
2026-09-18 06:04:07 | INFO     | OK https://skeb.jp/api/users/mutuki_
2026-09-18 06:04:07 | INFO     | Saving at a/skeb/mutuki_-3070f6.json
2026-09-18 06:04:08 | INFO     | OK https://skeb.jp/api/users/Azumi_illust
2026-09-18 06:04:08 | INFO     | Saving at a/skeb/Azumi_illust-0588b0.json
2026-09-18 06:04:09 | INFO     | OK https://skeb.jp/api/users/r51633060
2026-09-18 06:04:09 | INFO     | Saving at a/skeb/r51633060-1bd1ea.json
2026-09-18 06:04:10 | INFO     | OK https://skeb.jp/api/users/DEPPA_KAMO
2026-09-18 06:04:10 | INFO     | Saving at a/skeb/DEPPA_KAMO-96aec3.json
2026-09-18 06:04:11 | INFO     | OK https://skeb.jp/api/users/772dn
2026-09-18 06:04:11 | INFO     | Saving at a/skeb/772dn-bd89a5.json
2026-09-18 06:04:12 | INFO     | OK https://skeb.jp/api/users/natatatati
2026-09-18 06:04:12 | INFO     | Saving at a/skeb/natatatati-5f6076.json
2026-09-18 06:04:13 | INFO     | OK https://skeb.jp/api/users/HIRO22185790
2026-09-18 06:04:13 | INFO     | Saving at a/skeb/HIRO22185790-78fa7d.json
2026-09-18 06:04:14 | INFO     | OK https://skeb.jp/api/users/hamada_kami
2026-09-18 06:04:14 | INFO     | Saving at a/skeb/hamada_kami-a6453f.json
2026-09-18 06:04:15 | INFO     | OK https://skeb.jp/api/users/supodorichan
2026-09-18 06:04:15 | INFO     | Saving at a/skeb/supodorichan-7573d1.json
2026-09-18 06:04:16 | INFO     | OK https://skeb.jp/api/users/popopopopoopw
2026-09-18 06:04:16 | INFO     | Saving at a/skeb/popopopopoopw-f75ee6.json
2026-09-18 06:04:17 | INFO     | OK https://skeb.jp/api/users/satsuki3506
2026-09-18 06:04:17 | INFO     | Saving at a/skeb/satsuki3506-e18e08.json
2026-09-18 06:04:18 | INFO     | OK https://skeb.jp/api/users/ON28797
2026-09-18 06:04:18 | INFO     | Saving at a/skeb/ON28797-635fac.json
2026-09-18 06:04:19 | INFO     | OK https://skeb.jp/api/users/squidboy0125
2026-09-18 06:04:19 | INFO     | Saving at a/skeb/squidboy0125-ccd154.json
2026-09-18 06:04:20 | INFO     | OK https://skeb.jp/api/users/akiduki1137
2026-09-18 06:04:20 | INFO     | Saving at a/skeb/akiduki1137-abc9f3.json
2026-09-18 06:04:21 | INFO     | OK https://skeb.jp/api/users/Hanpen_Kounaien
2026-09-18 06:04:21 | INFO     | Saving at a/skeb/Hanpen_Kounaien-568b84.json
2026-09-18 06:04:22 | INFO     | OK https://skeb.jp/api/users/kendama_love
2026-09-18 06:04:22 | INFO     | Saving at a/skeb/kendama_love-f922ce.json
2026-09-18 06:04:23 | INFO     | OK https://skeb.jp/api/users/goldqaxie772
2026-09-18 06:04:23 | INFO     | Saving at a/skeb/goldqaxie772-af8ab9.json
2026-09-18 06:04:24 | WARNING  | 404 on https://skeb.jp/api/users/naruta12 (attempt 2/3)
2026-09-18 06:04:25 | INFO     | OK https://skeb.jp/api/users/surumelock
2026-09-18 06:04:25 | INFO     | Saving at a/skeb/surumelock-912bb9.json
2026-09-18 06:04:26 | INFO     | OK https://skeb.jp/api/users/kuro_tama01
2026-09-18 06:04:26 | INFO     | Saving at a/skeb/kuro_tama01-6c17db.json
2026-09-18 06:04:27 | INFO     | OK https://skeb.jp/api/users/akira_tamo
2026-09-18 06:04:27 | INFO     | Saving at a/skeb/akira_tamo-26e597.json
2026-09-18 06:04:28 | INFO     | OK https://skeb.jp/api/users/hakka_utei
2026-09-18 06:04:28 | INFO     | Saving at a/skeb/hakka_utei-eb620f.json
2026-09-18 06:04:29 | INFO     | OK https://skeb.jp/api/users/tsuyo_metsu
2026-09-18 06:04:29 | INFO     | Saving at a/skeb/tsuyo_metsu-731003.json
2026-09-18 06:04:30 | INFO     | OK https://skeb.jp/api/users/outi_skzk
2026-09-18 06:04:30 | INFO     | Saving at a/skeb/outi_skzk-cf3a93.json
2026-09-18 06:04:31 | INFO     | OK https://skeb.jp/api/users/chiky444
2026-09-18 06:04:31 | INFO     | Saving at a/skeb/chiky444-87070a.json
2026-09-18 06:04:32 | INFO     | OK https://skeb.jp/api/users/koizumo_
2026-09-18 06:04:32 | INFO     | Saving at a/skeb/koizumo_-df4b68.json
2026-09-18 06:04:33 | INFO     | OK https://skeb.jp/api/users/__wadachi
2026-09-18 06:04:33 | INFO     | Saving at a/skeb/__wadachi-61321f.json
2026-09-18 06:04:34 | WARNING  | 404 on https://skeb.jp/api/users/naruta12 (attempt 3/3)
2026-09-18 06:04:35 | INFO     | OK https://skeb.jp/api/users/moth_crawling
2026-09-18 06:04:35 | INFO     | Saving at a/skeb/moth_crawling-3a39fb.json
2026-09-18 06:04:36 | INFO     | OK https://skeb.jp/api/users/tomekitigai
2026-09-18 06:04:36 | INFO     | Saving at a/skeb/tomekitigai-271d4a.json
2026-09-18 06:04:37 | INFO     | OK https://skeb.jp/api/users/Pink_kakumei
2026-09-18 06:04:37 | INFO     | Saving at a/skeb/Pink_kakumei-2a6e15.json
2026-09-18 06:04:38 | INFO     | OK https://skeb.jp/api/users/moro_244
2026-09-18 06:04:38 | INFO     | Saving at a/skeb/moro_244-a83824.json
2026-09-18 06:04:39 | WARNING  | 404 on https://skeb.jp/api/users/satooo (attempt 1/3)
2026-09-18 06:04:40 | INFO     | OK https://skeb.jp/api/users/kuinanoda
2026-09-18 06:04:40 | INFO     | Saving at a/skeb/kuinanoda-a56d6a.json
2026-09-18 06:04:41 | INFO     | OK https://skeb.jp/api/users/bell7545
2026-09-18 06:04:41 | INFO     | Saving at a/skeb/bell7545-61cd43.json
2026-09-18 06:04:42 | WARNING  | 404 on https://skeb.jp/api/users/satooo (attempt 2/3)
2026-09-18 06:04:43 | INFO     | OK https://skeb.jp/api/users/Hou_dzu_Fox
2026-09-18 06:04:43 | INFO     | Saving at a/skeb/Hou_dzu_Fox-3e3c9c.json
2026-09-18 06:04:44 | INFO     | OK https://skeb.jp/api/users/drakoyotto
2026-09-18 06:04:44 | INFO     | Saving at a/skeb/drakoyotto-045675.json
2026-09-18 06:04:45 | INFO     | OK https://skeb.jp/api/users/taketora_v
2026-09-18 06:04:45 | INFO     | Saving at a/skeb/taketora_v-3ad39c.json
2026-09-18 06:04:46 | INFO     | OK https://skeb.jp/api/users/hidamari9
2026-09-18 06:04:46 | INFO     | Saving at a/skeb/hidamari9-ba1585.json
2026-09-18 06:04:47 | WARNING  | 404 on https://skeb.jp/api/users/satooo (attempt 3/3)
2026-09-18 06:04:48 | INFO     | OK https://skeb.jp/api/users/yuno_skebyo
2026-09-18 06:04:48 | INFO     | Saving at a/skeb/yuno_skebyo-4e57a5.json
2026-09-18 06:04:49 | INFO     | OK https://skeb.jp/api/users/tsukigusasisri
2026-09-18 06:04:49 | INFO     | Saving at a/skeb/tsukigusasisri-69ce1a.json
2026-09-18 06:04:50 | INFO     | OK https://skeb.jp/api/users/samamoto5500
2026-09-18 06:04:50 | INFO     | Saving at a/skeb/samamoto5500-3ca25d.json
2026-09-18 06:04:51 | INFO     | OK https://skeb.jp/api/users/walabemoti2
2026-09-18 06:04:51 | INFO     | Saving at a/skeb/walabemoti2-918535.json
2026-09-18 06:04:52 | INFO     | OK https://skeb.jp/api/users/wackan20
2026-09-18 06:04:52 | INFO     | Saving at a/skeb/wackan20-a01be3.json
2026-09-18 06:04:53 | INFO     | OK https://skeb.jp/api/users/Nerineridaco
2026-09-18 06:04:53 | INFO     | Saving at a/skeb/Nerineridaco-a92d30.json
2026-09-18 06:04:54 | INFO     | OK https://skeb.jp/api/users/kuroino_kuroino
2026-09-18 06:04:54 | INFO     | Saving at a/skeb/kuroino_kuroino-de9362.json
2026-09-18 06:04:55 | INFO     | OK https://skeb.jp/api/users/KotatsuHar82320
2026-09-18 06:04:55 | INFO     | Saving at a/skeb/KotatsuHar82320-053307.json
2026-09-18 06:04:56 | INFO     | OK https://skeb.jp/api/users/amaebii_93
2026-09-18 06:04:56 | INFO     | Saving at a/skeb/amaebii_93-ff617f.json
2026-09-18 06:04:57 | INFO     | OK https://skeb.jp/api/users/R_i_chima_22
2026-09-18 06:04:57 | INFO     | Saving at a/skeb/R_i_chima_22-e255ac.json
2026-09-18 06:04:58 | INFO     | OK https://skeb.jp/api/users/rtenwnds
2026-09-18 06:04:58 | INFO     | Saving at a/skeb/rtenwnds-ff5172.json
2026-09-18 06:04:59 | INFO     | OK https://skeb.jp/api/users/YakiShake1
2026-09-18 06:04:59 | INFO     | Saving at a/skeb/YakiShake1-2cf691.json
2026-09-18 06:05:00 | INFO     | OK https://skeb.jp/api/users/saturation_iris
2026-09-18 06:05:00 | INFO     | Saving at a/skeb/saturation_iris-7ecb6d.json
2026-09-18 06:05:01 | INFO     | OK https://skeb.jp/api/users/Himo_Red
2026-09-18 06:05:01 | INFO     | Saving at a/skeb/Himo_Red-9fdc3a.json
2026-09-18 06:05:02 | INFO     | OK https://skeb.jp/api/users/kirach_Y
2026-09-18 06:05:02 | INFO     | Saving at a/skeb/kirach_Y-0377e2.json
2026-09-18 06:05:03 | INFO     | OK https://skeb.jp/api/users/kaichigai
2026-09-18 06:05:03 | INFO     | Saving at a/skeb/kaichigai-9b5304.json
2026-09-18 06:05:04 | INFO     | OK https://skeb.jp/api/users/FD_jin00
2026-09-18 06:05:04 | INFO     | Saving at a/skeb/FD_jin00-047255.json
2026-09-18 06:05:05 | INFO     | OK https://skeb.jp/api/users/So0_Jiro
2026-09-18 06:05:05 | INFO     | Saving at a/skeb/So0_Jiro-9d655c.json
2026-09-18 06:05:06 | INFO     | OK https://skeb.jp/api/users/chocomin_0310
2026-09-18 06:05:06 | INFO     | Saving at a/skeb/chocomin_0310-0d17b8.json
2026-09-18 06:05:07 | INFO     | OK https://skeb.jp/api/users/TeteleTele
2026-09-18 06:05:07 | INFO     | Saving at a/skeb/TeteleTele-7774dd.json
2026-09-18 06:05:08 | INFO     | OK https://skeb.jp/api/users/AmaWolf_BWR
2026-09-18 06:05:08 | INFO     | Saving at a/skeb/AmaWolf_BWR-4d2b88.json
2026-09-18 06:05:09 | INFO     | OK https://skeb.jp/api/users/minazuki_reiwa
2026-09-18 06:05:09 | INFO     | Saving at a/skeb/minazuki_reiwa-308ca2.json
2026-09-18 06:05:10 | INFO     | OK https://skeb.jp/api/users/ozucat
2026-09-18 06:05:10 | INFO     | Saving at a/skeb/ozucat-cbec8a.json
2026-09-18 06:05:11 | INFO     | OK https://skeb.jp/api/users/www_ban4
2026-09-18 06:05:11 | INFO     | Saving at a/skeb/www_ban4-d6640f.json
2026-09-18 06:05:12 | INFO     | OK https://skeb.jp/api/users/smaiko
2026-09-18 06:05:12 | INFO     | Saving at a/skeb/smaiko-2b2553.json
2026-09-18 06:05:13 | INFO     | OK https://skeb.jp/api/users/Writer_Tsubaki
2026-09-18 06:05:13 | INFO     | Saving at a/skeb/Writer_Tsubaki-607e0a.json
2026-09-18 06:05:14 | INFO     | OK https://skeb.jp/api/users/NSeq9
2026-09-18 06:05:14 | INFO     | Saving at a/skeb/NSeq9-c969dd.json
2026-09-18 06:05:15 | INFO     | OK https://skeb.jp/api/users/Slave_rau
2026-09-18 06:05:15 | INFO     | Saving at a/skeb/Slave_rau-93392b.json
2026-09-18 06:05:16 | INFO     | OK https://skeb.jp/api/users/nikuniku_029o
2026-09-18 06:05:16 | INFO     | Saving at a/skeb/nikuniku_029o-c07c43.json
2026-09-18 06:05:17 | INFO     | OK https://skeb.jp/api/users/_Lunatic_n
2026-09-18 06:05:17 | INFO     | Saving at a/skeb/_Lunatic_n-716c33.json
2026-09-18 06:05:18 | INFO     | OK https://skeb.jp/api/users/I6Pao5coR0
2026-09-18 06:05:18 | INFO     | Saving at a/skeb/I6Pao5coR0-1fc531.json
2026-09-18 06:05:19 | INFO     | OK https://skeb.jp/api/users/nanasenaoVT
2026-09-18 06:05:19 | INFO     | Saving at a/skeb/nanasenaoVT-404242.json
2026-09-18 06:05:20 | INFO     | OK https://skeb.jp/api/users/soranon_non
2026-09-18 06:05:20 | INFO     | Saving at a/skeb/soranon_non-9fa608.json
2026-09-18 06:05:21 | INFO     | OK https://skeb.jp/api/users/gupeco_fiyu
2026-09-18 06:05:21 | INFO     | Saving at a/skeb/gupeco_fiyu-1ab083.json
2026-09-18 06:05:22 | INFO     | OK https://skeb.jp/api/users/Touvasketch
2026-09-18 06:05:22 | INFO     | Saving at a/skeb/Touvasketch-d08410.json
2026-09-18 06:05:23 | INFO     | OK https://skeb.jp/api/users/mineral_666
2026-09-18 06:05:23 | INFO     | Saving at a/skeb/mineral_666-3a3f60.json
2026-09-18 06:05:24 | INFO     | OK https://skeb.jp/api/users/Nao_cdsuyta
2026-09-18 06:05:24 | INFO     | Saving at a/skeb/Nao_cdsuyta-200a5c.json
2026-09-18 06:05:25 | INFO     | OK https://skeb.jp/api/users/1002_Zenyss
2026-09-18 06:05:25 | INFO     | Saving at a/skeb/1002_Zenyss-7fe501.json
2026-09-18 06:05:26 | INFO     | OK https://skeb.jp/api/users/kotobaayato_1
2026-09-18 06:05:26 | INFO     | Saving at a/skeb/kotobaayato_1-af4da0.json
2026-09-18 06:05:27 | INFO     | OK https://skeb.jp/api/users/nyam02_
2026-09-18 06:05:27 | INFO     | Saving at a/skeb/nyam02_-ad68ec.json
2026-09-18 06:05:28 | INFO     | OK https://skeb.jp/api/users/Mo2_BKBK
2026-09-18 06:05:28 | INFO     | Saving at a/skeb/Mo2_BKBK-905e9e.json
2026-09-18 06:05:29 | INFO     | OK https://skeb.jp/api/users/makiowareyo
2026-09-18 06:05:29 | INFO     | Saving at a/skeb/makiowareyo-49741a.json
2026-09-18 06:05:30 | INFO     | OK https://skeb.jp/api/users/i_shien17
2026-09-18 06:05:30 | INFO     | Saving at a/skeb/i_shien17-d5def8.json
2026-09-18 06:05:31 | INFO     | OK https://skeb.jp/api/users/aobachannchi
2026-09-18 06:05:31 | INFO     | Saving at a/skeb/aobachannchi-43e63f.json
2026-09-18 06:05:32 | INFO     | OK https://skeb.jp/api/users/ron71052891
2026-09-18 06:05:32 | INFO     | Saving at a/skeb/ron71052891-0f7729.json
2026-09-18 06:05:33 | INFO     | OK https://skeb.jp/api/users/ponzu7777771
2026-09-18 06:05:33 | INFO     | Saving at a/skeb/ponzu7777771-a6de48.json
2026-09-18 06:05:34 | INFO     | OK https://skeb.jp/api/users/tsumugi_t1231
2026-09-18 06:05:34 | INFO     | Saving at a/skeb/tsumugi_t1231-d31e64.json
2026-09-18 06:05:35 | INFO     | OK https://skeb.jp/api/users/so_chanko
2026-09-18 06:05:35 | INFO     | Saving at a/skeb/so_chanko-025f26.json
2026-09-18 06:05:36 | INFO     | OK https://skeb.jp/api/users/PYM_chang
2026-09-18 06:05:36 | INFO     | Saving at a/skeb/PYM_chang-8eaf53.json
2026-09-18 06:05:37 | INFO     | OK https://skeb.jp/api/users/tanuki_rotate
2026-09-18 06:05:37 | INFO     | Saving at a/skeb/tanuki_rotate-ec1c69.json
2026-09-18 06:05:38 | INFO     | OK https://skeb.jp/api/users/tomo0111_e
2026-09-18 06:05:38 | INFO     | Saving at a/skeb/tomo0111_e-40acd2.json
2026-09-18 06:05:39 | INFO     | OK https://skeb.jp/api/users/pizzicato_il
2026-09-18 06:05:39 | INFO     | Saving at a/skeb/pizzicato_il-cca24e.json
2026-09-18 06:05:40 | INFO     | OK https://skeb.jp/api/users/Gareki_aa
2026-09-18 06:05:40 | INFO     | Saving at a/skeb/Gareki_aa-3279ea.json
2026-09-18 06:05:41 | INFO     | OK https://skeb.jp/api/users/EV_shiro
2026-09-18 06:05:41 | INFO     | Saving at a/skeb/EV_shiro-e948cd.json
2026-09-18 06:05:42 | INFO     | OK https://skeb.jp/api/users/kurimori_
2026-09-18 06:05:42 | INFO     | Saving at a/skeb/kurimori_-a99937.json
2026-09-18 06:05:43 | INFO     | OK https://skeb.jp/api/users/BlackPistole
2026-09-18 06:05:43 | INFO     | Saving at a/skeb/BlackPistole-b29c10.json
2026-09-18 06:05:44 | INFO     | OK https://skeb.jp/api/users/tmsm_8
2026-09-18 06:05:44 | INFO     | Saving at a/skeb/tmsm_8-e130e8.json
2026-09-18 06:05:45 | INFO     | OK https://skeb.jp/api/users/kuroyuki____25
2026-09-18 06:05:45 | INFO     | Saving at a/skeb/kuroyuki____25-5730fe.json
2026-09-18 06:05:46 | INFO     | OK https://skeb.jp/api/users/nerisuke_AR
2026-09-18 06:05:46 | INFO     | Saving at a/skeb/nerisuke_AR-3dea44.json
2026-09-18 06:05:47 | INFO     | OK https://skeb.jp/api/users/butasyabu_
2026-09-18 06:05:47 | INFO     | Saving at a/skeb/butasyabu_-05c138.json
2026-09-18 06:05:48 | INFO     | OK https://skeb.jp/api/users/omdomanzu
2026-09-18 06:05:48 | INFO     | Saving at a/skeb/omdomanzu-c5bd0f.json
2026-09-18 06:05:49 | INFO     | OK https://skeb.jp/api/users/yadoku_gaeru
2026-09-18 06:05:49 | INFO     | Saving at a/skeb/yadoku_gaeru-955044.json
2026-09-18 06:05:50 | INFO     | OK https://skeb.jp/api/users/sakura_yuu
2026-09-18 06:05:50 | INFO     | Saving at a/skeb/sakura_yuu-efc3be.json
2026-09-18 06:05:51 | INFO     | OK https://skeb.jp/api/users/rrryo_421
2026-09-18 06:05:51 | INFO     | Saving at a/skeb/rrryo_421-2b4648.json
2026-09-18 06:05:52 | INFO     | OK https://skeb.jp/api/users/TamaokiBenkyoo
2026-09-18 06:05:52 | INFO     | Saving at a/skeb/TamaokiBenkyoo-96ee33.json
2026-09-18 06:05:54 | INFO     | OK https://skeb.jp/api/users/shimoyake933
2026-09-18 06:05:54 | INFO     | Saving at a/skeb/shimoyake933-60ec8a.json
2026-09-18 06:05:54 | INFO     | OK https://skeb.jp/api/users/pandamadada
2026-09-18 06:05:54 | INFO     | Saving at a/skeb/pandamadada-2d9a22.json
2026-09-18 06:05:55 | INFO     | OK https://skeb.jp/api/users/tareke_pohe
2026-09-18 06:05:55 | INFO     | Saving at a/skeb/tareke_pohe-2ba937.json
2026-09-18 06:05:56 | INFO     | OK https://skeb.jp/api/users/ryuno_stadtfeld
2026-09-18 06:05:56 | INFO     | Saving at a/skeb/ryuno_stadtfeld-7a4714.json
2026-09-18 06:05:57 | INFO     | OK https://skeb.jp/api/users/oishii_umekonbu
2026-09-18 06:05:57 | INFO     | Saving at a/skeb/oishii_umekonbu-6c28d7.json
2026-09-18 06:05:58 | INFO     | OK https://skeb.jp/api/users/SC_4toro
2026-09-18 06:05:58 | INFO     | Saving at a/skeb/SC_4toro-97902e.json
2026-09-18 06:05:59 | INFO     | OK https://skeb.jp/api/users/tototorita14
2026-09-18 06:05:59 | INFO     | Saving at a/skeb/tototorita14-e14c6a.json
2026-09-18 06:06:00 | INFO     | OK https://skeb.jp/api/users/Marumaru_oOoO0
2026-09-18 06:06:00 | INFO     | Saving at a/skeb/Marumaru_oOoO0-268e40.json
2026-09-18 06:06:01 | INFO     | OK https://skeb.jp/api/users/ANELA_00000
2026-09-18 06:06:01 | INFO     | Saving at a/skeb/ANELA_00000-bd645b.json
2026-09-18 06:06:02 | INFO     | OK https://skeb.jp/api/users/SaBshio288
2026-09-18 06:06:02 | INFO     | Saving at a/skeb/SaBshio288-7ec2f7.json
2026-09-18 06:06:03 | INFO     | OK https://skeb.jp/api/users/s_yoyotu
2026-09-18 06:06:03 | INFO     | Saving at a/skeb/s_yoyotu-e338f9.json
2026-09-18 06:06:04 | INFO     | OK https://skeb.jp/api/users/ttG___29
2026-09-18 06:06:04 | INFO     | Saving at a/skeb/ttG___29-57c87f.json
2026-09-18 06:06:05 | INFO     | OK https://skeb.jp/api/users/krbs_nbs
2026-09-18 06:06:05 | INFO     | Saving at a/skeb/krbs_nbs-7a0ef5.json
2026-09-18 06:06:06 | INFO     | OK https://skeb.jp/api/users/tozakuro_s
2026-09-18 06:06:06 | INFO     | Saving at a/skeb/tozakuro_s-0f4068.json
2026-09-18 06:06:07 | INFO     | OK https://skeb.jp/api/users/Lunatic_history
2026-09-18 06:06:07 | INFO     | Saving at a/skeb/Lunatic_history-f36f1e.json
2026-09-18 06:06:08 | INFO     | OK https://skeb.jp/api/users/Matcha_Ann223
2026-09-18 06:06:08 | INFO     | Saving at a/skeb/Matcha_Ann223-8306a0.json
2026-09-18 06:06:09 | INFO     | OK https://skeb.jp/api/users/Nor_sugi02
2026-09-18 06:06:09 | INFO     | Saving at a/skeb/Nor_sugi02-e03f78.json
2026-09-18 06:06:10 | INFO     | OK https://skeb.jp/api/users/sinda831
2026-09-18 06:06:10 | INFO     | Saving at a/skeb/sinda831-c8744b.json
2026-09-18 06:06:11 | INFO     | OK https://skeb.jp/api/users/ARice_AlisAQ
2026-09-18 06:06:11 | INFO     | Saving at a/skeb/ARice_AlisAQ-f626ca.json
2026-09-18 06:06:12 | INFO     | OK https://skeb.jp/api/users/Mizuseryo
2026-09-18 06:06:12 | INFO     | Saving at a/skeb/Mizuseryo-6ad950.json
2026-09-18 06:06:13 | INFO     | OK https://skeb.jp/api/users/agyl_l
2026-09-18 06:06:13 | INFO     | Saving at a/skeb/agyl_l-7c4d7a.json
2026-09-18 06:06:14 | INFO     | OK https://skeb.jp/api/users/coh_mone
2026-09-18 06:06:14 | INFO     | Saving at a/skeb/coh_mone-58e5a7.json
2026-09-18 06:06:15 | INFO     | OK https://skeb.jp/api/users/tongari_kin
2026-09-18 06:06:15 | INFO     | Saving at a/skeb/tongari_kin-46e145.json
2026-09-18 06:06:16 | INFO     | OK https://skeb.jp/api/users/68ta_
2026-09-18 06:06:16 | INFO     | Saving at a/skeb/68ta_-8c91b2.json
2026-09-18 06:06:17 | INFO     | OK https://skeb.jp/api/users/HISE_HIHI11
2026-09-18 06:06:17 | INFO     | Saving at a/skeb/HISE_HIHI11-91fdc5.json
2026-09-18 06:06:18 | INFO     | OK https://skeb.jp/api/users/ka07se
2026-09-18 06:06:18 | INFO     | Saving at a/skeb/ka07se-e621b0.json
2026-09-18 06:06:19 | INFO     | OK https://skeb.jp/api/users/hatena___
2026-09-18 06:06:19 | INFO     | Saving at a/skeb/hatena___-06eb74.json
2026-09-18 06:06:20 | INFO     | OK https://skeb.jp/api/users/zmzm_hiji
2026-09-18 06:06:20 | INFO     | Saving at a/skeb/zmzm_hiji-d13961.json
2026-09-18 06:06:21 | INFO     | OK https://skeb.jp/api/users/mon_zaemon925
2026-09-18 06:06:21 | INFO     | Saving at a/skeb/mon_zaemon925-162f6b.json
2026-09-18 06:06:22 | INFO     | OK https://skeb.jp/api/users/kiyo_mariari
2026-09-18 06:06:22 | INFO     | Saving at a/skeb/kiyo_mariari-ec077f.json
2026-09-18 06:06:23 | INFO     | OK https://skeb.jp/api/users/0yasumiyy
2026-09-18 06:06:23 | INFO     | Saving at a/skeb/0yasumiyy-464c8e.json
2026-09-18 06:06:24 | INFO     | OK https://skeb.jp/api/users/Lunalia1751
2026-09-18 06:06:24 | INFO     | Saving at a/skeb/Lunalia1751-f4e88d.json
2026-09-18 06:06:25 | INFO     | OK https://skeb.jp/api/users/kotarou83
2026-09-18 06:06:25 | INFO     | Saving at a/skeb/kotarou83-2dd37d.json
2026-09-18 06:06:26 | INFO     | OK https://skeb.jp/api/users/maguwani
2026-09-18 06:06:26 | INFO     | Saving at a/skeb/maguwani-efafcd.json
2026-09-18 06:06:27 | INFO     | OK https://skeb.jp/api/users/Sekilei_333
2026-09-18 06:06:27 | INFO     | Saving at a/skeb/Sekilei_333-46bc01.json
2026-09-18 06:06:28 | INFO     | OK https://skeb.jp/api/users/silverpixia
2026-09-18 06:06:28 | INFO     | Saving at a/skeb/silverpixia-000bd8.json
2026-09-18 06:06:29 | INFO     | OK https://skeb.jp/api/users/raymie0124
2026-09-18 06:06:29 | INFO     | Saving at a/skeb/raymie0124-ae55f9.json
2026-09-18 06:06:30 | WARNING  | 404 on https://skeb.jp/api/users/LumiArtts (attempt 1/3)
2026-09-18 06:06:31 | INFO     | OK https://skeb.jp/api/users/osanadaisuke
2026-09-18 06:06:31 | INFO     | Saving at a/skeb/osanadaisuke-6506b9.json
2026-09-18 06:06:32 | INFO     | OK https://skeb.jp/api/users/Yuki_25_00
2026-09-18 06:06:32 | INFO     | Saving at a/skeb/Yuki_25_00-ce1afe.json
2026-09-18 06:06:33 | INFO     | OK https://skeb.jp/api/users/asiduki1
2026-09-18 06:06:33 | INFO     | Saving at a/skeb/asiduki1-a423e8.json
2026-09-18 06:06:34 | INFO     | OK https://skeb.jp/api/users/panwo_tigire
2026-09-18 06:06:34 | INFO     | Saving at a/skeb/panwo_tigire-8be4b5.json
2026-09-18 06:06:35 | INFO     | OK https://skeb.jp/api/users/ryumrykk
2026-09-18 06:06:35 | INFO     | Saving at a/skeb/ryumrykk-fd373a.json
2026-09-18 06:06:36 | INFO     | OK https://skeb.jp/api/users/fuanidays
2026-09-18 06:06:36 | INFO     | Saving at a/skeb/fuanidays-3f7623.json
2026-09-18 06:06:37 | INFO     | OK https://skeb.jp/api/users/omochi828828
2026-09-18 06:06:37 | INFO     | Saving at a/skeb/omochi828828-c9c1d8.json
2026-09-18 06:06:38 | INFO     | OK https://skeb.jp/api/users/lack0820sky
2026-09-18 06:06:38 | INFO     | Saving at a/skeb/lack0820sky-98c83e.json
2026-09-18 06:06:39 | INFO     | OK https://skeb.jp/api/users/yaksyaci
2026-09-18 06:06:39 | INFO     | Saving at a/skeb/yaksyaci-269473.json
2026-09-18 06:06:40 | INFO     | OK https://skeb.jp/api/users/chocolat2323p
2026-09-18 06:06:40 | INFO     | Saving at a/skeb/chocolat2323p-258978.json
2026-09-18 06:06:41 | INFO     | OK https://skeb.jp/api/users/matty_0505
2026-09-18 06:06:41 | INFO     | Saving at a/skeb/matty_0505-9426df.json
2026-09-18 06:06:42 | INFO     | OK https://skeb.jp/api/users/spipipipinya
2026-09-18 06:06:42 | INFO     | Saving at a/skeb/spipipipinya-bc3b95.json
2026-09-18 06:06:43 | WARNING  | 404 on https://skeb.jp/api/users/LumiArtts (attempt 2/3)
2026-09-18 06:06:44 | INFO     | OK https://skeb.jp/api/users/hn_yory
2026-09-18 06:06:44 | INFO     | Saving at a/skeb/hn_yory-f57a2f.json
2026-09-18 06:06:45 | INFO     | OK https://skeb.jp/api/users/meru_lotte
2026-09-18 06:06:45 | INFO     | Saving at a/skeb/meru_lotte-8dff84.json
2026-09-18 06:06:46 | WARNING  | 404 on https://skeb.jp/api/users/raimoo (attempt 1/3)
2026-09-18 06:06:47 | INFO     | OK https://skeb.jp/api/users/mizuni0816
2026-09-18 06:06:47 | INFO     | Saving at a/skeb/mizuni0816-7c00de.json
2026-09-18 06:06:48 | INFO     | OK https://skeb.jp/api/users/39_taro0
2026-09-18 06:06:48 | INFO     | Saving at a/skeb/39_taro0-1d7384.json
2026-09-18 06:06:49 | INFO     | OK https://skeb.jp/api/users/shikei
2026-09-18 06:06:49 | INFO     | Saving at a/skeb/shikei-725234.json
2026-09-18 06:06:50 | INFO     | OK https://skeb.jp/api/users/TAICHO
2026-09-18 06:06:50 | INFO     | Saving at a/skeb/TAICHO-29f084.json
2026-09-18 06:06:51 | WARNING  | 404 on https://skeb.jp/api/users/raimoo (attempt 2/3)
2026-09-18 06:06:52 | INFO     | OK https://skeb.jp/api/users/0226Dalu
2026-09-18 06:06:52 | INFO     | Saving at a/skeb/0226Dalu-3cf462.json
2026-09-18 06:06:53 | INFO     | OK https://skeb.jp/api/users/Smdmspr_dr
2026-09-18 06:06:53 | INFO     | Saving at a/skeb/Smdmspr_dr-0a8f94.json
2026-09-18 06:06:54 | INFO     | OK https://skeb.jp/api/users/hakariyahakari
2026-09-18 06:06:54 | INFO     | Saving at a/skeb/hakariyahakari-34153c.json
2026-09-18 06:06:55 | INFO     | OK https://skeb.jp/api/users/No0BluePrint
2026-09-18 06:06:55 | INFO     | Saving at a/skeb/No0BluePrint-6a2bd6.json
2026-09-18 06:06:56 | WARNING  | 404 on https://skeb.jp/api/users/raimoo (attempt 3/3)
2026-09-18 06:06:57 | INFO     | OK https://skeb.jp/api/users/HOTORI_F
2026-09-18 06:06:57 | INFO     | Saving at a/skeb/HOTORI_F-888a08.json
2026-09-18 06:06:58 | INFO     | OK https://skeb.jp/api/users/notopen9
2026-09-18 06:06:58 | INFO     | Saving at a/skeb/notopen9-1e969b.json
2026-09-18 06:06:59 | INFO     | OK https://skeb.jp/api/users/SRge5Dvq3nzq7ZE
2026-09-18 06:06:59 | INFO     | Saving at a/skeb/SRge5Dvq3nzq7ZE-a5eac0.json
2026-09-18 06:07:00 | INFO     | OK https://skeb.jp/api/users/Enokido
2026-09-18 06:07:00 | INFO     | Saving at a/skeb/Enokido-1fa4ee.json
2026-09-18 06:07:02 | INFO     | OK https://skeb.jp/api/users/hatano_kiyoshi
2026-09-18 06:07:02 | INFO     | Saving at a/skeb/hatano_kiyoshi-f6446b.json
2026-09-18 06:07:02 | INFO     | OK https://skeb.jp/api/users/ankora_a126
2026-09-18 06:07:02 | INFO     | Saving at a/skeb/ankora_a126-aa6ddd.json
2026-09-18 06:07:03 | INFO     | OK https://skeb.jp/api/users/8eh2meow
2026-09-18 06:07:03 | INFO     | Saving at a/skeb/8eh2meow-a488f5.json
2026-09-18 06:07:04 | WARNING  | 404 on https://skeb.jp/api/users/LumiArtts (attempt 3/3)
2026-09-18 06:07:05 | INFO     | OK https://skeb.jp/api/users/huwa2_himawari
2026-09-18 06:07:05 | INFO     | Saving at a/skeb/huwa2_himawari-c8c64c.json
2026-09-18 06:07:06 | INFO     | OK https://skeb.jp/api/users/tonke2015
2026-09-18 06:07:06 | INFO     | Saving at a/skeb/tonke2015-017564.json
2026-09-18 06:07:07 | INFO     | OK https://skeb.jp/api/users/__yniar
2026-09-18 06:07:07 | INFO     | Saving at a/skeb/__yniar-a1b871.json
2026-09-18 06:07:08 | INFO     | OK https://skeb.jp/api/users/amatyazuru
2026-09-18 06:07:08 | INFO     | Saving at a/skeb/amatyazuru-85efb8.json
2026-09-18 06:07:09 | INFO     | OK https://skeb.jp/api/users/Shin000007777
2026-09-18 06:07:09 | INFO     | Saving at a/skeb/Shin000007777-10bf82.json
2026-09-18 06:07:10 | INFO     | OK https://skeb.jp/api/users/magicalflight
2026-09-18 06:07:10 | INFO     | Saving at a/skeb/magicalflight-0900c9.json
2026-09-18 06:07:11 | INFO     | OK https://skeb.jp/api/users/hataraku125
2026-09-18 06:07:11 | INFO     | Saving at a/skeb/hataraku125-268acf.json
2026-09-18 06:07:12 | INFO     | OK https://skeb.jp/api/users/tamago_ikihaji
2026-09-18 06:07:12 | INFO     | Saving at a/skeb/tamago_ikihaji-315c1a.json
2026-09-18 06:07:13 | INFO     | OK https://skeb.jp/api/users/umina_neko
2026-09-18 06:07:13 | INFO     | Saving at a/skeb/umina_neko-f076ee.json
2026-09-18 06:07:14 | INFO     | OK https://skeb.jp/api/users/pochi_WKmochi
2026-09-18 06:07:14 | INFO     | Saving at a/skeb/pochi_WKmochi-fe341e.json
2026-09-18 06:07:15 | INFO     | OK https://skeb.jp/api/users/syairo108
2026-09-18 06:07:15 | INFO     | Saving at a/skeb/syairo108-370950.json
2026-09-18 06:07:16 | INFO     | OK https://skeb.jp/api/users/P__anemoia
2026-09-18 06:07:16 | INFO     | Saving at a/skeb/P__anemoia-71143c.json
2026-09-18 06:07:17 | INFO     | OK https://skeb.jp/api/users/kodoku_skeb
2026-09-18 06:07:17 | INFO     | Saving at a/skeb/kodoku_skeb-4f983b.json
2026-09-18 06:07:18 | INFO     | OK https://skeb.jp/api/users/melry_main
2026-09-18 06:07:18 | INFO     | Saving at a/skeb/melry_main-f49a61.json
2026-09-18 06:07:19 | INFO     | OK https://skeb.jp/api/users/yaponishi
2026-09-18 06:07:19 | INFO     | Saving at a/skeb/yaponishi-d809e0.json
2026-09-18 06:07:20 | INFO     | OK https://skeb.jp/api/users/swev_r_tk
2026-09-18 06:07:20 | INFO     | Saving at a/skeb/swev_r_tk-bbbebf.json
2026-09-18 06:07:21 | INFO     | OK https://skeb.jp/api/users/muzaimakoto
2026-09-18 06:07:21 | INFO     | Saving at a/skeb/muzaimakoto-3fac94.json
2026-09-18 06:07:22 | INFO     | OK https://skeb.jp/api/users/neri_nanoyo
2026-09-18 06:07:22 | INFO     | Saving at a/skeb/neri_nanoyo-500ffe.json
2026-09-18 06:07:23 | INFO     | OK https://skeb.jp/api/users/napoo
2026-09-18 06:07:23 | INFO     | Saving at a/skeb/napoo-ce527d.json
2026-09-18 06:07:24 | INFO     | OK https://skeb.jp/api/users/nijiomu
2026-09-18 06:07:24 | INFO     | Saving at a/skeb/nijiomu-be8546.json
2026-09-18 06:07:25 | INFO     | OK https://skeb.jp/api/users/owo_tomatoto
2026-09-18 06:07:25 | INFO     | Saving at a/skeb/owo_tomatoto-3987f7.json
2026-09-18 06:07:26 | INFO     | OK https://skeb.jp/api/users/Mukko_jp
2026-09-18 06:07:26 | INFO     | Saving at a/skeb/Mukko_jp-f38423.json
2026-09-18 06:07:27 | INFO     | OK https://skeb.jp/api/users/Avssenseiter
2026-09-18 06:07:27 | INFO     | Saving at a/skeb/Avssenseiter-977c1e.json
2026-09-18 06:07:28 | INFO     | OK https://skeb.jp/api/users/light_matsuko
2026-09-18 06:07:28 | INFO     | Saving at a/skeb/light_matsuko-3d531a.json
2026-09-18 06:07:29 | INFO     | OK https://skeb.jp/api/users/888hatimittu
2026-09-18 06:07:29 | INFO     | Saving at a/skeb/888hatimittu-eb4bf7.json
2026-09-18 06:07:30 | INFO     | OK https://skeb.jp/api/users/Tro_iro_xux
2026-09-18 06:07:30 | INFO     | Saving at a/skeb/Tro_iro_xux-bcbfcd.json
2026-09-18 06:07:31 | INFO     | OK https://skeb.jp/api/users/monet_1104
2026-09-18 06:07:31 | INFO     | Saving at a/skeb/monet_1104-b96f22.json
2026-09-18 06:07:32 | INFO     | OK https://skeb.jp/api/users/haturu_miyabi_v
2026-09-18 06:07:32 | INFO     | Saving at a/skeb/haturu_miyabi_v-8f899f.json
2026-09-18 06:07:33 | INFO     | OK https://skeb.jp/api/users/nn_5157
2026-09-18 06:07:33 | INFO     | Saving at a/skeb/nn_5157-e046bf.json
2026-09-18 06:07:34 | INFO     | OK https://skeb.jp/api/users/myai_3_3
2026-09-18 06:07:34 | INFO     | Saving at a/skeb/myai_3_3-13d1ac.json
2026-09-18 06:07:35 | INFO     | OK https://skeb.jp/api/users/kozo_trpg
2026-09-18 06:07:35 | INFO     | Saving at a/skeb/kozo_trpg-fedf93.json
2026-09-18 06:07:36 | INFO     | OK https://skeb.jp/api/users/Aosaki_tonari
2026-09-18 06:07:36 | INFO     | Saving at a/skeb/Aosaki_tonari-4cff9a.json
2026-09-18 06:07:37 | INFO     | OK https://skeb.jp/api/users/ueji_bun
2026-09-18 06:07:37 | INFO     | Saving at a/skeb/ueji_bun-4f3cd3.json
2026-09-18 06:07:38 | INFO     | OK https://skeb.jp/api/users/_ren_mitukai
2026-09-18 06:07:38 | INFO     | Saving at a/skeb/_ren_mitukai-ec9a74.json
2026-09-18 06:07:39 | INFO     | OK https://skeb.jp/api/users/kokutoupeach
2026-09-18 06:07:39 | INFO     | Saving at a/skeb/kokutoupeach-67f8a5.json
2026-09-18 06:07:40 | INFO     | OK https://skeb.jp/api/users/Maitake402
2026-09-18 06:07:40 | INFO     | Saving at a/skeb/Maitake402-577e04.json
2026-09-18 06:07:41 | INFO     | OK https://skeb.jp/api/users/youzuki_rie
2026-09-18 06:07:41 | INFO     | Saving at a/skeb/youzuki_rie-2f241a.json
2026-09-18 06:07:42 | INFO     | OK https://skeb.jp/api/users/hinahayase02
2026-09-18 06:07:42 | INFO     | Saving at a/skeb/hinahayase02-0f59ef.json
2026-09-18 06:07:43 | INFO     | OK https://skeb.jp/api/users/mimimin1_YYY
2026-09-18 06:07:43 | INFO     | Saving at a/skeb/mimimin1_YYY-75c444.json
2026-09-18 06:07:44 | INFO     | OK https://skeb.jp/api/users/UDONtoWATASHI
2026-09-18 06:07:44 | INFO     | Saving at a/skeb/UDONtoWATASHI-4bd592.json
2026-09-18 06:07:45 | INFO     | OK https://skeb.jp/api/users/HARUHIBI_8DLK
2026-09-18 06:07:45 | INFO     | Saving at a/skeb/HARUHIBI_8DLK-d8a984.json
2026-09-18 06:07:46 | INFO     | OK https://skeb.jp/api/users/revolver_03
2026-09-18 06:07:46 | INFO     | Saving at a/skeb/revolver_03-27c9c2.json
2026-09-18 06:07:47 | INFO     | OK https://skeb.jp/api/users/saniwano_yu
2026-09-18 06:07:47 | INFO     | Saving at a/skeb/saniwano_yu-ebb583.json
2026-09-18 06:07:48 | INFO     | OK https://skeb.jp/api/users/SioN9117
2026-09-18 06:07:48 | INFO     | Saving at a/skeb/SioN9117-76bfe9.json
2026-09-18 06:07:49 | INFO     | OK https://skeb.jp/api/users/dyrenyy
2026-09-18 06:07:49 | INFO     | Saving at a/skeb/dyrenyy-114461.json
2026-09-18 06:07:50 | INFO     | OK https://skeb.jp/api/users/teu_mini
2026-09-18 06:07:50 | INFO     | Saving at a/skeb/teu_mini-4c8e46.json
2026-09-18 06:07:51 | INFO     | OK https://skeb.jp/api/users/MaskOrga
2026-09-18 06:07:51 | INFO     | Saving at a/skeb/MaskOrga-476a49.json
2026-09-18 06:07:52 | INFO     | OK https://skeb.jp/api/users/Asaricurry
2026-09-18 06:07:52 | INFO     | Saving at a/skeb/Asaricurry-320317.json
2026-09-18 06:07:53 | INFO     | OK https://skeb.jp/api/users/koromo918795
2026-09-18 06:07:53 | INFO     | Saving at a/skeb/koromo918795-60a243.json
2026-09-18 06:07:54 | INFO     | OK https://skeb.jp/api/users/m_akira129
2026-09-18 06:07:54 | INFO     | Saving at a/skeb/m_akira129-291f2d.json
2026-09-18 06:07:55 | INFO     | OK https://skeb.jp/api/users/nueminato
2026-09-18 06:07:55 | INFO     | Saving at a/skeb/nueminato-b04281.json
2026-09-18 06:07:56 | INFO     | OK https://skeb.jp/api/users/025x3104
2026-09-18 06:07:56 | INFO     | Saving at a/skeb/025x3104-4cab96.json
2026-09-18 06:07:57 | INFO     | OK https://skeb.jp/api/users/Vanessa_G_tvt
2026-09-18 06:07:57 | INFO     | Saving at a/skeb/Vanessa_G_tvt-181bc7.json
2026-09-18 06:07:59 | INFO     | OK https://skeb.jp/api/users/CX9FMTO5qn
2026-09-18 06:07:59 | INFO     | Saving at a/skeb/CX9FMTO5qn-382be3.json
2026-09-18 06:07:59 | INFO     | OK https://skeb.jp/api/users/anyotime
2026-09-18 06:07:59 | INFO     | Saving at a/skeb/anyotime-e05484.json
2026-09-18 06:08:00 | INFO     | OK https://skeb.jp/api/users/Risen83618
2026-09-18 06:08:00 | INFO     | Saving at a/skeb/Risen83618-9f38dd.json
2026-09-18 06:08:01 | INFO     | OK https://skeb.jp/api/users/gogogo
2026-09-18 06:08:01 | INFO     | Saving at a/skeb/gogogo-35af4b.json
2026-09-18 06:08:02 | INFO     | OK https://skeb.jp/api/users/AsaRamume
2026-09-18 06:08:02 | INFO     | Saving at a/skeb/AsaRamume-859b0b.json
2026-09-18 06:08:03 | INFO     | OK https://skeb.jp/api/users/RvySZdQLYgdo6Db
2026-09-18 06:08:03 | INFO     | Saving at a/skeb/RvySZdQLYgdo6Db-52d948.json
2026-09-18 06:08:04 | INFO     | OK https://skeb.jp/api/users/02Surume
2026-09-18 06:08:04 | INFO     | Saving at a/skeb/02Surume-f466ac.json
2026-09-18 06:08:05 | INFO     | OK https://skeb.jp/api/users/Haruozi
2026-09-18 06:08:05 | INFO     | Saving at a/skeb/Haruozi-69a10e.json
2026-09-18 06:08:06 | INFO     | OK https://skeb.jp/api/users/v0SdLOPpLk63369
2026-09-18 06:08:06 | INFO     | Saving at a/skeb/v0SdLOPpLk63369-25cc46.json
2026-09-18 06:08:07 | INFO     | OK https://skeb.jp/api/users/OmaS_lie
2026-09-18 06:08:07 | INFO     | Saving at a/skeb/OmaS_lie-a7db26.json
2026-09-18 06:08:08 | INFO     | OK https://skeb.jp/api/users/bound_wolves
2026-09-18 06:08:08 | INFO     | Saving at a/skeb/bound_wolves-8c6162.json
2026-09-18 06:08:09 | INFO     | OK https://skeb.jp/api/users/beni025
2026-09-18 06:08:09 | INFO     | Saving at a/skeb/beni025-bd836a.json
2026-09-18 06:08:10 | INFO     | OK https://skeb.jp/api/users/asagayu317
2026-09-18 06:08:10 | INFO     | Saving at a/skeb/asagayu317-259e64.json
2026-09-18 06:08:11 | INFO     | OK https://skeb.jp/api/users/saidaa_shuwawa
2026-09-18 06:08:11 | INFO     | Saving at a/skeb/saidaa_shuwawa-1bb5a8.json
2026-09-18 06:08:12 | INFO     | OK https://skeb.jp/api/users/Rie49800225
2026-09-18 06:08:12 | INFO     | Saving at a/skeb/Rie49800225-0748ab.json
2026-09-18 06:08:13 | WARNING  | 404 on https://skeb.jp/api/users/TsiaChoco (attempt 1/3)
2026-09-18 06:08:14 | INFO     | OK https://skeb.jp/api/users/ukiyo_machi
2026-09-18 06:08:14 | INFO     | Saving at a/skeb/ukiyo_machi-81b53a.json
2026-09-18 06:08:15 | INFO     | OK https://skeb.jp/api/users/memai023
2026-09-18 06:08:15 | INFO     | Saving at a/skeb/memai023-f056e4.json
2026-09-18 06:08:16 | INFO     | OK https://skeb.jp/api/users/takokawayoi
2026-09-18 06:08:16 | INFO     | Saving at a/skeb/takokawayoi-bcb06d.json
2026-09-18 06:08:17 | WARNING  | 404 on https://skeb.jp/api/users/TsiaChoco (attempt 2/3)
2026-09-18 06:08:18 | INFO     | OK https://skeb.jp/api/users/mmmera827
2026-09-18 06:08:18 | INFO     | Saving at a/skeb/mmmera827-81da87.json
2026-09-18 06:08:19 | INFO     | OK https://skeb.jp/api/users/RPS_dot
2026-09-18 06:08:19 | INFO     | Saving at a/skeb/RPS_dot-e58ec2.json
2026-09-18 06:08:20 | INFO     | OK https://skeb.jp/api/users/Lilybird_twitte
2026-09-18 06:08:20 | INFO     | Saving at a/skeb/Lilybird_twitte-8aa83d.json
2026-09-18 06:08:21 | INFO     | OK https://skeb.jp/api/users/ro__mt
2026-09-18 06:08:21 | INFO     | Saving at a/skeb/ro__mt-666ed1.json
2026-09-18 06:08:22 | INFO     | OK https://skeb.jp/api/users/kurisyeru
2026-09-18 06:08:22 | INFO     | Saving at a/skeb/kurisyeru-6f17ba.json
2026-09-18 06:08:23 | INFO     | OK https://skeb.jp/api/users/morukaaa
2026-09-18 06:08:23 | INFO     | Saving at a/skeb/morukaaa-b1a767.json
2026-09-18 06:08:24 | INFO     | OK https://skeb.jp/api/users/nekoteyan2525
2026-09-18 06:08:24 | INFO     | Saving at a/skeb/nekoteyan2525-8ab35a.json
2026-09-18 06:08:25 | INFO     | OK https://skeb.jp/api/users/Zuruzuru_527
2026-09-18 06:08:25 | INFO     | Saving at a/skeb/Zuruzuru_527-0db5c1.json
2026-09-18 06:08:26 | INFO     | OK https://skeb.jp/api/users/misoni_puri
2026-09-18 06:08:26 | INFO     | Saving at a/skeb/misoni_puri-278b99.json
2026-09-18 06:08:27 | INFO     | OK https://skeb.jp/api/users/tsumugi_d4yo
2026-09-18 06:08:27 | INFO     | Saving at a/skeb/tsumugi_d4yo-0eed4e.json
2026-09-18 06:08:28 | INFO     | OK https://skeb.jp/api/users/hellsmaid
2026-09-18 06:08:28 | INFO     | Saving at a/skeb/hellsmaid-9ad9b0.json
2026-09-18 06:08:29 | INFO     | OK https://skeb.jp/api/users/koromokodon
2026-09-18 06:08:29 | INFO     | Saving at a/skeb/koromokodon-84f1ce.json
2026-09-18 06:08:30 | INFO     | OK https://skeb.jp/api/users/kam_pom37
2026-09-18 06:08:30 | INFO     | Saving at a/skeb/kam_pom37-f020f6.json
2026-09-18 06:08:31 | WARNING  | 404 on https://skeb.jp/api/users/TsiaChoco (attempt 3/3)
2026-09-18 06:08:32 | INFO     | OK https://skeb.jp/api/users/deko_mo10
2026-09-18 06:08:32 | INFO     | Saving at a/skeb/deko_mo10-ef51f7.json
2026-09-18 06:08:34 | INFO     | OK https://skeb.jp/api/users/Trevenant0
2026-09-18 06:08:34 | INFO     | Saving at a/skeb/Trevenant0-90f3c5.json
2026-09-18 06:08:34 | INFO     | OK https://skeb.jp/api/users/karutakomori01
2026-09-18 06:08:34 | INFO     | Saving at a/skeb/karutakomori01-d508d3.json
2026-09-18 06:08:35 | INFO     | OK https://skeb.jp/api/users/aeaea_k
2026-09-18 06:08:35 | INFO     | Saving at a/skeb/aeaea_k-5e3c57.json
2026-09-18 06:08:36 | INFO     | OK https://skeb.jp/api/users/mel_kanikama
2026-09-18 06:08:36 | INFO     | Saving at a/skeb/mel_kanikama-f4daf9.json
2026-09-18 06:08:37 | INFO     | OK https://skeb.jp/api/users/kuragemika15404
2026-09-18 06:08:37 | INFO     | Saving at a/skeb/kuragemika15404-e33a86.json
2026-09-18 06:08:38 | INFO     | OK https://skeb.jp/api/users/batten12_ik
2026-09-18 06:08:38 | INFO     | Saving at a/skeb/batten12_ik-5d1bc7.json
2026-09-18 06:08:39 | INFO     | OK https://skeb.jp/api/users/shiratamajakush
2026-09-18 06:08:39 | INFO     | Saving at a/skeb/shiratamajakush-2859fb.json
2026-09-18 06:08:40 | INFO     | OK https://skeb.jp/api/users/magical_suki
2026-09-18 06:08:40 | INFO     | Saving at a/skeb/magical_suki-74de02.json
2026-09-18 06:08:41 | INFO     | OK https://skeb.jp/api/users/aktrp9
2026-09-18 06:08:41 | INFO     | Saving at a/skeb/aktrp9-2b1e8c.json
2026-09-18 06:08:42 | INFO     | OK https://skeb.jp/api/users/trpg_fuzi
2026-09-18 06:08:42 | INFO     | Saving at a/skeb/trpg_fuzi-f8ba2d.json
2026-09-18 06:08:43 | INFO     | OK https://skeb.jp/api/users/momizinandesuyo
2026-09-18 06:08:43 | INFO     | Saving at a/skeb/momizinandesuyo-11aadc.json
2026-09-18 06:08:44 | INFO     | OK https://skeb.jp/api/users/Aoi_Chiyo98
2026-09-18 06:08:44 | INFO     | Saving at a/skeb/Aoi_Chiyo98-393910.json
2026-09-18 06:08:45 | INFO     | OK https://skeb.jp/api/users/3ho_Aman0
2026-09-18 06:08:45 | INFO     | Saving at a/skeb/3ho_Aman0-0f0e5e.json
2026-09-18 06:08:46 | INFO     | OK https://skeb.jp/api/users/Sazai_z
2026-09-18 06:08:46 | INFO     | Saving at a/skeb/Sazai_z-805957.json
2026-09-18 06:08:47 | INFO     | OK https://skeb.jp/api/users/pizzapastachan
2026-09-18 06:08:47 | INFO     | Saving at a/skeb/pizzapastachan-5975ab.json
2026-09-18 06:08:48 | INFO     | OK https://skeb.jp/api/users/hk45_x
2026-09-18 06:08:48 | INFO     | Saving at a/skeb/hk45_x-3101ef.json
2026-09-18 06:08:49 | INFO     | OK https://skeb.jp/api/users/inuja_dogodogo
2026-09-18 06:08:49 | INFO     | Saving at a/skeb/inuja_dogodogo-f5ae6e.json
2026-09-18 06:08:50 | INFO     | OK https://skeb.jp/api/users/ymil_2306
2026-09-18 06:08:50 | INFO     | Saving at a/skeb/ymil_2306-8affc8.json
2026-09-18 06:08:51 | INFO     | OK https://skeb.jp/api/users/joedoudou
2026-09-18 06:08:51 | INFO     | Saving at a/skeb/joedoudou-9bb414.json
2026-09-18 06:08:52 | INFO     | OK https://skeb.jp/api/users/kakarichokacho
2026-09-18 06:08:52 | INFO     | Saving at a/skeb/kakarichokacho-d7db00.json
2026-09-18 06:08:53 | INFO     | OK https://skeb.jp/api/users/yokoshima_
2026-09-18 06:08:53 | INFO     | Saving at a/skeb/yokoshima_-b673f1.json
2026-09-18 06:08:54 | INFO     | OK https://skeb.jp/api/users/toufu0301
2026-09-18 06:08:54 | INFO     | Saving at a/skeb/toufu0301-d9ea1b.json
2026-09-18 06:08:55 | INFO     | OK https://skeb.jp/api/users/jR4j5PPi48vLzsT
2026-09-18 06:08:55 | INFO     | Saving at a/skeb/jR4j5PPi48vLzsT-92c415.json
2026-09-18 06:08:56 | INFO     | OK https://skeb.jp/api/users/UminoKio
2026-09-18 06:08:56 | INFO     | Saving at a/skeb/UminoKio-437fb4.json
2026-09-18 06:08:57 | INFO     | OK https://skeb.jp/api/users/_paoda
2026-09-18 06:08:57 | INFO     | Saving at a/skeb/_paoda-678804.json
2026-09-18 06:08:58 | INFO     | OK https://skeb.jp/api/users/kato_miao
2026-09-18 06:08:58 | INFO     | Saving at a/skeb/kato_miao-dc982d.json
2026-09-18 06:08:59 | INFO     | OK https://skeb.jp/api/users/yuki_hatoba
2026-09-18 06:08:59 | INFO     | Saving at a/skeb/yuki_hatoba-33a890.json
2026-09-18 06:09:00 | INFO     | OK https://skeb.jp/api/users/Frks_s2
2026-09-18 06:09:00 | INFO     | Saving at a/skeb/Frks_s2-108320.json
2026-09-18 06:09:01 | INFO     | OK https://skeb.jp/api/users/cho_3150
2026-09-18 06:09:01 | INFO     | Saving at a/skeb/cho_3150-b80c8e.json
2026-09-18 06:09:02 | INFO     | OK https://skeb.jp/api/users/omte97
2026-09-18 06:09:02 | INFO     | Saving at a/skeb/omte97-7b0ebc.json
2026-09-18 06:09:03 | INFO     | OK https://skeb.jp/api/users/lSgBoeVmmjQT1dg
2026-09-18 06:09:03 | INFO     | Saving at a/skeb/lSgBoeVmmjQT1dg-ec55ca.json
2026-09-18 06:09:04 | INFO     | OK https://skeb.jp/api/users/tori_nunu
2026-09-18 06:09:04 | INFO     | Saving at a/skeb/tori_nunu-6aa19a.json
2026-09-18 06:09:05 | INFO     | OK https://skeb.jp/api/users/___muchuchu
2026-09-18 06:09:05 | INFO     | Saving at a/skeb/___muchuchu-38ecde.json
2026-09-18 06:09:06 | INFO     | OK https://skeb.jp/api/users/rapunzel_mache
2026-09-18 06:09:06 | INFO     | Saving at a/skeb/rapunzel_mache-d6fc27.json
2026-09-18 06:09:07 | INFO     | OK https://skeb.jp/api/users/Gagangaga_soul
2026-09-18 06:09:07 | INFO     | Saving at a/skeb/Gagangaga_soul-1634d0.json
2026-09-18 06:09:08 | INFO     | OK https://skeb.jp/api/users/mayuge
2026-09-18 06:09:08 | INFO     | Saving at a/skeb/mayuge-f852d0.json
2026-09-18 06:09:09 | INFO     | OK https://skeb.jp/api/users/uchuuneko_
2026-09-18 06:09:09 | INFO     | Saving at a/skeb/uchuuneko_-73fac0.json
2026-09-18 06:09:10 | INFO     | OK https://skeb.jp/api/users/hiusagi_chikuwa
2026-09-18 06:09:10 | INFO     | Saving at a/skeb/hiusagi_chikuwa-b729d2.json
2026-09-18 06:09:12 | INFO     | OK https://skeb.jp/api/users/mozu100birds
2026-09-18 06:09:12 | INFO     | Saving at a/skeb/mozu100birds-ed13c8.json
2026-09-18 06:09:12 | INFO     | OK https://skeb.jp/api/users/sawatari_Ryu
2026-09-18 06:09:12 | INFO     | Saving at a/skeb/sawatari_Ryu-345106.json
2026-09-18 06:09:13 | INFO     | OK https://skeb.jp/api/users/AME225
2026-09-18 06:09:13 | INFO     | Saving at a/skeb/AME225-c23a8a.json
2026-09-18 06:09:14 | INFO     | OK https://skeb.jp/api/users/machinari_3
2026-09-18 06:09:14 | INFO     | Saving at a/skeb/machinari_3-85a16f.json
2026-09-18 06:09:15 | INFO     | OK https://skeb.jp/api/users/dvcn3150
2026-09-18 06:09:15 | INFO     | Saving at a/skeb/dvcn3150-a20742.json
2026-09-18 06:09:16 | INFO     | OK https://skeb.jp/api/users/gannpurasukida
2026-09-18 06:09:16 | INFO     | Saving at a/skeb/gannpurasukida-698d49.json
2026-09-18 06:09:17 | INFO     | OK https://skeb.jp/api/users/ZAreon_22
2026-09-18 06:09:17 | INFO     | Saving at a/skeb/ZAreon_22-a64425.json
2026-09-18 06:09:18 | INFO     | OK https://skeb.jp/api/users/SIGE_Astraea
2026-09-18 06:09:18 | INFO     | Saving at a/skeb/SIGE_Astraea-b06cb4.json
2026-09-18 06:09:19 | INFO     | OK https://skeb.jp/api/users/tomura_amane
2026-09-18 06:09:19 | INFO     | Saving at a/skeb/tomura_amane-61935a.json
2026-09-18 06:09:20 | INFO     | OK https://skeb.jp/api/users/oribiyo
2026-09-18 06:09:20 | INFO     | Saving at a/skeb/oribiyo-536a2c.json
2026-09-18 06:09:21 | INFO     | OK https://skeb.jp/api/users/nozaki_siryu
2026-09-18 06:09:21 | INFO     | Saving at a/skeb/nozaki_siryu-b3a827.json
2026-09-18 06:09:22 | INFO     | OK https://skeb.jp/api/users/AzumoMomo
2026-09-18 06:09:22 | INFO     | Saving at a/skeb/AzumoMomo-eaa2a6.json
2026-09-18 06:09:23 | INFO     | OK https://skeb.jp/api/users/tasio
2026-09-18 06:09:23 | INFO     | Saving at a/skeb/tasio-aff318.json
2026-09-18 06:09:24 | INFO     | OK https://skeb.jp/api/users/pomeranianmog
2026-09-18 06:09:24 | INFO     | Saving at a/skeb/pomeranianmog-2ddb46.json
2026-09-18 06:09:25 | INFO     | OK https://skeb.jp/api/users/nutori_manga
2026-09-18 06:09:25 | INFO     | Saving at a/skeb/nutori_manga-924ba1.json
2026-09-18 06:09:26 | INFO     | OK https://skeb.jp/api/users/kaogamechamarui
2026-09-18 06:09:26 | INFO     | Saving at a/skeb/kaogamechamarui-ec8bde.json
2026-09-18 06:09:27 | INFO     | OK https://skeb.jp/api/users/u3yU_
2026-09-18 06:09:27 | INFO     | Saving at a/skeb/u3yU_-fe1782.json
2026-09-18 06:09:28 | INFO     | OK https://skeb.jp/api/users/ka84_
2026-09-18 06:09:28 | INFO     | Saving at a/skeb/ka84_-77486d.json
2026-09-18 06:09:29 | INFO     | OK https://skeb.jp/api/users/Nishieri_C_F
2026-09-18 06:09:29 | INFO     | Saving at a/skeb/Nishieri_C_F-53f0b2.json
2026-09-18 06:09:30 | INFO     | OK https://skeb.jp/api/users/apple_san_po
2026-09-18 06:09:30 | INFO     | Saving at a/skeb/apple_san_po-f3a55d.json
2026-09-18 06:09:31 | INFO     | OK https://skeb.jp/api/users/me
2026-09-18 06:09:31 | INFO     | Saving at a/skeb/me-ab86a1.json
2026-09-18 06:09:32 | INFO     | OK https://skeb.jp/api/users/yamTwTw_osada
2026-09-18 06:09:32 | INFO     | Saving at a/skeb/yamTwTw_osada-f2e33e.json
2026-09-18 06:09:33 | INFO     | OK https://skeb.jp/api/users/dasuthina2231
2026-09-18 06:09:33 | INFO     | Saving at a/skeb/dasuthina2231-4f1230.json
2026-09-18 06:09:34 | INFO     | OK https://skeb.jp/api/users/solt_fr7
2026-09-18 06:09:34 | INFO     | Saving at a/skeb/solt_fr7-1b6f75.json
2026-09-18 06:09:35 | INFO     | OK https://skeb.jp/api/users/botta_kuri_
2026-09-18 06:09:35 | INFO     | Saving at a/skeb/botta_kuri_-539e30.json
2026-09-18 06:09:36 | INFO     | OK https://skeb.jp/api/users/annin_oekaki
2026-09-18 06:09:36 | INFO     | Saving at a/skeb/annin_oekaki-4fc1da.json
2026-09-18 06:09:37 | INFO     | OK https://skeb.jp/api/users/SumireUsagi3
2026-09-18 06:09:37 | INFO     | Saving at a/skeb/SumireUsagi3-f26f9c.json
2026-09-18 06:09:38 | INFO     | OK https://skeb.jp/api/users/Bj_k_gmz
2026-09-18 06:09:38 | INFO     | Saving at a/skeb/Bj_k_gmz-afb665.json
2026-09-18 06:09:39 | INFO     | OK https://skeb.jp/api/users/UmeUmeBox
2026-09-18 06:09:39 | INFO     | Saving at a/skeb/UmeUmeBox-cf363a.json
2026-09-18 06:09:40 | INFO     | OK https://skeb.jp/api/users/yohira_k
2026-09-18 06:09:40 | INFO     | Saving at a/skeb/yohira_k-8ca63f.json
2026-09-18 06:09:41 | INFO     | OK https://skeb.jp/api/users/Noalamode
2026-09-18 06:09:41 | INFO     | Saving at a/skeb/Noalamode-8dbeec.json
2026-09-18 06:09:42 | INFO     | OK https://skeb.jp/api/users/tatsuminoakira
2026-09-18 06:09:42 | INFO     | Saving at a/skeb/tatsuminoakira-d5d2cb.json
2026-09-18 06:09:43 | INFO     | OK https://skeb.jp/api/users/TeaGELGEL_typeD
2026-09-18 06:09:43 | INFO     | Saving at a/skeb/TeaGELGEL_typeD-079cfc.json
2026-09-18 06:09:44 | INFO     | OK https://skeb.jp/api/users/hiraganafase
2026-09-18 06:09:44 | INFO     | Saving at a/skeb/hiraganafase-a92362.json
2026-09-18 06:09:45 | INFO     | OK https://skeb.jp/api/users/s_ryuken
2026-09-18 06:09:45 | INFO     | Saving at a/skeb/s_ryuken-ac861f.json
2026-09-18 06:09:46 | INFO     | OK https://skeb.jp/api/users/pana_tsukimiya
2026-09-18 06:09:46 | INFO     | Saving at a/skeb/pana_tsukimiya-d2515d.json
2026-09-18 06:09:47 | INFO     | OK https://skeb.jp/api/users/crow_0079
2026-09-18 06:09:47 | INFO     | Saving at a/skeb/crow_0079-5a2014.json
2026-09-18 06:09:48 | INFO     | OK https://skeb.jp/api/users/takoyaki_cho
2026-09-18 06:09:48 | INFO     | Saving at a/skeb/takoyaki_cho-e0576b.json
2026-09-18 06:09:49 | INFO     | OK https://skeb.jp/api/users/sanu_az
2026-09-18 06:09:49 | INFO     | Saving at a/skeb/sanu_az-da97c7.json
2026-09-18 06:09:50 | INFO     | OK https://skeb.jp/api/users/monster_MID
2026-09-18 06:09:50 | INFO     | Saving at a/skeb/monster_MID-d68d09.json
2026-09-18 06:09:51 | INFO     | OK https://skeb.jp/api/users/akenoin
2026-09-18 06:09:51 | INFO     | Saving at a/skeb/akenoin-a7ad87.json
2026-09-18 06:09:52 | INFO     | OK https://skeb.jp/api/users/kamiya_000
2026-09-18 06:09:52 | INFO     | Saving at a/skeb/kamiya_000-1ea1e3.json
2026-09-18 06:09:53 | INFO     | OK https://skeb.jp/api/users/runa_shirayuki
2026-09-18 06:09:53 | INFO     | Saving at a/skeb/runa_shirayuki-a5ebd5.json
2026-09-18 06:09:54 | INFO     | OK https://skeb.jp/api/users/BBB9gi
2026-09-18 06:09:54 | INFO     | Saving at a/skeb/BBB9gi-acb50b.json
2026-09-18 06:09:55 | INFO     | OK https://skeb.jp/api/users/tukiyo1205
2026-09-18 06:09:55 | INFO     | Saving at a/skeb/tukiyo1205-bf6725.json
2026-09-18 06:09:56 | INFO     | OK https://skeb.jp/api/users/_ha1sui
2026-09-18 06:09:56 | INFO     | Saving at a/skeb/_ha1sui-2b18e8.json
2026-09-18 06:09:57 | WARNING  | 404 on https://skeb.jp/api/users/zonzonkiyashiki (attempt 1/3)
2026-09-18 06:09:58 | INFO     | OK https://skeb.jp/api/users/kashimashika1
2026-09-18 06:09:58 | INFO     | Saving at a/skeb/kashimashika1-60b884.json
2026-09-18 06:09:59 | INFO     | OK https://skeb.jp/api/users/gonzo
2026-09-18 06:09:59 | INFO     | Saving at a/skeb/gonzo-2c06e8.json
2026-09-18 06:10:00 | INFO     | OK https://skeb.jp/api/users/hgsn_azm
2026-09-18 06:10:00 | INFO     | Saving at a/skeb/hgsn_azm-294ea8.json
2026-09-18 06:10:01 | WARNING  | 404 on https://skeb.jp/api/users/zonzonkiyashiki (attempt 2/3)
2026-09-18 06:10:02 | INFO     | OK https://skeb.jp/api/users/kenseiyorimichi
2026-09-18 06:10:02 | INFO     | Saving at a/skeb/kenseiyorimichi-b2bb11.json
2026-09-18 06:10:03 | INFO     | OK https://skeb.jp/api/users/shinshihadagi
2026-09-18 06:10:03 | INFO     | Saving at a/skeb/shinshihadagi-743c13.json
2026-09-18 06:10:05 | INFO     | OK https://skeb.jp/api/users/yaka_589
2026-09-18 06:10:05 | INFO     | Saving at a/skeb/yaka_589-97760a.json
2026-09-18 06:10:05 | INFO     | OK https://skeb.jp/api/users/hk05_wl
2026-09-18 06:10:05 | INFO     | Saving at a/skeb/hk05_wl-910f0c.json
2026-09-18 06:10:06 | INFO     | OK https://skeb.jp/api/users/mosasuzume
2026-09-18 06:10:06 | INFO     | Saving at a/skeb/mosasuzume-efd7d0.json
2026-09-18 06:10:07 | INFO     | OK https://skeb.jp/api/users/ityohii_
2026-09-18 06:10:07 | INFO     | Saving at a/skeb/ityohii_-383da3.json
2026-09-18 06:10:09 | INFO     | OK https://skeb.jp/api/users/Mieken_sub
2026-09-18 06:10:09 | INFO     | Saving at a/skeb/Mieken_sub-20523f.json
2026-09-18 06:10:09 | INFO     | OK https://skeb.jp/api/users/moyuhitode
2026-09-18 06:10:09 | INFO     | Saving at a/skeb/moyuhitode-e5657e.json
2026-09-18 06:10:10 | INFO     | OK https://skeb.jp/api/users/sugar_saji
2026-09-18 06:10:10 | INFO     | Saving at a/skeb/sugar_saji-e493d6.json
2026-09-18 06:10:11 | INFO     | OK https://skeb.jp/api/users/aijiro_shiki
2026-09-18 06:10:11 | INFO     | Saving at a/skeb/aijiro_shiki-2dd1ca.json
2026-09-18 06:10:12 | INFO     | OK https://skeb.jp/api/users/TmkTmmr1011
2026-09-18 06:10:12 | INFO     | Saving at a/skeb/TmkTmmr1011-95f02c.json
2026-09-18 06:10:13 | INFO     | OK https://skeb.jp/api/users/Hstk_Mega
2026-09-18 06:10:13 | INFO     | Saving at a/skeb/Hstk_Mega-29c5d3.json
2026-09-18 06:10:14 | INFO     | OK https://skeb.jp/api/users/ineineine_
2026-09-18 06:10:14 | INFO     | Saving at a/skeb/ineineine_-a23486.json
2026-09-18 06:10:15 | INFO     | OK https://skeb.jp/api/users/GSGK0jxuwEeHcss
2026-09-18 06:10:15 | INFO     | Saving at a/skeb/GSGK0jxuwEeHcss-f6b99f.json
2026-09-18 06:10:16 | INFO     | OK https://skeb.jp/api/users/soui_skeb
2026-09-18 06:10:16 | INFO     | Saving at a/skeb/soui_skeb-ea1abb.json
2026-09-18 06:10:17 | INFO     | OK https://skeb.jp/api/users/kumoarare_025
2026-09-18 06:10:17 | INFO     | Saving at a/skeb/kumoarare_025-37b1e0.json
2026-09-18 06:10:18 | INFO     | OK https://skeb.jp/api/users/kanikama25
2026-09-18 06:10:18 | INFO     | Saving at a/skeb/kanikama25-7ab538.json
2026-09-18 06:10:19 | INFO     | OK https://skeb.jp/api/users/migipic
2026-09-18 06:10:19 | INFO     | Saving at a/skeb/migipic-a711cc.json
2026-09-18 06:10:20 | INFO     | OK https://skeb.jp/api/users/moemoe_muteki
2026-09-18 06:10:20 | INFO     | Saving at a/skeb/moemoe_muteki-caaf8a.json
2026-09-18 06:10:22 | INFO     | OK https://skeb.jp/api/users/73_draw_
2026-09-18 06:10:22 | INFO     | Saving at a/skeb/73_draw_-b6e6ab.json
2026-09-18 06:10:22 | INFO     | OK https://skeb.jp/api/users/azusa_maxima
2026-09-18 06:10:22 | INFO     | Saving at a/skeb/azusa_maxima-5c7f93.json
2026-09-18 06:10:23 | INFO     | OK https://skeb.jp/api/users/ay7pn
2026-09-18 06:10:23 | INFO     | Saving at a/skeb/ay7pn-da055b.json
2026-09-18 06:10:24 | INFO     | OK https://skeb.jp/api/users/sngk_ej0506
2026-09-18 06:10:24 | INFO     | Saving at a/skeb/sngk_ej0506-8c2b3e.json
2026-09-18 06:10:25 | INFO     | OK https://skeb.jp/api/users/fuwa_on
2026-09-18 06:10:25 | INFO     | Saving at a/skeb/fuwa_on-ace983.json
2026-09-18 06:10:26 | WARNING  | 404 on https://skeb.jp/api/users/fufushroom (attempt 1/3)
2026-09-18 06:10:27 | INFO     | OK https://skeb.jp/api/users/kame2happa3
2026-09-18 06:10:27 | INFO     | Saving at a/skeb/kame2happa3-692e69.json
2026-09-18 06:10:28 | WARNING  | 404 on https://skeb.jp/api/users/zonzonkiyashiki (attempt 3/3)
2026-09-18 06:10:29 | INFO     | OK https://skeb.jp/api/users/miosochika
2026-09-18 06:10:29 | INFO     | Saving at a/skeb/miosochika-ee0b30.json
2026-09-18 06:10:30 | INFO     | OK https://skeb.jp/api/users/fm_311c1
2026-09-18 06:10:30 | INFO     | Saving at a/skeb/fm_311c1-3e5e66.json
2026-09-18 06:10:32 | INFO     | OK https://skeb.jp/api/users/yagiyama_
2026-09-18 06:10:32 | INFO     | Saving at a/skeb/yagiyama_-060b5f.json
2026-09-18 06:10:32 | WARNING  | 404 on https://skeb.jp/api/users/tk769584 (attempt 1/3)
2026-09-18 06:10:33 | INFO     | OK https://skeb.jp/api/users/torasaburo_36
2026-09-18 06:10:33 | INFO     | Saving at a/skeb/torasaburo_36-7a705b.json
2026-09-18 06:10:34 | INFO     | OK https://skeb.jp/api/users/ame_akira00
2026-09-18 06:10:34 | INFO     | Saving at a/skeb/ame_akira00-b7458d.json
2026-09-18 06:10:36 | WARNING  | 404 on https://skeb.jp/api/users/fufushroom (attempt 2/3)
2026-09-18 06:10:36 | INFO     | OK https://skeb.jp/api/users/Breakthrough_rr
2026-09-18 06:10:36 | INFO     | Saving at a/skeb/Breakthrough_rr-fc6947.json
2026-09-18 06:10:37 | WARNING  | 404 on https://skeb.jp/api/users/sesenaruby (attempt 1/3)
2026-09-18 06:10:38 | INFO     | OK https://skeb.jp/api/users/kaede_amemiya
2026-09-18 06:10:38 | INFO     | Saving at a/skeb/kaede_amemiya-f66296.json
2026-09-18 06:10:39 | INFO     | OK https://skeb.jp/api/users/ryo_yanakasa
2026-09-18 06:10:39 | INFO     | Saving at a/skeb/ryo_yanakasa-9c3de2.json
2026-09-18 06:10:40 | INFO     | OK https://skeb.jp/api/users/Tarako_0228
2026-09-18 06:10:40 | INFO     | Saving at a/skeb/Tarako_0228-127537.json
2026-09-18 06:10:42 | WARNING  | 404 on https://skeb.jp/api/users/fufushroom (attempt 3/3)
2026-09-18 06:10:42 | INFO     | OK https://skeb.jp/api/users/2371P
2026-09-18 06:10:42 | INFO     | Saving at a/skeb/2371P-4422cd.json
2026-09-18 06:10:43 | INFO     | OK https://skeb.jp/api/users/15_lolo_
2026-09-18 06:10:43 | INFO     | Saving at a/skeb/15_lolo_-0ab5f9.json
2026-09-18 06:10:44 | INFO     | OK https://skeb.jp/api/users/Syukyokunomemo
2026-09-18 06:10:44 | INFO     | Saving at a/skeb/Syukyokunomemo-90e063.json
2026-09-18 06:10:45 | INFO     | OK https://skeb.jp/api/users/ryunaryuna
2026-09-18 06:10:45 | INFO     | Saving at a/skeb/ryunaryuna-a4886a.json
2026-09-18 06:10:46 | INFO     | OK https://skeb.jp/api/users/echomeihuku
2026-09-18 06:10:46 | INFO     | Saving at a/skeb/echomeihuku-35ed9d.json
2026-09-18 06:10:48 | WARNING  | 404 on https://skeb.jp/api/users/tk769584 (attempt 2/3)
2026-09-18 06:10:49 | INFO     | OK https://skeb.jp/api/users/_Delmu
2026-09-18 06:10:49 | INFO     | Saving at a/skeb/_Delmu-5ec832.json
2026-09-18 06:10:49 | INFO     | OK https://skeb.jp/api/users/Obo3ym
2026-09-18 06:10:49 | INFO     | Saving at a/skeb/Obo3ym-0cb0e5.json
2026-09-18 06:10:50 | INFO     | OK https://skeb.jp/api/users/EinsWingtree
2026-09-18 06:10:50 | INFO     | Saving at a/skeb/EinsWingtree-f2af53.json
2026-09-18 06:10:52 | INFO     | OK https://skeb.jp/api/users/masakate
2026-09-18 06:10:52 | INFO     | Saving at a/skeb/masakate-2e3613.json
2026-09-18 06:10:52 | INFO     | OK https://skeb.jp/api/users/aonomumei
2026-09-18 06:10:52 | INFO     | Saving at a/skeb/aonomumei-ae97b6.json
2026-09-18 06:10:54 | INFO     | OK https://skeb.jp/api/users/kan_dume
2026-09-18 06:10:54 | INFO     | Saving at a/skeb/kan_dume-1fcff8.json
2026-09-18 06:10:54 | INFO     | OK https://skeb.jp/api/users/sana8tori
2026-09-18 06:10:54 | INFO     | Saving at a/skeb/sana8tori-c680ca.json
2026-09-18 06:10:55 | INFO     | OK https://skeb.jp/api/users/hiryuukanon
2026-09-18 06:10:55 | INFO     | Saving at a/skeb/hiryuukanon-e8ab7c.json
2026-09-18 06:10:57 | WARNING  | 404 on https://skeb.jp/api/users/tk769584 (attempt 3/3)
2026-09-18 06:10:57 | INFO     | OK https://skeb.jp/api/users/yuuhikureroom6
2026-09-18 06:10:57 | INFO     | Saving at a/skeb/yuuhikureroom6-7257d3.json
2026-09-18 06:10:59 | INFO     | OK https://skeb.jp/api/users/kotobuki8013
2026-09-18 06:10:59 | INFO     | Saving at a/skeb/kotobuki8013-a8971c.json
2026-09-18 06:11:00 | INFO     | OK https://skeb.jp/api/users/Soraa0830
2026-09-18 06:11:00 | INFO     | Saving at a/skeb/Soraa0830-cfdecd.json
2026-09-18 06:11:00 | INFO     | OK https://skeb.jp/api/users/kamikoma_taiga
2026-09-18 06:11:00 | INFO     | Saving at a/skeb/kamikoma_taiga-6e5b7a.json
2026-09-18 06:11:01 | INFO     | OK https://skeb.jp/api/users/Runa_Sa_00
2026-09-18 06:11:01 | INFO     | Saving at a/skeb/Runa_Sa_00-ee5f86.json
2026-09-18 06:11:02 | INFO     | OK https://skeb.jp/api/users/smmm2145
2026-09-18 06:11:02 | INFO     | Saving at a/skeb/smmm2145-47c8f8.json
2026-09-18 06:11:04 | WARNING  | 404 on https://skeb.jp/api/users/sesenaruby (attempt 2/3)
2026-09-18 06:11:04 | INFO     | OK https://skeb.jp/api/users/enoki_nyokirin
2026-09-18 06:11:04 | INFO     | Saving at a/skeb/enoki_nyokirin-4f8c20.json
2026-09-18 06:11:05 | INFO     | OK https://skeb.jp/api/users/kase_njiki
2026-09-18 06:11:05 | INFO     | Saving at a/skeb/kase_njiki-506a01.json
2026-09-18 06:11:06 | INFO     | OK https://skeb.jp/api/users/hanano_d
2026-09-18 06:11:06 | INFO     | Saving at a/skeb/hanano_d-55dbd8.json
2026-09-18 06:11:08 | INFO     | OK https://skeb.jp/api/users/sasa_crooo
2026-09-18 06:11:08 | INFO     | Saving at a/skeb/sasa_crooo-068a38.json
2026-09-18 06:11:09 | INFO     | OK https://skeb.jp/api/users/snnm_pic
2026-09-18 06:11:09 | INFO     | Saving at a/skeb/snnm_pic-c94714.json
2026-09-18 06:11:10 | WARNING  | 404 on https://skeb.jp/api/users/sesenaruby (attempt 3/3)
2026-09-18 06:11:10 | INFO     | OK https://skeb.jp/api/users/bwuniivoyager
2026-09-18 06:11:10 | INFO     | Saving at a/skeb/bwuniivoyager-fb59df.json
2026-09-18 06:11:11 | INFO     | OK https://skeb.jp/api/users/moudokuyanagi
2026-09-18 06:11:11 | INFO     | Saving at a/skeb/moudokuyanagi-fa9b27.json
2026-09-18 06:11:12 | INFO     | OK https://skeb.jp/api/users/cobacci_oekaki
2026-09-18 06:11:12 | INFO     | Saving at a/skeb/cobacci_oekaki-026ce2.json
2026-09-18 06:11:14 | INFO     | OK https://skeb.jp/api/users/noratamaua
2026-09-18 06:11:14 | INFO     | Saving at a/skeb/noratamaua-ba514b.json
2026-09-18 06:11:15 | INFO     | OK https://skeb.jp/api/users/egoister_0206
2026-09-18 06:11:15 | INFO     | Saving at a/skeb/egoister_0206-b82f68.json
2026-09-18 06:11:15 | INFO     | OK https://skeb.jp/api/users/hina_chizu
2026-09-18 06:11:15 | INFO     | Saving at a/skeb/hina_chizu-9e3df3.json
2026-09-18 06:11:17 | INFO     | OK https://skeb.jp/api/users/H_karakurenai
2026-09-18 06:11:17 | INFO     | Saving at a/skeb/H_karakurenai-8df1bf.json
2026-09-18 06:11:17 | INFO     | OK https://skeb.jp/api/users/Atzrb
2026-09-18 06:11:17 | INFO     | Saving at a/skeb/Atzrb-b5ef25.json
2026-09-18 06:11:18 | INFO     | OK https://skeb.jp/api/users/U0zumi_sho
2026-09-18 06:11:18 | INFO     | Saving at a/skeb/U0zumi_sho-d2bb1a.json
2026-09-18 06:11:19 | INFO     | OK https://skeb.jp/api/users/craftzukky
2026-09-18 06:11:19 | INFO     | Saving at a/skeb/craftzukky-bbd370.json
2026-09-18 06:11:21 | INFO     | OK https://skeb.jp/api/users/I_am_Morafeti
2026-09-18 06:11:21 | INFO     | Saving at a/skeb/I_am_Morafeti-eb4ac9.json
2026-09-18 06:11:21 | INFO     | OK https://skeb.jp/api/users/IPPNZN_
2026-09-18 06:11:21 | INFO     | Saving at a/skeb/IPPNZN_-770cbb.json
2026-09-18 06:11:22 | INFO     | OK https://skeb.jp/api/users/i_upiyo01
2026-09-18 06:11:22 | INFO     | Saving at a/skeb/i_upiyo01-a50fe5.json
2026-09-18 06:11:23 | INFO     | OK https://skeb.jp/api/users/yako__kay
2026-09-18 06:11:23 | INFO     | Saving at a/skeb/yako__kay-377efd.json
2026-09-18 06:11:24 | INFO     | OK https://skeb.jp/api/users/shissika
2026-09-18 06:11:24 | INFO     | Saving at a/skeb/shissika-eb664b.json
2026-09-18 06:11:25 | INFO     | OK https://skeb.jp/api/users/herushi_shikou
2026-09-18 06:11:25 | INFO     | Saving at a/skeb/herushi_shikou-dc5aed.json
2026-09-18 06:11:27 | INFO     | OK https://skeb.jp/api/users/hinahayase
2026-09-18 06:11:27 | INFO     | Saving at a/skeb/hinahayase-1c14f3.json
2026-09-18 06:11:27 | INFO     | OK https://skeb.jp/api/users/nemu_y
2026-09-18 06:11:27 | INFO     | Saving at a/skeb/nemu_y-074c71.json
2026-09-18 06:11:28 | INFO     | OK https://skeb.jp/api/users/ki_z_ki
2026-09-18 06:11:28 | INFO     | Saving at a/skeb/ki_z_ki-6fb117.json
2026-09-18 06:11:30 | INFO     | OK https://skeb.jp/api/users/nohako_x
2026-09-18 06:11:30 | INFO     | Saving at a/skeb/nohako_x-cf359c.json
2026-09-18 06:11:30 | INFO     | OK https://skeb.jp/api/users/9pggmr
2026-09-18 06:11:30 | INFO     | Saving at a/skeb/9pggmr-9523ee.json
2026-09-18 06:11:32 | INFO     | OK https://skeb.jp/api/users/jasminesuki_tea
2026-09-18 06:11:32 | INFO     | Saving at a/skeb/jasminesuki_tea-c441dd.json
2026-09-18 06:11:32 | INFO     | OK https://skeb.jp/api/users/SERAUQS
2026-09-18 06:11:32 | INFO     | Saving at a/skeb/SERAUQS-88fff3.json
2026-09-18 06:11:33 | INFO     | OK https://skeb.jp/api/users/roruau_kkn
2026-09-18 06:11:33 | INFO     | Saving at a/skeb/roruau_kkn-9d6f1d.json
2026-09-18 06:11:34 | INFO     | OK https://skeb.jp/api/users/arukari3sei
2026-09-18 06:11:34 | INFO     | Saving at a/skeb/arukari3sei-f77c79.json
2026-09-18 06:11:35 | INFO     | OK https://skeb.jp/api/users/Goslingwallows
2026-09-18 06:11:35 | INFO     | Saving at a/skeb/Goslingwallows-a4ad23.json
2026-09-18 06:11:37 | INFO     | OK https://skeb.jp/api/users/Arlcn_1115
2026-09-18 06:11:37 | INFO     | Saving at a/skeb/Arlcn_1115-b7a75a.json
2026-09-18 06:11:38 | INFO     | OK https://skeb.jp/api/users/mohuway
2026-09-18 06:11:38 | INFO     | Saving at a/skeb/mohuway-d2889a.json
2026-09-18 06:11:38 | INFO     | OK https://skeb.jp/api/users/sub_aru_B_skl
2026-09-18 06:11:38 | INFO     | Saving at a/skeb/sub_aru_B_skl-159468.json
2026-09-18 06:11:39 | INFO     | OK https://skeb.jp/api/users/Skhachi8
2026-09-18 06:11:39 | INFO     | Saving at a/skeb/Skhachi8-4f9b45.json
2026-09-18 06:11:40 | INFO     | OK https://skeb.jp/api/users/shark_m31
2026-09-18 06:11:40 | INFO     | Saving at a/skeb/shark_m31-c4de3c.json
2026-09-18 06:11:42 | INFO     | OK https://skeb.jp/api/users/ojo_virgil
2026-09-18 06:11:42 | INFO     | Saving at a/skeb/ojo_virgil-780aab.json
2026-09-18 06:11:42 | INFO     | OK https://skeb.jp/api/users/motoiwork
2026-09-18 06:11:42 | INFO     | Saving at a/skeb/motoiwork-95861c.json
2026-09-18 06:11:43 | INFO     | OK https://skeb.jp/api/users/CBkomaru
2026-09-18 06:11:43 | INFO     | Saving at a/skeb/CBkomaru-469906.json
2026-09-18 06:11:44 | INFO     | OK https://skeb.jp/api/users/96Lily2296
2026-09-18 06:11:44 | INFO     | Saving at a/skeb/96Lily2296-7e038b.json
2026-09-18 06:11:45 | INFO     | OK https://skeb.jp/api/users/mirupomo
2026-09-18 06:11:45 | INFO     | Saving at a/skeb/mirupomo-7151ee.json
2026-09-18 06:11:46 | INFO     | OK https://skeb.jp/api/users/K_kakitu_0111
2026-09-18 06:11:46 | INFO     | Saving at a/skeb/K_kakitu_0111-4a62bc.json
2026-09-18 06:11:47 | INFO     | OK https://skeb.jp/api/users/chloe
2026-09-18 06:11:47 | INFO     | Saving at a/skeb/chloe-559a7f.json
2026-09-18 06:11:49 | INFO     | OK https://skeb.jp/api/users/PSU_CORFI
2026-09-18 06:11:49 | INFO     | Saving at a/skeb/PSU_CORFI-292d68.json
2026-09-18 06:11:49 | INFO     | OK https://skeb.jp/api/users/Shiozakiotoko
2026-09-18 06:11:49 | INFO     | Saving at a/skeb/Shiozakiotoko-872e5a.json
2026-09-18 06:11:50 | INFO     | OK https://skeb.jp/api/users/alcedo_kawasemi
2026-09-18 06:11:50 | INFO     | Saving at a/skeb/alcedo_kawasemi-12cbc8.json
2026-09-18 06:11:51 | INFO     | OK https://skeb.jp/api/users/irohatanu
2026-09-18 06:11:51 | INFO     | Saving at a/skeb/irohatanu-c46d7f.json
2026-09-18 06:11:52 | INFO     | OK https://skeb.jp/api/users/N_73ya
2026-09-18 06:11:52 | INFO     | Saving at a/skeb/N_73ya-20e73b.json
2026-09-18 06:11:53 | INFO     | OK https://skeb.jp/api/users/hAsai3_dayo
2026-09-18 06:11:53 | INFO     | Saving at a/skeb/hAsai3_dayo-bc815d.json
2026-09-18 06:11:54 | INFO     | OK https://skeb.jp/api/users/shio_shake_shio
2026-09-18 06:11:54 | INFO     | Saving at a/skeb/shio_shake_shio-85dff3.json
2026-09-18 06:11:56 | INFO     | OK https://skeb.jp/api/users/okaramman
2026-09-18 06:11:56 | INFO     | Saving at a/skeb/okaramman-d52c3b.json
2026-09-18 06:11:57 | INFO     | OK https://skeb.jp/api/users/magmayuuda
2026-09-18 06:11:57 | INFO     | Saving at a/skeb/magmayuuda-7a8b49.json
2026-09-18 06:11:57 | INFO     | OK https://skeb.jp/api/users/xianium
2026-09-18 06:11:57 | INFO     | Saving at a/skeb/xianium-4fc353.json
2026-09-18 06:11:58 | INFO     | OK https://skeb.jp/api/users/zan_nekku
2026-09-18 06:11:58 | INFO     | Saving at a/skeb/zan_nekku-690189.json
2026-09-18 06:11:59 | INFO     | OK https://skeb.jp/api/users/baaaaacham
2026-09-18 06:11:59 | INFO     | Saving at a/skeb/baaaaacham-8c9e27.json
2026-09-18 06:12:01 | INFO     | OK https://skeb.jp/api/users/far_tarooo
2026-09-18 06:12:01 | INFO     | Saving at a/skeb/far_tarooo-801a70.json
2026-09-18 06:12:02 | INFO     | OK https://skeb.jp/api/users/icoooos
2026-09-18 06:12:02 | INFO     | Saving at a/skeb/icoooos-ea23dc.json
2026-09-18 06:12:02 | INFO     | OK https://skeb.jp/api/users/X4Mw3
2026-09-18 06:12:02 | INFO     | Saving at a/skeb/X4Mw3-b9c7a9.json
2026-09-18 06:12:03 | INFO     | OK https://skeb.jp/api/users/sangatu_merutu
2026-09-18 06:12:03 | INFO     | Saving at a/skeb/sangatu_merutu-9e5d02.json
2026-09-18 06:12:04 | INFO     | OK https://skeb.jp/api/users/leeF
2026-09-18 06:12:04 | INFO     | Saving at a/skeb/leeF-74a8c4.json
2026-09-18 06:12:06 | INFO     | OK https://skeb.jp/api/users/shinonome_rx7
2026-09-18 06:12:06 | INFO     | Saving at a/skeb/shinonome_rx7-5733d1.json
2026-09-18 06:12:06 | INFO     | OK https://skeb.jp/api/users/6ryhera
2026-09-18 06:12:06 | INFO     | Saving at a/skeb/6ryhera-9e3fea.json
2026-09-18 06:12:08 | INFO     | OK https://skeb.jp/api/users/kiqwimyxi
2026-09-18 06:12:08 | INFO     | Saving at a/skeb/kiqwimyxi-a977f7.json
2026-09-18 06:12:09 | INFO     | OK https://skeb.jp/api/users/kemono250106
2026-09-18 06:12:09 | INFO     | Saving at a/skeb/kemono250106-e83c2c.json
2026-09-18 06:12:10 | INFO     | OK https://skeb.jp/api/users/saty_ill_voice
2026-09-18 06:12:10 | INFO     | Saving at a/skeb/saty_ill_voice-d7ddb0.json
2026-09-18 06:12:10 | INFO     | OK https://skeb.jp/api/users/akrj___
2026-09-18 06:12:10 | INFO     | Saving at a/skeb/akrj___-9829bb.json
2026-09-18 06:12:11 | INFO     | OK https://skeb.jp/api/users/yowa_k22
2026-09-18 06:12:11 | INFO     | Saving at a/skeb/yowa_k22-ba5063.json
2026-09-18 06:12:12 | INFO     | OK https://skeb.jp/api/users/sdns53
2026-09-18 06:12:12 | INFO     | Saving at a/skeb/sdns53-c1d7e3.json
2026-09-18 06:12:13 | INFO     | OK https://skeb.jp/api/users/konomi_yudsuki
2026-09-18 06:12:13 | INFO     | Saving at a/skeb/konomi_yudsuki-9f6575.json
2026-09-18 06:12:14 | INFO     | OK https://skeb.jp/api/users/Felt_Kt
2026-09-18 06:12:14 | INFO     | Saving at a/skeb/Felt_Kt-387328.json
2026-09-18 06:12:15 | INFO     | OK https://skeb.jp/api/users/suikano5
2026-09-18 06:12:15 | INFO     | Saving at a/skeb/suikano5-95681f.json
2026-09-18 06:12:16 | INFO     | OK https://skeb.jp/api/users/roronekorone
2026-09-18 06:12:17 | INFO     | Saving at a/skeb/roronekorone-6b7d7c.json
2026-09-18 06:12:18 | INFO     | OK https://skeb.jp/api/users/suzu_0131
2026-09-18 06:12:18 | INFO     | Saving at a/skeb/suzu_0131-56243e.json
2026-09-18 06:12:19 | INFO     | OK https://skeb.jp/api/users/yunon73paint
2026-09-18 06:12:19 | INFO     | Saving at a/skeb/yunon73paint-9fb2df.json
2026-09-18 06:12:19 | INFO     | OK https://skeb.jp/api/users/uru_1121
2026-09-18 06:12:19 | INFO     | Saving at a/skeb/uru_1121-128491.json
2026-09-18 06:12:21 | INFO     | OK https://skeb.jp/api/users/tarafukucheese
2026-09-18 06:12:21 | INFO     | Saving at a/skeb/tarafukucheese-59956d.json
2026-09-18 06:12:22 | INFO     | OK https://skeb.jp/api/users/syu_cat_
2026-09-18 06:12:22 | INFO     | Saving at a/skeb/syu_cat_-255595.json
2026-09-18 06:12:22 | INFO     | OK https://skeb.jp/api/users/masaE50_
2026-09-18 06:12:22 | INFO     | Saving at a/skeb/masaE50_-e104d5.json
2026-09-18 06:12:24 | INFO     | OK https://skeb.jp/api/users/necokoro22
2026-09-18 06:12:24 | INFO     | Saving at a/skeb/necokoro22-61c95c.json
2026-09-18 06:12:24 | INFO     | OK https://skeb.jp/api/users/ginsuzu1225
2026-09-18 06:12:24 | INFO     | Saving at a/skeb/ginsuzu1225-ad9318.json
2026-09-18 06:12:26 | INFO     | OK https://skeb.jp/api/users/Latifica_
2026-09-18 06:12:26 | INFO     | Saving at a/skeb/Latifica_-73f0e8.json
2026-09-18 06:12:26 | INFO     | OK https://skeb.jp/api/users/raina0317
2026-09-18 06:12:26 | INFO     | Saving at a/skeb/raina0317-96edd7.json
2026-09-18 06:12:28 | INFO     | OK https://skeb.jp/api/users/ll_sunnday_ll
2026-09-18 06:12:28 | INFO     | Saving at a/skeb/ll_sunnday_ll-3ae8cd.json
2026-09-18 06:12:28 | INFO     | OK https://skeb.jp/api/users/Ruy_HH
2026-09-18 06:12:28 | INFO     | Saving at a/skeb/Ruy_HH-9ff94c.json
2026-09-18 06:12:30 | INFO     | OK https://skeb.jp/api/users/awawa_anaya
2026-09-18 06:12:30 | INFO     | Saving at a/skeb/awawa_anaya-062cdd.json
2026-09-18 06:12:30 | WARNING  | 404 on https://skeb.jp/api/users/caffumiyo (attempt 1/3)
2026-09-18 06:12:32 | INFO     | OK https://skeb.jp/api/users/SihfpEd
2026-09-18 06:12:32 | INFO     | Saving at a/skeb/SihfpEd-acbddb.json
2026-09-18 06:12:33 | WARNING  | 404 on https://skeb.jp/api/users/zeei2079 (attempt 1/3)
2026-09-18 06:12:33 | WARNING  | 404 on https://skeb.jp/api/users/yuge0625e (attempt 1/3)
2026-09-18 06:12:34 | INFO     | OK https://skeb.jp/api/users/inunoodorigui
2026-09-18 06:12:34 | INFO     | Saving at a/skeb/inunoodorigui-f9d93e.json
2026-09-18 06:12:36 | INFO     | OK https://skeb.jp/api/users/sonymonster793
2026-09-18 06:12:36 | INFO     | Saving at a/skeb/sonymonster793-78d8f9.json
2026-09-18 06:12:36 | INFO     | OK https://skeb.jp/api/users/ichi_11O7
2026-09-18 06:12:37 | INFO     | Saving at a/skeb/ichi_11O7-8931d7.json
2026-09-18 06:12:38 | INFO     | OK https://skeb.jp/api/users/yabaimattemuri
2026-09-18 06:12:38 | INFO     | Saving at a/skeb/yabaimattemuri-e8ecfa.json
2026-09-18 06:12:39 | INFO     | OK https://skeb.jp/api/users/__no0
2026-09-18 06:12:39 | INFO     | Saving at a/skeb/__no0-fb36a7.json
2026-09-18 06:12:40 | INFO     | OK https://skeb.jp/api/users/Hiyono_Soradori
2026-09-18 06:12:40 | INFO     | Saving at a/skeb/Hiyono_Soradori-7e3a2e.json
2026-09-18 06:12:41 | WARNING  | 404 on https://skeb.jp/api/users/zeei2079 (attempt 2/3)
2026-09-18 06:12:42 | WARNING  | 404 on https://skeb.jp/api/users/caffumiyo (attempt 2/3)
2026-09-18 06:12:42 | INFO     | OK https://skeb.jp/api/users/achch_ch
2026-09-18 06:12:42 | INFO     | Saving at a/skeb/achch_ch-76086a.json
2026-09-18 06:12:44 | INFO     | OK https://skeb.jp/api/users/asitakaraha32
2026-09-18 06:12:44 | INFO     | Saving at a/skeb/asitakaraha32-c8a818.json
2026-09-18 06:12:45 | INFO     | OK https://skeb.jp/api/users/y15zw
2026-09-18 06:12:45 | INFO     | Saving at a/skeb/y15zw-8c8dfc.json
2026-09-18 06:12:45 | WARNING  | 404 on https://skeb.jp/api/users/zeei2079 (attempt 3/3)
2026-09-18 06:12:47 | INFO     | OK https://skeb.jp/api/users/subtle_dawn
2026-09-18 06:12:47 | INFO     | Saving at a/skeb/subtle_dawn-909b55.json
2026-09-18 06:12:48 | WARNING  | 404 on https://skeb.jp/api/users/caffumiyo (attempt 3/3)
2026-09-18 06:12:49 | INFO     | OK https://skeb.jp/api/users/sodhifa0000
2026-09-18 06:12:49 | INFO     | Saving at a/skeb/sodhifa0000-b002ee.json
2026-09-18 06:12:50 | INFO     | OK https://skeb.jp/api/users/Seika_aneS
2026-09-18 06:12:50 | INFO     | Saving at a/skeb/Seika_aneS-8b8e25.json
2026-09-18 06:12:50 | INFO     | OK https://skeb.jp/api/users/hitoha_kodoku
2026-09-18 06:12:50 | INFO     | Saving at a/skeb/hitoha_kodoku-ac6049.json
2026-09-18 06:12:52 | INFO     | OK https://skeb.jp/api/users/ibaraneko3
2026-09-18 06:12:52 | INFO     | Saving at a/skeb/ibaraneko3-aa5e2a.json
2026-09-18 06:12:53 | INFO     | OK https://skeb.jp/api/users/hinaaaa07711775
2026-09-18 06:12:53 | INFO     | Saving at a/skeb/hinaaaa07711775-e4ed81.json
2026-09-18 06:12:54 | INFO     | OK https://skeb.jp/api/users/dai__zu
2026-09-18 06:12:54 | INFO     | Saving at a/skeb/dai__zu-abc8cb.json
2026-09-18 06:12:54 | INFO     | OK https://skeb.jp/api/users/ponnzuame
2026-09-18 06:12:54 | INFO     | Saving at a/skeb/ponnzuame-32dc2a.json
2026-09-18 06:12:56 | INFO     | OK https://skeb.jp/api/users/tukinamiawa
2026-09-18 06:12:56 | INFO     | Saving at a/skeb/tukinamiawa-0f20d1.json
2026-09-18 06:12:57 | INFO     | OK https://skeb.jp/api/users/u12m2
2026-09-18 06:12:57 | INFO     | Saving at a/skeb/u12m2-b88392.json
2026-09-18 06:12:58 | INFO     | OK https://skeb.jp/api/users/Hathida_kijun
2026-09-18 06:12:58 | INFO     | Saving at a/skeb/Hathida_kijun-bb61ba.json
2026-09-18 06:12:59 | INFO     | OK https://skeb.jp/api/users/44DA44_i
2026-09-18 06:12:59 | INFO     | Saving at a/skeb/44DA44_i-da9c58.json
2026-09-18 06:13:00 | INFO     | OK https://skeb.jp/api/users/akaru_xxx
2026-09-18 06:13:00 | INFO     | Saving at a/skeb/akaru_xxx-8901d0.json
2026-09-18 06:13:01 | INFO     | OK https://skeb.jp/api/users/sayoka_k
2026-09-18 06:13:01 | INFO     | Saving at a/skeb/sayoka_k-95f960.json
2026-09-18 06:13:01 | INFO     | OK https://skeb.jp/api/users/Ryoya_Raiko
2026-09-18 06:13:01 | INFO     | Saving at a/skeb/Ryoya_Raiko-a5804b.json
2026-09-18 06:13:03 | INFO     | OK https://skeb.jp/api/users/takutukizato
2026-09-18 06:13:03 | INFO     | Saving at a/skeb/takutukizato-fca4f2.json
2026-09-18 06:13:04 | INFO     | OK https://skeb.jp/api/users/Dousesuimasen
2026-09-18 06:13:04 | INFO     | Saving at a/skeb/Dousesuimasen-5e3eae.json
2026-09-18 06:13:05 | INFO     | OK https://skeb.jp/api/users/Syara_Toka
2026-09-18 06:13:05 | INFO     | Saving at a/skeb/Syara_Toka-8f1718.json
2026-09-18 06:13:06 | INFO     | OK https://skeb.jp/api/users/kazakiri_form
2026-09-18 06:13:06 | INFO     | Saving at a/skeb/kazakiri_form-af52cc.json
2026-09-18 06:13:07 | INFO     | OK https://skeb.jp/api/users/Ryo_skrdi
2026-09-18 06:13:07 | INFO     | Saving at a/skeb/Ryo_skrdi-9d9470.json
2026-09-18 06:13:08 | INFO     | OK https://skeb.jp/api/users/Nakanowakanano
2026-09-18 06:13:08 | INFO     | Saving at a/skeb/Nakanowakanano-9b7bf7.json
2026-09-18 06:13:09 | WARNING  | 404 on https://skeb.jp/api/users/yuge0625e (attempt 2/3)
2026-09-18 06:13:10 | INFO     | OK https://skeb.jp/api/users/hallupuna
2026-09-18 06:13:10 | INFO     | Saving at a/skeb/hallupuna-d199d2.json
2026-09-18 06:13:11 | INFO     | OK https://skeb.jp/api/users/horakowai
2026-09-18 06:13:11 | INFO     | Saving at a/skeb/horakowai-547a2a.json
2026-09-18 06:13:12 | INFO     | OK https://skeb.jp/api/users/Yellow_Bear2
2026-09-18 06:13:12 | INFO     | Saving at a/skeb/Yellow_Bear2-9ab0d4.json
2026-09-18 06:13:13 | INFO     | OK https://skeb.jp/api/users/mwtm_s
2026-09-18 06:13:13 | INFO     | Saving at a/skeb/mwtm_s-e43ad3.json
2026-09-18 06:13:14 | INFO     | OK https://skeb.jp/api/users/Hotateguy_art
2026-09-18 06:13:14 | INFO     | Saving at a/skeb/Hotateguy_art-d8a090.json
2026-09-18 06:13:15 | INFO     | OK https://skeb.jp/api/users/takorice_r
2026-09-18 06:13:15 | INFO     | Saving at a/skeb/takorice_r-fee3a3.json
2026-09-18 06:13:15 | INFO     | OK https://skeb.jp/api/users/rkgkllow
2026-09-18 06:13:15 | INFO     | Saving at a/skeb/rkgkllow-611515.json
2026-09-18 06:13:17 | INFO     | OK https://skeb.jp/api/users/CountryMarmerry
2026-09-18 06:13:17 | INFO     | Saving at a/skeb/CountryMarmerry-94b4a5.json
2026-09-18 06:13:18 | INFO     | OK https://skeb.jp/api/users/ichiba0226
2026-09-18 06:13:18 | INFO     | Saving at a/skeb/ichiba0226-7118af.json
2026-09-18 06:13:19 | INFO     | OK https://skeb.jp/api/users/_i__lq__i_
2026-09-18 06:13:19 | INFO     | Saving at a/skeb/_i__lq__i_-269a1f.json
2026-09-18 06:13:20 | INFO     | OK https://skeb.jp/api/users/nacht_kat
2026-09-18 06:13:20 | INFO     | Saving at a/skeb/nacht_kat-c3eae8.json
2026-09-18 06:13:21 | INFO     | OK https://skeb.jp/api/users/Hiiroruka
2026-09-18 06:13:21 | INFO     | Saving at a/skeb/Hiiroruka-0d9a68.json
2026-09-18 06:13:21 | INFO     | OK https://skeb.jp/api/users/poyopoyo8888
2026-09-18 06:13:21 | INFO     | Saving at a/skeb/poyopoyo8888-87ce21.json
2026-09-18 06:13:23 | INFO     | OK https://skeb.jp/api/users/uitotiu
2026-09-18 06:13:23 | INFO     | Saving at a/skeb/uitotiu-593900.json
2026-09-18 06:13:24 | INFO     | OK https://skeb.jp/api/users/aidakarasu
2026-09-18 06:13:24 | INFO     | Saving at a/skeb/aidakarasu-e4f364.json
2026-09-18 06:13:25 | INFO     | OK https://skeb.jp/api/users/amabierakutomini
2026-09-18 06:13:25 | INFO     | Saving at a/skeb/amabierakutomini-cd4b1c.json
2026-09-18 06:13:26 | INFO     | OK https://skeb.jp/api/users/vastole
2026-09-18 06:13:26 | INFO     | Saving at a/skeb/vastole-5ea01d.json
2026-09-18 06:13:27 | INFO     | OK https://skeb.jp/api/users/eico0
2026-09-18 06:13:27 | INFO     | Saving at a/skeb/eico0-3fedb6.json
2026-09-18 06:13:28 | INFO     | OK https://skeb.jp/api/users/7i9ssill
2026-09-18 06:13:28 | INFO     | Saving at a/skeb/7i9ssill-c92c0c.json
2026-09-18 06:13:29 | INFO     | OK https://skeb.jp/api/users/masatoff
2026-09-18 06:13:29 | INFO     | Saving at a/skeb/masatoff-d366db.json
2026-09-18 06:13:30 | INFO     | OK https://skeb.jp/api/users/eiwa6
2026-09-18 06:13:30 | INFO     | Saving at a/skeb/eiwa6-f942f2.json
2026-09-18 06:13:31 | INFO     | OK https://skeb.jp/api/users/E_no_RyM
2026-09-18 06:13:31 | INFO     | Saving at a/skeb/E_no_RyM-3a32fd.json
2026-09-18 06:13:32 | INFO     | OK https://skeb.jp/api/users/15i1i
2026-09-18 06:13:32 | INFO     | Saving at a/skeb/15i1i-0392a9.json
2026-09-18 06:13:33 | INFO     | OK https://skeb.jp/api/users/lalaaino1
2026-09-18 06:13:33 | INFO     | Saving at a/skeb/lalaaino1-d521a3.json
2026-09-18 06:13:34 | INFO     | OK https://skeb.jp/api/users/mugnefarious
2026-09-18 06:13:34 | INFO     | Saving at a/skeb/mugnefarious-e90ae6.json
2026-09-18 06:13:35 | INFO     | OK https://skeb.jp/api/users/sPeaker0306
2026-09-18 06:13:35 | INFO     | Saving at a/skeb/sPeaker0306-089707.json
2026-09-18 06:13:36 | INFO     | OK https://skeb.jp/api/users/ace_loser_
2026-09-18 06:13:36 | INFO     | Saving at a/skeb/ace_loser_-f5831f.json
2026-09-18 06:13:37 | INFO     | OK https://skeb.jp/api/users/NAN0_nano_na
2026-09-18 06:13:37 | INFO     | Saving at a/skeb/NAN0_nano_na-b4696b.json
2026-09-18 06:13:38 | INFO     | OK https://skeb.jp/api/users/Se_02i
2026-09-18 06:13:38 | INFO     | Saving at a/skeb/Se_02i-069ce6.json
2026-09-18 06:13:39 | INFO     | OK https://skeb.jp/api/users/yumenicorn
2026-09-18 06:13:39 | INFO     | Saving at a/skeb/yumenicorn-508805.json
2026-09-18 06:13:40 | WARNING  | 404 on https://skeb.jp/api/users/icloud (attempt 1/3)
2026-09-18 06:13:41 | WARNING  | 404 on https://skeb.jp/api/users/yuge0625e (attempt 3/3)
2026-09-18 06:13:42 | INFO     | OK https://skeb.jp/api/users/Bj_k_gm0Z
2026-09-18 06:13:42 | INFO     | Saving at a/skeb/Bj_k_gm0Z-50195c.json
2026-09-18 06:13:43 | INFO     | OK https://skeb.jp/api/users/Sakuraba_yoka_
2026-09-18 06:13:43 | INFO     | Saving at a/skeb/Sakuraba_yoka_-67d5b4.json
2026-09-18 06:13:44 | INFO     | OK https://skeb.jp/api/users/garapagosu_GOKI
2026-09-18 06:13:44 | INFO     | Saving at a/skeb/garapagosu_GOKI-633788.json
2026-09-18 06:13:45 | INFO     | OK https://skeb.jp/api/users/kthr119
2026-09-18 06:13:45 | INFO     | Saving at a/skeb/kthr119-f674b9.json
2026-09-18 06:13:46 | WARNING  | 404 on https://skeb.jp/api/users/icloud (attempt 2/3)
2026-09-18 06:13:47 | INFO     | OK https://skeb.jp/api/users/6thAvenue_Re
2026-09-18 06:13:47 | INFO     | Saving at a/skeb/6thAvenue_Re-87f31c.json
2026-09-18 06:13:48 | INFO     | OK https://skeb.jp/api/users/TSFmimi
2026-09-18 06:13:48 | INFO     | Saving at a/skeb/TSFmimi-8bfe80.json
2026-09-18 06:13:49 | INFO     | OK https://skeb.jp/api/users/soul_dp11
2026-09-18 06:13:49 | INFO     | Saving at a/skeb/soul_dp11-2d11db.json
2026-09-18 06:13:50 | INFO     | OK https://skeb.jp/api/users/Sakaki_B24
2026-09-18 06:13:50 | INFO     | Saving at a/skeb/Sakaki_B24-4af7c2.json
2026-09-18 06:13:51 | INFO     | OK https://skeb.jp/api/users/Jin_cthulhu
2026-09-18 06:13:51 | INFO     | Saving at a/skeb/Jin_cthulhu-c75a11.json
2026-09-18 06:13:52 | INFO     | OK https://skeb.jp/api/users/mane_suke
2026-09-18 06:13:52 | INFO     | Saving at a/skeb/mane_suke-f29013.json
2026-09-18 06:13:53 | INFO     | OK https://skeb.jp/api/users/senzyu_o_
2026-09-18 06:13:53 | INFO     | Saving at a/skeb/senzyu_o_-a5a980.json
2026-09-18 06:13:54 | WARNING  | 404 on https://skeb.jp/api/users/icloud (attempt 3/3)
2026-09-18 06:13:55 | INFO     | OK https://skeb.jp/api/users/moyu_macaron
2026-09-18 06:13:55 | INFO     | Saving at a/skeb/moyu_macaron-b7e454.json
2026-09-18 06:13:56 | INFO     | OK https://skeb.jp/api/users/ao3_ru
2026-09-18 06:13:56 | INFO     | Saving at a/skeb/ao3_ru-7820ba.json
2026-09-18 06:13:57 | INFO     | OK https://skeb.jp/api/users/erosnovel6397
2026-09-18 06:13:57 | INFO     | Saving at a/skeb/erosnovel6397-002818.json
2026-09-18 06:13:58 | INFO     | OK https://skeb.jp/api/users/TanaKinomono33
2026-09-18 06:13:58 | INFO     | Saving at a/skeb/TanaKinomono33-5ba163.json
2026-09-18 06:13:59 | INFO     | OK https://skeb.jp/api/users/gi_irst
2026-09-18 06:13:59 | INFO     | Saving at a/skeb/gi_irst-5c51ec.json
2026-09-18 06:14:00 | INFO     | OK https://skeb.jp/api/users/YaeYa7
2026-09-18 06:14:00 | INFO     | Saving at a/skeb/YaeYa7-4cfaf8.json
2026-09-18 06:14:01 | INFO     | OK https://skeb.jp/api/users/ketsu777tataki
2026-09-18 06:14:01 | INFO     | Saving at a/skeb/ketsu777tataki-7ff2f4.json
2026-09-18 06:14:02 | INFO     | OK https://skeb.jp/api/users/inutose
2026-09-18 06:14:02 | INFO     | Saving at a/skeb/inutose-99f102.json
2026-09-18 06:14:03 | INFO     | OK https://skeb.jp/api/users/hritkU
2026-09-18 06:14:03 | INFO     | Saving at a/skeb/hritkU-2da57e.json
2026-09-18 06:14:04 | INFO     | OK https://skeb.jp/api/users/susk_orenji
2026-09-18 06:14:04 | INFO     | Saving at a/skeb/susk_orenji-cbb880.json
2026-09-18 06:14:05 | INFO     | OK https://skeb.jp/api/users/minor_human
2026-09-18 06:14:05 | INFO     | Saving at a/skeb/minor_human-03e23a.json
2026-09-18 06:14:06 | INFO     | OK https://skeb.jp/api/users/lololotton
2026-09-18 06:14:06 | INFO     | Saving at a/skeb/lololotton-c63ee3.json
2026-09-18 06:14:07 | INFO     | OK https://skeb.jp/api/users/te_chichi_i
2026-09-18 06:14:07 | INFO     | Saving at a/skeb/te_chichi_i-08a660.json
2026-09-18 06:14:08 | INFO     | OK https://skeb.jp/api/users/0mei
2026-09-18 06:14:08 | INFO     | Saving at a/skeb/0mei-338dcf.json
2026-09-18 06:14:09 | INFO     | OK https://skeb.jp/api/users/necokawa_e
2026-09-18 06:14:09 | INFO     | Saving at a/skeb/necokawa_e-69aa97.json
2026-09-18 06:14:10 | INFO     | OK https://skeb.jp/api/users/nuru_nuru_3
2026-09-18 06:14:10 | INFO     | Saving at a/skeb/nuru_nuru_3-1a5b40.json
2026-09-18 06:14:11 | INFO     | OK https://skeb.jp/api/users/kirigaya_noma
2026-09-18 06:14:11 | INFO     | Saving at a/skeb/kirigaya_noma-1b5d11.json
2026-09-18 06:14:12 | INFO     | OK https://skeb.jp/api/users/sasatakeBE
2026-09-18 06:14:12 | INFO     | Saving at a/skeb/sasatakeBE-d836bb.json
2026-09-18 06:14:13 | INFO     | OK https://skeb.jp/api/users/610_bk
2026-09-18 06:14:13 | INFO     | Saving at a/skeb/610_bk-754d10.json
2026-09-18 06:14:14 | INFO     | OK https://skeb.jp/api/users/neconoco_
2026-09-18 06:14:14 | INFO     | Saving at a/skeb/neconoco_-fbd40c.json
2026-09-18 06:14:15 | INFO     | OK https://skeb.jp/api/users/minnim_00
2026-09-18 06:14:15 | INFO     | Saving at a/skeb/minnim_00-d2b51b.json
2026-09-18 06:14:16 | INFO     | OK https://skeb.jp/api/users/ANnoun251
2026-09-18 06:14:16 | INFO     | Saving at a/skeb/ANnoun251-7a0835.json
2026-09-18 06:14:17 | INFO     | OK https://skeb.jp/api/users/tamatamago101
2026-09-18 06:14:17 | INFO     | Saving at a/skeb/tamatamago101-67ffeb.json
2026-09-18 06:14:18 | INFO     | OK https://skeb.jp/api/users/GSpublishing
2026-09-18 06:14:18 | INFO     | Saving at a/skeb/GSpublishing-3ff0df.json
2026-09-18 06:14:19 | INFO     | OK https://skeb.jp/api/users/zouzou_
2026-09-18 06:14:19 | INFO     | Saving at a/skeb/zouzou_-3dd980.json
2026-09-18 06:14:20 | INFO     | OK https://skeb.jp/api/users/kikuzunooka
2026-09-18 06:14:20 | INFO     | Saving at a/skeb/kikuzunooka-e8c4bb.json
2026-09-18 06:14:21 | INFO     | OK https://skeb.jp/api/users/kona_3_art
2026-09-18 06:14:21 | INFO     | Saving at a/skeb/kona_3_art-cebeeb.json
2026-09-18 06:14:22 | INFO     | OK https://skeb.jp/api/users/papikosorita
2026-09-18 06:14:22 | INFO     | Saving at a/skeb/papikosorita-16aa35.json
2026-09-18 06:14:23 | INFO     | OK https://skeb.jp/api/users/ccchama7
2026-09-18 06:14:23 | INFO     | Saving at a/skeb/ccchama7-998f81.json
2026-09-18 06:14:24 | INFO     | OK https://skeb.jp/api/users/uruha824
2026-09-18 06:14:24 | INFO     | Saving at a/skeb/uruha824-50f354.json
2026-09-18 06:14:25 | INFO     | OK https://skeb.jp/api/users/_ekaki
2026-09-18 06:14:25 | INFO     | Saving at a/skeb/_ekaki-b1c79a.json
2026-09-18 06:14:26 | INFO     | OK https://skeb.jp/api/users/KM_SS00
2026-09-18 06:14:26 | INFO     | Saving at a/skeb/KM_SS00-669bbe.json
2026-09-18 06:14:27 | INFO     | OK https://skeb.jp/api/users/misiroh
2026-09-18 06:14:27 | INFO     | Saving at a/skeb/misiroh-7ecb68.json
2026-09-18 06:14:28 | INFO     | OK https://skeb.jp/api/users/fukuma_ru_
2026-09-18 06:14:28 | INFO     | Saving at a/skeb/fukuma_ru_-177a36.json
2026-09-18 06:14:29 | INFO     | OK https://skeb.jp/api/users/niu2_u
2026-09-18 06:14:29 | INFO     | Saving at a/skeb/niu2_u-e0ad11.json
2026-09-18 06:14:30 | INFO     | OK https://skeb.jp/api/users/us2_uoxo
2026-09-18 06:14:30 | INFO     | Saving at a/skeb/us2_uoxo-092daf.json
2026-09-18 06:14:31 | INFO     | OK https://skeb.jp/api/users/mimimilook765
2026-09-18 06:14:31 | INFO     | Saving at a/skeb/mimimilook765-0a15e3.json
2026-09-18 06:14:32 | INFO     | OK https://skeb.jp/api/users/ryo_imsls
2026-09-18 06:14:32 | INFO     | Saving at a/skeb/ryo_imsls-1d6e3c.json
2026-09-18 06:14:33 | INFO     | OK https://skeb.jp/api/users/1ki_do
2026-09-18 06:14:33 | INFO     | Saving at a/skeb/1ki_do-bec5c6.json
2026-09-18 06:14:34 | INFO     | OK https://skeb.jp/api/users/Feng_Shiyao
2026-09-18 06:14:34 | INFO     | Saving at a/skeb/Feng_Shiyao-c73e17.json
2026-09-18 06:14:35 | INFO     | OK https://skeb.jp/api/users/WORLD8383
2026-09-18 06:14:35 | INFO     | Saving at a/skeb/WORLD8383-2f2acb.json
2026-09-18 06:14:36 | INFO     | OK https://skeb.jp/api/users/araikogane_R
2026-09-18 06:14:36 | INFO     | Saving at a/skeb/araikogane_R-f9cfa6.json
2026-09-18 06:14:37 | INFO     | OK https://skeb.jp/api/users/berube_ruuga
2026-09-18 06:14:37 | INFO     | Saving at a/skeb/berube_ruuga-78163a.json
2026-09-18 06:14:38 | INFO     | OK https://skeb.jp/api/users/ken_akai__
2026-09-18 06:14:38 | INFO     | Saving at a/skeb/ken_akai__-6be156.json
2026-09-18 06:14:39 | INFO     | OK https://skeb.jp/api/users/hamelon310
2026-09-18 06:14:39 | INFO     | Saving at a/skeb/hamelon310-d25e72.json
2026-09-18 06:14:40 | WARNING  | 404 on https://skeb.jp/api/users/gmail (attempt 1/3)
2026-09-18 06:14:41 | INFO     | OK https://skeb.jp/api/users/kyururin02
2026-09-18 06:14:41 | INFO     | Saving at a/skeb/kyururin02-2dca20.json
2026-09-18 06:14:42 | INFO     | OK https://skeb.jp/api/users/HarapekoUni
2026-09-18 06:14:42 | INFO     | Saving at a/skeb/HarapekoUni-79c230.json
2026-09-18 06:14:43 | INFO     | OK https://skeb.jp/api/users/sn_illust
2026-09-18 06:14:43 | INFO     | Saving at a/skeb/sn_illust-d974e7.json
2026-09-18 06:14:43 | WARNING  | 404 on https://skeb.jp/api/users/gmail (attempt 2/3)
2026-09-18 06:14:45 | INFO     | OK https://skeb.jp/api/users/2525_Lynn
2026-09-18 06:14:45 | INFO     | Saving at a/skeb/2525_Lynn-4eb456.json
2026-09-18 06:14:46 | INFO     | OK https://skeb.jp/api/users/barubaru86862
2026-09-18 06:14:46 | INFO     | Saving at a/skeb/barubaru86862-497bc9.json
2026-09-18 06:14:47 | INFO     | OK https://skeb.jp/api/users/sutunununu
2026-09-18 06:14:47 | INFO     | Saving at a/skeb/sutunununu-e452eb.json
2026-09-18 06:14:48 | INFO     | OK https://skeb.jp/api/users/ztzazkzez
2026-09-18 06:14:48 | INFO     | Saving at a/skeb/ztzazkzez-562b37.json
2026-09-18 06:14:49 | INFO     | OK https://skeb.jp/api/users/lelezu_zu
2026-09-18 06:14:49 | INFO     | Saving at a/skeb/lelezu_zu-923dfd.json
2026-09-18 06:14:50 | INFO     | OK https://skeb.jp/api/users/mineralupokka
2026-09-18 06:14:50 | INFO     | Saving at a/skeb/mineralupokka-2f15ff.json
2026-09-18 06:14:51 | INFO     | OK https://skeb.jp/api/users/gurivinesyu
2026-09-18 06:14:51 | INFO     | Saving at a/skeb/gurivinesyu-fb922b.json
2026-09-18 06:14:52 | WARNING  | 404 on https://skeb.jp/api/users/gmail (attempt 3/3)
2026-09-18 06:14:53 | INFO     | OK https://skeb.jp/api/users/woltus_f_crea
2026-09-18 06:14:53 | INFO     | Saving at a/skeb/woltus_f_crea-5ab51c.json
2026-09-18 06:14:54 | INFO     | OK https://skeb.jp/api/users/TnVnZT8fsb
2026-09-18 06:14:54 | INFO     | Saving at a/skeb/TnVnZT8fsb-6cb69b.json
2026-09-18 06:14:55 | INFO     | OK https://skeb.jp/api/users/chaos555__lv
2026-09-18 06:14:55 | INFO     | Saving at a/skeb/chaos555__lv-0e34ec.json
2026-09-18 06:14:56 | INFO     | OK https://skeb.jp/api/users/hanakiri22
2026-09-18 06:14:56 | INFO     | Saving at a/skeb/hanakiri22-3347b2.json
2026-09-18 06:14:57 | INFO     | OK https://skeb.jp/api/users/tsukinoneko_120
2026-09-18 06:14:57 | INFO     | Saving at a/skeb/tsukinoneko_120-741dde.json
2026-09-18 06:14:58 | INFO     | OK https://skeb.jp/api/users/TopazSinkiiten3
2026-09-18 06:14:58 | INFO     | Saving at a/skeb/TopazSinkiiten3-48d684.json
2026-09-18 06:14:59 | INFO     | OK https://skeb.jp/api/users/h_n_k_u
2026-09-18 06:14:59 | INFO     | Saving at a/skeb/h_n_k_u-4e35ca.json
2026-09-18 06:15:00 | INFO     | OK https://skeb.jp/api/users/rokurokugo11
2026-09-18 06:15:00 | INFO     | Saving at a/skeb/rokurokugo11-abd870.json
2026-09-18 06:15:01 | INFO     | OK https://skeb.jp/api/users/aochuliyan70042
2026-09-18 06:15:01 | INFO     | Saving at a/skeb/aochuliyan70042-a763a8.json
2026-09-18 06:15:02 | INFO     | OK https://skeb.jp/api/users/Seisinnenrei8
2026-09-18 06:15:02 | INFO     | Saving at a/skeb/Seisinnenrei8-304407.json
2026-09-18 06:15:03 | INFO     | OK https://skeb.jp/api/users/suzuneshizuha
2026-09-18 06:15:03 | INFO     | Saving at a/skeb/suzuneshizuha-d43235.json
2026-09-18 06:15:04 | INFO     | OK https://skeb.jp/api/users/esuyaaa12
2026-09-18 06:15:04 | INFO     | Saving at a/skeb/esuyaaa12-7da5f8.json
2026-09-18 06:15:05 | INFO     | OK https://skeb.jp/api/users/tsumugi1025
2026-09-18 06:15:05 | INFO     | Saving at a/skeb/tsumugi1025-c449b0.json
2026-09-18 06:15:06 | INFO     | OK https://skeb.jp/api/users/uusdvedp
2026-09-18 06:15:06 | INFO     | Saving at a/skeb/uusdvedp-4035f4.json
2026-09-18 06:15:07 | INFO     | OK https://skeb.jp/api/users/sss_I2Vkq
2026-09-18 06:15:07 | INFO     | Saving at a/skeb/sss_I2Vkq-4ae560.json
2026-09-18 06:15:08 | INFO     | OK https://skeb.jp/api/users/pull_yatta
2026-09-18 06:15:08 | INFO     | Saving at a/skeb/pull_yatta-09b614.json
2026-09-18 06:15:09 | INFO     | OK https://skeb.jp/api/users/_asahisub
2026-09-18 06:15:09 | INFO     | Saving at a/skeb/_asahisub-ebbecc.json
2026-09-18 06:15:10 | INFO     | OK https://skeb.jp/api/users/04_Ise_noTani01
2026-09-18 06:15:10 | INFO     | Saving at a/skeb/04_Ise_noTani01-7b7e9c.json
2026-09-18 06:15:11 | INFO     | OK https://skeb.jp/api/users/Mizukami_san
2026-09-18 06:15:11 | INFO     | Saving at a/skeb/Mizukami_san-09744b.json
2026-09-18 06:15:12 | INFO     | OK https://skeb.jp/api/users/Kisaragi_muimui
2026-09-18 06:15:12 | INFO     | Saving at a/skeb/Kisaragi_muimui-6dbf7e.json
2026-09-18 06:15:13 | INFO     | OK https://skeb.jp/api/users/bypo89_
2026-09-18 06:15:13 | INFO     | Saving at a/skeb/bypo89_-775e88.json
2026-09-18 06:15:14 | INFO     | OK https://skeb.jp/api/users/kaito921125
2026-09-18 06:15:14 | INFO     | Saving at a/skeb/kaito921125-4dc53a.json
2026-09-18 06:15:15 | INFO     | OK https://skeb.jp/api/users/ojisanno_tikubi
2026-09-18 06:15:15 | INFO     | Saving at a/skeb/ojisanno_tikubi-35fffe.json
2026-09-18 06:15:16 | INFO     | OK https://skeb.jp/api/users/Mitsuki_Licca
2026-09-18 06:15:16 | INFO     | Saving at a/skeb/Mitsuki_Licca-477187.json
2026-09-18 06:15:17 | INFO     | OK https://skeb.jp/api/users/ahskfst
2026-09-18 06:15:17 | INFO     | Saving at a/skeb/ahskfst-6ef4bf.json
2026-09-18 06:15:18 | INFO     | OK https://skeb.jp/api/users/yamaP_mako
2026-09-18 06:15:18 | INFO     | Saving at a/skeb/yamaP_mako-061e64.json
2026-09-18 06:15:19 | INFO     | OK https://skeb.jp/api/users/Sumechi_
2026-09-18 06:15:19 | INFO     | Saving at a/skeb/Sumechi_-539de8.json
2026-09-18 06:15:20 | INFO     | OK https://skeb.jp/api/users/H_POTEBARA
2026-09-18 06:15:20 | INFO     | Saving at a/skeb/H_POTEBARA-3b43e8.json
2026-09-18 06:15:21 | INFO     | OK https://skeb.jp/api/users/seibakoto
2026-09-18 06:15:21 | INFO     | Saving at a/skeb/seibakoto-04d492.json
2026-09-18 06:15:22 | INFO     | OK https://skeb.jp/api/users/RinneAmanogawa
2026-09-18 06:15:22 | INFO     | Saving at a/skeb/RinneAmanogawa-d1ad78.json
2026-09-18 06:15:23 | INFO     | OK https://skeb.jp/api/users/Error_Hellsman7
2026-09-18 06:15:23 | INFO     | Saving at a/skeb/Error_Hellsman7-f7a330.json
2026-09-18 06:15:24 | INFO     | OK https://skeb.jp/api/users/surumeERO
2026-09-18 06:15:24 | INFO     | Saving at a/skeb/surumeERO-c470ea.json
2026-09-18 06:15:25 | INFO     | OK https://skeb.jp/api/users/VE3pSZXpu222801
2026-09-18 06:15:25 | INFO     | Saving at a/skeb/VE3pSZXpu222801-246069.json
2026-09-18 06:15:26 | INFO     | OK https://skeb.jp/api/users/r_toa_illust
2026-09-18 06:15:26 | INFO     | Saving at a/skeb/r_toa_illust-9a9f58.json
2026-09-18 06:15:27 | INFO     | OK https://skeb.jp/api/users/rizu0214s
2026-09-18 06:15:27 | INFO     | Saving at a/skeb/rizu0214s-03fb40.json
2026-09-18 06:15:28 | INFO     | OK https://skeb.jp/api/users/pharetra_third
2026-09-18 06:15:28 | INFO     | Saving at a/skeb/pharetra_third-a571ce.json
2026-09-18 06:15:29 | INFO     | OK https://skeb.jp/api/users/Clarke149246
2026-09-18 06:15:29 | INFO     | Saving at a/skeb/Clarke149246-c3d984.json
2026-09-18 06:15:30 | INFO     | OK https://skeb.jp/api/users/annzu_311
2026-09-18 06:15:30 | INFO     | Saving at a/skeb/annzu_311-6839b3.json
2026-09-18 06:15:31 | INFO     | OK https://skeb.jp/api/users/yorugaooooooon
2026-09-18 06:15:31 | INFO     | Saving at a/skeb/yorugaooooooon-e30d2d.json
2026-09-18 06:15:32 | INFO     | OK https://skeb.jp/api/users/yudoufu_plus
2026-09-18 06:15:32 | INFO     | Saving at a/skeb/yudoufu_plus-f6258c.json
2026-09-18 06:15:33 | INFO     | OK https://skeb.jp/api/users/ruki_ship1
2026-09-18 06:15:33 | INFO     | Saving at a/skeb/ruki_ship1-4c77bf.json
2026-09-18 06:15:34 | INFO     | OK https://skeb.jp/api/users/tiny_d1
2026-09-18 06:15:34 | INFO     | Saving at a/skeb/tiny_d1-fd7a15.json
2026-09-18 06:15:35 | INFO     | OK https://skeb.jp/api/users/TamagoDYOOO
2026-09-18 06:15:35 | INFO     | Saving at a/skeb/TamagoDYOOO-ad9ca9.json
2026-09-18 06:15:36 | INFO     | OK https://skeb.jp/api/users/Taro05707177
2026-09-18 06:15:36 | INFO     | Saving at a/skeb/Taro05707177-310328.json
2026-09-18 06:15:37 | INFO     | OK https://skeb.jp/api/users/mokomokoloa
2026-09-18 06:15:37 | INFO     | Saving at a/skeb/mokomokoloa-6d3f08.json
2026-09-18 06:15:38 | INFO     | OK https://skeb.jp/api/users/lactis09
2026-09-18 06:15:38 | INFO     | Saving at a/skeb/lactis09-d2dadf.json
2026-09-18 06:15:39 | INFO     | OK https://skeb.jp/api/users/amane_3074
2026-09-18 06:15:39 | INFO     | Saving at a/skeb/amane_3074-0e24bd.json
2026-09-18 06:15:40 | INFO     | OK https://skeb.jp/api/users/jumpjump1219
2026-09-18 06:15:40 | INFO     | Saving at a/skeb/jumpjump1219-28a394.json
2026-09-18 06:15:41 | INFO     | OK https://skeb.jp/api/users/_boneguy1487
2026-09-18 06:15:41 | INFO     | Saving at a/skeb/_boneguy1487-771eca.json
2026-09-18 06:15:42 | INFO     | OK https://skeb.jp/api/users/HeirMuffin
2026-09-18 06:15:42 | INFO     | Saving at a/skeb/HeirMuffin-b4f90a.json
2026-09-18 06:15:43 | INFO     | OK https://skeb.jp/api/users/kuronecororo
2026-09-18 06:15:43 | INFO     | Saving at a/skeb/kuronecororo-f5aef0.json
2026-09-18 06:15:44 | INFO     | OK https://skeb.jp/api/users/Ma_re_TRPG
2026-09-18 06:15:44 | INFO     | Saving at a/skeb/Ma_re_TRPG-d0bcfc.json
2026-09-18 06:15:45 | INFO     | OK https://skeb.jp/api/users/erenshu
2026-09-18 06:15:45 | INFO     | Saving at a/skeb/erenshu-c1152a.json
2026-09-18 06:15:46 | INFO     | OK https://skeb.jp/api/users/nananeeel2
2026-09-18 06:15:46 | INFO     | Saving at a/skeb/nananeeel2-06c4ce.json
2026-09-18 06:15:47 | INFO     | OK https://skeb.jp/api/users/8r3myk
2026-09-18 06:15:47 | INFO     | Saving at a/skeb/8r3myk-d90f85.json
2026-09-18 06:15:48 | INFO     | OK https://skeb.jp/api/users/1111Yam0
2026-09-18 06:15:48 | INFO     | Saving at a/skeb/1111Yam0-4706b1.json
2026-09-18 06:15:49 | INFO     | OK https://skeb.jp/api/users/yumemimedu
2026-09-18 06:15:49 | INFO     | Saving at a/skeb/yumemimedu-31491a.json
2026-09-18 06:15:50 | INFO     | OK https://skeb.jp/api/users/i_kemeeeeen
2026-09-18 06:15:50 | INFO     | Saving at a/skeb/i_kemeeeeen-92b199.json
2026-09-18 06:15:51 | INFO     | OK https://skeb.jp/api/users/Khaki_leaf
2026-09-18 06:15:51 | INFO     | Saving at a/skeb/Khaki_leaf-d3e2c0.json
2026-09-18 06:15:52 | INFO     | OK https://skeb.jp/api/users/amazake_horida_
2026-09-18 06:15:52 | INFO     | Saving at a/skeb/amazake_horida_-efb998.json
2026-09-18 06:15:53 | INFO     | OK https://skeb.jp/api/users/Hat_ERr
2026-09-18 06:15:53 | INFO     | Saving at a/skeb/Hat_ERr-578b42.json
2026-09-18 06:15:54 | INFO     | OK https://skeb.jp/api/users/m__seraphim
2026-09-18 06:15:54 | INFO     | Saving at a/skeb/m__seraphim-354f41.json
2026-09-18 06:15:55 | INFO     | OK https://skeb.jp/api/users/minorun9
2026-09-18 06:15:55 | INFO     | Saving at a/skeb/minorun9-32d0f0.json
2026-09-18 06:15:56 | INFO     | OK https://skeb.jp/api/users/Nanaazarashi
2026-09-18 06:15:56 | INFO     | Saving at a/skeb/Nanaazarashi-1418d3.json
2026-09-18 06:15:57 | INFO     | OK https://skeb.jp/api/users/mekk
2026-09-18 06:15:57 | INFO     | Saving at a/skeb/mekk-976a1d.json
2026-09-18 06:15:58 | INFO     | OK https://skeb.jp/api/users/pxxdy_
2026-09-18 06:15:58 | INFO     | Saving at a/skeb/pxxdy_-0d7658.json
2026-09-18 06:15:59 | INFO     | OK https://skeb.jp/api/users/atumare872
2026-09-18 06:15:59 | INFO     | Saving at a/skeb/atumare872-6e7ffd.json
2026-09-18 06:16:00 | INFO     | OK https://skeb.jp/api/users/Mo_shuka_10
2026-09-18 06:16:00 | INFO     | Saving at a/skeb/Mo_shuka_10-37502a.json
2026-09-18 06:16:01 | INFO     | OK https://skeb.jp/api/users/taonyan_channel
2026-09-18 06:16:01 | INFO     | Saving at a/skeb/taonyan_channel-2de963.json
2026-09-18 06:16:02 | INFO     | OK https://skeb.jp/api/users/nekona257
2026-09-18 06:16:02 | INFO     | Saving at a/skeb/nekona257-e10f6b.json
2026-09-18 06:16:03 | INFO     | OK https://skeb.jp/api/users/Syuli_0222
2026-09-18 06:16:03 | INFO     | Saving at a/skeb/Syuli_0222-3b2d60.json
2026-09-18 06:16:04 | INFO     | OK https://skeb.jp/api/users/KanuitiChrom
2026-09-18 06:16:04 | INFO     | Saving at a/skeb/KanuitiChrom-c5625c.json
2026-09-18 06:16:05 | INFO     | OK https://skeb.jp/api/users/7rp1016
2026-09-18 06:16:05 | INFO     | Saving at a/skeb/7rp1016-944583.json
2026-09-18 06:16:06 | INFO     | OK https://skeb.jp/api/users/shiratorikuro
2026-09-18 06:16:06 | INFO     | Saving at a/skeb/shiratorikuro-d2068f.json
2026-09-18 06:16:07 | INFO     | OK https://skeb.jp/api/users/scl_HaruAki
2026-09-18 06:16:07 | INFO     | Saving at a/skeb/scl_HaruAki-05e77e.json
2026-09-18 06:16:08 | INFO     | OK https://skeb.jp/api/users/komeumauma
2026-09-18 06:16:08 | INFO     | Saving at a/skeb/komeumauma-18f5a7.json
2026-09-18 06:16:09 | INFO     | OK https://skeb.jp/api/users/KanameUshiku
2026-09-18 06:16:09 | INFO     | Saving at a/skeb/KanameUshiku-f95a31.json
2026-09-18 06:16:10 | INFO     | OK https://skeb.jp/api/users/setani_
2026-09-18 06:16:10 | INFO     | Saving at a/skeb/setani_-55cda3.json
2026-09-18 06:16:11 | INFO     | OK https://skeb.jp/api/users/otobe_kuro
2026-09-18 06:16:11 | INFO     | Saving at a/skeb/otobe_kuro-b259b0.json
2026-09-18 06:16:12 | INFO     | OK https://skeb.jp/api/users/paint2022
2026-09-18 06:16:12 | INFO     | Saving at a/skeb/paint2022-3e76c4.json
2026-09-18 06:16:13 | INFO     | OK https://skeb.jp/api/users/yuzunobin
2026-09-18 06:16:13 | INFO     | Saving at a/skeb/yuzunobin-de37e3.json
2026-09-18 06:16:14 | INFO     | OK https://skeb.jp/api/users/obsidiaki
2026-09-18 06:16:14 | INFO     | Saving at a/skeb/obsidiaki-fd6cd7.json
2026-09-18 06:16:15 | INFO     | OK https://skeb.jp/api/users/_niri_0
2026-09-18 06:16:15 | INFO     | Saving at a/skeb/_niri_0-7c439d.json
2026-09-18 06:16:16 | INFO     | OK https://skeb.jp/api/users/kona87art
2026-09-18 06:16:16 | INFO     | Saving at a/skeb/kona87art-9e1162.json
2026-09-18 06:16:17 | INFO     | OK https://skeb.jp/api/users/notogoro
2026-09-18 06:16:17 | INFO     | Saving at a/skeb/notogoro-50013d.json
2026-09-18 06:16:18 | INFO     | OK https://skeb.jp/api/users/kagami1999
2026-09-18 06:16:18 | INFO     | Saving at a/skeb/kagami1999-4b6f8d.json
2026-09-18 06:16:19 | INFO     | OK https://skeb.jp/api/users/cr9z3
2026-09-18 06:16:19 | INFO     | Saving at a/skeb/cr9z3-53839a.json
2026-09-18 06:16:20 | INFO     | OK https://skeb.jp/api/users/Remy_pxv
2026-09-18 06:16:20 | INFO     | Saving at a/skeb/Remy_pxv-08e6d7.json
2026-09-18 06:16:21 | INFO     | OK https://skeb.jp/api/users/Tolocha__7520
2026-09-18 06:16:21 | INFO     | Saving at a/skeb/Tolocha__7520-b07728.json
2026-09-18 06:16:22 | INFO     | OK https://skeb.jp/api/users/sorakimarei
2026-09-18 06:16:22 | INFO     | Saving at a/skeb/sorakimarei-d79515.json
2026-09-18 06:16:23 | INFO     | OK https://skeb.jp/api/users/kuttakutanao0
2026-09-18 06:16:23 | INFO     | Saving at a/skeb/kuttakutanao0-ed9eec.json
2026-09-18 06:16:24 | INFO     | OK https://skeb.jp/api/users/mum_unm
2026-09-18 06:16:24 | INFO     | Saving at a/skeb/mum_unm-cc31fc.json
2026-09-18 06:16:25 | INFO     | OK https://skeb.jp/api/users/Wanasi_
2026-09-18 06:16:25 | INFO     | Saving at a/skeb/Wanasi_-136c18.json
2026-09-18 06:16:26 | INFO     | OK https://skeb.jp/api/users/berukuto_47
2026-09-18 06:16:26 | INFO     | Saving at a/skeb/berukuto_47-695bbf.json
2026-09-18 06:16:27 | INFO     | OK https://skeb.jp/api/users/Sirius_ichinose
2026-09-18 06:16:27 | INFO     | Saving at a/skeb/Sirius_ichinose-2ea46b.json
2026-09-18 06:16:28 | INFO     | OK https://skeb.jp/api/users/hohohohokkaido
2026-09-18 06:16:28 | INFO     | Saving at a/skeb/hohohohokkaido-c92a96.json
2026-09-18 06:16:29 | INFO     | OK https://skeb.jp/api/users/Aoi_Suzu_
2026-09-18 06:16:29 | INFO     | Saving at a/skeb/Aoi_Suzu_-52215d.json
2026-09-18 06:16:30 | INFO     | OK https://skeb.jp/api/users/toad_3389
2026-09-18 06:16:30 | INFO     | Saving at a/skeb/toad_3389-c8917d.json
2026-09-18 06:16:31 | INFO     | OK https://skeb.jp/api/users/Hiiro_ANp
2026-09-18 06:16:31 | INFO     | Saving at a/skeb/Hiiro_ANp-766369.json
2026-09-18 06:16:32 | INFO     | OK https://skeb.jp/api/users/M___nme
2026-09-18 06:16:32 | INFO     | Saving at a/skeb/M___nme-efe5de.json
2026-09-18 06:16:33 | INFO     | OK https://skeb.jp/api/users/aren0224
2026-09-18 06:16:33 | INFO     | Saving at a/skeb/aren0224-863a96.json
2026-09-18 06:16:34 | INFO     | OK https://skeb.jp/api/users/BeetleGrid
2026-09-18 06:16:34 | INFO     | Saving at a/skeb/BeetleGrid-17d072.json
2026-09-18 06:16:35 | INFO     | OK https://skeb.jp/api/users/_kudryavka_trop
2026-09-18 06:16:35 | INFO     | Saving at a/skeb/_kudryavka_trop-a791b8.json
2026-09-18 06:16:36 | INFO     | OK https://skeb.jp/api/users/s3_jn
2026-09-18 06:16:36 | INFO     | Saving at a/skeb/s3_jn-c481fa.json
2026-09-18 06:16:37 | INFO     | OK https://skeb.jp/api/users/keimushi_draw
2026-09-18 06:16:37 | INFO     | Saving at a/skeb/keimushi_draw-9d7b3e.json
2026-09-18 06:16:38 | INFO     | OK https://skeb.jp/api/users/sakaki2600
2026-09-18 06:16:38 | INFO     | Saving at a/skeb/sakaki2600-ed6d4e.json
2026-09-18 06:16:39 | INFO     | OK https://skeb.jp/api/users/inuowk
2026-09-18 06:16:39 | INFO     | Saving at a/skeb/inuowk-eef6cc.json
2026-09-18 06:16:40 | INFO     | OK https://skeb.jp/api/users/gRVLJkTBL7
2026-09-18 06:16:40 | INFO     | Saving at a/skeb/gRVLJkTBL7-cc1796.json
2026-09-18 06:16:41 | INFO     | OK https://skeb.jp/api/users/orr_4649
2026-09-18 06:16:41 | INFO     | Saving at a/skeb/orr_4649-3bdb0b.json
2026-09-18 06:16:42 | INFO     | OK https://skeb.jp/api/users/batten12_j
2026-09-18 06:16:42 | INFO     | Saving at a/skeb/batten12_j-1da567.json
2026-09-18 06:16:43 | INFO     | OK https://skeb.jp/api/users/EX_sakiR
2026-09-18 06:16:43 | INFO     | Saving at a/skeb/EX_sakiR-31ba2e.json
2026-09-18 06:16:44 | INFO     | OK https://skeb.jp/api/users/VMEIN_46
2026-09-18 06:16:44 | INFO     | Saving at a/skeb/VMEIN_46-dae038.json
2026-09-18 06:16:45 | INFO     | OK https://skeb.jp/api/users/tokiha_chan
2026-09-18 06:16:45 | INFO     | Saving at a/skeb/tokiha_chan-9a4955.json
2026-09-18 06:16:46 | INFO     | OK https://skeb.jp/api/users/hato_sicksick
2026-09-18 06:16:46 | INFO     | Saving at a/skeb/hato_sicksick-0d0793.json
2026-09-18 06:16:47 | INFO     | OK https://skeb.jp/api/users/motomotokou2
2026-09-18 06:16:47 | INFO     | Saving at a/skeb/motomotokou2-40bd46.json
2026-09-18 06:16:48 | INFO     | OK https://skeb.jp/api/users/milkleopard
2026-09-18 06:16:48 | INFO     | Saving at a/skeb/milkleopard-5efc96.json
2026-09-18 06:16:49 | INFO     | OK https://skeb.jp/api/users/motunabe_umauma
2026-09-18 06:16:49 | INFO     | Saving at a/skeb/motunabe_umauma-228e66.json
2026-09-18 06:16:50 | INFO     | OK https://skeb.jp/api/users/Amamoyoi_00
2026-09-18 06:16:50 | INFO     | Saving at a/skeb/Amamoyoi_00-ab6fe8.json
2026-09-18 06:16:51 | INFO     | OK https://skeb.jp/api/users/R1tuk
2026-09-18 06:16:51 | INFO     | Saving at a/skeb/R1tuk-c75955.json
2026-09-18 06:16:52 | INFO     | OK https://skeb.jp/api/users/Kotatsu_BBP
2026-09-18 06:16:52 | INFO     | Saving at a/skeb/Kotatsu_BBP-08a4b6.json
2026-09-18 06:16:53 | INFO     | OK https://skeb.jp/api/users/watakushi_36
2026-09-18 06:16:53 | INFO     | Saving at a/skeb/watakushi_36-bda7ec.json
2026-09-18 06:16:54 | INFO     | OK https://skeb.jp/api/users/futakanesano
2026-09-18 06:16:54 | INFO     | Saving at a/skeb/futakanesano-86a25b.json
2026-09-18 06:16:55 | INFO     | OK https://skeb.jp/api/users/hanamya__
2026-09-18 06:16:55 | INFO     | Saving at a/skeb/hanamya__-e9659e.json
2026-09-18 06:16:56 | INFO     | OK https://skeb.jp/api/users/yuzu8ra
2026-09-18 06:16:56 | INFO     | Saving at a/skeb/yuzu8ra-ce033e.json
2026-09-18 06:16:57 | INFO     | OK https://skeb.jp/api/users/hunwarishio
2026-09-18 06:16:57 | INFO     | Saving at a/skeb/hunwarishio-66fb89.json
2026-09-18 06:16:58 | INFO     | OK https://skeb.jp/api/users/ymmoo
2026-09-18 06:16:58 | INFO     | Saving at a/skeb/ymmoo-553e82.json
2026-09-18 06:16:59 | INFO     | OK https://skeb.jp/api/users/krkrnasat_hdm
2026-09-18 06:16:59 | INFO     | Saving at a/skeb/krkrnasat_hdm-34d95a.json
2026-09-18 06:17:00 | INFO     | OK https://skeb.jp/api/users/Baronilu_02
2026-09-18 06:17:00 | INFO     | Saving at a/skeb/Baronilu_02-dce251.json
2026-09-18 06:17:01 | INFO     | OK https://skeb.jp/api/users/Fid_016sikabane
2026-09-18 06:17:01 | INFO     | Saving at a/skeb/Fid_016sikabane-f968ef.json
2026-09-18 06:17:02 | INFO     | OK https://skeb.jp/api/users/fura3__
2026-09-18 06:17:02 | INFO     | Saving at a/skeb/fura3__-c8aa48.json
2026-09-18 06:17:03 | INFO     | OK https://skeb.jp/api/users/eikokumen
2026-09-18 06:17:03 | INFO     | Saving at a/skeb/eikokumen-761809.json
2026-09-18 06:17:04 | INFO     | OK https://skeb.jp/api/users/orikasa4423
2026-09-18 06:17:04 | INFO     | Saving at a/skeb/orikasa4423-a124e6.json
2026-09-18 06:17:05 | INFO     | OK https://skeb.jp/api/users/futeikeiyariri
2026-09-18 06:17:05 | INFO     | Saving at a/skeb/futeikeiyariri-67b0d1.json
2026-09-18 06:17:06 | INFO     | OK https://skeb.jp/api/users/hako_pon2
2026-09-18 06:17:06 | INFO     | Saving at a/skeb/hako_pon2-506027.json
2026-09-18 06:17:07 | INFO     | OK https://skeb.jp/api/users/toymark_jp
2026-09-18 06:17:07 | INFO     | Saving at a/skeb/toymark_jp-76f5cd.json
2026-09-18 06:17:08 | INFO     | OK https://skeb.jp/api/users/misumi_ak
2026-09-18 06:17:08 | INFO     | Saving at a/skeb/misumi_ak-b871cf.json
2026-09-18 06:17:09 | INFO     | OK https://skeb.jp/api/users/tsubasa_nem
2026-09-18 06:17:09 | INFO     | Saving at a/skeb/tsubasa_nem-5b14b6.json
2026-09-18 06:17:10 | INFO     | OK https://skeb.jp/api/users/kurage_Light
2026-09-18 06:17:10 | INFO     | Saving at a/skeb/kurage_Light-a87bee.json
2026-09-18 06:17:11 | INFO     | OK https://skeb.jp/api/users/iroha0megn
2026-09-18 06:17:11 | INFO     | Saving at a/skeb/iroha0megn-6356f0.json
2026-09-18 06:17:12 | INFO     | OK https://skeb.jp/api/users/lalansane
2026-09-18 06:17:12 | INFO     | Saving at a/skeb/lalansane-aa54da.json
2026-09-18 06:17:13 | INFO     | OK https://skeb.jp/api/users/kibimoto
2026-09-18 06:17:13 | INFO     | Saving at a/skeb/kibimoto-f9a585.json
2026-09-18 06:17:14 | INFO     | OK https://skeb.jp/api/users/kazunotneet
2026-09-18 06:17:14 | INFO     | Saving at a/skeb/kazunotneet-7fc416.json
2026-09-18 06:17:15 | INFO     | OK https://skeb.jp/api/users/ohe_mang
2026-09-18 06:17:15 | INFO     | Saving at a/skeb/ohe_mang-b7458f.json
2026-09-18 06:17:16 | INFO     | OK https://skeb.jp/api/users/jiraiyasan_news
2026-09-18 06:17:16 | INFO     | Saving at a/skeb/jiraiyasan_news-c5ebfb.json
2026-09-18 06:17:17 | INFO     | OK https://skeb.jp/api/users/kunobosi
2026-09-18 06:17:17 | INFO     | Saving at a/skeb/kunobosi-c1631f.json
2026-09-18 06:17:18 | INFO     | OK https://skeb.jp/api/users/sakenohone2nd
2026-09-18 06:17:18 | INFO     | Saving at a/skeb/sakenohone2nd-13dee3.json
2026-09-18 06:17:19 | INFO     | OK https://skeb.jp/api/users/ysui
2026-09-18 06:17:19 | INFO     | Saving at a/skeb/ysui-6c6ba0.json
2026-09-18 06:17:20 | INFO     | OK https://skeb.jp/api/users/__7_7_7_
2026-09-18 06:17:20 | INFO     | Saving at a/skeb/__7_7_7_-47cfcf.json
2026-09-18 06:17:21 | INFO     | OK https://skeb.jp/api/users/raiquenosub
2026-09-18 06:17:21 | INFO     | Saving at a/skeb/raiquenosub-967e1a.json
2026-09-18 06:17:22 | INFO     | OK https://skeb.jp/api/users/0co___me
2026-09-18 06:17:22 | INFO     | Saving at a/skeb/0co___me-caae50.json
2026-09-18 06:17:23 | INFO     | OK https://skeb.jp/api/users/satsumaagee
2026-09-18 06:17:23 | INFO     | Saving at a/skeb/satsumaagee-24adaf.json
2026-09-18 06:17:24 | INFO     | OK https://skeb.jp/api/users/umi_1125peinter
2026-09-18 06:17:24 | INFO     | Saving at a/skeb/umi_1125peinter-c6f5aa.json
2026-09-18 06:17:25 | WARNING  | 404 on https://skeb.jp/api/users/notsheep6 (attempt 1/3)
2026-09-18 06:17:26 | INFO     | OK https://skeb.jp/api/users/d9NR9kbx8ce27kG
2026-09-18 06:17:26 | INFO     | Saving at a/skeb/d9NR9kbx8ce27kG-3a5321.json
2026-09-18 06:17:27 | INFO     | OK https://skeb.jp/api/users/Kackey
2026-09-18 06:17:27 | INFO     | Saving at a/skeb/Kackey-8ec041.json
2026-09-18 06:17:28 | INFO     | OK https://skeb.jp/api/users/irobidsw
2026-09-18 06:17:28 | INFO     | Saving at a/skeb/irobidsw-3a75f0.json
2026-09-18 06:17:29 | INFO     | OK https://skeb.jp/api/users/yuiha95739025
2026-09-18 06:17:29 | INFO     | Saving at a/skeb/yuiha95739025-3714b4.json
2026-09-18 06:17:30 | WARNING  | 404 on https://skeb.jp/api/users/notsheep6 (attempt 2/3)
2026-09-18 06:17:31 | INFO     | OK https://skeb.jp/api/users/unnun0118
2026-09-18 06:17:31 | INFO     | Saving at a/skeb/unnun0118-634100.json
2026-09-18 06:17:32 | INFO     | OK https://skeb.jp/api/users/komin_namihara
2026-09-18 06:17:32 | INFO     | Saving at a/skeb/komin_namihara-540865.json
2026-09-18 06:17:33 | INFO     | OK https://skeb.jp/api/users/Shirotsuchi2
2026-09-18 06:17:33 | INFO     | Saving at a/skeb/Shirotsuchi2-53234b.json
2026-09-18 06:17:34 | WARNING  | 404 on https://skeb.jp/api/users/osakikurama (attempt 1/3)
2026-09-18 06:17:35 | INFO     | OK https://skeb.jp/api/users/superMILK_mix
2026-09-18 06:17:35 | INFO     | Saving at a/skeb/superMILK_mix-b80a81.json
2026-09-18 06:17:36 | INFO     | OK https://skeb.jp/api/users/fllwi
2026-09-18 06:17:36 | INFO     | Saving at a/skeb/fllwi-df1dc6.json
2026-09-18 06:17:37 | INFO     | OK https://skeb.jp/api/users/ibuibuyou
2026-09-18 06:17:37 | INFO     | Saving at a/skeb/ibuibuyou-e7d526.json
2026-09-18 06:17:38 | WARNING  | 404 on https://skeb.jp/api/users/osakikurama (attempt 2/3)
2026-09-18 06:17:39 | INFO     | OK https://skeb.jp/api/users/mt5_014
2026-09-18 06:17:39 | INFO     | Saving at a/skeb/mt5_014-77ca73.json
2026-09-18 06:17:40 | INFO     | OK https://skeb.jp/api/users/KOKONA_74
2026-09-18 06:17:40 | INFO     | Saving at a/skeb/KOKONA_74-e95089.json
2026-09-18 06:17:41 | INFO     | OK https://skeb.jp/api/users/k_art71
2026-09-18 06:17:41 | INFO     | Saving at a/skeb/k_art71-1b7f57.json
2026-09-18 06:17:42 | INFO     | OK https://skeb.jp/api/users/kiron211
2026-09-18 06:17:42 | INFO     | Saving at a/skeb/kiron211-5b57b0.json
2026-09-18 06:17:43 | INFO     | OK https://skeb.jp/api/users/tai_mushi
2026-09-18 06:17:43 | INFO     | Saving at a/skeb/tai_mushi-53b2f7.json
2026-09-18 06:17:44 | WARNING  | 404 on https://skeb.jp/api/users/osakikurama (attempt 3/3)
2026-09-18 06:17:45 | INFO     | OK https://skeb.jp/api/users/217yudofu217
2026-09-18 06:17:45 | INFO     | Saving at a/skeb/217yudofu217-98c0d3.json
2026-09-18 06:17:46 | INFO     | OK https://skeb.jp/api/users/kaimu_egc000
2026-09-18 06:17:46 | INFO     | Saving at a/skeb/kaimu_egc000-2401be.json
2026-09-18 06:17:47 | INFO     | OK https://skeb.jp/api/users/__s__n__0
2026-09-18 06:17:47 | INFO     | Saving at a/skeb/__s__n__0-eafa17.json
2026-09-18 06:17:48 | INFO     | OK https://skeb.jp/api/users/youkey777_13579
2026-09-18 06:17:48 | INFO     | Saving at a/skeb/youkey777_13579-19241d.json
2026-09-18 06:17:49 | INFO     | OK https://skeb.jp/api/users/nanomenon_
2026-09-18 06:17:49 | INFO     | Saving at a/skeb/nanomenon_-63aa7c.json
2026-09-18 06:17:50 | INFO     | OK https://skeb.jp/api/users/Aosaki_Licht
2026-09-18 06:17:50 | INFO     | Saving at a/skeb/Aosaki_Licht-e857dd.json
2026-09-18 06:17:51 | INFO     | OK https://skeb.jp/api/users/pure_ruu
2026-09-18 06:17:51 | INFO     | Saving at a/skeb/pure_ruu-f81232.json
2026-09-18 06:17:52 | INFO     | OK https://skeb.jp/api/users/goring___
2026-09-18 06:17:52 | INFO     | Saving at a/skeb/goring___-0eca06.json
2026-09-18 06:17:53 | INFO     | OK https://skeb.jp/api/users/susunuyu
2026-09-18 06:17:53 | INFO     | Saving at a/skeb/susunuyu-a825cb.json
2026-09-18 06:17:54 | INFO     | OK https://skeb.jp/api/users/n_u30_n
2026-09-18 06:17:54 | INFO     | Saving at a/skeb/n_u30_n-a1ab13.json
2026-09-18 06:17:55 | INFO     | OK https://skeb.jp/api/users/oseruko2006
2026-09-18 06:17:55 | INFO     | Saving at a/skeb/oseruko2006-24c6b2.json
2026-09-18 06:17:56 | INFO     | OK https://skeb.jp/api/users/keronfrog
2026-09-18 06:17:56 | INFO     | Saving at a/skeb/keronfrog-f2cbfd.json
2026-09-18 06:17:57 | WARNING  | 404 on https://skeb.jp/api/users/notsheep6 (attempt 3/3)
2026-09-18 06:17:58 | INFO     | OK https://skeb.jp/api/users/fusenryo2
2026-09-18 06:17:58 | INFO     | Saving at a/skeb/fusenryo2-981b18.json
2026-09-18 06:17:59 | INFO     | OK https://skeb.jp/api/users/Kinak0_mitu
2026-09-18 06:17:59 | INFO     | Saving at a/skeb/Kinak0_mitu-8a6a5b.json
2026-09-18 06:18:00 | INFO     | OK https://skeb.jp/api/users/sirasu_mei_08
2026-09-18 06:18:00 | INFO     | Saving at a/skeb/sirasu_mei_08-72a88b.json
2026-09-18 06:18:01 | INFO     | OK https://skeb.jp/api/users/AbeMichiak78748
2026-09-18 06:18:01 | INFO     | Saving at a/skeb/AbeMichiak78748-741444.json
2026-09-18 06:18:02 | INFO     | OK https://skeb.jp/api/users/pon_KL_HS
2026-09-18 06:18:02 | INFO     | Saving at a/skeb/pon_KL_HS-022cb5.json
2026-09-18 06:18:03 | INFO     | OK https://skeb.jp/api/users/DX48927219
2026-09-18 06:18:03 | INFO     | Saving at a/skeb/DX48927219-d29e48.json
2026-09-18 06:18:04 | INFO     | OK https://skeb.jp/api/users/AyaKumO_0711
2026-09-18 06:18:04 | INFO     | Saving at a/skeb/AyaKumO_0711-92b467.json
2026-09-18 06:18:05 | INFO     | OK https://skeb.jp/api/users/sui_hi_sf
2026-09-18 06:18:05 | INFO     | Saving at a/skeb/sui_hi_sf-f68538.json
2026-09-18 06:18:06 | INFO     | OK https://skeb.jp/api/users/marinaoya_00
2026-09-18 06:18:06 | INFO     | Saving at a/skeb/marinaoya_00-4fb86d.json
2026-09-18 06:18:07 | INFO     | OK https://skeb.jp/api/users/nikami_20
2026-09-18 06:18:07 | INFO     | Saving at a/skeb/nikami_20-4d72fa.json
2026-09-18 06:18:08 | INFO     | OK https://skeb.jp/api/users/2525tyaria
2026-09-18 06:18:08 | INFO     | Saving at a/skeb/2525tyaria-58e273.json
2026-09-18 06:18:09 | INFO     | OK https://skeb.jp/api/users/yamazin_ex
2026-09-18 06:18:09 | INFO     | Saving at a/skeb/yamazin_ex-0ea80d.json
2026-09-18 06:18:10 | INFO     | OK https://skeb.jp/api/users/chaoiruko
2026-09-18 06:18:10 | INFO     | Saving at a/skeb/chaoiruko-808115.json
2026-09-18 06:18:11 | INFO     | OK https://skeb.jp/api/users/kitui_aaa
2026-09-18 06:18:11 | INFO     | Saving at a/skeb/kitui_aaa-96c00f.json
2026-09-18 06:18:12 | INFO     | OK https://skeb.jp/api/users/Maruchangmang
2026-09-18 06:18:12 | INFO     | Saving at a/skeb/Maruchangmang-c4a54f.json
2026-09-18 06:18:13 | INFO     | OK https://skeb.jp/api/users/katamikoi
2026-09-18 06:18:13 | INFO     | Saving at a/skeb/katamikoi-26f7a4.json
2026-09-18 06:18:14 | INFO     | OK https://skeb.jp/api/users/961_Cocoanna
2026-09-18 06:18:14 | INFO     | Saving at a/skeb/961_Cocoanna-fcf406.json
2026-09-18 06:18:15 | INFO     | OK https://skeb.jp/api/users/desaokaze
2026-09-18 06:18:15 | INFO     | Saving at a/skeb/desaokaze-e35aa2.json
2026-09-18 06:18:16 | INFO     | OK https://skeb.jp/api/users/yuki7_pyon
2026-09-18 06:18:16 | INFO     | Saving at a/skeb/yuki7_pyon-cf013a.json
2026-09-18 06:18:17 | INFO     | OK https://skeb.jp/api/users/noamem_
2026-09-18 06:18:17 | INFO     | Saving at a/skeb/noamem_-4b3c69.json
2026-09-18 06:18:18 | INFO     | OK https://skeb.jp/api/users/mittaan2434
2026-09-18 06:18:18 | INFO     | Saving at a/skeb/mittaan2434-db6a0c.json
2026-09-18 06:18:19 | INFO     | OK https://skeb.jp/api/users/s_ssssssss
2026-09-18 06:18:19 | INFO     | Saving at a/skeb/s_ssssssss-189d6d.json
2026-09-18 06:18:20 | INFO     | OK https://skeb.jp/api/users/kuroi_ria
2026-09-18 06:18:20 | INFO     | Saving at a/skeb/kuroi_ria-52349b.json
2026-09-18 06:18:21 | INFO     | OK https://skeb.jp/api/users/moti_manzyu
2026-09-18 06:18:21 | INFO     | Saving at a/skeb/moti_manzyu-0dfc1e.json
2026-09-18 06:18:22 | INFO     | OK https://skeb.jp/api/users/RIP_U0x0U
2026-09-18 06:18:22 | INFO     | Saving at a/skeb/RIP_U0x0U-281186.json
2026-09-18 06:18:23 | INFO     | OK https://skeb.jp/api/users/PB_Body
2026-09-18 06:18:23 | INFO     | Saving at a/skeb/PB_Body-dde323.json
2026-09-18 06:18:24 | INFO     | OK https://skeb.jp/api/users/otya_1215
2026-09-18 06:18:24 | INFO     | Saving at a/skeb/otya_1215-ba7a12.json
2026-09-18 06:18:25 | WARNING  | 404 on https://skeb.jp/api/users/yakhina_GDRB (attempt 1/3)
2026-09-18 06:18:26 | INFO     | OK https://skeb.jp/api/users/Shizuki2600
2026-09-18 06:18:26 | INFO     | Saving at a/skeb/Shizuki2600-d4a998.json
2026-09-18 06:18:27 | INFO     | OK https://skeb.jp/api/users/unimaro_vrc
2026-09-18 06:18:27 | INFO     | Saving at a/skeb/unimaro_vrc-975eb6.json
2026-09-18 06:18:28 | WARNING  | 404 on https://skeb.jp/api/users/yakhina_GDRB (attempt 2/3)
2026-09-18 06:18:29 | INFO     | OK https://skeb.jp/api/users/upityoma777
2026-09-18 06:18:29 | INFO     | Saving at a/skeb/upityoma777-df06cb.json
2026-09-18 06:18:30 | INFO     | OK https://skeb.jp/api/users/heriyama
2026-09-18 06:18:30 | INFO     | Saving at a/skeb/heriyama-df3d39.json
2026-09-18 06:18:31 | INFO     | OK https://skeb.jp/api/users/fakemdk
2026-09-18 06:18:31 | INFO     | Saving at a/skeb/fakemdk-4b6e1f.json
2026-09-18 06:18:32 | INFO     | OK https://skeb.jp/api/users/zekamasichan
2026-09-18 06:18:32 | INFO     | Saving at a/skeb/zekamasichan-a94d0c.json
2026-09-18 06:18:33 | INFO     | OK https://skeb.jp/api/users/MW___
2026-09-18 06:18:33 | INFO     | Saving at a/skeb/MW___-786264.json
2026-09-18 06:18:34 | INFO     | OK https://skeb.jp/api/users/siorayu
2026-09-18 06:18:34 | INFO     | Saving at a/skeb/siorayu-7e61a5.json
2026-09-18 06:18:35 | INFO     | OK https://skeb.jp/api/users/nasubi0088
2026-09-18 06:18:35 | INFO     | Saving at a/skeb/nasubi0088-3b1975.json
2026-09-18 06:18:36 | INFO     | OK https://skeb.jp/api/users/doe3301
2026-09-18 06:18:36 | INFO     | Saving at a/skeb/doe3301-5c24c7.json
2026-09-18 06:18:37 | INFO     | OK https://skeb.jp/api/users/siki_MHR
2026-09-18 06:18:37 | INFO     | Saving at a/skeb/siki_MHR-bd44f9.json
2026-09-18 06:18:38 | INFO     | OK https://skeb.jp/api/users/tojikuro
2026-09-18 06:18:38 | INFO     | Saving at a/skeb/tojikuro-ab16e0.json
2026-09-18 06:18:39 | INFO     | OK https://skeb.jp/api/users/kab_0427
2026-09-18 06:18:39 | INFO     | Saving at a/skeb/kab_0427-844c07.json
2026-09-18 06:18:40 | INFO     | OK https://skeb.jp/api/users/Rai3Star
2026-09-18 06:18:40 | INFO     | Saving at a/skeb/Rai3Star-59e286.json
2026-09-18 06:18:41 | INFO     | OK https://skeb.jp/api/users/natsumegts
2026-09-18 06:18:41 | INFO     | Saving at a/skeb/natsumegts-410d1e.json
2026-09-18 06:18:42 | INFO     | OK https://skeb.jp/api/users/B_nkbys
2026-09-18 06:18:42 | INFO     | Saving at a/skeb/B_nkbys-07fb94.json
2026-09-18 06:18:43 | INFO     | OK https://skeb.jp/api/users/katana0027
2026-09-18 06:18:43 | INFO     | Saving at a/skeb/katana0027-273e7b.json
2026-09-18 06:18:44 | INFO     | OK https://skeb.jp/api/users/aozi__r
2026-09-18 06:18:44 | INFO     | Saving at a/skeb/aozi__r-c1abe0.json
2026-09-18 06:18:45 | INFO     | OK https://skeb.jp/api/users/Oekaki_oekaki_1
2026-09-18 06:18:45 | INFO     | Saving at a/skeb/Oekaki_oekaki_1-12d2a7.json
2026-09-18 06:18:46 | WARNING  | 404 on https://skeb.jp/api/users/yakhina_GDRB (attempt 3/3)
2026-09-18 06:18:47 | INFO     | OK https://skeb.jp/api/users/8108yasohc
2026-09-18 06:18:47 | INFO     | Saving at a/skeb/8108yasohc-fd31ad.json
2026-09-18 06:18:48 | INFO     | OK https://skeb.jp/api/users/murazo0606
2026-09-18 06:18:48 | INFO     | Saving at a/skeb/murazo0606-3d4a3d.json
2026-09-18 06:18:49 | INFO     | OK https://skeb.jp/api/users/ayainu_
2026-09-18 06:18:49 | INFO     | Saving at a/skeb/ayainu_-4d3ec8.json
2026-09-18 06:18:50 | INFO     | OK https://skeb.jp/api/users/tatsuminorensyu
2026-09-18 06:18:50 | INFO     | Saving at a/skeb/tatsuminorensyu-f753f6.json
2026-09-18 06:18:51 | INFO     | OK https://skeb.jp/api/users/Hyb__muyuu
2026-09-18 06:18:51 | INFO     | Saving at a/skeb/Hyb__muyuu-f6e066.json
2026-09-18 06:18:52 | INFO     | OK https://skeb.jp/api/users/hirotanien_
2026-09-18 06:18:52 | INFO     | Saving at a/skeb/hirotanien_-0dbbb0.json
2026-09-18 06:18:53 | INFO     | OK https://skeb.jp/api/users/YAMWI21
2026-09-18 06:18:53 | INFO     | Saving at a/skeb/YAMWI21-0a6958.json
2026-09-18 06:18:54 | INFO     | OK https://skeb.jp/api/users/arsk
2026-09-18 06:18:54 | INFO     | Saving at a/skeb/arsk-a9ab99.json
2026-09-18 06:18:55 | INFO     | OK https://skeb.jp/api/users/mmck111
2026-09-18 06:18:55 | INFO     | Saving at a/skeb/mmck111-b7f82b.json
2026-09-18 06:18:56 | WARNING  | 404 on https://skeb.jp/api/users/kagio______yk (attempt 1/3)
2026-09-18 06:18:57 | INFO     | OK https://skeb.jp/api/users/purinkoguma
2026-09-18 06:18:57 | INFO     | Saving at a/skeb/purinkoguma-9e0d2a.json
2026-09-18 06:18:58 | INFO     | OK https://skeb.jp/api/users/amlest
2026-09-18 06:18:58 | INFO     | Saving at a/skeb/amlest-6ad6db.json
2026-09-18 06:18:59 | INFO     | OK https://skeb.jp/api/users/mamitasu_maru
2026-09-18 06:18:59 | INFO     | Saving at a/skeb/mamitasu_maru-35a197.json
2026-09-18 06:19:00 | INFO     | OK https://skeb.jp/api/users/sanma_gy
2026-09-18 06:19:00 | INFO     | Saving at a/skeb/sanma_gy-9abbd6.json
2026-09-18 06:19:01 | INFO     | OK https://skeb.jp/api/users/krkrnmr_
2026-09-18 06:19:01 | INFO     | Saving at a/skeb/krkrnmr_-d7c5a7.json
2026-09-18 06:19:02 | INFO     | OK https://skeb.jp/api/users/haxtukaame
2026-09-18 06:19:02 | INFO     | Saving at a/skeb/haxtukaame-f2de25.json
2026-09-18 06:19:03 | INFO     | OK https://skeb.jp/api/users/7kemun
2026-09-18 06:19:03 | INFO     | Saving at a/skeb/7kemun-6a88cf.json
2026-09-18 06:19:04 | INFO     | OK https://skeb.jp/api/users/wakatake_wktk
2026-09-18 06:19:04 | INFO     | Saving at a/skeb/wakatake_wktk-e6b6c4.json
2026-09-18 06:19:05 | INFO     | OK https://skeb.jp/api/users/miutomo_chan
2026-09-18 06:19:05 | INFO     | Saving at a/skeb/miutomo_chan-1fe644.json
2026-09-18 06:19:06 | INFO     | OK https://skeb.jp/api/users/natuamenaso_84
2026-09-18 06:19:06 | INFO     | Saving at a/skeb/natuamenaso_84-349806.json
2026-09-18 06:19:07 | INFO     | OK https://skeb.jp/api/users/Kfkprop839
2026-09-18 06:19:07 | INFO     | Saving at a/skeb/Kfkprop839-8e6d6e.json
2026-09-18 06:19:08 | INFO     | OK https://skeb.jp/api/users/zenimakitchen
2026-09-18 06:19:08 | INFO     | Saving at a/skeb/zenimakitchen-fce728.json
2026-09-18 06:19:09 | INFO     | OK https://skeb.jp/api/users/Ua0000_
2026-09-18 06:19:09 | INFO     | Saving at a/skeb/Ua0000_-55f519.json
2026-09-18 06:19:10 | INFO     | OK https://skeb.jp/api/users/upa_kurahasi
2026-09-18 06:19:10 | INFO     | Saving at a/skeb/upa_kurahasi-8584ad.json
2026-09-18 06:19:11 | INFO     | OK https://skeb.jp/api/users/sirakane
2026-09-18 06:19:11 | INFO     | Saving at a/skeb/sirakane-0e2e5e.json
2026-09-18 06:19:12 | INFO     | OK https://skeb.jp/api/users/SCKnoYT
2026-09-18 06:19:12 | INFO     | Saving at a/skeb/SCKnoYT-bfecbb.json
2026-09-18 06:19:13 | INFO     | OK https://skeb.jp/api/users/hoshiotabe
2026-09-18 06:19:13 | INFO     | Saving at a/skeb/hoshiotabe-4ff941.json
2026-09-18 06:19:14 | INFO     | OK https://skeb.jp/api/users/Acine_to
2026-09-18 06:19:14 | INFO     | Saving at a/skeb/Acine_to-909cb8.json
2026-09-18 06:19:15 | WARNING  | 404 on https://skeb.jp/api/users/daishimavt (attempt 1/3)
2026-09-18 06:19:16 | INFO     | OK https://skeb.jp/api/users/Meyu_8888
2026-09-18 06:19:16 | INFO     | Saving at a/skeb/Meyu_8888-ac7a83.json
2026-09-18 06:19:17 | INFO     | OK https://skeb.jp/api/users/tada_no_hito515
2026-09-18 06:19:17 | INFO     | Saving at a/skeb/tada_no_hito515-2df943.json
2026-09-18 06:19:18 | INFO     | OK https://skeb.jp/api/users/HitujiMinami
2026-09-18 06:19:18 | INFO     | Saving at a/skeb/HitujiMinami-1229ea.json
2026-09-18 06:19:19 | WARNING  | 404 on https://skeb.jp/api/users/daishimavt (attempt 2/3)
2026-09-18 06:19:20 | WARNING  | 404 on https://skeb.jp/api/users/kagio______yk (attempt 2/3)
2026-09-18 06:19:21 | INFO     | OK https://skeb.jp/api/users/_kohaku_meii_
2026-09-18 06:19:21 | INFO     | Saving at a/skeb/_kohaku_meii_-c3c543.json
2026-09-18 06:19:22 | INFO     | OK https://skeb.jp/api/users/kouta_TRPG
2026-09-18 06:19:22 | INFO     | Saving at a/skeb/kouta_TRPG-c7aa15.json
2026-09-18 06:19:23 | INFO     | OK https://skeb.jp/api/users/sai1_graph
2026-09-18 06:19:23 | INFO     | Saving at a/skeb/sai1_graph-6a14a8.json
2026-09-18 06:19:24 | WARNING  | 404 on https://skeb.jp/api/users/daishimavt (attempt 3/3)
2026-09-18 06:19:25 | INFO     | OK https://skeb.jp/api/users/synindx_73train
2026-09-18 06:19:25 | INFO     | Saving at a/skeb/synindx_73train-5b5ab3.json
2026-09-18 06:19:26 | INFO     | OK https://skeb.jp/api/users/hanabi4ano
2026-09-18 06:19:26 | INFO     | Saving at a/skeb/hanabi4ano-16f9a0.json
2026-09-18 06:19:27 | INFO     | OK https://skeb.jp/api/users/Cage__89
2026-09-18 06:19:27 | INFO     | Saving at a/skeb/Cage__89-62bf94.json
2026-09-18 06:19:28 | INFO     | OK https://skeb.jp/api/users/Esto_0079
2026-09-18 06:19:28 | INFO     | Saving at a/skeb/Esto_0079-cdaf42.json
2026-09-18 06:19:29 | INFO     | OK https://skeb.jp/api/users/NKuwon
2026-09-18 06:19:29 | INFO     | Saving at a/skeb/NKuwon-974059.json
2026-09-18 06:19:30 | INFO     | OK https://skeb.jp/api/users/egumonin
2026-09-18 06:19:30 | INFO     | Saving at a/skeb/egumonin-b41773.json
2026-09-18 06:19:31 | WARNING  | 404 on https://skeb.jp/api/users/vtuber (attempt 1/3)
2026-09-18 06:19:32 | INFO     | OK https://skeb.jp/api/users/nimoo_art
2026-09-18 06:19:32 | INFO     | Saving at a/skeb/nimoo_art-85355e.json
2026-09-18 06:19:33 | INFO     | OK https://skeb.jp/api/users/iQt9x
2026-09-18 06:19:33 | INFO     | Saving at a/skeb/iQt9x-925279.json
2026-09-18 06:19:34 | INFO     | OK https://skeb.jp/api/users/iwasi_29
2026-09-18 06:19:34 | INFO     | Saving at a/skeb/iwasi_29-a68453.json
2026-09-18 06:19:35 | INFO     | OK https://skeb.jp/api/users/dorucheru
2026-09-18 06:19:35 | INFO     | Saving at a/skeb/dorucheru-e98569.json
2026-09-18 06:19:36 | INFO     | OK https://skeb.jp/api/users/I_7190_I
2026-09-18 06:19:36 | INFO     | Saving at a/skeb/I_7190_I-998a65.json
2026-09-18 06:19:37 | INFO     | OK https://skeb.jp/api/users/fraitabit
2026-09-18 06:19:37 | INFO     | Saving at a/skeb/fraitabit-c3d5a6.json
2026-09-18 06:19:38 | INFO     | OK https://skeb.jp/api/users/Super_Houou
2026-09-18 06:19:38 | INFO     | Saving at a/skeb/Super_Houou-9926b7.json
2026-09-18 06:19:39 | INFO     | OK https://skeb.jp/api/users/52_DICE
2026-09-18 06:19:39 | INFO     | Saving at a/skeb/52_DICE-43a3ca.json
2026-09-18 06:19:40 | INFO     | OK https://skeb.jp/api/users/hachike2
2026-09-18 06:19:40 | INFO     | Saving at a/skeb/hachike2-af7c73.json
2026-09-18 06:19:41 | INFO     | OK https://skeb.jp/api/users/yukia0101
2026-09-18 06:19:41 | INFO     | Saving at a/skeb/yukia0101-62ea02.json
2026-09-18 06:19:42 | WARNING  | 404 on https://skeb.jp/api/users/vtuber (attempt 2/3)
2026-09-18 06:19:43 | INFO     | OK https://skeb.jp/api/users/KARASUKUN01
2026-09-18 06:19:43 | INFO     | Saving at a/skeb/KARASUKUN01-c38556.json
2026-09-18 06:19:44 | WARNING  | 404 on https://skeb.jp/api/users/kagio______yk (attempt 3/3)
2026-09-18 06:19:45 | INFO     | OK https://skeb.jp/api/users/kasuka_sub
2026-09-18 06:19:45 | INFO     | Saving at a/skeb/kasuka_sub-43e2ce.json
2026-09-18 06:19:46 | INFO     | OK https://skeb.jp/api/users/ronenerokun
2026-09-18 06:19:46 | INFO     | Saving at a/skeb/ronenerokun-0b6402.json
2026-09-18 06:19:47 | INFO     | OK https://skeb.jp/api/users/sinzinsitappa
2026-09-18 06:19:47 | INFO     | Saving at a/skeb/sinzinsitappa-e5a405.json
2026-09-18 06:19:48 | WARNING  | 404 on https://skeb.jp/api/users/vtuber (attempt 3/3)
2026-09-18 06:19:49 | INFO     | OK https://skeb.jp/api/users/gyunyupixiv
2026-09-18 06:19:49 | INFO     | Saving at a/skeb/gyunyupixiv-cdcc57.json
2026-09-18 06:19:50 | INFO     | OK https://skeb.jp/api/users/krn_stn
2026-09-18 06:19:50 | INFO     | Saving at a/skeb/krn_stn-e314dd.json
2026-09-18 06:19:51 | INFO     | OK https://skeb.jp/api/users/NIMONO_ODEN
2026-09-18 06:19:51 | INFO     | Saving at a/skeb/NIMONO_ODEN-9f30a2.json
2026-09-18 06:19:52 | INFO     | OK https://skeb.jp/api/users/GOBOTENICE
2026-09-18 06:19:52 | INFO     | Saving at a/skeb/GOBOTENICE-da2f02.json
2026-09-18 06:19:53 | INFO     | OK https://skeb.jp/api/users/hrairoo1
2026-09-18 06:19:53 | INFO     | Saving at a/skeb/hrairoo1-decf68.json
2026-09-18 06:19:54 | WARNING  | 404 on https://skeb.jp/api/users/Akarisu (attempt 1/3)
2026-09-18 06:19:55 | INFO     | OK https://skeb.jp/api/users/zero1_012
2026-09-18 06:19:55 | INFO     | Saving at a/skeb/zero1_012-1ffa76.json
2026-09-18 06:19:56 | INFO     | OK https://skeb.jp/api/users/blau_frosch
2026-09-18 06:19:56 | INFO     | Saving at a/skeb/blau_frosch-ec6c5b.json
2026-09-18 06:19:57 | INFO     | OK https://skeb.jp/api/users/Komemamesub
2026-09-18 06:19:57 | INFO     | Saving at a/skeb/Komemamesub-ca6359.json
2026-09-18 06:19:58 | INFO     | OK https://skeb.jp/api/users/Konoha217
2026-09-18 06:19:58 | INFO     | Saving at a/skeb/Konoha217-9acc29.json
2026-09-18 06:19:59 | INFO     | OK https://skeb.jp/api/users/Kurone_Nekoriri
2026-09-18 06:19:59 | INFO     | Saving at a/skeb/Kurone_Nekoriri-c82752.json
2026-09-18 06:20:00 | INFO     | OK https://skeb.jp/api/users/water777s3
2026-09-18 06:20:00 | INFO     | Saving at a/skeb/water777s3-125bd2.json
2026-09-18 06:20:01 | WARNING  | 404 on https://skeb.jp/api/users/shineartworks (attempt 1/3)
2026-09-18 06:20:02 | WARNING  | 404 on https://skeb.jp/api/users/serichan (attempt 1/3)
2026-09-18 06:20:03 | INFO     | OK https://skeb.jp/api/users/cocoa10sugar
2026-09-18 06:20:03 | INFO     | Saving at a/skeb/cocoa10sugar-767d77.json
2026-09-18 06:20:04 | INFO     | OK https://skeb.jp/api/users/Ju3CXQKO75M199R
2026-09-18 06:20:04 | INFO     | Saving at a/skeb/Ju3CXQKO75M199R-151185.json
2026-09-18 06:20:05 | WARNING  | 404 on https://skeb.jp/api/users/shineartworks (attempt 2/3)
2026-09-18 06:20:06 | WARNING  | 404 on https://skeb.jp/api/users/devil__candy (attempt 1/3)
2026-09-18 06:20:07 | INFO     | OK https://skeb.jp/api/users/mmmpi54
2026-09-18 06:20:07 | INFO     | Saving at a/skeb/mmmpi54-311a4c.json
2026-09-18 06:20:08 | INFO     | OK https://skeb.jp/api/users/zarame_zarame00
2026-09-18 06:20:08 | INFO     | Saving at a/skeb/zarame_zarame00-f1df19.json
2026-09-18 06:20:09 | INFO     | OK https://skeb.jp/api/users/soiyamike
2026-09-18 06:20:09 | INFO     | Saving at a/skeb/soiyamike-15f9f8.json
2026-09-18 06:20:10 | WARNING  | 404 on https://skeb.jp/api/users/devil__candy (attempt 2/3)
2026-09-18 06:20:11 | INFO     | OK https://skeb.jp/api/users/siro_konnyaku
2026-09-18 06:20:11 | INFO     | Saving at a/skeb/siro_konnyaku-474053.json
2026-09-18 06:20:12 | WARNING  | 404 on https://skeb.jp/api/users/shineartworks (attempt 3/3)
2026-09-18 06:20:13 | WARNING  | 404 on https://skeb.jp/api/users/serichan (attempt 2/3)
2026-09-18 06:20:14 | INFO     | OK https://skeb.jp/api/users/0ikdeer
2026-09-18 06:20:14 | INFO     | Saving at a/skeb/0ikdeer-ccf4e6.json
2026-09-18 06:20:15 | INFO     | OK https://skeb.jp/api/users/koga_hrt88
2026-09-18 06:20:15 | INFO     | Saving at a/skeb/koga_hrt88-fd4205.json
2026-09-18 06:20:16 | INFO     | OK https://skeb.jp/api/users/kemonngo
2026-09-18 06:20:16 | INFO     | Saving at a/skeb/kemonngo-c0739c.json
2026-09-18 06:20:17 | INFO     | OK https://skeb.jp/api/users/sazyou_dnrk
2026-09-18 06:20:17 | INFO     | Saving at a/skeb/sazyou_dnrk-b19c10.json
2026-09-18 06:20:18 | INFO     | OK https://skeb.jp/api/users/ZZsewage
2026-09-18 06:20:18 | INFO     | Saving at a/skeb/ZZsewage-c57757.json
2026-09-18 06:20:19 | INFO     | OK https://skeb.jp/api/users/yudooooll1219
2026-09-18 06:20:19 | INFO     | Saving at a/skeb/yudooooll1219-05fa8d.json
2026-09-18 06:20:20 | INFO     | OK https://skeb.jp/api/users/ars369SS
2026-09-18 06:20:20 | INFO     | Saving at a/skeb/ars369SS-a8643b.json
2026-09-18 06:20:21 | WARNING  | 404 on https://skeb.jp/api/users/Akarisu (attempt 2/3)
2026-09-18 06:20:22 | INFO     | OK https://skeb.jp/api/users/GAMI37260414
2026-09-18 06:20:22 | INFO     | Saving at a/skeb/GAMI37260414-be908c.json
2026-09-18 06:20:23 | INFO     | OK https://skeb.jp/api/users/RoA_kyabetu
2026-09-18 06:20:23 | INFO     | Saving at a/skeb/RoA_kyabetu-5ee2a8.json
2026-09-18 06:20:24 | INFO     | OK https://skeb.jp/api/users/nagets_re
2026-09-18 06:20:24 | INFO     | Saving at a/skeb/nagets_re-cd4d92.json
2026-09-18 06:20:25 | WARNING  | 404 on https://skeb.jp/api/users/devil__candy (attempt 3/3)
2026-09-18 06:20:26 | WARNING  | 404 on https://skeb.jp/api/users/Akarisu (attempt 3/3)
2026-09-18 06:20:27 | INFO     | OK https://skeb.jp/api/users/Yuno_AOwO
2026-09-18 06:20:27 | INFO     | Saving at a/skeb/Yuno_AOwO-c73145.json
2026-09-18 06:20:28 | INFO     | OK https://skeb.jp/api/users/myu633nmnm
2026-09-18 06:20:28 | INFO     | Saving at a/skeb/myu633nmnm-e56a9a.json
2026-09-18 06:20:29 | INFO     | OK https://skeb.jp/api/users/chococakepicnic
2026-09-18 06:20:29 | INFO     | Saving at a/skeb/chococakepicnic-2fc807.json
2026-09-18 06:20:30 | INFO     | OK https://skeb.jp/api/users/okiya0808
2026-09-18 06:20:30 | INFO     | Saving at a/skeb/okiya0808-21666e.json
2026-09-18 06:20:31 | INFO     | OK https://skeb.jp/api/users/freon_holon
2026-09-18 06:20:31 | INFO     | Saving at a/skeb/freon_holon-54df89.json
2026-09-18 06:20:32 | INFO     | OK https://skeb.jp/api/users/Gatasu313
2026-09-18 06:20:32 | INFO     | Saving at a/skeb/Gatasu313-f4c207.json
2026-09-18 06:20:33 | INFO     | OK https://skeb.jp/api/users/mptremn55
2026-09-18 06:20:33 | INFO     | Saving at a/skeb/mptremn55-17635a.json
2026-09-18 06:20:34 | INFO     | OK https://skeb.jp/api/users/gorillagori21
2026-09-18 06:20:34 | INFO     | Saving at a/skeb/gorillagori21-5ab104.json
2026-09-18 06:20:35 | INFO     | OK https://skeb.jp/api/users/STZZSS
2026-09-18 06:20:35 | INFO     | Saving at a/skeb/STZZSS-8d996f.json
2026-09-18 06:20:36 | INFO     | OK https://skeb.jp/api/users/uni_3u
2026-09-18 06:20:36 | INFO     | Saving at a/skeb/uni_3u-41a60c.json
2026-09-18 06:20:37 | INFO     | OK https://skeb.jp/api/users/hibati_trpg
2026-09-18 06:20:37 | INFO     | Saving at a/skeb/hibati_trpg-47a197.json
2026-09-18 06:20:38 | INFO     | OK https://skeb.jp/api/users/shan_shan_net
2026-09-18 06:20:38 | INFO     | Saving at a/skeb/shan_shan_net-86a584.json
2026-09-18 06:20:39 | INFO     | OK https://skeb.jp/api/users/not_ENDing_777
2026-09-18 06:20:39 | INFO     | Saving at a/skeb/not_ENDing_777-dc472d.json
2026-09-18 06:20:40 | INFO     | OK https://skeb.jp/api/users/sorattyu
2026-09-18 06:20:40 | INFO     | Saving at a/skeb/sorattyu-21afac.json
2026-09-18 06:20:41 | WARNING  | 404 on https://skeb.jp/api/users/serichan (attempt 3/3)
2026-09-18 06:20:42 | INFO     | OK https://skeb.jp/api/users/Else_Ursids
2026-09-18 06:20:42 | INFO     | Saving at a/skeb/Else_Ursids-ee01c2.json
2026-09-18 06:20:43 | INFO     | OK https://skeb.jp/api/users/v_xll3_
2026-09-18 06:20:43 | INFO     | Saving at a/skeb/v_xll3_-d5a721.json
2026-09-18 06:20:44 | INFO     | OK https://skeb.jp/api/users/EkacheriX
2026-09-18 06:20:44 | INFO     | Saving at a/skeb/EkacheriX-ba6b37.json
2026-09-18 06:20:45 | INFO     | OK https://skeb.jp/api/users/maru23007
2026-09-18 06:20:45 | INFO     | Saving at a/skeb/maru23007-98e766.json
2026-09-18 06:20:46 | INFO     | OK https://skeb.jp/api/users/8_31x103
2026-09-18 06:20:46 | INFO     | Saving at a/skeb/8_31x103-812741.json
2026-09-18 06:20:47 | INFO     | OK https://skeb.jp/api/users/amam0li
2026-09-18 06:20:47 | INFO     | Saving at a/skeb/amam0li-60efaf.json
2026-09-18 06:20:48 | INFO     | OK https://skeb.jp/api/users/himegamik
2026-09-18 06:20:48 | INFO     | Saving at a/skeb/himegamik-0e92d8.json
2026-09-18 06:20:49 | INFO     | OK https://skeb.jp/api/users/18KTettttt
2026-09-18 06:20:49 | INFO     | Saving at a/skeb/18KTettttt-47d6a9.json
2026-09-18 06:20:50 | INFO     | OK https://skeb.jp/api/users/jinb9
2026-09-18 06:20:50 | INFO     | Saving at a/skeb/jinb9-d40e1f.json
2026-09-18 06:20:51 | INFO     | OK https://skeb.jp/api/users/ROHA_KMKS
2026-09-18 06:20:51 | INFO     | Saving at a/skeb/ROHA_KMKS-4b585d.json
2026-09-18 06:20:52 | INFO     | OK https://skeb.jp/api/users/harusaki_shihon
2026-09-18 06:20:52 | INFO     | Saving at a/skeb/harusaki_shihon-2183c0.json
2026-09-18 06:20:53 | INFO     | OK https://skeb.jp/api/users/taisandesuyo
2026-09-18 06:20:53 | INFO     | Saving at a/skeb/taisandesuyo-2d5266.json
2026-09-18 06:20:54 | INFO     | OK https://skeb.jp/api/users/tachibana00
2026-09-18 06:20:54 | INFO     | Saving at a/skeb/tachibana00-5d75d6.json
2026-09-18 06:20:55 | INFO     | OK https://skeb.jp/api/users/K_Kagurazaka
2026-09-18 06:20:55 | INFO     | Saving at a/skeb/K_Kagurazaka-08fe1b.json
2026-09-18 06:20:56 | INFO     | OK https://skeb.jp/api/users/SeekingOxygen
2026-09-18 06:20:56 | INFO     | Saving at a/skeb/SeekingOxygen-b3d571.json
2026-09-18 06:20:57 | INFO     | OK https://skeb.jp/api/users/ochi_opuntia
2026-09-18 06:20:57 | INFO     | Saving at a/skeb/ochi_opuntia-064083.json
2026-09-18 06:20:58 | INFO     | OK https://skeb.jp/api/users/Yuzuyuyuzu
2026-09-18 06:20:58 | INFO     | Saving at a/skeb/Yuzuyuyuzu-d7a11c.json
2026-09-18 06:20:59 | INFO     | OK https://skeb.jp/api/users/thm061
2026-09-18 06:20:59 | INFO     | Saving at a/skeb/thm061-9b8a94.json
2026-09-18 06:21:00 | INFO     | OK https://skeb.jp/api/users/yukichi_0529
2026-09-18 06:21:00 | INFO     | Saving at a/skeb/yukichi_0529-141fb0.json
2026-09-18 06:21:01 | INFO     | OK https://skeb.jp/api/users/enyuku_nyamo
2026-09-18 06:21:01 | INFO     | Saving at a/skeb/enyuku_nyamo-b3aa60.json
2026-09-18 06:21:02 | INFO     | OK https://skeb.jp/api/users/suke_sane
2026-09-18 06:21:02 | INFO     | Saving at a/skeb/suke_sane-bcd2f9.json
2026-09-18 06:21:03 | INFO     | OK https://skeb.jp/api/users/Roa_Kemoner
2026-09-18 06:21:03 | INFO     | Saving at a/skeb/Roa_Kemoner-9132bc.json
2026-09-18 06:21:04 | INFO     | OK https://skeb.jp/api/users/qJHSdwVNXvBBGxL
2026-09-18 06:21:04 | INFO     | Saving at a/skeb/qJHSdwVNXvBBGxL-004571.json
2026-09-18 06:21:05 | INFO     | OK https://skeb.jp/api/users/Runa_7733
2026-09-18 06:21:05 | INFO     | Saving at a/skeb/Runa_7733-bfdd2f.json
2026-09-18 06:21:06 | INFO     | OK https://skeb.jp/api/users/mimishippo_suki
2026-09-18 06:21:06 | INFO     | Saving at a/skeb/mimishippo_suki-51d387.json
2026-09-18 06:21:07 | INFO     | OK https://skeb.jp/api/users/shiori_komugiko
2026-09-18 06:21:07 | INFO     | Saving at a/skeb/shiori_komugiko-652659.json
2026-09-18 06:21:08 | WARNING  | 404 on https://skeb.jp/api/users/user425_m (attempt 1/3)
2026-09-18 06:21:09 | INFO     | OK https://skeb.jp/api/users/kosame_ring
2026-09-18 06:21:09 | INFO     | Saving at a/skeb/kosame_ring-98ce79.json
2026-09-18 06:21:10 | INFO     | OK https://skeb.jp/api/users/bonomatsusan
2026-09-18 06:21:10 | INFO     | Saving at a/skeb/bonomatsusan-b110d5.json
2026-09-18 06:21:11 | WARNING  | 404 on https://skeb.jp/api/users/user425_m (attempt 2/3)
2026-09-18 06:21:12 | INFO     | OK https://skeb.jp/api/users/shiso_e
2026-09-18 06:21:12 | INFO     | Saving at a/skeb/shiso_e-8c7bec.json
2026-09-18 06:21:13 | INFO     | OK https://skeb.jp/api/users/foxx
2026-09-18 06:21:13 | INFO     | Saving at a/skeb/foxx-f1e8f1.json
2026-09-18 06:21:14 | INFO     | OK https://skeb.jp/api/users/Yogirimiri
2026-09-18 06:21:14 | INFO     | Saving at a/skeb/Yogirimiri-a60528.json
2026-09-18 06:21:15 | INFO     | OK https://skeb.jp/api/users/skebghvf
2026-09-18 06:21:15 | INFO     | Saving at a/skeb/skebghvf-e6387b.json
2026-09-18 06:21:16 | WARNING  | 404 on https://skeb.jp/api/users/user425_m (attempt 3/3)
2026-09-18 06:21:17 | INFO     | OK https://skeb.jp/api/users/sabakanff
2026-09-18 06:21:17 | INFO     | Saving at a/skeb/sabakanff-480076.json
2026-09-18 06:21:18 | INFO     | OK https://skeb.jp/api/users/alicetti1214
2026-09-18 06:21:18 | INFO     | Saving at a/skeb/alicetti1214-7690a8.json
2026-09-18 06:21:19 | INFO     | OK https://skeb.jp/api/users/nanabako_7
2026-09-18 06:21:19 | INFO     | Saving at a/skeb/nanabako_7-ca4639.json
2026-09-18 06:21:20 | INFO     | OK https://skeb.jp/api/users/0ud0ntabetabe
2026-09-18 06:21:20 | INFO     | Saving at a/skeb/0ud0ntabetabe-95a309.json
2026-09-18 06:21:21 | INFO     | OK https://skeb.jp/api/users/_NAYUTA_321
2026-09-18 06:21:21 | INFO     | Saving at a/skeb/_NAYUTA_321-a20b65.json
2026-09-18 06:21:22 | INFO     | OK https://skeb.jp/api/users/Eyunanoheya
2026-09-18 06:21:22 | INFO     | Saving at a/skeb/Eyunanoheya-6c3b38.json
2026-09-18 06:21:23 | INFO     | OK https://skeb.jp/api/users/yor_hedera86
2026-09-18 06:21:23 | INFO     | Saving at a/skeb/yor_hedera86-666aff.json
2026-09-18 06:21:24 | INFO     | OK https://skeb.jp/api/users/mozu18
2026-09-18 06:21:24 | INFO     | Saving at a/skeb/mozu18-f97d54.json
2026-09-18 06:21:25 | INFO     | OK https://skeb.jp/api/users/Azurite_yukkuri
2026-09-18 06:21:25 | INFO     | Saving at a/skeb/Azurite_yukkuri-c27752.json
2026-09-18 06:21:26 | INFO     | OK https://skeb.jp/api/users/shikuraantoast
2026-09-18 06:21:26 | INFO     | Saving at a/skeb/shikuraantoast-294cbd.json
2026-09-18 06:21:27 | INFO     | OK https://skeb.jp/api/users/kurumiken
2026-09-18 06:21:27 | INFO     | Saving at a/skeb/kurumiken-a7a848.json
2026-09-18 06:21:28 | WARNING  | 404 on https://skeb.jp/api/users/gremlintot (attempt 1/3)
2026-09-18 06:21:29 | INFO     | OK https://skeb.jp/api/users/mayunas_
2026-09-18 06:21:29 | INFO     | Saving at a/skeb/mayunas_-2b6d7a.json
2026-09-18 06:21:30 | INFO     | OK https://skeb.jp/api/users/sai7
2026-09-18 06:21:30 | INFO     | Saving at a/skeb/sai7-3b0fbc.json
2026-09-18 06:21:31 | INFO     | OK https://skeb.jp/api/users/creativecabinet
2026-09-18 06:21:31 | INFO     | Saving at a/skeb/creativecabinet-9daa14.json
2026-09-18 06:21:32 | INFO     | OK https://skeb.jp/api/users/tokumei111234
2026-09-18 06:21:32 | INFO     | Saving at a/skeb/tokumei111234-9cb399.json
2026-09-18 06:21:33 | INFO     | OK https://skeb.jp/api/users/hemorina
2026-09-18 06:21:33 | INFO     | Saving at a/skeb/hemorina-7499a2.json
2026-09-18 06:21:34 | WARNING  | 404 on https://skeb.jp/api/users/gremlintot (attempt 2/3)
2026-09-18 06:21:35 | INFO     | OK https://skeb.jp/api/users/M___0706___
2026-09-18 06:21:35 | INFO     | Saving at a/skeb/M___0706___-7633b4.json
2026-09-18 06:21:36 | INFO     | OK https://skeb.jp/api/users/KS18aaaaa
2026-09-18 06:21:36 | INFO     | Saving at a/skeb/KS18aaaaa-64b7b5.json
2026-09-18 06:21:37 | INFO     | OK https://skeb.jp/api/users/sakamoto0214
2026-09-18 06:21:37 | INFO     | Saving at a/skeb/sakamoto0214-b503e4.json
2026-09-18 06:21:38 | WARNING  | 404 on https://skeb.jp/api/users/MyAvelinee (attempt 1/3)
2026-09-18 06:21:39 | INFO     | OK https://skeb.jp/api/users/kazane_henka
2026-09-18 06:21:39 | INFO     | Saving at a/skeb/kazane_henka-f53b61.json
2026-09-18 06:21:40 | INFO     | OK https://skeb.jp/api/users/fuwa_shiraumi
2026-09-18 06:21:40 | INFO     | Saving at a/skeb/fuwa_shiraumi-ba88ef.json
2026-09-18 06:21:41 | INFO     | OK https://skeb.jp/api/users/omutumann_
2026-09-18 06:21:41 | INFO     | Saving at a/skeb/omutumann_-48d40d.json
2026-09-18 06:21:42 | WARNING  | 404 on https://skeb.jp/api/users/MyAvelinee (attempt 2/3)
2026-09-18 06:21:43 | INFO     | OK https://skeb.jp/api/users/amakisiyo
2026-09-18 06:21:43 | INFO     | Saving at a/skeb/amakisiyo-5efcd5.json
2026-09-18 06:21:44 | INFO     | OK https://skeb.jp/api/users/Darkmin2p053er
2026-09-18 06:21:44 | INFO     | Saving at a/skeb/Darkmin2p053er-04c387.json
2026-09-18 06:21:45 | WARNING  | 404 on https://skeb.jp/api/users/da_simae_surume (attempt 1/3)
2026-09-18 06:21:46 | INFO     | OK https://skeb.jp/api/users/_ninishi_1
2026-09-18 06:21:46 | INFO     | Saving at a/skeb/_ninishi_1-c0e4cc.json
2026-09-18 06:21:47 | INFO     | OK https://skeb.jp/api/users/_NEOGORILLA
2026-09-18 06:21:47 | INFO     | Saving at a/skeb/_NEOGORILLA-363cf2.json
2026-09-18 06:21:48 | INFO     | OK https://skeb.jp/api/users/lcxnv_
2026-09-18 06:21:48 | INFO     | Saving at a/skeb/lcxnv_-2e8445.json
2026-09-18 06:21:49 | INFO     | OK https://skeb.jp/api/users/kanato_3456
2026-09-18 06:21:49 | INFO     | Saving at a/skeb/kanato_3456-597ce7.json
2026-09-18 06:21:50 | INFO     | OK https://skeb.jp/api/users/yurunezi
2026-09-18 06:21:50 | INFO     | Saving at a/skeb/yurunezi-5d54ab.json
2026-09-18 06:21:51 | INFO     | OK https://skeb.jp/api/users/kura_shiba_
2026-09-18 06:21:51 | INFO     | Saving at a/skeb/kura_shiba_-0285a4.json
2026-09-18 06:21:52 | INFO     | OK https://skeb.jp/api/users/daisangen_1991
2026-09-18 06:21:52 | INFO     | Saving at a/skeb/daisangen_1991-614433.json
2026-09-18 06:21:53 | WARNING  | 404 on https://skeb.jp/api/users/gremlintot (attempt 3/3)
2026-09-18 06:21:54 | INFO     | OK https://skeb.jp/api/users/nanaiwa47
2026-09-18 06:21:54 | INFO     | Saving at a/skeb/nanaiwa47-3c5dff.json
2026-09-18 06:21:55 | INFO     | OK https://skeb.jp/api/users/dai00888
2026-09-18 06:21:55 | INFO     | Saving at a/skeb/dai00888-846232.json
2026-09-18 06:21:56 | WARNING  | 404 on https://skeb.jp/api/users/MyAvelinee (attempt 3/3)
2026-09-18 06:21:57 | INFO     | OK https://skeb.jp/api/users/Cleyseamod4
2026-09-18 06:21:57 | INFO     | Saving at a/skeb/Cleyseamod4-3db9cf.json
2026-09-18 06:21:58 | INFO     | OK https://skeb.jp/api/users/Ervin0083
2026-09-18 06:21:58 | INFO     | Saving at a/skeb/Ervin0083-b19053.json
2026-09-18 06:21:59 | INFO     | OK https://skeb.jp/api/users/Golden_moteo
2026-09-18 06:21:59 | INFO     | Saving at a/skeb/Golden_moteo-b50679.json
2026-09-18 06:22:00 | INFO     | OK https://skeb.jp/api/users/yukiiii___saka
2026-09-18 06:22:00 | INFO     | Saving at a/skeb/yukiiii___saka-05a175.json
2026-09-18 06:22:01 | INFO     | OK https://skeb.jp/api/users/Castle_Ephraim
2026-09-18 06:22:01 | INFO     | Saving at a/skeb/Castle_Ephraim-fe8bd0.json
2026-09-18 06:22:02 | INFO     | OK https://skeb.jp/api/users/kikurage_vrc
2026-09-18 06:22:02 | INFO     | Saving at a/skeb/kikurage_vrc-81cf58.json
2026-09-18 06:22:03 | INFO     | OK https://skeb.jp/api/users/nekorider01
2026-09-18 06:22:03 | INFO     | Saving at a/skeb/nekorider01-e84bc3.json
2026-09-18 06:22:04 | INFO     | OK https://skeb.jp/api/users/unanagi_333
2026-09-18 06:22:04 | INFO     | Saving at a/skeb/unanagi_333-8c8936.json
2026-09-18 06:22:05 | INFO     | OK https://skeb.jp/api/users/karadakitaeyou
2026-09-18 06:22:05 | INFO     | Saving at a/skeb/karadakitaeyou-72d3f7.json
2026-09-18 06:22:06 | INFO     | OK https://skeb.jp/api/users/y8m38
2026-09-18 06:22:06 | INFO     | Saving at a/skeb/y8m38-627b02.json
2026-09-18 06:22:07 | INFO     | OK https://skeb.jp/api/users/taditadi
2026-09-18 06:22:07 | INFO     | Saving at a/skeb/taditadi-21848d.json
2026-09-18 06:22:08 | INFO     | OK https://skeb.jp/api/users/yukinoneco_sub
2026-09-18 06:22:08 | INFO     | Saving at a/skeb/yukinoneco_sub-954da1.json
2026-09-18 06:22:09 | INFO     | OK https://skeb.jp/api/users/shiika_0520
2026-09-18 06:22:09 | INFO     | Saving at a/skeb/shiika_0520-a89577.json
2026-09-18 06:22:10 | INFO     | OK https://skeb.jp/api/users/urxoq
2026-09-18 06:22:10 | INFO     | Saving at a/skeb/urxoq-9e556f.json
2026-09-18 06:22:11 | INFO     | OK https://skeb.jp/api/users/shima_m0y0u
2026-09-18 06:22:11 | INFO     | Saving at a/skeb/shima_m0y0u-d89e64.json
2026-09-18 06:22:12 | WARNING  | 404 on https://skeb.jp/api/users/da_simae_surume (attempt 2/3)
2026-09-18 06:22:13 | INFO     | OK https://skeb.jp/api/users/hasucal
2026-09-18 06:22:13 | INFO     | Saving at a/skeb/hasucal-fdad75.json
2026-09-18 06:22:14 | INFO     | OK https://skeb.jp/api/users/karikankan
2026-09-18 06:22:14 | INFO     | Saving at a/skeb/karikankan-b4a90a.json
2026-09-18 06:22:15 | INFO     | OK https://skeb.jp/api/users/suya__0x0
2026-09-18 06:22:15 | INFO     | Saving at a/skeb/suya__0x0-6f7e4d.json
2026-09-18 06:22:16 | INFO     | OK https://skeb.jp/api/users/hika_mn
2026-09-18 06:22:16 | INFO     | Saving at a/skeb/hika_mn-4836ec.json
2026-09-18 06:22:17 | INFO     | OK https://skeb.jp/api/users/AyamomiK1
2026-09-18 06:22:17 | INFO     | Saving at a/skeb/AyamomiK1-d28193.json
2026-09-18 06:22:18 | INFO     | OK https://skeb.jp/api/users/WhiteTiger_0126
2026-09-18 06:22:18 | INFO     | Saving at a/skeb/WhiteTiger_0126-6b57b9.json
2026-09-18 06:22:19 | INFO     | OK https://skeb.jp/api/users/rp85x
2026-09-18 06:22:19 | INFO     | Saving at a/skeb/rp85x-616daa.json
2026-09-18 06:22:20 | WARNING  | 404 on https://skeb.jp/api/users/da_simae_surume (attempt 3/3)
2026-09-18 06:22:21 | INFO     | OK https://skeb.jp/api/users/yoru_skeb
2026-09-18 06:22:21 | INFO     | Saving at a/skeb/yoru_skeb-78ba8e.json
2026-09-18 06:22:22 | INFO     | OK https://skeb.jp/api/users/suiu_4
2026-09-18 06:22:22 | INFO     | Saving at a/skeb/suiu_4-ca63f3.json
2026-09-18 06:22:23 | INFO     | OK https://skeb.jp/api/users/maye_rxx
2026-09-18 06:22:23 | INFO     | Saving at a/skeb/maye_rxx-d84a3e.json
2026-09-18 06:22:24 | INFO     | OK https://skeb.jp/api/users/toobi365
2026-09-18 06:22:24 | INFO     | Saving at a/skeb/toobi365-95809d.json
2026-09-18 06:22:25 | INFO     | OK https://skeb.jp/api/users/piiiyukiiiq
2026-09-18 06:22:25 | INFO     | Saving at a/skeb/piiiyukiiiq-805265.json
2026-09-18 06:22:26 | INFO     | OK https://skeb.jp/api/users/9pokamoyo
2026-09-18 06:22:26 | INFO     | Saving at a/skeb/9pokamoyo-395231.json
2026-09-18 06:22:27 | INFO     | OK https://skeb.jp/api/users/akou001
2026-09-18 06:22:27 | INFO     | Saving at a/skeb/akou001-07a473.json
2026-09-18 06:22:28 | INFO     | OK https://skeb.jp/api/users/YomogiMochi0827
2026-09-18 06:22:28 | INFO     | Saving at a/skeb/YomogiMochi0827-91df5b.json
2026-09-18 06:22:29 | INFO     | OK https://skeb.jp/api/users/noYqrn1_Illust
2026-09-18 06:22:29 | INFO     | Saving at a/skeb/noYqrn1_Illust-dbaf01.json
2026-09-18 06:22:30 | INFO     | OK https://skeb.jp/api/users/amatuka_hitomi
2026-09-18 06:22:30 | INFO     | Saving at a/skeb/amatuka_hitomi-c57677.json
2026-09-18 06:22:31 | INFO     | OK https://skeb.jp/api/users/qSqbV30D4mhBonq
2026-09-18 06:22:31 | INFO     | Saving at a/skeb/qSqbV30D4mhBonq-819046.json
2026-09-18 06:22:32 | INFO     | OK https://skeb.jp/api/users/ikemaziro
2026-09-18 06:22:32 | INFO     | Saving at a/skeb/ikemaziro-a0cf8a.json
2026-09-18 06:22:33 | INFO     | OK https://skeb.jp/api/users/cho580872171943
2026-09-18 06:22:33 | INFO     | Saving at a/skeb/cho580872171943-13dbd0.json
2026-09-18 06:22:34 | INFO     | OK https://skeb.jp/api/users/tuna__kanzume
2026-09-18 06:22:34 | INFO     | Saving at a/skeb/tuna__kanzume-c1db3c.json
2026-09-18 06:22:35 | INFO     | OK https://skeb.jp/api/users/5em8f
2026-09-18 06:22:35 | INFO     | Saving at a/skeb/5em8f-3db1f9.json
2026-09-18 06:22:36 | INFO     | OK https://skeb.jp/api/users/nnmn70
2026-09-18 06:22:36 | INFO     | Saving at a/skeb/nnmn70-59c728.json
2026-09-18 06:22:37 | INFO     | OK https://skeb.jp/api/users/ch4_n2o
2026-09-18 06:22:37 | INFO     | Saving at a/skeb/ch4_n2o-2c2f48.json
2026-09-18 06:22:38 | INFO     | OK https://skeb.jp/api/users/katorixIllust
2026-09-18 06:22:38 | INFO     | Saving at a/skeb/katorixIllust-4b099a.json
2026-09-18 06:22:39 | INFO     | OK https://skeb.jp/api/users/ninjinpon3
2026-09-18 06:22:39 | INFO     | Saving at a/skeb/ninjinpon3-302dc2.json
2026-09-18 06:22:40 | INFO     | OK https://skeb.jp/api/users/asaumelove2
2026-09-18 06:22:40 | INFO     | Saving at a/skeb/asaumelove2-0dd452.json
2026-09-18 06:22:41 | INFO     | OK https://skeb.jp/api/users/Baketsu_0423_
2026-09-18 06:22:41 | INFO     | Saving at a/skeb/Baketsu_0423_-e21f9d.json
2026-09-18 06:22:42 | INFO     | OK https://skeb.jp/api/users/uumaluo
2026-09-18 06:22:42 | INFO     | Saving at a/skeb/uumaluo-076e4f.json
2026-09-18 06:22:43 | INFO     | OK https://skeb.jp/api/users/bomellia
2026-09-18 06:22:43 | INFO     | Saving at a/skeb/bomellia-8a3d0a.json
2026-09-18 06:22:44 | INFO     | OK https://skeb.jp/api/users/mendosu
2026-09-18 06:22:44 | INFO     | Saving at a/skeb/mendosu-b1ffe1.json
2026-09-18 06:22:45 | INFO     | OK https://skeb.jp/api/users/CIBARINKA
2026-09-18 06:22:45 | INFO     | Saving at a/skeb/CIBARINKA-76f9c1.json
2026-09-18 06:22:46 | INFO     | OK https://skeb.jp/api/users/4b_ih
2026-09-18 06:22:46 | INFO     | Saving at a/skeb/4b_ih-086d92.json
2026-09-18 06:22:47 | INFO     | OK https://skeb.jp/api/users/enzerutarutopaf
2026-09-18 06:22:47 | INFO     | Saving at a/skeb/enzerutarutopaf-1955b7.json
2026-09-18 06:22:48 | INFO     | OK https://skeb.jp/api/users/canariadraw
2026-09-18 06:22:48 | INFO     | Saving at a/skeb/canariadraw-dd5213.json
2026-09-18 06:22:49 | INFO     | OK https://skeb.jp/api/users/hige_duck
2026-09-18 06:22:49 | INFO     | Saving at a/skeb/hige_duck-77ad1f.json
2026-09-18 06:22:50 | INFO     | OK https://skeb.jp/api/users/tamagooishiizo
2026-09-18 06:22:50 | INFO     | Saving at a/skeb/tamagooishiizo-6958fd.json
2026-09-18 06:22:51 | INFO     | OK https://skeb.jp/api/users/lolicon_m777
2026-09-18 06:22:51 | INFO     | Saving at a/skeb/lolicon_m777-285430.json
2026-09-18 06:22:52 | INFO     | OK https://skeb.jp/api/users/nanakusa777
2026-09-18 06:22:52 | INFO     | Saving at a/skeb/nanakusa777-cf9d71.json
2026-09-18 06:22:53 | INFO     | OK https://skeb.jp/api/users/sabawye_TRPG
2026-09-18 06:22:53 | INFO     | Saving at a/skeb/sabawye_TRPG-8cf720.json
2026-09-18 06:22:54 | WARNING  | 404 on https://skeb.jp/api/users/mimisomin (attempt 1/3)
2026-09-18 06:22:55 | INFO     | OK https://skeb.jp/api/users/s30N0r
2026-09-18 06:22:55 | INFO     | Saving at a/skeb/s30N0r-291fc3.json
2026-09-18 06:22:56 | INFO     | OK https://skeb.jp/api/users/M_0506
2026-09-18 06:22:56 | INFO     | Saving at a/skeb/M_0506-60ea09.json
2026-09-18 06:22:57 | INFO     | OK https://skeb.jp/api/users/CJ_dinosaurs
2026-09-18 06:22:57 | INFO     | Saving at a/skeb/CJ_dinosaurs-c0e0e3.json
2026-09-18 06:22:58 | INFO     | OK https://skeb.jp/api/users/yk_tbt_zzz
2026-09-18 06:22:58 | INFO     | Saving at a/skeb/yk_tbt_zzz-bd9785.json
2026-09-18 06:22:59 | WARNING  | 404 on https://skeb.jp/api/users/akarisu (attempt 1/3)
2026-09-18 06:23:00 | INFO     | OK https://skeb.jp/api/users/miya_d
2026-09-18 06:23:00 | INFO     | Saving at a/skeb/miya_d-1ba8b5.json
2026-09-18 06:23:01 | INFO     | OK https://skeb.jp/api/users/Miho_Mimura
2026-09-18 06:23:01 | INFO     | Saving at a/skeb/Miho_Mimura-ee39fc.json
2026-09-18 06:23:02 | WARNING  | 404 on https://skeb.jp/api/users/mimisomin (attempt 2/3)
2026-09-18 06:23:03 | INFO     | OK https://skeb.jp/api/users/hayao_abaaa
2026-09-18 06:23:03 | INFO     | Saving at a/skeb/hayao_abaaa-0cdead.json
2026-09-18 06:23:04 | WARNING  | 404 on https://skeb.jp/api/users/akarisu (attempt 2/3)
2026-09-18 06:23:05 | INFO     | OK https://skeb.jp/api/users/violinkenshi
2026-09-18 06:23:05 | INFO     | Saving at a/skeb/violinkenshi-52f848.json
2026-09-18 06:23:06 | INFO     | OK https://skeb.jp/api/users/ki_15kan
2026-09-18 06:23:06 | INFO     | Saving at a/skeb/ki_15kan-372308.json
2026-09-18 06:23:07 | INFO     | OK https://skeb.jp/api/users/majiikemen
2026-09-18 06:23:07 | INFO     | Saving at a/skeb/majiikemen-d666ec.json
2026-09-18 06:23:08 | INFO     | OK https://skeb.jp/api/users/Okumiya_111111
2026-09-18 06:23:08 | INFO     | Saving at a/skeb/Okumiya_111111-053812.json
2026-09-18 06:23:09 | WARNING  | 404 on https://skeb.jp/api/users/mimisomin (attempt 3/3)
2026-09-18 06:23:10 | INFO     | OK https://skeb.jp/api/users/29d0n
2026-09-18 06:23:10 | INFO     | Saving at a/skeb/29d0n-d40f7c.json
2026-09-18 06:23:11 | WARNING  | 404 on https://skeb.jp/api/users/akarisu (attempt 3/3)
2026-09-18 06:23:12 | INFO     | OK https://skeb.jp/api/users/hash1_bam1
2026-09-18 06:23:12 | INFO     | Saving at a/skeb/hash1_bam1-e3bb98.json
2026-09-18 06:23:13 | WARNING  | 404 on https://skeb.jp/api/users/hachu_130 (attempt 1/3)
2026-09-18 06:23:14 | INFO     | OK https://skeb.jp/api/users/pakipakiiishi
2026-09-18 06:23:14 | INFO     | Saving at a/skeb/pakipakiiishi-d7140d.json
2026-09-18 06:23:15 | INFO     | OK https://skeb.jp/api/users/You0_Obake
2026-09-18 06:23:15 | INFO     | Saving at a/skeb/You0_Obake-6c7481.json
2026-09-18 06:23:16 | INFO     | OK https://skeb.jp/api/users/77Lucky_Seven
2026-09-18 06:23:16 | INFO     | Saving at a/skeb/77Lucky_Seven-3d6af9.json
2026-09-18 06:23:17 | INFO     | OK https://skeb.jp/api/users/tasore_023
2026-09-18 06:23:17 | INFO     | Saving at a/skeb/tasore_023-3882d2.json
2026-09-18 06:23:18 | INFO     | OK https://skeb.jp/api/users/Zenzaaa19
2026-09-18 06:23:18 | INFO     | Saving at a/skeb/Zenzaaa19-98db57.json
2026-09-18 06:23:19 | INFO     | OK https://skeb.jp/api/users/saaaaaki0x0
2026-09-18 06:23:19 | INFO     | Saving at a/skeb/saaaaaki0x0-6f6c6a.json
2026-09-18 06:23:20 | INFO     | OK https://skeb.jp/api/users/sankakuma_ku
2026-09-18 06:23:20 | INFO     | Saving at a/skeb/sankakuma_ku-19885b.json
2026-09-18 06:23:21 | INFO     | OK https://skeb.jp/api/users/K_Sera1031
2026-09-18 06:23:21 | INFO     | Saving at a/skeb/K_Sera1031-7a2876.json
2026-09-18 06:23:22 | INFO     | OK https://skeb.jp/api/users/motyomochiyo_
2026-09-18 06:23:22 | INFO     | Saving at a/skeb/motyomochiyo_-085340.json
2026-09-18 06:23:23 | INFO     | OK https://skeb.jp/api/users/17aisuiu
2026-09-18 06:23:23 | INFO     | Saving at a/skeb/17aisuiu-0de0b3.json
2026-09-18 06:23:24 | INFO     | OK https://skeb.jp/api/users/zin_naxend
2026-09-18 06:23:24 | INFO     | Saving at a/skeb/zin_naxend-ebff97.json
2026-09-18 06:23:25 | INFO     | OK https://skeb.jp/api/users/maririnsoleil
2026-09-18 06:23:25 | INFO     | Saving at a/skeb/maririnsoleil-10f008.json
2026-09-18 06:23:26 | INFO     | OK https://skeb.jp/api/users/eiji_asamizu
2026-09-18 06:23:26 | INFO     | Saving at a/skeb/eiji_asamizu-53d267.json
2026-09-18 06:23:27 | INFO     | OK https://skeb.jp/api/users/kokone2722
2026-09-18 06:23:27 | INFO     | Saving at a/skeb/kokone2722-709538.json
2026-09-18 06:23:28 | INFO     | OK https://skeb.jp/api/users/hakowakeriko
2026-09-18 06:23:28 | INFO     | Saving at a/skeb/hakowakeriko-7e8ad1.json
2026-09-18 06:23:29 | WARNING  | 404 on https://skeb.jp/api/users/Marini4Art (attempt 1/3)
2026-09-18 06:23:30 | INFO     | OK https://skeb.jp/api/users/0x0_yukimi
2026-09-18 06:23:30 | INFO     | Saving at a/skeb/0x0_yukimi-678192.json
2026-09-18 06:23:31 | INFO     | OK https://skeb.jp/api/users/oftoninyamane
2026-09-18 06:23:31 | INFO     | Saving at a/skeb/oftoninyamane-eac1a9.json
2026-09-18 06:23:32 | INFO     | OK https://skeb.jp/api/users/815ttt
2026-09-18 06:23:32 | INFO     | Saving at a/skeb/815ttt-0f1cc8.json
2026-09-18 06:23:33 | INFO     | OK https://skeb.jp/api/users/yumojtm
2026-09-18 06:23:33 | INFO     | Saving at a/skeb/yumojtm-a79823.json
2026-09-18 06:23:34 | INFO     | OK https://skeb.jp/api/users/KWMTTW2
2026-09-18 06:23:34 | INFO     | Saving at a/skeb/KWMTTW2-fb88e4.json
2026-09-18 06:23:35 | INFO     | OK https://skeb.jp/api/users/neko_no_kone
2026-09-18 06:23:35 | INFO     | Saving at a/skeb/neko_no_kone-d50ecd.json
2026-09-18 06:23:36 | WARNING  | 404 on https://skeb.jp/api/users/Marini4Art (attempt 2/3)
2026-09-18 06:23:37 | INFO     | OK https://skeb.jp/api/users/e_buki818
2026-09-18 06:23:37 | INFO     | Saving at a/skeb/e_buki818-bb082c.json
2026-09-18 06:23:38 | INFO     | OK https://skeb.jp/api/users/chuchun_sub
2026-09-18 06:23:38 | INFO     | Saving at a/skeb/chuchun_sub-c43111.json
2026-09-18 06:23:39 | WARNING  | 404 on https://skeb.jp/api/users/hachu_130 (attempt 2/3)
2026-09-18 06:23:40 | INFO     | OK https://skeb.jp/api/users/rethnick
2026-09-18 06:23:40 | INFO     | Saving at a/skeb/rethnick-d58c1e.json
2026-09-18 06:23:41 | WARNING  | 404 on https://skeb.jp/api/users/amberein_ (attempt 1/3)
2026-09-18 06:23:42 | INFO     | OK https://skeb.jp/api/users/Katatsuki_Lime
2026-09-18 06:23:42 | INFO     | Saving at a/skeb/Katatsuki_Lime-22fb60.json
2026-09-18 06:23:43 | INFO     | OK https://skeb.jp/api/users/YumaHoshiyomi
2026-09-18 06:23:43 | INFO     | Saving at a/skeb/YumaHoshiyomi-4c7371.json
2026-09-18 06:23:44 | INFO     | OK https://skeb.jp/api/users/Degbli
2026-09-18 06:23:44 | INFO     | Saving at a/skeb/Degbli-dafca9.json
2026-09-18 06:23:45 | WARNING  | 404 on https://skeb.jp/api/users/hachu_130 (attempt 3/3)
2026-09-18 06:23:46 | INFO     | OK https://skeb.jp/api/users/snkk_g
2026-09-18 06:23:46 | INFO     | Saving at a/skeb/snkk_g-d39a7d.json
2026-09-18 06:23:47 | INFO     | OK https://skeb.jp/api/users/youki_gdn
2026-09-18 06:23:47 | INFO     | Saving at a/skeb/youki_gdn-4bb82d.json
2026-09-18 06:23:48 | INFO     | OK https://skeb.jp/api/users/gomananoni
2026-09-18 06:23:48 | INFO     | Saving at a/skeb/gomananoni-574810.json
2026-09-18 06:23:49 | INFO     | OK https://skeb.jp/api/users/t_yamanashi
2026-09-18 06:23:49 | INFO     | Saving at a/skeb/t_yamanashi-aa6e4f.json
2026-09-18 06:23:50 | INFO     | OK https://skeb.jp/api/users/golden_wanchang
2026-09-18 06:23:50 | INFO     | Saving at a/skeb/golden_wanchang-a6df0f.json
2026-09-18 06:23:51 | INFO     | OK https://skeb.jp/api/users/0090QL
2026-09-18 06:23:51 | INFO     | Saving at a/skeb/0090QL-ff3f9c.json
2026-09-18 06:23:52 | INFO     | OK https://skeb.jp/api/users/karuteddo
2026-09-18 06:23:52 | INFO     | Saving at a/skeb/karuteddo-ec23ea.json
2026-09-18 06:23:53 | INFO     | OK https://skeb.jp/api/users/very_055
2026-09-18 06:23:53 | INFO     | Saving at a/skeb/very_055-33036f.json
2026-09-18 06:23:54 | INFO     | OK https://skeb.jp/api/users/calm_remini
2026-09-18 06:23:54 | INFO     | Saving at a/skeb/calm_remini-757f0e.json
2026-09-18 06:23:55 | INFO     | OK https://skeb.jp/api/users/ichiyo_ill2
2026-09-18 06:23:55 | INFO     | Saving at a/skeb/ichiyo_ill2-4dbb20.json
2026-09-18 06:23:56 | INFO     | OK https://skeb.jp/api/users/cvclq
2026-09-18 06:23:56 | INFO     | Saving at a/skeb/cvclq-80e94e.json
2026-09-18 06:23:57 | INFO     | OK https://skeb.jp/api/users/kui_sinaji
2026-09-18 06:23:57 | INFO     | Saving at a/skeb/kui_sinaji-050936.json
2026-09-18 06:23:58 | INFO     | OK https://skeb.jp/api/users/Tsaamon
2026-09-18 06:23:58 | INFO     | Saving at a/skeb/Tsaamon-3109c3.json
2026-09-18 06:24:00 | INFO     | OK https://skeb.jp/api/users/mit_yunagi
2026-09-18 06:24:00 | INFO     | Saving at a/skeb/mit_yunagi-31ab43.json
2026-09-18 06:24:00 | INFO     | OK https://skeb.jp/api/users/sterraill
2026-09-18 06:24:00 | INFO     | Saving at a/skeb/sterraill-8cbfd6.json
2026-09-18 06:24:01 | INFO     | OK https://skeb.jp/api/users/toluol_0925
2026-09-18 06:24:01 | INFO     | Saving at a/skeb/toluol_0925-6c53cc.json
2026-09-18 06:24:02 | INFO     | OK https://skeb.jp/api/users/kuraunteitoku
2026-09-18 06:24:02 | INFO     | Saving at a/skeb/kuraunteitoku-afc469.json
2026-09-18 06:24:03 | INFO     | OK https://skeb.jp/api/users/ultriderfire
2026-09-18 06:24:03 | INFO     | Saving at a/skeb/ultriderfire-395550.json
2026-09-18 06:24:04 | WARNING  | 404 on https://skeb.jp/api/users/nagi_ai324 (attempt 1/3)
2026-09-18 06:24:05 | INFO     | OK https://skeb.jp/api/users/babyoju
2026-09-18 06:24:05 | INFO     | Saving at a/skeb/babyoju-58c82c.json
2026-09-18 06:24:06 | INFO     | OK https://skeb.jp/api/users/feilindoll
2026-09-18 06:24:06 | INFO     | Saving at a/skeb/feilindoll-dd688d.json
2026-09-18 06:24:07 | INFO     | OK https://skeb.jp/api/users/kasuteraya_nyan
2026-09-18 06:24:07 | INFO     | Saving at a/skeb/kasuteraya_nyan-823cbd.json
2026-09-18 06:24:08 | INFO     | OK https://skeb.jp/api/users/H_S_lullaby
2026-09-18 06:24:08 | INFO     | Saving at a/skeb/H_S_lullaby-ad25f5.json
2026-09-18 06:24:09 | INFO     | OK https://skeb.jp/api/users/yureikan140yen
2026-09-18 06:24:09 | INFO     | Saving at a/skeb/yureikan140yen-a22931.json
2026-09-18 06:24:10 | WARNING  | 404 on https://skeb.jp/api/users/Marini4Art (attempt 3/3)
2026-09-18 06:24:11 | WARNING  | 404 on https://skeb.jp/api/users/amberein_ (attempt 2/3)
2026-09-18 06:24:12 | INFO     | OK https://skeb.jp/api/users/motiCHIKUWA
2026-09-18 06:24:12 | INFO     | Saving at a/skeb/motiCHIKUWA-9118a8.json
2026-09-18 06:24:13 | INFO     | OK https://skeb.jp/api/users/iemontale
2026-09-18 06:24:13 | INFO     | Saving at a/skeb/iemontale-051647.json
2026-09-18 06:24:14 | WARNING  | 404 on https://skeb.jp/api/users/nagi_ai324 (attempt 2/3)
2026-09-18 06:24:15 | INFO     | OK https://skeb.jp/api/users/Rai_Inase
2026-09-18 06:24:15 | INFO     | Saving at a/skeb/Rai_Inase-ed95bd.json
2026-09-18 06:24:16 | INFO     | OK https://skeb.jp/api/users/Keisuke_Kksk
2026-09-18 06:24:16 | INFO     | Saving at a/skeb/Keisuke_Kksk-d8fbba.json
2026-09-18 06:24:17 | WARNING  | 404 on https://skeb.jp/api/users/amberein_ (attempt 3/3)
2026-09-18 06:24:18 | INFO     | OK https://skeb.jp/api/users/ssr027
2026-09-18 06:24:18 | INFO     | Saving at a/skeb/ssr027-957cf7.json
2026-09-18 06:24:19 | INFO     | OK https://skeb.jp/api/users/JUU_ZOO
2026-09-18 06:24:19 | INFO     | Saving at a/skeb/JUU_ZOO-1ea64d.json
2026-09-18 06:24:20 | WARNING  | 404 on https://skeb.jp/api/users/nagi_ai324 (attempt 3/3)
2026-09-18 06:24:21 | INFO     | OK https://skeb.jp/api/users/kuranokiske114
2026-09-18 06:24:21 | INFO     | Saving at a/skeb/kuranokiske114-bdfc5f.json
2026-09-18 06:24:22 | INFO     | OK https://skeb.jp/api/users/Tulta_Icon
2026-09-18 06:24:22 | INFO     | Saving at a/skeb/Tulta_Icon-fb49ea.json
2026-09-18 06:24:23 | INFO     | OK https://skeb.jp/api/users/karac_blue
2026-09-18 06:24:23 | INFO     | Saving at a/skeb/karac_blue-9fb069.json
2026-09-18 06:24:24 | INFO     | OK https://skeb.jp/api/users/asazukiaori
2026-09-18 06:24:24 | INFO     | Saving at a/skeb/asazukiaori-a49c5d.json
2026-09-18 06:24:25 | INFO     | OK https://skeb.jp/api/users/unimi96
2026-09-18 06:24:25 | INFO     | Saving at a/skeb/unimi96-3b93ea.json
2026-09-18 06:24:26 | INFO     | OK https://skeb.jp/api/users/make_adog
2026-09-18 06:24:26 | INFO     | Saving at a/skeb/make_adog-1da372.json
2026-09-18 06:24:27 | INFO     | OK https://skeb.jp/api/users/to_moyomoyo
2026-09-18 06:24:27 | INFO     | Saving at a/skeb/to_moyomoyo-3480fb.json
2026-09-18 06:24:28 | INFO     | OK https://skeb.jp/api/users/kanade2132
2026-09-18 06:24:28 | INFO     | Saving at a/skeb/kanade2132-87070b.json
2026-09-18 06:24:29 | INFO     | OK https://skeb.jp/api/users/PykE_nkr
2026-09-18 06:24:29 | INFO     | Saving at a/skeb/PykE_nkr-0db1bd.json
2026-09-18 06:24:30 | INFO     | OK https://skeb.jp/api/users/Tadauoqui36
2026-09-18 06:24:30 | INFO     | Saving at a/skeb/Tadauoqui36-59323c.json
2026-09-18 06:24:31 | INFO     | OK https://skeb.jp/api/users/GrowballY
2026-09-18 06:24:31 | INFO     | Saving at a/skeb/GrowballY-428645.json
2026-09-18 06:24:32 | INFO     | OK https://skeb.jp/api/users/sh1nohara
2026-09-18 06:24:32 | INFO     | Saving at a/skeb/sh1nohara-b41a7a.json
2026-09-18 06:24:33 | INFO     | OK https://skeb.jp/api/users/huwa_huwahuhuwa
2026-09-18 06:24:33 | INFO     | Saving at a/skeb/huwa_huwahuhuwa-a9532b.json
2026-09-18 06:24:34 | INFO     | OK https://skeb.jp/api/users/B_2jou
2026-09-18 06:24:34 | INFO     | Saving at a/skeb/B_2jou-294ceb.json
2026-09-18 06:24:35 | INFO     | OK https://skeb.jp/api/users/sa_ssszcoc
2026-09-18 06:24:35 | INFO     | Saving at a/skeb/sa_ssszcoc-7d15ca.json
2026-09-18 06:24:36 | INFO     | OK https://skeb.jp/api/users/1620IU
2026-09-18 06:24:36 | INFO     | Saving at a/skeb/1620IU-98c71b.json
2026-09-18 06:24:37 | WARNING  | 404 on https://skeb.jp/api/users/okusuriya (attempt 1/3)
2026-09-18 06:24:38 | WARNING  | 404 on https://skeb.jp/api/users/uro (attempt 1/3)
2026-09-18 06:24:39 | INFO     | OK https://skeb.jp/api/users/utumimwntar
2026-09-18 06:24:39 | INFO     | Saving at a/skeb/utumimwntar-50d52a.json
2026-09-18 06:24:40 | INFO     | OK https://skeb.jp/api/users/siruxx
2026-09-18 06:24:40 | INFO     | Saving at a/skeb/siruxx-3ab946.json
2026-09-18 06:24:41 | INFO     | OK https://skeb.jp/api/users/Atelier_Z44
2026-09-18 06:24:41 | INFO     | Saving at a/skeb/Atelier_Z44-7c7796.json
2026-09-18 06:24:42 | WARNING  | 404 on https://skeb.jp/api/users/uro (attempt 2/3)
2026-09-18 06:24:43 | INFO     | OK https://skeb.jp/api/users/UseCurry2020
2026-09-18 06:24:43 | INFO     | Saving at a/skeb/UseCurry2020-9fedb9.json
2026-09-18 06:24:44 | WARNING  | 404 on https://skeb.jp/api/users/kitune0_111 (attempt 1/3)
2026-09-18 06:24:45 | INFO     | OK https://skeb.jp/api/users/Sim0m0o
2026-09-18 06:24:45 | INFO     | Saving at a/skeb/Sim0m0o-df4525.json
2026-09-18 06:24:46 | INFO     | OK https://skeb.jp/api/users/ussame222
2026-09-18 06:24:46 | INFO     | Saving at a/skeb/ussame222-099560.json
2026-09-18 06:24:47 | INFO     | OK https://skeb.jp/api/users/Butikko_sitappa
2026-09-18 06:24:47 | INFO     | Saving at a/skeb/Butikko_sitappa-7f7169.json
2026-09-18 06:24:48 | INFO     | OK https://skeb.jp/api/users/mogumogu_ryo
2026-09-18 06:24:48 | INFO     | Saving at a/skeb/mogumogu_ryo-dacf1f.json
2026-09-18 06:24:49 | INFO     | OK https://skeb.jp/api/users/riosetuna
2026-09-18 06:24:49 | INFO     | Saving at a/skeb/riosetuna-a93fad.json
2026-09-18 06:24:50 | INFO     | OK https://skeb.jp/api/users/3nmma0302
2026-09-18 06:24:50 | INFO     | Saving at a/skeb/3nmma0302-18b73c.json
2026-09-18 06:24:51 | INFO     | OK https://skeb.jp/api/users/knkon_Yukiya
2026-09-18 06:24:51 | INFO     | Saving at a/skeb/knkon_Yukiya-6e87c6.json
2026-09-18 06:24:52 | WARNING  | 404 on https://skeb.jp/api/users/kitune0_111 (attempt 2/3)
2026-09-18 06:24:53 | WARNING  | 404 on https://skeb.jp/api/users/okusuriya (attempt 2/3)
2026-09-18 06:24:54 | INFO     | OK https://skeb.jp/api/users/syumosama
2026-09-18 06:24:54 | INFO     | Saving at a/skeb/syumosama-dd310e.json
2026-09-18 06:24:55 | INFO     | OK https://skeb.jp/api/users/kesut4
2026-09-18 06:24:55 | INFO     | Saving at a/skeb/kesut4-646dd3.json
2026-09-18 06:24:56 | INFO     | OK https://skeb.jp/api/users/akiramikuver
2026-09-18 06:24:56 | INFO     | Saving at a/skeb/akiramikuver-17f0d4.json
2026-09-18 06:24:57 | WARNING  | 404 on https://skeb.jp/api/users/uro (attempt 3/3)
2026-09-18 06:24:58 | INFO     | OK https://skeb.jp/api/users/nomerunoka_milk
2026-09-18 06:24:58 | INFO     | Saving at a/skeb/nomerunoka_milk-8b9bc7.json
2026-09-18 06:24:59 | INFO     | OK https://skeb.jp/api/users/Rosie_Rosie
2026-09-18 06:24:59 | INFO     | Saving at a/skeb/Rosie_Rosie-c946ac.json
2026-09-18 06:25:00 | INFO     | OK https://skeb.jp/api/users/makinoki
2026-09-18 06:25:00 | INFO     | Saving at a/skeb/makinoki-cf7e7a.json
2026-09-18 06:25:01 | WARNING  | 404 on https://skeb.jp/api/users/okusuriya (attempt 3/3)
2026-09-18 06:25:02 | INFO     | OK https://skeb.jp/api/users/escort0o
2026-09-18 06:25:02 | INFO     | Saving at a/skeb/escort0o-1dab6a.json
2026-09-18 06:25:03 | INFO     | OK https://skeb.jp/api/users/8asys
2026-09-18 06:25:03 | INFO     | Saving at a/skeb/8asys-0920e4.json
2026-09-18 06:25:04 | INFO     | OK https://skeb.jp/api/users/hakosannnnnnnnn
2026-09-18 06:25:04 | INFO     | Saving at a/skeb/hakosannnnnnnnn-c96412.json
2026-09-18 06:25:05 | INFO     | OK https://skeb.jp/api/users/kotoO_O3
2026-09-18 06:25:05 | INFO     | Saving at a/skeb/kotoO_O3-398bb2.json
2026-09-18 06:25:07 | INFO     | OK https://skeb.jp/api/users/munyari_ppp7
2026-09-18 06:25:07 | INFO     | Saving at a/skeb/munyari_ppp7-00a383.json
2026-09-18 06:25:07 | INFO     | OK https://skeb.jp/api/users/FdrtnToilet_093
2026-09-18 06:25:07 | INFO     | Saving at a/skeb/FdrtnToilet_093-8a9f51.json
2026-09-18 06:25:09 | INFO     | OK https://skeb.jp/api/users/PietroAtri
2026-09-18 06:25:09 | INFO     | Saving at a/skeb/PietroAtri-dfe1d0.json
2026-09-18 06:25:09 | INFO     | OK https://skeb.jp/api/users/iminosuke_TRPG
2026-09-18 06:25:09 | INFO     | Saving at a/skeb/iminosuke_TRPG-6fad47.json
2026-09-18 06:25:10 | WARNING  | 404 on https://skeb.jp/api/users/NO42310489885 (attempt 1/3)
2026-09-18 06:25:11 | INFO     | OK https://skeb.jp/api/users/Suzu245612
2026-09-18 06:25:11 | INFO     | Saving at a/skeb/Suzu245612-a0bbac.json
2026-09-18 06:25:12 | INFO     | OK https://skeb.jp/api/users/i_mi_yaaa
2026-09-18 06:25:12 | INFO     | Saving at a/skeb/i_mi_yaaa-d35f50.json
2026-09-18 06:25:13 | INFO     | OK https://skeb.jp/api/users/shima080
2026-09-18 06:25:13 | INFO     | Saving at a/skeb/shima080-950570.json
2026-09-18 06:25:14 | INFO     | OK https://skeb.jp/api/users/yuyu_kiro
2026-09-18 06:25:14 | INFO     | Saving at a/skeb/yuyu_kiro-594579.json
2026-09-18 06:25:15 | INFO     | OK https://skeb.jp/api/users/krg_ss
2026-09-18 06:25:15 | INFO     | Saving at a/skeb/krg_ss-9effd6.json
2026-09-18 06:25:16 | INFO     | OK https://skeb.jp/api/users/KUROGREY_
2026-09-18 06:25:16 | INFO     | Saving at a/skeb/KUROGREY_-49774a.json
2026-09-18 06:25:17 | INFO     | OK https://skeb.jp/api/users/EkakiRinorigin
2026-09-18 06:25:17 | INFO     | Saving at a/skeb/EkakiRinorigin-afa46a.json
2026-09-18 06:25:18 | INFO     | OK https://skeb.jp/api/users/iiyuda_trpg
2026-09-18 06:25:18 | INFO     | Saving at a/skeb/iiyuda_trpg-398512.json
2026-09-18 06:25:20 | INFO     | OK https://skeb.jp/api/users/zfjsfg
2026-09-18 06:25:20 | INFO     | Saving at a/skeb/zfjsfg-d8c57e.json
2026-09-18 06:25:20 | INFO     | OK https://skeb.jp/api/users/DEPPA_DESU53
2026-09-18 06:25:20 | INFO     | Saving at a/skeb/DEPPA_DESU53-426fa2.json
2026-09-18 06:25:21 | INFO     | OK https://skeb.jp/api/users/towel_kawata
2026-09-18 06:25:21 | INFO     | Saving at a/skeb/towel_kawata-92455f.json
2026-09-18 06:25:22 | WARNING  | 404 on https://skeb.jp/api/users/kitune0_111 (attempt 3/3)
2026-09-18 06:25:23 | WARNING  | 404 on https://skeb.jp/api/users/NO42310489885 (attempt 2/3)
2026-09-18 06:25:24 | INFO     | OK https://skeb.jp/api/users/shio_mugi1107
2026-09-18 06:25:24 | INFO     | Saving at a/skeb/shio_mugi1107-db4166.json
2026-09-18 06:25:25 | INFO     | OK https://skeb.jp/api/users/meyu_888
2026-09-18 06:25:25 | INFO     | Saving at a/skeb/meyu_888-2524ea.json
2026-09-18 06:25:26 | INFO     | OK https://skeb.jp/api/users/bokoyai
2026-09-18 06:25:26 | INFO     | Saving at a/skeb/bokoyai-454465.json
2026-09-18 06:25:27 | INFO     | OK https://skeb.jp/api/users/taco_pe_ton
2026-09-18 06:25:27 | INFO     | Saving at a/skeb/taco_pe_ton-403a3d.json
2026-09-18 06:25:28 | INFO     | OK https://skeb.jp/api/users/merona_0914
2026-09-18 06:25:28 | INFO     | Saving at a/skeb/merona_0914-6859ea.json
2026-09-18 06:25:29 | INFO     | OK https://skeb.jp/api/users/vat0uq
2026-09-18 06:25:29 | INFO     | Saving at a/skeb/vat0uq-17ec44.json
2026-09-18 06:25:30 | INFO     | OK https://skeb.jp/api/users/flask_beaker
2026-09-18 06:25:30 | INFO     | Saving at a/skeb/flask_beaker-189bea.json
2026-09-18 06:25:31 | INFO     | OK https://skeb.jp/api/users/yanndere_daiso
2026-09-18 06:25:31 | INFO     | Saving at a/skeb/yanndere_daiso-ab01aa.json
2026-09-18 06:25:32 | INFO     | OK https://skeb.jp/api/users/Hoshimuma
2026-09-18 06:25:32 | INFO     | Saving at a/skeb/Hoshimuma-255fa6.json
2026-09-18 06:25:33 | INFO     | OK https://skeb.jp/api/users/ruirui_15369
2026-09-18 06:25:33 | INFO     | Saving at a/skeb/ruirui_15369-29ec79.json
2026-09-18 06:25:34 | INFO     | OK https://skeb.jp/api/users/YaYa_8010
2026-09-18 06:25:34 | INFO     | Saving at a/skeb/YaYa_8010-118e17.json
2026-09-18 06:25:35 | INFO     | OK https://skeb.jp/api/users/HpFsxj
2026-09-18 06:25:35 | INFO     | Saving at a/skeb/HpFsxj-4546a5.json
2026-09-18 06:25:36 | INFO     | OK https://skeb.jp/api/users/usui_iigame
2026-09-18 06:25:36 | INFO     | Saving at a/skeb/usui_iigame-ae0ed1.json
2026-09-18 06:25:37 | INFO     | OK https://skeb.jp/api/users/naru_otk
2026-09-18 06:25:37 | INFO     | Saving at a/skeb/naru_otk-69f569.json
2026-09-18 06:25:38 | WARNING  | 404 on https://skeb.jp/api/users/NO42310489885 (attempt 3/3)
2026-09-18 06:25:39 | INFO     | OK https://skeb.jp/api/users/amou_0220
2026-09-18 06:25:39 | INFO     | Saving at a/skeb/amou_0220-018b13.json
2026-09-18 06:25:40 | INFO     | OK https://skeb.jp/api/users/hekiga_
2026-09-18 06:25:40 | INFO     | Saving at a/skeb/hekiga_-7e944c.json
2026-09-18 06:25:41 | INFO     | OK https://skeb.jp/api/users/BuleCat168
2026-09-18 06:25:41 | INFO     | Saving at a/skeb/BuleCat168-11dfb5.json
2026-09-18 06:25:42 | INFO     | OK https://skeb.jp/api/users/NENEON16
2026-09-18 06:25:42 | INFO     | Saving at a/skeb/NENEON16-5c9541.json
2026-09-18 06:25:43 | INFO     | OK https://skeb.jp/api/users/_sapu
2026-09-18 06:25:43 | INFO     | Saving at a/skeb/_sapu-8e9f3a.json
2026-09-18 06:25:44 | INFO     | OK https://skeb.jp/api/users/kazeyoke_prpr
2026-09-18 06:25:44 | INFO     | Saving at a/skeb/kazeyoke_prpr-bc6dda.json
2026-09-18 06:25:45 | INFO     | OK https://skeb.jp/api/users/0ukwm9
2026-09-18 06:25:45 | INFO     | Saving at a/skeb/0ukwm9-d4659b.json
2026-09-18 06:25:46 | INFO     | OK https://skeb.jp/api/users/pipopubebu
2026-09-18 06:25:46 | INFO     | Saving at a/skeb/pipopubebu-b97081.json
2026-09-18 06:25:47 | INFO     | OK https://skeb.jp/api/users/pukya__
2026-09-18 06:25:47 | INFO     | Saving at a/skeb/pukya__-1737e8.json
2026-09-18 06:25:48 | INFO     | OK https://skeb.jp/api/users/rab__01
2026-09-18 06:25:48 | INFO     | Saving at a/skeb/rab__01-e249e9.json
2026-09-18 06:25:49 | INFO     | OK https://skeb.jp/api/users/rachel203pa
2026-09-18 06:25:49 | INFO     | Saving at a/skeb/rachel203pa-c11aaf.json
2026-09-18 06:25:50 | INFO     | OK https://skeb.jp/api/users/tinpobattle
2026-09-18 06:25:50 | INFO     | Saving at a/skeb/tinpobattle-74ee09.json
2026-09-18 06:25:51 | INFO     | OK https://skeb.jp/api/users/G_tsurius
2026-09-18 06:25:51 | INFO     | Saving at a/skeb/G_tsurius-b16cbb.json
2026-09-18 06:25:52 | INFO     | OK https://skeb.jp/api/users/matukazemattya
2026-09-18 06:25:52 | INFO     | Saving at a/skeb/matukazemattya-c7d98d.json
2026-09-18 06:25:53 | INFO     | OK https://skeb.jp/api/users/asr_010sub
2026-09-18 06:25:53 | INFO     | Saving at a/skeb/asr_010sub-749b18.json
2026-09-18 06:25:54 | WARNING  | 404 on https://skeb.jp/api/users/tans652 (attempt 1/3)
2026-09-18 06:25:55 | INFO     | OK https://skeb.jp/api/users/yokoshima696969
2026-09-18 06:25:55 | INFO     | Saving at a/skeb/yokoshima696969-be0334.json
2026-09-18 06:25:56 | INFO     | OK https://skeb.jp/api/users/Umi1147785Umi
2026-09-18 06:25:56 | INFO     | Saving at a/skeb/Umi1147785Umi-23c121.json
2026-09-18 06:25:57 | INFO     | OK https://skeb.jp/api/users/botanyaynatod
2026-09-18 06:25:57 | INFO     | Saving at a/skeb/botanyaynatod-93f739.json
2026-09-18 06:25:58 | INFO     | OK https://skeb.jp/api/users/suketoru000
2026-09-18 06:25:58 | INFO     | Saving at a/skeb/suketoru000-2a2264.json
2026-09-18 06:25:59 | INFO     | OK https://skeb.jp/api/users/YumehoshiMizuki
2026-09-18 06:25:59 | INFO     | Saving at a/skeb/YumehoshiMizuki-b1a3cb.json
2026-09-18 06:26:00 | INFO     | OK https://skeb.jp/api/users/iroensousaku12
2026-09-18 06:26:00 | INFO     | Saving at a/skeb/iroensousaku12-aaa8f3.json
2026-09-18 06:26:01 | INFO     | OK https://skeb.jp/api/users/okomepon
2026-09-18 06:26:01 | INFO     | Saving at a/skeb/okomepon-ebeb88.json
2026-09-18 06:26:02 | INFO     | OK https://skeb.jp/api/users/sshr_smr
2026-09-18 06:26:02 | INFO     | Saving at a/skeb/sshr_smr-d2f4db.json
2026-09-18 06:26:03 | INFO     | OK https://skeb.jp/api/users/Boke_nsb
2026-09-18 06:26:03 | INFO     | Saving at a/skeb/Boke_nsb-794778.json
2026-09-18 06:26:04 | INFO     | OK https://skeb.jp/api/users/yuyu_anko
2026-09-18 06:26:04 | INFO     | Saving at a/skeb/yuyu_anko-5104f4.json
2026-09-18 06:26:05 | INFO     | OK https://skeb.jp/api/users/dosei3_zatta
2026-09-18 06:26:05 | INFO     | Saving at a/skeb/dosei3_zatta-3c9ce4.json
2026-09-18 06:26:06 | INFO     | OK https://skeb.jp/api/users/fen825
2026-09-18 06:26:06 | INFO     | Saving at a/skeb/fen825-1c131f.json
2026-09-18 06:26:07 | INFO     | OK https://skeb.jp/api/users/junko_inusub
2026-09-18 06:26:07 | INFO     | Saving at a/skeb/junko_inusub-03be29.json
2026-09-18 06:26:08 | INFO     | OK https://skeb.jp/api/users/puipuipon
2026-09-18 06:26:08 | INFO     | Saving at a/skeb/puipuipon-1ddbc6.json
2026-09-18 06:26:09 | INFO     | OK https://skeb.jp/api/users/Mikiko_0715
2026-09-18 06:26:09 | INFO     | Saving at a/skeb/Mikiko_0715-4fd4e5.json
2026-09-18 06:26:10 | INFO     | OK https://skeb.jp/api/users/amamoto_o
2026-09-18 06:26:10 | INFO     | Saving at a/skeb/amamoto_o-5afc66.json
2026-09-18 06:26:11 | INFO     | OK https://skeb.jp/api/users/mikeira_rihu
2026-09-18 06:26:11 | INFO     | Saving at a/skeb/mikeira_rihu-662fbd.json
2026-09-18 06:26:12 | INFO     | OK https://skeb.jp/api/users/Junartart
2026-09-18 06:26:12 | INFO     | Saving at a/skeb/Junartart-0eab45.json
2026-09-18 06:26:14 | INFO     | OK https://skeb.jp/api/users/ntkn_1223
2026-09-18 06:26:14 | INFO     | Saving at a/skeb/ntkn_1223-547366.json
2026-09-18 06:26:14 | WARNING  | 404 on https://skeb.jp/api/users/tans652 (attempt 2/3)
2026-09-18 06:26:15 | INFO     | OK https://skeb.jp/api/users/Kazunoe_illust
2026-09-18 06:26:15 | INFO     | Saving at a/skeb/Kazunoe_illust-bcadd8.json
2026-09-18 06:26:16 | INFO     | OK https://skeb.jp/api/users/mako_makotoo
2026-09-18 06:26:16 | INFO     | Saving at a/skeb/mako_makotoo-6f0b59.json
2026-09-18 06:26:17 | INFO     | OK https://skeb.jp/api/users/kemochiharu717
2026-09-18 06:26:17 | INFO     | Saving at a/skeb/kemochiharu717-9273e2.json
2026-09-18 06:26:18 | WARNING  | 404 on https://skeb.jp/api/users/tans652 (attempt 3/3)
2026-09-18 06:26:18 | INFO     |  --- SUMMARY REPORT --- 
  Sources Retreived    : 3308
  Profiles Fetched     : 3209
  Profile Missing      : 99
  Profile Rate Limited : 0
  Profile Error Others : 0

2026-09-18 06:26:18 | INFO     | Started creating static api data.
2026-09-18 06:28:59 | INFO     | Album index written to a/albums/index.json (520 albums)
