2026-07-12 12:40:00 | INFO     | Initialized Data Store.
2026-07-12 12:40:00 | INFO     | Homepage GET status=429 (attempt 1/3)
2026-07-12 12:40:00 | INFO     | Cookie extracted [request_key=...].
2026-07-12 12:40:00 | INFO     | SkebClient ready (impersonate=chrome120, rate=1.0/s, concurrency=10, max_runtime=10800s)
2026-07-12 12:41:40 | INFO     | Ready to scrape 742 items
2026-07-12 12:41:40 | INFO     | OK https://skeb.jp/api/users/late_R18G
2026-07-12 12:41:40 | INFO     | Saving at a/skeb/late_R18G-f0b8d7.json
2026-07-12 12:41:41 | INFO     | OK https://skeb.jp/api/users/maelia_juvi
2026-07-12 12:41:41 | INFO     | Saving at a/skeb/maelia_juvi-2c1171.json
2026-07-12 12:41:42 | WARNING  | 404 on https://skeb.jp/api/users/Iam_Ciikawa (attempt 1/3)
2026-07-12 12:41:43 | INFO     | OK https://skeb.jp/api/users/boro_nuno
2026-07-12 12:41:43 | INFO     | Saving at a/skeb/boro_nuno-70f5d1.json
2026-07-12 12:41:44 | INFO     | OK https://skeb.jp/api/users/1122agito
2026-07-12 12:41:44 | INFO     | Saving at a/skeb/1122agito-f8d8b5.json
2026-07-12 12:41:45 | INFO     | OK https://skeb.jp/api/users/Mwuiyh
2026-07-12 12:41:45 | INFO     | Saving at a/skeb/Mwuiyh-f6b781.json
2026-07-12 12:41:46 | INFO     | OK https://skeb.jp/api/users/TsuAmi45
2026-07-12 12:41:46 | INFO     | Saving at a/skeb/TsuAmi45-963ade.json
2026-07-12 12:41:47 | INFO     | OK https://skeb.jp/api/users/tenma_ka
2026-07-12 12:41:47 | INFO     | Saving at a/skeb/tenma_ka-fd5bb9.json
2026-07-12 12:41:48 | INFO     | OK https://skeb.jp/api/users/runli_ly
2026-07-12 12:41:48 | INFO     | Saving at a/skeb/runli_ly-3375c0.json
2026-07-12 12:41:49 | INFO     | OK https://skeb.jp/api/users/Amaoto345
2026-07-12 12:41:49 | INFO     | Saving at a/skeb/Amaoto345-b9795c.json
2026-07-12 12:41:50 | INFO     | OK https://skeb.jp/api/users/A_ykn1207
2026-07-12 12:41:50 | INFO     | Saving at a/skeb/A_ykn1207-944bf8.json
2026-07-12 12:41:51 | INFO     | OK https://skeb.jp/api/users/komame_ewokaku
2026-07-12 12:41:51 | INFO     | Saving at a/skeb/komame_ewokaku-84f0ee.json
2026-07-12 12:41:52 | INFO     | OK https://skeb.jp/api/users/chamo___0326
2026-07-12 12:41:52 | INFO     | Saving at a/skeb/chamo___0326-11d8f8.json
2026-07-12 12:41:53 | INFO     | OK https://skeb.jp/api/users/HanayamaMadoka
2026-07-12 12:41:53 | INFO     | Saving at a/skeb/HanayamaMadoka-3a4556.json
2026-07-12 12:41:54 | INFO     | OK https://skeb.jp/api/users/karen32795
2026-07-12 12:41:54 | INFO     | Saving at a/skeb/karen32795-f0a740.json
2026-07-12 12:41:55 | WARNING  | 404 on https://skeb.jp/api/users/Iam_Ciikawa (attempt 2/3)
2026-07-12 12:41:56 | INFO     | OK https://skeb.jp/api/users/Domiskebet
2026-07-12 12:41:56 | INFO     | Saving at a/skeb/Domiskebet-a6e407.json
2026-07-12 12:41:57 | INFO     | OK https://skeb.jp/api/users/yuito_muu
2026-07-12 12:41:57 | INFO     | Saving at a/skeb/yuito_muu-8e8347.json
2026-07-12 12:41:58 | INFO     | OK https://skeb.jp/api/users/afh43166089
2026-07-12 12:41:58 | INFO     | Saving at a/skeb/afh43166089-090ea7.json
2026-07-12 12:41:59 | INFO     | OK https://skeb.jp/api/users/daijin
2026-07-12 12:41:59 | INFO     | Saving at a/skeb/daijin-2a3c79.json
2026-07-12 12:42:00 | INFO     | OK https://skeb.jp/api/users/kachiyori403
2026-07-12 12:42:00 | INFO     | Saving at a/skeb/kachiyori403-c6a1e8.json
2026-07-12 12:42:01 | INFO     | OK https://skeb.jp/api/users/Dairi_stone
2026-07-12 12:42:01 | INFO     | Saving at a/skeb/Dairi_stone-64cc87.json
2026-07-12 12:42:02 | INFO     | OK https://skeb.jp/api/users/hiyori_nem
2026-07-12 12:42:02 | INFO     | Saving at a/skeb/hiyori_nem-af3fc4.json
2026-07-12 12:42:03 | INFO     | OK https://skeb.jp/api/users/citorato
2026-07-12 12:42:03 | INFO     | Saving at a/skeb/citorato-49cc3e.json
2026-07-12 12:42:04 | INFO     | OK https://skeb.jp/api/users/daigin_joo
2026-07-12 12:42:04 | INFO     | Saving at a/skeb/daigin_joo-6c664b.json
2026-07-12 12:42:05 | INFO     | OK https://skeb.jp/api/users/greencastle2012
2026-07-12 12:42:05 | INFO     | Saving at a/skeb/greencastle2012-d3ad4c.json
2026-07-12 12:42:06 | INFO     | OK https://skeb.jp/api/users/boshikawaruru
2026-07-12 12:42:06 | INFO     | Saving at a/skeb/boshikawaruru-baa57f.json
2026-07-12 12:42:07 | INFO     | OK https://skeb.jp/api/users/HoshinoInfo
2026-07-12 12:42:07 | INFO     | Saving at a/skeb/HoshinoInfo-c6d482.json
2026-07-12 12:42:08 | INFO     | OK https://skeb.jp/api/users/okoge13
2026-07-12 12:42:08 | INFO     | Saving at a/skeb/okoge13-a43cba.json
2026-07-12 12:42:09 | INFO     | OK https://skeb.jp/api/users/ithigodorobou
2026-07-12 12:42:09 | INFO     | Saving at a/skeb/ithigodorobou-3d4047.json
2026-07-12 12:42:10 | INFO     | OK https://skeb.jp/api/users/torso_f
2026-07-12 12:42:10 | INFO     | Saving at a/skeb/torso_f-52b11b.json
2026-07-12 12:42:11 | INFO     | OK https://skeb.jp/api/users/kan_picture
2026-07-12 12:42:11 | INFO     | Saving at a/skeb/kan_picture-02f200.json
2026-07-12 12:42:12 | INFO     | OK https://skeb.jp/api/users/taira_makoto
2026-07-12 12:42:12 | INFO     | Saving at a/skeb/taira_makoto-f0b82d.json
2026-07-12 12:42:13 | INFO     | OK https://skeb.jp/api/users/koga_nyan
2026-07-12 12:42:13 | INFO     | Saving at a/skeb/koga_nyan-52955c.json
2026-07-12 12:42:14 | INFO     | OK https://skeb.jp/api/users/tanuki_yori
2026-07-12 12:42:14 | INFO     | Saving at a/skeb/tanuki_yori-db3061.json
2026-07-12 12:42:15 | INFO     | OK https://skeb.jp/api/users/mame_jiru46
2026-07-12 12:42:15 | INFO     | Saving at a/skeb/mame_jiru46-438672.json
2026-07-12 12:42:16 | INFO     | OK https://skeb.jp/api/users/Pmm__a
2026-07-12 12:42:16 | INFO     | Saving at a/skeb/Pmm__a-b29292.json
2026-07-12 12:42:17 | INFO     | OK https://skeb.jp/api/users/AquaBlueFarm
2026-07-12 12:42:17 | INFO     | Saving at a/skeb/AquaBlueFarm-79cf93.json
2026-07-12 12:42:18 | INFO     | OK https://skeb.jp/api/users/r_i_m_013
2026-07-12 12:42:18 | INFO     | Saving at a/skeb/r_i_m_013-1d3bbf.json
2026-07-12 12:42:19 | INFO     | OK https://skeb.jp/api/users/INDOOR_DON
2026-07-12 12:42:19 | INFO     | Saving at a/skeb/INDOOR_DON-46cb11.json
2026-07-12 12:42:20 | INFO     | OK https://skeb.jp/api/users/LAZYxxJZA70
2026-07-12 12:42:20 | INFO     | Saving at a/skeb/LAZYxxJZA70-2af21b.json
2026-07-12 12:42:21 | INFO     | OK https://skeb.jp/api/users/ZUPtyPNLr4f1ngz
2026-07-12 12:42:21 | INFO     | Saving at a/skeb/ZUPtyPNLr4f1ngz-21ef3e.json
2026-07-12 12:42:22 | INFO     | OK https://skeb.jp/api/users/ms_junk
2026-07-12 12:42:22 | INFO     | Saving at a/skeb/ms_junk-cd9cbc.json
2026-07-12 12:42:23 | INFO     | OK https://skeb.jp/api/users/raikou_muscle
2026-07-12 12:42:23 | INFO     | Saving at a/skeb/raikou_muscle-2bf2e3.json
2026-07-12 12:42:24 | INFO     | OK https://skeb.jp/api/users/yomichi_yomi
2026-07-12 12:42:24 | INFO     | Saving at a/skeb/yomichi_yomi-67ad4c.json
2026-07-12 12:42:25 | INFO     | OK https://skeb.jp/api/users/odashun11
2026-07-12 12:42:25 | INFO     | Saving at a/skeb/odashun11-114960.json
2026-07-12 12:42:26 | INFO     | OK https://skeb.jp/api/users/hinaki_yz
2026-07-12 12:42:26 | INFO     | Saving at a/skeb/hinaki_yz-110d40.json
2026-07-12 12:42:27 | INFO     | OK https://skeb.jp/api/users/sunaonakapipara
2026-07-12 12:42:27 | INFO     | Saving at a/skeb/sunaonakapipara-bf5262.json
2026-07-12 12:42:28 | WARNING  | 404 on https://skeb.jp/api/users/mimamorichan (attempt 1/3)
2026-07-12 12:42:29 | INFO     | OK https://skeb.jp/api/users/udogodu
2026-07-12 12:42:29 | INFO     | Saving at a/skeb/udogodu-84ee04.json
2026-07-12 12:42:30 | INFO     | OK https://skeb.jp/api/users/Motoyasu_kamima
2026-07-12 12:42:30 | INFO     | Saving at a/skeb/Motoyasu_kamima-d5e973.json
2026-07-12 12:42:31 | INFO     | OK https://skeb.jp/api/users/yu_nogitu
2026-07-12 12:42:31 | INFO     | Saving at a/skeb/yu_nogitu-396e81.json
2026-07-12 12:42:32 | INFO     | OK https://skeb.jp/api/users/seiame_
2026-07-12 12:42:32 | INFO     | Saving at a/skeb/seiame_-d8bd7b.json
2026-07-12 12:42:33 | INFO     | OK https://skeb.jp/api/users/tyabudai327
2026-07-12 12:42:33 | INFO     | Saving at a/skeb/tyabudai327-db9ec0.json
2026-07-12 12:42:34 | WARNING  | 404 on https://skeb.jp/api/users/mimamorichan (attempt 2/3)
2026-07-12 12:42:35 | WARNING  | 404 on https://skeb.jp/api/users/Iam_Ciikawa (attempt 3/3)
2026-07-12 12:42:36 | INFO     | OK https://skeb.jp/api/users/yasaka_kotarou
2026-07-12 12:42:36 | INFO     | Saving at a/skeb/yasaka_kotarou-61fcde.json
2026-07-12 12:42:37 | INFO     | OK https://skeb.jp/api/users/tuno_illust
2026-07-12 12:42:37 | INFO     | Saving at a/skeb/tuno_illust-8cd2bb.json
2026-07-12 12:42:38 | INFO     | OK https://skeb.jp/api/users/aL_23n
2026-07-12 12:42:38 | INFO     | Saving at a/skeb/aL_23n-c86575.json
2026-07-12 12:42:39 | WARNING  | 404 on https://skeb.jp/api/users/mimamorichan (attempt 3/3)
2026-07-12 12:42:40 | INFO     | OK https://skeb.jp/api/users/DonkkDon1
2026-07-12 12:42:40 | INFO     | Saving at a/skeb/DonkkDon1-173f54.json
2026-07-12 12:42:41 | INFO     | OK https://skeb.jp/api/users/TM_TM228
2026-07-12 12:42:41 | INFO     | Saving at a/skeb/TM_TM228-4f8e6f.json
2026-07-12 12:42:42 | INFO     | OK https://skeb.jp/api/users/nekoashi_expres
2026-07-12 12:42:42 | INFO     | Saving at a/skeb/nekoashi_expres-a78a7f.json
2026-07-12 12:42:43 | INFO     | OK https://skeb.jp/api/users/torino262
2026-07-12 12:42:43 | INFO     | Saving at a/skeb/torino262-85e666.json
2026-07-12 12:42:44 | INFO     | OK https://skeb.jp/api/users/rei_kibayama
2026-07-12 12:42:44 | INFO     | Saving at a/skeb/rei_kibayama-a25f59.json
2026-07-12 12:42:45 | INFO     | OK https://skeb.jp/api/users/aimbespa
2026-07-12 12:42:45 | INFO     | Saving at a/skeb/aimbespa-becd7b.json
2026-07-12 12:42:46 | INFO     | OK https://skeb.jp/api/users/601roi
2026-07-12 12:42:46 | INFO     | Saving at a/skeb/601roi-7e722d.json
2026-07-12 12:42:47 | INFO     | OK https://skeb.jp/api/users/coffe_kanato_
2026-07-12 12:42:47 | INFO     | Saving at a/skeb/coffe_kanato_-ff8849.json
2026-07-12 12:42:48 | INFO     | OK https://skeb.jp/api/users/memesaba_am
2026-07-12 12:42:48 | INFO     | Saving at a/skeb/memesaba_am-ca8681.json
2026-07-12 12:42:49 | INFO     | OK https://skeb.jp/api/users/90_10_1230
2026-07-12 12:42:49 | INFO     | Saving at a/skeb/90_10_1230-5f0384.json
2026-07-12 12:42:50 | INFO     | OK https://skeb.jp/api/users/usui_miroku_vrc
2026-07-12 12:42:50 | INFO     | Saving at a/skeb/usui_miroku_vrc-809a03.json
2026-07-12 12:42:51 | INFO     | OK https://skeb.jp/api/users/ThorMadae
2026-07-12 12:42:51 | INFO     | Saving at a/skeb/ThorMadae-f0383c.json
2026-07-12 12:42:52 | INFO     | OK https://skeb.jp/api/users/5jllust
2026-07-12 12:42:52 | INFO     | Saving at a/skeb/5jllust-04944f.json
2026-07-12 12:42:53 | WARNING  | 404 on https://skeb.jp/api/users/EDO__nyan (attempt 1/3)
2026-07-12 12:42:54 | WARNING  | 404 on https://skeb.jp/api/users/kokorono_376 (attempt 1/3)
2026-07-12 12:42:55 | INFO     | OK https://skeb.jp/api/users/to_u_mi2
2026-07-12 12:42:55 | INFO     | Saving at a/skeb/to_u_mi2-e382f4.json
2026-07-12 12:42:56 | WARNING  | 404 on https://skeb.jp/api/users/EDO__nyan (attempt 2/3)
2026-07-12 12:42:57 | WARNING  | 404 on https://skeb.jp/api/users/kokorono_376 (attempt 2/3)
2026-07-12 12:42:58 | WARNING  | 404 on https://skeb.jp/api/users/Ryuzi_27 (attempt 1/3)
2026-07-12 12:42:59 | INFO     | OK https://skeb.jp/api/users/_kamui_24
2026-07-12 12:42:59 | INFO     | Saving at a/skeb/_kamui_24-5dcb15.json
2026-07-12 12:43:00 | INFO     | OK https://skeb.jp/api/users/syou_ryuu_sv
2026-07-12 12:43:00 | INFO     | Saving at a/skeb/syou_ryuu_sv-026d55.json
2026-07-12 12:43:01 | WARNING  | 404 on https://skeb.jp/api/users/Ryuzi_27 (attempt 2/3)
2026-07-12 12:43:02 | INFO     | OK https://skeb.jp/api/users/ekrsa
2026-07-12 12:43:02 | INFO     | Saving at a/skeb/ekrsa-349f0d.json
2026-07-12 12:43:03 | WARNING  | 404 on https://skeb.jp/api/users/kokorono_376 (attempt 3/3)
2026-07-12 12:43:04 | WARNING  | 404 on https://skeb.jp/api/users/ronn_irai (attempt 1/3)
2026-07-12 12:43:05 | INFO     | OK https://skeb.jp/api/users/TUMABUKIhu
2026-07-12 12:43:05 | INFO     | Saving at a/skeb/TUMABUKIhu-b255b6.json
2026-07-12 12:43:06 | INFO     | OK https://skeb.jp/api/users/sakmo_futura22
2026-07-12 12:43:06 | INFO     | Saving at a/skeb/sakmo_futura22-914364.json
2026-07-12 12:43:07 | INFO     | OK https://skeb.jp/api/users/hnfujijun
2026-07-12 12:43:07 | INFO     | Saving at a/skeb/hnfujijun-d38b34.json
2026-07-12 12:43:08 | INFO     | OK https://skeb.jp/api/users/kondokodanuki
2026-07-12 12:43:08 | INFO     | Saving at a/skeb/kondokodanuki-60e862.json
2026-07-12 12:43:09 | INFO     | OK https://skeb.jp/api/users/KanaeSatoru
2026-07-12 12:43:09 | INFO     | Saving at a/skeb/KanaeSatoru-60b11f.json
2026-07-12 12:43:10 | INFO     | OK https://skeb.jp/api/users/fsydiving
2026-07-12 12:43:10 | INFO     | Saving at a/skeb/fsydiving-418658.json
2026-07-12 12:43:11 | INFO     | OK https://skeb.jp/api/users/stonedgalx
2026-07-12 12:43:11 | INFO     | Saving at a/skeb/stonedgalx-ba915d.json
2026-07-12 12:43:12 | INFO     | OK https://skeb.jp/api/users/akira0827
2026-07-12 12:43:12 | INFO     | Saving at a/skeb/akira0827-993658.json
2026-07-12 12:43:13 | WARNING  | 404 on https://skeb.jp/api/users/ronn_irai (attempt 2/3)
2026-07-12 12:43:14 | INFO     | OK https://skeb.jp/api/users/murasamesizuka
2026-07-12 12:43:14 | INFO     | Saving at a/skeb/murasamesizuka-5bfe28.json
2026-07-12 12:43:15 | INFO     | OK https://skeb.jp/api/users/82jgajt5twmd3og
2026-07-12 12:43:15 | INFO     | Saving at a/skeb/82jgajt5twmd3og-bc80a9.json
2026-07-12 12:43:16 | WARNING  | 404 on https://skeb.jp/api/users/Ryuzi_27 (attempt 3/3)
2026-07-12 12:43:17 | INFO     | OK https://skeb.jp/api/users/kuroirasutodayo
2026-07-12 12:43:17 | INFO     | Saving at a/skeb/kuroirasutodayo-1bdd8b.json
2026-07-12 12:43:18 | INFO     | OK https://skeb.jp/api/users/LIlworld6
2026-07-12 12:43:18 | INFO     | Saving at a/skeb/LIlworld6-b32984.json
2026-07-12 12:43:19 | INFO     | OK https://skeb.jp/api/users/feko_art
2026-07-12 12:43:19 | INFO     | Saving at a/skeb/feko_art-aca1ed.json
2026-07-12 12:43:20 | INFO     | OK https://skeb.jp/api/users/Ki_iRss24
2026-07-12 12:43:20 | INFO     | Saving at a/skeb/Ki_iRss24-83761e.json
2026-07-12 12:43:21 | INFO     | OK https://skeb.jp/api/users/momoiti_trpg
2026-07-12 12:43:21 | INFO     | Saving at a/skeb/momoiti_trpg-45b3a1.json
2026-07-12 12:43:22 | INFO     | OK https://skeb.jp/api/users/ritose_natsune
2026-07-12 12:43:22 | INFO     | Saving at a/skeb/ritose_natsune-77ca05.json
2026-07-12 12:43:23 | INFO     | OK https://skeb.jp/api/users/lma_ura_momo
2026-07-12 12:43:23 | INFO     | Saving at a/skeb/lma_ura_momo-2e8d9b.json
2026-07-12 12:43:24 | INFO     | OK https://skeb.jp/api/users/WAmmn_4
2026-07-12 12:43:24 | INFO     | Saving at a/skeb/WAmmn_4-cede78.json
2026-07-12 12:43:25 | WARNING  | 404 on https://skeb.jp/api/users/ronn_irai (attempt 3/3)
2026-07-12 12:43:26 | INFO     | OK https://skeb.jp/api/users/tolntoy87
2026-07-12 12:43:26 | INFO     | Saving at a/skeb/tolntoy87-c029e5.json
2026-07-12 12:43:27 | INFO     | OK https://skeb.jp/api/users/Utsuro_zZ
2026-07-12 12:43:27 | INFO     | Saving at a/skeb/Utsuro_zZ-2317a1.json
2026-07-12 12:43:28 | INFO     | OK https://skeb.jp/api/users/SEAKstream
2026-07-12 12:43:28 | INFO     | Saving at a/skeb/SEAKstream-1e6b3f.json
2026-07-12 12:43:29 | INFO     | OK https://skeb.jp/api/users/skKAZU1
2026-07-12 12:43:29 | INFO     | Saving at a/skeb/skKAZU1-013c1c.json
2026-07-12 12:43:30 | INFO     | OK https://skeb.jp/api/users/cake_il_
2026-07-12 12:43:30 | INFO     | Saving at a/skeb/cake_il_-12afbe.json
2026-07-12 12:43:31 | INFO     | OK https://skeb.jp/api/users/Kyo__sui_
2026-07-12 12:43:31 | INFO     | Saving at a/skeb/Kyo__sui_-36ba86.json
2026-07-12 12:43:32 | INFO     | OK https://skeb.jp/api/users/el4130_v
2026-07-12 12:43:32 | INFO     | Saving at a/skeb/el4130_v-f9fb1f.json
2026-07-12 12:43:33 | INFO     | OK https://skeb.jp/api/users/OiQLzsb8X9LcIrb
2026-07-12 12:43:33 | INFO     | Saving at a/skeb/OiQLzsb8X9LcIrb-f15b3b.json
2026-07-12 12:43:34 | INFO     | OK https://skeb.jp/api/users/hi_mitsuke
2026-07-12 12:43:34 | INFO     | Saving at a/skeb/hi_mitsuke-172753.json
2026-07-12 12:43:35 | INFO     | OK https://skeb.jp/api/users/KIKI_NYANKORO
2026-07-12 12:43:35 | INFO     | Saving at a/skeb/KIKI_NYANKORO-e1d8a3.json
2026-07-12 12:43:36 | INFO     | OK https://skeb.jp/api/users/White_Chi2ro
2026-07-12 12:43:36 | INFO     | Saving at a/skeb/White_Chi2ro-3d94ac.json
2026-07-12 12:43:37 | INFO     | OK https://skeb.jp/api/users/_mairu_
2026-07-12 12:43:37 | INFO     | Saving at a/skeb/_mairu_-efa4ff.json
2026-07-12 12:43:38 | INFO     | OK https://skeb.jp/api/users/ikuzouonda883
2026-07-12 12:43:38 | INFO     | Saving at a/skeb/ikuzouonda883-7b3310.json
2026-07-12 12:43:39 | INFO     | OK https://skeb.jp/api/users/aofuji0908
2026-07-12 12:43:39 | INFO     | Saving at a/skeb/aofuji0908-56307e.json
2026-07-12 12:43:40 | INFO     | OK https://skeb.jp/api/users/johnButterflly
2026-07-12 12:43:40 | INFO     | Saving at a/skeb/johnButterflly-c5dd55.json
2026-07-12 12:43:41 | INFO     | OK https://skeb.jp/api/users/aogroi_
2026-07-12 12:43:41 | INFO     | Saving at a/skeb/aogroi_-8049e4.json
2026-07-12 12:43:42 | INFO     | OK https://skeb.jp/api/users/15JUG0
2026-07-12 12:43:42 | INFO     | Saving at a/skeb/15JUG0-b47cab.json
2026-07-12 12:43:43 | INFO     | OK https://skeb.jp/api/users/TwuiVRC
2026-07-12 12:43:43 | INFO     | Saving at a/skeb/TwuiVRC-8e1aa5.json
2026-07-12 12:43:44 | INFO     | OK https://skeb.jp/api/users/consomme_sleep
2026-07-12 12:43:44 | INFO     | Saving at a/skeb/consomme_sleep-3ea41a.json
2026-07-12 12:43:45 | INFO     | OK https://skeb.jp/api/users/s_
2026-07-12 12:43:45 | INFO     | Saving at a/skeb/s_-2c3ba6.json
2026-07-12 12:43:46 | WARNING  | 404 on https://skeb.jp/api/users/EDO__nyan (attempt 3/3)
2026-07-12 12:43:47 | INFO     | OK https://skeb.jp/api/users/hiroyakame_R18
2026-07-12 12:43:47 | INFO     | Saving at a/skeb/hiroyakame_R18-f721d5.json
2026-07-12 12:43:48 | INFO     | OK https://skeb.jp/api/users/6321463214PPP
2026-07-12 12:43:48 | INFO     | Saving at a/skeb/6321463214PPP-4a1188.json
2026-07-12 12:43:49 | INFO     | OK https://skeb.jp/api/users/z38cm
2026-07-12 12:43:49 | INFO     | Saving at a/skeb/z38cm-f6c827.json
2026-07-12 12:43:50 | INFO     | OK https://skeb.jp/api/users/i__am__miura
2026-07-12 12:43:50 | INFO     | Saving at a/skeb/i__am__miura-70224e.json
2026-07-12 12:43:51 | INFO     | OK https://skeb.jp/api/users/TKDrums
2026-07-12 12:43:51 | INFO     | Saving at a/skeb/TKDrums-9e4422.json
2026-07-12 12:43:52 | INFO     | OK https://skeb.jp/api/users/chiri_9zu
2026-07-12 12:43:52 | INFO     | Saving at a/skeb/chiri_9zu-65320e.json
2026-07-12 12:43:53 | INFO     | OK https://skeb.jp/api/users/mtkyma
2026-07-12 12:43:53 | INFO     | Saving at a/skeb/mtkyma-c3e12d.json
2026-07-12 12:43:54 | INFO     | OK https://skeb.jp/api/users/yomo_253
2026-07-12 12:43:54 | INFO     | Saving at a/skeb/yomo_253-2f2ff3.json
2026-07-12 12:43:55 | INFO     | OK https://skeb.jp/api/users/uni_yume_dream
2026-07-12 12:43:55 | INFO     | Saving at a/skeb/uni_yume_dream-62c3f0.json
2026-07-12 12:43:56 | INFO     | OK https://skeb.jp/api/users/83mkriiiii
2026-07-12 12:43:56 | INFO     | Saving at a/skeb/83mkriiiii-af98ff.json
2026-07-12 12:43:57 | INFO     | OK https://skeb.jp/api/users/YANIKURAYADE
2026-07-12 12:43:57 | INFO     | Saving at a/skeb/YANIKURAYADE-52c43e.json
2026-07-12 12:43:58 | INFO     | OK https://skeb.jp/api/users/yumeki_banana
2026-07-12 12:43:58 | INFO     | Saving at a/skeb/yumeki_banana-569bd2.json
2026-07-12 12:43:59 | INFO     | OK https://skeb.jp/api/users/gnhume
2026-07-12 12:43:59 | INFO     | Saving at a/skeb/gnhume-6329af.json
2026-07-12 12:44:00 | INFO     | OK https://skeb.jp/api/users/atarime3
2026-07-12 12:44:00 | INFO     | Saving at a/skeb/atarime3-01c8bd.json
2026-07-12 12:44:01 | INFO     | OK https://skeb.jp/api/users/pee1_orange3
2026-07-12 12:44:01 | INFO     | Saving at a/skeb/pee1_orange3-7fd58f.json
2026-07-12 12:44:02 | INFO     | OK https://skeb.jp/api/users/anJatvTho9mK5sB
2026-07-12 12:44:02 | INFO     | Saving at a/skeb/anJatvTho9mK5sB-919634.json
2026-07-12 12:44:03 | INFO     | OK https://skeb.jp/api/users/shiroyan3
2026-07-12 12:44:03 | INFO     | Saving at a/skeb/shiroyan3-0137d4.json
2026-07-12 12:44:04 | INFO     | OK https://skeb.jp/api/users/kodama04
2026-07-12 12:44:04 | INFO     | Saving at a/skeb/kodama04-3c0b1d.json
2026-07-12 12:44:05 | INFO     | OK https://skeb.jp/api/users/hinachi_sora
2026-07-12 12:44:05 | INFO     | Saving at a/skeb/hinachi_sora-3f9736.json
2026-07-12 12:44:06 | INFO     | OK https://skeb.jp/api/users/meke100uds
2026-07-12 12:44:06 | INFO     | Saving at a/skeb/meke100uds-f6b3e7.json
2026-07-12 12:44:07 | INFO     | OK https://skeb.jp/api/users/18ura_kiyu
2026-07-12 12:44:07 | INFO     | Saving at a/skeb/18ura_kiyu-233e28.json
2026-07-12 12:44:08 | INFO     | OK https://skeb.jp/api/users/tttsh09876
2026-07-12 12:44:08 | INFO     | Saving at a/skeb/tttsh09876-0aeee6.json
2026-07-12 12:44:09 | INFO     | OK https://skeb.jp/api/users/HfNq_
2026-07-12 12:44:09 | INFO     | Saving at a/skeb/HfNq_-fe4fd9.json
2026-07-12 12:44:10 | INFO     | OK https://skeb.jp/api/users/muratyooo_
2026-07-12 12:44:10 | INFO     | Saving at a/skeb/muratyooo_-c6996d.json
2026-07-12 12:44:11 | INFO     | OK https://skeb.jp/api/users/0manma0
2026-07-12 12:44:11 | INFO     | Saving at a/skeb/0manma0-0a9869.json
2026-07-12 12:44:12 | INFO     | OK https://skeb.jp/api/users/otyanoma0503
2026-07-12 12:44:12 | INFO     | Saving at a/skeb/otyanoma0503-cc79f0.json
2026-07-12 12:44:13 | INFO     | OK https://skeb.jp/api/users/Ringoame1225
2026-07-12 12:44:13 | INFO     | Saving at a/skeb/Ringoame1225-8f8877.json
2026-07-12 12:44:14 | INFO     | OK https://skeb.jp/api/users/77nacachi
2026-07-12 12:44:14 | INFO     | Saving at a/skeb/77nacachi-b3f8fe.json
2026-07-12 12:44:15 | INFO     | OK https://skeb.jp/api/users/Ashiminoe
2026-07-12 12:44:15 | INFO     | Saving at a/skeb/Ashiminoe-a941cc.json
2026-07-12 12:44:16 | INFO     | OK https://skeb.jp/api/users/mist_p0tat0
2026-07-12 12:44:16 | INFO     | Saving at a/skeb/mist_p0tat0-e31034.json
2026-07-12 12:44:17 | INFO     | OK https://skeb.jp/api/users/susumu_jdag
2026-07-12 12:44:17 | INFO     | Saving at a/skeb/susumu_jdag-93d2c3.json
2026-07-12 12:44:18 | INFO     | OK https://skeb.jp/api/users/tobiuo0802
2026-07-12 12:44:18 | INFO     | Saving at a/skeb/tobiuo0802-f418e1.json
2026-07-12 12:44:19 | INFO     | OK https://skeb.jp/api/users/ttnb5age
2026-07-12 12:44:19 | INFO     | Saving at a/skeb/ttnb5age-51158d.json
2026-07-12 12:44:20 | INFO     | OK https://skeb.jp/api/users/ciora_
2026-07-12 12:44:20 | INFO     | Saving at a/skeb/ciora_-1f55df.json
2026-07-12 12:44:21 | INFO     | OK https://skeb.jp/api/users/SANMI1TAIXD
2026-07-12 12:44:21 | INFO     | Saving at a/skeb/SANMI1TAIXD-64b1e7.json
2026-07-12 12:44:22 | INFO     | OK https://skeb.jp/api/users/rufrenjirbert
2026-07-12 12:44:22 | INFO     | Saving at a/skeb/rufrenjirbert-e70bfa.json
2026-07-12 12:44:23 | INFO     | OK https://skeb.jp/api/users/Ragetsu_Tsubai
2026-07-12 12:44:23 | INFO     | Saving at a/skeb/Ragetsu_Tsubai-1bf6b0.json
2026-07-12 12:44:24 | INFO     | OK https://skeb.jp/api/users/Sea_p_a
2026-07-12 12:44:24 | INFO     | Saving at a/skeb/Sea_p_a-d06191.json
2026-07-12 12:44:25 | WARNING  | 404 on https://skeb.jp/api/users/kiNero30901 (attempt 1/3)
2026-07-12 12:44:26 | INFO     | OK https://skeb.jp/api/users/rainKZ0
2026-07-12 12:44:26 | INFO     | Saving at a/skeb/rainKZ0-04ff33.json
2026-07-12 12:44:27 | INFO     | OK https://skeb.jp/api/users/2514tm
2026-07-12 12:44:27 | INFO     | Saving at a/skeb/2514tm-0ed089.json
2026-07-12 12:44:28 | INFO     | OK https://skeb.jp/api/users/kaxtupe
2026-07-12 12:44:28 | INFO     | Saving at a/skeb/kaxtupe-a28e5e.json
2026-07-12 12:44:29 | WARNING  | 404 on https://skeb.jp/api/users/kiNero30901 (attempt 2/3)
2026-07-12 12:44:30 | INFO     | OK https://skeb.jp/api/users/Sokoni_cyama
2026-07-12 12:44:30 | INFO     | Saving at a/skeb/Sokoni_cyama-3772da.json
2026-07-12 12:44:31 | INFO     | OK https://skeb.jp/api/users/Ninople_13
2026-07-12 12:44:31 | INFO     | Saving at a/skeb/Ninople_13-887123.json
2026-07-12 12:44:32 | INFO     | OK https://skeb.jp/api/users/Yonaga_N
2026-07-12 12:44:32 | INFO     | Saving at a/skeb/Yonaga_N-a00fef.json
2026-07-12 12:44:33 | INFO     | OK https://skeb.jp/api/users/rugraveyard
2026-07-12 12:44:33 | INFO     | Saving at a/skeb/rugraveyard-4552be.json
2026-07-12 12:44:34 | INFO     | OK https://skeb.jp/api/users/mitsuki_365
2026-07-12 12:44:34 | INFO     | Saving at a/skeb/mitsuki_365-e16b7a.json
2026-07-12 12:44:35 | WARNING  | 404 on https://skeb.jp/api/users/kiNero30901 (attempt 3/3)
2026-07-12 12:44:36 | INFO     | OK https://skeb.jp/api/users/nur0122616
2026-07-12 12:44:36 | INFO     | Saving at a/skeb/nur0122616-1fc5a5.json
2026-07-12 12:44:37 | INFO     | OK https://skeb.jp/api/users/yukisuzusnow
2026-07-12 12:44:37 | INFO     | Saving at a/skeb/yukisuzusnow-325439.json
2026-07-12 12:44:38 | INFO     | OK https://skeb.jp/api/users/mizkaPNG
2026-07-12 12:44:38 | INFO     | Saving at a/skeb/mizkaPNG-0890db.json
2026-07-12 12:44:39 | INFO     | OK https://skeb.jp/api/users/xye_02
2026-07-12 12:44:39 | INFO     | Saving at a/skeb/xye_02-a62896.json
2026-07-12 12:44:40 | INFO     | OK https://skeb.jp/api/users/tennkyuukai
2026-07-12 12:44:40 | INFO     | Saving at a/skeb/tennkyuukai-32bdbc.json
2026-07-12 12:44:41 | INFO     | OK https://skeb.jp/api/users/unagishirou
2026-07-12 12:44:41 | INFO     | Saving at a/skeb/unagishirou-e99b59.json
2026-07-12 12:44:42 | INFO     | OK https://skeb.jp/api/users/myon_meee
2026-07-12 12:44:42 | INFO     | Saving at a/skeb/myon_meee-bd0ed8.json
2026-07-12 12:44:43 | WARNING  | 404 on https://skeb.jp/api/users/aki_ra3_ (attempt 1/3)
2026-07-12 12:44:44 | INFO     | OK https://skeb.jp/api/users/mocotanuchama_U
2026-07-12 12:44:44 | INFO     | Saving at a/skeb/mocotanuchama_U-7ae00b.json
2026-07-12 12:44:45 | WARNING  | 404 on https://skeb.jp/api/users/8oSSUHCnXXz4tBp (attempt 1/3)
2026-07-12 12:44:46 | INFO     | OK https://skeb.jp/api/users/s_picoo
2026-07-12 12:44:46 | INFO     | Saving at a/skeb/s_picoo-12fbe5.json
2026-07-12 12:44:47 | WARNING  | 404 on https://skeb.jp/api/users/aki_ra3_ (attempt 2/3)
2026-07-12 12:44:48 | WARNING  | 404 on https://skeb.jp/api/users/8oSSUHCnXXz4tBp (attempt 2/3)
2026-07-12 12:44:49 | INFO     | OK https://skeb.jp/api/users/itutu5_
2026-07-12 12:44:49 | INFO     | Saving at a/skeb/itutu5_-a80756.json
2026-07-12 12:44:50 | INFO     | OK https://skeb.jp/api/users/371037a
2026-07-12 12:44:50 | INFO     | Saving at a/skeb/371037a-237d7c.json
2026-07-12 12:44:51 | INFO     | OK https://skeb.jp/api/users/spbowl_
2026-07-12 12:44:51 | INFO     | Saving at a/skeb/spbowl_-b97421.json
2026-07-12 12:44:52 | INFO     | OK https://skeb.jp/api/users/tsubasanoa09
2026-07-12 12:44:52 | INFO     | Saving at a/skeb/tsubasanoa09-2cd5fd.json
2026-07-12 12:44:53 | WARNING  | 404 on https://skeb.jp/api/users/8oSSUHCnXXz4tBp (attempt 3/3)
2026-07-12 12:44:54 | INFO     | OK https://skeb.jp/api/users/lamna_error
2026-07-12 12:44:54 | INFO     | Saving at a/skeb/lamna_error-1db996.json
2026-07-12 12:44:55 | INFO     | OK https://skeb.jp/api/users/panda46xx
2026-07-12 12:44:55 | INFO     | Saving at a/skeb/panda46xx-ac7f04.json
2026-07-12 12:44:56 | INFO     | OK https://skeb.jp/api/users/Wayuzz99
2026-07-12 12:44:56 | INFO     | Saving at a/skeb/Wayuzz99-d4263b.json
2026-07-12 12:44:57 | INFO     | OK https://skeb.jp/api/users/OJIUKE_
2026-07-12 12:44:57 | INFO     | Saving at a/skeb/OJIUKE_-566610.json
2026-07-12 12:44:58 | INFO     | OK https://skeb.jp/api/users/tataminemuru
2026-07-12 12:44:58 | INFO     | Saving at a/skeb/tataminemuru-ffc982.json
2026-07-12 12:44:59 | INFO     | OK https://skeb.jp/api/users/Sankakusukeb
2026-07-12 12:44:59 | INFO     | Saving at a/skeb/Sankakusukeb-2bda57.json
2026-07-12 12:45:00 | INFO     | OK https://skeb.jp/api/users/Earl_Grey_2222
2026-07-12 12:45:00 | INFO     | Saving at a/skeb/Earl_Grey_2222-190895.json
2026-07-12 12:45:01 | INFO     | OK https://skeb.jp/api/users/_happysunrain_
2026-07-12 12:45:01 | INFO     | Saving at a/skeb/_happysunrain_-2d0a4b.json
2026-07-12 12:45:02 | WARNING  | 404 on https://skeb.jp/api/users/aki_ra3_ (attempt 3/3)
2026-07-12 12:45:03 | INFO     | OK https://skeb.jp/api/users/Noel0512
2026-07-12 12:45:03 | INFO     | Saving at a/skeb/Noel0512-f862b3.json
2026-07-12 12:45:04 | INFO     | OK https://skeb.jp/api/users/jun_illustlife
2026-07-12 12:45:04 | INFO     | Saving at a/skeb/jun_illustlife-b5a94e.json
2026-07-12 12:45:05 | INFO     | OK https://skeb.jp/api/users/Tgear14
2026-07-12 12:45:05 | INFO     | Saving at a/skeb/Tgear14-e8a016.json
2026-07-12 12:45:06 | INFO     | OK https://skeb.jp/api/users/426net
2026-07-12 12:45:06 | INFO     | Saving at a/skeb/426net-934dbf.json
2026-07-12 12:45:07 | INFO     | OK https://skeb.jp/api/users/literature0607
2026-07-12 12:45:07 | INFO     | Saving at a/skeb/literature0607-433fd4.json
2026-07-12 12:45:08 | INFO     | OK https://skeb.jp/api/users/Snow_Botan
2026-07-12 12:45:08 | INFO     | Saving at a/skeb/Snow_Botan-d70e69.json
2026-07-12 12:45:09 | INFO     | OK https://skeb.jp/api/users/tamayori0406
2026-07-12 12:45:09 | INFO     | Saving at a/skeb/tamayori0406-272847.json
2026-07-12 12:45:10 | INFO     | OK https://skeb.jp/api/users/takitakitaaa
2026-07-12 12:45:10 | INFO     | Saving at a/skeb/takitakitaaa-93a2f1.json
2026-07-12 12:45:11 | WARNING  | 404 on https://skeb.jp/api/users/Genkyou (attempt 1/3)
2026-07-12 12:45:12 | INFO     | OK https://skeb.jp/api/users/UtanobuAomiya
2026-07-12 12:45:12 | INFO     | Saving at a/skeb/UtanobuAomiya-46d676.json
2026-07-12 12:45:13 | INFO     | OK https://skeb.jp/api/users/Cai_Ling_07
2026-07-12 12:45:13 | INFO     | Saving at a/skeb/Cai_Ling_07-92b4cb.json
2026-07-12 12:45:14 | INFO     | OK https://skeb.jp/api/users/hinagikugs
2026-07-12 12:45:14 | INFO     | Saving at a/skeb/hinagikugs-48b034.json
2026-07-12 12:45:15 | INFO     | OK https://skeb.jp/api/users/Coldcosmic
2026-07-12 12:45:15 | INFO     | Saving at a/skeb/Coldcosmic-5a7037.json
2026-07-12 12:45:16 | INFO     | OK https://skeb.jp/api/users/myonco9
2026-07-12 12:45:16 | INFO     | Saving at a/skeb/myonco9-37448f.json
2026-07-12 12:45:17 | INFO     | OK https://skeb.jp/api/users/usagita1211
2026-07-12 12:45:17 | INFO     | Saving at a/skeb/usagita1211-a36588.json
2026-07-12 12:45:18 | INFO     | OK https://skeb.jp/api/users/ranrannikoniko2
2026-07-12 12:45:18 | INFO     | Saving at a/skeb/ranrannikoniko2-688ca9.json
2026-07-12 12:45:19 | INFO     | OK https://skeb.jp/api/users/himemasamiya
2026-07-12 12:45:19 | INFO     | Saving at a/skeb/himemasamiya-99d6fa.json
2026-07-12 12:45:20 | INFO     | OK https://skeb.jp/api/users/yukia0183
2026-07-12 12:45:20 | INFO     | Saving at a/skeb/yukia0183-c46899.json
2026-07-12 12:45:21 | INFO     | OK https://skeb.jp/api/users/unicornbouya
2026-07-12 12:45:21 | INFO     | Saving at a/skeb/unicornbouya-741e8c.json
2026-07-12 12:45:22 | INFO     | OK https://skeb.jp/api/users/KHINA_niji
2026-07-12 12:45:22 | INFO     | Saving at a/skeb/KHINA_niji-147309.json
2026-07-12 12:45:23 | WARNING  | 404 on https://skeb.jp/api/users/sakayama_lazuli (attempt 1/3)
2026-07-12 12:45:24 | INFO     | OK https://skeb.jp/api/users/nonsgr
2026-07-12 12:45:24 | INFO     | Saving at a/skeb/nonsgr-12d621.json
2026-07-12 12:45:25 | WARNING  | 404 on https://skeb.jp/api/users/77_t2w (attempt 1/3)
2026-07-12 12:45:26 | INFO     | OK https://skeb.jp/api/users/yoru_desuwa
2026-07-12 12:45:26 | INFO     | Saving at a/skeb/yoru_desuwa-8b03ba.json
2026-07-12 12:45:27 | WARNING  | 404 on https://skeb.jp/api/users/sakayama_lazuli (attempt 2/3)
2026-07-12 12:45:28 | WARNING  | 404 on https://skeb.jp/api/users/77_t2w (attempt 2/3)
2026-07-12 12:45:29 | INFO     | OK https://skeb.jp/api/users/kanadezain
2026-07-12 12:45:29 | INFO     | Saving at a/skeb/kanadezain-8f09d9.json
2026-07-12 12:45:30 | INFO     | OK https://skeb.jp/api/users/sito0516
2026-07-12 12:45:30 | INFO     | Saving at a/skeb/sito0516-1d8501.json
2026-07-12 12:45:31 | INFO     | OK https://skeb.jp/api/users/cvel_1014
2026-07-12 12:45:31 | INFO     | Saving at a/skeb/cvel_1014-2f15f9.json
2026-07-12 12:45:32 | WARNING  | 404 on https://skeb.jp/api/users/sakayama_lazuli (attempt 3/3)
2026-07-12 12:45:33 | INFO     | OK https://skeb.jp/api/users/mercur_clawl
2026-07-12 12:45:33 | INFO     | Saving at a/skeb/mercur_clawl-aada0b.json
2026-07-12 12:45:34 | WARNING  | 404 on https://skeb.jp/api/users/77_t2w (attempt 3/3)
2026-07-12 12:45:35 | INFO     | OK https://skeb.jp/api/users/starblue_story
2026-07-12 12:45:35 | INFO     | Saving at a/skeb/starblue_story-2a8831.json
2026-07-12 12:45:36 | INFO     | OK https://skeb.jp/api/users/nyk_sm
2026-07-12 12:45:36 | INFO     | Saving at a/skeb/nyk_sm-39d75d.json
2026-07-12 12:45:37 | INFO     | OK https://skeb.jp/api/users/Ettou9191
2026-07-12 12:45:37 | INFO     | Saving at a/skeb/Ettou9191-95cbf1.json
2026-07-12 12:45:38 | INFO     | OK https://skeb.jp/api/users/2nr02
2026-07-12 12:45:38 | INFO     | Saving at a/skeb/2nr02-8f6683.json
2026-07-12 12:45:39 | INFO     | OK https://skeb.jp/api/users/kalyisya
2026-07-12 12:45:39 | INFO     | Saving at a/skeb/kalyisya-374090.json
2026-07-12 12:45:40 | INFO     | OK https://skeb.jp/api/users/omu_komer
2026-07-12 12:45:40 | INFO     | Saving at a/skeb/omu_komer-4510aa.json
2026-07-12 12:45:41 | INFO     | OK https://skeb.jp/api/users/Kinmokusui_TRPG
2026-07-12 12:45:41 | INFO     | Saving at a/skeb/Kinmokusui_TRPG-1759b3.json
2026-07-12 12:45:42 | WARNING  | 404 on https://skeb.jp/api/users/Uo_oU_us (attempt 1/3)
2026-07-12 12:45:43 | INFO     | OK https://skeb.jp/api/users/miyuu12031203
2026-07-12 12:45:43 | INFO     | Saving at a/skeb/miyuu12031203-b4eb67.json
2026-07-12 12:45:44 | INFO     | OK https://skeb.jp/api/users/8ksxn
2026-07-12 12:45:44 | INFO     | Saving at a/skeb/8ksxn-dcb9a7.json
2026-07-12 12:45:45 | WARNING  | 404 on https://skeb.jp/api/users/se3ifinal (attempt 1/3)
2026-07-12 12:45:46 | WARNING  | 404 on https://skeb.jp/api/users/Uo_oU_us (attempt 2/3)
2026-07-12 12:45:47 | INFO     | OK https://skeb.jp/api/users/kuuuuuuki
2026-07-12 12:45:47 | INFO     | Saving at a/skeb/kuuuuuuki-eff20c.json
2026-07-12 12:45:48 | WARNING  | 404 on https://skeb.jp/api/users/Genkyou (attempt 2/3)
2026-07-12 12:45:49 | INFO     | OK https://skeb.jp/api/users/iiEBInoME
2026-07-12 12:45:49 | INFO     | Saving at a/skeb/iiEBInoME-8e4a22.json
2026-07-12 12:45:50 | WARNING  | 404 on https://skeb.jp/api/users/kotonesansukida (attempt 1/3)
2026-07-12 12:45:51 | INFO     | OK https://skeb.jp/api/users/tadameeei
2026-07-12 12:45:51 | INFO     | Saving at a/skeb/tadameeei-5bb73a.json
2026-07-12 12:45:52 | WARNING  | 404 on https://skeb.jp/api/users/se3ifinal (attempt 2/3)
2026-07-12 12:45:53 | INFO     | OK https://skeb.jp/api/users/rk__rez
2026-07-12 12:45:53 | INFO     | Saving at a/skeb/rk__rez-95d7b6.json
2026-07-12 12:45:54 | WARNING  | 404 on https://skeb.jp/api/users/kotonesansukida (attempt 2/3)
2026-07-12 12:45:55 | WARNING  | 404 on https://skeb.jp/api/users/Genkyou (attempt 3/3)
2026-07-12 12:45:56 | INFO     | OK https://skeb.jp/api/users/Rinco042
2026-07-12 12:45:56 | INFO     | Saving at a/skeb/Rinco042-4cbc85.json
2026-07-12 12:45:57 | INFO     | OK https://skeb.jp/api/users/dejav_yu
2026-07-12 12:45:57 | INFO     | Saving at a/skeb/dejav_yu-0c6460.json
2026-07-12 12:45:58 | WARNING  | 404 on https://skeb.jp/api/users/se3ifinal (attempt 3/3)
2026-07-12 12:45:59 | INFO     | OK https://skeb.jp/api/users/momonomememeno
2026-07-12 12:45:59 | INFO     | Saving at a/skeb/momonomememeno-8bb954.json
2026-07-12 12:46:00 | INFO     | OK https://skeb.jp/api/users/coh_mone
2026-07-12 12:46:00 | INFO     | Saving at a/skeb/coh_mone-58e5a7.json
2026-07-12 12:46:01 | WARNING  | 404 on https://skeb.jp/api/users/kotonesansukida (attempt 3/3)
2026-07-12 12:46:02 | INFO     | OK https://skeb.jp/api/users/uyuyusan
2026-07-12 12:46:02 | INFO     | Saving at a/skeb/uyuyusan-1530b8.json
2026-07-12 12:46:03 | INFO     | OK https://skeb.jp/api/users/DropC_std
2026-07-12 12:46:03 | INFO     | Saving at a/skeb/DropC_std-f99b57.json
2026-07-12 12:46:04 | INFO     | OK https://skeb.jp/api/users/nyobuto
2026-07-12 12:46:04 | INFO     | Saving at a/skeb/nyobuto-7a0ba2.json
2026-07-12 12:46:05 | INFO     | OK https://skeb.jp/api/users/egg852747500
2026-07-12 12:46:05 | INFO     | Saving at a/skeb/egg852747500-77bb2c.json
2026-07-12 12:46:06 | WARNING  | 404 on https://skeb.jp/api/users/Uo_oU_us (attempt 3/3)
2026-07-12 12:46:07 | INFO     | OK https://skeb.jp/api/users/ride_wa
2026-07-12 12:46:07 | INFO     | Saving at a/skeb/ride_wa-b8d3cc.json
2026-07-12 12:46:08 | INFO     | OK https://skeb.jp/api/users/KowloonClone
2026-07-12 12:46:08 | INFO     | Saving at a/skeb/KowloonClone-2008ad.json
2026-07-12 12:46:09 | INFO     | OK https://skeb.jp/api/users/myth3navv
2026-07-12 12:46:09 | INFO     | Saving at a/skeb/myth3navv-e1100a.json
2026-07-12 12:46:10 | INFO     | OK https://skeb.jp/api/users/L0VEYAMA003
2026-07-12 12:46:10 | INFO     | Saving at a/skeb/L0VEYAMA003-ae77f9.json
2026-07-12 12:46:11 | INFO     | OK https://skeb.jp/api/users/Near_glistenOwO
2026-07-12 12:46:11 | INFO     | Saving at a/skeb/Near_glistenOwO-791894.json
2026-07-12 12:46:12 | INFO     | OK https://skeb.jp/api/users/Comikaku
2026-07-12 12:46:12 | INFO     | Saving at a/skeb/Comikaku-9f9eb3.json
2026-07-12 12:46:13 | INFO     | OK https://skeb.jp/api/users/tosi_123456789
2026-07-12 12:46:13 | INFO     | Saving at a/skeb/tosi_123456789-e4fc79.json
2026-07-12 12:46:14 | INFO     | OK https://skeb.jp/api/users/fron310
2026-07-12 12:46:14 | INFO     | Saving at a/skeb/fron310-1586ec.json
2026-07-12 12:46:15 | INFO     | OK https://skeb.jp/api/users/BunBun_chiyo
2026-07-12 12:46:15 | INFO     | Saving at a/skeb/BunBun_chiyo-4fad2a.json
2026-07-12 12:46:16 | INFO     | OK https://skeb.jp/api/users/ykn_hisaki
2026-07-12 12:46:16 | INFO     | Saving at a/skeb/ykn_hisaki-1944ff.json
2026-07-12 12:46:17 | INFO     | OK https://skeb.jp/api/users/mJ1AtCucCF4eo9V
2026-07-12 12:46:17 | INFO     | Saving at a/skeb/mJ1AtCucCF4eo9V-4ed74e.json
2026-07-12 12:46:18 | INFO     | OK https://skeb.jp/api/users/0473_kobi
2026-07-12 12:46:18 | INFO     | Saving at a/skeb/0473_kobi-a61677.json
2026-07-12 12:46:19 | INFO     | OK https://skeb.jp/api/users/ImoP_musique
2026-07-12 12:46:19 | INFO     | Saving at a/skeb/ImoP_musique-a4e672.json
2026-07-12 12:46:20 | INFO     | OK https://skeb.jp/api/users/mio_Illst
2026-07-12 12:46:20 | INFO     | Saving at a/skeb/mio_Illst-6840a5.json
2026-07-12 12:46:21 | INFO     | OK https://skeb.jp/api/users/Blau1965
2026-07-12 12:46:21 | INFO     | Saving at a/skeb/Blau1965-2912fc.json
2026-07-12 12:46:22 | INFO     | OK https://skeb.jp/api/users/bym_osakana
2026-07-12 12:46:22 | INFO     | Saving at a/skeb/bym_osakana-6bad76.json
2026-07-12 12:46:23 | INFO     | OK https://skeb.jp/api/users/eonhisoka
2026-07-12 12:46:23 | INFO     | Saving at a/skeb/eonhisoka-e2c355.json
2026-07-12 12:46:24 | INFO     | OK https://skeb.jp/api/users/19971106yoshiki
2026-07-12 12:46:24 | INFO     | Saving at a/skeb/19971106yoshiki-f8da03.json
2026-07-12 12:46:25 | INFO     | OK https://skeb.jp/api/users/566_kurogon
2026-07-12 12:46:25 | INFO     | Saving at a/skeb/566_kurogon-27807f.json
2026-07-12 12:46:26 | INFO     | OK https://skeb.jp/api/users/inochicken
2026-07-12 12:46:26 | INFO     | Saving at a/skeb/inochicken-183e4e.json
2026-07-12 12:46:27 | INFO     | OK https://skeb.jp/api/users/Mimiya_ten
2026-07-12 12:46:27 | INFO     | Saving at a/skeb/Mimiya_ten-a037ce.json
2026-07-12 12:46:28 | INFO     | OK https://skeb.jp/api/users/x_mi_ni
2026-07-12 12:46:28 | INFO     | Saving at a/skeb/x_mi_ni-d923b4.json
2026-07-12 12:46:29 | INFO     | OK https://skeb.jp/api/users/__hinokida__
2026-07-12 12:46:29 | INFO     | Saving at a/skeb/__hinokida__-ec4dd4.json
2026-07-12 12:46:30 | INFO     | OK https://skeb.jp/api/users/noka10pu
2026-07-12 12:46:30 | INFO     | Saving at a/skeb/noka10pu-e68972.json
2026-07-12 12:46:31 | WARNING  | 404 on https://skeb.jp/api/users/fukafuka_no_inu (attempt 1/3)
2026-07-12 12:46:32 | INFO     | OK https://skeb.jp/api/users/mnmn_ekky
2026-07-12 12:46:32 | INFO     | Saving at a/skeb/mnmn_ekky-ff89a1.json
2026-07-12 12:46:33 | INFO     | OK https://skeb.jp/api/users/melonsoda_suki_
2026-07-12 12:46:33 | INFO     | Saving at a/skeb/melonsoda_suki_-6989fa.json
2026-07-12 12:46:34 | INFO     | OK https://skeb.jp/api/users/rorretsim02
2026-07-12 12:46:34 | INFO     | Saving at a/skeb/rorretsim02-0117e5.json
2026-07-12 12:46:35 | INFO     | OK https://skeb.jp/api/users/tenkaiOL
2026-07-12 12:46:35 | INFO     | Saving at a/skeb/tenkaiOL-a52a85.json
2026-07-12 12:46:36 | INFO     | OK https://skeb.jp/api/users/Ctansuikabutsu
2026-07-12 12:46:36 | INFO     | Saving at a/skeb/Ctansuikabutsu-9d054d.json
2026-07-12 12:46:37 | WARNING  | 404 on https://skeb.jp/api/users/fukafuka_no_inu (attempt 2/3)
2026-07-12 12:46:38 | INFO     | OK https://skeb.jp/api/users/YADDDDN
2026-07-12 12:46:38 | INFO     | Saving at a/skeb/YADDDDN-ba6393.json
2026-07-12 12:46:39 | INFO     | OK https://skeb.jp/api/users/wani_sp0113
2026-07-12 12:46:39 | INFO     | Saving at a/skeb/wani_sp0113-dc6147.json
2026-07-12 12:46:40 | INFO     | OK https://skeb.jp/api/users/guest2688
2026-07-12 12:46:40 | INFO     | Saving at a/skeb/guest2688-0ce12f.json
2026-07-12 12:46:41 | INFO     | OK https://skeb.jp/api/users/hinano_nano
2026-07-12 12:46:41 | INFO     | Saving at a/skeb/hinano_nano-de4886.json
2026-07-12 12:46:42 | INFO     | OK https://skeb.jp/api/users/atlikehome2
2026-07-12 12:46:42 | INFO     | Saving at a/skeb/atlikehome2-172868.json
2026-07-12 12:46:43 | WARNING  | 404 on https://skeb.jp/api/users/fukafuka_no_inu (attempt 3/3)
2026-07-12 12:46:44 | INFO     | OK https://skeb.jp/api/users/shiroganenokagi
2026-07-12 12:46:44 | INFO     | Saving at a/skeb/shiroganenokagi-d49fdd.json
2026-07-12 12:46:45 | INFO     | OK https://skeb.jp/api/users/sasaura_kotarou
2026-07-12 12:46:45 | INFO     | Saving at a/skeb/sasaura_kotarou-991f28.json
2026-07-12 12:46:46 | INFO     | OK https://skeb.jp/api/users/doumei_08
2026-07-12 12:46:46 | INFO     | Saving at a/skeb/doumei_08-5b14f3.json
2026-07-12 12:46:47 | INFO     | OK https://skeb.jp/api/users/queenmk
2026-07-12 12:46:47 | INFO     | Saving at a/skeb/queenmk-3411fe.json
2026-07-12 12:46:48 | INFO     | OK https://skeb.jp/api/users/ka45marimashita
2026-07-12 12:46:48 | INFO     | Saving at a/skeb/ka45marimashita-96fe96.json
2026-07-12 12:46:49 | INFO     | OK https://skeb.jp/api/users/w2_uo
2026-07-12 12:46:49 | INFO     | Saving at a/skeb/w2_uo-77fde7.json
2026-07-12 12:46:50 | INFO     | OK https://skeb.jp/api/users/rinpun
2026-07-12 12:46:50 | INFO     | Saving at a/skeb/rinpun-23e81b.json
2026-07-12 12:46:51 | INFO     | OK https://skeb.jp/api/users/syumiaka252525
2026-07-12 12:46:51 | INFO     | Saving at a/skeb/syumiaka252525-643fa3.json
2026-07-12 12:46:52 | INFO     | OK https://skeb.jp/api/users/swordtarou
2026-07-12 12:46:52 | INFO     | Saving at a/skeb/swordtarou-750ffe.json
2026-07-12 12:46:53 | INFO     | OK https://skeb.jp/api/users/PictsSouthern
2026-07-12 12:46:53 | INFO     | Saving at a/skeb/PictsSouthern-07dc3a.json
2026-07-12 12:46:54 | INFO     | OK https://skeb.jp/api/users/AdaTsugamachi
2026-07-12 12:46:54 | INFO     | Saving at a/skeb/AdaTsugamachi-e45a3f.json
2026-07-12 12:46:55 | INFO     | OK https://skeb.jp/api/users/NAGIsabus
2026-07-12 12:46:55 | INFO     | Saving at a/skeb/NAGIsabus-74bd6f.json
2026-07-12 12:46:56 | INFO     | OK https://skeb.jp/api/users/menma911
2026-07-12 12:46:56 | INFO     | Saving at a/skeb/menma911-489483.json
2026-07-12 12:46:57 | INFO     | OK https://skeb.jp/api/users/ponponpananda
2026-07-12 12:46:57 | INFO     | Saving at a/skeb/ponponpananda-45605a.json
2026-07-12 12:46:58 | INFO     | OK https://skeb.jp/api/users/azusate486
2026-07-12 12:46:58 | INFO     | Saving at a/skeb/azusate486-a34ebc.json
2026-07-12 12:46:59 | INFO     | OK https://skeb.jp/api/users/il_shirokuro
2026-07-12 12:46:59 | INFO     | Saving at a/skeb/il_shirokuro-3ff6e4.json
2026-07-12 12:47:00 | INFO     | OK https://skeb.jp/api/users/wanpakuotome9
2026-07-12 12:47:00 | INFO     | Saving at a/skeb/wanpakuotome9-3c27f4.json
2026-07-12 12:47:01 | INFO     | OK https://skeb.jp/api/users/snw5574
2026-07-12 12:47:01 | INFO     | Saving at a/skeb/snw5574-7ea886.json
2026-07-12 12:47:02 | WARNING  | 404 on https://skeb.jp/api/users/Henzu_23 (attempt 1/3)
2026-07-12 12:47:03 | INFO     | OK https://skeb.jp/api/users/Saki_M_1019
2026-07-12 12:47:03 | INFO     | Saving at a/skeb/Saki_M_1019-894059.json
2026-07-12 12:47:04 | INFO     | OK https://skeb.jp/api/users/_sokonashi
2026-07-12 12:47:04 | INFO     | Saving at a/skeb/_sokonashi-4217c2.json
2026-07-12 12:47:05 | INFO     | OK https://skeb.jp/api/users/itoyuhannmi
2026-07-12 12:47:05 | INFO     | Saving at a/skeb/itoyuhannmi-45a0a7.json
2026-07-12 12:47:06 | INFO     | OK https://skeb.jp/api/users/sayu_m_6
2026-07-12 12:47:06 | INFO     | Saving at a/skeb/sayu_m_6-20d2da.json
2026-07-12 12:47:07 | INFO     | OK https://skeb.jp/api/users/i_lunatic_i
2026-07-12 12:47:07 | INFO     | Saving at a/skeb/i_lunatic_i-a2898e.json
2026-07-12 12:47:08 | INFO     | OK https://skeb.jp/api/users/yuki_little__V
2026-07-12 12:47:08 | INFO     | Saving at a/skeb/yuki_little__V-264482.json
2026-07-12 12:47:09 | WARNING  | 404 on https://skeb.jp/api/users/Henzu_23 (attempt 2/3)
2026-07-12 12:47:10 | INFO     | OK https://skeb.jp/api/users/oA6O1Ag07X
2026-07-12 12:47:10 | INFO     | Saving at a/skeb/oA6O1Ag07X-e457b3.json
2026-07-12 12:47:11 | WARNING  | 404 on https://skeb.jp/api/users/g33kst (attempt 1/3)
2026-07-12 12:47:12 | INFO     | OK https://skeb.jp/api/users/HE0107_5240
2026-07-12 12:47:12 | INFO     | Saving at a/skeb/HE0107_5240-725381.json
2026-07-12 12:47:13 | WARNING  | 404 on https://skeb.jp/api/users/fm7hxj (attempt 1/3)
2026-07-12 12:47:14 | INFO     | OK https://skeb.jp/api/users/shikida_ya
2026-07-12 12:47:14 | INFO     | Saving at a/skeb/shikida_ya-4da8cb.json
2026-07-12 12:47:15 | WARNING  | 404 on https://skeb.jp/api/users/Henzu_23 (attempt 3/3)
2026-07-12 12:47:16 | INFO     | OK https://skeb.jp/api/users/seene_s
2026-07-12 12:47:16 | INFO     | Saving at a/skeb/seene_s-a5443f.json
2026-07-12 12:47:17 | INFO     | OK https://skeb.jp/api/users/Bei_Yemm
2026-07-12 12:47:17 | INFO     | Saving at a/skeb/Bei_Yemm-fe9eac.json
2026-07-12 12:47:18 | INFO     | OK https://skeb.jp/api/users/IFBffu2Sd1hviDd
2026-07-12 12:47:18 | INFO     | Saving at a/skeb/IFBffu2Sd1hviDd-1a7866.json
2026-07-12 12:47:19 | WARNING  | 404 on https://skeb.jp/api/users/g33kst (attempt 2/3)
2026-07-12 12:47:20 | INFO     | OK https://skeb.jp/api/users/her_root_hinata
2026-07-12 12:47:20 | INFO     | Saving at a/skeb/her_root_hinata-333982.json
2026-07-12 12:47:21 | INFO     | OK https://skeb.jp/api/users/rurorurohan
2026-07-12 12:47:21 | INFO     | Saving at a/skeb/rurorurohan-eef3e1.json
2026-07-12 12:47:22 | INFO     | OK https://skeb.jp/api/users/ZANGETSU
2026-07-12 12:47:22 | INFO     | Saving at a/skeb/ZANGETSU-5e41ef.json
2026-07-12 12:47:23 | INFO     | OK https://skeb.jp/api/users/inor
2026-07-12 12:47:23 | INFO     | Saving at a/skeb/inor-6b9e32.json
2026-07-12 12:47:24 | WARNING  | 404 on https://skeb.jp/api/users/oshino_Iriss (attempt 1/3)
2026-07-12 12:47:25 | INFO     | OK https://skeb.jp/api/users/udondon118
2026-07-12 12:47:25 | INFO     | Saving at a/skeb/udondon118-e9ba7b.json
2026-07-12 12:47:26 | INFO     | OK https://skeb.jp/api/users/takowasabix
2026-07-12 12:47:26 | INFO     | Saving at a/skeb/takowasabix-b9aca6.json
2026-07-12 12:47:27 | WARNING  | 404 on https://skeb.jp/api/users/fm7hxj (attempt 2/3)
2026-07-12 12:47:28 | WARNING  | 404 on https://skeb.jp/api/users/g33kst (attempt 3/3)
2026-07-12 12:47:29 | INFO     | OK https://skeb.jp/api/users/No3_se
2026-07-12 12:47:29 | INFO     | Saving at a/skeb/No3_se-2baaea.json
2026-07-12 12:47:30 | INFO     | OK https://skeb.jp/api/users/6i_nc
2026-07-12 12:47:30 | INFO     | Saving at a/skeb/6i_nc-c436cb.json
2026-07-12 12:47:31 | INFO     | OK https://skeb.jp/api/users/vanit_s
2026-07-12 12:47:31 | INFO     | Saving at a/skeb/vanit_s-06a239.json
2026-07-12 12:47:32 | INFO     | OK https://skeb.jp/api/users/Akarata_98
2026-07-12 12:47:32 | INFO     | Saving at a/skeb/Akarata_98-932212.json
2026-07-12 12:47:33 | INFO     | OK https://skeb.jp/api/users/naritai_12
2026-07-12 12:47:33 | INFO     | Saving at a/skeb/naritai_12-8f8281.json
2026-07-12 12:47:34 | INFO     | OK https://skeb.jp/api/users/PrimeB237
2026-07-12 12:47:34 | INFO     | Saving at a/skeb/PrimeB237-70e834.json
2026-07-12 12:47:35 | INFO     | OK https://skeb.jp/api/users/omochachunen
2026-07-12 12:47:35 | INFO     | Saving at a/skeb/omochachunen-017d2f.json
2026-07-12 12:47:36 | INFO     | OK https://skeb.jp/api/users/butano296
2026-07-12 12:47:36 | INFO     | Saving at a/skeb/butano296-3ccf81.json
2026-07-12 12:47:37 | INFO     | OK https://skeb.jp/api/users/tgmrsisn
2026-07-12 12:47:37 | INFO     | Saving at a/skeb/tgmrsisn-c78259.json
2026-07-12 12:47:38 | INFO     | OK https://skeb.jp/api/users/luaneko6
2026-07-12 12:47:38 | INFO     | Saving at a/skeb/luaneko6-771d9e.json
2026-07-12 12:47:39 | WARNING  | 404 on https://skeb.jp/api/users/oshino_Iriss (attempt 2/3)
2026-07-12 12:47:40 | INFO     | OK https://skeb.jp/api/users/ponkotumunou
2026-07-12 12:47:40 | INFO     | Saving at a/skeb/ponkotumunou-ded1e2.json
2026-07-12 12:47:41 | INFO     | OK https://skeb.jp/api/users/oleCafe2
2026-07-12 12:47:41 | INFO     | Saving at a/skeb/oleCafe2-8c511d.json
2026-07-12 12:47:42 | INFO     | OK https://skeb.jp/api/users/aj42tm
2026-07-12 12:47:42 | INFO     | Saving at a/skeb/aj42tm-1903df.json
2026-07-12 12:47:43 | INFO     | OK https://skeb.jp/api/users/NSX18628912
2026-07-12 12:47:43 | INFO     | Saving at a/skeb/NSX18628912-9eebae.json
2026-07-12 12:47:44 | INFO     | OK https://skeb.jp/api/users/ururu_ruu02
2026-07-12 12:47:44 | INFO     | Saving at a/skeb/ururu_ruu02-a9758c.json
2026-07-12 12:47:45 | INFO     | OK https://skeb.jp/api/users/LOBA5599
2026-07-12 12:47:45 | INFO     | Saving at a/skeb/LOBA5599-bd6d8f.json
2026-07-12 12:47:46 | INFO     | OK https://skeb.jp/api/users/chamasannnn
2026-07-12 12:47:46 | INFO     | Saving at a/skeb/chamasannnn-f2cc9a.json
2026-07-12 12:47:47 | INFO     | OK https://skeb.jp/api/users/AmekenJump
2026-07-12 12:47:47 | INFO     | Saving at a/skeb/AmekenJump-142486.json
2026-07-12 12:47:48 | INFO     | OK https://skeb.jp/api/users/000000_o9
2026-07-12 12:47:48 | INFO     | Saving at a/skeb/000000_o9-9f309a.json
2026-07-12 12:47:49 | INFO     | OK https://skeb.jp/api/users/asami_otose
2026-07-12 12:47:49 | INFO     | Saving at a/skeb/asami_otose-bcfd53.json
2026-07-12 12:47:50 | INFO     | OK https://skeb.jp/api/users/ayame_aozora
2026-07-12 12:47:50 | INFO     | Saving at a/skeb/ayame_aozora-27916d.json
2026-07-12 12:47:51 | INFO     | OK https://skeb.jp/api/users/Q_ten2525
2026-07-12 12:47:51 | INFO     | Saving at a/skeb/Q_ten2525-50c112.json
2026-07-12 12:47:52 | INFO     | OK https://skeb.jp/api/users/higamiya87
2026-07-12 12:47:52 | INFO     | Saving at a/skeb/higamiya87-ebb09b.json
2026-07-12 12:47:53 | WARNING  | 404 on https://skeb.jp/api/users/fm7hxj (attempt 3/3)
2026-07-12 12:47:54 | INFO     | OK https://skeb.jp/api/users/m_kio0524
2026-07-12 12:47:54 | INFO     | Saving at a/skeb/m_kio0524-dd3d97.json
2026-07-12 12:47:55 | INFO     | OK https://skeb.jp/api/users/029tnokn
2026-07-12 12:47:55 | INFO     | Saving at a/skeb/029tnokn-38205e.json
2026-07-12 12:47:56 | WARNING  | 404 on https://skeb.jp/api/users/oshino_Iriss (attempt 3/3)
2026-07-12 12:47:57 | INFO     | OK https://skeb.jp/api/users/y42hr0
2026-07-12 12:47:57 | INFO     | Saving at a/skeb/y42hr0-eea54c.json
2026-07-12 12:47:58 | INFO     | OK https://skeb.jp/api/users/sensei_0603
2026-07-12 12:47:58 | INFO     | Saving at a/skeb/sensei_0603-e025ef.json
2026-07-12 12:47:59 | INFO     | OK https://skeb.jp/api/users/nmch1222
2026-07-12 12:47:59 | INFO     | Saving at a/skeb/nmch1222-55072f.json
2026-07-12 12:48:00 | INFO     | OK https://skeb.jp/api/users/syawa_syu
2026-07-12 12:48:00 | INFO     | Saving at a/skeb/syawa_syu-77de2d.json
2026-07-12 12:48:01 | INFO     | OK https://skeb.jp/api/users/haihunn
2026-07-12 12:48:01 | INFO     | Saving at a/skeb/haihunn-36e7f1.json
2026-07-12 12:48:02 | INFO     | OK https://skeb.jp/api/users/itoO1944796
2026-07-12 12:48:02 | INFO     | Saving at a/skeb/itoO1944796-e9bc69.json
2026-07-12 12:48:03 | INFO     | OK https://skeb.jp/api/users/nekojita_enuko
2026-07-12 12:48:03 | INFO     | Saving at a/skeb/nekojita_enuko-63962b.json
2026-07-12 12:48:04 | INFO     | OK https://skeb.jp/api/users/kumono_ame
2026-07-12 12:48:04 | INFO     | Saving at a/skeb/kumono_ame-d02c33.json
2026-07-12 12:48:05 | INFO     | OK https://skeb.jp/api/users/mentaru0neko
2026-07-12 12:48:05 | INFO     | Saving at a/skeb/mentaru0neko-d02788.json
2026-07-12 12:48:06 | WARNING  | 404 on https://skeb.jp/api/users/lkjeudnduy44 (attempt 1/3)
2026-07-12 12:48:07 | INFO     | OK https://skeb.jp/api/users/poyoyoland
2026-07-12 12:48:07 | INFO     | Saving at a/skeb/poyoyoland-4ba2d5.json
2026-07-12 12:48:08 | INFO     | OK https://skeb.jp/api/users/sayamaBSD
2026-07-12 12:48:08 | INFO     | Saving at a/skeb/sayamaBSD-393634.json
2026-07-12 12:48:09 | INFO     | OK https://skeb.jp/api/users/MV6cq
2026-07-12 12:48:09 | INFO     | Saving at a/skeb/MV6cq-21d34e.json
2026-07-12 12:48:10 | WARNING  | 404 on https://skeb.jp/api/users/toxizaki (attempt 1/3)
2026-07-12 12:48:11 | INFO     | OK https://skeb.jp/api/users/kana_orz
2026-07-12 12:48:11 | INFO     | Saving at a/skeb/kana_orz-b591ba.json
2026-07-12 12:48:12 | INFO     | OK https://skeb.jp/api/users/a1xbaby
2026-07-12 12:48:12 | INFO     | Saving at a/skeb/a1xbaby-944180.json
2026-07-12 12:48:13 | INFO     | OK https://skeb.jp/api/users/n_syo_taro
2026-07-12 12:48:13 | INFO     | Saving at a/skeb/n_syo_taro-74c9bd.json
2026-07-12 12:48:14 | INFO     | OK https://skeb.jp/api/users/_alc_O
2026-07-12 12:48:14 | INFO     | Saving at a/skeb/_alc_O-830281.json
2026-07-12 12:48:15 | WARNING  | 404 on https://skeb.jp/api/users/3hankikan0220 (attempt 1/3)
2026-07-12 12:48:16 | INFO     | OK https://skeb.jp/api/users/oojisan2
2026-07-12 12:48:16 | INFO     | Saving at a/skeb/oojisan2-fa483f.json
2026-07-12 12:48:17 | INFO     | OK https://skeb.jp/api/users/kotorimax
2026-07-12 12:48:17 | INFO     | Saving at a/skeb/kotorimax-1c69b5.json
2026-07-12 12:48:18 | INFO     | OK https://skeb.jp/api/users/NiwatsukiOshiro
2026-07-12 12:48:18 | INFO     | Saving at a/skeb/NiwatsukiOshiro-4f239a.json
2026-07-12 12:48:19 | INFO     | OK https://skeb.jp/api/users/senaru_es
2026-07-12 12:48:19 | INFO     | Saving at a/skeb/senaru_es-00456d.json
2026-07-12 12:48:20 | INFO     | OK https://skeb.jp/api/users/mizakikei02
2026-07-12 12:48:20 | INFO     | Saving at a/skeb/mizakikei02-dd2dd8.json
2026-07-12 12:48:21 | INFO     | OK https://skeb.jp/api/users/clea_vtuber
2026-07-12 12:48:21 | INFO     | Saving at a/skeb/clea_vtuber-69c831.json
2026-07-12 12:48:22 | WARNING  | 404 on https://skeb.jp/api/users/3hankikan0220 (attempt 2/3)
2026-07-12 12:48:23 | WARNING  | 404 on https://skeb.jp/api/users/lkjeudnduy44 (attempt 2/3)
2026-07-12 12:48:24 | INFO     | OK https://skeb.jp/api/users/cyokocrea4e
2026-07-12 12:48:24 | INFO     | Saving at a/skeb/cyokocrea4e-c846f7.json
2026-07-12 12:48:25 | INFO     | OK https://skeb.jp/api/users/ichika_6ms
2026-07-12 12:48:25 | INFO     | Saving at a/skeb/ichika_6ms-cd0686.json
2026-07-12 12:48:26 | INFO     | OK https://skeb.jp/api/users/cill_lolli
2026-07-12 12:48:26 | INFO     | Saving at a/skeb/cill_lolli-4f0988.json
2026-07-12 12:48:27 | INFO     | OK https://skeb.jp/api/users/ebi_01C
2026-07-12 12:48:27 | INFO     | Saving at a/skeb/ebi_01C-7079e3.json
2026-07-12 12:48:28 | WARNING  | 404 on https://skeb.jp/api/users/lkjeudnduy44 (attempt 3/3)
2026-07-12 12:48:29 | INFO     | OK https://skeb.jp/api/users/atropine100mg
2026-07-12 12:48:29 | INFO     | Saving at a/skeb/atropine100mg-9bc01e.json
2026-07-12 12:48:30 | INFO     | OK https://skeb.jp/api/users/Schwartz_Panda
2026-07-12 12:48:30 | INFO     | Saving at a/skeb/Schwartz_Panda-84e4b6.json
2026-07-12 12:48:31 | INFO     | OK https://skeb.jp/api/users/taTumaKl_
2026-07-12 12:48:31 | INFO     | Saving at a/skeb/taTumaKl_-be88c2.json
2026-07-12 12:48:32 | INFO     | OK https://skeb.jp/api/users/Gri_uf
2026-07-12 12:48:32 | INFO     | Saving at a/skeb/Gri_uf-06e170.json
2026-07-12 12:48:33 | INFO     | OK https://skeb.jp/api/users/snp120_
2026-07-12 12:48:33 | INFO     | Saving at a/skeb/snp120_-47c61f.json
2026-07-12 12:48:34 | INFO     | OK https://skeb.jp/api/users/yutuleopa
2026-07-12 12:48:34 | INFO     | Saving at a/skeb/yutuleopa-57b3d4.json
2026-07-12 12:48:35 | INFO     | OK https://skeb.jp/api/users/Abata_18
2026-07-12 12:48:35 | INFO     | Saving at a/skeb/Abata_18-637639.json
2026-07-12 12:48:36 | INFO     | OK https://skeb.jp/api/users/rogireginoni21
2026-07-12 12:48:36 | INFO     | Saving at a/skeb/rogireginoni21-90a3ed.json
2026-07-12 12:48:37 | WARNING  | 404 on https://skeb.jp/api/users/3hankikan0220 (attempt 3/3)
2026-07-12 12:48:38 | INFO     | OK https://skeb.jp/api/users/chakome_v
2026-07-12 12:48:38 | INFO     | Saving at a/skeb/chakome_v-f6c1af.json
2026-07-12 12:48:39 | INFO     | OK https://skeb.jp/api/users/fall_1023
2026-07-12 12:48:39 | INFO     | Saving at a/skeb/fall_1023-9ef841.json
2026-07-12 12:48:40 | INFO     | OK https://skeb.jp/api/users/kosadeyokai
2026-07-12 12:48:40 | INFO     | Saving at a/skeb/kosadeyokai-751f0b.json
2026-07-12 12:48:41 | INFO     | OK https://skeb.jp/api/users/mi__l_k
2026-07-12 12:48:41 | INFO     | Saving at a/skeb/mi__l_k-d07e58.json
2026-07-12 12:48:42 | WARNING  | 404 on https://skeb.jp/api/users/toxizaki (attempt 2/3)
2026-07-12 12:48:43 | INFO     | OK https://skeb.jp/api/users/esu_hayokake
2026-07-12 12:48:43 | INFO     | Saving at a/skeb/esu_hayokake-fd9636.json
2026-07-12 12:48:44 | INFO     | OK https://skeb.jp/api/users/youjyo6sai
2026-07-12 12:48:44 | INFO     | Saving at a/skeb/youjyo6sai-593cc0.json
2026-07-12 12:48:45 | INFO     | OK https://skeb.jp/api/users/NIYUNIYU_02
2026-07-12 12:48:45 | INFO     | Saving at a/skeb/NIYUNIYU_02-e915bc.json
2026-07-12 12:48:46 | INFO     | OK https://skeb.jp/api/users/riuku_n
2026-07-12 12:48:46 | INFO     | Saving at a/skeb/riuku_n-88b26e.json
2026-07-12 12:48:47 | INFO     | OK https://skeb.jp/api/users/fpponm
2026-07-12 12:48:47 | INFO     | Saving at a/skeb/fpponm-4fb46e.json
2026-07-12 12:48:48 | INFO     | OK https://skeb.jp/api/users/SoBakisa
2026-07-12 12:48:48 | INFO     | Saving at a/skeb/SoBakisa-f96d17.json
2026-07-12 12:48:49 | INFO     | OK https://skeb.jp/api/users/kurumilk
2026-07-12 12:48:49 | INFO     | Saving at a/skeb/kurumilk-498c82.json
2026-07-12 12:48:50 | INFO     | OK https://skeb.jp/api/users/Masago_k
2026-07-12 12:48:50 | INFO     | Saving at a/skeb/Masago_k-583ab0.json
2026-07-12 12:48:51 | INFO     | OK https://skeb.jp/api/users/Hoshikawa_26
2026-07-12 12:48:51 | INFO     | Saving at a/skeb/Hoshikawa_26-cc4774.json
2026-07-12 12:48:52 | INFO     | OK https://skeb.jp/api/users/oishiiosakanaka
2026-07-12 12:48:52 | INFO     | Saving at a/skeb/oishiiosakanaka-1cfa27.json
2026-07-12 12:48:53 | WARNING  | 404 on https://skeb.jp/api/users/Axnya (attempt 1/3)
2026-07-12 12:48:54 | WARNING  | 404 on https://skeb.jp/api/users/toxizaki (attempt 3/3)
2026-07-12 12:48:55 | INFO     | OK https://skeb.jp/api/users/gyuuhimochi
2026-07-12 12:48:55 | INFO     | Saving at a/skeb/gyuuhimochi-f1bb67.json
2026-07-12 12:48:56 | INFO     | OK https://skeb.jp/api/users/noki_henyo
2026-07-12 12:48:56 | INFO     | Saving at a/skeb/noki_henyo-c06735.json
2026-07-12 12:48:57 | INFO     | OK https://skeb.jp/api/users/timec
2026-07-12 12:48:57 | INFO     | Saving at a/skeb/timec-c9c394.json
2026-07-12 12:48:58 | INFO     | OK https://skeb.jp/api/users/komugi_1224
2026-07-12 12:48:58 | INFO     | Saving at a/skeb/komugi_1224-727f9e.json
2026-07-12 12:48:59 | WARNING  | 404 on https://skeb.jp/api/users/Axnya (attempt 2/3)
2026-07-12 12:49:00 | WARNING  | 404 on https://skeb.jp/api/users/kagoyama_sns (attempt 1/3)
2026-07-12 12:49:01 | INFO     | OK https://skeb.jp/api/users/canon_milne
2026-07-12 12:49:01 | INFO     | Saving at a/skeb/canon_milne-a84034.json
2026-07-12 12:49:02 | INFO     | OK https://skeb.jp/api/users/nekotiroru0
2026-07-12 12:49:02 | INFO     | Saving at a/skeb/nekotiroru0-b493d2.json
2026-07-12 12:49:03 | INFO     | OK https://skeb.jp/api/users/aitokoku
2026-07-12 12:49:03 | INFO     | Saving at a/skeb/aitokoku-5f6c27.json
2026-07-12 12:49:04 | WARNING  | 404 on https://skeb.jp/api/users/kagoyama_sns (attempt 2/3)
2026-07-12 12:49:05 | INFO     | OK https://skeb.jp/api/users/shura_absente
2026-07-12 12:49:05 | INFO     | Saving at a/skeb/shura_absente-0db953.json
2026-07-12 12:49:06 | WARNING  | 404 on https://skeb.jp/api/users/Axnya (attempt 3/3)
2026-07-12 12:49:07 | INFO     | OK https://skeb.jp/api/users/meigaz
2026-07-12 12:49:07 | INFO     | Saving at a/skeb/meigaz-e8d465.json
2026-07-12 12:49:08 | INFO     | OK https://skeb.jp/api/users/gi_n_na_n
2026-07-12 12:49:08 | INFO     | Saving at a/skeb/gi_n_na_n-76e984.json
2026-07-12 12:49:09 | INFO     | OK https://skeb.jp/api/users/hoshimiya_sui_
2026-07-12 12:49:09 | INFO     | Saving at a/skeb/hoshimiya_sui_-822050.json
2026-07-12 12:49:10 | INFO     | OK https://skeb.jp/api/users/Evis1919
2026-07-12 12:49:10 | INFO     | Saving at a/skeb/Evis1919-b67dda.json
2026-07-12 12:49:11 | WARNING  | 404 on https://skeb.jp/api/users/Llu_ulg (attempt 1/3)
2026-07-12 12:49:12 | INFO     | OK https://skeb.jp/api/users/ritsuka_rock
2026-07-12 12:49:12 | INFO     | Saving at a/skeb/ritsuka_rock-7cd01d.json
2026-07-12 12:49:13 | INFO     | OK https://skeb.jp/api/users/ikiri_cat
2026-07-12 12:49:13 | INFO     | Saving at a/skeb/ikiri_cat-7c91c4.json
2026-07-12 12:49:14 | INFO     | OK https://skeb.jp/api/users/kokuto_m
2026-07-12 12:49:14 | INFO     | Saving at a/skeb/kokuto_m-a9bfa8.json
2026-07-12 12:49:15 | INFO     | OK https://skeb.jp/api/users/shuwappi
2026-07-12 12:49:15 | INFO     | Saving at a/skeb/shuwappi-d2c8ae.json
2026-07-12 12:49:16 | INFO     | OK https://skeb.jp/api/users/_ta__yu
2026-07-12 12:49:16 | INFO     | Saving at a/skeb/_ta__yu-85679a.json
2026-07-12 12:49:17 | INFO     | OK https://skeb.jp/api/users/beberube_s
2026-07-12 12:49:17 | INFO     | Saving at a/skeb/beberube_s-24fc66.json
2026-07-12 12:49:18 | WARNING  | 404 on https://skeb.jp/api/users/Llu_ulg (attempt 2/3)
2026-07-12 12:49:19 | INFO     | OK https://skeb.jp/api/users/yuurisawa
2026-07-12 12:49:19 | INFO     | Saving at a/skeb/yuurisawa-7c4559.json
2026-07-12 12:49:20 | INFO     | OK https://skeb.jp/api/users/k_yuritanpo
2026-07-12 12:49:20 | INFO     | Saving at a/skeb/k_yuritanpo-48822e.json
2026-07-12 12:49:21 | INFO     | OK https://skeb.jp/api/users/glashen_
2026-07-12 12:49:21 | INFO     | Saving at a/skeb/glashen_-590dc3.json
2026-07-12 12:49:22 | INFO     | OK https://skeb.jp/api/users/buku2raccoon
2026-07-12 12:49:22 | INFO     | Saving at a/skeb/buku2raccoon-a8d611.json
2026-07-12 12:49:23 | INFO     | OK https://skeb.jp/api/users/oekk1225
2026-07-12 12:49:23 | INFO     | Saving at a/skeb/oekk1225-009862.json
2026-07-12 12:49:24 | WARNING  | 404 on https://skeb.jp/api/users/kagoyama_sns (attempt 3/3)
2026-07-12 12:49:25 | INFO     | OK https://skeb.jp/api/users/dia_fox01
2026-07-12 12:49:25 | INFO     | Saving at a/skeb/dia_fox01-d0c204.json
2026-07-12 12:49:26 | INFO     | OK https://skeb.jp/api/users/nanaharu___tr
2026-07-12 12:49:26 | INFO     | Saving at a/skeb/nanaharu___tr-c78dd7.json
2026-07-12 12:49:27 | INFO     | OK https://skeb.jp/api/users/izayoi_amane
2026-07-12 12:49:27 | INFO     | Saving at a/skeb/izayoi_amane-e166e3.json
2026-07-12 12:49:28 | INFO     | OK https://skeb.jp/api/users/komashiroo
2026-07-12 12:49:28 | INFO     | Saving at a/skeb/komashiroo-ae67a9.json
2026-07-12 12:49:29 | INFO     | OK https://skeb.jp/api/users/sidorosidorothy
2026-07-12 12:49:29 | INFO     | Saving at a/skeb/sidorosidorothy-41ff7f.json
2026-07-12 12:49:30 | INFO     | OK https://skeb.jp/api/users/luoTM
2026-07-12 12:49:30 | INFO     | Saving at a/skeb/luoTM-a29616.json
2026-07-12 12:49:31 | INFO     | OK https://skeb.jp/api/users/sakuragi_5893
2026-07-12 12:49:31 | INFO     | Saving at a/skeb/sakuragi_5893-f72518.json
2026-07-12 12:49:32 | INFO     | OK https://skeb.jp/api/users/cigarette_end8
2026-07-12 12:49:32 | INFO     | Saving at a/skeb/cigarette_end8-cf5023.json
2026-07-12 12:49:33 | INFO     | OK https://skeb.jp/api/users/nagi4300
2026-07-12 12:49:33 | INFO     | Saving at a/skeb/nagi4300-37a836.json
2026-07-12 12:49:34 | WARNING  | 404 on https://skeb.jp/api/users/29Kota2 (attempt 1/3)
2026-07-12 12:49:35 | INFO     | OK https://skeb.jp/api/users/arere_c
2026-07-12 12:49:35 | INFO     | Saving at a/skeb/arere_c-37b381.json
2026-07-12 12:49:36 | INFO     | OK https://skeb.jp/api/users/zszr
2026-07-12 12:49:36 | INFO     | Saving at a/skeb/zszr-152119.json
2026-07-12 12:49:37 | INFO     | OK https://skeb.jp/api/users/hanairo11111
2026-07-12 12:49:37 | INFO     | Saving at a/skeb/hanairo11111-25ed11.json
2026-07-12 12:49:38 | INFO     | OK https://skeb.jp/api/users/tesnm
2026-07-12 12:49:38 | INFO     | Saving at a/skeb/tesnm-ed5104.json
2026-07-12 12:49:39 | WARNING  | 404 on https://skeb.jp/api/users/NOm0y0i (attempt 1/3)
2026-07-12 12:49:40 | INFO     | OK https://skeb.jp/api/users/Deepsea_Drug_oO
2026-07-12 12:49:40 | INFO     | Saving at a/skeb/Deepsea_Drug_oO-24d667.json
2026-07-12 12:49:41 | INFO     | OK https://skeb.jp/api/users/o72noe
2026-07-12 12:49:41 | INFO     | Saving at a/skeb/o72noe-426fc4.json
2026-07-12 12:49:42 | WARNING  | 404 on https://skeb.jp/api/users/nyatta_san (attempt 1/3)
2026-07-12 12:49:43 | INFO     | OK https://skeb.jp/api/users/moss155
2026-07-12 12:49:43 | INFO     | Saving at a/skeb/moss155-5821e8.json
2026-07-12 12:49:44 | WARNING  | 404 on https://skeb.jp/api/users/29Kota2 (attempt 2/3)
2026-07-12 12:49:45 | WARNING  | 404 on https://skeb.jp/api/users/NOm0y0i (attempt 2/3)
2026-07-12 12:49:46 | INFO     | OK https://skeb.jp/api/users/s8aki
2026-07-12 12:49:46 | INFO     | Saving at a/skeb/s8aki-2589ba.json
2026-07-12 12:49:47 | INFO     | OK https://skeb.jp/api/users/mi_gensin
2026-07-12 12:49:47 | INFO     | Saving at a/skeb/mi_gensin-a7068a.json
2026-07-12 12:49:48 | INFO     | OK https://skeb.jp/api/users/ame0300
2026-07-12 12:49:48 | INFO     | Saving at a/skeb/ame0300-7844e0.json
2026-07-12 12:49:49 | INFO     | OK https://skeb.jp/api/users/Oripi_x_x_
2026-07-12 12:49:49 | INFO     | Saving at a/skeb/Oripi_x_x_-0b4491.json
2026-07-12 12:49:50 | WARNING  | 404 on https://skeb.jp/api/users/Llu_ulg (attempt 3/3)
2026-07-12 12:49:51 | INFO     | OK https://skeb.jp/api/users/TeijiDeKaeru5
2026-07-12 12:49:51 | INFO     | Saving at a/skeb/TeijiDeKaeru5-d192a9.json
2026-07-12 12:49:53 | WARNING  | 404 on https://skeb.jp/api/users/nyatta_san (attempt 2/3)
2026-07-12 12:49:53 | INFO     | OK https://skeb.jp/api/users/mom
2026-07-12 12:49:53 | INFO     | Saving at a/skeb/mom-bd1d7b.json
2026-07-12 12:49:54 | WARNING  | 404 on https://skeb.jp/api/users/29Kota2 (attempt 3/3)
2026-07-12 12:49:55 | WARNING  | 404 on https://skeb.jp/api/users/killy810 (attempt 1/3)
2026-07-12 12:49:56 | INFO     | OK https://skeb.jp/api/users/k1ai_sokr_pr
2026-07-12 12:49:56 | INFO     | Saving at a/skeb/k1ai_sokr_pr-ed7f5f.json
2026-07-12 12:49:57 | WARNING  | 404 on https://skeb.jp/api/users/NOm0y0i (attempt 3/3)
2026-07-12 12:49:58 | INFO     | OK https://skeb.jp/api/users/ono_ono2
2026-07-12 12:49:58 | INFO     | Saving at a/skeb/ono_ono2-1a7d93.json
2026-07-12 12:49:59 | INFO     | OK https://skeb.jp/api/users/sorano_momoka
2026-07-12 12:49:59 | INFO     | Saving at a/skeb/sorano_momoka-bb3ec4.json
2026-07-12 12:50:00 | INFO     | OK https://skeb.jp/api/users/tsurikawa373
2026-07-12 12:50:00 | INFO     | Saving at a/skeb/tsurikawa373-20afc1.json
2026-07-12 12:50:01 | INFO     | OK https://skeb.jp/api/users/nmsr7346
2026-07-12 12:50:01 | INFO     | Saving at a/skeb/nmsr7346-dcb925.json
2026-07-12 12:50:02 | INFO     | OK https://skeb.jp/api/users/gunsure00gun24
2026-07-12 12:50:02 | INFO     | Saving at a/skeb/gunsure00gun24-80df4d.json
2026-07-12 12:50:03 | WARNING  | 404 on https://skeb.jp/api/users/nyatta_san (attempt 3/3)
2026-07-12 12:50:04 | INFO     | OK https://skeb.jp/api/users/horikawaiikane
2026-07-12 12:50:04 | INFO     | Saving at a/skeb/horikawaiikane-0c7645.json
2026-07-12 12:50:05 | INFO     | OK https://skeb.jp/api/users/shami_do3
2026-07-12 12:50:05 | INFO     | Saving at a/skeb/shami_do3-6cb8ad.json
2026-07-12 12:50:06 | INFO     | OK https://skeb.jp/api/users/sirohisame
2026-07-12 12:50:06 | INFO     | Saving at a/skeb/sirohisame-5e40be.json
2026-07-12 12:50:07 | INFO     | OK https://skeb.jp/api/users/FuyutsukiYoru
2026-07-12 12:50:07 | INFO     | Saving at a/skeb/FuyutsukiYoru-b56085.json
2026-07-12 12:50:08 | INFO     | OK https://skeb.jp/api/users/itoyori_zamurai
2026-07-12 12:50:08 | INFO     | Saving at a/skeb/itoyori_zamurai-22fd6c.json
2026-07-12 12:50:09 | INFO     | OK https://skeb.jp/api/users/hacoTwi
2026-07-12 12:50:09 | INFO     | Saving at a/skeb/hacoTwi-feaae2.json
2026-07-12 12:50:10 | INFO     | OK https://skeb.jp/api/users/tsunagi_shin
2026-07-12 12:50:10 | INFO     | Saving at a/skeb/tsunagi_shin-bf47f2.json
2026-07-12 12:50:11 | INFO     | OK https://skeb.jp/api/users/oyuwari_u
2026-07-12 12:50:11 | INFO     | Saving at a/skeb/oyuwari_u-0fab5e.json
2026-07-12 12:50:12 | INFO     | OK https://skeb.jp/api/users/1985airen
2026-07-12 12:50:12 | INFO     | Saving at a/skeb/1985airen-666d79.json
2026-07-12 12:50:13 | WARNING  | 404 on https://skeb.jp/api/users/mimei_Illust (attempt 1/3)
2026-07-12 12:50:14 | INFO     | OK https://skeb.jp/api/users/yomogimochi_13
2026-07-12 12:50:14 | INFO     | Saving at a/skeb/yomogimochi_13-24e724.json
2026-07-12 12:50:15 | INFO     | OK https://skeb.jp/api/users/uka_0618
2026-07-12 12:50:15 | INFO     | Saving at a/skeb/uka_0618-33cd07.json
2026-07-12 12:50:16 | INFO     | OK https://skeb.jp/api/users/shirayuki_pom
2026-07-12 12:50:16 | INFO     | Saving at a/skeb/shirayuki_pom-cca2a2.json
2026-07-12 12:50:17 | WARNING  | 404 on https://skeb.jp/api/users/killy810 (attempt 2/3)
2026-07-12 12:50:18 | INFO     | OK https://skeb.jp/api/users/Ocha2_22
2026-07-12 12:50:18 | INFO     | Saving at a/skeb/Ocha2_22-3f2d3a.json
2026-07-12 12:50:19 | INFO     | OK https://skeb.jp/api/users/UEUMIAZ05
2026-07-12 12:50:19 | INFO     | Saving at a/skeb/UEUMIAZ05-645ba4.json
2026-07-12 12:50:20 | INFO     | OK https://skeb.jp/api/users/LDE_0305
2026-07-12 12:50:20 | INFO     | Saving at a/skeb/LDE_0305-568f97.json
2026-07-12 12:50:21 | INFO     | OK https://skeb.jp/api/users/Goma_Hyoka
2026-07-12 12:50:21 | INFO     | Saving at a/skeb/Goma_Hyoka-a12856.json
2026-07-12 12:50:22 | WARNING  | 404 on https://skeb.jp/api/users/killy810 (attempt 3/3)
2026-07-12 12:50:23 | INFO     | OK https://skeb.jp/api/users/ysyk5959
2026-07-12 12:50:23 | INFO     | Saving at a/skeb/ysyk5959-411964.json
2026-07-12 12:50:25 | WARNING  | 404 on https://skeb.jp/api/users/mimei_Illust (attempt 2/3)
2026-07-12 12:50:25 | INFO     | OK https://skeb.jp/api/users/kama_shirasu
2026-07-12 12:50:25 | INFO     | Saving at a/skeb/kama_shirasu-ff4022.json
2026-07-12 12:50:26 | INFO     | OK https://skeb.jp/api/users/kuramamarutengu
2026-07-12 12:50:26 | INFO     | Saving at a/skeb/kuramamarutengu-c3cbc5.json
2026-07-12 12:50:27 | INFO     | OK https://skeb.jp/api/users/_m_u_n_i
2026-07-12 12:50:27 | INFO     | Saving at a/skeb/_m_u_n_i-b565c0.json
2026-07-12 12:50:28 | INFO     | OK https://skeb.jp/api/users/mikadukimo_0211
2026-07-12 12:50:28 | INFO     | Saving at a/skeb/mikadukimo_0211-74b1c3.json
2026-07-12 12:50:29 | INFO     | OK https://skeb.jp/api/users/katou_hsm153
2026-07-12 12:50:29 | INFO     | Saving at a/skeb/katou_hsm153-dc0a5f.json
2026-07-12 12:50:30 | INFO     | OK https://skeb.jp/api/users/8rracom
2026-07-12 12:50:30 | INFO     | Saving at a/skeb/8rracom-06ea0e.json
2026-07-12 12:50:31 | INFO     | OK https://skeb.jp/api/users/sano___222
2026-07-12 12:50:31 | INFO     | Saving at a/skeb/sano___222-d5c6e7.json
2026-07-12 12:50:32 | INFO     | OK https://skeb.jp/api/users/d_39g
2026-07-12 12:50:32 | INFO     | Saving at a/skeb/d_39g-ba4771.json
2026-07-12 12:50:33 | INFO     | OK https://skeb.jp/api/users/syk_original
2026-07-12 12:50:33 | INFO     | Saving at a/skeb/syk_original-f2dc5a.json
2026-07-12 12:50:34 | INFO     | OK https://skeb.jp/api/users/namomomomo3
2026-07-12 12:50:34 | INFO     | Saving at a/skeb/namomomomo3-7a4a3f.json
2026-07-12 12:50:35 | INFO     | OK https://skeb.jp/api/users/ame_ame4151
2026-07-12 12:50:35 | INFO     | Saving at a/skeb/ame_ame4151-2b1994.json
2026-07-12 12:50:36 | INFO     | OK https://skeb.jp/api/users/sushitenko
2026-07-12 12:50:36 | INFO     | Saving at a/skeb/sushitenko-c5cd92.json
2026-07-12 12:50:37 | INFO     | OK https://skeb.jp/api/users/p0mchaan__
2026-07-12 12:50:37 | INFO     | Saving at a/skeb/p0mchaan__-e97011.json
2026-07-12 12:50:38 | INFO     | OK https://skeb.jp/api/users/mil_k_vanilla
2026-07-12 12:50:38 | INFO     | Saving at a/skeb/mil_k_vanilla-60fa4a.json
2026-07-12 12:50:39 | INFO     | OK https://skeb.jp/api/users/xvert_x
2026-07-12 12:50:39 | INFO     | Saving at a/skeb/xvert_x-aa2924.json
2026-07-12 12:50:40 | INFO     | OK https://skeb.jp/api/users/SXIN02
2026-07-12 12:50:40 | INFO     | Saving at a/skeb/SXIN02-16747c.json
2026-07-12 12:50:41 | INFO     | OK https://skeb.jp/api/users/natsu_ysi
2026-07-12 12:50:41 | INFO     | Saving at a/skeb/natsu_ysi-4882f7.json
2026-07-12 12:50:42 | INFO     | OK https://skeb.jp/api/users/tamaru39
2026-07-12 12:50:42 | INFO     | Saving at a/skeb/tamaru39-6c4be7.json
2026-07-12 12:50:43 | WARNING  | 404 on https://skeb.jp/api/users/mimei_Illust (attempt 3/3)
2026-07-12 12:50:44 | INFO     | OK https://skeb.jp/api/users/kstm_desu
2026-07-12 12:50:44 | INFO     | Saving at a/skeb/kstm_desu-446201.json
2026-07-12 12:50:45 | INFO     | OK https://skeb.jp/api/users/mukuimo_h8
2026-07-12 12:50:45 | INFO     | Saving at a/skeb/mukuimo_h8-9388c8.json
2026-07-12 12:50:46 | INFO     | OK https://skeb.jp/api/users/hKRmNzkcwu79666
2026-07-12 12:50:46 | INFO     | Saving at a/skeb/hKRmNzkcwu79666-d0b691.json
2026-07-12 12:50:47 | INFO     | OK https://skeb.jp/api/users/dosa_Note
2026-07-12 12:50:47 | INFO     | Saving at a/skeb/dosa_Note-b9fae7.json
2026-07-12 12:50:48 | INFO     | OK https://skeb.jp/api/users/patel02577880
2026-07-12 12:50:48 | INFO     | Saving at a/skeb/patel02577880-e1df6a.json
2026-07-12 12:50:49 | INFO     | OK https://skeb.jp/api/users/kuki_ihn
2026-07-12 12:50:49 | INFO     | Saving at a/skeb/kuki_ihn-868f2f.json
2026-07-12 12:50:50 | INFO     | OK https://skeb.jp/api/users/chvrch1999
2026-07-12 12:50:50 | INFO     | Saving at a/skeb/chvrch1999-db002b.json
2026-07-12 12:50:51 | INFO     | OK https://skeb.jp/api/users/shiro_333
2026-07-12 12:50:51 | INFO     | Saving at a/skeb/shiro_333-5927c7.json
2026-07-12 12:50:52 | INFO     | OK https://skeb.jp/api/users/kouniyuu
2026-07-12 12:50:52 | INFO     | Saving at a/skeb/kouniyuu-70f025.json
2026-07-12 12:50:53 | INFO     | OK https://skeb.jp/api/users/aoi
2026-07-12 12:50:53 | INFO     | Saving at a/skeb/aoi-e3a76d.json
2026-07-12 12:50:54 | INFO     | OK https://skeb.jp/api/users/kuuha_hatori
2026-07-12 12:50:54 | INFO     | Saving at a/skeb/kuuha_hatori-fa11d7.json
2026-07-12 12:50:55 | INFO     | OK https://skeb.jp/api/users/taigalin39
2026-07-12 12:50:55 | INFO     | Saving at a/skeb/taigalin39-ec5db1.json
2026-07-12 12:50:56 | INFO     | OK https://skeb.jp/api/users/dokatanuki
2026-07-12 12:50:56 | INFO     | Saving at a/skeb/dokatanuki-b46721.json
2026-07-12 12:50:58 | INFO     | OK https://skeb.jp/api/users/MonkOnTheCamel
2026-07-12 12:50:58 | INFO     | Saving at a/skeb/MonkOnTheCamel-c6b5f4.json
2026-07-12 12:50:58 | INFO     | OK https://skeb.jp/api/users/oliomi
2026-07-12 12:50:58 | INFO     | Saving at a/skeb/oliomi-97a65f.json
2026-07-12 12:50:59 | INFO     | OK https://skeb.jp/api/users/rrrokio
2026-07-12 12:50:59 | INFO     | Saving at a/skeb/rrrokio-8e3a76.json
2026-07-12 12:51:00 | INFO     | OK https://skeb.jp/api/users/Honey8_
2026-07-12 12:51:00 | INFO     | Saving at a/skeb/Honey8_-25f67c.json
2026-07-12 12:51:01 | INFO     | OK https://skeb.jp/api/users/Rn__056
2026-07-12 12:51:01 | INFO     | Saving at a/skeb/Rn__056-e5f9c4.json
2026-07-12 12:51:02 | INFO     | OK https://skeb.jp/api/users/Kurokiri_offical
2026-07-12 12:51:02 | INFO     | Saving at a/skeb/Kurokiri_offical-58dd46.json
2026-07-12 12:51:03 | INFO     | OK https://skeb.jp/api/users/hellowo10607338
2026-07-12 12:51:03 | INFO     | Saving at a/skeb/hellowo10607338-bccf44.json
2026-07-12 12:51:04 | INFO     | OK https://skeb.jp/api/users/t0toro_oekaki
2026-07-12 12:51:04 | INFO     | Saving at a/skeb/t0toro_oekaki-122dd0.json
2026-07-12 12:51:05 | INFO     | OK https://skeb.jp/api/users/2bo2bo_utou
2026-07-12 12:51:05 | INFO     | Saving at a/skeb/2bo2bo_utou-21cf2a.json
2026-07-12 12:51:06 | INFO     | OK https://skeb.jp/api/users/atat250
2026-07-12 12:51:06 | INFO     | Saving at a/skeb/atat250-2445e6.json
2026-07-12 12:51:07 | WARNING  | 404 on https://skeb.jp/api/users/_meruruto_ (attempt 1/3)
2026-07-12 12:51:08 | INFO     | OK https://skeb.jp/api/users/_sirony
2026-07-12 12:51:08 | INFO     | Saving at a/skeb/_sirony-7c4419.json
2026-07-12 12:51:09 | INFO     | OK https://skeb.jp/api/users/wmatilda_
2026-07-12 12:51:09 | INFO     | Saving at a/skeb/wmatilda_-35eb49.json
2026-07-12 12:51:10 | INFO     | OK https://skeb.jp/api/users/muninatta
2026-07-12 12:51:10 | INFO     | Saving at a/skeb/muninatta-8a2332.json
2026-07-12 12:51:11 | INFO     | OK https://skeb.jp/api/users/yymg_om
2026-07-12 12:51:11 | INFO     | Saving at a/skeb/yymg_om-8878fb.json
2026-07-12 12:51:12 | INFO     | OK https://skeb.jp/api/users/ichi_ichisaku
2026-07-12 12:51:12 | INFO     | Saving at a/skeb/ichi_ichisaku-36c636.json
2026-07-12 12:51:13 | INFO     | OK https://skeb.jp/api/users/AkaSY_unknown
2026-07-12 12:51:13 | INFO     | Saving at a/skeb/AkaSY_unknown-f34530.json
2026-07-12 12:51:14 | WARNING  | 404 on https://skeb.jp/api/users/923kaku (attempt 1/3)
2026-07-12 12:51:15 | INFO     | OK https://skeb.jp/api/users/watasi_ya3
2026-07-12 12:51:15 | INFO     | Saving at a/skeb/watasi_ya3-759fb8.json
2026-07-12 12:51:17 | INFO     | OK https://skeb.jp/api/users/nishi_miyako
2026-07-12 12:51:17 | INFO     | Saving at a/skeb/nishi_miyako-f8918f.json
2026-07-12 12:51:17 | INFO     | OK https://skeb.jp/api/users/Sugarzerozero
2026-07-12 12:51:17 | INFO     | Saving at a/skeb/Sugarzerozero-9a5d97.json
2026-07-12 12:51:18 | INFO     | OK https://skeb.jp/api/users/itsu_nanji
2026-07-12 12:51:18 | INFO     | Saving at a/skeb/itsu_nanji-5627dc.json
2026-07-12 12:51:19 | WARNING  | 404 on https://skeb.jp/api/users/923kaku (attempt 2/3)
2026-07-12 12:51:20 | INFO     | OK https://skeb.jp/api/users/a0midori
2026-07-12 12:51:20 | INFO     | Saving at a/skeb/a0midori-d48ca1.json
2026-07-12 12:51:21 | INFO     | OK https://skeb.jp/api/users/0shi_4ka
2026-07-12 12:51:21 | INFO     | Saving at a/skeb/0shi_4ka-f9d92a.json
2026-07-12 12:51:22 | INFO     | OK https://skeb.jp/api/users/tamakiiii1222
2026-07-12 12:51:22 | INFO     | Saving at a/skeb/tamakiiii1222-8b952a.json
2026-07-12 12:51:23 | INFO     | OK https://skeb.jp/api/users/korita_to
2026-07-12 12:51:23 | INFO     | Saving at a/skeb/korita_to-f07915.json
2026-07-12 12:51:24 | INFO     | OK https://skeb.jp/api/users/ncogr
2026-07-12 12:51:24 | INFO     | Saving at a/skeb/ncogr-450385.json
2026-07-12 12:51:25 | INFO     | OK https://skeb.jp/api/users/shiomi_01
2026-07-12 12:51:25 | INFO     | Saving at a/skeb/shiomi_01-7adc5e.json
2026-07-12 12:51:27 | INFO     | OK https://skeb.jp/api/users/ashizawa307
2026-07-12 12:51:27 | INFO     | Saving at a/skeb/ashizawa307-ac7943.json
2026-07-12 12:51:27 | INFO     | OK https://skeb.jp/api/users/miyakonbu222
2026-07-12 12:51:27 | INFO     | Saving at a/skeb/miyakonbu222-120abb.json
2026-07-12 12:51:28 | INFO     | OK https://skeb.jp/api/users/niccoriii
2026-07-12 12:51:28 | INFO     | Saving at a/skeb/niccoriii-240099.json
2026-07-12 12:51:30 | INFO     | OK https://skeb.jp/api/users/shibainukichi
2026-07-12 12:51:30 | INFO     | Saving at a/skeb/shibainukichi-20896a.json
2026-07-12 12:51:30 | WARNING  | 404 on https://skeb.jp/api/users/Geshi_to_ (attempt 1/3)
2026-07-12 12:51:31 | INFO     | OK https://skeb.jp/api/users/hatu_xxgoukan
2026-07-12 12:51:31 | INFO     | Saving at a/skeb/hatu_xxgoukan-4d32c3.json
2026-07-12 12:51:32 | INFO     | OK https://skeb.jp/api/users/na_nu_017
2026-07-12 12:51:32 | INFO     | Saving at a/skeb/na_nu_017-cd4ca9.json
2026-07-12 12:51:33 | WARNING  | 404 on https://skeb.jp/api/users/923kaku (attempt 3/3)
2026-07-12 12:51:34 | INFO     | OK https://skeb.jp/api/users/kuno_125
2026-07-12 12:51:34 | INFO     | Saving at a/skeb/kuno_125-9ed835.json
2026-07-12 12:51:35 | INFO     | OK https://skeb.jp/api/users/yuchan__23
2026-07-12 12:51:35 | INFO     | Saving at a/skeb/yuchan__23-a03d89.json
2026-07-12 12:51:36 | INFO     | OK https://skeb.jp/api/users/akane_sora129
2026-07-12 12:51:36 | INFO     | Saving at a/skeb/akane_sora129-4835a6.json
2026-07-12 12:51:37 | INFO     | OK https://skeb.jp/api/users/c_mbov
2026-07-12 12:51:37 | INFO     | Saving at a/skeb/c_mbov-3bce27.json
2026-07-12 12:51:38 | INFO     | OK https://skeb.jp/api/users/sinra_921
2026-07-12 12:51:38 | INFO     | Saving at a/skeb/sinra_921-d75bd7.json
2026-07-12 12:51:39 | INFO     | OK https://skeb.jp/api/users/_6km_
2026-07-12 12:51:39 | INFO     | Saving at a/skeb/_6km_-bbf962.json
2026-07-12 12:51:40 | INFO     | OK https://skeb.jp/api/users/palpalpal99
2026-07-12 12:51:40 | INFO     | Saving at a/skeb/palpalpal99-16c17c.json
2026-07-12 12:51:42 | INFO     | OK https://skeb.jp/api/users/DKZqv
2026-07-12 12:51:42 | INFO     | Saving at a/skeb/DKZqv-405879.json
2026-07-12 12:51:42 | INFO     | OK https://skeb.jp/api/users/BearKurenai
2026-07-12 12:51:42 | INFO     | Saving at a/skeb/BearKurenai-27dc97.json
2026-07-12 12:51:43 | INFO     | OK https://skeb.jp/api/users/lunasandayo
2026-07-12 12:51:43 | INFO     | Saving at a/skeb/lunasandayo-d17675.json
2026-07-12 12:51:44 | INFO     | OK https://skeb.jp/api/users/p_a_p_i_c_o_2
2026-07-12 12:51:44 | INFO     | Saving at a/skeb/p_a_p_i_c_o_2-a513c3.json
2026-07-12 12:51:45 | INFO     | OK https://skeb.jp/api/users/shirono_hina
2026-07-12 12:51:45 | INFO     | Saving at a/skeb/shirono_hina-593a12.json
2026-07-12 12:51:46 | INFO     | OK https://skeb.jp/api/users/mymtwrb
2026-07-12 12:51:46 | INFO     | Saving at a/skeb/mymtwrb-2792d0.json
2026-07-12 12:51:48 | INFO     | OK https://skeb.jp/api/users/shioaji_38
2026-07-12 12:51:48 | INFO     | Saving at a/skeb/shioaji_38-b12d33.json
2026-07-12 12:51:49 | WARNING  | 404 on https://skeb.jp/api/users/Geshi_to_ (attempt 2/3)
2026-07-12 12:51:49 | INFO     | OK https://skeb.jp/api/users/SummerUsi2221
2026-07-12 12:51:49 | INFO     | Saving at a/skeb/SummerUsi2221-5855c4.json
2026-07-12 12:51:50 | WARNING  | 404 on https://skeb.jp/api/users/_meruruto_ (attempt 2/3)
2026-07-12 12:51:52 | INFO     | OK https://skeb.jp/api/users/nagi_manga
2026-07-12 12:51:52 | INFO     | Saving at a/skeb/nagi_manga-43aa70.json
2026-07-12 12:51:52 | INFO     | OK https://skeb.jp/api/users/PENAKOhashikure
2026-07-12 12:51:52 | INFO     | Saving at a/skeb/PENAKOhashikure-d1d1da.json
2026-07-12 12:51:53 | INFO     | OK https://skeb.jp/api/users/Rizleting
2026-07-12 12:51:53 | INFO     | Saving at a/skeb/Rizleting-94401c.json
2026-07-12 12:51:54 | INFO     | OK https://skeb.jp/api/users/waruda0
2026-07-12 12:51:54 | INFO     | Saving at a/skeb/waruda0-bd04c7.json
2026-07-12 12:51:55 | WARNING  | 404 on https://skeb.jp/api/users/soraumi2000_50_ (attempt 1/3)
2026-07-12 12:51:56 | INFO     | OK https://skeb.jp/api/users/313_3cha
2026-07-12 12:51:56 | INFO     | Saving at a/skeb/313_3cha-957e66.json
2026-07-12 12:51:58 | WARNING  | 404 on https://skeb.jp/api/users/Geshi_to_ (attempt 3/3)
2026-07-12 12:51:58 | INFO     | OK https://skeb.jp/api/users/se_bone0627
2026-07-12 12:51:58 | INFO     | Saving at a/skeb/se_bone0627-06878e.json
2026-07-12 12:51:59 | INFO     | OK https://skeb.jp/api/users/Dong_mian44
2026-07-12 12:51:59 | INFO     | Saving at a/skeb/Dong_mian44-864b3c.json
2026-07-12 12:52:01 | WARNING  | 404 on https://skeb.jp/api/users/_meruruto_ (attempt 3/3)
2026-07-12 12:52:01 | INFO     | OK https://skeb.jp/api/users/amarun_penguin
2026-07-12 12:52:01 | INFO     | Saving at a/skeb/amarun_penguin-64328f.json
2026-07-12 12:52:02 | INFO     | OK https://skeb.jp/api/users/Yukiusagi
2026-07-12 12:52:02 | INFO     | Saving at a/skeb/Yukiusagi-ebba0b.json
2026-07-12 12:52:03 | INFO     | OK https://skeb.jp/api/users/ramentiramisu
2026-07-12 12:52:03 | INFO     | Saving at a/skeb/ramentiramisu-114907.json
2026-07-12 12:52:04 | INFO     | OK https://skeb.jp/api/users/souando
2026-07-12 12:52:04 | INFO     | Saving at a/skeb/souando-ba8aff.json
2026-07-12 12:52:05 | INFO     | OK https://skeb.jp/api/users/MisumiYusei
2026-07-12 12:52:05 | INFO     | Saving at a/skeb/MisumiYusei-473fad.json
2026-07-12 12:52:06 | INFO     | OK https://skeb.jp/api/users/romaro317
2026-07-12 12:52:06 | INFO     | Saving at a/skeb/romaro317-3e7dad.json
2026-07-12 12:52:07 | INFO     | OK https://skeb.jp/api/users/Orurico__25
2026-07-12 12:52:07 | INFO     | Saving at a/skeb/Orurico__25-c86f5f.json
2026-07-12 12:52:08 | INFO     | OK https://skeb.jp/api/users/seki_zakki
2026-07-12 12:52:08 | INFO     | Saving at a/skeb/seki_zakki-a1a179.json
2026-07-12 12:52:09 | INFO     | OK https://skeb.jp/api/users/Ne5
2026-07-12 12:52:09 | INFO     | Saving at a/skeb/Ne5-66112a.json
2026-07-12 12:52:11 | WARNING  | 404 on https://skeb.jp/api/users/soraumi2000_50_ (attempt 2/3)
2026-07-12 12:52:11 | INFO     | OK https://skeb.jp/api/users/rom_r18aniki
2026-07-12 12:52:11 | INFO     | Saving at a/skeb/rom_r18aniki-0cf935.json
2026-07-12 12:52:12 | INFO     | OK https://skeb.jp/api/users/atori_piyopiyo
2026-07-12 12:52:12 | INFO     | Saving at a/skeb/atori_piyopiyo-5ceb64.json
2026-07-12 12:52:13 | INFO     | OK https://skeb.jp/api/users/nshimanTRPG
2026-07-12 12:52:13 | INFO     | Saving at a/skeb/nshimanTRPG-8a099e.json
2026-07-12 12:52:14 | WARNING  | 404 on https://skeb.jp/api/users/polar_kuma62 (attempt 1/3)
2026-07-12 12:52:15 | INFO     | OK https://skeb.jp/api/users/SakuRa_5468
2026-07-12 12:52:15 | INFO     | Saving at a/skeb/SakuRa_5468-ce6536.json
2026-07-12 12:52:17 | WARNING  | 404 on https://skeb.jp/api/users/soraumi2000_50_ (attempt 3/3)
2026-07-12 12:52:17 | INFO     | OK https://skeb.jp/api/users/tetsu_one
2026-07-12 12:52:17 | INFO     | Saving at a/skeb/tetsu_one-3ed7fe.json
2026-07-12 12:52:18 | WARNING  | 404 on https://skeb.jp/api/users/kasha0927 (attempt 1/3)
2026-07-12 12:52:19 | INFO     | OK https://skeb.jp/api/users/DD_shimako
2026-07-12 12:52:19 | INFO     | Saving at a/skeb/DD_shimako-d05098.json
2026-07-12 12:52:20 | INFO     | OK https://skeb.jp/api/users/lino_saaan
2026-07-12 12:52:20 | INFO     | Saving at a/skeb/lino_saaan-1babdc.json
2026-07-12 12:52:21 | INFO     | OK https://skeb.jp/api/users/Majin_96
2026-07-12 12:52:21 | INFO     | Saving at a/skeb/Majin_96-dee510.json
2026-07-12 12:52:22 | INFO     | OK https://skeb.jp/api/users/okayukayu0901
2026-07-12 12:52:22 | INFO     | Saving at a/skeb/okayukayu0901-22f302.json
2026-07-12 12:52:23 | INFO     | OK https://skeb.jp/api/users/zata428
2026-07-12 12:52:23 | INFO     | Saving at a/skeb/zata428-b733c4.json
2026-07-12 12:52:24 | INFO     | OK https://skeb.jp/api/users/2t1t_higuloss
2026-07-12 12:52:24 | INFO     | Saving at a/skeb/2t1t_higuloss-0f572e.json
2026-07-12 12:52:26 | WARNING  | 404 on https://skeb.jp/api/users/polar_kuma62 (attempt 2/3)
2026-07-12 12:52:26 | INFO     | OK https://skeb.jp/api/users/shino_skeb
2026-07-12 12:52:26 | INFO     | Saving at a/skeb/shino_skeb-fae6e4.json
2026-07-12 12:52:27 | INFO     | OK https://skeb.jp/api/users/mgbtk_knk
2026-07-12 12:52:27 | INFO     | Saving at a/skeb/mgbtk_knk-0b7fa1.json
2026-07-12 12:52:28 | INFO     | OK https://skeb.jp/api/users/zuboranaringo14
2026-07-12 12:52:28 | INFO     | Saving at a/skeb/zuboranaringo14-e5f177.json
2026-07-12 12:52:30 | INFO     | OK https://skeb.jp/api/users/yoguyogu
2026-07-12 12:52:30 | INFO     | Saving at a/skeb/yoguyogu-ec85fc.json
2026-07-12 12:52:30 | INFO     | OK https://skeb.jp/api/users/nanana06
2026-07-12 12:52:30 | INFO     | Saving at a/skeb/nanana06-83d4fe.json
2026-07-12 12:52:31 | INFO     | OK https://skeb.jp/api/users/zhngjng47971943
2026-07-12 12:52:31 | INFO     | Saving at a/skeb/zhngjng47971943-196d73.json
2026-07-12 12:52:32 | WARNING  | 404 on https://skeb.jp/api/users/kasha0927 (attempt 2/3)
2026-07-12 12:52:34 | WARNING  | 404 on https://skeb.jp/api/users/polar_kuma62 (attempt 3/3)
2026-07-12 12:52:34 | INFO     | OK https://skeb.jp/api/users/ymswmr
2026-07-12 12:52:34 | INFO     | Saving at a/skeb/ymswmr-ca4fde.json
2026-07-12 12:52:35 | INFO     | OK https://skeb.jp/api/users/jusimatsu
2026-07-12 12:52:35 | INFO     | Saving at a/skeb/jusimatsu-79adc4.json
2026-07-12 12:52:36 | INFO     | OK https://skeb.jp/api/users/thinking4MIL
2026-07-12 12:52:36 | INFO     | Saving at a/skeb/thinking4MIL-dbfba2.json
2026-07-12 12:52:37 | INFO     | OK https://skeb.jp/api/users/lil_vocaloid
2026-07-12 12:52:37 | INFO     | Saving at a/skeb/lil_vocaloid-423551.json
2026-07-12 12:52:38 | WARNING  | 404 on https://skeb.jp/api/users/kasha0927 (attempt 3/3)
2026-07-12 12:52:39 | WARNING  | 404 on https://skeb.jp/api/users/ghcfujfc1 (attempt 1/3)
2026-07-12 12:52:40 | INFO     | OK https://skeb.jp/api/users/mofumofu_foxes3
2026-07-12 12:52:40 | INFO     | Saving at a/skeb/mofumofu_foxes3-5124f6.json
2026-07-12 12:52:41 | INFO     | OK https://skeb.jp/api/users/nya_mmon
2026-07-12 12:52:41 | INFO     | Saving at a/skeb/nya_mmon-ae2d96.json
2026-07-12 12:52:42 | INFO     | OK https://skeb.jp/api/users/Congalala_like
2026-07-12 12:52:42 | INFO     | Saving at a/skeb/Congalala_like-dfddd0.json
2026-07-12 12:52:43 | INFO     | OK https://skeb.jp/api/users/Insect_X_Girl
2026-07-12 12:52:43 | INFO     | Saving at a/skeb/Insect_X_Girl-3d8a45.json
2026-07-12 12:52:44 | INFO     | OK https://skeb.jp/api/users/waka_mind
2026-07-12 12:52:44 | INFO     | Saving at a/skeb/waka_mind-20e706.json
2026-07-12 12:52:45 | WARNING  | 404 on https://skeb.jp/api/users/ghcfujfc1 (attempt 2/3)
2026-07-12 12:52:46 | INFO     | OK https://skeb.jp/api/users/ankoekk_
2026-07-12 12:52:46 | INFO     | Saving at a/skeb/ankoekk_-05a709.json
2026-07-12 12:52:47 | INFO     | OK https://skeb.jp/api/users/degarashi_01
2026-07-12 12:52:47 | INFO     | Saving at a/skeb/degarashi_01-3d99c8.json
2026-07-12 12:52:48 | INFO     | OK https://skeb.jp/api/users/mlpcott
2026-07-12 12:52:48 | INFO     | Saving at a/skeb/mlpcott-64138a.json
2026-07-12 12:52:50 | INFO     | OK https://skeb.jp/api/users/rikka_rikka_123
2026-07-12 12:52:50 | INFO     | Saving at a/skeb/rikka_rikka_123-d19f14.json
2026-07-12 12:52:50 | INFO     | OK https://skeb.jp/api/users/Yone89252695
2026-07-12 12:52:50 | INFO     | Saving at a/skeb/Yone89252695-adfcfa.json
2026-07-12 12:52:51 | INFO     | OK https://skeb.jp/api/users/netaio0O
2026-07-12 12:52:51 | INFO     | Saving at a/skeb/netaio0O-330c62.json
2026-07-12 12:52:52 | INFO     | OK https://skeb.jp/api/users/chimaki0624
2026-07-12 12:52:52 | INFO     | Saving at a/skeb/chimaki0624-61b3cd.json
2026-07-12 12:52:53 | INFO     | OK https://skeb.jp/api/users/Rinne_kun
2026-07-12 12:52:53 | INFO     | Saving at a/skeb/Rinne_kun-9a74ce.json
2026-07-12 12:52:54 | INFO     | OK https://skeb.jp/api/users/eimi00_
2026-07-12 12:52:54 | INFO     | Saving at a/skeb/eimi00_-5f55ad.json
2026-07-12 12:52:55 | INFO     | OK https://skeb.jp/api/users/ib_arf91
2026-07-12 12:52:55 | INFO     | Saving at a/skeb/ib_arf91-dcd578.json
2026-07-12 12:52:56 | INFO     | OK https://skeb.jp/api/users/kagamirai12588
2026-07-12 12:52:56 | INFO     | Saving at a/skeb/kagamirai12588-87cf6e.json
2026-07-12 12:52:57 | WARNING  | 404 on https://skeb.jp/api/users/ghcfujfc1 (attempt 3/3)
2026-07-12 12:52:58 | INFO     | OK https://skeb.jp/api/users/ichise_waya
2026-07-12 12:52:59 | INFO     | Saving at a/skeb/ichise_waya-5e6db2.json
2026-07-12 12:53:00 | INFO     | OK https://skeb.jp/api/users/tayuta_ikegami
2026-07-12 12:53:00 | INFO     | Saving at a/skeb/tayuta_ikegami-23dbe2.json
2026-07-12 12:53:00 | INFO     | OK https://skeb.jp/api/users/ANT4RES3510
2026-07-12 12:53:00 | INFO     | Saving at a/skeb/ANT4RES3510-37016f.json
2026-07-12 12:53:01 | INFO     | OK https://skeb.jp/api/users/mwsv2024
2026-07-12 12:53:01 | INFO     | Saving at a/skeb/mwsv2024-a9aa13.json
2026-07-12 12:53:02 | INFO     | OK https://skeb.jp/api/users/dc_asry
2026-07-12 12:53:02 | INFO     | Saving at a/skeb/dc_asry-d3782c.json
2026-07-12 12:53:04 | INFO     | OK https://skeb.jp/api/users/oniku_sb
2026-07-12 12:53:04 | INFO     | Saving at a/skeb/oniku_sb-5fc42b.json
2026-07-12 12:53:04 | INFO     | OK https://skeb.jp/api/users/Zones_tan
2026-07-12 12:53:04 | INFO     | Saving at a/skeb/Zones_tan-6bb164.json
2026-07-12 12:53:05 | INFO     | OK https://skeb.jp/api/users/shinapun
2026-07-12 12:53:05 | INFO     | Saving at a/skeb/shinapun-e5ed6f.json
2026-07-12 12:53:06 | INFO     | OK https://skeb.jp/api/users/7tm022
2026-07-12 12:53:06 | INFO     | Saving at a/skeb/7tm022-ae6014.json
2026-07-12 12:53:08 | INFO     | OK https://skeb.jp/api/users/ruminos
2026-07-12 12:53:08 | INFO     | Saving at a/skeb/ruminos-a6978e.json
2026-07-12 12:53:09 | INFO     | OK https://skeb.jp/api/users/taka_04
2026-07-12 12:53:09 | INFO     | Saving at a/skeb/taka_04-ff659a.json
2026-07-12 12:53:09 | INFO     | OK https://skeb.jp/api/users/yukiko_321
2026-07-12 12:53:09 | INFO     | Saving at a/skeb/yukiko_321-189fcd.json
2026-07-12 12:53:11 | INFO     | OK https://skeb.jp/api/users/memori086
2026-07-12 12:53:11 | INFO     | Saving at a/skeb/memori086-1ae706.json
2026-07-12 12:53:12 | INFO     | OK https://skeb.jp/api/users/twostrokes_
2026-07-12 12:53:12 | INFO     | Saving at a/skeb/twostrokes_-ac942f.json
2026-07-12 12:53:13 | INFO     | OK https://skeb.jp/api/users/owantogohan
2026-07-12 12:53:13 | INFO     | Saving at a/skeb/owantogohan-da8ee7.json
2026-07-12 12:53:14 | INFO     | OK https://skeb.jp/api/users/milkribbon3
2026-07-12 12:53:14 | INFO     | Saving at a/skeb/milkribbon3-bcfddd.json
2026-07-12 12:53:14 | INFO     | OK https://skeb.jp/api/users/DmelonD
2026-07-12 12:53:14 | INFO     | Saving at a/skeb/DmelonD-212372.json
2026-07-12 12:53:16 | INFO     | OK https://skeb.jp/api/users/lira_1224
2026-07-12 12:53:16 | INFO     | Saving at a/skeb/lira_1224-0b75b4.json
2026-07-12 12:53:16 | INFO     | OK https://skeb.jp/api/users/haanidesign
2026-07-12 12:53:16 | INFO     | Saving at a/skeb/haanidesign-96a6dd.json
2026-07-12 12:53:18 | INFO     | OK https://skeb.jp/api/users/KAME_sennin_bot
2026-07-12 12:53:18 | INFO     | Saving at a/skeb/KAME_sennin_bot-65f9fd.json
2026-07-12 12:53:19 | INFO     | OK https://skeb.jp/api/users/UMINOKO
2026-07-12 12:53:19 | INFO     | Saving at a/skeb/UMINOKO-bd8670.json
2026-07-12 12:53:20 | INFO     | OK https://skeb.jp/api/users/mirusendanshi
2026-07-12 12:53:20 | INFO     | Saving at a/skeb/mirusendanshi-bc2cdd.json
2026-07-12 12:53:20 | INFO     | OK https://skeb.jp/api/users/NTCV13
2026-07-12 12:53:20 | INFO     | Saving at a/skeb/NTCV13-b5d5a1.json
2026-07-12 12:53:21 | INFO     | OK https://skeb.jp/api/users/hyog9f
2026-07-12 12:53:21 | INFO     | Saving at a/skeb/hyog9f-3bdaf4.json
2026-07-12 12:53:22 | INFO     | OK https://skeb.jp/api/users/mer0_kyun
2026-07-12 12:53:22 | INFO     | Saving at a/skeb/mer0_kyun-94f5bf.json
2026-07-12 12:53:23 | INFO     | OK https://skeb.jp/api/users/isuzu66yu
2026-07-12 12:53:24 | INFO     | Saving at a/skeb/isuzu66yu-671bb7.json
2026-07-12 12:53:25 | INFO     | OK https://skeb.jp/api/users/wan_722
2026-07-12 12:53:25 | INFO     | Saving at a/skeb/wan_722-6f8acc.json
2026-07-12 12:53:26 | INFO     | OK https://skeb.jp/api/users/syugu
2026-07-12 12:53:26 | INFO     | Saving at a/skeb/syugu-c010cc.json
2026-07-12 12:53:27 | INFO     | OK https://skeb.jp/api/users/jefflottepls
2026-07-12 12:53:27 | INFO     | Saving at a/skeb/jefflottepls-df7ab3.json
2026-07-12 12:53:27 | INFO     | OK https://skeb.jp/api/users/nkG0p
2026-07-12 12:53:27 | INFO     | Saving at a/skeb/nkG0p-f0d097.json
2026-07-12 12:53:29 | INFO     | OK https://skeb.jp/api/users/koba4ko
2026-07-12 12:53:29 | INFO     | Saving at a/skeb/koba4ko-e7be03.json
2026-07-12 12:53:29 | WARNING  | 404 on https://skeb.jp/api/users/vHoo__ (attempt 1/3)
2026-07-12 12:53:31 | INFO     | OK https://skeb.jp/api/users/mou6r5
2026-07-12 12:53:31 | INFO     | Saving at a/skeb/mou6r5-47087d.json
2026-07-12 12:53:32 | INFO     | OK https://skeb.jp/api/users/zyaga_butter88
2026-07-12 12:53:32 | INFO     | Saving at a/skeb/zyaga_butter88-23fecd.json
2026-07-12 12:53:33 | INFO     | OK https://skeb.jp/api/users/8Dg5DnwBQeU9CNG
2026-07-12 12:53:33 | INFO     | Saving at a/skeb/8Dg5DnwBQeU9CNG-c35e93.json
2026-07-12 12:53:34 | INFO     | OK https://skeb.jp/api/users/gggheq
2026-07-12 12:53:34 | INFO     | Saving at a/skeb/gggheq-1b89c1.json
2026-07-12 12:53:34 | INFO     | OK https://skeb.jp/api/users/AKA_wararu
2026-07-12 12:53:34 | INFO     | Saving at a/skeb/AKA_wararu-62e401.json
2026-07-12 12:53:36 | INFO     | OK https://skeb.jp/api/users/tama5mata
2026-07-12 12:53:36 | INFO     | Saving at a/skeb/tama5mata-752175.json
2026-07-12 12:53:36 | INFO     | OK https://skeb.jp/api/users/SCREEN9775
2026-07-12 12:53:36 | INFO     | Saving at a/skeb/SCREEN9775-f526c1.json
2026-07-12 12:53:38 | INFO     | OK https://skeb.jp/api/users/ShiDo
2026-07-12 12:53:38 | INFO     | Saving at a/skeb/ShiDo-b8e1e7.json
2026-07-12 12:53:39 | INFO     | OK https://skeb.jp/api/users/To_ta_keno
2026-07-12 12:53:39 | INFO     | Saving at a/skeb/To_ta_keno-9992de.json
2026-07-12 12:53:40 | INFO     | OK https://skeb.jp/api/users/Yaguchin0718
2026-07-12 12:53:40 | INFO     | Saving at a/skeb/Yaguchin0718-7f2386.json
2026-07-12 12:53:41 | INFO     | OK https://skeb.jp/api/users/kurofuku2002
2026-07-12 12:53:41 | INFO     | Saving at a/skeb/kurofuku2002-1381e3.json
2026-07-12 12:53:42 | INFO     | OK https://skeb.jp/api/users/hana_sun14
2026-07-12 12:53:42 | INFO     | Saving at a/skeb/hana_sun14-bb3cbe.json
2026-07-12 12:53:43 | INFO     | OK https://skeb.jp/api/users/r5_hw24s
2026-07-12 12:53:43 | INFO     | Saving at a/skeb/r5_hw24s-3919cf.json
2026-07-12 12:53:44 | INFO     | OK https://skeb.jp/api/users/misoka1m
2026-07-12 12:53:44 | INFO     | Saving at a/skeb/misoka1m-0bef4e.json
2026-07-12 12:53:45 | INFO     | OK https://skeb.jp/api/users/sasami_642
2026-07-12 12:53:45 | INFO     | Saving at a/skeb/sasami_642-fdb581.json
2026-07-12 12:53:46 | INFO     | OK https://skeb.jp/api/users/gashagasha_xxx
2026-07-12 12:53:46 | INFO     | Saving at a/skeb/gashagasha_xxx-0164ba.json
2026-07-12 12:53:47 | INFO     | OK https://skeb.jp/api/users/qchan949
2026-07-12 12:53:47 | INFO     | Saving at a/skeb/qchan949-c42aad.json
2026-07-12 12:53:48 | INFO     | OK https://skeb.jp/api/users/WOR_ISLAND
2026-07-12 12:53:48 | INFO     | Saving at a/skeb/WOR_ISLAND-3471d3.json
2026-07-12 12:53:49 | INFO     | OK https://skeb.jp/api/users/emanon8223
2026-07-12 12:53:49 | INFO     | Saving at a/skeb/emanon8223-eef9d1.json
2026-07-12 12:53:50 | INFO     | OK https://skeb.jp/api/users/1mop1cs
2026-07-12 12:53:50 | INFO     | Saving at a/skeb/1mop1cs-a0e68f.json
2026-07-12 12:53:51 | INFO     | OK https://skeb.jp/api/users/chocomashiro
2026-07-12 12:53:51 | INFO     | Saving at a/skeb/chocomashiro-994a05.json
2026-07-12 12:53:52 | INFO     | OK https://skeb.jp/api/users/miochiii333
2026-07-12 12:53:52 | INFO     | Saving at a/skeb/miochiii333-357f9f.json
2026-07-12 12:53:53 | WARNING  | 404 on https://skeb.jp/api/users/vHoo__ (attempt 2/3)
2026-07-12 12:53:54 | INFO     | OK https://skeb.jp/api/users/mikan_no_cream
2026-07-12 12:53:54 | INFO     | Saving at a/skeb/mikan_no_cream-e96c82.json
2026-07-12 12:53:55 | INFO     | OK https://skeb.jp/api/users/RakugakiArupaka
2026-07-12 12:53:55 | INFO     | Saving at a/skeb/RakugakiArupaka-68911e.json
2026-07-12 12:53:56 | INFO     | OK https://skeb.jp/api/users/hakka_okashi
2026-07-12 12:53:56 | INFO     | Saving at a/skeb/hakka_okashi-5b10db.json
2026-07-12 12:53:57 | INFO     | OK https://skeb.jp/api/users/M_PhoenixTemps
2026-07-12 12:53:57 | INFO     | Saving at a/skeb/M_PhoenixTemps-7d6d6c.json
2026-07-12 12:53:58 | INFO     | OK https://skeb.jp/api/users/Doncha_1121
2026-07-12 12:53:58 | INFO     | Saving at a/skeb/Doncha_1121-b19405.json
2026-07-12 12:53:59 | INFO     | OK https://skeb.jp/api/users/postman_kawaii
2026-07-12 12:53:59 | INFO     | Saving at a/skeb/postman_kawaii-3d4dde.json
2026-07-12 12:54:00 | INFO     | OK https://skeb.jp/api/users/msroookn
2026-07-12 12:54:00 | INFO     | Saving at a/skeb/msroookn-c26ce9.json
2026-07-12 12:54:01 | WARNING  | 404 on https://skeb.jp/api/users/vHoo__ (attempt 3/3)
2026-07-12 12:54:02 | WARNING  | 404 on https://skeb.jp/api/users/pgpcvDCE9G (attempt 1/3)
2026-07-12 12:54:03 | WARNING  | 404 on https://skeb.jp/api/users/meguru_nero (attempt 1/3)
2026-07-12 12:54:04 | WARNING  | 404 on https://skeb.jp/api/users/p_pfp5 (attempt 1/3)
2026-07-12 12:54:05 | INFO     | OK https://skeb.jp/api/users/cleampaan
2026-07-12 12:54:05 | INFO     | Saving at a/skeb/cleampaan-52d1d2.json
2026-07-12 12:54:06 | INFO     | OK https://skeb.jp/api/users/Shidenkai_79
2026-07-12 12:54:06 | INFO     | Saving at a/skeb/Shidenkai_79-a29562.json
2026-07-12 12:54:07 | INFO     | OK https://skeb.jp/api/users/FUCKTORIAcorpo
2026-07-12 12:54:07 | INFO     | Saving at a/skeb/FUCKTORIAcorpo-6914c2.json
2026-07-12 12:54:08 | WARNING  | 404 on https://skeb.jp/api/users/pgpcvDCE9G (attempt 2/3)
2026-07-12 12:54:09 | INFO     | OK https://skeb.jp/api/users/hnsk_rio
2026-07-12 12:54:09 | INFO     | Saving at a/skeb/hnsk_rio-c1bea1.json
2026-07-12 12:54:10 | WARNING  | 404 on https://skeb.jp/api/users/meguru_nero (attempt 2/3)
2026-07-12 12:54:11 | INFO     | OK https://skeb.jp/api/users/wanineko2001
2026-07-12 12:54:11 | INFO     | Saving at a/skeb/wanineko2001-229f18.json
2026-07-12 12:54:12 | INFO     | OK https://skeb.jp/api/users/hagina_
2026-07-12 12:54:12 | INFO     | Saving at a/skeb/hagina_-b3665d.json
2026-07-12 12:54:12 | WARNING  | 404 on https://skeb.jp/api/users/pgpcvDCE9G (attempt 3/3)
2026-07-12 12:54:14 | INFO     | OK https://skeb.jp/api/users/ranpumn
2026-07-12 12:54:14 | INFO     | Saving at a/skeb/ranpumn-9058d2.json
2026-07-12 12:54:15 | INFO     | OK https://skeb.jp/api/users/Asakun_ch
2026-07-12 12:54:15 | INFO     | Saving at a/skeb/Asakun_ch-7d88f3.json
2026-07-12 12:54:16 | INFO     | OK https://skeb.jp/api/users/suma_10_15ron
2026-07-12 12:54:16 | INFO     | Saving at a/skeb/suma_10_15ron-55b127.json
2026-07-12 12:54:17 | INFO     | OK https://skeb.jp/api/users/zoroa_arte
2026-07-12 12:54:17 | INFO     | Saving at a/skeb/zoroa_arte-745381.json
2026-07-12 12:54:18 | INFO     | OK https://skeb.jp/api/users/TenseiHahihu94
2026-07-12 12:54:18 | INFO     | Saving at a/skeb/TenseiHahihu94-7840e7.json
2026-07-12 12:54:19 | WARNING  | 404 on https://skeb.jp/api/users/p_pfp5 (attempt 2/3)
2026-07-12 12:54:20 | INFO     | OK https://skeb.jp/api/users/MaryMeldol_Mk2
2026-07-12 12:54:20 | INFO     | Saving at a/skeb/MaryMeldol_Mk2-254e2d.json
2026-07-12 12:54:21 | INFO     | OK https://skeb.jp/api/users/koyuki18740
2026-07-12 12:54:21 | INFO     | Saving at a/skeb/koyuki18740-027c0e.json
2026-07-12 12:54:22 | INFO     | OK https://skeb.jp/api/users/Moroi__
2026-07-12 12:54:22 | INFO     | Saving at a/skeb/Moroi__-848c9c.json
2026-07-12 12:54:23 | INFO     | OK https://skeb.jp/api/users/KARAINE86
2026-07-12 12:54:23 | INFO     | Saving at a/skeb/KARAINE86-df3816.json
2026-07-12 12:54:24 | WARNING  | 404 on https://skeb.jp/api/users/meguru_nero (attempt 3/3)
2026-07-12 12:54:25 | WARNING  | 404 on https://skeb.jp/api/users/p_pfp5 (attempt 3/3)
2026-07-12 12:54:26 | INFO     | OK https://skeb.jp/api/users/yuji_867
2026-07-12 12:54:26 | INFO     | Saving at a/skeb/yuji_867-519658.json
2026-07-12 12:54:27 | INFO     | OK https://skeb.jp/api/users/IwashiMamire
2026-07-12 12:54:27 | INFO     | Saving at a/skeb/IwashiMamire-5997d3.json
2026-07-12 12:54:28 | INFO     | OK https://skeb.jp/api/users/umegrafix
2026-07-12 12:54:28 | INFO     | Saving at a/skeb/umegrafix-679858.json
2026-07-12 12:54:29 | INFO     | OK https://skeb.jp/api/users/ferukun
2026-07-12 12:54:29 | INFO     | Saving at a/skeb/ferukun-4532e1.json
2026-07-12 12:54:30 | INFO     | OK https://skeb.jp/api/users/MMQ_2
2026-07-12 12:54:30 | INFO     | Saving at a/skeb/MMQ_2-27f773.json
2026-07-12 12:54:31 | INFO     | OK https://skeb.jp/api/users/Tsukiyo_10
2026-07-12 12:54:31 | INFO     | Saving at a/skeb/Tsukiyo_10-ce1251.json
2026-07-12 12:54:32 | INFO     | OK https://skeb.jp/api/users/patarou
2026-07-12 12:54:32 | INFO     | Saving at a/skeb/patarou-6eaf0b.json
2026-07-12 12:54:33 | INFO     | OK https://skeb.jp/api/users/al
2026-07-12 12:54:33 | INFO     | Saving at a/skeb/al-97282b.json
2026-07-12 12:54:34 | INFO     | OK https://skeb.jp/api/users/Negima_ko
2026-07-12 12:54:34 | INFO     | Saving at a/skeb/Negima_ko-76df31.json
2026-07-12 12:54:35 | INFO     | OK https://skeb.jp/api/users/organ_derwald
2026-07-12 12:54:35 | INFO     | Saving at a/skeb/organ_derwald-7e8fc7.json
2026-07-12 12:54:36 | INFO     | OK https://skeb.jp/api/users/azumayua15
2026-07-12 12:54:36 | INFO     | Saving at a/skeb/azumayua15-c93fda.json
2026-07-12 12:54:37 | INFO     | OK https://skeb.jp/api/users/murisuu_yaha
2026-07-12 12:54:37 | INFO     | Saving at a/skeb/murisuu_yaha-260823.json
2026-07-12 12:54:38 | INFO     | OK https://skeb.jp/api/users/K_bsr_jo
2026-07-12 12:54:38 | INFO     | Saving at a/skeb/K_bsr_jo-bd0aa0.json
2026-07-12 12:54:39 | INFO     | OK https://skeb.jp/api/users/gucchi_zuizui
2026-07-12 12:54:39 | INFO     | Saving at a/skeb/gucchi_zuizui-9b6431.json
2026-07-12 12:54:40 | INFO     | OK https://skeb.jp/api/users/Simamental
2026-07-12 12:54:40 | INFO     | Saving at a/skeb/Simamental-25fac2.json
2026-07-12 12:54:41 | INFO     | OK https://skeb.jp/api/users/3310FURIRU
2026-07-12 12:54:41 | INFO     | Saving at a/skeb/3310FURIRU-214aee.json
2026-07-12 12:54:42 | INFO     | OK https://skeb.jp/api/users/kukro_
2026-07-12 12:54:42 | INFO     | Saving at a/skeb/kukro_-b22815.json
2026-07-12 12:54:43 | INFO     | OK https://skeb.jp/api/users/yuiimu9__9
2026-07-12 12:54:43 | INFO     | Saving at a/skeb/yuiimu9__9-596c81.json
2026-07-12 12:54:44 | INFO     | OK https://skeb.jp/api/users/e_kaki_neko
2026-07-12 12:54:44 | INFO     | Saving at a/skeb/e_kaki_neko-00e9ef.json
2026-07-12 12:54:45 | INFO     | OK https://skeb.jp/api/users/mukei_00
2026-07-12 12:54:45 | INFO     | Saving at a/skeb/mukei_00-a1d6c7.json
2026-07-12 12:54:46 | WARNING  | 404 on https://skeb.jp/api/users/m3x3_sk (attempt 1/3)
2026-07-12 12:54:47 | INFO     | OK https://skeb.jp/api/users/hahaue_chan
2026-07-12 12:54:47 | INFO     | Saving at a/skeb/hahaue_chan-1b1c0c.json
2026-07-12 12:54:48 | INFO     | OK https://skeb.jp/api/users/qxoiUioxp
2026-07-12 12:54:48 | INFO     | Saving at a/skeb/qxoiUioxp-9cf5a9.json
2026-07-12 12:54:49 | INFO     | OK https://skeb.jp/api/users/Ax_mx_o0
2026-07-12 12:54:49 | INFO     | Saving at a/skeb/Ax_mx_o0-884348.json
2026-07-12 12:54:49 | WARNING  | 404 on https://skeb.jp/api/users/m3x3_sk (attempt 2/3)
2026-07-12 12:54:51 | INFO     | OK https://skeb.jp/api/users/yamashita_emma
2026-07-12 12:54:51 | INFO     | Saving at a/skeb/yamashita_emma-f5802d.json
2026-07-12 12:54:52 | INFO     | OK https://skeb.jp/api/users/atto_besan
2026-07-12 12:54:52 | INFO     | Saving at a/skeb/atto_besan-814716.json
2026-07-12 12:54:53 | INFO     | OK https://skeb.jp/api/users/toetotoetotoeto
2026-07-12 12:54:53 | INFO     | Saving at a/skeb/toetotoetotoeto-b1ee78.json
2026-07-12 12:54:54 | INFO     | OK https://skeb.jp/api/users/HiTukiMaware
2026-07-12 12:54:54 | INFO     | Saving at a/skeb/HiTukiMaware-53e2da.json
2026-07-12 12:54:55 | INFO     | OK https://skeb.jp/api/users/naokorin_ch
2026-07-12 12:54:55 | INFO     | Saving at a/skeb/naokorin_ch-d76ba9.json
2026-07-12 12:54:56 | INFO     | OK https://skeb.jp/api/users/game_4p
2026-07-12 12:54:56 | INFO     | Saving at a/skeb/game_4p-a84a65.json
2026-07-12 12:54:57 | INFO     | OK https://skeb.jp/api/users/ny0n
2026-07-12 12:54:57 | INFO     | Saving at a/skeb/ny0n-4e7fbf.json
2026-07-12 12:54:58 | INFO     | OK https://skeb.jp/api/users/Ronymeow3
2026-07-12 12:54:58 | INFO     | Saving at a/skeb/Ronymeow3-3097da.json
2026-07-12 12:54:59 | INFO     | OK https://skeb.jp/api/users/mendakoanime
2026-07-12 12:54:59 | INFO     | Saving at a/skeb/mendakoanime-7e3554.json
2026-07-12 12:55:00 | WARNING  | 404 on https://skeb.jp/api/users/yamin_himamo23 (attempt 1/3)
2026-07-12 12:55:01 | INFO     | OK https://skeb.jp/api/users/344_53_
2026-07-12 12:55:01 | INFO     | Saving at a/skeb/344_53_-47301c.json
2026-07-12 12:55:02 | INFO     | OK https://skeb.jp/api/users/anonim_lenu
2026-07-12 12:55:02 | INFO     | Saving at a/skeb/anonim_lenu-df599d.json
2026-07-12 12:55:03 | INFO     | OK https://skeb.jp/api/users/omuraisusan07
2026-07-12 12:55:03 | INFO     | Saving at a/skeb/omuraisusan07-5726ef.json
2026-07-12 12:55:04 | INFO     | OK https://skeb.jp/api/users/10z8trb
2026-07-12 12:55:04 | INFO     | Saving at a/skeb/10z8trb-79dca3.json
2026-07-12 12:55:05 | INFO     | OK https://skeb.jp/api/users/sz38394
2026-07-12 12:55:05 | INFO     | Saving at a/skeb/sz38394-776317.json
2026-07-12 12:55:06 | INFO     | OK https://skeb.jp/api/users/sunokurage
2026-07-12 12:55:06 | INFO     | Saving at a/skeb/sunokurage-4ff903.json
2026-07-12 12:55:07 | WARNING  | 404 on https://skeb.jp/api/users/T4k73gqSZ26h5si (attempt 1/3)
2026-07-12 12:55:08 | INFO     | OK https://skeb.jp/api/users/toi_0w0_toi
2026-07-12 12:55:08 | INFO     | Saving at a/skeb/toi_0w0_toi-e95b70.json
2026-07-12 12:55:09 | WARNING  | 404 on https://skeb.jp/api/users/m3x3_sk (attempt 3/3)
2026-07-12 12:55:10 | WARNING  | 404 on https://skeb.jp/api/users/yamin_himamo23 (attempt 2/3)
2026-07-12 12:55:11 | INFO     | OK https://skeb.jp/api/users/uiyun
2026-07-12 12:55:11 | INFO     | Saving at a/skeb/uiyun-59fba7.json
2026-07-12 12:55:11 | WARNING  | 404 on https://skeb.jp/api/users/T4k73gqSZ26h5si (attempt 2/3)
2026-07-12 12:55:13 | INFO     | OK https://skeb.jp/api/users/azalea222
2026-07-12 12:55:13 | INFO     | Saving at a/skeb/azalea222-aaf814.json
2026-07-12 12:55:14 | INFO     | OK https://skeb.jp/api/users/yk1k1_
2026-07-12 12:55:14 | INFO     | Saving at a/skeb/yk1k1_-3c22c5.json
2026-07-12 12:55:15 | INFO     | OK https://skeb.jp/api/users/RlyehElysium
2026-07-12 12:55:15 | INFO     | Saving at a/skeb/RlyehElysium-5a7156.json
2026-07-12 12:55:16 | INFO     | OK https://skeb.jp/api/users/ANST1201
2026-07-12 12:55:16 | INFO     | Saving at a/skeb/ANST1201-0558b1.json
2026-07-12 12:55:17 | WARNING  | 404 on https://skeb.jp/api/users/T4k73gqSZ26h5si (attempt 3/3)
2026-07-12 12:55:18 | INFO     | OK https://skeb.jp/api/users/No45counter
2026-07-12 12:55:18 | INFO     | Saving at a/skeb/No45counter-a8da44.json
2026-07-12 12:55:19 | INFO     | OK https://skeb.jp/api/users/elemen_18kin
2026-07-12 12:55:19 | INFO     | Saving at a/skeb/elemen_18kin-82ddf3.json
2026-07-12 12:55:20 | INFO     | OK https://skeb.jp/api/users/mirea_fraise
2026-07-12 12:55:20 | INFO     | Saving at a/skeb/mirea_fraise-3e11dc.json
2026-07-12 12:55:21 | INFO     | OK https://skeb.jp/api/users/super_bishoujo
2026-07-12 12:55:21 | INFO     | Saving at a/skeb/super_bishoujo-e8d029.json
2026-07-12 12:55:22 | INFO     | OK https://skeb.jp/api/users/okiraku_sun_
2026-07-12 12:55:22 | INFO     | Saving at a/skeb/okiraku_sun_-fa578f.json
2026-07-12 12:55:23 | INFO     | OK https://skeb.jp/api/users/hokke_tsujimoto
2026-07-12 12:55:23 | INFO     | Saving at a/skeb/hokke_tsujimoto-2669cf.json
2026-07-12 12:55:24 | INFO     | OK https://skeb.jp/api/users/Hina_Caster05
2026-07-12 12:55:24 | INFO     | Saving at a/skeb/Hina_Caster05-c027e9.json
2026-07-12 12:55:25 | INFO     | OK https://skeb.jp/api/users/unnmo777
2026-07-12 12:55:25 | INFO     | Saving at a/skeb/unnmo777-ee786c.json
2026-07-12 12:55:26 | INFO     | OK https://skeb.jp/api/users/Shikiillustlate
2026-07-12 12:55:26 | INFO     | Saving at a/skeb/Shikiillustlate-242914.json
2026-07-12 12:55:27 | WARNING  | 404 on https://skeb.jp/api/users/yamin_himamo23 (attempt 3/3)
2026-07-12 12:55:28 | INFO     | OK https://skeb.jp/api/users/szm373
2026-07-12 12:55:28 | INFO     | Saving at a/skeb/szm373-d8fe2a.json
2026-07-12 12:55:29 | INFO     | OK https://skeb.jp/api/users/tsuguyuki_m
2026-07-12 12:55:29 | INFO     | Saving at a/skeb/tsuguyuki_m-50cab3.json
2026-07-12 12:55:30 | INFO     | OK https://skeb.jp/api/users/MxcNg
2026-07-12 12:55:30 | INFO     | Saving at a/skeb/MxcNg-d84b7a.json
2026-07-12 12:55:31 | INFO     | OK https://skeb.jp/api/users/maru_drawing_a
2026-07-12 12:55:31 | INFO     | Saving at a/skeb/maru_drawing_a-635f2c.json
2026-07-12 12:55:32 | INFO     | OK https://skeb.jp/api/users/Fuka_Kiryu
2026-07-12 12:55:32 | INFO     | Saving at a/skeb/Fuka_Kiryu-be5f3f.json
2026-07-12 12:55:32 | INFO     |  --- SUMMARY REPORT --- 
  Sources Retreived    : 742
  Profiles Fetched     : 697
  Profile Missing      : 45
  Profile Rate Limited : 0
  Profile Error Others : 0

2026-07-12 12:55:32 | INFO     | Started creating static api data.
2026-07-12 12:57:44 | INFO     | Album index written to a/albums/index.json (359 albums)
