2026-09-26 14:04:35 | INFO     | Initialized Data Store.
2026-09-26 14:04:36 | INFO     | Homepage GET status=200 (attempt 1/3)
2026-09-26 14:04:36 | WARNING  | request_key not found in homepage HTML (status=200).
2026-09-26 14:04:36 | INFO     | SkebClient ready (impersonate=chrome120, rate=1.0/s, concurrency=10, max_runtime=10800s)
2026-09-26 14:04:36 | INFO     | Pagination start: type='works' genre='art'.
2026-09-26 14:04:36 | INFO     | OK https://skeb.jp/api/works?sort=date&genre=art&offset=0&limit=90
2026-09-26 14:04:37 | INFO     | OK https://skeb.jp/api/works?sort=date&genre=art&offset=810&limit=90
2026-09-26 14:04:38 | INFO     | OK https://skeb.jp/api/works?sort=date&genre=art&offset=90&limit=90
2026-09-26 14:04:39 | INFO     | OK https://skeb.jp/api/works?sort=date&genre=art&offset=630&limit=90
2026-09-26 14:04:40 | INFO     | OK https://skeb.jp/api/works?sort=date&genre=art&offset=450&limit=90
2026-09-26 14:04:41 | INFO     | OK https://skeb.jp/api/works?sort=date&genre=art&offset=720&limit=90
2026-09-26 14:04:42 | INFO     | OK https://skeb.jp/api/works?sort=date&genre=art&offset=180&limit=90
2026-09-26 14:04:43 | INFO     | OK https://skeb.jp/api/works?sort=date&genre=art&offset=360&limit=90
2026-09-26 14:04:44 | INFO     | OK https://skeb.jp/api/works?sort=date&genre=art&offset=270&limit=90
2026-09-26 14:04:45 | INFO     | OK https://skeb.jp/api/works?sort=date&genre=art&offset=540&limit=90
2026-09-26 14:04:46 | INFO     | OK https://skeb.jp/api/works?sort=date&genre=art&offset=1710&limit=90
2026-09-26 14:04:47 | INFO     | OK https://skeb.jp/api/works?sort=date&genre=art&offset=900&limit=90
2026-09-26 14:04:48 | INFO     | OK https://skeb.jp/api/works?sort=date&genre=art&offset=1260&limit=90
2026-09-26 14:04:49 | INFO     | OK https://skeb.jp/api/works?sort=date&genre=art&offset=990&limit=90
2026-09-26 14:04:50 | INFO     | OK https://skeb.jp/api/works?sort=date&genre=art&offset=1440&limit=90
2026-09-26 14:04:51 | INFO     | OK https://skeb.jp/api/works?sort=date&genre=art&offset=1080&limit=90
2026-09-26 14:04:52 | INFO     | OK https://skeb.jp/api/works?sort=date&genre=art&offset=1620&limit=90
2026-09-26 14:04:53 | INFO     | OK https://skeb.jp/api/works?sort=date&genre=art&offset=1170&limit=90
2026-09-26 14:04:54 | INFO     | OK https://skeb.jp/api/works?sort=date&genre=art&offset=1350&limit=90
2026-09-26 14:04:55 | INFO     | OK https://skeb.jp/api/works?sort=date&genre=art&offset=1530&limit=90
2026-09-26 14:04:56 | INFO     | OK https://skeb.jp/api/works?sort=date&genre=art&offset=2340&limit=90
2026-09-26 14:04:57 | INFO     | OK https://skeb.jp/api/works?sort=date&genre=art&offset=2070&limit=90
2026-09-26 14:04:58 | INFO     | OK https://skeb.jp/api/works?sort=date&genre=art&offset=2520&limit=90
2026-09-26 14:04:59 | INFO     | OK https://skeb.jp/api/works?sort=date&genre=art&offset=2160&limit=90
2026-09-26 14:05:00 | INFO     | OK https://skeb.jp/api/works?sort=date&genre=art&offset=1980&limit=90
2026-09-26 14:05:01 | INFO     | OK https://skeb.jp/api/works?sort=date&genre=art&offset=2250&limit=90
2026-09-26 14:05:02 | INFO     | OK https://skeb.jp/api/works?sort=date&genre=art&offset=2430&limit=90
2026-09-26 14:05:03 | INFO     | OK https://skeb.jp/api/works?sort=date&genre=art&offset=1800&limit=90
2026-09-26 14:05:04 | INFO     | OK https://skeb.jp/api/works?sort=date&genre=art&offset=1890&limit=90
2026-09-26 14:05:05 | INFO     | OK https://skeb.jp/api/works?sort=date&genre=art&offset=2610&limit=90
2026-09-26 14:05:06 | INFO     | OK https://skeb.jp/api/works?sort=date&genre=art&offset=3330&limit=90
2026-09-26 14:05:07 | INFO     | OK https://skeb.jp/api/works?sort=date&genre=art&offset=2970&limit=90
2026-09-26 14:05:08 | INFO     | OK https://skeb.jp/api/works?sort=date&genre=art&offset=3150&limit=90
2026-09-26 14:05:09 | INFO     | OK https://skeb.jp/api/works?sort=date&genre=art&offset=2880&limit=90
2026-09-26 14:05:10 | INFO     | OK https://skeb.jp/api/works?sort=date&genre=art&offset=3420&limit=90
2026-09-26 14:05:11 | INFO     | OK https://skeb.jp/api/works?sort=date&genre=art&offset=3240&limit=90
2026-09-26 14:05:12 | INFO     | OK https://skeb.jp/api/works?sort=date&genre=art&offset=3510&limit=90
2026-09-26 14:05:13 | INFO     | OK https://skeb.jp/api/works?sort=date&genre=art&offset=2790&limit=90
2026-09-26 14:05:14 | INFO     | OK https://skeb.jp/api/works?sort=date&genre=art&offset=2700&limit=90
2026-09-26 14:05:15 | INFO     | OK https://skeb.jp/api/works?sort=date&genre=art&offset=3060&limit=90
2026-09-26 14:05:16 | INFO     | OK https://skeb.jp/api/works?sort=date&genre=art&offset=4140&limit=90
2026-09-26 14:05:17 | INFO     | OK https://skeb.jp/api/works?sort=date&genre=art&offset=4320&limit=90
2026-09-26 14:05:18 | INFO     | OK https://skeb.jp/api/works?sort=date&genre=art&offset=3690&limit=90
2026-09-26 14:05:19 | INFO     | OK https://skeb.jp/api/works?sort=date&genre=art&offset=3600&limit=90
2026-09-26 14:05:20 | INFO     | OK https://skeb.jp/api/works?sort=date&genre=art&offset=4050&limit=90
2026-09-26 14:05:21 | INFO     | OK https://skeb.jp/api/works?sort=date&genre=art&offset=3780&limit=90
2026-09-26 14:05:22 | INFO     | OK https://skeb.jp/api/works?sort=date&genre=art&offset=4410&limit=90
2026-09-26 14:05:23 | INFO     | OK https://skeb.jp/api/works?sort=date&genre=art&offset=3960&limit=90
2026-09-26 14:05:24 | INFO     | OK https://skeb.jp/api/works?sort=date&genre=art&offset=3870&limit=90
2026-09-26 14:05:25 | INFO     | OK https://skeb.jp/api/works?sort=date&genre=art&offset=4230&limit=90
2026-09-26 14:05:25 | INFO     | Empty page (consecutive=1)
2026-09-26 14:05:25 | INFO     | Empty page (consecutive=2)
2026-09-26 14:05:25 | INFO     | End of pagination (2 empty pages).
2026-09-26 14:05:25 | INFO     | Pagination done: 4000 items for 'works'.
2026-09-26 14:05:25 | INFO     | Pagination start: type='users' genre='art'.
2026-09-26 14:05:26 | INFO     | OK https://skeb.jp/api/users?sort=date&genre=art&offset=720&limit=90
2026-09-26 14:05:27 | INFO     | OK https://skeb.jp/api/users?sort=date&genre=art&offset=540&limit=90
2026-09-26 14:05:28 | INFO     | OK https://skeb.jp/api/users?sort=date&genre=art&offset=270&limit=90
2026-09-26 14:05:29 | INFO     | OK https://skeb.jp/api/users?sort=date&genre=art&offset=630&limit=90
2026-09-26 14:05:30 | INFO     | OK https://skeb.jp/api/users?sort=date&genre=art&offset=90&limit=90
2026-09-26 14:05:31 | INFO     | OK https://skeb.jp/api/users?sort=date&genre=art&offset=360&limit=90
2026-09-26 14:05:32 | INFO     | OK https://skeb.jp/api/users?sort=date&genre=art&offset=0&limit=90
2026-09-26 14:05:33 | INFO     | OK https://skeb.jp/api/users?sort=date&genre=art&offset=450&limit=90
2026-09-26 14:05:34 | INFO     | OK https://skeb.jp/api/users?sort=date&genre=art&offset=810&limit=90
2026-09-26 14:05:35 | INFO     | OK https://skeb.jp/api/users?sort=date&genre=art&offset=180&limit=90
2026-09-26 14:05:35 | INFO     | Empty page (consecutive=1)
2026-09-26 14:05:35 | INFO     | Empty page (consecutive=2)
2026-09-26 14:05:35 | INFO     | End of pagination (2 empty pages).
2026-09-26 14:05:35 | INFO     | Pagination done: 400 items for 'users'.
2026-09-26 14:05:35 | INFO     | Ready to scrape 3559 items
2026-09-26 14:05:36 | INFO     | OK https://skeb.jp/api/users/rinrinwolf
2026-09-26 14:05:36 | INFO     | Saving at a/skeb/rinrinwolf-7f09cd.json
2026-09-26 14:05:37 | INFO     | OK https://skeb.jp/api/users/AgohigeX
2026-09-26 14:05:37 | INFO     | Saving at a/skeb/AgohigeX-8731ff.json
2026-09-26 14:05:38 | INFO     | OK https://skeb.jp/api/users/DOW_suitable
2026-09-26 14:05:38 | INFO     | Saving at a/skeb/DOW_suitable-d2032f.json
2026-09-26 14:05:39 | INFO     | OK https://skeb.jp/api/users/68ta_
2026-09-26 14:05:39 | INFO     | Saving at a/skeb/68ta_-8c91b2.json
2026-09-26 14:05:40 | INFO     | OK https://skeb.jp/api/users/hamagur69200744
2026-09-26 14:05:40 | INFO     | Saving at a/skeb/hamagur69200744-dcdc92.json
2026-09-26 14:05:41 | INFO     | OK https://skeb.jp/api/users/gutterland
2026-09-26 14:05:41 | INFO     | Saving at a/skeb/gutterland-716020.json
2026-09-26 14:05:42 | INFO     | OK https://skeb.jp/api/users/4M4T0_0321
2026-09-26 14:05:42 | INFO     | Saving at a/skeb/4M4T0_0321-698daf.json
2026-09-26 14:05:43 | INFO     | OK https://skeb.jp/api/users/PeroPero_nico
2026-09-26 14:05:43 | INFO     | Saving at a/skeb/PeroPero_nico-383814.json
2026-09-26 14:05:44 | INFO     | OK https://skeb.jp/api/users/JokerLove
2026-09-26 14:05:44 | INFO     | Saving at a/skeb/JokerLove-baf979.json
2026-09-26 14:05:45 | INFO     | OK https://skeb.jp/api/users/yowa2momo
2026-09-26 14:05:45 | INFO     | Saving at a/skeb/yowa2momo-4cb394.json
2026-09-26 14:05:46 | INFO     | OK https://skeb.jp/api/users/yuuhagi
2026-09-26 14:05:46 | INFO     | Saving at a/skeb/yuuhagi-dc11f3.json
2026-09-26 14:05:47 | INFO     | OK https://skeb.jp/api/users/5doneshitai
2026-09-26 14:05:47 | INFO     | Saving at a/skeb/5doneshitai-820211.json
2026-09-26 14:05:48 | INFO     | OK https://skeb.jp/api/users/MKNK
2026-09-26 14:05:48 | INFO     | Saving at a/skeb/MKNK-9832ac.json
2026-09-26 14:05:49 | INFO     | OK https://skeb.jp/api/users/TOTOTOTO_TK
2026-09-26 14:05:49 | INFO     | Saving at a/skeb/TOTOTOTO_TK-c2acf9.json
2026-09-26 14:05:50 | INFO     | OK https://skeb.jp/api/users/potikawauowou
2026-09-26 14:05:50 | INFO     | Saving at a/skeb/potikawauowou-9ad5ce.json
2026-09-26 14:05:51 | INFO     | OK https://skeb.jp/api/users/aaarx73128
2026-09-26 14:05:51 | INFO     | Saving at a/skeb/aaarx73128-2cab04.json
2026-09-26 14:05:52 | INFO     | OK https://skeb.jp/api/users/3Jjbn
2026-09-26 14:05:52 | INFO     | Saving at a/skeb/3Jjbn-32d431.json
2026-09-26 14:05:53 | INFO     | OK https://skeb.jp/api/users/aXZLLIPh6p
2026-09-26 14:05:53 | INFO     | Saving at a/skeb/aXZLLIPh6p-5b4e02.json
2026-09-26 14:05:54 | INFO     | OK https://skeb.jp/api/users/haijiru334
2026-09-26 14:05:54 | INFO     | Saving at a/skeb/haijiru334-ddb9eb.json
2026-09-26 14:05:55 | INFO     | OK https://skeb.jp/api/users/sigu00112
2026-09-26 14:05:55 | INFO     | Saving at a/skeb/sigu00112-f7c158.json
2026-09-26 14:05:56 | INFO     | OK https://skeb.jp/api/users/mono_tomeoO
2026-09-26 14:05:56 | INFO     | Saving at a/skeb/mono_tomeoO-0c97b3.json
2026-09-26 14:05:57 | INFO     | OK https://skeb.jp/api/users/nnx_u_
2026-09-26 14:05:57 | INFO     | Saving at a/skeb/nnx_u_-ef929c.json
2026-09-26 14:05:58 | INFO     | OK https://skeb.jp/api/users/SgrkTr_tk4
2026-09-26 14:05:58 | INFO     | Saving at a/skeb/SgrkTr_tk4-8dbf8b.json
2026-09-26 14:05:59 | INFO     | OK https://skeb.jp/api/users/666soul_s
2026-09-26 14:05:59 | INFO     | Saving at a/skeb/666soul_s-12f50d.json
2026-09-26 14:06:00 | INFO     | OK https://skeb.jp/api/users/songsong
2026-09-26 14:06:00 | INFO     | Saving at a/skeb/songsong-e89fe2.json
2026-09-26 14:06:01 | INFO     | OK https://skeb.jp/api/users/_4nne1_
2026-09-26 14:06:01 | INFO     | Saving at a/skeb/_4nne1_-839f6c.json
2026-09-26 14:06:02 | INFO     | OK https://skeb.jp/api/users/kana_fgo_be
2026-09-26 14:06:02 | INFO     | Saving at a/skeb/kana_fgo_be-192b46.json
2026-09-26 14:06:03 | INFO     | OK https://skeb.jp/api/users/hamuneko_0509
2026-09-26 14:06:03 | INFO     | Saving at a/skeb/hamuneko_0509-cb28b9.json
2026-09-26 14:06:04 | INFO     | OK https://skeb.jp/api/users/Baa_runrun_
2026-09-26 14:06:04 | INFO     | Saving at a/skeb/Baa_runrun_-2b33d2.json
2026-09-26 14:06:05 | INFO     | OK https://skeb.jp/api/users/uUmxvmzLrR
2026-09-26 14:06:05 | INFO     | Saving at a/skeb/uUmxvmzLrR-ef1440.json
2026-09-26 14:06:06 | INFO     | OK https://skeb.jp/api/users/ylotlalSsulc7lI
2026-09-26 14:06:06 | INFO     | Saving at a/skeb/ylotlalSsulc7lI-791023.json
2026-09-26 14:06:07 | INFO     | OK https://skeb.jp/api/users/NaEgisthos
2026-09-26 14:06:07 | INFO     | Saving at a/skeb/NaEgisthos-ba2b5e.json
2026-09-26 14:06:08 | INFO     | OK https://skeb.jp/api/users/yasutami86
2026-09-26 14:06:08 | INFO     | Saving at a/skeb/yasutami86-c04c15.json
2026-09-26 14:06:09 | INFO     | OK https://skeb.jp/api/users/dega1028
2026-09-26 14:06:09 | INFO     | Saving at a/skeb/dega1028-6d3fe9.json
2026-09-26 14:06:10 | INFO     | OK https://skeb.jp/api/users/jYwKVZElUZdTz2i
2026-09-26 14:06:10 | INFO     | Saving at a/skeb/jYwKVZElUZdTz2i-508430.json
2026-09-26 14:06:11 | INFO     | OK https://skeb.jp/api/users/whiteautumnsiki
2026-09-26 14:06:11 | INFO     | Saving at a/skeb/whiteautumnsiki-fe9eb4.json
2026-09-26 14:06:12 | INFO     | OK https://skeb.jp/api/users/monookimon
2026-09-26 14:06:12 | INFO     | Saving at a/skeb/monookimon-360088.json
2026-09-26 14:06:13 | INFO     | OK https://skeb.jp/api/users/botabota_mocchi
2026-09-26 14:06:13 | INFO     | Saving at a/skeb/botabota_mocchi-bd7165.json
2026-09-26 14:06:14 | INFO     | OK https://skeb.jp/api/users/9so3go
2026-09-26 14:06:14 | INFO     | Saving at a/skeb/9so3go-a14416.json
2026-09-26 14:06:15 | INFO     | OK https://skeb.jp/api/users/Kento072
2026-09-26 14:06:15 | INFO     | Saving at a/skeb/Kento072-91c0f9.json
2026-09-26 14:06:16 | INFO     | OK https://skeb.jp/api/users/2rukinokinoki
2026-09-26 14:06:16 | INFO     | Saving at a/skeb/2rukinokinoki-731724.json
2026-09-26 14:06:17 | INFO     | OK https://skeb.jp/api/users/middori_00
2026-09-26 14:06:17 | INFO     | Saving at a/skeb/middori_00-03933c.json
2026-09-26 14:06:18 | INFO     | OK https://skeb.jp/api/users/Ch_iA_Ki
2026-09-26 14:06:18 | INFO     | Saving at a/skeb/Ch_iA_Ki-e477dd.json
2026-09-26 14:06:19 | INFO     | OK https://skeb.jp/api/users/TENPPPdesu
2026-09-26 14:06:19 | INFO     | Saving at a/skeb/TENPPPdesu-829463.json
2026-09-26 14:06:20 | INFO     | OK https://skeb.jp/api/users/F97Dy
2026-09-26 14:06:20 | INFO     | Saving at a/skeb/F97Dy-f6d69a.json
2026-09-26 14:06:21 | INFO     | OK https://skeb.jp/api/users/uto_o0o0
2026-09-26 14:06:21 | INFO     | Saving at a/skeb/uto_o0o0-79dab4.json
2026-09-26 14:06:22 | INFO     | OK https://skeb.jp/api/users/monobe_yuri
2026-09-26 14:06:22 | INFO     | Saving at a/skeb/monobe_yuri-dabdf5.json
2026-09-26 14:06:23 | INFO     | OK https://skeb.jp/api/users/ababa_aba12
2026-09-26 14:06:23 | INFO     | Saving at a/skeb/ababa_aba12-e2e94c.json
2026-09-26 14:06:24 | INFO     | OK https://skeb.jp/api/users/sohdvh_Khos_ph
2026-09-26 14:06:24 | INFO     | Saving at a/skeb/sohdvh_Khos_ph-d00759.json
2026-09-26 14:06:25 | INFO     | OK https://skeb.jp/api/users/OGGY_YOKOHAMA
2026-09-26 14:06:25 | INFO     | Saving at a/skeb/OGGY_YOKOHAMA-86782d.json
2026-09-26 14:06:26 | INFO     | OK https://skeb.jp/api/users/72kawakita
2026-09-26 14:06:26 | INFO     | Saving at a/skeb/72kawakita-540a38.json
2026-09-26 14:06:27 | INFO     | OK https://skeb.jp/api/users/Yuzukawa_Ryo
2026-09-26 14:06:27 | INFO     | Saving at a/skeb/Yuzukawa_Ryo-321c99.json
2026-09-26 14:06:28 | INFO     | OK https://skeb.jp/api/users/i5LbUvHI1cAJXEZ
2026-09-26 14:06:28 | INFO     | Saving at a/skeb/i5LbUvHI1cAJXEZ-614b90.json
2026-09-26 14:06:29 | INFO     | OK https://skeb.jp/api/users/askmhome51
2026-09-26 14:06:29 | INFO     | Saving at a/skeb/askmhome51-efa5ac.json
2026-09-26 14:06:30 | INFO     | OK https://skeb.jp/api/users/quartet888
2026-09-26 14:06:30 | INFO     | Saving at a/skeb/quartet888-da9fd5.json
2026-09-26 14:06:31 | INFO     | OK https://skeb.jp/api/users/oya_oya_18
2026-09-26 14:06:31 | INFO     | Saving at a/skeb/oya_oya_18-b9c5fe.json
2026-09-26 14:06:32 | INFO     | OK https://skeb.jp/api/users/onyo_020
2026-09-26 14:06:32 | INFO     | Saving at a/skeb/onyo_020-8e3f6f.json
2026-09-26 14:06:33 | INFO     | OK https://skeb.jp/api/users/RIP_U0x0U
2026-09-26 14:06:33 | INFO     | Saving at a/skeb/RIP_U0x0U-281186.json
2026-09-26 14:06:34 | INFO     | OK https://skeb.jp/api/users/sato310_
2026-09-26 14:06:34 | INFO     | Saving at a/skeb/sato310_-62a797.json
2026-09-26 14:06:35 | INFO     | OK https://skeb.jp/api/users/ss___a__
2026-09-26 14:06:35 | INFO     | Saving at a/skeb/ss___a__-658b86.json
2026-09-26 14:06:36 | INFO     | OK https://skeb.jp/api/users/ututuuu_0101
2026-09-26 14:06:36 | INFO     | Saving at a/skeb/ututuuu_0101-1017c1.json
2026-09-26 14:06:37 | INFO     | OK https://skeb.jp/api/users/fusemaruchanlabo
2026-09-26 14:06:37 | INFO     | Saving at a/skeb/fusemaruchanlabo-ef600a.json
2026-09-26 14:06:38 | INFO     | OK https://skeb.jp/api/users/nananananahush1
2026-09-26 14:06:38 | INFO     | Saving at a/skeb/nananananahush1-11f2ff.json
2026-09-26 14:06:39 | INFO     | OK https://skeb.jp/api/users/yururi_meow
2026-09-26 14:06:39 | INFO     | Saving at a/skeb/yururi_meow-0c455f.json
2026-09-26 14:06:40 | INFO     | OK https://skeb.jp/api/users/akai_c5
2026-09-26 14:06:40 | INFO     | Saving at a/skeb/akai_c5-209e6b.json
2026-09-26 14:06:41 | INFO     | OK https://skeb.jp/api/users/nyohehe924
2026-09-26 14:06:41 | INFO     | Saving at a/skeb/nyohehe924-8cd390.json
2026-09-26 14:06:42 | INFO     | OK https://skeb.jp/api/users/v_1ne
2026-09-26 14:06:42 | INFO     | Saving at a/skeb/v_1ne-ca9cce.json
2026-09-26 14:06:43 | INFO     | OK https://skeb.jp/api/users/TdragonO_1011
2026-09-26 14:06:43 | INFO     | Saving at a/skeb/TdragonO_1011-e2c3a2.json
2026-09-26 14:06:44 | INFO     | OK https://skeb.jp/api/users/y_vdo
2026-09-26 14:06:44 | INFO     | Saving at a/skeb/y_vdo-3600ee.json
2026-09-26 14:06:45 | INFO     | OK https://skeb.jp/api/users/CYOBIRO
2026-09-26 14:06:45 | INFO     | Saving at a/skeb/CYOBIRO-772aa9.json
2026-09-26 14:06:46 | INFO     | OK https://skeb.jp/api/users/HetaleArts
2026-09-26 14:06:46 | INFO     | Saving at a/skeb/HetaleArts-495b70.json
2026-09-26 14:06:47 | INFO     | OK https://skeb.jp/api/users/setomocco
2026-09-26 14:06:47 | INFO     | Saving at a/skeb/setomocco-f5bf75.json
2026-09-26 14:06:48 | INFO     | OK https://skeb.jp/api/users/f55295
2026-09-26 14:06:48 | INFO     | Saving at a/skeb/f55295-ae7b00.json
2026-09-26 14:06:49 | INFO     | OK https://skeb.jp/api/users/syogosuko_TRPG
2026-09-26 14:06:49 | INFO     | Saving at a/skeb/syogosuko_TRPG-200650.json
2026-09-26 14:06:50 | INFO     | OK https://skeb.jp/api/users/mineralupokka
2026-09-26 14:06:50 | INFO     | Saving at a/skeb/mineralupokka-2f15ff.json
2026-09-26 14:06:51 | INFO     | OK https://skeb.jp/api/users/motiCHIKUWA
2026-09-26 14:06:51 | INFO     | Saving at a/skeb/motiCHIKUWA-9118a8.json
2026-09-26 14:06:52 | INFO     | OK https://skeb.jp/api/users/situkwiyd
2026-09-26 14:06:52 | INFO     | Saving at a/skeb/situkwiyd-c99e37.json
2026-09-26 14:06:53 | INFO     | OK https://skeb.jp/api/users/tibenoidu
2026-09-26 14:06:53 | INFO     | Saving at a/skeb/tibenoidu-7e94b1.json
2026-09-26 14:06:54 | INFO     | OK https://skeb.jp/api/users/029_t0r1
2026-09-26 14:06:54 | INFO     | Saving at a/skeb/029_t0r1-9df8e5.json
2026-09-26 14:06:55 | INFO     | OK https://skeb.jp/api/users/o__nk_
2026-09-26 14:06:55 | INFO     | Saving at a/skeb/o__nk_-7a512c.json
2026-09-26 14:06:56 | INFO     | OK https://skeb.jp/api/users/PwgP6_tomato
2026-09-26 14:06:56 | INFO     | Saving at a/skeb/PwgP6_tomato-831c46.json
2026-09-26 14:06:57 | INFO     | OK https://skeb.jp/api/users/UI31U_
2026-09-26 14:06:57 | INFO     | Saving at a/skeb/UI31U_-17621c.json
2026-09-26 14:06:58 | INFO     | OK https://skeb.jp/api/users/uuuusatama
2026-09-26 14:06:58 | INFO     | Saving at a/skeb/uuuusatama-88bef8.json
2026-09-26 14:06:59 | INFO     | OK https://skeb.jp/api/users/m_o0
2026-09-26 14:06:59 | INFO     | Saving at a/skeb/m_o0-3e57d5.json
2026-09-26 14:07:00 | INFO     | OK https://skeb.jp/api/users/MinazukiAmayo
2026-09-26 14:07:00 | INFO     | Saving at a/skeb/MinazukiAmayo-9b8a7a.json
2026-09-26 14:07:01 | INFO     | OK https://skeb.jp/api/users/2ljh_mosunosuke
2026-09-26 14:07:01 | INFO     | Saving at a/skeb/2ljh_mosunosuke-5091ae.json
2026-09-26 14:07:02 | INFO     | OK https://skeb.jp/api/users/NIKU_KUEYO
2026-09-26 14:07:02 | INFO     | Saving at a/skeb/NIKU_KUEYO-776daa.json
2026-09-26 14:07:03 | INFO     | OK https://skeb.jp/api/users/UlonoT0
2026-09-26 14:07:03 | INFO     | Saving at a/skeb/UlonoT0-f753e6.json
2026-09-26 14:07:04 | INFO     | OK https://skeb.jp/api/users/a0_0san
2026-09-26 14:07:04 | INFO     | Saving at a/skeb/a0_0san-670ad5.json
2026-09-26 14:07:05 | INFO     | OK https://skeb.jp/api/users/Canna_onescent
2026-09-26 14:07:05 | INFO     | Saving at a/skeb/Canna_onescent-e5e316.json
2026-09-26 14:07:06 | INFO     | OK https://skeb.jp/api/users/otototamago
2026-09-26 14:07:06 | INFO     | Saving at a/skeb/otototamago-ceac51.json
2026-09-26 14:07:07 | INFO     | OK https://skeb.jp/api/users/inui_kayo
2026-09-26 14:07:07 | INFO     | Saving at a/skeb/inui_kayo-271a22.json
2026-09-26 14:07:08 | INFO     | OK https://skeb.jp/api/users/vwzrfj
2026-09-26 14:07:08 | INFO     | Saving at a/skeb/vwzrfj-112171.json
2026-09-26 14:07:09 | INFO     | OK https://skeb.jp/api/users/nekketuo
2026-09-26 14:07:09 | INFO     | Saving at a/skeb/nekketuo-3003d0.json
2026-09-26 14:07:10 | INFO     | OK https://skeb.jp/api/users/aoproo
2026-09-26 14:07:10 | INFO     | Saving at a/skeb/aoproo-28c280.json
2026-09-26 14:07:11 | INFO     | OK https://skeb.jp/api/users/foxx
2026-09-26 14:07:11 | INFO     | Saving at a/skeb/foxx-f1e8f1.json
2026-09-26 14:07:12 | INFO     | OK https://skeb.jp/api/users/meiyuri0405
2026-09-26 14:07:12 | INFO     | Saving at a/skeb/meiyuri0405-456883.json
2026-09-26 14:07:13 | INFO     | OK https://skeb.jp/api/users/guruminn
2026-09-26 14:07:13 | INFO     | Saving at a/skeb/guruminn-f1f310.json
2026-09-26 14:07:14 | INFO     | OK https://skeb.jp/api/users/8686omochi_
2026-09-26 14:07:14 | INFO     | Saving at a/skeb/8686omochi_-f7847d.json
2026-09-26 14:07:15 | INFO     | OK https://skeb.jp/api/users/choko_ki
2026-09-26 14:07:15 | INFO     | Saving at a/skeb/choko_ki-75c81e.json
2026-09-26 14:07:16 | INFO     | OK https://skeb.jp/api/users/morikontan
2026-09-26 14:07:16 | INFO     | Saving at a/skeb/morikontan-f8ff58.json
2026-09-26 14:07:17 | INFO     | OK https://skeb.jp/api/users/torachii_
2026-09-26 14:07:17 | INFO     | Saving at a/skeb/torachii_-4fa539.json
2026-09-26 14:07:18 | INFO     | OK https://skeb.jp/api/users/Foulo_paints
2026-09-26 14:07:18 | INFO     | Saving at a/skeb/Foulo_paints-cb267f.json
2026-09-26 14:07:19 | INFO     | OK https://skeb.jp/api/users/makisenatori
2026-09-26 14:07:19 | INFO     | Saving at a/skeb/makisenatori-3b139a.json
2026-09-26 14:07:20 | INFO     | OK https://skeb.jp/api/users/kuranashibon
2026-09-26 14:07:20 | INFO     | Saving at a/skeb/kuranashibon-eef623.json
2026-09-26 14:07:21 | INFO     | OK https://skeb.jp/api/users/iv4knight
2026-09-26 14:07:21 | INFO     | Saving at a/skeb/iv4knight-a8193d.json
2026-09-26 14:07:22 | INFO     | OK https://skeb.jp/api/users/coconeeeco
2026-09-26 14:07:22 | INFO     | Saving at a/skeb/coconeeeco-743581.json
2026-09-26 14:07:23 | INFO     | OK https://skeb.jp/api/users/7mmchan
2026-09-26 14:07:23 | INFO     | Saving at a/skeb/7mmchan-7bc35b.json
2026-09-26 14:07:24 | INFO     | OK https://skeb.jp/api/users/hawawa_chann
2026-09-26 14:07:24 | INFO     | Saving at a/skeb/hawawa_chann-d286f4.json
2026-09-26 14:07:25 | INFO     | OK https://skeb.jp/api/users/toromix2
2026-09-26 14:07:25 | INFO     | Saving at a/skeb/toromix2-05e39a.json
2026-09-26 14:07:26 | INFO     | OK https://skeb.jp/api/users/mypia44858
2026-09-26 14:07:26 | INFO     | Saving at a/skeb/mypia44858-2d6d8f.json
2026-09-26 14:07:27 | INFO     | OK https://skeb.jp/api/users/tamusubi
2026-09-26 14:07:27 | INFO     | Saving at a/skeb/tamusubi-4b8b74.json
2026-09-26 14:07:28 | INFO     | OK https://skeb.jp/api/users/VariA_Kimagure
2026-09-26 14:07:28 | INFO     | Saving at a/skeb/VariA_Kimagure-6d64be.json
2026-09-26 14:07:29 | INFO     | OK https://skeb.jp/api/users/magutani2
2026-09-26 14:07:29 | INFO     | Saving at a/skeb/magutani2-a3050d.json
2026-09-26 14:07:30 | INFO     | OK https://skeb.jp/api/users/nutori_manga
2026-09-26 14:07:30 | INFO     | Saving at a/skeb/nutori_manga-924ba1.json
2026-09-26 14:07:31 | INFO     | OK https://skeb.jp/api/users/k_www_com
2026-09-26 14:07:31 | INFO     | Saving at a/skeb/k_www_com-a302fc.json
2026-09-26 14:07:32 | INFO     | OK https://skeb.jp/api/users/nobunagapero
2026-09-26 14:07:32 | INFO     | Saving at a/skeb/nobunagapero-c996fb.json
2026-09-26 14:07:33 | INFO     | OK https://skeb.jp/api/users/yomogui__trpg
2026-09-26 14:07:33 | INFO     | Saving at a/skeb/yomogui__trpg-d5a722.json
2026-09-26 14:07:34 | INFO     | OK https://skeb.jp/api/users/nekoda_takana
2026-09-26 14:07:34 | INFO     | Saving at a/skeb/nekoda_takana-b33da6.json
2026-09-26 14:07:35 | INFO     | OK https://skeb.jp/api/users/pepeto
2026-09-26 14:07:35 | INFO     | Saving at a/skeb/pepeto-a92c8a.json
2026-09-26 14:07:36 | INFO     | OK https://skeb.jp/api/users/matukituneAtto
2026-09-26 14:07:36 | INFO     | Saving at a/skeb/matukituneAtto-0c1af4.json
2026-09-26 14:07:37 | INFO     | OK https://skeb.jp/api/users/kujiran
2026-09-26 14:07:37 | INFO     | Saving at a/skeb/kujiran-a55907.json
2026-09-26 14:07:38 | INFO     | OK https://skeb.jp/api/users/hungrymom
2026-09-26 14:07:38 | INFO     | Saving at a/skeb/hungrymom-e94a14.json
2026-09-26 14:07:39 | INFO     | OK https://skeb.jp/api/users/tecco_15
2026-09-26 14:07:39 | INFO     | Saving at a/skeb/tecco_15-d3de03.json
2026-09-26 14:07:40 | INFO     | OK https://skeb.jp/api/users/FdrtnToilet_093
2026-09-26 14:07:40 | INFO     | Saving at a/skeb/FdrtnToilet_093-8a9f51.json
2026-09-26 14:07:41 | INFO     | OK https://skeb.jp/api/users/MKMK_915
2026-09-26 14:07:41 | INFO     | Saving at a/skeb/MKMK_915-f57bec.json
2026-09-26 14:07:42 | INFO     | OK https://skeb.jp/api/users/Cya_k0
2026-09-26 14:07:42 | INFO     | Saving at a/skeb/Cya_k0-f9863d.json
2026-09-26 14:07:43 | INFO     | OK https://skeb.jp/api/users/uni_uryou
2026-09-26 14:07:43 | INFO     | Saving at a/skeb/uni_uryou-27b1cf.json
2026-09-26 14:07:44 | INFO     | OK https://skeb.jp/api/users/osorosiya_21
2026-09-26 14:07:44 | INFO     | Saving at a/skeb/osorosiya_21-60fe57.json
2026-09-26 14:07:45 | INFO     | OK https://skeb.jp/api/users/momoirdenbu
2026-09-26 14:07:45 | INFO     | Saving at a/skeb/momoirdenbu-5f02d0.json
2026-09-26 14:07:46 | INFO     | OK https://skeb.jp/api/users/baburori
2026-09-26 14:07:46 | INFO     | Saving at a/skeb/baburori-c0fd22.json
2026-09-26 14:07:47 | INFO     | OK https://skeb.jp/api/users/ichikiro_trpg
2026-09-26 14:07:47 | INFO     | Saving at a/skeb/ichikiro_trpg-642833.json
2026-09-26 14:07:48 | INFO     | OK https://skeb.jp/api/users/Universalgyoza
2026-09-26 14:07:48 | INFO     | Saving at a/skeb/Universalgyoza-f7dff6.json
2026-09-26 14:07:49 | INFO     | OK https://skeb.jp/api/users/saiminsuraimb
2026-09-26 14:07:49 | INFO     | Saving at a/skeb/saiminsuraimb-6e82f6.json
2026-09-26 14:07:50 | INFO     | OK https://skeb.jp/api/users/Martin_048
2026-09-26 14:07:50 | INFO     | Saving at a/skeb/Martin_048-d1090d.json
2026-09-26 14:07:51 | INFO     | OK https://skeb.jp/api/users/Daisonzisedai
2026-09-26 14:07:51 | INFO     | Saving at a/skeb/Daisonzisedai-8a5b02.json
2026-09-26 14:07:52 | INFO     | OK https://skeb.jp/api/users/jin_morisono
2026-09-26 14:07:52 | INFO     | Saving at a/skeb/jin_morisono-ce12fa.json
2026-09-26 14:07:53 | INFO     | OK https://skeb.jp/api/users/shuri2
2026-09-26 14:07:53 | INFO     | Saving at a/skeb/shuri2-6dd41d.json
2026-09-26 14:07:54 | INFO     | OK https://skeb.jp/api/users/Soraa0830
2026-09-26 14:07:54 | INFO     | Saving at a/skeb/Soraa0830-cfdecd.json
2026-09-26 14:07:55 | INFO     | OK https://skeb.jp/api/users/AZ84997592
2026-09-26 14:07:55 | INFO     | Saving at a/skeb/AZ84997592-8d6dc5.json
2026-09-26 14:07:56 | INFO     | OK https://skeb.jp/api/users/nxauto
2026-09-26 14:07:56 | INFO     | Saving at a/skeb/nxauto-eead86.json
2026-09-26 14:07:57 | INFO     | OK https://skeb.jp/api/users/origami_1008
2026-09-26 14:07:57 | INFO     | Saving at a/skeb/origami_1008-3afac9.json
2026-09-26 14:07:58 | INFO     | OK https://skeb.jp/api/users/hihiirokane_m
2026-09-26 14:07:58 | INFO     | Saving at a/skeb/hihiirokane_m-0d5091.json
2026-09-26 14:07:59 | INFO     | OK https://skeb.jp/api/users/kurona
2026-09-26 14:07:59 | INFO     | Saving at a/skeb/kurona-469857.json
2026-09-26 14:08:00 | INFO     | OK https://skeb.jp/api/users/kaieda_h
2026-09-26 14:08:00 | INFO     | Saving at a/skeb/kaieda_h-9c3cd7.json
2026-09-26 14:08:01 | INFO     | OK https://skeb.jp/api/users/AMIk0824
2026-09-26 14:08:01 | INFO     | Saving at a/skeb/AMIk0824-1b2322.json
2026-09-26 14:08:02 | INFO     | OK https://skeb.jp/api/users/act_partner
2026-09-26 14:08:02 | INFO     | Saving at a/skeb/act_partner-fd189e.json
2026-09-26 14:08:03 | INFO     | OK https://skeb.jp/api/users/ash801114
2026-09-26 14:08:03 | INFO     | Saving at a/skeb/ash801114-07a76b.json
2026-09-26 14:08:04 | INFO     | OK https://skeb.jp/api/users/tatsupokopon
2026-09-26 14:08:04 | INFO     | Saving at a/skeb/tatsupokopon-70c595.json
2026-09-26 14:08:05 | INFO     | OK https://skeb.jp/api/users/Karaba_nea
2026-09-26 14:08:05 | INFO     | Saving at a/skeb/Karaba_nea-cbf3e8.json
2026-09-26 14:08:06 | INFO     | OK https://skeb.jp/api/users/KONSAI_2
2026-09-26 14:08:06 | INFO     | Saving at a/skeb/KONSAI_2-0f9616.json
2026-09-26 14:08:07 | INFO     | OK https://skeb.jp/api/users/SNyusankin
2026-09-26 14:08:07 | INFO     | Saving at a/skeb/SNyusankin-de8683.json
2026-09-26 14:08:08 | INFO     | OK https://skeb.jp/api/users/ochatoissho
2026-09-26 14:08:08 | INFO     | Saving at a/skeb/ochatoissho-4c7cdb.json
2026-09-26 14:08:09 | INFO     | OK https://skeb.jp/api/users/shigunya
2026-09-26 14:08:09 | INFO     | Saving at a/skeb/shigunya-4aa710.json
2026-09-26 14:08:10 | INFO     | OK https://skeb.jp/api/users/oinuchaaan2
2026-09-26 14:08:10 | INFO     | Saving at a/skeb/oinuchaaan2-4e770e.json
2026-09-26 14:08:11 | INFO     | OK https://skeb.jp/api/users/rokuju_nanaban
2026-09-26 14:08:11 | INFO     | Saving at a/skeb/rokuju_nanaban-8bb129.json
2026-09-26 14:08:12 | INFO     | OK https://skeb.jp/api/users/halllu
2026-09-26 14:08:12 | INFO     | Saving at a/skeb/halllu-6195af.json
2026-09-26 14:08:13 | INFO     | OK https://skeb.jp/api/users/ykhs_92
2026-09-26 14:08:13 | INFO     | Saving at a/skeb/ykhs_92-91aeac.json
2026-09-26 14:08:14 | INFO     | OK https://skeb.jp/api/users/hukasigi_nayuta
2026-09-26 14:08:14 | INFO     | Saving at a/skeb/hukasigi_nayuta-088f56.json
2026-09-26 14:08:15 | INFO     | OK https://skeb.jp/api/users/nejirehifumi
2026-09-26 14:08:15 | INFO     | Saving at a/skeb/nejirehifumi-61e24f.json
2026-09-26 14:08:16 | INFO     | OK https://skeb.jp/api/users/NatuHiro07
2026-09-26 14:08:16 | INFO     | Saving at a/skeb/NatuHiro07-74ebde.json
2026-09-26 14:08:17 | INFO     | OK https://skeb.jp/api/users/0_0_x_x_0_0v
2026-09-26 14:08:17 | INFO     | Saving at a/skeb/0_0_x_x_0_0v-8c069c.json
2026-09-26 14:08:18 | INFO     | OK https://skeb.jp/api/users/gomi8931
2026-09-26 14:08:18 | INFO     | Saving at a/skeb/gomi8931-6f0352.json
2026-09-26 14:08:19 | INFO     | OK https://skeb.jp/api/users/CMR_0723
2026-09-26 14:08:19 | INFO     | Saving at a/skeb/CMR_0723-7a3ac1.json
2026-09-26 14:08:20 | INFO     | OK https://skeb.jp/api/users/RinMix0
2026-09-26 14:08:20 | INFO     | Saving at a/skeb/RinMix0-003e9c.json
2026-09-26 14:08:21 | INFO     | OK https://skeb.jp/api/users/oromnt
2026-09-26 14:08:21 | INFO     | Saving at a/skeb/oromnt-775ebf.json
2026-09-26 14:08:22 | INFO     | OK https://skeb.jp/api/users/kawam0_
2026-09-26 14:08:22 | INFO     | Saving at a/skeb/kawam0_-749753.json
2026-09-26 14:08:23 | INFO     | OK https://skeb.jp/api/users/anidler91
2026-09-26 14:08:23 | INFO     | Saving at a/skeb/anidler91-d68fc3.json
2026-09-26 14:08:24 | INFO     | OK https://skeb.jp/api/users/tomoru_c1
2026-09-26 14:08:24 | INFO     | Saving at a/skeb/tomoru_c1-f2dd9b.json
2026-09-26 14:08:25 | INFO     | OK https://skeb.jp/api/users/Y_hukka
2026-09-26 14:08:25 | INFO     | Saving at a/skeb/Y_hukka-794c9a.json
2026-09-26 14:08:26 | INFO     | OK https://skeb.jp/api/users/70da_s
2026-09-26 14:08:26 | INFO     | Saving at a/skeb/70da_s-16dd38.json
2026-09-26 14:08:27 | INFO     | OK https://skeb.jp/api/users/asash0u0
2026-09-26 14:08:27 | INFO     | Saving at a/skeb/asash0u0-8d1c03.json
2026-09-26 14:08:28 | INFO     | OK https://skeb.jp/api/users/junandkuu1
2026-09-26 14:08:28 | INFO     | Saving at a/skeb/junandkuu1-27f5e3.json
2026-09-26 14:08:29 | INFO     | OK https://skeb.jp/api/users/misakura_runa
2026-09-26 14:08:29 | INFO     | Saving at a/skeb/misakura_runa-54a84b.json
2026-09-26 14:08:30 | INFO     | OK https://skeb.jp/api/users/Daaaaaaaaai3
2026-09-26 14:08:30 | INFO     | Saving at a/skeb/Daaaaaaaaai3-aad350.json
2026-09-26 14:08:31 | INFO     | OK https://skeb.jp/api/users/bansyo31
2026-09-26 14:08:31 | INFO     | Saving at a/skeb/bansyo31-363de8.json
2026-09-26 14:08:32 | INFO     | OK https://skeb.jp/api/users/Sodamamejiru
2026-09-26 14:08:32 | INFO     | Saving at a/skeb/Sodamamejiru-857e02.json
2026-09-26 14:08:33 | INFO     | OK https://skeb.jp/api/users/1towokashi
2026-09-26 14:08:33 | INFO     | Saving at a/skeb/1towokashi-ad0bad.json
2026-09-26 14:08:34 | INFO     | OK https://skeb.jp/api/users/kumonon
2026-09-26 14:08:34 | INFO     | Saving at a/skeb/kumonon-7af21a.json
2026-09-26 14:08:35 | INFO     | OK https://skeb.jp/api/users/Rael_elle72
2026-09-26 14:08:35 | INFO     | Saving at a/skeb/Rael_elle72-e5509b.json
2026-09-26 14:08:36 | INFO     | OK https://skeb.jp/api/users/5modj
2026-09-26 14:08:36 | INFO     | Saving at a/skeb/5modj-e1f417.json
2026-09-26 14:08:37 | INFO     | OK https://skeb.jp/api/users/YureiChanSub
2026-09-26 14:08:37 | INFO     | Saving at a/skeb/YureiChanSub-6c2945.json
2026-09-26 14:08:38 | INFO     | OK https://skeb.jp/api/users/jitumuda0523
2026-09-26 14:08:38 | INFO     | Saving at a/skeb/jitumuda0523-059159.json
2026-09-26 14:08:39 | INFO     | OK https://skeb.jp/api/users/mahit0
2026-09-26 14:08:39 | INFO     | Saving at a/skeb/mahit0-140231.json
2026-09-26 14:08:40 | INFO     | OK https://skeb.jp/api/users/ringokuro999
2026-09-26 14:08:40 | INFO     | Saving at a/skeb/ringokuro999-6455f2.json
2026-09-26 14:08:41 | INFO     | OK https://skeb.jp/api/users/MEKEpocopoco
2026-09-26 14:08:41 | INFO     | Saving at a/skeb/MEKEpocopoco-0de5b0.json
2026-09-26 14:08:42 | INFO     | OK https://skeb.jp/api/users/SeiranAichi
2026-09-26 14:08:42 | INFO     | Saving at a/skeb/SeiranAichi-e4884e.json
2026-09-26 14:08:43 | INFO     | OK https://skeb.jp/api/users/halufiysuperstar
2026-09-26 14:08:43 | INFO     | Saving at a/skeb/halufiysuperstar-6f2990.json
2026-09-26 14:08:44 | INFO     | OK https://skeb.jp/api/users/n_harumachi
2026-09-26 14:08:44 | INFO     | Saving at a/skeb/n_harumachi-77b8b9.json
2026-09-26 14:08:45 | INFO     | OK https://skeb.jp/api/users/lily__dog_
2026-09-26 14:08:45 | INFO     | Saving at a/skeb/lily__dog_-415cb5.json
2026-09-26 14:08:46 | INFO     | OK https://skeb.jp/api/users/mochix2618
2026-09-26 14:08:46 | INFO     | Saving at a/skeb/mochix2618-7b4d86.json
2026-09-26 14:08:47 | INFO     | OK https://skeb.jp/api/users/ratemodoki
2026-09-26 14:08:47 | INFO     | Saving at a/skeb/ratemodoki-9835ec.json
2026-09-26 14:08:48 | INFO     | OK https://skeb.jp/api/users/gumi0gumi
2026-09-26 14:08:48 | INFO     | Saving at a/skeb/gumi0gumi-6216a7.json
2026-09-26 14:08:49 | INFO     | OK https://skeb.jp/api/users/anything_knock
2026-09-26 14:08:49 | INFO     | Saving at a/skeb/anything_knock-4dae46.json
2026-09-26 14:08:50 | INFO     | OK https://skeb.jp/api/users/Colon_BR
2026-09-26 14:08:50 | INFO     | Saving at a/skeb/Colon_BR-2081b8.json
2026-09-26 14:08:51 | INFO     | OK https://skeb.jp/api/users/ARNUSI
2026-09-26 14:08:51 | INFO     | Saving at a/skeb/ARNUSI-2e3fe6.json
2026-09-26 14:08:52 | INFO     | OK https://skeb.jp/api/users/miuki87
2026-09-26 14:08:52 | INFO     | Saving at a/skeb/miuki87-74b8dd.json
2026-09-26 14:08:53 | INFO     | OK https://skeb.jp/api/users/imawanokiwa333
2026-09-26 14:08:53 | INFO     | Saving at a/skeb/imawanokiwa333-f85174.json
2026-09-26 14:08:54 | INFO     | OK https://skeb.jp/api/users/sakana_0106
2026-09-26 14:08:54 | INFO     | Saving at a/skeb/sakana_0106-47eaf2.json
2026-09-26 14:08:55 | INFO     | OK https://skeb.jp/api/users/hutaAji
2026-09-26 14:08:55 | INFO     | Saving at a/skeb/hutaAji-d31868.json
2026-09-26 14:08:56 | INFO     | OK https://skeb.jp/api/users/maru_miya_21_
2026-09-26 14:08:56 | INFO     | Saving at a/skeb/maru_miya_21_-41cbec.json
2026-09-26 14:08:57 | INFO     | OK https://skeb.jp/api/users/yukiyukisuisui
2026-09-26 14:08:57 | INFO     | Saving at a/skeb/yukiyukisuisui-6319b4.json
2026-09-26 14:08:58 | INFO     | OK https://skeb.jp/api/users/uchicoonigiri
2026-09-26 14:08:58 | INFO     | Saving at a/skeb/uchicoonigiri-30011a.json
2026-09-26 14:08:59 | INFO     | OK https://skeb.jp/api/users/iced_tea_u
2026-09-26 14:08:59 | INFO     | Saving at a/skeb/iced_tea_u-0b6542.json
2026-09-26 14:09:00 | INFO     | OK https://skeb.jp/api/users/oji25_
2026-09-26 14:09:00 | INFO     | Saving at a/skeb/oji25_-ab149a.json
2026-09-26 14:09:01 | INFO     | OK https://skeb.jp/api/users/nemui_kuuhuku0
2026-09-26 14:09:01 | INFO     | Saving at a/skeb/nemui_kuuhuku0-c89c9e.json
2026-09-26 14:09:02 | INFO     | OK https://skeb.jp/api/users/tamatamadi
2026-09-26 14:09:02 | INFO     | Saving at a/skeb/tamatamadi-c6f40d.json
2026-09-26 14:09:03 | INFO     | OK https://skeb.jp/api/users/18782le
2026-09-26 14:09:03 | INFO     | Saving at a/skeb/18782le-d281e2.json
2026-09-26 14:09:04 | INFO     | OK https://skeb.jp/api/users/ohmtky021
2026-09-26 14:09:04 | INFO     | Saving at a/skeb/ohmtky021-2371ee.json
2026-09-26 14:09:05 | INFO     | OK https://skeb.jp/api/users/yomi_meimei_666
2026-09-26 14:09:05 | INFO     | Saving at a/skeb/yomi_meimei_666-e23ab9.json
2026-09-26 14:09:06 | INFO     | OK https://skeb.jp/api/users/otsukimi_goma
2026-09-26 14:09:06 | INFO     | Saving at a/skeb/otsukimi_goma-b21cd8.json
2026-09-26 14:09:07 | INFO     | OK https://skeb.jp/api/users/Your_96m2
2026-09-26 14:09:07 | INFO     | Saving at a/skeb/Your_96m2-038395.json
2026-09-26 14:09:08 | INFO     | OK https://skeb.jp/api/users/tinazum
2026-09-26 14:09:08 | INFO     | Saving at a/skeb/tinazum-10ea36.json
2026-09-26 14:09:09 | INFO     | OK https://skeb.jp/api/users/mojuke_
2026-09-26 14:09:09 | INFO     | Saving at a/skeb/mojuke_-84cda0.json
2026-09-26 14:09:10 | INFO     | OK https://skeb.jp/api/users/yazawa_happy
2026-09-26 14:09:10 | INFO     | Saving at a/skeb/yazawa_happy-8763e0.json
2026-09-26 14:09:11 | INFO     | OK https://skeb.jp/api/users/05_amma
2026-09-26 14:09:11 | INFO     | Saving at a/skeb/05_amma-ab6e8f.json
2026-09-26 14:09:12 | INFO     | OK https://skeb.jp/api/users/Enngawa_aburi
2026-09-26 14:09:12 | INFO     | Saving at a/skeb/Enngawa_aburi-68ad20.json
2026-09-26 14:09:13 | INFO     | OK https://skeb.jp/api/users/Heine_555
2026-09-26 14:09:13 | INFO     | Saving at a/skeb/Heine_555-7fe4c2.json
2026-09-26 14:09:14 | INFO     | OK https://skeb.jp/api/users/deka_chang
2026-09-26 14:09:14 | INFO     | Saving at a/skeb/deka_chang-1e10cb.json
2026-09-26 14:09:15 | INFO     | OK https://skeb.jp/api/users/cloak_cape
2026-09-26 14:09:15 | INFO     | Saving at a/skeb/cloak_cape-334d05.json
2026-09-26 14:09:16 | INFO     | OK https://skeb.jp/api/users/MQ6u9_
2026-09-26 14:09:16 | INFO     | Saving at a/skeb/MQ6u9_-849a1f.json
2026-09-26 14:09:17 | INFO     | OK https://skeb.jp/api/users/hao3oc
2026-09-26 14:09:17 | INFO     | Saving at a/skeb/hao3oc-b09ce8.json
2026-09-26 14:09:18 | INFO     | OK https://skeb.jp/api/users/Upache
2026-09-26 14:09:18 | INFO     | Saving at a/skeb/Upache-9ed9ad.json
2026-09-26 14:09:19 | INFO     | OK https://skeb.jp/api/users/corncomb
2026-09-26 14:09:19 | INFO     | Saving at a/skeb/corncomb-fb429b.json
2026-09-26 14:09:20 | INFO     | OK https://skeb.jp/api/users/BBHIGEOJISAN
2026-09-26 14:09:20 | INFO     | Saving at a/skeb/BBHIGEOJISAN-031bdf.json
2026-09-26 14:09:21 | INFO     | OK https://skeb.jp/api/users/mybrokenpencil1
2026-09-26 14:09:21 | INFO     | Saving at a/skeb/mybrokenpencil1-637155.json
2026-09-26 14:09:22 | INFO     | OK https://skeb.jp/api/users/hamutto_u_u
2026-09-26 14:09:22 | INFO     | Saving at a/skeb/hamutto_u_u-e50abd.json
2026-09-26 14:09:23 | INFO     | OK https://skeb.jp/api/users/chanOdaO
2026-09-26 14:09:23 | INFO     | Saving at a/skeb/chanOdaO-743251.json
2026-09-26 14:09:24 | INFO     | OK https://skeb.jp/api/users/iriaaaaaa0w0
2026-09-26 14:09:24 | INFO     | Saving at a/skeb/iriaaaaaa0w0-e8b5b5.json
2026-09-26 14:09:25 | INFO     | OK https://skeb.jp/api/users/Uusub_
2026-09-26 14:09:25 | INFO     | Saving at a/skeb/Uusub_-765fac.json
2026-09-26 14:09:26 | INFO     | OK https://skeb.jp/api/users/Kinotarowow
2026-09-26 14:09:26 | INFO     | Saving at a/skeb/Kinotarowow-3607d7.json
2026-09-26 14:09:27 | INFO     | OK https://skeb.jp/api/users/shouki_maru
2026-09-26 14:09:27 | INFO     | Saving at a/skeb/shouki_maru-ec2b00.json
2026-09-26 14:09:28 | INFO     | OK https://skeb.jp/api/users/GOBOTENICE
2026-09-26 14:09:28 | INFO     | Saving at a/skeb/GOBOTENICE-da2f02.json
2026-09-26 14:09:29 | INFO     | OK https://skeb.jp/api/users/usagihiro
2026-09-26 14:09:29 | INFO     | Saving at a/skeb/usagihiro-2b6c58.json
2026-09-26 14:09:30 | INFO     | OK https://skeb.jp/api/users/akwt_tt
2026-09-26 14:09:30 | INFO     | Saving at a/skeb/akwt_tt-708877.json
2026-09-26 14:09:31 | INFO     | OK https://skeb.jp/api/users/nishino_mashiro
2026-09-26 14:09:31 | INFO     | Saving at a/skeb/nishino_mashiro-844eb1.json
2026-09-26 14:09:32 | INFO     | OK https://skeb.jp/api/users/hod2sb
2026-09-26 14:09:32 | INFO     | Saving at a/skeb/hod2sb-cd6b07.json
2026-09-26 14:09:33 | INFO     | OK https://skeb.jp/api/users/UNG_312
2026-09-26 14:09:33 | INFO     | Saving at a/skeb/UNG_312-766a1e.json
2026-09-26 14:09:34 | INFO     | OK https://skeb.jp/api/users/pira6018
2026-09-26 14:09:34 | INFO     | Saving at a/skeb/pira6018-b55f40.json
2026-09-26 14:09:35 | INFO     | OK https://skeb.jp/api/users/akatsuki4612
2026-09-26 14:09:35 | INFO     | Saving at a/skeb/akatsuki4612-941e43.json
2026-09-26 14:09:36 | INFO     | OK https://skeb.jp/api/users/mochisada000
2026-09-26 14:09:36 | INFO     | Saving at a/skeb/mochisada000-7d20e1.json
2026-09-26 14:09:37 | INFO     | OK https://skeb.jp/api/users/siroipomeranian
2026-09-26 14:09:37 | INFO     | Saving at a/skeb/siroipomeranian-3277ec.json
2026-09-26 14:09:38 | INFO     | OK https://skeb.jp/api/users/meke77842928
2026-09-26 14:09:38 | INFO     | Saving at a/skeb/meke77842928-47b9b1.json
2026-09-26 14:09:39 | INFO     | OK https://skeb.jp/api/users/huse_9
2026-09-26 14:09:39 | INFO     | Saving at a/skeb/huse_9-1539c7.json
2026-09-26 14:09:40 | INFO     | OK https://skeb.jp/api/users/7_shinshi
2026-09-26 14:09:40 | INFO     | Saving at a/skeb/7_shinshi-ee4149.json
2026-09-26 14:09:41 | INFO     | OK https://skeb.jp/api/users/barakerususu1
2026-09-26 14:09:41 | INFO     | Saving at a/skeb/barakerususu1-b8cd49.json
2026-09-26 14:09:42 | INFO     | OK https://skeb.jp/api/users/reki_00
2026-09-26 14:09:42 | INFO     | Saving at a/skeb/reki_00-8cdff2.json
2026-09-26 14:09:43 | INFO     | OK https://skeb.jp/api/users/leally_big_rice
2026-09-26 14:09:43 | INFO     | Saving at a/skeb/leally_big_rice-991af6.json
2026-09-26 14:09:44 | INFO     | OK https://skeb.jp/api/users/onotsuki_w2
2026-09-26 14:09:44 | INFO     | Saving at a/skeb/onotsuki_w2-0e5370.json
2026-09-26 14:09:45 | INFO     | OK https://skeb.jp/api/users/ne_koromo
2026-09-26 14:09:45 | INFO     | Saving at a/skeb/ne_koromo-78258b.json
2026-09-26 14:09:46 | INFO     | OK https://skeb.jp/api/users/waya4696
2026-09-26 14:09:46 | INFO     | Saving at a/skeb/waya4696-1ebfda.json
2026-09-26 14:09:47 | INFO     | OK https://skeb.jp/api/users/unimi96
2026-09-26 14:09:47 | INFO     | Saving at a/skeb/unimi96-3b93ea.json
2026-09-26 14:09:48 | INFO     | OK https://skeb.jp/api/users/OthxfULPGF
2026-09-26 14:09:48 | INFO     | Saving at a/skeb/OthxfULPGF-6771b6.json
2026-09-26 14:09:49 | INFO     | OK https://skeb.jp/api/users/kachoufuugetu4
2026-09-26 14:09:49 | INFO     | Saving at a/skeb/kachoufuugetu4-a91f01.json
2026-09-26 14:09:50 | INFO     | OK https://skeb.jp/api/users/rilunoco
2026-09-26 14:09:50 | INFO     | Saving at a/skeb/rilunoco-bacb53.json
2026-09-26 14:09:51 | INFO     | OK https://skeb.jp/api/users/mansyontintai
2026-09-26 14:09:51 | INFO     | Saving at a/skeb/mansyontintai-b49ebc.json
2026-09-26 14:09:52 | INFO     | OK https://skeb.jp/api/users/quo_trpg
2026-09-26 14:09:52 | INFO     | Saving at a/skeb/quo_trpg-daa40a.json
2026-09-26 14:09:53 | INFO     | OK https://skeb.jp/api/users/ganmo123456789
2026-09-26 14:09:53 | INFO     | Saving at a/skeb/ganmo123456789-2379fe.json
2026-09-26 14:09:54 | INFO     | OK https://skeb.jp/api/users/wakka_p
2026-09-26 14:09:54 | INFO     | Saving at a/skeb/wakka_p-3a5dc8.json
2026-09-26 14:09:55 | INFO     | OK https://skeb.jp/api/users/ikasyuumai
2026-09-26 14:09:55 | INFO     | Saving at a/skeb/ikasyuumai-7955dd.json
2026-09-26 14:09:56 | INFO     | OK https://skeb.jp/api/users/yunna_i9
2026-09-26 14:09:56 | INFO     | Saving at a/skeb/yunna_i9-231543.json
2026-09-26 14:09:57 | INFO     | OK https://skeb.jp/api/users/tonocha__
2026-09-26 14:09:57 | INFO     | Saving at a/skeb/tonocha__-96410d.json
2026-09-26 14:09:58 | INFO     | OK https://skeb.jp/api/users/moyosan_
2026-09-26 14:09:58 | INFO     | Saving at a/skeb/moyosan_-a30d4a.json
2026-09-26 14:09:59 | INFO     | OK https://skeb.jp/api/users/sskmovo
2026-09-26 14:09:59 | INFO     | Saving at a/skeb/sskmovo-825dc2.json
2026-09-26 14:10:00 | INFO     | OK https://skeb.jp/api/users/gogomimoza
2026-09-26 14:10:00 | INFO     | Saving at a/skeb/gogomimoza-11ac61.json
2026-09-26 14:10:01 | INFO     | OK https://skeb.jp/api/users/hirota_2
2026-09-26 14:10:01 | INFO     | Saving at a/skeb/hirota_2-1565f5.json
2026-09-26 14:10:02 | INFO     | OK https://skeb.jp/api/users/holysarvel
2026-09-26 14:10:02 | INFO     | Saving at a/skeb/holysarvel-08d8d6.json
2026-09-26 14:10:03 | INFO     | OK https://skeb.jp/api/users/mol_fire893
2026-09-26 14:10:03 | INFO     | Saving at a/skeb/mol_fire893-7a135d.json
2026-09-26 14:10:04 | INFO     | OK https://skeb.jp/api/users/754_0711
2026-09-26 14:10:04 | INFO     | Saving at a/skeb/754_0711-9ed947.json
2026-09-26 14:10:05 | INFO     | OK https://skeb.jp/api/users/KRanseki
2026-09-26 14:10:05 | INFO     | Saving at a/skeb/KRanseki-b27158.json
2026-09-26 14:10:06 | INFO     | OK https://skeb.jp/api/users/big_Maso
2026-09-26 14:10:06 | INFO     | Saving at a/skeb/big_Maso-7a12d4.json
2026-09-26 14:10:07 | INFO     | OK https://skeb.jp/api/users/kokeuma
2026-09-26 14:10:07 | INFO     | Saving at a/skeb/kokeuma-3cce34.json
2026-09-26 14:10:08 | INFO     | OK https://skeb.jp/api/users/gyuniku
2026-09-26 14:10:08 | INFO     | Saving at a/skeb/gyuniku-407f59.json
2026-09-26 14:10:09 | INFO     | OK https://skeb.jp/api/users/aware_TRPG
2026-09-26 14:10:09 | INFO     | Saving at a/skeb/aware_TRPG-58deeb.json
2026-09-26 14:10:10 | INFO     | OK https://skeb.jp/api/users/2XSbKmAmxnmGpDn
2026-09-26 14:10:10 | INFO     | Saving at a/skeb/2XSbKmAmxnmGpDn-33a6d7.json
2026-09-26 14:10:11 | INFO     | OK https://skeb.jp/api/users/yuriaki
2026-09-26 14:10:11 | INFO     | Saving at a/skeb/yuriaki-cacb49.json
2026-09-26 14:10:12 | INFO     | OK https://skeb.jp/api/users/k_shiyura
2026-09-26 14:10:12 | INFO     | Saving at a/skeb/k_shiyura-d1306a.json
2026-09-26 14:10:13 | INFO     | OK https://skeb.jp/api/users/motigusa_mogu
2026-09-26 14:10:13 | INFO     | Saving at a/skeb/motigusa_mogu-60b96a.json
2026-09-26 14:10:14 | INFO     | OK https://skeb.jp/api/users/G3itK
2026-09-26 14:10:14 | INFO     | Saving at a/skeb/G3itK-f1e9e5.json
2026-09-26 14:10:15 | INFO     | OK https://skeb.jp/api/users/Corn_f108
2026-09-26 14:10:15 | INFO     | Saving at a/skeb/Corn_f108-be9074.json
2026-09-26 14:10:16 | INFO     | OK https://skeb.jp/api/users/YamiotiKong
2026-09-26 14:10:16 | INFO     | Saving at a/skeb/YamiotiKong-fe8844.json
2026-09-26 14:10:17 | INFO     | OK https://skeb.jp/api/users/radiant1913
2026-09-26 14:10:17 | INFO     | Saving at a/skeb/radiant1913-4405cb.json
2026-09-26 14:10:18 | INFO     | OK https://skeb.jp/api/users/miyabioi
2026-09-26 14:10:18 | INFO     | Saving at a/skeb/miyabioi-141b34.json
2026-09-26 14:10:19 | INFO     | OK https://skeb.jp/api/users/horon_a
2026-09-26 14:10:19 | INFO     | Saving at a/skeb/horon_a-d3be8d.json
2026-09-26 14:10:20 | INFO     | OK https://skeb.jp/api/users/CO_rv5
2026-09-26 14:10:20 | INFO     | Saving at a/skeb/CO_rv5-7b3373.json
2026-09-26 14:10:21 | INFO     | OK https://skeb.jp/api/users/aba_rano
2026-09-26 14:10:21 | INFO     | Saving at a/skeb/aba_rano-d549ea.json
2026-09-26 14:10:22 | INFO     | OK https://skeb.jp/api/users/10llit
2026-09-26 14:10:22 | INFO     | Saving at a/skeb/10llit-692b8b.json
2026-09-26 14:10:23 | INFO     | OK https://skeb.jp/api/users/Melt_901
2026-09-26 14:10:23 | INFO     | Saving at a/skeb/Melt_901-faf8e4.json
2026-09-26 14:10:24 | INFO     | OK https://skeb.jp/api/users/Toni_kaku9
2026-09-26 14:10:24 | INFO     | Saving at a/skeb/Toni_kaku9-b7c7be.json
2026-09-26 14:10:25 | INFO     | OK https://skeb.jp/api/users/mr_ayarabbit
2026-09-26 14:10:25 | INFO     | Saving at a/skeb/mr_ayarabbit-f2ad92.json
2026-09-26 14:10:26 | INFO     | OK https://skeb.jp/api/users/imokenpi_trpg
2026-09-26 14:10:26 | INFO     | Saving at a/skeb/imokenpi_trpg-48e287.json
2026-09-26 14:10:27 | INFO     | OK https://skeb.jp/api/users/yU__A121
2026-09-26 14:10:27 | INFO     | Saving at a/skeb/yU__A121-d88c19.json
2026-09-26 14:10:28 | INFO     | OK https://skeb.jp/api/users/amananoloafer
2026-09-26 14:10:28 | INFO     | Saving at a/skeb/amananoloafer-577cd0.json
2026-09-26 14:10:29 | INFO     | OK https://skeb.jp/api/users/kuroagumochi
2026-09-26 14:10:29 | INFO     | Saving at a/skeb/kuroagumochi-7934eb.json
2026-09-26 14:10:30 | INFO     | OK https://skeb.jp/api/users/yasuyasu_92
2026-09-26 14:10:30 | INFO     | Saving at a/skeb/yasuyasu_92-255d72.json
2026-09-26 14:10:31 | INFO     | OK https://skeb.jp/api/users/shion5200
2026-09-26 14:10:31 | INFO     | Saving at a/skeb/shion5200-8b0dac.json
2026-09-26 14:10:32 | INFO     | OK https://skeb.jp/api/users/__4k10r1
2026-09-26 14:10:32 | INFO     | Saving at a/skeb/__4k10r1-fb0229.json
2026-09-26 14:10:33 | INFO     | OK https://skeb.jp/api/users/PAPAPApatyu3
2026-09-26 14:10:33 | INFO     | Saving at a/skeb/PAPAPApatyu3-d1a53e.json
2026-09-26 14:10:34 | INFO     | OK https://skeb.jp/api/users/Daikikin
2026-09-26 14:10:34 | INFO     | Saving at a/skeb/Daikikin-79019b.json
2026-09-26 14:10:35 | INFO     | OK https://skeb.jp/api/users/15furikake
2026-09-26 14:10:35 | INFO     | Saving at a/skeb/15furikake-033fd9.json
2026-09-26 14:10:36 | INFO     | OK https://skeb.jp/api/users/katakoto_tktk
2026-09-26 14:10:36 | INFO     | Saving at a/skeb/katakoto_tktk-517abb.json
2026-09-26 14:10:37 | INFO     | OK https://skeb.jp/api/users/P5rqJTsXpB
2026-09-26 14:10:37 | INFO     | Saving at a/skeb/P5rqJTsXpB-c89144.json
2026-09-26 14:10:38 | INFO     | OK https://skeb.jp/api/users/Golden_moteo
2026-09-26 14:10:38 | INFO     | Saving at a/skeb/Golden_moteo-b50679.json
2026-09-26 14:10:39 | INFO     | OK https://skeb.jp/api/users/Negoiii_to_1
2026-09-26 14:10:39 | INFO     | Saving at a/skeb/Negoiii_to_1-36bf77.json
2026-09-26 14:10:40 | INFO     | OK https://skeb.jp/api/users/terentiran
2026-09-26 14:10:40 | INFO     | Saving at a/skeb/terentiran-8e71ab.json
2026-09-26 14:10:41 | INFO     | OK https://skeb.jp/api/users/KAIKI__hanken
2026-09-26 14:10:41 | INFO     | Saving at a/skeb/KAIKI__hanken-3a268f.json
2026-09-26 14:10:42 | INFO     | OK https://skeb.jp/api/users/azuou17
2026-09-26 14:10:42 | INFO     | Saving at a/skeb/azuou17-690ad7.json
2026-09-26 14:10:43 | INFO     | OK https://skeb.jp/api/users/NAnoDA_HAM
2026-09-26 14:10:43 | INFO     | Saving at a/skeb/NAnoDA_HAM-a59eb1.json
2026-09-26 14:10:44 | INFO     | OK https://skeb.jp/api/users/kogaitohiro
2026-09-26 14:10:44 | INFO     | Saving at a/skeb/kogaitohiro-6983c5.json
2026-09-26 14:10:45 | INFO     | OK https://skeb.jp/api/users/neko_i_i_
2026-09-26 14:10:45 | INFO     | Saving at a/skeb/neko_i_i_-3a5c45.json
2026-09-26 14:10:46 | INFO     | OK https://skeb.jp/api/users/Kamen_per
2026-09-26 14:10:46 | INFO     | Saving at a/skeb/Kamen_per-69c59e.json
2026-09-26 14:10:47 | INFO     | OK https://skeb.jp/api/users/teaaaaa511
2026-09-26 14:10:47 | INFO     | Saving at a/skeb/teaaaaa511-e6fe60.json
2026-09-26 14:10:48 | INFO     | OK https://skeb.jp/api/users/agtm_m33
2026-09-26 14:10:48 | INFO     | Saving at a/skeb/agtm_m33-92bedf.json
2026-09-26 14:10:49 | INFO     | OK https://skeb.jp/api/users/Junkasumi_G110
2026-09-26 14:10:49 | INFO     | Saving at a/skeb/Junkasumi_G110-77b7fb.json
2026-09-26 14:10:50 | INFO     | OK https://skeb.jp/api/users/Yonagi_White
2026-09-26 14:10:50 | INFO     | Saving at a/skeb/Yonagi_White-676265.json
2026-09-26 14:10:51 | INFO     | OK https://skeb.jp/api/users/8asys
2026-09-26 14:10:51 | INFO     | Saving at a/skeb/8asys-0920e4.json
2026-09-26 14:10:52 | INFO     | OK https://skeb.jp/api/users/conamaru
2026-09-26 14:10:52 | INFO     | Saving at a/skeb/conamaru-dabca5.json
2026-09-26 14:10:53 | INFO     | OK https://skeb.jp/api/users/sumire910915
2026-09-26 14:10:53 | INFO     | Saving at a/skeb/sumire910915-dc8c24.json
2026-09-26 14:10:55 | INFO     | OK https://skeb.jp/api/users/matsuzaki_black
2026-09-26 14:10:55 | INFO     | Saving at a/skeb/matsuzaki_black-fb4571.json
2026-09-26 14:10:55 | INFO     | OK https://skeb.jp/api/users/bloom_minority
2026-09-26 14:10:55 | INFO     | Saving at a/skeb/bloom_minority-ce0816.json
2026-09-26 14:10:56 | INFO     | OK https://skeb.jp/api/users/sochioo
2026-09-26 14:10:56 | INFO     | Saving at a/skeb/sochioo-ba7d70.json
2026-09-26 14:10:57 | INFO     | OK https://skeb.jp/api/users/uo__ff14
2026-09-26 14:10:57 | INFO     | Saving at a/skeb/uo__ff14-7c418c.json
2026-09-26 14:10:58 | INFO     | OK https://skeb.jp/api/users/85NEEO3
2026-09-26 14:10:58 | INFO     | Saving at a/skeb/85NEEO3-a80958.json
2026-09-26 14:10:59 | INFO     | OK https://skeb.jp/api/users/wou_do
2026-09-26 14:10:59 | INFO     | Saving at a/skeb/wou_do-0cc0e8.json
2026-09-26 14:11:00 | INFO     | OK https://skeb.jp/api/users/15coro_aaa
2026-09-26 14:11:00 | INFO     | Saving at a/skeb/15coro_aaa-8a5436.json
2026-09-26 14:11:01 | INFO     | OK https://skeb.jp/api/users/slfru7
2026-09-26 14:11:01 | INFO     | Saving at a/skeb/slfru7-cf6d3c.json
2026-09-26 14:11:02 | INFO     | OK https://skeb.jp/api/users/marumetu100
2026-09-26 14:11:02 | INFO     | Saving at a/skeb/marumetu100-0517f4.json
2026-09-26 14:11:03 | INFO     | OK https://skeb.jp/api/users/libertasgenesis
2026-09-26 14:11:03 | INFO     | Saving at a/skeb/libertasgenesis-ef7f8a.json
2026-09-26 14:11:04 | INFO     | OK https://skeb.jp/api/users/Aoiro_L2D
2026-09-26 14:11:04 | INFO     | Saving at a/skeb/Aoiro_L2D-0b016c.json
2026-09-26 14:11:05 | INFO     | OK https://skeb.jp/api/users/ayanoYro
2026-09-26 14:11:05 | INFO     | Saving at a/skeb/ayanoYro-81ef71.json
2026-09-26 14:11:06 | INFO     | OK https://skeb.jp/api/users/GA_MU_U
2026-09-26 14:11:06 | INFO     | Saving at a/skeb/GA_MU_U-7947bf.json
2026-09-26 14:11:07 | INFO     | OK https://skeb.jp/api/users/aoyadazoon
2026-09-26 14:11:07 | INFO     | Saving at a/skeb/aoyadazoon-03dffe.json
2026-09-26 14:11:08 | INFO     | OK https://skeb.jp/api/users/ida_shigeranai
2026-09-26 14:11:08 | INFO     | Saving at a/skeb/ida_shigeranai-6d799a.json
2026-09-26 14:11:09 | INFO     | OK https://skeb.jp/api/users/xxx_gottani
2026-09-26 14:11:09 | INFO     | Saving at a/skeb/xxx_gottani-e915f3.json
2026-09-26 14:11:10 | INFO     | OK https://skeb.jp/api/users/abekobenanda
2026-09-26 14:11:10 | INFO     | Saving at a/skeb/abekobenanda-0f9cee.json
2026-09-26 14:11:11 | INFO     | OK https://skeb.jp/api/users/majinjin23
2026-09-26 14:11:11 | INFO     | Saving at a/skeb/majinjin23-e4c549.json
2026-09-26 14:11:12 | INFO     | OK https://skeb.jp/api/users/np_nmmm
2026-09-26 14:11:12 | INFO     | Saving at a/skeb/np_nmmm-98bce8.json
2026-09-26 14:11:13 | INFO     | OK https://skeb.jp/api/users/syakesyake1414
2026-09-26 14:11:13 | INFO     | Saving at a/skeb/syakesyake1414-a0db80.json
2026-09-26 14:11:14 | INFO     | OK https://skeb.jp/api/users/reyna_1242
2026-09-26 14:11:14 | INFO     | Saving at a/skeb/reyna_1242-089783.json
2026-09-26 14:11:15 | INFO     | OK https://skeb.jp/api/users/takeyo17174
2026-09-26 14:11:15 | INFO     | Saving at a/skeb/takeyo17174-1394f3.json
2026-09-26 14:11:16 | INFO     | OK https://skeb.jp/api/users/46nooO
2026-09-26 14:11:16 | INFO     | Saving at a/skeb/46nooO-5faecf.json
2026-09-26 14:11:17 | INFO     | OK https://skeb.jp/api/users/iosonopioggia
2026-09-26 14:11:17 | INFO     | Saving at a/skeb/iosonopioggia-cefd83.json
2026-09-26 14:11:18 | INFO     | OK https://skeb.jp/api/users/Q_kinsyachi
2026-09-26 14:11:18 | INFO     | Saving at a/skeb/Q_kinsyachi-b4fc53.json
2026-09-26 14:11:19 | INFO     | OK https://skeb.jp/api/users/perperopemo
2026-09-26 14:11:19 | INFO     | Saving at a/skeb/perperopemo-d1e155.json
2026-09-26 14:11:20 | INFO     | OK https://skeb.jp/api/users/tz1un
2026-09-26 14:11:20 | INFO     | Saving at a/skeb/tz1un-0a7452.json
2026-09-26 14:11:21 | INFO     | OK https://skeb.jp/api/users/waujanaiyo_
2026-09-26 14:11:21 | INFO     | Saving at a/skeb/waujanaiyo_-92858d.json
2026-09-26 14:11:22 | INFO     | OK https://skeb.jp/api/users/ojisanno_tikubi
2026-09-26 14:11:22 | INFO     | Saving at a/skeb/ojisanno_tikubi-35fffe.json
2026-09-26 14:11:23 | INFO     | OK https://skeb.jp/api/users/nunske_desu
2026-09-26 14:11:23 | INFO     | Saving at a/skeb/nunske_desu-01afb0.json
2026-09-26 14:11:24 | INFO     | OK https://skeb.jp/api/users/heiti__shiki
2026-09-26 14:11:24 | INFO     | Saving at a/skeb/heiti__shiki-19de55.json
2026-09-26 14:11:25 | INFO     | OK https://skeb.jp/api/users/tribo_noguchi
2026-09-26 14:11:25 | INFO     | Saving at a/skeb/tribo_noguchi-ef6d6b.json
2026-09-26 14:11:26 | INFO     | OK https://skeb.jp/api/users/coof_000o
2026-09-26 14:11:26 | INFO     | Saving at a/skeb/coof_000o-c5a90a.json
2026-09-26 14:11:27 | INFO     | OK https://skeb.jp/api/users/mochicollagen
2026-09-26 14:11:27 | INFO     | Saving at a/skeb/mochicollagen-9fa423.json
2026-09-26 14:11:28 | INFO     | OK https://skeb.jp/api/users/sato_syohei
2026-09-26 14:11:28 | INFO     | Saving at a/skeb/sato_syohei-e4334e.json
2026-09-26 14:11:29 | INFO     | OK https://skeb.jp/api/users/Malco_Ichigatsu
2026-09-26 14:11:29 | INFO     | Saving at a/skeb/Malco_Ichigatsu-8a3704.json
2026-09-26 14:11:30 | INFO     | OK https://skeb.jp/api/users/MIKURO_TUBASA
2026-09-26 14:11:30 | INFO     | Saving at a/skeb/MIKURO_TUBASA-de9d4e.json
2026-09-26 14:11:31 | INFO     | OK https://skeb.jp/api/users/pan_mar_
2026-09-26 14:11:31 | INFO     | Saving at a/skeb/pan_mar_-42cd86.json
2026-09-26 14:11:32 | INFO     | OK https://skeb.jp/api/users/ANELA_00000
2026-09-26 14:11:32 | INFO     | Saving at a/skeb/ANELA_00000-bd645b.json
2026-09-26 14:11:33 | INFO     | OK https://skeb.jp/api/users/mahiron1062
2026-09-26 14:11:33 | INFO     | Saving at a/skeb/mahiron1062-1f9e11.json
2026-09-26 14:11:34 | INFO     | OK https://skeb.jp/api/users/Minigumidori3
2026-09-26 14:11:34 | INFO     | Saving at a/skeb/Minigumidori3-bf22b9.json
2026-09-26 14:11:35 | INFO     | OK https://skeb.jp/api/users/number_TRPG
2026-09-26 14:11:35 | INFO     | Saving at a/skeb/number_TRPG-929e21.json
2026-09-26 14:11:36 | INFO     | OK https://skeb.jp/api/users/Oilver
2026-09-26 14:11:36 | INFO     | Saving at a/skeb/Oilver-c7f41e.json
2026-09-26 14:11:37 | INFO     | OK https://skeb.jp/api/users/KS_Bluearc_7
2026-09-26 14:11:37 | INFO     | Saving at a/skeb/KS_Bluearc_7-b9ef72.json
2026-09-26 14:11:38 | INFO     | OK https://skeb.jp/api/users/sdns53
2026-09-26 14:11:38 | INFO     | Saving at a/skeb/sdns53-c1d7e3.json
2026-09-26 14:11:39 | INFO     | OK https://skeb.jp/api/users/ini_ii_1
2026-09-26 14:11:39 | INFO     | Saving at a/skeb/ini_ii_1-3f065c.json
2026-09-26 14:11:40 | INFO     | OK https://skeb.jp/api/users/masso_nullbuilt
2026-09-26 14:11:40 | INFO     | Saving at a/skeb/masso_nullbuilt-bfa0ad.json
2026-09-26 14:11:41 | INFO     | OK https://skeb.jp/api/users/yellow_sprin
2026-09-26 14:11:41 | INFO     | Saving at a/skeb/yellow_sprin-e2b5ab.json
2026-09-26 14:11:42 | INFO     | OK https://skeb.jp/api/users/epicure_no12
2026-09-26 14:11:42 | INFO     | Saving at a/skeb/epicure_no12-583ab2.json
2026-09-26 14:11:43 | INFO     | OK https://skeb.jp/api/users/ulogbe
2026-09-26 14:11:43 | INFO     | Saving at a/skeb/ulogbe-d45d1d.json
2026-09-26 14:11:44 | INFO     | OK https://skeb.jp/api/users/cocoyama
2026-09-26 14:11:44 | INFO     | Saving at a/skeb/cocoyama-a388b7.json
2026-09-26 14:11:45 | INFO     | OK https://skeb.jp/api/users/ianbelka
2026-09-26 14:11:45 | INFO     | Saving at a/skeb/ianbelka-c7dbb8.json
2026-09-26 14:11:46 | INFO     | OK https://skeb.jp/api/users/sd_1730_2
2026-09-26 14:11:46 | INFO     | Saving at a/skeb/sd_1730_2-015975.json
2026-09-26 14:11:47 | INFO     | OK https://skeb.jp/api/users/abus55764787
2026-09-26 14:11:47 | INFO     | Saving at a/skeb/abus55764787-1291ce.json
2026-09-26 14:11:48 | INFO     | OK https://skeb.jp/api/users/suwaneko02
2026-09-26 14:11:48 | INFO     | Saving at a/skeb/suwaneko02-94a4e5.json
2026-09-26 14:11:49 | INFO     | OK https://skeb.jp/api/users/koketanuki
2026-09-26 14:11:49 | INFO     | Saving at a/skeb/koketanuki-5a6e4c.json
2026-09-26 14:11:50 | INFO     | OK https://skeb.jp/api/users/suketoru000
2026-09-26 14:11:50 | INFO     | Saving at a/skeb/suketoru000-2a2264.json
2026-09-26 14:11:51 | INFO     | OK https://skeb.jp/api/users/FamSun863
2026-09-26 14:11:51 | INFO     | Saving at a/skeb/FamSun863-f11658.json
2026-09-26 14:11:52 | INFO     | OK https://skeb.jp/api/users/Gineno91
2026-09-26 14:11:52 | INFO     | Saving at a/skeb/Gineno91-8f18c1.json
2026-09-26 14:11:53 | INFO     | OK https://skeb.jp/api/users/NagikanaElu_W
2026-09-26 14:11:53 | INFO     | Saving at a/skeb/NagikanaElu_W-46f280.json
2026-09-26 14:11:54 | INFO     | OK https://skeb.jp/api/users/ymtm28
2026-09-26 14:11:54 | INFO     | Saving at a/skeb/ymtm28-eb2d60.json
2026-09-26 14:11:55 | INFO     | OK https://skeb.jp/api/users/7uhlp
2026-09-26 14:11:55 | INFO     | Saving at a/skeb/7uhlp-a71689.json
2026-09-26 14:11:56 | INFO     | OK https://skeb.jp/api/users/y_UKU_y
2026-09-26 14:11:56 | INFO     | Saving at a/skeb/y_UKU_y-21223a.json
2026-09-26 14:11:57 | INFO     | OK https://skeb.jp/api/users/xxyunoichixx
2026-09-26 14:11:57 | INFO     | Saving at a/skeb/xxyunoichixx-e07381.json
2026-09-26 14:11:58 | INFO     | OK https://skeb.jp/api/users/Hyb__muyuu
2026-09-26 14:11:58 | INFO     | Saving at a/skeb/Hyb__muyuu-f6e066.json
2026-09-26 14:11:59 | INFO     | OK https://skeb.jp/api/users/commushows
2026-09-26 14:11:59 | INFO     | Saving at a/skeb/commushows-1e3b17.json
2026-09-26 14:12:00 | INFO     | OK https://skeb.jp/api/users/room12f1oonn
2026-09-26 14:12:00 | INFO     | Saving at a/skeb/room12f1oonn-5c923a.json
2026-09-26 14:12:01 | INFO     | OK https://skeb.jp/api/users/_nnwnoiros
2026-09-26 14:12:01 | INFO     | Saving at a/skeb/_nnwnoiros-138ac6.json
2026-09-26 14:12:02 | INFO     | OK https://skeb.jp/api/users/bluekawaii0104
2026-09-26 14:12:02 | INFO     | Saving at a/skeb/bluekawaii0104-08143e.json
2026-09-26 14:12:03 | INFO     | OK https://skeb.jp/api/users/RyoAsano
2026-09-26 14:12:03 | INFO     | Saving at a/skeb/RyoAsano-b6807b.json
2026-09-26 14:12:04 | INFO     | OK https://skeb.jp/api/users/Hokkyokukithune
2026-09-26 14:12:04 | INFO     | Saving at a/skeb/Hokkyokukithune-e5e919.json
2026-09-26 14:12:05 | INFO     | OK https://skeb.jp/api/users/biruto62637867
2026-09-26 14:12:05 | INFO     | Saving at a/skeb/biruto62637867-00e09e.json
2026-09-26 14:12:06 | INFO     | OK https://skeb.jp/api/users/00osu1041
2026-09-26 14:12:06 | INFO     | Saving at a/skeb/00osu1041-b476a6.json
2026-09-26 14:12:07 | INFO     | OK https://skeb.jp/api/users/rinami456
2026-09-26 14:12:07 | INFO     | Saving at a/skeb/rinami456-e212e4.json
2026-09-26 14:12:08 | INFO     | OK https://skeb.jp/api/users/nori003
2026-09-26 14:12:08 | INFO     | Saving at a/skeb/nori003-2a3484.json
2026-09-26 14:12:10 | INFO     | OK https://skeb.jp/api/users/milk_miff
2026-09-26 14:12:10 | INFO     | Saving at a/skeb/milk_miff-9610c5.json
2026-09-26 14:12:10 | INFO     | OK https://skeb.jp/api/users/kazutti
2026-09-26 14:12:10 | INFO     | Saving at a/skeb/kazutti-6edabf.json
2026-09-26 14:12:11 | INFO     | OK https://skeb.jp/api/users/koguma_0310
2026-09-26 14:12:11 | INFO     | Saving at a/skeb/koguma_0310-75e680.json
2026-09-26 14:12:12 | INFO     | OK https://skeb.jp/api/users/_piyo_piyo_00
2026-09-26 14:12:12 | INFO     | Saving at a/skeb/_piyo_piyo_00-a58619.json
2026-09-26 14:12:13 | INFO     | OK https://skeb.jp/api/users/usui_iigame
2026-09-26 14:12:13 | INFO     | Saving at a/skeb/usui_iigame-ae0ed1.json
2026-09-26 14:12:14 | INFO     | OK https://skeb.jp/api/users/nnksik_
2026-09-26 14:12:14 | INFO     | Saving at a/skeb/nnksik_-b30a24.json
2026-09-26 14:12:15 | INFO     | OK https://skeb.jp/api/users/himeyamayuri
2026-09-26 14:12:15 | INFO     | Saving at a/skeb/himeyamayuri-709aec.json
2026-09-26 14:12:16 | INFO     | OK https://skeb.jp/api/users/imdifk_sousaku
2026-09-26 14:12:16 | INFO     | Saving at a/skeb/imdifk_sousaku-9187ca.json
2026-09-26 14:12:17 | INFO     | OK https://skeb.jp/api/users/yuri_fuwari
2026-09-26 14:12:17 | INFO     | Saving at a/skeb/yuri_fuwari-35706b.json
2026-09-26 14:12:18 | INFO     | OK https://skeb.jp/api/users/mutumijoruri
2026-09-26 14:12:18 | INFO     | Saving at a/skeb/mutumijoruri-95899c.json
2026-09-26 14:12:19 | INFO     | OK https://skeb.jp/api/users/waongayuku
2026-09-26 14:12:19 | INFO     | Saving at a/skeb/waongayuku-35e8e6.json
2026-09-26 14:12:21 | INFO     | OK https://skeb.jp/api/users/KaKiPiUwU00
2026-09-26 14:12:21 | INFO     | Saving at a/skeb/KaKiPiUwU00-708aaf.json
2026-09-26 14:12:21 | INFO     | OK https://skeb.jp/api/users/mtm_tomtao
2026-09-26 14:12:21 | INFO     | Saving at a/skeb/mtm_tomtao-b74f7c.json
2026-09-26 14:12:22 | INFO     | OK https://skeb.jp/api/users/KASABUTA_NOKUNI
2026-09-26 14:12:22 | INFO     | Saving at a/skeb/KASABUTA_NOKUNI-d02836.json
2026-09-26 14:12:23 | INFO     | OK https://skeb.jp/api/users/Porco_JJ
2026-09-26 14:12:23 | INFO     | Saving at a/skeb/Porco_JJ-a6b3a0.json
2026-09-26 14:12:24 | INFO     | OK https://skeb.jp/api/users/knkr_haku_
2026-09-26 14:12:24 | INFO     | Saving at a/skeb/knkr_haku_-078717.json
2026-09-26 14:12:25 | INFO     | OK https://skeb.jp/api/users/remedy37chan
2026-09-26 14:12:25 | INFO     | Saving at a/skeb/remedy37chan-84ecde.json
2026-09-26 14:12:26 | INFO     | OK https://skeb.jp/api/users/pipipi_iozs
2026-09-26 14:12:26 | INFO     | Saving at a/skeb/pipipi_iozs-67ede4.json
2026-09-26 14:12:27 | INFO     | OK https://skeb.jp/api/users/UDONtoWATASHI
2026-09-26 14:12:27 | INFO     | Saving at a/skeb/UDONtoWATASHI-4bd592.json
2026-09-26 14:12:28 | INFO     | OK https://skeb.jp/api/users/killifish_
2026-09-26 14:12:28 | INFO     | Saving at a/skeb/killifish_-416125.json
2026-09-26 14:12:30 | INFO     | OK https://skeb.jp/api/users/nao_x2_
2026-09-26 14:12:30 | INFO     | Saving at a/skeb/nao_x2_-f804cf.json
2026-09-26 14:12:30 | INFO     | OK https://skeb.jp/api/users/yunmu_g
2026-09-26 14:12:30 | INFO     | Saving at a/skeb/yunmu_g-b283fa.json
2026-09-26 14:12:31 | INFO     | OK https://skeb.jp/api/users/tkns_yk
2026-09-26 14:12:31 | INFO     | Saving at a/skeb/tkns_yk-9b4d85.json
2026-09-26 14:12:32 | INFO     | OK https://skeb.jp/api/users/N_E_TkSa
2026-09-26 14:12:32 | INFO     | Saving at a/skeb/N_E_TkSa-127f11.json
2026-09-26 14:12:33 | INFO     | OK https://skeb.jp/api/users/ameinuni
2026-09-26 14:12:33 | INFO     | Saving at a/skeb/ameinuni-a4c986.json
2026-09-26 14:12:34 | INFO     | OK https://skeb.jp/api/users/vn6l0r
2026-09-26 14:12:34 | INFO     | Saving at a/skeb/vn6l0r-c47c78.json
2026-09-26 14:12:35 | INFO     | OK https://skeb.jp/api/users/yhiip4
2026-09-26 14:12:35 | INFO     | Saving at a/skeb/yhiip4-033cdb.json
2026-09-26 14:12:36 | INFO     | OK https://skeb.jp/api/users/T49332592
2026-09-26 14:12:36 | INFO     | Saving at a/skeb/T49332592-fbda37.json
2026-09-26 14:12:37 | INFO     | OK https://skeb.jp/api/users/muromuromuro85
2026-09-26 14:12:37 | INFO     | Saving at a/skeb/muromuromuro85-93df46.json
2026-09-26 14:12:38 | INFO     | OK https://skeb.jp/api/users/xx_betti
2026-09-26 14:12:38 | INFO     | Saving at a/skeb/xx_betti-671f9c.json
2026-09-26 14:12:39 | INFO     | OK https://skeb.jp/api/users/Ades_Clus
2026-09-26 14:12:39 | INFO     | Saving at a/skeb/Ades_Clus-7e6768.json
2026-09-26 14:12:40 | INFO     | OK https://skeb.jp/api/users/Haruno_riku_
2026-09-26 14:12:40 | INFO     | Saving at a/skeb/Haruno_riku_-fa9163.json
2026-09-26 14:12:41 | INFO     | OK https://skeb.jp/api/users/sanmayaroooooo
2026-09-26 14:12:41 | INFO     | Saving at a/skeb/sanmayaroooooo-3ca2df.json
2026-09-26 14:12:42 | INFO     | OK https://skeb.jp/api/users/otoroshi_68
2026-09-26 14:12:42 | INFO     | Saving at a/skeb/otoroshi_68-ade861.json
2026-09-26 14:12:43 | INFO     | OK https://skeb.jp/api/users/tu_tuta_tu
2026-09-26 14:12:43 | INFO     | Saving at a/skeb/tu_tuta_tu-66d923.json
2026-09-26 14:12:44 | INFO     | OK https://skeb.jp/api/users/kenu_hachi
2026-09-26 14:12:44 | INFO     | Saving at a/skeb/kenu_hachi-e41d7d.json
2026-09-26 14:12:45 | INFO     | OK https://skeb.jp/api/users/aldentia_pasta
2026-09-26 14:12:45 | INFO     | Saving at a/skeb/aldentia_pasta-5c9b2f.json
2026-09-26 14:12:46 | INFO     | OK https://skeb.jp/api/users/o_o0809_
2026-09-26 14:12:46 | INFO     | Saving at a/skeb/o_o0809_-1c8b1b.json
2026-09-26 14:12:47 | INFO     | OK https://skeb.jp/api/users/choco2tabetai
2026-09-26 14:12:47 | INFO     | Saving at a/skeb/choco2tabetai-a272b8.json
2026-09-26 14:12:48 | INFO     | OK https://skeb.jp/api/users/hanamura_pink
2026-09-26 14:12:48 | INFO     | Saving at a/skeb/hanamura_pink-3b0352.json
2026-09-26 14:12:49 | INFO     | OK https://skeb.jp/api/users/hamukuma
2026-09-26 14:12:49 | INFO     | Saving at a/skeb/hamukuma-e32d6f.json
2026-09-26 14:12:50 | INFO     | OK https://skeb.jp/api/users/unknown_TRPG_
2026-09-26 14:12:50 | INFO     | Saving at a/skeb/unknown_TRPG_-784765.json
2026-09-26 14:12:51 | INFO     | OK https://skeb.jp/api/users/chikenbeergood
2026-09-26 14:12:51 | INFO     | Saving at a/skeb/chikenbeergood-f2b06e.json
2026-09-26 14:12:52 | INFO     | OK https://skeb.jp/api/users/SHIMAKAZEP0w02
2026-09-26 14:12:52 | INFO     | Saving at a/skeb/SHIMAKAZEP0w02-90deaa.json
2026-09-26 14:12:53 | INFO     | OK https://skeb.jp/api/users/shu636
2026-09-26 14:12:53 | INFO     | Saving at a/skeb/shu636-2d18cd.json
2026-09-26 14:12:55 | INFO     | OK https://skeb.jp/api/users/nantoooo
2026-09-26 14:12:55 | INFO     | Saving at a/skeb/nantoooo-e2d114.json
2026-09-26 14:12:55 | INFO     | OK https://skeb.jp/api/users/99999pr
2026-09-26 14:12:55 | INFO     | Saving at a/skeb/99999pr-2fb89d.json
2026-09-26 14:12:56 | INFO     | OK https://skeb.jp/api/users/Boosykes
2026-09-26 14:12:56 | INFO     | Saving at a/skeb/Boosykes-9514e3.json
2026-09-26 14:12:57 | INFO     | OK https://skeb.jp/api/users/Wynm_x12
2026-09-26 14:12:57 | INFO     | Saving at a/skeb/Wynm_x12-18d8ee.json
2026-09-26 14:12:58 | INFO     | OK https://skeb.jp/api/users/sagiriwing
2026-09-26 14:12:58 | INFO     | Saving at a/skeb/sagiriwing-eb3246.json
2026-09-26 14:12:59 | INFO     | OK https://skeb.jp/api/users/dagashi_aa
2026-09-26 14:12:59 | INFO     | Saving at a/skeb/dagashi_aa-25f198.json
2026-09-26 14:13:00 | INFO     | OK https://skeb.jp/api/users/feccso
2026-09-26 14:13:00 | INFO     | Saving at a/skeb/feccso-82ecb6.json
2026-09-26 14:13:01 | INFO     | OK https://skeb.jp/api/users/tika_illust
2026-09-26 14:13:01 | INFO     | Saving at a/skeb/tika_illust-24ce47.json
2026-09-26 14:13:02 | INFO     | OK https://skeb.jp/api/users/robatakahiro
2026-09-26 14:13:02 | INFO     | Saving at a/skeb/robatakahiro-bd09fa.json
2026-09-26 14:13:03 | INFO     | OK https://skeb.jp/api/users/Nejiro_001
2026-09-26 14:13:03 | INFO     | Saving at a/skeb/Nejiro_001-601509.json
2026-09-26 14:13:04 | INFO     | OK https://skeb.jp/api/users/ruokka034
2026-09-26 14:13:04 | INFO     | Saving at a/skeb/ruokka034-0d47dd.json
2026-09-26 14:13:05 | INFO     | OK https://skeb.jp/api/users/ParoleChan
2026-09-26 14:13:05 | INFO     | Saving at a/skeb/ParoleChan-259dc2.json
2026-09-26 14:13:06 | INFO     | OK https://skeb.jp/api/users/Ly05YY
2026-09-26 14:13:06 | INFO     | Saving at a/skeb/Ly05YY-ad96bc.json
2026-09-26 14:13:07 | INFO     | OK https://skeb.jp/api/users/uca_tw
2026-09-26 14:13:07 | INFO     | Saving at a/skeb/uca_tw-80aba9.json
2026-09-26 14:13:08 | INFO     | OK https://skeb.jp/api/users/memitikuy
2026-09-26 14:13:08 | INFO     | Saving at a/skeb/memitikuy-2f835f.json
2026-09-26 14:13:09 | INFO     | OK https://skeb.jp/api/users/cherichuxx
2026-09-26 14:13:09 | INFO     | Saving at a/skeb/cherichuxx-dbf3bc.json
2026-09-26 14:13:10 | INFO     | OK https://skeb.jp/api/users/mola_mola_uono
2026-09-26 14:13:10 | INFO     | Saving at a/skeb/mola_mola_uono-c90d8b.json
2026-09-26 14:13:11 | INFO     | OK https://skeb.jp/api/users/Utsusemi_1024
2026-09-26 14:13:11 | INFO     | Saving at a/skeb/Utsusemi_1024-f67e76.json
2026-09-26 14:13:12 | INFO     | OK https://skeb.jp/api/users/gomaxdango
2026-09-26 14:13:12 | INFO     | Saving at a/skeb/gomaxdango-6f3517.json
2026-09-26 14:13:13 | INFO     | OK https://skeb.jp/api/users/JuiceboxPixel
2026-09-26 14:13:13 | INFO     | Saving at a/skeb/JuiceboxPixel-5ea0a1.json
2026-09-26 14:13:14 | INFO     | OK https://skeb.jp/api/users/0onamae
2026-09-26 14:13:14 | INFO     | Saving at a/skeb/0onamae-6c7399.json
2026-09-26 14:13:15 | INFO     | OK https://skeb.jp/api/users/nyoki_nyoki
2026-09-26 14:13:15 | INFO     | Saving at a/skeb/nyoki_nyoki-2998e6.json
2026-09-26 14:13:16 | INFO     | OK https://skeb.jp/api/users/twt_vv202
2026-09-26 14:13:16 | INFO     | Saving at a/skeb/twt_vv202-ecc3a5.json
2026-09-26 14:13:17 | INFO     | OK https://skeb.jp/api/users/noprfbtxn
2026-09-26 14:13:17 | INFO     | Saving at a/skeb/noprfbtxn-919e1c.json
2026-09-26 14:13:18 | INFO     | OK https://skeb.jp/api/users/mobchara11
2026-09-26 14:13:18 | INFO     | Saving at a/skeb/mobchara11-00b614.json
2026-09-26 14:13:19 | INFO     | OK https://skeb.jp/api/users/yasai_yudu
2026-09-26 14:13:19 | INFO     | Saving at a/skeb/yasai_yudu-94c620.json
2026-09-26 14:13:20 | INFO     | OK https://skeb.jp/api/users/mso_gng
2026-09-26 14:13:20 | INFO     | Saving at a/skeb/mso_gng-3d9d64.json
2026-09-26 14:13:21 | INFO     | OK https://skeb.jp/api/users/pwaw38
2026-09-26 14:13:21 | INFO     | Saving at a/skeb/pwaw38-801a87.json
2026-09-26 14:13:22 | INFO     | OK https://skeb.jp/api/users/ikano_waist
2026-09-26 14:13:22 | INFO     | Saving at a/skeb/ikano_waist-22014d.json
2026-09-26 14:13:23 | INFO     | OK https://skeb.jp/api/users/nanatanunyan
2026-09-26 14:13:23 | INFO     | Saving at a/skeb/nanatanunyan-25463c.json
2026-09-26 14:13:24 | INFO     | OK https://skeb.jp/api/users/yasogami
2026-09-26 14:13:24 | INFO     | Saving at a/skeb/yasogami-214920.json
2026-09-26 14:13:25 | INFO     | OK https://skeb.jp/api/users/memyou0616
2026-09-26 14:13:25 | INFO     | Saving at a/skeb/memyou0616-64f469.json
2026-09-26 14:13:26 | INFO     | OK https://skeb.jp/api/users/yuzusalty
2026-09-26 14:13:26 | INFO     | Saving at a/skeb/yuzusalty-e1e9cc.json
2026-09-26 14:13:27 | INFO     | OK https://skeb.jp/api/users/tyu_kichi
2026-09-26 14:13:27 | INFO     | Saving at a/skeb/tyu_kichi-c6d241.json
2026-09-26 14:13:28 | INFO     | OK https://skeb.jp/api/users/kikyohonia
2026-09-26 14:13:28 | INFO     | Saving at a/skeb/kikyohonia-0c76c6.json
2026-09-26 14:13:29 | INFO     | OK https://skeb.jp/api/users/HOOZUKIzero
2026-09-26 14:13:29 | INFO     | Saving at a/skeb/HOOZUKIzero-797ce5.json
2026-09-26 14:13:30 | INFO     | OK https://skeb.jp/api/users/X3rIMpiGxXMFRWO
2026-09-26 14:13:30 | INFO     | Saving at a/skeb/X3rIMpiGxXMFRWO-c688a6.json
2026-09-26 14:13:31 | INFO     | OK https://skeb.jp/api/users/yumeri_aino
2026-09-26 14:13:31 | INFO     | Saving at a/skeb/yumeri_aino-5a30c2.json
2026-09-26 14:13:32 | INFO     | OK https://skeb.jp/api/users/vYqi__
2026-09-26 14:13:32 | INFO     | Saving at a/skeb/vYqi__-41fc8d.json
2026-09-26 14:13:33 | INFO     | OK https://skeb.jp/api/users/sentaatoiawase
2026-09-26 14:13:33 | INFO     | Saving at a/skeb/sentaatoiawase-6c721f.json
2026-09-26 14:13:34 | INFO     | OK https://skeb.jp/api/users/akuasfia4313
2026-09-26 14:13:34 | INFO     | Saving at a/skeb/akuasfia4313-7319a5.json
2026-09-26 14:13:35 | INFO     | OK https://skeb.jp/api/users/komomo2899
2026-09-26 14:13:35 | INFO     | Saving at a/skeb/komomo2899-30e741.json
2026-09-26 14:13:36 | INFO     | OK https://skeb.jp/api/users/kohei_nagashius
2026-09-26 14:13:36 | INFO     | Saving at a/skeb/kohei_nagashius-02b89a.json
2026-09-26 14:13:37 | INFO     | OK https://skeb.jp/api/users/Baronilu_02
2026-09-26 14:13:37 | INFO     | Saving at a/skeb/Baronilu_02-dce251.json
2026-09-26 14:13:38 | INFO     | OK https://skeb.jp/api/users/akrngo_0708
2026-09-26 14:13:38 | INFO     | Saving at a/skeb/akrngo_0708-d2375c.json
2026-09-26 14:13:39 | INFO     | OK https://skeb.jp/api/users/r__i1107
2026-09-26 14:13:39 | INFO     | Saving at a/skeb/r__i1107-ba0764.json
2026-09-26 14:13:40 | INFO     | OK https://skeb.jp/api/users/ynyk3x
2026-09-26 14:13:40 | INFO     | Saving at a/skeb/ynyk3x-051d7b.json
2026-09-26 14:13:41 | INFO     | OK https://skeb.jp/api/users/akaiyashinoki
2026-09-26 14:13:41 | INFO     | Saving at a/skeb/akaiyashinoki-876ea2.json
2026-09-26 14:13:42 | INFO     | OK https://skeb.jp/api/users/adabanapng
2026-09-26 14:13:42 | INFO     | Saving at a/skeb/adabanapng-731dd8.json
2026-09-26 14:13:43 | INFO     | OK https://skeb.jp/api/users/kyururin02
2026-09-26 14:13:43 | INFO     | Saving at a/skeb/kyururin02-2dca20.json
2026-09-26 14:13:44 | INFO     | OK https://skeb.jp/api/users/kNk_IaO_
2026-09-26 14:13:44 | INFO     | Saving at a/skeb/kNk_IaO_-052d6d.json
2026-09-26 14:13:45 | INFO     | OK https://skeb.jp/api/users/0516_nikki
2026-09-26 14:13:45 | INFO     | Saving at a/skeb/0516_nikki-082c7a.json
2026-09-26 14:13:46 | INFO     | OK https://skeb.jp/api/users/be9459
2026-09-26 14:13:46 | INFO     | Saving at a/skeb/be9459-ce2a88.json
2026-09-26 14:13:47 | INFO     | OK https://skeb.jp/api/users/Gyol_0
2026-09-26 14:13:47 | INFO     | Saving at a/skeb/Gyol_0-7ce3ac.json
2026-09-26 14:13:48 | INFO     | OK https://skeb.jp/api/users/MenomoriTsumuri
2026-09-26 14:13:48 | INFO     | Saving at a/skeb/MenomoriTsumuri-734ce7.json
2026-09-26 14:13:49 | INFO     | OK https://skeb.jp/api/users/I_was_a_B
2026-09-26 14:13:49 | INFO     | Saving at a/skeb/I_was_a_B-1b24a9.json
2026-09-26 14:13:50 | INFO     | OK https://skeb.jp/api/users/sima_sima_09
2026-09-26 14:13:50 | INFO     | Saving at a/skeb/sima_sima_09-d66a00.json
2026-09-26 14:13:51 | INFO     | OK https://skeb.jp/api/users/submaring
2026-09-26 14:13:51 | INFO     | Saving at a/skeb/submaring-11da39.json
2026-09-26 14:13:52 | INFO     | OK https://skeb.jp/api/users/sskbsk_
2026-09-26 14:13:52 | INFO     | Saving at a/skeb/sskbsk_-28d1fa.json
2026-09-26 14:13:53 | INFO     | OK https://skeb.jp/api/users/kurimu22o
2026-09-26 14:13:53 | INFO     | Saving at a/skeb/kurimu22o-c883b5.json
2026-09-26 14:13:54 | INFO     | OK https://skeb.jp/api/users/genek
2026-09-26 14:13:54 | INFO     | Saving at a/skeb/genek-29b73c.json
2026-09-26 14:13:55 | INFO     | OK https://skeb.jp/api/users/otonarisan_e
2026-09-26 14:13:55 | INFO     | Saving at a/skeb/otonarisan_e-eb2174.json
2026-09-26 14:13:56 | INFO     | OK https://skeb.jp/api/users/lilium_Susan
2026-09-26 14:13:56 | INFO     | Saving at a/skeb/lilium_Susan-ed90c7.json
2026-09-26 14:13:57 | INFO     | OK https://skeb.jp/api/users/MarScorpio8
2026-09-26 14:13:57 | INFO     | Saving at a/skeb/MarScorpio8-d8c77f.json
2026-09-26 14:13:58 | INFO     | OK https://skeb.jp/api/users/cthun_N
2026-09-26 14:13:58 | INFO     | Saving at a/skeb/cthun_N-146f6a.json
2026-09-26 14:13:59 | INFO     | OK https://skeb.jp/api/users/citipati_51
2026-09-26 14:13:59 | INFO     | Saving at a/skeb/citipati_51-43f8c3.json
2026-09-26 14:14:00 | INFO     | OK https://skeb.jp/api/users/ir_ooo_35
2026-09-26 14:14:00 | INFO     | Saving at a/skeb/ir_ooo_35-964e12.json
2026-09-26 14:14:01 | INFO     | OK https://skeb.jp/api/users/armr1122
2026-09-26 14:14:01 | INFO     | Saving at a/skeb/armr1122-49072e.json
2026-09-26 14:14:03 | INFO     | OK https://skeb.jp/api/users/xgarasux
2026-09-26 14:14:03 | INFO     | Saving at a/skeb/xgarasux-a002f2.json
2026-09-26 14:14:03 | INFO     | OK https://skeb.jp/api/users/lamicahunter
2026-09-26 14:14:03 | INFO     | Saving at a/skeb/lamicahunter-31690b.json
2026-09-26 14:14:05 | INFO     | OK https://skeb.jp/api/users/Mukko_jp
2026-09-26 14:14:05 | INFO     | Saving at a/skeb/Mukko_jp-f38423.json
2026-09-26 14:14:05 | INFO     | OK https://skeb.jp/api/users/eico0
2026-09-26 14:14:05 | INFO     | Saving at a/skeb/eico0-3fedb6.json
2026-09-26 14:14:06 | INFO     | OK https://skeb.jp/api/users/xdarjeelingxtea
2026-09-26 14:14:06 | INFO     | Saving at a/skeb/xdarjeelingxtea-959a8a.json
2026-09-26 14:14:07 | INFO     | OK https://skeb.jp/api/users/picco__2
2026-09-26 14:14:07 | INFO     | Saving at a/skeb/picco__2-18f7f6.json
2026-09-26 14:14:08 | INFO     | OK https://skeb.jp/api/users/harusa_bu
2026-09-26 14:14:08 | INFO     | Saving at a/skeb/harusa_bu-9157f9.json
2026-09-26 14:14:09 | INFO     | OK https://skeb.jp/api/users/hanecoco
2026-09-26 14:14:09 | INFO     | Saving at a/skeb/hanecoco-6d07d0.json
2026-09-26 14:14:10 | INFO     | OK https://skeb.jp/api/users/konnyaksankaku
2026-09-26 14:14:10 | INFO     | Saving at a/skeb/konnyaksankaku-e84bed.json
2026-09-26 14:14:11 | INFO     | OK https://skeb.jp/api/users/erakin9999
2026-09-26 14:14:11 | INFO     | Saving at a/skeb/erakin9999-ad879e.json
2026-09-26 14:14:12 | INFO     | OK https://skeb.jp/api/users/58910_tukimochi
2026-09-26 14:14:12 | INFO     | Saving at a/skeb/58910_tukimochi-39b450.json
2026-09-26 14:14:13 | INFO     | OK https://skeb.jp/api/users/Mellowdown0
2026-09-26 14:14:13 | INFO     | Saving at a/skeb/Mellowdown0-ba8d92.json
2026-09-26 14:14:14 | INFO     | OK https://skeb.jp/api/users/SSS_080117
2026-09-26 14:14:14 | INFO     | Saving at a/skeb/SSS_080117-f26a92.json
2026-09-26 14:14:15 | INFO     | OK https://skeb.jp/api/users/sumi_SU_MI
2026-09-26 14:14:15 | INFO     | Saving at a/skeb/sumi_SU_MI-9940d2.json
2026-09-26 14:14:16 | INFO     | OK https://skeb.jp/api/users/tuzukut
2026-09-26 14:14:16 | INFO     | Saving at a/skeb/tuzukut-8b7578.json
2026-09-26 14:14:18 | INFO     | OK https://skeb.jp/api/users/maxmeat_
2026-09-26 14:14:18 | INFO     | Saving at a/skeb/maxmeat_-9eef55.json
2026-09-26 14:14:18 | INFO     | OK https://skeb.jp/api/users/cobacci_oekaki
2026-09-26 14:14:18 | INFO     | Saving at a/skeb/cobacci_oekaki-026ce2.json
2026-09-26 14:14:19 | INFO     | OK https://skeb.jp/api/users/nitenom
2026-09-26 14:14:19 | INFO     | Saving at a/skeb/nitenom-a648b1.json
2026-09-26 14:14:20 | INFO     | OK https://skeb.jp/api/users/h_k_poison
2026-09-26 14:14:20 | INFO     | Saving at a/skeb/h_k_poison-ec84c8.json
2026-09-26 14:14:22 | INFO     | OK https://skeb.jp/api/users/Hakkou_GA_Hala
2026-09-26 14:14:22 | INFO     | Saving at a/skeb/Hakkou_GA_Hala-35fd57.json
2026-09-26 14:14:22 | INFO     | OK https://skeb.jp/api/users/TonoiKiyoko
2026-09-26 14:14:22 | INFO     | Saving at a/skeb/TonoiKiyoko-e025c1.json
2026-09-26 14:14:23 | INFO     | OK https://skeb.jp/api/users/stem_720
2026-09-26 14:14:23 | INFO     | Saving at a/skeb/stem_720-36f37f.json
2026-09-26 14:14:24 | INFO     | OK https://skeb.jp/api/users/suuxrin
2026-09-26 14:14:24 | INFO     | Saving at a/skeb/suuxrin-5809c9.json
2026-09-26 14:14:25 | INFO     | OK https://skeb.jp/api/users/akuame3922
2026-09-26 14:14:25 | INFO     | Saving at a/skeb/akuame3922-c5bdf2.json
2026-09-26 14:14:26 | INFO     | OK https://skeb.jp/api/users/kwhr_a
2026-09-26 14:14:26 | INFO     | Saving at a/skeb/kwhr_a-18e4c9.json
2026-09-26 14:14:27 | INFO     | OK https://skeb.jp/api/users/sokosokomichi
2026-09-26 14:14:27 | INFO     | Saving at a/skeb/sokosokomichi-0671fa.json
2026-09-26 14:14:28 | INFO     | OK https://skeb.jp/api/users/_siba8
2026-09-26 14:14:28 | INFO     | Saving at a/skeb/_siba8-0c6a8c.json
2026-09-26 14:14:29 | INFO     | OK https://skeb.jp/api/users/DARU_osanart
2026-09-26 14:14:29 | INFO     | Saving at a/skeb/DARU_osanart-f5f3b0.json
2026-09-26 14:14:30 | INFO     | OK https://skeb.jp/api/users/sg_makuri
2026-09-26 14:14:30 | INFO     | Saving at a/skeb/sg_makuri-b2baf7.json
2026-09-26 14:14:31 | INFO     | OK https://skeb.jp/api/users/UWh4k
2026-09-26 14:14:31 | INFO     | Saving at a/skeb/UWh4k-cdb0ba.json
2026-09-26 14:14:33 | INFO     | OK https://skeb.jp/api/users/Norio_times
2026-09-26 14:14:33 | INFO     | Saving at a/skeb/Norio_times-479631.json
2026-09-26 14:14:33 | INFO     | OK https://skeb.jp/api/users/WOWWOW0110011
2026-09-26 14:14:33 | INFO     | Saving at a/skeb/WOWWOW0110011-c5c8c5.json
2026-09-26 14:14:34 | INFO     | OK https://skeb.jp/api/users/inunoodorigui
2026-09-26 14:14:34 | INFO     | Saving at a/skeb/inunoodorigui-f9d93e.json
2026-09-26 14:14:35 | INFO     | OK https://skeb.jp/api/users/kodonerine
2026-09-26 14:14:35 | INFO     | Saving at a/skeb/kodonerine-6bb3e0.json
2026-09-26 14:14:36 | INFO     | OK https://skeb.jp/api/users/KormoranX
2026-09-26 14:14:36 | INFO     | Saving at a/skeb/KormoranX-2bc20a.json
2026-09-26 14:14:37 | INFO     | OK https://skeb.jp/api/users/sekizui000
2026-09-26 14:14:37 | INFO     | Saving at a/skeb/sekizui000-4aa202.json
2026-09-26 14:14:38 | INFO     | OK https://skeb.jp/api/users/fufumifumifumi
2026-09-26 14:14:38 | INFO     | Saving at a/skeb/fufumifumifumi-8fe15f.json
2026-09-26 14:14:39 | INFO     | OK https://skeb.jp/api/users/gomananoni
2026-09-26 14:14:39 | INFO     | Saving at a/skeb/gomananoni-574810.json
2026-09-26 14:14:41 | INFO     | OK https://skeb.jp/api/users/Tateha_Oto
2026-09-26 14:14:41 | INFO     | Saving at a/skeb/Tateha_Oto-d01d26.json
2026-09-26 14:14:41 | INFO     | OK https://skeb.jp/api/users/mxwux
2026-09-26 14:14:41 | INFO     | Saving at a/skeb/mxwux-de7134.json
2026-09-26 14:14:42 | INFO     | OK https://skeb.jp/api/users/snowpowder198
2026-09-26 14:14:42 | INFO     | Saving at a/skeb/snowpowder198-cfb46e.json
2026-09-26 14:14:43 | INFO     | OK https://skeb.jp/api/users/Huji_matcha
2026-09-26 14:14:43 | INFO     | Saving at a/skeb/Huji_matcha-ef3d06.json
2026-09-26 14:14:44 | INFO     | OK https://skeb.jp/api/users/gopokenohito
2026-09-26 14:14:44 | INFO     | Saving at a/skeb/gopokenohito-43714f.json
2026-09-26 14:14:45 | INFO     | OK https://skeb.jp/api/users/xxliliumxx
2026-09-26 14:14:45 | INFO     | Saving at a/skeb/xxliliumxx-573e8f.json
2026-09-26 14:14:46 | INFO     | OK https://skeb.jp/api/users/Sekilei_333
2026-09-26 14:14:46 | INFO     | Saving at a/skeb/Sekilei_333-46bc01.json
2026-09-26 14:14:47 | INFO     | OK https://skeb.jp/api/users/Ttk__166
2026-09-26 14:14:47 | INFO     | Saving at a/skeb/Ttk__166-68956c.json
2026-09-26 14:14:48 | INFO     | OK https://skeb.jp/api/users/katsuragimay18h
2026-09-26 14:14:48 | INFO     | Saving at a/skeb/katsuragimay18h-aa161e.json
2026-09-26 14:14:49 | INFO     | OK https://skeb.jp/api/users/meopen429
2026-09-26 14:14:49 | INFO     | Saving at a/skeb/meopen429-c1c6e1.json
2026-09-26 14:14:50 | INFO     | OK https://skeb.jp/api/users/kaigaaaannokagi
2026-09-26 14:14:50 | INFO     | Saving at a/skeb/kaigaaaannokagi-61a19b.json
2026-09-26 14:14:52 | INFO     | OK https://skeb.jp/api/users/iiiichimarU_03
2026-09-26 14:14:52 | INFO     | Saving at a/skeb/iiiichimarU_03-c2bd5e.json
2026-09-26 14:14:52 | INFO     | OK https://skeb.jp/api/users/pethamhams
2026-09-26 14:14:52 | INFO     | Saving at a/skeb/pethamhams-a47b7f.json
2026-09-26 14:14:53 | INFO     | OK https://skeb.jp/api/users/rorodayo66
2026-09-26 14:14:53 | INFO     | Saving at a/skeb/rorodayo66-353e1b.json
2026-09-26 14:14:54 | INFO     | OK https://skeb.jp/api/users/kamikaze_oekk
2026-09-26 14:14:54 | INFO     | Saving at a/skeb/kamikaze_oekk-4a398f.json
2026-09-26 14:14:55 | INFO     | OK https://skeb.jp/api/users/8AIVD
2026-09-26 14:14:55 | INFO     | Saving at a/skeb/8AIVD-ab42ec.json
2026-09-26 14:14:56 | INFO     | OK https://skeb.jp/api/users/koiiroharemoyou
2026-09-26 14:14:56 | INFO     | Saving at a/skeb/koiiroharemoyou-761017.json
2026-09-26 14:14:57 | INFO     | OK https://skeb.jp/api/users/kamuraaa_615
2026-09-26 14:14:57 | INFO     | Saving at a/skeb/kamuraaa_615-c467a7.json
2026-09-26 14:14:58 | INFO     | OK https://skeb.jp/api/users/mogahonu
2026-09-26 14:14:58 | INFO     | Saving at a/skeb/mogahonu-37d6d1.json
2026-09-26 14:14:59 | INFO     | OK https://skeb.jp/api/users/kajitu0503
2026-09-26 14:14:59 | INFO     | Saving at a/skeb/kajitu0503-2022d3.json
2026-09-26 14:15:00 | INFO     | OK https://skeb.jp/api/users/ebimirin1214
2026-09-26 14:15:00 | INFO     | Saving at a/skeb/ebimirin1214-28f96f.json
2026-09-26 14:15:02 | INFO     | OK https://skeb.jp/api/users/si3olW61xNhNtnK
2026-09-26 14:15:02 | INFO     | Saving at a/skeb/si3olW61xNhNtnK-338714.json
2026-09-26 14:15:03 | INFO     | OK https://skeb.jp/api/users/0Px6oxqLQzkGb9e
2026-09-26 14:15:03 | INFO     | Saving at a/skeb/0Px6oxqLQzkGb9e-e1571b.json
2026-09-26 14:15:03 | INFO     | OK https://skeb.jp/api/users/skhr_cv
2026-09-26 14:15:03 | INFO     | Saving at a/skeb/skhr_cv-b1e5ae.json
2026-09-26 14:15:04 | INFO     | OK https://skeb.jp/api/users/noinoirerda
2026-09-26 14:15:04 | INFO     | Saving at a/skeb/noinoirerda-9b06c7.json
2026-09-26 14:15:05 | INFO     | OK https://skeb.jp/api/users/ebachi11
2026-09-26 14:15:05 | INFO     | Saving at a/skeb/ebachi11-dae293.json
2026-09-26 14:15:06 | INFO     | OK https://skeb.jp/api/users/mimimi0412m
2026-09-26 14:15:06 | INFO     | Saving at a/skeb/mimimi0412m-df090e.json
2026-09-26 14:15:07 | INFO     | OK https://skeb.jp/api/users/watakon
2026-09-26 14:15:07 | INFO     | Saving at a/skeb/watakon-c44f7c.json
2026-09-26 14:15:08 | INFO     | OK https://skeb.jp/api/users/kikuPsyche
2026-09-26 14:15:08 | INFO     | Saving at a/skeb/kikuPsyche-7f6947.json
2026-09-26 14:15:09 | INFO     | OK https://skeb.jp/api/users/iwagomori
2026-09-26 14:15:09 | INFO     | Saving at a/skeb/iwagomori-79c158.json
2026-09-26 14:15:11 | INFO     | OK https://skeb.jp/api/users/sukiniyondene
2026-09-26 14:15:11 | INFO     | Saving at a/skeb/sukiniyondene-aa97eb.json
2026-09-26 14:15:11 | INFO     | OK https://skeb.jp/api/users/K4FUN_SH0
2026-09-26 14:15:11 | INFO     | Saving at a/skeb/K4FUN_SH0-77198b.json
2026-09-26 14:15:12 | INFO     | OK https://skeb.jp/api/users/4848kelp
2026-09-26 14:15:12 | INFO     | Saving at a/skeb/4848kelp-e7a7f8.json
2026-09-26 14:15:13 | INFO     | OK https://skeb.jp/api/users/zatta_saito
2026-09-26 14:15:13 | INFO     | Saving at a/skeb/zatta_saito-97e285.json
2026-09-26 14:15:14 | INFO     | OK https://skeb.jp/api/users/NOKKE55
2026-09-26 14:15:14 | INFO     | Saving at a/skeb/NOKKE55-efe378.json
2026-09-26 14:15:15 | INFO     | OK https://skeb.jp/api/users/kadokame
2026-09-26 14:15:15 | INFO     | Saving at a/skeb/kadokame-b29ef4.json
2026-09-26 14:15:16 | INFO     | OK https://skeb.jp/api/users/sidare_
2026-09-26 14:15:16 | INFO     | Saving at a/skeb/sidare_-1d46fb.json
2026-09-26 14:15:17 | INFO     | OK https://skeb.jp/api/users/sochin_douji
2026-09-26 14:15:17 | INFO     | Saving at a/skeb/sochin_douji-1373d5.json
2026-09-26 14:15:18 | INFO     | OK https://skeb.jp/api/users/yuyuouoyuyu
2026-09-26 14:15:18 | INFO     | Saving at a/skeb/yuyuouoyuyu-3eff6e.json
2026-09-26 14:15:19 | INFO     | OK https://skeb.jp/api/users/Leica
2026-09-26 14:15:19 | INFO     | Saving at a/skeb/Leica-4ec6b8.json
2026-09-26 14:15:20 | INFO     | OK https://skeb.jp/api/users/_966_Kururuchan
2026-09-26 14:15:20 | INFO     | Saving at a/skeb/_966_Kururuchan-534198.json
2026-09-26 14:15:21 | INFO     | OK https://skeb.jp/api/users/mihtd
2026-09-26 14:15:21 | INFO     | Saving at a/skeb/mihtd-71e238.json
2026-09-26 14:15:22 | INFO     | OK https://skeb.jp/api/users/hidehideom2
2026-09-26 14:15:22 | INFO     | Saving at a/skeb/hidehideom2-aa2345.json
2026-09-26 14:15:23 | INFO     | OK https://skeb.jp/api/users/Garururu_Garu
2026-09-26 14:15:23 | INFO     | Saving at a/skeb/Garururu_Garu-a9008a.json
2026-09-26 14:15:25 | INFO     | OK https://skeb.jp/api/users/3710nezumi
2026-09-26 14:15:25 | INFO     | Saving at a/skeb/3710nezumi-d30ce4.json
2026-09-26 14:15:25 | INFO     | OK https://skeb.jp/api/users/rahato190
2026-09-26 14:15:25 | INFO     | Saving at a/skeb/rahato190-bc3287.json
2026-09-26 14:15:26 | INFO     | OK https://skeb.jp/api/users/V2AE5OcFVDuhq2v
2026-09-26 14:15:26 | INFO     | Saving at a/skeb/V2AE5OcFVDuhq2v-a39c8e.json
2026-09-26 14:15:27 | INFO     | OK https://skeb.jp/api/users/AONIKU_YARIS
2026-09-26 14:15:27 | INFO     | Saving at a/skeb/AONIKU_YARIS-843c7e.json
2026-09-26 14:15:28 | INFO     | OK https://skeb.jp/api/users/sin_pentagram
2026-09-26 14:15:28 | INFO     | Saving at a/skeb/sin_pentagram-e669d2.json
2026-09-26 14:15:29 | INFO     | OK https://skeb.jp/api/users/yukitsugu_tsugu
2026-09-26 14:15:29 | INFO     | Saving at a/skeb/yukitsugu_tsugu-55b424.json
2026-09-26 14:15:30 | INFO     | OK https://skeb.jp/api/users/hhata467
2026-09-26 14:15:30 | INFO     | Saving at a/skeb/hhata467-ecb453.json
2026-09-26 14:15:32 | INFO     | OK https://skeb.jp/api/users/chigigigi327
2026-09-26 14:15:32 | INFO     | Saving at a/skeb/chigigigi327-b90611.json
2026-09-26 14:15:32 | INFO     | OK https://skeb.jp/api/users/Mppp
2026-09-26 14:15:32 | INFO     | Saving at a/skeb/Mppp-e579d7.json
2026-09-26 14:15:33 | INFO     | OK https://skeb.jp/api/users/283noe
2026-09-26 14:15:33 | INFO     | Saving at a/skeb/283noe-f2a523.json
2026-09-26 14:15:34 | INFO     | OK https://skeb.jp/api/users/lnn__am1244
2026-09-26 14:15:34 | INFO     | Saving at a/skeb/lnn__am1244-dded26.json
2026-09-26 14:15:35 | INFO     | OK https://skeb.jp/api/users/YUNI88jp
2026-09-26 14:15:35 | INFO     | Saving at a/skeb/YUNI88jp-92a2e3.json
2026-09-26 14:15:36 | INFO     | OK https://skeb.jp/api/users/Ruru_chan_618
2026-09-26 14:15:36 | INFO     | Saving at a/skeb/Ruru_chan_618-ee90bd.json
2026-09-26 14:15:37 | INFO     | OK https://skeb.jp/api/users/akino0105
2026-09-26 14:15:37 | INFO     | Saving at a/skeb/akino0105-2de9a6.json
2026-09-26 14:15:38 | INFO     | OK https://skeb.jp/api/users/nmru185u
2026-09-26 14:15:38 | INFO     | Saving at a/skeb/nmru185u-5da726.json
2026-09-26 14:15:39 | INFO     | OK https://skeb.jp/api/users/gyotaku15te
2026-09-26 14:15:39 | INFO     | Saving at a/skeb/gyotaku15te-62ecb7.json
2026-09-26 14:15:40 | INFO     | OK https://skeb.jp/api/users/iIlIIlIll11
2026-09-26 14:15:40 | INFO     | Saving at a/skeb/iIlIIlIll11-414cc8.json
2026-09-26 14:15:41 | INFO     | OK https://skeb.jp/api/users/yoineya
2026-09-26 14:15:41 | INFO     | Saving at a/skeb/yoineya-b4e22e.json
2026-09-26 14:15:42 | INFO     | OK https://skeb.jp/api/users/DOECCHI_Moron
2026-09-26 14:15:42 | INFO     | Saving at a/skeb/DOECCHI_Moron-3fd070.json
2026-09-26 14:15:44 | INFO     | OK https://skeb.jp/api/users/ruriekaku
2026-09-26 14:15:44 | INFO     | Saving at a/skeb/ruriekaku-71492d.json
2026-09-26 14:15:44 | INFO     | OK https://skeb.jp/api/users/karan_koron100
2026-09-26 14:15:44 | INFO     | Saving at a/skeb/karan_koron100-01c206.json
2026-09-26 14:15:45 | INFO     | OK https://skeb.jp/api/users/HP0_Unknown
2026-09-26 14:15:45 | INFO     | Saving at a/skeb/HP0_Unknown-806be3.json
2026-09-26 14:15:46 | INFO     | OK https://skeb.jp/api/users/Ilias_studio
2026-09-26 14:15:46 | INFO     | Saving at a/skeb/Ilias_studio-4f5d18.json
2026-09-26 14:15:47 | INFO     | OK https://skeb.jp/api/users/tsushimatoshima
2026-09-26 14:15:47 | INFO     | Saving at a/skeb/tsushimatoshima-e5be1b.json
2026-09-26 14:15:48 | INFO     | OK https://skeb.jp/api/users/frim_02
2026-09-26 14:15:48 | INFO     | Saving at a/skeb/frim_02-e6fded.json
2026-09-26 14:15:49 | INFO     | OK https://skeb.jp/api/users/jcndx2_
2026-09-26 14:15:49 | INFO     | Saving at a/skeb/jcndx2_-cd595c.json
2026-09-26 14:15:50 | INFO     | OK https://skeb.jp/api/users/tsuji444
2026-09-26 14:15:50 | INFO     | Saving at a/skeb/tsuji444-bb0444.json
2026-09-26 14:15:51 | INFO     | OK https://skeb.jp/api/users/monatsu
2026-09-26 14:15:51 | INFO     | Saving at a/skeb/monatsu-a30b3b.json
2026-09-26 14:15:52 | INFO     | OK https://skeb.jp/api/users/kurikara
2026-09-26 14:15:52 | INFO     | Saving at a/skeb/kurikara-2941a4.json
2026-09-26 14:15:53 | INFO     | OK https://skeb.jp/api/users/box_shia
2026-09-26 14:15:53 | INFO     | Saving at a/skeb/box_shia-755f29.json
2026-09-26 14:15:54 | INFO     | OK https://skeb.jp/api/users/kazillust
2026-09-26 14:15:54 | INFO     | Saving at a/skeb/kazillust-a828af.json
2026-09-26 14:15:55 | INFO     | OK https://skeb.jp/api/users/gc5z3r
2026-09-26 14:15:55 | INFO     | Saving at a/skeb/gc5z3r-f577ec.json
2026-09-26 14:15:56 | INFO     | OK https://skeb.jp/api/users/azisio1616171
2026-09-26 14:15:56 | INFO     | Saving at a/skeb/azisio1616171-b8c095.json
2026-09-26 14:15:57 | INFO     | OK https://skeb.jp/api/users/yowati_
2026-09-26 14:15:57 | INFO     | Saving at a/skeb/yowati_-c6e911.json
2026-09-26 14:15:58 | INFO     | OK https://skeb.jp/api/users/hotatube_nya
2026-09-26 14:15:58 | INFO     | Saving at a/skeb/hotatube_nya-f486f8.json
2026-09-26 14:15:59 | INFO     | OK https://skeb.jp/api/users/nyopepoyo
2026-09-26 14:15:59 | INFO     | Saving at a/skeb/nyopepoyo-6668c9.json
2026-09-26 14:16:00 | INFO     | OK https://skeb.jp/api/users/dreamdr14722570
2026-09-26 14:16:00 | INFO     | Saving at a/skeb/dreamdr14722570-2d153a.json
2026-09-26 14:16:01 | INFO     | OK https://skeb.jp/api/users/kusar1katabira
2026-09-26 14:16:01 | INFO     | Saving at a/skeb/kusar1katabira-e06ffd.json
2026-09-26 14:16:03 | INFO     | OK https://skeb.jp/api/users/simaena05
2026-09-26 14:16:03 | INFO     | Saving at a/skeb/simaena05-2b668e.json
2026-09-26 14:16:03 | INFO     | OK https://skeb.jp/api/users/mariopnn788
2026-09-26 14:16:03 | INFO     | Saving at a/skeb/mariopnn788-07cf8e.json
2026-09-26 14:16:04 | INFO     | OK https://skeb.jp/api/users/Wahaha_1120
2026-09-26 14:16:04 | INFO     | Saving at a/skeb/Wahaha_1120-384566.json
2026-09-26 14:16:06 | INFO     | OK https://skeb.jp/api/users/shiratamajakush
2026-09-26 14:16:06 | INFO     | Saving at a/skeb/shiratamajakush-2859fb.json
2026-09-26 14:16:06 | INFO     | OK https://skeb.jp/api/users/tetikun
2026-09-26 14:16:06 | INFO     | Saving at a/skeb/tetikun-1474a3.json
2026-09-26 14:16:07 | INFO     | OK https://skeb.jp/api/users/Akasha
2026-09-26 14:16:07 | INFO     | Saving at a/skeb/Akasha-c7c4a3.json
2026-09-26 14:16:08 | INFO     | OK https://skeb.jp/api/users/hcu_89
2026-09-26 14:16:08 | INFO     | Saving at a/skeb/hcu_89-234844.json
2026-09-26 14:16:09 | INFO     | OK https://skeb.jp/api/users/yororoO_Ororo
2026-09-26 14:16:09 | INFO     | Saving at a/skeb/yororoO_Ororo-ca9fc2.json
2026-09-26 14:16:10 | INFO     | OK https://skeb.jp/api/users/NEGUSEowo
2026-09-26 14:16:10 | INFO     | Saving at a/skeb/NEGUSEowo-fbf880.json
2026-09-26 14:16:11 | INFO     | OK https://skeb.jp/api/users/nemuindayonero
2026-09-26 14:16:11 | INFO     | Saving at a/skeb/nemuindayonero-6d2542.json
2026-09-26 14:16:12 | INFO     | OK https://skeb.jp/api/users/71717I7l
2026-09-26 14:16:12 | INFO     | Saving at a/skeb/71717I7l-a58995.json
2026-09-26 14:16:13 | INFO     | OK https://skeb.jp/api/users/suyosuyo
2026-09-26 14:16:13 | INFO     | Saving at a/skeb/suyosuyo-03eff5.json
2026-09-26 14:16:14 | INFO     | OK https://skeb.jp/api/users/Lrumiya
2026-09-26 14:16:14 | INFO     | Saving at a/skeb/Lrumiya-894571.json
2026-09-26 14:16:15 | INFO     | OK https://skeb.jp/api/users/TirolCatOxO
2026-09-26 14:16:16 | INFO     | Saving at a/skeb/TirolCatOxO-2ce5e1.json
2026-09-26 14:16:17 | INFO     | OK https://skeb.jp/api/users/hirari___in
2026-09-26 14:16:17 | INFO     | Saving at a/skeb/hirari___in-e4a886.json
2026-09-26 14:16:17 | INFO     | OK https://skeb.jp/api/users/illustutti
2026-09-26 14:16:17 | INFO     | Saving at a/skeb/illustutti-8f1c4d.json
2026-09-26 14:16:18 | INFO     | OK https://skeb.jp/api/users/kato_ohagi
2026-09-26 14:16:18 | INFO     | Saving at a/skeb/kato_ohagi-19dc92.json
2026-09-26 14:16:20 | INFO     | OK https://skeb.jp/api/users/roughll__
2026-09-26 14:16:20 | INFO     | Saving at a/skeb/roughll__-99b3b6.json
2026-09-26 14:16:21 | INFO     | OK https://skeb.jp/api/users/nasukeke_l_nuwa
2026-09-26 14:16:21 | INFO     | Saving at a/skeb/nasukeke_l_nuwa-c2d0c3.json
2026-09-26 14:16:21 | INFO     | OK https://skeb.jp/api/users/hukadune
2026-09-26 14:16:22 | INFO     | Saving at a/skeb/hukadune-db5422.json
2026-09-26 14:16:22 | INFO     | OK https://skeb.jp/api/users/rtenwnds
2026-09-26 14:16:22 | INFO     | Saving at a/skeb/rtenwnds-ff5172.json
2026-09-26 14:16:23 | INFO     | OK https://skeb.jp/api/users/43nkm
2026-09-26 14:16:23 | INFO     | Saving at a/skeb/43nkm-a2af67.json
2026-09-26 14:16:25 | INFO     | OK https://skeb.jp/api/users/106staygold
2026-09-26 14:16:25 | INFO     | Saving at a/skeb/106staygold-2b5314.json
2026-09-26 14:16:25 | INFO     | OK https://skeb.jp/api/users/hikarinoILST
2026-09-26 14:16:25 | INFO     | Saving at a/skeb/hikarinoILST-9ac228.json
2026-09-26 14:16:26 | INFO     | OK https://skeb.jp/api/users/Yurube243
2026-09-26 14:16:26 | INFO     | Saving at a/skeb/Yurube243-58da09.json
2026-09-26 14:16:27 | INFO     | OK https://skeb.jp/api/users/kiri_0861
2026-09-26 14:16:27 | INFO     | Saving at a/skeb/kiri_0861-c8b449.json
2026-09-26 14:16:29 | INFO     | OK https://skeb.jp/api/users/akemitsume
2026-09-26 14:16:29 | INFO     | Saving at a/skeb/akemitsume-913c7f.json
2026-09-26 14:16:29 | INFO     | OK https://skeb.jp/api/users/PoruporuR18
2026-09-26 14:16:29 | INFO     | Saving at a/skeb/PoruporuR18-d68854.json
2026-09-26 14:16:30 | INFO     | OK https://skeb.jp/api/users/manya_ravilia
2026-09-26 14:16:30 | INFO     | Saving at a/skeb/manya_ravilia-dbdd36.json
2026-09-26 14:16:31 | INFO     | OK https://skeb.jp/api/users/Hoenn17
2026-09-26 14:16:31 | INFO     | Saving at a/skeb/Hoenn17-a7df8e.json
2026-09-26 14:16:32 | INFO     | OK https://skeb.jp/api/users/hisame_104
2026-09-26 14:16:32 | INFO     | Saving at a/skeb/hisame_104-7efe35.json
2026-09-26 14:16:33 | INFO     | OK https://skeb.jp/api/users/bombomhifugigo
2026-09-26 14:16:33 | INFO     | Saving at a/skeb/bombomhifugigo-11bd60.json
2026-09-26 14:16:35 | INFO     | OK https://skeb.jp/api/users/pink15p
2026-09-26 14:16:35 | INFO     | Saving at a/skeb/pink15p-cf6948.json
2026-09-26 14:16:36 | INFO     | OK https://skeb.jp/api/users/xf7_pml
2026-09-26 14:16:36 | INFO     | Saving at a/skeb/xf7_pml-1434c6.json
2026-09-26 14:16:37 | INFO     | OK https://skeb.jp/api/users/jank365m
2026-09-26 14:16:37 | INFO     | Saving at a/skeb/jank365m-ef5c70.json
2026-09-26 14:16:37 | INFO     | OK https://skeb.jp/api/users/dosei_notomato
2026-09-26 14:16:37 | INFO     | Saving at a/skeb/dosei_notomato-1ed4c9.json
2026-09-26 14:16:39 | INFO     | OK https://skeb.jp/api/users/nibiirooo_
2026-09-26 14:16:39 | INFO     | Saving at a/skeb/nibiirooo_-058651.json
2026-09-26 14:16:39 | INFO     | OK https://skeb.jp/api/users/chisamikan
2026-09-26 14:16:39 | INFO     | Saving at a/skeb/chisamikan-78ab3b.json
2026-09-26 14:16:41 | INFO     | OK https://skeb.jp/api/users/Suzu_nyan01
2026-09-26 14:16:41 | INFO     | Saving at a/skeb/Suzu_nyan01-79fb34.json
2026-09-26 14:16:41 | INFO     | OK https://skeb.jp/api/users/saku_F_0411
2026-09-26 14:16:41 | INFO     | Saving at a/skeb/saku_F_0411-831601.json
2026-09-26 14:16:43 | INFO     | OK https://skeb.jp/api/users/stnc5511
2026-09-26 14:16:43 | INFO     | Saving at a/skeb/stnc5511-a2a339.json
2026-09-26 14:16:43 | INFO     | OK https://skeb.jp/api/users/qo_uz8
2026-09-26 14:16:43 | INFO     | Saving at a/skeb/qo_uz8-a4ac17.json
2026-09-26 14:16:44 | INFO     | OK https://skeb.jp/api/users/melvi0_
2026-09-26 14:16:44 | INFO     | Saving at a/skeb/melvi0_-3912fe.json
2026-09-26 14:16:45 | INFO     | OK https://skeb.jp/api/users/meromoemero
2026-09-26 14:16:45 | INFO     | Saving at a/skeb/meromoemero-90daf6.json
2026-09-26 14:16:46 | INFO     | OK https://skeb.jp/api/users/310ri_310
2026-09-26 14:16:46 | INFO     | Saving at a/skeb/310ri_310-5d5800.json
2026-09-26 14:16:48 | INFO     | OK https://skeb.jp/api/users/tsunemoku
2026-09-26 14:16:48 | INFO     | Saving at a/skeb/tsunemoku-0d3e55.json
2026-09-26 14:16:48 | INFO     | OK https://skeb.jp/api/users/kawakawa_sekai
2026-09-26 14:16:48 | INFO     | Saving at a/skeb/kawakawa_sekai-b245d9.json
2026-09-26 14:16:50 | INFO     | OK https://skeb.jp/api/users/hzk_mozu
2026-09-26 14:16:50 | INFO     | Saving at a/skeb/hzk_mozu-64aff5.json
2026-09-26 14:16:51 | INFO     | OK https://skeb.jp/api/users/kurione0608
2026-09-26 14:16:51 | INFO     | Saving at a/skeb/kurione0608-a79be5.json
2026-09-26 14:16:51 | INFO     | OK https://skeb.jp/api/users/ov_qae
2026-09-26 14:16:51 | INFO     | Saving at a/skeb/ov_qae-148f0f.json
2026-09-26 14:16:53 | INFO     | OK https://skeb.jp/api/users/Warmly_breaknow
2026-09-26 14:16:53 | INFO     | Saving at a/skeb/Warmly_breaknow-300582.json
2026-09-26 14:16:54 | INFO     | OK https://skeb.jp/api/users/Chihane0031
2026-09-26 14:16:54 | INFO     | Saving at a/skeb/Chihane0031-2b5cdb.json
2026-09-26 14:16:54 | INFO     | OK https://skeb.jp/api/users/orega_mom
2026-09-26 14:16:54 | INFO     | Saving at a/skeb/orega_mom-d03b31.json
2026-09-26 14:16:55 | INFO     | OK https://skeb.jp/api/users/masuka_0427
2026-09-26 14:16:55 | INFO     | Saving at a/skeb/masuka_0427-4e565f.json
2026-09-26 14:16:56 | INFO     | OK https://skeb.jp/api/users/amazusoda
2026-09-26 14:16:56 | INFO     | Saving at a/skeb/amazusoda-79575d.json
2026-09-26 14:16:58 | INFO     | OK https://skeb.jp/api/users/exe_exem
2026-09-26 14:16:58 | INFO     | Saving at a/skeb/exe_exem-908731.json
2026-09-26 14:16:58 | INFO     | OK https://skeb.jp/api/users/wamosukeda
2026-09-26 14:16:58 | INFO     | Saving at a/skeb/wamosukeda-751cae.json
2026-09-26 14:17:00 | INFO     | OK https://skeb.jp/api/users/1000tyu
2026-09-26 14:17:00 | INFO     | Saving at a/skeb/1000tyu-fee553.json
2026-09-26 14:17:01 | INFO     | OK https://skeb.jp/api/users/N_Haruka0A0
2026-09-26 14:17:01 | INFO     | Saving at a/skeb/N_Haruka0A0-b4b0a7.json
2026-09-26 14:17:02 | INFO     | OK https://skeb.jp/api/users/momoyama_tits
2026-09-26 14:17:02 | INFO     | Saving at a/skeb/momoyama_tits-490be3.json
2026-09-26 14:17:02 | INFO     | OK https://skeb.jp/api/users/inposamu
2026-09-26 14:17:02 | INFO     | Saving at a/skeb/inposamu-020a88.json
2026-09-26 14:17:04 | INFO     | OK https://skeb.jp/api/users/aoi_tachi0
2026-09-26 14:17:04 | INFO     | Saving at a/skeb/aoi_tachi0-e0c773.json
2026-09-26 14:17:05 | INFO     | OK https://skeb.jp/api/users/shibacchus
2026-09-26 14:17:05 | INFO     | Saving at a/skeb/shibacchus-5d8528.json
2026-09-26 14:17:05 | INFO     | OK https://skeb.jp/api/users/j5whf
2026-09-26 14:17:05 | INFO     | Saving at a/skeb/j5whf-26ad14.json
2026-09-26 14:17:06 | INFO     | OK https://skeb.jp/api/users/umnmzo0
2026-09-26 14:17:06 | INFO     | Saving at a/skeb/umnmzo0-321039.json
2026-09-26 14:17:08 | INFO     | OK https://skeb.jp/api/users/900_kyou
2026-09-26 14:17:08 | INFO     | Saving at a/skeb/900_kyou-492a90.json
2026-09-26 14:17:09 | INFO     | OK https://skeb.jp/api/users/pao__lily
2026-09-26 14:17:09 | INFO     | Saving at a/skeb/pao__lily-255064.json
2026-09-26 14:17:09 | INFO     | OK https://skeb.jp/api/users/DEATH_DE_MON
2026-09-26 14:17:09 | INFO     | Saving at a/skeb/DEATH_DE_MON-e7a679.json
2026-09-26 14:17:10 | INFO     | OK https://skeb.jp/api/users/uzsio00
2026-09-26 14:17:10 | INFO     | Saving at a/skeb/uzsio00-fb4097.json
2026-09-26 14:17:12 | INFO     | OK https://skeb.jp/api/users/kinnikusube
2026-09-26 14:17:12 | INFO     | Saving at a/skeb/kinnikusube-0310df.json
2026-09-26 14:17:13 | INFO     | OK https://skeb.jp/api/users/yuyuzu22
2026-09-26 14:17:13 | INFO     | Saving at a/skeb/yuyuzu22-00c777.json
2026-09-26 14:17:13 | INFO     | OK https://skeb.jp/api/users/ororororo___
2026-09-26 14:17:13 | INFO     | Saving at a/skeb/ororororo___-ed1602.json
2026-09-26 14:17:15 | INFO     | OK https://skeb.jp/api/users/Appoco_
2026-09-26 14:17:15 | INFO     | Saving at a/skeb/Appoco_-695a01.json
2026-09-26 14:17:16 | INFO     | OK https://skeb.jp/api/users/taruto_um17
2026-09-26 14:17:16 | INFO     | Saving at a/skeb/taruto_um17-28ea4c.json
2026-09-26 14:17:17 | INFO     | OK https://skeb.jp/api/users/r51633060
2026-09-26 14:17:17 | INFO     | Saving at a/skeb/r51633060-1bd1ea.json
2026-09-26 14:17:18 | INFO     | OK https://skeb.jp/api/users/kamikennas
2026-09-26 14:17:18 | INFO     | Saving at a/skeb/kamikennas-603460.json
2026-09-26 14:17:18 | INFO     | OK https://skeb.jp/api/users/blGVprumRygoIAW
2026-09-26 14:17:18 | INFO     | Saving at a/skeb/blGVprumRygoIAW-75544a.json
2026-09-26 14:17:19 | INFO     | OK https://skeb.jp/api/users/tripleq_did
2026-09-26 14:17:19 | INFO     | Saving at a/skeb/tripleq_did-9eec5e.json
2026-09-26 14:17:21 | INFO     | OK https://skeb.jp/api/users/joqqeyoqqe
2026-09-26 14:17:21 | INFO     | Saving at a/skeb/joqqeyoqqe-f0da02.json
2026-09-26 14:17:21 | INFO     | OK https://skeb.jp/api/users/watanuki1223
2026-09-26 14:17:21 | INFO     | Saving at a/skeb/watanuki1223-2bd9ea.json
2026-09-26 14:17:22 | INFO     | OK https://skeb.jp/api/users/NagireiKokage_8
2026-09-26 14:17:22 | INFO     | Saving at a/skeb/NagireiKokage_8-39949f.json
2026-09-26 14:17:24 | INFO     | OK https://skeb.jp/api/users/sagisawa1852
2026-09-26 14:17:24 | INFO     | Saving at a/skeb/sagisawa1852-d52d2b.json
2026-09-26 14:17:24 | INFO     | OK https://skeb.jp/api/users/Don_iceplace
2026-09-26 14:17:24 | INFO     | Saving at a/skeb/Don_iceplace-a7f97b.json
2026-09-26 14:17:26 | INFO     | OK https://skeb.jp/api/users/iceedgemarn
2026-09-26 14:17:26 | INFO     | Saving at a/skeb/iceedgemarn-2f93ed.json
2026-09-26 14:17:27 | INFO     | OK https://skeb.jp/api/users/Nana01_Art
2026-09-26 14:17:27 | INFO     | Saving at a/skeb/Nana01_Art-589764.json
2026-09-26 14:17:27 | INFO     | OK https://skeb.jp/api/users/noor_nzm
2026-09-26 14:17:27 | INFO     | Saving at a/skeb/noor_nzm-e8bfa6.json
2026-09-26 14:17:29 | INFO     | OK https://skeb.jp/api/users/nemuri_711
2026-09-26 14:17:29 | INFO     | Saving at a/skeb/nemuri_711-7063ab.json
2026-09-26 14:17:29 | INFO     | OK https://skeb.jp/api/users/kinpatsu_494
2026-09-26 14:17:29 | INFO     | Saving at a/skeb/kinpatsu_494-410ab6.json
2026-09-26 14:17:30 | INFO     | OK https://skeb.jp/api/users/comifur
2026-09-26 14:17:30 | INFO     | Saving at a/skeb/comifur-d9d571.json
2026-09-26 14:17:32 | INFO     | OK https://skeb.jp/api/users/0914yuuri_k
2026-09-26 14:17:32 | INFO     | Saving at a/skeb/0914yuuri_k-b54d77.json
2026-09-26 14:17:33 | INFO     | OK https://skeb.jp/api/users/Tamase_Tama
2026-09-26 14:17:33 | INFO     | Saving at a/skeb/Tamase_Tama-be486e.json
2026-09-26 14:17:34 | INFO     | OK https://skeb.jp/api/users/natsunohiori
2026-09-26 14:17:34 | INFO     | Saving at a/skeb/natsunohiori-7e6036.json
2026-09-26 14:17:35 | INFO     | OK https://skeb.jp/api/users/shibumenigai
2026-09-26 14:17:35 | INFO     | Saving at a/skeb/shibumenigai-e502e6.json
2026-09-26 14:17:36 | INFO     | OK https://skeb.jp/api/users/fukuisora
2026-09-26 14:17:36 | INFO     | Saving at a/skeb/fukuisora-d7d94a.json
2026-09-26 14:17:37 | INFO     | OK https://skeb.jp/api/users/karaikaru
2026-09-26 14:17:37 | INFO     | Saving at a/skeb/karaikaru-c8bbba.json
2026-09-26 14:17:38 | INFO     | OK https://skeb.jp/api/users/neco_mono96
2026-09-26 14:17:38 | INFO     | Saving at a/skeb/neco_mono96-6c88b2.json
2026-09-26 14:17:39 | INFO     | OK https://skeb.jp/api/users/Hina_SuS_aniH
2026-09-26 14:17:39 | INFO     | Saving at a/skeb/Hina_SuS_aniH-f9fd8c.json
2026-09-26 14:17:39 | INFO     | OK https://skeb.jp/api/users/miyaki_39
2026-09-26 14:17:39 | INFO     | Saving at a/skeb/miyaki_39-fd5e88.json
2026-09-26 14:17:41 | INFO     | OK https://skeb.jp/api/users/moyasi_kansyu
2026-09-26 14:17:41 | INFO     | Saving at a/skeb/moyasi_kansyu-739a63.json
2026-09-26 14:17:42 | INFO     | OK https://skeb.jp/api/users/NecoroTanuki
2026-09-26 14:17:42 | INFO     | Saving at a/skeb/NecoroTanuki-23f45e.json
2026-09-26 14:17:43 | INFO     | OK https://skeb.jp/api/users/Nadafui0
2026-09-26 14:17:43 | INFO     | Saving at a/skeb/Nadafui0-892492.json
2026-09-26 14:17:44 | INFO     | OK https://skeb.jp/api/users/hako_nonaka
2026-09-26 14:17:44 | INFO     | Saving at a/skeb/hako_nonaka-f0530f.json
2026-09-26 14:17:45 | INFO     | OK https://skeb.jp/api/users/yomo_yamai
2026-09-26 14:17:45 | INFO     | Saving at a/skeb/yomo_yamai-c35fc8.json
2026-09-26 14:17:46 | INFO     | OK https://skeb.jp/api/users/icorasama
2026-09-26 14:17:46 | INFO     | Saving at a/skeb/icorasama-9ef1c4.json
2026-09-26 14:17:47 | INFO     | OK https://skeb.jp/api/users/UO_dekka_
2026-09-26 14:17:47 | INFO     | Saving at a/skeb/UO_dekka_-ba7dc3.json
2026-09-26 14:17:48 | INFO     | OK https://skeb.jp/api/users/nirurun_nuu
2026-09-26 14:17:48 | INFO     | Saving at a/skeb/nirurun_nuu-a8efa7.json
2026-09-26 14:17:49 | INFO     | OK https://skeb.jp/api/users/yukinohi0711
2026-09-26 14:17:49 | INFO     | Saving at a/skeb/yukinohi0711-19cf51.json
2026-09-26 14:17:50 | INFO     | OK https://skeb.jp/api/users/honeyvoice
2026-09-26 14:17:50 | INFO     | Saving at a/skeb/honeyvoice-aa997f.json
2026-09-26 14:17:51 | INFO     | OK https://skeb.jp/api/users/NeonShizuku
2026-09-26 14:17:51 | INFO     | Saving at a/skeb/NeonShizuku-3d3f21.json
2026-09-26 14:17:52 | INFO     | OK https://skeb.jp/api/users/warukuriboo
2026-09-26 14:17:52 | INFO     | Saving at a/skeb/warukuriboo-900960.json
2026-09-26 14:17:53 | INFO     | OK https://skeb.jp/api/users/mochioni113
2026-09-26 14:17:53 | INFO     | Saving at a/skeb/mochioni113-b83d1b.json
2026-09-26 14:17:54 | INFO     | OK https://skeb.jp/api/users/Rinderoooooon
2026-09-26 14:17:54 | INFO     | Saving at a/skeb/Rinderoooooon-1a5c8d.json
2026-09-26 14:17:55 | INFO     | OK https://skeb.jp/api/users/ororooooooops
2026-09-26 14:17:55 | INFO     | Saving at a/skeb/ororooooooops-ae8d54.json
2026-09-26 14:17:56 | INFO     | OK https://skeb.jp/api/users/MOCHI_KURA_008
2026-09-26 14:17:56 | INFO     | Saving at a/skeb/MOCHI_KURA_008-de2540.json
2026-09-26 14:17:57 | INFO     | OK https://skeb.jp/api/users/RSN_07
2026-09-26 14:17:57 | INFO     | Saving at a/skeb/RSN_07-30a32d.json
2026-09-26 14:17:58 | INFO     | OK https://skeb.jp/api/users/KCC_014
2026-09-26 14:17:58 | INFO     | Saving at a/skeb/KCC_014-6669b2.json
2026-09-26 14:17:59 | INFO     | OK https://skeb.jp/api/users/homare_appare
2026-09-26 14:17:59 | INFO     | Saving at a/skeb/homare_appare-9b8244.json
2026-09-26 14:18:00 | INFO     | OK https://skeb.jp/api/users/Weizenbrot1016
2026-09-26 14:18:00 | INFO     | Saving at a/skeb/Weizenbrot1016-f8fbac.json
2026-09-26 14:18:01 | INFO     | OK https://skeb.jp/api/users/nnyrkg
2026-09-26 14:18:01 | INFO     | Saving at a/skeb/nnyrkg-69bbff.json
2026-09-26 14:18:02 | INFO     | OK https://skeb.jp/api/users/Goji_noon
2026-09-26 14:18:02 | INFO     | Saving at a/skeb/Goji_noon-abe18c.json
2026-09-26 14:18:03 | INFO     | OK https://skeb.jp/api/users/rukina_ruki
2026-09-26 14:18:03 | INFO     | Saving at a/skeb/rukina_ruki-eb1087.json
2026-09-26 14:18:04 | INFO     | OK https://skeb.jp/api/users/hrn_firstW
2026-09-26 14:18:04 | INFO     | Saving at a/skeb/hrn_firstW-b2ce84.json
2026-09-26 14:18:05 | INFO     | OK https://skeb.jp/api/users/tunamagurosabu
2026-09-26 14:18:05 | INFO     | Saving at a/skeb/tunamagurosabu-34f554.json
2026-09-26 14:18:06 | INFO     | OK https://skeb.jp/api/users/siroi_53
2026-09-26 14:18:06 | INFO     | Saving at a/skeb/siroi_53-8dd768.json
2026-09-26 14:18:07 | INFO     | OK https://skeb.jp/api/users/nejumipro
2026-09-26 14:18:07 | INFO     | Saving at a/skeb/nejumipro-5aea2b.json
2026-09-26 14:18:07 | INFO     | OK https://skeb.jp/api/users/pretz9172
2026-09-26 14:18:07 | INFO     | Saving at a/skeb/pretz9172-d93853.json
2026-09-26 14:18:09 | INFO     | OK https://skeb.jp/api/users/Pinkshrimp15
2026-09-26 14:18:09 | INFO     | Saving at a/skeb/Pinkshrimp15-94b78f.json
2026-09-26 14:18:10 | INFO     | OK https://skeb.jp/api/users/ajmthjd
2026-09-26 14:18:10 | INFO     | Saving at a/skeb/ajmthjd-de8faa.json
2026-09-26 14:18:11 | INFO     | OK https://skeb.jp/api/users/iran_stn
2026-09-26 14:18:11 | INFO     | Saving at a/skeb/iran_stn-8a72a1.json
2026-09-26 14:18:12 | INFO     | OK https://skeb.jp/api/users/torikick
2026-09-26 14:18:12 | INFO     | Saving at a/skeb/torikick-5687f2.json
2026-09-26 14:18:13 | INFO     | OK https://skeb.jp/api/users/514chankawaii
2026-09-26 14:18:13 | INFO     | Saving at a/skeb/514chankawaii-3cdb11.json
2026-09-26 14:18:14 | INFO     | OK https://skeb.jp/api/users/2_bo_ra
2026-09-26 14:18:14 | INFO     | Saving at a/skeb/2_bo_ra-5add97.json
2026-09-26 14:18:15 | INFO     | OK https://skeb.jp/api/users/mayonchu_chu
2026-09-26 14:18:15 | INFO     | Saving at a/skeb/mayonchu_chu-6d3b76.json
2026-09-26 14:18:16 | INFO     | OK https://skeb.jp/api/users/nyoe_nyoh
2026-09-26 14:18:16 | INFO     | Saving at a/skeb/nyoe_nyoh-893e36.json
2026-09-26 14:18:17 | INFO     | OK https://skeb.jp/api/users/jyochoowattoru
2026-09-26 14:18:17 | INFO     | Saving at a/skeb/jyochoowattoru-155551.json
2026-09-26 14:18:18 | INFO     | OK https://skeb.jp/api/users/kataarmd
2026-09-26 14:18:18 | INFO     | Saving at a/skeb/kataarmd-f41be3.json
2026-09-26 14:18:19 | INFO     | OK https://skeb.jp/api/users/mo_muri223
2026-09-26 14:18:19 | INFO     | Saving at a/skeb/mo_muri223-ba05dc.json
2026-09-26 14:18:20 | INFO     | OK https://skeb.jp/api/users/lattefloat__
2026-09-26 14:18:20 | INFO     | Saving at a/skeb/lattefloat__-11cad7.json
2026-09-26 14:18:21 | INFO     | OK https://skeb.jp/api/users/hokori_4649
2026-09-26 14:18:21 | INFO     | Saving at a/skeb/hokori_4649-28bb1a.json
2026-09-26 14:18:22 | INFO     | OK https://skeb.jp/api/users/AcnhIti
2026-09-26 14:18:22 | INFO     | Saving at a/skeb/AcnhIti-1c13cc.json
2026-09-26 14:18:23 | INFO     | OK https://skeb.jp/api/users/shibori0221
2026-09-26 14:18:23 | INFO     | Saving at a/skeb/shibori0221-f57eb7.json
2026-09-26 14:18:24 | INFO     | OK https://skeb.jp/api/users/inuuuuuuuun
2026-09-26 14:18:24 | INFO     | Saving at a/skeb/inuuuuuuuun-bcfa26.json
2026-09-26 14:18:25 | INFO     | OK https://skeb.jp/api/users/douk1_1kigire
2026-09-26 14:18:25 | INFO     | Saving at a/skeb/douk1_1kigire-044648.json
2026-09-26 14:18:26 | INFO     | OK https://skeb.jp/api/users/matcha_koma
2026-09-26 14:18:26 | INFO     | Saving at a/skeb/matcha_koma-075ad8.json
2026-09-26 14:18:27 | INFO     | OK https://skeb.jp/api/users/LAIN_LOPU_123
2026-09-26 14:18:27 | INFO     | Saving at a/skeb/LAIN_LOPU_123-cece05.json
2026-09-26 14:18:28 | INFO     | OK https://skeb.jp/api/users/Suzu245612
2026-09-26 14:18:28 | INFO     | Saving at a/skeb/Suzu245612-a0bbac.json
2026-09-26 14:18:29 | INFO     | OK https://skeb.jp/api/users/tachiyawolf
2026-09-26 14:18:29 | INFO     | Saving at a/skeb/tachiyawolf-db4329.json
2026-09-26 14:18:30 | INFO     | OK https://skeb.jp/api/users/uno_hoppa92
2026-09-26 14:18:30 | INFO     | Saving at a/skeb/uno_hoppa92-cc814a.json
2026-09-26 14:18:31 | INFO     | OK https://skeb.jp/api/users/SENA_reco
2026-09-26 14:18:31 | INFO     | Saving at a/skeb/SENA_reco-ac4d4f.json
2026-09-26 14:18:32 | INFO     | OK https://skeb.jp/api/users/karap__noe
2026-09-26 14:18:32 | INFO     | Saving at a/skeb/karap__noe-064dee.json
2026-09-26 14:18:33 | INFO     | OK https://skeb.jp/api/users/R4I5E
2026-09-26 14:18:33 | INFO     | Saving at a/skeb/R4I5E-57afea.json
2026-09-26 14:18:34 | INFO     | OK https://skeb.jp/api/users/kiwamekiwa
2026-09-26 14:18:34 | INFO     | Saving at a/skeb/kiwamekiwa-14d7d9.json
2026-09-26 14:18:35 | INFO     | OK https://skeb.jp/api/users/wlj98k666
2026-09-26 14:18:35 | INFO     | Saving at a/skeb/wlj98k666-29da5e.json
2026-09-26 14:18:36 | INFO     | OK https://skeb.jp/api/users/jf5437
2026-09-26 14:18:36 | INFO     | Saving at a/skeb/jf5437-af5279.json
2026-09-26 14:18:37 | INFO     | OK https://skeb.jp/api/users/a1da_a
2026-09-26 14:18:37 | INFO     | Saving at a/skeb/a1da_a-006adb.json
2026-09-26 14:18:38 | INFO     | OK https://skeb.jp/api/users/asanoumibe
2026-09-26 14:18:38 | INFO     | Saving at a/skeb/asanoumibe-7ff428.json
2026-09-26 14:18:39 | INFO     | OK https://skeb.jp/api/users/pepepen_28
2026-09-26 14:18:39 | INFO     | Saving at a/skeb/pepepen_28-599af5.json
2026-09-26 14:18:40 | INFO     | OK https://skeb.jp/api/users/mayu_yumai
2026-09-26 14:18:40 | INFO     | Saving at a/skeb/mayu_yumai-b21788.json
2026-09-26 14:18:41 | INFO     | OK https://skeb.jp/api/users/sanadame
2026-09-26 14:18:41 | INFO     | Saving at a/skeb/sanadame-abea84.json
2026-09-26 14:18:42 | INFO     | OK https://skeb.jp/api/users/Ukeiuuu2
2026-09-26 14:18:42 | INFO     | Saving at a/skeb/Ukeiuuu2-6df10a.json
2026-09-26 14:18:43 | INFO     | OK https://skeb.jp/api/users/mors_k10
2026-09-26 14:18:43 | INFO     | Saving at a/skeb/mors_k10-03d3b7.json
2026-09-26 14:18:44 | INFO     | OK https://skeb.jp/api/users/ranse237
2026-09-26 14:18:44 | INFO     | Saving at a/skeb/ranse237-372dc5.json
2026-09-26 14:18:45 | INFO     | OK https://skeb.jp/api/users/magimagicalcal
2026-09-26 14:18:45 | INFO     | Saving at a/skeb/magimagicalcal-b84768.json
2026-09-26 14:18:46 | INFO     | OK https://skeb.jp/api/users/1323_e
2026-09-26 14:18:46 | INFO     | Saving at a/skeb/1323_e-66f327.json
2026-09-26 14:18:47 | INFO     | OK https://skeb.jp/api/users/onikawa_v
2026-09-26 14:18:47 | INFO     | Saving at a/skeb/onikawa_v-b54eed.json
2026-09-26 14:18:48 | INFO     | OK https://skeb.jp/api/users/Hinomiya_sousak
2026-09-26 14:18:48 | INFO     | Saving at a/skeb/Hinomiya_sousak-a7344c.json
2026-09-26 14:18:49 | INFO     | OK https://skeb.jp/api/users/RUI__0605_0
2026-09-26 14:18:49 | INFO     | Saving at a/skeb/RUI__0605_0-3c65b0.json
2026-09-26 14:18:50 | INFO     | OK https://skeb.jp/api/users/tnnmyc2
2026-09-26 14:18:50 | INFO     | Saving at a/skeb/tnnmyc2-4a10ac.json
2026-09-26 14:18:51 | INFO     | OK https://skeb.jp/api/users/memeco2525
2026-09-26 14:18:51 | INFO     | Saving at a/skeb/memeco2525-158d48.json
2026-09-26 14:18:52 | INFO     | OK https://skeb.jp/api/users/NOrclb
2026-09-26 14:18:52 | INFO     | Saving at a/skeb/NOrclb-c0b87b.json
2026-09-26 14:18:53 | INFO     | OK https://skeb.jp/api/users/kuroe_mashiro
2026-09-26 14:18:53 | INFO     | Saving at a/skeb/kuroe_mashiro-f0c592.json
2026-09-26 14:18:54 | INFO     | OK https://skeb.jp/api/users/24crabshop
2026-09-26 14:18:54 | INFO     | Saving at a/skeb/24crabshop-3c6164.json
2026-09-26 14:18:54 | INFO     | OK https://skeb.jp/api/users/magay_3
2026-09-26 14:18:54 | INFO     | Saving at a/skeb/magay_3-ca8356.json
2026-09-26 14:18:56 | INFO     | OK https://skeb.jp/api/users/kamokamoKING0
2026-09-26 14:18:56 | INFO     | Saving at a/skeb/kamokamoKING0-2fd170.json
2026-09-26 14:18:57 | INFO     | OK https://skeb.jp/api/users/muzaimakoto
2026-09-26 14:18:57 | INFO     | Saving at a/skeb/muzaimakoto-3fac94.json
2026-09-26 14:18:58 | INFO     | OK https://skeb.jp/api/users/gRVLJkTBL7
2026-09-26 14:18:58 | INFO     | Saving at a/skeb/gRVLJkTBL7-cc1796.json
2026-09-26 14:18:59 | INFO     | OK https://skeb.jp/api/users/ringo_fuwafuwa2
2026-09-26 14:18:59 | INFO     | Saving at a/skeb/ringo_fuwafuwa2-dd01a3.json
2026-09-26 14:19:00 | INFO     | OK https://skeb.jp/api/users/torasaburo_36
2026-09-26 14:19:00 | INFO     | Saving at a/skeb/torasaburo_36-7a705b.json
2026-09-26 14:19:01 | INFO     | OK https://skeb.jp/api/users/1010yuge1010
2026-09-26 14:19:01 | INFO     | Saving at a/skeb/1010yuge1010-c8a88c.json
2026-09-26 14:19:02 | INFO     | OK https://skeb.jp/api/users/ToGaeee
2026-09-26 14:19:02 | INFO     | Saving at a/skeb/ToGaeee-648d10.json
2026-09-26 14:19:03 | INFO     | OK https://skeb.jp/api/users/yasumi_lo
2026-09-26 14:19:03 | INFO     | Saving at a/skeb/yasumi_lo-b439bf.json
2026-09-26 14:19:04 | INFO     | OK https://skeb.jp/api/users/3nmma0302
2026-09-26 14:19:04 | INFO     | Saving at a/skeb/3nmma0302-18b73c.json
2026-09-26 14:19:05 | INFO     | OK https://skeb.jp/api/users/hub_dump
2026-09-26 14:19:05 | INFO     | Saving at a/skeb/hub_dump-3dfc70.json
2026-09-26 14:19:06 | INFO     | OK https://skeb.jp/api/users/SterdusT__08
2026-09-26 14:19:06 | INFO     | Saving at a/skeb/SterdusT__08-ea437c.json
2026-09-26 14:19:07 | INFO     | OK https://skeb.jp/api/users/JJIFJzJrDaikgoU
2026-09-26 14:19:07 | INFO     | Saving at a/skeb/JJIFJzJrDaikgoU-4f3462.json
2026-09-26 14:19:08 | INFO     | OK https://skeb.jp/api/users/yaiyaiko
2026-09-26 14:19:08 | INFO     | Saving at a/skeb/yaiyaiko-738ab0.json
2026-09-26 14:19:09 | INFO     | OK https://skeb.jp/api/users/myamyamyako_
2026-09-26 14:19:09 | INFO     | Saving at a/skeb/myamyamyako_-7eca56.json
2026-09-26 14:19:10 | INFO     | OK https://skeb.jp/api/users/hirari100
2026-09-26 14:19:10 | INFO     | Saving at a/skeb/hirari100-34d071.json
2026-09-26 14:19:11 | INFO     | OK https://skeb.jp/api/users/naaki_Ch
2026-09-26 14:19:11 | INFO     | Saving at a/skeb/naaki_Ch-9abae1.json
2026-09-26 14:19:11 | INFO     | OK https://skeb.jp/api/users/Csm8S
2026-09-26 14:19:11 | INFO     | Saving at a/skeb/Csm8S-ef69f6.json
2026-09-26 14:19:13 | INFO     | OK https://skeb.jp/api/users/cho580872171943
2026-09-26 14:19:13 | INFO     | Saving at a/skeb/cho580872171943-13dbd0.json
2026-09-26 14:19:14 | INFO     | OK https://skeb.jp/api/users/FUYUMIKAN
2026-09-26 14:19:14 | INFO     | Saving at a/skeb/FUYUMIKAN-14f6ca.json
2026-09-26 14:19:15 | INFO     | OK https://skeb.jp/api/users/Crawler_GM
2026-09-26 14:19:15 | INFO     | Saving at a/skeb/Crawler_GM-32077c.json
2026-09-26 14:19:16 | INFO     | OK https://skeb.jp/api/users/hanasakichu
2026-09-26 14:19:16 | INFO     | Saving at a/skeb/hanasakichu-1f3890.json
2026-09-26 14:19:17 | INFO     | OK https://skeb.jp/api/users/oyz_29
2026-09-26 14:19:17 | INFO     | Saving at a/skeb/oyz_29-77d586.json
2026-09-26 14:19:18 | INFO     | OK https://skeb.jp/api/users/KishiNaito
2026-09-26 14:19:18 | INFO     | Saving at a/skeb/KishiNaito-f38453.json
2026-09-26 14:19:19 | INFO     | OK https://skeb.jp/api/users/goingbiba
2026-09-26 14:19:19 | INFO     | Saving at a/skeb/goingbiba-671069.json
2026-09-26 14:19:20 | INFO     | OK https://skeb.jp/api/users/wul5p
2026-09-26 14:19:20 | INFO     | Saving at a/skeb/wul5p-3d475c.json
2026-09-26 14:19:21 | INFO     | OK https://skeb.jp/api/users/Memphis1919810
2026-09-26 14:19:21 | INFO     | Saving at a/skeb/Memphis1919810-5b3a12.json
2026-09-26 14:19:22 | INFO     | OK https://skeb.jp/api/users/ikada_nami
2026-09-26 14:19:22 | INFO     | Saving at a/skeb/ikada_nami-09bc0c.json
2026-09-26 14:19:23 | INFO     | OK https://skeb.jp/api/users/SatoImozou
2026-09-26 14:19:23 | INFO     | Saving at a/skeb/SatoImozou-77140a.json
2026-09-26 14:19:24 | INFO     | OK https://skeb.jp/api/users/sameno_suke
2026-09-26 14:19:24 | INFO     | Saving at a/skeb/sameno_suke-b74b46.json
2026-09-26 14:19:25 | INFO     | OK https://skeb.jp/api/users/___com51
2026-09-26 14:19:25 | INFO     | Saving at a/skeb/___com51-86afb5.json
2026-09-26 14:19:26 | INFO     | OK https://skeb.jp/api/users/ocluLoQVGy0cfXX
2026-09-26 14:19:26 | INFO     | Saving at a/skeb/ocluLoQVGy0cfXX-70f10e.json
2026-09-26 14:19:27 | INFO     | OK https://skeb.jp/api/users/marimo1899
2026-09-26 14:19:27 | INFO     | Saving at a/skeb/marimo1899-3327c6.json
2026-09-26 14:19:28 | INFO     | OK https://skeb.jp/api/users/suikaoishisugi
2026-09-26 14:19:28 | INFO     | Saving at a/skeb/suikaoishisugi-56d148.json
2026-09-26 14:19:29 | INFO     | OK https://skeb.jp/api/users/zarigani_cms
2026-09-26 14:19:29 | INFO     | Saving at a/skeb/zarigani_cms-41c181.json
2026-09-26 14:19:30 | INFO     | OK https://skeb.jp/api/users/75RYrNYp9rtngjo
2026-09-26 14:19:30 | INFO     | Saving at a/skeb/75RYrNYp9rtngjo-69dfee.json
2026-09-26 14:19:31 | INFO     | OK https://skeb.jp/api/users/Tomo_Eokaiteru
2026-09-26 14:19:31 | INFO     | Saving at a/skeb/Tomo_Eokaiteru-d93270.json
2026-09-26 14:19:31 | INFO     | OK https://skeb.jp/api/users/eto_amu
2026-09-26 14:19:31 | INFO     | Saving at a/skeb/eto_amu-8e2e9b.json
2026-09-26 14:19:33 | INFO     | OK https://skeb.jp/api/users/Midori_annte23
2026-09-26 14:19:33 | INFO     | Saving at a/skeb/Midori_annte23-803999.json
2026-09-26 14:19:34 | INFO     | OK https://skeb.jp/api/users/7M5_S2
2026-09-26 14:19:34 | INFO     | Saving at a/skeb/7M5_S2-3f0161.json
2026-09-26 14:19:35 | INFO     | OK https://skeb.jp/api/users/Nicole1357000
2026-09-26 14:19:35 | INFO     | Saving at a/skeb/Nicole1357000-ad4e14.json
2026-09-26 14:19:36 | INFO     | OK https://skeb.jp/api/users/ymmoo
2026-09-26 14:19:36 | INFO     | Saving at a/skeb/ymmoo-553e82.json
2026-09-26 14:19:37 | INFO     | OK https://skeb.jp/api/users/trmimimi
2026-09-26 14:19:37 | INFO     | Saving at a/skeb/trmimimi-a0cde5.json
2026-09-26 14:19:38 | INFO     | OK https://skeb.jp/api/users/edo_mond
2026-09-26 14:19:38 | INFO     | Saving at a/skeb/edo_mond-07aebf.json
2026-09-26 14:19:39 | INFO     | OK https://skeb.jp/api/users/kitiokitioo
2026-09-26 14:19:39 | INFO     | Saving at a/skeb/kitiokitioo-cdd088.json
2026-09-26 14:19:40 | INFO     | OK https://skeb.jp/api/users/sha_oh
2026-09-26 14:19:40 | INFO     | Saving at a/skeb/sha_oh-2e7d62.json
2026-09-26 14:19:41 | INFO     | OK https://skeb.jp/api/users/HARUSAME37EDAKE
2026-09-26 14:19:41 | INFO     | Saving at a/skeb/HARUSAME37EDAKE-16e153.json
2026-09-26 14:19:42 | INFO     | OK https://skeb.jp/api/users/2k_otl
2026-09-26 14:19:42 | INFO     | Saving at a/skeb/2k_otl-92ba4f.json
2026-09-26 14:19:43 | INFO     | OK https://skeb.jp/api/users/hijou_syoku
2026-09-26 14:19:43 | INFO     | Saving at a/skeb/hijou_syoku-a9b266.json
2026-09-26 14:19:44 | INFO     | OK https://skeb.jp/api/users/zef2y
2026-09-26 14:19:44 | INFO     | Saving at a/skeb/zef2y-dee45e.json
2026-09-26 14:19:45 | INFO     | OK https://skeb.jp/api/users/dori_tryon
2026-09-26 14:19:45 | INFO     | Saving at a/skeb/dori_tryon-b34ce1.json
2026-09-26 14:19:46 | INFO     | OK https://skeb.jp/api/users/ta_u_la
2026-09-26 14:19:46 | INFO     | Saving at a/skeb/ta_u_la-94f98a.json
2026-09-26 14:19:47 | INFO     | OK https://skeb.jp/api/users/New_Daien418
2026-09-26 14:19:47 | INFO     | Saving at a/skeb/New_Daien418-e6dddc.json
2026-09-26 14:19:48 | INFO     | OK https://skeb.jp/api/users/saimin_sushi
2026-09-26 14:19:48 | INFO     | Saving at a/skeb/saimin_sushi-b7d9e1.json
2026-09-26 14:19:49 | INFO     | OK https://skeb.jp/api/users/mio_san_da_
2026-09-26 14:19:49 | INFO     | Saving at a/skeb/mio_san_da_-60c5a8.json
2026-09-26 14:19:50 | INFO     | OK https://skeb.jp/api/users/tsumorisugi
2026-09-26 14:19:50 | INFO     | Saving at a/skeb/tsumorisugi-846edd.json
2026-09-26 14:19:51 | INFO     | OK https://skeb.jp/api/users/otakunocamp
2026-09-26 14:19:51 | INFO     | Saving at a/skeb/otakunocamp-5fb13d.json
2026-09-26 14:19:52 | INFO     | OK https://skeb.jp/api/users/Kaicho339
2026-09-26 14:19:52 | INFO     | Saving at a/skeb/Kaicho339-2705bf.json
2026-09-26 14:19:53 | INFO     | OK https://skeb.jp/api/users/Minami_No_Uoza
2026-09-26 14:19:53 | INFO     | Saving at a/skeb/Minami_No_Uoza-c06858.json
2026-09-26 14:19:54 | INFO     | OK https://skeb.jp/api/users/gvmmr_
2026-09-26 14:19:54 | INFO     | Saving at a/skeb/gvmmr_-dfa067.json
2026-09-26 14:19:55 | INFO     | OK https://skeb.jp/api/users/YURI_Melonchan
2026-09-26 14:19:55 | INFO     | Saving at a/skeb/YURI_Melonchan-a6baa5.json
2026-09-26 14:19:56 | INFO     | OK https://skeb.jp/api/users/18796q
2026-09-26 14:19:56 | INFO     | Saving at a/skeb/18796q-195c19.json
2026-09-26 14:19:57 | INFO     | OK https://skeb.jp/api/users/suzumi_dog
2026-09-26 14:19:57 | INFO     | Saving at a/skeb/suzumi_dog-2b7d02.json
2026-09-26 14:19:58 | INFO     | OK https://skeb.jp/api/users/Hidanegi
2026-09-26 14:19:58 | INFO     | Saving at a/skeb/Hidanegi-395b4e.json
2026-09-26 14:19:59 | INFO     | OK https://skeb.jp/api/users/ozucat
2026-09-26 14:19:59 | INFO     | Saving at a/skeb/ozucat-cbec8a.json
2026-09-26 14:20:00 | INFO     | OK https://skeb.jp/api/users/illu_kamo
2026-09-26 14:20:00 | INFO     | Saving at a/skeb/illu_kamo-4a395f.json
2026-09-26 14:20:01 | INFO     | OK https://skeb.jp/api/users/yukinoneco_sub
2026-09-26 14:20:01 | INFO     | Saving at a/skeb/yukinoneco_sub-954da1.json
2026-09-26 14:20:02 | INFO     | OK https://skeb.jp/api/users/akiha99
2026-09-26 14:20:02 | INFO     | Saving at a/skeb/akiha99-71a7b3.json
2026-09-26 14:20:03 | INFO     | OK https://skeb.jp/api/users/hata4564
2026-09-26 14:20:03 | INFO     | Saving at a/skeb/hata4564-c58522.json
2026-09-26 14:20:04 | INFO     | OK https://skeb.jp/api/users/Total9n
2026-09-26 14:20:04 | INFO     | Saving at a/skeb/Total9n-258554.json
2026-09-26 14:20:05 | INFO     | OK https://skeb.jp/api/users/lambshank157
2026-09-26 14:20:05 | INFO     | Saving at a/skeb/lambshank157-632102.json
2026-09-26 14:20:06 | INFO     | OK https://skeb.jp/api/users/Vmirukotaro
2026-09-26 14:20:06 | INFO     | Saving at a/skeb/Vmirukotaro-ad496c.json
2026-09-26 14:20:07 | INFO     | OK https://skeb.jp/api/users/mokarooru_chibi
2026-09-26 14:20:07 | INFO     | Saving at a/skeb/mokarooru_chibi-bd8e08.json
2026-09-26 14:20:08 | INFO     | OK https://skeb.jp/api/users/Kibi_Fukase
2026-09-26 14:20:08 | INFO     | Saving at a/skeb/Kibi_Fukase-403465.json
2026-09-26 14:20:09 | INFO     | OK https://skeb.jp/api/users/Hardboiled_08
2026-09-26 14:20:09 | INFO     | Saving at a/skeb/Hardboiled_08-f67bbc.json
2026-09-26 14:20:10 | INFO     | OK https://skeb.jp/api/users/iyohebi
2026-09-26 14:20:10 | INFO     | Saving at a/skeb/iyohebi-8cde03.json
2026-09-26 14:20:11 | INFO     | OK https://skeb.jp/api/users/oo_ta_you
2026-09-26 14:20:11 | INFO     | Saving at a/skeb/oo_ta_you-45aab5.json
2026-09-26 14:20:12 | INFO     | OK https://skeb.jp/api/users/moln9o
2026-09-26 14:20:12 | INFO     | Saving at a/skeb/moln9o-43a299.json
2026-09-26 14:20:13 | INFO     | OK https://skeb.jp/api/users/gurren_ooshima
2026-09-26 14:20:13 | INFO     | Saving at a/skeb/gurren_ooshima-c039cc.json
2026-09-26 14:20:14 | INFO     | OK https://skeb.jp/api/users/bb_krnj
2026-09-26 14:20:14 | INFO     | Saving at a/skeb/bb_krnj-6b36b2.json
2026-09-26 14:20:15 | INFO     | OK https://skeb.jp/api/users/tokitou_aaa
2026-09-26 14:20:15 | INFO     | Saving at a/skeb/tokitou_aaa-e1f16a.json
2026-09-26 14:20:16 | INFO     | OK https://skeb.jp/api/users/asa_poppy
2026-09-26 14:20:16 | INFO     | Saving at a/skeb/asa_poppy-ee65e1.json
2026-09-26 14:20:17 | INFO     | OK https://skeb.jp/api/users/xnokochamax
2026-09-26 14:20:17 | INFO     | Saving at a/skeb/xnokochamax-f6e6aa.json
2026-09-26 14:20:18 | INFO     | OK https://skeb.jp/api/users/Dionaea_mae_t
2026-09-26 14:20:18 | INFO     | Saving at a/skeb/Dionaea_mae_t-3a17f1.json
2026-09-26 14:20:19 | INFO     | OK https://skeb.jp/api/users/brm2_1925
2026-09-26 14:20:19 | INFO     | Saving at a/skeb/brm2_1925-5288df.json
2026-09-26 14:20:20 | INFO     | OK https://skeb.jp/api/users/noir_tuki
2026-09-26 14:20:20 | INFO     | Saving at a/skeb/noir_tuki-6f504b.json
2026-09-26 14:20:21 | INFO     | OK https://skeb.jp/api/users/Say1lxa
2026-09-26 14:20:21 | INFO     | Saving at a/skeb/Say1lxa-8c8e3b.json
2026-09-26 14:20:22 | INFO     | OK https://skeb.jp/api/users/8gqsaki
2026-09-26 14:20:22 | INFO     | Saving at a/skeb/8gqsaki-6b435d.json
2026-09-26 14:20:23 | INFO     | OK https://skeb.jp/api/users/lcxnv_
2026-09-26 14:20:23 | INFO     | Saving at a/skeb/lcxnv_-2e8445.json
2026-09-26 14:20:24 | INFO     | OK https://skeb.jp/api/users/BOREZET_mov
2026-09-26 14:20:24 | INFO     | Saving at a/skeb/BOREZET_mov-8e44b8.json
2026-09-26 14:20:25 | INFO     | OK https://skeb.jp/api/users/shironeru_zzz
2026-09-26 14:20:25 | INFO     | Saving at a/skeb/shironeru_zzz-a6fafc.json
2026-09-26 14:20:26 | INFO     | OK https://skeb.jp/api/users/Eiswand___
2026-09-26 14:20:26 | INFO     | Saving at a/skeb/Eiswand___-b5035f.json
2026-09-26 14:20:27 | INFO     | OK https://skeb.jp/api/users/V84014729
2026-09-26 14:20:27 | INFO     | Saving at a/skeb/V84014729-704596.json
2026-09-26 14:20:27 | INFO     | OK https://skeb.jp/api/users/Tetewvbr
2026-09-26 14:20:27 | INFO     | Saving at a/skeb/Tetewvbr-c2914f.json
2026-09-26 14:20:29 | INFO     | OK https://skeb.jp/api/users/illnullchill
2026-09-26 14:20:29 | INFO     | Saving at a/skeb/illnullchill-ec2da6.json
2026-09-26 14:20:30 | INFO     | OK https://skeb.jp/api/users/000000yoko
2026-09-26 14:20:30 | INFO     | Saving at a/skeb/000000yoko-7c4f49.json
2026-09-26 14:20:31 | INFO     | OK https://skeb.jp/api/users/wat4si
2026-09-26 14:20:31 | INFO     | Saving at a/skeb/wat4si-a613a2.json
2026-09-26 14:20:32 | INFO     | OK https://skeb.jp/api/users/yrhruaa
2026-09-26 14:20:32 | INFO     | Saving at a/skeb/yrhruaa-05a197.json
2026-09-26 14:20:33 | INFO     | OK https://skeb.jp/api/users/oimanji
2026-09-26 14:20:33 | INFO     | Saving at a/skeb/oimanji-2f9c12.json
2026-09-26 14:20:34 | INFO     | OK https://skeb.jp/api/users/satopaint1121
2026-09-26 14:20:34 | INFO     | Saving at a/skeb/satopaint1121-045ddc.json
2026-09-26 14:20:35 | INFO     | OK https://skeb.jp/api/users/fumochimichi
2026-09-26 14:20:35 | INFO     | Saving at a/skeb/fumochimichi-883538.json
2026-09-26 14:20:36 | INFO     | OK https://skeb.jp/api/users/morinopome2
2026-09-26 14:20:36 | INFO     | Saving at a/skeb/morinopome2-f23539.json
2026-09-26 14:20:37 | INFO     | OK https://skeb.jp/api/users/Naoo0_1
2026-09-26 14:20:37 | INFO     | Saving at a/skeb/Naoo0_1-12dbde.json
2026-09-26 14:20:38 | INFO     | OK https://skeb.jp/api/users/__________flim
2026-09-26 14:20:38 | INFO     | Saving at a/skeb/__________flim-997371.json
2026-09-26 14:20:39 | INFO     | OK https://skeb.jp/api/users/fuji___1234
2026-09-26 14:20:39 | INFO     | Saving at a/skeb/fuji___1234-f029eb.json
2026-09-26 14:20:40 | INFO     | OK https://skeb.jp/api/users/Sa9raG
2026-09-26 14:20:40 | INFO     | Saving at a/skeb/Sa9raG-28f738.json
2026-09-26 14:20:41 | INFO     | OK https://skeb.jp/api/users/asb_oc
2026-09-26 14:20:41 | INFO     | Saving at a/skeb/asb_oc-772fd8.json
2026-09-26 14:20:42 | INFO     | OK https://skeb.jp/api/users/natsukawa_56
2026-09-26 14:20:42 | INFO     | Saving at a/skeb/natsukawa_56-b213ab.json
2026-09-26 14:20:43 | INFO     | OK https://skeb.jp/api/users/chenyakumoke
2026-09-26 14:20:43 | INFO     | Saving at a/skeb/chenyakumoke-75b579.json
2026-09-26 14:20:44 | INFO     | OK https://skeb.jp/api/users/rindoriko
2026-09-26 14:20:44 | INFO     | Saving at a/skeb/rindoriko-374de5.json
2026-09-26 14:20:45 | INFO     | OK https://skeb.jp/api/users/komuku
2026-09-26 14:20:45 | INFO     | Saving at a/skeb/komuku-16888f.json
2026-09-26 14:20:46 | INFO     | OK https://skeb.jp/api/users/pola_works
2026-09-26 14:20:46 | INFO     | Saving at a/skeb/pola_works-eb9a8e.json
2026-09-26 14:20:47 | INFO     | OK https://skeb.jp/api/users/kokonoe910
2026-09-26 14:20:47 | INFO     | Saving at a/skeb/kokonoe910-a73653.json
2026-09-26 14:20:48 | INFO     | OK https://skeb.jp/api/users/Ame_929
2026-09-26 14:20:48 | INFO     | Saving at a/skeb/Ame_929-314cb3.json
2026-09-26 14:20:49 | INFO     | OK https://skeb.jp/api/users/mihuteso08
2026-09-26 14:20:49 | INFO     | Saving at a/skeb/mihuteso08-6a8a5e.json
2026-09-26 14:20:50 | INFO     | OK https://skeb.jp/api/users/knightraid000
2026-09-26 14:20:50 | INFO     | Saving at a/skeb/knightraid000-b5edb9.json
2026-09-26 14:20:51 | INFO     | OK https://skeb.jp/api/users/SuriGoma_ryona
2026-09-26 14:20:51 | INFO     | Saving at a/skeb/SuriGoma_ryona-6b82bc.json
2026-09-26 14:20:52 | INFO     | OK https://skeb.jp/api/users/_sheriri_
2026-09-26 14:20:52 | INFO     | Saving at a/skeb/_sheriri_-1d4f46.json
2026-09-26 14:20:53 | INFO     | OK https://skeb.jp/api/users/r_e_yogurt
2026-09-26 14:20:53 | INFO     | Saving at a/skeb/r_e_yogurt-59ce6c.json
2026-09-26 14:20:54 | INFO     | OK https://skeb.jp/api/users/sakuraumesan
2026-09-26 14:20:54 | INFO     | Saving at a/skeb/sakuraumesan-10c42a.json
2026-09-26 14:20:55 | INFO     | OK https://skeb.jp/api/users/hirotree7
2026-09-26 14:20:55 | INFO     | Saving at a/skeb/hirotree7-f4357e.json
2026-09-26 14:20:56 | INFO     | OK https://skeb.jp/api/users/kaninu_nosi
2026-09-26 14:20:56 | INFO     | Saving at a/skeb/kaninu_nosi-2f43ec.json
2026-09-26 14:20:57 | INFO     | OK https://skeb.jp/api/users/ai_ha_pa3
2026-09-26 14:20:57 | INFO     | Saving at a/skeb/ai_ha_pa3-2f4fe5.json
2026-09-26 14:20:58 | INFO     | OK https://skeb.jp/api/users/Tikuwa_club1
2026-09-26 14:20:58 | INFO     | Saving at a/skeb/Tikuwa_club1-093f19.json
2026-09-26 14:20:59 | INFO     | OK https://skeb.jp/api/users/pop14bc
2026-09-26 14:20:59 | INFO     | Saving at a/skeb/pop14bc-cb74b5.json
2026-09-26 14:21:00 | INFO     | OK https://skeb.jp/api/users/Oh_MoBoz
2026-09-26 14:21:00 | INFO     | Saving at a/skeb/Oh_MoBoz-90553c.json
2026-09-26 14:21:01 | INFO     | OK https://skeb.jp/api/users/hey_go_row
2026-09-26 14:21:01 | INFO     | Saving at a/skeb/hey_go_row-802ed1.json
2026-09-26 14:21:02 | INFO     | OK https://skeb.jp/api/users/kyomkyom118
2026-09-26 14:21:02 | INFO     | Saving at a/skeb/kyomkyom118-6ff1cf.json
2026-09-26 14:21:03 | INFO     | OK https://skeb.jp/api/users/vad_end
2026-09-26 14:21:03 | INFO     | Saving at a/skeb/vad_end-beabb1.json
2026-09-26 14:21:04 | INFO     | OK https://skeb.jp/api/users/2yX2pBmyOs68511
2026-09-26 14:21:04 | INFO     | Saving at a/skeb/2yX2pBmyOs68511-e56128.json
2026-09-26 14:21:05 | INFO     | OK https://skeb.jp/api/users/botmitai_N
2026-09-26 14:21:05 | INFO     | Saving at a/skeb/botmitai_N-d2f55f.json
2026-09-26 14:21:06 | INFO     | OK https://skeb.jp/api/users/subsubsabsab
2026-09-26 14:21:06 | INFO     | Saving at a/skeb/subsubsabsab-0f324c.json
2026-09-26 14:21:07 | INFO     | OK https://skeb.jp/api/users/yuuhi_LaLa
2026-09-26 14:21:07 | INFO     | Saving at a/skeb/yuuhi_LaLa-430604.json
2026-09-26 14:21:08 | INFO     | OK https://skeb.jp/api/users/slept_suii
2026-09-26 14:21:08 | INFO     | Saving at a/skeb/slept_suii-0cb988.json
2026-09-26 14:21:09 | INFO     | OK https://skeb.jp/api/users/q60662
2026-09-26 14:21:09 | INFO     | Saving at a/skeb/q60662-8ff28b.json
2026-09-26 14:21:10 | INFO     | OK https://skeb.jp/api/users/Shiozakiotoko
2026-09-26 14:21:10 | INFO     | Saving at a/skeb/Shiozakiotoko-872e5a.json
2026-09-26 14:21:11 | INFO     | OK https://skeb.jp/api/users/InabaChitose
2026-09-26 14:21:11 | INFO     | Saving at a/skeb/InabaChitose-d6dfa4.json
2026-09-26 14:21:12 | INFO     | OK https://skeb.jp/api/users/Kyarako_0220
2026-09-26 14:21:12 | INFO     | Saving at a/skeb/Kyarako_0220-228fbf.json
2026-09-26 14:21:13 | INFO     | OK https://skeb.jp/api/users/bro_shiba
2026-09-26 14:21:13 | INFO     | Saving at a/skeb/bro_shiba-2f4046.json
2026-09-26 14:21:14 | INFO     | OK https://skeb.jp/api/users/Iroha_Uta_Ekaki
2026-09-26 14:21:14 | INFO     | Saving at a/skeb/Iroha_Uta_Ekaki-e9e367.json
2026-09-26 14:21:15 | INFO     | OK https://skeb.jp/api/users/Dotbit3
2026-09-26 14:21:15 | INFO     | Saving at a/skeb/Dotbit3-49dbc9.json
2026-09-26 14:21:16 | INFO     | OK https://skeb.jp/api/users/nananana_0236
2026-09-26 14:21:16 | INFO     | Saving at a/skeb/nananana_0236-fa2c9e.json
2026-09-26 14:21:17 | INFO     | OK https://skeb.jp/api/users/SS465
2026-09-26 14:21:17 | INFO     | Saving at a/skeb/SS465-c5e8e7.json
2026-09-26 14:21:18 | INFO     | OK https://skeb.jp/api/users/U4front
2026-09-26 14:21:18 | INFO     | Saving at a/skeb/U4front-737fec.json
2026-09-26 14:21:19 | INFO     | OK https://skeb.jp/api/users/Na_iu12
2026-09-26 14:21:19 | INFO     | Saving at a/skeb/Na_iu12-2f7d0e.json
2026-09-26 14:21:20 | INFO     | OK https://skeb.jp/api/users/nobubu72
2026-09-26 14:21:20 | INFO     | Saving at a/skeb/nobubu72-3bc077.json
2026-09-26 14:21:21 | INFO     | OK https://skeb.jp/api/users/muri_kan_
2026-09-26 14:21:21 | INFO     | Saving at a/skeb/muri_kan_-5d7b07.json
2026-09-26 14:21:22 | INFO     | OK https://skeb.jp/api/users/yuriai
2026-09-26 14:21:22 | INFO     | Saving at a/skeb/yuriai-b822da.json
2026-09-26 14:21:23 | INFO     | OK https://skeb.jp/api/users/onigiriskch
2026-09-26 14:21:23 | INFO     | Saving at a/skeb/onigiriskch-384b43.json
2026-09-26 14:21:24 | INFO     | OK https://skeb.jp/api/users/otsukimico
2026-09-26 14:21:24 | INFO     | Saving at a/skeb/otsukimico-29e389.json
2026-09-26 14:21:25 | INFO     | OK https://skeb.jp/api/users/0hirosi0
2026-09-26 14:21:25 | INFO     | Saving at a/skeb/0hirosi0-f36b33.json
2026-09-26 14:21:26 | INFO     | OK https://skeb.jp/api/users/sAjdd7nvM6
2026-09-26 14:21:26 | INFO     | Saving at a/skeb/sAjdd7nvM6-e4a9e8.json
2026-09-26 14:21:27 | INFO     | OK https://skeb.jp/api/users/tea_898
2026-09-26 14:21:27 | INFO     | Saving at a/skeb/tea_898-924544.json
2026-09-26 14:21:28 | INFO     | OK https://skeb.jp/api/users/yuto_drgn
2026-09-26 14:21:28 | INFO     | Saving at a/skeb/yuto_drgn-62dd39.json
2026-09-26 14:21:29 | INFO     | OK https://skeb.jp/api/users/Peyu_1f
2026-09-26 14:21:29 | INFO     | Saving at a/skeb/Peyu_1f-e5d1a7.json
2026-09-26 14:21:30 | INFO     | OK https://skeb.jp/api/users/whipwhip23
2026-09-26 14:21:30 | INFO     | Saving at a/skeb/whipwhip23-0371a5.json
2026-09-26 14:21:31 | INFO     | OK https://skeb.jp/api/users/Green_DaKaRq
2026-09-26 14:21:31 | INFO     | Saving at a/skeb/Green_DaKaRq-c2671e.json
2026-09-26 14:21:32 | INFO     | OK https://skeb.jp/api/users/sakurane_suzuha
2026-09-26 14:21:32 | INFO     | Saving at a/skeb/sakurane_suzuha-81999d.json
2026-09-26 14:21:33 | INFO     | OK https://skeb.jp/api/users/MoMoMo_0629
2026-09-26 14:21:33 | INFO     | Saving at a/skeb/MoMoMo_0629-320cc1.json
2026-09-26 14:21:34 | INFO     | OK https://skeb.jp/api/users/genso_sv
2026-09-26 14:21:34 | INFO     | Saving at a/skeb/genso_sv-3eced0.json
2026-09-26 14:21:35 | INFO     | OK https://skeb.jp/api/users/putito957
2026-09-26 14:21:35 | INFO     | Saving at a/skeb/putito957-c8bde9.json
2026-09-26 14:21:36 | INFO     | OK https://skeb.jp/api/users/1t6km
2026-09-26 14:21:36 | INFO     | Saving at a/skeb/1t6km-44a49a.json
2026-09-26 14:21:37 | INFO     | OK https://skeb.jp/api/users/LtDt_ill
2026-09-26 14:21:37 | INFO     | Saving at a/skeb/LtDt_ill-d0227f.json
2026-09-26 14:21:38 | INFO     | OK https://skeb.jp/api/users/As_a_gai
2026-09-26 14:21:38 | INFO     | Saving at a/skeb/As_a_gai-7bf024.json
2026-09-26 14:21:39 | INFO     | OK https://skeb.jp/api/users/y040_y
2026-09-26 14:21:39 | INFO     | Saving at a/skeb/y040_y-cf61e3.json
2026-09-26 14:21:40 | INFO     | OK https://skeb.jp/api/users/hisha_04
2026-09-26 14:21:40 | INFO     | Saving at a/skeb/hisha_04-30fef6.json
2026-09-26 14:21:41 | INFO     | OK https://skeb.jp/api/users/mariko_889
2026-09-26 14:21:41 | INFO     | Saving at a/skeb/mariko_889-4dc101.json
2026-09-26 14:21:42 | INFO     | OK https://skeb.jp/api/users/aamesawaa
2026-09-26 14:21:42 | INFO     | Saving at a/skeb/aamesawaa-8eb762.json
2026-09-26 14:21:43 | INFO     | OK https://skeb.jp/api/users/flower_pocket
2026-09-26 14:21:43 | INFO     | Saving at a/skeb/flower_pocket-5eadae.json
2026-09-26 14:21:44 | INFO     | OK https://skeb.jp/api/users/nyan_V_su
2026-09-26 14:21:44 | INFO     | Saving at a/skeb/nyan_V_su-d17d6f.json
2026-09-26 14:21:45 | INFO     | OK https://skeb.jp/api/users/evina_ic
2026-09-26 14:21:45 | INFO     | Saving at a/skeb/evina_ic-3a5224.json
2026-09-26 14:21:46 | INFO     | OK https://skeb.jp/api/users/Puku_Choco
2026-09-26 14:21:46 | INFO     | Saving at a/skeb/Puku_Choco-c5eaf3.json
2026-09-26 14:21:47 | INFO     | OK https://skeb.jp/api/users/38_____miya
2026-09-26 14:21:47 | INFO     | Saving at a/skeb/38_____miya-b1ec42.json
2026-09-26 14:21:48 | INFO     | OK https://skeb.jp/api/users/yueyuepon
2026-09-26 14:21:48 | INFO     | Saving at a/skeb/yueyuepon-3f4a51.json
2026-09-26 14:21:49 | INFO     | OK https://skeb.jp/api/users/KanagiTs
2026-09-26 14:21:49 | INFO     | Saving at a/skeb/KanagiTs-74e1d8.json
2026-09-26 14:21:50 | INFO     | OK https://skeb.jp/api/users/ganbarimacca
2026-09-26 14:21:50 | INFO     | Saving at a/skeb/ganbarimacca-fa87e9.json
2026-09-26 14:21:51 | INFO     | OK https://skeb.jp/api/users/SCKnoYT
2026-09-26 14:21:51 | INFO     | Saving at a/skeb/SCKnoYT-bfecbb.json
2026-09-26 14:21:52 | INFO     | OK https://skeb.jp/api/users/Su327Wa
2026-09-26 14:21:52 | INFO     | Saving at a/skeb/Su327Wa-dbb40c.json
2026-09-26 14:21:53 | INFO     | OK https://skeb.jp/api/users/nikudb029
2026-09-26 14:21:53 | INFO     | Saving at a/skeb/nikudb029-c2a706.json
2026-09-26 14:21:54 | INFO     | OK https://skeb.jp/api/users/Kicdon_smash
2026-09-26 14:21:54 | INFO     | Saving at a/skeb/Kicdon_smash-62dcf5.json
2026-09-26 14:21:55 | INFO     | OK https://skeb.jp/api/users/__z___x__
2026-09-26 14:21:55 | INFO     | Saving at a/skeb/__z___x__-e7abfb.json
2026-09-26 14:21:56 | INFO     | OK https://skeb.jp/api/users/4T6M997z8MYa2rL
2026-09-26 14:21:56 | INFO     | Saving at a/skeb/4T6M997z8MYa2rL-2c055a.json
2026-09-26 14:21:57 | INFO     | OK https://skeb.jp/api/users/yu__o015
2026-09-26 14:21:57 | INFO     | Saving at a/skeb/yu__o015-6ad26d.json
2026-09-26 14:21:58 | INFO     | OK https://skeb.jp/api/users/S_kageri
2026-09-26 14:21:58 | INFO     | Saving at a/skeb/S_kageri-251c12.json
2026-09-26 14:21:59 | INFO     | OK https://skeb.jp/api/users/niwani_watori
2026-09-26 14:21:59 | INFO     | Saving at a/skeb/niwani_watori-23f2ec.json
2026-09-26 14:22:00 | INFO     | OK https://skeb.jp/api/users/sinimochi
2026-09-26 14:22:00 | INFO     | Saving at a/skeb/sinimochi-f2610d.json
2026-09-26 14:22:01 | INFO     | OK https://skeb.jp/api/users/moketa11
2026-09-26 14:22:01 | INFO     | Saving at a/skeb/moketa11-df8cd7.json
2026-09-26 14:22:02 | INFO     | OK https://skeb.jp/api/users/vae_c
2026-09-26 14:22:02 | INFO     | Saving at a/skeb/vae_c-004fe0.json
2026-09-26 14:22:03 | INFO     | OK https://skeb.jp/api/users/rkchicm
2026-09-26 14:22:03 | INFO     | Saving at a/skeb/rkchicm-c4f4d8.json
2026-09-26 14:22:04 | INFO     | OK https://skeb.jp/api/users/kakitamajiru_23
2026-09-26 14:22:04 | INFO     | Saving at a/skeb/kakitamajiru_23-f12f2a.json
2026-09-26 14:22:05 | INFO     | OK https://skeb.jp/api/users/z_nm_oO
2026-09-26 14:22:05 | INFO     | Saving at a/skeb/z_nm_oO-7c5b0f.json
2026-09-26 14:22:06 | INFO     | OK https://skeb.jp/api/users/Kisaragi_Koushi
2026-09-26 14:22:06 | INFO     | Saving at a/skeb/Kisaragi_Koushi-6fabe8.json
2026-09-26 14:22:07 | INFO     | OK https://skeb.jp/api/users/Twi2Ryu
2026-09-26 14:22:07 | INFO     | Saving at a/skeb/Twi2Ryu-4ab4e8.json
2026-09-26 14:22:08 | INFO     | OK https://skeb.jp/api/users/keraSousaku
2026-09-26 14:22:08 | INFO     | Saving at a/skeb/keraSousaku-a32dfc.json
2026-09-26 14:22:09 | INFO     | OK https://skeb.jp/api/users/__Min_07
2026-09-26 14:22:09 | INFO     | Saving at a/skeb/__Min_07-386a86.json
2026-09-26 14:22:10 | INFO     | OK https://skeb.jp/api/users/9ra4ki33
2026-09-26 14:22:10 | INFO     | Saving at a/skeb/9ra4ki33-4573b3.json
2026-09-26 14:22:11 | INFO     | OK https://skeb.jp/api/users/p2plXRdN1B1Gq1C
2026-09-26 14:22:11 | INFO     | Saving at a/skeb/p2plXRdN1B1Gq1C-65f81b.json
2026-09-26 14:22:12 | INFO     | OK https://skeb.jp/api/users/shiroyukimajima
2026-09-26 14:22:12 | INFO     | Saving at a/skeb/shiroyukimajima-fdb07b.json
2026-09-26 14:22:13 | INFO     | OK https://skeb.jp/api/users/takahide113349
2026-09-26 14:22:13 | INFO     | Saving at a/skeb/takahide113349-ff0d95.json
2026-09-26 14:22:14 | INFO     | OK https://skeb.jp/api/users/umagaobanana
2026-09-26 14:22:14 | INFO     | Saving at a/skeb/umagaobanana-1ffcb5.json
2026-09-26 14:22:15 | INFO     | OK https://skeb.jp/api/users/KYU09Q
2026-09-26 14:22:15 | INFO     | Saving at a/skeb/KYU09Q-e08d5e.json
2026-09-26 14:22:16 | INFO     | OK https://skeb.jp/api/users/menmenmenma_2
2026-09-26 14:22:16 | INFO     | Saving at a/skeb/menmenmenma_2-3bbd90.json
2026-09-26 14:22:17 | INFO     | OK https://skeb.jp/api/users/syuuka617
2026-09-26 14:22:17 | INFO     | Saving at a/skeb/syuuka617-72adbe.json
2026-09-26 14:22:18 | INFO     | OK https://skeb.jp/api/users/7fumip
2026-09-26 14:22:18 | INFO     | Saving at a/skeb/7fumip-bf27e7.json
2026-09-26 14:22:19 | INFO     | OK https://skeb.jp/api/users/kumoarare_025
2026-09-26 14:22:19 | INFO     | Saving at a/skeb/kumoarare_025-37b1e0.json
2026-09-26 14:22:20 | INFO     | OK https://skeb.jp/api/users/karaguren
2026-09-26 14:22:20 | INFO     | Saving at a/skeb/karaguren-10d70d.json
2026-09-26 14:22:21 | INFO     | OK https://skeb.jp/api/users/thrananaart
2026-09-26 14:22:21 | INFO     | Saving at a/skeb/thrananaart-10659c.json
2026-09-26 14:22:22 | INFO     | OK https://skeb.jp/api/users/white_tetorapo
2026-09-26 14:22:22 | INFO     | Saving at a/skeb/white_tetorapo-22a9ae.json
2026-09-26 14:22:23 | INFO     | OK https://skeb.jp/api/users/mutoha_A_24
2026-09-26 14:22:23 | INFO     | Saving at a/skeb/mutoha_A_24-9a4912.json
2026-09-26 14:22:24 | INFO     | OK https://skeb.jp/api/users/yohikooooo
2026-09-26 14:22:24 | INFO     | Saving at a/skeb/yohikooooo-5c200c.json
2026-09-26 14:22:25 | INFO     | OK https://skeb.jp/api/users/Rem_suimin0606
2026-09-26 14:22:25 | INFO     | Saving at a/skeb/Rem_suimin0606-c301c2.json
2026-09-26 14:22:26 | INFO     | OK https://skeb.jp/api/users/017ri
2026-09-26 14:22:26 | INFO     | Saving at a/skeb/017ri-688cbb.json
2026-09-26 14:22:27 | INFO     | OK https://skeb.jp/api/users/sontaku_vr
2026-09-26 14:22:27 | INFO     | Saving at a/skeb/sontaku_vr-157a63.json
2026-09-26 14:22:28 | INFO     | OK https://skeb.jp/api/users/korosite_3326
2026-09-26 14:22:28 | INFO     | Saving at a/skeb/korosite_3326-886d2c.json
2026-09-26 14:22:29 | INFO     | OK https://skeb.jp/api/users/tayoshi_miyako
2026-09-26 14:22:29 | INFO     | Saving at a/skeb/tayoshi_miyako-548782.json
2026-09-26 14:22:30 | INFO     | OK https://skeb.jp/api/users/yukinoneco_
2026-09-26 14:22:30 | INFO     | Saving at a/skeb/yukinoneco_-ad85a7.json
2026-09-26 14:22:31 | INFO     | OK https://skeb.jp/api/users/cyanotype174239
2026-09-26 14:22:31 | INFO     | Saving at a/skeb/cyanotype174239-8cca1f.json
2026-09-26 14:22:32 | INFO     | OK https://skeb.jp/api/users/karikari7878
2026-09-26 14:22:32 | INFO     | Saving at a/skeb/karikari7878-54bb04.json
2026-09-26 14:22:33 | INFO     | OK https://skeb.jp/api/users/takahashimyojin
2026-09-26 14:22:33 | INFO     | Saving at a/skeb/takahashimyojin-dd0852.json
2026-09-26 14:22:34 | INFO     | OK https://skeb.jp/api/users/Ytori_3939
2026-09-26 14:22:34 | INFO     | Saving at a/skeb/Ytori_3939-76c828.json
2026-09-26 14:22:35 | INFO     | OK https://skeb.jp/api/users/tirofinire
2026-09-26 14:22:35 | INFO     | Saving at a/skeb/tirofinire-940b8b.json
2026-09-26 14:22:36 | INFO     | OK https://skeb.jp/api/users/fuwa2pinktyan
2026-09-26 14:22:36 | INFO     | Saving at a/skeb/fuwa2pinktyan-1681cc.json
2026-09-26 14:22:37 | INFO     | OK https://skeb.jp/api/users/si10ra
2026-09-26 14:22:37 | INFO     | Saving at a/skeb/si10ra-aae42c.json
2026-09-26 14:22:38 | INFO     | OK https://skeb.jp/api/users/tanaka_sousaku3
2026-09-26 14:22:38 | INFO     | Saving at a/skeb/tanaka_sousaku3-6a2dc1.json
2026-09-26 14:22:39 | INFO     | OK https://skeb.jp/api/users/YurulomI
2026-09-26 14:22:39 | INFO     | Saving at a/skeb/YurulomI-88747f.json
2026-09-26 14:22:40 | INFO     | OK https://skeb.jp/api/users/SEKIMEROU
2026-09-26 14:22:40 | INFO     | Saving at a/skeb/SEKIMEROU-edd525.json
2026-09-26 14:22:41 | INFO     | OK https://skeb.jp/api/users/xx_SDK
2026-09-26 14:22:41 | INFO     | Saving at a/skeb/xx_SDK-fc43ff.json
2026-09-26 14:22:42 | INFO     | OK https://skeb.jp/api/users/timotimo451
2026-09-26 14:22:42 | INFO     | Saving at a/skeb/timotimo451-b8e4e6.json
2026-09-26 14:22:43 | INFO     | OK https://skeb.jp/api/users/kakipipo
2026-09-26 14:22:43 | INFO     | Saving at a/skeb/kakipipo-fd1d4b.json
2026-09-26 14:22:44 | INFO     | OK https://skeb.jp/api/users/6RrEsOzxbR2563
2026-09-26 14:22:44 | INFO     | Saving at a/skeb/6RrEsOzxbR2563-ffa86f.json
2026-09-26 14:22:45 | INFO     | OK https://skeb.jp/api/users/TopazSinkiiten3
2026-09-26 14:22:45 | INFO     | Saving at a/skeb/TopazSinkiiten3-48d684.json
2026-09-26 14:22:46 | INFO     | OK https://skeb.jp/api/users/madanenai4
2026-09-26 14:22:46 | INFO     | Saving at a/skeb/madanenai4-1e4fff.json
2026-09-26 14:22:47 | INFO     | OK https://skeb.jp/api/users/Bee_haji
2026-09-26 14:22:47 | INFO     | Saving at a/skeb/Bee_haji-9dee6b.json
2026-09-26 14:22:48 | INFO     | OK https://skeb.jp/api/users/Kei_Igarashi
2026-09-26 14:22:48 | INFO     | Saving at a/skeb/Kei_Igarashi-189bb4.json
2026-09-26 14:22:49 | INFO     | OK https://skeb.jp/api/users/sisyamo0805
2026-09-26 14:22:49 | INFO     | Saving at a/skeb/sisyamo0805-eb94f4.json
2026-09-26 14:22:50 | INFO     | OK https://skeb.jp/api/users/inopic1228
2026-09-26 14:22:50 | INFO     | Saving at a/skeb/inopic1228-5bb73a.json
2026-09-26 14:22:51 | INFO     | OK https://skeb.jp/api/users/naya_sono
2026-09-26 14:22:51 | INFO     | Saving at a/skeb/naya_sono-d4eff9.json
2026-09-26 14:22:52 | INFO     | OK https://skeb.jp/api/users/HHorn1214
2026-09-26 14:22:52 | INFO     | Saving at a/skeb/HHorn1214-9539ef.json
2026-09-26 14:22:53 | INFO     | OK https://skeb.jp/api/users/aseroraitoILST
2026-09-26 14:22:53 | INFO     | Saving at a/skeb/aseroraitoILST-7b5e4d.json
2026-09-26 14:22:54 | INFO     | OK https://skeb.jp/api/users/kakarichokacho
2026-09-26 14:22:54 | INFO     | Saving at a/skeb/kakarichokacho-d7db00.json
2026-09-26 14:22:55 | INFO     | OK https://skeb.jp/api/users/0kgn0
2026-09-26 14:22:55 | INFO     | Saving at a/skeb/0kgn0-6d1812.json
2026-09-26 14:22:56 | INFO     | OK https://skeb.jp/api/users/mokee88
2026-09-26 14:22:56 | INFO     | Saving at a/skeb/mokee88-68ebff.json
2026-09-26 14:22:57 | INFO     | OK https://skeb.jp/api/users/rhythm_cond
2026-09-26 14:22:57 | INFO     | Saving at a/skeb/rhythm_cond-9bd1fb.json
2026-09-26 14:22:58 | INFO     | OK https://skeb.jp/api/users/usausawow
2026-09-26 14:22:58 | INFO     | Saving at a/skeb/usausawow-18b293.json
2026-09-26 14:22:59 | INFO     | OK https://skeb.jp/api/users/inuwoartwork
2026-09-26 14:22:59 | INFO     | Saving at a/skeb/inuwoartwork-dbf3ac.json
2026-09-26 14:23:00 | INFO     | OK https://skeb.jp/api/users/_Lunatic_n
2026-09-26 14:23:00 | INFO     | Saving at a/skeb/_Lunatic_n-716c33.json
2026-09-26 14:23:01 | INFO     | OK https://skeb.jp/api/users/Heo_taT3DR
2026-09-26 14:23:01 | INFO     | Saving at a/skeb/Heo_taT3DR-752411.json
2026-09-26 14:23:02 | INFO     | OK https://skeb.jp/api/users/batttsu_404
2026-09-26 14:23:02 | INFO     | Saving at a/skeb/batttsu_404-5b2069.json
2026-09-26 14:23:03 | INFO     | OK https://skeb.jp/api/users/nemugaki
2026-09-26 14:23:03 | INFO     | Saving at a/skeb/nemugaki-c546c4.json
2026-09-26 14:23:04 | INFO     | OK https://skeb.jp/api/users/hjkmfmf
2026-09-26 14:23:04 | INFO     | Saving at a/skeb/hjkmfmf-9a748d.json
2026-09-26 14:23:05 | INFO     | OK https://skeb.jp/api/users/danure_senbei
2026-09-26 14:23:05 | INFO     | Saving at a/skeb/danure_senbei-3bb2d0.json
2026-09-26 14:23:06 | INFO     | OK https://skeb.jp/api/users/Motyako__1005
2026-09-26 14:23:06 | INFO     | Saving at a/skeb/Motyako__1005-7e1ed9.json
2026-09-26 14:23:07 | INFO     | OK https://skeb.jp/api/users/akira173i
2026-09-26 14:23:07 | INFO     | Saving at a/skeb/akira173i-a7ae1b.json
2026-09-26 14:23:08 | INFO     | OK https://skeb.jp/api/users/wcv2
2026-09-26 14:23:08 | INFO     | Saving at a/skeb/wcv2-0748ba.json
2026-09-26 14:23:09 | INFO     | OK https://skeb.jp/api/users/Kyouka_Abi
2026-09-26 14:23:09 | INFO     | Saving at a/skeb/Kyouka_Abi-414fed.json
2026-09-26 14:23:10 | INFO     | OK https://skeb.jp/api/users/kotobaayato_1
2026-09-26 14:23:10 | INFO     | Saving at a/skeb/kotobaayato_1-af4da0.json
2026-09-26 14:23:11 | INFO     | OK https://skeb.jp/api/users/OXYDOLL_0
2026-09-26 14:23:11 | INFO     | Saving at a/skeb/OXYDOLL_0-5a551c.json
2026-09-26 14:23:12 | INFO     | OK https://skeb.jp/api/users/kuromo_comon
2026-09-26 14:23:12 | INFO     | Saving at a/skeb/kuromo_comon-f77842.json
2026-09-26 14:23:13 | INFO     | OK https://skeb.jp/api/users/Turkey_Sand
2026-09-26 14:23:13 | INFO     | Saving at a/skeb/Turkey_Sand-29a341.json
2026-09-26 14:23:14 | INFO     | OK https://skeb.jp/api/users/simanokoB
2026-09-26 14:23:14 | INFO     | Saving at a/skeb/simanokoB-977cb7.json
2026-09-26 14:23:15 | INFO     | OK https://skeb.jp/api/users/siinaP_game
2026-09-26 14:23:15 | INFO     | Saving at a/skeb/siinaP_game-77456e.json
2026-09-26 14:23:16 | INFO     | OK https://skeb.jp/api/users/zibn_pasutel
2026-09-26 14:23:16 | INFO     | Saving at a/skeb/zibn_pasutel-c3af4a.json
2026-09-26 14:23:17 | INFO     | OK https://skeb.jp/api/users/yokoshima696969
2026-09-26 14:23:17 | INFO     | Saving at a/skeb/yokoshima696969-be0334.json
2026-09-26 14:23:18 | INFO     | OK https://skeb.jp/api/users/sato8_san
2026-09-26 14:23:18 | INFO     | Saving at a/skeb/sato8_san-e3b8fc.json
2026-09-26 14:23:19 | INFO     | OK https://skeb.jp/api/users/Uo_oUrrrrr_
2026-09-26 14:23:19 | INFO     | Saving at a/skeb/Uo_oUrrrrr_-de7fe4.json
2026-09-26 14:23:20 | INFO     | OK https://skeb.jp/api/users/hoshiotabe
2026-09-26 14:23:20 | INFO     | Saving at a/skeb/hoshiotabe-4ff941.json
2026-09-26 14:23:21 | INFO     | OK https://skeb.jp/api/users/wvr_h
2026-09-26 14:23:21 | INFO     | Saving at a/skeb/wvr_h-cb7d73.json
2026-09-26 14:23:22 | INFO     | OK https://skeb.jp/api/users/ASUK4_illust
2026-09-26 14:23:22 | INFO     | Saving at a/skeb/ASUK4_illust-d22da8.json
2026-09-26 14:23:23 | INFO     | OK https://skeb.jp/api/users/unionriver0201
2026-09-26 14:23:23 | INFO     | Saving at a/skeb/unionriver0201-efc934.json
2026-09-26 14:23:24 | INFO     | OK https://skeb.jp/api/users/sumari_r18
2026-09-26 14:23:24 | INFO     | Saving at a/skeb/sumari_r18-8f7b97.json
2026-09-26 14:23:25 | INFO     | OK https://skeb.jp/api/users/YureiChanXXX
2026-09-26 14:23:25 | INFO     | Saving at a/skeb/YureiChanXXX-945397.json
2026-09-26 14:23:26 | INFO     | OK https://skeb.jp/api/users/YMTHGI
2026-09-26 14:23:26 | INFO     | Saving at a/skeb/YMTHGI-b2b444.json
2026-09-26 14:23:27 | INFO     | OK https://skeb.jp/api/users/_gloggy_
2026-09-26 14:23:27 | INFO     | Saving at a/skeb/_gloggy_-2bebe8.json
2026-09-26 14:23:28 | INFO     | OK https://skeb.jp/api/users/tanio_0114
2026-09-26 14:23:28 | INFO     | Saving at a/skeb/tanio_0114-1a3d22.json
2026-09-26 14:23:29 | INFO     | OK https://skeb.jp/api/users/TakoyakiGirlJP
2026-09-26 14:23:29 | INFO     | Saving at a/skeb/TakoyakiGirlJP-cce7b5.json
2026-09-26 14:23:30 | INFO     | OK https://skeb.jp/api/users/hp__001
2026-09-26 14:23:30 | INFO     | Saving at a/skeb/hp__001-3e3293.json
2026-09-26 14:23:31 | INFO     | OK https://skeb.jp/api/users/Meowstic__
2026-09-26 14:23:31 | INFO     | Saving at a/skeb/Meowstic__-881415.json
2026-09-26 14:23:32 | INFO     | OK https://skeb.jp/api/users/Terre_luna
2026-09-26 14:23:32 | INFO     | Saving at a/skeb/Terre_luna-99a70a.json
2026-09-26 14:23:33 | INFO     | OK https://skeb.jp/api/users/death51094
2026-09-26 14:23:33 | INFO     | Saving at a/skeb/death51094-50860b.json
2026-09-26 14:23:34 | INFO     | OK https://skeb.jp/api/users/mi_339ku
2026-09-26 14:23:34 | INFO     | Saving at a/skeb/mi_339ku-1cd15b.json
2026-09-26 14:23:35 | INFO     | OK https://skeb.jp/api/users/zatta250617
2026-09-26 14:23:35 | INFO     | Saving at a/skeb/zatta250617-5bebcf.json
2026-09-26 14:23:36 | INFO     | OK https://skeb.jp/api/users/yamato_mp
2026-09-26 14:23:36 | INFO     | Saving at a/skeb/yamato_mp-fbfc67.json
2026-09-26 14:23:37 | INFO     | OK https://skeb.jp/api/users/8eh2meow
2026-09-26 14:23:37 | INFO     | Saving at a/skeb/8eh2meow-a488f5.json
2026-09-26 14:23:38 | INFO     | OK https://skeb.jp/api/users/mozumamemo
2026-09-26 14:23:38 | INFO     | Saving at a/skeb/mozumamemo-926798.json
2026-09-26 14:23:39 | INFO     | OK https://skeb.jp/api/users/chibitora8810
2026-09-26 14:23:39 | INFO     | Saving at a/skeb/chibitora8810-3f8c3b.json
2026-09-26 14:23:40 | INFO     | OK https://skeb.jp/api/users/55alisan
2026-09-26 14:23:40 | INFO     | Saving at a/skeb/55alisan-009c65.json
2026-09-26 14:23:41 | INFO     | OK https://skeb.jp/api/users/Haluka_429
2026-09-26 14:23:41 | INFO     | Saving at a/skeb/Haluka_429-692f05.json
2026-09-26 14:23:42 | INFO     | OK https://skeb.jp/api/users/poppodokei
2026-09-26 14:23:42 | INFO     | Saving at a/skeb/poppodokei-8f17c2.json
2026-09-26 14:23:43 | INFO     | OK https://skeb.jp/api/users/tamagooishiizo
2026-09-26 14:23:43 | INFO     | Saving at a/skeb/tamagooishiizo-6958fd.json
2026-09-26 14:23:44 | INFO     | OK https://skeb.jp/api/users/gram_ebi
2026-09-26 14:23:44 | INFO     | Saving at a/skeb/gram_ebi-8f1684.json
2026-09-26 14:23:45 | INFO     | OK https://skeb.jp/api/users/Usi3_1225
2026-09-26 14:23:45 | INFO     | Saving at a/skeb/Usi3_1225-236a6c.json
2026-09-26 14:23:46 | INFO     | OK https://skeb.jp/api/users/nootoru_g
2026-09-26 14:23:46 | INFO     | Saving at a/skeb/nootoru_g-d61a28.json
2026-09-26 14:23:47 | INFO     | OK https://skeb.jp/api/users/yomosuekamo
2026-09-26 14:23:47 | INFO     | Saving at a/skeb/yomosuekamo-d1a170.json
2026-09-26 14:23:48 | INFO     | OK https://skeb.jp/api/users/op_na_ura
2026-09-26 14:23:48 | INFO     | Saving at a/skeb/op_na_ura-021ab7.json
2026-09-26 14:23:49 | INFO     | OK https://skeb.jp/api/users/_karoyaka
2026-09-26 14:23:49 | INFO     | Saving at a/skeb/_karoyaka-023084.json
2026-09-26 14:23:50 | INFO     | OK https://skeb.jp/api/users/moja_taishi
2026-09-26 14:23:50 | INFO     | Saving at a/skeb/moja_taishi-05cab3.json
2026-09-26 14:23:51 | INFO     | OK https://skeb.jp/api/users/toayamato
2026-09-26 14:23:51 | INFO     | Saving at a/skeb/toayamato-9cb3e2.json
2026-09-26 14:23:52 | INFO     | OK https://skeb.jp/api/users/anoyode0
2026-09-26 14:23:52 | INFO     | Saving at a/skeb/anoyode0-448e4f.json
2026-09-26 14:23:53 | INFO     | OK https://skeb.jp/api/users/_pod_pod_pod_
2026-09-26 14:23:53 | INFO     | Saving at a/skeb/_pod_pod_pod_-5ec36a.json
2026-09-26 14:23:54 | INFO     | OK https://skeb.jp/api/users/ie2828
2026-09-26 14:23:54 | INFO     | Saving at a/skeb/ie2828-4be0b1.json
2026-09-26 14:23:55 | INFO     | OK https://skeb.jp/api/users/Satoh_vrc
2026-09-26 14:23:55 | INFO     | Saving at a/skeb/Satoh_vrc-6c8b90.json
2026-09-26 14:23:56 | INFO     | OK https://skeb.jp/api/users/megacra
2026-09-26 14:23:56 | INFO     | Saving at a/skeb/megacra-38c722.json
2026-09-26 14:23:57 | INFO     | OK https://skeb.jp/api/users/ToriTorioekaki
2026-09-26 14:23:57 | INFO     | Saving at a/skeb/ToriTorioekaki-21ac27.json
2026-09-26 14:23:58 | INFO     | OK https://skeb.jp/api/users/mikage_sakura
2026-09-26 14:23:58 | INFO     | Saving at a/skeb/mikage_sakura-2c138b.json
2026-09-26 14:23:59 | INFO     | OK https://skeb.jp/api/users/futoshi_95
2026-09-26 14:23:59 | INFO     | Saving at a/skeb/futoshi_95-7935b9.json
2026-09-26 14:24:00 | INFO     | OK https://skeb.jp/api/users/luckgaki_ya
2026-09-26 14:24:00 | INFO     | Saving at a/skeb/luckgaki_ya-f15995.json
2026-09-26 14:24:01 | INFO     | OK https://skeb.jp/api/users/gemu_waka
2026-09-26 14:24:01 | INFO     | Saving at a/skeb/gemu_waka-a4265c.json
2026-09-26 14:24:02 | INFO     | OK https://skeb.jp/api/users/__8gi
2026-09-26 14:24:02 | INFO     | Saving at a/skeb/__8gi-b8285c.json
2026-09-26 14:24:03 | INFO     | OK https://skeb.jp/api/users/DeFicientRAbbit
2026-09-26 14:24:03 | INFO     | Saving at a/skeb/DeFicientRAbbit-74bcf1.json
2026-09-26 14:24:04 | INFO     | OK https://skeb.jp/api/users/arime_h_sub
2026-09-26 14:24:04 | INFO     | Saving at a/skeb/arime_h_sub-23893b.json
2026-09-26 14:24:05 | INFO     | OK https://skeb.jp/api/users/Raun0ekaki
2026-09-26 14:24:05 | INFO     | Saving at a/skeb/Raun0ekaki-4c7920.json
2026-09-26 14:24:06 | INFO     | OK https://skeb.jp/api/users/den_tbn
2026-09-26 14:24:06 | INFO     | Saving at a/skeb/den_tbn-2149e6.json
2026-09-26 14:24:07 | INFO     | OK https://skeb.jp/api/users/arimoto42
2026-09-26 14:24:07 | INFO     | Saving at a/skeb/arimoto42-66a332.json
2026-09-26 14:24:08 | INFO     | OK https://skeb.jp/api/users/kumochi0803
2026-09-26 14:24:08 | INFO     | Saving at a/skeb/kumochi0803-9fbe51.json
2026-09-26 14:24:09 | INFO     | OK https://skeb.jp/api/users/millhk
2026-09-26 14:24:09 | INFO     | Saving at a/skeb/millhk-d923d6.json
2026-09-26 14:24:10 | INFO     | OK https://skeb.jp/api/users/otemoto02
2026-09-26 14:24:10 | INFO     | Saving at a/skeb/otemoto02-736d00.json
2026-09-26 14:24:11 | INFO     | OK https://skeb.jp/api/users/Zr6Ov
2026-09-26 14:24:11 | INFO     | Saving at a/skeb/Zr6Ov-aa7ea3.json
2026-09-26 14:24:12 | INFO     | OK https://skeb.jp/api/users/huf_nx_
2026-09-26 14:24:12 | INFO     | Saving at a/skeb/huf_nx_-beb82b.json
2026-09-26 14:24:13 | INFO     | OK https://skeb.jp/api/users/hepuhouhi
2026-09-26 14:24:13 | INFO     | Saving at a/skeb/hepuhouhi-997680.json
2026-09-26 14:24:14 | INFO     | OK https://skeb.jp/api/users/lyumor
2026-09-26 14:24:14 | INFO     | Saving at a/skeb/lyumor-ad48a1.json
2026-09-26 14:24:16 | INFO     | OK https://skeb.jp/api/users/ina0akatarou
2026-09-26 14:24:16 | INFO     | Saving at a/skeb/ina0akatarou-7c7c25.json
2026-09-26 14:24:16 | INFO     | OK https://skeb.jp/api/users/hsd145
2026-09-26 14:24:16 | INFO     | Saving at a/skeb/hsd145-a245ee.json
2026-09-26 14:24:17 | INFO     | OK https://skeb.jp/api/users/Valitran
2026-09-26 14:24:17 | INFO     | Saving at a/skeb/Valitran-d60e62.json
2026-09-26 14:24:18 | INFO     | OK https://skeb.jp/api/users/moi03_moi08
2026-09-26 14:24:18 | INFO     | Saving at a/skeb/moi03_moi08-1ce066.json
2026-09-26 14:24:19 | INFO     | OK https://skeb.jp/api/users/hnohanz122
2026-09-26 14:24:19 | INFO     | Saving at a/skeb/hnohanz122-2216ae.json
2026-09-26 14:24:20 | INFO     | OK https://skeb.jp/api/users/yosidaakiransub
2026-09-26 14:24:20 | INFO     | Saving at a/skeb/yosidaakiransub-20a556.json
2026-09-26 14:24:21 | INFO     | OK https://skeb.jp/api/users/nuzuminn
2026-09-26 14:24:21 | INFO     | Saving at a/skeb/nuzuminn-b02b69.json
2026-09-26 14:24:22 | INFO     | OK https://skeb.jp/api/users/cZ0CgYQSm7gArn5
2026-09-26 14:24:22 | INFO     | Saving at a/skeb/cZ0CgYQSm7gArn5-6ab1b8.json
2026-09-26 14:24:23 | INFO     | OK https://skeb.jp/api/users/ON28797
2026-09-26 14:24:23 | INFO     | Saving at a/skeb/ON28797-635fac.json
2026-09-26 14:24:24 | INFO     | OK https://skeb.jp/api/users/eextupa0000
2026-09-26 14:24:24 | INFO     | Saving at a/skeb/eextupa0000-a00e0e.json
2026-09-26 14:24:25 | INFO     | OK https://skeb.jp/api/users/ui_miyapp
2026-09-26 14:24:25 | INFO     | Saving at a/skeb/ui_miyapp-922cda.json
2026-09-26 14:24:26 | INFO     | OK https://skeb.jp/api/users/Lennon_0533
2026-09-26 14:24:26 | INFO     | Saving at a/skeb/Lennon_0533-1d9067.json
2026-09-26 14:24:27 | INFO     | OK https://skeb.jp/api/users/ryu_insect
2026-09-26 14:24:27 | INFO     | Saving at a/skeb/ryu_insect-966d5c.json
2026-09-26 14:24:28 | INFO     | OK https://skeb.jp/api/users/oxSHIROxo
2026-09-26 14:24:28 | INFO     | Saving at a/skeb/oxSHIROxo-189c55.json
2026-09-26 14:24:29 | INFO     | OK https://skeb.jp/api/users/benich_
2026-09-26 14:24:29 | INFO     | Saving at a/skeb/benich_-19e4c0.json
2026-09-26 14:24:30 | INFO     | OK https://skeb.jp/api/users/__1nari_
2026-09-26 14:24:30 | INFO     | Saving at a/skeb/__1nari_-02899e.json
2026-09-26 14:24:31 | INFO     | OK https://skeb.jp/api/users/Amido1123
2026-09-26 14:24:31 | INFO     | Saving at a/skeb/Amido1123-7ff102.json
2026-09-26 14:24:32 | INFO     | OK https://skeb.jp/api/users/asiato_mbo
2026-09-26 14:24:32 | INFO     | Saving at a/skeb/asiato_mbo-5679b9.json
2026-09-26 14:24:33 | INFO     | OK https://skeb.jp/api/users/G_n_G60
2026-09-26 14:24:33 | INFO     | Saving at a/skeb/G_n_G60-43b92b.json
2026-09-26 14:24:34 | INFO     | OK https://skeb.jp/api/users/yng_hoti
2026-09-26 14:24:34 | INFO     | Saving at a/skeb/yng_hoti-6c4133.json
2026-09-26 14:24:35 | INFO     | OK https://skeb.jp/api/users/gummy1024
2026-09-26 14:24:35 | INFO     | Saving at a/skeb/gummy1024-994282.json
2026-09-26 14:24:36 | INFO     | OK https://skeb.jp/api/users/passionpit777
2026-09-26 14:24:36 | INFO     | Saving at a/skeb/passionpit777-fc375b.json
2026-09-26 14:24:37 | INFO     | OK https://skeb.jp/api/users/NISHIO_Q
2026-09-26 14:24:37 | INFO     | Saving at a/skeb/NISHIO_Q-53aff8.json
2026-09-26 14:24:38 | INFO     | OK https://skeb.jp/api/users/Nonoka627
2026-09-26 14:24:38 | INFO     | Saving at a/skeb/Nonoka627-93b2c7.json
2026-09-26 14:24:39 | INFO     | OK https://skeb.jp/api/users/holika_baby
2026-09-26 14:24:39 | INFO     | Saving at a/skeb/holika_baby-90f20f.json
2026-09-26 14:24:40 | INFO     | OK https://skeb.jp/api/users/yayayakan
2026-09-26 14:24:40 | INFO     | Saving at a/skeb/yayayakan-616761.json
2026-09-26 14:24:41 | INFO     | OK https://skeb.jp/api/users/aziroyuji
2026-09-26 14:24:41 | INFO     | Saving at a/skeb/aziroyuji-b2cf44.json
2026-09-26 14:24:42 | INFO     | OK https://skeb.jp/api/users/mitsubasizu
2026-09-26 14:24:42 | INFO     | Saving at a/skeb/mitsubasizu-4a9ce2.json
2026-09-26 14:24:43 | INFO     | OK https://skeb.jp/api/users/gurandoherutu
2026-09-26 14:24:43 | INFO     | Saving at a/skeb/gurandoherutu-11050d.json
2026-09-26 14:24:44 | INFO     | OK https://skeb.jp/api/users/Atora_yuki
2026-09-26 14:24:44 | INFO     | Saving at a/skeb/Atora_yuki-8fd72d.json
2026-09-26 14:24:45 | INFO     | OK https://skeb.jp/api/users/senchii_etc
2026-09-26 14:24:45 | INFO     | Saving at a/skeb/senchii_etc-5d9615.json
2026-09-26 14:24:46 | INFO     | OK https://skeb.jp/api/users/ka07se
2026-09-26 14:24:46 | INFO     | Saving at a/skeb/ka07se-e621b0.json
2026-09-26 14:24:47 | INFO     | OK https://skeb.jp/api/users/ninjin_x1
2026-09-26 14:24:47 | INFO     | Saving at a/skeb/ninjin_x1-0b9707.json
2026-09-26 14:24:48 | INFO     | OK https://skeb.jp/api/users/hatashirou622
2026-09-26 14:24:48 | INFO     | Saving at a/skeb/hatashirou622-bf5065.json
2026-09-26 14:24:49 | INFO     | OK https://skeb.jp/api/users/yuukin
2026-09-26 14:24:49 | INFO     | Saving at a/skeb/yuukin-9379b1.json
2026-09-26 14:24:50 | INFO     | OK https://skeb.jp/api/users/I3dpi
2026-09-26 14:24:50 | INFO     | Saving at a/skeb/I3dpi-486c56.json
2026-09-26 14:24:51 | INFO     | OK https://skeb.jp/api/users/TOMORI156203
2026-09-26 14:24:51 | INFO     | Saving at a/skeb/TOMORI156203-b89451.json
2026-09-26 14:24:52 | INFO     | OK https://skeb.jp/api/users/MM111523
2026-09-26 14:24:52 | INFO     | Saving at a/skeb/MM111523-802fa7.json
2026-09-26 14:24:53 | INFO     | OK https://skeb.jp/api/users/sksm35_d
2026-09-26 14:24:53 | INFO     | Saving at a/skeb/sksm35_d-f934af.json
2026-09-26 14:24:54 | INFO     | OK https://skeb.jp/api/users/8ruakira
2026-09-26 14:24:54 | INFO     | Saving at a/skeb/8ruakira-cc649e.json
2026-09-26 14:24:55 | INFO     | OK https://skeb.jp/api/users/neco_modoki_
2026-09-26 14:24:55 | INFO     | Saving at a/skeb/neco_modoki_-45e92f.json
2026-09-26 14:24:56 | INFO     | OK https://skeb.jp/api/users/riri_Arx
2026-09-26 14:24:56 | INFO     | Saving at a/skeb/riri_Arx-7bfce2.json
2026-09-26 14:24:57 | INFO     | OK https://skeb.jp/api/users/4040_onigiri
2026-09-26 14:24:57 | INFO     | Saving at a/skeb/4040_onigiri-6bbe4e.json
2026-09-26 14:24:58 | INFO     | OK https://skeb.jp/api/users/22mk22nd
2026-09-26 14:24:58 | INFO     | Saving at a/skeb/22mk22nd-83b46e.json
2026-09-26 14:24:59 | INFO     | OK https://skeb.jp/api/users/Mu46016419
2026-09-26 14:24:59 | INFO     | Saving at a/skeb/Mu46016419-9418e2.json
2026-09-26 14:25:00 | INFO     | OK https://skeb.jp/api/users/gadeo_1
2026-09-26 14:25:00 | INFO     | Saving at a/skeb/gadeo_1-04dc12.json
2026-09-26 14:25:01 | INFO     | OK https://skeb.jp/api/users/zerokuro00
2026-09-26 14:25:01 | INFO     | Saving at a/skeb/zerokuro00-e2463e.json
2026-09-26 14:25:02 | INFO     | OK https://skeb.jp/api/users/takakuke1
2026-09-26 14:25:02 | INFO     | Saving at a/skeb/takakuke1-de9f74.json
2026-09-26 14:25:03 | INFO     | OK https://skeb.jp/api/users/Suuuuuun6_6
2026-09-26 14:25:03 | INFO     | Saving at a/skeb/Suuuuuun6_6-b2607b.json
2026-09-26 14:25:04 | INFO     | OK https://skeb.jp/api/users/kumainu3
2026-09-26 14:25:04 | INFO     | Saving at a/skeb/kumainu3-173fe8.json
2026-09-26 14:25:05 | INFO     | OK https://skeb.jp/api/users/gobou_ozouni
2026-09-26 14:25:05 | INFO     | Saving at a/skeb/gobou_ozouni-3950f3.json
2026-09-26 14:25:06 | INFO     | OK https://skeb.jp/api/users/kisaragi_byakko
2026-09-26 14:25:06 | INFO     | Saving at a/skeb/kisaragi_byakko-f45b6f.json
2026-09-26 14:25:07 | INFO     | OK https://skeb.jp/api/users/Saika_Blossom
2026-09-26 14:25:07 | INFO     | Saving at a/skeb/Saika_Blossom-ef51bd.json
2026-09-26 14:25:08 | INFO     | OK https://skeb.jp/api/users/______6xm
2026-09-26 14:25:08 | INFO     | Saving at a/skeb/______6xm-ac0f44.json
2026-09-26 14:25:09 | INFO     | OK https://skeb.jp/api/users/mitarashi_neko
2026-09-26 14:25:09 | INFO     | Saving at a/skeb/mitarashi_neko-2ce353.json
2026-09-26 14:25:10 | INFO     | OK https://skeb.jp/api/users/mmmmm_088
2026-09-26 14:25:10 | INFO     | Saving at a/skeb/mmmmm_088-6acb09.json
2026-09-26 14:25:11 | INFO     | OK https://skeb.jp/api/users/saaamon_4005
2026-09-26 14:25:11 | INFO     | Saving at a/skeb/saaamon_4005-14de56.json
2026-09-26 14:25:12 | INFO     | OK https://skeb.jp/api/users/haru51149
2026-09-26 14:25:12 | INFO     | Saving at a/skeb/haru51149-b0e97b.json
2026-09-26 14:25:13 | INFO     | OK https://skeb.jp/api/users/mochimochiarare
2026-09-26 14:25:13 | INFO     | Saving at a/skeb/mochimochiarare-9295bb.json
2026-09-26 14:25:14 | INFO     | OK https://skeb.jp/api/users/eniraka80
2026-09-26 14:25:14 | INFO     | Saving at a/skeb/eniraka80-099b50.json
2026-09-26 14:25:15 | INFO     | OK https://skeb.jp/api/users/Nyonna247
2026-09-26 14:25:15 | INFO     | Saving at a/skeb/Nyonna247-9411e8.json
2026-09-26 14:25:16 | INFO     | OK https://skeb.jp/api/users/yumyum_ebiebi
2026-09-26 14:25:16 | INFO     | Saving at a/skeb/yumyum_ebiebi-990545.json
2026-09-26 14:25:17 | INFO     | OK https://skeb.jp/api/users/yom3chan
2026-09-26 14:25:17 | INFO     | Saving at a/skeb/yom3chan-b44af2.json
2026-09-26 14:25:18 | INFO     | OK https://skeb.jp/api/users/_NASHIKUN_
2026-09-26 14:25:18 | INFO     | Saving at a/skeb/_NASHIKUN_-3b5253.json
2026-09-26 14:25:19 | INFO     | OK https://skeb.jp/api/users/aoaoaoao523
2026-09-26 14:25:19 | INFO     | Saving at a/skeb/aoaoaoao523-6ae7f9.json
2026-09-26 14:25:20 | INFO     | OK https://skeb.jp/api/users/corpsmanWelt
2026-09-26 14:25:20 | INFO     | Saving at a/skeb/corpsmanWelt-ea923b.json
2026-09-26 14:25:21 | INFO     | OK https://skeb.jp/api/users/lUY528
2026-09-26 14:25:21 | INFO     | Saving at a/skeb/lUY528-322626.json
2026-09-26 14:25:22 | INFO     | OK https://skeb.jp/api/users/hamuyu_
2026-09-26 14:25:22 | INFO     | Saving at a/skeb/hamuyu_-436a75.json
2026-09-26 14:25:23 | INFO     | OK https://skeb.jp/api/users/amya_mya
2026-09-26 14:25:23 | INFO     | Saving at a/skeb/amya_mya-9eb69e.json
2026-09-26 14:25:24 | INFO     | OK https://skeb.jp/api/users/showeR_krS
2026-09-26 14:25:24 | INFO     | Saving at a/skeb/showeR_krS-95e3dc.json
2026-09-26 14:25:25 | INFO     | OK https://skeb.jp/api/users/hellomadjackass
2026-09-26 14:25:25 | INFO     | Saving at a/skeb/hellomadjackass-0b9ce5.json
2026-09-26 14:25:26 | INFO     | OK https://skeb.jp/api/users/tuyu_haruki_
2026-09-26 14:25:26 | INFO     | Saving at a/skeb/tuyu_haruki_-802560.json
2026-09-26 14:25:27 | INFO     | OK https://skeb.jp/api/users/3ka7no_sub
2026-09-26 14:25:27 | INFO     | Saving at a/skeb/3ka7no_sub-2ffd1f.json
2026-09-26 14:25:28 | INFO     | OK https://skeb.jp/api/users/SNM_sunimi3
2026-09-26 14:25:28 | INFO     | Saving at a/skeb/SNM_sunimi3-a60ef2.json
2026-09-26 14:25:29 | INFO     | OK https://skeb.jp/api/users/sio2_tiny
2026-09-26 14:25:29 | INFO     | Saving at a/skeb/sio2_tiny-265b47.json
2026-09-26 14:25:30 | INFO     | OK https://skeb.jp/api/users/OgaMgsLudens
2026-09-26 14:25:30 | INFO     | Saving at a/skeb/OgaMgsLudens-f17cc6.json
2026-09-26 14:25:31 | INFO     | OK https://skeb.jp/api/users/chacoro_pokemon
2026-09-26 14:25:31 | INFO     | Saving at a/skeb/chacoro_pokemon-bf6b82.json
2026-09-26 14:25:32 | INFO     | OK https://skeb.jp/api/users/elobeidzip
2026-09-26 14:25:32 | INFO     | Saving at a/skeb/elobeidzip-92f56c.json
2026-09-26 14:25:33 | INFO     | OK https://skeb.jp/api/users/ryo_yanakasa
2026-09-26 14:25:33 | INFO     | Saving at a/skeb/ryo_yanakasa-9c3de2.json
2026-09-26 14:25:34 | INFO     | OK https://skeb.jp/api/users/VurDV8a8gbGRctd
2026-09-26 14:25:34 | INFO     | Saving at a/skeb/VurDV8a8gbGRctd-685c1d.json
2026-09-26 14:25:35 | INFO     | OK https://skeb.jp/api/users/Roa_mofukemo33
2026-09-26 14:25:35 | INFO     | Saving at a/skeb/Roa_mofukemo33-e8c8ca.json
2026-09-26 14:25:36 | INFO     | OK https://skeb.jp/api/users/kuriki_yu
2026-09-26 14:25:36 | INFO     | Saving at a/skeb/kuriki_yu-f235d1.json
2026-09-26 14:25:37 | INFO     | OK https://skeb.jp/api/users/x93md
2026-09-26 14:25:37 | INFO     | Saving at a/skeb/x93md-29f6f8.json
2026-09-26 14:25:38 | INFO     | OK https://skeb.jp/api/users/fuyafuyafall
2026-09-26 14:25:38 | INFO     | Saving at a/skeb/fuyafuyafall-48745c.json
2026-09-26 14:25:39 | INFO     | OK https://skeb.jp/api/users/Sori0414
2026-09-26 14:25:39 | INFO     | Saving at a/skeb/Sori0414-308d4e.json
2026-09-26 14:25:40 | INFO     | OK https://skeb.jp/api/users/kaketemasu
2026-09-26 14:25:40 | INFO     | Saving at a/skeb/kaketemasu-c6b249.json
2026-09-26 14:25:41 | INFO     | OK https://skeb.jp/api/users/inariyan
2026-09-26 14:25:41 | INFO     | Saving at a/skeb/inariyan-130f05.json
2026-09-26 14:25:42 | INFO     | OK https://skeb.jp/api/users/toomishou
2026-09-26 14:25:42 | INFO     | Saving at a/skeb/toomishou-e0e4fb.json
2026-09-26 14:25:43 | INFO     | OK https://skeb.jp/api/users/waishinoaka
2026-09-26 14:25:43 | INFO     | Saving at a/skeb/waishinoaka-e07a8e.json
2026-09-26 14:25:44 | INFO     | OK https://skeb.jp/api/users/261tanbo
2026-09-26 14:25:44 | INFO     | Saving at a/skeb/261tanbo-78e195.json
2026-09-26 14:25:45 | INFO     | OK https://skeb.jp/api/users/fu_fu_post
2026-09-26 14:25:45 | INFO     | Saving at a/skeb/fu_fu_post-e0c86f.json
2026-09-26 14:25:46 | INFO     | OK https://skeb.jp/api/users/Fuyu_2320
2026-09-26 14:25:46 | INFO     | Saving at a/skeb/Fuyu_2320-d6e709.json
2026-09-26 14:25:47 | INFO     | OK https://skeb.jp/api/users/sekino_r18test
2026-09-26 14:25:47 | INFO     | Saving at a/skeb/sekino_r18test-344890.json
2026-09-26 14:25:48 | INFO     | OK https://skeb.jp/api/users/yx8b9
2026-09-26 14:25:48 | INFO     | Saving at a/skeb/yx8b9-ce0341.json
2026-09-26 14:25:49 | INFO     | OK https://skeb.jp/api/users/nanabako_7
2026-09-26 14:25:49 | INFO     | Saving at a/skeb/nanabako_7-ca4639.json
2026-09-26 14:25:50 | INFO     | OK https://skeb.jp/api/users/kaniyabuntan
2026-09-26 14:25:50 | INFO     | Saving at a/skeb/kaniyabuntan-f6d590.json
2026-09-26 14:25:51 | INFO     | OK https://skeb.jp/api/users/G_tsurius
2026-09-26 14:25:51 | INFO     | Saving at a/skeb/G_tsurius-b16cbb.json
2026-09-26 14:25:52 | INFO     | OK https://skeb.jp/api/users/Neriedor
2026-09-26 14:25:52 | INFO     | Saving at a/skeb/Neriedor-1f662e.json
2026-09-26 14:25:53 | INFO     | OK https://skeb.jp/api/users/inoro_ta
2026-09-26 14:25:53 | INFO     | Saving at a/skeb/inoro_ta-97ff18.json
2026-09-26 14:25:54 | INFO     | OK https://skeb.jp/api/users/8Ovjfg8YRwM7qXz
2026-09-26 14:25:54 | INFO     | Saving at a/skeb/8Ovjfg8YRwM7qXz-01b683.json
2026-09-26 14:25:55 | INFO     | OK https://skeb.jp/api/users/maruyakidondon
2026-09-26 14:25:55 | INFO     | Saving at a/skeb/maruyakidondon-ace7c3.json
2026-09-26 14:25:56 | INFO     | OK https://skeb.jp/api/users/takukuroneko
2026-09-26 14:25:56 | INFO     | Saving at a/skeb/takukuroneko-8831c7.json
2026-09-26 14:25:57 | INFO     | OK https://skeb.jp/api/users/suityuuzenten
2026-09-26 14:25:57 | INFO     | Saving at a/skeb/suityuuzenten-6e7a15.json
2026-09-26 14:25:58 | INFO     | OK https://skeb.jp/api/users/tonarinoch
2026-09-26 14:25:58 | INFO     | Saving at a/skeb/tonarinoch-fe812a.json
2026-09-26 14:25:59 | INFO     | OK https://skeb.jp/api/users/yonyon_obaka
2026-09-26 14:25:59 | INFO     | Saving at a/skeb/yonyon_obaka-23fb80.json
2026-09-26 14:26:00 | INFO     | OK https://skeb.jp/api/users/Tutihumaz77
2026-09-26 14:26:00 | INFO     | Saving at a/skeb/Tutihumaz77-dc7b23.json
2026-09-26 14:26:01 | INFO     | OK https://skeb.jp/api/users/KennyMuseum
2026-09-26 14:26:01 | INFO     | Saving at a/skeb/KennyMuseum-46c11d.json
2026-09-26 14:26:02 | INFO     | OK https://skeb.jp/api/users/manami_nattou
2026-09-26 14:26:02 | INFO     | Saving at a/skeb/manami_nattou-0c0c76.json
2026-09-26 14:26:03 | INFO     | OK https://skeb.jp/api/users/Inamori_Ryusa
2026-09-26 14:26:03 | INFO     | Saving at a/skeb/Inamori_Ryusa-9ecaa9.json
2026-09-26 14:26:04 | INFO     | OK https://skeb.jp/api/users/shikaku_asamura
2026-09-26 14:26:04 | INFO     | Saving at a/skeb/shikaku_asamura-8921cf.json
2026-09-26 14:26:05 | INFO     | OK https://skeb.jp/api/users/sinnpeikamo
2026-09-26 14:26:05 | INFO     | Saving at a/skeb/sinnpeikamo-f779bf.json
2026-09-26 14:26:06 | INFO     | OK https://skeb.jp/api/users/ma_ki_w0
2026-09-26 14:26:06 | INFO     | Saving at a/skeb/ma_ki_w0-b270cc.json
2026-09-26 14:26:07 | INFO     | OK https://skeb.jp/api/users/ramyaLart
2026-09-26 14:26:07 | INFO     | Saving at a/skeb/ramyaLart-6710e8.json
2026-09-26 14:26:08 | INFO     | OK https://skeb.jp/api/users/Ch_Ro49
2026-09-26 14:26:08 | INFO     | Saving at a/skeb/Ch_Ro49-f05487.json
2026-09-26 14:26:09 | INFO     | OK https://skeb.jp/api/users/salmonkomaku
2026-09-26 14:26:09 | INFO     | Saving at a/skeb/salmonkomaku-d9663d.json
2026-09-26 14:26:10 | INFO     | OK https://skeb.jp/api/users/sena_emon3
2026-09-26 14:26:10 | INFO     | Saving at a/skeb/sena_emon3-725d48.json
2026-09-26 14:26:11 | INFO     | OK https://skeb.jp/api/users/higraka
2026-09-26 14:26:11 | INFO     | Saving at a/skeb/higraka-976c9d.json
2026-09-26 14:26:12 | INFO     | OK https://skeb.jp/api/users/nan_box
2026-09-26 14:26:12 | INFO     | Saving at a/skeb/nan_box-079397.json
2026-09-26 14:26:13 | INFO     | OK https://skeb.jp/api/users/higr_mscl
2026-09-26 14:26:13 | INFO     | Saving at a/skeb/higr_mscl-16f4cb.json
2026-09-26 14:26:14 | INFO     | OK https://skeb.jp/api/users/llllll__iiil
2026-09-26 14:26:14 | INFO     | Saving at a/skeb/llllll__iiil-b15378.json
2026-09-26 14:26:15 | INFO     | OK https://skeb.jp/api/users/vanpguma
2026-09-26 14:26:15 | INFO     | Saving at a/skeb/vanpguma-d1488c.json
2026-09-26 14:26:16 | INFO     | OK https://skeb.jp/api/users/_ukag_dayo
2026-09-26 14:26:16 | INFO     | Saving at a/skeb/_ukag_dayo-5dfe94.json
2026-09-26 14:26:17 | INFO     | OK https://skeb.jp/api/users/hamelon310
2026-09-26 14:26:17 | INFO     | Saving at a/skeb/hamelon310-d25e72.json
2026-09-26 14:26:18 | INFO     | OK https://skeb.jp/api/users/fuwaaa6
2026-09-26 14:26:18 | INFO     | Saving at a/skeb/fuwaaa6-226847.json
2026-09-26 14:26:19 | INFO     | OK https://skeb.jp/api/users/hazime_1po
2026-09-26 14:26:19 | INFO     | Saving at a/skeb/hazime_1po-0bbc09.json
2026-09-26 14:26:20 | INFO     | OK https://skeb.jp/api/users/subette_o
2026-09-26 14:26:20 | INFO     | Saving at a/skeb/subette_o-3a6bc0.json
2026-09-26 14:26:21 | INFO     | OK https://skeb.jp/api/users/d_to_yu_b
2026-09-26 14:26:21 | INFO     | Saving at a/skeb/d_to_yu_b-bc80d3.json
2026-09-26 14:26:22 | INFO     | OK https://skeb.jp/api/users/shishamosama
2026-09-26 14:26:22 | INFO     | Saving at a/skeb/shishamosama-5a1e27.json
2026-09-26 14:26:23 | INFO     | OK https://skeb.jp/api/users/painting_fish
2026-09-26 14:26:23 | INFO     | Saving at a/skeb/painting_fish-9c18dc.json
2026-09-26 14:26:24 | INFO     | OK https://skeb.jp/api/users/OwO_hello_
2026-09-26 14:26:24 | INFO     | Saving at a/skeb/OwO_hello_-ed8931.json
2026-09-26 14:26:25 | INFO     | OK https://skeb.jp/api/users/yonaga_san
2026-09-26 14:26:25 | INFO     | Saving at a/skeb/yonaga_san-44c7bf.json
2026-09-26 14:26:26 | INFO     | OK https://skeb.jp/api/users/o90775627
2026-09-26 14:26:26 | INFO     | Saving at a/skeb/o90775627-7ccd6f.json
2026-09-26 14:26:27 | INFO     | OK https://skeb.jp/api/users/MaruMori0619
2026-09-26 14:26:27 | INFO     | Saving at a/skeb/MaruMori0619-fc8371.json
2026-09-26 14:26:28 | INFO     | OK https://skeb.jp/api/users/mahrr_mm
2026-09-26 14:26:28 | INFO     | Saving at a/skeb/mahrr_mm-e9184b.json
2026-09-26 14:26:29 | INFO     | OK https://skeb.jp/api/users/I71YO
2026-09-26 14:26:29 | INFO     | Saving at a/skeb/I71YO-1cb895.json
2026-09-26 14:26:30 | INFO     | OK https://skeb.jp/api/users/ROHA_KMKS
2026-09-26 14:26:30 | INFO     | Saving at a/skeb/ROHA_KMKS-4b585d.json
2026-09-26 14:26:31 | INFO     | OK https://skeb.jp/api/users/wapo00n
2026-09-26 14:26:31 | INFO     | Saving at a/skeb/wapo00n-794432.json
2026-09-26 14:26:32 | INFO     | OK https://skeb.jp/api/users/Mr_Spiralhead
2026-09-26 14:26:32 | INFO     | Saving at a/skeb/Mr_Spiralhead-c24fc6.json
2026-09-26 14:26:33 | INFO     | OK https://skeb.jp/api/users/_ebuna
2026-09-26 14:26:33 | INFO     | Saving at a/skeb/_ebuna-7beb2e.json
2026-09-26 14:26:34 | INFO     | OK https://skeb.jp/api/users/OKZMaMa
2026-09-26 14:26:34 | INFO     | Saving at a/skeb/OKZMaMa-b1e058.json
2026-09-26 14:26:35 | INFO     | OK https://skeb.jp/api/users/inukieiji
2026-09-26 14:26:35 | INFO     | Saving at a/skeb/inukieiji-7781a2.json
2026-09-26 14:26:36 | INFO     | OK https://skeb.jp/api/users/84hsh
2026-09-26 14:26:36 | INFO     | Saving at a/skeb/84hsh-0691f3.json
2026-09-26 14:26:37 | INFO     | OK https://skeb.jp/api/users/19lssn2
2026-09-26 14:26:37 | INFO     | Saving at a/skeb/19lssn2-f6cdc8.json
2026-09-26 14:26:38 | INFO     | OK https://skeb.jp/api/users/abzdrba
2026-09-26 14:26:38 | INFO     | Saving at a/skeb/abzdrba-7d6668.json
2026-09-26 14:26:39 | INFO     | OK https://skeb.jp/api/users/515Oto
2026-09-26 14:26:39 | INFO     | Saving at a/skeb/515Oto-0e988f.json
2026-09-26 14:26:40 | INFO     | OK https://skeb.jp/api/users/ken1ro_u
2026-09-26 14:26:40 | INFO     | Saving at a/skeb/ken1ro_u-498cc4.json
2026-09-26 14:26:41 | INFO     | OK https://skeb.jp/api/users/Akatuki_1161
2026-09-26 14:26:41 | INFO     | Saving at a/skeb/Akatuki_1161-bf1273.json
2026-09-26 14:26:42 | INFO     | OK https://skeb.jp/api/users/bardaneekaki
2026-09-26 14:26:42 | INFO     | Saving at a/skeb/bardaneekaki-0cf4ba.json
2026-09-26 14:26:43 | INFO     | OK https://skeb.jp/api/users/sinocya
2026-09-26 14:26:43 | INFO     | Saving at a/skeb/sinocya-9a641e.json
2026-09-26 14:26:44 | INFO     | OK https://skeb.jp/api/users/MeAlazu
2026-09-26 14:26:44 | INFO     | Saving at a/skeb/MeAlazu-318290.json
2026-09-26 14:26:45 | INFO     | OK https://skeb.jp/api/users/BEEF_lunch_TMT
2026-09-26 14:26:45 | INFO     | Saving at a/skeb/BEEF_lunch_TMT-4d7690.json
2026-09-26 14:26:46 | INFO     | OK https://skeb.jp/api/users/kiyasukemyy
2026-09-26 14:26:46 | INFO     | Saving at a/skeb/kiyasukemyy-b92c96.json
2026-09-26 14:26:47 | INFO     | OK https://skeb.jp/api/users/eiua3085
2026-09-26 14:26:47 | INFO     | Saving at a/skeb/eiua3085-d282d2.json
2026-09-26 14:26:48 | INFO     | OK https://skeb.jp/api/users/dU7OjqwlvE52150
2026-09-26 14:26:48 | INFO     | Saving at a/skeb/dU7OjqwlvE52150-6871cf.json
2026-09-26 14:26:49 | INFO     | OK https://skeb.jp/api/users/rakuraku_kmczk
2026-09-26 14:26:49 | INFO     | Saving at a/skeb/rakuraku_kmczk-d08418.json
2026-09-26 14:26:50 | INFO     | OK https://skeb.jp/api/users/4626wc
2026-09-26 14:26:50 | INFO     | Saving at a/skeb/4626wc-5ca207.json
2026-09-26 14:26:51 | INFO     | OK https://skeb.jp/api/users/musoukyoukou
2026-09-26 14:26:51 | INFO     | Saving at a/skeb/musoukyoukou-eec92d.json
2026-09-26 14:26:52 | INFO     | OK https://skeb.jp/api/users/bebop_sensen
2026-09-26 14:26:52 | INFO     | Saving at a/skeb/bebop_sensen-da1d9b.json
2026-09-26 14:26:53 | INFO     | OK https://skeb.jp/api/users/kazuha1813
2026-09-26 14:26:53 | INFO     | Saving at a/skeb/kazuha1813-26a607.json
2026-09-26 14:26:54 | INFO     | OK https://skeb.jp/api/users/sui_hi_sf
2026-09-26 14:26:54 | INFO     | Saving at a/skeb/sui_hi_sf-f68538.json
2026-09-26 14:26:55 | INFO     | OK https://skeb.jp/api/users/hiyoko_spot
2026-09-26 14:26:55 | INFO     | Saving at a/skeb/hiyoko_spot-69d252.json
2026-09-26 14:26:56 | INFO     | OK https://skeb.jp/api/users/Firamyan
2026-09-26 14:26:56 | INFO     | Saving at a/skeb/Firamyan-ace352.json
2026-09-26 14:26:57 | INFO     | OK https://skeb.jp/api/users/user_0mo
2026-09-26 14:26:57 | INFO     | Saving at a/skeb/user_0mo-04b1d8.json
2026-09-26 14:26:58 | INFO     | OK https://skeb.jp/api/users/yuuji8668
2026-09-26 14:26:58 | INFO     | Saving at a/skeb/yuuji8668-0c86d4.json
2026-09-26 14:26:59 | INFO     | OK https://skeb.jp/api/users/inkopico
2026-09-26 14:26:59 | INFO     | Saving at a/skeb/inkopico-3d7730.json
2026-09-26 14:27:00 | INFO     | OK https://skeb.jp/api/users/Arai_Togami
2026-09-26 14:27:00 | INFO     | Saving at a/skeb/Arai_Togami-521382.json
2026-09-26 14:27:01 | INFO     | OK https://skeb.jp/api/users/Alice0201_
2026-09-26 14:27:01 | INFO     | Saving at a/skeb/Alice0201_-5ff6b8.json
2026-09-26 14:27:02 | INFO     | OK https://skeb.jp/api/users/runanya_vann
2026-09-26 14:27:02 | INFO     | Saving at a/skeb/runanya_vann-13dc42.json
2026-09-26 14:27:03 | INFO     | OK https://skeb.jp/api/users/voifooooooork
2026-09-26 14:27:03 | INFO     | Saving at a/skeb/voifooooooork-ad47eb.json
2026-09-26 14:27:04 | INFO     | OK https://skeb.jp/api/users/Anyo_anyo_nye
2026-09-26 14:27:04 | INFO     | Saving at a/skeb/Anyo_anyo_nye-79916d.json
2026-09-26 14:27:05 | INFO     | OK https://skeb.jp/api/users/usahana101
2026-09-26 14:27:05 | INFO     | Saving at a/skeb/usahana101-dbd7e0.json
2026-09-26 14:27:06 | INFO     | OK https://skeb.jp/api/users/omgdarling
2026-09-26 14:27:06 | INFO     | Saving at a/skeb/omgdarling-0c7417.json
2026-09-26 14:27:07 | INFO     | OK https://skeb.jp/api/users/keats_39
2026-09-26 14:27:07 | INFO     | Saving at a/skeb/keats_39-0ac69b.json
2026-09-26 14:27:08 | INFO     | OK https://skeb.jp/api/users/rakugakifuyu
2026-09-26 14:27:08 | INFO     | Saving at a/skeb/rakugakifuyu-ee3adc.json
2026-09-26 14:27:09 | INFO     | OK https://skeb.jp/api/users/_fuku_fukufuku
2026-09-26 14:27:09 | INFO     | Saving at a/skeb/_fuku_fukufuku-25ec02.json
2026-09-26 14:27:10 | INFO     | OK https://skeb.jp/api/users/4GDQ1CYAgSNyqQz
2026-09-26 14:27:10 | INFO     | Saving at a/skeb/4GDQ1CYAgSNyqQz-83a32c.json
2026-09-26 14:27:11 | INFO     | OK https://skeb.jp/api/users/hiiragik
2026-09-26 14:27:11 | INFO     | Saving at a/skeb/hiiragik-9e83f1.json
2026-09-26 14:27:12 | INFO     | OK https://skeb.jp/api/users/inui_tyan
2026-09-26 14:27:12 | INFO     | Saving at a/skeb/inui_tyan-22f13c.json
2026-09-26 14:27:13 | INFO     | OK https://skeb.jp/api/users/tokinena_amo
2026-09-26 14:27:13 | INFO     | Saving at a/skeb/tokinena_amo-e7b95d.json
2026-09-26 14:27:14 | INFO     | OK https://skeb.jp/api/users/midorima_Bocchi
2026-09-26 14:27:14 | INFO     | Saving at a/skeb/midorima_Bocchi-449d56.json
2026-09-26 14:27:15 | INFO     | OK https://skeb.jp/api/users/akaneya
2026-09-26 14:27:15 | INFO     | Saving at a/skeb/akaneya-61bc6f.json
2026-09-26 14:27:16 | INFO     | OK https://skeb.jp/api/users/a_281023
2026-09-26 14:27:16 | INFO     | Saving at a/skeb/a_281023-ef81c2.json
2026-09-26 14:27:17 | INFO     | OK https://skeb.jp/api/users/maruji_marumaru
2026-09-26 14:27:17 | INFO     | Saving at a/skeb/maruji_marumaru-d8c470.json
2026-09-26 14:27:18 | INFO     | OK https://skeb.jp/api/users/Hanne_wo
2026-09-26 14:27:18 | INFO     | Saving at a/skeb/Hanne_wo-b72b24.json
2026-09-26 14:27:19 | INFO     | OK https://skeb.jp/api/users/Yi1l1l
2026-09-26 14:27:19 | INFO     | Saving at a/skeb/Yi1l1l-9de5fe.json
2026-09-26 14:27:20 | INFO     | OK https://skeb.jp/api/users/tenshinamaguli
2026-09-26 14:27:20 | INFO     | Saving at a/skeb/tenshinamaguli-17968b.json
2026-09-26 14:27:21 | INFO     | OK https://skeb.jp/api/users/mu_ra_o4443
2026-09-26 14:27:21 | INFO     | Saving at a/skeb/mu_ra_o4443-24bbdb.json
2026-09-26 14:27:22 | INFO     | OK https://skeb.jp/api/users/E3BEeC8V8H
2026-09-26 14:27:22 | INFO     | Saving at a/skeb/E3BEeC8V8H-9ab697.json
2026-09-26 14:27:23 | INFO     | OK https://skeb.jp/api/users/Rune_emotion
2026-09-26 14:27:23 | INFO     | Saving at a/skeb/Rune_emotion-45859f.json
2026-09-26 14:27:24 | INFO     | OK https://skeb.jp/api/users/s_dassc
2026-09-26 14:27:24 | INFO     | Saving at a/skeb/s_dassc-b90f7e.json
2026-09-26 14:27:25 | INFO     | OK https://skeb.jp/api/users/sousaku_t00
2026-09-26 14:27:25 | INFO     | Saving at a/skeb/sousaku_t00-6a957c.json
2026-09-26 14:27:26 | INFO     | OK https://skeb.jp/api/users/flat4_v12
2026-09-26 14:27:26 | INFO     | Saving at a/skeb/flat4_v12-cb3b86.json
2026-09-26 14:27:27 | INFO     | OK https://skeb.jp/api/users/origamisayah
2026-09-26 14:27:27 | INFO     | Saving at a/skeb/origamisayah-1d9ba8.json
2026-09-26 14:27:28 | INFO     | OK https://skeb.jp/api/users/ankaketomato
2026-09-26 14:27:28 | INFO     | Saving at a/skeb/ankaketomato-7b924c.json
2026-09-26 14:27:29 | INFO     | OK https://skeb.jp/api/users/namaakl
2026-09-26 14:27:29 | INFO     | Saving at a/skeb/namaakl-13426a.json
2026-09-26 14:27:30 | INFO     | OK https://skeb.jp/api/users/hureSumari
2026-09-26 14:27:30 | INFO     | Saving at a/skeb/hureSumari-0c2c79.json
2026-09-26 14:27:31 | INFO     | OK https://skeb.jp/api/users/strangepop
2026-09-26 14:27:31 | INFO     | Saving at a/skeb/strangepop-d14f0f.json
2026-09-26 14:27:32 | INFO     | OK https://skeb.jp/api/users/k_art71
2026-09-26 14:27:32 | INFO     | Saving at a/skeb/k_art71-1b7f57.json
2026-09-26 14:27:33 | INFO     | OK https://skeb.jp/api/users/Momomo9639
2026-09-26 14:27:33 | INFO     | Saving at a/skeb/Momomo9639-b0be38.json
2026-09-26 14:27:34 | INFO     | OK https://skeb.jp/api/users/taidazigoku
2026-09-26 14:27:34 | INFO     | Saving at a/skeb/taidazigoku-993dd5.json
2026-09-26 14:27:35 | INFO     | OK https://skeb.jp/api/users/poime0T_T
2026-09-26 14:27:35 | INFO     | Saving at a/skeb/poime0T_T-9081b0.json
2026-09-26 14:27:36 | INFO     | OK https://skeb.jp/api/users/zU__022
2026-09-26 14:27:36 | INFO     | Saving at a/skeb/zU__022-cc680e.json
2026-09-26 14:27:37 | INFO     | OK https://skeb.jp/api/users/suk_195
2026-09-26 14:27:37 | INFO     | Saving at a/skeb/suk_195-b906d7.json
2026-09-26 14:27:38 | INFO     | OK https://skeb.jp/api/users/inu_to_tanpopo2
2026-09-26 14:27:38 | INFO     | Saving at a/skeb/inu_to_tanpopo2-fd54b9.json
2026-09-26 14:27:39 | INFO     | OK https://skeb.jp/api/users/pyonpetach
2026-09-26 14:27:39 | INFO     | Saving at a/skeb/pyonpetach-339e2e.json
2026-09-26 14:27:40 | INFO     | OK https://skeb.jp/api/users/kemono250106
2026-09-26 14:27:40 | INFO     | Saving at a/skeb/kemono250106-e83c2c.json
2026-09-26 14:27:41 | INFO     | OK https://skeb.jp/api/users/fpWGFNrixm35508
2026-09-26 14:27:41 | INFO     | Saving at a/skeb/fpWGFNrixm35508-00e23a.json
2026-09-26 14:27:42 | INFO     | OK https://skeb.jp/api/users/k2n0e
2026-09-26 14:27:42 | INFO     | Saving at a/skeb/k2n0e-174fe1.json
2026-09-26 14:27:43 | INFO     | OK https://skeb.jp/api/users/kta3798
2026-09-26 14:27:43 | INFO     | Saving at a/skeb/kta3798-16580d.json
2026-09-26 14:27:44 | INFO     | OK https://skeb.jp/api/users/S7GTtzujPp19649
2026-09-26 14:27:44 | INFO     | Saving at a/skeb/S7GTtzujPp19649-da1e48.json
2026-09-26 14:27:45 | INFO     | OK https://skeb.jp/api/users/makainoyonaoshi
2026-09-26 14:27:45 | INFO     | Saving at a/skeb/makainoyonaoshi-434d77.json
2026-09-26 14:27:46 | INFO     | OK https://skeb.jp/api/users/PRNnomati
2026-09-26 14:27:46 | INFO     | Saving at a/skeb/PRNnomati-448cf5.json
2026-09-26 14:27:47 | INFO     | OK https://skeb.jp/api/users/niwatori0048
2026-09-26 14:27:47 | INFO     | Saving at a/skeb/niwatori0048-72e5c7.json
2026-09-26 14:27:48 | INFO     | OK https://skeb.jp/api/users/jagabokkuru7777
2026-09-26 14:27:48 | INFO     | Saving at a/skeb/jagabokkuru7777-3d8ed2.json
2026-09-26 14:27:49 | INFO     | OK https://skeb.jp/api/users/gi4_xz
2026-09-26 14:27:49 | INFO     | Saving at a/skeb/gi4_xz-a51e42.json
2026-09-26 14:27:50 | INFO     | OK https://skeb.jp/api/users/Riyoru_ni
2026-09-26 14:27:50 | INFO     | Saving at a/skeb/Riyoru_ni-44c3c7.json
2026-09-26 14:27:51 | INFO     | OK https://skeb.jp/api/users/m0496nmz
2026-09-26 14:27:51 | INFO     | Saving at a/skeb/m0496nmz-579c16.json
2026-09-26 14:27:52 | INFO     | OK https://skeb.jp/api/users/fox_life85
2026-09-26 14:27:52 | INFO     | Saving at a/skeb/fox_life85-78b1ec.json
2026-09-26 14:27:53 | INFO     | OK https://skeb.jp/api/users/ISUI_130
2026-09-26 14:27:53 | INFO     | Saving at a/skeb/ISUI_130-0f50c8.json
2026-09-26 14:27:54 | INFO     | OK https://skeb.jp/api/users/koudukitsubasa
2026-09-26 14:27:54 | INFO     | Saving at a/skeb/koudukitsubasa-ea3637.json
2026-09-26 14:27:55 | INFO     | OK https://skeb.jp/api/users/hamojanaiyo
2026-09-26 14:27:55 | INFO     | Saving at a/skeb/hamojanaiyo-d2785c.json
2026-09-26 14:27:56 | INFO     | OK https://skeb.jp/api/users/tatata_n3b7
2026-09-26 14:27:56 | INFO     | Saving at a/skeb/tatata_n3b7-59156f.json
2026-09-26 14:27:57 | INFO     | OK https://skeb.jp/api/users/morukaaa
2026-09-26 14:27:57 | INFO     | Saving at a/skeb/morukaaa-b1a767.json
2026-09-26 14:27:58 | INFO     | OK https://skeb.jp/api/users/matsumatsu_0202
2026-09-26 14:27:58 | INFO     | Saving at a/skeb/matsumatsu_0202-70dec0.json
2026-09-26 14:27:59 | INFO     | OK https://skeb.jp/api/users/9302w
2026-09-26 14:27:59 | INFO     | Saving at a/skeb/9302w-5338ff.json
2026-09-26 14:28:00 | INFO     | OK https://skeb.jp/api/users/unti_pppup
2026-09-26 14:28:00 | INFO     | Saving at a/skeb/unti_pppup-6f5a10.json
2026-09-26 14:28:01 | INFO     | OK https://skeb.jp/api/users/suzu_238
2026-09-26 14:28:01 | INFO     | Saving at a/skeb/suzu_238-a81527.json
2026-09-26 14:28:02 | INFO     | OK https://skeb.jp/api/users/aimoto77
2026-09-26 14:28:02 | INFO     | Saving at a/skeb/aimoto77-d7b86a.json
2026-09-26 14:28:03 | INFO     | OK https://skeb.jp/api/users/Krage
2026-09-26 14:28:03 | INFO     | Saving at a/skeb/Krage-1ac657.json
2026-09-26 14:28:04 | INFO     | OK https://skeb.jp/api/users/seira_pastorale
2026-09-26 14:28:04 | INFO     | Saving at a/skeb/seira_pastorale-b3ab2b.json
2026-09-26 14:28:05 | INFO     | OK https://skeb.jp/api/users/6WH2Z
2026-09-26 14:28:05 | INFO     | Saving at a/skeb/6WH2Z-87e948.json
2026-09-26 14:28:06 | INFO     | OK https://skeb.jp/api/users/minatose__Sk
2026-09-26 14:28:06 | INFO     | Saving at a/skeb/minatose__Sk-14d049.json
2026-09-26 14:28:07 | INFO     | OK https://skeb.jp/api/users/ooo_____1i
2026-09-26 14:28:07 | INFO     | Saving at a/skeb/ooo_____1i-a533c2.json
2026-09-26 14:28:08 | INFO     | OK https://skeb.jp/api/users/mohukaru1
2026-09-26 14:28:08 | INFO     | Saving at a/skeb/mohukaru1-c75ffb.json
2026-09-26 14:28:09 | INFO     | OK https://skeb.jp/api/users/yoshiyuki_0w0
2026-09-26 14:28:09 | INFO     | Saving at a/skeb/yoshiyuki_0w0-d12812.json
2026-09-26 14:28:10 | INFO     | OK https://skeb.jp/api/users/domino873yi
2026-09-26 14:28:10 | INFO     | Saving at a/skeb/domino873yi-e28dd1.json
2026-09-26 14:28:11 | INFO     | OK https://skeb.jp/api/users/Touka_30g
2026-09-26 14:28:11 | INFO     | Saving at a/skeb/Touka_30g-d258fd.json
2026-09-26 14:28:12 | INFO     | OK https://skeb.jp/api/users/s90jiIQO2xf0Fk5
2026-09-26 14:28:12 | INFO     | Saving at a/skeb/s90jiIQO2xf0Fk5-c8875a.json
2026-09-26 14:28:13 | INFO     | OK https://skeb.jp/api/users/mroj3_unbb
2026-09-26 14:28:13 | INFO     | Saving at a/skeb/mroj3_unbb-14d0bd.json
2026-09-26 14:28:14 | INFO     | OK https://skeb.jp/api/users/tikuwa_hf7781
2026-09-26 14:28:14 | INFO     | Saving at a/skeb/tikuwa_hf7781-ac8598.json
2026-09-26 14:28:15 | INFO     | OK https://skeb.jp/api/users/kouji0comic
2026-09-26 14:28:15 | INFO     | Saving at a/skeb/kouji0comic-2f73e2.json
2026-09-26 14:28:16 | INFO     | OK https://skeb.jp/api/users/ropioka
2026-09-26 14:28:16 | INFO     | Saving at a/skeb/ropioka-a88085.json
2026-09-26 14:28:17 | INFO     | OK https://skeb.jp/api/users/53dame__
2026-09-26 14:28:17 | INFO     | Saving at a/skeb/53dame__-668b57.json
2026-09-26 14:28:18 | INFO     | OK https://skeb.jp/api/users/hinata_habi_ss
2026-09-26 14:28:18 | INFO     | Saving at a/skeb/hinata_habi_ss-cb087b.json
2026-09-26 14:28:19 | INFO     | OK https://skeb.jp/api/users/Kawaiiusagi
2026-09-26 14:28:19 | INFO     | Saving at a/skeb/Kawaiiusagi-165dc4.json
2026-09-26 14:28:20 | INFO     | OK https://skeb.jp/api/users/no_ko_archive
2026-09-26 14:28:20 | INFO     | Saving at a/skeb/no_ko_archive-d5f418.json
2026-09-26 14:28:21 | INFO     | OK https://skeb.jp/api/users/H047E
2026-09-26 14:28:21 | INFO     | Saving at a/skeb/H047E-6865a6.json
2026-09-26 14:28:22 | INFO     | OK https://skeb.jp/api/users/am_ske
2026-09-26 14:28:22 | INFO     | Saving at a/skeb/am_ske-a1e5b4.json
2026-09-26 14:28:23 | INFO     | OK https://skeb.jp/api/users/tsukumo_772
2026-09-26 14:28:23 | INFO     | Saving at a/skeb/tsukumo_772-6fb425.json
2026-09-26 14:28:24 | INFO     | OK https://skeb.jp/api/users/Frks_s2
2026-09-26 14:28:24 | INFO     | Saving at a/skeb/Frks_s2-108320.json
2026-09-26 14:28:25 | INFO     | OK https://skeb.jp/api/users/kizamineginegi
2026-09-26 14:28:25 | INFO     | Saving at a/skeb/kizamineginegi-5e23a9.json
2026-09-26 14:28:26 | INFO     | OK https://skeb.jp/api/users/picipici115
2026-09-26 14:28:26 | INFO     | Saving at a/skeb/picipici115-672f42.json
2026-09-26 14:28:27 | INFO     | OK https://skeb.jp/api/users/ixaba
2026-09-26 14:28:27 | INFO     | Saving at a/skeb/ixaba-795bdf.json
2026-09-26 14:28:28 | INFO     | OK https://skeb.jp/api/users/SasaG_yd2
2026-09-26 14:28:28 | INFO     | Saving at a/skeb/SasaG_yd2-077b5f.json
2026-09-26 14:28:29 | INFO     | OK https://skeb.jp/api/users/nakaG_illust
2026-09-26 14:28:29 | INFO     | Saving at a/skeb/nakaG_illust-cf4851.json
2026-09-26 14:28:30 | INFO     | OK https://skeb.jp/api/users/TAMITOMEMO
2026-09-26 14:28:30 | INFO     | Saving at a/skeb/TAMITOMEMO-7d2d06.json
2026-09-26 14:28:31 | INFO     | OK https://skeb.jp/api/users/aka_fuji_
2026-09-26 14:28:31 | INFO     | Saving at a/skeb/aka_fuji_-75949f.json
2026-09-26 14:28:32 | INFO     | OK https://skeb.jp/api/users/endouvocalotyu
2026-09-26 14:28:32 | INFO     | Saving at a/skeb/endouvocalotyu-578bee.json
2026-09-26 14:28:33 | INFO     | OK https://skeb.jp/api/users/ttto_1010
2026-09-26 14:28:33 | INFO     | Saving at a/skeb/ttto_1010-a8e2a7.json
2026-09-26 14:28:34 | INFO     | OK https://skeb.jp/api/users/arto_sssduho
2026-09-26 14:28:34 | INFO     | Saving at a/skeb/arto_sssduho-4a42f0.json
2026-09-26 14:28:35 | INFO     | OK https://skeb.jp/api/users/R18komeemok81R
2026-09-26 14:28:35 | INFO     | Saving at a/skeb/R18komeemok81R-280b4d.json
2026-09-26 14:28:36 | INFO     | OK https://skeb.jp/api/users/Love2Slip
2026-09-26 14:28:36 | INFO     | Saving at a/skeb/Love2Slip-3fb331.json
2026-09-26 14:28:37 | INFO     | OK https://skeb.jp/api/users/nekoneko_haruka
2026-09-26 14:28:37 | INFO     | Saving at a/skeb/nekoneko_haruka-604623.json
2026-09-26 14:28:38 | INFO     | OK https://skeb.jp/api/users/Chari030922
2026-09-26 14:28:38 | INFO     | Saving at a/skeb/Chari030922-69c736.json
2026-09-26 14:28:39 | INFO     | OK https://skeb.jp/api/users/arikindows10
2026-09-26 14:28:39 | INFO     | Saving at a/skeb/arikindows10-b3753d.json
2026-09-26 14:28:40 | INFO     | OK https://skeb.jp/api/users/aropotto_yyp
2026-09-26 14:28:40 | INFO     | Saving at a/skeb/aropotto_yyp-ffc3ea.json
2026-09-26 14:28:41 | INFO     | OK https://skeb.jp/api/users/R0XcfPXOIQ58013
2026-09-26 14:28:41 | INFO     | Saving at a/skeb/R0XcfPXOIQ58013-5dd769.json
2026-09-26 14:28:42 | INFO     | OK https://skeb.jp/api/users/O14kcal
2026-09-26 14:28:42 | INFO     | Saving at a/skeb/O14kcal-7fe577.json
2026-09-26 14:28:43 | INFO     | OK https://skeb.jp/api/users/E9EEF3_
2026-09-26 14:28:43 | INFO     | Saving at a/skeb/E9EEF3_-2f14b0.json
2026-09-26 14:28:44 | INFO     | OK https://skeb.jp/api/users/kibiNOKK
2026-09-26 14:28:44 | INFO     | Saving at a/skeb/kibiNOKK-5a41e0.json
2026-09-26 14:28:45 | INFO     | OK https://skeb.jp/api/users/hue_nanairo
2026-09-26 14:28:45 | INFO     | Saving at a/skeb/hue_nanairo-452316.json
2026-09-26 14:28:46 | INFO     | OK https://skeb.jp/api/users/okra_ns
2026-09-26 14:28:46 | INFO     | Saving at a/skeb/okra_ns-e45a7e.json
2026-09-26 14:28:47 | INFO     | OK https://skeb.jp/api/users/sntnti_
2026-09-26 14:28:47 | INFO     | Saving at a/skeb/sntnti_-5bbe25.json
2026-09-26 14:28:48 | INFO     | OK https://skeb.jp/api/users/san37
2026-09-26 14:28:48 | INFO     | Saving at a/skeb/san37-6cd875.json
2026-09-26 14:28:49 | INFO     | OK https://skeb.jp/api/users/yukari_1857
2026-09-26 14:28:49 | INFO     | Saving at a/skeb/yukari_1857-1db1be.json
2026-09-26 14:28:50 | INFO     | OK https://skeb.jp/api/users/tunral
2026-09-26 14:28:50 | INFO     | Saving at a/skeb/tunral-ff943a.json
2026-09-26 14:28:51 | INFO     | OK https://skeb.jp/api/users/akira_misame
2026-09-26 14:28:51 | INFO     | Saving at a/skeb/akira_misame-1659c1.json
2026-09-26 14:28:52 | INFO     | OK https://skeb.jp/api/users/gumorijinaru
2026-09-26 14:28:52 | INFO     | Saving at a/skeb/gumorijinaru-ca00ab.json
2026-09-26 14:28:53 | INFO     | OK https://skeb.jp/api/users/new_yamagame
2026-09-26 14:28:53 | INFO     | Saving at a/skeb/new_yamagame-b2afaf.json
2026-09-26 14:28:54 | INFO     | OK https://skeb.jp/api/users/_shihoncake_
2026-09-26 14:28:54 | INFO     | Saving at a/skeb/_shihoncake_-c0b057.json
2026-09-26 14:28:55 | INFO     | OK https://skeb.jp/api/users/Ron_Ron002
2026-09-26 14:28:55 | INFO     | Saving at a/skeb/Ron_Ron002-b2b3fe.json
2026-09-26 14:28:56 | INFO     | OK https://skeb.jp/api/users/ann7dornat
2026-09-26 14:28:56 | INFO     | Saving at a/skeb/ann7dornat-c5f3f2.json
2026-09-26 14:28:57 | INFO     | OK https://skeb.jp/api/users/valetknown
2026-09-26 14:28:57 | INFO     | Saving at a/skeb/valetknown-cd4717.json
2026-09-26 14:28:58 | INFO     | OK https://skeb.jp/api/users/roieoekaki
2026-09-26 14:28:58 | INFO     | Saving at a/skeb/roieoekaki-3509fb.json
2026-09-26 14:28:59 | INFO     | OK https://skeb.jp/api/users/fritud89
2026-09-26 14:28:59 | INFO     | Saving at a/skeb/fritud89-1a4c7e.json
2026-09-26 14:29:00 | INFO     | OK https://skeb.jp/api/users/borobug
2026-09-26 14:29:00 | INFO     | Saving at a/skeb/borobug-5a7c6c.json
2026-09-26 14:29:01 | INFO     | OK https://skeb.jp/api/users/37MOpng
2026-09-26 14:29:01 | INFO     | Saving at a/skeb/37MOpng-4135ed.json
2026-09-26 14:29:02 | INFO     | OK https://skeb.jp/api/users/Ni9oome
2026-09-26 14:29:02 | INFO     | Saving at a/skeb/Ni9oome-84c116.json
2026-09-26 14:29:03 | INFO     | OK https://skeb.jp/api/users/madomore4649
2026-09-26 14:29:03 | INFO     | Saving at a/skeb/madomore4649-80eb46.json
2026-09-26 14:29:04 | INFO     | OK https://skeb.jp/api/users/kanantn
2026-09-26 14:29:04 | INFO     | Saving at a/skeb/kanantn-1f13bf.json
2026-09-26 14:29:05 | INFO     | OK https://skeb.jp/api/users/shimohr
2026-09-26 14:29:05 | INFO     | Saving at a/skeb/shimohr-91f639.json
2026-09-26 14:29:06 | INFO     | OK https://skeb.jp/api/users/yukijiro02a
2026-09-26 14:29:06 | INFO     | Saving at a/skeb/yukijiro02a-af656b.json
2026-09-26 14:29:07 | INFO     | OK https://skeb.jp/api/users/Curakuru
2026-09-26 14:29:07 | INFO     | Saving at a/skeb/Curakuru-989e90.json
2026-09-26 14:29:08 | INFO     | OK https://skeb.jp/api/users/sakahari5gou
2026-09-26 14:29:08 | INFO     | Saving at a/skeb/sakahari5gou-34d34f.json
2026-09-26 14:29:09 | INFO     | OK https://skeb.jp/api/users/Lost_Folio
2026-09-26 14:29:09 | INFO     | Saving at a/skeb/Lost_Folio-a9551c.json
2026-09-26 14:29:10 | INFO     | OK https://skeb.jp/api/users/mamt56
2026-09-26 14:29:10 | INFO     | Saving at a/skeb/mamt56-e04ea8.json
2026-09-26 14:29:11 | INFO     | OK https://skeb.jp/api/users/mayoi_noyoru
2026-09-26 14:29:11 | INFO     | Saving at a/skeb/mayoi_noyoru-93a213.json
2026-09-26 14:29:12 | INFO     | OK https://skeb.jp/api/users/yugo_eti
2026-09-26 14:29:12 | INFO     | Saving at a/skeb/yugo_eti-df9656.json
2026-09-26 14:29:13 | INFO     | OK https://skeb.jp/api/users/ururun_hmk
2026-09-26 14:29:13 | INFO     | Saving at a/skeb/ururun_hmk-dabfd4.json
2026-09-26 14:29:14 | INFO     | OK https://skeb.jp/api/users/ENKELTASO
2026-09-26 14:29:14 | INFO     | Saving at a/skeb/ENKELTASO-8142d6.json
2026-09-26 14:29:15 | INFO     | OK https://skeb.jp/api/users/miki_lutecia
2026-09-26 14:29:15 | INFO     | Saving at a/skeb/miki_lutecia-065d15.json
2026-09-26 14:29:16 | INFO     | OK https://skeb.jp/api/users/kanta5904
2026-09-26 14:29:16 | INFO     | Saving at a/skeb/kanta5904-f595c0.json
2026-09-26 14:29:17 | INFO     | OK https://skeb.jp/api/users/omoro3bot
2026-09-26 14:29:17 | INFO     | Saving at a/skeb/omoro3bot-7537c1.json
2026-09-26 14:29:18 | INFO     | OK https://skeb.jp/api/users/shiawase_de_ite
2026-09-26 14:29:18 | INFO     | Saving at a/skeb/shiawase_de_ite-fc8e84.json
2026-09-26 14:29:19 | INFO     | OK https://skeb.jp/api/users/yuuri_splatoon
2026-09-26 14:29:19 | INFO     | Saving at a/skeb/yuuri_splatoon-4982a5.json
2026-09-26 14:29:20 | INFO     | OK https://skeb.jp/api/users/k_einwtr
2026-09-26 14:29:20 | INFO     | Saving at a/skeb/k_einwtr-d27534.json
2026-09-26 14:29:21 | INFO     | OK https://skeb.jp/api/users/GekitetZ077
2026-09-26 14:29:21 | INFO     | Saving at a/skeb/GekitetZ077-7a4e0a.json
2026-09-26 14:29:22 | INFO     | OK https://skeb.jp/api/users/dopyu_45
2026-09-26 14:29:22 | INFO     | Saving at a/skeb/dopyu_45-74fa1e.json
2026-09-26 14:29:23 | INFO     | OK https://skeb.jp/api/users/3110corgi
2026-09-26 14:29:23 | INFO     | Saving at a/skeb/3110corgi-d913ba.json
2026-09-26 14:29:24 | INFO     | OK https://skeb.jp/api/users/ppa_me_
2026-09-26 14:29:24 | INFO     | Saving at a/skeb/ppa_me_-02ed63.json
2026-09-26 14:29:25 | INFO     | OK https://skeb.jp/api/users/37_Kugo_95
2026-09-26 14:29:25 | INFO     | Saving at a/skeb/37_Kugo_95-cee466.json
2026-09-26 14:29:26 | INFO     | OK https://skeb.jp/api/users/_325203_
2026-09-26 14:29:26 | INFO     | Saving at a/skeb/_325203_-e6ff40.json
2026-09-26 14:29:27 | INFO     | OK https://skeb.jp/api/users/yokihihe3
2026-09-26 14:29:27 | INFO     | Saving at a/skeb/yokihihe3-d6da92.json
2026-09-26 14:29:28 | INFO     | OK https://skeb.jp/api/users/kisa_murasame
2026-09-26 14:29:28 | INFO     | Saving at a/skeb/kisa_murasame-fbd99d.json
2026-09-26 14:29:29 | INFO     | OK https://skeb.jp/api/users/moyashi_sosaku1
2026-09-26 14:29:29 | INFO     | Saving at a/skeb/moyashi_sosaku1-34a126.json
2026-09-26 14:29:30 | INFO     | OK https://skeb.jp/api/users/H_dotai5923
2026-09-26 14:29:30 | INFO     | Saving at a/skeb/H_dotai5923-b92e78.json
2026-09-26 14:29:31 | INFO     | OK https://skeb.jp/api/users/mnm_imcg
2026-09-26 14:29:31 | INFO     | Saving at a/skeb/mnm_imcg-8475ca.json
2026-09-26 14:29:32 | INFO     | OK https://skeb.jp/api/users/Baji_Pic
2026-09-26 14:29:32 | INFO     | Saving at a/skeb/Baji_Pic-420bf5.json
2026-09-26 14:29:33 | INFO     | OK https://skeb.jp/api/users/babu_2_
2026-09-26 14:29:33 | INFO     | Saving at a/skeb/babu_2_-a9f464.json
2026-09-26 14:29:34 | INFO     | OK https://skeb.jp/api/users/hanasakichusub
2026-09-26 14:29:34 | INFO     | Saving at a/skeb/hanasakichusub-9a955d.json
2026-09-26 14:29:35 | INFO     | OK https://skeb.jp/api/users/hannnama230
2026-09-26 14:29:35 | INFO     | Saving at a/skeb/hannnama230-cfb005.json
2026-09-26 14:29:36 | INFO     | OK https://skeb.jp/api/users/ALUDE05
2026-09-26 14:29:36 | INFO     | Saving at a/skeb/ALUDE05-250406.json
2026-09-26 14:29:37 | INFO     | OK https://skeb.jp/api/users/hocorichanxx
2026-09-26 14:29:37 | INFO     | Saving at a/skeb/hocorichanxx-f8b1ad.json
2026-09-26 14:29:38 | INFO     | OK https://skeb.jp/api/users/Butaoink_555
2026-09-26 14:29:38 | INFO     | Saving at a/skeb/Butaoink_555-fe2fbc.json
2026-09-26 14:29:39 | INFO     | OK https://skeb.jp/api/users/tenoo12
2026-09-26 14:29:39 | INFO     | Saving at a/skeb/tenoo12-65523e.json
2026-09-26 14:29:41 | INFO     | OK https://skeb.jp/api/users/yu_wo_
2026-09-26 14:29:41 | INFO     | Saving at a/skeb/yu_wo_-027209.json
2026-09-26 14:29:41 | INFO     | OK https://skeb.jp/api/users/aimailskL
2026-09-26 14:29:41 | INFO     | Saving at a/skeb/aimailskL-fdcb1c.json
2026-09-26 14:29:42 | INFO     | OK https://skeb.jp/api/users/sakuraMilk_tea
2026-09-26 14:29:42 | INFO     | Saving at a/skeb/sakuraMilk_tea-20d9f1.json
2026-09-26 14:29:43 | INFO     | OK https://skeb.jp/api/users/xxxS_Karura
2026-09-26 14:29:43 | INFO     | Saving at a/skeb/xxxS_Karura-eca2b4.json
2026-09-26 14:29:44 | INFO     | OK https://skeb.jp/api/users/Uribou1027
2026-09-26 14:29:44 | INFO     | Saving at a/skeb/Uribou1027-ed30f5.json
2026-09-26 14:29:45 | INFO     | OK https://skeb.jp/api/users/96tchi
2026-09-26 14:29:45 | INFO     | Saving at a/skeb/96tchi-93ef35.json
2026-09-26 14:29:46 | INFO     | OK https://skeb.jp/api/users/rilunoco_mn
2026-09-26 14:29:46 | INFO     | Saving at a/skeb/rilunoco_mn-96e266.json
2026-09-26 14:29:47 | INFO     | OK https://skeb.jp/api/users/sigure_amenoma
2026-09-26 14:29:47 | INFO     | Saving at a/skeb/sigure_amenoma-c634b3.json
2026-09-26 14:29:48 | INFO     | OK https://skeb.jp/api/users/uohw9
2026-09-26 14:29:48 | INFO     | Saving at a/skeb/uohw9-c9518a.json
2026-09-26 14:29:49 | INFO     | OK https://skeb.jp/api/users/harumaki_025
2026-09-26 14:29:49 | INFO     | Saving at a/skeb/harumaki_025-a2c5e0.json
2026-09-26 14:29:50 | INFO     | OK https://skeb.jp/api/users/N_mossi
2026-09-26 14:29:50 | INFO     | Saving at a/skeb/N_mossi-d45929.json
2026-09-26 14:29:51 | INFO     | OK https://skeb.jp/api/users/ynxzvc
2026-09-26 14:29:51 | INFO     | Saving at a/skeb/ynxzvc-ba93f3.json
2026-09-26 14:29:52 | INFO     | OK https://skeb.jp/api/users/Nodokarasu0906
2026-09-26 14:29:52 | INFO     | Saving at a/skeb/Nodokarasu0906-c536be.json
2026-09-26 14:29:53 | INFO     | OK https://skeb.jp/api/users/miturume_ko
2026-09-26 14:29:53 | INFO     | Saving at a/skeb/miturume_ko-e65d24.json
2026-09-26 14:29:54 | INFO     | OK https://skeb.jp/api/users/ChaSoCha
2026-09-26 14:29:54 | INFO     | Saving at a/skeb/ChaSoCha-1685e3.json
2026-09-26 14:29:55 | INFO     | OK https://skeb.jp/api/users/toufu0301
2026-09-26 14:29:55 | INFO     | Saving at a/skeb/toufu0301-d9ea1b.json
2026-09-26 14:29:56 | INFO     | OK https://skeb.jp/api/users/sutunununu
2026-09-26 14:29:56 | INFO     | Saving at a/skeb/sutunununu-e452eb.json
2026-09-26 14:29:57 | INFO     | OK https://skeb.jp/api/users/Carbon8period
2026-09-26 14:29:57 | INFO     | Saving at a/skeb/Carbon8period-086746.json
2026-09-26 14:29:58 | INFO     | OK https://skeb.jp/api/users/nansense
2026-09-26 14:29:58 | INFO     | Saving at a/skeb/nansense-9179bb.json
2026-09-26 14:29:59 | INFO     | OK https://skeb.jp/api/users/koji_sosaku
2026-09-26 14:29:59 | INFO     | Saving at a/skeb/koji_sosaku-983081.json
2026-09-26 14:30:00 | INFO     | OK https://skeb.jp/api/users/s_ssssssss
2026-09-26 14:30:00 | INFO     | Saving at a/skeb/s_ssssssss-189d6d.json
2026-09-26 14:30:01 | INFO     | OK https://skeb.jp/api/users/sabamori55
2026-09-26 14:30:01 | INFO     | Saving at a/skeb/sabamori55-a4a4e2.json
2026-09-26 14:30:02 | INFO     | OK https://skeb.jp/api/users/35358901hskrr
2026-09-26 14:30:02 | INFO     | Saving at a/skeb/35358901hskrr-52bdc2.json
2026-09-26 14:30:03 | INFO     | OK https://skeb.jp/api/users/hauberk888
2026-09-26 14:30:03 | INFO     | Saving at a/skeb/hauberk888-fa25be.json
2026-09-26 14:30:04 | INFO     | OK https://skeb.jp/api/users/4bD3zwdELJMdncF
2026-09-26 14:30:04 | INFO     | Saving at a/skeb/4bD3zwdELJMdncF-90c761.json
2026-09-26 14:30:05 | INFO     | OK https://skeb.jp/api/users/mayoixutsurou
2026-09-26 14:30:05 | INFO     | Saving at a/skeb/mayoixutsurou-758023.json
2026-09-26 14:30:06 | INFO     | OK https://skeb.jp/api/users/yumugu09
2026-09-26 14:30:06 | INFO     | Saving at a/skeb/yumugu09-99a3ec.json
2026-09-26 14:30:07 | INFO     | OK https://skeb.jp/api/users/subbaru875
2026-09-26 14:30:07 | INFO     | Saving at a/skeb/subbaru875-8ab6ee.json
2026-09-26 14:30:08 | INFO     | OK https://skeb.jp/api/users/OMu__Ank
2026-09-26 14:30:08 | INFO     | Saving at a/skeb/OMu__Ank-6e7779.json
2026-09-26 14:30:09 | INFO     | OK https://skeb.jp/api/users/t_mizushiro
2026-09-26 14:30:09 | INFO     | Saving at a/skeb/t_mizushiro-474c41.json
2026-09-26 14:30:10 | INFO     | OK https://skeb.jp/api/users/chamayy
2026-09-26 14:30:10 | INFO     | Saving at a/skeb/chamayy-db4b9f.json
2026-09-26 14:30:11 | INFO     | OK https://skeb.jp/api/users/motimothi_bbw
2026-09-26 14:30:11 | INFO     | Saving at a/skeb/motimothi_bbw-9f1b35.json
2026-09-26 14:30:12 | INFO     | OK https://skeb.jp/api/users/mtnmy_
2026-09-26 14:30:12 | INFO     | Saving at a/skeb/mtnmy_-d7829c.json
2026-09-26 14:30:13 | INFO     | OK https://skeb.jp/api/users/__mlsn
2026-09-26 14:30:13 | INFO     | Saving at a/skeb/__mlsn-afab52.json
2026-09-26 14:30:14 | INFO     | OK https://skeb.jp/api/users/hisa_nn_
2026-09-26 14:30:14 | INFO     | Saving at a/skeb/hisa_nn_-a7809e.json
2026-09-26 14:30:15 | INFO     | OK https://skeb.jp/api/users/guruminnSuB
2026-09-26 14:30:15 | INFO     | Saving at a/skeb/guruminnSuB-88ec20.json
2026-09-26 14:30:16 | INFO     | OK https://skeb.jp/api/users/nk_ym2
2026-09-26 14:30:16 | INFO     | Saving at a/skeb/nk_ym2-ce26cb.json
2026-09-26 14:30:17 | INFO     | OK https://skeb.jp/api/users/gggeorg61109125
2026-09-26 14:30:17 | INFO     | Saving at a/skeb/gggeorg61109125-50cf37.json
2026-09-26 14:30:18 | INFO     | OK https://skeb.jp/api/users/yuuyaku_e
2026-09-26 14:30:18 | INFO     | Saving at a/skeb/yuuyaku_e-ea93bf.json
2026-09-26 14:30:19 | INFO     | OK https://skeb.jp/api/users/potte0530
2026-09-26 14:30:19 | INFO     | Saving at a/skeb/potte0530-916c0b.json
2026-09-26 14:30:20 | INFO     | OK https://skeb.jp/api/users/nagira0822
2026-09-26 14:30:20 | INFO     | Saving at a/skeb/nagira0822-438124.json
2026-09-26 14:30:21 | INFO     | OK https://skeb.jp/api/users/0yukiya0
2026-09-26 14:30:21 | INFO     | Saving at a/skeb/0yukiya0-e7f75c.json
2026-09-26 14:30:22 | INFO     | OK https://skeb.jp/api/users/moetora
2026-09-26 14:30:22 | INFO     | Saving at a/skeb/moetora-8a1176.json
2026-09-26 14:30:23 | INFO     | OK https://skeb.jp/api/users/UknkBe
2026-09-26 14:30:23 | INFO     | Saving at a/skeb/UknkBe-bc6185.json
2026-09-26 14:30:24 | INFO     | OK https://skeb.jp/api/users/morikawa0208
2026-09-26 14:30:24 | INFO     | Saving at a/skeb/morikawa0208-2536d4.json
2026-09-26 14:30:25 | INFO     | OK https://skeb.jp/api/users/Yuin_VRC
2026-09-26 14:30:25 | INFO     | Saving at a/skeb/Yuin_VRC-cf2fda.json
2026-09-26 14:30:26 | INFO     | OK https://skeb.jp/api/users/shirouzu_mutant
2026-09-26 14:30:26 | INFO     | Saving at a/skeb/shirouzu_mutant-dd6d60.json
2026-09-26 14:30:27 | INFO     | OK https://skeb.jp/api/users/ibara_380
2026-09-26 14:30:27 | INFO     | Saving at a/skeb/ibara_380-282541.json
2026-09-26 14:30:28 | INFO     | OK https://skeb.jp/api/users/M_R_12h
2026-09-26 14:30:28 | INFO     | Saving at a/skeb/M_R_12h-eaf43c.json
2026-09-26 14:30:29 | INFO     | OK https://skeb.jp/api/users/yuanei
2026-09-26 14:30:29 | INFO     | Saving at a/skeb/yuanei-c385ab.json
2026-09-26 14:30:30 | INFO     | OK https://skeb.jp/api/users/000_000014
2026-09-26 14:30:30 | INFO     | Saving at a/skeb/000_000014-9ba3c5.json
2026-09-26 14:30:31 | INFO     | OK https://skeb.jp/api/users/asagiyuna
2026-09-26 14:30:31 | INFO     | Saving at a/skeb/asagiyuna-189b24.json
2026-09-26 14:30:32 | INFO     | OK https://skeb.jp/api/users/hllspd_0
2026-09-26 14:30:32 | INFO     | Saving at a/skeb/hllspd_0-13948b.json
2026-09-26 14:30:33 | INFO     | OK https://skeb.jp/api/users/jirouji
2026-09-26 14:30:33 | INFO     | Saving at a/skeb/jirouji-693c99.json
2026-09-26 14:30:34 | INFO     | OK https://skeb.jp/api/users/aa_kabeuchi
2026-09-26 14:30:34 | INFO     | Saving at a/skeb/aa_kabeuchi-e0b284.json
2026-09-26 14:30:35 | INFO     | OK https://skeb.jp/api/users/eziezi_
2026-09-26 14:30:35 | INFO     | Saving at a/skeb/eziezi_-635acc.json
2026-09-26 14:30:36 | INFO     | OK https://skeb.jp/api/users/ao_wo_
2026-09-26 14:30:36 | INFO     | Saving at a/skeb/ao_wo_-4acf01.json
2026-09-26 14:30:37 | INFO     | OK https://skeb.jp/api/users/yukino_ss_
2026-09-26 14:30:37 | INFO     | Saving at a/skeb/yukino_ss_-53cfd7.json
2026-09-26 14:30:38 | INFO     | OK https://skeb.jp/api/users/Myo_005
2026-09-26 14:30:38 | INFO     | Saving at a/skeb/Myo_005-666039.json
2026-09-26 14:30:39 | INFO     | OK https://skeb.jp/api/users/gyarinrin358
2026-09-26 14:30:39 | INFO     | Saving at a/skeb/gyarinrin358-1e2655.json
2026-09-26 14:30:40 | INFO     | OK https://skeb.jp/api/users/smz_inugasuki
2026-09-26 14:30:40 | INFO     | Saving at a/skeb/smz_inugasuki-3193ca.json
2026-09-26 14:30:41 | INFO     | OK https://skeb.jp/api/users/Yoruyomidou
2026-09-26 14:30:41 | INFO     | Saving at a/skeb/Yoruyomidou-ee8de8.json
2026-09-26 14:30:42 | INFO     | OK https://skeb.jp/api/users/uenoeno_
2026-09-26 14:30:42 | INFO     | Saving at a/skeb/uenoeno_-7a30e5.json
2026-09-26 14:30:43 | INFO     | OK https://skeb.jp/api/users/Miya_xxx_38
2026-09-26 14:30:43 | INFO     | Saving at a/skeb/Miya_xxx_38-7199e9.json
2026-09-26 14:30:44 | INFO     | OK https://skeb.jp/api/users/misoperopero
2026-09-26 14:30:44 | INFO     | Saving at a/skeb/misoperopero-75df33.json
2026-09-26 14:30:45 | INFO     | OK https://skeb.jp/api/users/nekonora_999
2026-09-26 14:30:45 | INFO     | Saving at a/skeb/nekonora_999-7dbe8f.json
2026-09-26 14:30:46 | INFO     | OK https://skeb.jp/api/users/ShikabaraPurico
2026-09-26 14:30:46 | INFO     | Saving at a/skeb/ShikabaraPurico-9408d8.json
2026-09-26 14:30:47 | INFO     | OK https://skeb.jp/api/users/BigKwl
2026-09-26 14:30:47 | INFO     | Saving at a/skeb/BigKwl-a8a3e6.json
2026-09-26 14:30:48 | INFO     | OK https://skeb.jp/api/users/TR_00_TR
2026-09-26 14:30:48 | INFO     | Saving at a/skeb/TR_00_TR-d79754.json
2026-09-26 14:30:49 | INFO     | OK https://skeb.jp/api/users/hogara_18
2026-09-26 14:30:49 | INFO     | Saving at a/skeb/hogara_18-398c4b.json
2026-09-26 14:30:50 | INFO     | OK https://skeb.jp/api/users/Oq6NVIB23r
2026-09-26 14:30:50 | INFO     | Saving at a/skeb/Oq6NVIB23r-97dfda.json
2026-09-26 14:30:52 | INFO     | OK https://skeb.jp/api/users/mkz427
2026-09-26 14:30:52 | INFO     | Saving at a/skeb/mkz427-4e98d7.json
2026-09-26 14:30:52 | INFO     | OK https://skeb.jp/api/users/U3U3MI
2026-09-26 14:30:52 | INFO     | Saving at a/skeb/U3U3MI-16ed63.json
2026-09-26 14:30:53 | INFO     | OK https://skeb.jp/api/users/nagagutu1232
2026-09-26 14:30:53 | INFO     | Saving at a/skeb/nagagutu1232-b584aa.json
2026-09-26 14:30:54 | INFO     | OK https://skeb.jp/api/users/32jigen_1
2026-09-26 14:30:54 | INFO     | Saving at a/skeb/32jigen_1-afe49a.json
2026-09-26 14:30:55 | INFO     | OK https://skeb.jp/api/users/nayuta_r18_
2026-09-26 14:30:55 | INFO     | Saving at a/skeb/nayuta_r18_-43311b.json
2026-09-26 14:30:56 | INFO     | OK https://skeb.jp/api/users/kinko_sono2
2026-09-26 14:30:56 | INFO     | Saving at a/skeb/kinko_sono2-5c7571.json
2026-09-26 14:30:57 | INFO     | OK https://skeb.jp/api/users/mikimikiwo_UwU
2026-09-26 14:30:57 | INFO     | Saving at a/skeb/mikimikiwo_UwU-0b98a3.json
2026-09-26 14:30:58 | INFO     | OK https://skeb.jp/api/users/rlt4_
2026-09-26 14:30:58 | INFO     | Saving at a/skeb/rlt4_-05056c.json
2026-09-26 14:30:59 | INFO     | OK https://skeb.jp/api/users/nonoka_rin_
2026-09-26 14:30:59 | INFO     | Saving at a/skeb/nonoka_rin_-3691fe.json
2026-09-26 14:31:00 | INFO     | OK https://skeb.jp/api/users/Antaro_0
2026-09-26 14:31:00 | INFO     | Saving at a/skeb/Antaro_0-a1e6d9.json
2026-09-26 14:31:01 | INFO     | OK https://skeb.jp/api/users/NonELuX
2026-09-26 14:31:01 | INFO     | Saving at a/skeb/NonELuX-cb5144.json
2026-09-26 14:31:02 | INFO     | OK https://skeb.jp/api/users/nmyj0
2026-09-26 14:31:02 | INFO     | Saving at a/skeb/nmyj0-e4afcd.json
2026-09-26 14:31:03 | INFO     | OK https://skeb.jp/api/users/yachishi_orca
2026-09-26 14:31:03 | INFO     | Saving at a/skeb/yachishi_orca-dc9e4c.json
2026-09-26 14:31:04 | INFO     | OK https://skeb.jp/api/users/teatei_0424
2026-09-26 14:31:04 | INFO     | Saving at a/skeb/teatei_0424-3fb2ef.json
2026-09-26 14:31:05 | INFO     | OK https://skeb.jp/api/users/LoC_n_LoLi
2026-09-26 14:31:05 | INFO     | Saving at a/skeb/LoC_n_LoLi-555a76.json
2026-09-26 14:31:06 | INFO     | OK https://skeb.jp/api/users/KaisaiKaihai
2026-09-26 14:31:06 | INFO     | Saving at a/skeb/KaisaiKaihai-48b9b8.json
2026-09-26 14:31:07 | INFO     | OK https://skeb.jp/api/users/hayulf8
2026-09-26 14:31:07 | INFO     | Saving at a/skeb/hayulf8-4ba004.json
2026-09-26 14:31:08 | INFO     | OK https://skeb.jp/api/users/ankosan456
2026-09-26 14:31:08 | INFO     | Saving at a/skeb/ankosan456-ff2a4c.json
2026-09-26 14:31:09 | INFO     | OK https://skeb.jp/api/users/tasuketei_i
2026-09-26 14:31:09 | INFO     | Saving at a/skeb/tasuketei_i-e3df1d.json
2026-09-26 14:31:10 | INFO     | OK https://skeb.jp/api/users/htnnm_2
2026-09-26 14:31:10 | INFO     | Saving at a/skeb/htnnm_2-58e147.json
2026-09-26 14:31:11 | INFO     | OK https://skeb.jp/api/users/sakura_kannei
2026-09-26 14:31:11 | INFO     | Saving at a/skeb/sakura_kannei-eb4b82.json
2026-09-26 14:31:12 | INFO     | OK https://skeb.jp/api/users/Shintaro_Okabe
2026-09-26 14:31:12 | INFO     | Saving at a/skeb/Shintaro_Okabe-06655b.json
2026-09-26 14:31:13 | INFO     | OK https://skeb.jp/api/users/Noba_Zume_66
2026-09-26 14:31:13 | INFO     | Saving at a/skeb/Noba_Zume_66-212e15.json
2026-09-26 14:31:14 | INFO     | OK https://skeb.jp/api/users/KAMIYA_crux
2026-09-26 14:31:14 | INFO     | Saving at a/skeb/KAMIYA_crux-2a1a18.json
2026-09-26 14:31:15 | INFO     | OK https://skeb.jp/api/users/otyumamii
2026-09-26 14:31:15 | INFO     | Saving at a/skeb/otyumamii-6cbed7.json
2026-09-26 14:31:16 | INFO     | OK https://skeb.jp/api/users/s_ryuken
2026-09-26 14:31:16 | INFO     | Saving at a/skeb/s_ryuken-ac861f.json
2026-09-26 14:31:17 | INFO     | OK https://skeb.jp/api/users/butasyabu_
2026-09-26 14:31:17 | INFO     | Saving at a/skeb/butasyabu_-05c138.json
2026-09-26 14:31:18 | INFO     | OK https://skeb.jp/api/users/noneimu17
2026-09-26 14:31:18 | INFO     | Saving at a/skeb/noneimu17-4cffa0.json
2026-09-26 14:31:19 | INFO     | OK https://skeb.jp/api/users/Nao221y
2026-09-26 14:31:19 | INFO     | Saving at a/skeb/Nao221y-84a089.json
2026-09-26 14:31:21 | INFO     | OK https://skeb.jp/api/users/ggggrga
2026-09-26 14:31:21 | INFO     | Saving at a/skeb/ggggrga-654d9d.json
2026-09-26 14:31:21 | INFO     | OK https://skeb.jp/api/users/maple0317x_x
2026-09-26 14:31:21 | INFO     | Saving at a/skeb/maple0317x_x-88db8f.json
2026-09-26 14:31:22 | INFO     | OK https://skeb.jp/api/users/eck16614
2026-09-26 14:31:22 | INFO     | Saving at a/skeb/eck16614-3d4d78.json
2026-09-26 14:31:23 | INFO     | OK https://skeb.jp/api/users/nanasenao
2026-09-26 14:31:23 | INFO     | Saving at a/skeb/nanasenao-bbf511.json
2026-09-26 14:31:24 | INFO     | OK https://skeb.jp/api/users/YUU_tkmin
2026-09-26 14:31:24 | INFO     | Saving at a/skeb/YUU_tkmin-756a9e.json
2026-09-26 14:31:25 | INFO     | OK https://skeb.jp/api/users/msmrdaaaaa
2026-09-26 14:31:25 | INFO     | Saving at a/skeb/msmrdaaaaa-27ff03.json
2026-09-26 14:31:26 | INFO     | OK https://skeb.jp/api/users/pamonco
2026-09-26 14:31:26 | INFO     | Saving at a/skeb/pamonco-277a5a.json
2026-09-26 14:31:27 | INFO     | OK https://skeb.jp/api/users/yokoshimaCreate
2026-09-26 14:31:27 | INFO     | Saving at a/skeb/yokoshimaCreate-d35fbd.json
2026-09-26 14:31:28 | INFO     | OK https://skeb.jp/api/users/FULL_CHIYUI
2026-09-26 14:31:28 | INFO     | Saving at a/skeb/FULL_CHIYUI-b5d5c3.json
2026-09-26 14:31:29 | INFO     | OK https://skeb.jp/api/users/yappa_akande
2026-09-26 14:31:29 | INFO     | Saving at a/skeb/yappa_akande-240e39.json
2026-09-26 14:31:30 | INFO     | OK https://skeb.jp/api/users/Blue_yudetama
2026-09-26 14:31:30 | INFO     | Saving at a/skeb/Blue_yudetama-030509.json
2026-09-26 14:31:31 | INFO     | OK https://skeb.jp/api/users/4beruku
2026-09-26 14:31:31 | INFO     | Saving at a/skeb/4beruku-80cf22.json
2026-09-26 14:31:32 | INFO     | OK https://skeb.jp/api/users/chi17_chan
2026-09-26 14:31:32 | INFO     | Saving at a/skeb/chi17_chan-c20964.json
2026-09-26 14:31:33 | INFO     | OK https://skeb.jp/api/users/5uhaku
2026-09-26 14:31:33 | INFO     | Saving at a/skeb/5uhaku-5de6de.json
2026-09-26 14:31:34 | INFO     | OK https://skeb.jp/api/users/zakkokuu
2026-09-26 14:31:34 | INFO     | Saving at a/skeb/zakkokuu-4aec68.json
2026-09-26 14:31:35 | INFO     | OK https://skeb.jp/api/users/U_summer07192
2026-09-26 14:31:35 | INFO     | Saving at a/skeb/U_summer07192-9b2554.json
2026-09-26 14:31:36 | INFO     | OK https://skeb.jp/api/users/mariheeiho
2026-09-26 14:31:36 | INFO     | Saving at a/skeb/mariheeiho-311310.json
2026-09-26 14:31:37 | INFO     | OK https://skeb.jp/api/users/amata_amada08
2026-09-26 14:31:37 | INFO     | Saving at a/skeb/amata_amada08-58ba44.json
2026-09-26 14:31:38 | INFO     | OK https://skeb.jp/api/users/sanekazura78
2026-09-26 14:31:38 | INFO     | Saving at a/skeb/sanekazura78-80a097.json
2026-09-26 14:31:39 | INFO     | OK https://skeb.jp/api/users/champon_skeb
2026-09-26 14:31:39 | INFO     | Saving at a/skeb/champon_skeb-f090ae.json
2026-09-26 14:31:40 | INFO     | OK https://skeb.jp/api/users/miharuillust
2026-09-26 14:31:40 | INFO     | Saving at a/skeb/miharuillust-dc36e0.json
2026-09-26 14:31:41 | INFO     | OK https://skeb.jp/api/users/benynousa
2026-09-26 14:31:41 | INFO     | Saving at a/skeb/benynousa-7ea0fc.json
2026-09-26 14:31:42 | INFO     | OK https://skeb.jp/api/users/mochiko_0343
2026-09-26 14:31:42 | INFO     | Saving at a/skeb/mochiko_0343-848332.json
2026-09-26 14:31:43 | INFO     | OK https://skeb.jp/api/users/savanomisosupu
2026-09-26 14:31:43 | INFO     | Saving at a/skeb/savanomisosupu-060e1c.json
2026-09-26 14:31:44 | INFO     | OK https://skeb.jp/api/users/nlnh40
2026-09-26 14:31:44 | INFO     | Saving at a/skeb/nlnh40-d70f01.json
2026-09-26 14:31:45 | INFO     | OK https://skeb.jp/api/users/Mt_Tsuruta
2026-09-26 14:31:45 | INFO     | Saving at a/skeb/Mt_Tsuruta-916eac.json
2026-09-26 14:31:46 | INFO     | OK https://skeb.jp/api/users/isao_imhnk
2026-09-26 14:31:46 | INFO     | Saving at a/skeb/isao_imhnk-5fc3ba.json
2026-09-26 14:31:47 | INFO     | OK https://skeb.jp/api/users/utuutsu
2026-09-26 14:31:47 | INFO     | Saving at a/skeb/utuutsu-c88566.json
2026-09-26 14:31:48 | INFO     | OK https://skeb.jp/api/users/buriburiunchipa
2026-09-26 14:31:48 | INFO     | Saving at a/skeb/buriburiunchipa-eff3d4.json
2026-09-26 14:31:49 | INFO     | OK https://skeb.jp/api/users/Ponlichar00
2026-09-26 14:31:49 | INFO     | Saving at a/skeb/Ponlichar00-b6482c.json
2026-09-26 14:31:51 | INFO     | OK https://skeb.jp/api/users/Acorn12_O
2026-09-26 14:31:51 | INFO     | Saving at a/skeb/Acorn12_O-d1cb17.json
2026-09-26 14:31:51 | INFO     | OK https://skeb.jp/api/users/6JU7VtkrrrB0nMP
2026-09-26 14:31:51 | INFO     | Saving at a/skeb/6JU7VtkrrrB0nMP-6d5566.json
2026-09-26 14:31:52 | INFO     | OK https://skeb.jp/api/users/huka_midori5853
2026-09-26 14:31:52 | INFO     | Saving at a/skeb/huka_midori5853-0db319.json
2026-09-26 14:31:53 | INFO     | OK https://skeb.jp/api/users/ayulilith
2026-09-26 14:31:53 | INFO     | Saving at a/skeb/ayulilith-b16dbd.json
2026-09-26 14:31:54 | INFO     | OK https://skeb.jp/api/users/chicoguru
2026-09-26 14:31:54 | INFO     | Saving at a/skeb/chicoguru-9c26d0.json
2026-09-26 14:31:55 | INFO     | OK https://skeb.jp/api/users/koro_papi_
2026-09-26 14:31:55 | INFO     | Saving at a/skeb/koro_papi_-bce0fa.json
2026-09-26 14:31:56 | INFO     | OK https://skeb.jp/api/users/K6mikanfrog
2026-09-26 14:31:56 | INFO     | Saving at a/skeb/K6mikanfrog-3dbb05.json
2026-09-26 14:31:57 | INFO     | OK https://skeb.jp/api/users/iketaraikuw
2026-09-26 14:31:57 | INFO     | Saving at a/skeb/iketaraikuw-4eea3c.json
2026-09-26 14:31:58 | INFO     | OK https://skeb.jp/api/users/kinshun76501
2026-09-26 14:31:58 | INFO     | Saving at a/skeb/kinshun76501-33964f.json
2026-09-26 14:31:59 | INFO     | OK https://skeb.jp/api/users/dawa300
2026-09-26 14:31:59 | INFO     | Saving at a/skeb/dawa300-b8c7d8.json
2026-09-26 14:32:00 | INFO     | OK https://skeb.jp/api/users/gunbata_st
2026-09-26 14:32:00 | INFO     | Saving at a/skeb/gunbata_st-8ec05d.json
2026-09-26 14:32:01 | INFO     | OK https://skeb.jp/api/users/iz_sleep_bubble
2026-09-26 14:32:01 | INFO     | Saving at a/skeb/iz_sleep_bubble-01347d.json
2026-09-26 14:32:02 | INFO     | OK https://skeb.jp/api/users/_ououno_
2026-09-26 14:32:02 | INFO     | Saving at a/skeb/_ououno_-9d23f2.json
2026-09-26 14:32:03 | INFO     | OK https://skeb.jp/api/users/nanachimaru_
2026-09-26 14:32:03 | INFO     | Saving at a/skeb/nanachimaru_-420903.json
2026-09-26 14:32:04 | INFO     | OK https://skeb.jp/api/users/saikoro6dice
2026-09-26 14:32:04 | INFO     | Saving at a/skeb/saikoro6dice-977fdd.json
2026-09-26 14:32:05 | INFO     | OK https://skeb.jp/api/users/kyo32181
2026-09-26 14:32:05 | INFO     | Saving at a/skeb/kyo32181-e39948.json
2026-09-26 14:32:06 | INFO     | OK https://skeb.jp/api/users/enokiya0
2026-09-26 14:32:06 | INFO     | Saving at a/skeb/enokiya0-1f9e37.json
2026-09-26 14:32:07 | INFO     | OK https://skeb.jp/api/users/101000010
2026-09-26 14:32:07 | INFO     | Saving at a/skeb/101000010-3a5d01.json
2026-09-26 14:32:08 | INFO     | OK https://skeb.jp/api/users/_eFen
2026-09-26 14:32:08 | INFO     | Saving at a/skeb/_eFen-b24642.json
2026-09-26 14:32:09 | INFO     | OK https://skeb.jp/api/users/0_0yay__yay
2026-09-26 14:32:09 | INFO     | Saving at a/skeb/0_0yay__yay-5c8f38.json
2026-09-26 14:32:10 | INFO     | OK https://skeb.jp/api/users/NekokanM
2026-09-26 14:32:10 | INFO     | Saving at a/skeb/NekokanM-ec28fa.json
2026-09-26 14:32:12 | INFO     | OK https://skeb.jp/api/users/oimonun
2026-09-26 14:32:12 | INFO     | Saving at a/skeb/oimonun-6b3831.json
2026-09-26 14:32:12 | INFO     | OK https://skeb.jp/api/users/SwkTeke
2026-09-26 14:32:12 | INFO     | Saving at a/skeb/SwkTeke-d18475.json
2026-09-26 14:32:13 | INFO     | OK https://skeb.jp/api/users/meda_moso
2026-09-26 14:32:13 | INFO     | Saving at a/skeb/meda_moso-799a9a.json
2026-09-26 14:32:14 | INFO     | OK https://skeb.jp/api/users/mol_moe
2026-09-26 14:32:14 | INFO     | Saving at a/skeb/mol_moe-f6aad1.json
2026-09-26 14:32:15 | INFO     | OK https://skeb.jp/api/users/oeee9th
2026-09-26 14:32:15 | INFO     | Saving at a/skeb/oeee9th-719df8.json
2026-09-26 14:32:16 | INFO     | OK https://skeb.jp/api/users/4o_tg
2026-09-26 14:32:16 | INFO     | Saving at a/skeb/4o_tg-5ee8eb.json
2026-09-26 14:32:17 | INFO     | OK https://skeb.jp/api/users/KaniSoboro_png
2026-09-26 14:32:17 | INFO     | Saving at a/skeb/KaniSoboro_png-e1407f.json
2026-09-26 14:32:18 | INFO     | OK https://skeb.jp/api/users/dos_dos121
2026-09-26 14:32:18 | INFO     | Saving at a/skeb/dos_dos121-239c4d.json
2026-09-26 14:32:19 | INFO     | OK https://skeb.jp/api/users/_shake_onigiri
2026-09-26 14:32:19 | INFO     | Saving at a/skeb/_shake_onigiri-cf4b24.json
2026-09-26 14:32:20 | INFO     | OK https://skeb.jp/api/users/S_mkt__
2026-09-26 14:32:20 | INFO     | Saving at a/skeb/S_mkt__-696d05.json
2026-09-26 14:32:21 | INFO     | OK https://skeb.jp/api/users/hino_wa0
2026-09-26 14:32:21 | INFO     | Saving at a/skeb/hino_wa0-fbeed2.json
2026-09-26 14:32:22 | INFO     | OK https://skeb.jp/api/users/nichijou_deyo
2026-09-26 14:32:22 | INFO     | Saving at a/skeb/nichijou_deyo-dbac62.json
2026-09-26 14:32:23 | INFO     | OK https://skeb.jp/api/users/NIKUKUE_
2026-09-26 14:32:23 | INFO     | Saving at a/skeb/NIKUKUE_-3602c3.json
2026-09-26 14:32:24 | INFO     | OK https://skeb.jp/api/users/jun_suzumura
2026-09-26 14:32:24 | INFO     | Saving at a/skeb/jun_suzumura-454212.json
2026-09-26 14:32:25 | INFO     | OK https://skeb.jp/api/users/be1_mon
2026-09-26 14:32:25 | INFO     | Saving at a/skeb/be1_mon-d83ab1.json
2026-09-26 14:32:26 | INFO     | OK https://skeb.jp/api/users/ihsuzanuh
2026-09-26 14:32:26 | INFO     | Saving at a/skeb/ihsuzanuh-9bcb7e.json
2026-09-26 14:32:27 | INFO     | OK https://skeb.jp/api/users/trpg_km
2026-09-26 14:32:27 | INFO     | Saving at a/skeb/trpg_km-8b3cf9.json
2026-09-26 14:32:28 | INFO     | OK https://skeb.jp/api/users/tatsuminoakira
2026-09-26 14:32:28 | INFO     | Saving at a/skeb/tatsuminoakira-d5d2cb.json
2026-09-26 14:32:29 | INFO     | OK https://skeb.jp/api/users/az3nnn
2026-09-26 14:32:29 | INFO     | Saving at a/skeb/az3nnn-1f93f4.json
2026-09-26 14:32:30 | INFO     | OK https://skeb.jp/api/users/Ryokuba_Wynn
2026-09-26 14:32:30 | INFO     | Saving at a/skeb/Ryokuba_Wynn-3e5def.json
2026-09-26 14:32:31 | INFO     | OK https://skeb.jp/api/users/Sbv3Jq
2026-09-26 14:32:31 | INFO     | Saving at a/skeb/Sbv3Jq-d8e118.json
2026-09-26 14:32:32 | INFO     | OK https://skeb.jp/api/users/konruri_blue
2026-09-26 14:32:32 | INFO     | Saving at a/skeb/konruri_blue-0eb466.json
2026-09-26 14:32:33 | INFO     | OK https://skeb.jp/api/users/cfvn5759b
2026-09-26 14:32:33 | INFO     | Saving at a/skeb/cfvn5759b-c30f05.json
2026-09-26 14:32:34 | INFO     | OK https://skeb.jp/api/users/asakure_irst
2026-09-26 14:32:34 | INFO     | Saving at a/skeb/asakure_irst-f659b9.json
2026-09-26 14:32:35 | INFO     | OK https://skeb.jp/api/users/abunakatta_
2026-09-26 14:32:35 | INFO     | Saving at a/skeb/abunakatta_-a8ffb1.json
2026-09-26 14:32:36 | INFO     | OK https://skeb.jp/api/users/MEGAguramu
2026-09-26 14:32:36 | INFO     | Saving at a/skeb/MEGAguramu-f58b12.json
2026-09-26 14:32:37 | INFO     | OK https://skeb.jp/api/users/sakosan
2026-09-26 14:32:37 | INFO     | Saving at a/skeb/sakosan-9143fc.json
2026-09-26 14:32:38 | INFO     | OK https://skeb.jp/api/users/ShishiMsr344
2026-09-26 14:32:38 | INFO     | Saving at a/skeb/ShishiMsr344-f65ec5.json
2026-09-26 14:32:39 | INFO     | OK https://skeb.jp/api/users/yugi_nigiri
2026-09-26 14:32:39 | INFO     | Saving at a/skeb/yugi_nigiri-791d58.json
2026-09-26 14:32:40 | INFO     | OK https://skeb.jp/api/users/uusdvedp
2026-09-26 14:32:40 | INFO     | Saving at a/skeb/uusdvedp-4035f4.json
2026-09-26 14:32:41 | INFO     | OK https://skeb.jp/api/users/neel10flux
2026-09-26 14:32:41 | INFO     | Saving at a/skeb/neel10flux-96935e.json
2026-09-26 14:32:42 | INFO     | OK https://skeb.jp/api/users/Nagatatuzin
2026-09-26 14:32:42 | INFO     | Saving at a/skeb/Nagatatuzin-8ac147.json
2026-09-26 14:32:43 | INFO     | OK https://skeb.jp/api/users/adumi231
2026-09-26 14:32:43 | INFO     | Saving at a/skeb/adumi231-77c149.json
2026-09-26 14:32:44 | INFO     | OK https://skeb.jp/api/users/Ikaten_koromo
2026-09-26 14:32:44 | INFO     | Saving at a/skeb/Ikaten_koromo-0dab2d.json
2026-09-26 14:32:45 | INFO     | OK https://skeb.jp/api/users/nyusyaoo
2026-09-26 14:32:45 | INFO     | Saving at a/skeb/nyusyaoo-eb446e.json
2026-09-26 14:32:46 | INFO     | OK https://skeb.jp/api/users/kma9i
2026-09-26 14:32:46 | INFO     | Saving at a/skeb/kma9i-771762.json
2026-09-26 14:32:47 | INFO     | OK https://skeb.jp/api/users/WisdomDaneE
2026-09-26 14:32:47 | INFO     | Saving at a/skeb/WisdomDaneE-a83eaf.json
2026-09-26 14:32:49 | INFO     | OK https://skeb.jp/api/users/TMmouroubakkoTV
2026-09-26 14:32:49 | INFO     | Saving at a/skeb/TMmouroubakkoTV-65552e.json
2026-09-26 14:32:49 | INFO     | OK https://skeb.jp/api/users/futakanesano
2026-09-26 14:32:49 | INFO     | Saving at a/skeb/futakanesano-86a25b.json
2026-09-26 14:32:50 | INFO     | OK https://skeb.jp/api/users/Trpg01
2026-09-26 14:32:50 | INFO     | Saving at a/skeb/Trpg01-fb3f17.json
2026-09-26 14:32:51 | INFO     | OK https://skeb.jp/api/users/0304yama
2026-09-26 14:32:51 | INFO     | Saving at a/skeb/0304yama-3606e8.json
2026-09-26 14:32:52 | INFO     | OK https://skeb.jp/api/users/_ak3__0
2026-09-26 14:32:52 | INFO     | Saving at a/skeb/_ak3__0-17f89a.json
2026-09-26 14:32:53 | INFO     | OK https://skeb.jp/api/users/Se1i_nazuna
2026-09-26 14:32:53 | INFO     | Saving at a/skeb/Se1i_nazuna-6f63ca.json
2026-09-26 14:32:54 | INFO     | OK https://skeb.jp/api/users/tian_zhu2357
2026-09-26 14:32:54 | INFO     | Saving at a/skeb/tian_zhu2357-43ee56.json
2026-09-26 14:32:55 | INFO     | OK https://skeb.jp/api/users/logi_bunbukucha
2026-09-26 14:32:55 | INFO     | Saving at a/skeb/logi_bunbukucha-c15b9c.json
2026-09-26 14:32:56 | INFO     | OK https://skeb.jp/api/users/bis4559
2026-09-26 14:32:56 | INFO     | Saving at a/skeb/bis4559-02fec5.json
2026-09-26 14:32:57 | INFO     | OK https://skeb.jp/api/users/chirin_icecream
2026-09-26 14:32:57 | INFO     | Saving at a/skeb/chirin_icecream-c0a5bf.json
2026-09-26 14:32:58 | INFO     | OK https://skeb.jp/api/users/kiriri_20
2026-09-26 14:32:58 | INFO     | Saving at a/skeb/kiriri_20-f7e25f.json
2026-09-26 14:32:59 | INFO     | OK https://skeb.jp/api/users/Swhite1x1
2026-09-26 14:32:59 | INFO     | Saving at a/skeb/Swhite1x1-bb5e9c.json
2026-09-26 14:33:00 | INFO     | OK https://skeb.jp/api/users/yunoji_trpg
2026-09-26 14:33:00 | INFO     | Saving at a/skeb/yunoji_trpg-130d2c.json
2026-09-26 14:33:01 | INFO     | OK https://skeb.jp/api/users/RRR_R18G
2026-09-26 14:33:01 | INFO     | Saving at a/skeb/RRR_R18G-ab2800.json
2026-09-26 14:33:02 | INFO     | OK https://skeb.jp/api/users/yaniwani_0000
2026-09-26 14:33:02 | INFO     | Saving at a/skeb/yaniwani_0000-2c51e1.json
2026-09-26 14:33:04 | INFO     | OK https://skeb.jp/api/users/BbitJP
2026-09-26 14:33:04 | INFO     | Saving at a/skeb/BbitJP-f0d97a.json
2026-09-26 14:33:04 | INFO     | OK https://skeb.jp/api/users/kantsumeme
2026-09-26 14:33:04 | INFO     | Saving at a/skeb/kantsumeme-8e40f6.json
2026-09-26 14:33:05 | INFO     | OK https://skeb.jp/api/users/amazake_horida_
2026-09-26 14:33:05 | INFO     | Saving at a/skeb/amazake_horida_-efb998.json
2026-09-26 14:33:06 | INFO     | OK https://skeb.jp/api/users/t_k9_
2026-09-26 14:33:06 | INFO     | Saving at a/skeb/t_k9_-98eed0.json
2026-09-26 14:33:07 | INFO     | OK https://skeb.jp/api/users/se_52hz
2026-09-26 14:33:07 | INFO     | Saving at a/skeb/se_52hz-cf02ac.json
2026-09-26 14:33:08 | INFO     | OK https://skeb.jp/api/users/Rei_wakasagi
2026-09-26 14:33:08 | INFO     | Saving at a/skeb/Rei_wakasagi-5f1854.json
2026-09-26 14:33:09 | INFO     | OK https://skeb.jp/api/users/vznqkr
2026-09-26 14:33:09 | INFO     | Saving at a/skeb/vznqkr-db36a2.json
2026-09-26 14:33:10 | INFO     | OK https://skeb.jp/api/users/ikuraonigiri
2026-09-26 14:33:10 | INFO     | Saving at a/skeb/ikuraonigiri-457fcd.json
2026-09-26 14:33:11 | INFO     | OK https://skeb.jp/api/users/kemochiharu717
2026-09-26 14:33:12 | INFO     | Saving at a/skeb/kemochiharu717-9273e2.json
2026-09-26 14:33:12 | INFO     | OK https://skeb.jp/api/users/Neex_el
2026-09-26 14:33:12 | INFO     | Saving at a/skeb/Neex_el-4fe661.json
2026-09-26 14:33:13 | INFO     | OK https://skeb.jp/api/users/nunyu31
2026-09-26 14:33:13 | INFO     | Saving at a/skeb/nunyu31-b32f3e.json
2026-09-26 14:33:15 | INFO     | OK https://skeb.jp/api/users/ebipurin0124
2026-09-26 14:33:15 | INFO     | Saving at a/skeb/ebipurin0124-19ab70.json
2026-09-26 14:33:15 | INFO     | OK https://skeb.jp/api/users/nshima000
2026-09-26 14:33:15 | INFO     | Saving at a/skeb/nshima000-3bb623.json
2026-09-26 14:33:16 | INFO     | OK https://skeb.jp/api/users/386needle
2026-09-26 14:33:17 | INFO     | Saving at a/skeb/386needle-1a3e30.json
2026-09-26 14:33:17 | INFO     | OK https://skeb.jp/api/users/yoiyami_c
2026-09-26 14:33:18 | INFO     | Saving at a/skeb/yoiyami_c-c325e2.json
2026-09-26 14:33:19 | INFO     | OK https://skeb.jp/api/users/yumambo
2026-09-26 14:33:19 | INFO     | Saving at a/skeb/yumambo-4ec93c.json
2026-09-26 14:33:19 | INFO     | OK https://skeb.jp/api/users/kokotto_milk
2026-09-26 14:33:19 | INFO     | Saving at a/skeb/kokotto_milk-31941a.json
2026-09-26 14:33:20 | INFO     | OK https://skeb.jp/api/users/ub1mo
2026-09-26 14:33:20 | INFO     | Saving at a/skeb/ub1mo-2de2a8.json
2026-09-26 14:33:21 | INFO     | OK https://skeb.jp/api/users/Silver_Room
2026-09-26 14:33:21 | INFO     | Saving at a/skeb/Silver_Room-78e8d6.json
2026-09-26 14:33:22 | INFO     | OK https://skeb.jp/api/users/iseebiaiart1111
2026-09-26 14:33:22 | INFO     | Saving at a/skeb/iseebiaiart1111-749002.json
2026-09-26 14:33:23 | INFO     | OK https://skeb.jp/api/users/NOsechi
2026-09-26 14:33:23 | INFO     | Saving at a/skeb/NOsechi-9c842c.json
2026-09-26 14:33:24 | INFO     | OK https://skeb.jp/api/users/bunshin_trick
2026-09-26 14:33:24 | INFO     | Saving at a/skeb/bunshin_trick-b13fb1.json
2026-09-26 14:33:25 | INFO     | OK https://skeb.jp/api/users/batooo_j
2026-09-26 14:33:25 | INFO     | Saving at a/skeb/batooo_j-40992b.json
2026-09-26 14:33:26 | INFO     | OK https://skeb.jp/api/users/q10chokka
2026-09-26 14:33:26 | INFO     | Saving at a/skeb/q10chokka-3b0fd1.json
2026-09-26 14:33:28 | INFO     | OK https://skeb.jp/api/users/niwaikanai
2026-09-26 14:33:28 | INFO     | Saving at a/skeb/niwaikanai-80b35a.json
2026-09-26 14:33:29 | INFO     | OK https://skeb.jp/api/users/karuru634
2026-09-26 14:33:29 | INFO     | Saving at a/skeb/karuru634-622099.json
2026-09-26 14:33:29 | INFO     | OK https://skeb.jp/api/users/HM_nemuri777
2026-09-26 14:33:29 | INFO     | Saving at a/skeb/HM_nemuri777-b243ef.json
2026-09-26 14:33:30 | INFO     | OK https://skeb.jp/api/users/peporinus_x
2026-09-26 14:33:30 | INFO     | Saving at a/skeb/peporinus_x-f4f496.json
2026-09-26 14:33:31 | INFO     | OK https://skeb.jp/api/users/ak1002__
2026-09-26 14:33:31 | INFO     | Saving at a/skeb/ak1002__-025b0e.json
2026-09-26 14:33:32 | INFO     | OK https://skeb.jp/api/users/shiba_seri_0107
2026-09-26 14:33:32 | INFO     | Saving at a/skeb/shiba_seri_0107-ed6fb4.json
2026-09-26 14:33:34 | INFO     | OK https://skeb.jp/api/users/paradox_1818
2026-09-26 14:33:34 | INFO     | Saving at a/skeb/paradox_1818-c80fce.json
2026-09-26 14:33:34 | INFO     | OK https://skeb.jp/api/users/_petaro7
2026-09-26 14:33:34 | INFO     | Saving at a/skeb/_petaro7-8ec702.json
2026-09-26 14:33:35 | INFO     | OK https://skeb.jp/api/users/sorute_12
2026-09-26 14:33:35 | INFO     | Saving at a/skeb/sorute_12-cc33a6.json
2026-09-26 14:33:36 | INFO     | OK https://skeb.jp/api/users/CUsoon
2026-09-26 14:33:36 | INFO     | Saving at a/skeb/CUsoon-f3e91a.json
2026-09-26 14:33:37 | INFO     | OK https://skeb.jp/api/users/koikawa_orn
2026-09-26 14:33:37 | INFO     | Saving at a/skeb/koikawa_orn-7eb338.json
2026-09-26 14:33:38 | INFO     | OK https://skeb.jp/api/users/genki3TuT
2026-09-26 14:33:38 | INFO     | Saving at a/skeb/genki3TuT-70e5d9.json
2026-09-26 14:33:39 | INFO     | OK https://skeb.jp/api/users/ozm_desu
2026-09-26 14:33:39 | INFO     | Saving at a/skeb/ozm_desu-fefb91.json
2026-09-26 14:33:40 | INFO     | OK https://skeb.jp/api/users/00mo_mu6
2026-09-26 14:33:40 | INFO     | Saving at a/skeb/00mo_mu6-b48d78.json
2026-09-26 14:33:41 | INFO     | OK https://skeb.jp/api/users/sessa_wm
2026-09-26 14:33:41 | INFO     | Saving at a/skeb/sessa_wm-7403be.json
2026-09-26 14:33:42 | INFO     | OK https://skeb.jp/api/users/nWyFUwI8BN
2026-09-26 14:33:42 | INFO     | Saving at a/skeb/nWyFUwI8BN-bd5c6c.json
2026-09-26 14:33:43 | INFO     | OK https://skeb.jp/api/users/mofumofula
2026-09-26 14:33:43 | INFO     | Saving at a/skeb/mofumofula-dab003.json
2026-09-26 14:33:45 | INFO     | OK https://skeb.jp/api/users/ko_cha_22
2026-09-26 14:33:45 | INFO     | Saving at a/skeb/ko_cha_22-96cb7f.json
2026-09-26 14:33:46 | INFO     | OK https://skeb.jp/api/users/ore624
2026-09-26 14:33:46 | INFO     | Saving at a/skeb/ore624-2b5cd1.json
2026-09-26 14:33:47 | INFO     | OK https://skeb.jp/api/users/Tofumaru_dojin
2026-09-26 14:33:47 | INFO     | Saving at a/skeb/Tofumaru_dojin-68418b.json
2026-09-26 14:33:47 | INFO     | OK https://skeb.jp/api/users/mac_724838
2026-09-26 14:33:47 | INFO     | Saving at a/skeb/mac_724838-e26e24.json
2026-09-26 14:33:48 | INFO     | OK https://skeb.jp/api/users/irruuuukaa0919
2026-09-26 14:33:48 | INFO     | Saving at a/skeb/irruuuukaa0919-1dc29a.json
2026-09-26 14:33:49 | INFO     | OK https://skeb.jp/api/users/moufu_sukinano
2026-09-26 14:33:49 | INFO     | Saving at a/skeb/moufu_sukinano-925633.json
2026-09-26 14:33:51 | INFO     | OK https://skeb.jp/api/users/gram_quartz
2026-09-26 14:33:51 | INFO     | Saving at a/skeb/gram_quartz-01ec16.json
2026-09-26 14:33:52 | INFO     | OK https://skeb.jp/api/users/Makeoshimi001
2026-09-26 14:33:52 | INFO     | Saving at a/skeb/Makeoshimi001-986e43.json
2026-09-26 14:33:52 | INFO     | OK https://skeb.jp/api/users/krei_ss_
2026-09-26 14:33:52 | INFO     | Saving at a/skeb/krei_ss_-e120ac.json
2026-09-26 14:33:53 | INFO     | OK https://skeb.jp/api/users/rimekooo
2026-09-26 14:33:53 | INFO     | Saving at a/skeb/rimekooo-c91a27.json
2026-09-26 14:33:54 | INFO     | OK https://skeb.jp/api/users/fbiniru
2026-09-26 14:33:54 | INFO     | Saving at a/skeb/fbiniru-9d2e4c.json
2026-09-26 14:33:55 | INFO     | OK https://skeb.jp/api/users/DosukebeRabbit
2026-09-26 14:33:55 | INFO     | Saving at a/skeb/DosukebeRabbit-b39931.json
2026-09-26 14:33:56 | INFO     | OK https://skeb.jp/api/users/una_kamra
2026-09-26 14:33:56 | INFO     | Saving at a/skeb/una_kamra-01f8a3.json
2026-09-26 14:33:58 | INFO     | OK https://skeb.jp/api/users/aruurara
2026-09-26 14:33:58 | INFO     | Saving at a/skeb/aruurara-699ad2.json
2026-09-26 14:33:58 | INFO     | OK https://skeb.jp/api/users/u_uchaaan
2026-09-26 14:33:58 | INFO     | Saving at a/skeb/u_uchaaan-457183.json
2026-09-26 14:33:59 | INFO     | OK https://skeb.jp/api/users/niconicoskb
2026-09-26 14:34:00 | INFO     | Saving at a/skeb/niconicoskb-8bd4e4.json
2026-09-26 14:34:00 | INFO     | OK https://skeb.jp/api/users/ZENraKISHI
2026-09-26 14:34:00 | INFO     | Saving at a/skeb/ZENraKISHI-87ddee.json
2026-09-26 14:34:01 | INFO     | OK https://skeb.jp/api/users/Andou_Honpo
2026-09-26 14:34:01 | INFO     | Saving at a/skeb/Andou_Honpo-3b0875.json
2026-09-26 14:34:02 | INFO     | OK https://skeb.jp/api/users/030panda_
2026-09-26 14:34:02 | INFO     | Saving at a/skeb/030panda_-140480.json
2026-09-26 14:34:04 | INFO     | OK https://skeb.jp/api/users/iui_ymym
2026-09-26 14:34:04 | INFO     | Saving at a/skeb/iui_ymym-b2f89e.json
2026-09-26 14:34:04 | INFO     | OK https://skeb.jp/api/users/uniuni_38
2026-09-26 14:34:05 | INFO     | Saving at a/skeb/uniuni_38-1d8e49.json
2026-09-26 14:34:05 | INFO     | OK https://skeb.jp/api/users/nelofox
2026-09-26 14:34:05 | INFO     | Saving at a/skeb/nelofox-3520cc.json
2026-09-26 14:34:07 | INFO     | OK https://skeb.jp/api/users/594Hi
2026-09-26 14:34:07 | INFO     | Saving at a/skeb/594Hi-87dbed.json
2026-09-26 14:34:07 | INFO     | OK https://skeb.jp/api/users/dayoshidayo121
2026-09-26 14:34:07 | INFO     | Saving at a/skeb/dayoshidayo121-7816d3.json
2026-09-26 14:34:09 | INFO     | OK https://skeb.jp/api/users/c_b_a_tani
2026-09-26 14:34:09 | INFO     | Saving at a/skeb/c_b_a_tani-39c790.json
2026-09-26 14:34:09 | INFO     | OK https://skeb.jp/api/users/orange555_555
2026-09-26 14:34:09 | INFO     | Saving at a/skeb/orange555_555-9ae56f.json
2026-09-26 14:34:11 | INFO     | OK https://skeb.jp/api/users/sickybull
2026-09-26 14:34:11 | INFO     | Saving at a/skeb/sickybull-929b0c.json
2026-09-26 14:34:11 | INFO     | OK https://skeb.jp/api/users/OsushiHapi
2026-09-26 14:34:11 | INFO     | Saving at a/skeb/OsushiHapi-9354ec.json
2026-09-26 14:34:12 | INFO     | OK https://skeb.jp/api/users/will_to_chaos
2026-09-26 14:34:12 | INFO     | Saving at a/skeb/will_to_chaos-65b47e.json
2026-09-26 14:34:13 | INFO     | OK https://skeb.jp/api/users/Gmn811
2026-09-26 14:34:13 | INFO     | Saving at a/skeb/Gmn811-ef3cbe.json
2026-09-26 14:34:14 | INFO     | OK https://skeb.jp/api/users/miztaushio
2026-09-26 14:34:14 | INFO     | Saving at a/skeb/miztaushio-842720.json
2026-09-26 14:34:16 | INFO     | OK https://skeb.jp/api/users/kurimori_
2026-09-26 14:34:16 | INFO     | Saving at a/skeb/kurimori_-a99937.json
2026-09-26 14:34:16 | INFO     | OK https://skeb.jp/api/users/haruwaka_064
2026-09-26 14:34:16 | INFO     | Saving at a/skeb/haruwaka_064-2b69f5.json
2026-09-26 14:34:18 | INFO     | OK https://skeb.jp/api/users/watapome
2026-09-26 14:34:18 | INFO     | Saving at a/skeb/watapome-ad2128.json
2026-09-26 14:34:19 | INFO     | OK https://skeb.jp/api/users/husoyama_kano
2026-09-26 14:34:19 | INFO     | Saving at a/skeb/husoyama_kano-ac472f.json
2026-09-26 14:34:20 | INFO     | OK https://skeb.jp/api/users/az1199
2026-09-26 14:34:20 | INFO     | Saving at a/skeb/az1199-8a2ee8.json
2026-09-26 14:34:20 | INFO     | OK https://skeb.jp/api/users/ryonosuke_7
2026-09-26 14:34:20 | INFO     | Saving at a/skeb/ryonosuke_7-7fd128.json
2026-09-26 14:34:22 | INFO     | OK https://skeb.jp/api/users/ShimotsukiAoi19
2026-09-26 14:34:22 | INFO     | Saving at a/skeb/ShimotsukiAoi19-d3f1ee.json
2026-09-26 14:34:22 | INFO     | OK https://skeb.jp/api/users/omo_kemo
2026-09-26 14:34:22 | INFO     | Saving at a/skeb/omo_kemo-ef9a82.json
2026-09-26 14:34:24 | INFO     | OK https://skeb.jp/api/users/licorisu_
2026-09-26 14:34:24 | INFO     | Saving at a/skeb/licorisu_-e8cba3.json
2026-09-26 14:34:24 | INFO     | OK https://skeb.jp/api/users/ao_madousi
2026-09-26 14:34:24 | INFO     | Saving at a/skeb/ao_madousi-109877.json
2026-09-26 14:34:25 | INFO     | OK https://skeb.jp/api/users/Bh1h1J
2026-09-26 14:34:25 | INFO     | Saving at a/skeb/Bh1h1J-feca21.json
2026-09-26 14:34:27 | INFO     | OK https://skeb.jp/api/users/wonderworldwood
2026-09-26 14:34:27 | INFO     | Saving at a/skeb/wonderworldwood-fd0101.json
2026-09-26 14:34:28 | INFO     | OK https://skeb.jp/api/users/masakinanaya
2026-09-26 14:34:28 | INFO     | Saving at a/skeb/masakinanaya-36b988.json
2026-09-26 14:34:28 | INFO     | OK https://skeb.jp/api/users/Ash_999_9
2026-09-26 14:34:28 | INFO     | Saving at a/skeb/Ash_999_9-7d9040.json
2026-09-26 14:34:29 | INFO     | OK https://skeb.jp/api/users/uro_1102
2026-09-26 14:34:29 | INFO     | Saving at a/skeb/uro_1102-101fdc.json
2026-09-26 14:34:30 | INFO     | OK https://skeb.jp/api/users/otogi_upa
2026-09-26 14:34:30 | INFO     | Saving at a/skeb/otogi_upa-c2026f.json
2026-09-26 14:34:32 | INFO     | OK https://skeb.jp/api/users/ka23toko2
2026-09-26 14:34:32 | INFO     | Saving at a/skeb/ka23toko2-916a8c.json
2026-09-26 14:34:32 | INFO     | OK https://skeb.jp/api/users/s3rs11
2026-09-26 14:34:33 | INFO     | Saving at a/skeb/s3rs11-9323d3.json
2026-09-26 14:34:33 | INFO     | OK https://skeb.jp/api/users/WoL0YpqZDW8ZsEO
2026-09-26 14:34:33 | INFO     | Saving at a/skeb/WoL0YpqZDW8ZsEO-b56a4b.json
2026-09-26 14:34:35 | INFO     | OK https://skeb.jp/api/users/XdQN44GNna
2026-09-26 14:34:35 | INFO     | Saving at a/skeb/XdQN44GNna-4369bb.json
2026-09-26 14:34:36 | INFO     | OK https://skeb.jp/api/users/ta_ko_tsu
2026-09-26 14:34:36 | INFO     | Saving at a/skeb/ta_ko_tsu-04063a.json
2026-09-26 14:34:37 | INFO     | OK https://skeb.jp/api/users/inuyama_kensin
2026-09-26 14:34:37 | INFO     | Saving at a/skeb/inuyama_kensin-14076e.json
2026-09-26 14:34:38 | INFO     | OK https://skeb.jp/api/users/sakutamaTRPG
2026-09-26 14:34:38 | INFO     | Saving at a/skeb/sakutamaTRPG-056cc0.json
2026-09-26 14:34:38 | INFO     | OK https://skeb.jp/api/users/chibineco_m
2026-09-26 14:34:38 | INFO     | Saving at a/skeb/chibineco_m-b3e145.json
2026-09-26 14:34:39 | INFO     | OK https://skeb.jp/api/users/alisias05
2026-09-26 14:34:39 | INFO     | Saving at a/skeb/alisias05-94aab6.json
2026-09-26 14:34:40 | INFO     | OK https://skeb.jp/api/users/circussion
2026-09-26 14:34:40 | INFO     | Saving at a/skeb/circussion-916960.json
2026-09-26 14:34:42 | INFO     | OK https://skeb.jp/api/users/seidenki6
2026-09-26 14:34:42 | INFO     | Saving at a/skeb/seidenki6-080af9.json
2026-09-26 14:34:42 | INFO     | OK https://skeb.jp/api/users/ohana_34v
2026-09-26 14:34:42 | INFO     | Saving at a/skeb/ohana_34v-e331bd.json
2026-09-26 14:34:44 | INFO     | OK https://skeb.jp/api/users/sarada_015
2026-09-26 14:34:44 | INFO     | Saving at a/skeb/sarada_015-73d18a.json
2026-09-26 14:34:45 | INFO     | OK https://skeb.jp/api/users/kenkenpaint
2026-09-26 14:34:45 | INFO     | Saving at a/skeb/kenkenpaint-b863c0.json
2026-09-26 14:34:46 | INFO     | OK https://skeb.jp/api/users/Ayase_mks
2026-09-26 14:34:46 | INFO     | Saving at a/skeb/Ayase_mks-e78208.json
2026-09-26 14:34:47 | INFO     | OK https://skeb.jp/api/users/cougar1404
2026-09-26 14:34:47 | INFO     | Saving at a/skeb/cougar1404-307f00.json
2026-09-26 14:34:48 | INFO     | OK https://skeb.jp/api/users/hatopoppo1114
2026-09-26 14:34:48 | INFO     | Saving at a/skeb/hatopoppo1114-c6f713.json
2026-09-26 14:34:48 | INFO     | OK https://skeb.jp/api/users/zaruzaruisland
2026-09-26 14:34:48 | INFO     | Saving at a/skeb/zaruzaruisland-9c252f.json
2026-09-26 14:34:50 | INFO     | OK https://skeb.jp/api/users/kigkawa_e99
2026-09-26 14:34:50 | INFO     | Saving at a/skeb/kigkawa_e99-2095b0.json
2026-09-26 14:34:51 | INFO     | OK https://skeb.jp/api/users/cuzukago
2026-09-26 14:34:51 | INFO     | Saving at a/skeb/cuzukago-fb3b16.json
2026-09-26 14:34:51 | INFO     | OK https://skeb.jp/api/users/utsurogi_crow
2026-09-26 14:34:51 | INFO     | Saving at a/skeb/utsurogi_crow-f7de87.json
2026-09-26 14:34:53 | INFO     | OK https://skeb.jp/api/users/tira102
2026-09-26 14:34:53 | INFO     | Saving at a/skeb/tira102-5abc7d.json
2026-09-26 14:34:54 | INFO     | OK https://skeb.jp/api/users/R6_ne5
2026-09-26 14:34:54 | INFO     | Saving at a/skeb/R6_ne5-863fa0.json
2026-09-26 14:34:55 | INFO     | OK https://skeb.jp/api/users/moon_art3
2026-09-26 14:34:55 | INFO     | Saving at a/skeb/moon_art3-90a524.json
2026-09-26 14:34:56 | INFO     | OK https://skeb.jp/api/users/Altern8_line
2026-09-26 14:34:56 | INFO     | Saving at a/skeb/Altern8_line-15cf94.json
2026-09-26 14:34:57 | INFO     | OK https://skeb.jp/api/users/heiwwash
2026-09-26 14:34:57 | INFO     | Saving at a/skeb/heiwwash-394ead.json
2026-09-26 14:34:58 | INFO     | OK https://skeb.jp/api/users/yama_ym0000
2026-09-26 14:34:58 | INFO     | Saving at a/skeb/yama_ym0000-fbb6bc.json
2026-09-26 14:34:59 | INFO     | OK https://skeb.jp/api/users/ak976x
2026-09-26 14:34:59 | INFO     | Saving at a/skeb/ak976x-c1cf2e.json
2026-09-26 14:35:00 | INFO     | OK https://skeb.jp/api/users/tuna__kanzume
2026-09-26 14:35:00 | INFO     | Saving at a/skeb/tuna__kanzume-c1db3c.json
2026-09-26 14:35:01 | INFO     | OK https://skeb.jp/api/users/titetan05
2026-09-26 14:35:01 | INFO     | Saving at a/skeb/titetan05-88f8ff.json
2026-09-26 14:35:02 | INFO     | OK https://skeb.jp/api/users/VeIi6x
2026-09-26 14:35:02 | INFO     | Saving at a/skeb/VeIi6x-bfcf8c.json
2026-09-26 14:35:03 | INFO     | OK https://skeb.jp/api/users/leigh
2026-09-26 14:35:03 | INFO     | Saving at a/skeb/leigh-526474.json
2026-09-26 14:35:04 | INFO     | OK https://skeb.jp/api/users/nantekottai25
2026-09-26 14:35:04 | INFO     | Saving at a/skeb/nantekottai25-526917.json
2026-09-26 14:35:05 | INFO     | OK https://skeb.jp/api/users/KEIYA_GNST
2026-09-26 14:35:05 | INFO     | Saving at a/skeb/KEIYA_GNST-e54d3a.json
2026-09-26 14:35:06 | INFO     | OK https://skeb.jp/api/users/setoka_sab
2026-09-26 14:35:06 | INFO     | Saving at a/skeb/setoka_sab-136033.json
2026-09-26 14:35:07 | INFO     | OK https://skeb.jp/api/users/toshizi_hone
2026-09-26 14:35:07 | INFO     | Saving at a/skeb/toshizi_hone-c45457.json
2026-09-26 14:35:08 | INFO     | OK https://skeb.jp/api/users/EUi5y
2026-09-26 14:35:08 | INFO     | Saving at a/skeb/EUi5y-83a02d.json
2026-09-26 14:35:09 | INFO     | OK https://skeb.jp/api/users/rrrrr6a
2026-09-26 14:35:09 | INFO     | Saving at a/skeb/rrrrr6a-e05f4f.json
2026-09-26 14:35:10 | INFO     | OK https://skeb.jp/api/users/akrmr51
2026-09-26 14:35:10 | INFO     | Saving at a/skeb/akrmr51-6ea552.json
2026-09-26 14:35:10 | INFO     | OK https://skeb.jp/api/users/IROHA_UX_OU
2026-09-26 14:35:10 | INFO     | Saving at a/skeb/IROHA_UX_OU-1e98ac.json
2026-09-26 14:35:12 | INFO     | OK https://skeb.jp/api/users/edmoledmol
2026-09-26 14:35:12 | INFO     | Saving at a/skeb/edmoledmol-c9c561.json
2026-09-26 14:35:12 | INFO     | OK https://skeb.jp/api/users/ten_net1010
2026-09-26 14:35:12 | INFO     | Saving at a/skeb/ten_net1010-eb02c4.json
2026-09-26 14:35:14 | INFO     | OK https://skeb.jp/api/users/sadozimaH
2026-09-26 14:35:14 | INFO     | Saving at a/skeb/sadozimaH-02bc30.json
2026-09-26 14:35:15 | INFO     | OK https://skeb.jp/api/users/jyxmpt
2026-09-26 14:35:15 | INFO     | Saving at a/skeb/jyxmpt-e28f80.json
2026-09-26 14:35:16 | INFO     | OK https://skeb.jp/api/users/a3gameplayer
2026-09-26 14:35:16 | INFO     | Saving at a/skeb/a3gameplayer-828058.json
2026-09-26 14:35:17 | INFO     | OK https://skeb.jp/api/users/Sawaaaara
2026-09-26 14:35:17 | INFO     | Saving at a/skeb/Sawaaaara-124f0e.json
2026-09-26 14:35:18 | INFO     | OK https://skeb.jp/api/users/mottirimuttiri
2026-09-26 14:35:18 | INFO     | Saving at a/skeb/mottirimuttiri-0ba03f.json
2026-09-26 14:35:19 | INFO     | OK https://skeb.jp/api/users/teroo11q_r18
2026-09-26 14:35:19 | INFO     | Saving at a/skeb/teroo11q_r18-22d1d0.json
2026-09-26 14:35:20 | INFO     | OK https://skeb.jp/api/users/shitadaan
2026-09-26 14:35:20 | INFO     | Saving at a/skeb/shitadaan-7378ce.json
2026-09-26 14:35:21 | INFO     | OK https://skeb.jp/api/users/pe_1116
2026-09-26 14:35:21 | INFO     | Saving at a/skeb/pe_1116-5b2b4d.json
2026-09-26 14:35:22 | INFO     | OK https://skeb.jp/api/users/shutenndouji1
2026-09-26 14:35:22 | INFO     | Saving at a/skeb/shutenndouji1-d55487.json
2026-09-26 14:35:23 | INFO     | OK https://skeb.jp/api/users/072207honey_
2026-09-26 14:35:23 | INFO     | Saving at a/skeb/072207honey_-96273d.json
2026-09-26 14:35:24 | INFO     | OK https://skeb.jp/api/users/kmgkisxx
2026-09-26 14:35:24 | INFO     | Saving at a/skeb/kmgkisxx-726ee8.json
2026-09-26 14:35:25 | INFO     | OK https://skeb.jp/api/users/PhenomenalZombe
2026-09-26 14:35:25 | INFO     | Saving at a/skeb/PhenomenalZombe-696471.json
2026-09-26 14:35:26 | INFO     | OK https://skeb.jp/api/users/NANA29467251
2026-09-26 14:35:26 | INFO     | Saving at a/skeb/NANA29467251-2ba4f7.json
2026-09-26 14:35:27 | INFO     | OK https://skeb.jp/api/users/3x21_02
2026-09-26 14:35:27 | INFO     | Saving at a/skeb/3x21_02-dafab8.json
2026-09-26 14:35:28 | INFO     | OK https://skeb.jp/api/users/pooooisuke
2026-09-26 14:35:28 | INFO     | Saving at a/skeb/pooooisuke-902fc7.json
2026-09-26 14:35:28 | INFO     | OK https://skeb.jp/api/users/Harusakakei18
2026-09-26 14:35:28 | INFO     | Saving at a/skeb/Harusakakei18-da935b.json
2026-09-26 14:35:30 | INFO     | OK https://skeb.jp/api/users/t3gam1
2026-09-26 14:35:30 | INFO     | Saving at a/skeb/t3gam1-587689.json
2026-09-26 14:35:31 | INFO     | OK https://skeb.jp/api/users/39UMA_sakuma
2026-09-26 14:35:31 | INFO     | Saving at a/skeb/39UMA_sakuma-5c8148.json
2026-09-26 14:35:32 | INFO     | OK https://skeb.jp/api/users/drillmole
2026-09-26 14:35:32 | INFO     | Saving at a/skeb/drillmole-ca365d.json
2026-09-26 14:35:33 | INFO     | OK https://skeb.jp/api/users/OfutonO2
2026-09-26 14:35:33 | INFO     | Saving at a/skeb/OfutonO2-7234f6.json
2026-09-26 14:35:34 | INFO     | OK https://skeb.jp/api/users/syuyakustar
2026-09-26 14:35:34 | INFO     | Saving at a/skeb/syuyakustar-90a673.json
2026-09-26 14:35:35 | INFO     | OK https://skeb.jp/api/users/mirasan_x
2026-09-26 14:35:35 | INFO     | Saving at a/skeb/mirasan_x-17fc00.json
2026-09-26 14:35:36 | INFO     | OK https://skeb.jp/api/users/hairogray
2026-09-26 14:35:36 | INFO     | Saving at a/skeb/hairogray-10d1ba.json
2026-09-26 14:35:37 | INFO     | OK https://skeb.jp/api/users/000_inuinudog
2026-09-26 14:35:37 | INFO     | Saving at a/skeb/000_inuinudog-11f2ff.json
2026-09-26 14:35:38 | INFO     | OK https://skeb.jp/api/users/kaekae_kaeru
2026-09-26 14:35:38 | INFO     | Saving at a/skeb/kaekae_kaeru-617dee.json
2026-09-26 14:35:39 | INFO     | OK https://skeb.jp/api/users/pP0317Pp_A5
2026-09-26 14:35:39 | INFO     | Saving at a/skeb/pP0317Pp_A5-20ae31.json
2026-09-26 14:35:40 | INFO     | OK https://skeb.jp/api/users/k1ta1__
2026-09-26 14:35:40 | INFO     | Saving at a/skeb/k1ta1__-5a2408.json
2026-09-26 14:35:41 | INFO     | OK https://skeb.jp/api/users/okehanak
2026-09-26 14:35:41 | INFO     | Saving at a/skeb/okehanak-4dcb30.json
2026-09-26 14:35:42 | INFO     | OK https://skeb.jp/api/users/pana_tsukimiya
2026-09-26 14:35:42 | INFO     | Saving at a/skeb/pana_tsukimiya-d2515d.json
2026-09-26 14:35:43 | INFO     | OK https://skeb.jp/api/users/tebasaki_chikin
2026-09-26 14:35:43 | INFO     | Saving at a/skeb/tebasaki_chikin-63ad8c.json
2026-09-26 14:35:44 | INFO     | OK https://skeb.jp/api/users/Ba9ama
2026-09-26 14:35:44 | INFO     | Saving at a/skeb/Ba9ama-29f103.json
2026-09-26 14:35:45 | INFO     | OK https://skeb.jp/api/users/MOOTION_moon
2026-09-26 14:35:45 | INFO     | Saving at a/skeb/MOOTION_moon-754fee.json
2026-09-26 14:35:46 | INFO     | OK https://skeb.jp/api/users/utau7
2026-09-26 14:35:46 | INFO     | Saving at a/skeb/utau7-c84f30.json
2026-09-26 14:35:47 | INFO     | OK https://skeb.jp/api/users/sipporozi
2026-09-26 14:35:47 | INFO     | Saving at a/skeb/sipporozi-1e85d2.json
2026-09-26 14:35:48 | INFO     | OK https://skeb.jp/api/users/moqyoo00
2026-09-26 14:35:48 | INFO     | Saving at a/skeb/moqyoo00-69c936.json
2026-09-26 14:35:49 | INFO     | OK https://skeb.jp/api/users/wonderful_512
2026-09-26 14:35:49 | INFO     | Saving at a/skeb/wonderful_512-2ebfc3.json
2026-09-26 14:35:50 | INFO     | OK https://skeb.jp/api/users/merona_0914
2026-09-26 14:35:50 | INFO     | Saving at a/skeb/merona_0914-6859ea.json
2026-09-26 14:35:51 | INFO     | OK https://skeb.jp/api/users/tsuyutsuki_kusa
2026-09-26 14:35:51 | INFO     | Saving at a/skeb/tsuyutsuki_kusa-b71e6e.json
2026-09-26 14:35:52 | INFO     | OK https://skeb.jp/api/users/sushiumaai
2026-09-26 14:35:52 | INFO     | Saving at a/skeb/sushiumaai-cdaaaa.json
2026-09-26 14:35:53 | INFO     | OK https://skeb.jp/api/users/nienndesu
2026-09-26 14:35:53 | INFO     | Saving at a/skeb/nienndesu-cb6fdf.json
2026-09-26 14:35:54 | INFO     | OK https://skeb.jp/api/users/tsuna0
2026-09-26 14:35:54 | INFO     | Saving at a/skeb/tsuna0-7fcf6a.json
2026-09-26 14:35:55 | INFO     | OK https://skeb.jp/api/users/egg24k
2026-09-26 14:35:55 | INFO     | Saving at a/skeb/egg24k-984c3d.json
2026-09-26 14:35:56 | INFO     | OK https://skeb.jp/api/users/mashiro_v_046
2026-09-26 14:35:56 | INFO     | Saving at a/skeb/mashiro_v_046-8e7ebe.json
2026-09-26 14:35:57 | INFO     | OK https://skeb.jp/api/users/SukoYugiri
2026-09-26 14:35:57 | INFO     | Saving at a/skeb/SukoYugiri-483012.json
2026-09-26 14:35:58 | INFO     | OK https://skeb.jp/api/users/bokujo_v
2026-09-26 14:35:58 | INFO     | Saving at a/skeb/bokujo_v-b4d058.json
2026-09-26 14:35:59 | INFO     | OK https://skeb.jp/api/users/0090QL
2026-09-26 14:35:59 | INFO     | Saving at a/skeb/0090QL-ff3f9c.json
2026-09-26 14:36:00 | INFO     | OK https://skeb.jp/api/users/Kansouwo
2026-09-26 14:36:00 | INFO     | Saving at a/skeb/Kansouwo-6cf31d.json
2026-09-26 14:36:01 | INFO     | OK https://skeb.jp/api/users/G73888
2026-09-26 14:36:01 | INFO     | Saving at a/skeb/G73888-2f45a0.json
2026-09-26 14:36:01 | INFO     | OK https://skeb.jp/api/users/ciel_etoiles2
2026-09-26 14:36:01 | INFO     | Saving at a/skeb/ciel_etoiles2-cafd65.json
2026-09-26 14:36:03 | INFO     | OK https://skeb.jp/api/users/tapioca_cola
2026-09-26 14:36:03 | INFO     | Saving at a/skeb/tapioca_cola-e6c701.json
2026-09-26 14:36:03 | INFO     | OK https://skeb.jp/api/users/ColdEmbraceKCB
2026-09-26 14:36:03 | INFO     | Saving at a/skeb/ColdEmbraceKCB-224d14.json
2026-09-26 14:36:05 | INFO     | OK https://skeb.jp/api/users/1a1aCthulhu
2026-09-26 14:36:05 | INFO     | Saving at a/skeb/1a1aCthulhu-34d33d.json
2026-09-26 14:36:06 | INFO     | OK https://skeb.jp/api/users/GumingHc
2026-09-26 14:36:06 | INFO     | Saving at a/skeb/GumingHc-286430.json
2026-09-26 14:36:07 | INFO     | OK https://skeb.jp/api/users/sprout_1110
2026-09-26 14:36:07 | INFO     | Saving at a/skeb/sprout_1110-1c57bf.json
2026-09-26 14:36:08 | INFO     | OK https://skeb.jp/api/users/cursscurss
2026-09-26 14:36:08 | INFO     | Saving at a/skeb/cursscurss-bd87da.json
2026-09-26 14:36:09 | INFO     | OK https://skeb.jp/api/users/koyomifui54321
2026-09-26 14:36:09 | INFO     | Saving at a/skeb/koyomifui54321-91cc6f.json
2026-09-26 14:36:10 | INFO     | OK https://skeb.jp/api/users/athuyakigargoyl
2026-09-26 14:36:10 | INFO     | Saving at a/skeb/athuyakigargoyl-7ceb0a.json
2026-09-26 14:36:11 | INFO     | OK https://skeb.jp/api/users/koketuma_robit
2026-09-26 14:36:11 | INFO     | Saving at a/skeb/koketuma_robit-b3990a.json
2026-09-26 14:36:12 | INFO     | OK https://skeb.jp/api/users/mgmgpchan
2026-09-26 14:36:12 | INFO     | Saving at a/skeb/mgmgpchan-32b65c.json
2026-09-26 14:36:13 | INFO     | OK https://skeb.jp/api/users/sakuraxx0905
2026-09-26 14:36:13 | INFO     | Saving at a/skeb/sakuraxx0905-59cd49.json
2026-09-26 14:36:14 | INFO     | OK https://skeb.jp/api/users/NOKISITA_22
2026-09-26 14:36:14 | INFO     | Saving at a/skeb/NOKISITA_22-fd0463.json
2026-09-26 14:36:15 | INFO     | OK https://skeb.jp/api/users/hamu_koutarou
2026-09-26 14:36:15 | INFO     | Saving at a/skeb/hamu_koutarou-a290c7.json
2026-09-26 14:36:16 | INFO     | OK https://skeb.jp/api/users/x2xmua
2026-09-26 14:36:16 | INFO     | Saving at a/skeb/x2xmua-1cb324.json
2026-09-26 14:36:17 | INFO     | OK https://skeb.jp/api/users/maikoi
2026-09-26 14:36:17 | INFO     | Saving at a/skeb/maikoi-eb5f40.json
2026-09-26 14:36:18 | INFO     | OK https://skeb.jp/api/users/yuu_yumezakura
2026-09-26 14:36:18 | INFO     | Saving at a/skeb/yuu_yumezakura-97d342.json
2026-09-26 14:36:19 | INFO     | OK https://skeb.jp/api/users/aquatail35
2026-09-26 14:36:19 | INFO     | Saving at a/skeb/aquatail35-623183.json
2026-09-26 14:36:20 | INFO     | OK https://skeb.jp/api/users/Jyakoten_mobile
2026-09-26 14:36:20 | INFO     | Saving at a/skeb/Jyakoten_mobile-fd06a4.json
2026-09-26 14:36:21 | INFO     | OK https://skeb.jp/api/users/ohayo_0606
2026-09-26 14:36:21 | INFO     | Saving at a/skeb/ohayo_0606-cfb1b4.json
2026-09-26 14:36:22 | INFO     | OK https://skeb.jp/api/users/synecdoche445
2026-09-26 14:36:22 | INFO     | Saving at a/skeb/synecdoche445-fe1338.json
2026-09-26 14:36:23 | INFO     | OK https://skeb.jp/api/users/gobousagi1
2026-09-26 14:36:23 | INFO     | Saving at a/skeb/gobousagi1-49644b.json
2026-09-26 14:36:24 | INFO     | OK https://skeb.jp/api/users/oyasnnl
2026-09-26 14:36:24 | INFO     | Saving at a/skeb/oyasnnl-467002.json
2026-09-26 14:36:25 | INFO     | OK https://skeb.jp/api/users/nibosimofu
2026-09-26 14:36:25 | INFO     | Saving at a/skeb/nibosimofu-24f441.json
2026-09-26 14:36:26 | INFO     | OK https://skeb.jp/api/users/muramasamikado
2026-09-26 14:36:26 | INFO     | Saving at a/skeb/muramasamikado-a0e5c9.json
2026-09-26 14:36:26 | INFO     | OK https://skeb.jp/api/users/g3vf0
2026-09-26 14:36:26 | INFO     | Saving at a/skeb/g3vf0-e51a34.json
2026-09-26 14:36:28 | INFO     | OK https://skeb.jp/api/users/WoNi_o_o_
2026-09-26 14:36:28 | INFO     | Saving at a/skeb/WoNi_o_o_-06d0b9.json
2026-09-26 14:36:29 | INFO     | OK https://skeb.jp/api/users/ebimomomo
2026-09-26 14:36:29 | INFO     | Saving at a/skeb/ebimomomo-0427af.json
2026-09-26 14:36:30 | INFO     | OK https://skeb.jp/api/users/narumiyaizr
2026-09-26 14:36:30 | INFO     | Saving at a/skeb/narumiyaizr-7aa1d5.json
2026-09-26 14:36:31 | INFO     | OK https://skeb.jp/api/users/lowproteinhighf
2026-09-26 14:36:31 | INFO     | Saving at a/skeb/lowproteinhighf-0a417e.json
2026-09-26 14:36:32 | INFO     | OK https://skeb.jp/api/users/takanotds
2026-09-26 14:36:32 | INFO     | Saving at a/skeb/takanotds-2e3f6d.json
2026-09-26 14:36:33 | INFO     | OK https://skeb.jp/api/users/kurumi_lm
2026-09-26 14:36:33 | INFO     | Saving at a/skeb/kurumi_lm-c15983.json
2026-09-26 14:36:34 | INFO     | OK https://skeb.jp/api/users/bypo89_
2026-09-26 14:36:34 | INFO     | Saving at a/skeb/bypo89_-775e88.json
2026-09-26 14:36:35 | INFO     | OK https://skeb.jp/api/users/0mgr_
2026-09-26 14:36:35 | INFO     | Saving at a/skeb/0mgr_-f44bc4.json
2026-09-26 14:36:36 | INFO     | OK https://skeb.jp/api/users/la_yu7954
2026-09-26 14:36:36 | INFO     | Saving at a/skeb/la_yu7954-655b7e.json
2026-09-26 14:36:37 | INFO     | OK https://skeb.jp/api/users/suzuk1no
2026-09-26 14:36:37 | INFO     | Saving at a/skeb/suzuk1no-d24f35.json
2026-09-26 14:36:38 | INFO     | OK https://skeb.jp/api/users/YN_ak23
2026-09-26 14:36:38 | INFO     | Saving at a/skeb/YN_ak23-a07cb3.json
2026-09-26 14:36:39 | INFO     | OK https://skeb.jp/api/users/Indigo_Blue_anp
2026-09-26 14:36:39 | INFO     | Saving at a/skeb/Indigo_Blue_anp-702fb2.json
2026-09-26 14:36:40 | INFO     | OK https://skeb.jp/api/users/nie_chaaan
2026-09-26 14:36:40 | INFO     | Saving at a/skeb/nie_chaaan-4aaaad.json
2026-09-26 14:36:41 | INFO     | OK https://skeb.jp/api/users/kamonekm
2026-09-26 14:36:41 | INFO     | Saving at a/skeb/kamonekm-c93018.json
2026-09-26 14:36:42 | INFO     | OK https://skeb.jp/api/users/_n_on_am_e
2026-09-26 14:36:42 | INFO     | Saving at a/skeb/_n_on_am_e-e1168a.json
2026-09-26 14:36:43 | INFO     | OK https://skeb.jp/api/users/o_otukaresama_o
2026-09-26 14:36:43 | INFO     | Saving at a/skeb/o_otukaresama_o-ba9f3a.json
2026-09-26 14:36:44 | INFO     | OK https://skeb.jp/api/users/137nasu
2026-09-26 14:36:44 | INFO     | Saving at a/skeb/137nasu-8e322a.json
2026-09-26 14:36:45 | INFO     | OK https://skeb.jp/api/users/marinekomimicat
2026-09-26 14:36:45 | INFO     | Saving at a/skeb/marinekomimicat-542bc5.json
2026-09-26 14:36:46 | INFO     | OK https://skeb.jp/api/users/moko_fuku_desu
2026-09-26 14:36:46 | INFO     | Saving at a/skeb/moko_fuku_desu-d1f8f1.json
2026-09-26 14:36:47 | INFO     | OK https://skeb.jp/api/users/ZINKAKU_HITEI
2026-09-26 14:36:47 | INFO     | Saving at a/skeb/ZINKAKU_HITEI-41b07c.json
2026-09-26 14:36:48 | INFO     | OK https://skeb.jp/api/users/rinrin_doujin
2026-09-26 14:36:48 | INFO     | Saving at a/skeb/rinrin_doujin-9b797f.json
2026-09-26 14:36:49 | INFO     | OK https://skeb.jp/api/users/hitokuirou
2026-09-26 14:36:49 | INFO     | Saving at a/skeb/hitokuirou-04115b.json
2026-09-26 14:36:50 | INFO     | OK https://skeb.jp/api/users/WWASwaswa2
2026-09-26 14:36:50 | INFO     | Saving at a/skeb/WWASwaswa2-27239b.json
2026-09-26 14:36:51 | INFO     | OK https://skeb.jp/api/users/ikou_56
2026-09-26 14:36:51 | INFO     | Saving at a/skeb/ikou_56-8a6a3e.json
2026-09-26 14:36:52 | INFO     | OK https://skeb.jp/api/users/victor_mok
2026-09-26 14:36:52 | INFO     | Saving at a/skeb/victor_mok-3e8744.json
2026-09-26 14:36:52 | INFO     | OK https://skeb.jp/api/users/Ray021__
2026-09-26 14:36:52 | INFO     | Saving at a/skeb/Ray021__-c4011f.json
2026-09-26 14:36:53 | INFO     | OK https://skeb.jp/api/users/meu_0611
2026-09-26 14:36:53 | INFO     | Saving at a/skeb/meu_0611-663a4d.json
2026-09-26 14:36:55 | INFO     | OK https://skeb.jp/api/users/raiko_sozai
2026-09-26 14:36:55 | INFO     | Saving at a/skeb/raiko_sozai-d91036.json
2026-09-26 14:36:56 | INFO     | OK https://skeb.jp/api/users/yositama00
2026-09-26 14:36:56 | INFO     | Saving at a/skeb/yositama00-35689c.json
2026-09-26 14:36:57 | INFO     | OK https://skeb.jp/api/users/MZ2FQKoXakQl1el
2026-09-26 14:36:57 | INFO     | Saving at a/skeb/MZ2FQKoXakQl1el-cb556a.json
2026-09-26 14:36:58 | INFO     | OK https://skeb.jp/api/users/968_yotuba
2026-09-26 14:36:58 | INFO     | Saving at a/skeb/968_yotuba-ace26f.json
2026-09-26 14:36:59 | INFO     | OK https://skeb.jp/api/users/nekokan_eaters
2026-09-26 14:36:59 | INFO     | Saving at a/skeb/nekokan_eaters-202b60.json
2026-09-26 14:37:00 | INFO     | OK https://skeb.jp/api/users/endendstart
2026-09-26 14:37:00 | INFO     | Saving at a/skeb/endendstart-4cbfd7.json
2026-09-26 14:37:01 | INFO     | OK https://skeb.jp/api/users/5gN8i4hKux58193
2026-09-26 14:37:01 | INFO     | Saving at a/skeb/5gN8i4hKux58193-780c47.json
2026-09-26 14:37:02 | INFO     | OK https://skeb.jp/api/users/suirin_mea0103
2026-09-26 14:37:02 | INFO     | Saving at a/skeb/suirin_mea0103-461e97.json
2026-09-26 14:37:03 | INFO     | OK https://skeb.jp/api/users/GROWTH_pix
2026-09-26 14:37:03 | INFO     | Saving at a/skeb/GROWTH_pix-e2f68a.json
2026-09-26 14:37:04 | INFO     | OK https://skeb.jp/api/users/pnt_0202
2026-09-26 14:37:04 | INFO     | Saving at a/skeb/pnt_0202-7e5d34.json
2026-09-26 14:37:05 | INFO     | OK https://skeb.jp/api/users/Mei_9616
2026-09-26 14:37:05 | INFO     | Saving at a/skeb/Mei_9616-ae733d.json
2026-09-26 14:37:06 | INFO     | OK https://skeb.jp/api/users/sodacider350
2026-09-26 14:37:06 | INFO     | Saving at a/skeb/sodacider350-8c63cd.json
2026-09-26 14:37:07 | INFO     | OK https://skeb.jp/api/users/siruzakura
2026-09-26 14:37:07 | INFO     | Saving at a/skeb/siruzakura-d3ec56.json
2026-09-26 14:37:08 | INFO     | OK https://skeb.jp/api/users/Hayato7M22
2026-09-26 14:37:08 | INFO     | Saving at a/skeb/Hayato7M22-b9092f.json
2026-09-26 14:37:09 | INFO     | OK https://skeb.jp/api/users/aapVTOfTbk1ZA4t
2026-09-26 14:37:09 | INFO     | Saving at a/skeb/aapVTOfTbk1ZA4t-5de767.json
2026-09-26 14:37:10 | INFO     | OK https://skeb.jp/api/users/chaos555__lv
2026-09-26 14:37:10 | INFO     | Saving at a/skeb/chaos555__lv-0e34ec.json
2026-09-26 14:37:11 | INFO     | OK https://skeb.jp/api/users/Hjx3p
2026-09-26 14:37:11 | INFO     | Saving at a/skeb/Hjx3p-b68661.json
2026-09-26 14:37:12 | INFO     | OK https://skeb.jp/api/users/kou768
2026-09-26 14:37:12 | INFO     | Saving at a/skeb/kou768-559574.json
2026-09-26 14:37:13 | INFO     | OK https://skeb.jp/api/users/3_uobone3
2026-09-26 14:37:13 | INFO     | Saving at a/skeb/3_uobone3-2d4fa9.json
2026-09-26 14:37:14 | INFO     | OK https://skeb.jp/api/users/tsubasa_nem
2026-09-26 14:37:14 | INFO     | Saving at a/skeb/tsubasa_nem-5b14b6.json
2026-09-26 14:37:15 | INFO     | OK https://skeb.jp/api/users/meganeee31
2026-09-26 14:37:15 | INFO     | Saving at a/skeb/meganeee31-92909f.json
2026-09-26 14:37:16 | INFO     | OK https://skeb.jp/api/users/_o_ov_rim
2026-09-26 14:37:16 | INFO     | Saving at a/skeb/_o_ov_rim-048805.json
2026-09-26 14:37:17 | INFO     | OK https://skeb.jp/api/users/mukanata
2026-09-26 14:37:17 | INFO     | Saving at a/skeb/mukanata-7714d3.json
2026-09-26 14:37:18 | INFO     | OK https://skeb.jp/api/users/saketha0424
2026-09-26 14:37:18 | INFO     | Saving at a/skeb/saketha0424-9a25eb.json
2026-09-26 14:37:19 | INFO     | OK https://skeb.jp/api/users/Nikon_oekaki
2026-09-26 14:37:19 | INFO     | Saving at a/skeb/Nikon_oekaki-e55692.json
2026-09-26 14:37:20 | INFO     | OK https://skeb.jp/api/users/graffitiGW
2026-09-26 14:37:20 | INFO     | Saving at a/skeb/graffitiGW-a6a03f.json
2026-09-26 14:37:21 | INFO     | OK https://skeb.jp/api/users/S_sya_rin
2026-09-26 14:37:21 | INFO     | Saving at a/skeb/S_sya_rin-346e15.json
2026-09-26 14:37:22 | INFO     | OK https://skeb.jp/api/users/todochan5_art
2026-09-26 14:37:22 | INFO     | Saving at a/skeb/todochan5_art-54dd3f.json
2026-09-26 14:37:23 | INFO     | OK https://skeb.jp/api/users/many_ankles
2026-09-26 14:37:23 | INFO     | Saving at a/skeb/many_ankles-7afb5f.json
2026-09-26 14:37:24 | INFO     | OK https://skeb.jp/api/users/ojyama_djg
2026-09-26 14:37:24 | INFO     | Saving at a/skeb/ojyama_djg-a6152a.json
2026-09-26 14:37:25 | INFO     | OK https://skeb.jp/api/users/gupmihoniumu
2026-09-26 14:37:25 | INFO     | Saving at a/skeb/gupmihoniumu-58b413.json
2026-09-26 14:37:26 | INFO     | OK https://skeb.jp/api/users/akadori_illust
2026-09-26 14:37:26 | INFO     | Saving at a/skeb/akadori_illust-21ea32.json
2026-09-26 14:37:27 | INFO     | OK https://skeb.jp/api/users/ten00si20
2026-09-26 14:37:27 | INFO     | Saving at a/skeb/ten00si20-5fb5f1.json
2026-09-26 14:37:28 | INFO     | OK https://skeb.jp/api/users/yumear_mirai
2026-09-26 14:37:28 | INFO     | Saving at a/skeb/yumear_mirai-13a842.json
2026-09-26 14:37:29 | INFO     | OK https://skeb.jp/api/users/Hato_to_illust
2026-09-26 14:37:29 | INFO     | Saving at a/skeb/Hato_to_illust-9beed1.json
2026-09-26 14:37:30 | INFO     | OK https://skeb.jp/api/users/Tar_tetete
2026-09-26 14:37:30 | INFO     | Saving at a/skeb/Tar_tetete-7da6f9.json
2026-09-26 14:37:31 | INFO     | OK https://skeb.jp/api/users/DaisakuKimutaku
2026-09-26 14:37:31 | INFO     | Saving at a/skeb/DaisakuKimutaku-32857b.json
2026-09-26 14:37:32 | INFO     | OK https://skeb.jp/api/users/TAOYURA
2026-09-26 14:37:32 | INFO     | Saving at a/skeb/TAOYURA-7a3422.json
2026-09-26 14:37:33 | INFO     | OK https://skeb.jp/api/users/KR03443
2026-09-26 14:37:33 | INFO     | Saving at a/skeb/KR03443-dda43f.json
2026-09-26 14:37:34 | INFO     | OK https://skeb.jp/api/users/_emeth
2026-09-26 14:37:34 | INFO     | Saving at a/skeb/_emeth-764ad3.json
2026-09-26 14:37:35 | INFO     | OK https://skeb.jp/api/users/mahiro_01_10
2026-09-26 14:37:35 | INFO     | Saving at a/skeb/mahiro_01_10-7c3b74.json
2026-09-26 14:37:36 | INFO     | OK https://skeb.jp/api/users/Syumiru_sart
2026-09-26 14:37:36 | INFO     | Saving at a/skeb/Syumiru_sart-d72054.json
2026-09-26 14:37:37 | INFO     | OK https://skeb.jp/api/users/mamekokko
2026-09-26 14:37:37 | INFO     | Saving at a/skeb/mamekokko-946443.json
2026-09-26 14:37:38 | INFO     | OK https://skeb.jp/api/users/aaaaate
2026-09-26 14:37:38 | INFO     | Saving at a/skeb/aaaaate-964aec.json
2026-09-26 14:37:39 | INFO     | OK https://skeb.jp/api/users/mysterious_zone
2026-09-26 14:37:39 | INFO     | Saving at a/skeb/mysterious_zone-047b2a.json
2026-09-26 14:37:40 | INFO     | OK https://skeb.jp/api/users/supersonicster
2026-09-26 14:37:40 | INFO     | Saving at a/skeb/supersonicster-9d466b.json
2026-09-26 14:37:41 | INFO     | OK https://skeb.jp/api/users/AkaTsuki_0822
2026-09-26 14:37:41 | INFO     | Saving at a/skeb/AkaTsuki_0822-361aea.json
2026-09-26 14:37:42 | INFO     | OK https://skeb.jp/api/users/tomo_ajino
2026-09-26 14:37:42 | INFO     | Saving at a/skeb/tomo_ajino-2b33cb.json
2026-09-26 14:37:43 | INFO     | OK https://skeb.jp/api/users/chameleonman3
2026-09-26 14:37:43 | INFO     | Saving at a/skeb/chameleonman3-f8588c.json
2026-09-26 14:37:44 | INFO     | OK https://skeb.jp/api/users/rn_9j
2026-09-26 14:37:44 | INFO     | Saving at a/skeb/rn_9j-26a2a0.json
2026-09-26 14:37:45 | INFO     | OK https://skeb.jp/api/users/tengoku_cyan
2026-09-26 14:37:45 | INFO     | Saving at a/skeb/tengoku_cyan-059bca.json
2026-09-26 14:37:46 | INFO     | OK https://skeb.jp/api/users/shinwonka
2026-09-26 14:37:46 | INFO     | Saving at a/skeb/shinwonka-14c867.json
2026-09-26 14:37:47 | INFO     | OK https://skeb.jp/api/users/rushia_n
2026-09-26 14:37:47 | INFO     | Saving at a/skeb/rushia_n-b91af6.json
2026-09-26 14:37:48 | INFO     | OK https://skeb.jp/api/users/yanya_____
2026-09-26 14:37:48 | INFO     | Saving at a/skeb/yanya_____-031f4f.json
2026-09-26 14:37:49 | INFO     | OK https://skeb.jp/api/users/higashibara_n
2026-09-26 14:37:49 | INFO     | Saving at a/skeb/higashibara_n-ba3933.json
2026-09-26 14:37:50 | INFO     | OK https://skeb.jp/api/users/yoko_yh129
2026-09-26 14:37:50 | INFO     | Saving at a/skeb/yoko_yh129-5bff79.json
2026-09-26 14:37:51 | INFO     | OK https://skeb.jp/api/users/106266_06_2
2026-09-26 14:37:51 | INFO     | Saving at a/skeb/106266_06_2-255986.json
2026-09-26 14:37:52 | INFO     | OK https://skeb.jp/api/users/osapiko_62
2026-09-26 14:37:52 | INFO     | Saving at a/skeb/osapiko_62-8d3a70.json
2026-09-26 14:37:53 | INFO     | OK https://skeb.jp/api/users/kuzuyu0o0
2026-09-26 14:37:53 | INFO     | Saving at a/skeb/kuzuyu0o0-311c30.json
2026-09-26 14:37:54 | INFO     | OK https://skeb.jp/api/users/onioni_AOI
2026-09-26 14:37:54 | INFO     | Saving at a/skeb/onioni_AOI-517e1b.json
2026-09-26 14:37:55 | INFO     | OK https://skeb.jp/api/users/aimo1214
2026-09-26 14:37:55 | INFO     | Saving at a/skeb/aimo1214-e8c7a5.json
2026-09-26 14:37:56 | INFO     | OK https://skeb.jp/api/users/ytkmrs
2026-09-26 14:37:56 | INFO     | Saving at a/skeb/ytkmrs-999d3a.json
2026-09-26 14:37:57 | INFO     | OK https://skeb.jp/api/users/VSS83904922
2026-09-26 14:37:57 | INFO     | Saving at a/skeb/VSS83904922-1e8508.json
2026-09-26 14:37:58 | INFO     | OK https://skeb.jp/api/users/danna_aka_
2026-09-26 14:37:58 | INFO     | Saving at a/skeb/danna_aka_-91efed.json
2026-09-26 14:37:59 | INFO     | OK https://skeb.jp/api/users/xjsbca
2026-09-26 14:37:59 | INFO     | Saving at a/skeb/xjsbca-0f57d5.json
2026-09-26 14:38:00 | INFO     | OK https://skeb.jp/api/users/cerise0028
2026-09-26 14:38:00 | INFO     | Saving at a/skeb/cerise0028-732410.json
2026-09-26 14:38:01 | INFO     | OK https://skeb.jp/api/users/NCC92882_C
2026-09-26 14:38:01 | INFO     | Saving at a/skeb/NCC92882_C-68842e.json
2026-09-26 14:38:01 | INFO     | OK https://skeb.jp/api/users/bunny_yoi_oO
2026-09-26 14:38:01 | INFO     | Saving at a/skeb/bunny_yoi_oO-38022b.json
2026-09-26 14:38:03 | INFO     | OK https://skeb.jp/api/users/sasango3333
2026-09-26 14:38:03 | INFO     | Saving at a/skeb/sasango3333-9ee774.json
2026-09-26 14:38:04 | INFO     | OK https://skeb.jp/api/users/gomaaa04
2026-09-26 14:38:04 | INFO     | Saving at a/skeb/gomaaa04-2833e1.json
2026-09-26 14:38:05 | INFO     | OK https://skeb.jp/api/users/Baconegg_111
2026-09-26 14:38:05 | INFO     | Saving at a/skeb/Baconegg_111-7234ef.json
2026-09-26 14:38:06 | INFO     | OK https://skeb.jp/api/users/_ha1sui
2026-09-26 14:38:06 | INFO     | Saving at a/skeb/_ha1sui-2b18e8.json
2026-09-26 14:38:07 | INFO     | OK https://skeb.jp/api/users/at4_vmb9
2026-09-26 14:38:07 | INFO     | Saving at a/skeb/at4_vmb9-905368.json
2026-09-26 14:38:08 | INFO     | OK https://skeb.jp/api/users/unisonsoken
2026-09-26 14:38:08 | INFO     | Saving at a/skeb/unisonsoken-ac68f9.json
2026-09-26 14:38:09 | INFO     | OK https://skeb.jp/api/users/jiburi09
2026-09-26 14:38:09 | INFO     | Saving at a/skeb/jiburi09-cc4f24.json
2026-09-26 14:38:10 | INFO     | OK https://skeb.jp/api/users/yuutokagura
2026-09-26 14:38:10 | INFO     | Saving at a/skeb/yuutokagura-18268a.json
2026-09-26 14:38:11 | INFO     | OK https://skeb.jp/api/users/Nayu_skb
2026-09-26 14:38:11 | INFO     | Saving at a/skeb/Nayu_skb-a8f04d.json
2026-09-26 14:38:12 | INFO     | OK https://skeb.jp/api/users/asumi_art
2026-09-26 14:38:12 | INFO     | Saving at a/skeb/asumi_art-c94807.json
2026-09-26 14:38:13 | INFO     | OK https://skeb.jp/api/users/konnikichan
2026-09-26 14:38:13 | INFO     | Saving at a/skeb/konnikichan-ec7afd.json
2026-09-26 14:38:14 | INFO     | OK https://skeb.jp/api/users/MkioE
2026-09-26 14:38:14 | INFO     | Saving at a/skeb/MkioE-ce839a.json
2026-09-26 14:38:15 | INFO     | OK https://skeb.jp/api/users/cocomome_
2026-09-26 14:38:15 | INFO     | Saving at a/skeb/cocomome_-21444d.json
2026-09-26 14:38:16 | INFO     | OK https://skeb.jp/api/users/rade_552
2026-09-26 14:38:16 | INFO     | Saving at a/skeb/rade_552-8547e3.json
2026-09-26 14:38:17 | INFO     | OK https://skeb.jp/api/users/nnpuru
2026-09-26 14:38:17 | INFO     | Saving at a/skeb/nnpuru-4bdd83.json
2026-09-26 14:38:18 | INFO     | OK https://skeb.jp/api/users/ArataYamaji
2026-09-26 14:38:18 | INFO     | Saving at a/skeb/ArataYamaji-46e71e.json
2026-09-26 14:38:19 | INFO     | OK https://skeb.jp/api/users/same_xxlo
2026-09-26 14:38:19 | INFO     | Saving at a/skeb/same_xxlo-ac40b8.json
2026-09-26 14:38:20 | INFO     | OK https://skeb.jp/api/users/utsuki_trpg
2026-09-26 14:38:20 | INFO     | Saving at a/skeb/utsuki_trpg-62ea44.json
2026-09-26 14:38:21 | INFO     | OK https://skeb.jp/api/users/menchi9160
2026-09-26 14:38:21 | INFO     | Saving at a/skeb/menchi9160-9672d7.json
2026-09-26 14:38:22 | INFO     | OK https://skeb.jp/api/users/hosizora_megu
2026-09-26 14:38:22 | INFO     | Saving at a/skeb/hosizora_megu-725543.json
2026-09-26 14:38:23 | INFO     | OK https://skeb.jp/api/users/yagamiTSR
2026-09-26 14:38:23 | INFO     | Saving at a/skeb/yagamiTSR-bfd550.json
2026-09-26 14:38:24 | INFO     | OK https://skeb.jp/api/users/Puchq0
2026-09-26 14:38:24 | INFO     | Saving at a/skeb/Puchq0-1c3faa.json
2026-09-26 14:38:25 | INFO     | OK https://skeb.jp/api/users/subtle_dawn
2026-09-26 14:38:25 | INFO     | Saving at a/skeb/subtle_dawn-909b55.json
2026-09-26 14:38:26 | INFO     | OK https://skeb.jp/api/users/TK049ccn
2026-09-26 14:38:26 | INFO     | Saving at a/skeb/TK049ccn-d59984.json
2026-09-26 14:38:27 | INFO     | OK https://skeb.jp/api/users/12beat13
2026-09-26 14:38:27 | INFO     | Saving at a/skeb/12beat13-852a5b.json
2026-09-26 14:38:28 | INFO     | OK https://skeb.jp/api/users/momo_nei
2026-09-26 14:38:28 | INFO     | Saving at a/skeb/momo_nei-2b558e.json
2026-09-26 14:38:29 | INFO     | OK https://skeb.jp/api/users/wo1059mu
2026-09-26 14:38:29 | INFO     | Saving at a/skeb/wo1059mu-60865e.json
2026-09-26 14:38:30 | INFO     | OK https://skeb.jp/api/users/einz_zwei
2026-09-26 14:38:30 | INFO     | Saving at a/skeb/einz_zwei-63e76e.json
2026-09-26 14:38:31 | INFO     | OK https://skeb.jp/api/users/nanashi_kuno
2026-09-26 14:38:31 | INFO     | Saving at a/skeb/nanashi_kuno-de9062.json
2026-09-26 14:38:32 | INFO     | OK https://skeb.jp/api/users/nanashi_nogi
2026-09-26 14:38:32 | INFO     | Saving at a/skeb/nanashi_nogi-d554f5.json
2026-09-26 14:38:33 | INFO     | OK https://skeb.jp/api/users/URURurare
2026-09-26 14:38:33 | INFO     | Saving at a/skeb/URURurare-6c737a.json
2026-09-26 14:38:34 | INFO     | OK https://skeb.jp/api/users/9pokamoyo
2026-09-26 14:38:34 | INFO     | Saving at a/skeb/9pokamoyo-395231.json
2026-09-26 14:38:35 | INFO     | OK https://skeb.jp/api/users/koyancocco
2026-09-26 14:38:35 | INFO     | Saving at a/skeb/koyancocco-971b6f.json
2026-09-26 14:38:36 | INFO     | OK https://skeb.jp/api/users/kuroirito
2026-09-26 14:38:36 | INFO     | Saving at a/skeb/kuroirito-44d57e.json
2026-09-26 14:38:37 | INFO     | OK https://skeb.jp/api/users/9banta_original
2026-09-26 14:38:37 | INFO     | Saving at a/skeb/9banta_original-e85ae3.json
2026-09-26 14:38:38 | INFO     | OK https://skeb.jp/api/users/na____shi28
2026-09-26 14:38:38 | INFO     | Saving at a/skeb/na____shi28-340612.json
2026-09-26 14:38:39 | INFO     | OK https://skeb.jp/api/users/8bit_m
2026-09-26 14:38:39 | INFO     | Saving at a/skeb/8bit_m-0671ca.json
2026-09-26 14:38:40 | INFO     | OK https://skeb.jp/api/users/Hatsuga0128
2026-09-26 14:38:40 | INFO     | Saving at a/skeb/Hatsuga0128-e7f458.json
2026-09-26 14:38:41 | INFO     | OK https://skeb.jp/api/users/mmnt0_0mr
2026-09-26 14:38:41 | INFO     | Saving at a/skeb/mmnt0_0mr-efe925.json
2026-09-26 14:38:42 | INFO     | OK https://skeb.jp/api/users/Yaya_07_y
2026-09-26 14:38:42 | INFO     | Saving at a/skeb/Yaya_07_y-ce9cd8.json
2026-09-26 14:38:43 | INFO     | OK https://skeb.jp/api/users/tks_joe
2026-09-26 14:38:43 | INFO     | Saving at a/skeb/tks_joe-bb9343.json
2026-09-26 14:38:44 | INFO     | OK https://skeb.jp/api/users/Ryu_o0o_
2026-09-26 14:38:44 | INFO     | Saving at a/skeb/Ryu_o0o_-cd9ad1.json
2026-09-26 14:38:45 | INFO     | OK https://skeb.jp/api/users/Bon_yari1
2026-09-26 14:38:45 | INFO     | Saving at a/skeb/Bon_yari1-69a942.json
2026-09-26 14:38:46 | INFO     | OK https://skeb.jp/api/users/kashisuover
2026-09-26 14:38:46 | INFO     | Saving at a/skeb/kashisuover-5dacf5.json
2026-09-26 14:38:47 | INFO     | OK https://skeb.jp/api/users/nii_tdhi
2026-09-26 14:38:47 | INFO     | Saving at a/skeb/nii_tdhi-735adc.json
2026-09-26 14:38:48 | INFO     | OK https://skeb.jp/api/users/rokatano14
2026-09-26 14:38:48 | INFO     | Saving at a/skeb/rokatano14-1da6aa.json
2026-09-26 14:38:49 | INFO     | OK https://skeb.jp/api/users/shuseiH31
2026-09-26 14:38:49 | INFO     | Saving at a/skeb/shuseiH31-12fda9.json
2026-09-26 14:38:50 | INFO     | OK https://skeb.jp/api/users/klm1511
2026-09-26 14:38:50 | INFO     | Saving at a/skeb/klm1511-712b47.json
2026-09-26 14:38:51 | INFO     | OK https://skeb.jp/api/users/7nii_muwi
2026-09-26 14:38:51 | INFO     | Saving at a/skeb/7nii_muwi-61ed5a.json
2026-09-26 14:38:52 | INFO     | OK https://skeb.jp/api/users/dermar_gg
2026-09-26 14:38:52 | INFO     | Saving at a/skeb/dermar_gg-93649d.json
2026-09-26 14:38:53 | INFO     | OK https://skeb.jp/api/users/miwako0_0
2026-09-26 14:38:53 | INFO     | Saving at a/skeb/miwako0_0-06fdab.json
2026-09-26 14:38:54 | INFO     | OK https://skeb.jp/api/users/_minachaso
2026-09-26 14:38:54 | INFO     | Saving at a/skeb/_minachaso-8c933f.json
2026-09-26 14:38:55 | INFO     | OK https://skeb.jp/api/users/KureMnn
2026-09-26 14:38:55 | INFO     | Saving at a/skeb/KureMnn-79862e.json
2026-09-26 14:38:56 | INFO     | OK https://skeb.jp/api/users/ryumu_mu
2026-09-26 14:38:56 | INFO     | Saving at a/skeb/ryumu_mu-882cc0.json
2026-09-26 14:38:57 | INFO     | OK https://skeb.jp/api/users/K_Daiiti
2026-09-26 14:38:57 | INFO     | Saving at a/skeb/K_Daiiti-050b2b.json
2026-09-26 14:38:58 | INFO     | OK https://skeb.jp/api/users/SpoonP_
2026-09-26 14:38:58 | INFO     | Saving at a/skeb/SpoonP_-7f8ba9.json
2026-09-26 14:38:59 | INFO     | OK https://skeb.jp/api/users/da_10oo0
2026-09-26 14:38:59 | INFO     | Saving at a/skeb/da_10oo0-4c210f.json
2026-09-26 14:39:00 | INFO     | OK https://skeb.jp/api/users/oracle26483
2026-09-26 14:39:00 | INFO     | Saving at a/skeb/oracle26483-4ebef5.json
2026-09-26 14:39:01 | INFO     | OK https://skeb.jp/api/users/senamagu
2026-09-26 14:39:01 | INFO     | Saving at a/skeb/senamagu-c5c8fa.json
2026-09-26 14:39:02 | INFO     | OK https://skeb.jp/api/users/TAC_SNS
2026-09-26 14:39:02 | INFO     | Saving at a/skeb/TAC_SNS-ffa381.json
2026-09-26 14:39:03 | INFO     | OK https://skeb.jp/api/users/john_doe_milk
2026-09-26 14:39:03 | INFO     | Saving at a/skeb/john_doe_milk-8285ed.json
2026-09-26 14:39:04 | INFO     | OK https://skeb.jp/api/users/emosk
2026-09-26 14:39:04 | INFO     | Saving at a/skeb/emosk-9249b4.json
2026-09-26 14:39:05 | INFO     | OK https://skeb.jp/api/users/kmm_mfmf
2026-09-26 14:39:05 | INFO     | Saving at a/skeb/kmm_mfmf-b67249.json
2026-09-26 14:39:06 | INFO     | OK https://skeb.jp/api/users/hiryuukanon
2026-09-26 14:39:06 | INFO     | Saving at a/skeb/hiryuukanon-e8ab7c.json
2026-09-26 14:39:07 | INFO     | OK https://skeb.jp/api/users/QooR0n
2026-09-26 14:39:07 | INFO     | Saving at a/skeb/QooR0n-87a9f0.json
2026-09-26 14:39:08 | INFO     | OK https://skeb.jp/api/users/nerikiri6
2026-09-26 14:39:08 | INFO     | Saving at a/skeb/nerikiri6-15341c.json
2026-09-26 14:39:09 | INFO     | OK https://skeb.jp/api/users/FiveseveN
2026-09-26 14:39:09 | INFO     | Saving at a/skeb/FiveseveN-775230.json
2026-09-26 14:39:10 | INFO     | OK https://skeb.jp/api/users/PPPizza_Kiddd
2026-09-26 14:39:10 | INFO     | Saving at a/skeb/PPPizza_Kiddd-934a3e.json
2026-09-26 14:39:11 | INFO     | OK https://skeb.jp/api/users/wankororin_0920
2026-09-26 14:39:11 | INFO     | Saving at a/skeb/wankororin_0920-bda77c.json
2026-09-26 14:39:12 | INFO     | OK https://skeb.jp/api/users/pen_117
2026-09-26 14:39:12 | INFO     | Saving at a/skeb/pen_117-fa4c28.json
2026-09-26 14:39:13 | INFO     | OK https://skeb.jp/api/users/su3ka_
2026-09-26 14:39:13 | INFO     | Saving at a/skeb/su3ka_-676396.json
2026-09-26 14:39:14 | INFO     | OK https://skeb.jp/api/users/merunmohu
2026-09-26 14:39:14 | INFO     | Saving at a/skeb/merunmohu-b29ffe.json
2026-09-26 14:39:15 | INFO     | OK https://skeb.jp/api/users/tukimi293_trpg
2026-09-26 14:39:15 | INFO     | Saving at a/skeb/tukimi293_trpg-a311b4.json
2026-09-26 14:39:16 | INFO     | OK https://skeb.jp/api/users/pla0net5lai8ka
2026-09-26 14:39:16 | INFO     | Saving at a/skeb/pla0net5lai8ka-62bc7f.json
2026-09-26 14:39:17 | INFO     | OK https://skeb.jp/api/users/shiragiku_46939
2026-09-26 14:39:17 | INFO     | Saving at a/skeb/shiragiku_46939-828d69.json
2026-09-26 14:39:18 | INFO     | OK https://skeb.jp/api/users/FANTASYNOMU
2026-09-26 14:39:18 | INFO     | Saving at a/skeb/FANTASYNOMU-13f1b1.json
2026-09-26 14:39:19 | INFO     | OK https://skeb.jp/api/users/castro__503
2026-09-26 14:39:19 | INFO     | Saving at a/skeb/castro__503-7f4646.json
2026-09-26 14:39:20 | INFO     | OK https://skeb.jp/api/users/ilolikoiko
2026-09-26 14:39:20 | INFO     | Saving at a/skeb/ilolikoiko-b2f08c.json
2026-09-26 14:39:21 | INFO     | OK https://skeb.jp/api/users/suttoko_mgmg
2026-09-26 14:39:21 | INFO     | Saving at a/skeb/suttoko_mgmg-a3f541.json
2026-09-26 14:39:22 | INFO     | OK https://skeb.jp/api/users/kuronecororo
2026-09-26 14:39:22 | INFO     | Saving at a/skeb/kuronecororo-f5aef0.json
2026-09-26 14:39:23 | INFO     | OK https://skeb.jp/api/users/samunosabuaka
2026-09-26 14:39:23 | INFO     | Saving at a/skeb/samunosabuaka-0d6e37.json
2026-09-26 14:39:24 | INFO     | OK https://skeb.jp/api/users/tairakuten
2026-09-26 14:39:24 | INFO     | Saving at a/skeb/tairakuten-0ccc49.json
2026-09-26 14:39:25 | INFO     | OK https://skeb.jp/api/users/endroll00
2026-09-26 14:39:25 | INFO     | Saving at a/skeb/endroll00-1989a3.json
2026-09-26 14:39:26 | INFO     | OK https://skeb.jp/api/users/mimiss_33
2026-09-26 14:39:26 | INFO     | Saving at a/skeb/mimiss_33-6013cc.json
2026-09-26 14:39:27 | INFO     | OK https://skeb.jp/api/users/nekomori_dako
2026-09-26 14:39:27 | INFO     | Saving at a/skeb/nekomori_dako-64df5b.json
2026-09-26 14:39:28 | INFO     | OK https://skeb.jp/api/users/sasasasatouuu
2026-09-26 14:39:28 | INFO     | Saving at a/skeb/sasasasatouuu-119e84.json
2026-09-26 14:39:29 | INFO     | OK https://skeb.jp/api/users/1li_ko
2026-09-26 14:39:29 | INFO     | Saving at a/skeb/1li_ko-60f92e.json
2026-09-26 14:39:30 | INFO     | OK https://skeb.jp/api/users/CBkomaru
2026-09-26 14:39:30 | INFO     | Saving at a/skeb/CBkomaru-469906.json
2026-09-26 14:39:31 | INFO     | OK https://skeb.jp/api/users/Galaxy_ito
2026-09-26 14:39:31 | INFO     | Saving at a/skeb/Galaxy_ito-841d1e.json
2026-09-26 14:39:32 | INFO     | OK https://skeb.jp/api/users/Liilo
2026-09-26 14:39:32 | INFO     | Saving at a/skeb/Liilo-fdce60.json
2026-09-26 14:39:33 | INFO     | OK https://skeb.jp/api/users/namohonami
2026-09-26 14:39:33 | INFO     | Saving at a/skeb/namohonami-f969e9.json
2026-09-26 14:39:34 | INFO     | OK https://skeb.jp/api/users/s_9n4
2026-09-26 14:39:34 | INFO     | Saving at a/skeb/s_9n4-8a9490.json
2026-09-26 14:39:35 | INFO     | OK https://skeb.jp/api/users/gx9THqXoF369Eys
2026-09-26 14:39:35 | INFO     | Saving at a/skeb/gx9THqXoF369Eys-89dbf8.json
2026-09-26 14:39:36 | INFO     | OK https://skeb.jp/api/users/mam1ya_7mi
2026-09-26 14:39:36 | INFO     | Saving at a/skeb/mam1ya_7mi-194a9a.json
2026-09-26 14:39:37 | INFO     | OK https://skeb.jp/api/users/kufuku006
2026-09-26 14:39:37 | INFO     | Saving at a/skeb/kufuku006-bded5e.json
2026-09-26 14:39:38 | INFO     | OK https://skeb.jp/api/users/369rim
2026-09-26 14:39:38 | INFO     | Saving at a/skeb/369rim-5f4753.json
2026-09-26 14:39:39 | INFO     | OK https://skeb.jp/api/users/komai_1111
2026-09-26 14:39:39 | INFO     | Saving at a/skeb/komai_1111-3e7916.json
2026-09-26 14:39:40 | INFO     | OK https://skeb.jp/api/users/masumasu120444
2026-09-26 14:39:40 | INFO     | Saving at a/skeb/masumasu120444-f71f6e.json
2026-09-26 14:39:41 | INFO     | OK https://skeb.jp/api/users/megumin_pwpr
2026-09-26 14:39:41 | INFO     | Saving at a/skeb/megumin_pwpr-8b12f5.json
2026-09-26 14:39:42 | INFO     | OK https://skeb.jp/api/users/floating_atsumi
2026-09-26 14:39:42 | INFO     | Saving at a/skeb/floating_atsumi-bc3ad4.json
2026-09-26 14:39:43 | INFO     | OK https://skeb.jp/api/users/Akamimi_P
2026-09-26 14:39:43 | INFO     | Saving at a/skeb/Akamimi_P-fbb00b.json
2026-09-26 14:39:44 | INFO     | OK https://skeb.jp/api/users/10kome_
2026-09-26 14:39:44 | INFO     | Saving at a/skeb/10kome_-f64db4.json
2026-09-26 14:39:45 | INFO     | OK https://skeb.jp/api/users/gizagizawing
2026-09-26 14:39:45 | INFO     | Saving at a/skeb/gizagizawing-6fd72a.json
2026-09-26 14:39:46 | INFO     | OK https://skeb.jp/api/users/mr_sub666
2026-09-26 14:39:46 | INFO     | Saving at a/skeb/mr_sub666-8a09ec.json
2026-09-26 14:39:47 | INFO     | OK https://skeb.jp/api/users/siro_chromium
2026-09-26 14:39:47 | INFO     | Saving at a/skeb/siro_chromium-d6eacc.json
2026-09-26 14:39:48 | INFO     | OK https://skeb.jp/api/users/oooomuretu00
2026-09-26 14:39:48 | INFO     | Saving at a/skeb/oooomuretu00-9715a2.json
2026-09-26 14:39:49 | INFO     | OK https://skeb.jp/api/users/momo_meganeais
2026-09-26 14:39:49 | INFO     | Saving at a/skeb/momo_meganeais-474d78.json
2026-09-26 14:39:50 | INFO     | OK https://skeb.jp/api/users/M_Y_B_S__x
2026-09-26 14:39:50 | INFO     | Saving at a/skeb/M_Y_B_S__x-688ec9.json
2026-09-26 14:39:51 | INFO     | OK https://skeb.jp/api/users/lx_03v
2026-09-26 14:39:51 | INFO     | Saving at a/skeb/lx_03v-71f7c0.json
2026-09-26 14:39:52 | INFO     | OK https://skeb.jp/api/users/hokka_130
2026-09-26 14:39:52 | INFO     | Saving at a/skeb/hokka_130-15be73.json
2026-09-26 14:39:53 | INFO     | OK https://skeb.jp/api/users/omuwith0
2026-09-26 14:39:53 | INFO     | Saving at a/skeb/omuwith0-381d2f.json
2026-09-26 14:39:54 | INFO     | OK https://skeb.jp/api/users/zimetu__
2026-09-26 14:39:54 | INFO     | Saving at a/skeb/zimetu__-63acdb.json
2026-09-26 14:39:55 | INFO     | OK https://skeb.jp/api/users/tkimnh
2026-09-26 14:39:55 | INFO     | Saving at a/skeb/tkimnh-2ae3f3.json
2026-09-26 14:39:56 | INFO     | OK https://skeb.jp/api/users/necone___co
2026-09-26 14:39:56 | INFO     | Saving at a/skeb/necone___co-6fff98.json
2026-09-26 14:39:57 | INFO     | OK https://skeb.jp/api/users/Udon_Dasichao
2026-09-26 14:39:57 | INFO     | Saving at a/skeb/Udon_Dasichao-c28c43.json
2026-09-26 14:39:58 | INFO     | OK https://skeb.jp/api/users/kyokounohit0
2026-09-26 14:39:58 | INFO     | Saving at a/skeb/kyokounohit0-154bce.json
2026-09-26 14:39:59 | INFO     | OK https://skeb.jp/api/users/shubu319hiyoko
2026-09-26 14:39:59 | INFO     | Saving at a/skeb/shubu319hiyoko-c724ca.json
2026-09-26 14:40:00 | INFO     | OK https://skeb.jp/api/users/coupling_maker
2026-09-26 14:40:00 | INFO     | Saving at a/skeb/coupling_maker-f949c5.json
2026-09-26 14:40:01 | INFO     | OK https://skeb.jp/api/users/29dirushi
2026-09-26 14:40:01 | INFO     | Saving at a/skeb/29dirushi-5e1e0e.json
2026-09-26 14:40:02 | INFO     | OK https://skeb.jp/api/users/Mwah_chan
2026-09-26 14:40:02 | INFO     | Saving at a/skeb/Mwah_chan-87b6ea.json
2026-09-26 14:40:03 | INFO     | OK https://skeb.jp/api/users/yo_ya_vrc7878
2026-09-26 14:40:03 | INFO     | Saving at a/skeb/yo_ya_vrc7878-1e28fb.json
2026-09-26 14:40:04 | INFO     | OK https://skeb.jp/api/users/gamibueeee
2026-09-26 14:40:04 | INFO     | Saving at a/skeb/gamibueeee-757200.json
2026-09-26 14:40:05 | INFO     | OK https://skeb.jp/api/users/shi__ba_1
2026-09-26 14:40:05 | INFO     | Saving at a/skeb/shi__ba_1-f62100.json
2026-09-26 14:40:06 | INFO     | OK https://skeb.jp/api/users/qJHSdwVNXvBBGxL
2026-09-26 14:40:06 | INFO     | Saving at a/skeb/qJHSdwVNXvBBGxL-004571.json
2026-09-26 14:40:07 | INFO     | OK https://skeb.jp/api/users/tamamo_ozen
2026-09-26 14:40:07 | INFO     | Saving at a/skeb/tamamo_ozen-595ef8.json
2026-09-26 14:40:08 | INFO     | OK https://skeb.jp/api/users/Caterpip
2026-09-26 14:40:08 | INFO     | Saving at a/skeb/Caterpip-f1d6de.json
2026-09-26 14:40:09 | INFO     | OK https://skeb.jp/api/users/nyanrin02
2026-09-26 14:40:09 | INFO     | Saving at a/skeb/nyanrin02-d772a7.json
2026-09-26 14:40:10 | INFO     | OK https://skeb.jp/api/users/ichibokun
2026-09-26 14:40:10 | INFO     | Saving at a/skeb/ichibokun-c1fb55.json
2026-09-26 14:40:11 | INFO     | OK https://skeb.jp/api/users/bikkuri977
2026-09-26 14:40:11 | INFO     | Saving at a/skeb/bikkuri977-a372f4.json
2026-09-26 14:40:12 | INFO     | OK https://skeb.jp/api/users/yashuring2
2026-09-26 14:40:12 | INFO     | Saving at a/skeb/yashuring2-8d617b.json
2026-09-26 14:40:13 | INFO     | OK https://skeb.jp/api/users/slnx_01
2026-09-26 14:40:13 | INFO     | Saving at a/skeb/slnx_01-75fb9d.json
2026-09-26 14:40:14 | INFO     | OK https://skeb.jp/api/users/n__10an
2026-09-26 14:40:14 | INFO     | Saving at a/skeb/n__10an-b147f1.json
2026-09-26 14:40:15 | INFO     | OK https://skeb.jp/api/users/agmmui
2026-09-26 14:40:15 | INFO     | Saving at a/skeb/agmmui-13da54.json
2026-09-26 14:40:16 | INFO     | OK https://skeb.jp/api/users/Whybe123
2026-09-26 14:40:16 | INFO     | Saving at a/skeb/Whybe123-7c4da2.json
2026-09-26 14:40:17 | INFO     | OK https://skeb.jp/api/users/s_mfp
2026-09-26 14:40:17 | INFO     | Saving at a/skeb/s_mfp-37b81d.json
2026-09-26 14:40:18 | INFO     | OK https://skeb.jp/api/users/kireisann_Gi
2026-09-26 14:40:18 | INFO     | Saving at a/skeb/kireisann_Gi-6fbe75.json
2026-09-26 14:40:19 | INFO     | OK https://skeb.jp/api/users/PbVh6j
2026-09-26 14:40:19 | INFO     | Saving at a/skeb/PbVh6j-edb607.json
2026-09-26 14:40:20 | INFO     | OK https://skeb.jp/api/users/fng1972
2026-09-26 14:40:20 | INFO     | Saving at a/skeb/fng1972-e6ac06.json
2026-09-26 14:40:21 | INFO     | OK https://skeb.jp/api/users/casu4l_kira
2026-09-26 14:40:21 | INFO     | Saving at a/skeb/casu4l_kira-09b00b.json
2026-09-26 14:40:22 | INFO     | OK https://skeb.jp/api/users/Mekari_Guneru
2026-09-26 14:40:22 | INFO     | Saving at a/skeb/Mekari_Guneru-28603e.json
2026-09-26 14:40:23 | INFO     | OK https://skeb.jp/api/users/femto
2026-09-26 14:40:23 | INFO     | Saving at a/skeb/femto-de06ed.json
2026-09-26 14:40:24 | INFO     | OK https://skeb.jp/api/users/mokeosushi
2026-09-26 14:40:24 | INFO     | Saving at a/skeb/mokeosushi-58adaa.json
2026-09-26 14:40:25 | INFO     | OK https://skeb.jp/api/users/ret5uzy0hana
2026-09-26 14:40:25 | INFO     | Saving at a/skeb/ret5uzy0hana-495286.json
2026-09-26 14:40:26 | INFO     | OK https://skeb.jp/api/users/ofgwr
2026-09-26 14:40:26 | INFO     | Saving at a/skeb/ofgwr-d6f8e7.json
2026-09-26 14:40:27 | INFO     | OK https://skeb.jp/api/users/syunktyusa
2026-09-26 14:40:27 | INFO     | Saving at a/skeb/syunktyusa-87cbf4.json
2026-09-26 14:40:28 | INFO     | OK https://skeb.jp/api/users/yoshidan
2026-09-26 14:40:28 | INFO     | Saving at a/skeb/yoshidan-c21739.json
2026-09-26 14:40:29 | INFO     | OK https://skeb.jp/api/users/__nrs_7
2026-09-26 14:40:29 | INFO     | Saving at a/skeb/__nrs_7-3be5d2.json
2026-09-26 14:40:30 | INFO     | OK https://skeb.jp/api/users/sr_9_d
2026-09-26 14:40:30 | INFO     | Saving at a/skeb/sr_9_d-0961ee.json
2026-09-26 14:40:31 | INFO     | OK https://skeb.jp/api/users/popotowari
2026-09-26 14:40:31 | INFO     | Saving at a/skeb/popotowari-5e029a.json
2026-09-26 14:40:32 | INFO     | OK https://skeb.jp/api/users/201502s
2026-09-26 14:40:32 | INFO     | Saving at a/skeb/201502s-b847c9.json
2026-09-26 14:40:33 | INFO     | OK https://skeb.jp/api/users/fura3__
2026-09-26 14:40:33 | INFO     | Saving at a/skeb/fura3__-c8aa48.json
2026-09-26 14:40:34 | INFO     | OK https://skeb.jp/api/users/nanohana_Maple
2026-09-26 14:40:34 | INFO     | Saving at a/skeb/nanohana_Maple-935656.json
2026-09-26 14:40:35 | INFO     | OK https://skeb.jp/api/users/makeyosi_wt
2026-09-26 14:40:35 | INFO     | Saving at a/skeb/makeyosi_wt-8b8abf.json
2026-09-26 14:40:36 | INFO     | OK https://skeb.jp/api/users/tmttkmk
2026-09-26 14:40:36 | INFO     | Saving at a/skeb/tmttkmk-e39071.json
2026-09-26 14:40:37 | INFO     | OK https://skeb.jp/api/users/Loulis0115
2026-09-26 14:40:37 | INFO     | Saving at a/skeb/Loulis0115-4c7ebd.json
2026-09-26 14:40:38 | INFO     | OK https://skeb.jp/api/users/uwa7oe
2026-09-26 14:40:38 | INFO     | Saving at a/skeb/uwa7oe-90eed4.json
2026-09-26 14:40:39 | INFO     | OK https://skeb.jp/api/users/akeryuunew
2026-09-26 14:40:39 | INFO     | Saving at a/skeb/akeryuunew-905ab3.json
2026-09-26 14:40:40 | INFO     | OK https://skeb.jp/api/users/rebasuto102702
2026-09-26 14:40:40 | INFO     | Saving at a/skeb/rebasuto102702-5f425b.json
2026-09-26 14:40:41 | INFO     | OK https://skeb.jp/api/users/kirinagi_ty
2026-09-26 14:40:41 | INFO     | Saving at a/skeb/kirinagi_ty-990ee1.json
2026-09-26 14:40:42 | INFO     | OK https://skeb.jp/api/users/superganglion
2026-09-26 14:40:42 | INFO     | Saving at a/skeb/superganglion-432107.json
2026-09-26 14:40:43 | INFO     | OK https://skeb.jp/api/users/tankaku__
2026-09-26 14:40:43 | INFO     | Saving at a/skeb/tankaku__-48b73c.json
2026-09-26 14:40:44 | INFO     | OK https://skeb.jp/api/users/motaki_taki
2026-09-26 14:40:44 | INFO     | Saving at a/skeb/motaki_taki-59cdc4.json
2026-09-26 14:40:45 | INFO     | OK https://skeb.jp/api/users/omu_mahiru
2026-09-26 14:40:45 | INFO     | Saving at a/skeb/omu_mahiru-9622b2.json
2026-09-26 14:40:46 | INFO     | OK https://skeb.jp/api/users/PocaTezcatli
2026-09-26 14:40:46 | INFO     | Saving at a/skeb/PocaTezcatli-e3fe4c.json
2026-09-26 14:40:47 | INFO     | OK https://skeb.jp/api/users/kmtb39
2026-09-26 14:40:47 | INFO     | Saving at a/skeb/kmtb39-983cde.json
2026-09-26 14:40:48 | INFO     | OK https://skeb.jp/api/users/sakagami111111
2026-09-26 14:40:48 | INFO     | Saving at a/skeb/sakagami111111-2a9250.json
2026-09-26 14:40:49 | INFO     | OK https://skeb.jp/api/users/senritsu_ll
2026-09-26 14:40:49 | INFO     | Saving at a/skeb/senritsu_ll-ca3706.json
2026-09-26 14:40:50 | INFO     | OK https://skeb.jp/api/users/chimi_benizika
2026-09-26 14:40:50 | INFO     | Saving at a/skeb/chimi_benizika-352f0b.json
2026-09-26 14:40:51 | INFO     | OK https://skeb.jp/api/users/shii595
2026-09-26 14:40:51 | INFO     | Saving at a/skeb/shii595-986a08.json
2026-09-26 14:40:52 | INFO     | OK https://skeb.jp/api/users/lenvals9
2026-09-26 14:40:52 | INFO     | Saving at a/skeb/lenvals9-f72da4.json
2026-09-26 14:40:53 | INFO     | OK https://skeb.jp/api/users/daisyhughg
2026-09-26 14:40:53 | INFO     | Saving at a/skeb/daisyhughg-7169a7.json
2026-09-26 14:40:54 | INFO     | OK https://skeb.jp/api/users/a16850155
2026-09-26 14:40:54 | INFO     | Saving at a/skeb/a16850155-127ffa.json
2026-09-26 14:40:55 | INFO     | OK https://skeb.jp/api/users/Kugu02
2026-09-26 14:40:55 | INFO     | Saving at a/skeb/Kugu02-9b3a2c.json
2026-09-26 14:40:56 | INFO     | OK https://skeb.jp/api/users/n3giwa
2026-09-26 14:40:56 | INFO     | Saving at a/skeb/n3giwa-1e986a.json
2026-09-26 14:40:57 | INFO     | OK https://skeb.jp/api/users/NyoraOshiume18B
2026-09-26 14:40:57 | INFO     | Saving at a/skeb/NyoraOshiume18B-188079.json
2026-09-26 14:40:58 | INFO     | OK https://skeb.jp/api/users/Saku2sabure
2026-09-26 14:40:58 | INFO     | Saving at a/skeb/Saku2sabure-0a93c9.json
2026-09-26 14:40:59 | INFO     | OK https://skeb.jp/api/users/o_s_sinrin
2026-09-26 14:40:59 | INFO     | Saving at a/skeb/o_s_sinrin-f54415.json
2026-09-26 14:41:00 | INFO     | OK https://skeb.jp/api/users/komatsuu123
2026-09-26 14:41:00 | INFO     | Saving at a/skeb/komatsuu123-9e772f.json
2026-09-26 14:41:01 | INFO     | OK https://skeb.jp/api/users/ingi_r0303
2026-09-26 14:41:01 | INFO     | Saving at a/skeb/ingi_r0303-f656f8.json
2026-09-26 14:41:02 | INFO     | OK https://skeb.jp/api/users/af_lqc_
2026-09-26 14:41:02 | INFO     | Saving at a/skeb/af_lqc_-7d78a0.json
2026-09-26 14:41:03 | INFO     | OK https://skeb.jp/api/users/Iudn_
2026-09-26 14:41:03 | INFO     | Saving at a/skeb/Iudn_-9e5cde.json
2026-09-26 14:41:04 | INFO     | OK https://skeb.jp/api/users/moffmal
2026-09-26 14:41:04 | INFO     | Saving at a/skeb/moffmal-2c98a5.json
2026-09-26 14:41:05 | INFO     | OK https://skeb.jp/api/users/mothitarOO
2026-09-26 14:41:05 | INFO     | Saving at a/skeb/mothitarOO-ae2561.json
2026-09-26 14:41:06 | INFO     | OK https://skeb.jp/api/users/Sicklycute83
2026-09-26 14:41:06 | INFO     | Saving at a/skeb/Sicklycute83-9d180a.json
2026-09-26 14:41:07 | INFO     | OK https://skeb.jp/api/users/Nmkz_21
2026-09-26 14:41:07 | INFO     | Saving at a/skeb/Nmkz_21-eadc7b.json
2026-09-26 14:41:08 | INFO     | OK https://skeb.jp/api/users/yukiarashi_1103
2026-09-26 14:41:08 | INFO     | Saving at a/skeb/yukiarashi_1103-812c16.json
2026-09-26 14:41:09 | INFO     | OK https://skeb.jp/api/users/s3cr
2026-09-26 14:41:09 | INFO     | Saving at a/skeb/s3cr-67185e.json
2026-09-26 14:41:10 | INFO     | OK https://skeb.jp/api/users/i_t_05_12
2026-09-26 14:41:10 | INFO     | Saving at a/skeb/i_t_05_12-b8ee20.json
2026-09-26 14:41:11 | INFO     | OK https://skeb.jp/api/users/m10_po3
2026-09-26 14:41:11 | INFO     | Saving at a/skeb/m10_po3-81c4e4.json
2026-09-26 14:41:12 | INFO     | OK https://skeb.jp/api/users/yokomenimiru
2026-09-26 14:41:12 | INFO     | Saving at a/skeb/yokomenimiru-6d71cd.json
2026-09-26 14:41:13 | INFO     | OK https://skeb.jp/api/users/junko_inusub
2026-09-26 14:41:13 | INFO     | Saving at a/skeb/junko_inusub-03be29.json
2026-09-26 14:41:14 | INFO     | OK https://skeb.jp/api/users/anagumasan_
2026-09-26 14:41:14 | INFO     | Saving at a/skeb/anagumasan_-2249b2.json
2026-09-26 14:41:15 | INFO     | OK https://skeb.jp/api/users/esica_esica
2026-09-26 14:41:15 | INFO     | Saving at a/skeb/esica_esica-5c004b.json
2026-09-26 14:41:16 | INFO     | OK https://skeb.jp/api/users/pukukemo_live
2026-09-26 14:41:16 | INFO     | Saving at a/skeb/pukukemo_live-34b76a.json
2026-09-26 14:41:17 | INFO     | OK https://skeb.jp/api/users/waremono_419
2026-09-26 14:41:17 | INFO     | Saving at a/skeb/waremono_419-43c2ab.json
2026-09-26 14:41:18 | INFO     | OK https://skeb.jp/api/users/Shi_0_8
2026-09-26 14:41:18 | INFO     | Saving at a/skeb/Shi_0_8-7910e4.json
2026-09-26 14:41:19 | INFO     | OK https://skeb.jp/api/users/oisiiidoo
2026-09-26 14:41:19 | INFO     | Saving at a/skeb/oisiiidoo-454374.json
2026-09-26 14:41:20 | INFO     | OK https://skeb.jp/api/users/Pompupurim
2026-09-26 14:41:20 | INFO     | Saving at a/skeb/Pompupurim-8a52dc.json
2026-09-26 14:41:21 | INFO     | OK https://skeb.jp/api/users/muku_ten1215
2026-09-26 14:41:21 | INFO     | Saving at a/skeb/muku_ten1215-5c66bd.json
2026-09-26 14:41:22 | INFO     | OK https://skeb.jp/api/users/Sky_sugarglider
2026-09-26 14:41:22 | INFO     | Saving at a/skeb/Sky_sugarglider-f6f25f.json
2026-09-26 14:41:23 | INFO     | OK https://skeb.jp/api/users/amon_613
2026-09-26 14:41:23 | INFO     | Saving at a/skeb/amon_613-39b84f.json
2026-09-26 14:41:24 | INFO     | OK https://skeb.jp/api/users/555oo000
2026-09-26 14:41:24 | INFO     | Saving at a/skeb/555oo000-610c89.json
2026-09-26 14:41:25 | INFO     | OK https://skeb.jp/api/users/psycho6kk
2026-09-26 14:41:25 | INFO     | Saving at a/skeb/psycho6kk-7cb1a8.json
2026-09-26 14:41:26 | INFO     | OK https://skeb.jp/api/users/hosi_huru_yoru2
2026-09-26 14:41:26 | INFO     | Saving at a/skeb/hosi_huru_yoru2-4fc05d.json
2026-09-26 14:41:27 | INFO     | OK https://skeb.jp/api/users/kusi_tanisi0904
2026-09-26 14:41:27 | INFO     | Saving at a/skeb/kusi_tanisi0904-b48980.json
2026-09-26 14:41:28 | INFO     | OK https://skeb.jp/api/users/yako__kay
2026-09-26 14:41:28 | INFO     | Saving at a/skeb/yako__kay-377efd.json
2026-09-26 14:41:29 | INFO     | OK https://skeb.jp/api/users/iroma0sabu
2026-09-26 14:41:29 | INFO     | Saving at a/skeb/iroma0sabu-0fc352.json
2026-09-26 14:41:30 | INFO     | OK https://skeb.jp/api/users/sh1r0sh1su
2026-09-26 14:41:30 | INFO     | Saving at a/skeb/sh1r0sh1su-6c1acb.json
2026-09-26 14:41:31 | INFO     | OK https://skeb.jp/api/users/funi22believer
2026-09-26 14:41:31 | INFO     | Saving at a/skeb/funi22believer-498033.json
2026-09-26 14:41:32 | INFO     | OK https://skeb.jp/api/users/Naju0517
2026-09-26 14:41:32 | INFO     | Saving at a/skeb/Naju0517-9b0022.json
2026-09-26 14:41:33 | INFO     | OK https://skeb.jp/api/users/bukitikikaku
2026-09-26 14:41:33 | INFO     | Saving at a/skeb/bukitikikaku-75b367.json
2026-09-26 14:41:34 | INFO     | OK https://skeb.jp/api/users/h_n_k_u
2026-09-26 14:41:34 | INFO     | Saving at a/skeb/h_n_k_u-4e35ca.json
2026-09-26 14:41:35 | INFO     | OK https://skeb.jp/api/users/uni_tal
2026-09-26 14:41:35 | INFO     | Saving at a/skeb/uni_tal-bb108e.json
2026-09-26 14:41:36 | INFO     | OK https://skeb.jp/api/users/mikoko1
2026-09-26 14:41:36 | INFO     | Saving at a/skeb/mikoko1-b8f3ec.json
2026-09-26 14:41:37 | INFO     | OK https://skeb.jp/api/users/rkw247_
2026-09-26 14:41:37 | INFO     | Saving at a/skeb/rkw247_-9fafda.json
2026-09-26 14:41:38 | INFO     | OK https://skeb.jp/api/users/kururu_na96
2026-09-26 14:41:38 | INFO     | Saving at a/skeb/kururu_na96-d6a9da.json
2026-09-26 14:41:39 | INFO     | OK https://skeb.jp/api/users/maroronegi
2026-09-26 14:41:39 | INFO     | Saving at a/skeb/maroronegi-603329.json
2026-09-26 14:41:40 | INFO     | OK https://skeb.jp/api/users/Lota_SAN
2026-09-26 14:41:40 | INFO     | Saving at a/skeb/Lota_SAN-68b43b.json
2026-09-26 14:41:41 | INFO     | OK https://skeb.jp/api/users/uma_no_suke
2026-09-26 14:41:41 | INFO     | Saving at a/skeb/uma_no_suke-e40227.json
2026-09-26 14:41:42 | INFO     | OK https://skeb.jp/api/users/1wan1_
2026-09-26 14:41:42 | INFO     | Saving at a/skeb/1wan1_-8b0346.json
2026-09-26 14:41:43 | INFO     | OK https://skeb.jp/api/users/0mkky0
2026-09-26 14:41:43 | INFO     | Saving at a/skeb/0mkky0-a35391.json
2026-09-26 14:41:44 | INFO     | OK https://skeb.jp/api/users/yamakazema
2026-09-26 14:41:44 | INFO     | Saving at a/skeb/yamakazema-b17a1e.json
2026-09-26 14:41:45 | INFO     | OK https://skeb.jp/api/users/mika3sub
2026-09-26 14:41:45 | INFO     | Saving at a/skeb/mika3sub-26931b.json
2026-09-26 14:41:46 | INFO     | OK https://skeb.jp/api/users/toymark_jp
2026-09-26 14:41:46 | INFO     | Saving at a/skeb/toymark_jp-76f5cd.json
2026-09-26 14:41:47 | INFO     | OK https://skeb.jp/api/users/c_thise
2026-09-26 14:41:47 | INFO     | Saving at a/skeb/c_thise-fc5188.json
2026-09-26 14:41:48 | INFO     | OK https://skeb.jp/api/users/ippanjin_pan
2026-09-26 14:41:48 | INFO     | Saving at a/skeb/ippanjin_pan-bdc6eb.json
2026-09-26 14:41:49 | INFO     | OK https://skeb.jp/api/users/quxf_
2026-09-26 14:41:49 | INFO     | Saving at a/skeb/quxf_-98e2a7.json
2026-09-26 14:41:50 | INFO     | OK https://skeb.jp/api/users/ssb1655
2026-09-26 14:41:50 | INFO     | Saving at a/skeb/ssb1655-8f49df.json
2026-09-26 14:41:51 | INFO     | OK https://skeb.jp/api/users/en_4el
2026-09-26 14:41:51 | INFO     | Saving at a/skeb/en_4el-53d7c3.json
2026-09-26 14:41:52 | INFO     | OK https://skeb.jp/api/users/akatubotan
2026-09-26 14:41:52 | INFO     | Saving at a/skeb/akatubotan-c45883.json
2026-09-26 14:41:53 | INFO     | OK https://skeb.jp/api/users/sword_of_nmkr
2026-09-26 14:41:53 | INFO     | Saving at a/skeb/sword_of_nmkr-dab6b8.json
2026-09-26 14:41:54 | INFO     | OK https://skeb.jp/api/users/morishiey
2026-09-26 14:41:54 | INFO     | Saving at a/skeb/morishiey-4b851b.json
2026-09-26 14:41:55 | INFO     | OK https://skeb.jp/api/users/NiNJYASi
2026-09-26 14:41:55 | INFO     | Saving at a/skeb/NiNJYASi-aaf92f.json
2026-09-26 14:41:56 | INFO     | OK https://skeb.jp/api/users/essay_sasami333
2026-09-26 14:41:56 | INFO     | Saving at a/skeb/essay_sasami333-dc8540.json
2026-09-26 14:41:57 | INFO     | OK https://skeb.jp/api/users/shirukokko
2026-09-26 14:41:57 | INFO     | Saving at a/skeb/shirukokko-f125b0.json
2026-09-26 14:41:58 | INFO     | OK https://skeb.jp/api/users/minillkoya
2026-09-26 14:41:58 | INFO     | Saving at a/skeb/minillkoya-08426f.json
2026-09-26 14:41:59 | INFO     | OK https://skeb.jp/api/users/Notyorugata
2026-09-26 14:41:59 | INFO     | Saving at a/skeb/Notyorugata-aa8553.json
2026-09-26 14:42:00 | INFO     | OK https://skeb.jp/api/users/mubiuina
2026-09-26 14:42:00 | INFO     | Saving at a/skeb/mubiuina-740744.json
2026-09-26 14:42:01 | INFO     | OK https://skeb.jp/api/users/ef_20200211
2026-09-26 14:42:01 | INFO     | Saving at a/skeb/ef_20200211-9e83f7.json
2026-09-26 14:42:02 | INFO     | OK https://skeb.jp/api/users/tgtmeni
2026-09-26 14:42:02 | INFO     | Saving at a/skeb/tgtmeni-e1bf95.json
2026-09-26 14:42:03 | INFO     | OK https://skeb.jp/api/users/hiziri_
2026-09-26 14:42:03 | INFO     | Saving at a/skeb/hiziri_-cefae4.json
2026-09-26 14:42:04 | INFO     | OK https://skeb.jp/api/users/yuuzma53
2026-09-26 14:42:04 | INFO     | Saving at a/skeb/yuuzma53-3e2d67.json
2026-09-26 14:42:05 | INFO     | OK https://skeb.jp/api/users/labretori
2026-09-26 14:42:05 | INFO     | Saving at a/skeb/labretori-c54046.json
2026-09-26 14:42:06 | INFO     | OK https://skeb.jp/api/users/KotoriMuro770
2026-09-26 14:42:06 | INFO     | Saving at a/skeb/KotoriMuro770-f18844.json
2026-09-26 14:42:07 | INFO     | OK https://skeb.jp/api/users/91d4_00
2026-09-26 14:42:07 | INFO     | Saving at a/skeb/91d4_00-6cbf8b.json
2026-09-26 14:42:08 | INFO     | OK https://skeb.jp/api/users/yuzu8ra
2026-09-26 14:42:08 | INFO     | Saving at a/skeb/yuzu8ra-ce033e.json
2026-09-26 14:42:09 | INFO     | OK https://skeb.jp/api/users/nasuno_Posi
2026-09-26 14:42:09 | INFO     | Saving at a/skeb/nasuno_Posi-af7fb0.json
2026-09-26 14:42:10 | INFO     | OK https://skeb.jp/api/users/G3Dr4
2026-09-26 14:42:10 | INFO     | Saving at a/skeb/G3Dr4-4e8240.json
2026-09-26 14:42:11 | INFO     | OK https://skeb.jp/api/users/illust_tuyuko
2026-09-26 14:42:11 | INFO     | Saving at a/skeb/illust_tuyuko-30f12d.json
2026-09-26 14:42:12 | INFO     | OK https://skeb.jp/api/users/motiuma3
2026-09-26 14:42:12 | INFO     | Saving at a/skeb/motiuma3-0a820f.json
2026-09-26 14:42:13 | INFO     | OK https://skeb.jp/api/users/koukoutatetate
2026-09-26 14:42:13 | INFO     | Saving at a/skeb/koukoutatetate-dc5cdc.json
2026-09-26 14:42:14 | INFO     | OK https://skeb.jp/api/users/GKYB_
2026-09-26 14:42:14 | INFO     | Saving at a/skeb/GKYB_-a9c8c1.json
2026-09-26 14:42:15 | INFO     | OK https://skeb.jp/api/users/shibire_ana
2026-09-26 14:42:15 | INFO     | Saving at a/skeb/shibire_ana-15a219.json
2026-09-26 14:42:16 | INFO     | OK https://skeb.jp/api/users/k0xyu6
2026-09-26 14:42:16 | INFO     | Saving at a/skeb/k0xyu6-f307af.json
2026-09-26 14:42:17 | INFO     | OK https://skeb.jp/api/users/0DI_NA0
2026-09-26 14:42:17 | INFO     | Saving at a/skeb/0DI_NA0-8e05a6.json
2026-09-26 14:42:18 | INFO     | OK https://skeb.jp/api/users/zassyoku_DD
2026-09-26 14:42:18 | INFO     | Saving at a/skeb/zassyoku_DD-ab894b.json
2026-09-26 14:42:19 | INFO     | OK https://skeb.jp/api/users/happly_EvAfteR
2026-09-26 14:42:19 | INFO     | Saving at a/skeb/happly_EvAfteR-db8381.json
2026-09-26 14:42:20 | INFO     | OK https://skeb.jp/api/users/unsr34
2026-09-26 14:42:20 | INFO     | Saving at a/skeb/unsr34-788f8c.json
2026-09-26 14:42:21 | INFO     | OK https://skeb.jp/api/users/Lemonade_Cat_
2026-09-26 14:42:21 | INFO     | Saving at a/skeb/Lemonade_Cat_-b26e21.json
2026-09-26 14:42:22 | INFO     | OK https://skeb.jp/api/users/Mia_Mint0
2026-09-26 14:42:22 | INFO     | Saving at a/skeb/Mia_Mint0-63ff18.json
2026-09-26 14:42:23 | INFO     | OK https://skeb.jp/api/users/karetyauknife
2026-09-26 14:42:23 | INFO     | Saving at a/skeb/karetyauknife-fd4331.json
2026-09-26 14:42:24 | INFO     | OK https://skeb.jp/api/users/una_so_
2026-09-26 14:42:24 | INFO     | Saving at a/skeb/una_so_-5b2dc1.json
2026-09-26 14:42:25 | INFO     | OK https://skeb.jp/api/users/nemumu_tensi_
2026-09-26 14:42:25 | INFO     | Saving at a/skeb/nemumu_tensi_-1e7da2.json
2026-09-26 14:42:26 | INFO     | OK https://skeb.jp/api/users/ao_191229
2026-09-26 14:42:26 | INFO     | Saving at a/skeb/ao_191229-aaf69d.json
2026-09-26 14:42:27 | INFO     | OK https://skeb.jp/api/users/sirogane
2026-09-26 14:42:27 | INFO     | Saving at a/skeb/sirogane-cda08a.json
2026-09-26 14:42:28 | INFO     | OK https://skeb.jp/api/users/oha_gi_s
2026-09-26 14:42:28 | INFO     | Saving at a/skeb/oha_gi_s-bbcf13.json
2026-09-26 14:42:29 | INFO     | OK https://skeb.jp/api/users/_M_0_T_H_
2026-09-26 14:42:29 | INFO     | Saving at a/skeb/_M_0_T_H_-29f631.json
2026-09-26 14:42:30 | INFO     | OK https://skeb.jp/api/users/oyxujx
2026-09-26 14:42:30 | INFO     | Saving at a/skeb/oyxujx-de1b45.json
2026-09-26 14:42:31 | INFO     | OK https://skeb.jp/api/users/90kyuuri
2026-09-26 14:42:31 | INFO     | Saving at a/skeb/90kyuuri-504fe0.json
2026-09-26 14:42:32 | INFO     | OK https://skeb.jp/api/users/kasakasako
2026-09-26 14:42:32 | INFO     | Saving at a/skeb/kasakasako-38e03f.json
2026-09-26 14:42:33 | INFO     | OK https://skeb.jp/api/users/Wasmer_WZ
2026-09-26 14:42:33 | INFO     | Saving at a/skeb/Wasmer_WZ-0c6e73.json
2026-09-26 14:42:34 | INFO     | OK https://skeb.jp/api/users/kaminemu_
2026-09-26 14:42:34 | INFO     | Saving at a/skeb/kaminemu_-a936ca.json
2026-09-26 14:42:35 | INFO     | OK https://skeb.jp/api/users/mrsnanapple
2026-09-26 14:42:35 | INFO     | Saving at a/skeb/mrsnanapple-08e75e.json
2026-09-26 14:42:36 | INFO     | OK https://skeb.jp/api/users/Simahugu284
2026-09-26 14:42:36 | INFO     | Saving at a/skeb/Simahugu284-223314.json
2026-09-26 14:42:37 | INFO     | OK https://skeb.jp/api/users/OuOex
2026-09-26 14:42:37 | INFO     | Saving at a/skeb/OuOex-32e5a6.json
2026-09-26 14:42:38 | INFO     | OK https://skeb.jp/api/users/pokoponpen
2026-09-26 14:42:38 | INFO     | Saving at a/skeb/pokoponpen-0d1563.json
2026-09-26 14:42:39 | INFO     | OK https://skeb.jp/api/users/SoupChanINT32
2026-09-26 14:42:39 | INFO     | Saving at a/skeb/SoupChanINT32-257a4c.json
2026-09-26 14:42:40 | INFO     | OK https://skeb.jp/api/users/huiro_03
2026-09-26 14:42:40 | INFO     | Saving at a/skeb/huiro_03-672a52.json
2026-09-26 14:42:41 | INFO     | OK https://skeb.jp/api/users/kusugurijin
2026-09-26 14:42:41 | INFO     | Saving at a/skeb/kusugurijin-9cf657.json
2026-09-26 14:42:42 | INFO     | OK https://skeb.jp/api/users/mmmO69
2026-09-26 14:42:42 | INFO     | Saving at a/skeb/mmmO69-f535cb.json
2026-09-26 14:42:43 | INFO     | OK https://skeb.jp/api/users/_Oisi_Karaage
2026-09-26 14:42:43 | INFO     | Saving at a/skeb/_Oisi_Karaage-4eea84.json
2026-09-26 14:42:44 | INFO     | OK https://skeb.jp/api/users/uenomigi
2026-09-26 14:42:44 | INFO     | Saving at a/skeb/uenomigi-8cb616.json
2026-09-26 14:42:45 | INFO     | OK https://skeb.jp/api/users/_dkou
2026-09-26 14:42:45 | INFO     | Saving at a/skeb/_dkou-6c3632.json
2026-09-26 14:42:46 | INFO     | OK https://skeb.jp/api/users/oekakiidolneko2
2026-09-26 14:42:46 | INFO     | Saving at a/skeb/oekakiidolneko2-a9c970.json
2026-09-26 14:42:47 | INFO     | OK https://skeb.jp/api/users/0_tsunamayo_0
2026-09-26 14:42:47 | INFO     | Saving at a/skeb/0_tsunamayo_0-802e72.json
2026-09-26 14:42:48 | INFO     | OK https://skeb.jp/api/users/yoshiRAS888
2026-09-26 14:42:48 | INFO     | Saving at a/skeb/yoshiRAS888-6d45ab.json
2026-09-26 14:42:49 | INFO     | OK https://skeb.jp/api/users/urpchandayo
2026-09-26 14:42:49 | INFO     | Saving at a/skeb/urpchandayo-341323.json
2026-09-26 14:42:50 | INFO     | OK https://skeb.jp/api/users/yuzuno_wagiri
2026-09-26 14:42:50 | INFO     | Saving at a/skeb/yuzuno_wagiri-97407e.json
2026-09-26 14:42:51 | INFO     | OK https://skeb.jp/api/users/tomura_amane
2026-09-26 14:42:51 | INFO     | Saving at a/skeb/tomura_amane-61935a.json
2026-09-26 14:42:52 | INFO     | OK https://skeb.jp/api/users/v_revedoll
2026-09-26 14:42:52 | INFO     | Saving at a/skeb/v_revedoll-360e37.json
2026-09-26 14:42:53 | INFO     | OK https://skeb.jp/api/users/Shikenkan_
2026-09-26 14:42:53 | INFO     | Saving at a/skeb/Shikenkan_-70ff70.json
2026-09-26 14:42:54 | INFO     | OK https://skeb.jp/api/users/nankawarota3
2026-09-26 14:42:54 | INFO     | Saving at a/skeb/nankawarota3-2d3a9d.json
2026-09-26 14:42:55 | INFO     | OK https://skeb.jp/api/users/ame_akira00
2026-09-26 14:42:55 | INFO     | Saving at a/skeb/ame_akira00-b7458d.json
2026-09-26 14:42:56 | INFO     | OK https://skeb.jp/api/users/Acid_Snake_YoG
2026-09-26 14:42:56 | INFO     | Saving at a/skeb/Acid_Snake_YoG-e636c1.json
2026-09-26 14:42:57 | INFO     | OK https://skeb.jp/api/users/ha_tak
2026-09-26 14:42:57 | INFO     | Saving at a/skeb/ha_tak-22eb44.json
2026-09-26 14:42:58 | INFO     | OK https://skeb.jp/api/users/cmps_CT
2026-09-26 14:42:58 | INFO     | Saving at a/skeb/cmps_CT-6a330c.json
2026-09-26 14:42:59 | INFO     | OK https://skeb.jp/api/users/softKONKON
2026-09-26 14:42:59 | INFO     | Saving at a/skeb/softKONKON-2fbb98.json
2026-09-26 14:43:00 | INFO     | OK https://skeb.jp/api/users/_mrn_mr
2026-09-26 14:43:00 | INFO     | Saving at a/skeb/_mrn_mr-d87567.json
2026-09-26 14:43:01 | INFO     | OK https://skeb.jp/api/users/iroiro1729
2026-09-26 14:43:01 | INFO     | Saving at a/skeb/iroiro1729-a9dcda.json
2026-09-26 14:43:02 | INFO     | OK https://skeb.jp/api/users/mynameis__K_
2026-09-26 14:43:02 | INFO     | Saving at a/skeb/mynameis__K_-a3735e.json
2026-09-26 14:43:03 | INFO     | OK https://skeb.jp/api/users/Enc_node
2026-09-26 14:43:03 | INFO     | Saving at a/skeb/Enc_node-1ce9d5.json
2026-09-26 14:43:04 | INFO     | OK https://skeb.jp/api/users/hatobe1165
2026-09-26 14:43:04 | INFO     | Saving at a/skeb/hatobe1165-8eb400.json
2026-09-26 14:43:05 | INFO     | OK https://skeb.jp/api/users/grated_radish
2026-09-26 14:43:05 | INFO     | Saving at a/skeb/grated_radish-a74e9a.json
2026-09-26 14:43:06 | INFO     | OK https://skeb.jp/api/users/pupuoyf17
2026-09-26 14:43:06 | INFO     | Saving at a/skeb/pupuoyf17-0a0fb4.json
2026-09-26 14:43:07 | INFO     | OK https://skeb.jp/api/users/uma_sow
2026-09-26 14:43:07 | INFO     | Saving at a/skeb/uma_sow-ba18d7.json
2026-09-26 14:43:08 | INFO     | OK https://skeb.jp/api/users/Matur4aa
2026-09-26 14:43:08 | INFO     | Saving at a/skeb/Matur4aa-3e38ab.json
2026-09-26 14:43:09 | INFO     | OK https://skeb.jp/api/users/_uuu10xox
2026-09-26 14:43:09 | INFO     | Saving at a/skeb/_uuu10xox-9943a7.json
2026-09-26 14:43:10 | INFO     | OK https://skeb.jp/api/users/n____5a
2026-09-26 14:43:10 | INFO     | Saving at a/skeb/n____5a-cc6488.json
2026-09-26 14:43:11 | INFO     | OK https://skeb.jp/api/users/tukiwani
2026-09-26 14:43:11 | INFO     | Saving at a/skeb/tukiwani-59eac5.json
2026-09-26 14:43:12 | INFO     | OK https://skeb.jp/api/users/sae_naiyatsu
2026-09-26 14:43:12 | INFO     | Saving at a/skeb/sae_naiyatsu-d203b0.json
2026-09-26 14:43:13 | INFO     | OK https://skeb.jp/api/users/S_Haraniko
2026-09-26 14:43:13 | INFO     | Saving at a/skeb/S_Haraniko-df89b6.json
2026-09-26 14:43:14 | INFO     | OK https://skeb.jp/api/users/_ro_ru39
2026-09-26 14:43:14 | INFO     | Saving at a/skeb/_ro_ru39-669aac.json
2026-09-26 14:43:15 | INFO     | OK https://skeb.jp/api/users/yushi_artwork
2026-09-26 14:43:15 | INFO     | Saving at a/skeb/yushi_artwork-d55c50.json
2026-09-26 14:43:16 | INFO     | OK https://skeb.jp/api/users/Suiran3927
2026-09-26 14:43:16 | INFO     | Saving at a/skeb/Suiran3927-4543d4.json
2026-09-26 14:43:17 | INFO     | OK https://skeb.jp/api/users/ukyo_rst
2026-09-26 14:43:17 | INFO     | Saving at a/skeb/ukyo_rst-fcd8cf.json
2026-09-26 14:43:18 | INFO     | OK https://skeb.jp/api/users/mobili_p
2026-09-26 14:43:18 | INFO     | Saving at a/skeb/mobili_p-4d9d28.json
2026-09-26 14:43:19 | INFO     | OK https://skeb.jp/api/users/1000mm
2026-09-26 14:43:19 | INFO     | Saving at a/skeb/1000mm-830622.json
2026-09-26 14:43:20 | INFO     | OK https://skeb.jp/api/users/disphony
2026-09-26 14:43:20 | INFO     | Saving at a/skeb/disphony-30f189.json
2026-09-26 14:43:21 | INFO     | OK https://skeb.jp/api/users/hu_akura
2026-09-26 14:43:21 | INFO     | Saving at a/skeb/hu_akura-115ca1.json
2026-09-26 14:43:22 | INFO     | OK https://skeb.jp/api/users/puto_210
2026-09-26 14:43:22 | INFO     | Saving at a/skeb/puto_210-7a036a.json
2026-09-26 14:43:23 | INFO     | OK https://skeb.jp/api/users/M_tomoyohi
2026-09-26 14:43:23 | INFO     | Saving at a/skeb/M_tomoyohi-80a013.json
2026-09-26 14:43:24 | INFO     | OK https://skeb.jp/api/users/mochi1and
2026-09-26 14:43:24 | INFO     | Saving at a/skeb/mochi1and-677710.json
2026-09-26 14:43:25 | INFO     | OK https://skeb.jp/api/users/SabiGarami
2026-09-26 14:43:25 | INFO     | Saving at a/skeb/SabiGarami-9cc051.json
2026-09-26 14:43:26 | INFO     | OK https://skeb.jp/api/users/arime_h
2026-09-26 14:43:26 | INFO     | Saving at a/skeb/arime_h-b77e58.json
2026-09-26 14:43:27 | INFO     | OK https://skeb.jp/api/users/UwU_illust214
2026-09-26 14:43:27 | INFO     | Saving at a/skeb/UwU_illust214-fd4c67.json
2026-09-26 14:43:28 | INFO     | OK https://skeb.jp/api/users/qidius
2026-09-26 14:43:28 | INFO     | Saving at a/skeb/qidius-27318e.json
2026-09-26 14:43:29 | INFO     | OK https://skeb.jp/api/users/Ok2Yh
2026-09-26 14:43:29 | INFO     | Saving at a/skeb/Ok2Yh-6aadcd.json
2026-09-26 14:43:30 | INFO     | OK https://skeb.jp/api/users/saitouyo1
2026-09-26 14:43:30 | INFO     | Saving at a/skeb/saitouyo1-efa748.json
2026-09-26 14:43:31 | INFO     | OK https://skeb.jp/api/users/blue_notuki
2026-09-26 14:43:31 | INFO     | Saving at a/skeb/blue_notuki-0464d9.json
2026-09-26 14:43:32 | INFO     | OK https://skeb.jp/api/users/KTWRCHANPON
2026-09-26 14:43:32 | INFO     | Saving at a/skeb/KTWRCHANPON-418ad4.json
2026-09-26 14:43:33 | INFO     | OK https://skeb.jp/api/users/hiiragisensei
2026-09-26 14:43:33 | INFO     | Saving at a/skeb/hiiragisensei-b6f7a7.json
2026-09-26 14:43:34 | INFO     | OK https://skeb.jp/api/users/kukimaru666
2026-09-26 14:43:34 | INFO     | Saving at a/skeb/kukimaru666-13086b.json
2026-09-26 14:43:35 | INFO     | OK https://skeb.jp/api/users/tori_nen
2026-09-26 14:43:35 | INFO     | Saving at a/skeb/tori_nen-d88f95.json
2026-09-26 14:43:36 | INFO     | OK https://skeb.jp/api/users/slumpa1008
2026-09-26 14:43:36 | INFO     | Saving at a/skeb/slumpa1008-bbb99d.json
2026-09-26 14:43:37 | INFO     | OK https://skeb.jp/api/users/Yuri_Arisato
2026-09-26 14:43:37 | INFO     | Saving at a/skeb/Yuri_Arisato-d2d8b9.json
2026-09-26 14:43:38 | INFO     | OK https://skeb.jp/api/users/emmm_0524
2026-09-26 14:43:38 | INFO     | Saving at a/skeb/emmm_0524-d5b1c6.json
2026-09-26 14:43:39 | INFO     | OK https://skeb.jp/api/users/pik0maro
2026-09-26 14:43:39 | INFO     | Saving at a/skeb/pik0maro-6c82df.json
2026-09-26 14:43:40 | INFO     | OK https://skeb.jp/api/users/ui____3510
2026-09-26 14:43:40 | INFO     | Saving at a/skeb/ui____3510-892404.json
2026-09-26 14:43:41 | INFO     | OK https://skeb.jp/api/users/Liyocafe
2026-09-26 14:43:41 | INFO     | Saving at a/skeb/Liyocafe-17b9c3.json
2026-09-26 14:43:42 | INFO     | OK https://skeb.jp/api/users/niboshidrip
2026-09-26 14:43:42 | INFO     | Saving at a/skeb/niboshidrip-820447.json
2026-09-26 14:43:43 | INFO     | OK https://skeb.jp/api/users/KUNAHANLOVE
2026-09-26 14:43:43 | INFO     | Saving at a/skeb/KUNAHANLOVE-85b5ce.json
2026-09-26 14:43:44 | INFO     | OK https://skeb.jp/api/users/1116_y0
2026-09-26 14:43:44 | INFO     | Saving at a/skeb/1116_y0-098842.json
2026-09-26 14:43:45 | INFO     | OK https://skeb.jp/api/users/Saeki_itigo
2026-09-26 14:43:45 | INFO     | Saving at a/skeb/Saeki_itigo-9ff50a.json
2026-09-26 14:43:46 | INFO     | OK https://skeb.jp/api/users/Ndy5D
2026-09-26 14:43:46 | INFO     | Saving at a/skeb/Ndy5D-5022d1.json
2026-09-26 14:43:47 | INFO     | OK https://skeb.jp/api/users/kabao_gs
2026-09-26 14:43:47 | INFO     | Saving at a/skeb/kabao_gs-94c2f5.json
2026-09-26 14:43:48 | INFO     | OK https://skeb.jp/api/users/sui_hope
2026-09-26 14:43:48 | INFO     | Saving at a/skeb/sui_hope-3b68c1.json
2026-09-26 14:43:49 | INFO     | OK https://skeb.jp/api/users/shadow_obja
2026-09-26 14:43:49 | INFO     | Saving at a/skeb/shadow_obja-2fafcd.json
2026-09-26 14:43:50 | INFO     | OK https://skeb.jp/api/users/mryk_demon
2026-09-26 14:43:50 | INFO     | Saving at a/skeb/mryk_demon-b19304.json
2026-09-26 14:43:51 | INFO     | OK https://skeb.jp/api/users/StChame_
2026-09-26 14:43:51 | INFO     | Saving at a/skeb/StChame_-bcefa5.json
2026-09-26 14:43:52 | INFO     | OK https://skeb.jp/api/users/10rigar
2026-09-26 14:43:52 | INFO     | Saving at a/skeb/10rigar-2fbeda.json
2026-09-26 14:43:53 | INFO     | OK https://skeb.jp/api/users/MOMOmop_6927
2026-09-26 14:43:53 | INFO     | Saving at a/skeb/MOMOmop_6927-138e2a.json
2026-09-26 14:43:54 | INFO     | OK https://skeb.jp/api/users/shimoyake933
2026-09-26 14:43:54 | INFO     | Saving at a/skeb/shimoyake933-60ec8a.json
2026-09-26 14:43:55 | INFO     | OK https://skeb.jp/api/users/komagoma
2026-09-26 14:43:55 | INFO     | Saving at a/skeb/komagoma-16c2d5.json
2026-09-26 14:43:56 | INFO     | OK https://skeb.jp/api/users/owa_owari
2026-09-26 14:43:56 | INFO     | Saving at a/skeb/owa_owari-2972ac.json
2026-09-26 14:43:57 | INFO     | OK https://skeb.jp/api/users/SophiaAruraine
2026-09-26 14:43:57 | INFO     | Saving at a/skeb/SophiaAruraine-a925d7.json
2026-09-26 14:43:58 | INFO     | OK https://skeb.jp/api/users/Mash33771687
2026-09-26 14:43:58 | INFO     | Saving at a/skeb/Mash33771687-5a2f4a.json
2026-09-26 14:43:59 | INFO     | OK https://skeb.jp/api/users/tm_mia11
2026-09-26 14:43:59 | INFO     | Saving at a/skeb/tm_mia11-4b3f41.json
2026-09-26 14:44:00 | INFO     | OK https://skeb.jp/api/users/rika_hoasi
2026-09-26 14:44:00 | INFO     | Saving at a/skeb/rika_hoasi-006b5b.json
2026-09-26 14:44:01 | INFO     | OK https://skeb.jp/api/users/RamchiNeko
2026-09-26 14:44:01 | INFO     | Saving at a/skeb/RamchiNeko-dc06a2.json
2026-09-26 14:44:02 | INFO     | OK https://skeb.jp/api/users/ASIATO_3
2026-09-26 14:44:02 | INFO     | Saving at a/skeb/ASIATO_3-e6e5c8.json
2026-09-26 14:44:03 | INFO     | OK https://skeb.jp/api/users/ayakumo_illust
2026-09-26 14:44:03 | INFO     | Saving at a/skeb/ayakumo_illust-f51737.json
2026-09-26 14:44:04 | INFO     | OK https://skeb.jp/api/users/Tsubatyissimo2
2026-09-26 14:44:04 | INFO     | Saving at a/skeb/Tsubatyissimo2-59e8cd.json
2026-09-26 14:44:05 | INFO     | OK https://skeb.jp/api/users/misaho_mi
2026-09-26 14:44:05 | INFO     | Saving at a/skeb/misaho_mi-b5955a.json
2026-09-26 14:44:06 | INFO     | OK https://skeb.jp/api/users/Raguhaha1294
2026-09-26 14:44:06 | INFO     | Saving at a/skeb/Raguhaha1294-09e696.json
2026-09-26 14:44:07 | INFO     | OK https://skeb.jp/api/users/ill66661
2026-09-26 14:44:07 | INFO     | Saving at a/skeb/ill66661-a54098.json
2026-09-26 14:44:08 | INFO     | OK https://skeb.jp/api/users/yu_rindou
2026-09-26 14:44:08 | INFO     | Saving at a/skeb/yu_rindou-5a396d.json
2026-09-26 14:44:09 | INFO     | OK https://skeb.jp/api/users/co_ma41
2026-09-26 14:44:09 | INFO     | Saving at a/skeb/co_ma41-79952f.json
2026-09-26 14:44:10 | INFO     | OK https://skeb.jp/api/users/mitarashi_renge
2026-09-26 14:44:10 | INFO     | Saving at a/skeb/mitarashi_renge-2aa615.json
2026-09-26 14:44:11 | INFO     | OK https://skeb.jp/api/users/GUN__39
2026-09-26 14:44:11 | INFO     | Saving at a/skeb/GUN__39-b4e49e.json
2026-09-26 14:44:12 | INFO     | OK https://skeb.jp/api/users/sirasu_i11
2026-09-26 14:44:12 | INFO     | Saving at a/skeb/sirasu_i11-39ecad.json
2026-09-26 14:44:13 | INFO     | OK https://skeb.jp/api/users/ANBSAA
2026-09-26 14:44:13 | INFO     | Saving at a/skeb/ANBSAA-d39263.json
2026-09-26 14:44:14 | INFO     | OK https://skeb.jp/api/users/DolB
2026-09-26 14:44:14 | INFO     | Saving at a/skeb/DolB-94ef5b.json
2026-09-26 14:44:15 | INFO     | OK https://skeb.jp/api/users/todosionlovechu
2026-09-26 14:44:15 | INFO     | Saving at a/skeb/todosionlovechu-2ae44d.json
2026-09-26 14:44:16 | INFO     | OK https://skeb.jp/api/users/hanurudesu
2026-09-26 14:44:16 | INFO     | Saving at a/skeb/hanurudesu-c1f1cd.json
2026-09-26 14:44:17 | INFO     | OK https://skeb.jp/api/users/towa_459
2026-09-26 14:44:17 | INFO     | Saving at a/skeb/towa_459-e20e67.json
2026-09-26 14:44:18 | INFO     | OK https://skeb.jp/api/users/kamanbearu
2026-09-26 14:44:18 | INFO     | Saving at a/skeb/kamanbearu-4e72af.json
2026-09-26 14:44:19 | INFO     | OK https://skeb.jp/api/users/Eruru
2026-09-26 14:44:19 | INFO     | Saving at a/skeb/Eruru-0f63d6.json
2026-09-26 14:44:20 | INFO     | OK https://skeb.jp/api/users/NyNmerov
2026-09-26 14:44:20 | INFO     | Saving at a/skeb/NyNmerov-71da8d.json
2026-09-26 14:44:21 | INFO     | OK https://skeb.jp/api/users/yura_tukishiro_
2026-09-26 14:44:21 | INFO     | Saving at a/skeb/yura_tukishiro_-e5a4b5.json
2026-09-26 14:44:22 | INFO     | OK https://skeb.jp/api/users/Komorebi_box
2026-09-26 14:44:22 | INFO     | Saving at a/skeb/Komorebi_box-f99ba3.json
2026-09-26 14:44:23 | INFO     | OK https://skeb.jp/api/users/CangJia88362
2026-09-26 14:44:23 | INFO     | Saving at a/skeb/CangJia88362-402181.json
2026-09-26 14:44:24 | INFO     | OK https://skeb.jp/api/users/Ena_1510
2026-09-26 14:44:24 | INFO     | Saving at a/skeb/Ena_1510-a791b1.json
2026-09-26 14:44:25 | INFO     | OK https://skeb.jp/api/users/anri
2026-09-26 14:44:25 | INFO     | Saving at a/skeb/anri-59dcfe.json
2026-09-26 14:44:26 | INFO     | OK https://skeb.jp/api/users/ioisoon
2026-09-26 14:44:26 | INFO     | Saving at a/skeb/ioisoon-c92f13.json
2026-09-26 14:44:27 | INFO     | OK https://skeb.jp/api/users/O_tizu
2026-09-26 14:44:27 | INFO     | Saving at a/skeb/O_tizu-50b6a3.json
2026-09-26 14:44:28 | INFO     | OK https://skeb.jp/api/users/sadahkuma
2026-09-26 14:44:28 | INFO     | Saving at a/skeb/sadahkuma-cd6666.json
2026-09-26 14:44:29 | INFO     | OK https://skeb.jp/api/users/INU_DAKISIME
2026-09-26 14:44:29 | INFO     | Saving at a/skeb/INU_DAKISIME-f887cd.json
2026-09-26 14:44:30 | INFO     | OK https://skeb.jp/api/users/saki_xx117
2026-09-26 14:44:30 | INFO     | Saving at a/skeb/saki_xx117-c11b73.json
2026-09-26 14:44:31 | INFO     | OK https://skeb.jp/api/users/chawanmushi_da
2026-09-26 14:44:31 | INFO     | Saving at a/skeb/chawanmushi_da-ca07e0.json
2026-09-26 14:44:32 | INFO     | OK https://skeb.jp/api/users/Kuguma_utano
2026-09-26 14:44:32 | INFO     | Saving at a/skeb/Kuguma_utano-f98b87.json
2026-09-26 14:44:33 | INFO     | OK https://skeb.jp/api/users/kawaanago0827
2026-09-26 14:44:33 | INFO     | Saving at a/skeb/kawaanago0827-e5461b.json
2026-09-26 14:44:34 | INFO     | OK https://skeb.jp/api/users/DGFahrenheit
2026-09-26 14:44:34 | INFO     | Saving at a/skeb/DGFahrenheit-608157.json
2026-09-26 14:44:35 | INFO     | OK https://skeb.jp/api/users/Nishieri_C_F
2026-09-26 14:44:35 | INFO     | Saving at a/skeb/Nishieri_C_F-53f0b2.json
2026-09-26 14:44:36 | INFO     | OK https://skeb.jp/api/users/row_RRR_60
2026-09-26 14:44:36 | INFO     | Saving at a/skeb/row_RRR_60-358823.json
2026-09-26 14:44:37 | INFO     | OK https://skeb.jp/api/users/GuyzOtona
2026-09-26 14:44:37 | INFO     | Saving at a/skeb/GuyzOtona-16a14c.json
2026-09-26 14:44:38 | INFO     | OK https://skeb.jp/api/users/quyghg551236
2026-09-26 14:44:38 | INFO     | Saving at a/skeb/quyghg551236-3c2ae4.json
2026-09-26 14:44:39 | INFO     | OK https://skeb.jp/api/users/hakkai8
2026-09-26 14:44:39 | INFO     | Saving at a/skeb/hakkai8-5a29a8.json
2026-09-26 14:44:40 | INFO     | OK https://skeb.jp/api/users/byden_i3
2026-09-26 14:44:40 | INFO     | Saving at a/skeb/byden_i3-29ac84.json
2026-09-26 14:44:41 | INFO     | OK https://skeb.jp/api/users/toromo_oekaki
2026-09-26 14:44:41 | INFO     | Saving at a/skeb/toromo_oekaki-be91a3.json
2026-09-26 14:44:42 | INFO     | OK https://skeb.jp/api/users/anekoRIP
2026-09-26 14:44:42 | INFO     | Saving at a/skeb/anekoRIP-c5b612.json
2026-09-26 14:44:43 | INFO     | OK https://skeb.jp/api/users/kushina13
2026-09-26 14:44:43 | INFO     | Saving at a/skeb/kushina13-28843d.json
2026-09-26 14:44:44 | INFO     | OK https://skeb.jp/api/users/aji648831161341
2026-09-26 14:44:44 | INFO     | Saving at a/skeb/aji648831161341-b0d676.json
2026-09-26 14:44:45 | INFO     | OK https://skeb.jp/api/users/pYSC42T84Kt39IR
2026-09-26 14:44:45 | INFO     | Saving at a/skeb/pYSC42T84Kt39IR-01d140.json
2026-09-26 14:44:46 | INFO     | OK https://skeb.jp/api/users/wanwa_fufu
2026-09-26 14:44:46 | INFO     | Saving at a/skeb/wanwa_fufu-8f3d11.json
2026-09-26 14:44:47 | INFO     | OK https://skeb.jp/api/users/e1ZXNeoaHl
2026-09-26 14:44:47 | INFO     | Saving at a/skeb/e1ZXNeoaHl-e5d8d4.json
2026-09-26 14:44:48 | INFO     | OK https://skeb.jp/api/users/riannn_desu
2026-09-26 14:44:48 | INFO     | Saving at a/skeb/riannn_desu-37e67f.json
2026-09-26 14:44:49 | INFO     | OK https://skeb.jp/api/users/sigure_dd142
2026-09-26 14:44:49 | INFO     | Saving at a/skeb/sigure_dd142-922e63.json
2026-09-26 14:44:50 | INFO     | OK https://skeb.jp/api/users/gb_gy_games
2026-09-26 14:44:50 | INFO     | Saving at a/skeb/gb_gy_games-de8c1d.json
2026-09-26 14:44:51 | INFO     | OK https://skeb.jp/api/users/flamekanix
2026-09-26 14:44:51 | INFO     | Saving at a/skeb/flamekanix-b97ce0.json
2026-09-26 14:44:52 | INFO     | OK https://skeb.jp/api/users/ronikama2
2026-09-26 14:44:52 | INFO     | Saving at a/skeb/ronikama2-e1074f.json
2026-09-26 14:44:53 | INFO     | OK https://skeb.jp/api/users/SPMIW4433
2026-09-26 14:44:53 | INFO     | Saving at a/skeb/SPMIW4433-a47b51.json
2026-09-26 14:44:54 | INFO     | OK https://skeb.jp/api/users/semicolon_chan
2026-09-26 14:44:54 | INFO     | Saving at a/skeb/semicolon_chan-82b6cf.json
2026-09-26 14:44:55 | INFO     | OK https://skeb.jp/api/users/momonotori_v
2026-09-26 14:44:55 | INFO     | Saving at a/skeb/momonotori_v-8e76e8.json
2026-09-26 14:44:56 | INFO     | OK https://skeb.jp/api/users/ThAlter39o
2026-09-26 14:44:56 | INFO     | Saving at a/skeb/ThAlter39o-bdb32a.json
2026-09-26 14:44:57 | INFO     | OK https://skeb.jp/api/users/wamotula2
2026-09-26 14:44:57 | INFO     | Saving at a/skeb/wamotula2-dbd42a.json
2026-09-26 14:44:58 | INFO     | OK https://skeb.jp/api/users/piitan2_mokotan
2026-09-26 14:44:58 | INFO     | Saving at a/skeb/piitan2_mokotan-c02ae8.json
2026-09-26 14:44:59 | INFO     | OK https://skeb.jp/api/users/Nomaa_hukai
2026-09-26 14:44:59 | INFO     | Saving at a/skeb/Nomaa_hukai-6c7807.json
2026-09-26 14:45:00 | INFO     | OK https://skeb.jp/api/users/nnc__r_t
2026-09-26 14:45:00 | INFO     | Saving at a/skeb/nnc__r_t-386b6a.json
2026-09-26 14:45:01 | INFO     | OK https://skeb.jp/api/users/uou_T_
2026-09-26 14:45:01 | INFO     | Saving at a/skeb/uou_T_-f15073.json
2026-09-26 14:45:02 | INFO     | OK https://skeb.jp/api/users/sanada_jp
2026-09-26 14:45:02 | INFO     | Saving at a/skeb/sanada_jp-06ce4e.json
2026-09-26 14:45:03 | INFO     | OK https://skeb.jp/api/users/9zY5Zf3OxxMGGAN
2026-09-26 14:45:03 | INFO     | Saving at a/skeb/9zY5Zf3OxxMGGAN-64e83d.json
2026-09-26 14:45:04 | INFO     | OK https://skeb.jp/api/users/clock_tokiya
2026-09-26 14:45:04 | INFO     | Saving at a/skeb/clock_tokiya-671998.json
2026-09-26 14:45:05 | INFO     | OK https://skeb.jp/api/users/syaaaaneeeyona
2026-09-26 14:45:05 | INFO     | Saving at a/skeb/syaaaaneeeyona-77c107.json
2026-09-26 14:45:06 | INFO     | OK https://skeb.jp/api/users/yowa_13
2026-09-26 14:45:06 | INFO     | Saving at a/skeb/yowa_13-0f23ce.json
2026-09-26 14:45:07 | INFO     | OK https://skeb.jp/api/users/s_chiyomaru
2026-09-26 14:45:07 | INFO     | Saving at a/skeb/s_chiyomaru-930f82.json
2026-09-26 14:45:08 | INFO     | OK https://skeb.jp/api/users/Jusora_Ten
2026-09-26 14:45:08 | INFO     | Saving at a/skeb/Jusora_Ten-57f8ac.json
2026-09-26 14:45:09 | INFO     | OK https://skeb.jp/api/users/fuwa_tama__
2026-09-26 14:45:09 | INFO     | Saving at a/skeb/fuwa_tama__-3c70f4.json
2026-09-26 14:45:10 | INFO     | OK https://skeb.jp/api/users/enotarou1008
2026-09-26 14:45:10 | INFO     | Saving at a/skeb/enotarou1008-908cd0.json
2026-09-26 14:45:11 | INFO     | OK https://skeb.jp/api/users/iro_iro_iroo
2026-09-26 14:45:11 | INFO     | Saving at a/skeb/iro_iro_iroo-69654d.json
2026-09-26 14:45:12 | INFO     | OK https://skeb.jp/api/users/kiyugiku9
2026-09-26 14:45:12 | INFO     | Saving at a/skeb/kiyugiku9-1eec4b.json
2026-09-26 14:45:13 | INFO     | OK https://skeb.jp/api/users/omataro9
2026-09-26 14:45:13 | INFO     | Saving at a/skeb/omataro9-d1550e.json
2026-09-26 14:45:14 | INFO     | OK https://skeb.jp/api/users/ngtomo1565
2026-09-26 14:45:14 | INFO     | Saving at a/skeb/ngtomo1565-b084c5.json
2026-09-26 14:45:15 | INFO     | OK https://skeb.jp/api/users/9mork
2026-09-26 14:45:15 | INFO     | Saving at a/skeb/9mork-efff4b.json
2026-09-26 14:45:16 | INFO     | OK https://skeb.jp/api/users/c_964i
2026-09-26 14:45:16 | INFO     | Saving at a/skeb/c_964i-d91337.json
2026-09-26 14:45:17 | INFO     | OK https://skeb.jp/api/users/0ilqpli0
2026-09-26 14:45:17 | INFO     | Saving at a/skeb/0ilqpli0-286ae1.json
2026-09-26 14:45:18 | INFO     | OK https://skeb.jp/api/users/akamaru_0520
2026-09-26 14:45:18 | INFO     | Saving at a/skeb/akamaru_0520-db6b62.json
2026-09-26 14:45:19 | INFO     | OK https://skeb.jp/api/users/myaji_maki
2026-09-26 14:45:19 | INFO     | Saving at a/skeb/myaji_maki-075cf6.json
2026-09-26 14:45:20 | INFO     | OK https://skeb.jp/api/users/nana_kisaragi
2026-09-26 14:45:20 | INFO     | Saving at a/skeb/nana_kisaragi-615d3c.json
2026-09-26 14:45:21 | INFO     | OK https://skeb.jp/api/users/Skarameru
2026-09-26 14:45:21 | INFO     | Saving at a/skeb/Skarameru-da601d.json
2026-09-26 14:45:22 | INFO     | OK https://skeb.jp/api/users/7_homura
2026-09-26 14:45:22 | INFO     | Saving at a/skeb/7_homura-17f27c.json
2026-09-26 14:45:23 | INFO     | OK https://skeb.jp/api/users/nemuhosi
2026-09-26 14:45:23 | INFO     | Saving at a/skeb/nemuhosi-f1f023.json
2026-09-26 14:45:24 | INFO     | OK https://skeb.jp/api/users/nyanpokon
2026-09-26 14:45:24 | INFO     | Saving at a/skeb/nyanpokon-6d2381.json
2026-09-26 14:45:25 | INFO     | OK https://skeb.jp/api/users/Vinci_Lucky_777
2026-09-26 14:45:25 | INFO     | Saving at a/skeb/Vinci_Lucky_777-2cc7d1.json
2026-09-26 14:45:26 | INFO     | OK https://skeb.jp/api/users/HATURO_itmn104
2026-09-26 14:45:26 | INFO     | Saving at a/skeb/HATURO_itmn104-0da353.json
2026-09-26 14:45:27 | INFO     | OK https://skeb.jp/api/users/morihayasi
2026-09-26 14:45:27 | INFO     | Saving at a/skeb/morihayasi-fe83f7.json
2026-09-26 14:45:28 | INFO     | OK https://skeb.jp/api/users/memai023
2026-09-26 14:45:28 | INFO     | Saving at a/skeb/memai023-f056e4.json
2026-09-26 14:45:29 | INFO     | OK https://skeb.jp/api/users/5legDog
2026-09-26 14:45:29 | INFO     | Saving at a/skeb/5legDog-ccee11.json
2026-09-26 14:45:30 | INFO     | OK https://skeb.jp/api/users/Greco_SB
2026-09-26 14:45:30 | INFO     | Saving at a/skeb/Greco_SB-563cb8.json
2026-09-26 14:45:31 | INFO     | OK https://skeb.jp/api/users/tatsunami1379
2026-09-26 14:45:31 | INFO     | Saving at a/skeb/tatsunami1379-db7a6b.json
2026-09-26 14:45:32 | INFO     | OK https://skeb.jp/api/users/poyosuke
2026-09-26 14:45:32 | INFO     | Saving at a/skeb/poyosuke-54c6cd.json
2026-09-26 14:45:33 | INFO     | OK https://skeb.jp/api/users/lynx_shrike
2026-09-26 14:45:33 | INFO     | Saving at a/skeb/lynx_shrike-d61535.json
2026-09-26 14:45:34 | INFO     | OK https://skeb.jp/api/users/bon_feather
2026-09-26 14:45:34 | INFO     | Saving at a/skeb/bon_feather-284926.json
2026-09-26 14:45:35 | INFO     | OK https://skeb.jp/api/users/r_ws2l
2026-09-26 14:45:35 | INFO     | Saving at a/skeb/r_ws2l-021d03.json
2026-09-26 14:45:36 | INFO     | OK https://skeb.jp/api/users/FM_2608
2026-09-26 14:45:36 | INFO     | Saving at a/skeb/FM_2608-162876.json
2026-09-26 14:45:37 | INFO     | OK https://skeb.jp/api/users/azulao777
2026-09-26 14:45:37 | INFO     | Saving at a/skeb/azulao777-3b411d.json
2026-09-26 14:45:38 | INFO     | OK https://skeb.jp/api/users/EV_shiro
2026-09-26 14:45:38 | INFO     | Saving at a/skeb/EV_shiro-e948cd.json
2026-09-26 14:45:39 | INFO     | OK https://skeb.jp/api/users/mofu2_san
2026-09-26 14:45:39 | INFO     | Saving at a/skeb/mofu2_san-16c4eb.json
2026-09-26 14:45:40 | INFO     | OK https://skeb.jp/api/users/halp0te
2026-09-26 14:45:40 | INFO     | Saving at a/skeb/halp0te-cea2ff.json
2026-09-26 14:45:41 | INFO     | OK https://skeb.jp/api/users/sinsetomeito
2026-09-26 14:45:41 | INFO     | Saving at a/skeb/sinsetomeito-19de48.json
2026-09-26 14:45:42 | INFO     | OK https://skeb.jp/api/users/Amagoi_kumori
2026-09-26 14:45:42 | INFO     | Saving at a/skeb/Amagoi_kumori-343065.json
2026-09-26 14:45:43 | INFO     | OK https://skeb.jp/api/users/yudofu33
2026-09-26 14:45:43 | INFO     | Saving at a/skeb/yudofu33-2097f1.json
2026-09-26 14:45:44 | INFO     | OK https://skeb.jp/api/users/inusoku
2026-09-26 14:45:44 | INFO     | Saving at a/skeb/inusoku-087226.json
2026-09-26 14:45:45 | INFO     | OK https://skeb.jp/api/users/uofishsakanauo
2026-09-26 14:45:45 | INFO     | Saving at a/skeb/uofishsakanauo-6ab2d0.json
2026-09-26 14:45:46 | INFO     | OK https://skeb.jp/api/users/kosei_ryuda
2026-09-26 14:45:46 | INFO     | Saving at a/skeb/kosei_ryuda-1c54e0.json
2026-09-26 14:45:47 | INFO     | OK https://skeb.jp/api/users/Franchise_Matsu
2026-09-26 14:45:47 | INFO     | Saving at a/skeb/Franchise_Matsu-2b546b.json
2026-09-26 14:45:48 | INFO     | OK https://skeb.jp/api/users/Pitd
2026-09-26 14:45:48 | INFO     | Saving at a/skeb/Pitd-33d108.json
2026-09-26 14:45:49 | INFO     | OK https://skeb.jp/api/users/KRGSP_01
2026-09-26 14:45:49 | INFO     | Saving at a/skeb/KRGSP_01-236050.json
2026-09-26 14:45:50 | INFO     | OK https://skeb.jp/api/users/nikonikotepapa
2026-09-26 14:45:50 | INFO     | Saving at a/skeb/nikonikotepapa-098ff9.json
2026-09-26 14:45:51 | INFO     | OK https://skeb.jp/api/users/yumehori
2026-09-26 14:45:51 | INFO     | Saving at a/skeb/yumehori-16efe3.json
2026-09-26 14:45:52 | INFO     | OK https://skeb.jp/api/users/golden_nabe
2026-09-26 14:45:52 | INFO     | Saving at a/skeb/golden_nabe-a2e243.json
2026-09-26 14:45:53 | INFO     | OK https://skeb.jp/api/users/tokitumary
2026-09-26 14:45:53 | INFO     | Saving at a/skeb/tokitumary-b531d2.json
2026-09-26 14:45:54 | INFO     | OK https://skeb.jp/api/users/cona_coppe
2026-09-26 14:45:54 | INFO     | Saving at a/skeb/cona_coppe-d90329.json
2026-09-26 14:45:55 | INFO     | OK https://skeb.jp/api/users/minai_0411
2026-09-26 14:45:55 | INFO     | Saving at a/skeb/minai_0411-decd48.json
2026-09-26 14:45:56 | INFO     | OK https://skeb.jp/api/users/sasagami1802
2026-09-26 14:45:56 | INFO     | Saving at a/skeb/sasagami1802-292c50.json
2026-09-26 14:45:57 | INFO     | OK https://skeb.jp/api/users/nanatsu_pa
2026-09-26 14:45:57 | INFO     | Saving at a/skeb/nanatsu_pa-25840b.json
2026-09-26 14:45:58 | INFO     | OK https://skeb.jp/api/users/8mera_art
2026-09-26 14:45:58 | INFO     | Saving at a/skeb/8mera_art-e37943.json
2026-09-26 14:45:59 | INFO     | OK https://skeb.jp/api/users/Firecracker0147
2026-09-26 14:45:59 | INFO     | Saving at a/skeb/Firecracker0147-b01b2e.json
2026-09-26 14:46:00 | INFO     | OK https://skeb.jp/api/users/PastaDaisuki26
2026-09-26 14:46:00 | INFO     | Saving at a/skeb/PastaDaisuki26-e52188.json
2026-09-26 14:46:01 | INFO     | OK https://skeb.jp/api/users/sonao
2026-09-26 14:46:01 | INFO     | Saving at a/skeb/sonao-100dd7.json
2026-09-26 14:46:02 | INFO     | OK https://skeb.jp/api/users/maou_20511
2026-09-26 14:46:02 | INFO     | Saving at a/skeb/maou_20511-5c632d.json
2026-09-26 14:46:03 | INFO     | OK https://skeb.jp/api/users/ashikosiyowasi
2026-09-26 14:46:03 | INFO     | Saving at a/skeb/ashikosiyowasi-e6a052.json
2026-09-26 14:46:04 | INFO     | OK https://skeb.jp/api/users/utsugisora
2026-09-26 14:46:04 | INFO     | Saving at a/skeb/utsugisora-8fcbc5.json
2026-09-26 14:46:05 | INFO     | OK https://skeb.jp/api/users/aru2133
2026-09-26 14:46:05 | INFO     | Saving at a/skeb/aru2133-27e917.json
2026-09-26 14:46:06 | INFO     | OK https://skeb.jp/api/users/nagu_0568gugu
2026-09-26 14:46:06 | INFO     | Saving at a/skeb/nagu_0568gugu-37b201.json
2026-09-26 14:46:07 | INFO     | OK https://skeb.jp/api/users/Tobiu_oekaki
2026-09-26 14:46:07 | INFO     | Saving at a/skeb/Tobiu_oekaki-f709b9.json
2026-09-26 14:46:08 | INFO     | OK https://skeb.jp/api/users/enipax28
2026-09-26 14:46:08 | INFO     | Saving at a/skeb/enipax28-747337.json
2026-09-26 14:46:09 | INFO     | OK https://skeb.jp/api/users/SAE1293
2026-09-26 14:46:09 | INFO     | Saving at a/skeb/SAE1293-3fc50f.json
2026-09-26 14:46:10 | INFO     | OK https://skeb.jp/api/users/javadarakan
2026-09-26 14:46:10 | INFO     | Saving at a/skeb/javadarakan-4f173d.json
2026-09-26 14:46:11 | INFO     | OK https://skeb.jp/api/users/AraiRacu
2026-09-26 14:46:11 | INFO     | Saving at a/skeb/AraiRacu-672c87.json
2026-09-26 14:46:12 | INFO     | OK https://skeb.jp/api/users/sonoDAZOgakiku
2026-09-26 14:46:12 | INFO     | Saving at a/skeb/sonoDAZOgakiku-61eb26.json
2026-09-26 14:46:13 | INFO     | OK https://skeb.jp/api/users/shiomi_cms
2026-09-26 14:46:13 | INFO     | Saving at a/skeb/shiomi_cms-f1d846.json
2026-09-26 14:46:14 | INFO     | OK https://skeb.jp/api/users/ra___mntbti
2026-09-26 14:46:14 | INFO     | Saving at a/skeb/ra___mntbti-2620b2.json
2026-09-26 14:46:15 | INFO     | OK https://skeb.jp/api/users/XXxnennexXX
2026-09-26 14:46:15 | INFO     | Saving at a/skeb/XXxnennexXX-539138.json
2026-09-26 14:46:16 | INFO     | OK https://skeb.jp/api/users/komejirushi1205
2026-09-26 14:46:16 | INFO     | Saving at a/skeb/komejirushi1205-1f8d5f.json
2026-09-26 14:46:17 | INFO     | OK https://skeb.jp/api/users/AMIBAnotTOKI
2026-09-26 14:46:17 | INFO     | Saving at a/skeb/AMIBAnotTOKI-34a285.json
2026-09-26 14:46:18 | INFO     | OK https://skeb.jp/api/users/a503112n
2026-09-26 14:46:18 | INFO     | Saving at a/skeb/a503112n-a15f5b.json
2026-09-26 14:46:19 | INFO     | OK https://skeb.jp/api/users/yukidiruhi
2026-09-26 14:46:19 | INFO     | Saving at a/skeb/yukidiruhi-e05bee.json
2026-09-26 14:46:20 | INFO     | OK https://skeb.jp/api/users/hny_mg_
2026-09-26 14:46:20 | INFO     | Saving at a/skeb/hny_mg_-365204.json
2026-09-26 14:46:22 | INFO     | OK https://skeb.jp/api/users/cowocz
2026-09-26 14:46:22 | INFO     | Saving at a/skeb/cowocz-9298e4.json
2026-09-26 14:46:22 | INFO     | OK https://skeb.jp/api/users/rororoU_48
2026-09-26 14:46:22 | INFO     | Saving at a/skeb/rororoU_48-1fa6a5.json
2026-09-26 14:46:23 | INFO     | OK https://skeb.jp/api/users/ofurhon
2026-09-26 14:46:23 | INFO     | Saving at a/skeb/ofurhon-d561df.json
2026-09-26 14:46:24 | INFO     | OK https://skeb.jp/api/users/Awawa_117
2026-09-26 14:46:24 | INFO     | Saving at a/skeb/Awawa_117-cd8783.json
2026-09-26 14:46:25 | INFO     | OK https://skeb.jp/api/users/716
2026-09-26 14:46:25 | INFO     | Saving at a/skeb/716-e7f8a7.json
2026-09-26 14:46:26 | INFO     | OK https://skeb.jp/api/users/Futa__TIMAMIRE
2026-09-26 14:46:26 | INFO     | Saving at a/skeb/Futa__TIMAMIRE-3c61d1.json
2026-09-26 14:46:28 | INFO     | OK https://skeb.jp/api/users/Yako_mimimi
2026-09-26 14:46:28 | INFO     | Saving at a/skeb/Yako_mimimi-60900d.json
2026-09-26 14:46:28 | INFO     | OK https://skeb.jp/api/users/Relet2016
2026-09-26 14:46:28 | INFO     | Saving at a/skeb/Relet2016-89c40a.json
2026-09-26 14:46:29 | INFO     | OK https://skeb.jp/api/users/010Sekitan
2026-09-26 14:46:29 | INFO     | Saving at a/skeb/010Sekitan-1b3107.json
2026-09-26 14:46:30 | INFO     | OK https://skeb.jp/api/users/yuno__2_22
2026-09-26 14:46:30 | INFO     | Saving at a/skeb/yuno__2_22-dab66f.json
2026-09-26 14:46:31 | INFO     | OK https://skeb.jp/api/users/odamarinasai53
2026-09-26 14:46:31 | INFO     | Saving at a/skeb/odamarinasai53-b359b9.json
2026-09-26 14:46:32 | INFO     | OK https://skeb.jp/api/users/fune5_X
2026-09-26 14:46:32 | INFO     | Saving at a/skeb/fune5_X-22d8b9.json
2026-09-26 14:46:33 | INFO     | OK https://skeb.jp/api/users/ham121ham
2026-09-26 14:46:33 | INFO     | Saving at a/skeb/ham121ham-e8119c.json
2026-09-26 14:46:34 | INFO     | OK https://skeb.jp/api/users/anon_family_527
2026-09-26 14:46:34 | INFO     | Saving at a/skeb/anon_family_527-5a9a35.json
2026-09-26 14:46:35 | INFO     | OK https://skeb.jp/api/users/horie_ga_sky
2026-09-26 14:46:35 | INFO     | Saving at a/skeb/horie_ga_sky-516412.json
2026-09-26 14:46:36 | INFO     | OK https://skeb.jp/api/users/batsuyo2
2026-09-26 14:46:36 | INFO     | Saving at a/skeb/batsuyo2-8f16d5.json
2026-09-26 14:46:37 | INFO     | OK https://skeb.jp/api/users/cstyrus
2026-09-26 14:46:37 | INFO     | Saving at a/skeb/cstyrus-ab8830.json
2026-09-26 14:46:38 | INFO     | OK https://skeb.jp/api/users/kuroi_kuro_neko
2026-09-26 14:46:38 | INFO     | Saving at a/skeb/kuroi_kuro_neko-49773f.json
2026-09-26 14:46:39 | INFO     | OK https://skeb.jp/api/users/173xhinami
2026-09-26 14:46:39 | INFO     | Saving at a/skeb/173xhinami-61d573.json
2026-09-26 14:46:40 | INFO     | OK https://skeb.jp/api/users/tagane_sousakuo
2026-09-26 14:46:40 | INFO     | Saving at a/skeb/tagane_sousakuo-62433d.json
2026-09-26 14:46:41 | INFO     | OK https://skeb.jp/api/users/H_Kutona
2026-09-26 14:46:41 | INFO     | Saving at a/skeb/H_Kutona-af4139.json
2026-09-26 14:46:42 | INFO     | OK https://skeb.jp/api/users/YATSU1186081
2026-09-26 14:46:42 | INFO     | Saving at a/skeb/YATSU1186081-18d0f0.json
2026-09-26 14:46:43 | INFO     | OK https://skeb.jp/api/users/crouchingstart1
2026-09-26 14:46:43 | INFO     | Saving at a/skeb/crouchingstart1-0d284b.json
2026-09-26 14:46:44 | INFO     | OK https://skeb.jp/api/users/mizumarirui
2026-09-26 14:46:44 | INFO     | Saving at a/skeb/mizumarirui-b400b8.json
2026-09-26 14:46:45 | INFO     | OK https://skeb.jp/api/users/man_puri
2026-09-26 14:46:45 | INFO     | Saving at a/skeb/man_puri-9d9e1c.json
2026-09-26 14:46:46 | INFO     | OK https://skeb.jp/api/users/kumityo_qma
2026-09-26 14:46:46 | INFO     | Saving at a/skeb/kumityo_qma-e3a56c.json
2026-09-26 14:46:47 | INFO     | OK https://skeb.jp/api/users/teshima2044
2026-09-26 14:46:47 | INFO     | Saving at a/skeb/teshima2044-9e853d.json
2026-09-26 14:46:48 | INFO     | OK https://skeb.jp/api/users/9m7M9
2026-09-26 14:46:48 | INFO     | Saving at a/skeb/9m7M9-a7734a.json
2026-09-26 14:46:49 | INFO     | OK https://skeb.jp/api/users/00_Age_00
2026-09-26 14:46:49 | INFO     | Saving at a/skeb/00_Age_00-346b70.json
2026-09-26 14:46:50 | INFO     | OK https://skeb.jp/api/users/maLily_Vtu
2026-09-26 14:46:50 | INFO     | Saving at a/skeb/maLily_Vtu-bd705b.json
2026-09-26 14:46:51 | INFO     | OK https://skeb.jp/api/users/Moshuo_
2026-09-26 14:46:51 | INFO     | Saving at a/skeb/Moshuo_-c37867.json
2026-09-26 14:46:52 | INFO     | OK https://skeb.jp/api/users/takosibaraku
2026-09-26 14:46:52 | INFO     | Saving at a/skeb/takosibaraku-414e3a.json
2026-09-26 14:46:53 | INFO     | OK https://skeb.jp/api/users/Yama0_cat
2026-09-26 14:46:53 | INFO     | Saving at a/skeb/Yama0_cat-d89c3a.json
2026-09-26 14:46:54 | INFO     | OK https://skeb.jp/api/users/rh_thunderriver
2026-09-26 14:46:54 | INFO     | Saving at a/skeb/rh_thunderriver-d678da.json
2026-09-26 14:46:55 | INFO     | OK https://skeb.jp/api/users/asa_chibi
2026-09-26 14:46:55 | INFO     | Saving at a/skeb/asa_chibi-3dbe33.json
2026-09-26 14:46:56 | INFO     | OK https://skeb.jp/api/users/g7XQeXQWvO92074
2026-09-26 14:46:56 | INFO     | Saving at a/skeb/g7XQeXQWvO92074-cce558.json
2026-09-26 14:46:57 | INFO     | OK https://skeb.jp/api/users/regain_illust
2026-09-26 14:46:57 | INFO     | Saving at a/skeb/regain_illust-bc82e5.json
2026-09-26 14:46:58 | INFO     | OK https://skeb.jp/api/users/hatomune_T
2026-09-26 14:46:58 | INFO     | Saving at a/skeb/hatomune_T-6cc0f5.json
2026-09-26 14:46:59 | INFO     | OK https://skeb.jp/api/users/skymidaisuki
2026-09-26 14:46:59 | INFO     | Saving at a/skeb/skymidaisuki-3950bd.json
2026-09-26 14:47:01 | INFO     | OK https://skeb.jp/api/users/sansiki03
2026-09-26 14:47:01 | INFO     | Saving at a/skeb/sansiki03-b5e8bd.json
2026-09-26 14:47:01 | INFO     | OK https://skeb.jp/api/users/daydreanem
2026-09-26 14:47:01 | INFO     | Saving at a/skeb/daydreanem-2d8f17.json
2026-09-26 14:47:02 | INFO     | OK https://skeb.jp/api/users/tazikara
2026-09-26 14:47:02 | INFO     | Saving at a/skeb/tazikara-037528.json
2026-09-26 14:47:03 | INFO     | OK https://skeb.jp/api/users/hiro___016016
2026-09-26 14:47:03 | INFO     | Saving at a/skeb/hiro___016016-4bfb21.json
2026-09-26 14:47:05 | INFO     | OK https://skeb.jp/api/users/coburina_toma
2026-09-26 14:47:05 | INFO     | Saving at a/skeb/coburina_toma-552350.json
2026-09-26 14:47:05 | INFO     | OK https://skeb.jp/api/users/Ohmygoddake
2026-09-26 14:47:05 | INFO     | Saving at a/skeb/Ohmygoddake-6e07d9.json
2026-09-26 14:47:06 | INFO     | OK https://skeb.jp/api/users/TOTSU222
2026-09-26 14:47:06 | INFO     | Saving at a/skeb/TOTSU222-e5be97.json
2026-09-26 14:47:07 | INFO     | OK https://skeb.jp/api/users/rot_610
2026-09-26 14:47:07 | INFO     | Saving at a/skeb/rot_610-6b2f8f.json
2026-09-26 14:47:08 | INFO     | OK https://skeb.jp/api/users/yoi2104
2026-09-26 14:47:08 | INFO     | Saving at a/skeb/yoi2104-093fdf.json
2026-09-26 14:47:09 | INFO     | OK https://skeb.jp/api/users/kobassy_art
2026-09-26 14:47:09 | INFO     | Saving at a/skeb/kobassy_art-8e9fb3.json
2026-09-26 14:47:10 | INFO     | OK https://skeb.jp/api/users/sentakuso
2026-09-26 14:47:10 | INFO     | Saving at a/skeb/sentakuso-41d47f.json
2026-09-26 14:47:11 | INFO     | OK https://skeb.jp/api/users/s4yu_ioi
2026-09-26 14:47:11 | INFO     | Saving at a/skeb/s4yu_ioi-32566f.json
2026-09-26 14:47:12 | INFO     | OK https://skeb.jp/api/users/nao014o
2026-09-26 14:47:12 | INFO     | Saving at a/skeb/nao014o-f179cb.json
2026-09-26 14:47:13 | INFO     | OK https://skeb.jp/api/users/shishishi_2ODS
2026-09-26 14:47:13 | INFO     | Saving at a/skeb/shishishi_2ODS-6805c0.json
2026-09-26 14:47:14 | INFO     | OK https://skeb.jp/api/users/jack_Jabberwock
2026-09-26 14:47:14 | INFO     | Saving at a/skeb/jack_Jabberwock-df2967.json
2026-09-26 14:47:15 | INFO     | OK https://skeb.jp/api/users/kasou_0v0
2026-09-26 14:47:15 | INFO     | Saving at a/skeb/kasou_0v0-e79a7c.json
2026-09-26 14:47:16 | INFO     | OK https://skeb.jp/api/users/SZG_MR
2026-09-26 14:47:16 | INFO     | Saving at a/skeb/SZG_MR-86a25e.json
2026-09-26 14:47:17 | INFO     | OK https://skeb.jp/api/users/_kudryavka_trop
2026-09-26 14:47:17 | INFO     | Saving at a/skeb/_kudryavka_trop-a791b8.json
2026-09-26 14:47:18 | INFO     | OK https://skeb.jp/api/users/sorakuroko08
2026-09-26 14:47:18 | INFO     | Saving at a/skeb/sorakuroko08-27064c.json
2026-09-26 14:47:19 | INFO     | OK https://skeb.jp/api/users/regle_t
2026-09-26 14:47:19 | INFO     | Saving at a/skeb/regle_t-60a246.json
2026-09-26 14:47:20 | INFO     | OK https://skeb.jp/api/users/Yoruichiya3
2026-09-26 14:47:20 | INFO     | Saving at a/skeb/Yoruichiya3-64f869.json
2026-09-26 14:47:21 | INFO     | OK https://skeb.jp/api/users/mgsrhym
2026-09-26 14:47:21 | INFO     | Saving at a/skeb/mgsrhym-ba38bc.json
2026-09-26 14:47:22 | INFO     | OK https://skeb.jp/api/users/ekiaroll
2026-09-26 14:47:22 | INFO     | Saving at a/skeb/ekiaroll-caa0b8.json
2026-09-26 14:47:23 | INFO     | OK https://skeb.jp/api/users/sabakanclub
2026-09-26 14:47:23 | INFO     | Saving at a/skeb/sabakanclub-b45729.json
2026-09-26 14:47:24 | INFO     | OK https://skeb.jp/api/users/kei_kk68
2026-09-26 14:47:24 | INFO     | Saving at a/skeb/kei_kk68-fa299d.json
2026-09-26 14:47:26 | INFO     | OK https://skeb.jp/api/users/redtaroislandcircle
2026-09-26 14:47:26 | INFO     | Saving at a/skeb/redtaroislandcircle-97542f.json
2026-09-26 14:47:27 | INFO     | OK https://skeb.jp/api/users/rumi_arumo
2026-09-26 14:47:27 | INFO     | Saving at a/skeb/rumi_arumo-33673e.json
2026-09-26 14:47:28 | INFO     | OK https://skeb.jp/api/users/B3wf13VuC96nrB8
2026-09-26 14:47:28 | INFO     | Saving at a/skeb/B3wf13VuC96nrB8-1cbe77.json
2026-09-26 14:47:28 | INFO     | OK https://skeb.jp/api/users/58illust
2026-09-26 14:47:28 | INFO     | Saving at a/skeb/58illust-75b48a.json
2026-09-26 14:47:29 | INFO     | OK https://skeb.jp/api/users/Tim90B
2026-09-26 14:47:29 | INFO     | Saving at a/skeb/Tim90B-58894b.json
2026-09-26 14:47:30 | INFO     | OK https://skeb.jp/api/users/shiba_9393
2026-09-26 14:47:30 | INFO     | Saving at a/skeb/shiba_9393-c4ae87.json
2026-09-26 14:47:31 | INFO     | OK https://skeb.jp/api/users/amaxa58700
2026-09-26 14:47:31 | INFO     | Saving at a/skeb/amaxa58700-360eb2.json
2026-09-26 14:47:32 | INFO     | OK https://skeb.jp/api/users/jino_engine
2026-09-26 14:47:32 | INFO     | Saving at a/skeb/jino_engine-066387.json
2026-09-26 14:47:33 | INFO     | OK https://skeb.jp/api/users/knho_
2026-09-26 14:47:33 | INFO     | Saving at a/skeb/knho_-b948ed.json
2026-09-26 14:47:34 | INFO     | OK https://skeb.jp/api/users/iouytuuyio
2026-09-26 14:47:34 | INFO     | Saving at a/skeb/iouytuuyio-9315e1.json
2026-09-26 14:47:35 | INFO     | OK https://skeb.jp/api/users/aoakumasan
2026-09-26 14:47:35 | INFO     | Saving at a/skeb/aoakumasan-51945d.json
2026-09-26 14:47:36 | INFO     | OK https://skeb.jp/api/users/kariusa21
2026-09-26 14:47:36 | INFO     | Saving at a/skeb/kariusa21-52a4e1.json
2026-09-26 14:47:37 | INFO     | OK https://skeb.jp/api/users/chigasaki_y
2026-09-26 14:47:37 | INFO     | Saving at a/skeb/chigasaki_y-921324.json
2026-09-26 14:47:38 | INFO     | OK https://skeb.jp/api/users/Lv9o5
2026-09-26 14:47:38 | INFO     | Saving at a/skeb/Lv9o5-482feb.json
2026-09-26 14:47:39 | INFO     | OK https://skeb.jp/api/users/wanohikamemo2
2026-09-26 14:47:39 | INFO     | Saving at a/skeb/wanohikamemo2-19cb23.json
2026-09-26 14:47:40 | INFO     | OK https://skeb.jp/api/users/Aomatu_Spaghe
2026-09-26 14:47:40 | INFO     | Saving at a/skeb/Aomatu_Spaghe-afffbc.json
2026-09-26 14:47:41 | INFO     | OK https://skeb.jp/api/users/shiro_SRMSK
2026-09-26 14:47:41 | INFO     | Saving at a/skeb/shiro_SRMSK-c441c2.json
2026-09-26 14:47:42 | INFO     | OK https://skeb.jp/api/users/mmmofuni
2026-09-26 14:47:42 | INFO     | Saving at a/skeb/mmmofuni-361daf.json
2026-09-26 14:47:43 | INFO     | OK https://skeb.jp/api/users/ogumanemu
2026-09-26 14:47:43 | INFO     | Saving at a/skeb/ogumanemu-c6ac69.json
2026-09-26 14:47:44 | INFO     | OK https://skeb.jp/api/users/shifumame0354
2026-09-26 14:47:44 | INFO     | Saving at a/skeb/shifumame0354-b4bb4b.json
2026-09-26 14:47:45 | INFO     | OK https://skeb.jp/api/users/Loki_kn
2026-09-26 14:47:45 | INFO     | Saving at a/skeb/Loki_kn-66d3df.json
2026-09-26 14:47:46 | INFO     | OK https://skeb.jp/api/users/z1vfcd2
2026-09-26 14:47:46 | INFO     | Saving at a/skeb/z1vfcd2-3cc6cb.json
2026-09-26 14:47:47 | INFO     | OK https://skeb.jp/api/users/Byellowlightst1
2026-09-26 14:47:47 | INFO     | Saving at a/skeb/Byellowlightst1-a19270.json
2026-09-26 14:47:48 | INFO     | OK https://skeb.jp/api/users/rakugaki_kt2
2026-09-26 14:47:48 | INFO     | Saving at a/skeb/rakugaki_kt2-81fb46.json
2026-09-26 14:47:49 | INFO     | OK https://skeb.jp/api/users/opachomouse2008
2026-09-26 14:47:49 | INFO     | Saving at a/skeb/opachomouse2008-cb53a6.json
2026-09-26 14:47:50 | INFO     | OK https://skeb.jp/api/users/tokumori_kaisen
2026-09-26 14:47:50 | INFO     | Saving at a/skeb/tokumori_kaisen-d66d7c.json
2026-09-26 14:47:51 | INFO     | OK https://skeb.jp/api/users/soskodiony
2026-09-26 14:47:51 | INFO     | Saving at a/skeb/soskodiony-c4ccdd.json
2026-09-26 14:47:52 | INFO     | OK https://skeb.jp/api/users/grab_pigeon
2026-09-26 14:47:52 | INFO     | Saving at a/skeb/grab_pigeon-5ec946.json
2026-09-26 14:47:53 | INFO     | OK https://skeb.jp/api/users/utakatanohito
2026-09-26 14:47:53 | INFO     | Saving at a/skeb/utakatanohito-97fc08.json
2026-09-26 14:47:54 | INFO     | OK https://skeb.jp/api/users/WRxSr2hP0CLzxrc
2026-09-26 14:47:54 | INFO     | Saving at a/skeb/WRxSr2hP0CLzxrc-e651c0.json
2026-09-26 14:47:55 | INFO     | OK https://skeb.jp/api/users/UXbD2AZ93g42071
2026-09-26 14:47:55 | INFO     | Saving at a/skeb/UXbD2AZ93g42071-4bd72d.json
2026-09-26 14:47:56 | INFO     | OK https://skeb.jp/api/users/yuta_753
2026-09-26 14:47:56 | INFO     | Saving at a/skeb/yuta_753-542a99.json
2026-09-26 14:47:57 | INFO     | OK https://skeb.jp/api/users/mimimitenten3
2026-09-26 14:47:57 | INFO     | Saving at a/skeb/mimimitenten3-747768.json
2026-09-26 14:47:58 | INFO     | OK https://skeb.jp/api/users/d185w
2026-09-26 14:47:58 | INFO     | Saving at a/skeb/d185w-ed68bf.json
2026-09-26 14:47:59 | INFO     | OK https://skeb.jp/api/users/himodayoo
2026-09-26 14:47:59 | INFO     | Saving at a/skeb/himodayoo-a00bbc.json
2026-09-26 14:48:00 | INFO     | OK https://skeb.jp/api/users/Shibazakie_
2026-09-26 14:48:00 | INFO     | Saving at a/skeb/Shibazakie_-242fb0.json
2026-09-26 14:48:01 | INFO     | OK https://skeb.jp/api/users/mwtm_s
2026-09-26 14:48:01 | INFO     | Saving at a/skeb/mwtm_s-e43ad3.json
2026-09-26 14:48:02 | INFO     | OK https://skeb.jp/api/users/yagitetsu
2026-09-26 14:48:02 | INFO     | Saving at a/skeb/yagitetsu-ac0c6b.json
2026-09-26 14:48:03 | INFO     | OK https://skeb.jp/api/users/sub_jelly
2026-09-26 14:48:03 | INFO     | Saving at a/skeb/sub_jelly-078578.json
2026-09-26 14:48:04 | INFO     | OK https://skeb.jp/api/users/_mitoku
2026-09-26 14:48:04 | INFO     | Saving at a/skeb/_mitoku-9e74ea.json
2026-09-26 14:48:05 | INFO     | OK https://skeb.jp/api/users/Rei_hinasuki
2026-09-26 14:48:05 | INFO     | Saving at a/skeb/Rei_hinasuki-d49738.json
2026-09-26 14:48:06 | INFO     | OK https://skeb.jp/api/users/yuto_noirm08
2026-09-26 14:48:06 | INFO     | Saving at a/skeb/yuto_noirm08-b721dc.json
2026-09-26 14:48:07 | INFO     | OK https://skeb.jp/api/users/JoyJoyLAND_
2026-09-26 14:48:07 | INFO     | Saving at a/skeb/JoyJoyLAND_-e5ae2e.json
2026-09-26 14:48:08 | INFO     | OK https://skeb.jp/api/users/nannkasugoibeam
2026-09-26 14:48:08 | INFO     | Saving at a/skeb/nannkasugoibeam-25743d.json
2026-09-26 14:48:09 | INFO     | OK https://skeb.jp/api/users/oeoji_jp
2026-09-26 14:48:09 | INFO     | Saving at a/skeb/oeoji_jp-3e25fc.json
2026-09-26 14:48:10 | INFO     | OK https://skeb.jp/api/users/SkCa_11
2026-09-26 14:48:10 | INFO     | Saving at a/skeb/SkCa_11-1fe909.json
2026-09-26 14:48:11 | INFO     | OK https://skeb.jp/api/users/kinnnichan
2026-09-26 14:48:11 | INFO     | Saving at a/skeb/kinnnichan-a676b9.json
2026-09-26 14:48:12 | INFO     | OK https://skeb.jp/api/users/vx7bj
2026-09-26 14:48:12 | INFO     | Saving at a/skeb/vx7bj-75ae3a.json
2026-09-26 14:48:13 | INFO     | OK https://skeb.jp/api/users/re_stew
2026-09-26 14:48:13 | INFO     | Saving at a/skeb/re_stew-bc6616.json
2026-09-26 14:48:14 | INFO     | OK https://skeb.jp/api/users/yabaiyo66666
2026-09-26 14:48:14 | INFO     | Saving at a/skeb/yabaiyo66666-bbcd60.json
2026-09-26 14:48:15 | INFO     | OK https://skeb.jp/api/users/Ixy
2026-09-26 14:48:15 | INFO     | Saving at a/skeb/Ixy-70a391.json
2026-09-26 14:48:16 | INFO     | OK https://skeb.jp/api/users/_Neyrpg
2026-09-26 14:48:16 | INFO     | Saving at a/skeb/_Neyrpg-6b7b4c.json
2026-09-26 14:48:17 | INFO     | OK https://skeb.jp/api/users/XoX_sae_
2026-09-26 14:48:17 | INFO     | Saving at a/skeb/XoX_sae_-783659.json
2026-09-26 14:48:18 | INFO     | OK https://skeb.jp/api/users/9DRbQUrN70
2026-09-26 14:48:18 | INFO     | Saving at a/skeb/9DRbQUrN70-a4620c.json
2026-09-26 14:48:19 | INFO     | OK https://skeb.jp/api/users/u_oxalis
2026-09-26 14:48:19 | INFO     | Saving at a/skeb/u_oxalis-87b449.json
2026-09-26 14:48:21 | INFO     | OK https://skeb.jp/api/users/uodaxz
2026-09-26 14:48:21 | INFO     | Saving at a/skeb/uodaxz-2529c1.json
2026-09-26 14:48:21 | INFO     | OK https://skeb.jp/api/users/hunwarishio
2026-09-26 14:48:21 | INFO     | Saving at a/skeb/hunwarishio-66fb89.json
2026-09-26 14:48:22 | INFO     | OK https://skeb.jp/api/users/kgrn_12
2026-09-26 14:48:22 | INFO     | Saving at a/skeb/kgrn_12-875dc7.json
2026-09-26 14:48:23 | INFO     | OK https://skeb.jp/api/users/oyayubi_iii
2026-09-26 14:48:23 | INFO     | Saving at a/skeb/oyayubi_iii-0f6ad4.json
2026-09-26 14:48:25 | INFO     | OK https://skeb.jp/api/users/NtyaO2
2026-09-26 14:48:25 | INFO     | Saving at a/skeb/NtyaO2-214ca4.json
2026-09-26 14:48:25 | INFO     | OK https://skeb.jp/api/users/VHELAz7GrY74280
2026-09-26 14:48:25 | INFO     | Saving at a/skeb/VHELAz7GrY74280-1d8fb3.json
2026-09-26 14:48:27 | INFO     | OK https://skeb.jp/api/users/UminoKio
2026-09-26 14:48:27 | INFO     | Saving at a/skeb/UminoKio-437fb4.json
2026-09-26 14:48:27 | INFO     | OK https://skeb.jp/api/users/suguru_szk
2026-09-26 14:48:27 | INFO     | Saving at a/skeb/suguru_szk-c9c4fb.json
2026-09-26 14:48:28 | INFO     | OK https://skeb.jp/api/users/lychee_kashima
2026-09-26 14:48:28 | INFO     | Saving at a/skeb/lychee_kashima-2f51d3.json
2026-09-26 14:48:29 | INFO     | OK https://skeb.jp/api/users/youai_you
2026-09-26 14:48:29 | INFO     | Saving at a/skeb/youai_you-105af3.json
2026-09-26 14:48:30 | INFO     | OK https://skeb.jp/api/users/nagi_ailesmer
2026-09-26 14:48:30 | INFO     | Saving at a/skeb/nagi_ailesmer-38b7e0.json
2026-09-26 14:48:31 | INFO     | OK https://skeb.jp/api/users/rT8ChfHbFiesRdN
2026-09-26 14:48:31 | INFO     | Saving at a/skeb/rT8ChfHbFiesRdN-033cb4.json
2026-09-26 14:48:32 | INFO     | OK https://skeb.jp/api/users/Ryuto7075
2026-09-26 14:48:32 | INFO     | Saving at a/skeb/Ryuto7075-8de254.json
2026-09-26 14:48:33 | INFO     | OK https://skeb.jp/api/users/mujimuji1010
2026-09-26 14:48:33 | INFO     | Saving at a/skeb/mujimuji1010-afd27e.json
2026-09-26 14:48:34 | INFO     | OK https://skeb.jp/api/users/wasabi22600110
2026-09-26 14:48:34 | INFO     | Saving at a/skeb/wasabi22600110-099a20.json
2026-09-26 14:48:35 | INFO     | OK https://skeb.jp/api/users/S_masa_0
2026-09-26 14:48:35 | INFO     | Saving at a/skeb/S_masa_0-b66683.json
2026-09-26 14:48:36 | INFO     | OK https://skeb.jp/api/users/mdenamimi
2026-09-26 14:48:36 | INFO     | Saving at a/skeb/mdenamimi-f411ff.json
2026-09-26 14:48:37 | INFO     | OK https://skeb.jp/api/users/minmin2145
2026-09-26 14:48:37 | INFO     | Saving at a/skeb/minmin2145-61708b.json
2026-09-26 14:48:38 | INFO     | OK https://skeb.jp/api/users/NATAKO478
2026-09-26 14:48:38 | INFO     | Saving at a/skeb/NATAKO478-815892.json
2026-09-26 14:48:39 | INFO     | OK https://skeb.jp/api/users/nebusokuma_
2026-09-26 14:48:39 | INFO     | Saving at a/skeb/nebusokuma_-c0d8e8.json
2026-09-26 14:48:40 | INFO     | OK https://skeb.jp/api/users/zebrakananTR
2026-09-26 14:48:40 | INFO     | Saving at a/skeb/zebrakananTR-fda77d.json
2026-09-26 14:48:41 | INFO     | OK https://skeb.jp/api/users/Chilfa_112
2026-09-26 14:48:41 | INFO     | Saving at a/skeb/Chilfa_112-0ea692.json
2026-09-26 14:48:42 | INFO     | OK https://skeb.jp/api/users/___kazubaribb2
2026-09-26 14:48:42 | INFO     | Saving at a/skeb/___kazubaribb2-156b63.json
2026-09-26 14:48:43 | INFO     | OK https://skeb.jp/api/users/J0nniid
2026-09-26 14:48:43 | INFO     | Saving at a/skeb/J0nniid-afb22e.json
2026-09-26 14:48:44 | INFO     | OK https://skeb.jp/api/users/humotaru
2026-09-26 14:48:44 | INFO     | Saving at a/skeb/humotaru-efaf36.json
2026-09-26 14:48:45 | INFO     | OK https://skeb.jp/api/users/nuru_himmel
2026-09-26 14:48:45 | INFO     | Saving at a/skeb/nuru_himmel-fa1aa2.json
2026-09-26 14:48:46 | INFO     | OK https://skeb.jp/api/users/imo_umai02
2026-09-26 14:48:46 | INFO     | Saving at a/skeb/imo_umai02-e437ba.json
2026-09-26 14:48:47 | INFO     | OK https://skeb.jp/api/users/Noko_robunbun
2026-09-26 14:48:47 | INFO     | Saving at a/skeb/Noko_robunbun-8d149c.json
2026-09-26 14:48:48 | INFO     | OK https://skeb.jp/api/users/yadome810
2026-09-26 14:48:48 | INFO     | Saving at a/skeb/yadome810-823ba6.json
2026-09-26 14:48:49 | INFO     | OK https://skeb.jp/api/users/Neshiki969
2026-09-26 14:48:49 | INFO     | Saving at a/skeb/Neshiki969-7cf364.json
2026-09-26 14:48:50 | INFO     | OK https://skeb.jp/api/users/_aruva_
2026-09-26 14:48:50 | INFO     | Saving at a/skeb/_aruva_-9e42f1.json
2026-09-26 14:48:51 | INFO     | OK https://skeb.jp/api/users/elegrna
2026-09-26 14:48:51 | INFO     | Saving at a/skeb/elegrna-2cbb4a.json
2026-09-26 14:48:52 | INFO     | OK https://skeb.jp/api/users/saimo_imoimo
2026-09-26 14:48:52 | INFO     | Saving at a/skeb/saimo_imoimo-4ab873.json
2026-09-26 14:48:53 | INFO     | OK https://skeb.jp/api/users/Kenkou77
2026-09-26 14:48:53 | INFO     | Saving at a/skeb/Kenkou77-42b484.json
2026-09-26 14:48:54 | INFO     | OK https://skeb.jp/api/users/yusa_yuyu
2026-09-26 14:48:54 | INFO     | Saving at a/skeb/yusa_yuyu-f8d867.json
2026-09-26 14:48:55 | INFO     | OK https://skeb.jp/api/users/lan_a_3h2o
2026-09-26 14:48:55 | INFO     | Saving at a/skeb/lan_a_3h2o-ea87c2.json
2026-09-26 14:48:56 | INFO     | OK https://skeb.jp/api/users/inasa_orange
2026-09-26 14:48:56 | INFO     | Saving at a/skeb/inasa_orange-361a0a.json
2026-09-26 14:48:57 | INFO     | OK https://skeb.jp/api/users/n_ntamago_
2026-09-26 14:48:57 | INFO     | Saving at a/skeb/n_ntamago_-4c890e.json
2026-09-26 14:48:58 | INFO     | OK https://skeb.jp/api/users/4610_noa
2026-09-26 14:48:58 | INFO     | Saving at a/skeb/4610_noa-6ab35c.json
2026-09-26 14:48:58 | INFO     | Saving at a/skeb/4610_noa-6ab35c.json
2026-09-26 14:48:59 | INFO     | OK https://skeb.jp/api/users/kurozuui
2026-09-26 14:48:59 | INFO     | Saving at a/skeb/kurozuui-3c8f10.json
2026-09-26 14:49:00 | INFO     | OK https://skeb.jp/api/users/mokokoiro
2026-09-26 14:49:00 | INFO     | Saving at a/skeb/mokokoiro-316b40.json
2026-09-26 14:49:02 | INFO     | OK https://skeb.jp/api/users/muuhai_miyagida
2026-09-26 14:49:02 | INFO     | Saving at a/skeb/muuhai_miyagida-1ccfb8.json
2026-09-26 14:49:02 | INFO     | OK https://skeb.jp/api/users/soui_skeb
2026-09-26 14:49:02 | INFO     | Saving at a/skeb/soui_skeb-ea1abb.json
2026-09-26 14:49:03 | INFO     | OK https://skeb.jp/api/users/tea_roman
2026-09-26 14:49:03 | INFO     | Saving at a/skeb/tea_roman-e8d0ea.json
2026-09-26 14:49:04 | INFO     | OK https://skeb.jp/api/users/hbidwm
2026-09-26 14:49:04 | INFO     | Saving at a/skeb/hbidwm-754431.json
2026-09-26 14:49:05 | INFO     | OK https://skeb.jp/api/users/R_i_P___M
2026-09-26 14:49:05 | INFO     | Saving at a/skeb/R_i_P___M-edbfa2.json
2026-09-26 14:49:06 | INFO     | OK https://skeb.jp/api/users/kozome_blue
2026-09-26 14:49:06 | INFO     | Saving at a/skeb/kozome_blue-a2d21e.json
2026-09-26 14:49:07 | INFO     | OK https://skeb.jp/api/users/Redkingtaraba
2026-09-26 14:49:07 | INFO     | Saving at a/skeb/Redkingtaraba-4e3887.json
2026-09-26 14:49:08 | INFO     | OK https://skeb.jp/api/users/go_e_0000
2026-09-26 14:49:08 | INFO     | Saving at a/skeb/go_e_0000-36d826.json
2026-09-26 14:49:09 | INFO     | OK https://skeb.jp/api/users/foN_r18
2026-09-26 14:49:09 | INFO     | Saving at a/skeb/foN_r18-98d2c8.json
2026-09-26 14:49:10 | INFO     | OK https://skeb.jp/api/users/dogfuji15
2026-09-26 14:49:10 | INFO     | Saving at a/skeb/dogfuji15-a4ea0e.json
2026-09-26 14:49:11 | INFO     | OK https://skeb.jp/api/users/hanano_d
2026-09-26 14:49:11 | INFO     | Saving at a/skeb/hanano_d-55dbd8.json
2026-09-26 14:49:12 | INFO     | OK https://skeb.jp/api/users/pariparihosiimo
2026-09-26 14:49:12 | INFO     | Saving at a/skeb/pariparihosiimo-18642f.json
2026-09-26 14:49:13 | INFO     | OK https://skeb.jp/api/users/UC91776165
2026-09-26 14:49:13 | INFO     | Saving at a/skeb/UC91776165-adf9e5.json
2026-09-26 14:49:14 | INFO     | OK https://skeb.jp/api/users/toyamakino
2026-09-26 14:49:14 | INFO     | Saving at a/skeb/toyamakino-0a7ea8.json
2026-09-26 14:49:15 | INFO     | OK https://skeb.jp/api/users/herigarasu
2026-09-26 14:49:15 | INFO     | Saving at a/skeb/herigarasu-8ed9b0.json
2026-09-26 14:49:16 | INFO     | OK https://skeb.jp/api/users/unagiPost
2026-09-26 14:49:16 | INFO     | Saving at a/skeb/unagiPost-484318.json
2026-09-26 14:49:17 | INFO     | OK https://skeb.jp/api/users/skeb_k4
2026-09-26 14:49:17 | INFO     | Saving at a/skeb/skeb_k4-4892e0.json
2026-09-26 14:49:18 | INFO     | OK https://skeb.jp/api/users/gomadenp
2026-09-26 14:49:18 | INFO     | Saving at a/skeb/gomadenp-67287f.json
2026-09-26 14:49:19 | INFO     | OK https://skeb.jp/api/users/30__30_
2026-09-26 14:49:19 | INFO     | Saving at a/skeb/30__30_-db024d.json
2026-09-26 14:49:20 | INFO     | OK https://skeb.jp/api/users/toribukuro2000
2026-09-26 14:49:20 | INFO     | Saving at a/skeb/toribukuro2000-eb529d.json
2026-09-26 14:49:21 | INFO     | OK https://skeb.jp/api/users/ShirasuKuretaka
2026-09-26 14:49:21 | INFO     | Saving at a/skeb/ShirasuKuretaka-0ec7a3.json
2026-09-26 14:49:22 | INFO     | OK https://skeb.jp/api/users/RiotTycoon
2026-09-26 14:49:22 | INFO     | Saving at a/skeb/RiotTycoon-58c82b.json
2026-09-26 14:49:23 | INFO     | OK https://skeb.jp/api/users/sonuandbooks
2026-09-26 14:49:23 | INFO     | Saving at a/skeb/sonuandbooks-0bbffb.json
2026-09-26 14:49:24 | INFO     | OK https://skeb.jp/api/users/heyjackbomb
2026-09-26 14:49:24 | INFO     | Saving at a/skeb/heyjackbomb-9bdf8e.json
2026-09-26 14:49:25 | INFO     | OK https://skeb.jp/api/users/Aosaki_Licht
2026-09-26 14:49:25 | INFO     | Saving at a/skeb/Aosaki_Licht-e857dd.json
2026-09-26 14:49:26 | INFO     | OK https://skeb.jp/api/users/25_Kimera
2026-09-26 14:49:26 | INFO     | Saving at a/skeb/25_Kimera-f429a0.json
2026-09-26 14:49:27 | INFO     | OK https://skeb.jp/api/users/kohsuke_krsk
2026-09-26 14:49:27 | INFO     | Saving at a/skeb/kohsuke_krsk-81a562.json
2026-09-26 14:49:28 | INFO     | OK https://skeb.jp/api/users/2en_nah
2026-09-26 14:49:28 | INFO     | Saving at a/skeb/2en_nah-65721c.json
2026-09-26 14:49:29 | INFO     | OK https://skeb.jp/api/users/Owozora
2026-09-26 14:49:29 | INFO     | Saving at a/skeb/Owozora-343322.json
2026-09-26 14:49:31 | INFO     | OK https://skeb.jp/api/users/kusunokiibunya
2026-09-26 14:49:31 | INFO     | Saving at a/skeb/kusunokiibunya-8d890c.json
2026-09-26 14:49:31 | INFO     | OK https://skeb.jp/api/users/ushichansama
2026-09-26 14:49:31 | INFO     | Saving at a/skeb/ushichansama-f23324.json
2026-09-26 14:49:32 | INFO     | OK https://skeb.jp/api/users/me5wds
2026-09-26 14:49:32 | INFO     | Saving at a/skeb/me5wds-f687cc.json
2026-09-26 14:49:33 | INFO     | OK https://skeb.jp/api/users/biginu_smallinu
2026-09-26 14:49:33 | INFO     | Saving at a/skeb/biginu_smallinu-b50461.json
2026-09-26 14:49:34 | INFO     | OK https://skeb.jp/api/users/machurin
2026-09-26 14:49:34 | INFO     | Saving at a/skeb/machurin-a6fae4.json
2026-09-26 14:49:35 | INFO     | OK https://skeb.jp/api/users/MamehukuAzuki
2026-09-26 14:49:35 | INFO     | Saving at a/skeb/MamehukuAzuki-999c82.json
2026-09-26 14:49:36 | INFO     | OK https://skeb.jp/api/users/tutakazura000
2026-09-26 14:49:36 | INFO     | Saving at a/skeb/tutakazura000-d3e79b.json
2026-09-26 14:49:37 | INFO     | OK https://skeb.jp/api/users/sayA_t6
2026-09-26 14:49:37 | INFO     | Saving at a/skeb/sayA_t6-328ef3.json
2026-09-26 14:49:38 | INFO     | OK https://skeb.jp/api/users/blue_star_q
2026-09-26 14:49:38 | INFO     | Saving at a/skeb/blue_star_q-1959f5.json
2026-09-26 14:49:39 | INFO     | OK https://skeb.jp/api/users/Kyouunmaru_vrc
2026-09-26 14:49:39 | INFO     | Saving at a/skeb/Kyouunmaru_vrc-be1881.json
2026-09-26 14:49:40 | INFO     | OK https://skeb.jp/api/users/ho_u_u_bo
2026-09-26 14:49:40 | INFO     | Saving at a/skeb/ho_u_u_bo-d395da.json
2026-09-26 14:49:41 | INFO     | OK https://skeb.jp/api/users/art_Tajimamo
2026-09-26 14:49:41 | INFO     | Saving at a/skeb/art_Tajimamo-c9fda5.json
2026-09-26 14:49:42 | INFO     | OK https://skeb.jp/api/users/Shame_on_1031
2026-09-26 14:49:42 | INFO     | Saving at a/skeb/Shame_on_1031-975925.json
2026-09-26 14:49:43 | INFO     | OK https://skeb.jp/api/users/iRtLfBAxdr
2026-09-26 14:49:43 | INFO     | Saving at a/skeb/iRtLfBAxdr-41d871.json
2026-09-26 14:49:44 | INFO     | OK https://skeb.jp/api/users/Togame_Uto
2026-09-26 14:49:44 | INFO     | Saving at a/skeb/Togame_Uto-984031.json
2026-09-26 14:49:45 | INFO     | OK https://skeb.jp/api/users/Nakasago35
2026-09-26 14:49:45 | INFO     | Saving at a/skeb/Nakasago35-a4c3ec.json
2026-09-26 14:49:46 | INFO     | OK https://skeb.jp/api/users/djmmk92
2026-09-26 14:49:46 | INFO     | Saving at a/skeb/djmmk92-7a6075.json
2026-09-26 14:49:47 | INFO     | OK https://skeb.jp/api/users/Eeeowl
2026-09-26 14:49:47 | INFO     | Saving at a/skeb/Eeeowl-e8b074.json
2026-09-26 14:49:48 | INFO     | OK https://skeb.jp/api/users/nisekata
2026-09-26 14:49:48 | INFO     | Saving at a/skeb/nisekata-81ede8.json
2026-09-26 14:49:50 | INFO     | OK https://skeb.jp/api/users/Unconsc130
2026-09-26 14:49:50 | INFO     | Saving at a/skeb/Unconsc130-f91e08.json
2026-09-26 14:49:50 | INFO     | OK https://skeb.jp/api/users/er_ztv
2026-09-26 14:49:50 | INFO     | Saving at a/skeb/er_ztv-21e97e.json
2026-09-26 14:49:51 | INFO     | OK https://skeb.jp/api/users/SaltPotato207
2026-09-26 14:49:51 | INFO     | Saving at a/skeb/SaltPotato207-423b79.json
2026-09-26 14:49:52 | INFO     | OK https://skeb.jp/api/users/Luichan_LIKE
2026-09-26 14:49:52 | INFO     | Saving at a/skeb/Luichan_LIKE-345b5a.json
2026-09-26 14:49:53 | INFO     | OK https://skeb.jp/api/users/06153NOHI
2026-09-26 14:49:53 | INFO     | Saving at a/skeb/06153NOHI-2f579a.json
2026-09-26 14:49:54 | INFO     | OK https://skeb.jp/api/users/oza_osuwari_tw
2026-09-26 14:49:54 | INFO     | Saving at a/skeb/oza_osuwari_tw-292501.json
2026-09-26 14:49:55 | INFO     | OK https://skeb.jp/api/users/15delicious
2026-09-26 14:49:55 | INFO     | Saving at a/skeb/15delicious-05b3be.json
2026-09-26 14:49:56 | INFO     | OK https://skeb.jp/api/users/2u_jz
2026-09-26 14:49:56 | INFO     | Saving at a/skeb/2u_jz-dd5768.json
2026-09-26 14:49:57 | INFO     | OK https://skeb.jp/api/users/mkmc_tsyn
2026-09-26 14:49:57 | INFO     | Saving at a/skeb/mkmc_tsyn-3c76eb.json
2026-09-26 14:49:58 | INFO     | OK https://skeb.jp/api/users/Telight_
2026-09-26 14:49:58 | INFO     | Saving at a/skeb/Telight_-546230.json
2026-09-26 14:49:59 | INFO     | OK https://skeb.jp/api/users/toriovfl_TRPG
2026-09-26 14:49:59 | INFO     | Saving at a/skeb/toriovfl_TRPG-d09e10.json
2026-09-26 14:50:00 | INFO     | OK https://skeb.jp/api/users/kodomero_x
2026-09-26 14:50:00 | INFO     | Saving at a/skeb/kodomero_x-6632af.json
2026-09-26 14:50:01 | INFO     | OK https://skeb.jp/api/users/tori_buta_ushi_
2026-09-26 14:50:01 | INFO     | Saving at a/skeb/tori_buta_ushi_-a3b9f4.json
2026-09-26 14:50:02 | INFO     | OK https://skeb.jp/api/users/iaia_58
2026-09-26 14:50:02 | INFO     | Saving at a/skeb/iaia_58-af355a.json
2026-09-26 14:50:03 | INFO     | OK https://skeb.jp/api/users/milano_onaka
2026-09-26 14:50:03 | INFO     | Saving at a/skeb/milano_onaka-2e0ce8.json
2026-09-26 14:50:04 | INFO     | OK https://skeb.jp/api/users/BLO_O_M_
2026-09-26 14:50:04 | INFO     | Saving at a/skeb/BLO_O_M_-0eda8c.json
2026-09-26 14:50:05 | INFO     | OK https://skeb.jp/api/users/senriash
2026-09-26 14:50:05 | INFO     | Saving at a/skeb/senriash-1b5306.json
2026-09-26 14:50:06 | INFO     | OK https://skeb.jp/api/users/_As21_00
2026-09-26 14:50:06 | INFO     | Saving at a/skeb/_As21_00-9d9378.json
2026-09-26 14:50:07 | INFO     | OK https://skeb.jp/api/users/yutch_kmn
2026-09-26 14:50:07 | INFO     | Saving at a/skeb/yutch_kmn-9d0e4c.json
2026-09-26 14:50:08 | INFO     | OK https://skeb.jp/api/users/Tsky_Shibeta
2026-09-26 14:50:08 | INFO     | Saving at a/skeb/Tsky_Shibeta-0e97ee.json
2026-09-26 14:50:09 | INFO     | OK https://skeb.jp/api/users/prn0112
2026-09-26 14:50:09 | INFO     | Saving at a/skeb/prn0112-e09996.json
2026-09-26 14:50:10 | INFO     | OK https://skeb.jp/api/users/osushi_kome
2026-09-26 14:50:10 | INFO     | Saving at a/skeb/osushi_kome-600f73.json
2026-09-26 14:50:12 | INFO     | OK https://skeb.jp/api/users/fujisawa_a3
2026-09-26 14:50:12 | INFO     | Saving at a/skeb/fujisawa_a3-d13572.json
2026-09-26 14:50:12 | INFO     | OK https://skeb.jp/api/users/terisa52853
2026-09-26 14:50:12 | INFO     | Saving at a/skeb/terisa52853-feb8d1.json
2026-09-26 14:50:14 | INFO     | OK https://skeb.jp/api/users/tfv
2026-09-26 14:50:14 | INFO     | Saving at a/skeb/tfv-d5e1d1.json
2026-09-26 14:50:14 | INFO     | OK https://skeb.jp/api/users/FiraHaru
2026-09-26 14:50:14 | INFO     | Saving at a/skeb/FiraHaru-8846be.json
2026-09-26 14:50:15 | INFO     | OK https://skeb.jp/api/users/kittanke_illust
2026-09-26 14:50:15 | INFO     | Saving at a/skeb/kittanke_illust-aa4d2e.json
2026-09-26 14:50:16 | INFO     | OK https://skeb.jp/api/users/blueStardust_
2026-09-26 14:50:16 | INFO     | Saving at a/skeb/blueStardust_-d720b8.json
2026-09-26 14:50:17 | INFO     | OK https://skeb.jp/api/users/myocosub
2026-09-26 14:50:17 | INFO     | Saving at a/skeb/myocosub-3fac5c.json
2026-09-26 14:50:18 | INFO     | OK https://skeb.jp/api/users/dadadaeki00R
2026-09-26 14:50:18 | INFO     | Saving at a/skeb/dadadaeki00R-d77ac0.json
2026-09-26 14:50:19 | INFO     | OK https://skeb.jp/api/users/sabawye_TRPG
2026-09-26 14:50:19 | INFO     | Saving at a/skeb/sabawye_TRPG-8cf720.json
2026-09-26 14:50:20 | INFO     | OK https://skeb.jp/api/users/tablet_dream
2026-09-26 14:50:20 | INFO     | Saving at a/skeb/tablet_dream-3bd92c.json
2026-09-26 14:50:21 | INFO     | OK https://skeb.jp/api/users/VKbAXbj3kQ
2026-09-26 14:50:21 | INFO     | Saving at a/skeb/VKbAXbj3kQ-98c3ec.json
2026-09-26 14:50:22 | INFO     | OK https://skeb.jp/api/users/peeee_koo
2026-09-26 14:50:22 | INFO     | Saving at a/skeb/peeee_koo-0d01b7.json
2026-09-26 14:50:24 | INFO     | OK https://skeb.jp/api/users/harutsuyu_pics3
2026-09-26 14:50:24 | INFO     | Saving at a/skeb/harutsuyu_pics3-9cebc2.json
2026-09-26 14:50:24 | INFO     | OK https://skeb.jp/api/users/mere396mere
2026-09-26 14:50:24 | INFO     | Saving at a/skeb/mere396mere-cb7a05.json
2026-09-26 14:50:26 | INFO     | OK https://skeb.jp/api/users/furuihou
2026-09-26 14:50:26 | INFO     | Saving at a/skeb/furuihou-b592aa.json
2026-09-26 14:50:26 | INFO     | OK https://skeb.jp/api/users/ma2uwa
2026-09-26 14:50:26 | INFO     | Saving at a/skeb/ma2uwa-ff791f.json
2026-09-26 14:50:27 | INFO     | OK https://skeb.jp/api/users/tanakauyu0424
2026-09-26 14:50:27 | INFO     | Saving at a/skeb/tanakauyu0424-eba5fe.json
2026-09-26 14:50:28 | INFO     | OK https://skeb.jp/api/users/citenomena
2026-09-26 14:50:28 | INFO     | Saving at a/skeb/citenomena-bdb6b3.json
2026-09-26 14:50:29 | INFO     | OK https://skeb.jp/api/users/bunchouoishii
2026-09-26 14:50:29 | INFO     | Saving at a/skeb/bunchouoishii-2f812c.json
2026-09-26 14:50:31 | INFO     | OK https://skeb.jp/api/users/Dchan_taiDa
2026-09-26 14:50:31 | INFO     | Saving at a/skeb/Dchan_taiDa-d8eb83.json
2026-09-26 14:50:31 | INFO     | OK https://skeb.jp/api/users/O3VXQ9
2026-09-26 14:50:31 | INFO     | Saving at a/skeb/O3VXQ9-02a523.json
2026-09-26 14:50:32 | INFO     | OK https://skeb.jp/api/users/IEI0o_o
2026-09-26 14:50:32 | INFO     | Saving at a/skeb/IEI0o_o-07902b.json
2026-09-26 14:50:33 | INFO     | OK https://skeb.jp/api/users/Kittatsu_toku
2026-09-26 14:50:34 | INFO     | Saving at a/skeb/Kittatsu_toku-60629a.json
2026-09-26 14:50:34 | INFO     | OK https://skeb.jp/api/users/Petal_Sea
2026-09-26 14:50:34 | INFO     | Saving at a/skeb/Petal_Sea-3db718.json
2026-09-26 14:50:35 | INFO     | OK https://skeb.jp/api/users/n8znaz
2026-09-26 14:50:35 | INFO     | Saving at a/skeb/n8znaz-c6bba0.json
2026-09-26 14:50:36 | INFO     | OK https://skeb.jp/api/users/kichune_kichu
2026-09-26 14:50:36 | INFO     | Saving at a/skeb/kichune_kichu-1695a8.json
2026-09-26 14:50:37 | INFO     | OK https://skeb.jp/api/users/kazz8_
2026-09-26 14:50:37 | INFO     | Saving at a/skeb/kazz8_-228f19.json
2026-09-26 14:50:38 | INFO     | OK https://skeb.jp/api/users/nnnkkk_29
2026-09-26 14:50:38 | INFO     | Saving at a/skeb/nnnkkk_29-0a73b3.json
2026-09-26 14:50:40 | INFO     | OK https://skeb.jp/api/users/papermoon_game
2026-09-26 14:50:40 | INFO     | Saving at a/skeb/papermoon_game-1ea7a7.json
2026-09-26 14:50:40 | INFO     | OK https://skeb.jp/api/users/SDSkeb2
2026-09-26 14:50:40 | INFO     | Saving at a/skeb/SDSkeb2-e00b1a.json
2026-09-26 14:50:41 | INFO     | OK https://skeb.jp/api/users/ZemkTr83in
2026-09-26 14:50:41 | INFO     | Saving at a/skeb/ZemkTr83in-054311.json
2026-09-26 14:50:42 | INFO     | OK https://skeb.jp/api/users/TRPGyaritaiseti
2026-09-26 14:50:42 | INFO     | Saving at a/skeb/TRPGyaritaiseti-72096d.json
2026-09-26 14:50:43 | INFO     | OK https://skeb.jp/api/users/dairi155
2026-09-26 14:50:43 | INFO     | Saving at a/skeb/dairi155-098ec5.json
2026-09-26 14:50:44 | INFO     | OK https://skeb.jp/api/users/ten102021
2026-09-26 14:50:44 | INFO     | Saving at a/skeb/ten102021-cfd070.json
2026-09-26 14:50:45 | INFO     | OK https://skeb.jp/api/users/bakusaiDX
2026-09-26 14:50:45 | INFO     | Saving at a/skeb/bakusaiDX-40f178.json
2026-09-26 14:50:46 | INFO     | OK https://skeb.jp/api/users/TomMukai
2026-09-26 14:50:46 | INFO     | Saving at a/skeb/TomMukai-cfb2f4.json
2026-09-26 14:50:47 | INFO     | OK https://skeb.jp/api/users/_Zeromaki
2026-09-26 14:50:47 | INFO     | Saving at a/skeb/_Zeromaki-409881.json
2026-09-26 14:50:48 | INFO     | OK https://skeb.jp/api/users/This_is_dead_XP
2026-09-26 14:50:48 | INFO     | Saving at a/skeb/This_is_dead_XP-36c1ec.json
2026-09-26 14:50:49 | INFO     | OK https://skeb.jp/api/users/shitsuhito_
2026-09-26 14:50:49 | INFO     | Saving at a/skeb/shitsuhito_-44c098.json
2026-09-26 14:50:50 | INFO     | OK https://skeb.jp/api/users/yhok2k2
2026-09-26 14:50:50 | INFO     | Saving at a/skeb/yhok2k2-f9b8fd.json
2026-09-26 14:50:51 | INFO     | OK https://skeb.jp/api/users/zota26
2026-09-26 14:50:51 | INFO     | Saving at a/skeb/zota26-6539ab.json
2026-09-26 14:50:52 | INFO     | OK https://skeb.jp/api/users/sutekine
2026-09-26 14:50:52 | INFO     | Saving at a/skeb/sutekine-f05379.json
2026-09-26 14:50:53 | INFO     | OK https://skeb.jp/api/users/uka_aa
2026-09-26 14:50:53 | INFO     | Saving at a/skeb/uka_aa-ef00ab.json
2026-09-26 14:50:55 | INFO     | OK https://skeb.jp/api/users/napxcat
2026-09-26 14:50:55 | INFO     | Saving at a/skeb/napxcat-ef8d8a.json
2026-09-26 14:50:55 | INFO     | OK https://skeb.jp/api/users/qokkur
2026-09-26 14:50:55 | INFO     | Saving at a/skeb/qokkur-e77999.json
2026-09-26 14:50:57 | INFO     | OK https://skeb.jp/api/users/bb182bd
2026-09-26 14:50:57 | INFO     | Saving at a/skeb/bb182bd-523011.json
2026-09-26 14:50:58 | INFO     | OK https://skeb.jp/api/users/injakikou
2026-09-26 14:50:58 | INFO     | Saving at a/skeb/injakikou-23501e.json
2026-09-26 14:50:58 | INFO     | OK https://skeb.jp/api/users/oirano_latte
2026-09-26 14:50:58 | INFO     | Saving at a/skeb/oirano_latte-068248.json
2026-09-26 14:50:59 | INFO     | OK https://skeb.jp/api/users/ruu_hh
2026-09-26 14:50:59 | INFO     | Saving at a/skeb/ruu_hh-cc226c.json
2026-09-26 14:51:00 | INFO     | OK https://skeb.jp/api/users/llll_639
2026-09-26 14:51:00 | INFO     | Saving at a/skeb/llll_639-890240.json
2026-09-26 14:51:02 | INFO     | OK https://skeb.jp/api/users/Nosaboon
2026-09-26 14:51:02 | INFO     | Saving at a/skeb/Nosaboon-d1da8a.json
2026-09-26 14:51:02 | INFO     | OK https://skeb.jp/api/users/nagumopyo
2026-09-26 14:51:02 | INFO     | Saving at a/skeb/nagumopyo-ebaa1c.json
2026-09-26 14:51:03 | INFO     | OK https://skeb.jp/api/users/w_nijuuyon
2026-09-26 14:51:03 | INFO     | Saving at a/skeb/w_nijuuyon-085b19.json
2026-09-26 14:51:04 | INFO     | OK https://skeb.jp/api/users/Ig2s_
2026-09-26 14:51:04 | INFO     | Saving at a/skeb/Ig2s_-6ed6ed.json
2026-09-26 14:51:06 | INFO     | OK https://skeb.jp/api/users/kuinanoda
2026-09-26 14:51:06 | INFO     | Saving at a/skeb/kuinanoda-a56d6a.json
2026-09-26 14:51:06 | INFO     | OK https://skeb.jp/api/users/tayatayarice
2026-09-26 14:51:06 | INFO     | Saving at a/skeb/tayatayarice-d2adc5.json
2026-09-26 14:51:08 | INFO     | OK https://skeb.jp/api/users/nana178
2026-09-26 14:51:08 | INFO     | Saving at a/skeb/nana178-baf4e2.json
2026-09-26 14:51:08 | INFO     | OK https://skeb.jp/api/users/SHITAPPA0120
2026-09-26 14:51:08 | INFO     | Saving at a/skeb/SHITAPPA0120-b7fe81.json
2026-09-26 14:51:09 | INFO     | OK https://skeb.jp/api/users/kab_0427
2026-09-26 14:51:09 | INFO     | Saving at a/skeb/kab_0427-844c07.json
2026-09-26 14:51:10 | INFO     | OK https://skeb.jp/api/users/Shitan_cha
2026-09-26 14:51:10 | INFO     | Saving at a/skeb/Shitan_cha-97d049.json
2026-09-26 14:51:11 | INFO     | OK https://skeb.jp/api/users/mofumofu_nyaro
2026-09-26 14:51:11 | INFO     | Saving at a/skeb/mofumofu_nyaro-09e069.json
2026-09-26 14:51:13 | INFO     | OK https://skeb.jp/api/users/FirmMijinko
2026-09-26 14:51:13 | INFO     | Saving at a/skeb/FirmMijinko-a273d0.json
2026-09-26 14:51:14 | INFO     | OK https://skeb.jp/api/users/S_Nagatsuki_TW
2026-09-26 14:51:14 | INFO     | Saving at a/skeb/S_Nagatsuki_TW-47c355.json
2026-09-26 14:51:14 | INFO     | OK https://skeb.jp/api/users/mopumopu107
2026-09-26 14:51:14 | INFO     | Saving at a/skeb/mopumopu107-a0887d.json
2026-09-26 14:51:15 | INFO     | OK https://skeb.jp/api/users/ryumrykk
2026-09-26 14:51:15 | INFO     | Saving at a/skeb/ryumrykk-fd373a.json
2026-09-26 14:51:17 | INFO     | OK https://skeb.jp/api/users/hokanbo
2026-09-26 14:51:17 | INFO     | Saving at a/skeb/hokanbo-41458c.json
2026-09-26 14:51:17 | INFO     | OK https://skeb.jp/api/users/rard_youtube
2026-09-26 14:51:17 | INFO     | Saving at a/skeb/rard_youtube-fba31f.json
2026-09-26 14:51:19 | INFO     | OK https://skeb.jp/api/users/IYORI_book
2026-09-26 14:51:19 | INFO     | Saving at a/skeb/IYORI_book-af224d.json
2026-09-26 14:51:19 | INFO     | OK https://skeb.jp/api/users/sgrk_02sub
2026-09-26 14:51:19 | INFO     | Saving at a/skeb/sgrk_02sub-8519e9.json
2026-09-26 14:51:20 | INFO     | OK https://skeb.jp/api/users/1sou_otkum
2026-09-26 14:51:20 | INFO     | Saving at a/skeb/1sou_otkum-caee46.json
2026-09-26 14:51:21 | INFO     | OK https://skeb.jp/api/users/LYNCH_AGIT8
2026-09-26 14:51:21 | INFO     | Saving at a/skeb/LYNCH_AGIT8-10c19c.json
2026-09-26 14:51:23 | INFO     | OK https://skeb.jp/api/users/utaritau
2026-09-26 14:51:23 | INFO     | Saving at a/skeb/utaritau-4ab7a4.json
2026-09-26 14:51:23 | INFO     | OK https://skeb.jp/api/users/maru_ya
2026-09-26 14:51:23 | INFO     | Saving at a/skeb/maru_ya-321897.json
2026-09-26 14:51:25 | INFO     | OK https://skeb.jp/api/users/katera
2026-09-26 14:51:25 | INFO     | Saving at a/skeb/katera-5cc48c.json
2026-09-26 14:51:26 | INFO     | OK https://skeb.jp/api/users/beti_binmalo
2026-09-26 14:51:26 | INFO     | Saving at a/skeb/beti_binmalo-05a6e7.json
2026-09-26 14:51:26 | INFO     | OK https://skeb.jp/api/users/yaga_yaga7
2026-09-26 14:51:26 | INFO     | Saving at a/skeb/yaga_yaga7-71ac4b.json
2026-09-26 14:51:27 | INFO     | OK https://skeb.jp/api/users/_LAB_01
2026-09-26 14:51:27 | INFO     | Saving at a/skeb/_LAB_01-95ee8d.json
2026-09-26 14:51:28 | INFO     | OK https://skeb.jp/api/users/fsmch
2026-09-26 14:51:28 | INFO     | Saving at a/skeb/fsmch-d424b0.json
2026-09-26 14:51:30 | INFO     | OK https://skeb.jp/api/users/wingrush
2026-09-26 14:51:30 | INFO     | Saving at a/skeb/wingrush-9d238f.json
2026-09-26 14:51:31 | INFO     | OK https://skeb.jp/api/users/hizi_ki04
2026-09-26 14:51:31 | INFO     | Saving at a/skeb/hizi_ki04-b7ce1f.json
2026-09-26 14:51:31 | INFO     | OK https://skeb.jp/api/users/kerokero_keiro
2026-09-26 14:51:31 | INFO     | Saving at a/skeb/kerokero_keiro-68958e.json
2026-09-26 14:51:32 | INFO     | OK https://skeb.jp/api/users/NIGIRI_KAWA
2026-09-26 14:51:32 | INFO     | Saving at a/skeb/NIGIRI_KAWA-68bf0b.json
2026-09-26 14:51:33 | INFO     | OK https://skeb.jp/api/users/kanne645
2026-09-26 14:51:33 | INFO     | Saving at a/skeb/kanne645-d525c0.json
2026-09-26 14:51:35 | INFO     | OK https://skeb.jp/api/users/hasutomofu
2026-09-26 14:51:35 | INFO     | Saving at a/skeb/hasutomofu-9344d1.json
2026-09-26 14:51:35 | INFO     | OK https://skeb.jp/api/users/EbiMaYo595
2026-09-26 14:51:35 | INFO     | Saving at a/skeb/EbiMaYo595-c88754.json
2026-09-26 14:51:36 | INFO     | OK https://skeb.jp/api/users/vastole
2026-09-26 14:51:36 | INFO     | Saving at a/skeb/vastole-5ea01d.json
2026-09-26 14:51:37 | INFO     | OK https://skeb.jp/api/users/yunuki5
2026-09-26 14:51:37 | INFO     | Saving at a/skeb/yunuki5-6a6a80.json
2026-09-26 14:51:39 | INFO     | OK https://skeb.jp/api/users/dorachan_r
2026-09-26 14:51:39 | INFO     | Saving at a/skeb/dorachan_r-2b8f9c.json
2026-09-26 14:51:39 | INFO     | OK https://skeb.jp/api/users/Matttttya1
2026-09-26 14:51:39 | INFO     | Saving at a/skeb/Matttttya1-784029.json
2026-09-26 14:51:40 | INFO     | OK https://skeb.jp/api/users/nanowjib
2026-09-26 14:51:40 | INFO     | Saving at a/skeb/nanowjib-eb0548.json
2026-09-26 14:51:41 | INFO     | OK https://skeb.jp/api/users/othiwo
2026-09-26 14:51:41 | INFO     | Saving at a/skeb/othiwo-cc5e25.json
2026-09-26 14:51:42 | INFO     | OK https://skeb.jp/api/users/Reiichi_act
2026-09-26 14:51:42 | INFO     | Saving at a/skeb/Reiichi_act-0e13df.json
2026-09-26 14:51:43 | INFO     | OK https://skeb.jp/api/users/ka2_nasu
2026-09-26 14:51:43 | INFO     | Saving at a/skeb/ka2_nasu-9252d8.json
2026-09-26 14:51:44 | INFO     | OK https://skeb.jp/api/users/385__j
2026-09-26 14:51:44 | INFO     | Saving at a/skeb/385__j-5a845b.json
2026-09-26 14:51:45 | INFO     | OK https://skeb.jp/api/users/inuinupuppy
2026-09-26 14:51:45 | INFO     | Saving at a/skeb/inuinupuppy-6fcfde.json
2026-09-26 14:51:47 | INFO     | OK https://skeb.jp/api/users/shirogane_gin_
2026-09-26 14:51:47 | INFO     | Saving at a/skeb/shirogane_gin_-d99d9e.json
2026-09-26 14:51:47 | INFO     | OK https://skeb.jp/api/users/doroomu0__0
2026-09-26 14:51:47 | INFO     | Saving at a/skeb/doroomu0__0-d863e1.json
2026-09-26 14:51:48 | INFO     | OK https://skeb.jp/api/users/kafka_0525
2026-09-26 14:51:48 | INFO     | Saving at a/skeb/kafka_0525-7149ba.json
2026-09-26 14:51:49 | INFO     | OK https://skeb.jp/api/users/7B
2026-09-26 14:51:49 | INFO     | Saving at a/skeb/7B-50a3ed.json
2026-09-26 14:51:50 | INFO     | OK https://skeb.jp/api/users/ro_zeria08
2026-09-26 14:51:50 | INFO     | Saving at a/skeb/ro_zeria08-c87216.json
2026-09-26 14:51:52 | INFO     | OK https://skeb.jp/api/users/hushigi10
2026-09-26 14:51:52 | INFO     | Saving at a/skeb/hushigi10-17aab9.json
2026-09-26 14:51:52 | INFO     | OK https://skeb.jp/api/users/u7_u7u_
2026-09-26 14:51:52 | INFO     | Saving at a/skeb/u7_u7u_-ae50bc.json
2026-09-26 14:51:54 | INFO     | OK https://skeb.jp/api/users/kayoluhataso
2026-09-26 14:51:54 | INFO     | Saving at a/skeb/kayoluhataso-9ab374.json
2026-09-26 14:51:54 | INFO     | OK https://skeb.jp/api/users/mikoccccchan
2026-09-26 14:51:54 | INFO     | Saving at a/skeb/mikoccccchan-31639b.json
2026-09-26 14:51:56 | INFO     | OK https://skeb.jp/api/users/yunosuke_kon
2026-09-26 14:51:56 | INFO     | Saving at a/skeb/yunosuke_kon-acea92.json
2026-09-26 14:51:57 | INFO     | OK https://skeb.jp/api/users/3kumini
2026-09-26 14:51:57 | INFO     | Saving at a/skeb/3kumini-94aff1.json
2026-09-26 14:51:57 | INFO     | OK https://skeb.jp/api/users/aradamawakka2
2026-09-26 14:51:57 | INFO     | Saving at a/skeb/aradamawakka2-06ca46.json
2026-09-26 14:51:59 | INFO     | OK https://skeb.jp/api/users/ru_riirst
2026-09-26 14:51:59 | INFO     | Saving at a/skeb/ru_riirst-6b2179.json
2026-09-26 14:52:00 | INFO     | OK https://skeb.jp/api/users/hokekyo99
2026-09-26 14:52:00 | INFO     | Saving at a/skeb/hokekyo99-7cbdb2.json
2026-09-26 14:52:01 | INFO     | OK https://skeb.jp/api/users/Lune_chinemu
2026-09-26 14:52:01 | INFO     | Saving at a/skeb/Lune_chinemu-bcf16d.json
2026-09-26 14:52:02 | INFO     | OK https://skeb.jp/api/users/anz_m_
2026-09-26 14:52:02 | INFO     | Saving at a/skeb/anz_m_-822dd2.json
2026-09-26 14:52:03 | INFO     | OK https://skeb.jp/api/users/haokosan
2026-09-26 14:52:03 | INFO     | Saving at a/skeb/haokosan-721dbc.json
2026-09-26 14:52:04 | INFO     | OK https://skeb.jp/api/users/fuyunya_new
2026-09-26 14:52:04 | INFO     | Saving at a/skeb/fuyunya_new-f7fd5b.json
2026-09-26 14:52:05 | INFO     | OK https://skeb.jp/api/users/yawaraka_mukade
2026-09-26 14:52:05 | INFO     | Saving at a/skeb/yawaraka_mukade-26106d.json
2026-09-26 14:52:06 | INFO     | OK https://skeb.jp/api/users/manupuri_YOUKYA
2026-09-26 14:52:06 | INFO     | Saving at a/skeb/manupuri_YOUKYA-6fb41c.json
2026-09-26 14:52:06 | INFO     | OK https://skeb.jp/api/users/Ze_na
2026-09-26 14:52:06 | INFO     | Saving at a/skeb/Ze_na-4846e8.json
2026-09-26 14:52:07 | INFO     | OK https://skeb.jp/api/users/un_kiyou9
2026-09-26 14:52:07 | INFO     | Saving at a/skeb/un_kiyou9-4f1616.json
2026-09-26 14:52:08 | INFO     | OK https://skeb.jp/api/users/aodoodle1
2026-09-26 14:52:08 | INFO     | Saving at a/skeb/aodoodle1-064625.json
2026-09-26 14:52:10 | INFO     | OK https://skeb.jp/api/users/bisuke_sub
2026-09-26 14:52:10 | INFO     | Saving at a/skeb/bisuke_sub-3a3f73.json
2026-09-26 14:52:11 | INFO     | OK https://skeb.jp/api/users/pqlyuki
2026-09-26 14:52:11 | INFO     | Saving at a/skeb/pqlyuki-619731.json
2026-09-26 14:52:12 | INFO     | OK https://skeb.jp/api/users/SABU_MOZUPOKO
2026-09-26 14:52:12 | INFO     | Saving at a/skeb/SABU_MOZUPOKO-2925e5.json
2026-09-26 14:52:13 | INFO     | OK https://skeb.jp/api/users/K1MAIDA
2026-09-26 14:52:13 | INFO     | Saving at a/skeb/K1MAIDA-39fc86.json
2026-09-26 14:52:14 | INFO     | OK https://skeb.jp/api/users/momoya_tcbn
2026-09-26 14:52:14 | INFO     | Saving at a/skeb/momoya_tcbn-9c091b.json
2026-09-26 14:52:15 | INFO     | OK https://skeb.jp/api/users/Osada
2026-09-26 14:52:15 | INFO     | Saving at a/skeb/Osada-bbcf0e.json
2026-09-26 14:52:16 | INFO     | OK https://skeb.jp/api/users/cotatubo
2026-09-26 14:52:16 | INFO     | Saving at a/skeb/cotatubo-9acab8.json
2026-09-26 14:52:17 | INFO     | OK https://skeb.jp/api/users/kyoyoyo
2026-09-26 14:52:17 | INFO     | Saving at a/skeb/kyoyoyo-2aa415.json
2026-09-26 14:52:18 | INFO     | OK https://skeb.jp/api/users/tuyu3iz
2026-09-26 14:52:18 | INFO     | Saving at a/skeb/tuyu3iz-af60a9.json
2026-09-26 14:52:18 | INFO     | OK https://skeb.jp/api/users/a___pi__pu
2026-09-26 14:52:18 | INFO     | Saving at a/skeb/a___pi__pu-70b2db.json
2026-09-26 14:52:20 | INFO     | OK https://skeb.jp/api/users/onoderice
2026-09-26 14:52:20 | INFO     | Saving at a/skeb/onoderice-09cd1d.json
2026-09-26 14:52:21 | INFO     | OK https://skeb.jp/api/users/amlest
2026-09-26 14:52:21 | INFO     | Saving at a/skeb/amlest-6ad6db.json
2026-09-26 14:52:22 | INFO     | OK https://skeb.jp/api/users/YURIKOHANLOVE
2026-09-26 14:52:22 | INFO     | Saving at a/skeb/YURIKOHANLOVE-475f3e.json
2026-09-26 14:52:23 | INFO     | OK https://skeb.jp/api/users/KonohaTaiyo
2026-09-26 14:52:23 | INFO     | Saving at a/skeb/KonohaTaiyo-b16190.json
2026-09-26 14:52:23 | INFO     | OK https://skeb.jp/api/users/OsusowakeHANARE
2026-09-26 14:52:23 | INFO     | Saving at a/skeb/OsusowakeHANARE-819c82.json
2026-09-26 14:52:24 | INFO     | OK https://skeb.jp/api/users/Esc24C
2026-09-26 14:52:24 | INFO     | Saving at a/skeb/Esc24C-3d837e.json
2026-09-26 14:52:26 | INFO     | OK https://skeb.jp/api/users/Leg_0tar
2026-09-26 14:52:26 | INFO     | Saving at a/skeb/Leg_0tar-396a1b.json
2026-09-26 14:52:27 | INFO     | OK https://skeb.jp/api/users/sakaNanato
2026-09-26 14:52:27 | INFO     | Saving at a/skeb/sakaNanato-97b7f6.json
2026-09-26 14:52:28 | INFO     | OK https://skeb.jp/api/users/uruha824
2026-09-26 14:52:28 | INFO     | Saving at a/skeb/uruha824-50f354.json
2026-09-26 14:52:29 | INFO     | OK https://skeb.jp/api/users/mamayu_512
2026-09-26 14:52:29 | INFO     | Saving at a/skeb/mamayu_512-67a486.json
2026-09-26 14:52:29 | INFO     | OK https://skeb.jp/api/users/piw355
2026-09-26 14:52:29 | INFO     | Saving at a/skeb/piw355-da78ab.json
2026-09-26 14:52:31 | INFO     | OK https://skeb.jp/api/users/Stella_gla_
2026-09-26 14:52:31 | INFO     | Saving at a/skeb/Stella_gla_-3de0f9.json
2026-09-26 14:52:32 | INFO     | OK https://skeb.jp/api/users/tAVIAzY78J83284
2026-09-26 14:52:32 | INFO     | Saving at a/skeb/tAVIAzY78J83284-71744a.json
2026-09-26 14:52:32 | INFO     | OK https://skeb.jp/api/users/sxh85o
2026-09-26 14:52:32 | INFO     | Saving at a/skeb/sxh85o-0539a6.json
2026-09-26 14:52:34 | INFO     | OK https://skeb.jp/api/users/komeumauma
2026-09-26 14:52:34 | INFO     | Saving at a/skeb/komeumauma-18f5a7.json
2026-09-26 14:52:35 | INFO     | OK https://skeb.jp/api/users/ah_____asahi
2026-09-26 14:52:35 | INFO     | Saving at a/skeb/ah_____asahi-5ea7c3.json
2026-09-26 14:52:35 | INFO     | OK https://skeb.jp/api/users/gittangittan_r
2026-09-26 14:52:35 | INFO     | Saving at a/skeb/gittangittan_r-ed29c4.json
2026-09-26 14:52:37 | INFO     | OK https://skeb.jp/api/users/sichinotuki
2026-09-26 14:52:37 | INFO     | Saving at a/skeb/sichinotuki-bb4418.json
2026-09-26 14:52:38 | INFO     | OK https://skeb.jp/api/users/lyanon38
2026-09-26 14:52:38 | INFO     | Saving at a/skeb/lyanon38-8db643.json
2026-09-26 14:52:39 | INFO     | OK https://skeb.jp/api/users/DemensionalRobo
2026-09-26 14:52:39 | INFO     | Saving at a/skeb/DemensionalRobo-5a0a94.json
2026-09-26 14:52:40 | INFO     | OK https://skeb.jp/api/users/Ls8qhKYDai
2026-09-26 14:52:40 | INFO     | Saving at a/skeb/Ls8qhKYDai-2b2b30.json
2026-09-26 14:52:41 | INFO     | OK https://skeb.jp/api/users/Enogu_e
2026-09-26 14:52:41 | INFO     | Saving at a/skeb/Enogu_e-4f8e58.json
2026-09-26 14:52:42 | INFO     | OK https://skeb.jp/api/users/poroporosiisan
2026-09-26 14:52:42 | INFO     | Saving at a/skeb/poroporosiisan-436cde.json
2026-09-26 14:52:43 | INFO     | OK https://skeb.jp/api/users/zonenings
2026-09-26 14:52:43 | INFO     | Saving at a/skeb/zonenings-6d7ee1.json
2026-09-26 14:52:44 | INFO     | OK https://skeb.jp/api/users/keesunshine2
2026-09-26 14:52:44 | INFO     | Saving at a/skeb/keesunshine2-b0e1ac.json
2026-09-26 14:52:45 | INFO     | OK https://skeb.jp/api/users/hiyori200930
2026-09-26 14:52:45 | INFO     | Saving at a/skeb/hiyori200930-c5be6f.json
2026-09-26 14:52:46 | INFO     | OK https://skeb.jp/api/users/zp_R
2026-09-26 14:52:46 | INFO     | Saving at a/skeb/zp_R-435d58.json
2026-09-26 14:52:47 | INFO     | OK https://skeb.jp/api/users/8oyasan
2026-09-26 14:52:47 | INFO     | Saving at a/skeb/8oyasan-fa7290.json
2026-09-26 14:52:48 | INFO     | OK https://skeb.jp/api/users/RISE19851203
2026-09-26 14:52:48 | INFO     | Saving at a/skeb/RISE19851203-4f84b4.json
2026-09-26 14:52:49 | INFO     | OK https://skeb.jp/api/users/1N4B4
2026-09-26 14:52:49 | INFO     | Saving at a/skeb/1N4B4-312473.json
2026-09-26 14:52:50 | INFO     | OK https://skeb.jp/api/users/Trevenant0
2026-09-26 14:52:50 | INFO     | Saving at a/skeb/Trevenant0-90f3c5.json
2026-09-26 14:52:51 | INFO     | OK https://skeb.jp/api/users/shibe0_0
2026-09-26 14:52:51 | INFO     | Saving at a/skeb/shibe0_0-9cd1a5.json
2026-09-26 14:52:52 | INFO     | OK https://skeb.jp/api/users/sasakiUria
2026-09-26 14:52:52 | INFO     | Saving at a/skeb/sasakiUria-a8f0ab.json
2026-09-26 14:52:53 | INFO     | OK https://skeb.jp/api/users/vefxct
2026-09-26 14:52:53 | INFO     | Saving at a/skeb/vefxct-b61a24.json
2026-09-26 14:52:54 | INFO     | OK https://skeb.jp/api/users/Mjn_Ek
2026-09-26 14:52:54 | INFO     | Saving at a/skeb/Mjn_Ek-af8790.json
2026-09-26 14:52:55 | INFO     | OK https://skeb.jp/api/users/53_trpg_r2
2026-09-26 14:52:55 | INFO     | Saving at a/skeb/53_trpg_r2-3614a1.json
2026-09-26 14:52:56 | INFO     | OK https://skeb.jp/api/users/minto_0604
2026-09-26 14:52:56 | INFO     | Saving at a/skeb/minto_0604-56e9d7.json
2026-09-26 14:52:57 | INFO     | OK https://skeb.jp/api/users/guruonp
2026-09-26 14:52:57 | INFO     | Saving at a/skeb/guruonp-0ac183.json
2026-09-26 14:52:58 | INFO     | OK https://skeb.jp/api/users/saba____x
2026-09-26 14:52:58 | INFO     | Saving at a/skeb/saba____x-6425d0.json
2026-09-26 14:52:59 | INFO     | OK https://skeb.jp/api/users/kugidana
2026-09-26 14:52:59 | INFO     | Saving at a/skeb/kugidana-20d3ef.json
2026-09-26 14:53:00 | INFO     | OK https://skeb.jp/api/users/sizuokainagoya
2026-09-26 14:53:00 | INFO     | Saving at a/skeb/sizuokainagoya-1fe71d.json
2026-09-26 14:53:01 | INFO     | OK https://skeb.jp/api/users/_NAYUTA_321
2026-09-26 14:53:01 | INFO     | Saving at a/skeb/_NAYUTA_321-a20b65.json
2026-09-26 14:53:02 | INFO     | OK https://skeb.jp/api/users/NEETDX01
2026-09-26 14:53:02 | INFO     | Saving at a/skeb/NEETDX01-d47981.json
2026-09-26 14:53:03 | INFO     | OK https://skeb.jp/api/users/Hidaka_Umi
2026-09-26 14:53:03 | INFO     | Saving at a/skeb/Hidaka_Umi-fc498b.json
2026-09-26 14:53:04 | INFO     | OK https://skeb.jp/api/users/formalin_chocol
2026-09-26 14:53:04 | INFO     | Saving at a/skeb/formalin_chocol-02de29.json
2026-09-26 14:53:05 | INFO     | OK https://skeb.jp/api/users/megupuluie
2026-09-26 14:53:05 | INFO     | Saving at a/skeb/megupuluie-1dc8e3.json
2026-09-26 14:53:06 | INFO     | OK https://skeb.jp/api/users/maboEX
2026-09-26 14:53:06 | INFO     | Saving at a/skeb/maboEX-b3b261.json
2026-09-26 14:53:07 | INFO     | OK https://skeb.jp/api/users/YoshidanoTRPG
2026-09-26 14:53:07 | INFO     | Saving at a/skeb/YoshidanoTRPG-dbab6f.json
2026-09-26 14:53:08 | INFO     | OK https://skeb.jp/api/users/_onymki2
2026-09-26 14:53:08 | INFO     | Saving at a/skeb/_onymki2-e68c26.json
2026-09-26 14:53:08 | INFO     | OK https://skeb.jp/api/users/huyugumo_rurubu
2026-09-26 14:53:08 | INFO     | Saving at a/skeb/huyugumo_rurubu-dd3050.json
2026-09-26 14:53:09 | INFO     | OK https://skeb.jp/api/users/riny_o0
2026-09-26 14:53:09 | INFO     | Saving at a/skeb/riny_o0-39e0cd.json
2026-09-26 14:53:11 | INFO     | OK https://skeb.jp/api/users/shiro_neko_ban
2026-09-26 14:53:11 | INFO     | Saving at a/skeb/shiro_neko_ban-378cbf.json
2026-09-26 14:53:12 | INFO     | OK https://skeb.jp/api/users/nanakusan793
2026-09-26 14:53:12 | INFO     | Saving at a/skeb/nanakusan793-f24cfb.json
2026-09-26 14:53:13 | INFO     | OK https://skeb.jp/api/users/moyuhitode
2026-09-26 14:53:13 | INFO     | Saving at a/skeb/moyuhitode-e5657e.json
2026-09-26 14:53:14 | INFO     | OK https://skeb.jp/api/users/kokone2722
2026-09-26 14:53:14 | INFO     | Saving at a/skeb/kokone2722-709538.json
2026-09-26 14:53:15 | INFO     | OK https://skeb.jp/api/users/izumi_koyagI
2026-09-26 14:53:15 | INFO     | Saving at a/skeb/izumi_koyagI-db7bd4.json
2026-09-26 14:53:16 | INFO     | OK https://skeb.jp/api/users/WORLD8383
2026-09-26 14:53:16 | INFO     | Saving at a/skeb/WORLD8383-2f2acb.json
2026-09-26 14:53:17 | INFO     | OK https://skeb.jp/api/users/04_natsume
2026-09-26 14:53:17 | INFO     | Saving at a/skeb/04_natsume-bb5c81.json
2026-09-26 14:53:18 | INFO     | OK https://skeb.jp/api/users/8xAyY9LLRf
2026-09-26 14:53:18 | INFO     | Saving at a/skeb/8xAyY9LLRf-2c5637.json
2026-09-26 14:53:19 | INFO     | OK https://skeb.jp/api/users/pamupamu__u
2026-09-26 14:53:19 | INFO     | Saving at a/skeb/pamupamu__u-68a255.json
2026-09-26 14:53:20 | INFO     | OK https://skeb.jp/api/users/Oo____xmx
2026-09-26 14:53:20 | INFO     | Saving at a/skeb/Oo____xmx-8d5b8a.json
2026-09-26 14:53:21 | INFO     | OK https://skeb.jp/api/users/Kloah13th
2026-09-26 14:53:21 | INFO     | Saving at a/skeb/Kloah13th-40bb71.json
2026-09-26 14:53:22 | INFO     | OK https://skeb.jp/api/users/52korinmad
2026-09-26 14:53:22 | INFO     | Saving at a/skeb/52korinmad-b9b377.json
2026-09-26 14:53:23 | INFO     | OK https://skeb.jp/api/users/chickenbstrips
2026-09-26 14:53:23 | INFO     | Saving at a/skeb/chickenbstrips-3c9460.json
2026-09-26 14:53:24 | INFO     | OK https://skeb.jp/api/users/1ka_ri
2026-09-26 14:53:24 | INFO     | Saving at a/skeb/1ka_ri-5243fb.json
2026-09-26 14:53:25 | INFO     | OK https://skeb.jp/api/users/Amatou__km
2026-09-26 14:53:25 | INFO     | Saving at a/skeb/Amatou__km-b1b184.json
2026-09-26 14:53:26 | INFO     | OK https://skeb.jp/api/users/kitsune_suna08
2026-09-26 14:53:26 | INFO     | Saving at a/skeb/kitsune_suna08-a14949.json
2026-09-26 14:53:27 | INFO     | OK https://skeb.jp/api/users/yrnk_illust
2026-09-26 14:53:27 | INFO     | Saving at a/skeb/yrnk_illust-f26fcd.json
2026-09-26 14:53:28 | INFO     | OK https://skeb.jp/api/users/yama913
2026-09-26 14:53:28 | INFO     | Saving at a/skeb/yama913-50deba.json
2026-09-26 14:53:29 | INFO     | OK https://skeb.jp/api/users/mochitig
2026-09-26 14:53:29 | INFO     | Saving at a/skeb/mochitig-0a3878.json
2026-09-26 14:53:30 | INFO     | OK https://skeb.jp/api/users/22yk222
2026-09-26 14:53:30 | INFO     | Saving at a/skeb/22yk222-f4b945.json
2026-09-26 14:53:30 | INFO     | OK https://skeb.jp/api/users/Fca_If_U_
2026-09-26 14:53:30 | INFO     | Saving at a/skeb/Fca_If_U_-372bdd.json
2026-09-26 14:53:32 | INFO     | OK https://skeb.jp/api/users/aldarsign_honmono
2026-09-26 14:53:32 | INFO     | Saving at a/skeb/aldarsign_honmono-4cfc16.json
2026-09-26 14:53:33 | INFO     | OK https://skeb.jp/api/users/kikoeoqn
2026-09-26 14:53:33 | INFO     | Saving at a/skeb/kikoeoqn-1fb931.json
2026-09-26 14:53:34 | INFO     | OK https://skeb.jp/api/users/reng_nsfw
2026-09-26 14:53:34 | INFO     | Saving at a/skeb/reng_nsfw-7e0668.json
2026-09-26 14:53:35 | INFO     | OK https://skeb.jp/api/users/mainasu
2026-09-26 14:53:35 | INFO     | Saving at a/skeb/mainasu-3f0cc2.json
2026-09-26 14:53:36 | INFO     | OK https://skeb.jp/api/users/zoshe099
2026-09-26 14:53:36 | INFO     | Saving at a/skeb/zoshe099-7dd33a.json
2026-09-26 14:53:37 | INFO     | OK https://skeb.jp/api/users/npoin
2026-09-26 14:53:37 | INFO     | Saving at a/skeb/npoin-bbc212.json
2026-09-26 14:53:38 | INFO     | OK https://skeb.jp/api/users/96kawashu
2026-09-26 14:53:38 | INFO     | Saving at a/skeb/96kawashu-65c4d0.json
2026-09-26 14:53:39 | INFO     | OK https://skeb.jp/api/users/KANALEMO_chan
2026-09-26 14:53:39 | INFO     | Saving at a/skeb/KANALEMO_chan-d829c9.json
2026-09-26 14:53:40 | INFO     | OK https://skeb.jp/api/users/mikuchi3939
2026-09-26 14:53:40 | INFO     | Saving at a/skeb/mikuchi3939-44b28b.json
2026-09-26 14:53:41 | INFO     | OK https://skeb.jp/api/users/momo_chan_shiri
2026-09-26 14:53:41 | INFO     | Saving at a/skeb/momo_chan_shiri-b6ddd9.json
2026-09-26 14:53:42 | INFO     | OK https://skeb.jp/api/users/umituki
2026-09-26 14:53:42 | INFO     | Saving at a/skeb/umituki-3c125c.json
2026-09-26 14:53:43 | INFO     | OK https://skeb.jp/api/users/CYBER
2026-09-26 14:53:43 | INFO     | Saving at a/skeb/CYBER-3bd4df.json
2026-09-26 14:53:44 | INFO     | OK https://skeb.jp/api/users/ADDANOM
2026-09-26 14:53:44 | INFO     | Saving at a/skeb/ADDANOM-eef05c.json
2026-09-26 14:53:45 | INFO     | OK https://skeb.jp/api/users/SacI_gagct_c
2026-09-26 14:53:45 | INFO     | Saving at a/skeb/SacI_gagct_c-ded663.json
2026-09-26 14:53:46 | INFO     | OK https://skeb.jp/api/users/shino_azucho
2026-09-26 14:53:46 | INFO     | Saving at a/skeb/shino_azucho-2e8918.json
2026-09-26 14:53:47 | INFO     | OK https://skeb.jp/api/users/PesPeso
2026-09-26 14:53:47 | INFO     | Saving at a/skeb/PesPeso-85f142.json
2026-09-26 14:53:48 | INFO     | OK https://skeb.jp/api/users/MikaBoshi_L
2026-09-26 14:53:48 | INFO     | Saving at a/skeb/MikaBoshi_L-1f41e4.json
2026-09-26 14:53:49 | INFO     | OK https://skeb.jp/api/users/GuruminnSD
2026-09-26 14:53:49 | INFO     | Saving at a/skeb/GuruminnSD-3c2346.json
2026-09-26 14:53:50 | INFO     | OK https://skeb.jp/api/users/harukaze_noda
2026-09-26 14:53:50 | INFO     | Saving at a/skeb/harukaze_noda-11b095.json
2026-09-26 14:53:51 | INFO     | OK https://skeb.jp/api/users/yakizabuton
2026-09-26 14:53:51 | INFO     | Saving at a/skeb/yakizabuton-cdc169.json
2026-09-26 14:53:52 | INFO     | OK https://skeb.jp/api/users/nananeusuro3
2026-09-26 14:53:52 | INFO     | Saving at a/skeb/nananeusuro3-705896.json
2026-09-26 14:53:53 | INFO     | OK https://skeb.jp/api/users/mec___e
2026-09-26 14:53:53 | INFO     | Saving at a/skeb/mec___e-e9268c.json
2026-09-26 14:53:54 | INFO     | OK https://skeb.jp/api/users/arki_hrzoi
2026-09-26 14:53:54 | INFO     | Saving at a/skeb/arki_hrzoi-17c2b0.json
2026-09-26 14:53:55 | INFO     | OK https://skeb.jp/api/users/myuga66666
2026-09-26 14:53:55 | INFO     | Saving at a/skeb/myuga66666-750a38.json
2026-09-26 14:53:56 | INFO     | OK https://skeb.jp/api/users/cocoa_teaparty
2026-09-26 14:53:56 | INFO     | Saving at a/skeb/cocoa_teaparty-3cc8fa.json
2026-09-26 14:53:57 | INFO     | OK https://skeb.jp/api/users/opiopaopi
2026-09-26 14:53:57 | INFO     | Saving at a/skeb/opiopaopi-6b1b61.json
2026-09-26 14:53:58 | INFO     | OK https://skeb.jp/api/users/kania4_
2026-09-26 14:53:58 | INFO     | Saving at a/skeb/kania4_-2c7373.json
2026-09-26 14:53:59 | INFO     | OK https://skeb.jp/api/users/onigiri2563
2026-09-26 14:53:59 | INFO     | Saving at a/skeb/onigiri2563-b9e93a.json
2026-09-26 14:54:00 | INFO     | OK https://skeb.jp/api/users/Tele_te6
2026-09-26 14:54:00 | INFO     | Saving at a/skeb/Tele_te6-eeeefa.json
2026-09-26 14:54:01 | INFO     | OK https://skeb.jp/api/users/39_taro0
2026-09-26 14:54:01 | INFO     | Saving at a/skeb/39_taro0-1d7384.json
2026-09-26 14:54:02 | INFO     | OK https://skeb.jp/api/users/wwponpon
2026-09-26 14:54:02 | INFO     | Saving at a/skeb/wwponpon-5bea53.json
2026-09-26 14:54:03 | INFO     | OK https://skeb.jp/api/users/princess_0sora
2026-09-26 14:54:03 | INFO     | Saving at a/skeb/princess_0sora-44f33f.json
2026-09-26 14:54:04 | INFO     | OK https://skeb.jp/api/users/kulori_01
2026-09-26 14:54:04 | INFO     | Saving at a/skeb/kulori_01-77032f.json
2026-09-26 14:54:05 | INFO     | OK https://skeb.jp/api/users/pummeluff39
2026-09-26 14:54:05 | INFO     | Saving at a/skeb/pummeluff39-8f2621.json
2026-09-26 14:54:06 | INFO     | OK https://skeb.jp/api/users/pu_sukebe
2026-09-26 14:54:06 | INFO     | Saving at a/skeb/pu_sukebe-ba1991.json
2026-09-26 14:54:07 | INFO     | OK https://skeb.jp/api/users/JuliaMooff
2026-09-26 14:54:07 | INFO     | Saving at a/skeb/JuliaMooff-ebff70.json
2026-09-26 14:54:08 | INFO     | OK https://skeb.jp/api/users/h_milk
2026-09-26 14:54:08 | INFO     | Saving at a/skeb/h_milk-5ff874.json
2026-09-26 14:54:08 | INFO     | OK https://skeb.jp/api/users/ata1n0E
2026-09-26 14:54:08 | INFO     | Saving at a/skeb/ata1n0E-c5e719.json
2026-09-26 14:54:10 | INFO     | OK https://skeb.jp/api/users/sisyoukabu68785
2026-09-26 14:54:10 | INFO     | Saving at a/skeb/sisyoukabu68785-ce655a.json
2026-09-26 14:54:11 | INFO     | OK https://skeb.jp/api/users/10ma_ikrdn
2026-09-26 14:54:11 | INFO     | Saving at a/skeb/10ma_ikrdn-8f4705.json
2026-09-26 14:54:12 | INFO     | OK https://skeb.jp/api/users/kona_2_art
2026-09-26 14:54:12 | INFO     | Saving at a/skeb/kona_2_art-8f2866.json
2026-09-26 14:54:13 | INFO     | OK https://skeb.jp/api/users/hohohoho64
2026-09-26 14:54:13 | INFO     | Saving at a/skeb/hohohoho64-c7c536.json
2026-09-26 14:54:13 | INFO     | OK https://skeb.jp/api/users/ffgikrstrisrz04
2026-09-26 14:54:13 | INFO     | Saving at a/skeb/ffgikrstrisrz04-72416f.json
2026-09-26 14:54:15 | INFO     | OK https://skeb.jp/api/users/yur1iZz
2026-09-26 14:54:15 | INFO     | Saving at a/skeb/yur1iZz-44b2ee.json
2026-09-26 14:54:16 | INFO     | OK https://skeb.jp/api/users/UMA_DAMIAO
2026-09-26 14:54:16 | INFO     | Saving at a/skeb/UMA_DAMIAO-e7b89d.json
2026-09-26 14:54:17 | INFO     | OK https://skeb.jp/api/users/atatakaiinu
2026-09-26 14:54:17 | INFO     | Saving at a/skeb/atatakaiinu-d4da78.json
2026-09-26 14:54:18 | INFO     | OK https://skeb.jp/api/users/gaigaiondo0
2026-09-26 14:54:18 | INFO     | Saving at a/skeb/gaigaiondo0-d93fd6.json
2026-09-26 14:54:19 | INFO     | OK https://skeb.jp/api/users/ap1os
2026-09-26 14:54:19 | INFO     | Saving at a/skeb/ap1os-bf62a1.json
2026-09-26 14:54:20 | INFO     | OK https://skeb.jp/api/users/MUJINZAIRAISEN
2026-09-26 14:54:20 | INFO     | Saving at a/skeb/MUJINZAIRAISEN-a3eab9.json
2026-09-26 14:54:21 | INFO     | OK https://skeb.jp/api/users/K6R_SS
2026-09-26 14:54:21 | INFO     | Saving at a/skeb/K6R_SS-da1da6.json
2026-09-26 14:54:22 | INFO     | OK https://skeb.jp/api/users/gyosonnotamiyo
2026-09-26 14:54:22 | INFO     | Saving at a/skeb/gyosonnotamiyo-b210b6.json
2026-09-26 14:54:23 | INFO     | OK https://skeb.jp/api/users/ikachangenemaHH
2026-09-26 14:54:23 | INFO     | Saving at a/skeb/ikachangenemaHH-e11f98.json
2026-09-26 14:54:24 | INFO     | OK https://skeb.jp/api/users/SetozakiTen2
2026-09-26 14:54:24 | INFO     | Saving at a/skeb/SetozakiTen2-69eafe.json
2026-09-26 14:54:25 | INFO     | OK https://skeb.jp/api/users/Sakargs_
2026-09-26 14:54:25 | INFO     | Saving at a/skeb/Sakargs_-a72c54.json
2026-09-26 14:54:26 | INFO     | OK https://skeb.jp/api/users/urotori
2026-09-26 14:54:26 | INFO     | Saving at a/skeb/urotori-5f46e9.json
2026-09-26 14:54:27 | INFO     | OK https://skeb.jp/api/users/blueflamesecond
2026-09-26 14:54:27 | INFO     | Saving at a/skeb/blueflamesecond-3ae433.json
2026-09-26 14:54:28 | INFO     | OK https://skeb.jp/api/users/osaka_kokowa
2026-09-26 14:54:28 | INFO     | Saving at a/skeb/osaka_kokowa-ac2d8d.json
2026-09-26 14:54:29 | INFO     | OK https://skeb.jp/api/users/ajula_wachula
2026-09-26 14:54:29 | INFO     | Saving at a/skeb/ajula_wachula-4f9680.json
2026-09-26 14:54:30 | INFO     | OK https://skeb.jp/api/users/3saku_39
2026-09-26 14:54:30 | INFO     | Saving at a/skeb/3saku_39-91513e.json
2026-09-26 14:54:31 | INFO     | OK https://skeb.jp/api/users/eria69eria69
2026-09-26 14:54:31 | INFO     | Saving at a/skeb/eria69eria69-8d3169.json
2026-09-26 14:54:31 | INFO     | OK https://skeb.jp/api/users/10taru_88
2026-09-26 14:54:31 | INFO     | Saving at a/skeb/10taru_88-0cd84a.json
2026-09-26 14:54:33 | INFO     | OK https://skeb.jp/api/users/mir_ivy_2
2026-09-26 14:54:33 | INFO     | Saving at a/skeb/mir_ivy_2-47779d.json
2026-09-26 14:54:34 | INFO     | OK https://skeb.jp/api/users/0_0Lskb
2026-09-26 14:54:34 | INFO     | Saving at a/skeb/0_0Lskb-d6adfc.json
2026-09-26 14:54:35 | INFO     | OK https://skeb.jp/api/users/eisen1111
2026-09-26 14:54:35 | INFO     | Saving at a/skeb/eisen1111-9606eb.json
2026-09-26 14:54:36 | INFO     | OK https://skeb.jp/api/users/nicomi_chan
2026-09-26 14:54:36 | INFO     | Saving at a/skeb/nicomi_chan-560293.json
2026-09-26 14:54:37 | INFO     | OK https://skeb.jp/api/users/moppuneko_ta
2026-09-26 14:54:37 | INFO     | Saving at a/skeb/moppuneko_ta-d6ae5a.json
2026-09-26 14:54:38 | INFO     | OK https://skeb.jp/api/users/TOKIKO_nao
2026-09-26 14:54:38 | INFO     | Saving at a/skeb/TOKIKO_nao-655df7.json
2026-09-26 14:54:39 | INFO     | OK https://skeb.jp/api/users/S_toro_
2026-09-26 14:54:39 | INFO     | Saving at a/skeb/S_toro_-db8f69.json
2026-09-26 14:54:40 | INFO     | OK https://skeb.jp/api/users/ISB52765277
2026-09-26 14:54:40 | INFO     | Saving at a/skeb/ISB52765277-9e2520.json
2026-09-26 14:54:41 | INFO     | OK https://skeb.jp/api/users/TR_002_TR
2026-09-26 14:54:41 | INFO     | Saving at a/skeb/TR_002_TR-3f6ebc.json
2026-09-26 14:54:42 | INFO     | OK https://skeb.jp/api/users/Nekoya_Cocona
2026-09-26 14:54:42 | INFO     | Saving at a/skeb/Nekoya_Cocona-7c8f54.json
2026-09-26 14:54:43 | INFO     | OK https://skeb.jp/api/users/Dlrow_Dog
2026-09-26 14:54:43 | INFO     | Saving at a/skeb/Dlrow_Dog-85b645.json
2026-09-26 14:54:43 | INFO     | OK https://skeb.jp/api/users/mont_2a
2026-09-26 14:54:43 | INFO     | Saving at a/skeb/mont_2a-d6b83a.json
2026-09-26 14:54:45 | INFO     | OK https://skeb.jp/api/users/yuzu09skm
2026-09-26 14:54:45 | INFO     | Saving at a/skeb/yuzu09skm-5e3b6f.json
2026-09-26 14:54:46 | INFO     | OK https://skeb.jp/api/users/enokorogusa64
2026-09-26 14:54:46 | INFO     | Saving at a/skeb/enokorogusa64-bc4752.json
2026-09-26 14:54:47 | INFO     | OK https://skeb.jp/api/users/mnmn_cheese
2026-09-26 14:54:47 | INFO     | Saving at a/skeb/mnmn_cheese-110a35.json
2026-09-26 14:54:48 | INFO     | OK https://skeb.jp/api/users/kctrsj_ontama
2026-09-26 14:54:48 | INFO     | Saving at a/skeb/kctrsj_ontama-14c7bc.json
2026-09-26 14:54:49 | INFO     | OK https://skeb.jp/api/users/mooosikasite
2026-09-26 14:54:49 | INFO     | Saving at a/skeb/mooosikasite-cc4ef0.json
2026-09-26 14:54:50 | INFO     | OK https://skeb.jp/api/users/hinomiya1031
2026-09-26 14:54:50 | INFO     | Saving at a/skeb/hinomiya1031-ce3898.json
2026-09-26 14:54:51 | INFO     | OK https://skeb.jp/api/users/kyokuyatomori
2026-09-26 14:54:51 | INFO     | Saving at a/skeb/kyokuyatomori-eb68cd.json
2026-09-26 14:54:52 | INFO     | OK https://skeb.jp/api/users/offkichizaemon
2026-09-26 14:54:52 | INFO     | Saving at a/skeb/offkichizaemon-afde89.json
2026-09-26 14:54:53 | INFO     | OK https://skeb.jp/api/users/zunusama
2026-09-26 14:54:53 | INFO     | Saving at a/skeb/zunusama-8338d4.json
2026-09-26 14:54:53 | INFO     | OK https://skeb.jp/api/users/tokeruwakusei
2026-09-26 14:54:53 | INFO     | Saving at a/skeb/tokeruwakusei-da8076.json
2026-09-26 14:54:55 | INFO     | OK https://skeb.jp/api/users/OMUGIRI_ooo
2026-09-26 14:54:55 | INFO     | Saving at a/skeb/OMUGIRI_ooo-4259d0.json
2026-09-26 14:54:56 | INFO     | OK https://skeb.jp/api/users/inkaritae
2026-09-26 14:54:56 | INFO     | Saving at a/skeb/inkaritae-0c66f7.json
2026-09-26 14:54:57 | INFO     | OK https://skeb.jp/api/users/sinmyokonno
2026-09-26 14:54:57 | INFO     | Saving at a/skeb/sinmyokonno-35212a.json
2026-09-26 14:54:58 | INFO     | OK https://skeb.jp/api/users/ka2_zousui
2026-09-26 14:54:58 | INFO     | Saving at a/skeb/ka2_zousui-7f2899.json
2026-09-26 14:54:59 | INFO     | OK https://skeb.jp/api/users/nyosaku
2026-09-26 14:54:59 | INFO     | Saving at a/skeb/nyosaku-1e3d1f.json
2026-09-26 14:55:00 | INFO     | OK https://skeb.jp/api/users/haraguromeziro
2026-09-26 14:55:00 | INFO     | Saving at a/skeb/haraguromeziro-ad11c4.json
2026-09-26 14:55:01 | INFO     | OK https://skeb.jp/api/users/KurePuru66557
2026-09-26 14:55:01 | INFO     | Saving at a/skeb/KurePuru66557-c76f3d.json
2026-09-26 14:55:02 | INFO     | OK https://skeb.jp/api/users/HirusakiTique
2026-09-26 14:55:02 | INFO     | Saving at a/skeb/HirusakiTique-dfa53b.json
2026-09-26 14:55:03 | INFO     | OK https://skeb.jp/api/users/hkmi_0
2026-09-26 14:55:03 | INFO     | Saving at a/skeb/hkmi_0-05675a.json
2026-09-26 14:55:04 | INFO     | OK https://skeb.jp/api/users/kuchiba07
2026-09-26 14:55:04 | INFO     | Saving at a/skeb/kuchiba07-8d3c54.json
2026-09-26 14:55:05 | INFO     | OK https://skeb.jp/api/users/GrowballY
2026-09-26 14:55:05 | INFO     | Saving at a/skeb/GrowballY-428645.json
2026-09-26 14:55:06 | INFO     | OK https://skeb.jp/api/users/Nezu_Mickey
2026-09-26 14:55:06 | INFO     | Saving at a/skeb/Nezu_Mickey-f7d9bd.json
2026-09-26 14:55:07 | INFO     | OK https://skeb.jp/api/users/05hinagi_rin18
2026-09-26 14:55:07 | INFO     | Saving at a/skeb/05hinagi_rin18-c5d6c4.json
2026-09-26 14:55:08 | INFO     | OK https://skeb.jp/api/users/heyadokari
2026-09-26 14:55:08 | INFO     | Saving at a/skeb/heyadokari-05bef9.json
2026-09-26 14:55:09 | INFO     | OK https://skeb.jp/api/users/c2u3r
2026-09-26 14:55:09 | INFO     | Saving at a/skeb/c2u3r-170baf.json
2026-09-26 14:55:10 | INFO     | OK https://skeb.jp/api/users/kabeuthi0151
2026-09-26 14:55:10 | INFO     | Saving at a/skeb/kabeuthi0151-d2a5a2.json
2026-09-26 14:55:11 | INFO     | OK https://skeb.jp/api/users/pmm_little39
2026-09-26 14:55:11 | INFO     | Saving at a/skeb/pmm_little39-23fcab.json
2026-09-26 14:55:12 | INFO     | OK https://skeb.jp/api/users/unu__illust
2026-09-26 14:55:12 | INFO     | Saving at a/skeb/unu__illust-7bdd08.json
2026-09-26 14:55:13 | INFO     | OK https://skeb.jp/api/users/momolatten
2026-09-26 14:55:13 | INFO     | Saving at a/skeb/momolatten-390cf5.json
2026-09-26 14:55:14 | INFO     | OK https://skeb.jp/api/users/NaTa
2026-09-26 14:55:14 | INFO     | Saving at a/skeb/NaTa-8577ba.json
2026-09-26 14:55:15 | INFO     | OK https://skeb.jp/api/users/rain_sa1ka
2026-09-26 14:55:15 | INFO     | Saving at a/skeb/rain_sa1ka-42aecb.json
2026-09-26 14:55:16 | INFO     | OK https://skeb.jp/api/users/SB8496shibainu
2026-09-26 14:55:16 | INFO     | Saving at a/skeb/SB8496shibainu-4219f5.json
2026-09-26 14:55:16 | INFO     | OK https://skeb.jp/api/users/ugatsu1
2026-09-26 14:55:16 | INFO     | Saving at a/skeb/ugatsu1-44e581.json
2026-09-26 14:55:18 | INFO     | OK https://skeb.jp/api/users/amasu_kino
2026-09-26 14:55:18 | INFO     | Saving at a/skeb/amasu_kino-65cff4.json
2026-09-26 14:55:18 | INFO     | OK https://skeb.jp/api/users/44tanutanu
2026-09-26 14:55:18 | INFO     | Saving at a/skeb/44tanutanu-95bd5b.json
2026-09-26 14:55:20 | INFO     | OK https://skeb.jp/api/users/minminsemides
2026-09-26 14:55:20 | INFO     | Saving at a/skeb/minminsemides-9ca2af.json
2026-09-26 14:55:21 | INFO     | OK https://skeb.jp/api/users/hana_souretu_87
2026-09-26 14:55:21 | INFO     | Saving at a/skeb/hana_souretu_87-04bbcd.json
2026-09-26 14:55:22 | INFO     | OK https://skeb.jp/api/users/nann57901643289
2026-09-26 14:55:22 | INFO     | Saving at a/skeb/nann57901643289-3d0516.json
2026-09-26 14:55:23 | INFO     | OK https://skeb.jp/api/users/Codai03825089
2026-09-26 14:55:23 | INFO     | Saving at a/skeb/Codai03825089-231991.json
2026-09-26 14:55:24 | INFO     | OK https://skeb.jp/api/users/KSooo18
2026-09-26 14:55:24 | INFO     | Saving at a/skeb/KSooo18-efbaad.json
2026-09-26 14:55:25 | INFO     | OK https://skeb.jp/api/users/sizan
2026-09-26 14:55:25 | INFO     | Saving at a/skeb/sizan-6b6631.json
2026-09-26 14:55:26 | INFO     | OK https://skeb.jp/api/users/MK_post129
2026-09-26 14:55:26 | INFO     | Saving at a/skeb/MK_post129-27f8e8.json
2026-09-26 14:55:27 | INFO     | OK https://skeb.jp/api/users/umeya_04
2026-09-26 14:55:27 | INFO     | Saving at a/skeb/umeya_04-43f265.json
2026-09-26 14:55:28 | INFO     | OK https://skeb.jp/api/users/Usay0018
2026-09-26 14:55:28 | INFO     | Saving at a/skeb/Usay0018-f067f4.json
2026-09-26 14:55:29 | INFO     | OK https://skeb.jp/api/users/pmo____iim
2026-09-26 14:55:29 | INFO     | Saving at a/skeb/pmo____iim-1d0add.json
2026-09-26 14:55:30 | INFO     | OK https://skeb.jp/api/users/MS_Himematu
2026-09-26 14:55:30 | INFO     | Saving at a/skeb/MS_Himematu-5e440e.json
2026-09-26 14:55:31 | INFO     | OK https://skeb.jp/api/users/iwashi37277375
2026-09-26 14:55:31 | INFO     | Saving at a/skeb/iwashi37277375-cf5992.json
2026-09-26 14:55:32 | INFO     | OK https://skeb.jp/api/users/pengdrm
2026-09-26 14:55:32 | INFO     | Saving at a/skeb/pengdrm-6e0878.json
2026-09-26 14:55:33 | INFO     | OK https://skeb.jp/api/users/yoshimaro77
2026-09-26 14:55:33 | INFO     | Saving at a/skeb/yoshimaro77-f3c4a3.json
2026-09-26 14:55:34 | INFO     | OK https://skeb.jp/api/users/parantal
2026-09-26 14:55:34 | INFO     | Saving at a/skeb/parantal-a10381.json
2026-09-26 14:55:35 | INFO     | OK https://skeb.jp/api/users/NKQ199JYwN78440
2026-09-26 14:55:35 | INFO     | Saving at a/skeb/NKQ199JYwN78440-ae93a5.json
2026-09-26 14:55:36 | INFO     | OK https://skeb.jp/api/users/dokoro1020
2026-09-26 14:55:36 | INFO     | Saving at a/skeb/dokoro1020-224b78.json
2026-09-26 14:55:37 | INFO     | OK https://skeb.jp/api/users/w6kyh
2026-09-26 14:55:37 | INFO     | Saving at a/skeb/w6kyh-af14c2.json
2026-09-26 14:55:38 | INFO     | OK https://skeb.jp/api/users/mikoto_yuan
2026-09-26 14:55:38 | INFO     | Saving at a/skeb/mikoto_yuan-299dfa.json
2026-09-26 14:55:39 | INFO     | OK https://skeb.jp/api/users/t8rr11
2026-09-26 14:55:39 | INFO     | Saving at a/skeb/t8rr11-9c58af.json
2026-09-26 14:55:40 | INFO     | OK https://skeb.jp/api/users/mmck111
2026-09-26 14:55:40 | INFO     | Saving at a/skeb/mmck111-b7f82b.json
2026-09-26 14:55:41 | INFO     | OK https://skeb.jp/api/users/milkleopard
2026-09-26 14:55:41 | INFO     | Saving at a/skeb/milkleopard-5efc96.json
2026-09-26 14:55:42 | INFO     | OK https://skeb.jp/api/users/7Wbijy__m
2026-09-26 14:55:42 | INFO     | Saving at a/skeb/7Wbijy__m-26334c.json
2026-09-26 14:55:43 | INFO     | OK https://skeb.jp/api/users/rissenka
2026-09-26 14:55:43 | INFO     | Saving at a/skeb/rissenka-be7cd4.json
2026-09-26 14:55:44 | INFO     | OK https://skeb.jp/api/users/Q050__8m
2026-09-26 14:55:44 | INFO     | Saving at a/skeb/Q050__8m-1e3096.json
2026-09-26 14:55:45 | INFO     | OK https://skeb.jp/api/users/G_Coba
2026-09-26 14:55:45 | INFO     | Saving at a/skeb/G_Coba-5cd559.json
2026-09-26 14:55:46 | INFO     | OK https://skeb.jp/api/users/konpe0217
2026-09-26 14:55:46 | INFO     | Saving at a/skeb/konpe0217-1185e9.json
2026-09-26 14:55:47 | INFO     | OK https://skeb.jp/api/users/Man015s
2026-09-26 14:55:47 | INFO     | Saving at a/skeb/Man015s-99eca1.json
2026-09-26 14:55:48 | INFO     | OK https://skeb.jp/api/users/iruka_no_niji
2026-09-26 14:55:48 | INFO     | Saving at a/skeb/iruka_no_niji-796831.json
2026-09-26 14:55:49 | INFO     | OK https://skeb.jp/api/users/AOGAMI_O
2026-09-26 14:55:49 | INFO     | Saving at a/skeb/AOGAMI_O-794a00.json
2026-09-26 14:55:50 | INFO     | OK https://skeb.jp/api/users/wj_mc1
2026-09-26 14:55:50 | INFO     | Saving at a/skeb/wj_mc1-3d23b3.json
2026-09-26 14:55:51 | INFO     | OK https://skeb.jp/api/users/rom4vlt12
2026-09-26 14:55:51 | INFO     | Saving at a/skeb/rom4vlt12-483980.json
2026-09-26 14:55:52 | INFO     | OK https://skeb.jp/api/users/hoka_gohan2
2026-09-26 14:55:52 | INFO     | Saving at a/skeb/hoka_gohan2-819d36.json
2026-09-26 14:55:53 | INFO     | OK https://skeb.jp/api/users/6662s_f
2026-09-26 14:55:53 | INFO     | Saving at a/skeb/6662s_f-b3e49d.json
2026-09-26 14:55:54 | INFO     | OK https://skeb.jp/api/users/nova_7511
2026-09-26 14:55:54 | INFO     | Saving at a/skeb/nova_7511-80f7d3.json
2026-09-26 14:55:55 | INFO     | OK https://skeb.jp/api/users/hijikiYONE
2026-09-26 14:55:55 | INFO     | Saving at a/skeb/hijikiYONE-3e5044.json
2026-09-26 14:55:56 | INFO     | OK https://skeb.jp/api/users/mouo4mai
2026-09-26 14:55:56 | INFO     | Saving at a/skeb/mouo4mai-f21a4a.json
2026-09-26 14:55:57 | INFO     | OK https://skeb.jp/api/users/otohaTRPG
2026-09-26 14:55:57 | INFO     | Saving at a/skeb/otohaTRPG-a2601b.json
2026-09-26 14:55:58 | INFO     | OK https://skeb.jp/api/users/matamata890
2026-09-26 14:55:58 | INFO     | Saving at a/skeb/matamata890-41c864.json
2026-09-26 14:55:59 | INFO     | OK https://skeb.jp/api/users/rabon_260
2026-09-26 14:55:59 | INFO     | Saving at a/skeb/rabon_260-4a3040.json
2026-09-26 14:56:00 | INFO     | OK https://skeb.jp/api/users/metyayurusu
2026-09-26 14:56:00 | INFO     | Saving at a/skeb/metyayurusu-600a42.json
2026-09-26 14:56:01 | INFO     | OK https://skeb.jp/api/users/s8_nano
2026-09-26 14:56:01 | INFO     | Saving at a/skeb/s8_nano-1ef620.json
2026-09-26 14:56:02 | INFO     | OK https://skeb.jp/api/users/_getsukaxxx_
2026-09-26 14:56:02 | INFO     | Saving at a/skeb/_getsukaxxx_-f8542e.json
2026-09-26 14:56:03 | INFO     | OK https://skeb.jp/api/users/0x0_yukimi
2026-09-26 14:56:03 | INFO     | Saving at a/skeb/0x0_yukimi-678192.json
2026-09-26 14:56:04 | INFO     | OK https://skeb.jp/api/users/tirasi_work
2026-09-26 14:56:04 | INFO     | Saving at a/skeb/tirasi_work-944035.json
2026-09-26 14:56:05 | INFO     | OK https://skeb.jp/api/users/emanon123_78m
2026-09-26 14:56:05 | INFO     | Saving at a/skeb/emanon123_78m-98b557.json
2026-09-26 14:56:06 | INFO     | OK https://skeb.jp/api/users/Kankitukei_0805
2026-09-26 14:56:06 | INFO     | Saving at a/skeb/Kankitukei_0805-51cefe.json
2026-09-26 14:56:07 | INFO     | OK https://skeb.jp/api/users/nonbirireo
2026-09-26 14:56:07 | INFO     | Saving at a/skeb/nonbirireo-f563cd.json
2026-09-26 14:56:08 | INFO     | OK https://skeb.jp/api/users/siro00510
2026-09-26 14:56:08 | INFO     | Saving at a/skeb/siro00510-0fc57f.json
2026-09-26 14:56:09 | INFO     | OK https://skeb.jp/api/users/omochi10_01
2026-09-26 14:56:09 | INFO     | Saving at a/skeb/omochi10_01-979a6f.json
2026-09-26 14:56:10 | INFO     | OK https://skeb.jp/api/users/mochafii
2026-09-26 14:56:10 | INFO     | Saving at a/skeb/mochafii-8e32a1.json
2026-09-26 14:56:11 | INFO     | OK https://skeb.jp/api/users/simatten0131
2026-09-26 14:56:11 | INFO     | Saving at a/skeb/simatten0131-7dff20.json
2026-09-26 14:56:12 | INFO     | OK https://skeb.jp/api/users/hijirigakawaii
2026-09-26 14:56:12 | INFO     | Saving at a/skeb/hijirigakawaii-d195aa.json
2026-09-26 14:56:13 | INFO     | OK https://skeb.jp/api/users/OmaS_lie
2026-09-26 14:56:13 | INFO     | Saving at a/skeb/OmaS_lie-a7db26.json
2026-09-26 14:56:14 | INFO     | OK https://skeb.jp/api/users/yureikan140yen
2026-09-26 14:56:14 | INFO     | Saving at a/skeb/yureikan140yen-a22931.json
2026-09-26 14:56:15 | INFO     | OK https://skeb.jp/api/users/ityohii_
2026-09-26 14:56:15 | INFO     | Saving at a/skeb/ityohii_-383da3.json
2026-09-26 14:56:16 | INFO     | OK https://skeb.jp/api/users/10re_10
2026-09-26 14:56:16 | INFO     | Saving at a/skeb/10re_10-18c138.json
2026-09-26 14:56:17 | INFO     | OK https://skeb.jp/api/users/ny0o0_ou
2026-09-26 14:56:17 | INFO     | Saving at a/skeb/ny0o0_ou-5103ac.json
2026-09-26 14:56:18 | INFO     | OK https://skeb.jp/api/users/llyy8s39
2026-09-26 14:56:18 | INFO     | Saving at a/skeb/llyy8s39-df0daa.json
2026-09-26 14:56:19 | INFO     | OK https://skeb.jp/api/users/faru_ytori
2026-09-26 14:56:19 | INFO     | Saving at a/skeb/faru_ytori-3d7469.json
2026-09-26 14:56:20 | INFO     | OK https://skeb.jp/api/users/Kyomu_kurenai
2026-09-26 14:56:20 | INFO     | Saving at a/skeb/Kyomu_kurenai-4ac2c7.json
2026-09-26 14:56:21 | INFO     | OK https://skeb.jp/api/users/mariyo_siki
2026-09-26 14:56:21 | INFO     | Saving at a/skeb/mariyo_siki-39caa7.json
2026-09-26 14:56:22 | INFO     | OK https://skeb.jp/api/users/dLhUmzwggz97612
2026-09-26 14:56:22 | INFO     | Saving at a/skeb/dLhUmzwggz97612-26fc35.json
2026-09-26 14:56:23 | INFO     | OK https://skeb.jp/api/users/AhoKE7Zhkg
2026-09-26 14:56:23 | INFO     | Saving at a/skeb/AhoKE7Zhkg-72cf2e.json
2026-09-26 14:56:24 | INFO     | OK https://skeb.jp/api/users/ikr_nandemo
2026-09-26 14:56:24 | INFO     | Saving at a/skeb/ikr_nandemo-b7414b.json
2026-09-26 14:56:25 | INFO     | OK https://skeb.jp/api/users/dopamine629
2026-09-26 14:56:25 | INFO     | Saving at a/skeb/dopamine629-17d79e.json
2026-09-26 14:56:26 | INFO     | OK https://skeb.jp/api/users/yrnsmi
2026-09-26 14:56:26 | INFO     | Saving at a/skeb/yrnsmi-384fea.json
2026-09-26 14:56:27 | INFO     | OK https://skeb.jp/api/users/Nankai_san
2026-09-26 14:56:27 | INFO     | Saving at a/skeb/Nankai_san-638830.json
2026-09-26 14:56:28 | INFO     | OK https://skeb.jp/api/users/0201yamarisu
2026-09-26 14:56:28 | INFO     | Saving at a/skeb/0201yamarisu-c6521d.json
2026-09-26 14:56:29 | INFO     | OK https://skeb.jp/api/users/rokuzukeita
2026-09-26 14:56:29 | INFO     | Saving at a/skeb/rokuzukeita-fa012d.json
2026-09-26 14:56:30 | INFO     | OK https://skeb.jp/api/users/acolu00
2026-09-26 14:56:30 | INFO     | Saving at a/skeb/acolu00-cf4aa8.json
2026-09-26 14:56:31 | INFO     | OK https://skeb.jp/api/users/rawell1963
2026-09-26 14:56:31 | INFO     | Saving at a/skeb/rawell1963-eae87e.json
2026-09-26 14:56:32 | INFO     | OK https://skeb.jp/api/users/shiro_noha04
2026-09-26 14:56:32 | INFO     | Saving at a/skeb/shiro_noha04-809bde.json
2026-09-26 14:56:33 | INFO     | OK https://skeb.jp/api/users/kmttntn
2026-09-26 14:56:33 | INFO     | Saving at a/skeb/kmttntn-bb844c.json
2026-09-26 14:56:34 | INFO     | OK https://skeb.jp/api/users/angelusw186400
2026-09-26 14:56:34 | INFO     | Saving at a/skeb/angelusw186400-4de5b7.json
2026-09-26 14:56:35 | INFO     | OK https://skeb.jp/api/users/i7min_
2026-09-26 14:56:35 | INFO     | Saving at a/skeb/i7min_-aa25fa.json
2026-09-26 14:56:36 | INFO     | OK https://skeb.jp/api/users/nmr_yo78
2026-09-26 14:56:36 | INFO     | Saving at a/skeb/nmr_yo78-2165b3.json
2026-09-26 14:56:37 | INFO     | OK https://skeb.jp/api/users/pote_vrc_shop
2026-09-26 14:56:37 | INFO     | Saving at a/skeb/pote_vrc_shop-30a2dc.json
2026-09-26 14:56:38 | INFO     | OK https://skeb.jp/api/users/Myself_skeb
2026-09-26 14:56:38 | INFO     | Saving at a/skeb/Myself_skeb-866bdb.json
2026-09-26 14:56:39 | INFO     | OK https://skeb.jp/api/users/em_ivy_akippoi
2026-09-26 14:56:39 | INFO     | Saving at a/skeb/em_ivy_akippoi-9d6dfe.json
2026-09-26 14:56:40 | INFO     | OK https://skeb.jp/api/users/Yoka_b_i
2026-09-26 14:56:40 | INFO     | Saving at a/skeb/Yoka_b_i-08e8e2.json
2026-09-26 14:56:41 | INFO     | OK https://skeb.jp/api/users/koyama_nanami
2026-09-26 14:56:41 | INFO     | Saving at a/skeb/koyama_nanami-0bea08.json
2026-09-26 14:56:42 | INFO     | OK https://skeb.jp/api/users/auagpic
2026-09-26 14:56:42 | INFO     | Saving at a/skeb/auagpic-0e43a4.json
2026-09-26 14:56:43 | INFO     | OK https://skeb.jp/api/users/denmaru2
2026-09-26 14:56:43 | INFO     | Saving at a/skeb/denmaru2-867976.json
2026-09-26 14:56:44 | INFO     | OK https://skeb.jp/api/users/u_ubuyu
2026-09-26 14:56:44 | INFO     | Saving at a/skeb/u_ubuyu-1926dd.json
2026-09-26 14:56:45 | INFO     | OK https://skeb.jp/api/users/tatsuminorensyu
2026-09-26 14:56:45 | INFO     | Saving at a/skeb/tatsuminorensyu-f753f6.json
2026-09-26 14:56:46 | INFO     | OK https://skeb.jp/api/users/erutcipIPIPIPIP
2026-09-26 14:56:46 | INFO     | Saving at a/skeb/erutcipIPIPIPIP-755da2.json
2026-09-26 14:56:47 | INFO     | OK https://skeb.jp/api/users/Donuts_men
2026-09-26 14:56:47 | INFO     | Saving at a/skeb/Donuts_men-ae98b6.json
2026-09-26 14:56:48 | INFO     | OK https://skeb.jp/api/users/kamemaru91
2026-09-26 14:56:48 | INFO     | Saving at a/skeb/kamemaru91-12b5b2.json
2026-09-26 14:56:49 | INFO     | OK https://skeb.jp/api/users/DANPU456
2026-09-26 14:56:49 | INFO     | Saving at a/skeb/DANPU456-a56f65.json
2026-09-26 14:56:50 | INFO     | OK https://skeb.jp/api/users/flisk1129
2026-09-26 14:56:50 | INFO     | Saving at a/skeb/flisk1129-f7b980.json
2026-09-26 14:56:51 | INFO     | OK https://skeb.jp/api/users/fire_breath01
2026-09-26 14:56:51 | INFO     | Saving at a/skeb/fire_breath01-f0226e.json
2026-09-26 14:56:52 | INFO     | OK https://skeb.jp/api/users/610_bk
2026-09-26 14:56:52 | INFO     | Saving at a/skeb/610_bk-754d10.json
2026-09-26 14:56:53 | INFO     | OK https://skeb.jp/api/users/himehachi02
2026-09-26 14:56:53 | INFO     | Saving at a/skeb/himehachi02-f3740c.json
2026-09-26 14:56:54 | INFO     | OK https://skeb.jp/api/users/nekomado_mado
2026-09-26 14:56:54 | INFO     | Saving at a/skeb/nekomado_mado-881a69.json
2026-09-26 14:56:55 | INFO     | OK https://skeb.jp/api/users/nikori226
2026-09-26 14:56:55 | INFO     | Saving at a/skeb/nikori226-61ad27.json
2026-09-26 14:56:56 | INFO     | OK https://skeb.jp/api/users/ujmwey
2026-09-26 14:56:56 | INFO     | Saving at a/skeb/ujmwey-6ea155.json
2026-09-26 14:56:57 | INFO     | OK https://skeb.jp/api/users/RFB_345orororo
2026-09-26 14:56:57 | INFO     | Saving at a/skeb/RFB_345orororo-16d9f2.json
2026-09-26 14:56:58 | INFO     | OK https://skeb.jp/api/users/front_hook
2026-09-26 14:56:58 | INFO     | Saving at a/skeb/front_hook-da5da4.json
2026-09-26 14:56:59 | INFO     | OK https://skeb.jp/api/users/nooooo563
2026-09-26 14:56:59 | INFO     | Saving at a/skeb/nooooo563-149e8d.json
2026-09-26 14:57:00 | INFO     | OK https://skeb.jp/api/users/_ashinoura
2026-09-26 14:57:00 | INFO     | Saving at a/skeb/_ashinoura-ccdfee.json
2026-09-26 14:57:01 | INFO     | OK https://skeb.jp/api/users/sskur_a
2026-09-26 14:57:01 | INFO     | Saving at a/skeb/sskur_a-cb60a2.json
2026-09-26 14:57:02 | INFO     | OK https://skeb.jp/api/users/scarlet753315
2026-09-26 14:57:02 | INFO     | Saving at a/skeb/scarlet753315-ac8587.json
2026-09-26 14:57:03 | INFO     | OK https://skeb.jp/api/users/Leon2_9
2026-09-26 14:57:03 | INFO     | Saving at a/skeb/Leon2_9-75515b.json
2026-09-26 14:57:04 | INFO     | OK https://skeb.jp/api/users/ninhira_3moji
2026-09-26 14:57:04 | INFO     | Saving at a/skeb/ninhira_3moji-95c2e0.json
2026-09-26 14:57:05 | INFO     | OK https://skeb.jp/api/users/mz_ozsn
2026-09-26 14:57:05 | INFO     | Saving at a/skeb/mz_ozsn-a0bf78.json
2026-09-26 14:57:06 | INFO     | OK https://skeb.jp/api/users/mo2222mon
2026-09-26 14:57:06 | INFO     | Saving at a/skeb/mo2222mon-0626f6.json
2026-09-26 14:57:07 | INFO     | OK https://skeb.jp/api/users/city_sanzu
2026-09-26 14:57:07 | INFO     | Saving at a/skeb/city_sanzu-784980.json
2026-09-26 14:57:08 | INFO     | OK https://skeb.jp/api/users/zi_honda
2026-09-26 14:57:08 | INFO     | Saving at a/skeb/zi_honda-03f68d.json
2026-09-26 14:57:09 | INFO     | OK https://skeb.jp/api/users/donn_meda
2026-09-26 14:57:09 | INFO     | Saving at a/skeb/donn_meda-a60ecf.json
2026-09-26 14:57:10 | INFO     | OK https://skeb.jp/api/users/Univxcig
2026-09-26 14:57:10 | INFO     | Saving at a/skeb/Univxcig-e2a7db.json
2026-09-26 14:57:11 | INFO     | OK https://skeb.jp/api/users/4kiMizuki
2026-09-26 14:57:11 | INFO     | Saving at a/skeb/4kiMizuki-28c1f0.json
2026-09-26 14:57:12 | INFO     | OK https://skeb.jp/api/users/RailgunKy
2026-09-26 14:57:12 | INFO     | Saving at a/skeb/RailgunKy-5d0ccd.json
2026-09-26 14:57:13 | INFO     | OK https://skeb.jp/api/users/engawa110
2026-09-26 14:57:13 | INFO     | Saving at a/skeb/engawa110-cbd13c.json
2026-09-26 14:57:14 | INFO     | OK https://skeb.jp/api/users/kotono_n0_
2026-09-26 14:57:14 | INFO     | Saving at a/skeb/kotono_n0_-3b71a2.json
2026-09-26 14:57:15 | INFO     | OK https://skeb.jp/api/users/4uxuy
2026-09-26 14:57:15 | INFO     | Saving at a/skeb/4uxuy-d65330.json
2026-09-26 14:57:16 | INFO     | OK https://skeb.jp/api/users/kmkm_0000_
2026-09-26 14:57:16 | INFO     | Saving at a/skeb/kmkm_0000_-bbf652.json
2026-09-26 14:57:17 | INFO     | OK https://skeb.jp/api/users/ginjiroXX
2026-09-26 14:57:17 | INFO     | Saving at a/skeb/ginjiroXX-907151.json
2026-09-26 14:57:18 | INFO     | OK https://skeb.jp/api/users/usagikyogijo
2026-09-26 14:57:18 | INFO     | Saving at a/skeb/usagikyogijo-4b414c.json
2026-09-26 14:57:19 | INFO     | OK https://skeb.jp/api/users/takanashiTKNS
2026-09-26 14:57:19 | INFO     | Saving at a/skeb/takanashiTKNS-c89067.json
2026-09-26 14:57:20 | INFO     | OK https://skeb.jp/api/users/Aoi_Suzu_
2026-09-26 14:57:20 | INFO     | Saving at a/skeb/Aoi_Suzu_-52215d.json
2026-09-26 14:57:21 | INFO     | OK https://skeb.jp/api/users/okum_00
2026-09-26 14:57:21 | INFO     | Saving at a/skeb/okum_00-6b24d4.json
2026-09-26 14:57:22 | INFO     | OK https://skeb.jp/api/users/hoshikawa_02
2026-09-26 14:57:22 | INFO     | Saving at a/skeb/hoshikawa_02-3077aa.json
2026-09-26 14:57:23 | INFO     | OK https://skeb.jp/api/users/b612virginia
2026-09-26 14:57:23 | INFO     | Saving at a/skeb/b612virginia-687e6e.json
2026-09-26 14:57:24 | INFO     | OK https://skeb.jp/api/users/pochiiro_
2026-09-26 14:57:24 | INFO     | Saving at a/skeb/pochiiro_-8abe2a.json
2026-09-26 14:57:25 | INFO     | OK https://skeb.jp/api/users/YzgHbpMVbQmjzfh
2026-09-26 14:57:25 | INFO     | Saving at a/skeb/YzgHbpMVbQmjzfh-791ed5.json
2026-09-26 14:57:26 | INFO     | OK https://skeb.jp/api/users/subaru_akino
2026-09-26 14:57:26 | INFO     | Saving at a/skeb/subaru_akino-812b21.json
2026-09-26 14:57:27 | INFO     | OK https://skeb.jp/api/users/4me3ba_NIKU
2026-09-26 14:57:27 | INFO     | Saving at a/skeb/4me3ba_NIKU-5a2e26.json
2026-09-26 14:57:28 | INFO     | OK https://skeb.jp/api/users/hk45_x
2026-09-26 14:57:28 | INFO     | Saving at a/skeb/hk45_x-3101ef.json
2026-09-26 14:57:29 | INFO     | OK https://skeb.jp/api/users/PonshuisLIFE
2026-09-26 14:57:29 | INFO     | Saving at a/skeb/PonshuisLIFE-82585d.json
2026-09-26 14:57:30 | INFO     | OK https://skeb.jp/api/users/saaasa_331
2026-09-26 14:57:30 | INFO     | Saving at a/skeb/saaasa_331-994392.json
2026-09-26 14:57:31 | INFO     | OK https://skeb.jp/api/users/266notre
2026-09-26 14:57:31 | INFO     | Saving at a/skeb/266notre-78fd33.json
2026-09-26 14:57:32 | INFO     | OK https://skeb.jp/api/users/zhideneco
2026-09-26 14:57:32 | INFO     | Saving at a/skeb/zhideneco-704357.json
2026-09-26 14:57:33 | INFO     | OK https://skeb.jp/api/users/ten_gogh
2026-09-26 14:57:33 | INFO     | Saving at a/skeb/ten_gogh-e238c0.json
2026-09-26 14:57:34 | INFO     | OK https://skeb.jp/api/users/sweets__land
2026-09-26 14:57:34 | INFO     | Saving at a/skeb/sweets__land-5470ce.json
2026-09-26 14:57:35 | INFO     | OK https://skeb.jp/api/users/meiro_illustrator
2026-09-26 14:57:35 | INFO     | Saving at a/skeb/meiro_illustrator-a043b8.json
2026-09-26 14:57:36 | INFO     | OK https://skeb.jp/api/users/chloe_ethyl
2026-09-26 14:57:36 | INFO     | Saving at a/skeb/chloe_ethyl-b8528e.json
2026-09-26 14:57:37 | INFO     | OK https://skeb.jp/api/users/hamratgold
2026-09-26 14:57:37 | INFO     | Saving at a/skeb/hamratgold-d03085.json
2026-09-26 14:57:38 | INFO     | OK https://skeb.jp/api/users/touno000
2026-09-26 14:57:38 | INFO     | Saving at a/skeb/touno000-27b9f4.json
2026-09-26 14:57:39 | INFO     | OK https://skeb.jp/api/users/X_noki9
2026-09-26 14:57:39 | INFO     | Saving at a/skeb/X_noki9-6295fa.json
2026-09-26 14:57:40 | INFO     | OK https://skeb.jp/api/users/H043_
2026-09-26 14:57:40 | INFO     | Saving at a/skeb/H043_-1eda53.json
2026-09-26 14:57:41 | INFO     | OK https://skeb.jp/api/users/tabenai_yo_
2026-09-26 14:57:41 | INFO     | Saving at a/skeb/tabenai_yo_-872ab2.json
2026-09-26 14:57:42 | INFO     | OK https://skeb.jp/api/users/bla_ck_rabbit
2026-09-26 14:57:42 | INFO     | Saving at a/skeb/bla_ck_rabbit-d03250.json
2026-09-26 14:57:43 | INFO     | OK https://skeb.jp/api/users/karatekikku
2026-09-26 14:57:43 | INFO     | Saving at a/skeb/karatekikku-3d7445.json
2026-09-26 14:57:44 | INFO     | OK https://skeb.jp/api/users/sousaku_suru
2026-09-26 14:57:44 | INFO     | Saving at a/skeb/sousaku_suru-4dfe68.json
2026-09-26 14:57:45 | INFO     | OK https://skeb.jp/api/users/hehehehehe73
2026-09-26 14:57:45 | INFO     | Saving at a/skeb/hehehehehe73-5ebc49.json
2026-09-26 14:57:46 | INFO     | OK https://skeb.jp/api/users/isotomasansa
2026-09-26 14:57:46 | INFO     | Saving at a/skeb/isotomasansa-2efc39.json
2026-09-26 14:57:47 | INFO     | OK https://skeb.jp/api/users/tsuruyama123
2026-09-26 14:57:47 | INFO     | Saving at a/skeb/tsuruyama123-0595c5.json
2026-09-26 14:57:48 | INFO     | OK https://skeb.jp/api/users/yoranta_x
2026-09-26 14:57:48 | INFO     | Saving at a/skeb/yoranta_x-c80ca1.json
2026-09-26 14:57:49 | INFO     | OK https://skeb.jp/api/users/huyuyoshi4z3
2026-09-26 14:57:49 | INFO     | Saving at a/skeb/huyuyoshi4z3-3016fb.json
2026-09-26 14:57:50 | INFO     | OK https://skeb.jp/api/users/mgr_skb
2026-09-26 14:57:50 | INFO     | Saving at a/skeb/mgr_skb-f27a27.json
2026-09-26 14:57:51 | INFO     | OK https://skeb.jp/api/users/440_pome
2026-09-26 14:57:51 | INFO     | Saving at a/skeb/440_pome-8254c4.json
2026-09-26 14:57:52 | INFO     | OK https://skeb.jp/api/users/toba_ww
2026-09-26 14:57:52 | INFO     | Saving at a/skeb/toba_ww-067add.json
2026-09-26 14:57:53 | INFO     | OK https://skeb.jp/api/users/mayu_m
2026-09-26 14:57:53 | INFO     | Saving at a/skeb/mayu_m-c467b7.json
2026-09-26 14:57:54 | INFO     | OK https://skeb.jp/api/users/Ritosmile25
2026-09-26 14:57:54 | INFO     | Saving at a/skeb/Ritosmile25-9af1ec.json
2026-09-26 14:57:55 | INFO     | OK https://skeb.jp/api/users/fuji_imaginary
2026-09-26 14:57:55 | INFO     | Saving at a/skeb/fuji_imaginary-e6ec6a.json
2026-09-26 14:57:56 | INFO     | OK https://skeb.jp/api/users/AtuAtu_H4gane
2026-09-26 14:57:56 | INFO     | Saving at a/skeb/AtuAtu_H4gane-6206e8.json
2026-09-26 14:57:57 | INFO     | OK https://skeb.jp/api/users/zakobennki_
2026-09-26 14:57:57 | INFO     | Saving at a/skeb/zakobennki_-fb4bb0.json
2026-09-26 14:57:58 | INFO     | OK https://skeb.jp/api/users/oyoy_dmp
2026-09-26 14:57:58 | INFO     | Saving at a/skeb/oyoy_dmp-55e9aa.json
2026-09-26 14:57:59 | INFO     | OK https://skeb.jp/api/users/stm_735
2026-09-26 14:57:59 | INFO     | Saving at a/skeb/stm_735-d81fab.json
2026-09-26 14:58:00 | INFO     | OK https://skeb.jp/api/users/chi_chikata
2026-09-26 14:58:00 | INFO     | Saving at a/skeb/chi_chikata-f2d4c9.json
2026-09-26 14:58:01 | INFO     | OK https://skeb.jp/api/users/RYOOO115
2026-09-26 14:58:01 | INFO     | Saving at a/skeb/RYOOO115-fc5436.json
2026-09-26 14:58:02 | INFO     | OK https://skeb.jp/api/users/doto_mori
2026-09-26 14:58:02 | INFO     | Saving at a/skeb/doto_mori-5729de.json
2026-09-26 14:58:03 | INFO     | OK https://skeb.jp/api/users/I_Ohmedama
2026-09-26 14:58:03 | INFO     | Saving at a/skeb/I_Ohmedama-69288f.json
2026-09-26 14:58:04 | INFO     | OK https://skeb.jp/api/users/999mm_male
2026-09-26 14:58:04 | INFO     | Saving at a/skeb/999mm_male-7eb08a.json
2026-09-26 14:58:05 | INFO     | OK https://skeb.jp/api/users/F14kcal
2026-09-26 14:58:05 | INFO     | Saving at a/skeb/F14kcal-3fe0bb.json
2026-09-26 14:58:06 | INFO     | OK https://skeb.jp/api/users/Zebulun_
2026-09-26 14:58:06 | INFO     | Saving at a/skeb/Zebulun_-c238d3.json
2026-09-26 14:58:07 | INFO     | OK https://skeb.jp/api/users/sisisi_sio
2026-09-26 14:58:07 | INFO     | Saving at a/skeb/sisisi_sio-3424b2.json
2026-09-26 14:58:08 | INFO     | OK https://skeb.jp/api/users/CHILI_CURRY
2026-09-26 14:58:08 | INFO     | Saving at a/skeb/CHILI_CURRY-18ab79.json
2026-09-26 14:58:09 | INFO     | OK https://skeb.jp/api/users/tNKkKzUIcj
2026-09-26 14:58:09 | INFO     | Saving at a/skeb/tNKkKzUIcj-725666.json
2026-09-26 14:58:10 | INFO     | OK https://skeb.jp/api/users/noko_puiche
2026-09-26 14:58:10 | INFO     | Saving at a/skeb/noko_puiche-dd8100.json
2026-09-26 14:58:11 | INFO     | OK https://skeb.jp/api/users/osamusa828
2026-09-26 14:58:11 | INFO     | Saving at a/skeb/osamusa828-41377b.json
2026-09-26 14:58:12 | INFO     | OK https://skeb.jp/api/users/nanoka_san
2026-09-26 14:58:12 | INFO     | Saving at a/skeb/nanoka_san-e030d9.json
2026-09-26 14:58:13 | INFO     | OK https://skeb.jp/api/users/_chio_ri
2026-09-26 14:58:13 | INFO     | Saving at a/skeb/_chio_ri-5e8392.json
2026-09-26 14:58:14 | INFO     | OK https://skeb.jp/api/users/amabierakutomini
2026-09-26 14:58:14 | INFO     | Saving at a/skeb/amabierakutomini-cd4b1c.json
2026-09-26 14:58:15 | INFO     | OK https://skeb.jp/api/users/urii_inu
2026-09-26 14:58:15 | INFO     | Saving at a/skeb/urii_inu-158f13.json
2026-09-26 14:58:16 | INFO     | OK https://skeb.jp/api/users/lutein1455
2026-09-26 14:58:16 | INFO     | Saving at a/skeb/lutein1455-d8e594.json
2026-09-26 14:58:17 | INFO     | OK https://skeb.jp/api/users/zumomoco
2026-09-26 14:58:17 | INFO     | Saving at a/skeb/zumomoco-6bddb4.json
2026-09-26 14:58:18 | INFO     | OK https://skeb.jp/api/users/sreir18
2026-09-26 14:58:18 | INFO     | Saving at a/skeb/sreir18-dfb1ff.json
2026-09-26 14:58:19 | INFO     | OK https://skeb.jp/api/users/DHA_56
2026-09-26 14:58:19 | INFO     | Saving at a/skeb/DHA_56-6605ac.json
2026-09-26 14:58:20 | INFO     | OK https://skeb.jp/api/users/oonmnmooO
2026-09-26 14:58:20 | INFO     | Saving at a/skeb/oonmnmooO-bc3b58.json
2026-09-26 14:58:21 | INFO     | OK https://skeb.jp/api/users/rika_rkgk
2026-09-26 14:58:21 | INFO     | Saving at a/skeb/rika_rkgk-a7b8d0.json
2026-09-26 14:58:22 | INFO     | OK https://skeb.jp/api/users/fusenryo2
2026-09-26 14:58:22 | INFO     | Saving at a/skeb/fusenryo2-981b18.json
2026-09-26 14:58:23 | INFO     | OK https://skeb.jp/api/users/tyono_nn
2026-09-26 14:58:23 | INFO     | Saving at a/skeb/tyono_nn-37c021.json
2026-09-26 14:58:24 | INFO     | OK https://skeb.jp/api/users/manige_E
2026-09-26 14:58:24 | INFO     | Saving at a/skeb/manige_E-73943d.json
2026-09-26 14:58:25 | INFO     | OK https://skeb.jp/api/users/rokico_usagi
2026-09-26 14:58:25 | INFO     | Saving at a/skeb/rokico_usagi-044c26.json
2026-09-26 14:58:26 | INFO     | OK https://skeb.jp/api/users/SousakuAme072
2026-09-26 14:58:26 | INFO     | Saving at a/skeb/SousakuAme072-2c64d5.json
2026-09-26 14:58:27 | INFO     | OK https://skeb.jp/api/users/koshimaki_sound
2026-09-26 14:58:27 | INFO     | Saving at a/skeb/koshimaki_sound-048bcd.json
2026-09-26 14:58:28 | INFO     | OK https://skeb.jp/api/users/han19salt
2026-09-26 14:58:28 | INFO     | Saving at a/skeb/han19salt-7e1084.json
2026-09-26 14:58:29 | INFO     | OK https://skeb.jp/api/users/koko____0303
2026-09-26 14:58:29 | INFO     | Saving at a/skeb/koko____0303-047104.json
2026-09-26 14:58:30 | INFO     | OK https://skeb.jp/api/users/sitala_ne
2026-09-26 14:58:30 | INFO     | Saving at a/skeb/sitala_ne-629bdb.json
2026-09-26 14:58:31 | INFO     | OK https://skeb.jp/api/users/hoshi0tea
2026-09-26 14:58:31 | INFO     | Saving at a/skeb/hoshi0tea-7257b8.json
2026-09-26 14:58:32 | INFO     | OK https://skeb.jp/api/users/spon_
2026-09-26 14:58:32 | INFO     | Saving at a/skeb/spon_-56495d.json
2026-09-26 14:58:33 | INFO     | OK https://skeb.jp/api/users/musuti22
2026-09-26 14:58:33 | INFO     | Saving at a/skeb/musuti22-74f3f0.json
2026-09-26 14:58:34 | INFO     | OK https://skeb.jp/api/users/AI_takurou
2026-09-26 14:58:34 | INFO     | Saving at a/skeb/AI_takurou-a133c4.json
2026-09-26 14:58:35 | INFO     | OK https://skeb.jp/api/users/q4pc_
2026-09-26 14:58:35 | INFO     | Saving at a/skeb/q4pc_-4795b3.json
2026-09-26 14:58:36 | INFO     | OK https://skeb.jp/api/users/hosisorara0
2026-09-26 14:58:36 | INFO     | Saving at a/skeb/hosisorara0-4b7515.json
2026-09-26 14:58:37 | INFO     | OK https://skeb.jp/api/users/AKISA___VRC
2026-09-26 14:58:37 | INFO     | Saving at a/skeb/AKISA___VRC-1dcb0c.json
2026-09-26 14:58:38 | INFO     | OK https://skeb.jp/api/users/RimaOtuto1010
2026-09-26 14:58:38 | INFO     | Saving at a/skeb/RimaOtuto1010-7c5932.json
2026-09-26 14:58:39 | INFO     | OK https://skeb.jp/api/users/Aulen19
2026-09-26 14:58:39 | INFO     | Saving at a/skeb/Aulen19-cbd33a.json
2026-09-26 14:58:40 | INFO     | OK https://skeb.jp/api/users/cosiki_UAU
2026-09-26 14:58:40 | INFO     | Saving at a/skeb/cosiki_UAU-1fddc8.json
2026-09-26 14:58:41 | INFO     | OK https://skeb.jp/api/users/oekaki_maki321
2026-09-26 14:58:41 | INFO     | Saving at a/skeb/oekaki_maki321-de8bc3.json
2026-09-26 14:58:42 | INFO     | OK https://skeb.jp/api/users/ssnaszzs
2026-09-26 14:58:42 | INFO     | Saving at a/skeb/ssnaszzs-b89e33.json
2026-09-26 14:58:43 | INFO     | OK https://skeb.jp/api/users/ousakana0325
2026-09-26 14:58:43 | INFO     | Saving at a/skeb/ousakana0325-7d5cbc.json
2026-09-26 14:58:44 | INFO     | OK https://skeb.jp/api/users/asupamayo210
2026-09-26 14:58:44 | INFO     | Saving at a/skeb/asupamayo210-6776d6.json
2026-09-26 14:58:45 | INFO     | OK https://skeb.jp/api/users/sio_anko2
2026-09-26 14:58:45 | INFO     | Saving at a/skeb/sio_anko2-ee49f3.json
2026-09-26 14:58:46 | INFO     | OK https://skeb.jp/api/users/siroroxxxx
2026-09-26 14:58:46 | INFO     | Saving at a/skeb/siroroxxxx-11d198.json
2026-09-26 14:58:47 | INFO     | OK https://skeb.jp/api/users/omc_ym
2026-09-26 14:58:47 | INFO     | Saving at a/skeb/omc_ym-09de00.json
2026-09-26 14:58:48 | INFO     | OK https://skeb.jp/api/users/densi_ronto
2026-09-26 14:58:48 | INFO     | Saving at a/skeb/densi_ronto-2c2d91.json
2026-09-26 14:58:49 | INFO     | OK https://skeb.jp/api/users/1010haka
2026-09-26 14:58:49 | INFO     | Saving at a/skeb/1010haka-25b27c.json
2026-09-26 14:58:50 | INFO     | OK https://skeb.jp/api/users/wsss_rauha
2026-09-26 14:58:50 | INFO     | Saving at a/skeb/wsss_rauha-b05c86.json
2026-09-26 14:58:51 | INFO     | OK https://skeb.jp/api/users/ken_akai__
2026-09-26 14:58:51 | INFO     | Saving at a/skeb/ken_akai__-6be156.json
2026-09-26 14:58:52 | INFO     | OK https://skeb.jp/api/users/Nabetabetaiz
2026-09-26 14:58:52 | INFO     | Saving at a/skeb/Nabetabetaiz-6c1757.json
2026-09-26 14:58:53 | INFO     | OK https://skeb.jp/api/users/kozi_master
2026-09-26 14:58:53 | INFO     | Saving at a/skeb/kozi_master-9d9f12.json
2026-09-26 14:58:54 | INFO     | OK https://skeb.jp/api/users/Nougoku_uni
2026-09-26 14:58:54 | INFO     | Saving at a/skeb/Nougoku_uni-26a91c.json
2026-09-26 14:58:55 | INFO     | OK https://skeb.jp/api/users/mugipoyow
2026-09-26 14:58:55 | INFO     | Saving at a/skeb/mugipoyow-67dbe9.json
2026-09-26 14:58:56 | INFO     | OK https://skeb.jp/api/users/nEkO_8n
2026-09-26 14:58:56 | INFO     | Saving at a/skeb/nEkO_8n-823079.json
2026-09-26 14:58:57 | INFO     | OK https://skeb.jp/api/users/8takoocto
2026-09-26 14:58:57 | INFO     | Saving at a/skeb/8takoocto-9de822.json
2026-09-26 14:58:58 | INFO     | OK https://skeb.jp/api/users/_nagi_onemu
2026-09-26 14:58:58 | INFO     | Saving at a/skeb/_nagi_onemu-83b0f8.json
2026-09-26 14:58:59 | INFO     | OK https://skeb.jp/api/users/omutamago06
2026-09-26 14:58:59 | INFO     | Saving at a/skeb/omutamago06-ae61be.json
2026-09-26 14:59:00 | INFO     | OK https://skeb.jp/api/users/sana79261827
2026-09-26 14:59:00 | INFO     | Saving at a/skeb/sana79261827-6524a1.json
2026-09-26 14:59:01 | INFO     | OK https://skeb.jp/api/users/Si000_Ru
2026-09-26 14:59:01 | INFO     | Saving at a/skeb/Si000_Ru-7d5f19.json
2026-09-26 14:59:02 | INFO     | OK https://skeb.jp/api/users/Minaru_kun
2026-09-26 14:59:02 | INFO     | Saving at a/skeb/Minaru_kun-6620fe.json
2026-09-26 14:59:03 | INFO     | OK https://skeb.jp/api/users/he_know_lee
2026-09-26 14:59:03 | INFO     | Saving at a/skeb/he_know_lee-ef81a5.json
2026-09-26 14:59:04 | INFO     | OK https://skeb.jp/api/users/kthr119
2026-09-26 14:59:04 | INFO     | Saving at a/skeb/kthr119-f674b9.json
2026-09-26 14:59:05 | INFO     | OK https://skeb.jp/api/users/kasuterarala
2026-09-26 14:59:05 | INFO     | Saving at a/skeb/kasuterarala-39f689.json
2026-09-26 14:59:06 | INFO     | OK https://skeb.jp/api/users/minakamin90
2026-09-26 14:59:06 | INFO     | Saving at a/skeb/minakamin90-68c558.json
2026-09-26 14:59:07 | INFO     | OK https://skeb.jp/api/users/sino24tsuki
2026-09-26 14:59:07 | INFO     | Saving at a/skeb/sino24tsuki-52b458.json
2026-09-26 14:59:08 | INFO     | OK https://skeb.jp/api/users/ZyAxfwl
2026-09-26 14:59:08 | INFO     | Saving at a/skeb/ZyAxfwl-f7a85c.json
2026-09-26 14:59:09 | INFO     | OK https://skeb.jp/api/users/kanemitsu411
2026-09-26 14:59:09 | INFO     | Saving at a/skeb/kanemitsu411-a1b25c.json
2026-09-26 14:59:10 | INFO     | OK https://skeb.jp/api/users/ikura_momen
2026-09-26 14:59:10 | INFO     | Saving at a/skeb/ikura_momen-72bfbf.json
2026-09-26 14:59:11 | INFO     | OK https://skeb.jp/api/users/notraidersin1
2026-09-26 14:59:11 | INFO     | Saving at a/skeb/notraidersin1-8ce8f9.json
2026-09-26 14:59:12 | INFO     | OK https://skeb.jp/api/users/majideka_skeb
2026-09-26 14:59:12 | INFO     | Saving at a/skeb/majideka_skeb-2712f3.json
2026-09-26 14:59:13 | INFO     | OK https://skeb.jp/api/users/meila__002
2026-09-26 14:59:13 | INFO     | Saving at a/skeb/meila__002-147f7e.json
2026-09-26 14:59:14 | INFO     | OK https://skeb.jp/api/users/shihan_seroom
2026-09-26 14:59:14 | INFO     | Saving at a/skeb/shihan_seroom-8aa775.json
2026-09-26 14:59:15 | INFO     | OK https://skeb.jp/api/users/Vamp_REyou
2026-09-26 14:59:15 | INFO     | Saving at a/skeb/Vamp_REyou-3b1fd3.json
2026-09-26 14:59:16 | INFO     | OK https://skeb.jp/api/users/A_Chikafuji
2026-09-26 14:59:16 | INFO     | Saving at a/skeb/A_Chikafuji-d431c2.json
2026-09-26 14:59:17 | INFO     | OK https://skeb.jp/api/users/ve8sio
2026-09-26 14:59:17 | INFO     | Saving at a/skeb/ve8sio-eb050d.json
2026-09-26 14:59:18 | INFO     | OK https://skeb.jp/api/users/bn53319
2026-09-26 14:59:18 | INFO     | Saving at a/skeb/bn53319-df20a5.json
2026-09-26 14:59:19 | INFO     | OK https://skeb.jp/api/users/kazakami_73
2026-09-26 14:59:19 | INFO     | Saving at a/skeb/kazakami_73-bbb65c.json
2026-09-26 14:59:20 | INFO     | OK https://skeb.jp/api/users/yomogi_e
2026-09-26 14:59:20 | INFO     | Saving at a/skeb/yomogi_e-d07670.json
2026-09-26 14:59:21 | INFO     | OK https://skeb.jp/api/users/buruburu2
2026-09-26 14:59:21 | INFO     | Saving at a/skeb/buruburu2-691a4a.json
2026-09-26 14:59:22 | INFO     | OK https://skeb.jp/api/users/nanzuyo
2026-09-26 14:59:22 | INFO     | Saving at a/skeb/nanzuyo-a2199b.json
2026-09-26 14:59:23 | INFO     | OK https://skeb.jp/api/users/NeNe_Stamp
2026-09-26 14:59:23 | INFO     | Saving at a/skeb/NeNe_Stamp-84e736.json
2026-09-26 14:59:24 | INFO     | OK https://skeb.jp/api/users/akai4yui
2026-09-26 14:59:24 | INFO     | Saving at a/skeb/akai4yui-9e4977.json
2026-09-26 14:59:25 | INFO     | OK https://skeb.jp/api/users/kupooekaki
2026-09-26 14:59:25 | INFO     | Saving at a/skeb/kupooekaki-c5516e.json
2026-09-26 14:59:26 | INFO     | OK https://skeb.jp/api/users/erobakka01
2026-09-26 14:59:26 | INFO     | Saving at a/skeb/erobakka01-719da1.json
2026-09-26 14:59:27 | INFO     | OK https://skeb.jp/api/users/sakiiii_0o
2026-09-26 14:59:27 | INFO     | Saving at a/skeb/sakiiii_0o-60babb.json
2026-09-26 14:59:28 | INFO     | OK https://skeb.jp/api/users/yonei___
2026-09-26 14:59:28 | INFO     | Saving at a/skeb/yonei___-9539cd.json
2026-09-26 14:59:29 | INFO     | OK https://skeb.jp/api/users/mikito_amon
2026-09-26 14:59:29 | INFO     | Saving at a/skeb/mikito_amon-fd54b8.json
2026-09-26 14:59:30 | INFO     | OK https://skeb.jp/api/users/MUJINA627OEKAKI
2026-09-26 14:59:30 | INFO     | Saving at a/skeb/MUJINA627OEKAKI-bc3125.json
2026-09-26 14:59:31 | INFO     | OK https://skeb.jp/api/users/nori3ten
2026-09-26 14:59:31 | INFO     | Saving at a/skeb/nori3ten-0650b1.json
2026-09-26 14:59:32 | INFO     | OK https://skeb.jp/api/users/Kashiki_zatta
2026-09-26 14:59:32 | INFO     | Saving at a/skeb/Kashiki_zatta-64b2ca.json
2026-09-26 14:59:33 | INFO     | OK https://skeb.jp/api/users/ln_purple__
2026-09-26 14:59:33 | INFO     | Saving at a/skeb/ln_purple__-f29977.json
2026-09-26 14:59:34 | INFO     | OK https://skeb.jp/api/users/hothot_chicken
2026-09-26 14:59:34 | INFO     | Saving at a/skeb/hothot_chicken-5796e6.json
2026-09-26 14:59:35 | INFO     | OK https://skeb.jp/api/users/ariko_zeta
2026-09-26 14:59:35 | INFO     | Saving at a/skeb/ariko_zeta-08263c.json
2026-09-26 14:59:36 | INFO     | OK https://skeb.jp/api/users/kaz_shamrock
2026-09-26 14:59:36 | INFO     | Saving at a/skeb/kaz_shamrock-822eac.json
2026-09-26 14:59:37 | INFO     | OK https://skeb.jp/api/users/clavis_kz
2026-09-26 14:59:37 | INFO     | Saving at a/skeb/clavis_kz-ba2297.json
2026-09-26 14:59:38 | INFO     | OK https://skeb.jp/api/users/kasuteraya_nyan
2026-09-26 14:59:38 | INFO     | Saving at a/skeb/kasuteraya_nyan-823cbd.json
2026-09-26 14:59:39 | INFO     | OK https://skeb.jp/api/users/saltchiyiro105
2026-09-26 14:59:39 | INFO     | Saving at a/skeb/saltchiyiro105-26befe.json
2026-09-26 14:59:40 | INFO     | OK https://skeb.jp/api/users/mo__n_T_T
2026-09-26 14:59:40 | INFO     | Saving at a/skeb/mo__n_T_T-490328.json
2026-09-26 14:59:41 | INFO     | OK https://skeb.jp/api/users/ar_mess
2026-09-26 14:59:41 | INFO     | Saving at a/skeb/ar_mess-6e47b0.json
2026-09-26 14:59:42 | INFO     | OK https://skeb.jp/api/users/irotoricotori
2026-09-26 14:59:42 | INFO     | Saving at a/skeb/irotoricotori-bfbc50.json
2026-09-26 14:59:43 | INFO     | OK https://skeb.jp/api/users/4lvlri
2026-09-26 14:59:43 | INFO     | Saving at a/skeb/4lvlri-98a84e.json
2026-09-26 14:59:44 | INFO     | OK https://skeb.jp/api/users/tonnkatuman
2026-09-26 14:59:44 | INFO     | Saving at a/skeb/tonnkatuman-a9b1ae.json
2026-09-26 14:59:45 | INFO     | OK https://skeb.jp/api/users/Dim_Psyder
2026-09-26 14:59:45 | INFO     | Saving at a/skeb/Dim_Psyder-5f63ce.json
2026-09-26 14:59:46 | INFO     | OK https://skeb.jp/api/users/Harukey8
2026-09-26 14:59:46 | INFO     | Saving at a/skeb/Harukey8-5b7aa8.json
2026-09-26 14:59:47 | INFO     | OK https://skeb.jp/api/users/freely2327
2026-09-26 14:59:47 | INFO     | Saving at a/skeb/freely2327-50c346.json
2026-09-26 14:59:48 | INFO     | OK https://skeb.jp/api/users/mayurikaichou
2026-09-26 14:59:48 | INFO     | Saving at a/skeb/mayurikaichou-151590.json
2026-09-26 14:59:49 | INFO     | OK https://skeb.jp/api/users/soiyamike
2026-09-26 14:59:49 | INFO     | Saving at a/skeb/soiyamike-15f9f8.json
2026-09-26 14:59:50 | INFO     | OK https://skeb.jp/api/users/benicya_lr
2026-09-26 14:59:50 | INFO     | Saving at a/skeb/benicya_lr-fa355a.json
2026-09-26 14:59:51 | INFO     | OK https://skeb.jp/api/users/ShiragikuGayu
2026-09-26 14:59:51 | INFO     | Saving at a/skeb/ShiragikuGayu-f77f80.json
2026-09-26 14:59:52 | INFO     | OK https://skeb.jp/api/users/cosmos_mrst
2026-09-26 14:59:52 | INFO     | Saving at a/skeb/cosmos_mrst-63acf6.json
2026-09-26 14:59:53 | INFO     | OK https://skeb.jp/api/users/LLLLeg_ho
2026-09-26 14:59:53 | INFO     | Saving at a/skeb/LLLLeg_ho-e7edab.json
2026-09-26 14:59:54 | INFO     | OK https://skeb.jp/api/users/hakkei_16
2026-09-26 14:59:54 | INFO     | Saving at a/skeb/hakkei_16-61f9e4.json
2026-09-26 14:59:55 | INFO     | OK https://skeb.jp/api/users/kumoru_145
2026-09-26 14:59:55 | INFO     | Saving at a/skeb/kumoru_145-5b45dc.json
2026-09-26 14:59:56 | INFO     | OK https://skeb.jp/api/users/gotsugotsu_san
2026-09-26 14:59:56 | INFO     | Saving at a/skeb/gotsugotsu_san-99be37.json
2026-09-26 14:59:57 | INFO     | OK https://skeb.jp/api/users/trpg_fuzi
2026-09-26 14:59:57 | INFO     | Saving at a/skeb/trpg_fuzi-f8ba2d.json
2026-09-26 14:59:58 | INFO     | OK https://skeb.jp/api/users/anoano_san
2026-09-26 14:59:58 | INFO     | Saving at a/skeb/anoano_san-32ee7f.json
2026-09-26 14:59:59 | INFO     | OK https://skeb.jp/api/users/noi_ru
2026-09-26 14:59:59 | INFO     | Saving at a/skeb/noi_ru-ba6495.json
2026-09-26 15:00:00 | INFO     | OK https://skeb.jp/api/users/rgm8907
2026-09-26 15:00:00 | INFO     | Saving at a/skeb/rgm8907-8dd7d3.json
2026-09-26 15:00:01 | INFO     | OK https://skeb.jp/api/users/kinetamu
2026-09-26 15:00:01 | INFO     | Saving at a/skeb/kinetamu-1d7f9a.json
2026-09-26 15:00:02 | INFO     | OK https://skeb.jp/api/users/yoshiguti_sing
2026-09-26 15:00:02 | INFO     | Saving at a/skeb/yoshiguti_sing-0c9b86.json
2026-09-26 15:00:03 | INFO     | OK https://skeb.jp/api/users/amarimari1092
2026-09-26 15:00:03 | INFO     | Saving at a/skeb/amarimari1092-89ed07.json
2026-09-26 15:00:04 | INFO     | OK https://skeb.jp/api/users/aerulcrl
2026-09-26 15:00:04 | INFO     | Saving at a/skeb/aerulcrl-93696c.json
2026-09-26 15:00:05 | INFO     | OK https://skeb.jp/api/users/YsYL4r3OHN98467
2026-09-26 15:00:05 | INFO     | Saving at a/skeb/YsYL4r3OHN98467-2e70ed.json
2026-09-26 15:00:06 | INFO     | OK https://skeb.jp/api/users/seeenfree
2026-09-26 15:00:06 | INFO     | Saving at a/skeb/seeenfree-eec312.json
2026-09-26 15:00:07 | INFO     | OK https://skeb.jp/api/users/whamew33
2026-09-26 15:00:07 | INFO     | Saving at a/skeb/whamew33-796508.json
2026-09-26 15:00:08 | INFO     | OK https://skeb.jp/api/users/9pggmr
2026-09-26 15:00:08 | INFO     | Saving at a/skeb/9pggmr-9523ee.json
2026-09-26 15:00:09 | INFO     | OK https://skeb.jp/api/users/RenfaKoihime
2026-09-26 15:00:09 | INFO     | Saving at a/skeb/RenfaKoihime-dd7d90.json
2026-09-26 15:00:10 | INFO     | OK https://skeb.jp/api/users/Nyatoruhu
2026-09-26 15:00:10 | INFO     | Saving at a/skeb/Nyatoruhu-2e6ee1.json
2026-09-26 15:00:11 | INFO     | OK https://skeb.jp/api/users/sato_terumasa
2026-09-26 15:00:11 | INFO     | Saving at a/skeb/sato_terumasa-1a5a70.json
2026-09-26 15:00:12 | INFO     | OK https://skeb.jp/api/users/r_xly0
2026-09-26 15:00:12 | INFO     | Saving at a/skeb/r_xly0-edf188.json
2026-09-26 15:00:13 | INFO     | OK https://skeb.jp/api/users/rentann
2026-09-26 15:00:13 | INFO     | Saving at a/skeb/rentann-2f2624.json
2026-09-26 15:00:14 | INFO     | OK https://skeb.jp/api/users/mumutamu0326
2026-09-26 15:00:14 | INFO     | Saving at a/skeb/mumutamu0326-5925bb.json
2026-09-26 15:00:15 | INFO     | OK https://skeb.jp/api/users/mii_na0818
2026-09-26 15:00:15 | INFO     | Saving at a/skeb/mii_na0818-9a4cea.json
2026-09-26 15:00:16 | INFO     | OK https://skeb.jp/api/users/oto_hisakabe
2026-09-26 15:00:16 | INFO     | Saving at a/skeb/oto_hisakabe-858e5b.json
2026-09-26 15:00:17 | INFO     | OK https://skeb.jp/api/users/Izumi_Taniguchi
2026-09-26 15:00:17 | INFO     | Saving at a/skeb/Izumi_Taniguchi-e4981e.json
2026-09-26 15:00:18 | INFO     | OK https://skeb.jp/api/users/fukka829
2026-09-26 15:00:18 | INFO     | Saving at a/skeb/fukka829-c8c89f.json
2026-09-26 15:00:19 | INFO     | OK https://skeb.jp/api/users/natsu_kumo88
2026-09-26 15:00:19 | INFO     | Saving at a/skeb/natsu_kumo88-390fad.json
2026-09-26 15:00:20 | INFO     | OK https://skeb.jp/api/users/nonorenew
2026-09-26 15:00:20 | INFO     | Saving at a/skeb/nonorenew-1780ec.json
2026-09-26 15:00:21 | INFO     | OK https://skeb.jp/api/users/susanootransam
2026-09-26 15:00:21 | INFO     | Saving at a/skeb/susanootransam-5888d1.json
2026-09-26 15:00:22 | INFO     | OK https://skeb.jp/api/users/tarandus
2026-09-26 15:00:22 | INFO     | Saving at a/skeb/tarandus-34684b.json
2026-09-26 15:00:23 | INFO     | OK https://skeb.jp/api/users/M_c0n47v
2026-09-26 15:00:23 | INFO     | Saving at a/skeb/M_c0n47v-6f2378.json
2026-09-26 15:00:24 | INFO     | OK https://skeb.jp/api/users/hereoreo
2026-09-26 15:00:24 | INFO     | Saving at a/skeb/hereoreo-aee9ed.json
2026-09-26 15:00:25 | INFO     | OK https://skeb.jp/api/users/yu_de_ta_ya_tu
2026-09-26 15:00:25 | INFO     | Saving at a/skeb/yu_de_ta_ya_tu-616912.json
2026-09-26 15:00:26 | INFO     | OK https://skeb.jp/api/users/wwma28
2026-09-26 15:00:26 | INFO     | Saving at a/skeb/wwma28-bb5a86.json
2026-09-26 15:00:27 | INFO     | OK https://skeb.jp/api/users/umeumeduka
2026-09-26 15:00:27 | INFO     | Saving at a/skeb/umeumeduka-a4ec90.json
2026-09-26 15:00:28 | INFO     | OK https://skeb.jp/api/users/amano_mizu
2026-09-26 15:00:28 | INFO     | Saving at a/skeb/amano_mizu-e864c3.json
2026-09-26 15:00:29 | INFO     | OK https://skeb.jp/api/users/amamimem
2026-09-26 15:00:29 | INFO     | Saving at a/skeb/amamimem-5d00cb.json
2026-09-26 15:00:30 | INFO     | OK https://skeb.jp/api/users/arumi__T_T
2026-09-26 15:00:30 | INFO     | Saving at a/skeb/arumi__T_T-9c5c5e.json
2026-09-26 15:00:31 | INFO     | OK https://skeb.jp/api/users/mes_sry
2026-09-26 15:00:31 | INFO     | Saving at a/skeb/mes_sry-2a9c1c.json
2026-09-26 15:00:32 | INFO     | OK https://skeb.jp/api/users/8bitfrog
2026-09-26 15:00:32 | INFO     | Saving at a/skeb/8bitfrog-223500.json
2026-09-26 15:00:33 | INFO     | OK https://skeb.jp/api/users/prmhm2
2026-09-26 15:00:33 | INFO     | Saving at a/skeb/prmhm2-3799f2.json
2026-09-26 15:00:34 | INFO     | OK https://skeb.jp/api/users/nohako_x
2026-09-26 15:00:34 | INFO     | Saving at a/skeb/nohako_x-cf359c.json
2026-09-26 15:00:35 | INFO     | OK https://skeb.jp/api/users/Dmmm103
2026-09-26 15:00:35 | INFO     | Saving at a/skeb/Dmmm103-3822da.json
2026-09-26 15:00:36 | INFO     | OK https://skeb.jp/api/users/xxxo_oxxx___
2026-09-26 15:00:36 | INFO     | Saving at a/skeb/xxxo_oxxx___-ad09a3.json
2026-09-26 15:00:37 | INFO     | OK https://skeb.jp/api/users/CIBARINKA
2026-09-26 15:00:37 | INFO     | Saving at a/skeb/CIBARINKA-76f9c1.json
2026-09-26 15:00:38 | INFO     | OK https://skeb.jp/api/users/huwahuwasan391
2026-09-26 15:00:38 | INFO     | Saving at a/skeb/huwahuwasan391-2c4363.json
2026-09-26 15:00:39 | INFO     | OK https://skeb.jp/api/users/hurikake_sub
2026-09-26 15:00:39 | INFO     | Saving at a/skeb/hurikake_sub-abb1f6.json
2026-09-26 15:00:40 | INFO     | OK https://skeb.jp/api/users/amaichan_amama
2026-09-26 15:00:40 | INFO     | Saving at a/skeb/amaichan_amama-19e191.json
2026-09-26 15:00:41 | INFO     | OK https://skeb.jp/api/users/_hoshimi_mi
2026-09-26 15:00:41 | INFO     | Saving at a/skeb/_hoshimi_mi-56d1ce.json
2026-09-26 15:00:42 | INFO     | OK https://skeb.jp/api/users/ray_ryuusaki
2026-09-26 15:00:42 | INFO     | Saving at a/skeb/ray_ryuusaki-3b306c.json
2026-09-26 15:00:43 | INFO     | OK https://skeb.jp/api/users/yuzuriha_5o
2026-09-26 15:00:43 | INFO     | Saving at a/skeb/yuzuriha_5o-da4fae.json
2026-09-26 15:00:44 | INFO     | OK https://skeb.jp/api/users/egip88mito
2026-09-26 15:00:44 | INFO     | Saving at a/skeb/egip88mito-2fd020.json
2026-09-26 15:00:45 | INFO     | OK https://skeb.jp/api/users/maple926
2026-09-26 15:00:45 | INFO     | Saving at a/skeb/maple926-843b46.json
2026-09-26 15:00:46 | INFO     | OK https://skeb.jp/api/users/ponpoko03b
2026-09-26 15:00:46 | INFO     | Saving at a/skeb/ponpoko03b-b41cec.json
2026-09-26 15:00:47 | INFO     | OK https://skeb.jp/api/users/pikopikopikol
2026-09-26 15:00:47 | INFO     | Saving at a/skeb/pikopikopikol-f14f4d.json
2026-09-26 15:00:48 | INFO     | OK https://skeb.jp/api/users/Iyuha_Y
2026-09-26 15:00:48 | INFO     | Saving at a/skeb/Iyuha_Y-e1b466.json
2026-09-26 15:00:49 | INFO     | OK https://skeb.jp/api/users/yawaOru
2026-09-26 15:00:49 | INFO     | Saving at a/skeb/yawaOru-0a250b.json
2026-09-26 15:00:50 | INFO     | OK https://skeb.jp/api/users/hano_luno
2026-09-26 15:00:50 | INFO     | Saving at a/skeb/hano_luno-5e85b2.json
2026-09-26 15:00:51 | INFO     | OK https://skeb.jp/api/users/fWuED95VeEZAyws
2026-09-26 15:00:51 | INFO     | Saving at a/skeb/fWuED95VeEZAyws-b97519.json
2026-09-26 15:00:52 | INFO     | OK https://skeb.jp/api/users/GermanyUdon
2026-09-26 15:00:52 | INFO     | Saving at a/skeb/GermanyUdon-4c0952.json
2026-09-26 15:00:53 | INFO     | OK https://skeb.jp/api/users/kota_0315__
2026-09-26 15:00:53 | INFO     | Saving at a/skeb/kota_0315__-29c422.json
2026-09-26 15:00:54 | INFO     | OK https://skeb.jp/api/users/ene_220
2026-09-26 15:00:54 | INFO     | Saving at a/skeb/ene_220-dba650.json
2026-09-26 15:00:55 | INFO     | OK https://skeb.jp/api/users/koinago_38
2026-09-26 15:00:55 | INFO     | Saving at a/skeb/koinago_38-0ff775.json
2026-09-26 15:00:56 | INFO     | OK https://skeb.jp/api/users/831too
2026-09-26 15:00:56 | INFO     | Saving at a/skeb/831too-667dcf.json
2026-09-26 15:00:57 | INFO     | OK https://skeb.jp/api/users/xezsvo
2026-09-26 15:00:57 | INFO     | Saving at a/skeb/xezsvo-3c14c1.json
2026-09-26 15:00:58 | INFO     | OK https://skeb.jp/api/users/pepepe_moru
2026-09-26 15:00:58 | INFO     | Saving at a/skeb/pepepe_moru-84a0e6.json
2026-09-26 15:00:59 | INFO     | OK https://skeb.jp/api/users/hireyuka
2026-09-26 15:00:59 | INFO     | Saving at a/skeb/hireyuka-d886ac.json
2026-09-26 15:01:00 | INFO     | OK https://skeb.jp/api/users/geoxrugu
2026-09-26 15:01:00 | INFO     | Saving at a/skeb/geoxrugu-2fb13d.json
2026-09-26 15:01:01 | INFO     | OK https://skeb.jp/api/users/H_Ajishio
2026-09-26 15:01:01 | INFO     | Saving at a/skeb/H_Ajishio-d37e3e.json
2026-09-26 15:01:02 | INFO     | OK https://skeb.jp/api/users/Suisyu_trpg
2026-09-26 15:01:02 | INFO     | Saving at a/skeb/Suisyu_trpg-552fca.json
2026-09-26 15:01:03 | INFO     | OK https://skeb.jp/api/users/kotarou83
2026-09-26 15:01:03 | INFO     | Saving at a/skeb/kotarou83-2dd37d.json
2026-09-26 15:01:04 | INFO     | OK https://skeb.jp/api/users/frenfclaymoreV
2026-09-26 15:01:04 | INFO     | Saving at a/skeb/frenfclaymoreV-030afa.json
2026-09-26 15:01:05 | INFO     | OK https://skeb.jp/api/users/kuru_yam1
2026-09-26 15:01:05 | INFO     | Saving at a/skeb/kuru_yam1-0eca23.json
2026-09-26 15:01:06 | INFO     | OK https://skeb.jp/api/users/Ca_2_plus
2026-09-26 15:01:06 | INFO     | Saving at a/skeb/Ca_2_plus-a3d818.json
2026-09-26 15:01:07 | INFO     | OK https://skeb.jp/api/users/sajy0u
2026-09-26 15:01:07 | INFO     | Saving at a/skeb/sajy0u-5bd14e.json
2026-09-26 15:01:08 | INFO     | OK https://skeb.jp/api/users/tarocos
2026-09-26 15:01:08 | INFO     | Saving at a/skeb/tarocos-881a28.json
2026-09-26 15:01:09 | INFO     | OK https://skeb.jp/api/users/Nanakokostay
2026-09-26 15:01:09 | INFO     | Saving at a/skeb/Nanakokostay-0ae2e7.json
2026-09-26 15:01:10 | INFO     | OK https://skeb.jp/api/users/mizusoba
2026-09-26 15:01:10 | INFO     | Saving at a/skeb/mizusoba-696951.json
2026-09-26 15:01:11 | INFO     | OK https://skeb.jp/api/users/KuNiEDDDa
2026-09-26 15:01:11 | INFO     | Saving at a/skeb/KuNiEDDDa-583218.json
2026-09-26 15:01:12 | INFO     | OK https://skeb.jp/api/users/_ifgk
2026-09-26 15:01:12 | INFO     | Saving at a/skeb/_ifgk-29b11f.json
2026-09-26 15:01:13 | INFO     | OK https://skeb.jp/api/users/Oria_Suka
2026-09-26 15:01:13 | INFO     | Saving at a/skeb/Oria_Suka-8536bf.json
2026-09-26 15:01:14 | INFO     | OK https://skeb.jp/api/users/Peggman_
2026-09-26 15:01:14 | INFO     | Saving at a/skeb/Peggman_-cab295.json
2026-09-26 15:01:15 | INFO     | OK https://skeb.jp/api/users/shinomiya_ino
2026-09-26 15:01:15 | INFO     | Saving at a/skeb/shinomiya_ino-b5bace.json
2026-09-26 15:01:16 | INFO     | OK https://skeb.jp/api/users/tmfj0125
2026-09-26 15:01:16 | INFO     | Saving at a/skeb/tmfj0125-e126c5.json
2026-09-26 15:01:17 | INFO     | OK https://skeb.jp/api/users/tayuta_koa
2026-09-26 15:01:17 | INFO     | Saving at a/skeb/tayuta_koa-127a2d.json
2026-09-26 15:01:18 | INFO     | OK https://skeb.jp/api/users/mosamosa_OC
2026-09-26 15:01:18 | INFO     | Saving at a/skeb/mosamosa_OC-47d680.json
2026-09-26 15:01:19 | INFO     | OK https://skeb.jp/api/users/P2mQHhNz3LTcXVJ
2026-09-26 15:01:19 | INFO     | Saving at a/skeb/P2mQHhNz3LTcXVJ-8071e1.json
2026-09-26 15:01:20 | INFO     | OK https://skeb.jp/api/users/Omoti
2026-09-26 15:01:20 | INFO     | Saving at a/skeb/Omoti-eb3acc.json
2026-09-26 15:01:21 | INFO     | OK https://skeb.jp/api/users/hino_hinoco
2026-09-26 15:01:21 | INFO     | Saving at a/skeb/hino_hinoco-58f62a.json
2026-09-26 15:01:22 | INFO     | OK https://skeb.jp/api/users/KawasakiW1sp
2026-09-26 15:01:22 | INFO     | Saving at a/skeb/KawasakiW1sp-6a3d69.json
2026-09-26 15:01:23 | INFO     | OK https://skeb.jp/api/users/LeLeMuvlove
2026-09-26 15:01:23 | INFO     | Saving at a/skeb/LeLeMuvlove-d570ce.json
2026-09-26 15:01:24 | INFO     | OK https://skeb.jp/api/users/tamakianco
2026-09-26 15:01:24 | INFO     | Saving at a/skeb/tamakianco-8f5e85.json
2026-09-26 15:01:25 | INFO     | OK https://skeb.jp/api/users/c24_nishi
2026-09-26 15:01:25 | INFO     | Saving at a/skeb/c24_nishi-aaf16e.json
2026-09-26 15:01:26 | INFO     | OK https://skeb.jp/api/users/ykkz758319
2026-09-26 15:01:26 | INFO     | Saving at a/skeb/ykkz758319-1698bd.json
2026-09-26 15:01:27 | INFO     | OK https://skeb.jp/api/users/betugakuzonbi
2026-09-26 15:01:27 | INFO     | Saving at a/skeb/betugakuzonbi-dffc84.json
2026-09-26 15:01:28 | INFO     | OK https://skeb.jp/api/users/5ADzJ4Rhu377446
2026-09-26 15:01:28 | INFO     | Saving at a/skeb/5ADzJ4Rhu377446-535849.json
2026-09-26 15:01:29 | INFO     | OK https://skeb.jp/api/users/mocotane
2026-09-26 15:01:29 | INFO     | Saving at a/skeb/mocotane-2f12c6.json
2026-09-26 15:01:30 | INFO     | OK https://skeb.jp/api/users/02Surume
2026-09-26 15:01:30 | INFO     | Saving at a/skeb/02Surume-f466ac.json
2026-09-26 15:01:31 | INFO     | OK https://skeb.jp/api/users/ssri_find
2026-09-26 15:01:31 | INFO     | Saving at a/skeb/ssri_find-eacf10.json
2026-09-26 15:01:32 | INFO     | OK https://skeb.jp/api/users/g_djungarian
2026-09-26 15:01:32 | INFO     | Saving at a/skeb/g_djungarian-38c60c.json
2026-09-26 15:01:33 | INFO     | OK https://skeb.jp/api/users/_azhr_
2026-09-26 15:01:33 | INFO     | Saving at a/skeb/_azhr_-319220.json
2026-09-26 15:01:34 | INFO     | OK https://skeb.jp/api/users/unanooo_
2026-09-26 15:01:34 | INFO     | Saving at a/skeb/unanooo_-56a2fd.json
2026-09-26 15:01:35 | INFO     | OK https://skeb.jp/api/users/yosiki59
2026-09-26 15:01:35 | INFO     | Saving at a/skeb/yosiki59-8d9a2e.json
2026-09-26 15:01:36 | INFO     | OK https://skeb.jp/api/users/2dHHAEfkiaNi7TV
2026-09-26 15:01:36 | INFO     | Saving at a/skeb/2dHHAEfkiaNi7TV-3d928e.json
2026-09-26 15:01:37 | INFO     | OK https://skeb.jp/api/users/5_necoze
2026-09-26 15:01:37 | INFO     | Saving at a/skeb/5_necoze-ac9004.json
2026-09-26 15:01:38 | INFO     | OK https://skeb.jp/api/users/namegata_1701
2026-09-26 15:01:38 | INFO     | Saving at a/skeb/namegata_1701-85cc84.json
2026-09-26 15:01:39 | INFO     | OK https://skeb.jp/api/users/kurimo
2026-09-26 15:01:39 | INFO     | Saving at a/skeb/kurimo-62ccae.json
2026-09-26 15:01:40 | INFO     | OK https://skeb.jp/api/users/SaikusaHinoru
2026-09-26 15:01:40 | INFO     | Saving at a/skeb/SaikusaHinoru-da8bbe.json
2026-09-26 15:01:41 | INFO     | OK https://skeb.jp/api/users/victrygod
2026-09-26 15:01:41 | INFO     | Saving at a/skeb/victrygod-65e4d7.json
2026-09-26 15:01:42 | INFO     | OK https://skeb.jp/api/users/onemutyann00
2026-09-26 15:01:42 | INFO     | Saving at a/skeb/onemutyann00-0e0237.json
2026-09-26 15:01:43 | INFO     | OK https://skeb.jp/api/users/una_chanko
2026-09-26 15:01:43 | INFO     | Saving at a/skeb/una_chanko-b07460.json
2026-09-26 15:01:44 | INFO     | OK https://skeb.jp/api/users/chiasmax
2026-09-26 15:01:44 | INFO     | Saving at a/skeb/chiasmax-996ff8.json
2026-09-26 15:01:45 | INFO     | OK https://skeb.jp/api/users/kkr4c
2026-09-26 15:01:45 | INFO     | Saving at a/skeb/kkr4c-0e9c5c.json
2026-09-26 15:01:46 | INFO     | OK https://skeb.jp/api/users/suurin_2
2026-09-26 15:01:46 | INFO     | Saving at a/skeb/suurin_2-b5f76c.json
2026-09-26 15:01:47 | INFO     | OK https://skeb.jp/api/users/BOY7qYMFiqNsJFv
2026-09-26 15:01:47 | INFO     | Saving at a/skeb/BOY7qYMFiqNsJFv-f8688c.json
2026-09-26 15:01:48 | INFO     | OK https://skeb.jp/api/users/nattu06416126
2026-09-26 15:01:48 | INFO     | Saving at a/skeb/nattu06416126-9a415b.json
2026-09-26 15:01:49 | INFO     | OK https://skeb.jp/api/users/signal_1120
2026-09-26 15:01:49 | INFO     | Saving at a/skeb/signal_1120-22df93.json
2026-09-26 15:01:50 | INFO     | OK https://skeb.jp/api/users/chikakostars
2026-09-26 15:01:50 | INFO     | Saving at a/skeb/chikakostars-a441da.json
2026-09-26 15:01:51 | INFO     | OK https://skeb.jp/api/users/kuriskeb_2
2026-09-26 15:01:51 | INFO     | Saving at a/skeb/kuriskeb_2-1fedd1.json
2026-09-26 15:01:52 | INFO     | OK https://skeb.jp/api/users/daruta
2026-09-26 15:01:52 | INFO     | Saving at a/skeb/daruta-068c3f.json
2026-09-26 15:01:53 | INFO     | OK https://skeb.jp/api/users/Chiffon732
2026-09-26 15:01:53 | INFO     | Saving at a/skeb/Chiffon732-961153.json
2026-09-26 15:01:54 | INFO     | OK https://skeb.jp/api/users/BecoMori
2026-09-26 15:01:54 | INFO     | Saving at a/skeb/BecoMori-5a5cb4.json
2026-09-26 15:01:55 | INFO     | OK https://skeb.jp/api/users/ii_87_oo
2026-09-26 15:01:55 | INFO     | Saving at a/skeb/ii_87_oo-520375.json
2026-09-26 15:01:56 | INFO     | OK https://skeb.jp/api/users/saikoudesuy0
2026-09-26 15:01:56 | INFO     | Saving at a/skeb/saikoudesuy0-ddec76.json
2026-09-26 15:01:57 | INFO     | OK https://skeb.jp/api/users/Asakura_kento
2026-09-26 15:01:57 | INFO     | Saving at a/skeb/Asakura_kento-6b56ca.json
2026-09-26 15:01:58 | INFO     | OK https://skeb.jp/api/users/log_souma
2026-09-26 15:01:58 | INFO     | Saving at a/skeb/log_souma-8b8390.json
2026-09-26 15:01:59 | INFO     | OK https://skeb.jp/api/users/9wX8ZCsFso
2026-09-26 15:01:59 | INFO     | Saving at a/skeb/9wX8ZCsFso-7c8a4c.json
2026-09-26 15:02:00 | INFO     | OK https://skeb.jp/api/users/akmc0015
2026-09-26 15:02:00 | INFO     | Saving at a/skeb/akmc0015-83d3d3.json
2026-09-26 15:02:01 | INFO     | OK https://skeb.jp/api/users/prrkn_r18
2026-09-26 15:02:01 | INFO     | Saving at a/skeb/prrkn_r18-0abf03.json
2026-09-26 15:02:02 | INFO     | OK https://skeb.jp/api/users/zumizu1254
2026-09-26 15:02:02 | INFO     | Saving at a/skeb/zumizu1254-a51295.json
2026-09-26 15:02:03 | INFO     | OK https://skeb.jp/api/users/AGkRgCw1590qa3Y
2026-09-26 15:02:03 | INFO     | Saving at a/skeb/AGkRgCw1590qa3Y-8c20cb.json
2026-09-26 15:02:04 | INFO     | OK https://skeb.jp/api/users/Seventh_Sugune
2026-09-26 15:02:04 | INFO     | Saving at a/skeb/Seventh_Sugune-64b76d.json
2026-09-26 15:02:05 | INFO     | OK https://skeb.jp/api/users/rivu0112
2026-09-26 15:02:05 | INFO     | Saving at a/skeb/rivu0112-ca65ea.json
2026-09-26 15:02:06 | INFO     | OK https://skeb.jp/api/users/B_Saigennaku
2026-09-26 15:02:06 | INFO     | Saving at a/skeb/B_Saigennaku-3812ef.json
2026-09-26 15:02:07 | INFO     | OK https://skeb.jp/api/users/tadanotarosuke
2026-09-26 15:02:07 | INFO     | Saving at a/skeb/tadanotarosuke-95f862.json
2026-09-26 15:02:08 | INFO     | OK https://skeb.jp/api/users/nirako_mona
2026-09-26 15:02:08 | INFO     | Saving at a/skeb/nirako_mona-05c12a.json
2026-09-26 15:02:09 | INFO     | OK https://skeb.jp/api/users/k0n0n_X
2026-09-26 15:02:09 | INFO     | Saving at a/skeb/k0n0n_X-5376bc.json
2026-09-26 15:02:10 | INFO     | OK https://skeb.jp/api/users/njaja_kanja
2026-09-26 15:02:10 | INFO     | Saving at a/skeb/njaja_kanja-751a26.json
2026-09-26 15:02:11 | INFO     | OK https://skeb.jp/api/users/YAIBA818
2026-09-26 15:02:11 | INFO     | Saving at a/skeb/YAIBA818-67b1cc.json
2026-09-26 15:02:12 | INFO     | OK https://skeb.jp/api/users/hattyakeyarou
2026-09-26 15:02:12 | INFO     | Saving at a/skeb/hattyakeyarou-ebae8e.json
2026-09-26 15:02:13 | INFO     | OK https://skeb.jp/api/users/6sw47
2026-09-26 15:02:13 | INFO     | Saving at a/skeb/6sw47-2b86af.json
2026-09-26 15:02:14 | INFO     | OK https://skeb.jp/api/users/misIllust26
2026-09-26 15:02:14 | INFO     | Saving at a/skeb/misIllust26-967e75.json
2026-09-26 15:02:15 | INFO     | OK https://skeb.jp/api/users/rakupote
2026-09-26 15:02:15 | INFO     | Saving at a/skeb/rakupote-8af0ae.json
2026-09-26 15:02:16 | INFO     | OK https://skeb.jp/api/users/u2xu2x
2026-09-26 15:02:16 | INFO     | Saving at a/skeb/u2xu2x-ff61fc.json
2026-09-26 15:02:17 | INFO     | OK https://skeb.jp/api/users/henria_yh
2026-09-26 15:02:17 | INFO     | Saving at a/skeb/henria_yh-fa52b9.json
2026-09-26 15:02:18 | INFO     | OK https://skeb.jp/api/users/dx770bpp
2026-09-26 15:02:18 | INFO     | Saving at a/skeb/dx770bpp-23a3a8.json
2026-09-26 15:02:19 | INFO     | OK https://skeb.jp/api/users/_ruru912
2026-09-26 15:02:19 | INFO     | Saving at a/skeb/_ruru912-b9ca93.json
2026-09-26 15:02:20 | INFO     | OK https://skeb.jp/api/users/yashuring
2026-09-26 15:02:20 | INFO     | Saving at a/skeb/yashuring-e3e429.json
2026-09-26 15:02:21 | INFO     | OK https://skeb.jp/api/users/2EZNukIa4D
2026-09-26 15:02:21 | INFO     | Saving at a/skeb/2EZNukIa4D-acdea1.json
2026-09-26 15:02:22 | INFO     | OK https://skeb.jp/api/users/byHanabi
2026-09-26 15:02:22 | INFO     | Saving at a/skeb/byHanabi-84e7f2.json
2026-09-26 15:02:23 | INFO     | OK https://skeb.jp/api/users/wazukanizinaida
2026-09-26 15:02:23 | INFO     | Saving at a/skeb/wazukanizinaida-32f325.json
2026-09-26 15:02:24 | INFO     | OK https://skeb.jp/api/users/Ch0c0_tqbe_
2026-09-26 15:02:24 | INFO     | Saving at a/skeb/Ch0c0_tqbe_-d6d98d.json
2026-09-26 15:02:25 | INFO     | OK https://skeb.jp/api/users/_by4co
2026-09-26 15:02:25 | INFO     | Saving at a/skeb/_by4co-ae59c2.json
2026-09-26 15:02:26 | INFO     | OK https://skeb.jp/api/users/kemonya777
2026-09-26 15:02:26 | INFO     | Saving at a/skeb/kemonya777-2a1b9f.json
2026-09-26 15:02:27 | INFO     | OK https://skeb.jp/api/users/wataruze
2026-09-26 15:02:27 | INFO     | Saving at a/skeb/wataruze-b316af.json
2026-09-26 15:02:28 | INFO     | OK https://skeb.jp/api/users/tanukihainuka_
2026-09-26 15:02:28 | INFO     | Saving at a/skeb/tanukihainuka_-be48a0.json
2026-09-26 15:02:29 | INFO     | OK https://skeb.jp/api/users/t0riura
2026-09-26 15:02:29 | INFO     | Saving at a/skeb/t0riura-a4dadc.json
2026-09-26 15:02:30 | INFO     | OK https://skeb.jp/api/users/Asano_yoru
2026-09-26 15:02:30 | INFO     | Saving at a/skeb/Asano_yoru-19eba6.json
2026-09-26 15:02:31 | INFO     | OK https://skeb.jp/api/users/sisyamo_himazin
2026-09-26 15:02:31 | INFO     | Saving at a/skeb/sisyamo_himazin-2d5fa8.json
2026-09-26 15:02:32 | INFO     | OK https://skeb.jp/api/users/srk_tk250
2026-09-26 15:02:32 | INFO     | Saving at a/skeb/srk_tk250-61efa3.json
2026-09-26 15:02:33 | INFO     | OK https://skeb.jp/api/users/RoseePoire
2026-09-26 15:02:33 | INFO     | Saving at a/skeb/RoseePoire-4d7929.json
2026-09-26 15:02:34 | INFO     | OK https://skeb.jp/api/users/ymwmti7
2026-09-26 15:02:34 | INFO     | Saving at a/skeb/ymwmti7-34c6fb.json
2026-09-26 15:02:35 | INFO     | OK https://skeb.jp/api/users/Ennu_ds
2026-09-26 15:02:35 | INFO     | Saving at a/skeb/Ennu_ds-2f2a97.json
2026-09-26 15:02:36 | INFO     | OK https://skeb.jp/api/users/acoloredpencil
2026-09-26 15:02:36 | INFO     | Saving at a/skeb/acoloredpencil-96b373.json
2026-09-26 15:02:37 | INFO     | OK https://skeb.jp/api/users/machida_0906
2026-09-26 15:02:37 | INFO     | Saving at a/skeb/machida_0906-0b8ae3.json
2026-09-26 15:02:38 | INFO     | OK https://skeb.jp/api/users/punipuniloan
2026-09-26 15:02:38 | INFO     | Saving at a/skeb/punipuniloan-6f0224.json
2026-09-26 15:02:39 | INFO     | OK https://skeb.jp/api/users/snd_kmc
2026-09-26 15:02:39 | INFO     | Saving at a/skeb/snd_kmc-ec8e3e.json
2026-09-26 15:02:40 | INFO     | OK https://skeb.jp/api/users/j1dj7
2026-09-26 15:02:40 | INFO     | Saving at a/skeb/j1dj7-8845a1.json
2026-09-26 15:02:41 | INFO     | OK https://skeb.jp/api/users/ventvert0
2026-09-26 15:02:41 | INFO     | Saving at a/skeb/ventvert0-2c407e.json
2026-09-26 15:02:42 | INFO     | OK https://skeb.jp/api/users/satera723
2026-09-26 15:02:42 | INFO     | Saving at a/skeb/satera723-029113.json
2026-09-26 15:02:43 | INFO     | OK https://skeb.jp/api/users/ddaatt33
2026-09-26 15:02:43 | INFO     | Saving at a/skeb/ddaatt33-4a0c3f.json
2026-09-26 15:02:44 | INFO     | OK https://skeb.jp/api/users/Do_chnu
2026-09-26 15:02:44 | INFO     | Saving at a/skeb/Do_chnu-b72b75.json
2026-09-26 15:02:45 | INFO     | OK https://skeb.jp/api/users/maimaiga
2026-09-26 15:02:45 | INFO     | Saving at a/skeb/maimaiga-212dde.json
2026-09-26 15:02:46 | INFO     | OK https://skeb.jp/api/users/mimiko_335
2026-09-26 15:02:46 | INFO     | Saving at a/skeb/mimiko_335-0d965f.json
2026-09-26 15:02:47 | INFO     | OK https://skeb.jp/api/users/Yuumiru827
2026-09-26 15:02:47 | INFO     | Saving at a/skeb/Yuumiru827-cc973f.json
2026-09-26 15:02:48 | INFO     | OK https://skeb.jp/api/users/renznyanya
2026-09-26 15:02:48 | INFO     | Saving at a/skeb/renznyanya-3ca26a.json
2026-09-26 15:02:49 | INFO     | OK https://skeb.jp/api/users/oh_ki_ik
2026-09-26 15:02:49 | INFO     | Saving at a/skeb/oh_ki_ik-b7967f.json
2026-09-26 15:02:50 | INFO     | OK https://skeb.jp/api/users/U_KeinSS
2026-09-26 15:02:50 | INFO     | Saving at a/skeb/U_KeinSS-ee39f1.json
2026-09-26 15:02:51 | INFO     | OK https://skeb.jp/api/users/blow_trpg_
2026-09-26 15:02:51 | INFO     | Saving at a/skeb/blow_trpg_-862333.json
2026-09-26 15:02:52 | INFO     | OK https://skeb.jp/api/users/kmkwuzn0404
2026-09-26 15:02:52 | INFO     | Saving at a/skeb/kmkwuzn0404-082c32.json
2026-09-26 15:02:53 | INFO     | OK https://skeb.jp/api/users/rt6k_
2026-09-26 15:02:53 | INFO     | Saving at a/skeb/rt6k_-3331d6.json
2026-09-26 15:02:54 | INFO     | OK https://skeb.jp/api/users/Midori_soumenn
2026-09-26 15:02:54 | INFO     | Saving at a/skeb/Midori_soumenn-b97b97.json
2026-09-26 15:02:55 | INFO     | OK https://skeb.jp/api/users/chokkakudon
2026-09-26 15:02:55 | INFO     | Saving at a/skeb/chokkakudon-13703e.json
2026-09-26 15:02:56 | INFO     | OK https://skeb.jp/api/users/yamatoooooo
2026-09-26 15:02:56 | INFO     | Saving at a/skeb/yamatoooooo-833d71.json
2026-09-26 15:02:57 | INFO     | OK https://skeb.jp/api/users/silent_ikou
2026-09-26 15:02:57 | INFO     | Saving at a/skeb/silent_ikou-28bca1.json
2026-09-26 15:02:58 | INFO     | OK https://skeb.jp/api/users/Sachipic_
2026-09-26 15:02:58 | INFO     | Saving at a/skeb/Sachipic_-acb1d1.json
2026-09-26 15:02:59 | INFO     | OK https://skeb.jp/api/users/moimoi_sp
2026-09-26 15:02:59 | INFO     | Saving at a/skeb/moimoi_sp-a20228.json
2026-09-26 15:03:00 | INFO     | OK https://skeb.jp/api/users/mamemochi_hobby
2026-09-26 15:03:00 | INFO     | Saving at a/skeb/mamemochi_hobby-cf71f9.json
2026-09-26 15:03:01 | INFO     | OK https://skeb.jp/api/users/112yke_
2026-09-26 15:03:01 | INFO     | Saving at a/skeb/112yke_-bcc193.json
2026-09-26 15:03:02 | INFO     | OK https://skeb.jp/api/users/funuyu_sub
2026-09-26 15:03:02 | INFO     | Saving at a/skeb/funuyu_sub-9eaca6.json
2026-09-26 15:03:03 | INFO     | OK https://skeb.jp/api/users/konpota_1109
2026-09-26 15:03:03 | INFO     | Saving at a/skeb/konpota_1109-5300d9.json
2026-09-26 15:03:04 | INFO     | OK https://skeb.jp/api/users/Tyokora0820
2026-09-26 15:03:04 | INFO     | Saving at a/skeb/Tyokora0820-7ce662.json
2026-09-26 15:03:05 | INFO     | OK https://skeb.jp/api/users/yamapple0506
2026-09-26 15:03:05 | INFO     | Saving at a/skeb/yamapple0506-16be04.json
2026-09-26 15:03:06 | INFO     | OK https://skeb.jp/api/users/karaage_ha_315
2026-09-26 15:03:06 | INFO     | Saving at a/skeb/karaage_ha_315-f61a4e.json
2026-09-26 15:03:07 | INFO     | OK https://skeb.jp/api/users/HiZUMU89
2026-09-26 15:03:07 | INFO     | Saving at a/skeb/HiZUMU89-cb8516.json
2026-09-26 15:03:08 | INFO     | OK https://skeb.jp/api/users/takezamurai
2026-09-26 15:03:08 | INFO     | Saving at a/skeb/takezamurai-43f6d0.json
2026-09-26 15:03:09 | INFO     | OK https://skeb.jp/api/users/eternal_PUWAWA
2026-09-26 15:03:09 | INFO     | Saving at a/skeb/eternal_PUWAWA-a98d4e.json
2026-09-26 15:03:10 | INFO     | OK https://skeb.jp/api/users/kikukai_gekoaro
2026-09-26 15:03:10 | INFO     | Saving at a/skeb/kikukai_gekoaro-cb5514.json
2026-09-26 15:03:11 | INFO     | OK https://skeb.jp/api/users/364ing01
2026-09-26 15:03:11 | INFO     | Saving at a/skeb/364ing01-b41a0a.json
2026-09-26 15:03:12 | INFO     | OK https://skeb.jp/api/users/R1tuk
2026-09-26 15:03:12 | INFO     | Saving at a/skeb/R1tuk-c75955.json
2026-09-26 15:03:13 | INFO     | OK https://skeb.jp/api/users/MikanameQ
2026-09-26 15:03:13 | INFO     | Saving at a/skeb/MikanameQ-951950.json
2026-09-26 15:03:14 | INFO     | OK https://skeb.jp/api/users/saneko0210
2026-09-26 15:03:14 | INFO     | Saving at a/skeb/saneko0210-e6be38.json
2026-09-26 15:03:15 | INFO     | OK https://skeb.jp/api/users/awa_ben_0521
2026-09-26 15:03:15 | INFO     | Saving at a/skeb/awa_ben_0521-a80dc6.json
2026-09-26 15:03:16 | INFO     | OK https://skeb.jp/api/users/kaname214
2026-09-26 15:03:16 | INFO     | Saving at a/skeb/kaname214-086f8e.json
2026-09-26 15:03:17 | INFO     | OK https://skeb.jp/api/users/inadumakawaii1
2026-09-26 15:03:17 | INFO     | Saving at a/skeb/inadumakawaii1-2ec586.json
2026-09-26 15:03:18 | INFO     | OK https://skeb.jp/api/users/sobakonattou07
2026-09-26 15:03:18 | INFO     | Saving at a/skeb/sobakonattou07-0e9480.json
2026-09-26 15:03:19 | INFO     | OK https://skeb.jp/api/users/flugel127
2026-09-26 15:03:19 | INFO     | Saving at a/skeb/flugel127-eb308a.json
2026-09-26 15:03:20 | INFO     | OK https://skeb.jp/api/users/SoiHana
2026-09-26 15:03:20 | INFO     | Saving at a/skeb/SoiHana-c2c02f.json
2026-09-26 15:03:21 | INFO     | OK https://skeb.jp/api/users/hyoroika1234
2026-09-26 15:03:21 | INFO     | Saving at a/skeb/hyoroika1234-5b8375.json
2026-09-26 15:03:22 | INFO     | OK https://skeb.jp/api/users/12Waka11
2026-09-26 15:03:22 | INFO     | Saving at a/skeb/12Waka11-44153a.json
2026-09-26 15:03:23 | INFO     | OK https://skeb.jp/api/users/Rain_y02
2026-09-26 15:03:23 | INFO     | Saving at a/skeb/Rain_y02-17dee4.json
2026-09-26 15:03:25 | INFO     | OK https://skeb.jp/api/users/4_0_4_unknown_
2026-09-26 15:03:25 | INFO     | Saving at a/skeb/4_0_4_unknown_-e0f903.json
2026-09-26 15:03:25 | INFO     | OK https://skeb.jp/api/users/BARRACUDA_Lai
2026-09-26 15:03:25 | INFO     | Saving at a/skeb/BARRACUDA_Lai-7f822c.json
2026-09-26 15:03:26 | INFO     | OK https://skeb.jp/api/users/Pipimaru0623
2026-09-26 15:03:26 | INFO     | Saving at a/skeb/Pipimaru0623-c930f3.json
2026-09-26 15:03:27 | INFO     | OK https://skeb.jp/api/users/minabe_6711
2026-09-26 15:03:27 | INFO     | Saving at a/skeb/minabe_6711-220591.json
2026-09-26 15:03:29 | INFO     | OK https://skeb.jp/api/users/hukubeinfinity
2026-09-26 15:03:29 | INFO     | Saving at a/skeb/hukubeinfinity-c6f97c.json
2026-09-26 15:03:29 | INFO     | OK https://skeb.jp/api/users/liquidmz_2
2026-09-26 15:03:29 | INFO     | Saving at a/skeb/liquidmz_2-e7a97e.json
2026-09-26 15:03:30 | INFO     | OK https://skeb.jp/api/users/thinking_nt
2026-09-26 15:03:30 | INFO     | Saving at a/skeb/thinking_nt-03fd95.json
2026-09-26 15:03:31 | INFO     | OK https://skeb.jp/api/users/iisonntagii
2026-09-26 15:03:31 | INFO     | Saving at a/skeb/iisonntagii-95ff2f.json
2026-09-26 15:03:33 | INFO     | OK https://skeb.jp/api/users/shi6sawa
2026-09-26 15:03:33 | INFO     | Saving at a/skeb/shi6sawa-0880fe.json
2026-09-26 15:03:33 | INFO     | OK https://skeb.jp/api/users/to____EX
2026-09-26 15:03:33 | INFO     | Saving at a/skeb/to____EX-e96844.json
2026-09-26 15:03:35 | INFO     | OK https://skeb.jp/api/users/sakairiasobi
2026-09-26 15:03:35 | INFO     | Saving at a/skeb/sakairiasobi-dc5462.json
2026-09-26 15:03:36 | INFO     | OK https://skeb.jp/api/users/Mo_Chi_n_prrn
2026-09-26 15:03:36 | INFO     | Saving at a/skeb/Mo_Chi_n_prrn-04f5dd.json
2026-09-26 15:03:37 | INFO     | OK https://skeb.jp/api/users/TREAT_0x1A
2026-09-26 15:03:37 | INFO     | Saving at a/skeb/TREAT_0x1A-a9eac4.json
2026-09-26 15:03:37 | INFO     | OK https://skeb.jp/api/users/noboru_eaka
2026-09-26 15:03:37 | INFO     | Saving at a/skeb/noboru_eaka-d51cf1.json
2026-09-26 15:03:38 | INFO     | OK https://skeb.jp/api/users/404sekiraun
2026-09-26 15:03:38 | INFO     | Saving at a/skeb/404sekiraun-a901b5.json
2026-09-26 15:03:39 | INFO     | OK https://skeb.jp/api/users/34ack0
2026-09-26 15:03:39 | INFO     | Saving at a/skeb/34ack0-bd961a.json
2026-09-26 15:03:40 | INFO     | OK https://skeb.jp/api/users/hiiragiRagnarok
2026-09-26 15:03:40 | INFO     | Saving at a/skeb/hiiragiRagnarok-ba3b1b.json
2026-09-26 15:03:41 | INFO     | OK https://skeb.jp/api/users/nn_k0k0
2026-09-26 15:03:41 | INFO     | Saving at a/skeb/nn_k0k0-f357e3.json
2026-09-26 15:03:42 | INFO     | OK https://skeb.jp/api/users/ibuki_736
2026-09-26 15:03:42 | INFO     | Saving at a/skeb/ibuki_736-0e9ed3.json
2026-09-26 15:03:43 | INFO     | OK https://skeb.jp/api/users/kotaro_png
2026-09-26 15:03:43 | INFO     | Saving at a/skeb/kotaro_png-270e43.json
2026-09-26 15:03:44 | INFO     | OK https://skeb.jp/api/users/irodori_drawpic
2026-09-26 15:03:44 | INFO     | Saving at a/skeb/irodori_drawpic-536b12.json
2026-09-26 15:03:45 | INFO     | OK https://skeb.jp/api/users/Gapao0520
2026-09-26 15:03:45 | INFO     | Saving at a/skeb/Gapao0520-300fb5.json
2026-09-26 15:03:46 | INFO     | OK https://skeb.jp/api/users/shoya_introvert
2026-09-26 15:03:46 | INFO     | Saving at a/skeb/shoya_introvert-1a59ca.json
2026-09-26 15:03:47 | INFO     | OK https://skeb.jp/api/users/denpawarukunai4
2026-09-26 15:03:47 | INFO     | Saving at a/skeb/denpawarukunai4-0efb7b.json
2026-09-26 15:03:48 | INFO     | OK https://skeb.jp/api/users/JEP5e
2026-09-26 15:03:48 | INFO     | Saving at a/skeb/JEP5e-5076b0.json
2026-09-26 15:03:49 | INFO     | OK https://skeb.jp/api/users/R0Qo0
2026-09-26 15:03:49 | INFO     | Saving at a/skeb/R0Qo0-d436b0.json
2026-09-26 15:03:50 | INFO     | OK https://skeb.jp/api/users/shimizuen3310
2026-09-26 15:03:50 | INFO     | Saving at a/skeb/shimizuen3310-f3c072.json
2026-09-26 15:03:51 | INFO     | OK https://skeb.jp/api/users/96haiki
2026-09-26 15:03:51 | INFO     | Saving at a/skeb/96haiki-9204d9.json
2026-09-26 15:03:52 | INFO     | OK https://skeb.jp/api/users/go_6p
2026-09-26 15:03:52 | INFO     | Saving at a/skeb/go_6p-1cd720.json
2026-09-26 15:03:53 | INFO     | OK https://skeb.jp/api/users/Noikaisyu_gts
2026-09-26 15:03:53 | INFO     | Saving at a/skeb/Noikaisyu_gts-12c085.json
2026-09-26 15:03:54 | INFO     | OK https://skeb.jp/api/users/green_tea_Vlove
2026-09-26 15:03:54 | INFO     | Saving at a/skeb/green_tea_Vlove-2fa5e9.json
2026-09-26 15:03:55 | INFO     | OK https://skeb.jp/api/users/su_retro_space
2026-09-26 15:03:55 | INFO     | Saving at a/skeb/su_retro_space-926113.json
2026-09-26 15:03:56 | INFO     | OK https://skeb.jp/api/users/hisknn
2026-09-26 15:03:56 | INFO     | Saving at a/skeb/hisknn-969fb6.json
2026-09-26 15:03:57 | INFO     | OK https://skeb.jp/api/users/yu_na_8282
2026-09-26 15:03:57 | INFO     | Saving at a/skeb/yu_na_8282-f342b7.json
2026-09-26 15:03:58 | INFO     | OK https://skeb.jp/api/users/saku_nosuke
2026-09-26 15:03:58 | INFO     | Saving at a/skeb/saku_nosuke-2a89eb.json
2026-09-26 15:03:59 | INFO     | OK https://skeb.jp/api/users/chibitaro
2026-09-26 15:03:59 | INFO     | Saving at a/skeb/chibitaro-cd6355.json
2026-09-26 15:04:00 | INFO     | OK https://skeb.jp/api/users/GRONGIKBTIT
2026-09-26 15:04:00 | INFO     | Saving at a/skeb/GRONGIKBTIT-d3b027.json
2026-09-26 15:04:01 | INFO     | OK https://skeb.jp/api/users/ToratoraHsmt
2026-09-26 15:04:01 | INFO     | Saving at a/skeb/ToratoraHsmt-d15527.json
2026-09-26 15:04:02 | INFO     | OK https://skeb.jp/api/users/karatsuki_fox
2026-09-26 15:04:02 | INFO     | Saving at a/skeb/karatsuki_fox-609259.json
2026-09-26 15:04:03 | INFO     | OK https://skeb.jp/api/users/uranouraras
2026-09-26 15:04:03 | INFO     | Saving at a/skeb/uranouraras-51e385.json
2026-09-26 15:04:04 | INFO     | OK https://skeb.jp/api/users/shionnn_k
2026-09-26 15:04:04 | INFO     | Saving at a/skeb/shionnn_k-8b07fe.json
2026-09-26 15:04:06 | INFO     | OK https://skeb.jp/api/users/m772k
2026-09-26 15:04:06 | INFO     | Saving at a/skeb/m772k-4b3ce8.json
2026-09-26 15:04:06 | INFO     | OK https://skeb.jp/api/users/KiricoSkst
2026-09-26 15:04:06 | INFO     | Saving at a/skeb/KiricoSkst-239f9c.json
2026-09-26 15:04:08 | INFO     | OK https://skeb.jp/api/users/nayu_tao
2026-09-26 15:04:08 | INFO     | Saving at a/skeb/nayu_tao-9ad27e.json
2026-09-26 15:04:08 | INFO     | OK https://skeb.jp/api/users/musashido
2026-09-26 15:04:08 | INFO     | Saving at a/skeb/musashido-e0fb4f.json
2026-09-26 15:04:09 | INFO     | OK https://skeb.jp/api/users/Inukura_Haru
2026-09-26 15:04:09 | INFO     | Saving at a/skeb/Inukura_Haru-f60b63.json
2026-09-26 15:04:10 | INFO     | OK https://skeb.jp/api/users/yabeni_uya
2026-09-26 15:04:10 | INFO     | Saving at a/skeb/yabeni_uya-50fd4d.json
2026-09-26 15:04:11 | INFO     | OK https://skeb.jp/api/users/umineko
2026-09-26 15:04:11 | INFO     | Saving at a/skeb/umineko-c3777f.json
2026-09-26 15:04:12 | INFO     | OK https://skeb.jp/api/users/SorrowSoLow
2026-09-26 15:04:12 | INFO     | Saving at a/skeb/SorrowSoLow-e8d45e.json
2026-09-26 15:04:13 | INFO     | OK https://skeb.jp/api/users/mofu_moffka
2026-09-26 15:04:13 | INFO     | Saving at a/skeb/mofu_moffka-cd6def.json
2026-09-26 15:04:14 | INFO     | OK https://skeb.jp/api/users/sikimosh
2026-09-26 15:04:14 | INFO     | Saving at a/skeb/sikimosh-be52a6.json
2026-09-26 15:04:15 | INFO     | OK https://skeb.jp/api/users/OmotiU009
2026-09-26 15:04:15 | INFO     | Saving at a/skeb/OmotiU009-2f5e4f.json
2026-09-26 15:04:16 | INFO     | OK https://skeb.jp/api/users/upa_kurahasi
2026-09-26 15:04:16 | INFO     | Saving at a/skeb/upa_kurahasi-8584ad.json
2026-09-26 15:04:17 | INFO     | OK https://skeb.jp/api/users/yoakenemurixx
2026-09-26 15:04:17 | INFO     | Saving at a/skeb/yoakenemurixx-d824bb.json
2026-09-26 15:04:18 | INFO     | OK https://skeb.jp/api/users/tadato_kttai
2026-09-26 15:04:18 | INFO     | Saving at a/skeb/tadato_kttai-2ec430.json
2026-09-26 15:04:19 | INFO     | OK https://skeb.jp/api/users/hakusuifuta
2026-09-26 15:04:19 | INFO     | Saving at a/skeb/hakusuifuta-41a80f.json
2026-09-26 15:04:20 | INFO     | OK https://skeb.jp/api/users/HimmelGewalt
2026-09-26 15:04:20 | INFO     | Saving at a/skeb/HimmelGewalt-290f40.json
2026-09-26 15:04:21 | INFO     | OK https://skeb.jp/api/users/volmohisca
2026-09-26 15:04:21 | INFO     | Saving at a/skeb/volmohisca-e331ce.json
2026-09-26 15:04:22 | INFO     | OK https://skeb.jp/api/users/tenterra_107
2026-09-26 15:04:22 | INFO     | Saving at a/skeb/tenterra_107-bcd72b.json
2026-09-26 15:04:23 | INFO     | OK https://skeb.jp/api/users/osaosa_kouzyou
2026-09-26 15:04:23 | INFO     | Saving at a/skeb/osaosa_kouzyou-ee40ec.json
2026-09-26 15:04:24 | INFO     | OK https://skeb.jp/api/users/p1kku
2026-09-26 15:04:24 | INFO     | Saving at a/skeb/p1kku-37ad90.json
2026-09-26 15:04:25 | INFO     | OK https://skeb.jp/api/users/haruharu_san
2026-09-26 15:04:25 | INFO     | Saving at a/skeb/haruharu_san-b055ee.json
2026-09-26 15:04:26 | INFO     | OK https://skeb.jp/api/users/Koppepan_agp
2026-09-26 15:04:26 | INFO     | Saving at a/skeb/Koppepan_agp-888d53.json
2026-09-26 15:04:27 | INFO     | OK https://skeb.jp/api/users/parking_taisi
2026-09-26 15:04:27 | INFO     | Saving at a/skeb/parking_taisi-041652.json
2026-09-26 15:04:28 | INFO     | OK https://skeb.jp/api/users/takomado2130
2026-09-26 15:04:28 | INFO     | Saving at a/skeb/takomado2130-30f66d.json
2026-09-26 15:04:29 | INFO     | OK https://skeb.jp/api/users/Masyumarob00r
2026-09-26 15:04:29 | INFO     | Saving at a/skeb/Masyumarob00r-efcd00.json
2026-09-26 15:04:30 | INFO     | OK https://skeb.jp/api/users/MK2_archive
2026-09-26 15:04:30 | INFO     | Saving at a/skeb/MK2_archive-816ded.json
2026-09-26 15:04:31 | INFO     | OK https://skeb.jp/api/users/zooonzoonzon
2026-09-26 15:04:31 | INFO     | Saving at a/skeb/zooonzoonzon-141833.json
2026-09-26 15:04:32 | INFO     | OK https://skeb.jp/api/users/misopimaru
2026-09-26 15:04:32 | INFO     | Saving at a/skeb/misopimaru-cabb58.json
2026-09-26 15:04:33 | INFO     | OK https://skeb.jp/api/users/nevion_jp
2026-09-26 15:04:33 | INFO     | Saving at a/skeb/nevion_jp-815db7.json
2026-09-26 15:04:34 | INFO     | OK https://skeb.jp/api/users/SiO_trpguoooO
2026-09-26 15:04:34 | INFO     | Saving at a/skeb/SiO_trpguoooO-f1ffc9.json
2026-09-26 15:04:35 | INFO     | OK https://skeb.jp/api/users/iiiijw458
2026-09-26 15:04:35 | INFO     | Saving at a/skeb/iiiijw458-33aaf4.json
2026-09-26 15:04:36 | INFO     | OK https://skeb.jp/api/users/Null_suke
2026-09-26 15:04:36 | INFO     | Saving at a/skeb/Null_suke-bf1059.json
2026-09-26 15:04:37 | INFO     | OK https://skeb.jp/api/users/k__ll_a
2026-09-26 15:04:37 | INFO     | Saving at a/skeb/k__ll_a-037937.json
2026-09-26 15:04:38 | INFO     | OK https://skeb.jp/api/users/Hitotsugi_01
2026-09-26 15:04:38 | INFO     | Saving at a/skeb/Hitotsugi_01-071a19.json
2026-09-26 15:04:39 | INFO     | OK https://skeb.jp/api/users/poinx2
2026-09-26 15:04:39 | INFO     | Saving at a/skeb/poinx2-387231.json
2026-09-26 15:04:40 | INFO     | OK https://skeb.jp/api/users/Kokuu_17
2026-09-26 15:04:40 | INFO     | Saving at a/skeb/Kokuu_17-de42ef.json
2026-09-26 15:04:41 | INFO     | OK https://skeb.jp/api/users/gesu_555
2026-09-26 15:04:41 | INFO     | Saving at a/skeb/gesu_555-2db6cf.json
2026-09-26 15:04:42 | INFO     | OK https://skeb.jp/api/users/DORIANE_DOJIN
2026-09-26 15:04:42 | INFO     | Saving at a/skeb/DORIANE_DOJIN-ef6c2a.json
2026-09-26 15:04:43 | INFO     | OK https://skeb.jp/api/users/UlonoT02
2026-09-26 15:04:43 | INFO     | Saving at a/skeb/UlonoT02-296ce9.json
2026-09-26 15:04:45 | INFO     | OK https://skeb.jp/api/users/kuroiidononaka
2026-09-26 15:04:45 | INFO     | Saving at a/skeb/kuroiidononaka-025e81.json
2026-09-26 15:04:45 | INFO     | OK https://skeb.jp/api/users/Rinrin_Johann
2026-09-26 15:04:45 | INFO     | Saving at a/skeb/Rinrin_Johann-6f33ed.json
2026-09-26 15:04:46 | INFO     | OK https://skeb.jp/api/users/mushitearuyatsu
2026-09-26 15:04:46 | INFO     | Saving at a/skeb/mushitearuyatsu-e5424b.json
2026-09-26 15:04:47 | INFO     | OK https://skeb.jp/api/users/skm3
2026-09-26 15:04:47 | INFO     | Saving at a/skeb/skm3-440679.json
2026-09-26 15:04:48 | INFO     | OK https://skeb.jp/api/users/eito12
2026-09-26 15:04:48 | INFO     | Saving at a/skeb/eito12-f7e996.json
2026-09-26 15:04:49 | INFO     | OK https://skeb.jp/api/users/kawajinosaka
2026-09-26 15:04:49 | INFO     | Saving at a/skeb/kawajinosaka-53d61f.json
2026-09-26 15:04:50 | INFO     | OK https://skeb.jp/api/users/Zuppa_Chidori11
2026-09-26 15:04:50 | INFO     | Saving at a/skeb/Zuppa_Chidori11-625d4d.json
2026-09-26 15:04:51 | INFO     | OK https://skeb.jp/api/users/menmenmennma
2026-09-26 15:04:51 | INFO     | Saving at a/skeb/menmenmennma-feb945.json
2026-09-26 15:04:52 | INFO     | OK https://skeb.jp/api/users/SpicaShirahosi
2026-09-26 15:04:52 | INFO     | Saving at a/skeb/SpicaShirahosi-a5da36.json
2026-09-26 15:04:53 | INFO     | OK https://skeb.jp/api/users/usisi153
2026-09-26 15:04:53 | INFO     | Saving at a/skeb/usisi153-9b1043.json
2026-09-26 15:04:54 | INFO     | OK https://skeb.jp/api/users/2waco15
2026-09-26 15:04:54 | INFO     | Saving at a/skeb/2waco15-390c33.json
2026-09-26 15:04:55 | INFO     | OK https://skeb.jp/api/users/sharkdooog
2026-09-26 15:04:55 | INFO     | Saving at a/skeb/sharkdooog-69a94a.json
2026-09-26 15:04:56 | INFO     | OK https://skeb.jp/api/users/comugisan
2026-09-26 15:04:56 | INFO     | Saving at a/skeb/comugisan-0956f1.json
2026-09-26 15:04:57 | INFO     | OK https://skeb.jp/api/users/sizuokainagoya2
2026-09-26 15:04:57 | INFO     | Saving at a/skeb/sizuokainagoya2-30c6d2.json
2026-09-26 15:04:57 | INFO     |  --- SUMMARY REPORT --- 
  Sources Retreived    : 3559
  Profiles Fetched     : 3559
  Profile Missing      : 0
  Profile Rate Limited : 0
  Profile Error Others : 0

2026-09-26 15:04:58 | INFO     | Started creating static api data.
2026-09-26 15:07:33 | INFO     | Album index written to a/albums/index.json (532 albums)
