2026-09-24 13:49:26 | INFO     | Initialized Data Store.
2026-09-24 13:49:27 | INFO     | Homepage GET status=200 (attempt 1/3)
2026-09-24 13:49:27 | WARNING  | request_key not found in homepage HTML (status=200).
2026-09-24 13:49:27 | INFO     | SkebClient ready (impersonate=chrome120, rate=1.0/s, concurrency=10, max_runtime=10800s)
2026-09-24 13:49:27 | INFO     | Pagination start: type='works' genre='art'.
2026-09-24 13:49:27 | INFO     | OK https://skeb.jp/api/works?sort=date&genre=art&offset=0&limit=90
2026-09-24 13:49:28 | INFO     | OK https://skeb.jp/api/works?sort=date&genre=art&offset=720&limit=90
2026-09-24 13:49:29 | INFO     | OK https://skeb.jp/api/works?sort=date&genre=art&offset=450&limit=90
2026-09-24 13:49:30 | INFO     | OK https://skeb.jp/api/works?sort=date&genre=art&offset=540&limit=90
2026-09-24 13:49:31 | INFO     | OK https://skeb.jp/api/works?sort=date&genre=art&offset=90&limit=90
2026-09-24 13:49:32 | INFO     | OK https://skeb.jp/api/works?sort=date&genre=art&offset=810&limit=90
2026-09-24 13:49:33 | INFO     | OK https://skeb.jp/api/works?sort=date&genre=art&offset=270&limit=90
2026-09-24 13:49:34 | INFO     | OK https://skeb.jp/api/works?sort=date&genre=art&offset=360&limit=90
2026-09-24 13:49:35 | INFO     | OK https://skeb.jp/api/works?sort=date&genre=art&offset=180&limit=90
2026-09-24 13:49:36 | INFO     | OK https://skeb.jp/api/works?sort=date&genre=art&offset=630&limit=90
2026-09-24 13:49:37 | INFO     | OK https://skeb.jp/api/works?sort=date&genre=art&offset=1530&limit=90
2026-09-24 13:49:38 | INFO     | OK https://skeb.jp/api/works?sort=date&genre=art&offset=1710&limit=90
2026-09-24 13:49:39 | INFO     | OK https://skeb.jp/api/works?sort=date&genre=art&offset=1260&limit=90
2026-09-24 13:49:40 | INFO     | OK https://skeb.jp/api/works?sort=date&genre=art&offset=1620&limit=90
2026-09-24 13:49:41 | INFO     | OK https://skeb.jp/api/works?sort=date&genre=art&offset=990&limit=90
2026-09-24 13:49:42 | INFO     | OK https://skeb.jp/api/works?sort=date&genre=art&offset=1350&limit=90
2026-09-24 13:49:43 | INFO     | OK https://skeb.jp/api/works?sort=date&genre=art&offset=1170&limit=90
2026-09-24 13:49:44 | INFO     | OK https://skeb.jp/api/works?sort=date&genre=art&offset=900&limit=90
2026-09-24 13:49:45 | INFO     | OK https://skeb.jp/api/works?sort=date&genre=art&offset=1440&limit=90
2026-09-24 13:49:46 | INFO     | OK https://skeb.jp/api/works?sort=date&genre=art&offset=1080&limit=90
2026-09-24 13:49:47 | INFO     | OK https://skeb.jp/api/works?sort=date&genre=art&offset=2520&limit=90
2026-09-24 13:49:48 | INFO     | OK https://skeb.jp/api/works?sort=date&genre=art&offset=1800&limit=90
2026-09-24 13:49:49 | INFO     | OK https://skeb.jp/api/works?sort=date&genre=art&offset=2610&limit=90
2026-09-24 13:49:50 | INFO     | OK https://skeb.jp/api/works?sort=date&genre=art&offset=2250&limit=90
2026-09-24 13:49:51 | INFO     | OK https://skeb.jp/api/works?sort=date&genre=art&offset=2340&limit=90
2026-09-24 13:49:52 | INFO     | OK https://skeb.jp/api/works?sort=date&genre=art&offset=1980&limit=90
2026-09-24 13:49:53 | INFO     | OK https://skeb.jp/api/works?sort=date&genre=art&offset=2070&limit=90
2026-09-24 13:49:54 | INFO     | OK https://skeb.jp/api/works?sort=date&genre=art&offset=1890&limit=90
2026-09-24 13:49:55 | INFO     | OK https://skeb.jp/api/works?sort=date&genre=art&offset=2430&limit=90
2026-09-24 13:49:56 | INFO     | OK https://skeb.jp/api/works?sort=date&genre=art&offset=2160&limit=90
2026-09-24 13:49:57 | INFO     | OK https://skeb.jp/api/works?sort=date&genre=art&offset=3510&limit=90
2026-09-24 13:49:58 | INFO     | OK https://skeb.jp/api/works?sort=date&genre=art&offset=2700&limit=90
2026-09-24 13:49:59 | INFO     | OK https://skeb.jp/api/works?sort=date&genre=art&offset=3240&limit=90
2026-09-24 13:50:00 | INFO     | OK https://skeb.jp/api/works?sort=date&genre=art&offset=2970&limit=90
2026-09-24 13:50:01 | INFO     | OK https://skeb.jp/api/works?sort=date&genre=art&offset=3150&limit=90
2026-09-24 13:50:02 | INFO     | OK https://skeb.jp/api/works?sort=date&genre=art&offset=2880&limit=90
2026-09-24 13:50:03 | INFO     | OK https://skeb.jp/api/works?sort=date&genre=art&offset=3330&limit=90
2026-09-24 13:50:04 | INFO     | OK https://skeb.jp/api/works?sort=date&genre=art&offset=2790&limit=90
2026-09-24 13:50:05 | INFO     | OK https://skeb.jp/api/works?sort=date&genre=art&offset=3060&limit=90
2026-09-24 13:50:06 | INFO     | OK https://skeb.jp/api/works?sort=date&genre=art&offset=3420&limit=90
2026-09-24 13:50:07 | INFO     | OK https://skeb.jp/api/works?sort=date&genre=art&offset=3870&limit=90
2026-09-24 13:50:08 | INFO     | OK https://skeb.jp/api/works?sort=date&genre=art&offset=3690&limit=90
2026-09-24 13:50:09 | INFO     | OK https://skeb.jp/api/works?sort=date&genre=art&offset=3600&limit=90
2026-09-24 13:50:10 | INFO     | OK https://skeb.jp/api/works?sort=date&genre=art&offset=3780&limit=90
2026-09-24 13:50:11 | INFO     | OK https://skeb.jp/api/works?sort=date&genre=art&offset=4140&limit=90
2026-09-24 13:50:12 | INFO     | OK https://skeb.jp/api/works?sort=date&genre=art&offset=4410&limit=90
2026-09-24 13:50:13 | INFO     | OK https://skeb.jp/api/works?sort=date&genre=art&offset=3960&limit=90
2026-09-24 13:50:14 | INFO     | OK https://skeb.jp/api/works?sort=date&genre=art&offset=4230&limit=90
2026-09-24 13:50:15 | INFO     | OK https://skeb.jp/api/works?sort=date&genre=art&offset=4050&limit=90
2026-09-24 13:50:16 | INFO     | OK https://skeb.jp/api/works?sort=date&genre=art&offset=4320&limit=90
2026-09-24 13:50:16 | INFO     | Empty page (consecutive=1)
2026-09-24 13:50:16 | INFO     | Empty page (consecutive=2)
2026-09-24 13:50:16 | INFO     | End of pagination (2 empty pages).
2026-09-24 13:50:16 | INFO     | Pagination done: 4000 items for 'works'.
2026-09-24 13:50:16 | INFO     | Pagination start: type='users' genre='art'.
2026-09-24 13:50:17 | INFO     | OK https://skeb.jp/api/users?sort=date&genre=art&offset=720&limit=90
2026-09-24 13:50:18 | INFO     | OK https://skeb.jp/api/users?sort=date&genre=art&offset=0&limit=90
2026-09-24 13:50:19 | INFO     | OK https://skeb.jp/api/users?sort=date&genre=art&offset=630&limit=90
2026-09-24 13:50:20 | INFO     | OK https://skeb.jp/api/users?sort=date&genre=art&offset=360&limit=90
2026-09-24 13:50:21 | INFO     | OK https://skeb.jp/api/users?sort=date&genre=art&offset=180&limit=90
2026-09-24 13:50:22 | INFO     | OK https://skeb.jp/api/users?sort=date&genre=art&offset=90&limit=90
2026-09-24 13:50:23 | INFO     | OK https://skeb.jp/api/users?sort=date&genre=art&offset=270&limit=90
2026-09-24 13:50:24 | INFO     | OK https://skeb.jp/api/users?sort=date&genre=art&offset=540&limit=90
2026-09-24 13:50:25 | INFO     | OK https://skeb.jp/api/users?sort=date&genre=art&offset=810&limit=90
2026-09-24 13:50:26 | INFO     | OK https://skeb.jp/api/users?sort=date&genre=art&offset=450&limit=90
2026-09-24 13:50:26 | INFO     | Empty page (consecutive=1)
2026-09-24 13:50:26 | INFO     | Empty page (consecutive=2)
2026-09-24 13:50:26 | INFO     | End of pagination (2 empty pages).
2026-09-24 13:50:26 | INFO     | Pagination done: 400 items for 'users'.
2026-09-24 13:50:26 | INFO     | Ready to scrape 3559 items
2026-09-24 13:50:27 | INFO     | OK https://skeb.jp/api/users/Si000_Ru
2026-09-24 13:50:27 | INFO     | Saving at a/skeb/Si000_Ru-7d5f19.json
2026-09-24 13:50:28 | INFO     | OK https://skeb.jp/api/users/Nao221y
2026-09-24 13:50:28 | INFO     | Saving at a/skeb/Nao221y-84a089.json
2026-09-24 13:50:29 | INFO     | OK https://skeb.jp/api/users/Hato_to_illust
2026-09-24 13:50:29 | INFO     | Saving at a/skeb/Hato_to_illust-9beed1.json
2026-09-24 13:50:30 | INFO     | OK https://skeb.jp/api/users/ario_arimura
2026-09-24 13:50:30 | INFO     | Saving at a/skeb/ario_arimura-9206f7.json
2026-09-24 13:50:31 | INFO     | OK https://skeb.jp/api/users/m_w_cat
2026-09-24 13:50:31 | INFO     | Saving at a/skeb/m_w_cat-c126f9.json
2026-09-24 13:50:32 | INFO     | OK https://skeb.jp/api/users/torou_alchemist
2026-09-24 13:50:32 | INFO     | Saving at a/skeb/torou_alchemist-79e92a.json
2026-09-24 13:50:33 | INFO     | OK https://skeb.jp/api/users/amyaminouraaka
2026-09-24 13:50:33 | INFO     | Saving at a/skeb/amyaminouraaka-209162.json
2026-09-24 13:50:34 | INFO     | OK https://skeb.jp/api/users/yoshiRAS888
2026-09-24 13:50:34 | INFO     | Saving at a/skeb/yoshiRAS888-6d45ab.json
2026-09-24 13:50:35 | INFO     | OK https://skeb.jp/api/users/ooo_0926
2026-09-24 13:50:35 | INFO     | Saving at a/skeb/ooo_0926-4f97ee.json
2026-09-24 13:50:36 | INFO     | OK https://skeb.jp/api/users/UWh4k
2026-09-24 13:50:36 | INFO     | Saving at a/skeb/UWh4k-cdb0ba.json
2026-09-24 13:50:37 | INFO     | OK https://skeb.jp/api/users/10ma_ikrdn
2026-09-24 13:50:37 | INFO     | Saving at a/skeb/10ma_ikrdn-8f4705.json
2026-09-24 13:50:38 | INFO     | OK https://skeb.jp/api/users/miuki87
2026-09-24 13:50:38 | INFO     | Saving at a/skeb/miuki87-74b8dd.json
2026-09-24 13:50:39 | INFO     | OK https://skeb.jp/api/users/ricecake_taro
2026-09-24 13:50:39 | INFO     | Saving at a/skeb/ricecake_taro-eb6980.json
2026-09-24 13:50:40 | INFO     | OK https://skeb.jp/api/users/Dabikuni
2026-09-24 13:50:40 | INFO     | Saving at a/skeb/Dabikuni-01b988.json
2026-09-24 13:50:41 | INFO     | OK https://skeb.jp/api/users/ttto_1010
2026-09-24 13:50:41 | INFO     | Saving at a/skeb/ttto_1010-a8e2a7.json
2026-09-24 13:50:42 | INFO     | OK https://skeb.jp/api/users/kuriskeb_2
2026-09-24 13:50:42 | INFO     | Saving at a/skeb/kuriskeb_2-1fedd1.json
2026-09-24 13:50:43 | INFO     | OK https://skeb.jp/api/users/uenomigi
2026-09-24 13:50:43 | INFO     | Saving at a/skeb/uenomigi-8cb616.json
2026-09-24 13:50:44 | INFO     | OK https://skeb.jp/api/users/deathnosuke
2026-09-24 13:50:44 | INFO     | Saving at a/skeb/deathnosuke-8a3704.json
2026-09-24 13:50:45 | INFO     | OK https://skeb.jp/api/users/Masuka_Atatame
2026-09-24 13:50:45 | INFO     | Saving at a/skeb/Masuka_Atatame-422e32.json
2026-09-24 13:50:46 | INFO     | OK https://skeb.jp/api/users/NoksPu
2026-09-24 13:50:46 | INFO     | Saving at a/skeb/NoksPu-eda6b5.json
2026-09-24 13:50:47 | INFO     | OK https://skeb.jp/api/users/0806ohji
2026-09-24 13:50:47 | INFO     | Saving at a/skeb/0806ohji-05810f.json
2026-09-24 13:50:48 | INFO     | OK https://skeb.jp/api/users/Asano_yoru
2026-09-24 13:50:48 | INFO     | Saving at a/skeb/Asano_yoru-19eba6.json
2026-09-24 13:50:49 | INFO     | OK https://skeb.jp/api/users/rtm_fantasy
2026-09-24 13:50:49 | INFO     | Saving at a/skeb/rtm_fantasy-4ee32e.json
2026-09-24 13:50:50 | INFO     | OK https://skeb.jp/api/users/korosuke556
2026-09-24 13:50:50 | INFO     | Saving at a/skeb/korosuke556-04dc95.json
2026-09-24 13:50:51 | INFO     | OK https://skeb.jp/api/users/9m7M9
2026-09-24 13:50:51 | INFO     | Saving at a/skeb/9m7M9-a7734a.json
2026-09-24 13:50:52 | INFO     | OK https://skeb.jp/api/users/ayame0802
2026-09-24 13:50:52 | INFO     | Saving at a/skeb/ayame0802-0ade33.json
2026-09-24 13:50:53 | INFO     | OK https://skeb.jp/api/users/graffitiGW
2026-09-24 13:50:53 | INFO     | Saving at a/skeb/graffitiGW-a6a03f.json
2026-09-24 13:50:54 | INFO     | OK https://skeb.jp/api/users/skeb_k4
2026-09-24 13:50:54 | INFO     | Saving at a/skeb/skeb_k4-4892e0.json
2026-09-24 13:50:55 | INFO     | OK https://skeb.jp/api/users/kokutou__3
2026-09-24 13:50:55 | INFO     | Saving at a/skeb/kokutou__3-f00ae6.json
2026-09-24 13:50:56 | INFO     | OK https://skeb.jp/api/users/79_snack
2026-09-24 13:50:56 | INFO     | Saving at a/skeb/79_snack-bf8e79.json
2026-09-24 13:50:57 | INFO     | OK https://skeb.jp/api/users/mokeosushi
2026-09-24 13:50:57 | INFO     | Saving at a/skeb/mokeosushi-58adaa.json
2026-09-24 13:50:58 | INFO     | OK https://skeb.jp/api/users/shizu_summer
2026-09-24 13:50:58 | INFO     | Saving at a/skeb/shizu_summer-176425.json
2026-09-24 13:50:59 | INFO     | OK https://skeb.jp/api/users/mujimuji1010
2026-09-24 13:50:59 | INFO     | Saving at a/skeb/mujimuji1010-afd27e.json
2026-09-24 13:51:00 | INFO     | OK https://skeb.jp/api/users/GuyzOtona
2026-09-24 13:51:00 | INFO     | Saving at a/skeb/GuyzOtona-16a14c.json
2026-09-24 13:51:01 | INFO     | OK https://skeb.jp/api/users/kikoeoqn
2026-09-24 13:51:01 | INFO     | Saving at a/skeb/kikoeoqn-1fb931.json
2026-09-24 13:51:02 | INFO     | OK https://skeb.jp/api/users/Hoshimuma
2026-09-24 13:51:02 | INFO     | Saving at a/skeb/Hoshimuma-255fa6.json
2026-09-24 13:51:03 | INFO     | OK https://skeb.jp/api/users/romiolemen
2026-09-24 13:51:03 | INFO     | Saving at a/skeb/romiolemen-23d8ae.json
2026-09-24 13:51:04 | INFO     | OK https://skeb.jp/api/users/maruyakidondon
2026-09-24 13:51:04 | INFO     | Saving at a/skeb/maruyakidondon-ace7c3.json
2026-09-24 13:51:05 | INFO     | OK https://skeb.jp/api/users/makisenatori
2026-09-24 13:51:05 | INFO     | Saving at a/skeb/makisenatori-3b139a.json
2026-09-24 13:51:06 | INFO     | OK https://skeb.jp/api/users/VKbAXbj3kQ
2026-09-24 13:51:06 | INFO     | Saving at a/skeb/VKbAXbj3kQ-98c3ec.json
2026-09-24 13:51:07 | INFO     | OK https://skeb.jp/api/users/shiro_SRMSK
2026-09-24 13:51:07 | INFO     | Saving at a/skeb/shiro_SRMSK-c441c2.json
2026-09-24 13:51:08 | INFO     | OK https://skeb.jp/api/users/ugatsu1
2026-09-24 13:51:08 | INFO     | Saving at a/skeb/ugatsu1-44e581.json
2026-09-24 13:51:09 | INFO     | OK https://skeb.jp/api/users/aimoto77
2026-09-24 13:51:09 | INFO     | Saving at a/skeb/aimoto77-d7b86a.json
2026-09-24 13:51:10 | INFO     | OK https://skeb.jp/api/users/MkioE
2026-09-24 13:51:10 | INFO     | Saving at a/skeb/MkioE-ce839a.json
2026-09-24 13:51:11 | INFO     | OK https://skeb.jp/api/users/nirako_mona
2026-09-24 13:51:11 | INFO     | Saving at a/skeb/nirako_mona-05c12a.json
2026-09-24 13:51:12 | INFO     | OK https://skeb.jp/api/users/Null_suke
2026-09-24 13:51:12 | INFO     | Saving at a/skeb/Null_suke-bf1059.json
2026-09-24 13:51:13 | INFO     | OK https://skeb.jp/api/users/ryo_yanakasa
2026-09-24 13:51:13 | INFO     | Saving at a/skeb/ryo_yanakasa-9c3de2.json
2026-09-24 13:51:14 | INFO     | OK https://skeb.jp/api/users/hiziri_
2026-09-24 13:51:14 | INFO     | Saving at a/skeb/hiziri_-cefae4.json
2026-09-24 13:51:15 | INFO     | OK https://skeb.jp/api/users/chikakostars
2026-09-24 13:51:15 | INFO     | Saving at a/skeb/chikakostars-a441da.json
2026-09-24 13:51:16 | INFO     | OK https://skeb.jp/api/users/mochi_skymega
2026-09-24 13:51:16 | INFO     | Saving at a/skeb/mochi_skymega-90c94d.json
2026-09-24 13:51:17 | INFO     | OK https://skeb.jp/api/users/TanishiMeshi
2026-09-24 13:51:17 | INFO     | Saving at a/skeb/TanishiMeshi-b5caf0.json
2026-09-24 13:51:18 | INFO     | OK https://skeb.jp/api/users/omataro9
2026-09-24 13:51:18 | INFO     | Saving at a/skeb/omataro9-d1550e.json
2026-09-24 13:51:19 | INFO     | OK https://skeb.jp/api/users/rn9j_toto
2026-09-24 13:51:19 | INFO     | Saving at a/skeb/rn9j_toto-1fa0b3.json
2026-09-24 13:51:20 | INFO     | OK https://skeb.jp/api/users/suiren0227
2026-09-24 13:51:20 | INFO     | Saving at a/skeb/suiren0227-761136.json
2026-09-24 13:51:21 | INFO     | OK https://skeb.jp/api/users/ame_kod
2026-09-24 13:51:21 | INFO     | Saving at a/skeb/ame_kod-95e911.json
2026-09-24 13:51:22 | INFO     | OK https://skeb.jp/api/users/BEEF_lunch_TMT
2026-09-24 13:51:22 | INFO     | Saving at a/skeb/BEEF_lunch_TMT-4d7690.json
2026-09-24 13:51:23 | INFO     | OK https://skeb.jp/api/users/shirayuki_epe
2026-09-24 13:51:23 | INFO     | Saving at a/skeb/shirayuki_epe-b2fe9b.json
2026-09-24 13:51:24 | INFO     | OK https://skeb.jp/api/users/Yoruyomidou
2026-09-24 13:51:24 | INFO     | Saving at a/skeb/Yoruyomidou-ee8de8.json
2026-09-24 13:51:25 | INFO     | OK https://skeb.jp/api/users/kuronecororo
2026-09-24 13:51:25 | INFO     | Saving at a/skeb/kuronecororo-f5aef0.json
2026-09-24 13:51:26 | INFO     | OK https://skeb.jp/api/users/tamatamadi
2026-09-24 13:51:26 | INFO     | Saving at a/skeb/tamatamadi-c6f40d.json
2026-09-24 13:51:27 | INFO     | OK https://skeb.jp/api/users/wo1059mu
2026-09-24 13:51:27 | INFO     | Saving at a/skeb/wo1059mu-60865e.json
2026-09-24 13:51:28 | INFO     | OK https://skeb.jp/api/users/naginorit
2026-09-24 13:51:28 | INFO     | Saving at a/skeb/naginorit-b4034b.json
2026-09-24 13:51:29 | INFO     | OK https://skeb.jp/api/users/nekonoterentaru
2026-09-24 13:51:29 | INFO     | Saving at a/skeb/nekonoterentaru-a9b3a6.json
2026-09-24 13:51:30 | INFO     | OK https://skeb.jp/api/users/Yaebabasshi
2026-09-24 13:51:30 | INFO     | Saving at a/skeb/Yaebabasshi-5869ed.json
2026-09-24 13:51:31 | INFO     | OK https://skeb.jp/api/users/kab_0427
2026-09-24 13:51:31 | INFO     | Saving at a/skeb/kab_0427-844c07.json
2026-09-24 13:51:32 | INFO     | OK https://skeb.jp/api/users/385__j
2026-09-24 13:51:32 | INFO     | Saving at a/skeb/385__j-5a845b.json
2026-09-24 13:51:33 | INFO     | OK https://skeb.jp/api/users/bla_ck_rabbit
2026-09-24 13:51:33 | INFO     | Saving at a/skeb/bla_ck_rabbit-d03250.json
2026-09-24 13:51:34 | INFO     | OK https://skeb.jp/api/users/fuji_imaginary
2026-09-24 13:51:34 | INFO     | Saving at a/skeb/fuji_imaginary-e6ec6a.json
2026-09-24 13:51:35 | INFO     | OK https://skeb.jp/api/users/trmimimi
2026-09-24 13:51:35 | INFO     | Saving at a/skeb/trmimimi-a0cde5.json
2026-09-24 13:51:36 | INFO     | OK https://skeb.jp/api/users/princess_0sora
2026-09-24 13:51:36 | INFO     | Saving at a/skeb/princess_0sora-44f33f.json
2026-09-24 13:51:37 | INFO     | OK https://skeb.jp/api/users/mayu_yumai
2026-09-24 13:51:37 | INFO     | Saving at a/skeb/mayu_yumai-b21788.json
2026-09-24 13:51:38 | INFO     | OK https://skeb.jp/api/users/chizechize
2026-09-24 13:51:38 | INFO     | Saving at a/skeb/chizechize-d204b6.json
2026-09-24 13:51:39 | INFO     | OK https://skeb.jp/api/users/wara_nanda
2026-09-24 13:51:39 | INFO     | Saving at a/skeb/wara_nanda-a3b184.json
2026-09-24 13:51:40 | INFO     | OK https://skeb.jp/api/users/0mkky0
2026-09-24 13:51:40 | INFO     | Saving at a/skeb/0mkky0-a35391.json
2026-09-24 13:51:41 | INFO     | OK https://skeb.jp/api/users/scavia10
2026-09-24 13:51:41 | INFO     | Saving at a/skeb/scavia10-8acb11.json
2026-09-24 13:51:42 | INFO     | OK https://skeb.jp/api/users/melos_doll
2026-09-24 13:51:42 | INFO     | Saving at a/skeb/melos_doll-b4ec82.json
2026-09-24 13:51:43 | INFO     | OK https://skeb.jp/api/users/M0oy_
2026-09-24 13:51:43 | INFO     | Saving at a/skeb/M0oy_-a10451.json
2026-09-24 13:51:44 | INFO     | OK https://skeb.jp/api/users/siroroxxxx
2026-09-24 13:51:44 | INFO     | Saving at a/skeb/siroroxxxx-11d198.json
2026-09-24 13:51:45 | INFO     | OK https://skeb.jp/api/users/ichibokun
2026-09-24 13:51:45 | INFO     | Saving at a/skeb/ichibokun-c1fb55.json
2026-09-24 13:51:46 | INFO     | OK https://skeb.jp/api/users/capracco_sub
2026-09-24 13:51:46 | INFO     | Saving at a/skeb/capracco_sub-593590.json
2026-09-24 13:51:47 | INFO     | OK https://skeb.jp/api/users/yuta_753
2026-09-24 13:51:47 | INFO     | Saving at a/skeb/yuta_753-542a99.json
2026-09-24 13:51:48 | INFO     | OK https://skeb.jp/api/users/Noikaisyu_gts
2026-09-24 13:51:48 | INFO     | Saving at a/skeb/Noikaisyu_gts-12c085.json
2026-09-24 13:51:49 | INFO     | OK https://skeb.jp/api/users/marfoyfoyfoyR18
2026-09-24 13:51:49 | INFO     | Saving at a/skeb/marfoyfoyfoyR18-c4846e.json
2026-09-24 13:51:50 | INFO     | OK https://skeb.jp/api/users/Nankai_san
2026-09-24 13:51:50 | INFO     | Saving at a/skeb/Nankai_san-638830.json
2026-09-24 13:51:51 | INFO     | OK https://skeb.jp/api/users/sdns53
2026-09-24 13:51:51 | INFO     | Saving at a/skeb/sdns53-c1d7e3.json
2026-09-24 13:51:52 | INFO     | OK https://skeb.jp/api/users/tttt_teya
2026-09-24 13:51:52 | INFO     | Saving at a/skeb/tttt_teya-dc25aa.json
2026-09-24 13:51:53 | INFO     | OK https://skeb.jp/api/users/ap1os
2026-09-24 13:51:53 | INFO     | Saving at a/skeb/ap1os-bf62a1.json
2026-09-24 13:51:54 | INFO     | OK https://skeb.jp/api/users/Kyarako_0220
2026-09-24 13:51:54 | INFO     | Saving at a/skeb/Kyarako_0220-228fbf.json
2026-09-24 13:51:55 | INFO     | OK https://skeb.jp/api/users/harappachan0
2026-09-24 13:51:55 | INFO     | Saving at a/skeb/harappachan0-0c9e68.json
2026-09-24 13:51:56 | INFO     | OK https://skeb.jp/api/users/mak066_
2026-09-24 13:51:56 | INFO     | Saving at a/skeb/mak066_-dfdf80.json
2026-09-24 13:51:57 | INFO     | OK https://skeb.jp/api/users/kaigaaaannokagi
2026-09-24 13:51:57 | INFO     | Saving at a/skeb/kaigaaaannokagi-61a19b.json
2026-09-24 13:51:58 | INFO     | OK https://skeb.jp/api/users/leigh
2026-09-24 13:51:58 | INFO     | Saving at a/skeb/leigh-526474.json
2026-09-24 13:51:59 | INFO     | OK https://skeb.jp/api/users/misoperopero
2026-09-24 13:51:59 | INFO     | Saving at a/skeb/misoperopero-75df33.json
2026-09-24 13:52:00 | INFO     | OK https://skeb.jp/api/users/yositama00
2026-09-24 13:52:00 | INFO     | Saving at a/skeb/yositama00-35689c.json
2026-09-24 13:52:01 | INFO     | OK https://skeb.jp/api/users/matsumatsu_0202
2026-09-24 13:52:01 | INFO     | Saving at a/skeb/matsumatsu_0202-70dec0.json
2026-09-24 13:52:02 | INFO     | OK https://skeb.jp/api/users/sn000333
2026-09-24 13:52:02 | INFO     | Saving at a/skeb/sn000333-e36918.json
2026-09-24 13:52:03 | INFO     | OK https://skeb.jp/api/users/243fx
2026-09-24 13:52:03 | INFO     | Saving at a/skeb/243fx-4d9426.json
2026-09-24 13:52:04 | INFO     | OK https://skeb.jp/api/users/_mitoku
2026-09-24 13:52:04 | INFO     | Saving at a/skeb/_mitoku-9e74ea.json
2026-09-24 13:52:05 | INFO     | OK https://skeb.jp/api/users/0jyou3
2026-09-24 13:52:05 | INFO     | Saving at a/skeb/0jyou3-90df5b.json
2026-09-24 13:52:06 | INFO     | OK https://skeb.jp/api/users/yama_ym0000
2026-09-24 13:52:06 | INFO     | Saving at a/skeb/yama_ym0000-fbb6bc.json
2026-09-24 13:52:07 | INFO     | OK https://skeb.jp/api/users/maeda26mm
2026-09-24 13:52:07 | INFO     | Saving at a/skeb/maeda26mm-d18ef4.json
2026-09-24 13:52:08 | INFO     | OK https://skeb.jp/api/users/shi_029pan
2026-09-24 13:52:08 | INFO     | Saving at a/skeb/shi_029pan-c7f8cc.json
2026-09-24 13:52:09 | INFO     | OK https://skeb.jp/api/users/poroporosiisan
2026-09-24 13:52:09 | INFO     | Saving at a/skeb/poroporosiisan-436cde.json
2026-09-24 13:52:10 | INFO     | OK https://skeb.jp/api/users/chacoro_pokemon
2026-09-24 13:52:10 | INFO     | Saving at a/skeb/chacoro_pokemon-bf6b82.json
2026-09-24 13:52:11 | INFO     | OK https://skeb.jp/api/users/10rigar
2026-09-24 13:52:11 | INFO     | Saving at a/skeb/10rigar-2fbeda.json
2026-09-24 13:52:12 | INFO     | OK https://skeb.jp/api/users/nemutai663
2026-09-24 13:52:12 | INFO     | Saving at a/skeb/nemutai663-0990a9.json
2026-09-24 13:52:13 | INFO     | OK https://skeb.jp/api/users/kma9i
2026-09-24 13:52:13 | INFO     | Saving at a/skeb/kma9i-771762.json
2026-09-24 13:52:14 | INFO     | OK https://skeb.jp/api/users/mametsubu_love
2026-09-24 13:52:14 | INFO     | Saving at a/skeb/mametsubu_love-1b5bf9.json
2026-09-24 13:52:15 | INFO     | OK https://skeb.jp/api/users/YurulomI
2026-09-24 13:52:15 | INFO     | Saving at a/skeb/YurulomI-88747f.json
2026-09-24 13:52:16 | INFO     | OK https://skeb.jp/api/users/gin_iro_com
2026-09-24 13:52:16 | INFO     | Saving at a/skeb/gin_iro_com-96da9a.json
2026-09-24 13:52:17 | INFO     | OK https://skeb.jp/api/users/dorachan_r
2026-09-24 13:52:17 | INFO     | Saving at a/skeb/dorachan_r-2b8f9c.json
2026-09-24 13:52:19 | INFO     | OK https://skeb.jp/api/users/KRNI_rock
2026-09-24 13:52:19 | INFO     | Saving at a/skeb/KRNI_rock-e6565a.json
2026-09-24 13:52:19 | INFO     | OK https://skeb.jp/api/users/Wynm_x12
2026-09-24 13:52:19 | INFO     | Saving at a/skeb/Wynm_x12-18d8ee.json
2026-09-24 13:52:20 | INFO     | OK https://skeb.jp/api/users/miteinano
2026-09-24 13:52:20 | INFO     | Saving at a/skeb/miteinano-255e15.json
2026-09-24 13:52:21 | INFO     | OK https://skeb.jp/api/users/Tutihumaz77
2026-09-24 13:52:21 | INFO     | Saving at a/skeb/Tutihumaz77-dc7b23.json
2026-09-24 13:52:22 | INFO     | OK https://skeb.jp/api/users/sreir18
2026-09-24 13:52:22 | INFO     | Saving at a/skeb/sreir18-dfb1ff.json
2026-09-24 13:52:23 | INFO     | OK https://skeb.jp/api/users/4_lv_
2026-09-24 13:52:23 | INFO     | Saving at a/skeb/4_lv_-a14cc9.json
2026-09-24 13:52:24 | INFO     | OK https://skeb.jp/api/users/GyuUum_Planet99
2026-09-24 13:52:24 | INFO     | Saving at a/skeb/GyuUum_Planet99-2bae99.json
2026-09-24 13:52:25 | INFO     | OK https://skeb.jp/api/users/531441_
2026-09-24 13:52:25 | INFO     | Saving at a/skeb/531441_-2e5a65.json
2026-09-24 13:52:26 | INFO     | OK https://skeb.jp/api/users/RIP_U0x0U
2026-09-24 13:52:26 | INFO     | Saving at a/skeb/RIP_U0x0U-281186.json
2026-09-24 13:52:27 | INFO     | OK https://skeb.jp/api/users/t0_0xin
2026-09-24 13:52:27 | INFO     | Saving at a/skeb/t0_0xin-795de3.json
2026-09-24 13:52:28 | INFO     | OK https://skeb.jp/api/users/hidehideom2
2026-09-24 13:52:28 | INFO     | Saving at a/skeb/hidehideom2-aa2345.json
2026-09-24 13:52:29 | INFO     | OK https://skeb.jp/api/users/nws___155
2026-09-24 13:52:29 | INFO     | Saving at a/skeb/nws___155-ce4eb0.json
2026-09-24 13:52:30 | INFO     | OK https://skeb.jp/api/users/aldarsign_honmono
2026-09-24 13:52:30 | INFO     | Saving at a/skeb/aldarsign_honmono-4cfc16.json
2026-09-24 13:52:31 | INFO     | OK https://skeb.jp/api/users/ogumanemu
2026-09-24 13:52:31 | INFO     | Saving at a/skeb/ogumanemu-c6ac69.json
2026-09-24 13:52:32 | INFO     | OK https://skeb.jp/api/users/nyanpokon
2026-09-24 13:52:32 | INFO     | Saving at a/skeb/nyanpokon-6d2381.json
2026-09-24 13:52:33 | INFO     | OK https://skeb.jp/api/users/mochicollagen
2026-09-24 13:52:33 | INFO     | Saving at a/skeb/mochicollagen-9fa423.json
2026-09-24 13:52:34 | INFO     | OK https://skeb.jp/api/users/fuLLRIM_1001
2026-09-24 13:52:34 | INFO     | Saving at a/skeb/fuLLRIM_1001-cbbbce.json
2026-09-24 13:52:35 | INFO     | OK https://skeb.jp/api/users/miyaki_39
2026-09-24 13:52:35 | INFO     | Saving at a/skeb/miyaki_39-fd5e88.json
2026-09-24 13:52:36 | INFO     | OK https://skeb.jp/api/users/Pipipipickel
2026-09-24 13:52:36 | INFO     | Saving at a/skeb/Pipipipickel-c4be96.json
2026-09-24 13:52:37 | INFO     | OK https://skeb.jp/api/users/yukisakazero0
2026-09-24 13:52:37 | INFO     | Saving at a/skeb/yukisakazero0-772c25.json
2026-09-24 13:52:38 | INFO     | OK https://skeb.jp/api/users/IEI0o_o
2026-09-24 13:52:38 | INFO     | Saving at a/skeb/IEI0o_o-07902b.json
2026-09-24 13:52:39 | INFO     | OK https://skeb.jp/api/users/faroula_twitt
2026-09-24 13:52:39 | INFO     | Saving at a/skeb/faroula_twitt-44e824.json
2026-09-24 13:52:40 | INFO     | OK https://skeb.jp/api/users/_M_0_T_H_
2026-09-24 13:52:40 | INFO     | Saving at a/skeb/_M_0_T_H_-29f631.json
2026-09-24 13:52:41 | INFO     | OK https://skeb.jp/api/users/4626wc
2026-09-24 13:52:41 | INFO     | Saving at a/skeb/4626wc-5ca207.json
2026-09-24 13:52:42 | INFO     | OK https://skeb.jp/api/users/nibiirooo_
2026-09-24 13:52:42 | INFO     | Saving at a/skeb/nibiirooo_-058651.json
2026-09-24 13:52:43 | INFO     | OK https://skeb.jp/api/users/unu__illust
2026-09-24 13:52:43 | INFO     | Saving at a/skeb/unu__illust-7bdd08.json
2026-09-24 13:52:44 | INFO     | OK https://skeb.jp/api/users/NUPO_0708
2026-09-24 13:52:44 | INFO     | Saving at a/skeb/NUPO_0708-c18824.json
2026-09-24 13:52:45 | INFO     | OK https://skeb.jp/api/users/Kibi_Fukase
2026-09-24 13:52:45 | INFO     | Saving at a/skeb/Kibi_Fukase-403465.json
2026-09-24 13:52:46 | INFO     | OK https://skeb.jp/api/users/Chiro_roo
2026-09-24 13:52:46 | INFO     | Saving at a/skeb/Chiro_roo-2b677a.json
2026-09-24 13:52:47 | INFO     | OK https://skeb.jp/api/users/kyururin02
2026-09-24 13:52:47 | INFO     | Saving at a/skeb/kyururin02-2dca20.json
2026-09-24 13:52:48 | INFO     | OK https://skeb.jp/api/users/Saku2sabure
2026-09-24 13:52:48 | INFO     | Saving at a/skeb/Saku2sabure-0a93c9.json
2026-09-24 13:52:49 | INFO     | OK https://skeb.jp/api/users/nsaragu
2026-09-24 13:52:49 | INFO     | Saving at a/skeb/nsaragu-42385a.json
2026-09-24 13:52:50 | INFO     | OK https://skeb.jp/api/users/hsd145
2026-09-24 13:52:50 | INFO     | Saving at a/skeb/hsd145-a245ee.json
2026-09-24 13:52:51 | INFO     | OK https://skeb.jp/api/users/keeeee_12345
2026-09-24 13:52:51 | INFO     | Saving at a/skeb/keeeee_12345-93775c.json
2026-09-24 13:52:52 | INFO     | OK https://skeb.jp/api/users/kesumogames
2026-09-24 13:52:52 | INFO     | Saving at a/skeb/kesumogames-cfe68e.json
2026-09-24 13:52:53 | INFO     | OK https://skeb.jp/api/users/sheila_ship2
2026-09-24 13:52:53 | INFO     | Saving at a/skeb/sheila_ship2-2fef5a.json
2026-09-24 13:52:54 | INFO     | OK https://skeb.jp/api/users/denpawarukunai4
2026-09-24 13:52:54 | INFO     | Saving at a/skeb/denpawarukunai4-0efb7b.json
2026-09-24 13:52:55 | INFO     | OK https://skeb.jp/api/users/sake_to_namida
2026-09-24 13:52:55 | INFO     | Saving at a/skeb/sake_to_namida-450bcb.json
2026-09-24 13:52:56 | INFO     | OK https://skeb.jp/api/users/FiraHaru
2026-09-24 13:52:56 | INFO     | Saving at a/skeb/FiraHaru-8846be.json
2026-09-24 13:52:57 | INFO     | OK https://skeb.jp/api/users/neco_mono96
2026-09-24 13:52:57 | INFO     | Saving at a/skeb/neco_mono96-6c88b2.json
2026-09-24 13:52:58 | INFO     | OK https://skeb.jp/api/users/nyohehe924
2026-09-24 13:52:58 | INFO     | Saving at a/skeb/nyohehe924-8cd390.json
2026-09-24 13:52:59 | INFO     | OK https://skeb.jp/api/users/aogiri_p
2026-09-24 13:52:59 | INFO     | Saving at a/skeb/aogiri_p-869143.json
2026-09-24 13:53:00 | INFO     | OK https://skeb.jp/api/users/610_bk
2026-09-24 13:53:00 | INFO     | Saving at a/skeb/610_bk-754d10.json
2026-09-24 13:53:01 | INFO     | OK https://skeb.jp/api/users/etrpal
2026-09-24 13:53:01 | INFO     | Saving at a/skeb/etrpal-fd6ecd.json
2026-09-24 13:53:02 | INFO     | OK https://skeb.jp/api/users/Motyako__1005
2026-09-24 13:53:02 | INFO     | Saving at a/skeb/Motyako__1005-7e1ed9.json
2026-09-24 13:53:03 | INFO     | OK https://skeb.jp/api/users/k0xyu6
2026-09-24 13:53:03 | INFO     | Saving at a/skeb/k0xyu6-f307af.json
2026-09-24 13:53:04 | INFO     | OK https://skeb.jp/api/users/aa_kabeuchi
2026-09-24 13:53:04 | INFO     | Saving at a/skeb/aa_kabeuchi-e0b284.json
2026-09-24 13:53:05 | INFO     | OK https://skeb.jp/api/users/aaaaate
2026-09-24 13:53:05 | INFO     | Saving at a/skeb/aaaaate-964aec.json
2026-09-24 13:53:06 | INFO     | OK https://skeb.jp/api/users/594Hi
2026-09-24 13:53:06 | INFO     | Saving at a/skeb/594Hi-87dbed.json
2026-09-24 13:53:07 | INFO     | OK https://skeb.jp/api/users/unxmuo
2026-09-24 13:53:07 | INFO     | Saving at a/skeb/unxmuo-c72b1f.json
2026-09-24 13:53:08 | INFO     | OK https://skeb.jp/api/users/amabierakutomini
2026-09-24 13:53:08 | INFO     | Saving at a/skeb/amabierakutomini-cd4b1c.json
2026-09-24 13:53:09 | INFO     | OK https://skeb.jp/api/users/eico0
2026-09-24 13:53:09 | INFO     | Saving at a/skeb/eico0-3fedb6.json
2026-09-24 13:53:10 | INFO     | OK https://skeb.jp/api/users/gv_natsuno
2026-09-24 13:53:10 | INFO     | Saving at a/skeb/gv_natsuno-38e858.json
2026-09-24 13:53:11 | INFO     | OK https://skeb.jp/api/users/milkleopard
2026-09-24 13:53:11 | INFO     | Saving at a/skeb/milkleopard-5efc96.json
2026-09-24 13:53:12 | INFO     | OK https://skeb.jp/api/users/TsunagiLily
2026-09-24 13:53:12 | INFO     | Saving at a/skeb/TsunagiLily-225adc.json
2026-09-24 13:53:13 | INFO     | OK https://skeb.jp/api/users/e_k1ruk4_png
2026-09-24 13:53:13 | INFO     | Saving at a/skeb/e_k1ruk4_png-c4d5a0.json
2026-09-24 13:53:14 | INFO     | OK https://skeb.jp/api/users/kakarichokacho
2026-09-24 13:53:14 | INFO     | Saving at a/skeb/kakarichokacho-d7db00.json
2026-09-24 13:53:15 | INFO     | OK https://skeb.jp/api/users/eiua3085
2026-09-24 13:53:15 | INFO     | Saving at a/skeb/eiua3085-d282d2.json
2026-09-24 13:53:16 | INFO     | OK https://skeb.jp/api/users/Frks_s2
2026-09-24 13:53:16 | INFO     | Saving at a/skeb/Frks_s2-108320.json
2026-09-24 13:53:17 | INFO     | OK https://skeb.jp/api/users/iwainari
2026-09-24 13:53:17 | INFO     | Saving at a/skeb/iwainari-0e5a28.json
2026-09-24 13:53:18 | INFO     | OK https://skeb.jp/api/users/sentakuso
2026-09-24 13:53:18 | INFO     | Saving at a/skeb/sentakuso-41d47f.json
2026-09-24 13:53:19 | INFO     | OK https://skeb.jp/api/users/new_yamagame
2026-09-24 13:53:19 | INFO     | Saving at a/skeb/new_yamagame-b2afaf.json
2026-09-24 13:53:20 | INFO     | OK https://skeb.jp/api/users/inuyama_kensin
2026-09-24 13:53:20 | INFO     | Saving at a/skeb/inuyama_kensin-14076e.json
2026-09-24 13:53:21 | INFO     | OK https://skeb.jp/api/users/gomi8931
2026-09-24 13:53:21 | INFO     | Saving at a/skeb/gomi8931-6f0352.json
2026-09-24 13:53:22 | INFO     | OK https://skeb.jp/api/users/Ni9oome
2026-09-24 13:53:22 | INFO     | Saving at a/skeb/Ni9oome-84c116.json
2026-09-24 13:53:23 | INFO     | OK https://skeb.jp/api/users/heyadokari
2026-09-24 13:53:23 | INFO     | Saving at a/skeb/heyadokari-05bef9.json
2026-09-24 13:53:24 | INFO     | OK https://skeb.jp/api/users/cotatubo
2026-09-24 13:53:24 | INFO     | Saving at a/skeb/cotatubo-9acab8.json
2026-09-24 13:53:25 | INFO     | OK https://skeb.jp/api/users/ingi_r0303
2026-09-24 13:53:25 | INFO     | Saving at a/skeb/ingi_r0303-f656f8.json
2026-09-24 13:53:26 | INFO     | OK https://skeb.jp/api/users/Janome_pine_1
2026-09-24 13:53:26 | INFO     | Saving at a/skeb/Janome_pine_1-a2e8b7.json
2026-09-24 13:53:27 | INFO     | OK https://skeb.jp/api/users/siro00510
2026-09-24 13:53:27 | INFO     | Saving at a/skeb/siro00510-0fc57f.json
2026-09-24 13:53:28 | INFO     | OK https://skeb.jp/api/users/comugisan
2026-09-24 13:53:28 | INFO     | Saving at a/skeb/comugisan-0956f1.json
2026-09-24 13:53:29 | INFO     | OK https://skeb.jp/api/users/vivid_paint
2026-09-24 13:53:29 | INFO     | Saving at a/skeb/vivid_paint-44e7dc.json
2026-09-24 13:53:30 | INFO     | OK https://skeb.jp/api/users/kuranashibon
2026-09-24 13:53:30 | INFO     | Saving at a/skeb/kuranashibon-eef623.json
2026-09-24 13:53:31 | INFO     | OK https://skeb.jp/api/users/makuzira364
2026-09-24 13:53:31 | INFO     | Saving at a/skeb/makuzira364-e3f802.json
2026-09-24 13:53:32 | INFO     | OK https://skeb.jp/api/users/sorairoharuka
2026-09-24 13:53:32 | INFO     | Saving at a/skeb/sorairoharuka-467391.json
2026-09-24 13:53:33 | INFO     | OK https://skeb.jp/api/users/nebusokuma_
2026-09-24 13:53:33 | INFO     | Saving at a/skeb/nebusokuma_-c0d8e8.json
2026-09-24 13:53:34 | INFO     | OK https://skeb.jp/api/users/Msms1912718
2026-09-24 13:53:34 | INFO     | Saving at a/skeb/Msms1912718-dc21ae.json
2026-09-24 13:53:35 | INFO     | OK https://skeb.jp/api/users/_pialqo
2026-09-24 13:53:35 | INFO     | Saving at a/skeb/_pialqo-e087aa.json
2026-09-24 13:53:36 | INFO     | OK https://skeb.jp/api/users/pink15p
2026-09-24 13:53:36 | INFO     | Saving at a/skeb/pink15p-cf6948.json
2026-09-24 13:53:38 | INFO     | OK https://skeb.jp/api/users/Mjn_Ek
2026-09-24 13:53:38 | INFO     | Saving at a/skeb/Mjn_Ek-af8790.json
2026-09-24 13:53:38 | INFO     | OK https://skeb.jp/api/users/nonoka_rin_
2026-09-24 13:53:38 | INFO     | Saving at a/skeb/nonoka_rin_-3691fe.json
2026-09-24 13:53:39 | INFO     | OK https://skeb.jp/api/users/neu_2dai
2026-09-24 13:53:39 | INFO     | Saving at a/skeb/neu_2dai-33c954.json
2026-09-24 13:53:40 | INFO     | OK https://skeb.jp/api/users/goldsatsumu
2026-09-24 13:53:40 | INFO     | Saving at a/skeb/goldsatsumu-0d4370.json
2026-09-24 13:53:41 | INFO     | OK https://skeb.jp/api/users/maxmeat_
2026-09-24 13:53:41 | INFO     | Saving at a/skeb/maxmeat_-9eef55.json
2026-09-24 13:53:42 | INFO     | OK https://skeb.jp/api/users/ao_madousi
2026-09-24 13:53:42 | INFO     | Saving at a/skeb/ao_madousi-109877.json
2026-09-24 13:53:43 | INFO     | OK https://skeb.jp/api/users/neruson_dobyu
2026-09-24 13:53:43 | INFO     | Saving at a/skeb/neruson_dobyu-884124.json
2026-09-24 13:53:44 | INFO     | OK https://skeb.jp/api/users/HaL_HaL_2049
2026-09-24 13:53:44 | INFO     | Saving at a/skeb/HaL_HaL_2049-51d24b.json
2026-09-24 13:53:45 | INFO     | OK https://skeb.jp/api/users/No3_18
2026-09-24 13:53:45 | INFO     | Saving at a/skeb/No3_18-1ed4fa.json
2026-09-24 13:53:46 | INFO     | OK https://skeb.jp/api/users/iorrr
2026-09-24 13:53:46 | INFO     | Saving at a/skeb/iorrr-a2d131.json
2026-09-24 13:53:47 | INFO     | OK https://skeb.jp/api/users/tatata_n3b7
2026-09-24 13:53:47 | INFO     | Saving at a/skeb/tatata_n3b7-59156f.json
2026-09-24 13:53:48 | INFO     | OK https://skeb.jp/api/users/DOECCHI_Moron
2026-09-24 13:53:48 | INFO     | Saving at a/skeb/DOECCHI_Moron-3fd070.json
2026-09-24 13:53:49 | INFO     | OK https://skeb.jp/api/users/sprout_1110
2026-09-24 13:53:49 | INFO     | Saving at a/skeb/sprout_1110-1c57bf.json
2026-09-24 13:53:50 | INFO     | OK https://skeb.jp/api/users/ROHA_KMKS
2026-09-24 13:53:50 | INFO     | Saving at a/skeb/ROHA_KMKS-4b585d.json
2026-09-24 13:53:51 | INFO     | OK https://skeb.jp/api/users/mmmmato_
2026-09-24 13:53:51 | INFO     | Saving at a/skeb/mmmmato_-4cd0a0.json
2026-09-24 13:53:52 | INFO     | OK https://skeb.jp/api/users/jinb9
2026-09-24 13:53:52 | INFO     | Saving at a/skeb/jinb9-d40e1f.json
2026-09-24 13:53:53 | INFO     | OK https://skeb.jp/api/users/tenshinamaguli
2026-09-24 13:53:53 | INFO     | Saving at a/skeb/tenshinamaguli-17968b.json
2026-09-24 13:53:54 | INFO     | OK https://skeb.jp/api/users/kisa_murasame
2026-09-24 13:53:54 | INFO     | Saving at a/skeb/kisa_murasame-fbd99d.json
2026-09-24 13:53:55 | INFO     | OK https://skeb.jp/api/users/ibuki_736
2026-09-24 13:53:55 | INFO     | Saving at a/skeb/ibuki_736-0e9ed3.json
2026-09-24 13:53:56 | INFO     | OK https://skeb.jp/api/users/yudofu33
2026-09-24 13:53:56 | INFO     | Saving at a/skeb/yudofu33-2097f1.json
2026-09-24 13:53:57 | INFO     | OK https://skeb.jp/api/users/akuame3922
2026-09-24 13:53:57 | INFO     | Saving at a/skeb/akuame3922-c5bdf2.json
2026-09-24 13:53:58 | INFO     | OK https://skeb.jp/api/users/AgohigeX
2026-09-24 13:53:58 | INFO     | Saving at a/skeb/AgohigeX-8731ff.json
2026-09-24 13:53:59 | INFO     | OK https://skeb.jp/api/users/yumugu09
2026-09-24 13:53:59 | INFO     | Saving at a/skeb/yumugu09-99a3ec.json
2026-09-24 13:54:00 | INFO     | OK https://skeb.jp/api/users/biruto62637867
2026-09-24 13:54:00 | INFO     | Saving at a/skeb/biruto62637867-00e09e.json
2026-09-24 13:54:01 | INFO     | OK https://skeb.jp/api/users/6WH2Z
2026-09-24 13:54:01 | INFO     | Saving at a/skeb/6WH2Z-87e948.json
2026-09-24 13:54:02 | INFO     | OK https://skeb.jp/api/users/iz_sleep_bubble
2026-09-24 13:54:02 | INFO     | Saving at a/skeb/iz_sleep_bubble-01347d.json
2026-09-24 13:54:03 | INFO     | OK https://skeb.jp/api/users/Unconsc130
2026-09-24 13:54:03 | INFO     | Saving at a/skeb/Unconsc130-f91e08.json
2026-09-24 13:54:04 | INFO     | OK https://skeb.jp/api/users/K0Tu9z7
2026-09-24 13:54:04 | INFO     | Saving at a/skeb/K0Tu9z7-b63d81.json
2026-09-24 13:54:05 | INFO     | OK https://skeb.jp/api/users/yunoji_trpg
2026-09-24 13:54:05 | INFO     | Saving at a/skeb/yunoji_trpg-130d2c.json
2026-09-24 13:54:06 | INFO     | OK https://skeb.jp/api/users/skm3
2026-09-24 13:54:06 | INFO     | Saving at a/skeb/skm3-440679.json
2026-09-24 13:54:07 | INFO     | OK https://skeb.jp/api/users/Do_chnu
2026-09-24 13:54:07 | INFO     | Saving at a/skeb/Do_chnu-b72b75.json
2026-09-24 13:54:08 | INFO     | OK https://skeb.jp/api/users/Midori_annte23
2026-09-24 13:54:08 | INFO     | Saving at a/skeb/Midori_annte23-803999.json
2026-09-24 13:54:09 | INFO     | OK https://skeb.jp/api/users/Akasha
2026-09-24 13:54:09 | INFO     | Saving at a/skeb/Akasha-c7c4a3.json
2026-09-24 13:54:10 | INFO     | OK https://skeb.jp/api/users/hakkei_16
2026-09-24 13:54:10 | INFO     | Saving at a/skeb/hakkei_16-61f9e4.json
2026-09-24 13:54:11 | INFO     | OK https://skeb.jp/api/users/aimo1214
2026-09-24 13:54:11 | INFO     | Saving at a/skeb/aimo1214-e8c7a5.json
2026-09-24 13:54:12 | INFO     | OK https://skeb.jp/api/users/amata_amada08
2026-09-24 13:54:12 | INFO     | Saving at a/skeb/amata_amada08-58ba44.json
2026-09-24 13:54:13 | INFO     | OK https://skeb.jp/api/users/nienndesu
2026-09-24 13:54:13 | INFO     | Saving at a/skeb/nienndesu-cb6fdf.json
2026-09-24 13:54:14 | INFO     | OK https://skeb.jp/api/users/moqyoo00
2026-09-24 13:54:14 | INFO     | Saving at a/skeb/moqyoo00-69c936.json
2026-09-24 13:54:15 | INFO     | OK https://skeb.jp/api/users/kkkaaa4444
2026-09-24 13:54:15 | INFO     | Saving at a/skeb/kkkaaa4444-f462d3.json
2026-09-24 13:54:16 | INFO     | OK https://skeb.jp/api/users/sato8_san
2026-09-24 13:54:16 | INFO     | Saving at a/skeb/sato8_san-e3b8fc.json
2026-09-24 13:54:17 | INFO     | OK https://skeb.jp/api/users/yuenvelvyn
2026-09-24 13:54:17 | INFO     | Saving at a/skeb/yuenvelvyn-151f8d.json
2026-09-24 13:54:18 | INFO     | OK https://skeb.jp/api/users/jYwKVZElUZdTz2i
2026-09-24 13:54:18 | INFO     | Saving at a/skeb/jYwKVZElUZdTz2i-508430.json
2026-09-24 13:54:19 | INFO     | OK https://skeb.jp/api/users/castro__503
2026-09-24 13:54:19 | INFO     | Saving at a/skeb/castro__503-7f4646.json
2026-09-24 13:54:20 | INFO     | OK https://skeb.jp/api/users/Buriburiri2
2026-09-24 13:54:20 | INFO     | Saving at a/skeb/Buriburiri2-4ca126.json
2026-09-24 13:54:21 | INFO     | OK https://skeb.jp/api/users/meiyuri0405
2026-09-24 13:54:21 | INFO     | Saving at a/skeb/meiyuri0405-456883.json
2026-09-24 13:54:22 | INFO     | OK https://skeb.jp/api/users/zz_nemu_ii
2026-09-24 13:54:22 | INFO     | Saving at a/skeb/zz_nemu_ii-fed58d.json
2026-09-24 13:54:23 | INFO     | OK https://skeb.jp/api/users/NecoroTanuki
2026-09-24 13:54:23 | INFO     | Saving at a/skeb/NecoroTanuki-23f45e.json
2026-09-24 13:54:24 | INFO     | OK https://skeb.jp/api/users/edo_mond
2026-09-24 13:54:24 | INFO     | Saving at a/skeb/edo_mond-07aebf.json
2026-09-24 13:54:25 | INFO     | OK https://skeb.jp/api/users/koinago_38
2026-09-24 13:54:25 | INFO     | Saving at a/skeb/koinago_38-0ff775.json
2026-09-24 13:54:26 | INFO     | OK https://skeb.jp/api/users/Balsamic
2026-09-24 13:54:26 | INFO     | Saving at a/skeb/Balsamic-d37441.json
2026-09-24 13:54:27 | INFO     | OK https://skeb.jp/api/users/sr_9_d
2026-09-24 13:54:27 | INFO     | Saving at a/skeb/sr_9_d-0961ee.json
2026-09-24 13:54:28 | INFO     | OK https://skeb.jp/api/users/Nem_0510
2026-09-24 13:54:28 | INFO     | Saving at a/skeb/Nem_0510-86da72.json
2026-09-24 13:54:29 | INFO     | OK https://skeb.jp/api/users/SaradUdon
2026-09-24 13:54:29 | INFO     | Saving at a/skeb/SaradUdon-16a753.json
2026-09-24 13:54:30 | INFO     | OK https://skeb.jp/api/users/kituneto_suzu
2026-09-24 13:54:30 | INFO     | Saving at a/skeb/kituneto_suzu-b266f5.json
2026-09-24 13:54:31 | INFO     | OK https://skeb.jp/api/users/OXYDOLL_0
2026-09-24 13:54:31 | INFO     | Saving at a/skeb/OXYDOLL_0-5a551c.json
2026-09-24 13:54:32 | INFO     | OK https://skeb.jp/api/users/Esc24C
2026-09-24 13:54:32 | INFO     | Saving at a/skeb/Esc24C-3d837e.json
2026-09-24 13:54:33 | INFO     | OK https://skeb.jp/api/users/yasuyasu_92
2026-09-24 13:54:33 | INFO     | Saving at a/skeb/yasuyasu_92-255d72.json
2026-09-24 13:54:34 | INFO     | OK https://skeb.jp/api/users/Yako_mimimi
2026-09-24 13:54:34 | INFO     | Saving at a/skeb/Yako_mimimi-60900d.json
2026-09-24 13:54:35 | INFO     | OK https://skeb.jp/api/users/rt6k_
2026-09-24 13:54:35 | INFO     | Saving at a/skeb/rt6k_-3331d6.json
2026-09-24 13:54:36 | INFO     | OK https://skeb.jp/api/users/tsuminobeyo
2026-09-24 13:54:36 | INFO     | Saving at a/skeb/tsuminobeyo-5064ad.json
2026-09-24 13:54:37 | INFO     | OK https://skeb.jp/api/users/suzumi_dog
2026-09-24 13:54:37 | INFO     | Saving at a/skeb/suzumi_dog-2b7d02.json
2026-09-24 13:54:38 | INFO     | OK https://skeb.jp/api/users/chiasmax
2026-09-24 13:54:38 | INFO     | Saving at a/skeb/chiasmax-996ff8.json
2026-09-24 13:54:39 | INFO     | OK https://skeb.jp/api/users/downfallwinter
2026-09-24 13:54:39 | INFO     | Saving at a/skeb/downfallwinter-6e87b5.json
2026-09-24 13:54:40 | INFO     | OK https://skeb.jp/api/users/ASUK4_illust
2026-09-24 13:54:40 | INFO     | Saving at a/skeb/ASUK4_illust-d22da8.json
2026-09-24 13:54:41 | INFO     | OK https://skeb.jp/api/users/c2u3r
2026-09-24 13:54:41 | INFO     | Saving at a/skeb/c2u3r-170baf.json
2026-09-24 13:54:42 | INFO     | OK https://skeb.jp/api/users/piyopiyo_don
2026-09-24 13:54:42 | INFO     | Saving at a/skeb/piyopiyo_don-317978.json
2026-09-24 13:54:43 | INFO     | OK https://skeb.jp/api/users/sato_terumasa
2026-09-24 13:54:43 | INFO     | Saving at a/skeb/sato_terumasa-1a5a70.json
2026-09-24 13:54:44 | INFO     | OK https://skeb.jp/api/users/oha_gi_s
2026-09-24 13:54:44 | INFO     | Saving at a/skeb/oha_gi_s-bbcf13.json
2026-09-24 13:54:45 | INFO     | OK https://skeb.jp/api/users/irodori_drawpic
2026-09-24 13:54:45 | INFO     | Saving at a/skeb/irodori_drawpic-536b12.json
2026-09-24 13:54:46 | INFO     | OK https://skeb.jp/api/users/moniko913
2026-09-24 13:54:46 | INFO     | Saving at a/skeb/moniko913-98d6fc.json
2026-09-24 13:54:47 | INFO     | OK https://skeb.jp/api/users/hiyasi_tyaya39
2026-09-24 13:54:47 | INFO     | Saving at a/skeb/hiyasi_tyaya39-621b3d.json
2026-09-24 13:54:48 | INFO     | OK https://skeb.jp/api/users/Oria_Suka
2026-09-24 13:54:48 | INFO     | Saving at a/skeb/Oria_Suka-8536bf.json
2026-09-24 13:54:49 | INFO     | OK https://skeb.jp/api/users/KR03443
2026-09-24 13:54:49 | INFO     | Saving at a/skeb/KR03443-dda43f.json
2026-09-24 13:54:50 | INFO     | OK https://skeb.jp/api/users/ganmo123456789
2026-09-24 13:54:50 | INFO     | Saving at a/skeb/ganmo123456789-2379fe.json
2026-09-24 13:54:51 | INFO     | OK https://skeb.jp/api/users/sutunununu
2026-09-24 13:54:51 | INFO     | Saving at a/skeb/sutunununu-e452eb.json
2026-09-24 13:54:52 | INFO     | OK https://skeb.jp/api/users/hocorichanxx
2026-09-24 13:54:52 | INFO     | Saving at a/skeb/hocorichanxx-f8b1ad.json
2026-09-24 13:54:53 | INFO     | OK https://skeb.jp/api/users/iesuke
2026-09-24 13:54:53 | INFO     | Saving at a/skeb/iesuke-c15676.json
2026-09-24 13:54:54 | INFO     | OK https://skeb.jp/api/users/mizunohana_sat
2026-09-24 13:54:54 | INFO     | Saving at a/skeb/mizunohana_sat-eb927c.json
2026-09-24 13:54:55 | INFO     | OK https://skeb.jp/api/users/humotaru
2026-09-24 13:54:55 | INFO     | Saving at a/skeb/humotaru-efaf36.json
2026-09-24 13:54:56 | INFO     | OK https://skeb.jp/api/users/leoON2214
2026-09-24 13:54:56 | INFO     | Saving at a/skeb/leoON2214-2c2c55.json
2026-09-24 13:54:57 | INFO     | OK https://skeb.jp/api/users/uruchi_mania
2026-09-24 13:54:57 | INFO     | Saving at a/skeb/uruchi_mania-663a97.json
2026-09-24 13:54:58 | INFO     | OK https://skeb.jp/api/users/ZhOhok
2026-09-24 13:54:58 | INFO     | Saving at a/skeb/ZhOhok-6bafa8.json
2026-09-24 13:54:59 | INFO     | OK https://skeb.jp/api/users/RenfaKoihime
2026-09-24 13:54:59 | INFO     | Saving at a/skeb/RenfaKoihime-dd7d90.json
2026-09-24 13:55:00 | INFO     | OK https://skeb.jp/api/users/memitikuy
2026-09-24 13:55:00 | INFO     | Saving at a/skeb/memitikuy-2f835f.json
2026-09-24 13:55:01 | INFO     | OK https://skeb.jp/api/users/Avddvx
2026-09-24 13:55:01 | INFO     | Saving at a/skeb/Avddvx-f41a10.json
2026-09-24 13:55:02 | INFO     | OK https://skeb.jp/api/users/rinrinappleple
2026-09-24 13:55:02 | INFO     | Saving at a/skeb/rinrinappleple-5edb52.json
2026-09-24 13:55:03 | INFO     | OK https://skeb.jp/api/users/prmhm2
2026-09-24 13:55:03 | INFO     | Saving at a/skeb/prmhm2-3799f2.json
2026-09-24 13:55:04 | INFO     | OK https://skeb.jp/api/users/arisu_kazumi
2026-09-24 13:55:04 | INFO     | Saving at a/skeb/arisu_kazumi-5dc4d9.json
2026-09-24 13:55:05 | INFO     | OK https://skeb.jp/api/users/yuanei
2026-09-24 13:55:05 | INFO     | Saving at a/skeb/yuanei-c385ab.json
2026-09-24 13:55:06 | INFO     | OK https://skeb.jp/api/users/pillke50
2026-09-24 13:55:06 | INFO     | Saving at a/skeb/pillke50-afc65c.json
2026-09-24 13:55:07 | INFO     | OK https://skeb.jp/api/users/luvit_kiss
2026-09-24 13:55:07 | INFO     | Saving at a/skeb/luvit_kiss-3ea58d.json
2026-09-24 13:55:08 | INFO     | OK https://skeb.jp/api/users/y_atenaba
2026-09-24 13:55:08 | INFO     | Saving at a/skeb/y_atenaba-ae4bcc.json
2026-09-24 13:55:09 | INFO     | OK https://skeb.jp/api/users/furuyo_
2026-09-24 13:55:09 | INFO     | Saving at a/skeb/furuyo_-a53a2f.json
2026-09-24 13:55:10 | INFO     | OK https://skeb.jp/api/users/nekokan_eaters
2026-09-24 13:55:10 | INFO     | Saving at a/skeb/nekokan_eaters-202b60.json
2026-09-24 13:55:11 | INFO     | OK https://skeb.jp/api/users/renzaburo0771
2026-09-24 13:55:11 | INFO     | Saving at a/skeb/renzaburo0771-f194ed.json
2026-09-24 13:55:13 | INFO     | OK https://skeb.jp/api/users/KennyMuseum
2026-09-24 13:55:13 | INFO     | Saving at a/skeb/KennyMuseum-46c11d.json
2026-09-24 13:55:13 | INFO     | OK https://skeb.jp/api/users/mutumijoruri
2026-09-24 13:55:13 | INFO     | Saving at a/skeb/mutumijoruri-95899c.json
2026-09-24 13:55:14 | INFO     | OK https://skeb.jp/api/users/zoshe099
2026-09-24 13:55:14 | INFO     | Saving at a/skeb/zoshe099-7dd33a.json
2026-09-24 13:55:15 | INFO     | OK https://skeb.jp/api/users/Felicie_FF14
2026-09-24 13:55:15 | INFO     | Saving at a/skeb/Felicie_FF14-ed5b52.json
2026-09-24 13:55:16 | INFO     | OK https://skeb.jp/api/users/Myo_005
2026-09-24 13:55:16 | INFO     | Saving at a/skeb/Myo_005-666039.json
2026-09-24 13:55:17 | INFO     | OK https://skeb.jp/api/users/usaebibi
2026-09-24 13:55:17 | INFO     | Saving at a/skeb/usaebibi-1ebc9f.json
2026-09-24 13:55:18 | INFO     | OK https://skeb.jp/api/users/SakuraIbuki
2026-09-24 13:55:18 | INFO     | Saving at a/skeb/SakuraIbuki-e20669.json
2026-09-24 13:55:19 | INFO     | OK https://skeb.jp/api/users/_fuwanwan
2026-09-24 13:55:19 | INFO     | Saving at a/skeb/_fuwanwan-0d085a.json
2026-09-24 13:55:20 | INFO     | OK https://skeb.jp/api/users/Yayo_re
2026-09-24 13:55:20 | INFO     | Saving at a/skeb/Yayo_re-047d27.json
2026-09-24 13:55:21 | INFO     | OK https://skeb.jp/api/users/kokonoe910
2026-09-24 13:55:21 | INFO     | Saving at a/skeb/kokonoe910-a73653.json
2026-09-24 13:55:22 | INFO     | OK https://skeb.jp/api/users/hatobe1165
2026-09-24 13:55:22 | INFO     | Saving at a/skeb/hatobe1165-8eb400.json
2026-09-24 13:55:23 | INFO     | OK https://skeb.jp/api/users/bon_feather
2026-09-24 13:55:23 | INFO     | Saving at a/skeb/bon_feather-284926.json
2026-09-24 13:55:24 | INFO     | OK https://skeb.jp/api/users/yu__o015
2026-09-24 13:55:24 | INFO     | Saving at a/skeb/yu__o015-6ad26d.json
2026-09-24 13:55:25 | INFO     | OK https://skeb.jp/api/users/enokorogusa64
2026-09-24 13:55:25 | INFO     | Saving at a/skeb/enokorogusa64-bc4752.json
2026-09-24 13:55:26 | INFO     | OK https://skeb.jp/api/users/3nmma0302
2026-09-24 13:55:26 | INFO     | Saving at a/skeb/3nmma0302-18b73c.json
2026-09-24 13:55:27 | INFO     | OK https://skeb.jp/api/users/gupmihoniumu
2026-09-24 13:55:27 | INFO     | Saving at a/skeb/gupmihoniumu-58b413.json
2026-09-24 13:55:28 | INFO     | OK https://skeb.jp/api/users/ui____3510
2026-09-24 13:55:28 | INFO     | Saving at a/skeb/ui____3510-892404.json
2026-09-24 13:55:29 | INFO     | OK https://skeb.jp/api/users/ameinuni
2026-09-24 13:55:29 | INFO     | Saving at a/skeb/ameinuni-a4c986.json
2026-09-24 13:55:30 | INFO     | OK https://skeb.jp/api/users/Tel0915
2026-09-24 13:55:30 | INFO     | Saving at a/skeb/Tel0915-244989.json
2026-09-24 13:55:31 | INFO     | OK https://skeb.jp/api/users/echiki_Y
2026-09-24 13:55:31 | INFO     | Saving at a/skeb/echiki_Y-6985d5.json
2026-09-24 13:55:32 | INFO     | OK https://skeb.jp/api/users/yowati_
2026-09-24 13:55:32 | INFO     | Saving at a/skeb/yowati_-c6e911.json
2026-09-24 13:55:33 | INFO     | OK https://skeb.jp/api/users/tunral
2026-09-24 13:55:33 | INFO     | Saving at a/skeb/tunral-ff943a.json
2026-09-24 13:55:34 | INFO     | OK https://skeb.jp/api/users/am_ske
2026-09-24 13:55:34 | INFO     | Saving at a/skeb/am_ske-a1e5b4.json
2026-09-24 13:55:35 | INFO     | OK https://skeb.jp/api/users/inkopico
2026-09-24 13:55:35 | INFO     | Saving at a/skeb/inkopico-3d7730.json
2026-09-24 13:55:36 | INFO     | OK https://skeb.jp/api/users/game_pklk
2026-09-24 13:55:36 | INFO     | Saving at a/skeb/game_pklk-6e3966.json
2026-09-24 13:55:37 | INFO     | OK https://skeb.jp/api/users/mimimitenten3
2026-09-24 13:55:37 | INFO     | Saving at a/skeb/mimimitenten3-747768.json
2026-09-24 13:55:38 | INFO     | OK https://skeb.jp/api/users/mokarooru_chibi
2026-09-24 13:55:38 | INFO     | Saving at a/skeb/mokarooru_chibi-bd8e08.json
2026-09-24 13:55:39 | INFO     | OK https://skeb.jp/api/users/hshk3939
2026-09-24 13:55:39 | INFO     | Saving at a/skeb/hshk3939-ea0930.json
2026-09-24 13:55:40 | INFO     | OK https://skeb.jp/api/users/MW___
2026-09-24 13:55:40 | INFO     | Saving at a/skeb/MW___-786264.json
2026-09-24 13:55:41 | INFO     | OK https://skeb.jp/api/users/shikkui_kenta
2026-09-24 13:55:41 | INFO     | Saving at a/skeb/shikkui_kenta-0743be.json
2026-09-24 13:55:42 | INFO     | OK https://skeb.jp/api/users/pkchist
2026-09-24 13:55:42 | INFO     | Saving at a/skeb/pkchist-d0ab0c.json
2026-09-24 13:55:43 | INFO     | OK https://skeb.jp/api/users/erobakka01
2026-09-24 13:55:43 | INFO     | Saving at a/skeb/erobakka01-719da1.json
2026-09-24 13:55:44 | INFO     | OK https://skeb.jp/api/users/Tomo_Eokaiteru
2026-09-24 13:55:44 | INFO     | Saving at a/skeb/Tomo_Eokaiteru-d93270.json
2026-09-24 13:55:45 | INFO     | OK https://skeb.jp/api/users/rororoU_48
2026-09-24 13:55:45 | INFO     | Saving at a/skeb/rororoU_48-1fa6a5.json
2026-09-24 13:55:46 | INFO     | OK https://skeb.jp/api/users/ASIATO_3
2026-09-24 13:55:46 | INFO     | Saving at a/skeb/ASIATO_3-e6e5c8.json
2026-09-24 13:55:47 | INFO     | OK https://skeb.jp/api/users/maruji_marumaru
2026-09-24 13:55:47 | INFO     | Saving at a/skeb/maruji_marumaru-d8c470.json
2026-09-24 13:55:48 | INFO     | OK https://skeb.jp/api/users/sameno_suke
2026-09-24 13:55:48 | INFO     | Saving at a/skeb/sameno_suke-b74b46.json
2026-09-24 13:55:49 | INFO     | OK https://skeb.jp/api/users/TRPGNAMAKOISO
2026-09-24 13:55:49 | INFO     | Saving at a/skeb/TRPGNAMAKOISO-b33395.json
2026-09-24 13:55:50 | INFO     | OK https://skeb.jp/api/users/Chilfa_112
2026-09-24 13:55:50 | INFO     | Saving at a/skeb/Chilfa_112-0ea692.json
2026-09-24 13:55:51 | INFO     | OK https://skeb.jp/api/users/rakugakifuyu
2026-09-24 13:55:51 | INFO     | Saving at a/skeb/rakugakifuyu-ee3adc.json
2026-09-24 13:55:52 | INFO     | OK https://skeb.jp/api/users/nemumu_tensi_
2026-09-24 13:55:52 | INFO     | Saving at a/skeb/nemumu_tensi_-1e7da2.json
2026-09-24 13:55:53 | INFO     | OK https://skeb.jp/api/users/dos_dos121
2026-09-24 13:55:53 | INFO     | Saving at a/skeb/dos_dos121-239c4d.json
2026-09-24 13:55:54 | INFO     | OK https://skeb.jp/api/users/gari_mayo
2026-09-24 13:55:54 | INFO     | Saving at a/skeb/gari_mayo-32c3ae.json
2026-09-24 13:55:55 | INFO     | OK https://skeb.jp/api/users/sorane_kekekemo
2026-09-24 13:55:55 | INFO     | Saving at a/skeb/sorane_kekekemo-541115.json
2026-09-24 13:55:56 | INFO     | OK https://skeb.jp/api/users/hivikky_822
2026-09-24 13:55:56 | INFO     | Saving at a/skeb/hivikky_822-92c2de.json
2026-09-24 13:55:57 | INFO     | OK https://skeb.jp/api/users/Junkasumi_G110
2026-09-24 13:55:57 | INFO     | Saving at a/skeb/Junkasumi_G110-77b7fb.json
2026-09-24 13:55:58 | INFO     | OK https://skeb.jp/api/users/12beat13
2026-09-24 13:55:58 | INFO     | Saving at a/skeb/12beat13-852a5b.json
2026-09-24 13:55:59 | INFO     | OK https://skeb.jp/api/users/wassyoihohohoi
2026-09-24 13:55:59 | INFO     | Saving at a/skeb/wassyoihohohoi-696aab.json
2026-09-24 13:56:00 | INFO     | OK https://skeb.jp/api/users/Shurenger92
2026-09-24 13:56:00 | INFO     | Saving at a/skeb/Shurenger92-564521.json
2026-09-24 13:56:01 | INFO     | OK https://skeb.jp/api/users/3saku_39
2026-09-24 13:56:01 | INFO     | Saving at a/skeb/3saku_39-91513e.json
2026-09-24 13:56:02 | INFO     | OK https://skeb.jp/api/users/kwhr_a
2026-09-24 13:56:02 | INFO     | Saving at a/skeb/kwhr_a-18e4c9.json
2026-09-24 13:56:03 | INFO     | OK https://skeb.jp/api/users/ueno020508
2026-09-24 13:56:03 | INFO     | Saving at a/skeb/ueno020508-9f9fcd.json
2026-09-24 13:56:04 | INFO     | OK https://skeb.jp/api/users/minillkoya
2026-09-24 13:56:04 | INFO     | Saving at a/skeb/minillkoya-08426f.json
2026-09-24 13:56:05 | INFO     | OK https://skeb.jp/api/users/myocosub
2026-09-24 13:56:05 | INFO     | Saving at a/skeb/myocosub-3fac5c.json
2026-09-24 13:56:06 | INFO     | OK https://skeb.jp/api/users/Mia01249
2026-09-24 13:56:06 | INFO     | Saving at a/skeb/Mia01249-3edc26.json
2026-09-24 13:56:07 | INFO     | OK https://skeb.jp/api/users/nu__3739
2026-09-24 13:56:07 | INFO     | Saving at a/skeb/nu__3739-f03028.json
2026-09-24 13:56:08 | INFO     | OK https://skeb.jp/api/users/_lrrirrl_
2026-09-24 13:56:08 | INFO     | Saving at a/skeb/_lrrirrl_-911894.json
2026-09-24 13:56:09 | INFO     | OK https://skeb.jp/api/users/kurokuroku
2026-09-24 13:56:09 | INFO     | Saving at a/skeb/kurokuroku-f0f225.json
2026-09-24 13:56:10 | INFO     | OK https://skeb.jp/api/users/taruto_um17
2026-09-24 13:56:10 | INFO     | Saving at a/skeb/taruto_um17-28ea4c.json
2026-09-24 13:56:11 | INFO     | OK https://skeb.jp/api/users/yoko_yh129
2026-09-24 13:56:11 | INFO     | Saving at a/skeb/yoko_yh129-5bff79.json
2026-09-24 13:56:12 | INFO     | OK https://skeb.jp/api/users/6sw47
2026-09-24 13:56:12 | INFO     | Saving at a/skeb/6sw47-2b86af.json
2026-09-24 13:56:13 | INFO     | OK https://skeb.jp/api/users/hiyasaka001
2026-09-24 13:56:13 | INFO     | Saving at a/skeb/hiyasaka001-bae595.json
2026-09-24 13:56:14 | INFO     | OK https://skeb.jp/api/users/amuti_qxo
2026-09-24 13:56:14 | INFO     | Saving at a/skeb/amuti_qxo-989166.json
2026-09-24 13:56:15 | INFO     | OK https://skeb.jp/api/users/4949_onisan
2026-09-24 13:56:15 | INFO     | Saving at a/skeb/4949_onisan-cabdba.json
2026-09-24 13:56:16 | INFO     | OK https://skeb.jp/api/users/misohiro
2026-09-24 13:56:16 | INFO     | Saving at a/skeb/misohiro-3c4228.json
2026-09-24 13:56:17 | INFO     | OK https://skeb.jp/api/users/unbtl
2026-09-24 13:56:17 | INFO     | Saving at a/skeb/unbtl-95260b.json
2026-09-24 13:56:18 | INFO     | OK https://skeb.jp/api/users/akamaru_0520
2026-09-24 13:56:18 | INFO     | Saving at a/skeb/akamaru_0520-db6b62.json
2026-09-24 13:56:19 | INFO     | OK https://skeb.jp/api/users/Neriameneri
2026-09-24 13:56:19 | INFO     | Saving at a/skeb/Neriameneri-f1f26d.json
2026-09-24 13:56:20 | INFO     | OK https://skeb.jp/api/users/zimetu__
2026-09-24 13:56:20 | INFO     | Saving at a/skeb/zimetu__-63acdb.json
2026-09-24 13:56:21 | INFO     | OK https://skeb.jp/api/users/mofumofu_nyaro
2026-09-24 13:56:21 | INFO     | Saving at a/skeb/mofumofu_nyaro-09e069.json
2026-09-24 13:56:22 | INFO     | OK https://skeb.jp/api/users/Rafoll_Siegwurm
2026-09-24 13:56:22 | INFO     | Saving at a/skeb/Rafoll_Siegwurm-cdd3c7.json
2026-09-24 13:56:23 | INFO     | OK https://skeb.jp/api/users/kukimaru666
2026-09-24 13:56:23 | INFO     | Saving at a/skeb/kukimaru666-13086b.json
2026-09-24 13:56:24 | INFO     | OK https://skeb.jp/api/users/toudou_cocoro
2026-09-24 13:56:24 | INFO     | Saving at a/skeb/toudou_cocoro-a337b0.json
2026-09-24 13:56:25 | INFO     | OK https://skeb.jp/api/users/uohw9
2026-09-24 13:56:25 | INFO     | Saving at a/skeb/uohw9-c9518a.json
2026-09-24 13:56:26 | INFO     | OK https://skeb.jp/api/users/muro_sya
2026-09-24 13:56:26 | INFO     | Saving at a/skeb/muro_sya-b09fa9.json
2026-09-24 13:56:28 | INFO     | OK https://skeb.jp/api/users/buriburiunchipa
2026-09-24 13:56:28 | INFO     | Saving at a/skeb/buriburiunchipa-eff3d4.json
2026-09-24 13:56:28 | INFO     | OK https://skeb.jp/api/users/taidazigoku
2026-09-24 13:56:28 | INFO     | Saving at a/skeb/taidazigoku-993dd5.json
2026-09-24 13:56:29 | INFO     | OK https://skeb.jp/api/users/hazime_1po
2026-09-24 13:56:29 | INFO     | Saving at a/skeb/hazime_1po-0bbc09.json
2026-09-24 13:56:30 | INFO     | OK https://skeb.jp/api/users/mo_nono_ke
2026-09-24 13:56:30 | INFO     | Saving at a/skeb/mo_nono_ke-23e37e.json
2026-09-24 13:56:31 | INFO     | OK https://skeb.jp/api/users/1N4B4
2026-09-24 13:56:31 | INFO     | Saving at a/skeb/1N4B4-312473.json
2026-09-24 13:56:32 | INFO     | OK https://skeb.jp/api/users/namaakl
2026-09-24 13:56:32 | INFO     | Saving at a/skeb/namaakl-13426a.json
2026-09-24 13:56:33 | INFO     | OK https://skeb.jp/api/users/Your_96m2
2026-09-24 13:56:33 | INFO     | Saving at a/skeb/Your_96m2-038395.json
2026-09-24 13:56:34 | INFO     | OK https://skeb.jp/api/users/ShiragikuGayu
2026-09-24 13:56:34 | INFO     | Saving at a/skeb/ShiragikuGayu-f77f80.json
2026-09-24 13:56:35 | INFO     | OK https://skeb.jp/api/users/koyama_nanami
2026-09-24 13:56:35 | INFO     | Saving at a/skeb/koyama_nanami-0bea08.json
2026-09-24 13:56:36 | INFO     | OK https://skeb.jp/api/users/chigigigi327
2026-09-24 13:56:36 | INFO     | Saving at a/skeb/chigigigi327-b90611.json
2026-09-24 13:56:37 | INFO     | OK https://skeb.jp/api/users/qlml
2026-09-24 13:56:37 | INFO     | Saving at a/skeb/qlml-3e3135.json
2026-09-24 13:56:38 | INFO     | OK https://skeb.jp/api/users/5ADzJ4Rhu377446
2026-09-24 13:56:38 | INFO     | Saving at a/skeb/5ADzJ4Rhu377446-535849.json
2026-09-24 13:56:39 | INFO     | OK https://skeb.jp/api/users/foN_r18
2026-09-24 13:56:39 | INFO     | Saving at a/skeb/foN_r18-98d2c8.json
2026-09-24 13:56:41 | INFO     | OK https://skeb.jp/api/users/Sconing
2026-09-24 13:56:41 | INFO     | Saving at a/skeb/Sconing-b8e5e0.json
2026-09-24 13:56:41 | INFO     | OK https://skeb.jp/api/users/sha_oh
2026-09-24 13:56:41 | INFO     | Saving at a/skeb/sha_oh-2e7d62.json
2026-09-24 13:56:42 | INFO     | OK https://skeb.jp/api/users/LAIN_LOPU_123
2026-09-24 13:56:42 | INFO     | Saving at a/skeb/LAIN_LOPU_123-cece05.json
2026-09-24 13:56:43 | INFO     | OK https://skeb.jp/api/users/1towokashi
2026-09-24 13:56:43 | INFO     | Saving at a/skeb/1towokashi-ad0bad.json
2026-09-24 13:56:44 | INFO     | OK https://skeb.jp/api/users/micchi_o_
2026-09-24 13:56:44 | INFO     | Saving at a/skeb/micchi_o_-55711d.json
2026-09-24 13:56:45 | INFO     | OK https://skeb.jp/api/users/pien_piccon
2026-09-24 13:56:45 | INFO     | Saving at a/skeb/pien_piccon-3f0ea6.json
2026-09-24 13:56:46 | INFO     | OK https://skeb.jp/api/users/Hayato7M22
2026-09-24 13:56:46 | INFO     | Saving at a/skeb/Hayato7M22-b9092f.json
2026-09-24 13:56:47 | INFO     | OK https://skeb.jp/api/users/illust_tuyuko
2026-09-24 13:56:47 | INFO     | Saving at a/skeb/illust_tuyuko-30f12d.json
2026-09-24 13:56:48 | INFO     | OK https://skeb.jp/api/users/tian_zhu2357
2026-09-24 13:56:48 | INFO     | Saving at a/skeb/tian_zhu2357-43ee56.json
2026-09-24 13:56:49 | INFO     | OK https://skeb.jp/api/users/ayamachi3284
2026-09-24 13:56:49 | INFO     | Saving at a/skeb/ayamachi3284-32462d.json
2026-09-24 13:56:50 | INFO     | OK https://skeb.jp/api/users/Fuyu_2320
2026-09-24 13:56:50 | INFO     | Saving at a/skeb/Fuyu_2320-d6e709.json
2026-09-24 13:56:51 | INFO     | OK https://skeb.jp/api/users/Foulo_paints
2026-09-24 13:56:51 | INFO     | Saving at a/skeb/Foulo_paints-cb267f.json
2026-09-24 13:56:52 | INFO     | OK https://skeb.jp/api/users/o90775627
2026-09-24 13:56:52 | INFO     | Saving at a/skeb/o90775627-7ccd6f.json
2026-09-24 13:56:54 | INFO     | OK https://skeb.jp/api/users/maomaomaou3
2026-09-24 13:56:54 | INFO     | Saving at a/skeb/maomaomaou3-d7cb7b.json
2026-09-24 13:56:54 | INFO     | OK https://skeb.jp/api/users/EV_shiro
2026-09-24 13:56:54 | INFO     | Saving at a/skeb/EV_shiro-e948cd.json
2026-09-24 13:56:55 | INFO     | OK https://skeb.jp/api/users/nrnrnroooo
2026-09-24 13:56:55 | INFO     | Saving at a/skeb/nrnrnroooo-e62286.json
2026-09-24 13:56:57 | INFO     | OK https://skeb.jp/api/users/Sini_user
2026-09-24 13:56:57 | INFO     | Saving at a/skeb/Sini_user-3724ed.json
2026-09-24 13:56:57 | INFO     | OK https://skeb.jp/api/users/gagaga_human
2026-09-24 13:56:57 | INFO     | Saving at a/skeb/gagaga_human-6f357c.json
2026-09-24 13:56:58 | INFO     | OK https://skeb.jp/api/users/a042_5
2026-09-24 13:56:58 | INFO     | Saving at a/skeb/a042_5-27a912.json
2026-09-24 13:56:59 | INFO     | OK https://skeb.jp/api/users/YURIKOHANLOVE
2026-09-24 13:56:59 | INFO     | Saving at a/skeb/YURIKOHANLOVE-475f3e.json
2026-09-24 13:57:00 | INFO     | OK https://skeb.jp/api/users/minakamin90
2026-09-24 13:57:00 | INFO     | Saving at a/skeb/minakamin90-68c558.json
2026-09-24 13:57:01 | INFO     | OK https://skeb.jp/api/users/terentiran
2026-09-24 13:57:01 | INFO     | Saving at a/skeb/terentiran-8e71ab.json
2026-09-24 13:57:02 | INFO     | OK https://skeb.jp/api/users/x_CHIKA_xx
2026-09-24 13:57:02 | INFO     | Saving at a/skeb/x_CHIKA_xx-4d9daa.json
2026-09-24 13:57:03 | INFO     | OK https://skeb.jp/api/users/Ok2Yh
2026-09-24 13:57:03 | INFO     | Saving at a/skeb/Ok2Yh-6aadcd.json
2026-09-24 13:57:04 | INFO     | OK https://skeb.jp/api/users/Inarioishii_
2026-09-24 13:57:04 | INFO     | Saving at a/skeb/Inarioishii_-84bc2b.json
2026-09-24 13:57:05 | INFO     | OK https://skeb.jp/api/users/wanohikamemo2
2026-09-24 13:57:05 | INFO     | Saving at a/skeb/wanohikamemo2-19cb23.json
2026-09-24 13:57:06 | INFO     | OK https://skeb.jp/api/users/rinrin_doujin
2026-09-24 13:57:06 | INFO     | Saving at a/skeb/rinrin_doujin-9b797f.json
2026-09-24 13:57:07 | INFO     | OK https://skeb.jp/api/users/2k_otl
2026-09-24 13:57:07 | INFO     | Saving at a/skeb/2k_otl-92ba4f.json
2026-09-24 13:57:08 | INFO     | OK https://skeb.jp/api/users/watanuki1223
2026-09-24 13:57:08 | INFO     | Saving at a/skeb/watanuki1223-2bd9ea.json
2026-09-24 13:57:09 | INFO     | OK https://skeb.jp/api/users/hhata467
2026-09-24 13:57:09 | INFO     | Saving at a/skeb/hhata467-ecb453.json
2026-09-24 13:57:10 | INFO     | OK https://skeb.jp/api/users/zatuni_oekaki09
2026-09-24 13:57:10 | INFO     | Saving at a/skeb/zatuni_oekaki09-f9addd.json
2026-09-24 13:57:11 | INFO     | OK https://skeb.jp/api/users/minatose__Sk
2026-09-24 13:57:11 | INFO     | Saving at a/skeb/minatose__Sk-14d049.json
2026-09-24 13:57:12 | INFO     | OK https://skeb.jp/api/users/ichikiro_trpg
2026-09-24 13:57:12 | INFO     | Saving at a/skeb/ichikiro_trpg-642833.json
2026-09-24 13:57:13 | INFO     | OK https://skeb.jp/api/users/pe_1116
2026-09-24 13:57:13 | INFO     | Saving at a/skeb/pe_1116-5b2b4d.json
2026-09-24 13:57:14 | INFO     | OK https://skeb.jp/api/users/sagara_meo
2026-09-24 13:57:14 | INFO     | Saving at a/skeb/sagara_meo-a7005f.json
2026-09-24 13:57:15 | INFO     | OK https://skeb.jp/api/users/mes_sry
2026-09-24 13:57:15 | INFO     | Saving at a/skeb/mes_sry-2a9c1c.json
2026-09-24 13:57:16 | INFO     | OK https://skeb.jp/api/users/ChaSoCha
2026-09-24 13:57:16 | INFO     | Saving at a/skeb/ChaSoCha-1685e3.json
2026-09-24 13:57:17 | INFO     | OK https://skeb.jp/api/users/adabanapng
2026-09-24 13:57:17 | INFO     | Saving at a/skeb/adabanapng-731dd8.json
2026-09-24 13:57:18 | INFO     | OK https://skeb.jp/api/users/naya_sono
2026-09-24 13:57:18 | INFO     | Saving at a/skeb/naya_sono-d4eff9.json
2026-09-24 13:57:19 | INFO     | OK https://skeb.jp/api/users/rontouta6
2026-09-24 13:57:19 | INFO     | Saving at a/skeb/rontouta6-c1687c.json
2026-09-24 13:57:20 | INFO     | OK https://skeb.jp/api/users/GsOW22vjcx
2026-09-24 13:57:20 | INFO     | Saving at a/skeb/GsOW22vjcx-ff19e1.json
2026-09-24 13:57:21 | INFO     | OK https://skeb.jp/api/users/nejumipro
2026-09-24 13:57:21 | INFO     | Saving at a/skeb/nejumipro-5aea2b.json
2026-09-24 13:57:22 | INFO     | OK https://skeb.jp/api/users/slumpa1008
2026-09-24 13:57:22 | INFO     | Saving at a/skeb/slumpa1008-bbb99d.json
2026-09-24 13:57:23 | INFO     | OK https://skeb.jp/api/users/7mito_garashi
2026-09-24 13:57:23 | INFO     | Saving at a/skeb/7mito_garashi-0aef21.json
2026-09-24 13:57:24 | INFO     | OK https://skeb.jp/api/users/HARUSAME37EDAKE
2026-09-24 13:57:24 | INFO     | Saving at a/skeb/HARUSAME37EDAKE-16e153.json
2026-09-24 13:57:25 | INFO     | OK https://skeb.jp/api/users/nananana_0236
2026-09-24 13:57:25 | INFO     | Saving at a/skeb/nananana_0236-fa2c9e.json
2026-09-24 13:57:26 | INFO     | OK https://skeb.jp/api/users/wanwa_fufu
2026-09-24 13:57:26 | INFO     | Saving at a/skeb/wanwa_fufu-8f3d11.json
2026-09-24 13:57:27 | INFO     | OK https://skeb.jp/api/users/inunisub
2026-09-24 13:57:27 | INFO     | Saving at a/skeb/inunisub-d66b9c.json
2026-09-24 13:57:28 | INFO     | OK https://skeb.jp/api/users/Ig2s_
2026-09-24 13:57:28 | INFO     | Saving at a/skeb/Ig2s_-6ed6ed.json
2026-09-24 13:57:29 | INFO     | OK https://skeb.jp/api/users/WwYonde
2026-09-24 13:57:29 | INFO     | Saving at a/skeb/WwYonde-5b7b8c.json
2026-09-24 13:57:30 | INFO     | OK https://skeb.jp/api/users/waishinoaka
2026-09-24 13:57:30 | INFO     | Saving at a/skeb/waishinoaka-e07a8e.json
2026-09-24 13:57:31 | INFO     | OK https://skeb.jp/api/users/pmm_little39
2026-09-24 13:57:31 | INFO     | Saving at a/skeb/pmm_little39-23fcab.json
2026-09-24 13:57:32 | INFO     | OK https://skeb.jp/api/users/O14kcal
2026-09-24 13:57:32 | INFO     | Saving at a/skeb/O14kcal-7fe577.json
2026-09-24 13:57:33 | INFO     | OK https://skeb.jp/api/users/hossimu
2026-09-24 13:57:33 | INFO     | Saving at a/skeb/hossimu-65f085.json
2026-09-24 13:57:34 | INFO     | OK https://skeb.jp/api/users/sinzu_u_19
2026-09-24 13:57:34 | INFO     | Saving at a/skeb/sinzu_u_19-f0ccbe.json
2026-09-24 13:57:35 | INFO     | OK https://skeb.jp/api/users/raystarsm
2026-09-24 13:57:35 | INFO     | Saving at a/skeb/raystarsm-2a3da1.json
2026-09-24 13:57:36 | INFO     | OK https://skeb.jp/api/users/_otsukimiudon_
2026-09-24 13:57:36 | INFO     | Saving at a/skeb/_otsukimiudon_-49b555.json
2026-09-24 13:57:38 | INFO     | OK https://skeb.jp/api/users/chisamikan
2026-09-24 13:57:38 | INFO     | Saving at a/skeb/chisamikan-78ab3b.json
2026-09-24 13:57:38 | INFO     | OK https://skeb.jp/api/users/KW8uI3YImxYLcG6
2026-09-24 13:57:38 | INFO     | Saving at a/skeb/KW8uI3YImxYLcG6-bcae48.json
2026-09-24 13:57:39 | INFO     | OK https://skeb.jp/api/users/_ifgk
2026-09-24 13:57:39 | INFO     | Saving at a/skeb/_ifgk-29b11f.json
2026-09-24 13:57:40 | INFO     | OK https://skeb.jp/api/users/wat4si
2026-09-24 13:57:40 | INFO     | Saving at a/skeb/wat4si-a613a2.json
2026-09-24 13:57:41 | INFO     | OK https://skeb.jp/api/users/RSN_07
2026-09-24 13:57:41 | INFO     | Saving at a/skeb/RSN_07-30a32d.json
2026-09-24 13:57:42 | INFO     | OK https://skeb.jp/api/users/izumi_koyagI
2026-09-24 13:57:42 | INFO     | Saving at a/skeb/izumi_koyagI-db7bd4.json
2026-09-24 13:57:43 | INFO     | OK https://skeb.jp/api/users/omu_mahiru
2026-09-24 13:57:43 | INFO     | Saving at a/skeb/omu_mahiru-9622b2.json
2026-09-24 13:57:44 | INFO     | OK https://skeb.jp/api/users/hamagur69200744
2026-09-24 13:57:44 | INFO     | Saving at a/skeb/hamagur69200744-dcdc92.json
2026-09-24 13:57:45 | INFO     | OK https://skeb.jp/api/users/c5buf
2026-09-24 13:57:45 | INFO     | Saving at a/skeb/c5buf-a4eb02.json
2026-09-24 13:57:46 | INFO     | OK https://skeb.jp/api/users/ohana4hana
2026-09-24 13:57:46 | INFO     | Saving at a/skeb/ohana4hana-6c117f.json
2026-09-24 13:57:47 | INFO     | OK https://skeb.jp/api/users/ronenerokun
2026-09-24 13:57:47 | INFO     | Saving at a/skeb/ronenerokun-0b6402.json
2026-09-24 13:57:48 | INFO     | OK https://skeb.jp/api/users/15coro_aaa
2026-09-24 13:57:48 | INFO     | Saving at a/skeb/15coro_aaa-8a5436.json
2026-09-24 13:57:49 | INFO     | OK https://skeb.jp/api/users/Se1i_nazuna
2026-09-24 13:57:49 | INFO     | Saving at a/skeb/Se1i_nazuna-6f63ca.json
2026-09-24 13:57:50 | INFO     | OK https://skeb.jp/api/users/kotatuneko15
2026-09-24 13:57:50 | INFO     | Saving at a/skeb/kotatuneko15-6c7b53.json
2026-09-24 13:57:51 | INFO     | OK https://skeb.jp/api/users/TAMITOMEMO
2026-09-24 13:57:51 | INFO     | Saving at a/skeb/TAMITOMEMO-7d2d06.json
2026-09-24 13:57:52 | INFO     | OK https://skeb.jp/api/users/wwma28
2026-09-24 13:57:52 | INFO     | Saving at a/skeb/wwma28-bb5a86.json
2026-09-24 13:57:53 | INFO     | OK https://skeb.jp/api/users/h_totri
2026-09-24 13:57:54 | INFO     | Saving at a/skeb/h_totri-747df0.json
2026-09-24 13:57:54 | INFO     | OK https://skeb.jp/api/users/seiraiA
2026-09-24 13:57:54 | INFO     | Saving at a/skeb/seiraiA-0676e1.json
2026-09-24 13:57:55 | INFO     | OK https://skeb.jp/api/users/hao3oc
2026-09-24 13:57:55 | INFO     | Saving at a/skeb/hao3oc-b09ce8.json
2026-09-24 13:57:56 | INFO     | OK https://skeb.jp/api/users/goto123kokutoh
2026-09-24 13:57:56 | INFO     | Saving at a/skeb/goto123kokutoh-fb93de.json
2026-09-24 13:57:57 | INFO     | OK https://skeb.jp/api/users/mysterious_zone
2026-09-24 13:57:57 | INFO     | Saving at a/skeb/mysterious_zone-047b2a.json
2026-09-24 13:57:58 | INFO     | OK https://skeb.jp/api/users/yugi_nigiri
2026-09-24 13:57:58 | INFO     | Saving at a/skeb/yugi_nigiri-791d58.json
2026-09-24 13:57:59 | INFO     | OK https://skeb.jp/api/users/G_Coba
2026-09-24 13:57:59 | INFO     | Saving at a/skeb/G_Coba-5cd559.json
2026-09-24 13:58:00 | INFO     | OK https://skeb.jp/api/users/signal_1120
2026-09-24 13:58:00 | INFO     | Saving at a/skeb/signal_1120-22df93.json
2026-09-24 13:58:01 | INFO     | OK https://skeb.jp/api/users/noneimu17
2026-09-24 13:58:01 | INFO     | Saving at a/skeb/noneimu17-4cffa0.json
2026-09-24 13:58:02 | INFO     | OK https://skeb.jp/api/users/fuamu_illust
2026-09-24 13:58:02 | INFO     | Saving at a/skeb/fuamu_illust-a9c0c3.json
2026-09-24 13:58:03 | INFO     | OK https://skeb.jp/api/users/purutabu88
2026-09-24 13:58:03 | INFO     | Saving at a/skeb/purutabu88-4cba16.json
2026-09-24 13:58:04 | INFO     | OK https://skeb.jp/api/users/Man015s
2026-09-24 13:58:04 | INFO     | Saving at a/skeb/Man015s-99eca1.json
2026-09-24 13:58:05 | INFO     | OK https://skeb.jp/api/users/ilolikoiko
2026-09-24 13:58:05 | INFO     | Saving at a/skeb/ilolikoiko-b2f08c.json
2026-09-24 13:58:06 | INFO     | OK https://skeb.jp/api/users/pqlyuki
2026-09-24 13:58:06 | INFO     | Saving at a/skeb/pqlyuki-619731.json
2026-09-24 13:58:07 | INFO     | OK https://skeb.jp/api/users/rody8901
2026-09-24 13:58:07 | INFO     | Saving at a/skeb/rody8901-55739c.json
2026-09-24 13:58:08 | INFO     | OK https://skeb.jp/api/users/ikki222
2026-09-24 13:58:08 | INFO     | Saving at a/skeb/ikki222-f2f7cb.json
2026-09-24 13:58:09 | INFO     | OK https://skeb.jp/api/users/kisaragi_byakko
2026-09-24 13:58:09 | INFO     | Saving at a/skeb/kisaragi_byakko-f45b6f.json
2026-09-24 13:58:10 | INFO     | OK https://skeb.jp/api/users/okonogi_aya
2026-09-24 13:58:10 | INFO     | Saving at a/skeb/okonogi_aya-0a42c9.json
2026-09-24 13:58:11 | INFO     | OK https://skeb.jp/api/users/tanagi_00661122
2026-09-24 13:58:11 | INFO     | Saving at a/skeb/tanagi_00661122-f79be6.json
2026-09-24 13:58:12 | INFO     | OK https://skeb.jp/api/users/shira_momiru
2026-09-24 13:58:12 | INFO     | Saving at a/skeb/shira_momiru-aabc53.json
2026-09-24 13:58:13 | INFO     | OK https://skeb.jp/api/users/00osu1041
2026-09-24 13:58:13 | INFO     | Saving at a/skeb/00osu1041-b476a6.json
2026-09-24 13:58:14 | INFO     | OK https://skeb.jp/api/users/potikawauowou
2026-09-24 13:58:14 | INFO     | Saving at a/skeb/potikawauowou-9ad5ce.json
2026-09-24 13:58:15 | INFO     | OK https://skeb.jp/api/users/eien13m
2026-09-24 13:58:15 | INFO     | Saving at a/skeb/eien13m-353c1a.json
2026-09-24 13:58:16 | INFO     | OK https://skeb.jp/api/users/yayuyo2019
2026-09-24 13:58:16 | INFO     | Saving at a/skeb/yayuyo2019-dd91ee.json
2026-09-24 13:58:17 | INFO     | OK https://skeb.jp/api/users/tsukimizo
2026-09-24 13:58:17 | INFO     | Saving at a/skeb/tsukimizo-838604.json
2026-09-24 13:58:18 | INFO     | OK https://skeb.jp/api/users/rokuro_yusa
2026-09-24 13:58:18 | INFO     | Saving at a/skeb/rokuro_yusa-8411a5.json
2026-09-24 13:58:19 | INFO     | OK https://skeb.jp/api/users/kirinagi_ty
2026-09-24 13:58:19 | INFO     | Saving at a/skeb/kirinagi_ty-990ee1.json
2026-09-24 13:58:21 | INFO     | OK https://skeb.jp/api/users/ytkmrs
2026-09-24 13:58:21 | INFO     | Saving at a/skeb/ytkmrs-999d3a.json
2026-09-24 13:58:21 | INFO     | OK https://skeb.jp/api/users/AraiRacu
2026-09-24 13:58:21 | INFO     | Saving at a/skeb/AraiRacu-672c87.json
2026-09-24 13:58:22 | INFO     | OK https://skeb.jp/api/users/kanzaki_ryuto
2026-09-24 13:58:22 | INFO     | Saving at a/skeb/kanzaki_ryuto-a3038e.json
2026-09-24 13:58:23 | INFO     | OK https://skeb.jp/api/users/yadome810
2026-09-24 13:58:23 | INFO     | Saving at a/skeb/yadome810-823ba6.json
2026-09-24 13:58:24 | INFO     | OK https://skeb.jp/api/users/kokutousagi
2026-09-24 13:58:24 | INFO     | Saving at a/skeb/kokutousagi-e2b8b7.json
2026-09-24 13:58:25 | INFO     | OK https://skeb.jp/api/users/NtyaO2
2026-09-24 13:58:25 | INFO     | Saving at a/skeb/NtyaO2-214ca4.json
2026-09-24 13:58:26 | INFO     | OK https://skeb.jp/api/users/kira_silverhead
2026-09-24 13:58:26 | INFO     | Saving at a/skeb/kira_silverhead-ba7657.json
2026-09-24 13:58:27 | INFO     | OK https://skeb.jp/api/users/Sk9k2YOxmrYrixW
2026-09-24 13:58:27 | INFO     | Saving at a/skeb/Sk9k2YOxmrYrixW-288cab.json
2026-09-24 13:58:28 | INFO     | OK https://skeb.jp/api/users/Sbv3Jq
2026-09-24 13:58:28 | INFO     | Saving at a/skeb/Sbv3Jq-d8e118.json
2026-09-24 13:58:29 | INFO     | OK https://skeb.jp/api/users/GROWTH_pix
2026-09-24 13:58:29 | INFO     | Saving at a/skeb/GROWTH_pix-e2f68a.json
2026-09-24 13:58:30 | INFO     | OK https://skeb.jp/api/users/shinomiya_ino
2026-09-24 13:58:30 | INFO     | Saving at a/skeb/shinomiya_ino-b5bace.json
2026-09-24 13:58:31 | INFO     | OK https://skeb.jp/api/users/shuseiH31
2026-09-24 13:58:31 | INFO     | Saving at a/skeb/shuseiH31-12fda9.json
2026-09-24 13:58:32 | INFO     | OK https://skeb.jp/api/users/flisk1129
2026-09-24 13:58:32 | INFO     | Saving at a/skeb/flisk1129-f7b980.json
2026-09-24 13:58:33 | INFO     | OK https://skeb.jp/api/users/Sana_ry032
2026-09-24 13:58:33 | INFO     | Saving at a/skeb/Sana_ry032-3c95c5.json
2026-09-24 13:58:34 | INFO     | OK https://skeb.jp/api/users/mot_zenzai
2026-09-24 13:58:34 | INFO     | Saving at a/skeb/mot_zenzai-f04bca.json
2026-09-24 13:58:35 | INFO     | OK https://skeb.jp/api/users/suguru_szk
2026-09-24 13:58:35 | INFO     | Saving at a/skeb/suguru_szk-c9c4fb.json
2026-09-24 13:58:36 | INFO     | OK https://skeb.jp/api/users/user_0mo
2026-09-24 13:58:36 | INFO     | Saving at a/skeb/user_0mo-04b1d8.json
2026-09-24 13:58:37 | INFO     | OK https://skeb.jp/api/users/kitiokitioo
2026-09-24 13:58:37 | INFO     | Saving at a/skeb/kitiokitioo-cdd088.json
2026-09-24 13:58:38 | INFO     | OK https://skeb.jp/api/users/fumochimichi
2026-09-24 13:58:38 | INFO     | Saving at a/skeb/fumochimichi-883538.json
2026-09-24 13:58:39 | INFO     | OK https://skeb.jp/api/users/mroj3_unbb
2026-09-24 13:58:39 | INFO     | Saving at a/skeb/mroj3_unbb-14d0bd.json
2026-09-24 13:58:40 | INFO     | OK https://skeb.jp/api/users/crescent_D
2026-09-24 13:58:40 | INFO     | Saving at a/skeb/crescent_D-f289ef.json
2026-09-24 13:58:41 | INFO     | OK https://skeb.jp/api/users/Haruno_riku_
2026-09-24 13:58:41 | INFO     | Saving at a/skeb/Haruno_riku_-fa9163.json
2026-09-24 13:58:42 | INFO     | OK https://skeb.jp/api/users/nitamago0s0284
2026-09-24 13:58:42 | INFO     | Saving at a/skeb/nitamago0s0284-5c42c5.json
2026-09-24 13:58:43 | INFO     | OK https://skeb.jp/api/users/nie_chaaan
2026-09-24 13:58:43 | INFO     | Saving at a/skeb/nie_chaaan-4aaaad.json
2026-09-24 13:58:44 | INFO     | OK https://skeb.jp/api/users/mamekokko
2026-09-24 13:58:44 | INFO     | Saving at a/skeb/mamekokko-946443.json
2026-09-24 13:58:45 | INFO     | OK https://skeb.jp/api/users/sabamori55
2026-09-24 13:58:45 | INFO     | Saving at a/skeb/sabamori55-a4a4e2.json
2026-09-24 13:58:46 | INFO     | OK https://skeb.jp/api/users/IceYomogi
2026-09-24 13:58:46 | INFO     | Saving at a/skeb/IceYomogi-b6caf9.json
2026-09-24 13:58:48 | INFO     | OK https://skeb.jp/api/users/magutani2
2026-09-24 13:58:48 | INFO     | Saving at a/skeb/magutani2-a3050d.json
2026-09-24 13:58:48 | INFO     | OK https://skeb.jp/api/users/000000yoko
2026-09-24 13:58:48 | INFO     | Saving at a/skeb/000000yoko-7c4f49.json
2026-09-24 13:58:49 | INFO     | OK https://skeb.jp/api/users/0uCOULyQKf7rBWP
2026-09-24 13:58:49 | INFO     | Saving at a/skeb/0uCOULyQKf7rBWP-7fb3f4.json
2026-09-24 13:58:50 | INFO     | OK https://skeb.jp/api/users/TOKIKO_nao
2026-09-24 13:58:50 | INFO     | Saving at a/skeb/TOKIKO_nao-655df7.json
2026-09-24 13:58:51 | INFO     | OK https://skeb.jp/api/users/sn07_mjnk
2026-09-24 13:58:51 | INFO     | Saving at a/skeb/sn07_mjnk-7d8d0d.json
2026-09-24 13:58:52 | INFO     | OK https://skeb.jp/api/users/onemutyann00
2026-09-24 13:58:52 | INFO     | Saving at a/skeb/onemutyann00-0e0237.json
2026-09-24 13:58:53 | INFO     | OK https://skeb.jp/api/users/kusugurijin
2026-09-24 13:58:53 | INFO     | Saving at a/skeb/kusugurijin-9cf657.json
2026-09-24 13:58:54 | INFO     | OK https://skeb.jp/api/users/tirofinire
2026-09-24 13:58:54 | INFO     | Saving at a/skeb/tirofinire-940b8b.json
2026-09-24 13:58:55 | INFO     | OK https://skeb.jp/api/users/55alisan
2026-09-24 13:58:55 | INFO     | Saving at a/skeb/55alisan-009c65.json
2026-09-24 13:58:56 | INFO     | OK https://skeb.jp/api/users/tatsuminorensyu
2026-09-24 13:58:56 | INFO     | Saving at a/skeb/tatsuminorensyu-f753f6.json
2026-09-24 13:58:57 | INFO     | OK https://skeb.jp/api/users/xxplasticcafexx
2026-09-24 13:58:57 | INFO     | Saving at a/skeb/xxplasticcafexx-d86b71.json
2026-09-24 13:58:58 | INFO     | OK https://skeb.jp/api/users/kiyasukemyy
2026-09-24 13:58:58 | INFO     | Saving at a/skeb/kiyasukemyy-b92c96.json
2026-09-24 13:58:59 | INFO     | OK https://skeb.jp/api/users/maringo05
2026-09-24 13:58:59 | INFO     | Saving at a/skeb/maringo05-667ad9.json
2026-09-24 13:59:00 | INFO     | OK https://skeb.jp/api/users/mamayu_512
2026-09-24 13:59:00 | INFO     | Saving at a/skeb/mamayu_512-67a486.json
2026-09-24 13:59:01 | INFO     | OK https://skeb.jp/api/users/ponde_tipe_bug
2026-09-24 13:59:01 | INFO     | Saving at a/skeb/ponde_tipe_bug-eb2cb4.json
2026-09-24 13:59:02 | INFO     | OK https://skeb.jp/api/users/sALezzUgMjdE0aj
2026-09-24 13:59:02 | INFO     | Saving at a/skeb/sALezzUgMjdE0aj-8853ab.json
2026-09-24 13:59:03 | INFO     | OK https://skeb.jp/api/users/sansiki03
2026-09-24 13:59:03 | INFO     | Saving at a/skeb/sansiki03-b5e8bd.json
2026-09-24 13:59:04 | INFO     | OK https://skeb.jp/api/users/manya_ravilia
2026-09-24 13:59:04 | INFO     | Saving at a/skeb/manya_ravilia-dbdd36.json
2026-09-24 13:59:05 | INFO     | OK https://skeb.jp/api/users/coburina_toma
2026-09-24 13:59:05 | INFO     | Saving at a/skeb/coburina_toma-552350.json
2026-09-24 13:59:06 | INFO     | OK https://skeb.jp/api/users/jyxmpt
2026-09-24 13:59:06 | INFO     | Saving at a/skeb/jyxmpt-e28f80.json
2026-09-24 13:59:07 | INFO     | OK https://skeb.jp/api/users/ururun_hmk
2026-09-24 13:59:07 | INFO     | Saving at a/skeb/ururun_hmk-dabfd4.json
2026-09-24 13:59:08 | INFO     | OK https://skeb.jp/api/users/ryusei_boy2
2026-09-24 13:59:08 | INFO     | Saving at a/skeb/ryusei_boy2-f323bd.json
2026-09-24 13:59:09 | INFO     | OK https://skeb.jp/api/users/gogomimoza
2026-09-24 13:59:09 | INFO     | Saving at a/skeb/gogomimoza-11ac61.json
2026-09-24 13:59:10 | INFO     | OK https://skeb.jp/api/users/shimikomanai_ya
2026-09-24 13:59:10 | INFO     | Saving at a/skeb/shimikomanai_ya-897dec.json
2026-09-24 13:59:11 | INFO     | OK https://skeb.jp/api/users/ununuMununu
2026-09-24 13:59:11 | INFO     | Saving at a/skeb/ununuMununu-fc17fd.json
2026-09-24 13:59:12 | INFO     | OK https://skeb.jp/api/users/8asys
2026-09-24 13:59:12 | INFO     | Saving at a/skeb/8asys-0920e4.json
2026-09-24 13:59:13 | INFO     | OK https://skeb.jp/api/users/zU__022
2026-09-24 13:59:13 | INFO     | Saving at a/skeb/zU__022-cc680e.json
2026-09-24 13:59:14 | INFO     | OK https://skeb.jp/api/users/mypia44858
2026-09-24 13:59:14 | INFO     | Saving at a/skeb/mypia44858-2d6d8f.json
2026-09-24 13:59:15 | INFO     | OK https://skeb.jp/api/users/goingbiba
2026-09-24 13:59:15 | INFO     | Saving at a/skeb/goingbiba-671069.json
2026-09-24 13:59:16 | INFO     | OK https://skeb.jp/api/users/rilunoco
2026-09-24 13:59:16 | INFO     | Saving at a/skeb/rilunoco-bacb53.json
2026-09-24 13:59:17 | INFO     | OK https://skeb.jp/api/users/misoka_tan
2026-09-24 13:59:17 | INFO     | Saving at a/skeb/misoka_tan-8814ea.json
2026-09-24 13:59:18 | INFO     | OK https://skeb.jp/api/users/rumi_arumo
2026-09-24 13:59:18 | INFO     | Saving at a/skeb/rumi_arumo-33673e.json
2026-09-24 13:59:19 | INFO     | OK https://skeb.jp/api/users/nao_x2_
2026-09-24 13:59:19 | INFO     | Saving at a/skeb/nao_x2_-f804cf.json
2026-09-24 13:59:20 | INFO     | OK https://skeb.jp/api/users/summer_or_lily
2026-09-24 13:59:20 | INFO     | Saving at a/skeb/summer_or_lily-38e353.json
2026-09-24 13:59:21 | INFO     | OK https://skeb.jp/api/users/nagu_0568gugu
2026-09-24 13:59:21 | INFO     | Saving at a/skeb/nagu_0568gugu-37b201.json
2026-09-24 13:59:23 | INFO     | OK https://skeb.jp/api/users/Neruk0hasoDatu
2026-09-24 13:59:23 | INFO     | Saving at a/skeb/Neruk0hasoDatu-d6c1b6.json
2026-09-24 13:59:23 | INFO     | OK https://skeb.jp/api/users/ore624
2026-09-24 13:59:23 | INFO     | Saving at a/skeb/ore624-2b5cd1.json
2026-09-24 13:59:24 | INFO     | OK https://skeb.jp/api/users/tokinena_amo
2026-09-24 13:59:24 | INFO     | Saving at a/skeb/tokinena_amo-e7b95d.json
2026-09-24 13:59:25 | INFO     | OK https://skeb.jp/api/users/HOOZUKIzero
2026-09-24 13:59:25 | INFO     | Saving at a/skeb/HOOZUKIzero-797ce5.json
2026-09-24 13:59:26 | INFO     | OK https://skeb.jp/api/users/slept_suii
2026-09-24 13:59:26 | INFO     | Saving at a/skeb/slept_suii-0cb988.json
2026-09-24 13:59:27 | INFO     | OK https://skeb.jp/api/users/picco__2
2026-09-24 13:59:27 | INFO     | Saving at a/skeb/picco__2-18f7f6.json
2026-09-24 13:59:28 | INFO     | OK https://skeb.jp/api/users/ILikeAoiro_
2026-09-24 13:59:28 | INFO     | Saving at a/skeb/ILikeAoiro_-a778b0.json
2026-09-24 13:59:29 | INFO     | OK https://skeb.jp/api/users/huka_midori5853
2026-09-24 13:59:29 | INFO     | Saving at a/skeb/huka_midori5853-0db319.json
2026-09-24 13:59:30 | INFO     | OK https://skeb.jp/api/users/man_puri
2026-09-24 13:59:30 | INFO     | Saving at a/skeb/man_puri-9d9e1c.json
2026-09-24 13:59:32 | INFO     | OK https://skeb.jp/api/users/daisyhughg
2026-09-24 13:59:32 | INFO     | Saving at a/skeb/daisyhughg-7169a7.json
2026-09-24 13:59:32 | INFO     | OK https://skeb.jp/api/users/DJRN_tea
2026-09-24 13:59:32 | INFO     | Saving at a/skeb/DJRN_tea-458c25.json
2026-09-24 13:59:33 | INFO     | OK https://skeb.jp/api/users/7nii_muwi
2026-09-24 13:59:33 | INFO     | Saving at a/skeb/7nii_muwi-61ed5a.json
2026-09-24 13:59:35 | INFO     | OK https://skeb.jp/api/users/Akr__8698
2026-09-24 13:59:35 | INFO     | Saving at a/skeb/Akr__8698-afd62e.json
2026-09-24 13:59:35 | INFO     | OK https://skeb.jp/api/users/Wasmer_WZ
2026-09-24 13:59:35 | INFO     | Saving at a/skeb/Wasmer_WZ-0c6e73.json
2026-09-24 13:59:36 | INFO     | OK https://skeb.jp/api/users/y_UKU_y
2026-09-24 13:59:36 | INFO     | Saving at a/skeb/y_UKU_y-21223a.json
2026-09-24 13:59:37 | INFO     | OK https://skeb.jp/api/users/karan_koron100
2026-09-24 13:59:37 | INFO     | Saving at a/skeb/karan_koron100-01c206.json
2026-09-24 13:59:38 | INFO     | OK https://skeb.jp/api/users/nanatsu_pa
2026-09-24 13:59:38 | INFO     | Saving at a/skeb/nanatsu_pa-25840b.json
2026-09-24 13:59:39 | INFO     | OK https://skeb.jp/api/users/MOCHI_KURA_008
2026-09-24 13:59:39 | INFO     | Saving at a/skeb/MOCHI_KURA_008-de2540.json
2026-09-24 13:59:41 | INFO     | OK https://skeb.jp/api/users/iRtLfBAxdr
2026-09-24 13:59:41 | INFO     | Saving at a/skeb/iRtLfBAxdr-41d871.json
2026-09-24 13:59:41 | INFO     | OK https://skeb.jp/api/users/aseroraitoILST
2026-09-24 13:59:41 | INFO     | Saving at a/skeb/aseroraitoILST-7b5e4d.json
2026-09-24 13:59:42 | INFO     | OK https://skeb.jp/api/users/Kinotarowow
2026-09-24 13:59:42 | INFO     | Saving at a/skeb/Kinotarowow-3607d7.json
2026-09-24 13:59:43 | INFO     | OK https://skeb.jp/api/users/sakaiya0727
2026-09-24 13:59:43 | INFO     | Saving at a/skeb/sakaiya0727-ffda00.json
2026-09-24 13:59:44 | INFO     | OK https://skeb.jp/api/users/TOTOTOTO_TK
2026-09-24 13:59:44 | INFO     | Saving at a/skeb/TOTOTOTO_TK-c2acf9.json
2026-09-24 13:59:45 | INFO     | OK https://skeb.jp/api/users/iroiro1729
2026-09-24 13:59:45 | INFO     | Saving at a/skeb/iroiro1729-a9dcda.json
2026-09-24 13:59:46 | INFO     | OK https://skeb.jp/api/users/Saika_Blossom
2026-09-24 13:59:46 | INFO     | Saving at a/skeb/Saika_Blossom-ef51bd.json
2026-09-24 13:59:47 | INFO     | OK https://skeb.jp/api/users/nanasi_RPG
2026-09-24 13:59:47 | INFO     | Saving at a/skeb/nanasi_RPG-d42c7a.json
2026-09-24 13:59:48 | INFO     | OK https://skeb.jp/api/users/s_ryuken
2026-09-24 13:59:48 | INFO     | Saving at a/skeb/s_ryuken-ac861f.json
2026-09-24 13:59:49 | INFO     | OK https://skeb.jp/api/users/shiratamajakush
2026-09-24 13:59:49 | INFO     | Saving at a/skeb/shiratamajakush-2859fb.json
2026-09-24 13:59:50 | INFO     | OK https://skeb.jp/api/users/z1vfcd2
2026-09-24 13:59:50 | INFO     | Saving at a/skeb/z1vfcd2-3cc6cb.json
2026-09-24 13:59:51 | INFO     | OK https://skeb.jp/api/users/taurin69
2026-09-24 13:59:51 | INFO     | Saving at a/skeb/taurin69-c3945c.json
2026-09-24 13:59:52 | INFO     | OK https://skeb.jp/api/users/memomomomome
2026-09-24 13:59:52 | INFO     | Saving at a/skeb/memomomomome-15c0ed.json
2026-09-24 13:59:54 | INFO     | OK https://skeb.jp/api/users/R1rmiKkncv9810
2026-09-24 13:59:54 | INFO     | Saving at a/skeb/R1rmiKkncv9810-d360c3.json
2026-09-24 13:59:54 | INFO     | OK https://skeb.jp/api/users/mono_tomeoO
2026-09-24 13:59:54 | INFO     | Saving at a/skeb/mono_tomeoO-0c97b3.json
2026-09-24 13:59:55 | INFO     | OK https://skeb.jp/api/users/isao_imhnk
2026-09-24 13:59:55 | INFO     | Saving at a/skeb/isao_imhnk-5fc3ba.json
2026-09-24 13:59:56 | INFO     | OK https://skeb.jp/api/users/komai_1111
2026-09-24 13:59:56 | INFO     | Saving at a/skeb/komai_1111-3e7916.json
2026-09-24 13:59:57 | INFO     | OK https://skeb.jp/api/users/Mux_x09
2026-09-24 13:59:57 | INFO     | Saving at a/skeb/Mux_x09-22633d.json
2026-09-24 13:59:58 | INFO     | OK https://skeb.jp/api/users/furaunosub
2026-09-24 13:59:58 | INFO     | Saving at a/skeb/furaunosub-5792ef.json
2026-09-24 13:59:59 | INFO     | OK https://skeb.jp/api/users/lily__dog_
2026-09-24 13:59:59 | INFO     | Saving at a/skeb/lily__dog_-415cb5.json
2026-09-24 14:00:00 | INFO     | OK https://skeb.jp/api/users/_by4co
2026-09-24 14:00:00 | INFO     | Saving at a/skeb/_by4co-ae59c2.json
2026-09-24 14:00:02 | INFO     | OK https://skeb.jp/api/users/fuyafuyafall
2026-09-24 14:00:02 | INFO     | Saving at a/skeb/fuyafuyafall-48745c.json
2026-09-24 14:00:02 | INFO     | OK https://skeb.jp/api/users/GA_MU_U
2026-09-24 14:00:02 | INFO     | Saving at a/skeb/GA_MU_U-7947bf.json
2026-09-24 14:00:03 | INFO     | OK https://skeb.jp/api/users/lan_a_3h2o
2026-09-24 14:00:03 | INFO     | Saving at a/skeb/lan_a_3h2o-ea87c2.json
2026-09-24 14:00:04 | INFO     | OK https://skeb.jp/api/users/CYOBIRO
2026-09-24 14:00:04 | INFO     | Saving at a/skeb/CYOBIRO-772aa9.json
2026-09-24 14:00:05 | INFO     | OK https://skeb.jp/api/users/soskodiony
2026-09-24 14:00:05 | INFO     | Saving at a/skeb/soskodiony-c4ccdd.json
2026-09-24 14:00:06 | INFO     | OK https://skeb.jp/api/users/tibenoidu
2026-09-24 14:00:06 | INFO     | Saving at a/skeb/tibenoidu-7e94b1.json
2026-09-24 14:00:07 | INFO     | OK https://skeb.jp/api/users/hirari___in
2026-09-24 14:00:07 | INFO     | Saving at a/skeb/hirari___in-e4a886.json
2026-09-24 14:00:08 | INFO     | OK https://skeb.jp/api/users/514chankawaii
2026-09-24 14:00:08 | INFO     | Saving at a/skeb/514chankawaii-3cdb11.json
2026-09-24 14:00:09 | INFO     | OK https://skeb.jp/api/users/aoproo
2026-09-24 14:00:09 | INFO     | Saving at a/skeb/aoproo-28c280.json
2026-09-24 14:00:10 | INFO     | OK https://skeb.jp/api/users/koorinezumi1
2026-09-24 14:00:10 | INFO     | Saving at a/skeb/koorinezumi1-97746e.json
2026-09-24 14:00:11 | INFO     | OK https://skeb.jp/api/users/nanatsuta
2026-09-24 14:00:11 | INFO     | Saving at a/skeb/nanatsuta-5ff31c.json
2026-09-24 14:00:12 | INFO     | OK https://skeb.jp/api/users/merunmohu
2026-09-24 14:00:12 | INFO     | Saving at a/skeb/merunmohu-b29ffe.json
2026-09-24 14:00:13 | INFO     | OK https://skeb.jp/api/users/YsYL4r3OHN98467
2026-09-24 14:00:13 | INFO     | Saving at a/skeb/YsYL4r3OHN98467-2e70ed.json
2026-09-24 14:00:14 | INFO     | OK https://skeb.jp/api/users/G_tsurius
2026-09-24 14:00:14 | INFO     | Saving at a/skeb/G_tsurius-b16cbb.json
2026-09-24 14:00:15 | INFO     | OK https://skeb.jp/api/users/Morinaka_Subaru
2026-09-24 14:00:15 | INFO     | Saving at a/skeb/Morinaka_Subaru-20c32b.json
2026-09-24 14:00:16 | INFO     | OK https://skeb.jp/api/users/neko_ronderu
2026-09-24 14:00:16 | INFO     | Saving at a/skeb/neko_ronderu-d2e8dd.json
2026-09-24 14:00:17 | INFO     | OK https://skeb.jp/api/users/circussion
2026-09-24 14:00:17 | INFO     | Saving at a/skeb/circussion-916960.json
2026-09-24 14:00:18 | INFO     | OK https://skeb.jp/api/users/Aosaki_Licht
2026-09-24 14:00:18 | INFO     | Saving at a/skeb/Aosaki_Licht-e857dd.json
2026-09-24 14:00:19 | INFO     | OK https://skeb.jp/api/users/logi_bunbukucha
2026-09-24 14:00:19 | INFO     | Saving at a/skeb/logi_bunbukucha-c15b9c.json
2026-09-24 14:00:20 | INFO     | OK https://skeb.jp/api/users/ohayo_0606
2026-09-24 14:00:20 | INFO     | Saving at a/skeb/ohayo_0606-cfb1b4.json
2026-09-24 14:00:21 | INFO     | OK https://skeb.jp/api/users/amujamu
2026-09-24 14:00:21 | INFO     | Saving at a/skeb/amujamu-bd465d.json
2026-09-24 14:00:23 | INFO     | OK https://skeb.jp/api/users/JEP5e
2026-09-24 14:00:23 | INFO     | Saving at a/skeb/JEP5e-5076b0.json
2026-09-24 14:00:23 | INFO     | OK https://skeb.jp/api/users/ule1_
2026-09-24 14:00:23 | INFO     | Saving at a/skeb/ule1_-2b35eb.json
2026-09-24 14:00:24 | INFO     | OK https://skeb.jp/api/users/toramal9831
2026-09-24 14:00:24 | INFO     | Saving at a/skeb/toramal9831-e36bf3.json
2026-09-24 14:00:25 | INFO     | OK https://skeb.jp/api/users/34ack0
2026-09-24 14:00:25 | INFO     | Saving at a/skeb/34ack0-bd961a.json
2026-09-24 14:00:26 | INFO     | OK https://skeb.jp/api/users/saimin_sushi
2026-09-24 14:00:26 | INFO     | Saving at a/skeb/saimin_sushi-b7d9e1.json
2026-09-24 14:00:27 | INFO     | OK https://skeb.jp/api/users/TatamiTriple
2026-09-24 14:00:27 | INFO     | Saving at a/skeb/TatamiTriple-ced37d.json
2026-09-24 14:00:28 | INFO     | OK https://skeb.jp/api/users/kaori40010river
2026-09-24 14:00:28 | INFO     | Saving at a/skeb/kaori40010river-f6f84d.json
2026-09-24 14:00:29 | INFO     | OK https://skeb.jp/api/users/yuutokagura
2026-09-24 14:00:29 | INFO     | Saving at a/skeb/yuutokagura-18268a.json
2026-09-24 14:00:30 | INFO     | OK https://skeb.jp/api/users/lilium_Susan
2026-09-24 14:00:30 | INFO     | Saving at a/skeb/lilium_Susan-ed90c7.json
2026-09-24 14:00:31 | INFO     | OK https://skeb.jp/api/users/himeyamayuri
2026-09-24 14:00:31 | INFO     | Saving at a/skeb/himeyamayuri-709aec.json
2026-09-24 14:00:32 | INFO     | OK https://skeb.jp/api/users/BaBa_oekaki
2026-09-24 14:00:32 | INFO     | Saving at a/skeb/BaBa_oekaki-26c1b7.json
2026-09-24 14:00:33 | INFO     | OK https://skeb.jp/api/users/huyuyoshi4z3
2026-09-24 14:00:33 | INFO     | Saving at a/skeb/huyuyoshi4z3-3016fb.json
2026-09-24 14:00:34 | INFO     | OK https://skeb.jp/api/users/hbidwm
2026-09-24 14:00:34 | INFO     | Saving at a/skeb/hbidwm-754431.json
2026-09-24 14:00:35 | INFO     | OK https://skeb.jp/api/users/senngonn_v
2026-09-24 14:00:35 | INFO     | Saving at a/skeb/senngonn_v-127e45.json
2026-09-24 14:00:36 | INFO     | OK https://skeb.jp/api/users/jank365m
2026-09-24 14:00:36 | INFO     | Saving at a/skeb/jank365m-ef5c70.json
2026-09-24 14:00:37 | INFO     | OK https://skeb.jp/api/users/PPPizza_Kiddd
2026-09-24 14:00:37 | INFO     | Saving at a/skeb/PPPizza_Kiddd-934a3e.json
2026-09-24 14:00:38 | INFO     | OK https://skeb.jp/api/users/M_tomoyohi
2026-09-24 14:00:38 | INFO     | Saving at a/skeb/M_tomoyohi-80a013.json
2026-09-24 14:00:40 | INFO     | OK https://skeb.jp/api/users/jun_suzumura
2026-09-24 14:00:40 | INFO     | Saving at a/skeb/jun_suzumura-454212.json
2026-09-24 14:00:40 | INFO     | OK https://skeb.jp/api/users/Nuke_meow
2026-09-24 14:00:40 | INFO     | Saving at a/skeb/Nuke_meow-6fbc35.json
2026-09-24 14:00:41 | INFO     | OK https://skeb.jp/api/users/ichiruho
2026-09-24 14:00:41 | INFO     | Saving at a/skeb/ichiruho-f4e897.json
2026-09-24 14:00:42 | INFO     | OK https://skeb.jp/api/users/BookshelfofIris
2026-09-24 14:00:42 | INFO     | Saving at a/skeb/BookshelfofIris-aae106.json
2026-09-24 14:00:43 | INFO     | OK https://skeb.jp/api/users/RyuS66380790
2026-09-24 14:00:43 | INFO     | Saving at a/skeb/RyuS66380790-60c768.json
2026-09-24 14:00:44 | INFO     | OK https://skeb.jp/api/users/wix3cos
2026-09-24 14:00:44 | INFO     | Saving at a/skeb/wix3cos-50d5c3.json
2026-09-24 14:00:45 | INFO     | OK https://skeb.jp/api/users/bloom_minority
2026-09-24 14:00:45 | INFO     | Saving at a/skeb/bloom_minority-ce0816.json
2026-09-24 14:00:46 | INFO     | OK https://skeb.jp/api/users/VSS83904922
2026-09-24 14:00:46 | INFO     | Saving at a/skeb/VSS83904922-1e8508.json
2026-09-24 14:00:47 | INFO     | OK https://skeb.jp/api/users/ayame4038
2026-09-24 14:00:47 | INFO     | Saving at a/skeb/ayame4038-db3df5.json
2026-09-24 14:00:48 | INFO     | OK https://skeb.jp/api/users/tks_joe
2026-09-24 14:00:48 | INFO     | Saving at a/skeb/tks_joe-bb9343.json
2026-09-24 14:00:49 | INFO     | OK https://skeb.jp/api/users/_siba8
2026-09-24 14:00:49 | INFO     | Saving at a/skeb/_siba8-0c6a8c.json
2026-09-24 14:00:50 | INFO     | OK https://skeb.jp/api/users/jin_morisono
2026-09-24 14:00:50 | INFO     | Saving at a/skeb/jin_morisono-ce12fa.json
2026-09-24 14:00:51 | INFO     | OK https://skeb.jp/api/users/ce_shii41
2026-09-24 14:00:51 | INFO     | Saving at a/skeb/ce_shii41-16fe8e.json
2026-09-24 14:00:52 | INFO     | OK https://skeb.jp/api/users/kawakawa_sekai
2026-09-24 14:00:52 | INFO     | Saving at a/skeb/kawakawa_sekai-b245d9.json
2026-09-24 14:00:53 | INFO     | OK https://skeb.jp/api/users/isotomasansa
2026-09-24 14:00:53 | INFO     | Saving at a/skeb/isotomasansa-2efc39.json
2026-09-24 14:00:54 | INFO     | OK https://skeb.jp/api/users/rrrrr6a
2026-09-24 14:00:54 | INFO     | Saving at a/skeb/rrrrr6a-e05f4f.json
2026-09-24 14:00:55 | INFO     | OK https://skeb.jp/api/users/lulunemululu
2026-09-24 14:00:55 | INFO     | Saving at a/skeb/lulunemululu-11275a.json
2026-09-24 14:00:56 | INFO     | OK https://skeb.jp/api/users/1sou_otkum
2026-09-24 14:00:56 | INFO     | Saving at a/skeb/1sou_otkum-caee46.json
2026-09-24 14:00:57 | INFO     | OK https://skeb.jp/api/users/miztaushio
2026-09-24 14:00:57 | INFO     | Saving at a/skeb/miztaushio-842720.json
2026-09-24 14:00:59 | INFO     | OK https://skeb.jp/api/users/CIBARINKA
2026-09-24 14:00:59 | INFO     | Saving at a/skeb/CIBARINKA-76f9c1.json
2026-09-24 14:00:59 | INFO     | OK https://skeb.jp/api/users/konpe0217
2026-09-24 14:00:59 | INFO     | Saving at a/skeb/konpe0217-1185e9.json
2026-09-24 14:01:00 | INFO     | OK https://skeb.jp/api/users/mumomo888
2026-09-24 14:01:00 | INFO     | Saving at a/skeb/mumomo888-b43982.json
2026-09-24 14:01:01 | INFO     | OK https://skeb.jp/api/users/yokoshima696969
2026-09-24 14:01:01 | INFO     | Saving at a/skeb/yokoshima696969-be0334.json
2026-09-24 14:01:02 | INFO     | OK https://skeb.jp/api/users/5modj
2026-09-24 14:01:02 | INFO     | Saving at a/skeb/5modj-e1f417.json
2026-09-24 14:01:03 | INFO     | OK https://skeb.jp/api/users/_Lunatic_n
2026-09-24 14:01:03 | INFO     | Saving at a/skeb/_Lunatic_n-716c33.json
2026-09-24 14:01:04 | INFO     | OK https://skeb.jp/api/users/___OTINTIN
2026-09-24 14:01:04 | INFO     | Saving at a/skeb/___OTINTIN-5dae2a.json
2026-09-24 14:01:05 | INFO     | OK https://skeb.jp/api/users/haokosan
2026-09-24 14:01:05 | INFO     | Saving at a/skeb/haokosan-721dbc.json
2026-09-24 14:01:07 | INFO     | OK https://skeb.jp/api/users/wamotula2
2026-09-24 14:01:07 | INFO     | Saving at a/skeb/wamotula2-dbd42a.json
2026-09-24 14:01:07 | INFO     | OK https://skeb.jp/api/users/water_mi1k
2026-09-24 14:01:07 | INFO     | Saving at a/skeb/water_mi1k-44acb9.json
2026-09-24 14:01:08 | INFO     | OK https://skeb.jp/api/users/Ch_Ro49
2026-09-24 14:01:08 | INFO     | Saving at a/skeb/Ch_Ro49-f05487.json
2026-09-24 14:01:09 | INFO     | OK https://skeb.jp/api/users/pepepe_moru
2026-09-24 14:01:09 | INFO     | Saving at a/skeb/pepepe_moru-84a0e6.json
2026-09-24 14:01:10 | INFO     | OK https://skeb.jp/api/users/loookuuu_sub
2026-09-24 14:01:10 | INFO     | Saving at a/skeb/loookuuu_sub-2d3423.json
2026-09-24 14:01:11 | INFO     | OK https://skeb.jp/api/users/_ashinoura
2026-09-24 14:01:11 | INFO     | Saving at a/skeb/_ashinoura-ccdfee.json
2026-09-24 14:01:12 | INFO     | OK https://skeb.jp/api/users/LLLLeg_ho
2026-09-24 14:01:12 | INFO     | Saving at a/skeb/LLLLeg_ho-e7edab.json
2026-09-24 14:01:13 | INFO     | OK https://skeb.jp/api/users/usahana101
2026-09-24 14:01:13 | INFO     | Saving at a/skeb/usahana101-dbd7e0.json
2026-09-24 14:01:15 | INFO     | OK https://skeb.jp/api/users/hokanbo
2026-09-24 14:01:15 | INFO     | Saving at a/skeb/hokanbo-41458c.json
2026-09-24 14:01:15 | INFO     | OK https://skeb.jp/api/users/ymmoo
2026-09-24 14:01:15 | INFO     | Saving at a/skeb/ymmoo-553e82.json
2026-09-24 14:01:16 | INFO     | OK https://skeb.jp/api/users/KuNiEDDDa
2026-09-24 14:01:16 | INFO     | Saving at a/skeb/KuNiEDDDa-583218.json
2026-09-24 14:01:17 | INFO     | OK https://skeb.jp/api/users/kohei_nagashius
2026-09-24 14:01:17 | INFO     | Saving at a/skeb/kohei_nagashius-02b89a.json
2026-09-24 14:01:18 | INFO     | OK https://skeb.jp/api/users/mr_sub666
2026-09-24 14:01:18 | INFO     | Saving at a/skeb/mr_sub666-8a09ec.json
2026-09-24 14:01:19 | INFO     | OK https://skeb.jp/api/users/tesh1ch4n
2026-09-24 14:01:19 | INFO     | Saving at a/skeb/tesh1ch4n-ee4356.json
2026-09-24 14:01:20 | INFO     | OK https://skeb.jp/api/users/moimoi_sp
2026-09-24 14:01:20 | INFO     | Saving at a/skeb/moimoi_sp-a20228.json
2026-09-24 14:01:21 | INFO     | OK https://skeb.jp/api/users/onyo_020
2026-09-24 14:01:21 | INFO     | Saving at a/skeb/onyo_020-8e3f6f.json
2026-09-24 14:01:22 | INFO     | OK https://skeb.jp/api/users/xf7_pml
2026-09-24 14:01:22 | INFO     | Saving at a/skeb/xf7_pml-1434c6.json
2026-09-24 14:01:23 | INFO     | OK https://skeb.jp/api/users/AoUSA0328
2026-09-24 14:01:23 | INFO     | Saving at a/skeb/AoUSA0328-7740bc.json
2026-09-24 14:01:24 | INFO     | OK https://skeb.jp/api/users/Akamimi_P
2026-09-24 14:01:24 | INFO     | Saving at a/skeb/Akamimi_P-fbb00b.json
2026-09-24 14:01:25 | INFO     | OK https://skeb.jp/api/users/Shitan_cha
2026-09-24 14:01:25 | INFO     | Saving at a/skeb/Shitan_cha-97d049.json
2026-09-24 14:01:26 | INFO     | OK https://skeb.jp/api/users/Love2Slip
2026-09-24 14:01:26 | INFO     | Saving at a/skeb/Love2Slip-3fb331.json
2026-09-24 14:01:27 | INFO     | OK https://skeb.jp/api/users/Carbon8period
2026-09-24 14:01:27 | INFO     | Saving at a/skeb/Carbon8period-086746.json
2026-09-24 14:01:28 | INFO     | OK https://skeb.jp/api/users/tyono_nn
2026-09-24 14:01:28 | INFO     | Saving at a/skeb/tyono_nn-37c021.json
2026-09-24 14:01:29 | INFO     | OK https://skeb.jp/api/users/sohdvh_Khos_ph
2026-09-24 14:01:29 | INFO     | Saving at a/skeb/sohdvh_Khos_ph-d00759.json
2026-09-24 14:01:30 | INFO     | OK https://skeb.jp/api/users/nekotyuta_fncl
2026-09-24 14:01:30 | INFO     | Saving at a/skeb/nekotyuta_fncl-e9b82d.json
2026-09-24 14:01:32 | INFO     | OK https://skeb.jp/api/users/DYNAMIC_MAKKY
2026-09-24 14:01:32 | INFO     | Saving at a/skeb/DYNAMIC_MAKKY-c5af8c.json
2026-09-24 14:01:32 | INFO     | OK https://skeb.jp/api/users/shino_azucho
2026-09-24 14:01:32 | INFO     | Saving at a/skeb/shino_azucho-2e8918.json
2026-09-24 14:01:34 | INFO     | OK https://skeb.jp/api/users/OoO_miche1
2026-09-24 14:01:34 | INFO     | Saving at a/skeb/OoO_miche1-6cffd2.json
2026-09-24 14:01:34 | INFO     | OK https://skeb.jp/api/users/Norio_times
2026-09-24 14:01:34 | INFO     | Saving at a/skeb/Norio_times-479631.json
2026-09-24 14:01:35 | INFO     | OK https://skeb.jp/api/users/hiiragisensei
2026-09-24 14:01:35 | INFO     | Saving at a/skeb/hiiragisensei-b6f7a7.json
2026-09-24 14:01:36 | INFO     | OK https://skeb.jp/api/users/guruonp
2026-09-24 14:01:36 | INFO     | Saving at a/skeb/guruonp-0ac183.json
2026-09-24 14:01:37 | INFO     | OK https://skeb.jp/api/users/SonodaEco
2026-09-24 14:01:37 | INFO     | Saving at a/skeb/SonodaEco-bc46ff.json
2026-09-24 14:01:38 | INFO     | OK https://skeb.jp/api/users/_NAYUTA_321
2026-09-24 14:01:38 | INFO     | Saving at a/skeb/_NAYUTA_321-a20b65.json
2026-09-24 14:01:39 | INFO     | OK https://skeb.jp/api/users/Aulen19
2026-09-24 14:01:39 | INFO     | Saving at a/skeb/Aulen19-cbd33a.json
2026-09-24 14:01:41 | INFO     | OK https://skeb.jp/api/users/CoCo96273736
2026-09-24 14:01:41 | INFO     | Saving at a/skeb/CoCo96273736-2f3e13.json
2026-09-24 14:01:41 | INFO     | OK https://skeb.jp/api/users/nanoha9270
2026-09-24 14:01:41 | INFO     | Saving at a/skeb/nanoha9270-4cc44c.json
2026-09-24 14:01:42 | INFO     | OK https://skeb.jp/api/users/sword_of_nmkr
2026-09-24 14:01:42 | INFO     | Saving at a/skeb/sword_of_nmkr-dab6b8.json
2026-09-24 14:01:43 | INFO     | OK https://skeb.jp/api/users/ymtm28
2026-09-24 14:01:43 | INFO     | Saving at a/skeb/ymtm28-eb2d60.json
2026-09-24 14:01:44 | INFO     | OK https://skeb.jp/api/users/sora_taro52324
2026-09-24 14:01:44 | INFO     | Saving at a/skeb/sora_taro52324-5ae3eb.json
2026-09-24 14:01:45 | INFO     | OK https://skeb.jp/api/users/green_tea_Vlove
2026-09-24 14:01:45 | INFO     | Saving at a/skeb/green_tea_Vlove-2fa5e9.json
2026-09-24 14:01:46 | INFO     | OK https://skeb.jp/api/users/Tikuwa_club1
2026-09-24 14:01:46 | INFO     | Saving at a/skeb/Tikuwa_club1-093f19.json
2026-09-24 14:01:47 | INFO     | OK https://skeb.jp/api/users/chanty2_
2026-09-24 14:01:47 | INFO     | Saving at a/skeb/chanty2_-4ec90b.json
2026-09-24 14:01:48 | INFO     | OK https://skeb.jp/api/users/big_Maso
2026-09-24 14:01:48 | INFO     | Saving at a/skeb/big_Maso-7a12d4.json
2026-09-24 14:01:49 | INFO     | OK https://skeb.jp/api/users/Rael_elle72
2026-09-24 14:01:49 | INFO     | Saving at a/skeb/Rael_elle72-e5509b.json
2026-09-24 14:01:50 | INFO     | OK https://skeb.jp/api/users/CangJia88362
2026-09-24 14:01:50 | INFO     | Saving at a/skeb/CangJia88362-402181.json
2026-09-24 14:01:51 | INFO     | OK https://skeb.jp/api/users/14p_15
2026-09-24 14:01:51 | INFO     | Saving at a/skeb/14p_15-f76049.json
2026-09-24 14:01:52 | INFO     | OK https://skeb.jp/api/users/enotarou1008
2026-09-24 14:01:52 | INFO     | Saving at a/skeb/enotarou1008-908cd0.json
2026-09-24 14:01:54 | INFO     | OK https://skeb.jp/api/users/Izm_OvO
2026-09-24 14:01:54 | INFO     | Saving at a/skeb/Izm_OvO-fd1245.json
2026-09-24 14:01:54 | INFO     | OK https://skeb.jp/api/users/nyuinyui_
2026-09-24 14:01:54 | INFO     | Saving at a/skeb/nyuinyui_-acaa4d.json
2026-09-24 14:01:55 | INFO     | OK https://skeb.jp/api/users/Shirotsuchi2
2026-09-24 14:01:55 | INFO     | Saving at a/skeb/Shirotsuchi2-53234b.json
2026-09-24 14:01:56 | INFO     | OK https://skeb.jp/api/users/2en_nah
2026-09-24 14:01:56 | INFO     | Saving at a/skeb/2en_nah-65721c.json
2026-09-24 14:01:57 | INFO     | OK https://skeb.jp/api/users/ryumrykk
2026-09-24 14:01:57 | INFO     | Saving at a/skeb/ryumrykk-fd373a.json
2026-09-24 14:01:58 | INFO     | OK https://skeb.jp/api/users/tenpop_pnk
2026-09-24 14:01:58 | INFO     | Saving at a/skeb/tenpop_pnk-5aca17.json
2026-09-24 14:01:59 | INFO     | OK https://skeb.jp/api/users/zatta_saito
2026-09-24 14:01:59 | INFO     | Saving at a/skeb/zatta_saito-97e285.json
2026-09-24 14:02:00 | INFO     | OK https://skeb.jp/api/users/1wan1_
2026-09-24 14:02:00 | INFO     | Saving at a/skeb/1wan1_-8b0346.json
2026-09-24 14:02:02 | INFO     | OK https://skeb.jp/api/users/A2535703450356
2026-09-24 14:02:02 | INFO     | Saving at a/skeb/A2535703450356-771f0d.json
2026-09-24 14:02:03 | INFO     | OK https://skeb.jp/api/users/mozumamemo
2026-09-24 14:02:03 | INFO     | Saving at a/skeb/mozumamemo-926798.json
2026-09-24 14:02:03 | INFO     | OK https://skeb.jp/api/users/unanooo_
2026-09-24 14:02:04 | INFO     | Saving at a/skeb/unanooo_-56a2fd.json
2026-09-24 14:02:05 | INFO     | OK https://skeb.jp/api/users/tablet_dream
2026-09-24 14:02:05 | INFO     | Saving at a/skeb/tablet_dream-3bd92c.json
2026-09-24 14:02:05 | INFO     | OK https://skeb.jp/api/users/capsaicin_4
2026-09-24 14:02:05 | INFO     | Saving at a/skeb/capsaicin_4-1a00b0.json
2026-09-24 14:02:06 | INFO     | OK https://skeb.jp/api/users/kiriri_20
2026-09-24 14:02:06 | INFO     | Saving at a/skeb/kiriri_20-f7e25f.json
2026-09-24 14:02:07 | INFO     | OK https://skeb.jp/api/users/keraSousaku
2026-09-24 14:02:07 | INFO     | Saving at a/skeb/keraSousaku-a32dfc.json
2026-09-24 14:02:08 | INFO     | OK https://skeb.jp/api/users/S_Nagatsuki_TW
2026-09-24 14:02:08 | INFO     | Saving at a/skeb/S_Nagatsuki_TW-47c355.json
2026-09-24 14:02:09 | INFO     | OK https://skeb.jp/api/users/hitsuzi_taro11
2026-09-24 14:02:09 | INFO     | Saving at a/skeb/hitsuzi_taro11-2e6e33.json
2026-09-24 14:02:10 | INFO     | OK https://skeb.jp/api/users/Rem_suimin0606
2026-09-24 14:02:10 | INFO     | Saving at a/skeb/Rem_suimin0606-c301c2.json
2026-09-24 14:02:11 | INFO     | OK https://skeb.jp/api/users/monu_oekaki
2026-09-24 14:02:11 | INFO     | Saving at a/skeb/monu_oekaki-c0254f.json
2026-09-24 14:02:12 | INFO     | OK https://skeb.jp/api/users/Kara_KR2
2026-09-24 14:02:12 | INFO     | Saving at a/skeb/Kara_KR2-746fd6.json
2026-09-24 14:02:14 | INFO     | OK https://skeb.jp/api/users/Negoiii_to_1
2026-09-24 14:02:14 | INFO     | Saving at a/skeb/Negoiii_to_1-36bf77.json
2026-09-24 14:02:15 | INFO     | OK https://skeb.jp/api/users/stem_720
2026-09-24 14:02:15 | INFO     | Saving at a/skeb/stem_720-36f37f.json
2026-09-24 14:02:16 | INFO     | OK https://skeb.jp/api/users/smz_inugasuki
2026-09-24 14:02:16 | INFO     | Saving at a/skeb/smz_inugasuki-3193ca.json
2026-09-24 14:02:16 | INFO     | OK https://skeb.jp/api/users/suuwo_request
2026-09-24 14:02:16 | INFO     | Saving at a/skeb/suuwo_request-0bb07b.json
2026-09-24 14:02:18 | INFO     | OK https://skeb.jp/api/users/creampuff9030
2026-09-24 14:02:18 | INFO     | Saving at a/skeb/creampuff9030-63e31b.json
2026-09-24 14:02:19 | INFO     | OK https://skeb.jp/api/users/koukoutatetate
2026-09-24 14:02:19 | INFO     | Saving at a/skeb/koukoutatetate-dc5cdc.json
2026-09-24 14:02:20 | INFO     | OK https://skeb.jp/api/users/nanashi_gb
2026-09-24 14:02:20 | INFO     | Saving at a/skeb/nanashi_gb-54acc5.json
2026-09-24 14:02:21 | INFO     | OK https://skeb.jp/api/users/Ereezolastan
2026-09-24 14:02:21 | INFO     | Saving at a/skeb/Ereezolastan-e74648.json
2026-09-24 14:02:21 | INFO     | OK https://skeb.jp/api/users/ikaremanju
2026-09-24 14:02:21 | INFO     | Saving at a/skeb/ikaremanju-d59047.json
2026-09-24 14:02:22 | INFO     | OK https://skeb.jp/api/users/zenji1129
2026-09-24 14:02:22 | INFO     | Saving at a/skeb/zenji1129-1dcf93.json
2026-09-24 14:02:24 | INFO     | OK https://skeb.jp/api/users/mu_ra_o4443
2026-09-24 14:02:24 | INFO     | Saving at a/skeb/mu_ra_o4443-24bbdb.json
2026-09-24 14:02:24 | INFO     | OK https://skeb.jp/api/users/holika_baby
2026-09-24 14:02:24 | INFO     | Saving at a/skeb/holika_baby-90f20f.json
2026-09-24 14:02:25 | INFO     | OK https://skeb.jp/api/users/grandnauts
2026-09-24 14:02:25 | INFO     | Saving at a/skeb/grandnauts-f2c8eb.json
2026-09-24 14:02:27 | INFO     | OK https://skeb.jp/api/users/osorosiya_21
2026-09-24 14:02:27 | INFO     | Saving at a/skeb/osorosiya_21-60fe57.json
2026-09-24 14:02:28 | INFO     | OK https://skeb.jp/api/users/okajamira
2026-09-24 14:02:28 | INFO     | Saving at a/skeb/okajamira-cfa860.json
2026-09-24 14:02:29 | INFO     | OK https://skeb.jp/api/users/tokitamonta
2026-09-24 14:02:29 | INFO     | Saving at a/skeb/tokitamonta-4515fb.json
2026-09-24 14:02:30 | INFO     | OK https://skeb.jp/api/users/yamakazema
2026-09-24 14:02:30 | INFO     | Saving at a/skeb/yamakazema-b17a1e.json
2026-09-24 14:02:31 | INFO     | OK https://skeb.jp/api/users/osamusa828
2026-09-24 14:02:31 | INFO     | Saving at a/skeb/osamusa828-41377b.json
2026-09-24 14:02:31 | INFO     | OK https://skeb.jp/api/users/gomaaa04
2026-09-24 14:02:31 | INFO     | Saving at a/skeb/gomaaa04-2833e1.json
2026-09-24 14:02:33 | INFO     | OK https://skeb.jp/api/users/7mmchan
2026-09-24 14:02:33 | INFO     | Saving at a/skeb/7mmchan-7bc35b.json
2026-09-24 14:02:33 | INFO     | OK https://skeb.jp/api/users/jiang_chua71633
2026-09-24 14:02:33 | INFO     | Saving at a/skeb/jiang_chua71633-384292.json
2026-09-24 14:02:35 | INFO     | OK https://skeb.jp/api/users/hano_luno
2026-09-24 14:02:35 | INFO     | Saving at a/skeb/hano_luno-5e85b2.json
2026-09-24 14:02:36 | INFO     | OK https://skeb.jp/api/users/pikopikopikol
2026-09-24 14:02:36 | INFO     | Saving at a/skeb/pikopikopikol-f14f4d.json
2026-09-24 14:02:36 | INFO     | OK https://skeb.jp/api/users/Telight_
2026-09-24 14:02:36 | INFO     | Saving at a/skeb/Telight_-546230.json
2026-09-24 14:02:38 | INFO     | OK https://skeb.jp/api/users/omuwith0
2026-09-24 14:02:38 | INFO     | Saving at a/skeb/omuwith0-381d2f.json
2026-09-24 14:02:39 | INFO     | OK https://skeb.jp/api/users/kyokounohit0
2026-09-24 14:02:39 | INFO     | Saving at a/skeb/kyokounohit0-154bce.json
2026-09-24 14:02:40 | INFO     | OK https://skeb.jp/api/users/tickzou1
2026-09-24 14:02:40 | INFO     | Saving at a/skeb/tickzou1-cf2394.json
2026-09-24 14:02:40 | INFO     | OK https://skeb.jp/api/users/Kawame_oekaki
2026-09-24 14:02:40 | INFO     | Saving at a/skeb/Kawame_oekaki-b1e819.json
2026-09-24 14:02:42 | INFO     | OK https://skeb.jp/api/users/Lune_chinemu
2026-09-24 14:02:42 | INFO     | Saving at a/skeb/Lune_chinemu-bcf16d.json
2026-09-24 14:02:43 | INFO     | OK https://skeb.jp/api/users/arikindows10
2026-09-24 14:02:43 | INFO     | Saving at a/skeb/arikindows10-b3753d.json
2026-09-24 14:02:43 | INFO     | OK https://skeb.jp/api/users/batttsu_404
2026-09-24 14:02:43 | INFO     | Saving at a/skeb/batttsu_404-5b2069.json
2026-09-24 14:02:45 | INFO     | OK https://skeb.jp/api/users/Dratakadragon
2026-09-24 14:02:45 | INFO     | Saving at a/skeb/Dratakadragon-c5918c.json
2026-09-24 14:02:45 | INFO     | OK https://skeb.jp/api/users/27zwnlq
2026-09-24 14:02:45 | INFO     | Saving at a/skeb/27zwnlq-568363.json
2026-09-24 14:02:46 | INFO     | OK https://skeb.jp/api/users/Noko_robunbun
2026-09-24 14:02:46 | INFO     | Saving at a/skeb/Noko_robunbun-8d149c.json
2026-09-24 14:02:47 | INFO     | OK https://skeb.jp/api/users/shinano1009
2026-09-24 14:02:47 | INFO     | Saving at a/skeb/shinano1009-a8de6c.json
2026-09-24 14:02:49 | INFO     | OK https://skeb.jp/api/users/YureiChanXXX
2026-09-24 14:02:49 | INFO     | Saving at a/skeb/YureiChanXXX-945397.json
2026-09-24 14:02:49 | INFO     | OK https://skeb.jp/api/users/sitano_tea
2026-09-24 14:02:49 | INFO     | Saving at a/skeb/sitano_tea-22775d.json
2026-09-24 14:02:50 | INFO     | OK https://skeb.jp/api/users/shiki_sagami
2026-09-24 14:02:50 | INFO     | Saving at a/skeb/shiki_sagami-ecb778.json
2026-09-24 14:02:52 | INFO     | OK https://skeb.jp/api/users/Ze_na
2026-09-24 14:02:52 | INFO     | Saving at a/skeb/Ze_na-4846e8.json
2026-09-24 14:02:52 | INFO     | OK https://skeb.jp/api/users/bouznikoniko
2026-09-24 14:02:52 | INFO     | Saving at a/skeb/bouznikoniko-e16451.json
2026-09-24 14:02:54 | INFO     | OK https://skeb.jp/api/users/sorute_12
2026-09-24 14:02:54 | INFO     | Saving at a/skeb/sorute_12-cc33a6.json
2026-09-24 14:02:54 | INFO     | OK https://skeb.jp/api/users/corncomb
2026-09-24 14:02:54 | INFO     | Saving at a/skeb/corncomb-fb429b.json
2026-09-24 14:02:56 | INFO     | OK https://skeb.jp/api/users/fleeemvf
2026-09-24 14:02:56 | INFO     | Saving at a/skeb/fleeemvf-6d7b51.json
2026-09-24 14:02:57 | INFO     | OK https://skeb.jp/api/users/aikoko1008
2026-09-24 14:02:57 | INFO     | Saving at a/skeb/aikoko1008-1bc641.json
2026-09-24 14:02:58 | INFO     | OK https://skeb.jp/api/users/H047E
2026-09-24 14:02:58 | INFO     | Saving at a/skeb/H047E-6865a6.json
2026-09-24 14:02:58 | INFO     | OK https://skeb.jp/api/users/nyusankun_2101
2026-09-24 14:02:58 | INFO     | Saving at a/skeb/nyusankun_2101-7c9735.json
2026-09-24 14:02:59 | INFO     | OK https://skeb.jp/api/users/ymwmti7
2026-09-24 14:02:59 | INFO     | Saving at a/skeb/ymwmti7-34c6fb.json
2026-09-24 14:03:01 | INFO     | OK https://skeb.jp/api/users/10re_10
2026-09-24 14:03:01 | INFO     | Saving at a/skeb/10re_10-18c138.json
2026-09-24 14:03:01 | INFO     | OK https://skeb.jp/api/users/3x21_02
2026-09-24 14:03:01 | INFO     | Saving at a/skeb/3x21_02-dafab8.json
2026-09-24 14:03:02 | INFO     | OK https://skeb.jp/api/users/39UMA_sakuma
2026-09-24 14:03:03 | INFO     | Saving at a/skeb/39UMA_sakuma-5c8148.json
2026-09-24 14:03:04 | INFO     | OK https://skeb.jp/api/users/rade_552
2026-09-24 14:03:04 | INFO     | Saving at a/skeb/rade_552-8547e3.json
2026-09-24 14:03:04 | INFO     | OK https://skeb.jp/api/users/zenimakitchen
2026-09-24 14:03:04 | INFO     | Saving at a/skeb/zenimakitchen-fce728.json
2026-09-24 14:03:05 | INFO     | OK https://skeb.jp/api/users/te_chichi_i
2026-09-24 14:03:05 | INFO     | Saving at a/skeb/te_chichi_i-08a660.json
2026-09-24 14:03:07 | INFO     | OK https://skeb.jp/api/users/biscuit___cake
2026-09-24 14:03:07 | INFO     | Saving at a/skeb/biscuit___cake-ece9ee.json
2026-09-24 14:03:08 | INFO     | OK https://skeb.jp/api/users/tamamo_ozen
2026-09-24 14:03:08 | INFO     | Saving at a/skeb/tamamo_ozen-595ef8.json
2026-09-24 14:03:09 | INFO     | OK https://skeb.jp/api/users/sio2_tiny
2026-09-24 14:03:09 | INFO     | Saving at a/skeb/sio2_tiny-265b47.json
2026-09-24 14:03:09 | INFO     | OK https://skeb.jp/api/users/todosionlovechu
2026-09-24 14:03:09 | INFO     | Saving at a/skeb/todosionlovechu-2ae44d.json
2026-09-24 14:03:11 | INFO     | OK https://skeb.jp/api/users/8eh2meow
2026-09-24 14:03:11 | INFO     | Saving at a/skeb/8eh2meow-a488f5.json
2026-09-24 14:03:11 | INFO     | OK https://skeb.jp/api/users/Loki_kn
2026-09-24 14:03:11 | INFO     | Saving at a/skeb/Loki_kn-66d3df.json
2026-09-24 14:03:13 | INFO     | OK https://skeb.jp/api/users/ini_ii_1
2026-09-24 14:03:13 | INFO     | Saving at a/skeb/ini_ii_1-3f065c.json
2026-09-24 14:03:13 | INFO     | OK https://skeb.jp/api/users/Mizumari_Rei
2026-09-24 14:03:13 | INFO     | Saving at a/skeb/Mizumari_Rei-37810f.json
2026-09-24 14:03:15 | INFO     | OK https://skeb.jp/api/users/parking_taisi
2026-09-24 14:03:15 | INFO     | Saving at a/skeb/parking_taisi-041652.json
2026-09-24 14:03:15 | INFO     | OK https://skeb.jp/api/users/sitala_ne
2026-09-24 14:03:15 | INFO     | Saving at a/skeb/sitala_ne-629bdb.json
2026-09-24 14:03:16 | INFO     | OK https://skeb.jp/api/users/I71YO
2026-09-24 14:03:16 | INFO     | Saving at a/skeb/I71YO-1cb895.json
2026-09-24 14:03:18 | INFO     | OK https://skeb.jp/api/users/mikimikiwo_UwU
2026-09-24 14:03:18 | INFO     | Saving at a/skeb/mikimikiwo_UwU-0b98a3.json
2026-09-24 14:03:18 | INFO     | OK https://skeb.jp/api/users/yama913
2026-09-24 14:03:18 | INFO     | Saving at a/skeb/yama913-50deba.json
2026-09-24 14:03:19 | INFO     | OK https://skeb.jp/api/users/BOREZET_mov
2026-09-24 14:03:19 | INFO     | Saving at a/skeb/BOREZET_mov-8e44b8.json
2026-09-24 14:03:20 | INFO     | OK https://skeb.jp/api/users/liquidmz_2
2026-09-24 14:03:20 | INFO     | Saving at a/skeb/liquidmz_2-e7a97e.json
2026-09-24 14:03:22 | INFO     | OK https://skeb.jp/api/users/BNdarkestdays
2026-09-24 14:03:22 | INFO     | Saving at a/skeb/BNdarkestdays-09d5ad.json
2026-09-24 14:03:23 | INFO     | OK https://skeb.jp/api/users/f2173
2026-09-24 14:03:23 | INFO     | Saving at a/skeb/f2173-aa213c.json
2026-09-24 14:03:24 | INFO     | OK https://skeb.jp/api/users/ebimirin1214
2026-09-24 14:03:24 | INFO     | Saving at a/skeb/ebimirin1214-28f96f.json
2026-09-24 14:03:24 | INFO     | OK https://skeb.jp/api/users/ois_72mkn
2026-09-24 14:03:24 | INFO     | Saving at a/skeb/ois_72mkn-d0a397.json
2026-09-24 14:03:26 | INFO     | OK https://skeb.jp/api/users/roki_mu_ON
2026-09-24 14:03:26 | INFO     | Saving at a/skeb/roki_mu_ON-552db0.json
2026-09-24 14:03:26 | INFO     | OK https://skeb.jp/api/users/Touka_30g
2026-09-24 14:03:26 | INFO     | Saving at a/skeb/Touka_30g-d258fd.json
2026-09-24 14:03:28 | INFO     | OK https://skeb.jp/api/users/MikaBoshi_L
2026-09-24 14:03:28 | INFO     | Saving at a/skeb/MikaBoshi_L-1f41e4.json
2026-09-24 14:03:29 | INFO     | OK https://skeb.jp/api/users/ynyk3x
2026-09-24 14:03:29 | INFO     | Saving at a/skeb/ynyk3x-051d7b.json
2026-09-24 14:03:30 | INFO     | OK https://skeb.jp/api/users/dot_myo
2026-09-24 14:03:30 | INFO     | Saving at a/skeb/dot_myo-dea7dc.json
2026-09-24 14:03:31 | INFO     | OK https://skeb.jp/api/users/mso_gng
2026-09-24 14:03:31 | INFO     | Saving at a/skeb/mso_gng-3d9d64.json
2026-09-24 14:03:31 | INFO     | OK https://skeb.jp/api/users/oekaki_maki321
2026-09-24 14:03:31 | INFO     | Saving at a/skeb/oekaki_maki321-de8bc3.json
2026-09-24 14:03:32 | INFO     | OK https://skeb.jp/api/users/poinx2
2026-09-24 14:03:32 | INFO     | Saving at a/skeb/poinx2-387231.json
2026-09-24 14:03:34 | INFO     | OK https://skeb.jp/api/users/fuji3DA_AHAHA
2026-09-24 14:03:34 | INFO     | Saving at a/skeb/fuji3DA_AHAHA-d91b75.json
2026-09-24 14:03:35 | INFO     | OK https://skeb.jp/api/users/lafremi0296d
2026-09-24 14:03:35 | INFO     | Saving at a/skeb/lafremi0296d-5e23da.json
2026-09-24 14:03:36 | INFO     | OK https://skeb.jp/api/users/amo_ha_
2026-09-24 14:03:36 | INFO     | Saving at a/skeb/amo_ha_-7eea84.json
2026-09-24 14:03:36 | INFO     | OK https://skeb.jp/api/users/doitsumuraTokyo
2026-09-24 14:03:36 | INFO     | Saving at a/skeb/doitsumuraTokyo-4cb99b.json
2026-09-24 14:03:37 | INFO     | OK https://skeb.jp/api/users/Nabetabetaiz
2026-09-24 14:03:37 | INFO     | Saving at a/skeb/Nabetabetaiz-6c1757.json
2026-09-24 14:03:39 | INFO     | OK https://skeb.jp/api/users/fungi_edo
2026-09-24 14:03:39 | INFO     | Saving at a/skeb/fungi_edo-b71045.json
2026-09-24 14:03:39 | INFO     | OK https://skeb.jp/api/users/___p___o___
2026-09-24 14:03:40 | INFO     | Saving at a/skeb/___p___o___-a91d9e.json
2026-09-24 14:03:41 | INFO     | OK https://skeb.jp/api/users/BeroarN
2026-09-24 14:03:41 | INFO     | Saving at a/skeb/BeroarN-3ecb11.json
2026-09-24 14:03:42 | INFO     | OK https://skeb.jp/api/users/ashikosiyowasi
2026-09-24 14:03:42 | INFO     | Saving at a/skeb/ashikosiyowasi-e6a052.json
2026-09-24 14:03:43 | INFO     | OK https://skeb.jp/api/users/binbou1my
2026-09-24 14:03:43 | INFO     | Saving at a/skeb/binbou1my-e7f1f7.json
2026-09-24 14:03:44 | INFO     | OK https://skeb.jp/api/users/yokuoma_rou
2026-09-24 14:03:44 | INFO     | Saving at a/skeb/yokuoma_rou-320144.json
2026-09-24 14:03:45 | INFO     | OK https://skeb.jp/api/users/kekkonsinasai
2026-09-24 14:03:45 | INFO     | Saving at a/skeb/kekkonsinasai-338cd6.json
2026-09-24 14:03:45 | INFO     | OK https://skeb.jp/api/users/Hakkou_GA_Hala
2026-09-24 14:03:45 | INFO     | Saving at a/skeb/Hakkou_GA_Hala-35fd57.json
2026-09-24 14:03:47 | INFO     | OK https://skeb.jp/api/users/Lost_Folio
2026-09-24 14:03:47 | INFO     | Saving at a/skeb/Lost_Folio-a9551c.json
2026-09-24 14:03:48 | INFO     | OK https://skeb.jp/api/users/ta_da_yo_u_miz
2026-09-24 14:03:48 | INFO     | Saving at a/skeb/ta_da_yo_u_miz-81650a.json
2026-09-24 14:03:49 | INFO     | OK https://skeb.jp/api/users/tt_czm
2026-09-24 14:03:49 | INFO     | Saving at a/skeb/tt_czm-c9f0a8.json
2026-09-24 14:03:50 | INFO     | OK https://skeb.jp/api/users/adumi231
2026-09-24 14:03:50 | INFO     | Saving at a/skeb/adumi231-77c149.json
2026-09-24 14:03:51 | INFO     | OK https://skeb.jp/api/users/Nojinoji_ggg
2026-09-24 14:03:51 | INFO     | Saving at a/skeb/Nojinoji_ggg-94077c.json
2026-09-24 14:03:52 | INFO     | OK https://skeb.jp/api/users/ikachangenemaHH
2026-09-24 14:03:52 | INFO     | Saving at a/skeb/ikachangenemaHH-e11f98.json
2026-09-24 14:03:52 | INFO     | OK https://skeb.jp/api/users/5doneshitai
2026-09-24 14:03:53 | INFO     | Saving at a/skeb/5doneshitai-820211.json
2026-09-24 14:03:54 | INFO     | OK https://skeb.jp/api/users/asa_poppy
2026-09-24 14:03:54 | INFO     | Saving at a/skeb/asa_poppy-ee65e1.json
2026-09-24 14:03:55 | INFO     | OK https://skeb.jp/api/users/iced_tea_u
2026-09-24 14:03:55 | INFO     | Saving at a/skeb/iced_tea_u-0b6542.json
2026-09-24 14:03:56 | INFO     | OK https://skeb.jp/api/users/h1sui_173
2026-09-24 14:03:56 | INFO     | Saving at a/skeb/h1sui_173-23a9ca.json
2026-09-24 14:03:57 | INFO     | OK https://skeb.jp/api/users/noinoirerda
2026-09-24 14:03:57 | INFO     | Saving at a/skeb/noinoirerda-9b06c7.json
2026-09-24 14:03:57 | INFO     | OK https://skeb.jp/api/users/sxh85o
2026-09-24 14:03:57 | INFO     | Saving at a/skeb/sxh85o-0539a6.json
2026-09-24 14:03:59 | INFO     | OK https://skeb.jp/api/users/kozome_blue
2026-09-24 14:03:59 | INFO     | Saving at a/skeb/kozome_blue-a2d21e.json
2026-09-24 14:04:00 | INFO     | OK https://skeb.jp/api/users/fuheho0706
2026-09-24 14:04:00 | INFO     | Saving at a/skeb/fuheho0706-08a5a6.json
2026-09-24 14:04:01 | INFO     | OK https://skeb.jp/api/users/386needle
2026-09-24 14:04:01 | INFO     | Saving at a/skeb/386needle-1a3e30.json
2026-09-24 14:04:02 | INFO     | OK https://skeb.jp/api/users/SNM_sunimi3
2026-09-24 14:04:02 | INFO     | Saving at a/skeb/SNM_sunimi3-a60ef2.json
2026-09-24 14:04:03 | INFO     | OK https://skeb.jp/api/users/mo_muri223
2026-09-24 14:04:03 | INFO     | Saving at a/skeb/mo_muri223-ba05dc.json
2026-09-24 14:04:04 | INFO     | OK https://skeb.jp/api/users/comachipan
2026-09-24 14:04:04 | INFO     | Saving at a/skeb/comachipan-94eee6.json
2026-09-24 14:04:05 | INFO     | OK https://skeb.jp/api/users/kenkou05486
2026-09-24 14:04:05 | INFO     | Saving at a/skeb/kenkou05486-41941f.json
2026-09-24 14:04:06 | INFO     | OK https://skeb.jp/api/users/moyasi05
2026-09-24 14:04:06 | INFO     | Saving at a/skeb/moyasi05-a44c34.json
2026-09-24 14:04:07 | INFO     | OK https://skeb.jp/api/users/boc_10111
2026-09-24 14:04:07 | INFO     | Saving at a/skeb/boc_10111-b8264f.json
2026-09-24 14:04:08 | INFO     | OK https://skeb.jp/api/users/SuriGoma_ryona
2026-09-24 14:04:08 | INFO     | Saving at a/skeb/SuriGoma_ryona-6b82bc.json
2026-09-24 14:04:09 | INFO     | OK https://skeb.jp/api/users/neginekomiso
2026-09-24 14:04:09 | INFO     | Saving at a/skeb/neginekomiso-7fe63a.json
2026-09-24 14:04:10 | INFO     | OK https://skeb.jp/api/users/Meowstic__
2026-09-24 14:04:10 | INFO     | Saving at a/skeb/Meowstic__-881415.json
2026-09-24 14:04:11 | INFO     | OK https://skeb.jp/api/users/yuyu_shiki07
2026-09-24 14:04:11 | INFO     | Saving at a/skeb/yuyu_shiki07-5a5f2d.json
2026-09-24 14:04:12 | INFO     | OK https://skeb.jp/api/users/fy_fp7
2026-09-24 14:04:12 | INFO     | Saving at a/skeb/fy_fp7-3a99f6.json
2026-09-24 14:04:13 | INFO     | OK https://skeb.jp/api/users/ISB52765277
2026-09-24 14:04:13 | INFO     | Saving at a/skeb/ISB52765277-9e2520.json
2026-09-24 14:04:14 | INFO     | OK https://skeb.jp/api/users/This_is_dead_XP
2026-09-24 14:04:14 | INFO     | Saving at a/skeb/This_is_dead_XP-36c1ec.json
2026-09-24 14:04:15 | INFO     | OK https://skeb.jp/api/users/uranokitarou
2026-09-24 14:04:15 | INFO     | Saving at a/skeb/uranokitarou-fb1b61.json
2026-09-24 14:04:16 | INFO     | OK https://skeb.jp/api/users/kuji0419
2026-09-24 14:04:16 | INFO     | Saving at a/skeb/kuji0419-fdc62d.json
2026-09-24 14:04:16 | INFO     | OK https://skeb.jp/api/users/u_ubuyu
2026-09-24 14:04:16 | INFO     | Saving at a/skeb/u_ubuyu-1926dd.json
2026-09-24 14:04:18 | INFO     | OK https://skeb.jp/api/users/Yomotsu_issssa
2026-09-24 14:04:18 | INFO     | Saving at a/skeb/Yomotsu_issssa-3b0279.json
2026-09-24 14:04:19 | INFO     | OK https://skeb.jp/api/users/na_ko907
2026-09-24 14:04:19 | INFO     | Saving at a/skeb/na_ko907-e16941.json
2026-09-24 14:04:20 | INFO     | OK https://skeb.jp/api/users/sgrk_02sub
2026-09-24 14:04:20 | INFO     | Saving at a/skeb/sgrk_02sub-8519e9.json
2026-09-24 14:04:21 | INFO     | OK https://skeb.jp/api/users/N2M_nk
2026-09-24 14:04:21 | INFO     | Saving at a/skeb/N2M_nk-ae72d3.json
2026-09-24 14:04:22 | INFO     | OK https://skeb.jp/api/users/TRPG_aka12
2026-09-24 14:04:22 | INFO     | Saving at a/skeb/TRPG_aka12-167899.json
2026-09-24 14:04:23 | INFO     | OK https://skeb.jp/api/users/banE_shinji
2026-09-24 14:04:23 | INFO     | Saving at a/skeb/banE_shinji-1ef3cb.json
2026-09-24 14:04:24 | INFO     | OK https://skeb.jp/api/users/kulumi_DQX
2026-09-24 14:04:24 | INFO     | Saving at a/skeb/kulumi_DQX-a909b9.json
2026-09-24 14:04:25 | INFO     | OK https://skeb.jp/api/users/banben111
2026-09-24 14:04:25 | INFO     | Saving at a/skeb/banben111-36484a.json
2026-09-24 14:04:26 | INFO     | OK https://skeb.jp/api/users/1ka_ri
2026-09-24 14:04:26 | INFO     | Saving at a/skeb/1ka_ri-5243fb.json
2026-09-24 14:04:26 | INFO     | OK https://skeb.jp/api/users/Porco_JJ
2026-09-24 14:04:26 | INFO     | Saving at a/skeb/Porco_JJ-a6b3a0.json
2026-09-24 14:04:27 | INFO     | OK https://skeb.jp/api/users/Say1lxa
2026-09-24 14:04:27 | INFO     | Saving at a/skeb/Say1lxa-8c8e3b.json
2026-09-24 14:04:29 | INFO     | OK https://skeb.jp/api/users/BJk3YEh1ZHyWgnD
2026-09-24 14:04:29 | INFO     | Saving at a/skeb/BJk3YEh1ZHyWgnD-931fe1.json
2026-09-24 14:04:30 | INFO     | OK https://skeb.jp/api/users/yowa2momo
2026-09-24 14:04:30 | INFO     | Saving at a/skeb/yowa2momo-4cb394.json
2026-09-24 14:04:31 | INFO     | OK https://skeb.jp/api/users/genesis1556
2026-09-24 14:04:31 | INFO     | Saving at a/skeb/genesis1556-353fe8.json
2026-09-24 14:04:31 | INFO     | OK https://skeb.jp/api/users/pr_oosu_hikaru
2026-09-24 14:04:31 | INFO     | Saving at a/skeb/pr_oosu_hikaru-8be1a2.json
2026-09-24 14:04:33 | INFO     | OK https://skeb.jp/api/users/Nerune_mn
2026-09-24 14:04:33 | INFO     | Saving at a/skeb/Nerune_mn-e09a69.json
2026-09-24 14:04:33 | INFO     | OK https://skeb.jp/api/users/itoutooka
2026-09-24 14:04:33 | INFO     | Saving at a/skeb/itoutooka-7a32bb.json
2026-09-24 14:04:35 | INFO     | OK https://skeb.jp/api/users/toba_ww
2026-09-24 14:04:35 | INFO     | Saving at a/skeb/toba_ww-067add.json
2026-09-24 14:04:36 | INFO     | OK https://skeb.jp/api/users/2q8k0
2026-09-24 14:04:36 | INFO     | Saving at a/skeb/2q8k0-da6147.json
2026-09-24 14:04:37 | INFO     | OK https://skeb.jp/api/users/sakosan
2026-09-24 14:04:37 | INFO     | Saving at a/skeb/sakosan-9143fc.json
2026-09-24 14:04:38 | INFO     | OK https://skeb.jp/api/users/Hyb__muyuu
2026-09-24 14:04:38 | INFO     | Saving at a/skeb/Hyb__muyuu-f6e066.json
2026-09-24 14:04:39 | INFO     | OK https://skeb.jp/api/users/fuwaaa6
2026-09-24 14:04:39 | INFO     | Saving at a/skeb/fuwaaa6-226847.json
2026-09-24 14:04:40 | INFO     | OK https://skeb.jp/api/users/_As21_00
2026-09-24 14:04:40 | INFO     | Saving at a/skeb/_As21_00-9d9378.json
2026-09-24 14:04:41 | INFO     | OK https://skeb.jp/api/users/nmhm_slr
2026-09-24 14:04:41 | INFO     | Saving at a/skeb/nmhm_slr-38b4ba.json
2026-09-24 14:04:42 | INFO     | OK https://skeb.jp/api/users/mikoko1
2026-09-24 14:04:42 | INFO     | Saving at a/skeb/mikoko1-b8f3ec.json
2026-09-24 14:04:43 | INFO     | OK https://skeb.jp/api/users/s08406902
2026-09-24 14:04:43 | INFO     | Saving at a/skeb/s08406902-e79211.json
2026-09-24 14:04:44 | INFO     | OK https://skeb.jp/api/users/syaru180
2026-09-24 14:04:44 | INFO     | Saving at a/skeb/syaru180-eb12a8.json
2026-09-24 14:04:45 | INFO     | OK https://skeb.jp/api/users/3ka7no_sub
2026-09-24 14:04:45 | INFO     | Saving at a/skeb/3ka7no_sub-2ffd1f.json
2026-09-24 14:04:46 | INFO     | OK https://skeb.jp/api/users/shitsuhito_
2026-09-24 14:04:46 | INFO     | Saving at a/skeb/shitsuhito_-44c098.json
2026-09-24 14:04:47 | INFO     | OK https://skeb.jp/api/users/smk6711
2026-09-24 14:04:47 | INFO     | Saving at a/skeb/smk6711-72d8d9.json
2026-09-24 14:04:48 | INFO     | OK https://skeb.jp/api/users/sayo_mgn
2026-09-24 14:04:48 | INFO     | Saving at a/skeb/sayo_mgn-5599f6.json
2026-09-24 14:04:49 | INFO     | OK https://skeb.jp/api/users/noboru_eaka
2026-09-24 14:04:49 | INFO     | Saving at a/skeb/noboru_eaka-d51cf1.json
2026-09-24 14:04:50 | INFO     | OK https://skeb.jp/api/users/mikon_g
2026-09-24 14:04:50 | INFO     | Saving at a/skeb/mikon_g-b8971e.json
2026-09-24 14:04:51 | INFO     | OK https://skeb.jp/api/users/HarubaAme
2026-09-24 14:04:51 | INFO     | Saving at a/skeb/HarubaAme-bc9f87.json
2026-09-24 14:04:52 | INFO     | OK https://skeb.jp/api/users/gomananoni
2026-09-24 14:04:52 | INFO     | Saving at a/skeb/gomananoni-574810.json
2026-09-24 14:04:53 | INFO     | OK https://skeb.jp/api/users/kasou_0v0
2026-09-24 14:04:53 | INFO     | Saving at a/skeb/kasou_0v0-e79a7c.json
2026-09-24 14:04:54 | INFO     | OK https://skeb.jp/api/users/ringo_fuwafuwa2
2026-09-24 14:04:54 | INFO     | Saving at a/skeb/ringo_fuwafuwa2-dd01a3.json
2026-09-24 14:04:55 | INFO     | OK https://skeb.jp/api/users/oekakiidolneko2
2026-09-24 14:04:55 | INFO     | Saving at a/skeb/oekakiidolneko2-a9c970.json
2026-09-24 14:04:56 | INFO     | OK https://skeb.jp/api/users/ata1n0E
2026-09-24 14:04:56 | INFO     | Saving at a/skeb/ata1n0E-c5e719.json
2026-09-24 14:04:57 | INFO     | OK https://skeb.jp/api/users/akisuke06080608
2026-09-24 14:04:57 | INFO     | Saving at a/skeb/akisuke06080608-d8e52e.json
2026-09-24 14:04:58 | INFO     | OK https://skeb.jp/api/users/GRONGIKBTIT
2026-09-24 14:04:58 | INFO     | Saving at a/skeb/GRONGIKBTIT-d3b027.json
2026-09-24 14:04:59 | INFO     | OK https://skeb.jp/api/users/srk_tk250
2026-09-24 14:04:59 | INFO     | Saving at a/skeb/srk_tk250-61efa3.json
2026-09-24 14:05:00 | INFO     | OK https://skeb.jp/api/users/yuyuzu22
2026-09-24 14:05:00 | INFO     | Saving at a/skeb/yuyuzu22-00c777.json
2026-09-24 14:05:01 | INFO     | OK https://skeb.jp/api/users/aznasub
2026-09-24 14:05:01 | INFO     | Saving at a/skeb/aznasub-3f119b.json
2026-09-24 14:05:02 | INFO     | OK https://skeb.jp/api/users/emanon123_78m
2026-09-24 14:05:02 | INFO     | Saving at a/skeb/emanon123_78m-98b557.json
2026-09-24 14:05:03 | INFO     | OK https://skeb.jp/api/users/vznqkr
2026-09-24 14:05:03 | INFO     | Saving at a/skeb/vznqkr-db36a2.json
2026-09-24 14:05:04 | INFO     | OK https://skeb.jp/api/users/Hanadori0645
2026-09-24 14:05:04 | INFO     | Saving at a/skeb/Hanadori0645-b79632.json
2026-09-24 14:05:05 | INFO     | OK https://skeb.jp/api/users/Ototo1_3
2026-09-24 14:05:05 | INFO     | Saving at a/skeb/Ototo1_3-3682f3.json
2026-09-24 14:05:06 | INFO     | OK https://skeb.jp/api/users/nana_kisaragi
2026-09-24 14:05:06 | INFO     | Saving at a/skeb/nana_kisaragi-615d3c.json
2026-09-24 14:05:07 | INFO     | OK https://skeb.jp/api/users/Made_In_MW
2026-09-24 14:05:07 | INFO     | Saving at a/skeb/Made_In_MW-b2eca3.json
2026-09-24 14:05:08 | INFO     | OK https://skeb.jp/api/users/0kgn0
2026-09-24 14:05:08 | INFO     | Saving at a/skeb/0kgn0-6d1812.json
2026-09-24 14:05:09 | INFO     | OK https://skeb.jp/api/users/muri_kan_
2026-09-24 14:05:09 | INFO     | Saving at a/skeb/muri_kan_-5d7b07.json
2026-09-24 14:05:10 | INFO     | OK https://skeb.jp/api/users/omanu_san
2026-09-24 14:05:10 | INFO     | Saving at a/skeb/omanu_san-2e57ac.json
2026-09-24 14:05:11 | INFO     | OK https://skeb.jp/api/users/Gnbr_TAI
2026-09-24 14:05:11 | INFO     | Saving at a/skeb/Gnbr_TAI-82eb7b.json
2026-09-24 14:05:12 | INFO     | OK https://skeb.jp/api/users/Ultramarine430
2026-09-24 14:05:12 | INFO     | Saving at a/skeb/Ultramarine430-8450d7.json
2026-09-24 14:05:13 | INFO     | OK https://skeb.jp/api/users/Raguhaha1294
2026-09-24 14:05:13 | INFO     | Saving at a/skeb/Raguhaha1294-09e696.json
2026-09-24 14:05:14 | INFO     | OK https://skeb.jp/api/users/yasai_yudu
2026-09-24 14:05:14 | INFO     | Saving at a/skeb/yasai_yudu-94c620.json
2026-09-24 14:05:15 | INFO     | OK https://skeb.jp/api/users/yunmu_g
2026-09-24 14:05:15 | INFO     | Saving at a/skeb/yunmu_g-b283fa.json
2026-09-24 14:05:16 | INFO     | OK https://skeb.jp/api/users/circle_of_adole
2026-09-24 14:05:16 | INFO     | Saving at a/skeb/circle_of_adole-b1c422.json
2026-09-24 14:05:17 | INFO     | OK https://skeb.jp/api/users/hasunohato_
2026-09-24 14:05:17 | INFO     | Saving at a/skeb/hasunohato_-6ab511.json
2026-09-24 14:05:18 | INFO     | OK https://skeb.jp/api/users/Acorn12_O
2026-09-24 14:05:18 | INFO     | Saving at a/skeb/Acorn12_O-d1cb17.json
2026-09-24 14:05:19 | INFO     | OK https://skeb.jp/api/users/kyomugiko5
2026-09-24 14:05:19 | INFO     | Saving at a/skeb/kyomugiko5-9fe40b.json
2026-09-24 14:05:20 | INFO     | OK https://skeb.jp/api/users/Twi2Ryu
2026-09-24 14:05:20 | INFO     | Saving at a/skeb/Twi2Ryu-4ab4e8.json
2026-09-24 14:05:21 | INFO     | OK https://skeb.jp/api/users/aogitunefox
2026-09-24 14:05:21 | INFO     | Saving at a/skeb/aogitunefox-02efb5.json
2026-09-24 14:05:22 | INFO     | OK https://skeb.jp/api/users/mofumaro1234
2026-09-24 14:05:22 | INFO     | Saving at a/skeb/mofumaro1234-92fb7b.json
2026-09-24 14:05:23 | INFO     | OK https://skeb.jp/api/users/S_masa_0
2026-09-24 14:05:23 | INFO     | Saving at a/skeb/S_masa_0-b66683.json
2026-09-24 14:05:24 | INFO     | OK https://skeb.jp/api/users/noinoiro
2026-09-24 14:05:24 | INFO     | Saving at a/skeb/noinoiro-f87366.json
2026-09-24 14:05:25 | INFO     | OK https://skeb.jp/api/users/DoA_3d
2026-09-24 14:05:25 | INFO     | Saving at a/skeb/DoA_3d-625460.json
2026-09-24 14:05:25 | INFO     | OK https://skeb.jp/api/users/ikr_nandemo
2026-09-24 14:05:25 | INFO     | Saving at a/skeb/ikr_nandemo-b7414b.json
2026-09-24 14:05:27 | INFO     | OK https://skeb.jp/api/users/llll_639
2026-09-24 14:05:27 | INFO     | Saving at a/skeb/llll_639-890240.json
2026-09-24 14:05:28 | INFO     | OK https://skeb.jp/api/users/kokeuma
2026-09-24 14:05:28 | INFO     | Saving at a/skeb/kokeuma-3cce34.json
2026-09-24 14:05:29 | INFO     | OK https://skeb.jp/api/users/1li_ko
2026-09-24 14:05:29 | INFO     | Saving at a/skeb/1li_ko-60f92e.json
2026-09-24 14:05:30 | INFO     | OK https://skeb.jp/api/users/4M4T0_0321
2026-09-24 14:05:30 | INFO     | Saving at a/skeb/4M4T0_0321-698daf.json
2026-09-24 14:05:31 | INFO     | OK https://skeb.jp/api/users/huse_9
2026-09-24 14:05:31 | INFO     | Saving at a/skeb/huse_9-1539c7.json
2026-09-24 14:05:32 | INFO     | OK https://skeb.jp/api/users/sasunopiBluesky
2026-09-24 14:05:32 | INFO     | Saving at a/skeb/sasunopiBluesky-62722c.json
2026-09-24 14:05:33 | INFO     | OK https://skeb.jp/api/users/kurimu22o
2026-09-24 14:05:33 | INFO     | Saving at a/skeb/kurimu22o-c883b5.json
2026-09-24 14:05:34 | INFO     | OK https://skeb.jp/api/users/kato_ohagi
2026-09-24 14:05:34 | INFO     | Saving at a/skeb/kato_ohagi-19dc92.json
2026-09-24 14:05:35 | INFO     | OK https://skeb.jp/api/users/nehituji21
2026-09-24 14:05:35 | INFO     | Saving at a/skeb/nehituji21-718065.json
2026-09-24 14:05:36 | INFO     | OK https://skeb.jp/api/users/Vore66291335
2026-09-24 14:05:36 | INFO     | Saving at a/skeb/Vore66291335-44b0b3.json
2026-09-24 14:05:37 | INFO     | OK https://skeb.jp/api/users/S_Saltare
2026-09-24 14:05:37 | INFO     | Saving at a/skeb/S_Saltare-05c79d.json
2026-09-24 14:05:38 | INFO     | OK https://skeb.jp/api/users/nohako_x
2026-09-24 14:05:38 | INFO     | Saving at a/skeb/nohako_x-cf359c.json
2026-09-24 14:05:39 | INFO     | OK https://skeb.jp/api/users/nanayorozu
2026-09-24 14:05:39 | INFO     | Saving at a/skeb/nanayorozu-eb3939.json
2026-09-24 14:05:40 | INFO     | OK https://skeb.jp/api/users/amarimari1092
2026-09-24 14:05:40 | INFO     | Saving at a/skeb/amarimari1092-89ed07.json
2026-09-24 14:05:41 | INFO     | OK https://skeb.jp/api/users/I3dpi
2026-09-24 14:05:41 | INFO     | Saving at a/skeb/I3dpi-486c56.json
2026-09-24 14:05:42 | INFO     | OK https://skeb.jp/api/users/matcha_koma
2026-09-24 14:05:42 | INFO     | Saving at a/skeb/matcha_koma-075ad8.json
2026-09-24 14:05:43 | INFO     | OK https://skeb.jp/api/users/Shintaro_Okabe
2026-09-24 14:05:43 | INFO     | Saving at a/skeb/Shintaro_Okabe-06655b.json
2026-09-24 14:05:44 | INFO     | OK https://skeb.jp/api/users/zassyoku_DD
2026-09-24 14:05:44 | INFO     | Saving at a/skeb/zassyoku_DD-ab894b.json
2026-09-24 14:05:45 | INFO     | OK https://skeb.jp/api/users/sarukichi_6401
2026-09-24 14:05:45 | INFO     | Saving at a/skeb/sarukichi_6401-528b1b.json
2026-09-24 14:05:46 | INFO     | OK https://skeb.jp/api/users/2ya2yaryu
2026-09-24 14:05:46 | INFO     | Saving at a/skeb/2ya2yaryu-9eebe3.json
2026-09-24 14:05:46 | INFO     | OK https://skeb.jp/api/users/_ha1sui
2026-09-24 14:05:46 | INFO     | Saving at a/skeb/_ha1sui-2b18e8.json
2026-09-24 14:05:48 | INFO     | OK https://skeb.jp/api/users/slfru7
2026-09-24 14:05:48 | INFO     | Saving at a/skeb/slfru7-cf6d3c.json
2026-09-24 14:05:49 | INFO     | OK https://skeb.jp/api/users/amamo__38
2026-09-24 14:05:49 | INFO     | Saving at a/skeb/amamo__38-b53e54.json
2026-09-24 14:05:50 | INFO     | OK https://skeb.jp/api/users/159cm0630
2026-09-24 14:05:50 | INFO     | Saving at a/skeb/159cm0630-1b8009.json
2026-09-24 14:05:51 | INFO     | OK https://skeb.jp/api/users/hosisorara0
2026-09-24 14:05:51 | INFO     | Saving at a/skeb/hosisorara0-4b7515.json
2026-09-24 14:05:52 | INFO     | OK https://skeb.jp/api/users/tsuyutsuki_kusa
2026-09-24 14:05:52 | INFO     | Saving at a/skeb/tsuyutsuki_kusa-b71e6e.json
2026-09-24 14:05:53 | INFO     | OK https://skeb.jp/api/users/karukinuki
2026-09-24 14:05:53 | INFO     | Saving at a/skeb/karukinuki-29b295.json
2026-09-24 14:05:54 | INFO     | OK https://skeb.jp/api/users/az3nnn
2026-09-24 14:05:54 | INFO     | Saving at a/skeb/az3nnn-1f93f4.json
2026-09-24 14:05:55 | INFO     | OK https://skeb.jp/api/users/aruurara
2026-09-24 14:05:55 | INFO     | Saving at a/skeb/aruurara-699ad2.json
2026-09-24 14:05:56 | INFO     | OK https://skeb.jp/api/users/minabe_6711
2026-09-24 14:05:56 | INFO     | Saving at a/skeb/minabe_6711-220591.json
2026-09-24 14:05:57 | INFO     | OK https://skeb.jp/api/users/n____5a
2026-09-24 14:05:57 | INFO     | Saving at a/skeb/n____5a-cc6488.json
2026-09-24 14:05:58 | INFO     | OK https://skeb.jp/api/users/NIKUKUE_
2026-09-24 14:05:58 | INFO     | Saving at a/skeb/NIKUKUE_-3602c3.json
2026-09-24 14:05:59 | INFO     | OK https://skeb.jp/api/users/goruchopame
2026-09-24 14:05:59 | INFO     | Saving at a/skeb/goruchopame-94a9d9.json
2026-09-24 14:06:00 | INFO     | OK https://skeb.jp/api/users/vo_ov_1021
2026-09-24 14:06:00 | INFO     | Saving at a/skeb/vo_ov_1021-680e87.json
2026-09-24 14:06:01 | INFO     | OK https://skeb.jp/api/users/mikaduki5
2026-09-24 14:06:01 | INFO     | Saving at a/skeb/mikaduki5-8e3791.json
2026-09-24 14:06:02 | INFO     | OK https://skeb.jp/api/users/hauberk888
2026-09-24 14:06:02 | INFO     | Saving at a/skeb/hauberk888-fa25be.json
2026-09-24 14:06:03 | INFO     | OK https://skeb.jp/api/users/LtDt_ill
2026-09-24 14:06:03 | INFO     | Saving at a/skeb/LtDt_ill-d0227f.json
2026-09-24 14:06:04 | INFO     | OK https://skeb.jp/api/users/bombomhifugigo
2026-09-24 14:06:04 | INFO     | Saving at a/skeb/bombomhifugigo-11bd60.json
2026-09-24 14:06:05 | INFO     | OK https://skeb.jp/api/users/volmohisca
2026-09-24 14:06:05 | INFO     | Saving at a/skeb/volmohisca-e331ce.json
2026-09-24 14:06:06 | INFO     | OK https://skeb.jp/api/users/torikick
2026-09-24 14:06:06 | INFO     | Saving at a/skeb/torikick-5687f2.json
2026-09-24 14:06:07 | INFO     | OK https://skeb.jp/api/users/hinekobi_pro
2026-09-24 14:06:07 | INFO     | Saving at a/skeb/hinekobi_pro-9f1a17.json
2026-09-24 14:06:08 | INFO     | OK https://skeb.jp/api/users/tarachi_55_55
2026-09-24 14:06:08 | INFO     | Saving at a/skeb/tarachi_55_55-50cb1e.json
2026-09-24 14:06:09 | INFO     | OK https://skeb.jp/api/users/xxxo_oxxx___
2026-09-24 14:06:09 | INFO     | Saving at a/skeb/xxxo_oxxx___-ad09a3.json
2026-09-24 14:06:10 | INFO     | OK https://skeb.jp/api/users/motoiwork
2026-09-24 14:06:10 | INFO     | Saving at a/skeb/motoiwork-95861c.json
2026-09-24 14:06:11 | INFO     | OK https://skeb.jp/api/users/_NASHIKUN_
2026-09-24 14:06:11 | INFO     | Saving at a/skeb/_NASHIKUN_-3b5253.json
2026-09-24 14:06:12 | INFO     | OK https://skeb.jp/api/users/onion0131
2026-09-24 14:06:12 | INFO     | Saving at a/skeb/onion0131-dbe78f.json
2026-09-24 14:06:13 | INFO     | OK https://skeb.jp/api/users/kafka_0525
2026-09-24 14:06:13 | INFO     | Saving at a/skeb/kafka_0525-7149ba.json
2026-09-24 14:06:14 | INFO     | OK https://skeb.jp/api/users/sui_sl0
2026-09-24 14:06:14 | INFO     | Saving at a/skeb/sui_sl0-dce263.json
2026-09-24 14:06:15 | INFO     | OK https://skeb.jp/api/users/35_seno
2026-09-24 14:06:15 | INFO     | Saving at a/skeb/35_seno-36fba8.json
2026-09-24 14:06:16 | INFO     | OK https://skeb.jp/api/users/Omc_0905
2026-09-24 14:06:16 | INFO     | Saving at a/skeb/Omc_0905-33c18a.json
2026-09-24 14:06:17 | INFO     | OK https://skeb.jp/api/users/kumaneco_22
2026-09-24 14:06:17 | INFO     | Saving at a/skeb/kumaneco_22-f0625a.json
2026-09-24 14:06:18 | INFO     | OK https://skeb.jp/api/users/inposamu
2026-09-24 14:06:18 | INFO     | Saving at a/skeb/inposamu-020a88.json
2026-09-24 14:06:19 | INFO     | OK https://skeb.jp/api/users/Inukura_Haru
2026-09-24 14:06:19 | INFO     | Saving at a/skeb/Inukura_Haru-f60b63.json
2026-09-24 14:06:20 | INFO     | OK https://skeb.jp/api/users/AAAmagasA
2026-09-24 14:06:20 | INFO     | Saving at a/skeb/AAAmagasA-d69836.json
2026-09-24 14:06:21 | INFO     | OK https://skeb.jp/api/users/_ak3__0
2026-09-24 14:06:21 | INFO     | Saving at a/skeb/_ak3__0-17f89a.json
2026-09-24 14:06:22 | INFO     | OK https://skeb.jp/api/users/mgmg23kmf
2026-09-24 14:06:22 | INFO     | Saving at a/skeb/mgmg23kmf-12f9f9.json
2026-09-24 14:06:23 | INFO     | OK https://skeb.jp/api/users/Minimanimo
2026-09-24 14:06:23 | INFO     | Saving at a/skeb/Minimanimo-d93354.json
2026-09-24 14:06:24 | INFO     | OK https://skeb.jp/api/users/SCKnoYT
2026-09-24 14:06:24 | INFO     | Saving at a/skeb/SCKnoYT-bfecbb.json
2026-09-24 14:06:25 | INFO     | OK https://skeb.jp/api/users/CO_rv5
2026-09-24 14:06:25 | INFO     | Saving at a/skeb/CO_rv5-7b3373.json
2026-09-24 14:06:26 | INFO     | OK https://skeb.jp/api/users/Posk_ey
2026-09-24 14:06:26 | INFO     | Saving at a/skeb/Posk_ey-f6a4e2.json
2026-09-24 14:06:27 | INFO     | OK https://skeb.jp/api/users/higraka
2026-09-24 14:06:27 | INFO     | Saving at a/skeb/higraka-976c9d.json
2026-09-24 14:06:28 | INFO     | OK https://skeb.jp/api/users/kmkwuzn0404
2026-09-24 14:06:28 | INFO     | Saving at a/skeb/kmkwuzn0404-082c32.json
2026-09-24 14:06:29 | INFO     | OK https://skeb.jp/api/users/makotouF
2026-09-24 14:06:29 | INFO     | Saving at a/skeb/makotouF-e5ca42.json
2026-09-24 14:06:30 | INFO     | OK https://skeb.jp/api/users/pipopipositeru
2026-09-24 14:06:30 | INFO     | Saving at a/skeb/pipopipositeru-e9546f.json
2026-09-24 14:06:31 | INFO     | OK https://skeb.jp/api/users/rakugaki_kt2
2026-09-24 14:06:31 | INFO     | Saving at a/skeb/rakugaki_kt2-81fb46.json
2026-09-24 14:06:32 | INFO     | OK https://skeb.jp/api/users/botabota_mocchi
2026-09-24 14:06:32 | INFO     | Saving at a/skeb/botabota_mocchi-bd7165.json
2026-09-24 14:06:33 | INFO     | OK https://skeb.jp/api/users/Ilias_studio
2026-09-24 14:06:33 | INFO     | Saving at a/skeb/Ilias_studio-4f5d18.json
2026-09-24 14:06:33 | INFO     | OK https://skeb.jp/api/users/sasuga1203
2026-09-24 14:06:33 | INFO     | Saving at a/skeb/sasuga1203-ad2d69.json
2026-09-24 14:06:35 | INFO     | OK https://skeb.jp/api/users/buraninn
2026-09-24 14:06:35 | INFO     | Saving at a/skeb/buraninn-7fd80e.json
2026-09-24 14:06:36 | INFO     | OK https://skeb.jp/api/users/nootoru_g
2026-09-24 14:06:36 | INFO     | Saving at a/skeb/nootoru_g-d61a28.json
2026-09-24 14:06:37 | INFO     | OK https://skeb.jp/api/users/himodayoo
2026-09-24 14:06:37 | INFO     | Saving at a/skeb/himodayoo-a00bbc.json
2026-09-24 14:06:38 | INFO     | OK https://skeb.jp/api/users/ef_20200211
2026-09-24 14:06:38 | INFO     | Saving at a/skeb/ef_20200211-9e83f7.json
2026-09-24 14:06:39 | INFO     | OK https://skeb.jp/api/users/Colon_BR
2026-09-24 14:06:39 | INFO     | Saving at a/skeb/Colon_BR-2081b8.json
2026-09-24 14:06:39 | INFO     | OK https://skeb.jp/api/users/yakanf2f2pHw
2026-09-24 14:06:39 | INFO     | Saving at a/skeb/yakanf2f2pHw-687f9e.json
2026-09-24 14:06:41 | INFO     | OK https://skeb.jp/api/users/omilipap
2026-09-24 14:06:41 | INFO     | Saving at a/skeb/omilipap-a57685.json
2026-09-24 14:06:42 | INFO     | OK https://skeb.jp/api/users/chibitaro
2026-09-24 14:06:42 | INFO     | Saving at a/skeb/chibitaro-cd6355.json
2026-09-24 14:06:43 | INFO     | OK https://skeb.jp/api/users/_piyo_piyo_00
2026-09-24 14:06:43 | INFO     | Saving at a/skeb/_piyo_piyo_00-a58619.json
2026-09-24 14:06:44 | INFO     | OK https://skeb.jp/api/users/nekonora_999
2026-09-24 14:06:44 | INFO     | Saving at a/skeb/nekonora_999-7dbe8f.json
2026-09-24 14:06:45 | INFO     | OK https://skeb.jp/api/users/_wrig_
2026-09-24 14:06:45 | INFO     | Saving at a/skeb/_wrig_-e23030.json
2026-09-24 14:06:46 | INFO     | OK https://skeb.jp/api/users/kan0922rkgk
2026-09-24 14:06:46 | INFO     | Saving at a/skeb/kan0922rkgk-177a05.json
2026-09-24 14:06:47 | INFO     | OK https://skeb.jp/api/users/FamSun863
2026-09-24 14:06:47 | INFO     | Saving at a/skeb/FamSun863-f11658.json
2026-09-24 14:06:48 | INFO     | OK https://skeb.jp/api/users/PRRLL_KZK
2026-09-24 14:06:48 | INFO     | Saving at a/skeb/PRRLL_KZK-04876b.json
2026-09-24 14:06:49 | INFO     | OK https://skeb.jp/api/users/inemurisheep113
2026-09-24 14:06:49 | INFO     | Saving at a/skeb/inemurisheep113-51c1a4.json
2026-09-24 14:06:50 | INFO     | OK https://skeb.jp/api/users/aisakanoura
2026-09-24 14:06:50 | INFO     | Saving at a/skeb/aisakanoura-339790.json
2026-09-24 14:06:51 | INFO     | OK https://skeb.jp/api/users/amasu_kino
2026-09-24 14:06:51 | INFO     | Saving at a/skeb/amasu_kino-65cff4.json
2026-09-24 14:06:52 | INFO     | OK https://skeb.jp/api/users/muzaimakoto
2026-09-24 14:06:52 | INFO     | Saving at a/skeb/muzaimakoto-3fac94.json
2026-09-24 14:06:53 | INFO     | OK https://skeb.jp/api/users/kachoufuugetu4
2026-09-24 14:06:53 | INFO     | Saving at a/skeb/kachoufuugetu4-a91f01.json
2026-09-24 14:06:54 | INFO     | OK https://skeb.jp/api/users/kazakami_73
2026-09-24 14:06:54 | INFO     | Saving at a/skeb/kazakami_73-bbb65c.json
2026-09-24 14:06:55 | INFO     | OK https://skeb.jp/api/users/ZyAxfwl
2026-09-24 14:06:55 | INFO     | Saving at a/skeb/ZyAxfwl-f7a85c.json
2026-09-24 14:06:56 | INFO     | OK https://skeb.jp/api/users/kumanoko963
2026-09-24 14:06:56 | INFO     | Saving at a/skeb/kumanoko963-284027.json
2026-09-24 14:06:57 | INFO     | OK https://skeb.jp/api/users/uusdvedp
2026-09-24 14:06:57 | INFO     | Saving at a/skeb/uusdvedp-4035f4.json
2026-09-24 14:06:58 | INFO     | OK https://skeb.jp/api/users/sena_emon3
2026-09-24 14:06:58 | INFO     | Saving at a/skeb/sena_emon3-725d48.json
2026-09-24 14:06:59 | INFO     | OK https://skeb.jp/api/users/RRR_R18G
2026-09-24 14:06:59 | INFO     | Saving at a/skeb/RRR_R18G-ab2800.json
2026-09-24 14:07:00 | INFO     | OK https://skeb.jp/api/users/qidius
2026-09-24 14:07:00 | INFO     | Saving at a/skeb/qidius-27318e.json
2026-09-24 14:07:01 | INFO     | OK https://skeb.jp/api/users/Nezu3_Hugu
2026-09-24 14:07:01 | INFO     | Saving at a/skeb/Nezu3_Hugu-ffabf4.json
2026-09-24 14:07:02 | INFO     | OK https://skeb.jp/api/users/senchii_etc
2026-09-24 14:07:02 | INFO     | Saving at a/skeb/senchii_etc-5d9615.json
2026-09-24 14:07:03 | INFO     | OK https://skeb.jp/api/users/gugsssccc
2026-09-24 14:07:03 | INFO     | Saving at a/skeb/gugsssccc-47d254.json
2026-09-24 14:07:04 | INFO     | OK https://skeb.jp/api/users/ushimittsu18
2026-09-24 14:07:04 | INFO     | Saving at a/skeb/ushimittsu18-5c60b4.json
2026-09-24 14:07:05 | INFO     | OK https://skeb.jp/api/users/_Qlwy
2026-09-24 14:07:05 | INFO     | Saving at a/skeb/_Qlwy-b7dff0.json
2026-09-24 14:07:06 | INFO     | OK https://skeb.jp/api/users/nr_dp_illust
2026-09-24 14:07:06 | INFO     | Saving at a/skeb/nr_dp_illust-61aaad.json
2026-09-24 14:07:07 | INFO     | OK https://skeb.jp/api/users/u_oxalis
2026-09-24 14:07:07 | INFO     | Saving at a/skeb/u_oxalis-87b449.json
2026-09-24 14:07:08 | INFO     | OK https://skeb.jp/api/users/uragamu1
2026-09-24 14:07:08 | INFO     | Saving at a/skeb/uragamu1-a9773d.json
2026-09-24 14:07:09 | INFO     | OK https://skeb.jp/api/users/uo__ff14
2026-09-24 14:07:09 | INFO     | Saving at a/skeb/uo__ff14-7c418c.json
2026-09-24 14:07:10 | INFO     | OK https://skeb.jp/api/users/pnt_0202
2026-09-24 14:07:10 | INFO     | Saving at a/skeb/pnt_0202-7e5d34.json
2026-09-24 14:07:11 | INFO     | OK https://skeb.jp/api/users/Yukinyando
2026-09-24 14:07:11 | INFO     | Saving at a/skeb/Yukinyando-7bd368.json
2026-09-24 14:07:12 | INFO     | OK https://skeb.jp/api/users/tuna__kanzume
2026-09-24 14:07:12 | INFO     | Saving at a/skeb/tuna__kanzume-c1db3c.json
2026-09-24 14:07:13 | INFO     | OK https://skeb.jp/api/users/aonowaisyatsu
2026-09-24 14:07:13 | INFO     | Saving at a/skeb/aonowaisyatsu-47d566.json
2026-09-24 14:07:14 | INFO     | OK https://skeb.jp/api/users/sakuraumesan
2026-09-24 14:07:14 | INFO     | Saving at a/skeb/sakuraumesan-10c42a.json
2026-09-24 14:07:15 | INFO     | OK https://skeb.jp/api/users/Maxima_Sakuya
2026-09-24 14:07:15 | INFO     | Saving at a/skeb/Maxima_Sakuya-16d58b.json
2026-09-24 14:07:16 | INFO     | OK https://skeb.jp/api/users/fuzi_0730
2026-09-24 14:07:16 | INFO     | Saving at a/skeb/fuzi_0730-01b51f.json
2026-09-24 14:07:17 | INFO     | OK https://skeb.jp/api/users/karakara_kr
2026-09-24 14:07:17 | INFO     | Saving at a/skeb/karakara_kr-0dd8df.json
2026-09-24 14:07:18 | INFO     | OK https://skeb.jp/api/users/kuroagumochi
2026-09-24 14:07:18 | INFO     | Saving at a/skeb/kuroagumochi-7934eb.json
2026-09-24 14:07:19 | INFO     | OK https://skeb.jp/api/users/makinoki
2026-09-24 14:07:19 | INFO     | Saving at a/skeb/makinoki-cf7e7a.json
2026-09-24 14:07:20 | INFO     | OK https://skeb.jp/api/users/2banme_me
2026-09-24 14:07:20 | INFO     | Saving at a/skeb/2banme_me-83e146.json
2026-09-24 14:07:21 | INFO     | OK https://skeb.jp/api/users/renznyanya
2026-09-24 14:07:21 | INFO     | Saving at a/skeb/renznyanya-3ca26a.json
2026-09-24 14:07:22 | INFO     | OK https://skeb.jp/api/users/As_a_gai
2026-09-24 14:07:22 | INFO     | Saving at a/skeb/As_a_gai-7bf024.json
2026-09-24 14:07:23 | INFO     | OK https://skeb.jp/api/users/aaruganbaru
2026-09-24 14:07:23 | INFO     | Saving at a/skeb/aaruganbaru-95659e.json
2026-09-24 14:07:24 | INFO     | OK https://skeb.jp/api/users/Vinci_Lucky_777
2026-09-24 14:07:24 | INFO     | Saving at a/skeb/Vinci_Lucky_777-2cc7d1.json
2026-09-24 14:07:25 | INFO     | OK https://skeb.jp/api/users/kamemaru91
2026-09-24 14:07:25 | INFO     | Saving at a/skeb/kamemaru91-12b5b2.json
2026-09-24 14:07:26 | INFO     | OK https://skeb.jp/api/users/keseranpasaraa
2026-09-24 14:07:26 | INFO     | Saving at a/skeb/keseranpasaraa-33dcb0.json
2026-09-24 14:07:27 | INFO     | OK https://skeb.jp/api/users/keyyan
2026-09-24 14:07:27 | INFO     | Saving at a/skeb/keyyan-64e83a.json
2026-09-24 14:07:28 | INFO     | OK https://skeb.jp/api/users/motico3_
2026-09-24 14:07:28 | INFO     | Saving at a/skeb/motico3_-36b5ad.json
2026-09-24 14:07:29 | INFO     | OK https://skeb.jp/api/users/milk_miff
2026-09-24 14:07:29 | INFO     | Saving at a/skeb/milk_miff-9610c5.json
2026-09-24 14:07:30 | INFO     | OK https://skeb.jp/api/users/eziezi_
2026-09-24 14:07:30 | INFO     | Saving at a/skeb/eziezi_-635acc.json
2026-09-24 14:07:31 | INFO     | OK https://skeb.jp/api/users/uguisu09me
2026-09-24 14:07:31 | INFO     | Saving at a/skeb/uguisu09me-d1c3df.json
2026-09-24 14:07:32 | INFO     | OK https://skeb.jp/api/users/slnx_01
2026-09-24 14:07:32 | INFO     | Saving at a/skeb/slnx_01-75fb9d.json
2026-09-24 14:07:33 | INFO     | OK https://skeb.jp/api/users/wiki_viola
2026-09-24 14:07:33 | INFO     | Saving at a/skeb/wiki_viola-878f20.json
2026-09-24 14:07:34 | INFO     | OK https://skeb.jp/api/users/YUU_tkmin
2026-09-24 14:07:34 | INFO     | Saving at a/skeb/YUU_tkmin-756a9e.json
2026-09-24 14:07:35 | INFO     | OK https://skeb.jp/api/users/shimoyake933
2026-09-24 14:07:35 | INFO     | Saving at a/skeb/shimoyake933-60ec8a.json
2026-09-24 14:07:36 | INFO     | OK https://skeb.jp/api/users/akira_azur
2026-09-24 14:07:36 | INFO     | Saving at a/skeb/akira_azur-2e2aba.json
2026-09-24 14:07:37 | INFO     | OK https://skeb.jp/api/users/atikix
2026-09-24 14:07:37 | INFO     | Saving at a/skeb/atikix-08d799.json
2026-09-24 14:07:38 | INFO     | OK https://skeb.jp/api/users/notraidersin1
2026-09-24 14:07:38 | INFO     | Saving at a/skeb/notraidersin1-8ce8f9.json
2026-09-24 14:07:39 | INFO     | OK https://skeb.jp/api/users/_UU510
2026-09-24 14:07:39 | INFO     | Saving at a/skeb/_UU510-e4bc2b.json
2026-09-24 14:07:40 | INFO     | OK https://skeb.jp/api/users/BARRACUDA_Lai
2026-09-24 14:07:40 | INFO     | Saving at a/skeb/BARRACUDA_Lai-7f822c.json
2026-09-24 14:07:41 | INFO     | OK https://skeb.jp/api/users/S_toro_
2026-09-24 14:07:41 | INFO     | Saving at a/skeb/S_toro_-db8f69.json
2026-09-24 14:07:42 | INFO     | OK https://skeb.jp/api/users/hanano_d
2026-09-24 14:07:42 | INFO     | Saving at a/skeb/hanano_d-55dbd8.json
2026-09-24 14:07:43 | INFO     | OK https://skeb.jp/api/users/kodou_irast
2026-09-24 14:07:43 | INFO     | Saving at a/skeb/kodou_irast-a1ae24.json
2026-09-24 14:07:44 | INFO     | OK https://skeb.jp/api/users/enunaitsu
2026-09-24 14:07:44 | INFO     | Saving at a/skeb/enunaitsu-de8548.json
2026-09-24 14:07:45 | INFO     | OK https://skeb.jp/api/users/n3giwa
2026-09-24 14:07:45 | INFO     | Saving at a/skeb/n3giwa-1e986a.json
2026-09-24 14:07:46 | INFO     | OK https://skeb.jp/api/users/ffgikrstrisrz04
2026-09-24 14:07:46 | INFO     | Saving at a/skeb/ffgikrstrisrz04-72416f.json
2026-09-24 14:07:47 | INFO     | OK https://skeb.jp/api/users/HeczArt
2026-09-24 14:07:47 | INFO     | Saving at a/skeb/HeczArt-27effd.json
2026-09-24 14:07:48 | INFO     | OK https://skeb.jp/api/users/sokosokomichi
2026-09-24 14:07:48 | INFO     | Saving at a/skeb/sokosokomichi-0671fa.json
2026-09-24 14:07:49 | INFO     | OK https://skeb.jp/api/users/kaketemasu
2026-09-24 14:07:49 | INFO     | Saving at a/skeb/kaketemasu-c6b249.json
2026-09-24 14:07:50 | INFO     | OK https://skeb.jp/api/users/ororooooooops
2026-09-24 14:07:50 | INFO     | Saving at a/skeb/ororooooooops-ae8d54.json
2026-09-24 14:07:51 | INFO     | OK https://skeb.jp/api/users/0_tsunamayo_0
2026-09-24 14:07:51 | INFO     | Saving at a/skeb/0_tsunamayo_0-802e72.json
2026-09-24 14:07:52 | INFO     | OK https://skeb.jp/api/users/tounyuhiko
2026-09-24 14:07:52 | INFO     | Saving at a/skeb/tounyuhiko-265d73.json
2026-09-24 14:07:53 | INFO     | OK https://skeb.jp/api/users/Miya_xxx_38
2026-09-24 14:07:53 | INFO     | Saving at a/skeb/Miya_xxx_38-7199e9.json
2026-09-24 14:07:54 | INFO     | OK https://skeb.jp/api/users/aXZLLIPh6p
2026-09-24 14:07:54 | INFO     | Saving at a/skeb/aXZLLIPh6p-5b4e02.json
2026-09-24 14:07:55 | INFO     | OK https://skeb.jp/api/users/YAIBA818
2026-09-24 14:07:55 | INFO     | Saving at a/skeb/YAIBA818-67b1cc.json
2026-09-24 14:07:56 | INFO     | OK https://skeb.jp/api/users/UlonoT0
2026-09-24 14:07:56 | INFO     | Saving at a/skeb/UlonoT0-f753e6.json
2026-09-24 14:07:57 | INFO     | OK https://skeb.jp/api/users/yashuring2
2026-09-24 14:07:57 | INFO     | Saving at a/skeb/yashuring2-8d617b.json
2026-09-24 14:07:58 | INFO     | OK https://skeb.jp/api/users/terisa52853
2026-09-24 14:07:58 | INFO     | Saving at a/skeb/terisa52853-feb8d1.json
2026-09-24 14:07:59 | INFO     | OK https://skeb.jp/api/users/AGkRgCw1590qa3Y
2026-09-24 14:07:59 | INFO     | Saving at a/skeb/AGkRgCw1590qa3Y-8c20cb.json
2026-09-24 14:08:00 | INFO     | OK https://skeb.jp/api/users/yako__kay
2026-09-24 14:08:00 | INFO     | Saving at a/skeb/yako__kay-377efd.json
2026-09-24 14:08:01 | INFO     | OK https://skeb.jp/api/users/for244_d
2026-09-24 14:08:01 | INFO     | Saving at a/skeb/for244_d-0255ba.json
2026-09-24 14:08:02 | INFO     | OK https://skeb.jp/api/users/TonoiKiyoko
2026-09-24 14:08:02 | INFO     | Saving at a/skeb/TonoiKiyoko-e025c1.json
2026-09-24 14:08:03 | INFO     | OK https://skeb.jp/api/users/75RYrNYp9rtngjo
2026-09-24 14:08:03 | INFO     | Saving at a/skeb/75RYrNYp9rtngjo-69dfee.json
2026-09-24 14:08:04 | INFO     | OK https://skeb.jp/api/users/em_ivy_akippoi
2026-09-24 14:08:04 | INFO     | Saving at a/skeb/em_ivy_akippoi-9d6dfe.json
2026-09-24 14:08:05 | INFO     | OK https://skeb.jp/api/users/mika3sub
2026-09-24 14:08:05 | INFO     | Saving at a/skeb/mika3sub-26931b.json
2026-09-24 14:08:06 | INFO     | OK https://skeb.jp/api/users/71TZaBLHqx
2026-09-24 14:08:06 | INFO     | Saving at a/skeb/71TZaBLHqx-253b97.json
2026-09-24 14:08:07 | INFO     | OK https://skeb.jp/api/users/kasakasako
2026-09-24 14:08:07 | INFO     | Saving at a/skeb/kasakasako-38e03f.json
2026-09-24 14:08:08 | INFO     | OK https://skeb.jp/api/users/imzik_kelp
2026-09-24 14:08:08 | INFO     | Saving at a/skeb/imzik_kelp-3162ca.json
2026-09-24 14:08:09 | INFO     | OK https://skeb.jp/api/users/parupome
2026-09-24 14:08:09 | INFO     | Saving at a/skeb/parupome-72bc6a.json
2026-09-24 14:08:10 | INFO     | OK https://skeb.jp/api/users/mimimi0412m
2026-09-24 14:08:10 | INFO     | Saving at a/skeb/mimimi0412m-df090e.json
2026-09-24 14:08:11 | INFO     | OK https://skeb.jp/api/users/yuki_himi
2026-09-24 14:08:11 | INFO     | Saving at a/skeb/yuki_himi-2474ab.json
2026-09-24 14:08:12 | INFO     | OK https://skeb.jp/api/users/shishamosama
2026-09-24 14:08:12 | INFO     | Saving at a/skeb/shishamosama-5a1e27.json
2026-09-24 14:08:13 | INFO     | OK https://skeb.jp/api/users/gram_ebi
2026-09-24 14:08:13 | INFO     | Saving at a/skeb/gram_ebi-8f1684.json
2026-09-24 14:08:14 | INFO     | OK https://skeb.jp/api/users/SZG_MR
2026-09-24 14:08:14 | INFO     | Saving at a/skeb/SZG_MR-86a25e.json
2026-09-24 14:08:15 | INFO     | OK https://skeb.jp/api/users/babu_milk5959
2026-09-24 14:08:15 | INFO     | Saving at a/skeb/babu_milk5959-3220d0.json
2026-09-24 14:08:16 | INFO     | OK https://skeb.jp/api/users/ponchi_89
2026-09-24 14:08:16 | INFO     | Saving at a/skeb/ponchi_89-f514a4.json
2026-09-24 14:08:17 | INFO     | OK https://skeb.jp/api/users/ruikasane_
2026-09-24 14:08:17 | INFO     | Saving at a/skeb/ruikasane_-80997b.json
2026-09-24 14:08:18 | INFO     | OK https://skeb.jp/api/users/fusenryo2
2026-09-24 14:08:18 | INFO     | Saving at a/skeb/fusenryo2-981b18.json
2026-09-24 14:08:19 | INFO     | OK https://skeb.jp/api/users/ChangeButatama
2026-09-24 14:08:19 | INFO     | Saving at a/skeb/ChangeButatama-208e41.json
2026-09-24 14:08:20 | INFO     | OK https://skeb.jp/api/users/Petal_Sea
2026-09-24 14:08:20 | INFO     | Saving at a/skeb/Petal_Sea-3db718.json
2026-09-24 14:08:21 | INFO     | OK https://skeb.jp/api/users/kinetamu
2026-09-24 14:08:21 | INFO     | Saving at a/skeb/kinetamu-1d7f9a.json
2026-09-24 14:08:22 | INFO     | OK https://skeb.jp/api/users/SABU_MOZUPOKO
2026-09-24 14:08:22 | INFO     | Saving at a/skeb/SABU_MOZUPOKO-2925e5.json
2026-09-24 14:08:23 | INFO     | OK https://skeb.jp/api/users/azusa_maxima
2026-09-24 14:08:23 | INFO     | Saving at a/skeb/azusa_maxima-5c7f93.json
2026-09-24 14:08:24 | INFO     | OK https://skeb.jp/api/users/tamakko00
2026-09-24 14:08:24 | INFO     | Saving at a/skeb/tamakko00-3dc332.json
2026-09-24 14:08:25 | INFO     | OK https://skeb.jp/api/users/mec___e
2026-09-24 14:08:25 | INFO     | Saving at a/skeb/mec___e-e9268c.json
2026-09-24 14:08:26 | INFO     | OK https://skeb.jp/api/users/yukinoneco_sub
2026-09-24 14:08:26 | INFO     | Saving at a/skeb/yukinoneco_sub-954da1.json
2026-09-24 14:08:27 | INFO     | OK https://skeb.jp/api/users/_getsukaxxx_
2026-09-24 14:08:27 | INFO     | Saving at a/skeb/_getsukaxxx_-f8542e.json
2026-09-24 14:08:28 | INFO     | OK https://skeb.jp/api/users/dokukirisuama
2026-09-24 14:08:28 | INFO     | Saving at a/skeb/dokukirisuama-eb0875.json
2026-09-24 14:08:29 | INFO     | OK https://skeb.jp/api/users/yellow_sprin
2026-09-24 14:08:29 | INFO     | Saving at a/skeb/yellow_sprin-e2b5ab.json
2026-09-24 14:08:30 | INFO     | OK https://skeb.jp/api/users/oniku_0831_
2026-09-24 14:08:30 | INFO     | Saving at a/skeb/oniku_0831_-13b3b8.json
2026-09-24 14:08:31 | INFO     | OK https://skeb.jp/api/users/hirokoroku
2026-09-24 14:08:31 | INFO     | Saving at a/skeb/hirokoroku-ca8703.json
2026-09-24 14:08:32 | INFO     | OK https://skeb.jp/api/users/thomason3336
2026-09-24 14:08:32 | INFO     | Saving at a/skeb/thomason3336-ecbeed.json
2026-09-24 14:08:33 | INFO     | OK https://skeb.jp/api/users/nmiznm
2026-09-24 14:08:33 | INFO     | Saving at a/skeb/nmiznm-839c81.json
2026-09-24 14:08:34 | INFO     | OK https://skeb.jp/api/users/sasagami1802
2026-09-24 14:08:34 | INFO     | Saving at a/skeb/sasagami1802-292c50.json
2026-09-24 14:08:35 | INFO     | OK https://skeb.jp/api/users/Neriedor
2026-09-24 14:08:35 | INFO     | Saving at a/skeb/Neriedor-1f662e.json
2026-09-24 14:08:36 | INFO     | OK https://skeb.jp/api/users/Mitsuro_illust
2026-09-24 14:08:36 | INFO     | Saving at a/skeb/Mitsuro_illust-381e93.json
2026-09-24 14:08:37 | INFO     | OK https://skeb.jp/api/users/8686omochi_
2026-09-24 14:08:37 | INFO     | Saving at a/skeb/8686omochi_-f7847d.json
2026-09-24 14:08:38 | INFO     | OK https://skeb.jp/api/users/cloak_cape
2026-09-24 14:08:38 | INFO     | Saving at a/skeb/cloak_cape-334d05.json
2026-09-24 14:08:39 | INFO     | OK https://skeb.jp/api/users/benicya_lr
2026-09-24 14:08:39 | INFO     | Saving at a/skeb/benicya_lr-fa355a.json
2026-09-24 14:08:40 | INFO     | OK https://skeb.jp/api/users/hysdeathpani
2026-09-24 14:08:40 | INFO     | Saving at a/skeb/hysdeathpani-3cb25d.json
2026-09-24 14:08:41 | INFO     | OK https://skeb.jp/api/users/333imo
2026-09-24 14:08:41 | INFO     | Saving at a/skeb/333imo-7733c3.json
2026-09-24 14:08:42 | INFO     | OK https://skeb.jp/api/users/32jigen_1
2026-09-24 14:08:42 | INFO     | Saving at a/skeb/32jigen_1-afe49a.json
2026-09-24 14:08:43 | INFO     | OK https://skeb.jp/api/users/YureiChanSub
2026-09-24 14:08:43 | INFO     | Saving at a/skeb/YureiChanSub-6c2945.json
2026-09-24 14:08:44 | INFO     | OK https://skeb.jp/api/users/yawaraka_mukade
2026-09-24 14:08:44 | INFO     | Saving at a/skeb/yawaraka_mukade-26106d.json
2026-09-24 14:08:45 | INFO     | OK https://skeb.jp/api/users/Lalka_Lilka
2026-09-24 14:08:45 | INFO     | Saving at a/skeb/Lalka_Lilka-7f1f80.json
2026-09-24 14:08:46 | INFO     | OK https://skeb.jp/api/users/nuzuminn
2026-09-24 14:08:46 | INFO     | Saving at a/skeb/nuzuminn-b02b69.json
2026-09-24 14:08:47 | INFO     | OK https://skeb.jp/api/users/enunomiya
2026-09-24 14:08:47 | INFO     | Saving at a/skeb/enunomiya-c21810.json
2026-09-24 14:08:48 | INFO     | OK https://skeb.jp/api/users/Canna_onescent
2026-09-24 14:08:48 | INFO     | Saving at a/skeb/Canna_onescent-e5e316.json
2026-09-24 14:08:49 | INFO     | OK https://skeb.jp/api/users/kaeru333938123
2026-09-24 14:08:49 | INFO     | Saving at a/skeb/kaeru333938123-0e0d08.json
2026-09-24 14:08:50 | INFO     | OK https://skeb.jp/api/users/TK049ccn
2026-09-24 14:08:50 | INFO     | Saving at a/skeb/TK049ccn-d59984.json
2026-09-24 14:08:51 | INFO     | OK https://skeb.jp/api/users/mitami_tatami
2026-09-24 14:08:51 | INFO     | Saving at a/skeb/mitami_tatami-634101.json
2026-09-24 14:08:52 | INFO     | OK https://skeb.jp/api/users/yukke_perori
2026-09-24 14:08:52 | INFO     | Saving at a/skeb/yukke_perori-d7b7eb.json
2026-09-24 14:08:53 | INFO     | OK https://skeb.jp/api/users/nullmms
2026-09-24 14:08:53 | INFO     | Saving at a/skeb/nullmms-39f6a8.json
2026-09-24 14:08:54 | INFO     | OK https://skeb.jp/api/users/yonaga_san
2026-09-24 14:08:54 | INFO     | Saving at a/skeb/yonaga_san-44c7bf.json
2026-09-24 14:08:55 | INFO     | OK https://skeb.jp/api/users/suminoiro_
2026-09-24 14:08:55 | INFO     | Saving at a/skeb/suminoiro_-c47eba.json
2026-09-24 14:08:56 | INFO     | OK https://skeb.jp/api/users/omu3retu
2026-09-24 14:08:56 | INFO     | Saving at a/skeb/omu3retu-0ab6a1.json
2026-09-24 14:08:57 | INFO     | OK https://skeb.jp/api/users/Mwah_chan
2026-09-24 14:08:57 | INFO     | Saving at a/skeb/Mwah_chan-87b6ea.json
2026-09-24 14:08:58 | INFO     | OK https://skeb.jp/api/users/18796q
2026-09-24 14:08:58 | INFO     | Saving at a/skeb/18796q-195c19.json
2026-09-24 14:08:59 | INFO     | OK https://skeb.jp/api/users/nana178
2026-09-24 14:08:59 | INFO     | Saving at a/skeb/nana178-baf4e2.json
2026-09-24 14:09:00 | INFO     | OK https://skeb.jp/api/users/LeLeMuvlove
2026-09-24 14:09:00 | INFO     | Saving at a/skeb/LeLeMuvlove-d570ce.json
2026-09-24 14:09:01 | INFO     | OK https://skeb.jp/api/users/991_skr
2026-09-24 14:09:01 | INFO     | Saving at a/skeb/991_skr-1b90ed.json
2026-09-24 14:09:02 | INFO     | OK https://skeb.jp/api/users/ten_yati
2026-09-24 14:09:02 | INFO     | Saving at a/skeb/ten_yati-97cbe2.json
2026-09-24 14:09:03 | INFO     | OK https://skeb.jp/api/users/atelier_daikon
2026-09-24 14:09:03 | INFO     | Saving at a/skeb/atelier_daikon-000c94.json
2026-09-24 14:09:04 | INFO     | OK https://skeb.jp/api/users/tokikosann_koko
2026-09-24 14:09:04 | INFO     | Saving at a/skeb/tokikosann_koko-957733.json
2026-09-24 14:09:05 | INFO     | OK https://skeb.jp/api/users/nemuri_711
2026-09-24 14:09:05 | INFO     | Saving at a/skeb/nemuri_711-7063ab.json
2026-09-24 14:09:06 | INFO     | OK https://skeb.jp/api/users/imo_umai02
2026-09-24 14:09:06 | INFO     | Saving at a/skeb/imo_umai02-e437ba.json
2026-09-24 14:09:07 | INFO     | OK https://skeb.jp/api/users/uni_tal
2026-09-24 14:09:07 | INFO     | Saving at a/skeb/uni_tal-bb108e.json
2026-09-24 14:09:08 | INFO     | OK https://skeb.jp/api/users/hue_nanairo
2026-09-24 14:09:08 | INFO     | Saving at a/skeb/hue_nanairo-452316.json
2026-09-24 14:09:09 | INFO     | OK https://skeb.jp/api/users/DeFicientRAbbit
2026-09-24 14:09:09 | INFO     | Saving at a/skeb/DeFicientRAbbit-74bcf1.json
2026-09-24 14:09:10 | INFO     | OK https://skeb.jp/api/users/Kankitukei_0805
2026-09-24 14:09:10 | INFO     | Saving at a/skeb/Kankitukei_0805-51cefe.json
2026-09-24 14:09:11 | INFO     | OK https://skeb.jp/api/users/sae_naiyatsu
2026-09-24 14:09:11 | INFO     | Saving at a/skeb/sae_naiyatsu-d203b0.json
2026-09-24 14:09:12 | INFO     | OK https://skeb.jp/api/users/itamatu
2026-09-24 14:09:12 | INFO     | Saving at a/skeb/itamatu-b113a8.json
2026-09-24 14:09:13 | INFO     | OK https://skeb.jp/api/users/meke77842928
2026-09-24 14:09:13 | INFO     | Saving at a/skeb/meke77842928-47b9b1.json
2026-09-24 14:09:14 | INFO     | OK https://skeb.jp/api/users/ittokyu
2026-09-24 14:09:14 | INFO     | Saving at a/skeb/ittokyu-364348.json
2026-09-24 14:09:15 | INFO     | OK https://skeb.jp/api/users/0516_nikki
2026-09-24 14:09:15 | INFO     | Saving at a/skeb/0516_nikki-082c7a.json
2026-09-24 14:09:16 | INFO     | OK https://skeb.jp/api/users/krei_ss_
2026-09-24 14:09:16 | INFO     | Saving at a/skeb/krei_ss_-e120ac.json
2026-09-24 14:09:17 | INFO     | OK https://skeb.jp/api/users/naginotoko
2026-09-24 14:09:17 | INFO     | Saving at a/skeb/naginotoko-e581b3.json
2026-09-24 14:09:18 | INFO     | OK https://skeb.jp/api/users/9mork
2026-09-24 14:09:18 | INFO     | Saving at a/skeb/9mork-efff4b.json
2026-09-24 14:09:19 | INFO     | OK https://skeb.jp/api/users/__Min_07
2026-09-24 14:09:19 | INFO     | Saving at a/skeb/__Min_07-386a86.json
2026-09-24 14:09:20 | INFO     | OK https://skeb.jp/api/users/subhos312
2026-09-24 14:09:20 | INFO     | Saving at a/skeb/subhos312-e057a1.json
2026-09-24 14:09:21 | INFO     | OK https://skeb.jp/api/users/FANTASYNOMU
2026-09-24 14:09:21 | INFO     | Saving at a/skeb/FANTASYNOMU-13f1b1.json
2026-09-24 14:09:22 | INFO     | OK https://skeb.jp/api/users/meroreo2
2026-09-24 14:09:22 | INFO     | Saving at a/skeb/meroreo2-a07cfe.json
2026-09-24 14:09:23 | INFO     | OK https://skeb.jp/api/users/irony_jp
2026-09-24 14:09:23 | INFO     | Saving at a/skeb/irony_jp-e8041d.json
2026-09-24 14:09:24 | INFO     | OK https://skeb.jp/api/users/aquatail35
2026-09-24 14:09:24 | INFO     | Saving at a/skeb/aquatail35-623183.json
2026-09-24 14:09:25 | INFO     | OK https://skeb.jp/api/users/NEKOBALANCE
2026-09-24 14:09:25 | INFO     | Saving at a/skeb/NEKOBALANCE-48fb8d.json
2026-09-24 14:09:26 | INFO     | OK https://skeb.jp/api/users/m00nmmm
2026-09-24 14:09:26 | INFO     | Saving at a/skeb/m00nmmm-d258ea.json
2026-09-24 14:09:27 | INFO     | OK https://skeb.jp/api/users/SetozakiTen2
2026-09-24 14:09:27 | INFO     | Saving at a/skeb/SetozakiTen2-69eafe.json
2026-09-24 14:09:28 | INFO     | OK https://skeb.jp/api/users/shun_mo25
2026-09-24 14:09:28 | INFO     | Saving at a/skeb/shun_mo25-7c918a.json
2026-09-24 14:09:29 | INFO     | OK https://skeb.jp/api/users/NEGUSEowo
2026-09-24 14:09:29 | INFO     | Saving at a/skeb/NEGUSEowo-fbf880.json
2026-09-24 14:09:30 | INFO     | OK https://skeb.jp/api/users/oooomuretu00
2026-09-24 14:09:30 | INFO     | Saving at a/skeb/oooomuretu00-9715a2.json
2026-09-24 14:09:31 | INFO     | OK https://skeb.jp/api/users/kodonerine
2026-09-24 14:09:31 | INFO     | Saving at a/skeb/kodonerine-6bb3e0.json
2026-09-24 14:09:32 | INFO     | OK https://skeb.jp/api/users/s_ot7p
2026-09-24 14:09:32 | INFO     | Saving at a/skeb/s_ot7p-88803e.json
2026-09-24 14:09:33 | INFO     | OK https://skeb.jp/api/users/moketa11
2026-09-24 14:09:33 | INFO     | Saving at a/skeb/moketa11-df8cd7.json
2026-09-24 14:09:34 | INFO     | OK https://skeb.jp/api/users/hnzw_zww
2026-09-24 14:09:34 | INFO     | Saving at a/skeb/hnzw_zww-3d559d.json
2026-09-24 14:09:35 | INFO     | OK https://skeb.jp/api/users/kagura_Wsk
2026-09-24 14:09:35 | INFO     | Saving at a/skeb/kagura_Wsk-66759d.json
2026-09-24 14:09:36 | INFO     | OK https://skeb.jp/api/users/kizinago1445
2026-09-24 14:09:36 | INFO     | Saving at a/skeb/kizinago1445-b5d6cf.json
2026-09-24 14:09:37 | INFO     | OK https://skeb.jp/api/users/kanna_nijiniji
2026-09-24 14:09:37 | INFO     | Saving at a/skeb/kanna_nijiniji-0d487a.json
2026-09-24 14:09:38 | INFO     | OK https://skeb.jp/api/users/inui_tyan
2026-09-24 14:09:38 | INFO     | Saving at a/skeb/inui_tyan-22f13c.json
2026-09-24 14:09:39 | INFO     | OK https://skeb.jp/api/users/emosk
2026-09-24 14:09:39 | INFO     | Saving at a/skeb/emosk-9249b4.json
2026-09-24 14:09:40 | INFO     | OK https://skeb.jp/api/users/tribo_noguchi
2026-09-24 14:09:40 | INFO     | Saving at a/skeb/tribo_noguchi-ef6d6b.json
2026-09-24 14:09:41 | INFO     | OK https://skeb.jp/api/users/Lnon4KNSLKYTa1e
2026-09-24 14:09:41 | INFO     | Saving at a/skeb/Lnon4KNSLKYTa1e-6790a6.json
2026-09-24 14:09:42 | INFO     | OK https://skeb.jp/api/users/UXbD2AZ93g42071
2026-09-24 14:09:42 | INFO     | Saving at a/skeb/UXbD2AZ93g42071-4bd72d.json
2026-09-24 14:09:43 | INFO     | OK https://skeb.jp/api/users/meu_0611
2026-09-24 14:09:43 | INFO     | Saving at a/skeb/meu_0611-663a4d.json
2026-09-24 14:09:44 | INFO     | OK https://skeb.jp/api/users/kazumimi56
2026-09-24 14:09:44 | INFO     | Saving at a/skeb/kazumimi56-0e026b.json
2026-09-24 14:09:45 | INFO     | OK https://skeb.jp/api/users/tanoon10070
2026-09-24 14:09:45 | INFO     | Saving at a/skeb/tanoon10070-91464c.json
2026-09-24 14:09:46 | INFO     | OK https://skeb.jp/api/users/nyopepoyo
2026-09-24 14:09:46 | INFO     | Saving at a/skeb/nyopepoyo-6668c9.json
2026-09-24 14:09:47 | INFO     | OK https://skeb.jp/api/users/0ko_yo0
2026-09-24 14:09:47 | INFO     | Saving at a/skeb/0ko_yo0-a8f609.json
2026-09-24 14:09:48 | INFO     | OK https://skeb.jp/api/users/kiosiguma_97
2026-09-24 14:09:48 | INFO     | Saving at a/skeb/kiosiguma_97-af7de6.json
2026-09-24 14:09:49 | INFO     | OK https://skeb.jp/api/users/ZINKAKU_HITEI
2026-09-24 14:09:49 | INFO     | Saving at a/skeb/ZINKAKU_HITEI-41b07c.json
2026-09-24 14:09:50 | INFO     | OK https://skeb.jp/api/users/nag_shj
2026-09-24 14:09:50 | INFO     | Saving at a/skeb/nag_shj-399cb4.json
2026-09-24 14:09:51 | INFO     | OK https://skeb.jp/api/users/Shiraiwa_Usagi
2026-09-24 14:09:51 | INFO     | Saving at a/skeb/Shiraiwa_Usagi-46e306.json
2026-09-24 14:09:52 | INFO     | OK https://skeb.jp/api/users/airen_kori
2026-09-24 14:09:52 | INFO     | Saving at a/skeb/airen_kori-439053.json
2026-09-24 14:09:53 | INFO     | OK https://skeb.jp/api/users/gyuniku
2026-09-24 14:09:53 | INFO     | Saving at a/skeb/gyuniku-407f59.json
2026-09-24 14:09:54 | INFO     | OK https://skeb.jp/api/users/biginu_smallinu
2026-09-24 14:09:54 | INFO     | Saving at a/skeb/biginu_smallinu-b50461.json
2026-09-24 14:09:55 | INFO     | OK https://skeb.jp/api/users/cu_uv_
2026-09-24 14:09:55 | INFO     | Saving at a/skeb/cu_uv_-daee51.json
2026-09-24 14:09:56 | INFO     | OK https://skeb.jp/api/users/iketaraikuw
2026-09-24 14:09:56 | INFO     | Saving at a/skeb/iketaraikuw-4eea3c.json
2026-09-24 14:09:57 | INFO     | OK https://skeb.jp/api/users/Orlaya622
2026-09-24 14:09:57 | INFO     | Saving at a/skeb/Orlaya622-6b5f33.json
2026-09-24 14:09:58 | INFO     | OK https://skeb.jp/api/users/konnikichan
2026-09-24 14:09:58 | INFO     | Saving at a/skeb/konnikichan-ec7afd.json
2026-09-24 14:09:59 | INFO     | OK https://skeb.jp/api/users/dawa300
2026-09-24 14:09:59 | INFO     | Saving at a/skeb/dawa300-b8c7d8.json
2026-09-24 14:10:00 | INFO     | OK https://skeb.jp/api/users/Mqhbwy
2026-09-24 14:10:00 | INFO     | Saving at a/skeb/Mqhbwy-5453a1.json
2026-09-24 14:10:01 | INFO     | OK https://skeb.jp/api/users/befor_riri
2026-09-24 14:10:01 | INFO     | Saving at a/skeb/befor_riri-8a6dda.json
2026-09-24 14:10:02 | INFO     | OK https://skeb.jp/api/users/tatsuminoakira
2026-09-24 14:10:02 | INFO     | Saving at a/skeb/tatsuminoakira-d5d2cb.json
2026-09-24 14:10:03 | INFO     | OK https://skeb.jp/api/users/NOKISITA_22
2026-09-24 14:10:03 | INFO     | Saving at a/skeb/NOKISITA_22-fd0463.json
2026-09-24 14:10:04 | INFO     | OK https://skeb.jp/api/users/Eeeowl
2026-09-24 14:10:04 | INFO     | Saving at a/skeb/Eeeowl-e8b074.json
2026-09-24 14:10:05 | INFO     | OK https://skeb.jp/api/users/azm046
2026-09-24 14:10:05 | INFO     | Saving at a/skeb/azm046-7add2b.json
2026-09-24 14:10:06 | INFO     | OK https://skeb.jp/api/users/DrTapi1011
2026-09-24 14:10:06 | INFO     | Saving at a/skeb/DrTapi1011-c9a4dd.json
2026-09-24 14:10:07 | INFO     | OK https://skeb.jp/api/users/Nmkz_21
2026-09-24 14:10:07 | INFO     | Saving at a/skeb/Nmkz_21-eadc7b.json
2026-09-24 14:10:08 | INFO     | OK https://skeb.jp/api/users/sabawye_TRPG
2026-09-24 14:10:08 | INFO     | Saving at a/skeb/sabawye_TRPG-8cf720.json
2026-09-24 14:10:09 | INFO     | OK https://skeb.jp/api/users/tabenai_yo_
2026-09-24 14:10:09 | INFO     | Saving at a/skeb/tabenai_yo_-872ab2.json
2026-09-24 14:10:10 | INFO     | OK https://skeb.jp/api/users/K4FUN_SH0
2026-09-24 14:10:10 | INFO     | Saving at a/skeb/K4FUN_SH0-77198b.json
2026-09-24 14:10:11 | INFO     | OK https://skeb.jp/api/users/5n2tw
2026-09-24 14:10:11 | INFO     | Saving at a/skeb/5n2tw-91a7e1.json
2026-09-24 14:10:12 | INFO     | OK https://skeb.jp/api/users/matukituneAtto
2026-09-24 14:10:12 | INFO     | Saving at a/skeb/matukituneAtto-0c1af4.json
2026-09-24 14:10:13 | INFO     | OK https://skeb.jp/api/users/tebasaki_chikin
2026-09-24 14:10:13 | INFO     | Saving at a/skeb/tebasaki_chikin-63ad8c.json
2026-09-24 14:10:14 | INFO     | OK https://skeb.jp/api/users/sibasiri
2026-09-24 14:10:14 | INFO     | Saving at a/skeb/sibasiri-f07ca7.json
2026-09-24 14:10:15 | INFO     | OK https://skeb.jp/api/users/Ttk__166
2026-09-24 14:10:15 | INFO     | Saving at a/skeb/Ttk__166-68956c.json
2026-09-24 14:10:16 | INFO     | OK https://skeb.jp/api/users/hoka_gohan2
2026-09-24 14:10:16 | INFO     | Saving at a/skeb/hoka_gohan2-819d36.json
2026-09-24 14:10:17 | INFO     | OK https://skeb.jp/api/users/picipici115
2026-09-24 14:10:17 | INFO     | Saving at a/skeb/picipici115-672f42.json
2026-09-24 14:10:18 | INFO     | OK https://skeb.jp/api/users/koiiroharemoyou
2026-09-24 14:10:18 | INFO     | Saving at a/skeb/koiiroharemoyou-761017.json
2026-09-24 14:10:19 | INFO     | OK https://skeb.jp/api/users/tonnkatuman
2026-09-24 14:10:19 | INFO     | Saving at a/skeb/tonnkatuman-a9b1ae.json
2026-09-24 14:10:20 | INFO     | OK https://skeb.jp/api/users/shitadaan
2026-09-24 14:10:20 | INFO     | Saving at a/skeb/shitadaan-7378ce.json
2026-09-24 14:10:21 | INFO     | OK https://skeb.jp/api/users/chaos555__lv
2026-09-24 14:10:21 | INFO     | Saving at a/skeb/chaos555__lv-0e34ec.json
2026-09-24 14:10:22 | INFO     | OK https://skeb.jp/api/users/asakure_irst
2026-09-24 14:10:22 | INFO     | Saving at a/skeb/asakure_irst-f659b9.json
2026-09-24 14:10:23 | INFO     | OK https://skeb.jp/api/users/XoX_sae_
2026-09-24 14:10:23 | INFO     | Saving at a/skeb/XoX_sae_-783659.json
2026-09-24 14:10:24 | INFO     | OK https://skeb.jp/api/users/mmmmm_088
2026-09-24 14:10:24 | INFO     | Saving at a/skeb/mmmmm_088-6acb09.json
2026-09-24 14:10:25 | INFO     | OK https://skeb.jp/api/users/nanigashi72
2026-09-24 14:10:25 | INFO     | Saving at a/skeb/nanigashi72-bb0550.json
2026-09-24 14:10:26 | INFO     | OK https://skeb.jp/api/users/namakawaki
2026-09-24 14:10:26 | INFO     | Saving at a/skeb/namakawaki-bfaf19.json
2026-09-24 14:10:27 | INFO     | OK https://skeb.jp/api/users/Enngawa_aburi
2026-09-24 14:10:27 | INFO     | Saving at a/skeb/Enngawa_aburi-68ad20.json
2026-09-24 14:10:28 | INFO     | OK https://skeb.jp/api/users/tutakazura000
2026-09-24 14:10:28 | INFO     | Saving at a/skeb/tutakazura000-d3e79b.json
2026-09-24 14:10:29 | INFO     | OK https://skeb.jp/api/users/chani_531
2026-09-24 14:10:29 | INFO     | Saving at a/skeb/chani_531-8a8a7f.json
2026-09-24 14:10:30 | INFO     | OK https://skeb.jp/api/users/tz1un
2026-09-24 14:10:30 | INFO     | Saving at a/skeb/tz1un-0a7452.json
2026-09-24 14:10:31 | INFO     | OK https://skeb.jp/api/users/reki_00
2026-09-24 14:10:31 | INFO     | Saving at a/skeb/reki_00-8cdff2.json
2026-09-24 14:10:32 | INFO     | OK https://skeb.jp/api/users/krg___n0
2026-09-24 14:10:32 | INFO     | Saving at a/skeb/krg___n0-496c05.json
2026-09-24 14:10:33 | INFO     | OK https://skeb.jp/api/users/dopamine629
2026-09-24 14:10:33 | INFO     | Saving at a/skeb/dopamine629-17d79e.json
2026-09-24 14:10:34 | INFO     | OK https://skeb.jp/api/users/BBHIGEOJISAN
2026-09-24 14:10:34 | INFO     | Saving at a/skeb/BBHIGEOJISAN-031bdf.json
2026-09-24 14:10:35 | INFO     | OK https://skeb.jp/api/users/kumochi0803
2026-09-24 14:10:35 | INFO     | Saving at a/skeb/kumochi0803-9fbe51.json
2026-09-24 14:10:36 | INFO     | OK https://skeb.jp/api/users/dadadaeki00R
2026-09-24 14:10:36 | INFO     | Saving at a/skeb/dadadaeki00R-d77ac0.json
2026-09-24 14:10:37 | INFO     | OK https://skeb.jp/api/users/WisdomDaneE
2026-09-24 14:10:37 | INFO     | Saving at a/skeb/WisdomDaneE-a83eaf.json
2026-09-24 14:10:38 | INFO     | OK https://skeb.jp/api/users/70da_s
2026-09-24 14:10:38 | INFO     | Saving at a/skeb/70da_s-16dd38.json
2026-09-24 14:10:39 | INFO     | OK https://skeb.jp/api/users/nnmbpx
2026-09-24 14:10:39 | INFO     | Saving at a/skeb/nnmbpx-c6869f.json
2026-09-24 14:10:40 | INFO     | OK https://skeb.jp/api/users/ho_u_u_bo
2026-09-24 14:10:40 | INFO     | Saving at a/skeb/ho_u_u_bo-d395da.json
2026-09-24 14:10:41 | INFO     | OK https://skeb.jp/api/users/FiveseveN
2026-09-24 14:10:41 | INFO     | Saving at a/skeb/FiveseveN-775230.json
2026-09-24 14:10:42 | INFO     | OK https://skeb.jp/api/users/dedeen
2026-09-24 14:10:42 | INFO     | Saving at a/skeb/dedeen-d27014.json
2026-09-24 14:10:43 | INFO     | OK https://skeb.jp/api/users/enoki_nyokirin
2026-09-24 14:10:43 | INFO     | Saving at a/skeb/enoki_nyokirin-4f8c20.json
2026-09-24 14:10:44 | INFO     | OK https://skeb.jp/api/users/8888_mugen
2026-09-24 14:10:44 | INFO     | Saving at a/skeb/8888_mugen-027073.json
2026-09-24 14:10:45 | INFO     | OK https://skeb.jp/api/users/ranse237
2026-09-24 14:10:45 | INFO     | Saving at a/skeb/ranse237-372dc5.json
2026-09-24 14:10:46 | INFO     | OK https://skeb.jp/api/users/kakizaki
2026-09-24 14:10:46 | INFO     | Saving at a/skeb/kakizaki-fcc9d9.json
2026-09-24 14:10:47 | INFO     | OK https://skeb.jp/api/users/Iyuru_kuroneko
2026-09-24 14:10:47 | INFO     | Saving at a/skeb/Iyuru_kuroneko-d77856.json
2026-09-24 14:10:48 | INFO     | OK https://skeb.jp/api/users/kinpatsu_494
2026-09-24 14:10:48 | INFO     | Saving at a/skeb/kinpatsu_494-410ab6.json
2026-09-24 14:10:49 | INFO     | OK https://skeb.jp/api/users/moko_0044
2026-09-24 14:10:49 | INFO     | Saving at a/skeb/moko_0044-614e68.json
2026-09-24 14:10:50 | INFO     | OK https://skeb.jp/api/users/saikoro6dice
2026-09-24 14:10:50 | INFO     | Saving at a/skeb/saikoro6dice-977fdd.json
2026-09-24 14:10:51 | INFO     | OK https://skeb.jp/api/users/charon_kn
2026-09-24 14:10:51 | INFO     | Saving at a/skeb/charon_kn-54e963.json
2026-09-24 14:10:52 | INFO     | OK https://skeb.jp/api/users/83_Hami_tsugai
2026-09-24 14:10:52 | INFO     | Saving at a/skeb/83_Hami_tsugai-b3ad64.json
2026-09-24 14:10:53 | INFO     | OK https://skeb.jp/api/users/mainasu
2026-09-24 14:10:53 | INFO     | Saving at a/skeb/mainasu-3f0cc2.json
2026-09-24 14:10:54 | INFO     | OK https://skeb.jp/api/users/bro_shiba
2026-09-24 14:10:54 | INFO     | Saving at a/skeb/bro_shiba-2f4046.json
2026-09-24 14:10:55 | INFO     | OK https://skeb.jp/api/users/bebop_sensen
2026-09-24 14:10:55 | INFO     | Saving at a/skeb/bebop_sensen-da1d9b.json
2026-09-24 14:10:56 | INFO     | OK https://skeb.jp/api/users/_nnwnoiros
2026-09-24 14:10:56 | INFO     | Saving at a/skeb/_nnwnoiros-138ac6.json
2026-09-24 14:10:57 | INFO     | OK https://skeb.jp/api/users/nichijou_deyo
2026-09-24 14:10:57 | INFO     | Saving at a/skeb/nichijou_deyo-dbac62.json
2026-09-24 14:10:58 | INFO     | OK https://skeb.jp/api/users/Dotbit3
2026-09-24 14:10:58 | INFO     | Saving at a/skeb/Dotbit3-49dbc9.json
2026-09-24 14:10:59 | INFO     | OK https://skeb.jp/api/users/nlnh40
2026-09-24 14:10:59 | INFO     | Saving at a/skeb/nlnh40-d70f01.json
2026-09-24 14:11:00 | INFO     | OK https://skeb.jp/api/users/namohonami
2026-09-24 14:11:00 | INFO     | Saving at a/skeb/namohonami-f969e9.json
2026-09-24 14:11:01 | INFO     | OK https://skeb.jp/api/users/kozi_master
2026-09-24 14:11:01 | INFO     | Saving at a/skeb/kozi_master-9d9f12.json
2026-09-24 14:11:02 | INFO     | OK https://skeb.jp/api/users/owa_owari
2026-09-24 14:11:02 | INFO     | Saving at a/skeb/owa_owari-2972ac.json
2026-09-24 14:11:03 | INFO     | OK https://skeb.jp/api/users/GlXsLbBX7b3i9nC
2026-09-24 14:11:03 | INFO     | Saving at a/skeb/GlXsLbBX7b3i9nC-eb800d.json
2026-09-24 14:11:04 | INFO     | OK https://skeb.jp/api/users/makida_16
2026-09-24 14:11:04 | INFO     | Saving at a/skeb/makida_16-318844.json
2026-09-24 14:11:05 | INFO     | OK https://skeb.jp/api/users/yu_na_8282
2026-09-24 14:11:05 | INFO     | Saving at a/skeb/yu_na_8282-f342b7.json
2026-09-24 14:11:06 | INFO     | OK https://skeb.jp/api/users/nemugaki
2026-09-24 14:11:06 | INFO     | Saving at a/skeb/nemugaki-c546c4.json
2026-09-24 14:11:07 | INFO     | OK https://skeb.jp/api/users/hariharipalette
2026-09-24 14:11:07 | INFO     | Saving at a/skeb/hariharipalette-96daaa.json
2026-09-24 14:11:08 | INFO     | OK https://skeb.jp/api/users/empty0730
2026-09-24 14:11:08 | INFO     | Saving at a/skeb/empty0730-4c864b.json
2026-09-24 14:11:09 | INFO     | OK https://skeb.jp/api/users/JokerLove
2026-09-24 14:11:09 | INFO     | Saving at a/skeb/JokerLove-baf979.json
2026-09-24 14:11:10 | INFO     | OK https://skeb.jp/api/users/Sakargs_
2026-09-24 14:11:10 | INFO     | Saving at a/skeb/Sakargs_-a72c54.json
2026-09-24 14:11:11 | INFO     | OK https://skeb.jp/api/users/5sai_desu
2026-09-24 14:11:11 | INFO     | Saving at a/skeb/5sai_desu-03e2ab.json
2026-09-24 14:11:12 | INFO     | OK https://skeb.jp/api/users/naname_sirosiro
2026-09-24 14:11:12 | INFO     | Saving at a/skeb/naname_sirosiro-39970a.json
2026-09-24 14:11:13 | INFO     | OK https://skeb.jp/api/users/dori_tryon
2026-09-24 14:11:13 | INFO     | Saving at a/skeb/dori_tryon-b34ce1.json
2026-09-24 14:11:14 | INFO     | OK https://skeb.jp/api/users/fuji___1234
2026-09-24 14:11:14 | INFO     | Saving at a/skeb/fuji___1234-f029eb.json
2026-09-24 14:11:15 | INFO     | OK https://skeb.jp/api/users/ruriekaku
2026-09-24 14:11:15 | INFO     | Saving at a/skeb/ruriekaku-71492d.json
2026-09-24 14:11:16 | INFO     | OK https://skeb.jp/api/users/hanamura_pink
2026-09-24 14:11:16 | INFO     | Saving at a/skeb/hanamura_pink-3b0352.json
2026-09-24 14:11:17 | INFO     | OK https://skeb.jp/api/users/awameta_wata
2026-09-24 14:11:17 | INFO     | Saving at a/skeb/awameta_wata-da6d69.json
2026-09-24 14:11:18 | INFO     | OK https://skeb.jp/api/users/yur1iZz
2026-09-24 14:11:18 | INFO     | Saving at a/skeb/yur1iZz-44b2ee.json
2026-09-24 14:11:19 | INFO     | OK https://skeb.jp/api/users/o00000123
2026-09-24 14:11:19 | INFO     | Saving at a/skeb/o00000123-852405.json
2026-09-24 14:11:20 | INFO     | OK https://skeb.jp/api/users/tori_nen
2026-09-24 14:11:20 | INFO     | Saving at a/skeb/tori_nen-d88f95.json
2026-09-24 14:11:21 | INFO     | OK https://skeb.jp/api/users/dripnekocat
2026-09-24 14:11:21 | INFO     | Saving at a/skeb/dripnekocat-c9ae8b.json
2026-09-24 14:11:22 | INFO     | OK https://skeb.jp/api/users/wadami___
2026-09-24 14:11:22 | INFO     | Saving at a/skeb/wadami___-4d3ffc.json
2026-09-24 14:11:23 | INFO     | OK https://skeb.jp/api/users/syuuya2015
2026-09-24 14:11:23 | INFO     | Saving at a/skeb/syuuya2015-752e65.json
2026-09-24 14:11:24 | INFO     | OK https://skeb.jp/api/users/Nodokarasu0906
2026-09-24 14:11:24 | INFO     | Saving at a/skeb/Nodokarasu0906-c536be.json
2026-09-24 14:11:25 | INFO     | OK https://skeb.jp/api/users/c_thise
2026-09-24 14:11:25 | INFO     | Saving at a/skeb/c_thise-fc5188.json
2026-09-24 14:11:26 | INFO     | OK https://skeb.jp/api/users/appplesland
2026-09-24 14:11:26 | INFO     | Saving at a/skeb/appplesland-efd7cd.json
2026-09-24 14:11:27 | INFO     | OK https://skeb.jp/api/users/illnullchill
2026-09-24 14:11:27 | INFO     | Saving at a/skeb/illnullchill-ec2da6.json
2026-09-24 14:11:28 | INFO     | OK https://skeb.jp/api/users/Blue_yudetama
2026-09-24 14:11:28 | INFO     | Saving at a/skeb/Blue_yudetama-030509.json
2026-09-24 14:11:29 | INFO     | OK https://skeb.jp/api/users/jo_0ny
2026-09-24 14:11:29 | INFO     | Saving at a/skeb/jo_0ny-eaae9d.json
2026-09-24 14:11:30 | INFO     | OK https://skeb.jp/api/users/hukadune
2026-09-24 14:11:30 | INFO     | Saving at a/skeb/hukadune-db5422.json
2026-09-24 14:11:31 | INFO     | OK https://skeb.jp/api/users/suyosuyo
2026-09-24 14:11:31 | INFO     | Saving at a/skeb/suyosuyo-03eff5.json
2026-09-24 14:11:32 | INFO     | OK https://skeb.jp/api/users/2yk_dog
2026-09-24 14:11:32 | INFO     | Saving at a/skeb/2yk_dog-77f8bd.json
2026-09-24 14:11:33 | INFO     | OK https://skeb.jp/api/users/harusame13
2026-09-24 14:11:33 | INFO     | Saving at a/skeb/harusame13-bee52e.json
2026-09-24 14:11:34 | INFO     | OK https://skeb.jp/api/users/hugu00043
2026-09-24 14:11:34 | INFO     | Saving at a/skeb/hugu00043-484dc9.json
2026-09-24 14:11:35 | INFO     | OK https://skeb.jp/api/users/E3BEeC8V8H
2026-09-24 14:11:35 | INFO     | Saving at a/skeb/E3BEeC8V8H-9ab697.json
2026-09-24 14:11:36 | INFO     | OK https://skeb.jp/api/users/bunny_yoi_oO
2026-09-24 14:11:36 | INFO     | Saving at a/skeb/bunny_yoi_oO-38022b.json
2026-09-24 14:11:37 | INFO     | OK https://skeb.jp/api/users/benynousa
2026-09-24 14:11:37 | INFO     | Saving at a/skeb/benynousa-7ea0fc.json
2026-09-24 14:11:38 | INFO     | OK https://skeb.jp/api/users/agtm_m33
2026-09-24 14:11:38 | INFO     | Saving at a/skeb/agtm_m33-92bedf.json
2026-09-24 14:11:39 | INFO     | OK https://skeb.jp/api/users/nooondeep
2026-09-24 14:11:39 | INFO     | Saving at a/skeb/nooondeep-354fe2.json
2026-09-24 14:11:40 | INFO     | OK https://skeb.jp/api/users/ryoi_apasionado
2026-09-24 14:11:40 | INFO     | Saving at a/skeb/ryoi_apasionado-7b8b82.json
2026-09-24 14:11:41 | INFO     | OK https://skeb.jp/api/users/usuij13_t
2026-09-24 14:11:41 | INFO     | Saving at a/skeb/usuij13_t-84de85.json
2026-09-24 14:11:42 | INFO     | OK https://skeb.jp/api/users/kagami1999
2026-09-24 14:11:42 | INFO     | Saving at a/skeb/kagami1999-4b6f8d.json
2026-09-24 14:11:43 | INFO     | OK https://skeb.jp/api/users/hoshikawa_02
2026-09-24 14:11:43 | INFO     | Saving at a/skeb/hoshikawa_02-3077aa.json
2026-09-24 14:11:44 | INFO     | OK https://skeb.jp/api/users/Sawaaaara
2026-09-24 14:11:44 | INFO     | Saving at a/skeb/Sawaaaara-124f0e.json
2026-09-24 14:11:45 | INFO     | OK https://skeb.jp/api/users/Dionaea_mae_t
2026-09-24 14:11:45 | INFO     | Saving at a/skeb/Dionaea_mae_t-3a17f1.json
2026-09-24 14:11:46 | INFO     | OK https://skeb.jp/api/users/w_ptptptpt
2026-09-24 14:11:46 | INFO     | Saving at a/skeb/w_ptptptpt-3c041c.json
2026-09-24 14:11:47 | INFO     | OK https://skeb.jp/api/users/happly_EvAfteR
2026-09-24 14:11:47 | INFO     | Saving at a/skeb/happly_EvAfteR-db8381.json
2026-09-24 14:11:48 | INFO     | OK https://skeb.jp/api/users/tayura0517
2026-09-24 14:11:48 | INFO     | Saving at a/skeb/tayura0517-6a0c2f.json
2026-09-24 14:11:49 | INFO     | OK https://skeb.jp/api/users/JgF1yy5
2026-09-24 14:11:49 | INFO     | Saving at a/skeb/JgF1yy5-a82f94.json
2026-09-24 14:11:50 | INFO     | OK https://skeb.jp/api/users/53_trpg_r2
2026-09-24 14:11:50 | INFO     | Saving at a/skeb/53_trpg_r2-3614a1.json
2026-09-24 14:11:51 | INFO     | OK https://skeb.jp/api/users/ropioka
2026-09-24 14:11:51 | INFO     | Saving at a/skeb/ropioka-a88085.json
2026-09-24 14:11:52 | INFO     | OK https://skeb.jp/api/users/SterdusT__08
2026-09-24 14:11:52 | INFO     | Saving at a/skeb/SterdusT__08-ea437c.json
2026-09-24 14:11:53 | INFO     | OK https://skeb.jp/api/users/madomore4649
2026-09-24 14:11:53 | INFO     | Saving at a/skeb/madomore4649-80eb46.json
2026-09-24 14:11:54 | INFO     | OK https://skeb.jp/api/users/ksk__oda
2026-09-24 14:11:54 | INFO     | Saving at a/skeb/ksk__oda-9e90f4.json
2026-09-24 14:11:55 | INFO     | OK https://skeb.jp/api/users/scarlet753315
2026-09-24 14:11:55 | INFO     | Saving at a/skeb/scarlet753315-ac8587.json
2026-09-24 14:11:56 | INFO     | OK https://skeb.jp/api/users/eisen1111
2026-09-24 14:11:56 | INFO     | Saving at a/skeb/eisen1111-9606eb.json
2026-09-24 14:11:57 | INFO     | OK https://skeb.jp/api/users/RyuKa_231
2026-09-24 14:11:57 | INFO     | Saving at a/skeb/RyuKa_231-5e7e8e.json
2026-09-24 14:11:58 | INFO     | OK https://skeb.jp/api/users/sisyamo_himazin
2026-09-24 14:11:58 | INFO     | Saving at a/skeb/sisyamo_himazin-2d5fa8.json
2026-09-24 14:11:59 | INFO     | OK https://skeb.jp/api/users/KawasakiW1sp
2026-09-24 14:11:59 | INFO     | Saving at a/skeb/KawasakiW1sp-6a3d69.json
2026-09-24 14:12:00 | INFO     | OK https://skeb.jp/api/users/LP_himazin
2026-09-24 14:12:00 | INFO     | Saving at a/skeb/LP_himazin-b2ea2e.json
2026-09-24 14:12:01 | INFO     | OK https://skeb.jp/api/users/yusa_yuyu
2026-09-24 14:12:01 | INFO     | Saving at a/skeb/yusa_yuyu-f8d867.json
2026-09-24 14:12:02 | INFO     | OK https://skeb.jp/api/users/8oyasan
2026-09-24 14:12:02 | INFO     | Saving at a/skeb/8oyasan-fa7290.json
2026-09-24 14:12:03 | INFO     | OK https://skeb.jp/api/users/kadokame
2026-09-24 14:12:03 | INFO     | Saving at a/skeb/kadokame-b29ef4.json
2026-09-24 14:12:04 | INFO     | OK https://skeb.jp/api/users/uso_1023
2026-09-24 14:12:04 | INFO     | Saving at a/skeb/uso_1023-7b64d9.json
2026-09-24 14:12:05 | INFO     | OK https://skeb.jp/api/users/ogaoekaki
2026-09-24 14:12:05 | INFO     | Saving at a/skeb/ogaoekaki-7b4291.json
2026-09-24 14:12:06 | INFO     | OK https://skeb.jp/api/users/hoshiotabe
2026-09-24 14:12:06 | INFO     | Saving at a/skeb/hoshiotabe-4ff941.json
2026-09-24 14:12:07 | INFO     | OK https://skeb.jp/api/users/morishiey
2026-09-24 14:12:07 | INFO     | Saving at a/skeb/morishiey-4b851b.json
2026-09-24 14:12:08 | INFO     | OK https://skeb.jp/api/users/shiraichigo
2026-09-24 14:12:08 | INFO     | Saving at a/skeb/shiraichigo-3ccc38.json
2026-09-24 14:12:09 | INFO     | OK https://skeb.jp/api/users/cosiki_UAU
2026-09-24 14:12:09 | INFO     | Saving at a/skeb/cosiki_UAU-1fddc8.json
2026-09-24 14:12:10 | INFO     | OK https://skeb.jp/api/users/pen_117
2026-09-24 14:12:10 | INFO     | Saving at a/skeb/pen_117-fa4c28.json
2026-09-24 14:12:11 | INFO     | OK https://skeb.jp/api/users/Kudwafter_625
2026-09-24 14:12:11 | INFO     | Saving at a/skeb/Kudwafter_625-47ac31.json
2026-09-24 14:12:12 | INFO     | OK https://skeb.jp/api/users/funi22believer
2026-09-24 14:12:12 | INFO     | Saving at a/skeb/funi22believer-498033.json
2026-09-24 14:12:13 | INFO     | OK https://skeb.jp/api/users/yoshimaro77
2026-09-24 14:12:13 | INFO     | Saving at a/skeb/yoshimaro77-f3c4a3.json
2026-09-24 14:12:14 | INFO     | OK https://skeb.jp/api/users/302_dokkoi
2026-09-24 14:12:14 | INFO     | Saving at a/skeb/302_dokkoi-7a1f63.json
2026-09-24 14:12:15 | INFO     | OK https://skeb.jp/api/users/Nejiro_001
2026-09-24 14:12:15 | INFO     | Saving at a/skeb/Nejiro_001-601509.json
2026-09-24 14:12:16 | INFO     | OK https://skeb.jp/api/users/ketoponpon
2026-09-24 14:12:16 | INFO     | Saving at a/skeb/ketoponpon-5ed103.json
2026-09-24 14:12:17 | INFO     | OK https://skeb.jp/api/users/kitsune_suna08
2026-09-24 14:12:17 | INFO     | Saving at a/skeb/kitsune_suna08-a14949.json
2026-09-24 14:12:18 | INFO     | OK https://skeb.jp/api/users/Nautica_H_I
2026-09-24 14:12:18 | INFO     | Saving at a/skeb/Nautica_H_I-610329.json
2026-09-24 14:12:19 | INFO     | OK https://skeb.jp/api/users/Kalk427
2026-09-24 14:12:19 | INFO     | Saving at a/skeb/Kalk427-254918.json
2026-09-24 14:12:20 | INFO     | OK https://skeb.jp/api/users/Crawler_GM
2026-09-24 14:12:20 | INFO     | Saving at a/skeb/Crawler_GM-32077c.json
2026-09-24 14:12:21 | INFO     | OK https://skeb.jp/api/users/SHiNo__MERA
2026-09-24 14:12:21 | INFO     | Saving at a/skeb/SHiNo__MERA-c91bb0.json
2026-09-24 14:12:22 | INFO     | OK https://skeb.jp/api/users/poime0T_T
2026-09-24 14:12:22 | INFO     | Saving at a/skeb/poime0T_T-9081b0.json
2026-09-24 14:12:23 | INFO     | OK https://skeb.jp/api/users/SousakuAme072
2026-09-24 14:12:23 | INFO     | Saving at a/skeb/SousakuAme072-2c64d5.json
2026-09-24 14:12:24 | INFO     | OK https://skeb.jp/api/users/blGVprumRygoIAW
2026-09-24 14:12:24 | INFO     | Saving at a/skeb/blGVprumRygoIAW-75544a.json
2026-09-24 14:12:25 | INFO     | OK https://skeb.jp/api/users/redtaroislandcircle
2026-09-24 14:12:25 | INFO     | Saving at a/skeb/redtaroislandcircle-97542f.json
2026-09-24 14:12:26 | INFO     | OK https://skeb.jp/api/users/1_ITIKABATIKA_8
2026-09-24 14:12:26 | INFO     | Saving at a/skeb/1_ITIKABATIKA_8-c7a2f5.json
2026-09-24 14:12:27 | INFO     | OK https://skeb.jp/api/users/koko____0303
2026-09-24 14:12:27 | INFO     | Saving at a/skeb/koko____0303-047104.json
2026-09-24 14:12:28 | INFO     | OK https://skeb.jp/api/users/guruminn
2026-09-24 14:12:28 | INFO     | Saving at a/skeb/guruminn-f1f310.json
2026-09-24 14:12:29 | INFO     | OK https://skeb.jp/api/users/e1ZXNeoaHl
2026-09-24 14:12:29 | INFO     | Saving at a/skeb/e1ZXNeoaHl-e5d8d4.json
2026-09-24 14:12:30 | INFO     | OK https://skeb.jp/api/users/komeumauma
2026-09-24 14:12:30 | INFO     | Saving at a/skeb/komeumauma-18f5a7.json
2026-09-24 14:12:31 | INFO     | OK https://skeb.jp/api/users/etawin
2026-09-24 14:12:31 | INFO     | Saving at a/skeb/etawin-b15875.json
2026-09-24 14:12:32 | INFO     | OK https://skeb.jp/api/users/tsuitta_dayo
2026-09-24 14:12:32 | INFO     | Saving at a/skeb/tsuitta_dayo-bb0c62.json
2026-09-24 14:12:33 | INFO     | OK https://skeb.jp/api/users/reasan_oishiiyo
2026-09-24 14:12:33 | INFO     | Saving at a/skeb/reasan_oishiiyo-3df561.json
2026-09-24 14:12:34 | INFO     | OK https://skeb.jp/api/users/Makeoshimi001
2026-09-24 14:12:34 | INFO     | Saving at a/skeb/Makeoshimi001-986e43.json
2026-09-24 14:12:35 | INFO     | OK https://skeb.jp/api/users/GUCHIaKING
2026-09-24 14:12:35 | INFO     | Saving at a/skeb/GUCHIaKING-48917e.json
2026-09-24 14:12:36 | INFO     | OK https://skeb.jp/api/users/reto_sankaimo
2026-09-24 14:12:36 | INFO     | Saving at a/skeb/reto_sankaimo-046ed0.json
2026-09-24 14:12:37 | INFO     | OK https://skeb.jp/api/users/DARU_osanart
2026-09-24 14:12:37 | INFO     | Saving at a/skeb/DARU_osanart-f5f3b0.json
2026-09-24 14:12:38 | INFO     | OK https://skeb.jp/api/users/Yuzukawa_Ryo
2026-09-24 14:12:38 | INFO     | Saving at a/skeb/Yuzukawa_Ryo-321c99.json
2026-09-24 14:12:39 | INFO     | OK https://skeb.jp/api/users/hamelon310
2026-09-24 14:12:39 | INFO     | Saving at a/skeb/hamelon310-d25e72.json
2026-09-24 14:12:40 | INFO     | OK https://skeb.jp/api/users/KaisaiKaihai
2026-09-24 14:12:40 | INFO     | Saving at a/skeb/KaisaiKaihai-48b9b8.json
2026-09-24 14:12:41 | INFO     | OK https://skeb.jp/api/users/chikenbeergood
2026-09-24 14:12:41 | INFO     | Saving at a/skeb/chikenbeergood-f2b06e.json
2026-09-24 14:12:42 | INFO     | OK https://skeb.jp/api/users/mellow_cham
2026-09-24 14:12:42 | INFO     | Saving at a/skeb/mellow_cham-a26bea.json
2026-09-24 14:12:43 | INFO     | OK https://skeb.jp/api/users/butasyabu_
2026-09-24 14:12:43 | INFO     | Saving at a/skeb/butasyabu_-05c138.json
2026-09-24 14:12:44 | INFO     | OK https://skeb.jp/api/users/mochioni113
2026-09-24 14:12:44 | INFO     | Saving at a/skeb/mochioni113-b83d1b.json
2026-09-24 14:12:45 | INFO     | OK https://skeb.jp/api/users/TOTSU222
2026-09-24 14:12:45 | INFO     | Saving at a/skeb/TOTSU222-e5be97.json
2026-09-24 14:12:46 | INFO     | OK https://skeb.jp/api/users/usodazenbu
2026-09-24 14:12:46 | INFO     | Saving at a/skeb/usodazenbu-aa700d.json
2026-09-24 14:12:47 | INFO     | OK https://skeb.jp/api/users/nekomado_mado
2026-09-24 14:12:47 | INFO     | Saving at a/skeb/nekomado_mado-881a69.json
2026-09-24 14:12:48 | INFO     | OK https://skeb.jp/api/users/amananoloafer
2026-09-24 14:12:48 | INFO     | Saving at a/skeb/amananoloafer-577cd0.json
2026-09-24 14:12:49 | INFO     | OK https://skeb.jp/api/users/Kyouunmaru_vrc
2026-09-24 14:12:49 | INFO     | Saving at a/skeb/Kyouunmaru_vrc-be1881.json
2026-09-24 14:12:50 | INFO     | OK https://skeb.jp/api/users/strangepop
2026-09-24 14:12:50 | INFO     | Saving at a/skeb/strangepop-d14f0f.json
2026-09-24 14:12:51 | INFO     | OK https://skeb.jp/api/users/kokotto_milk
2026-09-24 14:12:51 | INFO     | Saving at a/skeb/kokotto_milk-31941a.json
2026-09-24 14:12:52 | INFO     | OK https://skeb.jp/api/users/tanio_0114
2026-09-24 14:12:52 | INFO     | Saving at a/skeb/tanio_0114-1a3d22.json
2026-09-24 14:12:53 | INFO     | OK https://skeb.jp/api/users/lcxnv_
2026-09-24 14:12:53 | INFO     | Saving at a/skeb/lcxnv_-2e8445.json
2026-09-24 14:12:54 | INFO     | OK https://skeb.jp/api/users/hnohanz122
2026-09-24 14:12:54 | INFO     | Saving at a/skeb/hnohanz122-2216ae.json
2026-09-24 14:12:55 | INFO     | OK https://skeb.jp/api/users/asa_chibi
2026-09-24 14:12:55 | INFO     | Saving at a/skeb/asa_chibi-3dbe33.json
2026-09-24 14:12:56 | INFO     | OK https://skeb.jp/api/users/FUYUMIKAN
2026-09-24 14:12:56 | INFO     | Saving at a/skeb/FUYUMIKAN-14f6ca.json
2026-09-24 14:12:57 | INFO     | OK https://skeb.jp/api/users/Miryu_mu
2026-09-24 14:12:57 | INFO     | Saving at a/skeb/Miryu_mu-9984f6.json
2026-09-24 14:12:58 | INFO     | OK https://skeb.jp/api/users/Liyocafe
2026-09-24 14:12:58 | INFO     | Saving at a/skeb/Liyocafe-17b9c3.json
2026-09-24 14:12:59 | INFO     | OK https://skeb.jp/api/users/botmitai_N
2026-09-24 14:12:59 | INFO     | Saving at a/skeb/botmitai_N-d2f55f.json
2026-09-24 14:13:00 | INFO     | OK https://skeb.jp/api/users/otkmdng
2026-09-24 14:13:00 | INFO     | Saving at a/skeb/otkmdng-b2911e.json
2026-09-24 14:13:01 | INFO     | OK https://skeb.jp/api/users/wwponpon
2026-09-24 14:13:01 | INFO     | Saving at a/skeb/wwponpon-5bea53.json
2026-09-24 14:13:02 | INFO     | OK https://skeb.jp/api/users/kirakunibl
2026-09-24 14:13:02 | INFO     | Saving at a/skeb/kirakunibl-1f10ef.json
2026-09-24 14:13:03 | INFO     | OK https://skeb.jp/api/users/Kacwaaaaa
2026-09-24 14:13:03 | INFO     | Saving at a/skeb/Kacwaaaaa-163f5d.json
2026-09-24 14:13:04 | INFO     | OK https://skeb.jp/api/users/kodoil27
2026-09-24 14:13:04 | INFO     | Saving at a/skeb/kodoil27-6e4102.json
2026-09-24 14:13:05 | INFO     | OK https://skeb.jp/api/users/ShimotsukiAoi19
2026-09-24 14:13:05 | INFO     | Saving at a/skeb/ShimotsukiAoi19-d3f1ee.json
2026-09-24 14:13:06 | INFO     | OK https://skeb.jp/api/users/rokka_saku
2026-09-24 14:13:06 | INFO     | Saving at a/skeb/rokka_saku-3403d5.json
2026-09-24 14:13:07 | INFO     | OK https://skeb.jp/api/users/s3cr
2026-09-24 14:13:07 | INFO     | Saving at a/skeb/s3cr-67185e.json
2026-09-24 14:13:08 | INFO     | OK https://skeb.jp/api/users/96haiki
2026-09-24 14:13:08 | INFO     | Saving at a/skeb/96haiki-9204d9.json
2026-09-24 14:13:09 | INFO     | OK https://skeb.jp/api/users/SB8496shibainu
2026-09-24 14:13:09 | INFO     | Saving at a/skeb/SB8496shibainu-4219f5.json
2026-09-24 14:13:10 | INFO     | OK https://skeb.jp/api/users/UMUM_0919
2026-09-24 14:13:10 | INFO     | Saving at a/skeb/UMUM_0919-d4859a.json
2026-09-24 14:13:11 | INFO     | OK https://skeb.jp/api/users/GOBOTENICE
2026-09-24 14:13:11 | INFO     | Saving at a/skeb/GOBOTENICE-da2f02.json
2026-09-24 14:13:12 | INFO     | OK https://skeb.jp/api/users/genso_sv
2026-09-24 14:13:12 | INFO     | Saving at a/skeb/genso_sv-3eced0.json
2026-09-24 14:13:13 | INFO     | OK https://skeb.jp/api/users/domino873yi
2026-09-24 14:13:13 | INFO     | Saving at a/skeb/domino873yi-e28dd1.json
2026-09-24 14:13:14 | INFO     | OK https://skeb.jp/api/users/1day1week
2026-09-24 14:13:14 | INFO     | Saving at a/skeb/1day1week-503838.json
2026-09-24 14:13:15 | INFO     | OK https://skeb.jp/api/users/kome_non
2026-09-24 14:13:15 | INFO     | Saving at a/skeb/kome_non-912216.json
2026-09-24 14:13:16 | INFO     | OK https://skeb.jp/api/users/roieoekaki
2026-09-24 14:13:16 | INFO     | Saving at a/skeb/roieoekaki-3509fb.json
2026-09-24 14:13:17 | INFO     | OK https://skeb.jp/api/users/nemomo_mofu
2026-09-24 14:13:17 | INFO     | Saving at a/skeb/nemomo_mofu-354d67.json
2026-09-24 14:13:18 | INFO     | OK https://skeb.jp/api/users/shiba_9393
2026-09-24 14:13:18 | INFO     | Saving at a/skeb/shiba_9393-c4ae87.json
2026-09-24 14:13:19 | INFO     | OK https://skeb.jp/api/users/ry_wnu
2026-09-24 14:13:19 | INFO     | Saving at a/skeb/ry_wnu-2aebca.json
2026-09-24 14:13:20 | INFO     | OK https://skeb.jp/api/users/cloudia_trpg
2026-09-24 14:13:20 | INFO     | Saving at a/skeb/cloudia_trpg-7c6f23.json
2026-09-24 14:13:21 | INFO     | OK https://skeb.jp/api/users/m_96_1
2026-09-24 14:13:21 | INFO     | Saving at a/skeb/m_96_1-8a06d4.json
2026-09-24 14:13:22 | INFO     | OK https://skeb.jp/api/users/nnpuru
2026-09-24 14:13:22 | INFO     | Saving at a/skeb/nnpuru-4bdd83.json
2026-09-24 14:13:23 | INFO     | OK https://skeb.jp/api/users/t3gam1
2026-09-24 14:13:23 | INFO     | Saving at a/skeb/t3gam1-587689.json
2026-09-24 14:13:24 | INFO     | OK https://skeb.jp/api/users/1south3927
2026-09-24 14:13:24 | INFO     | Saving at a/skeb/1south3927-2ad26c.json
2026-09-24 14:13:25 | INFO     | OK https://skeb.jp/api/users/katsuragimay18h
2026-09-24 14:13:25 | INFO     | Saving at a/skeb/katsuragimay18h-aa161e.json
2026-09-24 14:13:26 | INFO     | OK https://skeb.jp/api/users/Gatasu313
2026-09-24 14:13:26 | INFO     | Saving at a/skeb/Gatasu313-f4c207.json
2026-09-24 14:13:27 | INFO     | OK https://skeb.jp/api/users/tsukumo_772
2026-09-24 14:13:27 | INFO     | Saving at a/skeb/tsukumo_772-6fb425.json
2026-09-24 14:13:28 | INFO     | OK https://skeb.jp/api/users/ToratoraHsmt
2026-09-24 14:13:28 | INFO     | Saving at a/skeb/ToratoraHsmt-d15527.json
2026-09-24 14:13:29 | INFO     | OK https://skeb.jp/api/users/bukitikikaku
2026-09-24 14:13:29 | INFO     | Saving at a/skeb/bukitikikaku-75b367.json
2026-09-24 14:13:30 | INFO     | OK https://skeb.jp/api/users/_hacobox
2026-09-24 14:13:30 | INFO     | Saving at a/skeb/_hacobox-9d208e.json
2026-09-24 14:13:31 | INFO     | OK https://skeb.jp/api/users/O_tizu
2026-09-24 14:13:31 | INFO     | Saving at a/skeb/O_tizu-50b6a3.json
2026-09-24 14:13:32 | INFO     | OK https://skeb.jp/api/users/ne_koromo
2026-09-24 14:13:32 | INFO     | Saving at a/skeb/ne_koromo-78258b.json
2026-09-24 14:13:33 | INFO     | OK https://skeb.jp/api/users/uma_no_suke
2026-09-24 14:13:33 | INFO     | Saving at a/skeb/uma_no_suke-e40227.json
2026-09-24 14:13:34 | INFO     | OK https://skeb.jp/api/users/v_1ne
2026-09-24 14:13:34 | INFO     | Saving at a/skeb/v_1ne-ca9cce.json
2026-09-24 14:13:35 | INFO     | OK https://skeb.jp/api/users/riannn_desu
2026-09-24 14:13:35 | INFO     | Saving at a/skeb/riannn_desu-37e67f.json
2026-09-24 14:13:36 | INFO     | OK https://skeb.jp/api/users/voifooooooork
2026-09-24 14:13:36 | INFO     | Saving at a/skeb/voifooooooork-ad47eb.json
2026-09-24 14:13:37 | INFO     | OK https://skeb.jp/api/users/Aosaki_2_Licht
2026-09-24 14:13:37 | INFO     | Saving at a/skeb/Aosaki_2_Licht-18ae5e.json
2026-09-24 14:13:38 | INFO     | OK https://skeb.jp/api/users/pometarou3_2
2026-09-24 14:13:38 | INFO     | Saving at a/skeb/pometarou3_2-5880d9.json
2026-09-24 14:13:39 | INFO     | OK https://skeb.jp/api/users/mobchara11
2026-09-24 14:13:39 | INFO     | Saving at a/skeb/mobchara11-00b614.json
2026-09-24 14:13:40 | INFO     | OK https://skeb.jp/api/users/TirolCatOxO
2026-09-24 14:13:40 | INFO     | Saving at a/skeb/TirolCatOxO-2ce5e1.json
2026-09-24 14:13:41 | INFO     | OK https://skeb.jp/api/users/I_Ohmedama
2026-09-24 14:13:41 | INFO     | Saving at a/skeb/I_Ohmedama-69288f.json
2026-09-24 14:13:42 | INFO     | OK https://skeb.jp/api/users/hayu_coc
2026-09-24 14:13:42 | INFO     | Saving at a/skeb/hayu_coc-e262ee.json
2026-09-24 14:13:43 | INFO     | OK https://skeb.jp/api/users/nasuno_Posi
2026-09-24 14:13:43 | INFO     | Saving at a/skeb/nasuno_Posi-af7fb0.json
2026-09-24 14:13:44 | INFO     | OK https://skeb.jp/api/users/ruskkkk_dayo
2026-09-24 14:13:44 | INFO     | Saving at a/skeb/ruskkkk_dayo-7725c5.json
2026-09-24 14:13:45 | INFO     | OK https://skeb.jp/api/users/yotaka_sumi
2026-09-24 14:13:45 | INFO     | Saving at a/skeb/yotaka_sumi-9fd058.json
2026-09-24 14:13:46 | INFO     | OK https://skeb.jp/api/users/4kiMizuki
2026-09-24 14:13:46 | INFO     | Saving at a/skeb/4kiMizuki-28c1f0.json
2026-09-24 14:13:47 | INFO     | OK https://skeb.jp/api/users/uka_aa
2026-09-24 14:13:47 | INFO     | Saving at a/skeb/uka_aa-ef00ab.json
2026-09-24 14:13:48 | INFO     | OK https://skeb.jp/api/users/morisoba1213
2026-09-24 14:13:48 | INFO     | Saving at a/skeb/morisoba1213-25da21.json
2026-09-24 14:13:49 | INFO     | OK https://skeb.jp/api/users/tukiattyaeyo
2026-09-24 14:13:49 | INFO     | Saving at a/skeb/tukiattyaeyo-4eead5.json
2026-09-24 14:13:50 | INFO     | OK https://skeb.jp/api/users/shikaku_asamura
2026-09-24 14:13:50 | INFO     | Saving at a/skeb/shikaku_asamura-8921cf.json
2026-09-24 14:13:51 | INFO     | OK https://skeb.jp/api/users/K0Rwz2a9OQOYV8v
2026-09-24 14:13:51 | INFO     | Saving at a/skeb/K0Rwz2a9OQOYV8v-29ef80.json
2026-09-24 14:13:52 | INFO     | OK https://skeb.jp/api/users/TuguTamotu
2026-09-24 14:13:52 | INFO     | Saving at a/skeb/TuguTamotu-d4bef6.json
2026-09-24 14:13:53 | INFO     | OK https://skeb.jp/api/users/midorima_Bocchi
2026-09-24 14:13:53 | INFO     | Saving at a/skeb/midorima_Bocchi-449d56.json
2026-09-24 14:13:54 | INFO     | OK https://skeb.jp/api/users/subarutsuchinp
2026-09-24 14:13:54 | INFO     | Saving at a/skeb/subarutsuchinp-808995.json
2026-09-24 14:13:55 | INFO     | OK https://skeb.jp/api/users/toomishou
2026-09-24 14:13:55 | INFO     | Saving at a/skeb/toomishou-e0e4fb.json
2026-09-24 14:13:56 | INFO     | OK https://skeb.jp/api/users/ZemkTr83in
2026-09-24 14:13:56 | INFO     | Saving at a/skeb/ZemkTr83in-054311.json
2026-09-24 14:13:57 | INFO     | OK https://skeb.jp/api/users/nanohana_Maple
2026-09-24 14:13:57 | INFO     | Saving at a/skeb/nanohana_Maple-935656.json
2026-09-24 14:13:58 | INFO     | OK https://skeb.jp/api/users/Uyounagi
2026-09-24 14:13:58 | INFO     | Saving at a/skeb/Uyounagi-fdd2b2.json
2026-09-24 14:13:59 | INFO     | OK https://skeb.jp/api/users/R18komeemok81R
2026-09-24 14:13:59 | INFO     | Saving at a/skeb/R18komeemok81R-280b4d.json
2026-09-24 14:14:00 | INFO     | OK https://skeb.jp/api/users/okra_ns
2026-09-24 14:14:00 | INFO     | Saving at a/skeb/okra_ns-e45a7e.json
2026-09-24 14:14:01 | INFO     | OK https://skeb.jp/api/users/guruminnSuB
2026-09-24 14:14:01 | INFO     | Saving at a/skeb/guruminnSuB-88ec20.json
2026-09-24 14:14:02 | INFO     | OK https://skeb.jp/api/users/oimonun
2026-09-24 14:14:02 | INFO     | Saving at a/skeb/oimonun-6b3831.json
2026-09-24 14:14:03 | INFO     | OK https://skeb.jp/api/users/tadato_kttai
2026-09-24 14:14:03 | INFO     | Saving at a/skeb/tadato_kttai-2ec430.json
2026-09-24 14:14:04 | INFO     | OK https://skeb.jp/api/users/Maruchangmang
2026-09-24 14:14:04 | INFO     | Saving at a/skeb/Maruchangmang-c4a54f.json
2026-09-24 14:14:05 | INFO     | OK https://skeb.jp/api/users/siinaP_game
2026-09-24 14:14:05 | INFO     | Saving at a/skeb/siinaP_game-77456e.json
2026-09-24 14:14:06 | INFO     | OK https://skeb.jp/api/users/toromix2
2026-09-24 14:14:06 | INFO     | Saving at a/skeb/toromix2-05e39a.json
2026-09-24 14:14:07 | INFO     | OK https://skeb.jp/api/users/sino24tsuki
2026-09-24 14:14:07 | INFO     | Saving at a/skeb/sino24tsuki-52b458.json
2026-09-24 14:14:08 | INFO     | OK https://skeb.jp/api/users/L0WR15E
2026-09-24 14:14:08 | INFO     | Saving at a/skeb/L0WR15E-8c5532.json
2026-09-24 14:14:09 | INFO     | OK https://skeb.jp/api/users/ajula_wachula
2026-09-24 14:14:09 | INFO     | Saving at a/skeb/ajula_wachula-4f9680.json
2026-09-24 14:14:10 | INFO     | OK https://skeb.jp/api/users/kururu_na96
2026-09-24 14:14:10 | INFO     | Saving at a/skeb/kururu_na96-d6a9da.json
2026-09-24 14:14:11 | INFO     | OK https://skeb.jp/api/users/U3U3MI
2026-09-24 14:14:11 | INFO     | Saving at a/skeb/U3U3MI-16ed63.json
2026-09-24 14:14:12 | INFO     | OK https://skeb.jp/api/users/oyayubi_iii
2026-09-24 14:14:12 | INFO     | Saving at a/skeb/oyayubi_iii-0f6ad4.json
2026-09-24 14:14:13 | INFO     | OK https://skeb.jp/api/users/Sori0414
2026-09-24 14:14:13 | INFO     | Saving at a/skeb/Sori0414-308d4e.json
2026-09-24 14:14:14 | INFO     | OK https://skeb.jp/api/users/kobako42
2026-09-24 14:14:14 | INFO     | Saving at a/skeb/kobako42-d22b3b.json
2026-09-24 14:14:15 | INFO     | OK https://skeb.jp/api/users/lz__nyn
2026-09-24 14:14:15 | INFO     | Saving at a/skeb/lz__nyn-336b54.json
2026-09-24 14:14:16 | INFO     | OK https://skeb.jp/api/users/llyy8s39
2026-09-24 14:14:16 | INFO     | Saving at a/skeb/llyy8s39-df0daa.json
2026-09-24 14:14:17 | INFO     | OK https://skeb.jp/api/users/saratto_2zyo
2026-09-24 14:14:17 | INFO     | Saving at a/skeb/saratto_2zyo-a3f3e6.json
2026-09-24 14:14:18 | INFO     | OK https://skeb.jp/api/users/toripuru_color
2026-09-24 14:14:18 | INFO     | Saving at a/skeb/toripuru_color-292a79.json
2026-09-24 14:14:19 | INFO     | OK https://skeb.jp/api/users/PastaDaisuki26
2026-09-24 14:14:19 | INFO     | Saving at a/skeb/PastaDaisuki26-e52188.json
2026-09-24 14:14:20 | INFO     | OK https://skeb.jp/api/users/u_uchaaan
2026-09-24 14:14:20 | INFO     | Saving at a/skeb/u_uchaaan-457183.json
2026-09-24 14:14:21 | INFO     | OK https://skeb.jp/api/users/yosidaakiransub
2026-09-24 14:14:21 | INFO     | Saving at a/skeb/yosidaakiransub-20a556.json
2026-09-24 14:14:22 | INFO     | OK https://skeb.jp/api/users/chocolate__Sn
2026-09-24 14:14:22 | INFO     | Saving at a/skeb/chocolate__Sn-f1ce95.json
2026-09-24 14:14:23 | INFO     | OK https://skeb.jp/api/users/pakipakiiishi
2026-09-24 14:14:23 | INFO     | Saving at a/skeb/pakipakiiishi-d7140d.json
2026-09-24 14:14:24 | INFO     | OK https://skeb.jp/api/users/QooR0n
2026-09-24 14:14:24 | INFO     | Saving at a/skeb/QooR0n-87a9f0.json
2026-09-24 14:14:25 | INFO     | OK https://skeb.jp/api/users/huwahuwasan391
2026-09-24 14:14:25 | INFO     | Saving at a/skeb/huwahuwasan391-2c4363.json
2026-09-24 14:14:26 | INFO     | OK https://skeb.jp/api/users/kamonekm
2026-09-24 14:14:26 | INFO     | Saving at a/skeb/kamonekm-c93018.json
2026-09-24 14:14:27 | INFO     | OK https://skeb.jp/api/users/subtle_dawn
2026-09-24 14:14:27 | INFO     | Saving at a/skeb/subtle_dawn-909b55.json
2026-09-24 14:14:28 | INFO     | OK https://skeb.jp/api/users/frenfclaymoreV
2026-09-24 14:14:28 | INFO     | Saving at a/skeb/frenfclaymoreV-030afa.json
2026-09-24 14:14:29 | INFO     | OK https://skeb.jp/api/users/meganeee31
2026-09-24 14:14:29 | INFO     | Saving at a/skeb/meganeee31-92909f.json
2026-09-24 14:14:30 | INFO     | OK https://skeb.jp/api/users/lamicahunter
2026-09-24 14:14:30 | INFO     | Saving at a/skeb/lamicahunter-31690b.json
2026-09-24 14:14:31 | INFO     | OK https://skeb.jp/api/users/akaru_xxx
2026-09-24 14:14:31 | INFO     | Saving at a/skeb/akaru_xxx-8901d0.json
2026-09-24 14:14:32 | INFO     | OK https://skeb.jp/api/users/abus55764787
2026-09-24 14:14:32 | INFO     | Saving at a/skeb/abus55764787-1291ce.json
2026-09-24 14:14:33 | INFO     | OK https://skeb.jp/api/users/kaxak8
2026-09-24 14:14:33 | INFO     | Saving at a/skeb/kaxak8-8f6bfc.json
2026-09-24 14:14:34 | INFO     | OK https://skeb.jp/api/users/momolatten
2026-09-24 14:14:34 | INFO     | Saving at a/skeb/momolatten-390cf5.json
2026-09-24 14:14:35 | INFO     | OK https://skeb.jp/api/users/ika0aki
2026-09-24 14:14:35 | INFO     | Saving at a/skeb/ika0aki-24baf4.json
2026-09-24 14:14:36 | INFO     | OK https://skeb.jp/api/users/0onamae
2026-09-24 14:14:36 | INFO     | Saving at a/skeb/0onamae-6c7399.json
2026-09-24 14:14:37 | INFO     | OK https://skeb.jp/api/users/Marlboro_midori
2026-09-24 14:14:37 | INFO     | Saving at a/skeb/Marlboro_midori-adfe65.json
2026-09-24 14:14:38 | INFO     | OK https://skeb.jp/api/users/a_281023
2026-09-24 14:14:38 | INFO     | Saving at a/skeb/a_281023-ef81c2.json
2026-09-24 14:14:39 | INFO     | OK https://skeb.jp/api/users/runanya_vann
2026-09-24 14:14:39 | INFO     | Saving at a/skeb/runanya_vann-13dc42.json
2026-09-24 14:14:40 | INFO     | OK https://skeb.jp/api/users/ene_220
2026-09-24 14:14:40 | INFO     | Saving at a/skeb/ene_220-dba650.json
2026-09-24 14:14:41 | INFO     | OK https://skeb.jp/api/users/261tanbo
2026-09-24 14:14:41 | INFO     | Saving at a/skeb/261tanbo-78e195.json
2026-09-24 14:14:42 | INFO     | OK https://skeb.jp/api/users/lx_03v
2026-09-24 14:14:42 | INFO     | Saving at a/skeb/lx_03v-71f7c0.json
2026-09-24 14:14:44 | INFO     | OK https://skeb.jp/api/users/CM10110416
2026-09-24 14:14:44 | INFO     | Saving at a/skeb/CM10110416-9ed94b.json
2026-09-24 14:14:44 | INFO     | OK https://skeb.jp/api/users/New_Daien418
2026-09-24 14:14:44 | INFO     | Saving at a/skeb/New_Daien418-e6dddc.json
2026-09-24 14:14:45 | INFO     | OK https://skeb.jp/api/users/1395notes
2026-09-24 14:14:45 | INFO     | Saving at a/skeb/1395notes-8879bb.json
2026-09-24 14:14:46 | INFO     | OK https://skeb.jp/api/users/mocotane
2026-09-24 14:14:46 | INFO     | Saving at a/skeb/mocotane-2f12c6.json
2026-09-24 14:14:47 | INFO     | OK https://skeb.jp/api/users/SophiaAruraine
2026-09-24 14:14:47 | INFO     | Saving at a/skeb/SophiaAruraine-a925d7.json
2026-09-24 14:14:48 | INFO     | OK https://skeb.jp/api/users/hoyo_0204
2026-09-24 14:14:48 | INFO     | Saving at a/skeb/hoyo_0204-b4fb08.json
2026-09-24 14:14:49 | INFO     | OK https://skeb.jp/api/users/sui_hi_sf
2026-09-24 14:14:49 | INFO     | Saving at a/skeb/sui_hi_sf-f68538.json
2026-09-24 14:14:51 | INFO     | OK https://skeb.jp/api/users/OGGY_YOKOHAMA
2026-09-24 14:14:51 | INFO     | Saving at a/skeb/OGGY_YOKOHAMA-86782d.json
2026-09-24 14:14:51 | INFO     | OK https://skeb.jp/api/users/Futa__TIMAMIRE
2026-09-24 14:14:51 | INFO     | Saving at a/skeb/Futa__TIMAMIRE-3c61d1.json
2026-09-24 14:14:52 | INFO     | OK https://skeb.jp/api/users/Puku_Choco
2026-09-24 14:14:52 | INFO     | Saving at a/skeb/Puku_Choco-c5eaf3.json
2026-09-24 14:14:53 | INFO     | OK https://skeb.jp/api/users/yamato_mp
2026-09-24 14:14:53 | INFO     | Saving at a/skeb/yamato_mp-fbfc67.json
2026-09-24 14:14:54 | INFO     | OK https://skeb.jp/api/users/kmgkisxx
2026-09-24 14:14:54 | INFO     | Saving at a/skeb/kmgkisxx-726ee8.json
2026-09-24 14:14:55 | INFO     | OK https://skeb.jp/api/users/59sz2
2026-09-24 14:14:55 | INFO     | Saving at a/skeb/59sz2-27fb97.json
2026-09-24 14:14:56 | INFO     | OK https://skeb.jp/api/users/wara_nai
2026-09-24 14:14:56 | INFO     | Saving at a/skeb/wara_nai-e313ee.json
2026-09-24 14:14:57 | INFO     | OK https://skeb.jp/api/users/akemitsume
2026-09-24 14:14:57 | INFO     | Saving at a/skeb/akemitsume-913c7f.json
2026-09-24 14:14:58 | INFO     | OK https://skeb.jp/api/users/shibumenigai
2026-09-24 14:14:58 | INFO     | Saving at a/skeb/shibumenigai-e502e6.json
2026-09-24 14:14:59 | INFO     | OK https://skeb.jp/api/users/_shake_onigiri
2026-09-24 14:14:59 | INFO     | Saving at a/skeb/_shake_onigiri-cf4b24.json
2026-09-24 14:15:00 | INFO     | OK https://skeb.jp/api/users/tika_illust
2026-09-24 14:15:00 | INFO     | Saving at a/skeb/tika_illust-24ce47.json
2026-09-24 14:15:01 | INFO     | OK https://skeb.jp/api/users/pamonco
2026-09-24 14:15:01 | INFO     | Saving at a/skeb/pamonco-277a5a.json
2026-09-24 14:15:02 | INFO     | OK https://skeb.jp/api/users/Whybe123
2026-09-24 14:15:02 | INFO     | Saving at a/skeb/Whybe123-7c4da2.json
2026-09-24 14:15:03 | INFO     | OK https://skeb.jp/api/users/gomadenp
2026-09-24 14:15:03 | INFO     | Saving at a/skeb/gomadenp-67287f.json
2026-09-24 14:15:04 | INFO     | OK https://skeb.jp/api/users/Astala_AUC
2026-09-24 14:15:04 | INFO     | Saving at a/skeb/Astala_AUC-5e9343.json
2026-09-24 14:15:05 | INFO     | OK https://skeb.jp/api/users/Su327Wa
2026-09-24 14:15:05 | INFO     | Saving at a/skeb/Su327Wa-dbb40c.json
2026-09-24 14:15:06 | INFO     | OK https://skeb.jp/api/users/chibichan_TRPG
2026-09-24 14:15:06 | INFO     | Saving at a/skeb/chibichan_TRPG-5f3749.json
2026-09-24 14:15:07 | INFO     | OK https://skeb.jp/api/users/lightgamein
2026-09-24 14:15:07 | INFO     | Saving at a/skeb/lightgamein-06a743.json
2026-09-24 14:15:08 | INFO     | OK https://skeb.jp/api/users/tea_898
2026-09-24 14:15:08 | INFO     | Saving at a/skeb/tea_898-924544.json
2026-09-24 14:15:09 | INFO     | OK https://skeb.jp/api/users/mayurikaichou
2026-09-24 14:15:09 | INFO     | Saving at a/skeb/mayurikaichou-151590.json
2026-09-24 14:15:10 | INFO     | OK https://skeb.jp/api/users/mugencats
2026-09-24 14:15:10 | INFO     | Saving at a/skeb/mugencats-af9574.json
2026-09-24 14:15:11 | INFO     | OK https://skeb.jp/api/users/negiwasa555
2026-09-24 14:15:11 | INFO     | Saving at a/skeb/negiwasa555-36493e.json
2026-09-24 14:15:12 | INFO     | OK https://skeb.jp/api/users/km_nknk
2026-09-24 14:15:12 | INFO     | Saving at a/skeb/km_nknk-1af872.json
2026-09-24 14:15:13 | INFO     | OK https://skeb.jp/api/users/Rinrin_Johann
2026-09-24 14:15:13 | INFO     | Saving at a/skeb/Rinrin_Johann-6f33ed.json
2026-09-24 14:15:14 | INFO     | OK https://skeb.jp/api/users/KEIYA_GNST
2026-09-24 14:15:14 | INFO     | Saving at a/skeb/KEIYA_GNST-e54d3a.json
2026-09-24 14:15:15 | INFO     | OK https://skeb.jp/api/users/rokico_usagi
2026-09-24 14:15:15 | INFO     | Saving at a/skeb/rokico_usagi-044c26.json
2026-09-24 14:15:17 | INFO     | OK https://skeb.jp/api/users/hunwarishio
2026-09-24 14:15:17 | INFO     | Saving at a/skeb/hunwarishio-66fb89.json
2026-09-24 14:15:17 | INFO     | OK https://skeb.jp/api/users/maromememe
2026-09-24 14:15:17 | INFO     | Saving at a/skeb/maromememe-79af01.json
2026-09-24 14:15:18 | INFO     | OK https://skeb.jp/api/users/OSR_00_OSR
2026-09-24 14:15:18 | INFO     | Saving at a/skeb/OSR_00_OSR-3213ad.json
2026-09-24 14:15:19 | INFO     | OK https://skeb.jp/api/users/oosaka_koume
2026-09-24 14:15:19 | INFO     | Saving at a/skeb/oosaka_koume-2e5923.json
2026-09-24 14:15:20 | INFO     | OK https://skeb.jp/api/users/kotaro_png
2026-09-24 14:15:20 | INFO     | Saving at a/skeb/kotaro_png-270e43.json
2026-09-24 14:15:21 | INFO     | OK https://skeb.jp/api/users/_onymki2
2026-09-24 14:15:21 | INFO     | Saving at a/skeb/_onymki2-e68c26.json
2026-09-24 14:15:22 | INFO     | OK https://skeb.jp/api/users/Johnny_220716
2026-09-24 14:15:22 | INFO     | Saving at a/skeb/Johnny_220716-3923dc.json
2026-09-24 14:15:23 | INFO     | OK https://skeb.jp/api/users/5uhaku
2026-09-24 14:15:23 | INFO     | Saving at a/skeb/5uhaku-5de6de.json
2026-09-24 14:15:24 | INFO     | OK https://skeb.jp/api/users/yuno__2_22
2026-09-24 14:15:24 | INFO     | Saving at a/skeb/yuno__2_22-dab66f.json
2026-09-24 14:15:25 | INFO     | OK https://skeb.jp/api/users/hjkmfmf
2026-09-24 14:15:25 | INFO     | Saving at a/skeb/hjkmfmf-9a748d.json
2026-09-24 14:15:26 | INFO     | OK https://skeb.jp/api/users/YukiharuorenT
2026-09-24 14:15:26 | INFO     | Saving at a/skeb/YukiharuorenT-6aec53.json
2026-09-24 14:15:27 | INFO     | OK https://skeb.jp/api/users/akrmr51
2026-09-24 14:15:27 | INFO     | Saving at a/skeb/akrmr51-6ea552.json
2026-09-24 14:15:28 | INFO     | OK https://skeb.jp/api/users/HM_nemuri777
2026-09-24 14:15:28 | INFO     | Saving at a/skeb/HM_nemuri777-b243ef.json
2026-09-24 14:15:29 | INFO     | OK https://skeb.jp/api/users/amya_mya
2026-09-24 14:15:29 | INFO     | Saving at a/skeb/amya_mya-9eb69e.json
2026-09-24 14:15:30 | INFO     | OK https://skeb.jp/api/users/kichune_kichu
2026-09-24 14:15:30 | INFO     | Saving at a/skeb/kichune_kichu-1695a8.json
2026-09-24 14:15:31 | INFO     | OK https://skeb.jp/api/users/ninjin_x1
2026-09-24 14:15:31 | INFO     | Saving at a/skeb/ninjin_x1-0b9707.json
2026-09-24 14:15:32 | INFO     | OK https://skeb.jp/api/users/nuifarm
2026-09-24 14:15:32 | INFO     | Saving at a/skeb/nuifarm-25ee54.json
2026-09-24 14:15:33 | INFO     | OK https://skeb.jp/api/users/Kugu02
2026-09-24 14:15:33 | INFO     | Saving at a/skeb/Kugu02-9b3a2c.json
2026-09-24 14:15:34 | INFO     | OK https://skeb.jp/api/users/Kuguma_utano
2026-09-24 14:15:34 | INFO     | Saving at a/skeb/Kuguma_utano-f98b87.json
2026-09-24 14:15:35 | INFO     | OK https://skeb.jp/api/users/neruth6
2026-09-24 14:15:35 | INFO     | Saving at a/skeb/neruth6-d66458.json
2026-09-24 14:15:36 | INFO     | OK https://skeb.jp/api/users/yoshidan
2026-09-24 14:15:36 | INFO     | Saving at a/skeb/yoshidan-c21739.json
2026-09-24 14:15:37 | INFO     | OK https://skeb.jp/api/users/woo_0720
2026-09-24 14:15:37 | INFO     | Saving at a/skeb/woo_0720-5645ce.json
2026-09-24 14:15:38 | INFO     | OK https://skeb.jp/api/users/edamame_1100
2026-09-24 14:15:38 | INFO     | Saving at a/skeb/edamame_1100-db4b8c.json
2026-09-24 14:15:39 | INFO     | OK https://skeb.jp/api/users/moco2_ushi
2026-09-24 14:15:39 | INFO     | Saving at a/skeb/moco2_ushi-f6b16f.json
2026-09-24 14:15:40 | INFO     | OK https://skeb.jp/api/users/karuru634
2026-09-24 14:15:40 | INFO     | Saving at a/skeb/karuru634-622099.json
2026-09-24 14:15:41 | INFO     | OK https://skeb.jp/api/users/Baconegg_111
2026-09-24 14:15:41 | INFO     | Saving at a/skeb/Baconegg_111-7234ef.json
2026-09-24 14:15:42 | INFO     | OK https://skeb.jp/api/users/hohohoho64
2026-09-24 14:15:42 | INFO     | Saving at a/skeb/hohohoho64-c7c536.json
2026-09-24 14:15:43 | INFO     | OK https://skeb.jp/api/users/hasenyo
2026-09-24 14:15:43 | INFO     | Saving at a/skeb/hasenyo-2d5e91.json
2026-09-24 14:15:44 | INFO     | OK https://skeb.jp/api/users/04_natsume
2026-09-24 14:15:44 | INFO     | Saving at a/skeb/04_natsume-bb5c81.json
2026-09-24 14:15:45 | INFO     | OK https://skeb.jp/api/users/nekketuo
2026-09-24 14:15:45 | INFO     | Saving at a/skeb/nekketuo-3003d0.json
2026-09-24 14:15:46 | INFO     | OK https://skeb.jp/api/users/wonderworldwood
2026-09-24 14:15:46 | INFO     | Saving at a/skeb/wonderworldwood-fd0101.json
2026-09-24 14:15:47 | INFO     | OK https://skeb.jp/api/users/Tolocha__7520
2026-09-24 14:15:47 | INFO     | Saving at a/skeb/Tolocha__7520-b07728.json
2026-09-24 14:15:48 | INFO     | OK https://skeb.jp/api/users/MUJINA627OEKAKI
2026-09-24 14:15:48 | INFO     | Saving at a/skeb/MUJINA627OEKAKI-bc3125.json
2026-09-24 14:15:49 | INFO     | OK https://skeb.jp/api/users/Kara_9015
2026-09-24 14:15:49 | INFO     | Saving at a/skeb/Kara_9015-b3921a.json
2026-09-24 14:15:50 | INFO     | OK https://skeb.jp/api/users/oya_oya_18
2026-09-24 14:15:50 | INFO     | Saving at a/skeb/oya_oya_18-b9c5fe.json
2026-09-24 14:15:51 | INFO     | OK https://skeb.jp/api/users/mrn_srsr
2026-09-24 14:15:51 | INFO     | Saving at a/skeb/mrn_srsr-efb4f9.json
2026-09-24 14:15:52 | INFO     | OK https://skeb.jp/api/users/sichinotuki
2026-09-24 14:15:52 | INFO     | Saving at a/skeb/sichinotuki-bb4418.json
2026-09-24 14:15:53 | INFO     | OK https://skeb.jp/api/users/prn0112
2026-09-24 14:15:53 | INFO     | Saving at a/skeb/prn0112-e09996.json
2026-09-24 14:15:54 | INFO     | OK https://skeb.jp/api/users/Gapao0520
2026-09-24 14:15:54 | INFO     | Saving at a/skeb/Gapao0520-300fb5.json
2026-09-24 14:15:55 | INFO     | OK https://skeb.jp/api/users/syu_cat_
2026-09-24 14:15:55 | INFO     | Saving at a/skeb/syu_cat_-255595.json
2026-09-24 14:15:56 | INFO     | OK https://skeb.jp/api/users/hanasakichusub
2026-09-24 14:15:56 | INFO     | Saving at a/skeb/hanasakichusub-9a955d.json
2026-09-24 14:15:57 | INFO     | OK https://skeb.jp/api/users/huiro_03
2026-09-24 14:15:57 | INFO     | Saving at a/skeb/huiro_03-672a52.json
2026-09-24 14:15:58 | INFO     | OK https://skeb.jp/api/users/zhideneco
2026-09-24 14:15:58 | INFO     | Saving at a/skeb/zhideneco-704357.json
2026-09-24 14:15:59 | INFO     | OK https://skeb.jp/api/users/umekonbuski
2026-09-24 14:15:59 | INFO     | Saving at a/skeb/umekonbuski-8af593.json
2026-09-24 14:16:00 | INFO     | OK https://skeb.jp/api/users/wlj98k666
2026-09-24 14:16:00 | INFO     | Saving at a/skeb/wlj98k666-29da5e.json
2026-09-24 14:16:01 | INFO     | OK https://skeb.jp/api/users/amahanemika
2026-09-24 14:16:01 | INFO     | Saving at a/skeb/amahanemika-c8de30.json
2026-09-24 14:16:02 | INFO     | OK https://skeb.jp/api/users/maple0317x_x
2026-09-24 14:16:02 | INFO     | Saving at a/skeb/maple0317x_x-88db8f.json
2026-09-24 14:16:03 | INFO     | OK https://skeb.jp/api/users/_pod_pod_pod_
2026-09-24 14:16:03 | INFO     | Saving at a/skeb/_pod_pod_pod_-5ec36a.json
2026-09-24 14:16:04 | INFO     | OK https://skeb.jp/api/users/haninon12301
2026-09-24 14:16:04 | INFO     | Saving at a/skeb/haninon12301-7ca739.json
2026-09-24 14:16:05 | INFO     | OK https://skeb.jp/api/users/Komorebi_box
2026-09-24 14:16:05 | INFO     | Saving at a/skeb/Komorebi_box-f99ba3.json
2026-09-24 14:16:06 | INFO     | OK https://skeb.jp/api/users/beti_binmalo
2026-09-24 14:16:06 | INFO     | Saving at a/skeb/beti_binmalo-05a6e7.json
2026-09-24 14:16:07 | INFO     | OK https://skeb.jp/api/users/momonotori_v
2026-09-24 14:16:07 | INFO     | Saving at a/skeb/momonotori_v-8e76e8.json
2026-09-24 14:16:08 | INFO     | OK https://skeb.jp/api/users/nonorenew
2026-09-24 14:16:08 | INFO     | Saving at a/skeb/nonorenew-1780ec.json
2026-09-24 14:16:09 | INFO     | OK https://skeb.jp/api/users/kaekae_kaeru
2026-09-24 14:16:09 | INFO     | Saving at a/skeb/kaekae_kaeru-617dee.json
2026-09-24 14:16:10 | INFO     | OK https://skeb.jp/api/users/ronousa_jyagaimo
2026-09-24 14:16:10 | INFO     | Saving at a/skeb/ronousa_jyagaimo-72cc42.json
2026-09-24 14:16:11 | INFO     | OK https://skeb.jp/api/users/hino_hinoco
2026-09-24 14:16:11 | INFO     | Saving at a/skeb/hino_hinoco-58f62a.json
2026-09-24 14:16:12 | INFO     | OK https://skeb.jp/api/users/K6mikanfrog
2026-09-24 14:16:12 | INFO     | Saving at a/skeb/K6mikanfrog-3dbb05.json
2026-09-24 14:16:13 | INFO     | OK https://skeb.jp/api/users/mannenetaro
2026-09-24 14:16:13 | INFO     | Saving at a/skeb/mannenetaro-ca8caa.json
2026-09-24 14:16:14 | INFO     | OK https://skeb.jp/api/users/pinya_mero
2026-09-24 14:16:14 | INFO     | Saving at a/skeb/pinya_mero-5f1012.json
2026-09-24 14:16:15 | INFO     | OK https://skeb.jp/api/users/hurikake_sub
2026-09-24 14:16:15 | INFO     | Saving at a/skeb/hurikake_sub-abb1f6.json
2026-09-24 14:16:16 | INFO     | OK https://skeb.jp/api/users/0DI_NA0
2026-09-24 14:16:16 | INFO     | Saving at a/skeb/0DI_NA0-8e05a6.json
2026-09-24 14:16:17 | INFO     | OK https://skeb.jp/api/users/s4_black
2026-09-24 14:16:17 | INFO     | Saving at a/skeb/s4_black-d2a11f.json
2026-09-24 14:16:18 | INFO     | OK https://skeb.jp/api/users/yukijiro02a
2026-09-24 14:16:18 | INFO     | Saving at a/skeb/yukijiro02a-af656b.json
2026-09-24 14:16:19 | INFO     | OK https://skeb.jp/api/users/makainoyonaoshi
2026-09-24 14:16:19 | INFO     | Saving at a/skeb/makainoyonaoshi-434d77.json
2026-09-24 14:16:20 | INFO     | OK https://skeb.jp/api/users/usui_iigame
2026-09-24 14:16:20 | INFO     | Saving at a/skeb/usui_iigame-ae0ed1.json
2026-09-24 14:16:21 | INFO     | OK https://skeb.jp/api/users/SANDORA9211
2026-09-24 14:16:21 | INFO     | Saving at a/skeb/SANDORA9211-f09209.json
2026-09-24 14:16:22 | INFO     | OK https://skeb.jp/api/users/nanase_saku39
2026-09-24 14:16:22 | INFO     | Saving at a/skeb/nanase_saku39-cac62c.json
2026-09-24 14:16:23 | INFO     | OK https://skeb.jp/api/users/supermizukikun
2026-09-24 14:16:23 | INFO     | Saving at a/skeb/supermizukikun-99d26e.json
2026-09-24 14:16:24 | INFO     | OK https://skeb.jp/api/users/sickybull
2026-09-24 14:16:24 | INFO     | Saving at a/skeb/sickybull-929b0c.json
2026-09-24 14:16:25 | INFO     | OK https://skeb.jp/api/users/onigiri2563
2026-09-24 14:16:25 | INFO     | Saving at a/skeb/onigiri2563-b9e93a.json
2026-09-24 14:16:26 | INFO     | OK https://skeb.jp/api/users/tamagooishiizo
2026-09-24 14:16:26 | INFO     | Saving at a/skeb/tamagooishiizo-6958fd.json
2026-09-24 14:16:28 | INFO     | OK https://skeb.jp/api/users/XIIXth_shovel
2026-09-24 14:16:28 | INFO     | Saving at a/skeb/XIIXth_shovel-6274f4.json
2026-09-24 14:16:28 | INFO     | OK https://skeb.jp/api/users/yuzu_ellie
2026-09-24 14:16:28 | INFO     | Saving at a/skeb/yuzu_ellie-002285.json
2026-09-24 14:16:29 | INFO     | OK https://skeb.jp/api/users/gesoika596785
2026-09-24 14:16:29 | INFO     | Saving at a/skeb/gesoika596785-e8b710.json
2026-09-24 14:16:30 | INFO     | OK https://skeb.jp/api/users/ranta_09
2026-09-24 14:16:30 | INFO     | Saving at a/skeb/ranta_09-722746.json
2026-09-24 14:16:31 | INFO     | OK https://skeb.jp/api/users/Lyrica_loveyou
2026-09-24 14:16:31 | INFO     | Saving at a/skeb/Lyrica_loveyou-7c31c1.json
2026-09-24 14:16:32 | INFO     | OK https://skeb.jp/api/users/ssnaszzs
2026-09-24 14:16:32 | INFO     | Saving at a/skeb/ssnaszzs-b89e33.json
2026-09-24 14:16:33 | INFO     | OK https://skeb.jp/api/users/Eiswand___
2026-09-24 14:16:33 | INFO     | Saving at a/skeb/Eiswand___-b5035f.json
2026-09-24 14:16:34 | INFO     | OK https://skeb.jp/api/users/drawing_aokubii
2026-09-24 14:16:34 | INFO     | Saving at a/skeb/drawing_aokubii-ee5bd5.json
2026-09-24 14:16:35 | INFO     | OK https://skeb.jp/api/users/MA0000SH
2026-09-24 14:16:35 | INFO     | Saving at a/skeb/MA0000SH-08698a.json
2026-09-24 14:16:36 | INFO     | OK https://skeb.jp/api/users/mo2222mon
2026-09-24 14:16:36 | INFO     | Saving at a/skeb/mo2222mon-0626f6.json
2026-09-24 14:16:37 | INFO     | OK https://skeb.jp/api/users/sana79261827
2026-09-24 14:16:37 | INFO     | Saving at a/skeb/sana79261827-6524a1.json
2026-09-24 14:16:39 | INFO     | OK https://skeb.jp/api/users/abzdrba
2026-09-24 14:16:39 | INFO     | Saving at a/skeb/abzdrba-7d6668.json
2026-09-24 14:16:39 | INFO     | OK https://skeb.jp/api/users/Ame_929
2026-09-24 14:16:39 | INFO     | Saving at a/skeb/Ame_929-314cb3.json
2026-09-24 14:16:40 | INFO     | OK https://skeb.jp/api/users/azm_220
2026-09-24 14:16:40 | INFO     | Saving at a/skeb/azm_220-d89e0d.json
2026-09-24 14:16:41 | INFO     | OK https://skeb.jp/api/users/funuyu_sub
2026-09-24 14:16:41 | INFO     | Saving at a/skeb/funuyu_sub-9eaca6.json
2026-09-24 14:16:42 | INFO     | OK https://skeb.jp/api/users/satera723
2026-09-24 14:16:42 | INFO     | Saving at a/skeb/satera723-029113.json
2026-09-24 14:16:43 | INFO     | OK https://skeb.jp/api/users/RUI__0605_0
2026-09-24 14:16:43 | INFO     | Saving at a/skeb/RUI__0605_0-3c65b0.json
2026-09-24 14:16:44 | INFO     | OK https://skeb.jp/api/users/kiwamekiwa
2026-09-24 14:16:44 | INFO     | Saving at a/skeb/kiwamekiwa-14d7d9.json
2026-09-24 14:16:45 | INFO     | OK https://skeb.jp/api/users/aoi_tachi0
2026-09-24 14:16:45 | INFO     | Saving at a/skeb/aoi_tachi0-e0c773.json
2026-09-24 14:16:46 | INFO     | OK https://skeb.jp/api/users/qNGoO0
2026-09-24 14:16:46 | INFO     | Saving at a/skeb/qNGoO0-478cd8.json
2026-09-24 14:16:47 | INFO     | OK https://skeb.jp/api/users/Osyaberi_oniku
2026-09-24 14:16:47 | INFO     | Saving at a/skeb/Osyaberi_oniku-4b4536.json
2026-09-24 14:16:48 | INFO     | OK https://skeb.jp/api/users/yakousei_A
2026-09-24 14:16:48 | INFO     | Saving at a/skeb/yakousei_A-337c96.json
2026-09-24 14:16:49 | INFO     | OK https://skeb.jp/api/users/nn_k0k0
2026-09-24 14:16:49 | INFO     | Saving at a/skeb/nn_k0k0-f357e3.json
2026-09-24 14:16:50 | INFO     | OK https://skeb.jp/api/users/yoakenemurixx
2026-09-24 14:16:50 | INFO     | Saving at a/skeb/yoakenemurixx-d824bb.json
2026-09-24 14:16:51 | INFO     | OK https://skeb.jp/api/users/xdarjeelingxtea
2026-09-24 14:16:51 | INFO     | Saving at a/skeb/xdarjeelingxtea-959a8a.json
2026-09-24 14:16:52 | INFO     | OK https://skeb.jp/api/users/Masuyu_rumu
2026-09-24 14:16:52 | INFO     | Saving at a/skeb/Masuyu_rumu-dbfd84.json
2026-09-24 14:16:53 | INFO     | OK https://skeb.jp/api/users/megacra
2026-09-24 14:16:53 | INFO     | Saving at a/skeb/megacra-38c722.json
2026-09-24 14:16:54 | INFO     | OK https://skeb.jp/api/users/GENSOU_destroy4
2026-09-24 14:16:54 | INFO     | Saving at a/skeb/GENSOU_destroy4-4e06f0.json
2026-09-24 14:16:55 | INFO     | OK https://skeb.jp/api/users/Owozora
2026-09-24 14:16:55 | INFO     | Saving at a/skeb/Owozora-343322.json
2026-09-24 14:16:56 | INFO     | OK https://skeb.jp/api/users/Reia9131
2026-09-24 14:16:56 | INFO     | Saving at a/skeb/Reia9131-9f8eb8.json
2026-09-24 14:16:57 | INFO     | OK https://skeb.jp/api/users/V84014729
2026-09-24 14:16:57 | INFO     | Saving at a/skeb/V84014729-704596.json
2026-09-24 14:16:58 | INFO     | OK https://skeb.jp/api/users/subaiken
2026-09-24 14:16:58 | INFO     | Saving at a/skeb/subaiken-4aeccd.json
2026-09-24 14:16:59 | INFO     | OK https://skeb.jp/api/users/triple_bambi
2026-09-24 14:16:59 | INFO     | Saving at a/skeb/triple_bambi-71e0f5.json
2026-09-24 14:17:01 | INFO     | OK https://skeb.jp/api/users/yokoshimaCreate
2026-09-24 14:17:01 | INFO     | Saving at a/skeb/yokoshimaCreate-d35fbd.json
2026-09-24 14:17:01 | INFO     | OK https://skeb.jp/api/users/hizauranisum
2026-09-24 14:17:01 | INFO     | Saving at a/skeb/hizauranisum-03a709.json
2026-09-24 14:17:02 | INFO     | OK https://skeb.jp/api/users/simatten0131
2026-09-24 14:17:02 | INFO     | Saving at a/skeb/simatten0131-7dff20.json
2026-09-24 14:17:03 | INFO     | OK https://skeb.jp/api/users/chobotbot
2026-09-24 14:17:03 | INFO     | Saving at a/skeb/chobotbot-b740df.json
2026-09-24 14:17:04 | INFO     | OK https://skeb.jp/api/users/urakawapoe
2026-09-24 14:17:04 | INFO     | Saving at a/skeb/urakawapoe-50b989.json
2026-09-24 14:17:05 | INFO     | OK https://skeb.jp/api/users/ann7dornat
2026-09-24 14:17:05 | INFO     | Saving at a/skeb/ann7dornat-c5f3f2.json
2026-09-24 14:17:06 | INFO     | OK https://skeb.jp/api/users/mors_k10
2026-09-24 14:17:06 | INFO     | Saving at a/skeb/mors_k10-03d3b7.json
2026-09-24 14:17:07 | INFO     | OK https://skeb.jp/api/users/hiyoko_spot
2026-09-24 14:17:07 | INFO     | Saving at a/skeb/hiyoko_spot-69d252.json
2026-09-24 14:17:08 | INFO     | OK https://skeb.jp/api/users/meopen429
2026-09-24 14:17:08 | INFO     | Saving at a/skeb/meopen429-c1c6e1.json
2026-09-24 14:17:09 | INFO     | OK https://skeb.jp/api/users/io_tama_memo
2026-09-24 14:17:09 | INFO     | Saving at a/skeb/io_tama_memo-046a6a.json
2026-09-24 14:17:10 | INFO     | OK https://skeb.jp/api/users/simanokoB
2026-09-24 14:17:10 | INFO     | Saving at a/skeb/simanokoB-977cb7.json
2026-09-24 14:17:11 | INFO     | OK https://skeb.jp/api/users/Zirrrrrr2
2026-09-24 14:17:11 | INFO     | Saving at a/skeb/Zirrrrrr2-91e6a3.json
2026-09-24 14:17:12 | INFO     | OK https://skeb.jp/api/users/paradox_1818
2026-09-24 14:17:12 | INFO     | Saving at a/skeb/paradox_1818-c80fce.json
2026-09-24 14:17:13 | INFO     | OK https://skeb.jp/api/users/takukuroneko
2026-09-24 14:17:13 | INFO     | Saving at a/skeb/takukuroneko-8831c7.json
2026-09-24 14:17:14 | INFO     | OK https://skeb.jp/api/users/marongiii
2026-09-24 14:17:14 | INFO     | Saving at a/skeb/marongiii-14ba48.json
2026-09-24 14:17:15 | INFO     | OK https://skeb.jp/api/users/CYBER
2026-09-24 14:17:15 | INFO     | Saving at a/skeb/CYBER-3bd4df.json
2026-09-24 14:17:16 | INFO     | OK https://skeb.jp/api/users/MoepuSub76286
2026-09-24 14:17:16 | INFO     | Saving at a/skeb/MoepuSub76286-b3268e.json
2026-09-24 14:17:17 | INFO     | OK https://skeb.jp/api/users/kohaku_sogo
2026-09-24 14:17:17 | INFO     | Saving at a/skeb/kohaku_sogo-4afd7f.json
2026-09-24 14:17:18 | INFO     | OK https://skeb.jp/api/users/nilxx_00
2026-09-24 14:17:18 | INFO     | Saving at a/skeb/nilxx_00-87cfd5.json
2026-09-24 14:17:19 | INFO     | OK https://skeb.jp/api/users/Melt_901
2026-09-24 14:17:19 | INFO     | Saving at a/skeb/Melt_901-faf8e4.json
2026-09-24 14:17:20 | INFO     | OK https://skeb.jp/api/users/mac_4229
2026-09-24 14:17:20 | INFO     | Saving at a/skeb/mac_4229-324d6a.json
2026-09-24 14:17:21 | INFO     | OK https://skeb.jp/api/users/libertasgenesis
2026-09-24 14:17:21 | INFO     | Saving at a/skeb/libertasgenesis-ef7f8a.json
2026-09-24 14:17:22 | INFO     | OK https://skeb.jp/api/users/floating_atsumi
2026-09-24 14:17:22 | INFO     | Saving at a/skeb/floating_atsumi-bc3ad4.json
2026-09-24 14:17:23 | INFO     | OK https://skeb.jp/api/users/X3rIMpiGxXMFRWO
2026-09-24 14:17:23 | INFO     | Saving at a/skeb/X3rIMpiGxXMFRWO-c688a6.json
2026-09-24 14:17:24 | INFO     | OK https://skeb.jp/api/users/ooOOkir_kirOOoo
2026-09-24 14:17:24 | INFO     | Saving at a/skeb/ooOOkir_kirOOoo-634d03.json
2026-09-24 14:17:25 | INFO     | OK https://skeb.jp/api/users/saguna397
2026-09-24 14:17:25 | INFO     | Saving at a/skeb/saguna397-1f1201.json
2026-09-24 14:17:26 | INFO     | OK https://skeb.jp/api/users/usanenemu
2026-09-24 14:17:26 | INFO     | Saving at a/skeb/usanenemu-a06aa7.json
2026-09-24 14:17:27 | INFO     | OK https://skeb.jp/api/users/E_eokiba
2026-09-24 14:17:27 | INFO     | Saving at a/skeb/E_eokiba-88a780.json
2026-09-24 14:17:28 | INFO     | OK https://skeb.jp/api/users/suyasuya_unyu
2026-09-24 14:17:28 | INFO     | Saving at a/skeb/suyasuya_unyu-3c0bc1.json
2026-09-24 14:17:29 | INFO     | OK https://skeb.jp/api/users/alisias05
2026-09-24 14:17:29 | INFO     | Saving at a/skeb/alisias05-94aab6.json
2026-09-24 14:17:30 | INFO     | OK https://skeb.jp/api/users/i5LbUvHI1cAJXEZ
2026-09-24 14:17:30 | INFO     | Saving at a/skeb/i5LbUvHI1cAJXEZ-614b90.json
2026-09-24 14:17:31 | INFO     | OK https://skeb.jp/api/users/ta_u_la
2026-09-24 14:17:31 | INFO     | Saving at a/skeb/ta_u_la-94f98a.json
2026-09-24 14:17:32 | INFO     | OK https://skeb.jp/api/users/Leica
2026-09-24 14:17:32 | INFO     | Saving at a/skeb/Leica-4ec6b8.json
2026-09-24 14:17:33 | INFO     | OK https://skeb.jp/api/users/kayaonoe
2026-09-24 14:17:33 | INFO     | Saving at a/skeb/kayaonoe-d97421.json
2026-09-24 14:17:34 | INFO     | OK https://skeb.jp/api/users/armr1122
2026-09-24 14:17:34 | INFO     | Saving at a/skeb/armr1122-49072e.json
2026-09-24 14:17:36 | INFO     | OK https://skeb.jp/api/users/wgm_oekaki
2026-09-24 14:17:36 | INFO     | Saving at a/skeb/wgm_oekaki-3124f7.json
2026-09-24 14:17:36 | INFO     | OK https://skeb.jp/api/users/saiminsuraimb
2026-09-24 14:17:36 | INFO     | Saving at a/skeb/saiminsuraimb-6e82f6.json
2026-09-24 14:17:37 | INFO     | OK https://skeb.jp/api/users/sukiniyondene
2026-09-24 14:17:37 | INFO     | Saving at a/skeb/sukiniyondene-aa97eb.json
2026-09-24 14:17:38 | INFO     | OK https://skeb.jp/api/users/komata_0
2026-09-24 14:17:38 | INFO     | Saving at a/skeb/komata_0-474913.json
2026-09-24 14:17:39 | INFO     | OK https://skeb.jp/api/users/uno_hoppa92
2026-09-24 14:17:39 | INFO     | Saving at a/skeb/uno_hoppa92-cc814a.json
2026-09-24 14:17:40 | INFO     | OK https://skeb.jp/api/users/Bh1h1J
2026-09-24 14:17:40 | INFO     | Saving at a/skeb/Bh1h1J-feca21.json
2026-09-24 14:17:41 | INFO     | OK https://skeb.jp/api/users/oochan_25
2026-09-24 14:17:41 | INFO     | Saving at a/skeb/oochan_25-ca5f9e.json
2026-09-24 14:17:42 | INFO     | OK https://skeb.jp/api/users/SENA_reco
2026-09-24 14:17:42 | INFO     | Saving at a/skeb/SENA_reco-ac4d4f.json
2026-09-24 14:17:43 | INFO     | OK https://skeb.jp/api/users/REINnanoda
2026-09-24 14:17:43 | INFO     | Saving at a/skeb/REINnanoda-b28166.json
2026-09-24 14:17:44 | INFO     | OK https://skeb.jp/api/users/NatsuMeg1016
2026-09-24 14:17:44 | INFO     | Saving at a/skeb/NatsuMeg1016-cb5243.json
2026-09-24 14:17:45 | INFO     | OK https://skeb.jp/api/users/senritsu_ll
2026-09-24 14:17:45 | INFO     | Saving at a/skeb/senritsu_ll-ca3706.json
2026-09-24 14:17:46 | INFO     | OK https://skeb.jp/api/users/_n_on_am_e
2026-09-24 14:17:46 | INFO     | Saving at a/skeb/_n_on_am_e-e1168a.json
2026-09-24 14:17:48 | INFO     | OK https://skeb.jp/api/users/skymidaisuki
2026-09-24 14:17:48 | INFO     | Saving at a/skeb/skymidaisuki-3950bd.json
2026-09-24 14:17:49 | INFO     | OK https://skeb.jp/api/users/tNKkKzUIcj
2026-09-24 14:17:49 | INFO     | Saving at a/skeb/tNKkKzUIcj-725666.json
2026-09-24 14:17:49 | INFO     | OK https://skeb.jp/api/users/komagoma
2026-09-24 14:17:49 | INFO     | Saving at a/skeb/komagoma-16c2d5.json
2026-09-24 14:17:50 | INFO     | OK https://skeb.jp/api/users/5TNzoUDhjk
2026-09-24 14:17:50 | INFO     | Saving at a/skeb/5TNzoUDhjk-80ea95.json
2026-09-24 14:17:51 | INFO     | OK https://skeb.jp/api/users/douk1_1kigire
2026-09-24 14:17:51 | INFO     | Saving at a/skeb/douk1_1kigire-044648.json
2026-09-24 14:17:52 | INFO     | OK https://skeb.jp/api/users/matatamae
2026-09-24 14:17:52 | INFO     | Saving at a/skeb/matatamae-fe5542.json
2026-09-24 14:17:53 | INFO     | OK https://skeb.jp/api/users/Kalan5656
2026-09-24 14:17:53 | INFO     | Saving at a/skeb/Kalan5656-4359f6.json
2026-09-24 14:17:54 | INFO     | OK https://skeb.jp/api/users/Tobiu_oekaki
2026-09-24 14:17:54 | INFO     | Saving at a/skeb/Tobiu_oekaki-f709b9.json
2026-09-24 14:17:55 | INFO     | OK https://skeb.jp/api/users/mechagenki
2026-09-24 14:17:55 | INFO     | Saving at a/skeb/mechagenki-029d5e.json
2026-09-24 14:17:56 | INFO     | OK https://skeb.jp/api/users/Shame_on_1031
2026-09-24 14:17:56 | INFO     | Saving at a/skeb/Shame_on_1031-975925.json
2026-09-24 14:17:58 | INFO     | OK https://skeb.jp/api/users/inusoku
2026-09-24 14:17:58 | INFO     | Saving at a/skeb/inusoku-087226.json
2026-09-24 14:17:58 | INFO     | OK https://skeb.jp/api/users/nitsuke05
2026-09-24 14:17:58 | INFO     | Saving at a/skeb/nitsuke05-90e936.json
2026-09-24 14:17:59 | INFO     | OK https://skeb.jp/api/users/OmotiU009
2026-09-24 14:17:59 | INFO     | Saving at a/skeb/OmotiU009-2f5e4f.json
2026-09-24 14:18:00 | INFO     | OK https://skeb.jp/api/users/Pitd
2026-09-24 14:18:00 | INFO     | Saving at a/skeb/Pitd-33d108.json
2026-09-24 14:18:01 | INFO     | OK https://skeb.jp/api/users/hir0i4_
2026-09-24 14:18:01 | INFO     | Saving at a/skeb/hir0i4_-f2e68e.json
2026-09-24 14:18:02 | INFO     | OK https://skeb.jp/api/users/pummeluff39
2026-09-24 14:18:02 | INFO     | Saving at a/skeb/pummeluff39-8f2621.json
2026-09-24 14:18:03 | INFO     | OK https://skeb.jp/api/users/19lssn2
2026-09-24 14:18:03 | INFO     | Saving at a/skeb/19lssn2-f6cdc8.json
2026-09-24 14:18:04 | INFO     | OK https://skeb.jp/api/users/ukiwakisen
2026-09-24 14:18:04 | INFO     | Saving at a/skeb/ukiwakisen-f2d6ff.json
2026-09-24 14:18:05 | INFO     | OK https://skeb.jp/api/users/sipporozi
2026-09-24 14:18:05 | INFO     | Saving at a/skeb/sipporozi-1e85d2.json
2026-09-24 14:18:06 | INFO     | OK https://skeb.jp/api/users/fuwa2pinktyan
2026-09-24 14:18:06 | INFO     | Saving at a/skeb/fuwa2pinktyan-1681cc.json
2026-09-24 14:18:07 | INFO     | OK https://skeb.jp/api/users/VeIi6x
2026-09-24 14:18:07 | INFO     | Saving at a/skeb/VeIi6x-bfcf8c.json
2026-09-24 14:18:08 | INFO     | OK https://skeb.jp/api/users/zibn_pasutel
2026-09-24 14:18:08 | INFO     | Saving at a/skeb/zibn_pasutel-c3af4a.json
2026-09-24 14:18:09 | INFO     | OK https://skeb.jp/api/users/yamapple0506
2026-09-24 14:18:09 | INFO     | Saving at a/skeb/yamapple0506-16be04.json
2026-09-24 14:18:10 | INFO     | OK https://skeb.jp/api/users/s_ssssssss
2026-09-24 14:18:10 | INFO     | Saving at a/skeb/s_ssssssss-189d6d.json
2026-09-24 14:18:11 | INFO     | OK https://skeb.jp/api/users/Posiroom_Aya
2026-09-24 14:18:11 | INFO     | Saving at a/skeb/Posiroom_Aya-faf42d.json
2026-09-24 14:18:12 | INFO     | OK https://skeb.jp/api/users/nibosimofu
2026-09-24 14:18:12 | INFO     | Saving at a/skeb/nibosimofu-24f441.json
2026-09-24 14:18:13 | INFO     | OK https://skeb.jp/api/users/Nico_namekuji
2026-09-24 14:18:13 | INFO     | Saving at a/skeb/Nico_namekuji-844279.json
2026-09-24 14:18:14 | INFO     | OK https://skeb.jp/api/users/dosei_notomato
2026-09-24 14:18:14 | INFO     | Saving at a/skeb/dosei_notomato-1ed4c9.json
2026-09-24 14:18:15 | INFO     | OK https://skeb.jp/api/users/sansa_sansa_3
2026-09-24 14:18:15 | INFO     | Saving at a/skeb/sansa_sansa_3-13544d.json
2026-09-24 14:18:16 | INFO     | OK https://skeb.jp/api/users/uchicoonigiri
2026-09-24 14:18:16 | INFO     | Saving at a/skeb/uchicoonigiri-30011a.json
2026-09-24 14:18:17 | INFO     | OK https://skeb.jp/api/users/Nomaa_hukai
2026-09-24 14:18:17 | INFO     | Saving at a/skeb/Nomaa_hukai-6c7807.json
2026-09-24 14:18:18 | INFO     | OK https://skeb.jp/api/users/mmck111
2026-09-24 14:18:18 | INFO     | Saving at a/skeb/mmck111-b7f82b.json
2026-09-24 14:18:19 | INFO     | OK https://skeb.jp/api/users/nananeusuro3
2026-09-24 14:18:19 | INFO     | Saving at a/skeb/nananeusuro3-705896.json
2026-09-24 14:18:20 | INFO     | OK https://skeb.jp/api/users/Marda_Yoru
2026-09-24 14:18:20 | INFO     | Saving at a/skeb/Marda_Yoru-67c308.json
2026-09-24 14:18:21 | INFO     | OK https://skeb.jp/api/users/mochigushi_
2026-09-24 14:18:21 | INFO     | Saving at a/skeb/mochigushi_-1eae46.json
2026-09-24 14:18:22 | INFO     | OK https://skeb.jp/api/users/ganem_n
2026-09-24 14:18:22 | INFO     | Saving at a/skeb/ganem_n-96a28b.json
2026-09-24 14:18:23 | INFO     | OK https://skeb.jp/api/users/Baronilu_02
2026-09-24 14:18:23 | INFO     | Saving at a/skeb/Baronilu_02-dce251.json
2026-09-24 14:18:24 | INFO     | OK https://skeb.jp/api/users/Ixy
2026-09-24 14:18:24 | INFO     | Saving at a/skeb/Ixy-70a391.json
2026-09-24 14:18:25 | INFO     | OK https://skeb.jp/api/users/regle_t
2026-09-24 14:18:25 | INFO     | Saving at a/skeb/regle_t-60a246.json
2026-09-24 14:18:26 | INFO     | OK https://skeb.jp/api/users/ganbarimacca
2026-09-24 14:18:26 | INFO     | Saving at a/skeb/ganbarimacca-fa87e9.json
2026-09-24 14:18:27 | INFO     | OK https://skeb.jp/api/users/fu_fu_post
2026-09-24 14:18:27 | INFO     | Saving at a/skeb/fu_fu_post-e0c86f.json
2026-09-24 14:18:28 | INFO     | OK https://skeb.jp/api/users/siroi_53
2026-09-24 14:18:28 | INFO     | Saving at a/skeb/siroi_53-8dd768.json
2026-09-24 14:18:29 | INFO     | OK https://skeb.jp/api/users/berryNIKU
2026-09-24 14:18:29 | INFO     | Saving at a/skeb/berryNIKU-c4c777.json
2026-09-24 14:18:30 | INFO     | OK https://skeb.jp/api/users/motiuma3
2026-09-24 14:18:30 | INFO     | Saving at a/skeb/motiuma3-0a820f.json
2026-09-24 14:18:31 | INFO     | OK https://skeb.jp/api/users/maboEX
2026-09-24 14:18:31 | INFO     | Saving at a/skeb/maboEX-b3b261.json
2026-09-24 14:18:32 | INFO     | OK https://skeb.jp/api/users/dondoko841
2026-09-24 14:18:32 | INFO     | Saving at a/skeb/dondoko841-49b8f2.json
2026-09-24 14:18:33 | INFO     | OK https://skeb.jp/api/users/kinko_sono2
2026-09-24 14:18:33 | INFO     | Saving at a/skeb/kinko_sono2-5c7571.json
2026-09-24 14:18:34 | INFO     | OK https://skeb.jp/api/users/rSVFLruPwTM1hPG
2026-09-24 14:18:34 | INFO     | Saving at a/skeb/rSVFLruPwTM1hPG-878dc4.json
2026-09-24 14:18:35 | INFO     | OK https://skeb.jp/api/users/ryuakt
2026-09-24 14:18:35 | INFO     | Saving at a/skeb/ryuakt-ec663a.json
2026-09-24 14:18:36 | INFO     | OK https://skeb.jp/api/users/komuku
2026-09-24 14:18:36 | INFO     | Saving at a/skeb/komuku-16888f.json
2026-09-24 14:18:37 | INFO     | OK https://skeb.jp/api/users/uma_sow
2026-09-24 14:18:37 | INFO     | Saving at a/skeb/uma_sow-ba18d7.json
2026-09-24 14:18:38 | INFO     | OK https://skeb.jp/api/users/J0nniid
2026-09-24 14:18:38 | INFO     | Saving at a/skeb/J0nniid-afb22e.json
2026-09-24 14:18:39 | INFO     | OK https://skeb.jp/api/users/114_bk
2026-09-24 14:18:39 | INFO     | Saving at a/skeb/114_bk-ea335a.json
2026-09-24 14:18:40 | INFO     | OK https://skeb.jp/api/users/Trevenant0
2026-09-24 14:18:40 | INFO     | Saving at a/skeb/Trevenant0-90f3c5.json
2026-09-24 14:18:41 | INFO     | OK https://skeb.jp/api/users/sutekine
2026-09-24 14:18:41 | INFO     | Saving at a/skeb/sutekine-f05379.json
2026-09-24 14:18:42 | INFO     | OK https://skeb.jp/api/users/gummy1024
2026-09-24 14:18:42 | INFO     | Saving at a/skeb/gummy1024-994282.json
2026-09-24 14:18:43 | INFO     | OK https://skeb.jp/api/users/hamekonn0004
2026-09-24 14:18:43 | INFO     | Saving at a/skeb/hamekonn0004-202333.json
2026-09-24 14:18:44 | INFO     | OK https://skeb.jp/api/users/amon_613
2026-09-24 14:18:44 | INFO     | Saving at a/skeb/amon_613-39b84f.json
2026-09-24 14:18:45 | INFO     | OK https://skeb.jp/api/users/_petaro7
2026-09-24 14:18:45 | INFO     | Saving at a/skeb/_petaro7-8ec702.json
2026-09-24 14:18:46 | INFO     | OK https://skeb.jp/api/users/52korinmad
2026-09-24 14:18:46 | INFO     | Saving at a/skeb/52korinmad-b9b377.json
2026-09-24 14:18:47 | INFO     | OK https://skeb.jp/api/users/G_n_G60
2026-09-24 14:18:47 | INFO     | Saving at a/skeb/G_n_G60-43b92b.json
2026-09-24 14:18:48 | INFO     | OK https://skeb.jp/api/users/saaamon_4005
2026-09-24 14:18:48 | INFO     | Saving at a/skeb/saaamon_4005-14de56.json
2026-09-24 14:18:49 | INFO     | OK https://skeb.jp/api/users/Ma2ri__Ri_ri
2026-09-24 14:18:49 | INFO     | Saving at a/skeb/Ma2ri__Ri_ri-e3c791.json
2026-09-24 14:18:50 | INFO     | OK https://skeb.jp/api/users/0x0_yukimi
2026-09-24 14:18:50 | INFO     | Saving at a/skeb/0x0_yukimi-678192.json
2026-09-24 14:18:51 | INFO     | OK https://skeb.jp/api/users/AONIKU_YARIS
2026-09-24 14:18:51 | INFO     | Saving at a/skeb/AONIKU_YARIS-843c7e.json
2026-09-24 14:18:52 | INFO     | OK https://skeb.jp/api/users/harune_kou
2026-09-24 14:18:52 | INFO     | Saving at a/skeb/harune_kou-a7f9f7.json
2026-09-24 14:18:53 | INFO     | OK https://skeb.jp/api/users/mkz427
2026-09-24 14:18:53 | INFO     | Saving at a/skeb/mkz427-4e98d7.json
2026-09-24 14:18:54 | INFO     | OK https://skeb.jp/api/users/saku_hypearl
2026-09-24 14:18:54 | INFO     | Saving at a/skeb/saku_hypearl-2a81a3.json
2026-09-24 14:18:55 | INFO     | OK https://skeb.jp/api/users/misaho_mi
2026-09-24 14:18:55 | INFO     | Saving at a/skeb/misaho_mi-b5955a.json
2026-09-24 14:18:56 | INFO     | OK https://skeb.jp/api/users/8taraka7i
2026-09-24 14:18:56 | INFO     | Saving at a/skeb/8taraka7i-cf9c13.json
2026-09-24 14:18:57 | INFO     | OK https://skeb.jp/api/users/necon1
2026-09-24 14:18:57 | INFO     | Saving at a/skeb/necon1-43ec3e.json
2026-09-24 14:18:58 | INFO     | OK https://skeb.jp/api/users/kemnm23
2026-09-24 14:18:58 | INFO     | Saving at a/skeb/kemnm23-a03da7.json
2026-09-24 14:18:59 | INFO     | OK https://skeb.jp/api/users/masakikamoritu
2026-09-24 14:18:59 | INFO     | Saving at a/skeb/masakikamoritu-271c1b.json
2026-09-24 14:19:00 | INFO     | OK https://skeb.jp/api/users/gadeo_1
2026-09-24 14:19:00 | INFO     | Saving at a/skeb/gadeo_1-04dc12.json
2026-09-24 14:19:01 | INFO     | OK https://skeb.jp/api/users/tm_mia11
2026-09-24 14:19:01 | INFO     | Saving at a/skeb/tm_mia11-4b3f41.json
2026-09-24 14:19:02 | INFO     | OK https://skeb.jp/api/users/ArumaT_mk5thstudio
2026-09-24 14:19:02 | INFO     | Saving at a/skeb/ArumaT_mk5thstudio-a35a37.json
2026-09-24 14:19:03 | INFO     | OK https://skeb.jp/api/users/kyoudai00
2026-09-24 14:19:03 | INFO     | Saving at a/skeb/kyoudai00-740fa0.json
2026-09-24 14:19:05 | INFO     | OK https://skeb.jp/api/users/gotsugotsu_san
2026-09-24 14:19:05 | INFO     | Saving at a/skeb/gotsugotsu_san-99be37.json
2026-09-24 14:19:05 | INFO     | OK https://skeb.jp/api/users/Psy_L_B
2026-09-24 14:19:05 | INFO     | Saving at a/skeb/Psy_L_B-28b348.json
2026-09-24 14:19:06 | INFO     | OK https://skeb.jp/api/users/takosibaraku
2026-09-24 14:19:06 | INFO     | Saving at a/skeb/takosibaraku-414e3a.json
2026-09-24 14:19:07 | INFO     | OK https://skeb.jp/api/users/Aputto_9
2026-09-24 14:19:07 | INFO     | Saving at a/skeb/Aputto_9-7be0a3.json
2026-09-24 14:19:08 | INFO     | OK https://skeb.jp/api/users/miso_pota
2026-09-24 14:19:08 | INFO     | Saving at a/skeb/miso_pota-42ddb8.json
2026-09-24 14:19:09 | INFO     | OK https://skeb.jp/api/users/akanasi_1121
2026-09-24 14:19:09 | INFO     | Saving at a/skeb/akanasi_1121-d422e3.json
2026-09-24 14:19:10 | INFO     | OK https://skeb.jp/api/users/tororo1128
2026-09-24 14:19:10 | INFO     | Saving at a/skeb/tororo1128-4a51fe.json
2026-09-24 14:19:11 | INFO     | OK https://skeb.jp/api/users/hamratgold
2026-09-24 14:19:11 | INFO     | Saving at a/skeb/hamratgold-d03085.json
2026-09-24 14:19:12 | INFO     | OK https://skeb.jp/api/users/yuuji8668
2026-09-24 14:19:12 | INFO     | Saving at a/skeb/yuuji8668-0c86d4.json
2026-09-24 14:19:13 | INFO     | OK https://skeb.jp/api/users/iroji_iroji
2026-09-24 14:19:13 | INFO     | Saving at a/skeb/iroji_iroji-d27250.json
2026-09-24 14:19:14 | INFO     | OK https://skeb.jp/api/users/fklow0804
2026-09-24 14:19:14 | INFO     | Saving at a/skeb/fklow0804-53c62d.json
2026-09-24 14:19:15 | INFO     | OK https://skeb.jp/api/users/ggggrga
2026-09-24 14:19:15 | INFO     | Saving at a/skeb/ggggrga-654d9d.json
2026-09-24 14:19:16 | INFO     | OK https://skeb.jp/api/users/Puchq0
2026-09-24 14:19:16 | INFO     | Saving at a/skeb/Puchq0-1c3faa.json
2026-09-24 14:19:17 | INFO     | OK https://skeb.jp/api/users/RYOOOO115
2026-09-24 14:19:17 | INFO     | Saving at a/skeb/RYOOOO115-d83e4e.json
2026-09-24 14:19:18 | INFO     | OK https://skeb.jp/api/users/_maro_chan
2026-09-24 14:19:18 | INFO     | Saving at a/skeb/_maro_chan-4f35a5.json
2026-09-24 14:19:19 | INFO     | OK https://skeb.jp/api/users/shibori0221
2026-09-24 14:19:19 | INFO     | Saving at a/skeb/shibori0221-f57eb7.json
2026-09-24 14:19:20 | INFO     | OK https://skeb.jp/api/users/KSooo18
2026-09-24 14:19:20 | INFO     | Saving at a/skeb/KSooo18-efbaad.json
2026-09-24 14:19:22 | INFO     | OK https://skeb.jp/api/users/meltydreamb
2026-09-24 14:19:22 | INFO     | Saving at a/skeb/meltydreamb-af4e5a.json
2026-09-24 14:19:22 | INFO     | OK https://skeb.jp/api/users/warukuriboo
2026-09-24 14:19:22 | INFO     | Saving at a/skeb/warukuriboo-900960.json
2026-09-24 14:19:23 | INFO     | OK https://skeb.jp/api/users/tksango35
2026-09-24 14:19:23 | INFO     | Saving at a/skeb/tksango35-0396bc.json
2026-09-24 14:19:24 | INFO     | OK https://skeb.jp/api/users/k__ll_a
2026-09-24 14:19:24 | INFO     | Saving at a/skeb/k__ll_a-037937.json
2026-09-24 14:19:25 | INFO     | OK https://skeb.jp/api/users/knightraid000
2026-09-24 14:19:25 | INFO     | Saving at a/skeb/knightraid000-b5edb9.json
2026-09-24 14:19:26 | INFO     | OK https://skeb.jp/api/users/ayulilith
2026-09-24 14:19:27 | INFO     | Saving at a/skeb/ayulilith-b16dbd.json
2026-09-24 14:19:27 | INFO     | OK https://skeb.jp/api/users/Ash_999_9
2026-09-24 14:19:27 | INFO     | Saving at a/skeb/Ash_999_9-7d9040.json
2026-09-24 14:19:29 | INFO     | OK https://skeb.jp/api/users/roughll__
2026-09-24 14:19:29 | INFO     | Saving at a/skeb/roughll__-99b3b6.json
2026-09-24 14:19:29 | INFO     | OK https://skeb.jp/api/users/riku_mogu
2026-09-24 14:19:29 | INFO     | Saving at a/skeb/riku_mogu-741b5c.json
2026-09-24 14:19:31 | INFO     | OK https://skeb.jp/api/users/yayayakan
2026-09-24 14:19:31 | INFO     | Saving at a/skeb/yayayakan-616761.json
2026-09-24 14:19:32 | INFO     | OK https://skeb.jp/api/users/_Oisi_Karaage
2026-09-24 14:19:32 | INFO     | Saving at a/skeb/_Oisi_Karaage-4eea84.json
2026-09-24 14:19:32 | INFO     | OK https://skeb.jp/api/users/chawanmushi_da
2026-09-24 14:19:32 | INFO     | Saving at a/skeb/chawanmushi_da-ca07e0.json
2026-09-24 14:19:33 | INFO     | OK https://skeb.jp/api/users/VMAX_IS_MY_Life
2026-09-24 14:19:33 | INFO     | Saving at a/skeb/VMAX_IS_MY_Life-40708c.json
2026-09-24 14:19:34 | INFO     | OK https://skeb.jp/api/users/9pggmr
2026-09-24 14:19:34 | INFO     | Saving at a/skeb/9pggmr-9523ee.json
2026-09-24 14:19:35 | INFO     | OK https://skeb.jp/api/users/sen_juge
2026-09-24 14:19:35 | INFO     | Saving at a/skeb/sen_juge-3b26b3.json
2026-09-24 14:19:36 | INFO     | OK https://skeb.jp/api/users/Gogotea_ramune
2026-09-24 14:19:36 | INFO     | Saving at a/skeb/Gogotea_ramune-cfdba0.json
2026-09-24 14:19:37 | INFO     | OK https://skeb.jp/api/users/nakasone_haiji
2026-09-24 14:19:37 | INFO     | Saving at a/skeb/nakasone_haiji-f98045.json
2026-09-24 14:19:38 | INFO     | OK https://skeb.jp/api/users/wj_mc1
2026-09-24 14:19:38 | INFO     | Saving at a/skeb/wj_mc1-3d23b3.json
2026-09-24 14:19:39 | INFO     | OK https://skeb.jp/api/users/mimiko_335
2026-09-24 14:19:39 | INFO     | Saving at a/skeb/mimiko_335-0d965f.json
2026-09-24 14:19:40 | INFO     | OK https://skeb.jp/api/users/pooooisuke
2026-09-24 14:19:40 | INFO     | Saving at a/skeb/pooooisuke-902fc7.json
2026-09-24 14:19:41 | INFO     | OK https://skeb.jp/api/users/1010haka
2026-09-24 14:19:41 | INFO     | Saving at a/skeb/1010haka-25b27c.json
2026-09-24 14:19:42 | INFO     | OK https://skeb.jp/api/users/asanagi_haru
2026-09-24 14:19:42 | INFO     | Saving at a/skeb/asanagi_haru-8fd99f.json
2026-09-24 14:19:43 | INFO     | OK https://skeb.jp/api/users/uniunibone
2026-09-24 14:19:43 | INFO     | Saving at a/skeb/uniunibone-ee0648.json
2026-09-24 14:19:45 | INFO     | OK https://skeb.jp/api/users/Golden_moteo
2026-09-24 14:19:45 | INFO     | Saving at a/skeb/Golden_moteo-b50679.json
2026-09-24 14:19:45 | INFO     | OK https://skeb.jp/api/users/tesimene
2026-09-24 14:19:45 | INFO     | Saving at a/skeb/tesimene-a9bd91.json
2026-09-24 14:19:46 | INFO     | OK https://skeb.jp/api/users/heyjackbomb
2026-09-24 14:19:46 | INFO     | Saving at a/skeb/heyjackbomb-9bdf8e.json
2026-09-24 14:19:47 | INFO     | OK https://skeb.jp/api/users/yagamiTSR
2026-09-24 14:19:47 | INFO     | Saving at a/skeb/yagamiTSR-bfd550.json
2026-09-24 14:19:48 | INFO     | OK https://skeb.jp/api/users/musuti22
2026-09-24 14:19:48 | INFO     | Saving at a/skeb/musuti22-74f3f0.json
2026-09-24 14:19:49 | INFO     | OK https://skeb.jp/api/users/gittangittan_r
2026-09-24 14:19:49 | INFO     | Saving at a/skeb/gittangittan_r-ed29c4.json
2026-09-24 14:19:50 | INFO     | OK https://skeb.jp/api/users/syuuka617
2026-09-24 14:19:50 | INFO     | Saving at a/skeb/syuuka617-72adbe.json
2026-09-24 14:19:51 | INFO     | OK https://skeb.jp/api/users/SpicaShirahosi
2026-09-24 14:19:51 | INFO     | Saving at a/skeb/SpicaShirahosi-a5da36.json
2026-09-24 14:19:52 | INFO     | OK https://skeb.jp/api/users/05hinagi_rin18
2026-09-24 14:19:52 | INFO     | Saving at a/skeb/05hinagi_rin18-c5d6c4.json
2026-09-24 14:19:53 | INFO     | OK https://skeb.jp/api/users/dackuma_0303
2026-09-24 14:19:53 | INFO     | Saving at a/skeb/dackuma_0303-f8cb4a.json
2026-09-24 14:19:54 | INFO     | OK https://skeb.jp/api/users/jitumuda0523
2026-09-24 14:19:54 | INFO     | Saving at a/skeb/jitumuda0523-059159.json
2026-09-24 14:19:55 | INFO     | OK https://skeb.jp/api/users/wasabi22600110
2026-09-24 14:19:55 | INFO     | Saving at a/skeb/wasabi22600110-099a20.json
2026-09-24 14:19:56 | INFO     | OK https://skeb.jp/api/users/fuwa_tama__
2026-09-24 14:19:56 | INFO     | Saving at a/skeb/fuwa_tama__-3c70f4.json
2026-09-24 14:19:58 | INFO     | OK https://skeb.jp/api/users/kepi_63
2026-09-24 14:19:58 | INFO     | Saving at a/skeb/kepi_63-bcd3b4.json
2026-09-24 14:19:58 | INFO     | OK https://skeb.jp/api/users/kikukai_gekoaro
2026-09-24 14:19:58 | INFO     | Saving at a/skeb/kikukai_gekoaro-cb5514.json
2026-09-24 14:19:59 | INFO     | OK https://skeb.jp/api/users/soui_skeb
2026-09-24 14:19:59 | INFO     | Saving at a/skeb/soui_skeb-ea1abb.json
2026-09-24 14:20:01 | INFO     | OK https://skeb.jp/api/users/ma2uwa
2026-09-24 14:20:01 | INFO     | Saving at a/skeb/ma2uwa-ff791f.json
2026-09-24 14:20:01 | INFO     | OK https://skeb.jp/api/users/cowocz
2026-09-24 14:20:01 | INFO     | Saving at a/skeb/cowocz-9298e4.json
2026-09-24 14:20:02 | INFO     | OK https://skeb.jp/api/users/kthr119
2026-09-24 14:20:03 | INFO     | Saving at a/skeb/kthr119-f674b9.json
2026-09-24 14:20:04 | INFO     | OK https://skeb.jp/api/users/rkchicm
2026-09-24 14:20:04 | INFO     | Saving at a/skeb/rkchicm-c4f4d8.json
2026-09-24 14:20:05 | INFO     | OK https://skeb.jp/api/users/gggeorg61109125
2026-09-24 14:20:05 | INFO     | Saving at a/skeb/gggeorg61109125-50cf37.json
2026-09-24 14:20:05 | INFO     | OK https://skeb.jp/api/users/ken1ro_u
2026-09-24 14:20:05 | INFO     | Saving at a/skeb/ken1ro_u-498cc4.json
2026-09-24 14:20:06 | INFO     | OK https://skeb.jp/api/users/Zar6VNFfXK22155
2026-09-24 14:20:06 | INFO     | Saving at a/skeb/Zar6VNFfXK22155-a84249.json
2026-09-24 14:20:07 | INFO     | OK https://skeb.jp/api/users/pharetra_third
2026-09-24 14:20:07 | INFO     | Saving at a/skeb/pharetra_third-a571ce.json
2026-09-24 14:20:08 | INFO     | OK https://skeb.jp/api/users/azwozw
2026-09-24 14:20:08 | INFO     | Saving at a/skeb/azwozw-ea5c45.json
2026-09-24 14:20:09 | INFO     | OK https://skeb.jp/api/users/rawell1963
2026-09-24 14:20:09 | INFO     | Saving at a/skeb/rawell1963-eae87e.json
2026-09-24 14:20:10 | INFO     | OK https://skeb.jp/api/users/susanootransam
2026-09-24 14:20:11 | INFO     | Saving at a/skeb/susanootransam-5888d1.json
2026-09-24 14:20:12 | INFO     | OK https://skeb.jp/api/users/waremono_419
2026-09-24 14:20:12 | INFO     | Saving at a/skeb/waremono_419-43c2ab.json
2026-09-24 14:20:13 | INFO     | OK https://skeb.jp/api/users/hana_souretu_87
2026-09-24 14:20:13 | INFO     | Saving at a/skeb/hana_souretu_87-04bbcd.json
2026-09-24 14:20:13 | INFO     | OK https://skeb.jp/api/users/nmr_yo78
2026-09-24 14:20:14 | INFO     | Saving at a/skeb/nmr_yo78-2165b3.json
2026-09-24 14:20:15 | INFO     | OK https://skeb.jp/api/users/13988p
2026-09-24 14:20:15 | INFO     | Saving at a/skeb/13988p-7442e4.json
2026-09-24 14:20:15 | INFO     | OK https://skeb.jp/api/users/nola_mk2
2026-09-24 14:20:15 | INFO     | Saving at a/skeb/nola_mk2-1a6405.json
2026-09-24 14:20:16 | INFO     | OK https://skeb.jp/api/users/mont_2a
2026-09-24 14:20:16 | INFO     | Saving at a/skeb/mont_2a-d6b83a.json
2026-09-24 14:20:17 | INFO     | OK https://skeb.jp/api/users/Arai_Togami
2026-09-24 14:20:17 | INFO     | Saving at a/skeb/Arai_Togami-521382.json
2026-09-24 14:20:18 | INFO     | OK https://skeb.jp/api/users/g3vf0
2026-09-24 14:20:18 | INFO     | Saving at a/skeb/g3vf0-e51a34.json
2026-09-24 14:20:19 | INFO     | OK https://skeb.jp/api/users/ve8sio
2026-09-24 14:20:19 | INFO     | Saving at a/skeb/ve8sio-eb050d.json
2026-09-24 14:20:20 | INFO     | OK https://skeb.jp/api/users/pontolfo
2026-09-24 14:20:20 | INFO     | Saving at a/skeb/pontolfo-b62699.json
2026-09-24 14:20:22 | INFO     | OK https://skeb.jp/api/users/submaring
2026-09-24 14:20:22 | INFO     | Saving at a/skeb/submaring-11da39.json
2026-09-24 14:20:22 | INFO     | OK https://skeb.jp/api/users/mashiro_v_046
2026-09-24 14:20:22 | INFO     | Saving at a/skeb/mashiro_v_046-8e7ebe.json
2026-09-24 14:20:23 | INFO     | OK https://skeb.jp/api/users/59kuxpm4LV
2026-09-24 14:20:23 | INFO     | Saving at a/skeb/59kuxpm4LV-90d442.json
2026-09-24 14:20:24 | INFO     | OK https://skeb.jp/api/users/ryumu_mu
2026-09-24 14:20:24 | INFO     | Saving at a/skeb/ryumu_mu-882cc0.json
2026-09-24 14:20:25 | INFO     | OK https://skeb.jp/api/users/nicomi_chan
2026-09-24 14:20:25 | INFO     | Saving at a/skeb/nicomi_chan-560293.json
2026-09-24 14:20:26 | INFO     | OK https://skeb.jp/api/users/_minachaso
2026-09-24 14:20:26 | INFO     | Saving at a/skeb/_minachaso-8c933f.json
2026-09-24 14:20:27 | INFO     | OK https://skeb.jp/api/users/WAKAI_zo
2026-09-24 14:20:27 | INFO     | Saving at a/skeb/WAKAI_zo-f2d099.json
2026-09-24 14:20:29 | INFO     | OK https://skeb.jp/api/users/tsunechang117
2026-09-24 14:20:29 | INFO     | Saving at a/skeb/tsunechang117-0547e3.json
2026-09-24 14:20:30 | INFO     | OK https://skeb.jp/api/users/x93md
2026-09-24 14:20:30 | INFO     | Saving at a/skeb/x93md-29f6f8.json
2026-09-24 14:20:30 | INFO     | OK https://skeb.jp/api/users/ianbelka
2026-09-24 14:20:30 | INFO     | Saving at a/skeb/ianbelka-c7dbb8.json
2026-09-24 14:20:31 | INFO     | OK https://skeb.jp/api/users/_uuu10xox
2026-09-24 14:20:31 | INFO     | Saving at a/skeb/_uuu10xox-9943a7.json
2026-09-24 14:20:32 | INFO     | OK https://skeb.jp/api/users/ru_riirst
2026-09-24 14:20:32 | INFO     | Saving at a/skeb/ru_riirst-6b2179.json
2026-09-24 14:20:33 | INFO     | OK https://skeb.jp/api/users/shiawase_de_ite
2026-09-24 14:20:33 | INFO     | Saving at a/skeb/shiawase_de_ite-fc8e84.json
2026-09-24 14:20:35 | INFO     | OK https://skeb.jp/api/users/k_ayamo
2026-09-24 14:20:35 | INFO     | Saving at a/skeb/k_ayamo-03809e.json
2026-09-24 14:20:36 | INFO     | OK https://skeb.jp/api/users/WoL0YpqZDW8ZsEO
2026-09-24 14:20:36 | INFO     | Saving at a/skeb/WoL0YpqZDW8ZsEO-b56a4b.json
2026-09-24 14:20:36 | INFO     | OK https://skeb.jp/api/users/AKISA___VRC
2026-09-24 14:20:36 | INFO     | Saving at a/skeb/AKISA___VRC-1dcb0c.json
2026-09-24 14:20:37 | INFO     | OK https://skeb.jp/api/users/18782le
2026-09-24 14:20:37 | INFO     | Saving at a/skeb/18782le-d281e2.json
2026-09-24 14:20:39 | INFO     | OK https://skeb.jp/api/users/aoten
2026-09-24 14:20:39 | INFO     | Saving at a/skeb/aoten-f2ca88.json
2026-09-24 14:20:40 | INFO     | OK https://skeb.jp/api/users/edamame_gokoro
2026-09-24 14:20:40 | INFO     | Saving at a/skeb/edamame_gokoro-0400e6.json
2026-09-24 14:20:40 | INFO     | OK https://skeb.jp/api/users/sinonome89mo
2026-09-24 14:20:40 | INFO     | Saving at a/skeb/sinonome89mo-671afb.json
2026-09-24 14:20:41 | INFO     | OK https://skeb.jp/api/users/kyomkyom118
2026-09-24 14:20:41 | INFO     | Saving at a/skeb/kyomkyom118-6ff1cf.json
2026-09-24 14:20:43 | INFO     | OK https://skeb.jp/api/users/musyanekoo
2026-09-24 14:20:43 | INFO     | Saving at a/skeb/musyanekoo-6452d3.json
2026-09-24 14:20:44 | INFO     | OK https://skeb.jp/api/users/valetknown
2026-09-24 14:20:44 | INFO     | Saving at a/skeb/valetknown-cd4717.json
2026-09-24 14:20:44 | INFO     | OK https://skeb.jp/api/users/kamuraaa_615
2026-09-24 14:20:44 | INFO     | Saving at a/skeb/kamuraaa_615-c467a7.json
2026-09-24 14:20:45 | INFO     | OK https://skeb.jp/api/users/iui_ymym
2026-09-24 14:20:45 | INFO     | Saving at a/skeb/iui_ymym-b2f89e.json
2026-09-24 14:20:46 | INFO     | OK https://skeb.jp/api/users/saesumi___gaha
2026-09-24 14:20:46 | INFO     | Saving at a/skeb/saesumi___gaha-d72be0.json
2026-09-24 14:20:47 | INFO     | OK https://skeb.jp/api/users/takahide113349
2026-09-24 14:20:47 | INFO     | Saving at a/skeb/takahide113349-ff0d95.json
2026-09-24 14:20:49 | INFO     | OK https://skeb.jp/api/users/COCOMARO_MANIAX
2026-09-24 14:20:49 | INFO     | Saving at a/skeb/COCOMARO_MANIAX-f921e5.json
2026-09-24 14:20:50 | INFO     | OK https://skeb.jp/api/users/noname__da
2026-09-24 14:20:50 | INFO     | Saving at a/skeb/noname__da-7a1bf8.json
2026-09-24 14:20:51 | INFO     | OK https://skeb.jp/api/users/no_oki31
2026-09-24 14:20:51 | INFO     | Saving at a/skeb/no_oki31-8153e1.json
2026-09-24 14:20:51 | INFO     | OK https://skeb.jp/api/users/_sezeri
2026-09-24 14:20:52 | INFO     | Saving at a/skeb/_sezeri-efc2e4.json
2026-09-24 14:20:53 | INFO     | OK https://skeb.jp/api/users/grrrrrwf
2026-09-24 14:20:53 | INFO     | Saving at a/skeb/grrrrrwf-17c1ce.json
2026-09-24 14:20:54 | INFO     | OK https://skeb.jp/api/users/mansyontintai
2026-09-24 14:20:54 | INFO     | Saving at a/skeb/mansyontintai-b49ebc.json
2026-09-24 14:20:55 | INFO     | OK https://skeb.jp/api/users/HGPRDragon
2026-09-24 14:20:55 | INFO     | Saving at a/skeb/HGPRDragon-affb7a.json
2026-09-24 14:20:55 | INFO     | OK https://skeb.jp/api/users/sh1r0sh1su
2026-09-24 14:20:55 | INFO     | Saving at a/skeb/sh1r0sh1su-6c1acb.json
2026-09-24 14:20:57 | INFO     | OK https://skeb.jp/api/users/kapipopdrops
2026-09-24 14:20:57 | INFO     | Saving at a/skeb/kapipopdrops-49e8f6.json
2026-09-24 14:20:58 | INFO     | OK https://skeb.jp/api/users/Umibatari
2026-09-24 14:20:58 | INFO     | Saving at a/skeb/Umibatari-baaf85.json
2026-09-24 14:20:58 | INFO     | OK https://skeb.jp/api/users/DOBESUKE_X
2026-09-24 14:20:58 | INFO     | Saving at a/skeb/DOBESUKE_X-6b3c5b.json
2026-09-24 14:20:59 | INFO     | OK https://skeb.jp/api/users/rhythm_cond
2026-09-24 14:20:59 | INFO     | Saving at a/skeb/rhythm_cond-9bd1fb.json
2026-09-24 14:21:00 | INFO     | OK https://skeb.jp/api/users/m10_po3
2026-09-24 14:21:00 | INFO     | Saving at a/skeb/m10_po3-81c4e4.json
2026-09-24 14:21:02 | INFO     | OK https://skeb.jp/api/users/s_obig
2026-09-24 14:21:02 | INFO     | Saving at a/skeb/s_obig-595f7d.json
2026-09-24 14:21:02 | INFO     | OK https://skeb.jp/api/users/knuckle0115
2026-09-24 14:21:02 | INFO     | Saving at a/skeb/knuckle0115-176acc.json
2026-09-24 14:21:04 | INFO     | OK https://skeb.jp/api/users/da_3939
2026-09-24 14:21:04 | INFO     | Saving at a/skeb/da_3939-3d3bed.json
2026-09-24 14:21:05 | INFO     | OK https://skeb.jp/api/users/chibitora8810
2026-09-24 14:21:05 | INFO     | Saving at a/skeb/chibitora8810-3f8c3b.json
2026-09-24 14:21:06 | INFO     | OK https://skeb.jp/api/users/ussame114
2026-09-24 14:21:06 | INFO     | Saving at a/skeb/ussame114-af0ec6.json
2026-09-24 14:21:06 | INFO     | OK https://skeb.jp/api/users/mir_ivy_2
2026-09-24 14:21:06 | INFO     | Saving at a/skeb/mir_ivy_2-47779d.json
2026-09-24 14:21:08 | INFO     | OK https://skeb.jp/api/users/nnx_u_
2026-09-24 14:21:08 | INFO     | Saving at a/skeb/nnx_u_-ef929c.json
2026-09-24 14:21:09 | INFO     | OK https://skeb.jp/api/users/gram_quartz
2026-09-24 14:21:09 | INFO     | Saving at a/skeb/gram_quartz-01ec16.json
2026-09-24 14:21:10 | INFO     | OK https://skeb.jp/api/users/kuki_wak
2026-09-24 14:21:10 | INFO     | Saving at a/skeb/kuki_wak-705d5a.json
2026-09-24 14:21:11 | INFO     | OK https://skeb.jp/api/users/chiroru__ch
2026-09-24 14:21:11 | INFO     | Saving at a/skeb/chiroru__ch-c354c0.json
2026-09-24 14:21:11 | INFO     | OK https://skeb.jp/api/users/genki3TuT
2026-09-24 14:21:11 | INFO     | Saving at a/skeb/genki3TuT-70e5d9.json
2026-09-24 14:21:12 | INFO     | OK https://skeb.jp/api/users/ypuretonyoba
2026-09-24 14:21:12 | INFO     | Saving at a/skeb/ypuretonyoba-6ec7e9.json
2026-09-24 14:21:13 | INFO     | OK https://skeb.jp/api/users/ha_tak
2026-09-24 14:21:13 | INFO     | Saving at a/skeb/ha_tak-22eb44.json
2026-09-24 14:21:15 | INFO     | OK https://skeb.jp/api/users/aamesawaa
2026-09-24 14:21:15 | INFO     | Saving at a/skeb/aamesawaa-8eb762.json
2026-09-24 14:21:16 | INFO     | OK https://skeb.jp/api/users/Mei_9616
2026-09-24 14:21:16 | INFO     | Saving at a/skeb/Mei_9616-ae733d.json
2026-09-24 14:21:16 | INFO     | OK https://skeb.jp/api/users/ykhs_92
2026-09-24 14:21:16 | INFO     | Saving at a/skeb/ykhs_92-91aeac.json
2026-09-24 14:21:17 | INFO     | OK https://skeb.jp/api/users/MQ6u9_
2026-09-24 14:21:17 | INFO     | Saving at a/skeb/MQ6u9_-849a1f.json
2026-09-24 14:21:19 | INFO     | OK https://skeb.jp/api/users/yukari_1857
2026-09-24 14:21:19 | INFO     | Saving at a/skeb/yukari_1857-1db1be.json
2026-09-24 14:21:20 | INFO     | OK https://skeb.jp/api/users/shirukokko
2026-09-24 14:21:20 | INFO     | Saving at a/skeb/shirukokko-f125b0.json
2026-09-24 14:21:21 | INFO     | OK https://skeb.jp/api/users/kenu_hachi
2026-09-24 14:21:21 | INFO     | Saving at a/skeb/kenu_hachi-e41d7d.json
2026-09-24 14:21:22 | INFO     | OK https://skeb.jp/api/users/oinuchaaan2
2026-09-24 14:21:22 | INFO     | Saving at a/skeb/oinuchaaan2-4e770e.json
2026-09-24 14:21:22 | INFO     | OK https://skeb.jp/api/users/gaigaiondo0
2026-09-24 14:21:22 | INFO     | Saving at a/skeb/gaigaiondo0-d93fd6.json
2026-09-24 14:21:24 | INFO     | OK https://skeb.jp/api/users/inupen_01
2026-09-24 14:21:24 | INFO     | Saving at a/skeb/inupen_01-e670d9.json
2026-09-24 14:21:24 | INFO     | OK https://skeb.jp/api/users/otsukimico
2026-09-24 14:21:24 | INFO     | Saving at a/skeb/otsukimico-29e389.json
2026-09-24 14:21:25 | INFO     | OK https://skeb.jp/api/users/s_9n4
2026-09-24 14:21:25 | INFO     | Saving at a/skeb/s_9n4-8a9490.json
2026-09-24 14:21:26 | INFO     | OK https://skeb.jp/api/users/KurePuru66557
2026-09-24 14:21:26 | INFO     | Saving at a/skeb/KurePuru66557-c76f3d.json
2026-09-24 14:21:27 | INFO     | OK https://skeb.jp/api/users/kaisooekaki
2026-09-24 14:21:27 | INFO     | Saving at a/skeb/kaisooekaki-855aac.json
2026-09-24 14:21:29 | INFO     | OK https://skeb.jp/api/users/Harusakakei18
2026-09-24 14:21:29 | INFO     | Saving at a/skeb/Harusakakei18-da935b.json
2026-09-24 14:21:30 | INFO     | OK https://skeb.jp/api/users/Noba_Zume_66
2026-09-24 14:21:30 | INFO     | Saving at a/skeb/Noba_Zume_66-212e15.json
2026-09-24 14:21:31 | INFO     | OK https://skeb.jp/api/users/ten102021
2026-09-24 14:21:31 | INFO     | Saving at a/skeb/ten102021-cfd070.json
2026-09-24 14:21:31 | INFO     | OK https://skeb.jp/api/users/fox_life85
2026-09-24 14:21:31 | INFO     | Saving at a/skeb/fox_life85-78b1ec.json
2026-09-24 14:21:33 | INFO     | OK https://skeb.jp/api/users/rororollmein
2026-09-24 14:21:33 | INFO     | Saving at a/skeb/rororollmein-db1b72.json
2026-09-24 14:21:34 | INFO     | OK https://skeb.jp/api/users/thi_ru_sk_d
2026-09-24 14:21:34 | INFO     | Saving at a/skeb/thi_ru_sk_d-4a3a62.json
2026-09-24 14:21:34 | INFO     | OK https://skeb.jp/api/users/kuromo_comon
2026-09-24 14:21:34 | INFO     | Saving at a/skeb/kuromo_comon-f77842.json
2026-09-24 14:21:36 | INFO     | OK https://skeb.jp/api/users/si10ra
2026-09-24 14:21:36 | INFO     | Saving at a/skeb/si10ra-aae42c.json
2026-09-24 14:21:36 | INFO     | OK https://skeb.jp/api/users/tachiyawolf
2026-09-24 14:21:36 | INFO     | Saving at a/skeb/tachiyawolf-db4329.json
2026-09-24 14:21:37 | INFO     | OK https://skeb.jp/api/users/rom4vlt12
2026-09-24 14:21:37 | INFO     | Saving at a/skeb/rom4vlt12-483980.json
2026-09-24 14:21:39 | INFO     | OK https://skeb.jp/api/users/einz_zwei
2026-09-24 14:21:39 | INFO     | Saving at a/skeb/einz_zwei-63e76e.json
2026-09-24 14:21:40 | INFO     | OK https://skeb.jp/api/users/DoktorK_0sai
2026-09-24 14:21:40 | INFO     | Saving at a/skeb/DoktorK_0sai-eb9e59.json
2026-09-24 14:21:41 | INFO     | OK https://skeb.jp/api/users/ThAlter39o
2026-09-24 14:21:41 | INFO     | Saving at a/skeb/ThAlter39o-bdb32a.json
2026-09-24 14:21:42 | INFO     | OK https://skeb.jp/api/users/nemuhosi
2026-09-24 14:21:42 | INFO     | Saving at a/skeb/nemuhosi-f1f023.json
2026-09-24 14:21:43 | INFO     | OK https://skeb.jp/api/users/ru7_3x_
2026-09-24 14:21:43 | INFO     | Saving at a/skeb/ru7_3x_-ca59df.json
2026-09-24 14:21:43 | INFO     | OK https://skeb.jp/api/users/saikoudesuy0
2026-09-24 14:21:43 | INFO     | Saving at a/skeb/saikoudesuy0-ddec76.json
2026-09-24 14:21:45 | INFO     | OK https://skeb.jp/api/users/caffein89
2026-09-24 14:21:45 | INFO     | Saving at a/skeb/caffein89-83e710.json
2026-09-24 14:21:46 | INFO     | OK https://skeb.jp/api/users/Notyorugata
2026-09-24 14:21:46 | INFO     | Saving at a/skeb/Notyorugata-aa8553.json
2026-09-24 14:21:47 | INFO     | OK https://skeb.jp/api/users/ray_ryuusaki
2026-09-24 14:21:47 | INFO     | Saving at a/skeb/ray_ryuusaki-3b306c.json
2026-09-24 14:21:48 | INFO     | OK https://skeb.jp/api/users/punipaya
2026-09-24 14:21:48 | INFO     | Saving at a/skeb/punipaya-240de9.json
2026-09-24 14:21:49 | INFO     | OK https://skeb.jp/api/users/RPS_dot
2026-09-24 14:21:49 | INFO     | Saving at a/skeb/RPS_dot-e58ec2.json
2026-09-24 14:21:49 | INFO     | OK https://skeb.jp/api/users/zota26
2026-09-24 14:21:49 | INFO     | Saving at a/skeb/zota26-6539ab.json
2026-09-24 14:21:51 | INFO     | OK https://skeb.jp/api/users/MassaQ_oekaki
2026-09-24 14:21:51 | INFO     | Saving at a/skeb/MassaQ_oekaki-f8e053.json
2026-09-24 14:21:51 | INFO     | OK https://skeb.jp/api/users/ShishiMsr344
2026-09-24 14:21:51 | INFO     | Saving at a/skeb/ShishiMsr344-f65ec5.json
2026-09-24 14:21:53 | INFO     | OK https://skeb.jp/api/users/tanabanata
2026-09-24 14:21:53 | INFO     | Saving at a/skeb/tanabanata-56f4f3.json
2026-09-24 14:21:53 | INFO     | OK https://skeb.jp/api/users/Swhite1x1
2026-09-24 14:21:53 | INFO     | Saving at a/skeb/Swhite1x1-bb5e9c.json
2026-09-24 14:21:55 | INFO     | OK https://skeb.jp/api/users/DSixhqvJVpiyilF
2026-09-24 14:21:55 | INFO     | Saving at a/skeb/DSixhqvJVpiyilF-4348b8.json
2026-09-24 14:21:56 | INFO     | OK https://skeb.jp/api/users/yellowsb2024
2026-09-24 14:21:56 | INFO     | Saving at a/skeb/yellowsb2024-d22769.json
2026-09-24 14:21:56 | INFO     | OK https://skeb.jp/api/users/SukoYugiri
2026-09-24 14:21:56 | INFO     | Saving at a/skeb/SukoYugiri-483012.json
2026-09-24 14:21:58 | INFO     | OK https://skeb.jp/api/users/yuuhagi
2026-09-24 14:21:58 | INFO     | Saving at a/skeb/yuuhagi-dc11f3.json
2026-09-24 14:21:59 | INFO     | OK https://skeb.jp/api/users/wul5p
2026-09-24 14:21:59 | INFO     | Saving at a/skeb/wul5p-3d475c.json
2026-09-24 14:22:00 | INFO     | OK https://skeb.jp/api/users/jajkochanie
2026-09-24 14:22:00 | INFO     | Saving at a/skeb/jajkochanie-5a5f98.json
2026-09-24 14:22:01 | INFO     | OK https://skeb.jp/api/users/shinotoRP
2026-09-24 14:22:01 | INFO     | Saving at a/skeb/shinotoRP-7f056f.json
2026-09-24 14:22:02 | INFO     | OK https://skeb.jp/api/users/Satoh_vrc
2026-09-24 14:22:02 | INFO     | Saving at a/skeb/Satoh_vrc-6c8b90.json
2026-09-24 14:22:03 | INFO     | OK https://skeb.jp/api/users/tAVIAzY78J83284
2026-09-24 14:22:03 | INFO     | Saving at a/skeb/tAVIAzY78J83284-71744a.json
2026-09-24 14:22:04 | INFO     | OK https://skeb.jp/api/users/pop14bc
2026-09-24 14:22:04 | INFO     | Saving at a/skeb/pop14bc-cb74b5.json
2026-09-24 14:22:05 | INFO     | OK https://skeb.jp/api/users/Matttttya1
2026-09-24 14:22:05 | INFO     | Saving at a/skeb/Matttttya1-784029.json
2026-09-24 14:22:06 | INFO     | OK https://skeb.jp/api/users/rlt4_
2026-09-24 14:22:06 | INFO     | Saving at a/skeb/rlt4_-05056c.json
2026-09-24 14:22:07 | INFO     | OK https://skeb.jp/api/users/moon_art3
2026-09-24 14:22:07 | INFO     | Saving at a/skeb/moon_art3-90a524.json
2026-09-24 14:22:08 | INFO     | OK https://skeb.jp/api/users/yurui_sekai
2026-09-24 14:22:08 | INFO     | Saving at a/skeb/yurui_sekai-cbde49.json
2026-09-24 14:22:09 | INFO     | OK https://skeb.jp/api/users/qk1581
2026-09-24 14:22:09 | INFO     | Saving at a/skeb/qk1581-cbb329.json
2026-09-24 14:22:10 | INFO     | OK https://skeb.jp/api/users/omiso_1029
2026-09-24 14:22:10 | INFO     | Saving at a/skeb/omiso_1029-d2fb8f.json
2026-09-24 14:22:11 | INFO     | OK https://skeb.jp/api/users/himuromoti_5294
2026-09-24 14:22:11 | INFO     | Saving at a/skeb/himuromoti_5294-8acfdf.json
2026-09-24 14:22:12 | INFO     | OK https://skeb.jp/api/users/homitopomi176
2026-09-24 14:22:12 | INFO     | Saving at a/skeb/homitopomi176-b7c002.json
2026-09-24 14:22:13 | INFO     | OK https://skeb.jp/api/users/B_Saigennaku
2026-09-24 14:22:13 | INFO     | Saving at a/skeb/B_Saigennaku-3812ef.json
2026-09-24 14:22:13 | INFO     | OK https://skeb.jp/api/users/irruuuukaa0919
2026-09-24 14:22:13 | INFO     | Saving at a/skeb/irruuuukaa0919-1dc29a.json
2026-09-24 14:22:15 | INFO     | OK https://skeb.jp/api/users/machida_0906
2026-09-24 14:22:15 | INFO     | Saving at a/skeb/machida_0906-0b8ae3.json
2026-09-24 14:22:16 | INFO     | OK https://skeb.jp/api/users/Uh26y
2026-09-24 14:22:16 | INFO     | Saving at a/skeb/Uh26y-7d8449.json
2026-09-24 14:22:17 | INFO     | OK https://skeb.jp/api/users/o_otukaresama_o
2026-09-24 14:22:17 | INFO     | Saving at a/skeb/o_otukaresama_o-ba9f3a.json
2026-09-24 14:22:18 | INFO     | OK https://skeb.jp/api/users/Ryu_o0o_
2026-09-24 14:22:18 | INFO     | Saving at a/skeb/Ryu_o0o_-cd9ad1.json
2026-09-24 14:22:19 | INFO     | OK https://skeb.jp/api/users/takezamurai
2026-09-24 14:22:19 | INFO     | Saving at a/skeb/takezamurai-43f6d0.json
2026-09-24 14:22:20 | INFO     | OK https://skeb.jp/api/users/pan_mar_
2026-09-24 14:22:20 | INFO     | Saving at a/skeb/pan_mar_-42cd86.json
2026-09-24 14:22:21 | INFO     | OK https://skeb.jp/api/users/Mg3Lb
2026-09-24 14:22:21 | INFO     | Saving at a/skeb/Mg3Lb-140159.json
2026-09-24 14:22:22 | INFO     | OK https://skeb.jp/api/users/to____EX
2026-09-24 14:22:22 | INFO     | Saving at a/skeb/to____EX-e96844.json
2026-09-24 14:22:23 | INFO     | OK https://skeb.jp/api/users/aoyadazoon
2026-09-24 14:22:23 | INFO     | Saving at a/skeb/aoyadazoon-03dffe.json
2026-09-24 14:22:24 | INFO     | OK https://skeb.jp/api/users/towa_459
2026-09-24 14:22:24 | INFO     | Saving at a/skeb/towa_459-e20e67.json
2026-09-24 14:22:25 | INFO     | OK https://skeb.jp/api/users/hanasakichu
2026-09-24 14:22:25 | INFO     | Saving at a/skeb/hanasakichu-1f3890.json
2026-09-24 14:22:26 | INFO     | OK https://skeb.jp/api/users/cc0mn
2026-09-24 14:22:26 | INFO     | Saving at a/skeb/cc0mn-272951.json
2026-09-24 14:22:27 | INFO     | OK https://skeb.jp/api/users/NOrclb
2026-09-24 14:22:27 | INFO     | Saving at a/skeb/NOrclb-c0b87b.json
2026-09-24 14:22:28 | INFO     | OK https://skeb.jp/api/users/salmon_000001
2026-09-24 14:22:28 | INFO     | Saving at a/skeb/salmon_000001-3cd5b3.json
2026-09-24 14:22:29 | INFO     | OK https://skeb.jp/api/users/ISUI_130
2026-09-24 14:22:29 | INFO     | Saving at a/skeb/ISUI_130-0f50c8.json
2026-09-24 14:22:30 | INFO     | OK https://skeb.jp/api/users/pipipi_iozs
2026-09-24 14:22:30 | INFO     | Saving at a/skeb/pipipi_iozs-67ede4.json
2026-09-24 14:22:31 | INFO     | OK https://skeb.jp/api/users/ov_qae
2026-09-24 14:22:31 | INFO     | Saving at a/skeb/ov_qae-148f0f.json
2026-09-24 14:22:32 | INFO     | OK https://skeb.jp/api/users/inthe459
2026-09-24 14:22:32 | INFO     | Saving at a/skeb/inthe459-e33dc1.json
2026-09-24 14:22:33 | INFO     | OK https://skeb.jp/api/users/7_shinshi
2026-09-24 14:22:33 | INFO     | Saving at a/skeb/7_shinshi-ee4149.json
2026-09-24 14:22:34 | INFO     | OK https://skeb.jp/api/users/ahgakhgal
2026-09-24 14:22:34 | INFO     | Saving at a/skeb/ahgakhgal-07c30c.json
2026-09-24 14:22:35 | INFO     | OK https://skeb.jp/api/users/BLO_O_M_
2026-09-24 14:22:35 | INFO     | Saving at a/skeb/BLO_O_M_-0eda8c.json
2026-09-24 14:22:36 | INFO     | OK https://skeb.jp/api/users/hinanagusa
2026-09-24 14:22:36 | INFO     | Saving at a/skeb/hinanagusa-003d81.json
2026-09-24 14:22:37 | INFO     | OK https://skeb.jp/api/users/trip_dancer_g
2026-09-24 14:22:37 | INFO     | Saving at a/skeb/trip_dancer_g-db2b6a.json
2026-09-24 14:22:38 | INFO     | OK https://skeb.jp/api/users/y000000k2
2026-09-24 14:22:38 | INFO     | Saving at a/skeb/y000000k2-0f8272.json
2026-09-24 14:22:39 | INFO     | OK https://skeb.jp/api/users/Minigumidori3
2026-09-24 14:22:39 | INFO     | Saving at a/skeb/Minigumidori3-bf22b9.json
2026-09-24 14:22:40 | INFO     | OK https://skeb.jp/api/users/shinabitadog
2026-09-24 14:22:40 | INFO     | Saving at a/skeb/shinabitadog-09c1b3.json
2026-09-24 14:22:41 | INFO     | OK https://skeb.jp/api/users/sho_oe4
2026-09-24 14:22:41 | INFO     | Saving at a/skeb/sho_oe4-b9c9c9.json
2026-09-24 14:22:42 | INFO     | OK https://skeb.jp/api/users/NANA29467251
2026-09-24 14:22:42 | INFO     | Saving at a/skeb/NANA29467251-2ba4f7.json
2026-09-24 14:22:43 | INFO     | OK https://skeb.jp/api/users/watari_waco
2026-09-24 14:22:43 | INFO     | Saving at a/skeb/watari_waco-3fdbee.json
2026-09-24 14:22:44 | INFO     | OK https://skeb.jp/api/users/nUoxnUn
2026-09-24 14:22:44 | INFO     | Saving at a/skeb/nUoxnUn-54f1e5.json
2026-09-24 14:22:45 | INFO     | OK https://skeb.jp/api/users/rkw247_
2026-09-24 14:22:45 | INFO     | Saving at a/skeb/rkw247_-9fafda.json
2026-09-24 14:22:46 | INFO     | OK https://skeb.jp/api/users/ohayou__milk
2026-09-24 14:22:46 | INFO     | Saving at a/skeb/ohayou__milk-dee553.json
2026-09-24 14:22:47 | INFO     | OK https://skeb.jp/api/users/9zY5Zf3OxxMGGAN
2026-09-24 14:22:47 | INFO     | Saving at a/skeb/9zY5Zf3OxxMGGAN-64e83d.json
2026-09-24 14:22:48 | INFO     | OK https://skeb.jp/api/users/DosukebeRabbit
2026-09-24 14:22:48 | INFO     | Saving at a/skeb/DosukebeRabbit-b39931.json
2026-09-24 14:22:49 | INFO     | OK https://skeb.jp/api/users/Shi_NoA_1014
2026-09-24 14:22:49 | INFO     | Saving at a/skeb/Shi_NoA_1014-a0ba1d.json
2026-09-24 14:22:50 | INFO     | OK https://skeb.jp/api/users/bn53319
2026-09-24 14:22:50 | INFO     | Saving at a/skeb/bn53319-df20a5.json
2026-09-24 14:22:51 | INFO     | OK https://skeb.jp/api/users/popopopopo623
2026-09-24 14:22:51 | INFO     | Saving at a/skeb/popopopopo623-d2ac71.json
2026-09-24 14:22:52 | INFO     | OK https://skeb.jp/api/users/t_mizushiro
2026-09-24 14:22:52 | INFO     | Saving at a/skeb/t_mizushiro-474c41.json
2026-09-24 14:22:53 | INFO     | OK https://skeb.jp/api/users/Codai03825089
2026-09-24 14:22:53 | INFO     | Saving at a/skeb/Codai03825089-231991.json
2026-09-24 14:22:54 | INFO     | OK https://skeb.jp/api/users/kuwagata_hanten
2026-09-24 14:22:54 | INFO     | Saving at a/skeb/kuwagata_hanten-a5dd23.json
2026-09-24 14:22:55 | INFO     | OK https://skeb.jp/api/users/Bee_haji
2026-09-24 14:22:55 | INFO     | Saving at a/skeb/Bee_haji-9dee6b.json
2026-09-24 14:22:56 | INFO     | OK https://skeb.jp/api/users/epiwu35
2026-09-24 14:22:56 | INFO     | Saving at a/skeb/epiwu35-5169f8.json
2026-09-24 14:22:57 | INFO     | OK https://skeb.jp/api/users/K_Daiiti
2026-09-24 14:22:57 | INFO     | Saving at a/skeb/K_Daiiti-050b2b.json
2026-09-24 14:22:58 | INFO     | OK https://skeb.jp/api/users/yukinomaruART
2026-09-24 14:22:58 | INFO     | Saving at a/skeb/yukinomaruART-aa3bbc.json
2026-09-24 14:22:59 | INFO     | OK https://skeb.jp/api/users/Chihane0031
2026-09-24 14:22:59 | INFO     | Saving at a/skeb/Chihane0031-2b5cdb.json
2026-09-24 14:22:59 | INFO     | OK https://skeb.jp/api/users/dd6_16
2026-09-24 14:22:59 | INFO     | Saving at a/skeb/dd6_16-c4e3ae.json
2026-09-24 14:23:01 | INFO     | OK https://skeb.jp/api/users/sabalove
2026-09-24 14:23:01 | INFO     | Saving at a/skeb/sabalove-474902.json
2026-09-24 14:23:02 | INFO     | OK https://skeb.jp/api/users/toko_iro_
2026-09-24 14:23:02 | INFO     | Saving at a/skeb/toko_iro_-39b9a1.json
2026-09-24 14:23:03 | INFO     | OK https://skeb.jp/api/users/onigiriskch
2026-09-24 14:23:03 | INFO     | Saving at a/skeb/onigiriskch-384b43.json
2026-09-24 14:23:04 | INFO     | OK https://skeb.jp/api/users/Nyatoruhu
2026-09-24 14:23:04 | INFO     | Saving at a/skeb/Nyatoruhu-2e6ee1.json
2026-09-24 14:23:05 | INFO     | OK https://skeb.jp/api/users/ChitoseAkaneuta
2026-09-24 14:23:05 | INFO     | Saving at a/skeb/ChitoseAkaneuta-b91e4e.json
2026-09-24 14:23:06 | INFO     | OK https://skeb.jp/api/users/4040_onigiri
2026-09-24 14:23:06 | INFO     | Saving at a/skeb/4040_onigiri-6bbe4e.json
2026-09-24 14:23:07 | INFO     | OK https://skeb.jp/api/users/mola_mola_uono
2026-09-24 14:23:07 | INFO     | Saving at a/skeb/mola_mola_uono-c90d8b.json
2026-09-24 14:23:08 | INFO     | OK https://skeb.jp/api/users/E_run1001_0716
2026-09-24 14:23:08 | INFO     | Saving at a/skeb/E_run1001_0716-8932d1.json
2026-09-24 14:23:09 | INFO     | OK https://skeb.jp/api/users/MIKURO_TUBASA
2026-09-24 14:23:09 | INFO     | Saving at a/skeb/MIKURO_TUBASA-de9d4e.json
2026-09-24 14:23:10 | INFO     | OK https://skeb.jp/api/users/tekidonitekito1
2026-09-24 14:23:10 | INFO     | Saving at a/skeb/tekidonitekito1-837b95.json
2026-09-24 14:23:11 | INFO     | OK https://skeb.jp/api/users/2waco15
2026-09-24 14:23:11 | INFO     | Saving at a/skeb/2waco15-390c33.json
2026-09-24 14:23:12 | INFO     | OK https://skeb.jp/api/users/takanashiTKNS
2026-09-24 14:23:12 | INFO     | Saving at a/skeb/takanashiTKNS-c89067.json
2026-09-24 14:23:13 | INFO     | OK https://skeb.jp/api/users/mo_mi36
2026-09-24 14:23:13 | INFO     | Saving at a/skeb/mo_mi36-75c7c4.json
2026-09-24 14:23:14 | INFO     | OK https://skeb.jp/api/users/sion001250
2026-09-24 14:23:14 | INFO     | Saving at a/skeb/sion001250-1d6962.json
2026-09-24 14:23:15 | INFO     | OK https://skeb.jp/api/users/dairi155
2026-09-24 14:23:15 | INFO     | Saving at a/skeb/dairi155-098ec5.json
2026-09-24 14:23:16 | INFO     | OK https://skeb.jp/api/users/fukukoma_
2026-09-24 14:23:16 | INFO     | Saving at a/skeb/fukukoma_-39b39e.json
2026-09-24 14:23:17 | INFO     | OK https://skeb.jp/api/users/fua_vrc
2026-09-24 14:23:17 | INFO     | Saving at a/skeb/fua_vrc-80a0de.json
2026-09-24 14:23:18 | INFO     | OK https://skeb.jp/api/users/zettaizetumei
2026-09-24 14:23:18 | INFO     | Saving at a/skeb/zettaizetumei-84adb7.json
2026-09-24 14:23:19 | INFO     | OK https://skeb.jp/api/users/agrinp_
2026-09-24 14:23:19 | INFO     | Saving at a/skeb/agrinp_-1d7a49.json
2026-09-24 14:23:20 | INFO     | OK https://skeb.jp/api/users/nuru_himmel
2026-09-24 14:23:20 | INFO     | Saving at a/skeb/nuru_himmel-fa1aa2.json
2026-09-24 14:23:21 | INFO     | OK https://skeb.jp/api/users/sonao
2026-09-24 14:23:21 | INFO     | Saving at a/skeb/sonao-100dd7.json
2026-09-24 14:23:22 | INFO     | OK https://skeb.jp/api/users/newwatasimo
2026-09-24 14:23:22 | INFO     | Saving at a/skeb/newwatasimo-315f01.json
2026-09-24 14:23:23 | INFO     | OK https://skeb.jp/api/users/Green_DaKaRq
2026-09-24 14:23:23 | INFO     | Saving at a/skeb/Green_DaKaRq-c2671e.json
2026-09-24 14:23:24 | INFO     | OK https://skeb.jp/api/users/nankawarota3
2026-09-24 14:23:24 | INFO     | Saving at a/skeb/nankawarota3-2d3a9d.json
2026-09-24 14:23:25 | INFO     | OK https://skeb.jp/api/users/Tsky_Shibeta
2026-09-24 14:23:25 | INFO     | Saving at a/skeb/Tsky_Shibeta-0e97ee.json
2026-09-24 14:23:26 | INFO     | OK https://skeb.jp/api/users/sanada_jp
2026-09-24 14:23:26 | INFO     | Saving at a/skeb/sanada_jp-06ce4e.json
2026-09-24 14:23:27 | INFO     | OK https://skeb.jp/api/users/pukya__
2026-09-24 14:23:27 | INFO     | Saving at a/skeb/pukya__-1737e8.json
2026-09-24 14:23:28 | INFO     | OK https://skeb.jp/api/users/lUY528
2026-09-24 14:23:28 | INFO     | Saving at a/skeb/lUY528-322626.json
2026-09-24 14:23:29 | INFO     | OK https://skeb.jp/api/users/er_ztv
2026-09-24 14:23:29 | INFO     | Saving at a/skeb/er_ztv-21e97e.json
2026-09-24 14:23:30 | INFO     | OK https://skeb.jp/api/users/itame_h
2026-09-24 14:23:30 | INFO     | Saving at a/skeb/itame_h-5d9db8.json
2026-09-24 14:23:31 | INFO     | OK https://skeb.jp/api/users/yuguchan_
2026-09-24 14:23:31 | INFO     | Saving at a/skeb/yuguchan_-ab335b.json
2026-09-24 14:23:32 | INFO     | OK https://skeb.jp/api/users/sukebedaman
2026-09-24 14:23:32 | INFO     | Saving at a/skeb/sukebedaman-78b3ca.json
2026-09-24 14:23:33 | INFO     | OK https://skeb.jp/api/users/sstuo04
2026-09-24 14:23:33 | INFO     | Saving at a/skeb/sstuo04-d984d3.json
2026-09-24 14:23:34 | INFO     | OK https://skeb.jp/api/users/usukawa5
2026-09-24 14:23:34 | INFO     | Saving at a/skeb/usukawa5-a52f93.json
2026-09-24 14:23:35 | INFO     | OK https://skeb.jp/api/users/2rukinokinoki
2026-09-24 14:23:35 | INFO     | Saving at a/skeb/2rukinokinoki-731724.json
2026-09-24 14:23:35 | INFO     | OK https://skeb.jp/api/users/IllustScody
2026-09-24 14:23:35 | INFO     | Saving at a/skeb/IllustScody-1cc804.json
2026-09-24 14:23:37 | INFO     | OK https://skeb.jp/api/users/58910_tukimochi
2026-09-24 14:23:37 | INFO     | Saving at a/skeb/58910_tukimochi-39b450.json
2026-09-24 14:23:38 | INFO     | OK https://skeb.jp/api/users/g7XQeXQWvO92074
2026-09-24 14:23:38 | INFO     | Saving at a/skeb/g7XQeXQWvO92074-cce558.json
2026-09-24 14:23:39 | INFO     | OK https://skeb.jp/api/users/akinooooob
2026-09-24 14:23:39 | INFO     | Saving at a/skeb/akinooooob-3022c4.json
2026-09-24 14:23:40 | INFO     | OK https://skeb.jp/api/users/cthun_N
2026-09-24 14:23:40 | INFO     | Saving at a/skeb/cthun_N-146f6a.json
2026-09-24 14:23:41 | INFO     | OK https://skeb.jp/api/users/shime_neko
2026-09-24 14:23:41 | INFO     | Saving at a/skeb/shime_neko-f69a9b.json
2026-09-24 14:23:42 | INFO     | OK https://skeb.jp/api/users/mayoi_noyoru
2026-09-24 14:23:42 | INFO     | Saving at a/skeb/mayoi_noyoru-93a213.json
2026-09-24 14:23:43 | INFO     | OK https://skeb.jp/api/users/_aruva_
2026-09-24 14:23:43 | INFO     | Saving at a/skeb/_aruva_-9e42f1.json
2026-09-24 14:23:44 | INFO     | OK https://skeb.jp/api/users/nokinogi
2026-09-24 14:23:44 | INFO     | Saving at a/skeb/nokinogi-c90183.json
2026-09-24 14:23:45 | INFO     | OK https://skeb.jp/api/users/majinjin23
2026-09-24 14:23:45 | INFO     | Saving at a/skeb/majinjin23-e4c549.json
2026-09-24 14:23:46 | INFO     | OK https://skeb.jp/api/users/ebiuinaUl_l
2026-09-24 14:23:46 | INFO     | Saving at a/skeb/ebiuinaUl_l-c23869.json
2026-09-24 14:23:47 | INFO     | OK https://skeb.jp/api/users/pukukemo_live
2026-09-24 14:23:47 | INFO     | Saving at a/skeb/pukukemo_live-34b76a.json
2026-09-24 14:23:47 | INFO     | OK https://skeb.jp/api/users/53dame__
2026-09-24 14:23:47 | INFO     | Saving at a/skeb/53dame__-668b57.json
2026-09-24 14:23:49 | INFO     | OK https://skeb.jp/api/users/nuta_nuta_unagi
2026-09-24 14:23:49 | INFO     | Saving at a/skeb/nuta_nuta_unagi-1d1986.json
2026-09-24 14:23:49 | INFO     | OK https://skeb.jp/api/users/rm51652
2026-09-24 14:23:49 | INFO     | Saving at a/skeb/rm51652-b0f989.json
2026-09-24 14:23:51 | INFO     | OK https://skeb.jp/api/users/monatsu
2026-09-24 14:23:51 | INFO     | Saving at a/skeb/monatsu-a30b3b.json
2026-09-24 14:23:52 | INFO     | OK https://skeb.jp/api/users/mptmpt_
2026-09-24 14:23:52 | INFO     | Saving at a/skeb/mptmpt_-2badf9.json
2026-09-24 14:23:53 | INFO     | OK https://skeb.jp/api/users/batsuyo2
2026-09-24 14:23:53 | INFO     | Saving at a/skeb/batsuyo2-8f16d5.json
2026-09-24 14:23:54 | INFO     | OK https://skeb.jp/api/users/itigoiroha_
2026-09-24 14:23:54 | INFO     | Saving at a/skeb/itigoiroha_-b9d815.json
2026-09-24 14:23:55 | INFO     | OK https://skeb.jp/api/users/bloo20242
2026-09-24 14:23:55 | INFO     | Saving at a/skeb/bloo20242-63c11a.json
2026-09-24 14:23:56 | INFO     | OK https://skeb.jp/api/users/chichibuji300
2026-09-24 14:23:56 | INFO     | Saving at a/skeb/chichibuji300-3fe034.json
2026-09-24 14:23:57 | INFO     | OK https://skeb.jp/api/users/UwU_illust214
2026-09-24 14:23:57 | INFO     | Saving at a/skeb/UwU_illust214-fd4c67.json
2026-09-24 14:23:58 | INFO     | OK https://skeb.jp/api/users/S_sya_rin
2026-09-24 14:23:58 | INFO     | Saving at a/skeb/S_sya_rin-346e15.json
2026-09-24 14:23:59 | INFO     | OK https://skeb.jp/api/users/death51094
2026-09-24 14:23:59 | INFO     | Saving at a/skeb/death51094-50860b.json
2026-09-24 14:24:00 | INFO     | OK https://skeb.jp/api/users/toshizi_hone
2026-09-24 14:24:00 | INFO     | Saving at a/skeb/toshizi_hone-c45457.json
2026-09-24 14:24:01 | INFO     | OK https://skeb.jp/api/users/ken_akai__
2026-09-24 14:24:01 | INFO     | Saving at a/skeb/ken_akai__-6be156.json
2026-09-24 14:24:02 | INFO     | OK https://skeb.jp/api/users/yielderego
2026-09-24 14:24:02 | INFO     | Saving at a/skeb/yielderego-339cc3.json
2026-09-24 14:24:03 | INFO     | OK https://skeb.jp/api/users/dega1028
2026-09-24 14:24:03 | INFO     | Saving at a/skeb/dega1028-6d3fe9.json
2026-09-24 14:24:04 | INFO     | OK https://skeb.jp/api/users/201502s
2026-09-24 14:24:04 | INFO     | Saving at a/skeb/201502s-b847c9.json
2026-09-24 14:24:05 | INFO     | OK https://skeb.jp/api/users/y_zp_113
2026-09-24 14:24:05 | INFO     | Saving at a/skeb/y_zp_113-7f1b4c.json
2026-09-24 14:24:06 | INFO     | OK https://skeb.jp/api/users/nomura_1234
2026-09-24 14:24:06 | INFO     | Saving at a/skeb/nomura_1234-0f57bd.json
2026-09-24 14:24:07 | INFO     | OK https://skeb.jp/api/users/ma_ki_w0
2026-09-24 14:24:07 | INFO     | Saving at a/skeb/ma_ki_w0-b270cc.json
2026-09-24 14:24:08 | INFO     | OK https://skeb.jp/api/users/sunasuna_3
2026-09-24 14:24:08 | INFO     | Saving at a/skeb/sunasuna_3-93763c.json
2026-09-24 14:24:09 | INFO     | OK https://skeb.jp/api/users/minzoku1017
2026-09-24 14:24:09 | INFO     | Saving at a/skeb/minzoku1017-883935.json
2026-09-24 14:24:10 | INFO     | OK https://skeb.jp/api/users/kuya_knn
2026-09-24 14:24:10 | INFO     | Saving at a/skeb/kuya_knn-d784bf.json
2026-09-24 14:24:11 | INFO     | OK https://skeb.jp/api/users/yaiyaiko
2026-09-24 14:24:11 | INFO     | Saving at a/skeb/yaiyaiko-738ab0.json
2026-09-24 14:24:12 | INFO     | OK https://skeb.jp/api/users/SHITAPPA0120
2026-09-24 14:24:12 | INFO     | Saving at a/skeb/SHITAPPA0120-b7fe81.json
2026-09-24 14:24:13 | INFO     | OK https://skeb.jp/api/users/niwashiro_
2026-09-24 14:24:13 | INFO     | Saving at a/skeb/niwashiro_-fd4dc0.json
2026-09-24 14:24:14 | INFO     | OK https://skeb.jp/api/users/iosonopioggia
2026-09-24 14:24:14 | INFO     | Saving at a/skeb/iosonopioggia-cefd83.json
2026-09-24 14:24:15 | INFO     | OK https://skeb.jp/api/users/piningrevisited
2026-09-24 14:24:15 | INFO     | Saving at a/skeb/piningrevisited-feb138.json
2026-09-24 14:24:16 | INFO     | OK https://skeb.jp/api/users/fritud89
2026-09-24 14:24:16 | INFO     | Saving at a/skeb/fritud89-1a4c7e.json
2026-09-24 14:24:16 | INFO     | OK https://skeb.jp/api/users/minipo_illust
2026-09-24 14:24:16 | INFO     | Saving at a/skeb/minipo_illust-4f1369.json
2026-09-24 14:24:18 | INFO     | OK https://skeb.jp/api/users/littlesnow33
2026-09-24 14:24:18 | INFO     | Saving at a/skeb/littlesnow33-08866b.json
2026-09-24 14:24:19 | INFO     | OK https://skeb.jp/api/users/inukieiji
2026-09-24 14:24:19 | INFO     | Saving at a/skeb/inukieiji-7781a2.json
2026-09-24 14:24:20 | INFO     | OK https://skeb.jp/api/users/ash801114
2026-09-24 14:24:20 | INFO     | Saving at a/skeb/ash801114-07a76b.json
2026-09-24 14:24:21 | INFO     | OK https://skeb.jp/api/users/illu_kamo
2026-09-24 14:24:21 | INFO     | Saving at a/skeb/illu_kamo-4a395f.json
2026-09-24 14:24:22 | INFO     | OK https://skeb.jp/api/users/pp_kousei
2026-09-24 14:24:22 | INFO     | Saving at a/skeb/pp_kousei-02ca31.json
2026-09-24 14:24:23 | INFO     | OK https://skeb.jp/api/users/06153NOHI
2026-09-24 14:24:23 | INFO     | Saving at a/skeb/06153NOHI-2f579a.json
2026-09-24 14:24:23 | INFO     | OK https://skeb.jp/api/users/YUNI88jp
2026-09-24 14:24:23 | INFO     | Saving at a/skeb/YUNI88jp-92a2e3.json
2026-09-24 14:24:25 | INFO     | OK https://skeb.jp/api/users/d185w
2026-09-24 14:24:25 | INFO     | Saving at a/skeb/d185w-ed68bf.json
2026-09-24 14:24:26 | INFO     | OK https://skeb.jp/api/users/Octpus_tako
2026-09-24 14:24:26 | INFO     | Saving at a/skeb/Octpus_tako-b67bc6.json
2026-09-24 14:24:27 | INFO     | OK https://skeb.jp/api/users/gomikyun_3
2026-09-24 14:24:27 | INFO     | Saving at a/skeb/gomikyun_3-3427d8.json
2026-09-24 14:24:28 | INFO     | OK https://skeb.jp/api/users/tfv
2026-09-24 14:24:28 | INFO     | Saving at a/skeb/tfv-d5e1d1.json
2026-09-24 14:24:29 | INFO     | OK https://skeb.jp/api/users/hisui_spats
2026-09-24 14:24:29 | INFO     | Saving at a/skeb/hisui_spats-62ab9e.json
2026-09-24 14:24:29 | INFO     | OK https://skeb.jp/api/users/waraku9981
2026-09-24 14:24:29 | INFO     | Saving at a/skeb/waraku9981-385c2b.json
2026-09-24 14:24:31 | INFO     | OK https://skeb.jp/api/users/fujinoto2410
2026-09-24 14:24:31 | INFO     | Saving at a/skeb/fujinoto2410-a839a3.json
2026-09-24 14:24:32 | INFO     | OK https://skeb.jp/api/users/tapioca_cola
2026-09-24 14:24:32 | INFO     | Saving at a/skeb/tapioca_cola-e6c701.json
2026-09-24 14:24:33 | INFO     | OK https://skeb.jp/api/users/a3gameplayer
2026-09-24 14:24:33 | INFO     | Saving at a/skeb/a3gameplayer-828058.json
2026-09-24 14:24:34 | INFO     | OK https://skeb.jp/api/users/inoro_ta
2026-09-24 14:24:34 | INFO     | Saving at a/skeb/inoro_ta-97ff18.json
2026-09-24 14:24:35 | INFO     | OK https://skeb.jp/api/users/44kosame44
2026-09-24 14:24:35 | INFO     | Saving at a/skeb/44kosame44-adcf3b.json
2026-09-24 14:24:36 | INFO     | OK https://skeb.jp/api/users/toshyu92660
2026-09-24 14:24:36 | INFO     | Saving at a/skeb/toshyu92660-fd0434.json
2026-09-24 14:24:37 | INFO     | OK https://skeb.jp/api/users/magimagicalcal
2026-09-24 14:24:37 | INFO     | Saving at a/skeb/magimagicalcal-b84768.json
2026-09-24 14:24:38 | INFO     | OK https://skeb.jp/api/users/kazz8_
2026-09-24 14:24:38 | INFO     | Saving at a/skeb/kazz8_-228f19.json
2026-09-24 14:24:39 | INFO     | OK https://skeb.jp/api/users/kushina13
2026-09-24 14:24:39 | INFO     | Saving at a/skeb/kushina13-28843d.json
2026-09-24 14:24:40 | INFO     | OK https://skeb.jp/api/users/nanatanunyan
2026-09-24 14:24:40 | INFO     | Saving at a/skeb/nanatanunyan-25463c.json
2026-09-24 14:24:41 | INFO     | OK https://skeb.jp/api/users/rakannka
2026-09-24 14:24:41 | INFO     | Saving at a/skeb/rakannka-aef34f.json
2026-09-24 14:24:42 | INFO     | OK https://skeb.jp/api/users/MKMK_915
2026-09-24 14:24:42 | INFO     | Saving at a/skeb/MKMK_915-f57bec.json
2026-09-24 14:24:43 | INFO     | OK https://skeb.jp/api/users/barelybarley615
2026-09-24 14:24:43 | INFO     | Saving at a/skeb/barelybarley615-845033.json
2026-09-24 14:24:44 | INFO     | OK https://skeb.jp/api/users/illust_caguya
2026-09-24 14:24:44 | INFO     | Saving at a/skeb/illust_caguya-969270.json
2026-09-24 14:24:45 | INFO     | OK https://skeb.jp/api/users/yuto_noirm08
2026-09-24 14:24:45 | INFO     | Saving at a/skeb/yuto_noirm08-b721dc.json
2026-09-24 14:24:46 | INFO     | OK https://skeb.jp/api/users/pyonpetach
2026-09-24 14:24:46 | INFO     | Saving at a/skeb/pyonpetach-339e2e.json
2026-09-24 14:24:47 | INFO     | OK https://skeb.jp/api/users/ounotw2
2026-09-24 14:24:47 | INFO     | Saving at a/skeb/ounotw2-c378cf.json
2026-09-24 14:24:48 | INFO     | OK https://skeb.jp/api/users/bumpinthe
2026-09-24 14:24:48 | INFO     | Saving at a/skeb/bumpinthe-6dc455.json
2026-09-24 14:24:49 | INFO     | OK https://skeb.jp/api/users/xxliliumxx
2026-09-24 14:24:49 | INFO     | Saving at a/skeb/xxliliumxx-573e8f.json
2026-09-24 14:24:50 | INFO     | OK https://skeb.jp/api/users/Suuuuuun6_6
2026-09-24 14:24:50 | INFO     | Saving at a/skeb/Suuuuuun6_6-b2607b.json
2026-09-24 14:24:51 | INFO     | OK https://skeb.jp/api/users/act_partner
2026-09-24 14:24:51 | INFO     | Saving at a/skeb/act_partner-fd189e.json
2026-09-24 14:24:52 | INFO     | OK https://skeb.jp/api/users/illustutti
2026-09-24 14:24:52 | INFO     | Saving at a/skeb/illustutti-8f1c4d.json
2026-09-24 14:24:53 | INFO     | OK https://skeb.jp/api/users/mikuchi3939
2026-09-24 14:24:53 | INFO     | Saving at a/skeb/mikuchi3939-44b28b.json
2026-09-24 14:24:54 | INFO     | OK https://skeb.jp/api/users/831too
2026-09-24 14:24:54 | INFO     | Saving at a/skeb/831too-667dcf.json
2026-09-24 14:24:55 | INFO     | OK https://skeb.jp/api/users/sochioo
2026-09-24 14:24:55 | INFO     | Saving at a/skeb/sochioo-ba7d70.json
2026-09-24 14:24:56 | INFO     | OK https://skeb.jp/api/users/Oq6NVIB23r
2026-09-24 14:24:56 | INFO     | Saving at a/skeb/Oq6NVIB23r-97dfda.json
2026-09-24 14:24:57 | INFO     | OK https://skeb.jp/api/users/yu_sukimizaki
2026-09-24 14:24:57 | INFO     | Saving at a/skeb/yu_sukimizaki-8d2171.json
2026-09-24 14:24:58 | INFO     | OK https://skeb.jp/api/users/menmenmennma
2026-09-24 14:24:58 | INFO     | Saving at a/skeb/menmenmennma-feb945.json
2026-09-24 14:24:59 | INFO     | OK https://skeb.jp/api/users/B8coDomu
2026-09-24 14:24:59 | INFO     | Saving at a/skeb/B8coDomu-e2a17d.json
2026-09-24 14:25:00 | INFO     | OK https://skeb.jp/api/users/una_so_
2026-09-24 14:25:00 | INFO     | Saving at a/skeb/una_so_-5b2dc1.json
2026-09-24 14:25:01 | INFO     | OK https://skeb.jp/api/users/wawatiku
2026-09-24 14:25:01 | INFO     | Saving at a/skeb/wawatiku-8a214c.json
2026-09-24 14:25:02 | INFO     | OK https://skeb.jp/api/users/menchi9160
2026-09-24 14:25:02 | INFO     | Saving at a/skeb/menchi9160-9672d7.json
2026-09-24 14:25:03 | INFO     | OK https://skeb.jp/api/users/Aslaslime1214
2026-09-24 14:25:03 | INFO     | Saving at a/skeb/Aslaslime1214-3fcaa1.json
2026-09-24 14:25:04 | INFO     | OK https://skeb.jp/api/users/tuneninemui0826
2026-09-24 14:25:04 | INFO     | Saving at a/skeb/tuneninemui0826-aea2ea.json
2026-09-24 14:25:05 | INFO     | OK https://skeb.jp/api/users/sato310_
2026-09-24 14:25:05 | INFO     | Saving at a/skeb/sato310_-62a797.json
2026-09-24 14:25:06 | INFO     | OK https://skeb.jp/api/users/sa_sgjm
2026-09-24 14:25:06 | INFO     | Saving at a/skeb/sa_sgjm-542df3.json
2026-09-24 14:25:07 | INFO     | OK https://skeb.jp/api/users/pu_sukebe
2026-09-24 14:25:07 | INFO     | Saving at a/skeb/pu_sukebe-ba1991.json
2026-09-24 14:25:08 | INFO     | OK https://skeb.jp/api/users/urotori
2026-09-24 14:25:08 | INFO     | Saving at a/skeb/urotori-5f46e9.json
2026-09-24 14:25:09 | INFO     | OK https://skeb.jp/api/users/umebachiman
2026-09-24 14:25:09 | INFO     | Saving at a/skeb/umebachiman-d8e9e2.json
2026-09-24 14:25:10 | INFO     | OK https://skeb.jp/api/users/TAC_SNS
2026-09-24 14:25:10 | INFO     | Saving at a/skeb/TAC_SNS-ffa381.json
2026-09-24 14:25:11 | INFO     | OK https://skeb.jp/api/users/_sheriri_
2026-09-24 14:25:11 | INFO     | Saving at a/skeb/_sheriri_-1d4f46.json
2026-09-24 14:25:12 | INFO     | OK https://skeb.jp/api/users/T49332592
2026-09-24 14:25:12 | INFO     | Saving at a/skeb/T49332592-fbda37.json
2026-09-24 14:25:13 | INFO     | OK https://skeb.jp/api/users/elettricita
2026-09-24 14:25:13 | INFO     | Saving at a/skeb/elettricita-27c6ba.json
2026-09-24 14:25:14 | INFO     | OK https://skeb.jp/api/users/YN_ak23
2026-09-24 14:25:14 | INFO     | Saving at a/skeb/YN_ak23-a07cb3.json
2026-09-24 14:25:15 | INFO     | OK https://skeb.jp/api/users/RamuneWarabi
2026-09-24 14:25:15 | INFO     | Saving at a/skeb/RamuneWarabi-998bb6.json
2026-09-24 14:25:16 | INFO     | OK https://skeb.jp/api/users/ntk_0427
2026-09-24 14:25:16 | INFO     | Saving at a/skeb/ntk_0427-6eb366.json
2026-09-24 14:25:17 | INFO     | OK https://skeb.jp/api/users/rebasuto102702
2026-09-24 14:25:17 | INFO     | Saving at a/skeb/rebasuto102702-5f425b.json
2026-09-24 14:25:18 | INFO     | OK https://skeb.jp/api/users/ororororo___
2026-09-24 14:25:18 | INFO     | Saving at a/skeb/ororororo___-ed1602.json
2026-09-24 14:25:19 | INFO     | OK https://skeb.jp/api/users/konnyaksankaku
2026-09-24 14:25:19 | INFO     | Saving at a/skeb/konnyaksankaku-e84bed.json
2026-09-24 14:25:20 | INFO     | OK https://skeb.jp/api/users/MARVELFork
2026-09-24 14:25:20 | INFO     | Saving at a/skeb/MARVELFork-4f1cb9.json
2026-09-24 14:25:21 | INFO     | OK https://skeb.jp/api/users/trpg_fuzi
2026-09-24 14:25:21 | INFO     | Saving at a/skeb/trpg_fuzi-f8ba2d.json
2026-09-24 14:25:22 | INFO     | OK https://skeb.jp/api/users/shiroirogoohann
2026-09-24 14:25:22 | INFO     | Saving at a/skeb/shiroirogoohann-1c6362.json
2026-09-24 14:25:23 | INFO     | OK https://skeb.jp/api/users/situkwiyd
2026-09-24 14:25:23 | INFO     | Saving at a/skeb/situkwiyd-c99e37.json
2026-09-24 14:25:24 | INFO     | OK https://skeb.jp/api/users/Chigiripan242
2026-09-24 14:25:24 | INFO     | Saving at a/skeb/Chigiripan242-5edb0c.json
2026-09-24 14:25:25 | INFO     | OK https://skeb.jp/api/users/usisi153
2026-09-24 14:25:25 | INFO     | Saving at a/skeb/usisi153-9b1043.json
2026-09-24 14:25:26 | INFO     | OK https://skeb.jp/api/users/39_taro0
2026-09-24 14:25:26 | INFO     | Saving at a/skeb/39_taro0-1d7384.json
2026-09-24 14:25:27 | INFO     | OK https://skeb.jp/api/users/Nadafui0
2026-09-24 14:25:27 | INFO     | Saving at a/skeb/Nadafui0-892492.json
2026-09-24 14:25:28 | INFO     | OK https://skeb.jp/api/users/Univxcig
2026-09-24 14:25:28 | INFO     | Saving at a/skeb/Univxcig-e2a7db.json
2026-09-24 14:25:29 | INFO     | OK https://skeb.jp/api/users/hino_evening
2026-09-24 14:25:29 | INFO     | Saving at a/skeb/hino_evening-902826.json
2026-09-24 14:25:30 | INFO     | OK https://skeb.jp/api/users/imokenpi_trpg
2026-09-24 14:25:30 | INFO     | Saving at a/skeb/imokenpi_trpg-48e287.json
2026-09-24 14:25:31 | INFO     | OK https://skeb.jp/api/users/eternal_PUWAWA
2026-09-24 14:25:31 | INFO     | Saving at a/skeb/eternal_PUWAWA-a98d4e.json
2026-09-24 14:25:32 | INFO     | OK https://skeb.jp/api/users/PRNnomati
2026-09-24 14:25:32 | INFO     | Saving at a/skeb/PRNnomati-448cf5.json
2026-09-24 14:25:33 | INFO     | OK https://skeb.jp/api/users/Uo_oUrrrrr_
2026-09-24 14:25:33 | INFO     | Saving at a/skeb/Uo_oUrrrrr_-de7fe4.json
2026-09-24 14:25:34 | INFO     | OK https://skeb.jp/api/users/Baji_Pic
2026-09-24 14:25:34 | INFO     | Saving at a/skeb/Baji_Pic-420bf5.json
2026-09-24 14:25:35 | INFO     | OK https://skeb.jp/api/users/rot_610
2026-09-24 14:25:35 | INFO     | Saving at a/skeb/rot_610-6b2f8f.json
2026-09-24 14:25:36 | INFO     | OK https://skeb.jp/api/users/Heo_taT3DR
2026-09-24 14:25:36 | INFO     | Saving at a/skeb/Heo_taT3DR-752411.json
2026-09-24 14:25:37 | INFO     | OK https://skeb.jp/api/users/HATURO_itmn104
2026-09-24 14:25:37 | INFO     | Saving at a/skeb/HATURO_itmn104-0da353.json
2026-09-24 14:25:38 | INFO     | OK https://skeb.jp/api/users/SabiGarami
2026-09-24 14:25:38 | INFO     | Saving at a/skeb/SabiGarami-9cc051.json
2026-09-24 14:25:39 | INFO     | OK https://skeb.jp/api/users/mano1341
2026-09-24 14:25:39 | INFO     | Saving at a/skeb/mano1341-fc44cc.json
2026-09-24 14:25:40 | INFO     | OK https://skeb.jp/api/users/zooonzoonzon
2026-09-24 14:25:40 | INFO     | Saving at a/skeb/zooonzoonzon-141833.json
2026-09-24 14:25:41 | INFO     | OK https://skeb.jp/api/users/encha_00
2026-09-24 14:25:41 | INFO     | Saving at a/skeb/encha_00-3a34c6.json
2026-09-24 14:25:42 | INFO     | OK https://skeb.jp/api/users/hp__001
2026-09-24 14:25:42 | INFO     | Saving at a/skeb/hp__001-3e3293.json
2026-09-24 14:25:43 | INFO     | OK https://skeb.jp/api/users/kokona__miko
2026-09-24 14:25:43 | INFO     | Saving at a/skeb/kokona__miko-69282b.json
2026-09-24 14:25:44 | INFO     | OK https://skeb.jp/api/users/motimothi_bbw
2026-09-24 14:25:44 | INFO     | Saving at a/skeb/motimothi_bbw-9f1b35.json
2026-09-24 14:25:45 | INFO     | OK https://skeb.jp/api/users/RmlMDfzEagZKLOH
2026-09-24 14:25:45 | INFO     | Saving at a/skeb/RmlMDfzEagZKLOH-0a6275.json
2026-09-24 14:25:46 | INFO     | OK https://skeb.jp/api/users/waffleillust
2026-09-24 14:25:46 | INFO     | Saving at a/skeb/waffleillust-55d02c.json
2026-09-24 14:25:47 | INFO     | OK https://skeb.jp/api/users/Nassukun
2026-09-24 14:25:47 | INFO     | Saving at a/skeb/Nassukun-eed9ec.json
2026-09-24 14:25:48 | INFO     | OK https://skeb.jp/api/users/yamabikomurada
2026-09-24 14:25:48 | INFO     | Saving at a/skeb/yamabikomurada-3cf07d.json
2026-09-24 14:25:49 | INFO     | OK https://skeb.jp/api/users/nanowjib
2026-09-24 14:25:49 | INFO     | Saving at a/skeb/nanowjib-eb0548.json
2026-09-24 14:25:50 | INFO     | OK https://skeb.jp/api/users/taruta_iru
2026-09-24 14:25:50 | INFO     | Saving at a/skeb/taruta_iru-f4e8d2.json
2026-09-24 14:25:51 | INFO     | OK https://skeb.jp/api/users/Togame_Uto
2026-09-24 14:25:51 | INFO     | Saving at a/skeb/Togame_Uto-984031.json
2026-09-24 14:25:52 | INFO     | OK https://skeb.jp/api/users/melvi0_
2026-09-24 14:25:52 | INFO     | Saving at a/skeb/melvi0_-3912fe.json
2026-09-24 14:25:53 | INFO     | OK https://skeb.jp/api/users/gobou_ozouni
2026-09-24 14:25:53 | INFO     | Saving at a/skeb/gobou_ozouni-3950f3.json
2026-09-24 14:25:54 | INFO     | OK https://skeb.jp/api/users/kariumeeee
2026-09-24 14:25:54 | INFO     | Saving at a/skeb/kariumeeee-252049.json
2026-09-24 14:25:55 | INFO     | OK https://skeb.jp/api/users/hotatube_nya
2026-09-24 14:25:55 | INFO     | Saving at a/skeb/hotatube_nya-f486f8.json
2026-09-24 14:25:56 | INFO     | OK https://skeb.jp/api/users/ryota1302
2026-09-24 14:25:56 | INFO     | Saving at a/skeb/ryota1302-b16db4.json
2026-09-24 14:25:57 | INFO     | OK https://skeb.jp/api/users/_966_Kururuchan
2026-09-24 14:25:57 | INFO     | Saving at a/skeb/_966_Kururuchan-534198.json
2026-09-24 14:25:58 | INFO     | OK https://skeb.jp/api/users/tokeruwakusei
2026-09-24 14:25:58 | INFO     | Saving at a/skeb/tokeruwakusei-da8076.json
2026-09-24 14:25:59 | INFO     | OK https://skeb.jp/api/users/MU_OMUU
2026-09-24 14:25:59 | INFO     | Saving at a/skeb/MU_OMUU-653c0b.json
2026-09-24 14:26:00 | INFO     | OK https://skeb.jp/api/users/NocturnumMapo
2026-09-24 14:26:00 | INFO     | Saving at a/skeb/NocturnumMapo-cf4670.json
2026-09-24 14:26:01 | INFO     | OK https://skeb.jp/api/users/3710nezumi
2026-09-24 14:26:01 | INFO     | Saving at a/skeb/3710nezumi-d30ce4.json
2026-09-24 14:26:02 | INFO     | OK https://skeb.jp/api/users/ikou_56
2026-09-24 14:26:02 | INFO     | Saving at a/skeb/ikou_56-8a6a3e.json
2026-09-24 14:26:03 | INFO     | OK https://skeb.jp/api/users/TRAND68629720
2026-09-24 14:26:03 | INFO     | Saving at a/skeb/TRAND68629720-72b1da.json
2026-09-24 14:26:04 | INFO     | OK https://skeb.jp/api/users/ochatoissho
2026-09-24 14:26:04 | INFO     | Saving at a/skeb/ochatoissho-4c7cdb.json
2026-09-24 14:26:05 | INFO     | OK https://skeb.jp/api/users/tu_tuta_tu
2026-09-24 14:26:05 | INFO     | Saving at a/skeb/tu_tuta_tu-66d923.json
2026-09-24 14:26:06 | INFO     | OK https://skeb.jp/api/users/shibire_ana
2026-09-24 14:26:06 | INFO     | Saving at a/skeb/shibire_ana-15a219.json
2026-09-24 14:26:07 | INFO     | OK https://skeb.jp/api/users/s666XOXX
2026-09-24 14:26:07 | INFO     | Saving at a/skeb/s666XOXX-07643c.json
2026-09-24 14:26:08 | INFO     | OK https://skeb.jp/api/users/babu_2_
2026-09-24 14:26:08 | INFO     | Saving at a/skeb/babu_2_-a9f464.json
2026-09-24 14:26:09 | INFO     | OK https://skeb.jp/api/users/Hideout
2026-09-24 14:26:09 | INFO     | Saving at a/skeb/Hideout-c96b5d.json
2026-09-24 14:26:10 | INFO     | OK https://skeb.jp/api/users/Firecracker0147
2026-09-24 14:26:10 | INFO     | Saving at a/skeb/Firecracker0147-b01b2e.json
2026-09-24 14:26:11 | INFO     | OK https://skeb.jp/api/users/yokuto_h2
2026-09-24 14:26:11 | INFO     | Saving at a/skeb/yokuto_h2-3b96c4.json
2026-09-24 14:26:12 | INFO     | OK https://skeb.jp/api/users/nyanno3110
2026-09-24 14:26:12 | INFO     | Saving at a/skeb/nyanno3110-9e36aa.json
2026-09-24 14:26:13 | INFO     | OK https://skeb.jp/api/users/otonarisan_e
2026-09-24 14:26:13 | INFO     | Saving at a/skeb/otonarisan_e-eb2174.json
2026-09-24 14:26:14 | INFO     | OK https://skeb.jp/api/users/Zr6Ov
2026-09-24 14:26:14 | INFO     | Saving at a/skeb/Zr6Ov-aa7ea3.json
2026-09-24 14:26:15 | INFO     | OK https://skeb.jp/api/users/coupling_maker
2026-09-24 14:26:15 | INFO     | Saving at a/skeb/coupling_maker-f949c5.json
2026-09-24 14:26:16 | INFO     | OK https://skeb.jp/api/users/SgrkTr_tk4
2026-09-24 14:26:16 | INFO     | Saving at a/skeb/SgrkTr_tk4-8dbf8b.json
2026-09-24 14:26:17 | INFO     | OK https://skeb.jp/api/users/Hina_Yukitsuba
2026-09-24 14:26:17 | INFO     | Saving at a/skeb/Hina_Yukitsuba-1db5c6.json
2026-09-24 14:26:18 | INFO     | OK https://skeb.jp/api/users/szkillust
2026-09-24 14:26:18 | INFO     | Saving at a/skeb/szkillust-6eb39b.json
2026-09-24 14:26:19 | INFO     | OK https://skeb.jp/api/users/mgmgpchan
2026-09-24 14:26:19 | INFO     | Saving at a/skeb/mgmgpchan-32b65c.json
2026-09-24 14:26:20 | INFO     | OK https://skeb.jp/api/users/miturume_ko
2026-09-24 14:26:20 | INFO     | Saving at a/skeb/miturume_ko-e65d24.json
2026-09-24 14:26:21 | INFO     | OK https://skeb.jp/api/users/roron_net_art
2026-09-24 14:26:21 | INFO     | Saving at a/skeb/roron_net_art-0fb77b.json
2026-09-24 14:26:22 | INFO     | OK https://skeb.jp/api/users/Qnoo99
2026-09-24 14:26:22 | INFO     | Saving at a/skeb/Qnoo99-835f98.json
2026-09-24 14:26:23 | INFO     | OK https://skeb.jp/api/users/kaminemu_
2026-09-24 14:26:23 | INFO     | Saving at a/skeb/kaminemu_-a936ca.json
2026-09-24 14:26:24 | INFO     | OK https://skeb.jp/api/users/hijokinkosi
2026-09-24 14:26:24 | INFO     | Saving at a/skeb/hijokinkosi-cba034.json
2026-09-24 14:26:25 | INFO     | OK https://skeb.jp/api/users/amazake_horida_
2026-09-24 14:26:25 | INFO     | Saving at a/skeb/amazake_horida_-efb998.json
2026-09-24 14:26:26 | INFO     | OK https://skeb.jp/api/users/afenvao
2026-09-24 14:26:26 | INFO     | Saving at a/skeb/afenvao-e9c93d.json
2026-09-24 14:26:27 | INFO     | OK https://skeb.jp/api/users/30__30_
2026-09-24 14:26:27 | INFO     | Saving at a/skeb/30__30_-db024d.json
2026-09-24 14:26:28 | INFO     | OK https://skeb.jp/api/users/funuke_illust
2026-09-24 14:26:28 | INFO     | Saving at a/skeb/funuke_illust-19f117.json
2026-09-24 14:26:29 | INFO     | OK https://skeb.jp/api/users/labretori
2026-09-24 14:26:29 | INFO     | Saving at a/skeb/labretori-c54046.json
2026-09-24 14:26:30 | INFO     | OK https://skeb.jp/api/users/mere396mere
2026-09-24 14:26:30 | INFO     | Saving at a/skeb/mere396mere-cb7a05.json
2026-09-24 14:26:31 | INFO     | OK https://skeb.jp/api/users/hin_jampan
2026-09-24 14:26:31 | INFO     | Saving at a/skeb/hin_jampan-ffd4f1.json
2026-09-24 14:26:32 | INFO     | OK https://skeb.jp/api/users/una_chanko
2026-09-24 14:26:32 | INFO     | Saving at a/skeb/una_chanko-b07460.json
2026-09-24 14:26:33 | INFO     | OK https://skeb.jp/api/users/nayu_tao
2026-09-24 14:26:33 | INFO     | Saving at a/skeb/nayu_tao-9ad27e.json
2026-09-24 14:26:34 | INFO     | OK https://skeb.jp/api/users/natsunohiori
2026-09-24 14:26:34 | INFO     | Saving at a/skeb/natsunohiori-7e6036.json
2026-09-24 14:26:35 | INFO     | OK https://skeb.jp/api/users/mu_005555
2026-09-24 14:26:35 | INFO     | Saving at a/skeb/mu_005555-86188e.json
2026-09-24 14:26:36 | INFO     | OK https://skeb.jp/api/users/upa_kurahasi
2026-09-24 14:26:36 | INFO     | Saving at a/skeb/upa_kurahasi-8584ad.json
2026-09-24 14:26:37 | INFO     | OK https://skeb.jp/api/users/r51633060
2026-09-24 14:26:37 | INFO     | Saving at a/skeb/r51633060-1bd1ea.json
2026-09-24 14:26:38 | INFO     | OK https://skeb.jp/api/users/euneien
2026-09-24 14:26:38 | INFO     | Saving at a/skeb/euneien-ecbc6d.json
2026-09-24 14:26:39 | INFO     | OK https://skeb.jp/api/users/sushiumasugiwww
2026-09-24 14:26:39 | INFO     | Saving at a/skeb/sushiumasugiwww-d5eee2.json
2026-09-24 14:26:40 | INFO     | OK https://skeb.jp/api/users/une__x
2026-09-24 14:26:40 | INFO     | Saving at a/skeb/une__x-65d869.json
2026-09-24 14:26:41 | INFO     | OK https://skeb.jp/api/users/Nanakokostay
2026-09-24 14:26:41 | INFO     | Saving at a/skeb/Nanakokostay-0ae2e7.json
2026-09-24 14:26:42 | INFO     | OK https://skeb.jp/api/users/Nicole1357000
2026-09-24 14:26:42 | INFO     | Saving at a/skeb/Nicole1357000-ad4e14.json
2026-09-24 14:26:43 | INFO     | OK https://skeb.jp/api/users/broiler_u
2026-09-24 14:26:43 | INFO     | Saving at a/skeb/broiler_u-100311.json
2026-09-24 14:26:44 | INFO     | OK https://skeb.jp/api/users/reshiasub
2026-09-24 14:26:44 | INFO     | Saving at a/skeb/reshiasub-1680d8.json
2026-09-24 14:26:45 | INFO     | OK https://skeb.jp/api/users/kanna_na_trpg
2026-09-24 14:26:45 | INFO     | Saving at a/skeb/kanna_na_trpg-660a63.json
2026-09-24 14:26:46 | INFO     | OK https://skeb.jp/api/users/yu_wo_
2026-09-24 14:26:46 | INFO     | Saving at a/skeb/yu_wo_-027209.json
2026-09-24 14:26:47 | INFO     | OK https://skeb.jp/api/users/gunbata_st
2026-09-24 14:26:47 | INFO     | Saving at a/skeb/gunbata_st-8ec05d.json
2026-09-24 14:26:48 | INFO     | OK https://skeb.jp/api/users/tkimnh
2026-09-24 14:26:48 | INFO     | Saving at a/skeb/tkimnh-2ae3f3.json
2026-09-24 14:26:49 | INFO     | OK https://skeb.jp/api/users/xjsbca
2026-09-24 14:26:49 | INFO     | Saving at a/skeb/xjsbca-0f57d5.json
2026-09-24 14:26:50 | INFO     | OK https://skeb.jp/api/users/JuiceboxPixel
2026-09-24 14:26:50 | INFO     | Saving at a/skeb/JuiceboxPixel-5ea0a1.json
2026-09-24 14:26:51 | INFO     | OK https://skeb.jp/api/users/nyo_6
2026-09-24 14:26:51 | INFO     | Saving at a/skeb/nyo_6-eb2b23.json
2026-09-24 14:26:52 | INFO     | OK https://skeb.jp/api/users/uli0813
2026-09-24 14:26:52 | INFO     | Saving at a/skeb/uli0813-e09548.json
2026-09-24 14:26:53 | INFO     | OK https://skeb.jp/api/users/ie2828
2026-09-24 14:26:53 | INFO     | Saving at a/skeb/ie2828-4be0b1.json
2026-09-24 14:26:54 | INFO     | OK https://skeb.jp/api/users/OBORO_dqp
2026-09-24 14:26:54 | INFO     | Saving at a/skeb/OBORO_dqp-043fc2.json
2026-09-24 14:26:55 | INFO     | OK https://skeb.jp/api/users/ff_grn
2026-09-24 14:26:55 | INFO     | Saving at a/skeb/ff_grn-bf27b0.json
2026-09-24 14:26:56 | INFO     | OK https://skeb.jp/api/users/mariheeiho
2026-09-24 14:26:56 | INFO     | Saving at a/skeb/mariheeiho-311310.json
2026-09-24 14:26:57 | INFO     | OK https://skeb.jp/api/users/awa_ben_0521
2026-09-24 14:26:57 | INFO     | Saving at a/skeb/awa_ben_0521-a80dc6.json
2026-09-24 14:26:59 | INFO     | OK https://skeb.jp/api/users/nan_box
2026-09-24 14:26:59 | INFO     | Saving at a/skeb/nan_box-079397.json
2026-09-24 14:26:59 | INFO     | OK https://skeb.jp/api/users/QQjnr
2026-09-24 14:26:59 | INFO     | Saving at a/skeb/QQjnr-e3c763.json
2026-09-24 14:27:00 | INFO     | OK https://skeb.jp/api/users/__1nari_
2026-09-24 14:27:00 | INFO     | Saving at a/skeb/__1nari_-02899e.json
2026-09-24 14:27:01 | INFO     | OK https://skeb.jp/api/users/wazukanizinaida
2026-09-24 14:27:01 | INFO     | Saving at a/skeb/wazukanizinaida-32f325.json
2026-09-24 14:27:02 | INFO     | OK https://skeb.jp/api/users/cosmos_mrst
2026-09-24 14:27:02 | INFO     | Saving at a/skeb/cosmos_mrst-63acf6.json
2026-09-24 14:27:03 | INFO     | OK https://skeb.jp/api/users/Lips_Creator777
2026-09-24 14:27:03 | INFO     | Saving at a/skeb/Lips_Creator777-8b5983.json
2026-09-24 14:27:04 | INFO     | OK https://skeb.jp/api/users/yoitatoh
2026-09-24 14:27:04 | INFO     | Saving at a/skeb/yoitatoh-0c2fbf.json
2026-09-24 14:27:05 | INFO     | OK https://skeb.jp/api/users/mrfreeze_estoid
2026-09-24 14:27:05 | INFO     | Saving at a/skeb/mrfreeze_estoid-a5b64d.json
2026-09-24 14:27:06 | INFO     | OK https://skeb.jp/api/users/kurowana
2026-09-24 14:27:06 | INFO     | Saving at a/skeb/kurowana-6f86d4.json
2026-09-24 14:27:07 | INFO     | OK https://skeb.jp/api/users/Musu1215
2026-09-24 14:27:07 | INFO     | Saving at a/skeb/Musu1215-901dcd.json
2026-09-24 14:27:08 | INFO     | OK https://skeb.jp/api/users/RoA_kyabetu
2026-09-24 14:27:08 | INFO     | Saving at a/skeb/RoA_kyabetu-5ee2a8.json
2026-09-24 14:27:09 | INFO     | OK https://skeb.jp/api/users/TAIRYU429761
2026-09-24 14:27:09 | INFO     | Saving at a/skeb/TAIRYU429761-2bbbf3.json
2026-09-24 14:27:10 | INFO     | OK https://skeb.jp/api/users/tayuta_koa
2026-09-24 14:27:10 | INFO     | Saving at a/skeb/tayuta_koa-127a2d.json
2026-09-24 14:27:11 | INFO     | OK https://skeb.jp/api/users/Teru_Cats
2026-09-24 14:27:11 | INFO     | Saving at a/skeb/Teru_Cats-cf4590.json
2026-09-24 14:27:12 | INFO     | OK https://skeb.jp/api/users/chibineco_m
2026-09-24 14:27:12 | INFO     | Saving at a/skeb/chibineco_m-b3e145.json
2026-09-24 14:27:13 | INFO     | OK https://skeb.jp/api/users/nekoyuu001
2026-09-24 14:27:13 | INFO     | Saving at a/skeb/nekoyuu001-2a6931.json
2026-09-24 14:27:14 | INFO     | OK https://skeb.jp/api/users/karaguren
2026-09-24 14:27:14 | INFO     | Saving at a/skeb/karaguren-10d70d.json
2026-09-24 14:27:15 | INFO     | OK https://skeb.jp/api/users/tayatayarice
2026-09-24 14:27:15 | INFO     | Saving at a/skeb/tayatayarice-d2adc5.json
2026-09-24 14:27:16 | INFO     | OK https://skeb.jp/api/users/ywyw_MNTL
2026-09-24 14:27:16 | INFO     | Saving at a/skeb/ywyw_MNTL-44a8e3.json
2026-09-24 14:27:17 | INFO     | OK https://skeb.jp/api/users/nighttsound
2026-09-24 14:27:17 | INFO     | Saving at a/skeb/nighttsound-658e4b.json
2026-09-24 14:27:18 | INFO     | OK https://skeb.jp/api/users/91d4_00
2026-09-24 14:27:18 | INFO     | Saving at a/skeb/91d4_00-6cbf8b.json
2026-09-24 14:27:19 | INFO     | OK https://skeb.jp/api/users/OUBAI0159
2026-09-24 14:27:19 | INFO     | Saving at a/skeb/OUBAI0159-461e1b.json
2026-09-24 14:27:20 | INFO     | OK https://skeb.jp/api/users/SatoImozou
2026-09-24 14:27:20 | INFO     | Saving at a/skeb/SatoImozou-77140a.json
2026-09-24 14:27:21 | INFO     | OK https://skeb.jp/api/users/aodoodle1
2026-09-24 14:27:21 | INFO     | Saving at a/skeb/aodoodle1-064625.json
2026-09-24 14:27:22 | INFO     | OK https://skeb.jp/api/users/hairogray
2026-09-24 14:27:22 | INFO     | Saving at a/skeb/hairogray-10d1ba.json
2026-09-24 14:27:23 | INFO     | OK https://skeb.jp/api/users/putito957
2026-09-24 14:27:23 | INFO     | Saving at a/skeb/putito957-c8bde9.json
2026-09-24 14:27:24 | INFO     | OK https://skeb.jp/api/users/sikimosh
2026-09-24 14:27:24 | INFO     | Saving at a/skeb/sikimosh-be52a6.json
2026-09-24 14:27:25 | INFO     | OK https://skeb.jp/api/users/y4mak1h4j1me
2026-09-24 14:27:25 | INFO     | Saving at a/skeb/y4mak1h4j1me-6af42c.json
2026-09-24 14:27:26 | INFO     | OK https://skeb.jp/api/users/ryu_insect
2026-09-24 14:27:26 | INFO     | Saving at a/skeb/ryu_insect-966d5c.json
2026-09-24 14:27:27 | INFO     | OK https://skeb.jp/api/users/zumomoco
2026-09-24 14:27:27 | INFO     | Saving at a/skeb/zumomoco-6bddb4.json
2026-09-24 14:27:28 | INFO     | OK https://skeb.jp/api/users/chaduke_202
2026-09-24 14:27:28 | INFO     | Saving at a/skeb/chaduke_202-a16091.json
2026-09-24 14:27:29 | INFO     | OK https://skeb.jp/api/users/bajitohfu
2026-09-24 14:27:29 | INFO     | Saving at a/skeb/bajitohfu-2273a8.json
2026-09-24 14:27:30 | INFO     | OK https://skeb.jp/api/users/ucinyo
2026-09-24 14:27:30 | INFO     | Saving at a/skeb/ucinyo-88a8eb.json
2026-09-24 14:27:31 | INFO     | OK https://skeb.jp/api/users/l_suc
2026-09-24 14:27:31 | INFO     | Saving at a/skeb/l_suc-cf1c15.json
2026-09-24 14:27:32 | INFO     | OK https://skeb.jp/api/users/wrg4_
2026-09-24 14:27:32 | INFO     | Saving at a/skeb/wrg4_-9a29a2.json
2026-09-24 14:27:33 | INFO     | OK https://skeb.jp/api/users/syunktyusa
2026-09-24 14:27:33 | INFO     | Saving at a/skeb/syunktyusa-87cbf4.json
2026-09-24 14:27:34 | INFO     | OK https://skeb.jp/api/users/harumejiro_
2026-09-24 14:27:34 | INFO     | Saving at a/skeb/harumejiro_-e09f5e.json
2026-09-24 14:27:35 | INFO     | OK https://skeb.jp/api/users/victrygod
2026-09-24 14:27:35 | INFO     | Saving at a/skeb/victrygod-65e4d7.json
2026-09-24 14:27:36 | INFO     | OK https://skeb.jp/api/users/murabitoufu
2026-09-24 14:27:36 | INFO     | Saving at a/skeb/murabitoufu-2ea5bb.json
2026-09-24 14:27:37 | INFO     | OK https://skeb.jp/api/users/40Nix
2026-09-24 14:27:37 | INFO     | Saving at a/skeb/40Nix-817a56.json
2026-09-24 14:27:38 | INFO     | OK https://skeb.jp/api/users/ug_110
2026-09-24 14:27:38 | INFO     | Saving at a/skeb/ug_110-82bb10.json
2026-09-24 14:27:39 | INFO     | OK https://skeb.jp/api/users/sorauta_p
2026-09-24 14:27:39 | INFO     | Saving at a/skeb/sorauta_p-b74ae5.json
2026-09-24 14:27:40 | INFO     | OK https://skeb.jp/api/users/Kenkou77
2026-09-24 14:27:40 | INFO     | Saving at a/skeb/Kenkou77-42b484.json
2026-09-24 14:27:41 | INFO     | OK https://skeb.jp/api/users/NATAKO478
2026-09-24 14:27:41 | INFO     | Saving at a/skeb/NATAKO478-815892.json
2026-09-24 14:27:42 | INFO     | OK https://skeb.jp/api/users/hamuyu_
2026-09-24 14:27:42 | INFO     | Saving at a/skeb/hamuyu_-436a75.json
2026-09-24 14:27:43 | INFO     | OK https://skeb.jp/api/users/oji25_
2026-09-24 14:27:43 | INFO     | Saving at a/skeb/oji25_-ab149a.json
2026-09-24 14:27:44 | INFO     | OK https://skeb.jp/api/users/CARMi11LA
2026-09-24 14:27:44 | INFO     | Saving at a/skeb/CARMi11LA-eb027e.json
2026-09-24 14:27:45 | INFO     | OK https://skeb.jp/api/users/Mac3taro
2026-09-24 14:27:45 | INFO     | Saving at a/skeb/Mac3taro-4ee24b.json
2026-09-24 14:27:46 | INFO     | OK https://skeb.jp/api/users/suzu_238
2026-09-24 14:27:46 | INFO     | Saving at a/skeb/suzu_238-a81527.json
2026-09-24 14:27:47 | INFO     | OK https://skeb.jp/api/users/hogara_18
2026-09-24 14:27:47 | INFO     | Saving at a/skeb/hogara_18-398c4b.json
2026-09-24 14:27:48 | INFO     | OK https://skeb.jp/api/users/kyoyoyo
2026-09-24 14:27:48 | INFO     | Saving at a/skeb/kyoyoyo-2aa415.json
2026-09-24 14:27:49 | INFO     | OK https://skeb.jp/api/users/mihira_sanpei
2026-09-24 14:27:49 | INFO     | Saving at a/skeb/mihira_sanpei-ab7ab5.json
2026-09-24 14:27:50 | INFO     | OK https://skeb.jp/api/users/echi_echi_tk
2026-09-24 14:27:50 | INFO     | Saving at a/skeb/echi_echi_tk-a6c83d.json
2026-09-24 14:27:51 | INFO     | OK https://skeb.jp/api/users/kemono250106
2026-09-24 14:27:51 | INFO     | Saving at a/skeb/kemono250106-e83c2c.json
2026-09-24 14:27:52 | INFO     | OK https://skeb.jp/api/users/lattefloat__
2026-09-24 14:27:52 | INFO     | Saving at a/skeb/lattefloat__-11cad7.json
2026-09-24 14:27:53 | INFO     | OK https://skeb.jp/api/users/vae_c
2026-09-24 14:27:53 | INFO     | Saving at a/skeb/vae_c-004fe0.json
2026-09-24 14:27:54 | INFO     | OK https://skeb.jp/api/users/ra___mntbti
2026-09-24 14:27:54 | INFO     | Saving at a/skeb/ra___mntbti-2620b2.json
2026-09-24 14:27:55 | INFO     | OK https://skeb.jp/api/users/takakuke1
2026-09-24 14:27:55 | INFO     | Saving at a/skeb/takakuke1-de9f74.json
2026-09-24 14:27:56 | INFO     | OK https://skeb.jp/api/users/aapVTOfTbk1ZA4t
2026-09-24 14:27:56 | INFO     | Saving at a/skeb/aapVTOfTbk1ZA4t-5de767.json
2026-09-24 14:27:57 | INFO     | OK https://skeb.jp/api/users/angarlicmgmt
2026-09-24 14:27:57 | INFO     | Saving at a/skeb/angarlicmgmt-94e32b.json
2026-09-24 14:27:58 | INFO     | OK https://skeb.jp/api/users/hihiirokane_m
2026-09-24 14:27:58 | INFO     | Saving at a/skeb/hihiirokane_m-0d5091.json
2026-09-24 14:27:59 | INFO     | OK https://skeb.jp/api/users/MamehukuAzuki
2026-09-24 14:27:59 | INFO     | Saving at a/skeb/MamehukuAzuki-999c82.json
2026-09-24 14:28:00 | INFO     | OK https://skeb.jp/api/users/byden_i3
2026-09-24 14:28:00 | INFO     | Saving at a/skeb/byden_i3-29ac84.json
2026-09-24 14:28:01 | INFO     | OK https://skeb.jp/api/users/saimo_imoimo
2026-09-24 14:28:01 | INFO     | Saving at a/skeb/saimo_imoimo-4ab873.json
2026-09-24 14:28:02 | INFO     | OK https://skeb.jp/api/users/Masyumarob00r
2026-09-24 14:28:02 | INFO     | Saving at a/skeb/Masyumarob00r-efcd00.json
2026-09-24 14:28:03 | INFO     | OK https://skeb.jp/api/users/hiyameri_
2026-09-24 14:28:03 | INFO     | Saving at a/skeb/hiyameri_-21f25e.json
2026-09-24 14:28:04 | INFO     | OK https://skeb.jp/api/users/koikawa_orn
2026-09-24 14:28:04 | INFO     | Saving at a/skeb/koikawa_orn-7eb338.json
2026-09-24 14:28:05 | INFO     | OK https://skeb.jp/api/users/1k4_q
2026-09-24 14:28:05 | INFO     | Saving at a/skeb/1k4_q-61450a.json
2026-09-24 14:28:06 | INFO     | OK https://skeb.jp/api/users/cyanotype174239
2026-09-24 14:28:06 | INFO     | Saving at a/skeb/cyanotype174239-8cca1f.json
2026-09-24 14:28:07 | INFO     | OK https://skeb.jp/api/users/137nasu
2026-09-24 14:28:07 | INFO     | Saving at a/skeb/137nasu-8e322a.json
2026-09-24 14:28:08 | INFO     | OK https://skeb.jp/api/users/ari_ori
2026-09-24 14:28:08 | INFO     | Saving at a/skeb/ari_ori-fb4d1d.json
2026-09-24 14:28:09 | INFO     | OK https://skeb.jp/api/users/ll___oZ
2026-09-24 14:28:09 | INFO     | Saving at a/skeb/ll___oZ-dbe88c.json
2026-09-24 14:28:10 | INFO     | OK https://skeb.jp/api/users/rahato190
2026-09-24 14:28:10 | INFO     | Saving at a/skeb/rahato190-bc3287.json
2026-09-24 14:28:11 | INFO     | OK https://skeb.jp/api/users/5gN8i4hKux58193
2026-09-24 14:28:11 | INFO     | Saving at a/skeb/5gN8i4hKux58193-780c47.json
2026-09-24 14:28:12 | INFO     | OK https://skeb.jp/api/users/cobacci_oekaki
2026-09-24 14:28:12 | INFO     | Saving at a/skeb/cobacci_oekaki-026ce2.json
2026-09-24 14:28:13 | INFO     | OK https://skeb.jp/api/users/Rofta_55
2026-09-24 14:28:13 | INFO     | Saving at a/skeb/Rofta_55-a1e878.json
2026-09-24 14:28:14 | INFO     | OK https://skeb.jp/api/users/ame_akira00
2026-09-24 14:28:14 | INFO     | Saving at a/skeb/ame_akira00-b7458d.json
2026-09-24 14:28:15 | INFO     | OK https://skeb.jp/api/users/ADDANOM
2026-09-24 14:28:15 | INFO     | Saving at a/skeb/ADDANOM-eef05c.json
2026-09-24 14:28:16 | INFO     | OK https://skeb.jp/api/users/san37
2026-09-24 14:28:16 | INFO     | Saving at a/skeb/san37-6cd875.json
2026-09-24 14:28:17 | INFO     | OK https://skeb.jp/api/users/tenterra_107
2026-09-24 14:28:17 | INFO     | Saving at a/skeb/tenterra_107-bcd72b.json
2026-09-24 14:28:18 | INFO     | OK https://skeb.jp/api/users/dermar_gg
2026-09-24 14:28:18 | INFO     | Saving at a/skeb/dermar_gg-93649d.json
2026-09-24 14:28:19 | INFO     | OK https://skeb.jp/api/users/kotobaayato_1
2026-09-24 14:28:19 | INFO     | Saving at a/skeb/kotobaayato_1-af4da0.json
2026-09-24 14:28:20 | INFO     | OK https://skeb.jp/api/users/bakusaiDX
2026-09-24 14:28:20 | INFO     | Saving at a/skeb/bakusaiDX-40f178.json
2026-09-24 14:28:21 | INFO     | OK https://skeb.jp/api/users/fufumifumifumi
2026-09-24 14:28:21 | INFO     | Saving at a/skeb/fufumifumifumi-8fe15f.json
2026-09-24 14:28:22 | INFO     | OK https://skeb.jp/api/users/toluol_0925
2026-09-24 14:28:22 | INFO     | Saving at a/skeb/toluol_0925-6c53cc.json
2026-09-24 14:28:23 | INFO     | OK https://skeb.jp/api/users/gumorijinaru
2026-09-24 14:28:23 | INFO     | Saving at a/skeb/gumorijinaru-ca00ab.json
2026-09-24 14:28:24 | INFO     | OK https://skeb.jp/api/users/abunakatta_
2026-09-24 14:28:24 | INFO     | Saving at a/skeb/abunakatta_-a8ffb1.json
2026-09-24 14:28:25 | INFO     | OK https://skeb.jp/api/users/ponkotsu_pencil
2026-09-24 14:28:25 | INFO     | Saving at a/skeb/ponkotsu_pencil-d29a89.json
2026-09-24 14:28:26 | INFO     | OK https://skeb.jp/api/users/shizu_874
2026-09-24 14:28:26 | INFO     | Saving at a/skeb/shizu_874-a14984.json
2026-09-24 14:28:27 | INFO     | OK https://skeb.jp/api/users/kazillust
2026-09-24 14:28:27 | INFO     | Saving at a/skeb/kazillust-a828af.json
2026-09-24 14:28:28 | INFO     | OK https://skeb.jp/api/users/gopokenohito
2026-09-24 14:28:28 | INFO     | Saving at a/skeb/gopokenohito-43714f.json
2026-09-24 14:28:29 | INFO     | OK https://skeb.jp/api/users/5910D0G
2026-09-24 14:28:29 | INFO     | Saving at a/skeb/5910D0G-85886d.json
2026-09-24 14:28:30 | INFO     | OK https://skeb.jp/api/users/Hatsuki_ll2
2026-09-24 14:28:30 | INFO     | Saving at a/skeb/Hatsuki_ll2-99e34c.json
2026-09-24 14:28:31 | INFO     | OK https://skeb.jp/api/users/9ra4ki33
2026-09-24 14:28:31 | INFO     | Saving at a/skeb/9ra4ki33-4573b3.json
2026-09-24 14:28:32 | INFO     | OK https://skeb.jp/api/users/harutsuyu_pics3
2026-09-24 14:28:32 | INFO     | Saving at a/skeb/harutsuyu_pics3-9cebc2.json
2026-09-24 14:28:33 | INFO     | OK https://skeb.jp/api/users/YuukaUta
2026-09-24 14:28:33 | INFO     | Saving at a/skeb/YuukaUta-618dc5.json
2026-09-24 14:28:34 | INFO     | OK https://skeb.jp/api/users/scskarm_sub
2026-09-24 14:28:34 | INFO     | Saving at a/skeb/scskarm_sub-51ee9e.json
2026-09-24 14:28:35 | INFO     | OK https://skeb.jp/api/users/Kenio_0
2026-09-24 14:28:35 | INFO     | Saving at a/skeb/Kenio_0-fadb2f.json
2026-09-24 14:28:36 | INFO     | OK https://skeb.jp/api/users/Tps9g
2026-09-24 14:28:36 | INFO     | Saving at a/skeb/Tps9g-fbdaa3.json
2026-09-24 14:28:37 | INFO     | OK https://skeb.jp/api/users/RFB_345orororo
2026-09-24 14:28:37 | INFO     | Saving at a/skeb/RFB_345orororo-16d9f2.json
2026-09-24 14:28:38 | INFO     | OK https://skeb.jp/api/users/Minami_No_Uoza
2026-09-24 14:28:38 | INFO     | Saving at a/skeb/Minami_No_Uoza-c06858.json
2026-09-24 14:28:39 | INFO     | OK https://skeb.jp/api/users/goko_moon
2026-09-24 14:28:39 | INFO     | Saving at a/skeb/goko_moon-48b977.json
2026-09-24 14:28:40 | INFO     | OK https://skeb.jp/api/users/katukoDX
2026-09-24 14:28:40 | INFO     | Saving at a/skeb/katukoDX-651077.json
2026-09-24 14:28:41 | INFO     | OK https://skeb.jp/api/users/keepi0103
2026-09-24 14:28:41 | INFO     | Saving at a/skeb/keepi0103-cc2522.json
2026-09-24 14:28:42 | INFO     | OK https://skeb.jp/api/users/ariko_zeta
2026-09-24 14:28:42 | INFO     | Saving at a/skeb/ariko_zeta-08263c.json
2026-09-24 14:28:43 | INFO     | OK https://skeb.jp/api/users/sharo_maru_18
2026-09-24 14:28:43 | INFO     | Saving at a/skeb/sharo_maru_18-6d355a.json
2026-09-24 14:28:44 | INFO     | OK https://skeb.jp/api/users/Corn_f108
2026-09-24 14:28:44 | INFO     | Saving at a/skeb/Corn_f108-be9074.json
2026-09-24 14:28:45 | INFO     | OK https://skeb.jp/api/users/Trpg01
2026-09-24 14:28:45 | INFO     | Saving at a/skeb/Trpg01-fb3f17.json
2026-09-24 14:28:46 | INFO     | OK https://skeb.jp/api/users/yamai__________
2026-09-24 14:28:46 | INFO     | Saving at a/skeb/yamai__________-276846.json
2026-09-24 14:28:47 | INFO     | OK https://skeb.jp/api/users/Mkunchann
2026-09-24 14:28:47 | INFO     | Saving at a/skeb/Mkunchann-590be0.json
2026-09-24 14:28:48 | INFO     | OK https://skeb.jp/api/users/266notre
2026-09-24 14:28:48 | INFO     | Saving at a/skeb/266notre-78fd33.json
2026-09-24 14:28:49 | INFO     | OK https://skeb.jp/api/users/cold_ohiya
2026-09-24 14:28:49 | INFO     | Saving at a/skeb/cold_ohiya-74b04f.json
2026-09-24 14:28:50 | INFO     | OK https://skeb.jp/api/users/dogfuji15
2026-09-24 14:28:50 | INFO     | Saving at a/skeb/dogfuji15-a4ea0e.json
2026-09-24 14:28:51 | INFO     | OK https://skeb.jp/api/users/MEKEpocopoco
2026-09-24 14:28:51 | INFO     | Saving at a/skeb/MEKEpocopoco-0de5b0.json
2026-09-24 14:28:52 | INFO     | OK https://skeb.jp/api/users/uranouraras
2026-09-24 14:28:52 | INFO     | Saving at a/skeb/uranouraras-51e385.json
2026-09-24 14:28:53 | INFO     | OK https://skeb.jp/api/users/mellco
2026-09-24 14:28:53 | INFO     | Saving at a/skeb/mellco-c1d435.json
2026-09-24 14:28:54 | INFO     | OK https://skeb.jp/api/users/BuleCat168
2026-09-24 14:28:54 | INFO     | Saving at a/skeb/BuleCat168-11dfb5.json
2026-09-24 14:28:55 | INFO     | OK https://skeb.jp/api/users/superganglion
2026-09-24 14:28:55 | INFO     | Saving at a/skeb/superganglion-432107.json
2026-09-24 14:28:56 | INFO     | OK https://skeb.jp/api/users/29dirushi
2026-09-24 14:28:56 | INFO     | Saving at a/skeb/29dirushi-5e1e0e.json
2026-09-24 14:28:57 | INFO     | OK https://skeb.jp/api/users/oeee9th
2026-09-24 14:28:57 | INFO     | Saving at a/skeb/oeee9th-719df8.json
2026-09-24 14:28:58 | INFO     | OK https://skeb.jp/api/users/kamix2_odai
2026-09-24 14:28:58 | INFO     | Saving at a/skeb/kamix2_odai-278783.json
2026-09-24 14:28:59 | INFO     | OK https://skeb.jp/api/users/meila__002
2026-09-24 14:28:59 | INFO     | Saving at a/skeb/meila__002-147f7e.json
2026-09-24 14:29:00 | INFO     | OK https://skeb.jp/api/users/to_x_shi
2026-09-24 14:29:00 | INFO     | Saving at a/skeb/to_x_shi-22a9c8.json
2026-09-24 14:29:01 | INFO     | OK https://skeb.jp/api/users/teliemu190
2026-09-24 14:29:01 | INFO     | Saving at a/skeb/teliemu190-febf38.json
2026-09-24 14:29:02 | INFO     | OK https://skeb.jp/api/users/_cononier_
2026-09-24 14:29:02 | INFO     | Saving at a/skeb/_cononier_-467246.json
2026-09-24 14:29:03 | INFO     | OK https://skeb.jp/api/users/chigasaki_y
2026-09-24 14:29:03 | INFO     | Saving at a/skeb/chigasaki_y-921324.json
2026-09-24 14:29:04 | INFO     | OK https://skeb.jp/api/users/PFPP6766
2026-09-24 14:29:04 | INFO     | Saving at a/skeb/PFPP6766-7ce006.json
2026-09-24 14:29:05 | INFO     | OK https://skeb.jp/api/users/kamikaze_oekk
2026-09-24 14:29:05 | INFO     | Saving at a/skeb/kamikaze_oekk-4a398f.json
2026-09-24 14:29:06 | INFO     | OK https://skeb.jp/api/users/saruru0117
2026-09-24 14:29:06 | INFO     | Saving at a/skeb/saruru0117-c361fc.json
2026-09-24 14:29:07 | INFO     | OK https://skeb.jp/api/users/maliusfamily
2026-09-24 14:29:07 | INFO     | Saving at a/skeb/maliusfamily-6ee743.json
2026-09-24 14:29:08 | INFO     | OK https://skeb.jp/api/users/sekizui000
2026-09-24 14:29:08 | INFO     | Saving at a/skeb/sekizui000-4aa202.json
2026-09-24 14:29:09 | INFO     | OK https://skeb.jp/api/users/Asakura_kento
2026-09-24 14:29:09 | INFO     | Saving at a/skeb/Asakura_kento-6b56ca.json
2026-09-24 14:29:10 | INFO     | OK https://skeb.jp/api/users/YokaranuYakara
2026-09-24 14:29:10 | INFO     | Saving at a/skeb/YokaranuYakara-294b9a.json
2026-09-24 14:29:11 | INFO     | OK https://skeb.jp/api/users/snd_kmc
2026-09-24 14:29:11 | INFO     | Saving at a/skeb/snd_kmc-ec8e3e.json
2026-09-24 14:29:12 | INFO     | OK https://skeb.jp/api/users/Tentoumusi_0107
2026-09-24 14:29:12 | INFO     | Saving at a/skeb/Tentoumusi_0107-01aca8.json
2026-09-24 14:29:13 | INFO     | OK https://skeb.jp/api/users/Azsn10
2026-09-24 14:29:13 | INFO     | Saving at a/skeb/Azsn10-b98512.json
2026-09-24 14:29:14 | INFO     | OK https://skeb.jp/api/users/oimanji
2026-09-24 14:29:14 | INFO     | Saving at a/skeb/oimanji-2f9c12.json
2026-09-24 14:29:15 | INFO     | OK https://skeb.jp/api/users/_ebuna
2026-09-24 14:29:15 | INFO     | Saving at a/skeb/_ebuna-7beb2e.json
2026-09-24 14:29:16 | INFO     | OK https://skeb.jp/api/users/kania4_
2026-09-24 14:29:16 | INFO     | Saving at a/skeb/kania4_-2c7373.json
2026-09-24 14:29:17 | INFO     | OK https://skeb.jp/api/users/bluekawaii0104
2026-09-24 14:29:17 | INFO     | Saving at a/skeb/bluekawaii0104-08143e.json
2026-09-24 14:29:18 | INFO     | OK https://skeb.jp/api/users/4me3ba_NIKU
2026-09-24 14:29:18 | INFO     | Saving at a/skeb/4me3ba_NIKU-5a2e26.json
2026-09-24 14:29:19 | INFO     | OK https://skeb.jp/api/users/kasuterarala
2026-09-24 14:29:19 | INFO     | Saving at a/skeb/kasuterarala-39f689.json
2026-09-24 14:29:20 | INFO     | OK https://skeb.jp/api/users/fwpla
2026-09-24 14:29:20 | INFO     | Saving at a/skeb/fwpla-bccd8a.json
2026-09-24 14:29:21 | INFO     | OK https://skeb.jp/api/users/nekono_dore1
2026-09-24 14:29:21 | INFO     | Saving at a/skeb/nekono_dore1-b2a598.json
2026-09-24 14:29:22 | INFO     | OK https://skeb.jp/api/users/kaim303
2026-09-24 14:29:22 | INFO     | Saving at a/skeb/kaim303-e26e3d.json
2026-09-24 14:29:23 | INFO     | OK https://skeb.jp/api/users/isami_mocochi
2026-09-24 14:29:23 | INFO     | Saving at a/skeb/isami_mocochi-08c681.json
2026-09-24 14:29:24 | INFO     | OK https://skeb.jp/api/users/shumai_il
2026-09-24 14:29:24 | INFO     | Saving at a/skeb/shumai_il-4e33c3.json
2026-09-24 14:29:25 | INFO     | OK https://skeb.jp/api/users/koji_sosaku
2026-09-24 14:29:25 | INFO     | Saving at a/skeb/koji_sosaku-983081.json
2026-09-24 14:29:26 | INFO     | OK https://skeb.jp/api/users/kani_shitatata
2026-09-24 14:29:26 | INFO     | Saving at a/skeb/kani_shitatata-7e5471.json
2026-09-24 14:29:27 | INFO     | OK https://skeb.jp/api/users/Kashiki_zatta
2026-09-24 14:29:27 | INFO     | Saving at a/skeb/Kashiki_zatta-64b2ca.json
2026-09-24 14:29:28 | INFO     | OK https://skeb.jp/api/users/mukanata
2026-09-24 14:29:28 | INFO     | Saving at a/skeb/mukanata-7714d3.json
2026-09-24 14:29:29 | INFO     | OK https://skeb.jp/api/users/wataco_coco
2026-09-24 14:29:29 | INFO     | Saving at a/skeb/wataco_coco-53c251.json
2026-09-24 14:29:30 | INFO     | OK https://skeb.jp/api/users/koge_masaki
2026-09-24 14:29:30 | INFO     | Saving at a/skeb/koge_masaki-56e620.json
2026-09-24 14:29:31 | INFO     | OK https://skeb.jp/api/users/moetora
2026-09-24 14:29:31 | INFO     | Saving at a/skeb/moetora-8a1176.json
2026-09-24 14:29:32 | INFO     | OK https://skeb.jp/api/users/aozi__r
2026-09-24 14:29:32 | INFO     | Saving at a/skeb/aozi__r-c1abe0.json
2026-09-24 14:29:33 | INFO     | OK https://skeb.jp/api/users/EZO_J_P
2026-09-24 14:29:33 | INFO     | Saving at a/skeb/EZO_J_P-59e077.json
2026-09-24 14:29:34 | INFO     | OK https://skeb.jp/api/users/Ushiro_shirou
2026-09-24 14:29:34 | INFO     | Saving at a/skeb/Ushiro_shirou-54272e.json
2026-09-24 14:29:35 | INFO     | OK https://skeb.jp/api/users/hamutto_u_u
2026-09-24 14:29:35 | INFO     | Saving at a/skeb/hamutto_u_u-e50abd.json
2026-09-24 14:29:36 | INFO     | OK https://skeb.jp/api/users/kage_rino263
2026-09-24 14:29:36 | INFO     | Saving at a/skeb/kage_rino263-585952.json
2026-09-24 14:29:37 | INFO     | OK https://skeb.jp/api/users/nicopancake
2026-09-24 14:29:37 | INFO     | Saving at a/skeb/nicopancake-a014a5.json
2026-09-24 14:29:38 | INFO     | OK https://skeb.jp/api/users/0914yuuri_k
2026-09-24 14:29:38 | INFO     | Saving at a/skeb/0914yuuri_k-b54d77.json
2026-09-24 14:29:39 | INFO     | OK https://skeb.jp/api/users/msms_mmm_x
2026-09-24 14:29:39 | INFO     | Saving at a/skeb/msms_mmm_x-b7933d.json
2026-09-24 14:29:40 | INFO     | OK https://skeb.jp/api/users/K_Dawn_01
2026-09-24 14:29:40 | INFO     | Saving at a/skeb/K_Dawn_01-4f2aa1.json
2026-09-24 14:29:41 | INFO     | OK https://skeb.jp/api/users/mogahonu
2026-09-24 14:29:41 | INFO     | Saving at a/skeb/mogahonu-37d6d1.json
2026-09-24 14:29:42 | INFO     | OK https://skeb.jp/api/users/Atora_yuki
2026-09-24 14:29:42 | INFO     | Saving at a/skeb/Atora_yuki-8fd72d.json
2026-09-24 14:29:43 | INFO     | OK https://skeb.jp/api/users/Nag_1far
2026-09-24 14:29:43 | INFO     | Saving at a/skeb/Nag_1far-7cf457.json
2026-09-24 14:29:44 | INFO     | OK https://skeb.jp/api/users/sakagami111111
2026-09-24 14:29:44 | INFO     | Saving at a/skeb/sakagami111111-2a9250.json
2026-09-24 14:29:45 | INFO     | OK https://skeb.jp/api/users/0Px6oxqLQzkGb9e
2026-09-24 14:29:45 | INFO     | Saving at a/skeb/0Px6oxqLQzkGb9e-e1571b.json
2026-09-24 14:29:46 | INFO     | OK https://skeb.jp/api/users/sinnpeikamo
2026-09-24 14:29:46 | INFO     | Saving at a/skeb/sinnpeikamo-f779bf.json
2026-09-24 14:29:47 | INFO     | OK https://skeb.jp/api/users/frim_02
2026-09-24 14:29:47 | INFO     | Saving at a/skeb/frim_02-e6fded.json
2026-09-24 14:29:48 | INFO     | OK https://skeb.jp/api/users/kuzumochi800
2026-09-24 14:29:48 | INFO     | Saving at a/skeb/kuzumochi800-2fafc1.json
2026-09-24 14:29:49 | INFO     | OK https://skeb.jp/api/users/BecoMori
2026-09-24 14:29:49 | INFO     | Saving at a/skeb/BecoMori-5a5cb4.json
2026-09-24 14:29:50 | INFO     | OK https://skeb.jp/api/users/9rimson
2026-09-24 14:29:50 | INFO     | Saving at a/skeb/9rimson-34b34b.json
2026-09-24 14:29:51 | INFO     | OK https://skeb.jp/api/users/yrhruaa
2026-09-24 14:29:51 | INFO     | Saving at a/skeb/yrhruaa-05a197.json
2026-09-24 14:29:52 | INFO     | OK https://skeb.jp/api/users/Syu9ri16
2026-09-24 14:29:52 | INFO     | Saving at a/skeb/Syu9ri16-f94d69.json
2026-09-24 14:29:53 | INFO     | OK https://skeb.jp/api/users/kuroyagi_t
2026-09-24 14:29:53 | INFO     | Saving at a/skeb/kuroyagi_t-035333.json
2026-09-24 14:29:54 | INFO     | OK https://skeb.jp/api/users/sakuraMilk_tea
2026-09-24 14:29:54 | INFO     | Saving at a/skeb/sakuraMilk_tea-20d9f1.json
2026-09-24 14:29:55 | INFO     | OK https://skeb.jp/api/users/number_TRPG
2026-09-24 14:29:55 | INFO     | Saving at a/skeb/number_TRPG-929e21.json
2026-09-24 14:29:56 | INFO     | OK https://skeb.jp/api/users/Daaaaaaaaai3
2026-09-24 14:29:56 | INFO     | Saving at a/skeb/Daaaaaaaaai3-aad350.json
2026-09-24 14:29:57 | INFO     | OK https://skeb.jp/api/users/0808080_9
2026-09-24 14:29:57 | INFO     | Saving at a/skeb/0808080_9-5c4c48.json
2026-09-24 14:29:58 | INFO     | OK https://skeb.jp/api/users/akoyama_t
2026-09-24 14:29:58 | INFO     | Saving at a/skeb/akoyama_t-b01f30.json
2026-09-24 14:29:59 | INFO     | OK https://skeb.jp/api/users/nunu7_py
2026-09-24 14:29:59 | INFO     | Saving at a/skeb/nunu7_py-f5a12c.json
2026-09-24 14:30:00 | INFO     | OK https://skeb.jp/api/users/many_ankles
2026-09-24 14:30:00 | INFO     | Saving at a/skeb/many_ankles-7afb5f.json
2026-09-24 14:30:01 | INFO     | OK https://skeb.jp/api/users/sub_jelly
2026-09-24 14:30:01 | INFO     | Saving at a/skeb/sub_jelly-078578.json
2026-09-24 14:30:02 | INFO     | OK https://skeb.jp/api/users/kuronoyuzuru
2026-09-24 14:30:02 | INFO     | Saving at a/skeb/kuronoyuzuru-9f21e4.json
2026-09-24 14:30:03 | INFO     | OK https://skeb.jp/api/users/15delicious
2026-09-24 14:30:03 | INFO     | Saving at a/skeb/15delicious-05b3be.json
2026-09-24 14:30:04 | INFO     | OK https://skeb.jp/api/users/joblessCat
2026-09-24 14:30:04 | INFO     | Saving at a/skeb/joblessCat-28d95c.json
2026-09-24 14:30:05 | INFO     | OK https://skeb.jp/api/users/ebimomomo
2026-09-24 14:30:05 | INFO     | Saving at a/skeb/ebimomomo-0427af.json
2026-09-24 14:30:06 | INFO     | OK https://skeb.jp/api/users/be9459
2026-09-24 14:30:06 | INFO     | Saving at a/skeb/be9459-ce2a88.json
2026-09-24 14:30:07 | INFO     | OK https://skeb.jp/api/users/rajipanx
2026-09-24 14:30:07 | INFO     | Saving at a/skeb/rajipanx-2f4720.json
2026-09-24 14:30:08 | INFO     | OK https://skeb.jp/api/users/s_mfp
2026-09-24 14:30:08 | INFO     | Saving at a/skeb/s_mfp-37b81d.json
2026-09-24 14:30:09 | INFO     | OK https://skeb.jp/api/users/salmonkomaku
2026-09-24 14:30:09 | INFO     | Saving at a/skeb/salmonkomaku-d9663d.json
2026-09-24 14:30:10 | INFO     | OK https://skeb.jp/api/users/masumasu120444
2026-09-24 14:30:10 | INFO     | Saving at a/skeb/masumasu120444-f71f6e.json
2026-09-24 14:30:11 | INFO     | OK https://skeb.jp/api/users/72kawakita
2026-09-24 14:30:11 | INFO     | Saving at a/skeb/72kawakita-540a38.json
2026-09-24 14:30:12 | INFO     | OK https://skeb.jp/api/users/sskbsk_
2026-09-24 14:30:12 | INFO     | Saving at a/skeb/sskbsk_-28d1fa.json
2026-09-24 14:30:13 | INFO     | OK https://skeb.jp/api/users/JuliaMooff
2026-09-24 14:30:13 | INFO     | Saving at a/skeb/JuliaMooff-ebff70.json
2026-09-24 14:30:14 | INFO     | OK https://skeb.jp/api/users/namaatatakai
2026-09-24 14:30:14 | INFO     | Saving at a/skeb/namaatatakai-11ee6b.json
2026-09-24 14:30:15 | INFO     | OK https://skeb.jp/api/users/yumehori
2026-09-24 14:30:15 | INFO     | Saving at a/skeb/yumehori-16efe3.json
2026-09-24 14:30:16 | INFO     | OK https://skeb.jp/api/users/ganenranpu
2026-09-24 14:30:16 | INFO     | Saving at a/skeb/ganenranpu-d3f0e6.json
2026-09-24 14:30:17 | INFO     | OK https://skeb.jp/api/users/10kome_
2026-09-24 14:30:17 | INFO     | Saving at a/skeb/10kome_-f64db4.json
2026-09-24 14:30:18 | INFO     | OK https://skeb.jp/api/users/quxf_
2026-09-24 14:30:18 | INFO     | Saving at a/skeb/quxf_-98e2a7.json
2026-09-24 14:30:19 | INFO     | OK https://skeb.jp/api/users/meromoemero
2026-09-24 14:30:19 | INFO     | Saving at a/skeb/meromoemero-90daf6.json
2026-09-24 14:30:20 | INFO     | OK https://skeb.jp/api/users/aru_coa
2026-09-24 14:30:20 | INFO     | Saving at a/skeb/aru_coa-d63077.json
2026-09-24 14:30:21 | INFO     | OK https://skeb.jp/api/users/VMEIN_46
2026-09-24 14:30:21 | INFO     | Saving at a/skeb/VMEIN_46-dae038.json
2026-09-24 14:30:22 | INFO     | OK https://skeb.jp/api/users/716
2026-09-24 14:30:22 | INFO     | Saving at a/skeb/716-e7f8a7.json
2026-09-24 14:30:23 | INFO     | OK https://skeb.jp/api/users/tukimi293_trpg
2026-09-24 14:30:23 | INFO     | Saving at a/skeb/tukimi293_trpg-a311b4.json
2026-09-24 14:30:24 | INFO     | OK https://skeb.jp/api/users/nyanrin02
2026-09-24 14:30:24 | INFO     | Saving at a/skeb/nyanrin02-d772a7.json
2026-09-24 14:30:25 | INFO     | OK https://skeb.jp/api/users/ToGaeee
2026-09-24 14:30:25 | INFO     | Saving at a/skeb/ToGaeee-648d10.json
2026-09-24 14:30:26 | INFO     | OK https://skeb.jp/api/users/oxymoron_0213
2026-09-24 14:30:26 | INFO     | Saving at a/skeb/oxymoron_0213-81e53b.json
2026-09-24 14:30:27 | INFO     | OK https://skeb.jp/api/users/shi6sawa
2026-09-24 14:30:27 | INFO     | Saving at a/skeb/shi6sawa-0880fe.json
2026-09-24 14:30:28 | INFO     | OK https://skeb.jp/api/users/quyghg551236
2026-09-24 14:30:28 | INFO     | Saving at a/skeb/quyghg551236-3c2ae4.json
2026-09-24 14:30:29 | INFO     | OK https://skeb.jp/api/users/yoyogi_1999
2026-09-24 14:30:29 | INFO     | Saving at a/skeb/yoyogi_1999-bd9553.json
2026-09-24 14:30:30 | INFO     | OK https://skeb.jp/api/users/matuTake_yk0
2026-09-24 14:30:30 | INFO     | Saving at a/skeb/matuTake_yk0-53e54b.json
2026-09-24 14:30:31 | INFO     | OK https://skeb.jp/api/users/hutomayudaisuki
2026-09-24 14:30:31 | INFO     | Saving at a/skeb/hutomayudaisuki-c7423e.json
2026-09-24 14:30:32 | INFO     | OK https://skeb.jp/api/users/Felfia_intro
2026-09-24 14:30:32 | INFO     | Saving at a/skeb/Felfia_intro-8cf63a.json
2026-09-24 14:30:33 | INFO     | OK https://skeb.jp/api/users/zp_R
2026-09-24 14:30:33 | INFO     | Saving at a/skeb/zp_R-435d58.json
2026-09-24 14:30:34 | INFO     | OK https://skeb.jp/api/users/1001_343
2026-09-24 14:30:34 | INFO     | Saving at a/skeb/1001_343-cca6f6.json
2026-09-24 14:30:35 | INFO     | OK https://skeb.jp/api/users/sanzuitarou
2026-09-24 14:30:35 | INFO     | Saving at a/skeb/sanzuitarou-e4acd9.json
2026-09-24 14:30:36 | INFO     | OK https://skeb.jp/api/users/yuzuno_wagiri
2026-09-24 14:30:36 | INFO     | Saving at a/skeb/yuzuno_wagiri-97407e.json
2026-09-24 14:30:37 | INFO     | OK https://skeb.jp/api/users/oeoji_jp
2026-09-24 14:30:37 | INFO     | Saving at a/skeb/oeoji_jp-3e25fc.json
2026-09-24 14:30:38 | INFO     | OK https://skeb.jp/api/users/iromishiro
2026-09-24 14:30:38 | INFO     | Saving at a/skeb/iromishiro-7380c2.json
2026-09-24 14:30:39 | INFO     | OK https://skeb.jp/api/users/Nagatatuzin
2026-09-24 14:30:39 | INFO     | Saving at a/skeb/Nagatatuzin-8ac147.json
2026-09-24 14:30:40 | INFO     | OK https://skeb.jp/api/users/_emeth
2026-09-24 14:30:40 | INFO     | Saving at a/skeb/_emeth-764ad3.json
2026-09-24 14:30:41 | INFO     | OK https://skeb.jp/api/users/u02
2026-09-24 14:30:41 | INFO     | Saving at a/skeb/u02-2d3f5f.json
2026-09-24 14:30:42 | INFO     | OK https://skeb.jp/api/users/misopimaru
2026-09-24 14:30:42 | INFO     | Saving at a/skeb/misopimaru-cabb58.json
2026-09-24 14:30:43 | INFO     | OK https://skeb.jp/api/users/ensd_trpg
2026-09-24 14:30:43 | INFO     | Saving at a/skeb/ensd_trpg-ee7fac.json
2026-09-24 14:30:44 | INFO     | OK https://skeb.jp/api/users/aoaoaoao523
2026-09-24 14:30:44 | INFO     | Saving at a/skeb/aoaoaoao523-6ae7f9.json
2026-09-24 14:30:45 | INFO     | OK https://skeb.jp/api/users/setoka_sab
2026-09-24 14:30:45 | INFO     | Saving at a/skeb/setoka_sab-136033.json
2026-09-24 14:30:46 | INFO     | OK https://skeb.jp/api/users/Anyo_anyo_nye
2026-09-24 14:30:46 | INFO     | Saving at a/skeb/Anyo_anyo_nye-79916d.json
2026-09-24 14:30:47 | INFO     | OK https://skeb.jp/api/users/mochi_mochi5_
2026-09-24 14:30:47 | INFO     | Saving at a/skeb/mochi_mochi5_-4e8556.json
2026-09-24 14:30:48 | INFO     | OK https://skeb.jp/api/users/l4st_resort
2026-09-24 14:30:48 | INFO     | Saving at a/skeb/l4st_resort-6c22a2.json
2026-09-24 14:30:49 | INFO     | OK https://skeb.jp/api/users/maru_ya
2026-09-24 14:30:49 | INFO     | Saving at a/skeb/maru_ya-321897.json
2026-09-24 14:30:50 | INFO     | OK https://skeb.jp/api/users/chi_chikata
2026-09-24 14:30:50 | INFO     | Saving at a/skeb/chi_chikata-f2d4c9.json
2026-09-24 14:30:51 | INFO     | OK https://skeb.jp/api/users/Stella_gla_
2026-09-24 14:30:51 | INFO     | Saving at a/skeb/Stella_gla_-3de0f9.json
2026-09-24 14:30:52 | INFO     | OK https://skeb.jp/api/users/ja19s20s
2026-09-24 14:30:52 | INFO     | Saving at a/skeb/ja19s20s-967162.json
2026-09-24 14:30:53 | INFO     | OK https://skeb.jp/api/users/SPMIW4433
2026-09-24 14:30:53 | INFO     | Saving at a/skeb/SPMIW4433-a47b51.json
2026-09-24 14:30:54 | INFO     | OK https://skeb.jp/api/users/sudati822
2026-09-24 14:30:54 | INFO     | Saving at a/skeb/sudati822-fd027e.json
2026-09-24 14:30:55 | INFO     | OK https://skeb.jp/api/users/nao014o
2026-09-24 14:30:55 | INFO     | Saving at a/skeb/nao014o-f179cb.json
2026-09-24 14:30:56 | INFO     | OK https://skeb.jp/api/users/hidari_8612
2026-09-24 14:30:56 | INFO     | Saving at a/skeb/hidari_8612-3564cc.json
2026-09-24 14:30:57 | INFO     | OK https://skeb.jp/api/users/uhuhudayo505
2026-09-24 14:30:57 | INFO     | Saving at a/skeb/uhuhudayo505-ea9129.json
2026-09-24 14:30:58 | INFO     | OK https://skeb.jp/api/users/kotarou83
2026-09-24 14:30:58 | INFO     | Saving at a/skeb/kotarou83-2dd37d.json
2026-09-24 14:30:59 | INFO     | OK https://skeb.jp/api/users/ret5uzy0hana
2026-09-24 14:30:59 | INFO     | Saving at a/skeb/ret5uzy0hana-495286.json
2026-09-24 14:31:00 | INFO     | OK https://skeb.jp/api/users/Uusub_
2026-09-24 14:31:00 | INFO     | Saving at a/skeb/Uusub_-765fac.json
2026-09-24 14:31:01 | INFO     | OK https://skeb.jp/api/users/nowsketchworks
2026-09-24 14:31:01 | INFO     | Saving at a/skeb/nowsketchworks-36e395.json
2026-09-24 14:31:02 | INFO     | OK https://skeb.jp/api/users/haruduki
2026-09-24 14:31:02 | INFO     | Saving at a/skeb/haruduki-b6de04.json
2026-09-24 14:31:03 | INFO     | OK https://skeb.jp/api/users/xx_betti
2026-09-24 14:31:03 | INFO     | Saving at a/skeb/xx_betti-671f9c.json
2026-09-24 14:31:04 | INFO     | OK https://skeb.jp/api/users/kgrn_12
2026-09-24 14:31:04 | INFO     | Saving at a/skeb/kgrn_12-875dc7.json
2026-09-24 14:31:05 | INFO     | OK https://skeb.jp/api/users/monmonjaano
2026-09-24 14:31:05 | INFO     | Saving at a/skeb/monmonjaano-ef8ab9.json
2026-09-24 14:31:06 | INFO     | OK https://skeb.jp/api/users/roraponsan
2026-09-24 14:31:06 | INFO     | Saving at a/skeb/roraponsan-c82f85.json
2026-09-24 14:31:07 | INFO     | OK https://skeb.jp/api/users/Mr_GUMGUMBOOM
2026-09-24 14:31:07 | INFO     | Saving at a/skeb/Mr_GUMGUMBOOM-34b4d1.json
2026-09-24 14:31:08 | INFO     | OK https://skeb.jp/api/users/hatenoga
2026-09-24 14:31:08 | INFO     | Saving at a/skeb/hatenoga-4ee9ec.json
2026-09-24 14:31:09 | INFO     | OK https://skeb.jp/api/users/nori003
2026-09-24 14:31:09 | INFO     | Saving at a/skeb/nori003-2a3484.json
2026-09-24 14:31:10 | INFO     | OK https://skeb.jp/api/users/totoyatt
2026-09-24 14:31:10 | INFO     | Saving at a/skeb/totoyatt-cef8d7.json
2026-09-24 14:31:11 | INFO     | OK https://skeb.jp/api/users/sweets__land
2026-09-24 14:31:11 | INFO     | Saving at a/skeb/sweets__land-5470ce.json
2026-09-24 14:31:12 | INFO     | OK https://skeb.jp/api/users/Kento072
2026-09-24 14:31:12 | INFO     | Saving at a/skeb/Kento072-91c0f9.json
2026-09-24 14:31:13 | INFO     | OK https://skeb.jp/api/users/030panda_
2026-09-24 14:31:13 | INFO     | Saving at a/skeb/030panda_-140480.json
2026-09-24 14:31:14 | INFO     | OK https://skeb.jp/api/users/tecco_15
2026-09-24 14:31:14 | INFO     | Saving at a/skeb/tecco_15-d3de03.json
2026-09-24 14:31:15 | INFO     | OK https://skeb.jp/api/users/46nooO
2026-09-24 14:31:15 | INFO     | Saving at a/skeb/46nooO-5faecf.json
2026-09-24 14:31:16 | INFO     | OK https://skeb.jp/api/users/sigu00112
2026-09-24 14:31:16 | INFO     | Saving at a/skeb/sigu00112-f7c158.json
2026-09-24 14:31:17 | INFO     | OK https://skeb.jp/api/users/huf_nx_
2026-09-24 14:31:17 | INFO     | Saving at a/skeb/huf_nx_-beb82b.json
2026-09-24 14:31:18 | INFO     | OK https://skeb.jp/api/users/kittanke_illust
2026-09-24 14:31:18 | INFO     | Saving at a/skeb/kittanke_illust-aa4d2e.json
2026-09-24 14:31:19 | INFO     | OK https://skeb.jp/api/users/0609Hien
2026-09-24 14:31:19 | INFO     | Saving at a/skeb/0609Hien-d490f2.json
2026-09-24 14:31:20 | INFO     | OK https://skeb.jp/api/users/Kloah13th
2026-09-24 14:31:20 | INFO     | Saving at a/skeb/Kloah13th-40bb71.json
2026-09-24 14:31:21 | INFO     | OK https://skeb.jp/api/users/toriyaro_ekaki
2026-09-24 14:31:21 | INFO     | Saving at a/skeb/toriyaro_ekaki-73849e.json
2026-09-24 14:31:22 | INFO     | OK https://skeb.jp/api/users/22yk222
2026-09-24 14:31:22 | INFO     | Saving at a/skeb/22yk222-f4b945.json
2026-09-24 14:31:23 | INFO     | OK https://skeb.jp/api/users/cjhmltfjxat13
2026-09-24 14:31:23 | INFO     | Saving at a/skeb/cjhmltfjxat13-c37a3c.json
2026-09-24 14:31:24 | INFO     | OK https://skeb.jp/api/users/sushiumaai
2026-09-24 14:31:24 | INFO     | Saving at a/skeb/sushiumaai-cdaaaa.json
2026-09-24 14:31:25 | INFO     | OK https://skeb.jp/api/users/emmm_0524
2026-09-24 14:31:25 | INFO     | Saving at a/skeb/emmm_0524-d5b1c6.json
2026-09-24 14:31:26 | INFO     | OK https://skeb.jp/api/users/trpg_nue
2026-09-24 14:31:26 | INFO     | Saving at a/skeb/trpg_nue-9228c9.json
2026-09-24 14:31:27 | INFO     | OK https://skeb.jp/api/users/arsk
2026-09-24 14:31:27 | INFO     | Saving at a/skeb/arsk-a9ab99.json
2026-09-24 14:31:28 | INFO     | OK https://skeb.jp/api/users/sumari_r18
2026-09-24 14:31:28 | INFO     | Saving at a/skeb/sumari_r18-8f7b97.json
2026-09-24 14:31:29 | INFO     | OK https://skeb.jp/api/users/Shiro_Noe
2026-09-24 14:31:29 | INFO     | Saving at a/skeb/Shiro_Noe-4c42ec.json
2026-09-24 14:31:30 | INFO     | OK https://skeb.jp/api/users/MenomoriTsumuri
2026-09-24 14:31:30 | INFO     | Saving at a/skeb/MenomoriTsumuri-734ce7.json
2026-09-24 14:31:31 | INFO     | OK https://skeb.jp/api/users/c_b_a_tani
2026-09-24 14:31:31 | INFO     | Saving at a/skeb/c_b_a_tani-39c790.json
2026-09-24 14:31:32 | INFO     | OK https://skeb.jp/api/users/yukinohi0711
2026-09-24 14:31:32 | INFO     | Saving at a/skeb/yukinohi0711-19cf51.json
2026-09-24 14:31:33 | INFO     | OK https://skeb.jp/api/users/aimailskL
2026-09-24 14:31:33 | INFO     | Saving at a/skeb/aimailskL-fdcb1c.json
2026-09-24 14:31:34 | INFO     | OK https://skeb.jp/api/users/kasuteraya_nyan
2026-09-24 14:31:34 | INFO     | Saving at a/skeb/kasuteraya_nyan-823cbd.json
2026-09-24 14:31:35 | INFO     | OK https://skeb.jp/api/users/G73888
2026-09-24 14:31:35 | INFO     | Saving at a/skeb/G73888-2f45a0.json
2026-09-24 14:31:36 | INFO     | OK https://skeb.jp/api/users/SEKIMEROU
2026-09-24 14:31:36 | INFO     | Saving at a/skeb/SEKIMEROU-edd525.json
2026-09-24 14:31:37 | INFO     | OK https://skeb.jp/api/users/wf170ZpFwi
2026-09-24 14:31:37 | INFO     | Saving at a/skeb/wf170ZpFwi-93bf3c.json
2026-09-24 14:31:38 | INFO     | OK https://skeb.jp/api/users/inui_r18
2026-09-24 14:31:38 | INFO     | Saving at a/skeb/inui_r18-9efe0c.json
2026-09-24 14:31:39 | INFO     | OK https://skeb.jp/api/users/tazikara
2026-09-24 14:31:39 | INFO     | Saving at a/skeb/tazikara-037528.json
2026-09-24 14:31:40 | INFO     | OK https://skeb.jp/api/users/setomocco
2026-09-24 14:31:40 | INFO     | Saving at a/skeb/setomocco-f5bf75.json
2026-09-24 14:31:41 | INFO     | OK https://skeb.jp/api/users/Amagoi_kumori
2026-09-24 14:31:41 | INFO     | Saving at a/skeb/Amagoi_kumori-343065.json
2026-09-24 14:31:42 | INFO     | OK https://skeb.jp/api/users/rokugou
2026-09-24 14:31:42 | INFO     | Saving at a/skeb/rokugou-c24c71.json
2026-09-24 14:31:43 | INFO     | OK https://skeb.jp/api/users/rika_hoasi
2026-09-24 14:31:43 | INFO     | Saving at a/skeb/rika_hoasi-006b5b.json
2026-09-24 14:31:44 | INFO     | OK https://skeb.jp/api/users/memai023
2026-09-24 14:31:44 | INFO     | Saving at a/skeb/memai023-f056e4.json
2026-09-24 14:31:45 | INFO     | OK https://skeb.jp/api/users/saltchiyiro105
2026-09-24 14:31:45 | INFO     | Saving at a/skeb/saltchiyiro105-26befe.json
2026-09-24 14:31:46 | INFO     | OK https://skeb.jp/api/users/watapome
2026-09-24 14:31:46 | INFO     | Saving at a/skeb/watapome-ad2128.json
2026-09-24 14:31:47 | INFO     | OK https://skeb.jp/api/users/onsa_oO
2026-09-24 14:31:47 | INFO     | Saving at a/skeb/onsa_oO-144998.json
2026-09-24 14:31:48 | INFO     | OK https://skeb.jp/api/users/lossko_
2026-09-24 14:31:48 | INFO     | Saving at a/skeb/lossko_-6d9512.json
2026-09-24 14:31:49 | INFO     | OK https://skeb.jp/api/users/F97Dy
2026-09-24 14:31:49 | INFO     | Saving at a/skeb/F97Dy-f6d69a.json
2026-09-24 14:31:50 | INFO     | OK https://skeb.jp/api/users/suityuuzenten
2026-09-24 14:31:50 | INFO     | Saving at a/skeb/suityuuzenten-6e7a15.json
2026-09-24 14:31:51 | INFO     | OK https://skeb.jp/api/users/eniraka80
2026-09-24 14:31:51 | INFO     | Saving at a/skeb/eniraka80-099b50.json
2026-09-24 14:31:52 | INFO     | OK https://skeb.jp/api/users/Urushi_0117
2026-09-24 14:31:52 | INFO     | Saving at a/skeb/Urushi_0117-9812db.json
2026-09-24 14:31:53 | INFO     | OK https://skeb.jp/api/users/Aomatu_Spaghe
2026-09-24 14:31:53 | INFO     | Saving at a/skeb/Aomatu_Spaghe-afffbc.json
2026-09-24 14:31:54 | INFO     | OK https://skeb.jp/api/users/nori3ten
2026-09-24 14:31:54 | INFO     | Saving at a/skeb/nori3ten-0650b1.json
2026-09-24 14:31:55 | INFO     | OK https://skeb.jp/api/users/MedakaNokoz5sn
2026-09-24 14:31:55 | INFO     | Saving at a/skeb/MedakaNokoz5sn-cdc9ed.json
2026-09-24 14:31:56 | INFO     | OK https://skeb.jp/api/users/koguma_0310
2026-09-24 14:31:56 | INFO     | Saving at a/skeb/koguma_0310-75e680.json
2026-09-24 14:31:57 | INFO     | OK https://skeb.jp/api/users/napxcat
2026-09-24 14:31:57 | INFO     | Saving at a/skeb/napxcat-ef8d8a.json
2026-09-24 14:31:58 | INFO     | OK https://skeb.jp/api/users/robatakahiro
2026-09-24 14:31:58 | INFO     | Saving at a/skeb/robatakahiro-bd09fa.json
2026-09-24 14:31:59 | INFO     | OK https://skeb.jp/api/users/hr_ccr
2026-09-24 14:31:59 | INFO     | Saving at a/skeb/hr_ccr-d7d7ac.json
2026-09-24 14:32:00 | INFO     | OK https://skeb.jp/api/users/haruwaka_064
2026-09-24 14:32:00 | INFO     | Saving at a/skeb/haruwaka_064-2b69f5.json
2026-09-24 14:32:01 | INFO     | OK https://skeb.jp/api/users/tarakonmata
2026-09-24 14:32:01 | INFO     | Saving at a/skeb/tarakonmata-13e877.json
2026-09-24 14:32:02 | INFO     | OK https://skeb.jp/api/users/Yoka_b_i
2026-09-24 14:32:02 | INFO     | Saving at a/skeb/Yoka_b_i-08e8e2.json
2026-09-24 14:32:03 | INFO     | OK https://skeb.jp/api/users/hokka_130
2026-09-24 14:32:03 | INFO     | Saving at a/skeb/hokka_130-15be73.json
2026-09-24 14:32:04 | INFO     | OK https://skeb.jp/api/users/suk_195
2026-09-24 14:32:04 | INFO     | Saving at a/skeb/suk_195-b906d7.json
2026-09-24 14:32:05 | INFO     | OK https://skeb.jp/api/users/maru_7_
2026-09-24 14:32:05 | INFO     | Saving at a/skeb/maru_7_-b181b1.json
2026-09-24 14:32:06 | INFO     | OK https://skeb.jp/api/users/A_R_vrc
2026-09-24 14:32:06 | INFO     | Saving at a/skeb/A_R_vrc-dcf91b.json
2026-09-24 14:32:07 | INFO     | OK https://skeb.jp/api/users/ma_rukan
2026-09-24 14:32:07 | INFO     | Saving at a/skeb/ma_rukan-76f1d9.json
2026-09-24 14:32:08 | INFO     | OK https://skeb.jp/api/users/SS465
2026-09-24 14:32:08 | INFO     | Saving at a/skeb/SS465-c5e8e7.json
2026-09-24 14:32:09 | INFO     | OK https://skeb.jp/api/users/city_sanzu
2026-09-24 14:32:09 | INFO     | Saving at a/skeb/city_sanzu-784980.json
2026-09-24 14:32:10 | INFO     | OK https://skeb.jp/api/users/MaruiUsausagi
2026-09-24 14:32:10 | INFO     | Saving at a/skeb/MaruiUsausagi-83f695.json
2026-09-24 14:32:11 | INFO     | OK https://skeb.jp/api/users/EUi5y
2026-09-24 14:32:11 | INFO     | Saving at a/skeb/EUi5y-83a02d.json
2026-09-24 14:32:12 | INFO     | OK https://skeb.jp/api/users/0yukiya0
2026-09-24 14:32:12 | INFO     | Saving at a/skeb/0yukiya0-e7f75c.json
2026-09-24 14:32:13 | INFO     | OK https://skeb.jp/api/users/mosuke1221
2026-09-24 14:32:13 | INFO     | Saving at a/skeb/mosuke1221-b5c206.json
2026-09-24 14:32:14 | INFO     | OK https://skeb.jp/api/users/marinekomimicat
2026-09-24 14:32:14 | INFO     | Saving at a/skeb/marinekomimicat-542bc5.json
2026-09-24 14:32:15 | INFO     | OK https://skeb.jp/api/users/InabaChitose
2026-09-24 14:32:15 | INFO     | Saving at a/skeb/InabaChitose-d6dfa4.json
2026-09-24 14:32:16 | INFO     | OK https://skeb.jp/api/users/mashirok777
2026-09-24 14:32:16 | INFO     | Saving at a/skeb/mashirok777-bf7e0f.json
2026-09-24 14:32:17 | INFO     | OK https://skeb.jp/api/users/mohukaru1
2026-09-24 14:32:17 | INFO     | Saving at a/skeb/mohukaru1-c75ffb.json
2026-09-24 14:32:18 | INFO     | OK https://skeb.jp/api/users/DAIFKU_0
2026-09-24 14:32:18 | INFO     | Saving at a/skeb/DAIFKU_0-53ee03.json
2026-09-24 14:32:19 | INFO     | OK https://skeb.jp/api/users/takahashimyojin
2026-09-24 14:32:19 | INFO     | Saving at a/skeb/takahashimyojin-dd0852.json
2026-09-24 14:32:20 | INFO     | OK https://skeb.jp/api/users/migitekei_rhs
2026-09-24 14:32:20 | INFO     | Saving at a/skeb/migitekei_rhs-d42d1a.json
2026-09-24 14:32:21 | INFO     | OK https://skeb.jp/api/users/oyasnnl
2026-09-24 14:32:21 | INFO     | Saving at a/skeb/oyasnnl-467002.json
2026-09-24 14:32:22 | INFO     | OK https://skeb.jp/api/users/unagiPost
2026-09-24 14:32:22 | INFO     | Saving at a/skeb/unagiPost-484318.json
2026-09-24 14:32:23 | INFO     | OK https://skeb.jp/api/users/nWyFUwI8BN
2026-09-24 14:32:23 | INFO     | Saving at a/skeb/nWyFUwI8BN-bd5c6c.json
2026-09-24 14:32:24 | INFO     | OK https://skeb.jp/api/users/Odabuts
2026-09-24 14:32:24 | INFO     | Saving at a/skeb/Odabuts-aca7d0.json
2026-09-24 14:32:25 | INFO     | OK https://skeb.jp/api/users/toyamakino
2026-09-24 14:32:25 | INFO     | Saving at a/skeb/toyamakino-0a7ea8.json
2026-09-24 14:32:26 | INFO     | OK https://skeb.jp/api/users/negi_toro07
2026-09-24 14:32:26 | INFO     | Saving at a/skeb/negi_toro07-761bd9.json
2026-09-24 14:32:27 | INFO     | OK https://skeb.jp/api/users/marebosi
2026-09-24 14:32:27 | INFO     | Saving at a/skeb/marebosi-cad9fb.json
2026-09-24 14:32:28 | INFO     | OK https://skeb.jp/api/users/saitouyo1
2026-09-24 14:32:28 | INFO     | Saving at a/skeb/saitouyo1-efa748.json
2026-09-24 14:32:29 | INFO     | OK https://skeb.jp/api/users/manupuri_YOUKYA
2026-09-24 14:32:29 | INFO     | Saving at a/skeb/manupuri_YOUKYA-6fb41c.json
2026-09-24 14:32:30 | INFO     | OK https://skeb.jp/api/users/BOY7qYMFiqNsJFv
2026-09-24 14:32:30 | INFO     | Saving at a/skeb/BOY7qYMFiqNsJFv-f8688c.json
2026-09-24 14:32:31 | INFO     | OK https://skeb.jp/api/users/n3n_7
2026-09-24 14:32:31 | INFO     | Saving at a/skeb/n3n_7-2ca693.json
2026-09-24 14:32:32 | INFO     | OK https://skeb.jp/api/users/d53216
2026-09-24 14:32:32 | INFO     | Saving at a/skeb/d53216-002d2d.json
2026-09-24 14:32:33 | INFO     | OK https://skeb.jp/api/users/amaichan_amama
2026-09-24 14:32:33 | INFO     | Saving at a/skeb/amaichan_amama-19e191.json
2026-09-24 14:32:34 | INFO     | OK https://skeb.jp/api/users/byHanabi
2026-09-24 14:32:34 | INFO     | Saving at a/skeb/byHanabi-84e7f2.json
2026-09-24 14:32:35 | INFO     | OK https://skeb.jp/api/users/hey_go_row
2026-09-24 14:32:35 | INFO     | Saving at a/skeb/hey_go_row-802ed1.json
2026-09-24 14:32:36 | INFO     | OK https://skeb.jp/api/users/heigani35
2026-09-24 14:32:36 | INFO     | Saving at a/skeb/heigani35-9092f2.json
2026-09-24 14:32:37 | INFO     | OK https://skeb.jp/api/users/gatsby_ssl
2026-09-24 14:32:37 | INFO     | Saving at a/skeb/gatsby_ssl-8f992c.json
2026-09-24 14:32:38 | INFO     | OK https://skeb.jp/api/users/H043_
2026-09-24 14:32:38 | INFO     | Saving at a/skeb/H043_-1eda53.json
2026-09-24 14:32:39 | INFO     | OK https://skeb.jp/api/users/Gyol_0
2026-09-24 14:32:39 | INFO     | Saving at a/skeb/Gyol_0-7ce3ac.json
2026-09-24 14:32:40 | INFO     | OK https://skeb.jp/api/users/kurumi_lm
2026-09-24 14:32:40 | INFO     | Saving at a/skeb/kurumi_lm-c15983.json
2026-09-24 14:32:41 | INFO     | OK https://skeb.jp/api/users/tsuna0
2026-09-24 14:32:41 | INFO     | Saving at a/skeb/tsuna0-7fcf6a.json
2026-09-24 14:32:42 | INFO     | OK https://skeb.jp/api/users/nevion_jp
2026-09-24 14:32:42 | INFO     | Saving at a/skeb/nevion_jp-815db7.json
2026-09-24 14:32:43 | INFO     | OK https://skeb.jp/api/users/sorte_09110_
2026-09-24 14:32:43 | INFO     | Saving at a/skeb/sorte_09110_-cf9238.json
2026-09-24 14:32:44 | INFO     | OK https://skeb.jp/api/users/Shiozakiotoko
2026-09-24 14:32:44 | INFO     | Saving at a/skeb/Shiozakiotoko-872e5a.json
2026-09-24 14:32:45 | INFO     | OK https://skeb.jp/api/users/freely2327
2026-09-24 14:32:45 | INFO     | Saving at a/skeb/freely2327-50c346.json
2026-09-24 14:32:46 | INFO     | OK https://skeb.jp/api/users/shi__ba_1
2026-09-24 14:32:46 | INFO     | Saving at a/skeb/shi__ba_1-f62100.json
2026-09-24 14:32:47 | INFO     | OK https://skeb.jp/api/users/sizuokainagoya
2026-09-24 14:32:47 | INFO     | Saving at a/skeb/sizuokainagoya-1fe71d.json
2026-09-24 14:32:48 | INFO     | OK https://skeb.jp/api/users/DemensionalRobo
2026-09-24 14:32:48 | INFO     | Saving at a/skeb/DemensionalRobo-5a0a94.json
2026-09-24 14:32:49 | INFO     | OK https://skeb.jp/api/users/NyNmerov
2026-09-24 14:32:49 | INFO     | Saving at a/skeb/NyNmerov-71da8d.json
2026-09-24 14:32:50 | INFO     | OK https://skeb.jp/api/users/mr_ayarabbit
2026-09-24 14:32:50 | INFO     | Saving at a/skeb/mr_ayarabbit-f2ad92.json
2026-09-24 14:32:51 | INFO     | OK https://skeb.jp/api/users/fuwa_h8511
2026-09-24 14:32:51 | INFO     | Saving at a/skeb/fuwa_h8511-a5857a.json
2026-09-24 14:32:52 | INFO     | OK https://skeb.jp/api/users/Omoti
2026-09-24 14:32:52 | INFO     | Saving at a/skeb/Omoti-eb3acc.json
2026-09-24 14:32:53 | INFO     | OK https://skeb.jp/api/users/Roa_mofukemo33
2026-09-24 14:32:53 | INFO     | Saving at a/skeb/Roa_mofukemo33-e8c8ca.json
2026-09-24 14:32:54 | INFO     | OK https://skeb.jp/api/users/4_0_4_unknown_
2026-09-24 14:32:54 | INFO     | Saving at a/skeb/4_0_4_unknown_-e0f903.json
2026-09-24 14:32:55 | INFO     | OK https://skeb.jp/api/users/dateoyoubun
2026-09-24 14:32:55 | INFO     | Saving at a/skeb/dateoyoubun-ee8d30.json
2026-09-24 14:32:56 | INFO     | OK https://skeb.jp/api/users/uchimi_0116
2026-09-24 14:32:56 | INFO     | Saving at a/skeb/uchimi_0116-acc98c.json
2026-09-24 14:32:57 | INFO     | OK https://skeb.jp/api/users/dog_iinioi
2026-09-24 14:32:57 | INFO     | Saving at a/skeb/dog_iinioi-3813c4.json
2026-09-24 14:32:58 | INFO     | OK https://skeb.jp/api/users/yuri_fuwari
2026-09-24 14:32:58 | INFO     | Saving at a/skeb/yuri_fuwari-35706b.json
2026-09-24 14:32:59 | INFO     | OK https://skeb.jp/api/users/Indigo_Blue_anp
2026-09-24 14:32:59 | INFO     | Saving at a/skeb/Indigo_Blue_anp-702fb2.json
2026-09-24 14:33:00 | INFO     | OK https://skeb.jp/api/users/los07150727
2026-09-24 14:33:00 | INFO     | Saving at a/skeb/los07150727-6acd78.json
2026-09-24 14:33:02 | INFO     | OK https://skeb.jp/api/users/VHELAz7GrY74280
2026-09-24 14:33:02 | INFO     | Saving at a/skeb/VHELAz7GrY74280-1d8fb3.json
2026-09-24 14:33:02 | INFO     | OK https://skeb.jp/api/users/kit_create
2026-09-24 14:33:02 | INFO     | Saving at a/skeb/kit_create-32d96f.json
2026-09-24 14:33:03 | INFO     | OK https://skeb.jp/api/users/MAKIRA_001
2026-09-24 14:33:03 | INFO     | Saving at a/skeb/MAKIRA_001-43fa9c.json
2026-09-24 14:33:04 | INFO     | OK https://skeb.jp/api/users/kanantn
2026-09-24 14:33:04 | INFO     | Saving at a/skeb/kanantn-1f13bf.json
2026-09-24 14:33:05 | INFO     | OK https://skeb.jp/api/users/UC91776165
2026-09-24 14:33:05 | INFO     | Saving at a/skeb/UC91776165-adf9e5.json
2026-09-24 14:33:06 | INFO     | OK https://skeb.jp/api/users/anagumasan_
2026-09-24 14:33:06 | INFO     | Saving at a/skeb/anagumasan_-2249b2.json
2026-09-24 14:33:07 | INFO     | OK https://skeb.jp/api/users/sorakuroko08
2026-09-24 14:33:07 | INFO     | Saving at a/skeb/sorakuroko08-27064c.json
2026-09-24 14:33:08 | INFO     | OK https://skeb.jp/api/users/mtm_tomtao
2026-09-24 14:33:08 | INFO     | Saving at a/skeb/mtm_tomtao-b74f7c.json
2026-09-24 14:33:09 | INFO     | OK https://skeb.jp/api/users/yanndere_daiso
2026-09-24 14:33:09 | INFO     | Saving at a/skeb/yanndere_daiso-ab01aa.json
2026-09-24 14:33:10 | INFO     | OK https://skeb.jp/api/users/8bit_m
2026-09-24 14:33:10 | INFO     | Saving at a/skeb/8bit_m-0671ca.json
2026-09-24 14:33:11 | INFO     | OK https://skeb.jp/api/users/yuu_sagi
2026-09-24 14:33:11 | INFO     | Saving at a/skeb/yuu_sagi-16b454.json
2026-09-24 14:33:12 | INFO     | OK https://skeb.jp/api/users/fukka829
2026-09-24 14:33:12 | INFO     | Saving at a/skeb/fukka829-c8c89f.json
2026-09-24 14:33:13 | INFO     | OK https://skeb.jp/api/users/FULL_CHIYUI
2026-09-24 14:33:13 | INFO     | Saving at a/skeb/FULL_CHIYUI-b5d5c3.json
2026-09-24 14:33:14 | INFO     | OK https://skeb.jp/api/users/sugukaeru_
2026-09-24 14:33:14 | INFO     | Saving at a/skeb/sugukaeru_-ba4544.json
2026-09-24 14:33:15 | INFO     | OK https://skeb.jp/api/users/Kicdon_smash
2026-09-24 14:33:15 | INFO     | Saving at a/skeb/Kicdon_smash-62dcf5.json
2026-09-24 14:33:16 | INFO     | OK https://skeb.jp/api/users/k_www_com
2026-09-24 14:33:16 | INFO     | Saving at a/skeb/k_www_com-a302fc.json
2026-09-24 14:33:17 | INFO     | OK https://skeb.jp/api/users/THECULTBLUE
2026-09-24 14:33:17 | INFO     | Saving at a/skeb/THECULTBLUE-d9e9c3.json
2026-09-24 14:33:18 | INFO     | OK https://skeb.jp/api/users/suwaneko02
2026-09-24 14:33:18 | INFO     | Saving at a/skeb/suwaneko02-94a4e5.json
2026-09-24 14:33:19 | INFO     | OK https://skeb.jp/api/users/Shirayuki_104
2026-09-24 14:33:19 | INFO     | Saving at a/skeb/Shirayuki_104-1fd68d.json
2026-09-24 14:33:20 | INFO     | OK https://skeb.jp/api/users/mokee88
2026-09-24 14:33:20 | INFO     | Saving at a/skeb/mokee88-68ebff.json
2026-09-24 14:33:21 | INFO     | OK https://skeb.jp/api/users/eextupa0000
2026-09-24 14:33:21 | INFO     | Saving at a/skeb/eextupa0000-a00e0e.json
2026-09-24 14:33:22 | INFO     | OK https://skeb.jp/api/users/NOsechi
2026-09-24 14:33:22 | INFO     | Saving at a/skeb/NOsechi-9c842c.json
2026-09-24 14:33:23 | INFO     | OK https://skeb.jp/api/users/nekoguti13
2026-09-24 14:33:23 | INFO     | Saving at a/skeb/nekoguti13-1ebdce.json
2026-09-24 14:33:24 | INFO     | OK https://skeb.jp/api/users/wakka_p
2026-09-24 14:33:24 | INFO     | Saving at a/skeb/wakka_p-3a5dc8.json
2026-09-24 14:33:25 | INFO     | OK https://skeb.jp/api/users/aldentia_pasta
2026-09-24 14:33:25 | INFO     | Saving at a/skeb/aldentia_pasta-5c9b2f.json
2026-09-24 14:33:26 | INFO     | OK https://skeb.jp/api/users/saku__0320
2026-09-24 14:33:26 | INFO     | Saving at a/skeb/saku__0320-d8c59c.json
2026-09-24 14:33:27 | INFO     | OK https://skeb.jp/api/users/kulukulukukulu
2026-09-24 14:33:27 | INFO     | Saving at a/skeb/kulukulukukulu-37632d.json
2026-09-24 14:33:28 | INFO     | OK https://skeb.jp/api/users/tamuhiko124
2026-09-24 14:33:28 | INFO     | Saving at a/skeb/tamuhiko124-f56d3e.json
2026-09-24 14:33:29 | INFO     | OK https://skeb.jp/api/users/nemui_kuuhuku0
2026-09-24 14:33:29 | INFO     | Saving at a/skeb/nemui_kuuhuku0-c89c9e.json
2026-09-24 14:33:30 | INFO     | OK https://skeb.jp/api/users/t_k9_
2026-09-24 14:33:30 | INFO     | Saving at a/skeb/t_k9_-98eed0.json
2026-09-24 14:33:31 | INFO     | OK https://skeb.jp/api/users/2dHHAEfkiaNi7TV
2026-09-24 14:33:31 | INFO     | Saving at a/skeb/2dHHAEfkiaNi7TV-3d928e.json
2026-09-24 14:33:32 | INFO     | OK https://skeb.jp/api/users/flugail35750
2026-09-24 14:33:32 | INFO     | Saving at a/skeb/flugail35750-9e0da3.json
2026-09-24 14:33:33 | INFO     | OK https://skeb.jp/api/users/otohaTRPG
2026-09-24 14:33:33 | INFO     | Saving at a/skeb/otohaTRPG-a2601b.json
2026-09-24 14:33:34 | INFO     | OK https://skeb.jp/api/users/U_KeinSS
2026-09-24 14:33:34 | INFO     | Saving at a/skeb/U_KeinSS-ee39f1.json
2026-09-24 14:33:35 | INFO     | OK https://skeb.jp/api/users/02Surume
2026-09-24 14:33:35 | INFO     | Saving at a/skeb/02Surume-f466ac.json
2026-09-24 14:33:36 | INFO     | OK https://skeb.jp/api/users/tamakianco
2026-09-24 14:33:36 | INFO     | Saving at a/skeb/tamakianco-8f5e85.json
2026-09-24 14:33:37 | INFO     | OK https://skeb.jp/api/users/uozu__
2026-09-24 14:33:37 | INFO     | Saving at a/skeb/uozu__-208bfa.json
2026-09-24 14:33:38 | INFO     | OK https://skeb.jp/api/users/eria69eria69
2026-09-24 14:33:38 | INFO     | Saving at a/skeb/eria69eria69-8d3169.json
2026-09-24 14:33:39 | INFO     | OK https://skeb.jp/api/users/isrk0516
2026-09-24 14:33:39 | INFO     | Saving at a/skeb/isrk0516-aea0c7.json
2026-09-24 14:33:40 | INFO     | OK https://skeb.jp/api/users/momoyama_tits
2026-09-24 14:33:40 | INFO     | Saving at a/skeb/momoyama_tits-490be3.json
2026-09-24 14:33:41 | INFO     | OK https://skeb.jp/api/users/tyu_kichi
2026-09-24 14:33:41 | INFO     | Saving at a/skeb/tyu_kichi-c6d241.json
2026-09-24 14:33:42 | INFO     | OK https://skeb.jp/api/users/DolB
2026-09-24 14:33:42 | INFO     | Saving at a/skeb/DolB-94ef5b.json
2026-09-24 14:33:43 | INFO     | OK https://skeb.jp/api/users/genek
2026-09-24 14:33:43 | INFO     | Saving at a/skeb/genek-29b73c.json
2026-09-24 14:33:44 | INFO     | OK https://skeb.jp/api/users/WOWWOW0110011
2026-09-24 14:33:44 | INFO     | Saving at a/skeb/WOWWOW0110011-c5c8c5.json
2026-09-24 14:33:45 | INFO     | OK https://skeb.jp/api/users/red_cornea_blue
2026-09-24 14:33:45 | INFO     | Saving at a/skeb/red_cornea_blue-6c4769.json
2026-09-24 14:33:46 | INFO     | OK https://skeb.jp/api/users/hzk_mozu
2026-09-24 14:33:46 | INFO     | Saving at a/skeb/hzk_mozu-64aff5.json
2026-09-24 14:33:47 | INFO     | OK https://skeb.jp/api/users/flugel127
2026-09-24 14:33:47 | INFO     | Saving at a/skeb/flugel127-eb308a.json
2026-09-24 14:33:48 | INFO     | OK https://skeb.jp/api/users/Nitoi_210
2026-09-24 14:33:48 | INFO     | Saving at a/skeb/Nitoi_210-dcefe0.json
2026-09-24 14:33:49 | INFO     | OK https://skeb.jp/api/users/0q404
2026-09-24 14:33:49 | INFO     | Saving at a/skeb/0q404-cfa7bc.json
2026-09-24 14:33:50 | INFO     | OK https://skeb.jp/api/users/nel_623
2026-09-24 14:33:50 | INFO     | Saving at a/skeb/nel_623-ad2c1d.json
2026-09-24 14:33:51 | INFO     | OK https://skeb.jp/api/users/negiwork500
2026-09-24 14:33:51 | INFO     | Saving at a/skeb/negiwork500-2d19b0.json
2026-09-24 14:33:52 | INFO     | OK https://skeb.jp/api/users/hushigi10
2026-09-24 14:33:52 | INFO     | Saving at a/skeb/hushigi10-17aab9.json
2026-09-24 14:33:53 | INFO     | OK https://skeb.jp/api/users/rentann
2026-09-24 14:33:53 | INFO     | Saving at a/skeb/rentann-2f2624.json
2026-09-24 14:33:54 | INFO     | OK https://skeb.jp/api/users/melu33135
2026-09-24 14:33:54 | INFO     | Saving at a/skeb/melu33135-6844d8.json
2026-09-24 14:33:55 | INFO     | OK https://skeb.jp/api/users/akt_ar
2026-09-24 14:33:55 | INFO     | Saving at a/skeb/akt_ar-0f9676.json
2026-09-24 14:33:56 | INFO     | OK https://skeb.jp/api/users/sayA_t6
2026-09-24 14:33:56 | INFO     | Saving at a/skeb/sayA_t6-328ef3.json
2026-09-24 14:33:57 | INFO     | OK https://skeb.jp/api/users/teaaaaa511
2026-09-24 14:33:57 | INFO     | Saving at a/skeb/teaaaaa511-e6fe60.json
2026-09-24 14:33:58 | INFO     | OK https://skeb.jp/api/users/touno000
2026-09-24 14:33:58 | INFO     | Saving at a/skeb/touno000-27b9f4.json
2026-09-24 14:33:59 | INFO     | OK https://skeb.jp/api/users/nuuuuu00_xxx
2026-09-24 14:33:59 | INFO     | Saving at a/skeb/nuuuuu00_xxx-c8df8a.json
2026-09-24 14:34:00 | INFO     | OK https://skeb.jp/api/users/Dei_Taku
2026-09-24 14:34:00 | INFO     | Saving at a/skeb/Dei_Taku-f4621e.json
2026-09-24 14:34:01 | INFO     | OK https://skeb.jp/api/users/shirogane_gin_
2026-09-24 14:34:01 | INFO     | Saving at a/skeb/shirogane_gin_-d99d9e.json
2026-09-24 14:34:02 | INFO     | OK https://skeb.jp/api/users/ewu_nk
2026-09-24 14:34:02 | INFO     | Saving at a/skeb/ewu_nk-99bffb.json
2026-09-24 14:34:03 | INFO     | OK https://skeb.jp/api/users/nani_gasi000
2026-09-24 14:34:03 | INFO     | Saving at a/skeb/nani_gasi000-565ab8.json
2026-09-24 14:34:04 | INFO     | OK https://skeb.jp/api/users/uca_tw
2026-09-24 14:34:04 | INFO     | Saving at a/skeb/uca_tw-80aba9.json
2026-09-24 14:34:05 | INFO     | OK https://skeb.jp/api/users/ten_net1010
2026-09-24 14:34:05 | INFO     | Saving at a/skeb/ten_net1010-eb02c4.json
2026-09-24 14:34:06 | INFO     | OK https://skeb.jp/api/users/Mithril_SS
2026-09-24 14:34:06 | INFO     | Saving at a/skeb/Mithril_SS-bac566.json
2026-09-24 14:34:07 | INFO     | OK https://skeb.jp/api/users/betugakuzonbi
2026-09-24 14:34:07 | INFO     | Saving at a/skeb/betugakuzonbi-dffc84.json
2026-09-24 14:34:08 | INFO     | OK https://skeb.jp/api/users/hamuneko_0509
2026-09-24 14:34:08 | INFO     | Saving at a/skeb/hamuneko_0509-cb28b9.json
2026-09-24 14:34:09 | INFO     | OK https://skeb.jp/api/users/nanotynanoty
2026-09-24 14:34:09 | INFO     | Saving at a/skeb/nanotynanoty-df3124.json
2026-09-24 14:34:11 | INFO     | OK https://skeb.jp/api/users/XdQN44GNna
2026-09-24 14:34:11 | INFO     | Saving at a/skeb/XdQN44GNna-4369bb.json
2026-09-24 14:34:11 | INFO     | OK https://skeb.jp/api/users/TAOYURA
2026-09-24 14:34:11 | INFO     | Saving at a/skeb/TAOYURA-7a3422.json
2026-09-24 14:34:12 | INFO     | OK https://skeb.jp/api/users/rakupote
2026-09-24 14:34:12 | INFO     | Saving at a/skeb/rakupote-8af0ae.json
2026-09-24 14:34:13 | INFO     | OK https://skeb.jp/api/users/udeden_odon
2026-09-24 14:34:13 | INFO     | Saving at a/skeb/udeden_odon-7f67d5.json
2026-09-24 14:34:14 | INFO     | OK https://skeb.jp/api/users/Dr_Yamero
2026-09-24 14:34:14 | INFO     | Saving at a/skeb/Dr_Yamero-0e6672.json
2026-09-24 14:34:15 | INFO     | OK https://skeb.jp/api/users/jiburi09
2026-09-24 14:34:15 | INFO     | Saving at a/skeb/jiburi09-cc4f24.json
2026-09-24 14:34:16 | INFO     | OK https://skeb.jp/api/users/koudukitsubasa
2026-09-24 14:34:16 | INFO     | Saving at a/skeb/koudukitsubasa-ea3637.json
2026-09-24 14:34:17 | INFO     | OK https://skeb.jp/api/users/ao_wo_
2026-09-24 14:34:17 | INFO     | Saving at a/skeb/ao_wo_-4acf01.json
2026-09-24 14:34:18 | INFO     | OK https://skeb.jp/api/users/siro90414
2026-09-24 14:34:18 | INFO     | Saving at a/skeb/siro90414-bea938.json
2026-09-24 14:34:19 | INFO     | OK https://skeb.jp/api/users/morikontan
2026-09-24 14:34:19 | INFO     | Saving at a/skeb/morikontan-f8ff58.json
2026-09-24 14:34:20 | INFO     | OK https://skeb.jp/api/users/44tanutanu
2026-09-24 14:34:20 | INFO     | Saving at a/skeb/44tanutanu-95bd5b.json
2026-09-24 14:34:21 | INFO     | OK https://skeb.jp/api/users/sn77of
2026-09-24 14:34:21 | INFO     | Saving at a/skeb/sn77of-ec13a0.json
2026-09-24 14:34:22 | INFO     | OK https://skeb.jp/api/users/ss___a__
2026-09-24 14:34:22 | INFO     | Saving at a/skeb/ss___a__-658b86.json
2026-09-24 14:34:23 | INFO     | OK https://skeb.jp/api/users/krtr_kurotoro
2026-09-24 14:34:23 | INFO     | Saving at a/skeb/krtr_kurotoro-7d3ff9.json
2026-09-24 14:34:25 | INFO     | OK https://skeb.jp/api/users/misooo_ll
2026-09-24 14:34:25 | INFO     | Saving at a/skeb/misooo_ll-464c57.json
2026-09-24 14:34:25 | INFO     | OK https://skeb.jp/api/users/melowly_firefly
2026-09-24 14:34:26 | INFO     | Saving at a/skeb/melowly_firefly-103ec9.json
2026-09-24 14:34:26 | INFO     | OK https://skeb.jp/api/users/Yoitionm2
2026-09-24 14:34:26 | INFO     | Saving at a/skeb/Yoitionm2-5585f4.json
2026-09-24 14:34:27 | INFO     | OK https://skeb.jp/api/users/menmamemenma_
2026-09-24 14:34:27 | INFO     | Saving at a/skeb/menmamemenma_-cd99a3.json
2026-09-24 14:34:28 | INFO     | OK https://skeb.jp/api/users/mellow_kaede
2026-09-24 14:34:28 | INFO     | Saving at a/skeb/mellow_kaede-0e8412.json
2026-09-24 14:34:29 | INFO     | OK https://skeb.jp/api/users/KST_TCA
2026-09-24 14:34:29 | INFO     | Saving at a/skeb/KST_TCA-864bd5.json
2026-09-24 14:34:30 | INFO     | OK https://skeb.jp/api/users/RoseePoire
2026-09-24 14:34:30 | INFO     | Saving at a/skeb/RoseePoire-4d7929.json
2026-09-24 14:34:31 | INFO     | OK https://skeb.jp/api/users/akai4yui
2026-09-24 14:34:31 | INFO     | Saving at a/skeb/akai4yui-9e4977.json
2026-09-24 14:34:32 | INFO     | OK https://skeb.jp/api/users/koumokushu
2026-09-24 14:34:32 | INFO     | Saving at a/skeb/koumokushu-2961d8.json
2026-09-24 14:34:34 | INFO     | OK https://skeb.jp/api/users/83koart
2026-09-24 14:34:34 | INFO     | Saving at a/skeb/83koart-23c747.json
2026-09-24 14:34:34 | INFO     | OK https://skeb.jp/api/users/dx770bpp
2026-09-24 14:34:34 | INFO     | Saving at a/skeb/dx770bpp-23a3a8.json
2026-09-24 14:34:35 | INFO     | OK https://skeb.jp/api/users/t_9m13
2026-09-24 14:34:35 | INFO     | Saving at a/skeb/t_9m13-9269df.json
2026-09-24 14:34:36 | INFO     | OK https://skeb.jp/api/users/yU__A121
2026-09-24 14:34:36 | INFO     | Saving at a/skeb/yU__A121-d88c19.json
2026-09-24 14:34:38 | INFO     | OK https://skeb.jp/api/users/gesu_555
2026-09-24 14:34:38 | INFO     | Saving at a/skeb/gesu_555-2db6cf.json
2026-09-24 14:34:39 | INFO     | OK https://skeb.jp/api/users/stm_735
2026-09-24 14:34:39 | INFO     | Saving at a/skeb/stm_735-d81fab.json
2026-09-24 14:34:39 | INFO     | OK https://skeb.jp/api/users/h_k_poison
2026-09-24 14:34:39 | INFO     | Saving at a/skeb/h_k_poison-ec84c8.json
2026-09-24 14:34:40 | INFO     | OK https://skeb.jp/api/users/wadowadoyuki
2026-09-24 14:34:40 | INFO     | Saving at a/skeb/wadowadoyuki-1e274d.json
2026-09-24 14:34:41 | INFO     | OK https://skeb.jp/api/users/Kokona11323831
2026-09-24 14:34:41 | INFO     | Saving at a/skeb/Kokona11323831-38ebfb.json
2026-09-24 14:34:42 | INFO     | OK https://skeb.jp/api/users/kuriki_yu
2026-09-24 14:34:42 | INFO     | Saving at a/skeb/kuriki_yu-f235d1.json
2026-09-24 14:34:43 | INFO     | OK https://skeb.jp/api/users/mykisnk
2026-09-24 14:34:43 | INFO     | Saving at a/skeb/mykisnk-69c709.json
2026-09-24 14:34:44 | INFO     | OK https://skeb.jp/api/users/maki_haruki
2026-09-24 14:34:44 | INFO     | Saving at a/skeb/maki_haruki-e51e78.json
2026-09-24 14:34:45 | INFO     | OK https://skeb.jp/api/users/okoge_16
2026-09-24 14:34:45 | INFO     | Saving at a/skeb/okoge_16-13ed84.json
2026-09-24 14:34:46 | INFO     | OK https://skeb.jp/api/users/mariopnn788
2026-09-24 14:34:46 | INFO     | Saving at a/skeb/mariopnn788-07cf8e.json
2026-09-24 14:34:47 | INFO     | OK https://skeb.jp/api/users/Uribou1027
2026-09-24 14:34:47 | INFO     | Saving at a/skeb/Uribou1027-ed30f5.json
2026-09-24 14:34:48 | INFO     | OK https://skeb.jp/api/users/tu2___na7
2026-09-24 14:34:48 | INFO     | Saving at a/skeb/tu2___na7-76b761.json
2026-09-24 14:34:49 | INFO     | OK https://skeb.jp/api/users/R_i_P___M
2026-09-24 14:34:49 | INFO     | Saving at a/skeb/R_i_P___M-edbfa2.json
2026-09-24 14:34:50 | INFO     | OK https://skeb.jp/api/users/WatamiWato1230
2026-09-24 14:34:50 | INFO     | Saving at a/skeb/WatamiWato1230-7e9249.json
2026-09-24 14:34:51 | INFO     | OK https://skeb.jp/api/users/cleyera_tz
2026-09-24 14:34:51 | INFO     | Saving at a/skeb/cleyera_tz-bca376.json
2026-09-24 14:34:52 | INFO     | OK https://skeb.jp/api/users/Karintooosushi
2026-09-24 14:34:52 | INFO     | Saving at a/skeb/Karintooosushi-e32f9a.json
2026-09-24 14:34:53 | INFO     | OK https://skeb.jp/api/users/NrU6c
2026-09-24 14:34:53 | INFO     | Saving at a/skeb/NrU6c-15f4d6.json
2026-09-24 14:34:54 | INFO     | OK https://skeb.jp/api/users/koutyanomitai
2026-09-24 14:34:54 | INFO     | Saving at a/skeb/koutyanomitai-2271bd.json
2026-09-24 14:34:55 | INFO     | OK https://skeb.jp/api/users/017ri
2026-09-24 14:34:55 | INFO     | Saving at a/skeb/017ri-688cbb.json
2026-09-24 14:34:56 | INFO     | OK https://skeb.jp/api/users/TREAT_0x1A
2026-09-24 14:34:56 | INFO     | Saving at a/skeb/TREAT_0x1A-a9eac4.json
2026-09-24 14:34:57 | INFO     | OK https://skeb.jp/api/users/6662s_f
2026-09-24 14:34:57 | INFO     | Saving at a/skeb/6662s_f-b3e49d.json
2026-09-24 14:34:58 | INFO     | OK https://skeb.jp/api/users/ozm_desu
2026-09-24 14:34:58 | INFO     | Saving at a/skeb/ozm_desu-fefb91.json
2026-09-24 14:34:59 | INFO     | OK https://skeb.jp/api/users/zerokuro00
2026-09-24 14:34:59 | INFO     | Saving at a/skeb/zerokuro00-e2463e.json
2026-09-24 14:35:00 | INFO     | OK https://skeb.jp/api/users/p9CynTfkof91410
2026-09-24 14:35:00 | INFO     | Saving at a/skeb/p9CynTfkof91410-8ca1c1.json
2026-09-24 14:35:01 | INFO     | OK https://skeb.jp/api/users/showeR_krS
2026-09-24 14:35:01 | INFO     | Saving at a/skeb/showeR_krS-95e3dc.json
2026-09-24 14:35:02 | INFO     | OK https://skeb.jp/api/users/nii_tdhi
2026-09-24 14:35:02 | INFO     | Saving at a/skeb/nii_tdhi-735adc.json
2026-09-24 14:35:03 | INFO     | OK https://skeb.jp/api/users/usagikyogijo
2026-09-24 14:35:03 | INFO     | Saving at a/skeb/usagikyogijo-4b414c.json
2026-09-24 14:35:04 | INFO     | OK https://skeb.jp/api/users/gx9THqXoF369Eys
2026-09-24 14:35:04 | INFO     | Saving at a/skeb/gx9THqXoF369Eys-89dbf8.json
2026-09-24 14:35:05 | INFO     | OK https://skeb.jp/api/users/_4nne1_
2026-09-24 14:35:05 | INFO     | Saving at a/skeb/_4nne1_-839f6c.json
2026-09-24 14:35:06 | INFO     | OK https://skeb.jp/api/users/vastole
2026-09-24 14:35:06 | INFO     | Saving at a/skeb/vastole-5ea01d.json
2026-09-24 14:35:07 | INFO     | OK https://skeb.jp/api/users/_LAB_01
2026-09-24 14:35:07 | INFO     | Saving at a/skeb/_LAB_01-95ee8d.json
2026-09-24 14:35:08 | INFO     | OK https://skeb.jp/api/users/mayu_m
2026-09-24 14:35:08 | INFO     | Saving at a/skeb/mayu_m-c467b7.json
2026-09-24 14:35:10 | INFO     | OK https://skeb.jp/api/users/monookimon
2026-09-24 14:35:10 | INFO     | Saving at a/skeb/monookimon-360088.json
2026-09-24 14:35:10 | INFO     | OK https://skeb.jp/api/users/SpoonP_
2026-09-24 14:35:10 | INFO     | Saving at a/skeb/SpoonP_-7f8ba9.json
2026-09-24 14:35:12 | INFO     | OK https://skeb.jp/api/users/RinMix0
2026-09-24 14:35:12 | INFO     | Saving at a/skeb/RinMix0-003e9c.json
2026-09-24 14:35:12 | INFO     | OK https://skeb.jp/api/users/ginziro525
2026-09-24 14:35:12 | INFO     | Saving at a/skeb/ginziro525-4faee6.json
2026-09-24 14:35:13 | INFO     | OK https://skeb.jp/api/users/Osada
2026-09-24 14:35:13 | INFO     | Saving at a/skeb/Osada-bbcf0e.json
2026-09-24 14:35:14 | INFO     | OK https://skeb.jp/api/users/AOGAMI_O
2026-09-24 14:35:14 | INFO     | Saving at a/skeb/AOGAMI_O-794a00.json
2026-09-24 14:35:15 | INFO     | OK https://skeb.jp/api/users/yukitsugu_tsugu
2026-09-24 14:35:15 | INFO     | Saving at a/skeb/yukitsugu_tsugu-55b424.json
2026-09-24 14:35:16 | INFO     | OK https://skeb.jp/api/users/yopi_sushi0141
2026-09-24 14:35:16 | INFO     | Saving at a/skeb/yopi_sushi0141-ad6548.json
2026-09-24 14:35:17 | INFO     | OK https://skeb.jp/api/users/6RrEsOzxbR2563
2026-09-24 14:35:17 | INFO     | Saving at a/skeb/6RrEsOzxbR2563-ffa86f.json
2026-09-24 14:35:18 | INFO     | OK https://skeb.jp/api/users/bbmr_hnkn
2026-09-24 14:35:18 | INFO     | Saving at a/skeb/bbmr_hnkn-50326c.json
2026-09-24 14:35:19 | INFO     | OK https://skeb.jp/api/users/Mordvna
2026-09-24 14:35:19 | INFO     | Saving at a/skeb/Mordvna-70b0a2.json
2026-09-24 14:35:20 | INFO     | OK https://skeb.jp/api/users/37_Kugo_95
2026-09-24 14:35:20 | INFO     | Saving at a/skeb/37_Kugo_95-cee466.json
2026-09-24 14:35:21 | INFO     | OK https://skeb.jp/api/users/meowshangrila
2026-09-24 14:35:21 | INFO     | Saving at a/skeb/meowshangrila-5fd123.json
2026-09-24 14:35:22 | INFO     | OK https://skeb.jp/api/users/akkimametu
2026-09-24 14:35:22 | INFO     | Saving at a/skeb/akkimametu-1d3a0f.json
2026-09-24 14:35:23 | INFO     | OK https://skeb.jp/api/users/Suikablue
2026-09-24 14:35:23 | INFO     | Saving at a/skeb/Suikablue-778963.json
2026-09-24 14:35:25 | INFO     | OK https://skeb.jp/api/users/siruzakura
2026-09-24 14:35:25 | INFO     | Saving at a/skeb/siruzakura-d3ec56.json
2026-09-24 14:35:25 | INFO     | OK https://skeb.jp/api/users/Ritosmile25
2026-09-24 14:35:25 | INFO     | Saving at a/skeb/Ritosmile25-9af1ec.json
2026-09-24 14:35:26 | INFO     | OK https://skeb.jp/api/users/anri
2026-09-24 14:35:26 | INFO     | Saving at a/skeb/anri-59dcfe.json
2026-09-24 14:35:27 | INFO     | OK https://skeb.jp/api/users/Hidaka_Umi
2026-09-24 14:35:27 | INFO     | Saving at a/skeb/Hidaka_Umi-fc498b.json
2026-09-24 14:35:28 | INFO     | OK https://skeb.jp/api/users/hokuroryuseigun
2026-09-24 14:35:28 | INFO     | Saving at a/skeb/hokuroryuseigun-1e2dd9.json
2026-09-24 14:35:29 | INFO     | OK https://skeb.jp/api/users/takamagaxx0801
2026-09-24 14:35:29 | INFO     | Saving at a/skeb/takamagaxx0801-c26f88.json
2026-09-24 14:35:30 | INFO     | OK https://skeb.jp/api/users/zi_honda
2026-09-24 14:35:30 | INFO     | Saving at a/skeb/zi_honda-03f68d.json
2026-09-24 14:35:31 | INFO     | OK https://skeb.jp/api/users/s3rs11
2026-09-24 14:35:31 | INFO     | Saving at a/skeb/s3rs11-9323d3.json
2026-09-24 14:35:32 | INFO     | OK https://skeb.jp/api/users/__mlsn
2026-09-24 14:35:32 | INFO     | Saving at a/skeb/__mlsn-afab52.json
2026-09-24 14:35:33 | INFO     | OK https://skeb.jp/api/users/369rim
2026-09-24 14:35:33 | INFO     | Saving at a/skeb/369rim-5f4753.json
2026-09-24 14:35:34 | INFO     | OK https://skeb.jp/api/users/ta_wa_wan
2026-09-24 14:35:34 | INFO     | Saving at a/skeb/ta_wa_wan-764d25.json
2026-09-24 14:35:35 | INFO     | OK https://skeb.jp/api/users/ebi_oishiiii
2026-09-24 14:35:35 | INFO     | Saving at a/skeb/ebi_oishiiii-0ab976.json
2026-09-24 14:35:36 | INFO     | OK https://skeb.jp/api/users/siguleNSFW
2026-09-24 14:35:36 | INFO     | Saving at a/skeb/siguleNSFW-3864f8.json
2026-09-24 14:35:37 | INFO     | OK https://skeb.jp/api/users/clavis_kz
2026-09-24 14:35:37 | INFO     | Saving at a/skeb/clavis_kz-ba2297.json
2026-09-24 14:35:38 | INFO     | OK https://skeb.jp/api/users/Hoenn17
2026-09-24 14:35:38 | INFO     | Saving at a/skeb/Hoenn17-a7df8e.json
2026-09-24 14:35:39 | INFO     | OK https://skeb.jp/api/users/IPPNZN_
2026-09-24 14:35:39 | INFO     | Saving at a/skeb/IPPNZN_-770cbb.json
2026-09-24 14:35:40 | INFO     | OK https://skeb.jp/api/users/Enoki_mannnnnnn
2026-09-24 14:35:40 | INFO     | Saving at a/skeb/Enoki_mannnnnnn-7698d3.json
2026-09-24 14:35:41 | INFO     | OK https://skeb.jp/api/users/origami_1008
2026-09-24 14:35:41 | INFO     | Saving at a/skeb/origami_1008-3afac9.json
2026-09-24 14:35:42 | INFO     | OK https://skeb.jp/api/users/uniuni_38
2026-09-24 14:35:42 | INFO     | Saving at a/skeb/uniuni_38-1d8e49.json
2026-09-24 14:35:43 | INFO     | OK https://skeb.jp/api/users/Tamase_Tama
2026-09-24 14:35:43 | INFO     | Saving at a/skeb/Tamase_Tama-be486e.json
2026-09-24 14:35:44 | INFO     | OK https://skeb.jp/api/users/wa_ra04145
2026-09-24 14:35:44 | INFO     | Saving at a/skeb/wa_ra04145-c1bceb.json
2026-09-24 14:35:45 | INFO     | OK https://skeb.jp/api/users/sumi_SU_MI
2026-09-24 14:35:45 | INFO     | Saving at a/skeb/sumi_SU_MI-9940d2.json
2026-09-24 14:35:46 | INFO     | OK https://skeb.jp/api/users/sakanaaj1
2026-09-24 14:35:46 | INFO     | Saving at a/skeb/sakanaaj1-b603f0.json
2026-09-24 14:35:47 | INFO     | OK https://skeb.jp/api/users/h1t1u
2026-09-24 14:35:47 | INFO     | Saving at a/skeb/h1t1u-261944.json
2026-09-24 14:35:48 | INFO     | OK https://skeb.jp/api/users/holysarvel
2026-09-24 14:35:48 | INFO     | Saving at a/skeb/holysarvel-08d8d6.json
2026-09-24 14:35:49 | INFO     | OK https://skeb.jp/api/users/1a1aCthulhu
2026-09-24 14:35:49 | INFO     | Saving at a/skeb/1a1aCthulhu-34d33d.json
2026-09-24 14:35:50 | INFO     | OK https://skeb.jp/api/users/arki_hrzoi
2026-09-24 14:35:50 | INFO     | Saving at a/skeb/arki_hrzoi-17c2b0.json
2026-09-24 14:35:51 | INFO     | OK https://skeb.jp/api/users/toufu0301
2026-09-24 14:35:51 | INFO     | Saving at a/skeb/toufu0301-d9ea1b.json
2026-09-24 14:35:52 | INFO     | OK https://skeb.jp/api/users/tadanotarosuke
2026-09-24 14:35:52 | INFO     | Saving at a/skeb/tadanotarosuke-95f862.json
2026-09-24 14:35:53 | INFO     | OK https://skeb.jp/api/users/eto_amu
2026-09-24 14:35:53 | INFO     | Saving at a/skeb/eto_amu-8e2e9b.json
2026-09-24 14:35:54 | INFO     | OK https://skeb.jp/api/users/OthxfULPGF
2026-09-24 14:35:54 | INFO     | Saving at a/skeb/OthxfULPGF-6771b6.json
2026-09-24 14:35:55 | INFO     | OK https://skeb.jp/api/users/tnt_o01
2026-09-24 14:35:55 | INFO     | Saving at a/skeb/tnt_o01-5ebdd9.json
2026-09-24 14:35:56 | INFO     | OK https://skeb.jp/api/users/dd41023237
2026-09-24 14:35:56 | INFO     | Saving at a/skeb/dd41023237-ff8a70.json
2026-09-24 14:35:57 | INFO     | OK https://skeb.jp/api/users/mybrokenpencil1
2026-09-24 14:35:57 | INFO     | Saving at a/skeb/mybrokenpencil1-637155.json
2026-09-24 14:35:58 | INFO     | OK https://skeb.jp/api/users/suirin_mea0103
2026-09-24 14:35:58 | INFO     | Saving at a/skeb/suirin_mea0103-461e97.json
2026-09-24 14:35:59 | INFO     | OK https://skeb.jp/api/users/hanurudesu
2026-09-24 14:35:59 | INFO     | Saving at a/skeb/hanurudesu-c1f1cd.json
2026-09-24 14:36:00 | INFO     | OK https://skeb.jp/api/users/takenmot_
2026-09-24 14:36:00 | INFO     | Saving at a/skeb/takenmot_-d2e13a.json
2026-09-24 14:36:02 | INFO     | OK https://skeb.jp/api/users/inukkomaru
2026-09-24 14:36:02 | INFO     | Saving at a/skeb/inukkomaru-bb98e5.json
2026-09-24 14:36:02 | INFO     | OK https://skeb.jp/api/users/W7BKirqyK6
2026-09-24 14:36:02 | INFO     | Saving at a/skeb/W7BKirqyK6-03873c.json
2026-09-24 14:36:03 | INFO     | OK https://skeb.jp/api/users/gutterland
2026-09-24 14:36:03 | INFO     | Saving at a/skeb/gutterland-716020.json
2026-09-24 14:36:04 | INFO     | OK https://skeb.jp/api/users/haijiru334
2026-09-24 14:36:04 | INFO     | Saving at a/skeb/haijiru334-ddb9eb.json
2026-09-24 14:36:05 | INFO     | OK https://skeb.jp/api/users/teriyaki0722
2026-09-24 14:36:05 | INFO     | Saving at a/skeb/teriyaki0722-bb3388.json
2026-09-24 14:36:06 | INFO     | OK https://skeb.jp/api/users/na____shi28
2026-09-24 14:36:06 | INFO     | Saving at a/skeb/na____shi28-340612.json
2026-09-24 14:36:07 | INFO     | OK https://skeb.jp/api/users/suzuno3110
2026-09-24 14:36:07 | INFO     | Saving at a/skeb/suzuno3110-1059df.json
2026-09-24 14:36:08 | INFO     | OK https://skeb.jp/api/users/kaninu_nosi
2026-09-24 14:36:08 | INFO     | Saving at a/skeb/kaninu_nosi-2f43ec.json
2026-09-24 14:36:09 | INFO     | OK https://skeb.jp/api/users/ma_bo_ro
2026-09-24 14:36:09 | INFO     | Saving at a/skeb/ma_bo_ro-5d66b0.json
2026-09-24 14:36:10 | INFO     | OK https://skeb.jp/api/users/sio_anko2
2026-09-24 14:36:10 | INFO     | Saving at a/skeb/sio_anko2-ee49f3.json
2026-09-24 14:36:11 | INFO     | OK https://skeb.jp/api/users/kirei_numa1
2026-09-24 14:36:11 | INFO     | Saving at a/skeb/kirei_numa1-cf9453.json
2026-09-24 14:36:12 | INFO     | OK https://skeb.jp/api/users/uooo_zz
2026-09-24 14:36:12 | INFO     | Saving at a/skeb/uooo_zz-71232a.json
2026-09-24 14:36:13 | INFO     | OK https://skeb.jp/api/users/hatomune_T
2026-09-24 14:36:13 | INFO     | Saving at a/skeb/hatomune_T-6cc0f5.json
2026-09-24 14:36:14 | INFO     | OK https://skeb.jp/api/users/yumambo
2026-09-24 14:36:14 | INFO     | Saving at a/skeb/yumambo-4ec93c.json
2026-09-24 14:36:15 | INFO     | OK https://skeb.jp/api/users/fudonken
2026-09-24 14:36:15 | INFO     | Saving at a/skeb/fudonken-a7b6a6.json
2026-09-24 14:36:16 | INFO     | OK https://skeb.jp/api/users/pome0826
2026-09-24 14:36:16 | INFO     | Saving at a/skeb/pome0826-2b911f.json
2026-09-24 14:36:17 | INFO     | OK https://skeb.jp/api/users/tyakabisu
2026-09-24 14:36:17 | INFO     | Saving at a/skeb/tyakabisu-05ad06.json
2026-09-24 14:36:18 | INFO     | OK https://skeb.jp/api/users/HakudaK
2026-09-24 14:36:18 | INFO     | Saving at a/skeb/HakudaK-3e4314.json
2026-09-24 14:36:19 | INFO     | OK https://skeb.jp/api/users/hana_tsuru_wo
2026-09-24 14:36:19 | INFO     | Saving at a/skeb/hana_tsuru_wo-56696d.json
2026-09-24 14:36:20 | INFO     | OK https://skeb.jp/api/users/YzgHbpMVbQmjzfh
2026-09-24 14:36:20 | INFO     | Saving at a/skeb/YzgHbpMVbQmjzfh-791ed5.json
2026-09-24 14:36:21 | INFO     | OK https://skeb.jp/api/users/coof_000o
2026-09-24 14:36:21 | INFO     | Saving at a/skeb/coof_000o-c5a90a.json
2026-09-24 14:36:22 | INFO     | OK https://skeb.jp/api/users/potte0530
2026-09-24 14:36:22 | INFO     | Saving at a/skeb/potte0530-916c0b.json
2026-09-24 14:36:23 | INFO     | OK https://skeb.jp/api/users/metanuuu_com
2026-09-24 14:36:23 | INFO     | Saving at a/skeb/metanuuu_com-a422d7.json
2026-09-24 14:36:24 | INFO     | OK https://skeb.jp/api/users/ruokka034
2026-09-24 14:36:24 | INFO     | Saving at a/skeb/ruokka034-0d47dd.json
2026-09-24 14:36:25 | INFO     | OK https://skeb.jp/api/users/aropotto_yyp
2026-09-24 14:36:25 | INFO     | Saving at a/skeb/aropotto_yyp-ffc3ea.json
2026-09-24 14:36:27 | INFO     | OK https://skeb.jp/api/users/aburaage_kiki_7
2026-09-24 14:36:27 | INFO     | Saving at a/skeb/aburaage_kiki_7-315665.json
2026-09-24 14:36:27 | INFO     | OK https://skeb.jp/api/users/1t6km
2026-09-24 14:36:27 | INFO     | Saving at a/skeb/1t6km-44a49a.json
2026-09-24 14:36:28 | INFO     | OK https://skeb.jp/api/users/ten_gogh
2026-09-24 14:36:28 | INFO     | Saving at a/skeb/ten_gogh-e238c0.json
2026-09-24 14:36:29 | INFO     | OK https://skeb.jp/api/users/mryk_demon
2026-09-24 14:36:29 | INFO     | Saving at a/skeb/mryk_demon-b19304.json
2026-09-24 14:36:30 | INFO     | OK https://skeb.jp/api/users/Sakuragiskura
2026-09-24 14:36:30 | INFO     | Saving at a/skeb/Sakuragiskura-836405.json
2026-09-24 14:36:31 | INFO     | OK https://skeb.jp/api/users/NaTa
2026-09-24 14:36:31 | INFO     | Saving at a/skeb/NaTa-8577ba.json
2026-09-24 14:36:32 | INFO     | OK https://skeb.jp/api/users/mochisada000
2026-09-24 14:36:32 | INFO     | Saving at a/skeb/mochisada000-7d20e1.json
2026-09-24 14:36:33 | INFO     | OK https://skeb.jp/api/users/Firamyan
2026-09-24 14:36:33 | INFO     | Saving at a/skeb/Firamyan-ace352.json
2026-09-24 14:36:34 | INFO     | OK https://skeb.jp/api/users/x_xonsx_x
2026-09-24 14:36:34 | INFO     | Saving at a/skeb/x_xonsx_x-042428.json
2026-09-24 14:36:35 | INFO     | OK https://skeb.jp/api/users/Fukachi_
2026-09-24 14:36:35 | INFO     | Saving at a/skeb/Fukachi_-2a1a8a.json
2026-09-24 14:36:36 | INFO     | OK https://skeb.jp/api/users/Rat0052
2026-09-24 14:36:36 | INFO     | Saving at a/skeb/Rat0052-121655.json
2026-09-24 14:36:37 | INFO     | OK https://skeb.jp/api/users/8AIVD
2026-09-24 14:36:37 | INFO     | Saving at a/skeb/8AIVD-ab42ec.json
2026-09-24 14:36:38 | INFO     | OK https://skeb.jp/api/users/7stel2aR
2026-09-24 14:36:38 | INFO     | Saving at a/skeb/7stel2aR-dce2db.json
2026-09-24 14:36:39 | INFO     | OK https://skeb.jp/api/users/kore_inu
2026-09-24 14:36:39 | INFO     | Saving at a/skeb/kore_inu-ba47b6.json
2026-09-24 14:36:40 | INFO     | OK https://skeb.jp/api/users/nishi_pixel
2026-09-24 14:36:40 | INFO     | Saving at a/skeb/nishi_pixel-275436.json
2026-09-24 14:36:41 | INFO     | OK https://skeb.jp/api/users/mahit0
2026-09-24 14:36:41 | INFO     | Saving at a/skeb/mahit0-140231.json
2026-09-24 14:36:42 | INFO     | OK https://skeb.jp/api/users/ka07se
2026-09-24 14:36:42 | INFO     | Saving at a/skeb/ka07se-e621b0.json
2026-09-24 14:36:43 | INFO     | OK https://skeb.jp/api/users/m0ti_m0tidayo
2026-09-24 14:36:43 | INFO     | Saving at a/skeb/m0ti_m0tidayo-18924e.json
2026-09-24 14:36:44 | INFO     | OK https://skeb.jp/api/users/danure_senbei
2026-09-24 14:36:44 | INFO     | Saving at a/skeb/danure_senbei-3bb2d0.json
2026-09-24 14:36:45 | INFO     | OK https://skeb.jp/api/users/fiorella
2026-09-24 14:36:45 | INFO     | Saving at a/skeb/fiorella-a92983.json
2026-09-24 14:36:46 | INFO     | OK https://skeb.jp/api/users/klm1511
2026-09-24 14:36:46 | INFO     | Saving at a/skeb/klm1511-712b47.json
2026-09-24 14:36:47 | INFO     | OK https://skeb.jp/api/users/same_xxlo
2026-09-24 14:36:47 | INFO     | Saving at a/skeb/same_xxlo-ac40b8.json
2026-09-24 14:36:48 | INFO     | OK https://skeb.jp/api/users/kusunokiibunya
2026-09-24 14:36:48 | INFO     | Saving at a/skeb/kusunokiibunya-8d890c.json
2026-09-24 14:36:49 | INFO     | OK https://skeb.jp/api/users/azuma_sanotsuki
2026-09-24 14:36:49 | INFO     | Saving at a/skeb/azuma_sanotsuki-3227bb.json
2026-09-24 14:36:50 | INFO     | OK https://skeb.jp/api/users/zawashio1013
2026-09-24 14:36:50 | INFO     | Saving at a/skeb/zawashio1013-c53511.json
2026-09-24 14:36:51 | INFO     | OK https://skeb.jp/api/users/Ichikawa_June
2026-09-24 14:36:51 | INFO     | Saving at a/skeb/Ichikawa_June-aa0b5e.json
2026-09-24 14:36:52 | INFO     | OK https://skeb.jp/api/users/4beruku
2026-09-24 14:36:52 | INFO     | Saving at a/skeb/4beruku-80cf22.json
2026-09-24 14:36:53 | INFO     | OK https://skeb.jp/api/users/Bib1_65
2026-09-24 14:36:53 | INFO     | Saving at a/skeb/Bib1_65-2c3236.json
2026-09-24 14:36:54 | INFO     | OK https://skeb.jp/api/users/Leon2_9
2026-09-24 14:36:54 | INFO     | Saving at a/skeb/Leon2_9-75515b.json
2026-09-24 14:36:55 | INFO     | OK https://skeb.jp/api/users/hitori_niko
2026-09-24 14:36:55 | INFO     | Saving at a/skeb/hitori_niko-1f708b.json
2026-09-24 14:36:56 | INFO     | OK https://skeb.jp/api/users/mizumarirui
2026-09-24 14:36:56 | INFO     | Saving at a/skeb/mizumarirui-b400b8.json
2026-09-24 14:36:57 | INFO     | OK https://skeb.jp/api/users/Hina_SuS_aniH
2026-09-24 14:36:57 | INFO     | Saving at a/skeb/Hina_SuS_aniH-f9fd8c.json
2026-09-24 14:36:58 | INFO     | OK https://skeb.jp/api/users/piyopiyo3_3
2026-09-24 14:36:58 | INFO     | Saving at a/skeb/piyopiyo3_3-a69223.json
2026-09-24 14:36:59 | INFO     | OK https://skeb.jp/api/users/ego_skeb
2026-09-24 14:36:59 | INFO     | Saving at a/skeb/ego_skeb-b07874.json
2026-09-24 14:37:01 | INFO     | OK https://skeb.jp/api/users/Gammamoca
2026-09-24 14:37:01 | INFO     | Saving at a/skeb/Gammamoca-01f3be.json
2026-09-24 14:37:01 | INFO     | OK https://skeb.jp/api/users/kara_sashi
2026-09-24 14:37:01 | INFO     | Saving at a/skeb/kara_sashi-67bfc9.json
2026-09-24 14:37:02 | INFO     | OK https://skeb.jp/api/users/kyokuyatomori
2026-09-24 14:37:02 | INFO     | Saving at a/skeb/kyokuyatomori-eb68cd.json
2026-09-24 14:37:03 | INFO     | OK https://skeb.jp/api/users/hirota_2
2026-09-24 14:37:03 | INFO     | Saving at a/skeb/hirota_2-1565f5.json
2026-09-24 14:37:04 | INFO     | OK https://skeb.jp/api/users/shakemayo0
2026-09-24 14:37:04 | INFO     | Saving at a/skeb/shakemayo0-ca6826.json
2026-09-24 14:37:05 | INFO     | OK https://skeb.jp/api/users/shion5200
2026-09-24 14:37:05 | INFO     | Saving at a/skeb/shion5200-8b0dac.json
2026-09-24 14:37:06 | INFO     | OK https://skeb.jp/api/users/MZ2FQKoXakQl1el
2026-09-24 14:37:06 | INFO     | Saving at a/skeb/MZ2FQKoXakQl1el-cb556a.json
2026-09-24 14:37:07 | INFO     | OK https://skeb.jp/api/users/5legDog
2026-09-24 14:37:07 | INFO     | Saving at a/skeb/5legDog-ccee11.json
2026-09-24 14:37:08 | INFO     | OK https://skeb.jp/api/users/sunaoni704
2026-09-24 14:37:08 | INFO     | Saving at a/skeb/sunaoni704-0bd36c.json
2026-09-24 14:37:09 | INFO     | OK https://skeb.jp/api/users/Cei4rttttt
2026-09-24 14:37:09 | INFO     | Saving at a/skeb/Cei4rttttt-bc3bea.json
2026-09-24 14:37:10 | INFO     | OK https://skeb.jp/api/users/jo_oekaki_
2026-09-24 14:37:10 | INFO     | Saving at a/skeb/jo_oekaki_-5f88fb.json
2026-09-24 14:37:11 | INFO     | OK https://skeb.jp/api/users/yuzuootori
2026-09-24 14:37:11 | INFO     | Saving at a/skeb/yuzuootori-8b66bc.json
2026-09-24 14:37:12 | INFO     | OK https://skeb.jp/api/users/enalilly_0333
2026-09-24 14:37:12 | INFO     | Saving at a/skeb/enalilly_0333-1c4bbc.json
2026-09-24 14:37:13 | INFO     | OK https://skeb.jp/api/users/borobug
2026-09-24 14:37:13 | INFO     | Saving at a/skeb/borobug-5a7c6c.json
2026-09-24 14:37:14 | INFO     | OK https://skeb.jp/api/users/aka_fuji_
2026-09-24 14:37:14 | INFO     | Saving at a/skeb/aka_fuji_-75949f.json
2026-09-24 14:37:15 | INFO     | OK https://skeb.jp/api/users/H_Kutona
2026-09-24 14:37:15 | INFO     | Saving at a/skeb/H_Kutona-af4139.json
2026-09-24 14:37:16 | INFO     | OK https://skeb.jp/api/users/FirmMijinko
2026-09-24 14:37:16 | INFO     | Saving at a/skeb/FirmMijinko-a273d0.json
2026-09-24 14:37:17 | INFO     | OK https://skeb.jp/api/users/072207honey_
2026-09-24 14:37:17 | INFO     | Saving at a/skeb/072207honey_-96273d.json
2026-09-24 14:37:18 | INFO     | OK https://skeb.jp/api/users/jiga_sub
2026-09-24 14:37:18 | INFO     | Saving at a/skeb/jiga_sub-7c1d80.json
2026-09-24 14:37:19 | INFO     | OK https://skeb.jp/api/users/hukubeinfinity
2026-09-24 14:37:19 | INFO     | Saving at a/skeb/hukubeinfinity-c6f97c.json
2026-09-24 14:37:20 | INFO     | OK https://skeb.jp/api/users/00Gvq
2026-09-24 14:37:20 | INFO     | Saving at a/skeb/00Gvq-5806fe.json
2026-09-24 14:37:21 | INFO     | OK https://skeb.jp/api/users/TGYLOG
2026-09-24 14:37:21 | INFO     | Saving at a/skeb/TGYLOG-c14e1c.json
2026-09-24 14:37:22 | INFO     | OK https://skeb.jp/api/users/Skr_Mochi_x
2026-09-24 14:37:22 | INFO     | Saving at a/skeb/Skr_Mochi_x-139c2d.json
2026-09-24 14:37:23 | INFO     | OK https://skeb.jp/api/users/Yoruichiya3
2026-09-24 14:37:23 | INFO     | Saving at a/skeb/Yoruichiya3-64f869.json
2026-09-24 14:37:24 | INFO     | OK https://skeb.jp/api/users/muuugitea
2026-09-24 14:37:24 | INFO     | Saving at a/skeb/muuugitea-63949b.json
2026-09-24 14:37:25 | INFO     | OK https://skeb.jp/api/users/ddaatt33
2026-09-24 14:37:25 | INFO     | Saving at a/skeb/ddaatt33-4a0c3f.json
2026-09-24 14:37:26 | INFO     | OK https://skeb.jp/api/users/reng_nsfw
2026-09-24 14:37:26 | INFO     | Saving at a/skeb/reng_nsfw-7e0668.json
2026-09-24 14:37:28 | INFO     | OK https://skeb.jp/api/users/BANBANJIIIIIII
2026-09-24 14:37:28 | INFO     | Saving at a/skeb/BANBANJIIIIIII-c15560.json
2026-09-24 14:37:28 | INFO     | OK https://skeb.jp/api/users/junandkuu1
2026-09-24 14:37:28 | INFO     | Saving at a/skeb/junandkuu1-27f5e3.json
2026-09-24 14:37:29 | INFO     | OK https://skeb.jp/api/users/kuroiroku961
2026-09-24 14:37:29 | INFO     | Saving at a/skeb/kuroiroku961-bcdef8.json
2026-09-24 14:37:30 | INFO     | OK https://skeb.jp/api/users/nemoto_nagi
2026-09-24 14:37:30 | INFO     | Saving at a/skeb/nemoto_nagi-34a33d.json
2026-09-24 14:37:32 | INFO     | OK https://skeb.jp/api/users/synecdoche445
2026-09-24 14:37:32 | INFO     | Saving at a/skeb/synecdoche445-fe1338.json
2026-09-24 14:37:32 | INFO     | OK https://skeb.jp/api/users/Enc_node
2026-09-24 14:37:32 | INFO     | Saving at a/skeb/Enc_node-1ce9d5.json
2026-09-24 14:37:33 | INFO     | OK https://skeb.jp/api/users/tofumentalzabut
2026-09-24 14:37:33 | INFO     | Saving at a/skeb/tofumentalzabut-8d936f.json
2026-09-24 14:37:34 | INFO     | OK https://skeb.jp/api/users/ayanoYro
2026-09-24 14:37:34 | INFO     | Saving at a/skeb/ayanoYro-81ef71.json
2026-09-24 14:37:35 | INFO     | OK https://skeb.jp/api/users/nnnkkk_29
2026-09-24 14:37:35 | INFO     | Saving at a/skeb/nnnkkk_29-0a73b3.json
2026-09-24 14:37:36 | INFO     | OK https://skeb.jp/api/users/kuro_sha_
2026-09-24 14:37:36 | INFO     | Saving at a/skeb/kuro_sha_-fdde15.json
2026-09-24 14:37:37 | INFO     | OK https://skeb.jp/api/users/blue_star_q
2026-09-24 14:37:37 | INFO     | Saving at a/skeb/blue_star_q-1959f5.json
2026-09-24 14:37:38 | INFO     | OK https://skeb.jp/api/users/sou_mikagami
2026-09-24 14:37:38 | INFO     | Saving at a/skeb/sou_mikagami-591374.json
2026-09-24 14:37:39 | INFO     | OK https://skeb.jp/api/users/himehachi02
2026-09-24 14:37:39 | INFO     | Saving at a/skeb/himehachi02-f3740c.json
2026-09-24 14:37:40 | INFO     | OK https://skeb.jp/api/users/hamukuma
2026-09-24 14:37:40 | INFO     | Saving at a/skeb/hamukuma-e32d6f.json
2026-09-24 14:37:41 | INFO     | OK https://skeb.jp/api/users/xxx_gottani
2026-09-24 14:37:41 | INFO     | Saving at a/skeb/xxx_gottani-e915f3.json
2026-09-24 14:37:42 | INFO     | OK https://skeb.jp/api/users/n8znaz
2026-09-24 14:37:42 | INFO     | Saving at a/skeb/n8znaz-c6bba0.json
2026-09-24 14:37:44 | INFO     | OK https://skeb.jp/api/users/Oo_haraheri_oO
2026-09-24 14:37:44 | INFO     | Saving at a/skeb/Oo_haraheri_oO-5bb3c8.json
2026-09-24 14:37:44 | INFO     | OK https://skeb.jp/api/users/miki_lutecia
2026-09-24 14:37:44 | INFO     | Saving at a/skeb/miki_lutecia-065d15.json
2026-09-24 14:37:45 | INFO     | OK https://skeb.jp/api/users/R6_ne5
2026-09-24 14:37:45 | INFO     | Saving at a/skeb/R6_ne5-863fa0.json
2026-09-24 14:37:47 | INFO     | OK https://skeb.jp/api/users/Kyanoshi
2026-09-24 14:37:47 | INFO     | Saving at a/skeb/Kyanoshi-ad62a3.json
2026-09-24 14:37:47 | INFO     | OK https://skeb.jp/api/users/misakajoutarou
2026-09-24 14:37:47 | INFO     | Saving at a/skeb/misakajoutarou-adcb8c.json
2026-09-24 14:37:48 | INFO     | OK https://skeb.jp/api/users/URAJI201129
2026-09-24 14:37:48 | INFO     | Saving at a/skeb/URAJI201129-a24565.json
2026-09-24 14:37:49 | INFO     | OK https://skeb.jp/api/users/l_xh4cv
2026-09-24 14:37:49 | INFO     | Saving at a/skeb/l_xh4cv-650bd5.json
2026-09-24 14:37:50 | INFO     | OK https://skeb.jp/api/users/INTRON0101
2026-09-24 14:37:50 | INFO     | Saving at a/skeb/INTRON0101-228bf8.json
2026-09-24 14:37:51 | INFO     | OK https://skeb.jp/api/users/ja6m6
2026-09-24 14:37:51 | INFO     | Saving at a/skeb/ja6m6-011b5e.json
2026-09-24 14:37:52 | INFO     | OK https://skeb.jp/api/users/megtamine
2026-09-24 14:37:52 | INFO     | Saving at a/skeb/megtamine-a78afd.json
2026-09-24 14:37:53 | INFO     | OK https://skeb.jp/api/users/_mgmg_k
2026-09-24 14:37:53 | INFO     | Saving at a/skeb/_mgmg_k-2aaf0f.json
2026-09-24 14:37:54 | INFO     | OK https://skeb.jp/api/users/tsunoxkuma
2026-09-24 14:37:54 | INFO     | Saving at a/skeb/tsunoxkuma-a7533d.json
2026-09-24 14:37:55 | INFO     | OK https://skeb.jp/api/users/kanade1631
2026-09-24 14:37:55 | INFO     | Saving at a/skeb/kanade1631-ef34e8.json
2026-09-24 14:37:57 | INFO     | OK https://skeb.jp/api/users/tai0415
2026-09-24 14:37:57 | INFO     | Saving at a/skeb/tai0415-21b89a.json
2026-09-24 14:37:57 | INFO     | OK https://skeb.jp/api/users/motiCHIKUWA
2026-09-24 14:37:57 | INFO     | Saving at a/skeb/motiCHIKUWA-9118a8.json
2026-09-24 14:37:58 | INFO     | OK https://skeb.jp/api/users/UO_dekka_
2026-09-24 14:37:58 | INFO     | Saving at a/skeb/UO_dekka_-ba7dc3.json
2026-09-24 14:37:59 | INFO     | OK https://skeb.jp/api/users/ENKELTASO
2026-09-24 14:37:59 | INFO     | Saving at a/skeb/ENKELTASO-8142d6.json
2026-09-24 14:38:01 | INFO     | OK https://skeb.jp/api/users/co_ma41
2026-09-24 14:38:01 | INFO     | Saving at a/skeb/co_ma41-79952f.json
2026-09-24 14:38:01 | INFO     | OK https://skeb.jp/api/users/hyaku_okomu
2026-09-24 14:38:01 | INFO     | Saving at a/skeb/hyaku_okomu-bd6bd9.json
2026-09-24 14:38:02 | INFO     | OK https://skeb.jp/api/users/sakiiii_0o
2026-09-24 14:38:02 | INFO     | Saving at a/skeb/sakiiii_0o-60babb.json
2026-09-24 14:38:03 | INFO     | OK https://skeb.jp/api/users/YUUMIEZOMBIE
2026-09-24 14:38:03 | INFO     | Saving at a/skeb/YUUMIEZOMBIE-9443ef.json
2026-09-24 14:38:04 | INFO     | OK https://skeb.jp/api/users/K_Nachii
2026-09-24 14:38:04 | INFO     | Saving at a/skeb/K_Nachii-db7a25.json
2026-09-24 14:38:05 | INFO     | OK https://skeb.jp/api/users/nmyj0
2026-09-24 14:38:05 | INFO     | Saving at a/skeb/nmyj0-e4afcd.json
2026-09-24 14:38:06 | INFO     | OK https://skeb.jp/api/users/yura_tukishiro_
2026-09-24 14:38:06 | INFO     | Saving at a/skeb/yura_tukishiro_-e5a4b5.json
2026-09-24 14:38:07 | INFO     | OK https://skeb.jp/api/users/_fuku_fukufuku
2026-09-24 14:38:07 | INFO     | Saving at a/skeb/_fuku_fukufuku-25ec02.json
2026-09-24 14:38:09 | INFO     | OK https://skeb.jp/api/users/YaeSakura488
2026-09-24 14:38:09 | INFO     | Saving at a/skeb/YaeSakura488-9748da.json
2026-09-24 14:38:10 | INFO     | OK https://skeb.jp/api/users/Myself_skeb
2026-09-24 14:38:10 | INFO     | Saving at a/skeb/Myself_skeb-866bdb.json
2026-09-24 14:38:10 | INFO     | OK https://skeb.jp/api/users/nogya_00
2026-09-24 14:38:11 | INFO     | Saving at a/skeb/nogya_00-02b74e.json
2026-09-24 14:38:11 | INFO     | OK https://skeb.jp/api/users/cazana
2026-09-24 14:38:11 | INFO     | Saving at a/skeb/cazana-848e90.json
2026-09-24 14:38:12 | INFO     | OK https://skeb.jp/api/users/kosei_ryuda
2026-09-24 14:38:12 | INFO     | Saving at a/skeb/kosei_ryuda-1c54e0.json
2026-09-24 14:38:14 | INFO     | OK https://skeb.jp/api/users/_328_
2026-09-24 14:38:14 | INFO     | Saving at a/skeb/_328_-f41b59.json
2026-09-24 14:38:14 | INFO     | OK https://skeb.jp/api/users/_o_ov_rim
2026-09-24 14:38:14 | INFO     | Saving at a/skeb/_o_ov_rim-048805.json
2026-09-24 14:38:15 | INFO     | OK https://skeb.jp/api/users/fried_rice0614
2026-09-24 14:38:15 | INFO     | Saving at a/skeb/fried_rice0614-e85a05.json
2026-09-24 14:38:16 | INFO     | OK https://skeb.jp/api/users/kaia_ran01
2026-09-24 14:38:16 | INFO     | Saving at a/skeb/kaia_ran01-44ce74.json
2026-09-24 14:38:18 | INFO     | OK https://skeb.jp/api/users/shibacchus
2026-09-24 14:38:18 | INFO     | Saving at a/skeb/shibacchus-5d8528.json
2026-09-24 14:38:18 | INFO     | OK https://skeb.jp/api/users/yoshiguti_sing
2026-09-24 14:38:18 | INFO     | Saving at a/skeb/yoshiguti_sing-0c9b86.json
2026-09-24 14:38:20 | INFO     | OK https://skeb.jp/api/users/mochiko_tsuru
2026-09-24 14:38:20 | INFO     | Saving at a/skeb/mochiko_tsuru-d926f9.json
2026-09-24 14:38:20 | INFO     | OK https://skeb.jp/api/users/1116_y0
2026-09-24 14:38:20 | INFO     | Saving at a/skeb/1116_y0-098842.json
2026-09-24 14:38:21 | INFO     | OK https://skeb.jp/api/users/Mao_3i6
2026-09-24 14:38:21 | INFO     | Saving at a/skeb/Mao_3i6-d99cc9.json
2026-09-24 14:38:22 | INFO     | OK https://skeb.jp/api/users/kuru_yam1
2026-09-24 14:38:22 | INFO     | Saving at a/skeb/kuru_yam1-0eca23.json
2026-09-24 14:38:23 | INFO     | OK https://skeb.jp/api/users/TR_002_TR
2026-09-24 14:38:23 | INFO     | Saving at a/skeb/TR_002_TR-3f6ebc.json
2026-09-24 14:38:25 | INFO     | OK https://skeb.jp/api/users/utuutsu
2026-09-24 14:38:25 | INFO     | Saving at a/skeb/utuutsu-c88566.json
2026-09-24 14:38:25 | INFO     | OK https://skeb.jp/api/users/vanpguma
2026-09-24 14:38:25 | INFO     | Saving at a/skeb/vanpguma-d1488c.json
2026-09-24 14:38:26 | INFO     | OK https://skeb.jp/api/users/moi03_moi08
2026-09-24 14:38:26 | INFO     | Saving at a/skeb/moi03_moi08-1ce066.json
2026-09-24 14:38:27 | INFO     | OK https://skeb.jp/api/users/tsubatori283
2026-09-24 14:38:27 | INFO     | Saving at a/skeb/tsubatori283-47f2f0.json
2026-09-24 14:38:28 | INFO     | OK https://skeb.jp/api/users/pera_torta
2026-09-24 14:38:28 | INFO     | Saving at a/skeb/pera_torta-3ecc6c.json
2026-09-24 14:38:29 | INFO     | OK https://skeb.jp/api/users/suzurame_ro
2026-09-24 14:38:29 | INFO     | Saving at a/skeb/suzurame_ro-06dd7c.json
2026-09-24 14:38:31 | INFO     | OK https://skeb.jp/api/users/na_na_yu_ta
2026-09-24 14:38:31 | INFO     | Saving at a/skeb/na_na_yu_ta-73bc18.json
2026-09-24 14:38:31 | INFO     | OK https://skeb.jp/api/users/Upache
2026-09-24 14:38:31 | INFO     | Saving at a/skeb/Upache-9ed9ad.json
2026-09-24 14:38:32 | INFO     | OK https://skeb.jp/api/users/sakairiasobi
2026-09-24 14:38:32 | INFO     | Saving at a/skeb/sakairiasobi-dc5462.json
2026-09-24 14:38:33 | INFO     | OK https://skeb.jp/api/users/ooolllooo922
2026-09-24 14:38:33 | INFO     | Saving at a/skeb/ooolllooo922-6bfb73.json
2026-09-24 14:38:35 | INFO     | OK https://skeb.jp/api/users/ybh4tu
2026-09-24 14:38:35 | INFO     | Saving at a/skeb/ybh4tu-3414d5.json
2026-09-24 14:38:36 | INFO     | OK https://skeb.jp/api/users/takami5go
2026-09-24 14:38:36 | INFO     | Saving at a/skeb/takami5go-145ca1.json
2026-09-24 14:38:36 | INFO     | OK https://skeb.jp/api/users/ixaba
2026-09-24 14:38:36 | INFO     | Saving at a/skeb/ixaba-795bdf.json
2026-09-24 14:38:38 | INFO     | OK https://skeb.jp/api/users/nemnemnemne11
2026-09-24 14:38:38 | INFO     | Saving at a/skeb/nemnemnemne11-514736.json
2026-09-24 14:38:39 | INFO     | OK https://skeb.jp/api/users/amlest
2026-09-24 14:38:39 | INFO     | Saving at a/skeb/amlest-6ad6db.json
2026-09-24 14:38:40 | INFO     | OK https://skeb.jp/api/users/3Jjbn
2026-09-24 14:38:40 | INFO     | Saving at a/skeb/3Jjbn-32d431.json
2026-09-24 14:38:41 | INFO     | OK https://skeb.jp/api/users/nuka6ra
2026-09-24 14:38:41 | INFO     | Saving at a/skeb/nuka6ra-43ba35.json
2026-09-24 14:38:42 | INFO     | OK https://skeb.jp/api/users/wsss_rauha
2026-09-24 14:38:42 | INFO     | Saving at a/skeb/wsss_rauha-b05c86.json
2026-09-24 14:38:43 | INFO     | OK https://skeb.jp/api/users/OgaMgsLudens
2026-09-24 14:38:43 | INFO     | Saving at a/skeb/OgaMgsLudens-f17cc6.json
2026-09-24 14:38:43 | INFO     | OK https://skeb.jp/api/users/89ru0
2026-09-24 14:38:43 | INFO     | Saving at a/skeb/89ru0-ae5ada.json
2026-09-24 14:38:44 | INFO     | OK https://skeb.jp/api/users/midori_inu0
2026-09-24 14:38:44 | INFO     | Saving at a/skeb/midori_inu0-f54ec7.json
2026-09-24 14:38:45 | INFO     | OK https://skeb.jp/api/users/fuyuno_0201
2026-09-24 14:38:45 | INFO     | Saving at a/skeb/fuyuno_0201-d87832.json
2026-09-24 14:38:47 | INFO     | OK https://skeb.jp/api/users/KEMODRG
2026-09-24 14:38:47 | INFO     | Saving at a/skeb/KEMODRG-385f5e.json
2026-09-24 14:38:48 | INFO     | OK https://skeb.jp/api/users/Suzu245612
2026-09-24 14:38:48 | INFO     | Saving at a/skeb/Suzu245612-a0bbac.json
2026-09-24 14:38:48 | INFO     | OK https://skeb.jp/api/users/llikegyaguanime
2026-09-24 14:38:48 | INFO     | Saving at a/skeb/llikegyaguanime-ff353b.json
2026-09-24 14:38:50 | INFO     | OK https://skeb.jp/api/users/w6kyh
2026-09-24 14:38:50 | INFO     | Saving at a/skeb/w6kyh-af14c2.json
2026-09-24 14:38:50 | INFO     | OK https://skeb.jp/api/users/minminsemides
2026-09-24 14:38:50 | INFO     | Saving at a/skeb/minminsemides-9ca2af.json
2026-09-24 14:38:52 | INFO     | OK https://skeb.jp/api/users/kanta5904
2026-09-24 14:38:52 | INFO     | Saving at a/skeb/kanta5904-f595c0.json
2026-09-24 14:38:53 | INFO     | OK https://skeb.jp/api/users/hokekyo99
2026-09-24 14:38:53 | INFO     | Saving at a/skeb/hokekyo99-7cbdb2.json
2026-09-24 14:38:54 | INFO     | OK https://skeb.jp/api/users/PP38826220
2026-09-24 14:38:54 | INFO     | Saving at a/skeb/PP38826220-b31069.json
2026-09-24 14:38:54 | INFO     | OK https://skeb.jp/api/users/Riyoru_ni
2026-09-24 14:38:54 | INFO     | Saving at a/skeb/Riyoru_ni-44c3c7.json
2026-09-24 14:38:56 | INFO     | OK https://skeb.jp/api/users/satinasi
2026-09-24 14:38:56 | INFO     | Saving at a/skeb/satinasi-cf3e64.json
2026-09-24 14:38:57 | INFO     | OK https://skeb.jp/api/users/koro_papi_
2026-09-24 14:38:57 | INFO     | Saving at a/skeb/koro_papi_-bce0fa.json
2026-09-24 14:38:57 | INFO     | OK https://skeb.jp/api/users/HiZUMU89
2026-09-24 14:38:57 | INFO     | Saving at a/skeb/HiZUMU89-cb8516.json
2026-09-24 14:38:59 | INFO     | OK https://skeb.jp/api/users/ppmr_pyopimuran
2026-09-24 14:38:59 | INFO     | Saving at a/skeb/ppmr_pyopimuran-17d0b6.json
2026-09-24 14:38:59 | INFO     | OK https://skeb.jp/api/users/Nyonna247
2026-09-24 14:38:59 | INFO     | Saving at a/skeb/Nyonna247-9411e8.json
2026-09-24 14:39:01 | INFO     | OK https://skeb.jp/api/users/mazemaze_0
2026-09-24 14:39:01 | INFO     | Saving at a/skeb/mazemaze_0-eff9e0.json
2026-09-24 14:39:01 | INFO     | OK https://skeb.jp/api/users/71717I7l
2026-09-24 14:39:01 | INFO     | Saving at a/skeb/71717I7l-a58995.json
2026-09-24 14:39:02 | INFO     | OK https://skeb.jp/api/users/ukei_x_x_
2026-09-24 14:39:02 | INFO     | Saving at a/skeb/ukei_x_x_-7629c4.json
2026-09-24 14:39:04 | INFO     | OK https://skeb.jp/api/users/ioisoon
2026-09-24 14:39:04 | INFO     | Saving at a/skeb/ioisoon-c92f13.json
2026-09-24 14:39:05 | INFO     | OK https://skeb.jp/api/users/wasabionigiri
2026-09-24 14:39:05 | INFO     | Saving at a/skeb/wasabionigiri-ce0b98.json
2026-09-24 14:39:06 | INFO     | OK https://skeb.jp/api/users/iorin_im
2026-09-24 14:39:06 | INFO     | Saving at a/skeb/iorin_im-8921e9.json
2026-09-24 14:39:06 | INFO     | OK https://skeb.jp/api/users/Ohmygoddake
2026-09-24 14:39:06 | INFO     | Saving at a/skeb/Ohmygoddake-6e07d9.json
2026-09-24 14:39:07 | INFO     | OK https://skeb.jp/api/users/SaltPotato207
2026-09-24 14:39:07 | INFO     | Saving at a/skeb/SaltPotato207-423b79.json
2026-09-24 14:39:09 | INFO     | OK https://skeb.jp/api/users/nikudb029
2026-09-24 14:39:09 | INFO     | Saving at a/skeb/nikudb029-c2a706.json
2026-09-24 14:39:10 | INFO     | OK https://skeb.jp/api/users/yamatoooooo
2026-09-24 14:39:10 | INFO     | Saving at a/skeb/yamatoooooo-833d71.json
2026-09-24 14:39:10 | INFO     | OK https://skeb.jp/api/users/siorayu
2026-09-24 14:39:10 | INFO     | Saving at a/skeb/siorayu-7e61a5.json
2026-09-24 14:39:12 | INFO     | OK https://skeb.jp/api/users/karatekikku
2026-09-24 14:39:12 | INFO     | Saving at a/skeb/karatekikku-3d7445.json
2026-09-24 14:39:13 | INFO     | OK https://skeb.jp/api/users/ninomarukokuzu
2026-09-24 14:39:13 | INFO     | Saving at a/skeb/ninomarukokuzu-e0e1bf.json
2026-09-24 14:39:13 | INFO     | OK https://skeb.jp/api/users/fbiniru
2026-09-24 14:39:13 | INFO     | Saving at a/skeb/fbiniru-9d2e4c.json
2026-09-24 14:39:14 | INFO     | OK https://skeb.jp/api/users/NagikanaElu_W
2026-09-24 14:39:14 | INFO     | Saving at a/skeb/NagikanaElu_W-46f280.json
2026-09-24 14:39:16 | INFO     | OK https://skeb.jp/api/users/999mm_male
2026-09-24 14:39:16 | INFO     | Saving at a/skeb/999mm_male-7eb08a.json
2026-09-24 14:39:16 | INFO     | OK https://skeb.jp/api/users/______6xm
2026-09-24 14:39:16 | INFO     | Saving at a/skeb/______6xm-ac0f44.json
2026-09-24 14:39:17 | INFO     | OK https://skeb.jp/api/users/ah_____asahi
2026-09-24 14:39:17 | INFO     | Saving at a/skeb/ah_____asahi-5ea7c3.json
2026-09-24 14:39:18 | INFO     | OK https://skeb.jp/api/users/haraguromeziro
2026-09-24 14:39:18 | INFO     | Saving at a/skeb/haraguromeziro-ad11c4.json
2026-09-24 14:39:20 | INFO     | OK https://skeb.jp/api/users/actactee
2026-09-24 14:39:20 | INFO     | Saving at a/skeb/actactee-729a0e.json
2026-09-24 14:39:20 | INFO     | OK https://skeb.jp/api/users/YATSU1186081
2026-09-24 14:39:20 | INFO     | Saving at a/skeb/YATSU1186081-18d0f0.json
2026-09-24 14:39:22 | INFO     | OK https://skeb.jp/api/users/rissenka
2026-09-24 14:39:22 | INFO     | Saving at a/skeb/rissenka-be7cd4.json
2026-09-24 14:39:23 | INFO     | OK https://skeb.jp/api/users/passionpit777
2026-09-24 14:39:23 | INFO     | Saving at a/skeb/passionpit777-fc375b.json
2026-09-24 14:39:24 | INFO     | OK https://skeb.jp/api/users/wani_wantan
2026-09-24 14:39:24 | INFO     | Saving at a/skeb/wani_wantan-a26a89.json
2026-09-24 14:39:24 | INFO     | OK https://skeb.jp/api/users/R0Qo0
2026-09-24 14:39:24 | INFO     | Saving at a/skeb/R0Qo0-d436b0.json
2026-09-24 14:39:25 | INFO     | OK https://skeb.jp/api/users/bokujo_v
2026-09-24 14:39:25 | INFO     | Saving at a/skeb/bokujo_v-b4d058.json
2026-09-24 14:39:27 | INFO     | OK https://skeb.jp/api/users/rinami456
2026-09-24 14:39:27 | INFO     | Saving at a/skeb/rinami456-e212e4.json
2026-09-24 14:39:28 | INFO     | OK https://skeb.jp/api/users/MvsnpLA1KlIzLx4
2026-09-24 14:39:28 | INFO     | Saving at a/skeb/MvsnpLA1KlIzLx4-2d1a90.json
2026-09-24 14:39:29 | INFO     | OK https://skeb.jp/api/users/ammami8
2026-09-24 14:39:29 | INFO     | Saving at a/skeb/ammami8-a62d20.json
2026-09-24 14:39:30 | INFO     | OK https://skeb.jp/api/users/yubi__saki
2026-09-24 14:39:30 | INFO     | Saving at a/skeb/yubi__saki-f0e03d.json
2026-09-24 14:39:31 | INFO     | OK https://skeb.jp/api/users/Seventh_Sugune
2026-09-24 14:39:31 | INFO     | Saving at a/skeb/Seventh_Sugune-64b76d.json
2026-09-24 14:39:32 | INFO     | OK https://skeb.jp/api/users/yororoO_Ororo
2026-09-24 14:39:32 | INFO     | Saving at a/skeb/yororoO_Ororo-ca9fc2.json
2026-09-24 14:39:33 | INFO     | OK https://skeb.jp/api/users/n__10an
2026-09-24 14:39:33 | INFO     | Saving at a/skeb/n__10an-b147f1.json
2026-09-24 14:39:34 | INFO     | OK https://skeb.jp/api/users/naaki_Ch
2026-09-24 14:39:34 | INFO     | Saving at a/skeb/naaki_Ch-9abae1.json
2026-09-24 14:39:35 | INFO     | OK https://skeb.jp/api/users/mswdmaku
2026-09-24 14:39:35 | INFO     | Saving at a/skeb/mswdmaku-c33331.json
2026-09-24 14:39:36 | INFO     | OK https://skeb.jp/api/users/gobouame
2026-09-24 14:39:36 | INFO     | Saving at a/skeb/gobouame-3101b0.json
2026-09-24 14:39:37 | INFO     | OK https://skeb.jp/api/users/myon_creative
2026-09-24 14:39:37 | INFO     | Saving at a/skeb/myon_creative-f46c5f.json
2026-09-24 14:39:37 | INFO     | OK https://skeb.jp/api/users/tayoshi_miyako
2026-09-24 14:39:37 | INFO     | Saving at a/skeb/tayoshi_miyako-548782.json
2026-09-24 14:39:39 | INFO     | OK https://skeb.jp/api/users/konbusennin2
2026-09-24 14:39:39 | INFO     | Saving at a/skeb/konbusennin2-f4ecdb.json
2026-09-24 14:39:40 | INFO     | OK https://skeb.jp/api/users/7Wbijy__m
2026-09-24 14:39:40 | INFO     | Saving at a/skeb/7Wbijy__m-26334c.json
2026-09-24 14:39:41 | INFO     | OK https://skeb.jp/api/users/GuruminnSD
2026-09-24 14:39:41 | INFO     | Saving at a/skeb/GuruminnSD-3c2346.json
2026-09-24 14:39:42 | INFO     | OK https://skeb.jp/api/users/hayato69rock
2026-09-24 14:39:42 | INFO     | Saving at a/skeb/hayato69rock-9e351f.json
2026-09-24 14:39:43 | INFO     | OK https://skeb.jp/api/users/mizusoba
2026-09-24 14:39:43 | INFO     | Saving at a/skeb/mizusoba-696951.json
2026-09-24 14:39:43 | INFO     | OK https://skeb.jp/api/users/amazusoda
2026-09-24 14:39:43 | INFO     | Saving at a/skeb/amazusoda-79575d.json
2026-09-24 14:39:44 | INFO     | OK https://skeb.jp/api/users/go_6p
2026-09-24 14:39:44 | INFO     | Saving at a/skeb/go_6p-1cd720.json
2026-09-24 14:39:46 | INFO     | OK https://skeb.jp/api/users/kikyohonia
2026-09-24 14:39:46 | INFO     | Saving at a/skeb/kikyohonia-0c76c6.json
2026-09-24 14:39:46 | INFO     | OK https://skeb.jp/api/users/formalin_chocol
2026-09-24 14:39:46 | INFO     | Saving at a/skeb/formalin_chocol-02de29.json
2026-09-24 14:39:48 | INFO     | OK https://skeb.jp/api/users/yappa_akande
2026-09-24 14:39:48 | INFO     | Saving at a/skeb/yappa_akande-240e39.json
2026-09-24 14:39:49 | INFO     | OK https://skeb.jp/api/users/mizmizcitomato
2026-09-24 14:39:49 | INFO     | Saving at a/skeb/mizmizcitomato-8ecd8e.json
2026-09-24 14:39:50 | INFO     | OK https://skeb.jp/api/users/stnc5511
2026-09-24 14:39:50 | INFO     | Saving at a/skeb/stnc5511-a2a339.json
2026-09-24 14:39:50 | INFO     | OK https://skeb.jp/api/users/Jusora_Ten
2026-09-24 14:39:50 | INFO     | Saving at a/skeb/Jusora_Ten-57f8ac.json
2026-09-24 14:39:52 | INFO     | OK https://skeb.jp/api/users/sskmovo
2026-09-24 14:39:52 | INFO     | Saving at a/skeb/sskmovo-825dc2.json
2026-09-24 14:39:53 | INFO     | OK https://skeb.jp/api/users/akadori_illust
2026-09-24 14:39:53 | INFO     | Saving at a/skeb/akadori_illust-21ea32.json
2026-09-24 14:39:54 | INFO     | OK https://skeb.jp/api/users/DELICIOUSPKT
2026-09-24 14:39:54 | INFO     | Saving at a/skeb/DELICIOUSPKT-e390cd.json
2026-09-24 14:39:55 | INFO     | OK https://skeb.jp/api/users/karamete19
2026-09-24 14:39:55 | INFO     | Saving at a/skeb/karamete19-457d43.json
2026-09-24 14:39:56 | INFO     | OK https://skeb.jp/api/users/enoki_teion
2026-09-24 14:39:56 | INFO     | Saving at a/skeb/enoki_teion-59d9fc.json
2026-09-24 14:39:56 | INFO     | OK https://skeb.jp/api/users/JWUuDT9Lpx29675
2026-09-24 14:39:56 | INFO     | Saving at a/skeb/JWUuDT9Lpx29675-32ee0a.json
2026-09-24 14:39:58 | INFO     | OK https://skeb.jp/api/users/tirasi_work
2026-09-24 14:39:58 | INFO     | Saving at a/skeb/tirasi_work-944035.json
2026-09-24 14:39:59 | INFO     | OK https://skeb.jp/api/users/semicolon_chan
2026-09-24 14:39:59 | INFO     | Saving at a/skeb/semicolon_chan-82b6cf.json
2026-09-24 14:40:00 | INFO     | OK https://skeb.jp/api/users/t0riura
2026-09-24 14:40:00 | INFO     | Saving at a/skeb/t0riura-a4dadc.json
2026-09-24 14:40:01 | INFO     | OK https://skeb.jp/api/users/oromnt
2026-09-24 14:40:01 | INFO     | Saving at a/skeb/oromnt-775ebf.json
2026-09-24 14:40:01 | INFO     | OK https://skeb.jp/api/users/inadumakawaii1
2026-09-24 14:40:01 | INFO     | Saving at a/skeb/inadumakawaii1-2ec586.json
2026-09-24 14:40:03 | INFO     | OK https://skeb.jp/api/users/_asahisub
2026-09-24 14:40:03 | INFO     | Saving at a/skeb/_asahisub-ebbecc.json
2026-09-24 14:40:04 | INFO     | OK https://skeb.jp/api/users/narou_shinobu_
2026-09-24 14:40:04 | INFO     | Saving at a/skeb/narou_shinobu_-bc15f7.json
2026-09-24 14:40:05 | INFO     | OK https://skeb.jp/api/users/_mrn_mr
2026-09-24 14:40:05 | INFO     | Saving at a/skeb/_mrn_mr-d87567.json
2026-09-24 14:40:06 | INFO     | OK https://skeb.jp/api/users/tabeyu_
2026-09-24 14:40:06 | INFO     | Saving at a/skeb/tabeyu_-e3540f.json
2026-09-24 14:40:07 | INFO     | OK https://skeb.jp/api/users/Tyokora0820
2026-09-24 14:40:07 | INFO     | Saving at a/skeb/Tyokora0820-7ce662.json
2026-09-24 14:40:08 | INFO     | OK https://skeb.jp/api/users/konikoni1002
2026-09-24 14:40:08 | INFO     | Saving at a/skeb/konikoni1002-de3663.json
2026-09-24 14:40:09 | INFO     | OK https://skeb.jp/api/users/7fumip
2026-09-24 14:40:09 | INFO     | Saving at a/skeb/7fumip-bf27e7.json
2026-09-24 14:40:10 | INFO     | OK https://skeb.jp/api/users/KurianMarron
2026-09-24 14:40:10 | INFO     | Saving at a/skeb/KurianMarron-041ded.json
2026-09-24 14:40:11 | INFO     | OK https://skeb.jp/api/users/bunchouoishii
2026-09-24 14:40:11 | INFO     | Saving at a/skeb/bunchouoishii-2f812c.json
2026-09-24 14:40:12 | INFO     | OK https://skeb.jp/api/users/aiu__x
2026-09-24 14:40:12 | INFO     | Saving at a/skeb/aiu__x-91626d.json
2026-09-24 14:40:13 | INFO     | OK https://skeb.jp/api/users/mo_to_i_chi
2026-09-24 14:40:13 | INFO     | Saving at a/skeb/mo_to_i_chi-b9d3b9.json
2026-09-24 14:40:14 | INFO     | OK https://skeb.jp/api/users/sousakusuya
2026-09-24 14:40:14 | INFO     | Saving at a/skeb/sousakusuya-629147.json
2026-09-24 14:40:15 | INFO     | OK https://skeb.jp/api/users/yukino_ss_
2026-09-24 14:40:15 | INFO     | Saving at a/skeb/yukino_ss_-53cfd7.json
2026-09-24 14:40:16 | INFO     | OK https://skeb.jp/api/users/sabakanclub
2026-09-24 14:40:16 | INFO     | Saving at a/skeb/sabakanclub-b45729.json
2026-09-24 14:40:17 | INFO     | OK https://skeb.jp/api/users/griffon0416
2026-09-24 14:40:17 | INFO     | Saving at a/skeb/griffon0416-06082e.json
2026-09-24 14:40:18 | INFO     | OK https://skeb.jp/api/users/mii_na0818
2026-09-24 14:40:18 | INFO     | Saving at a/skeb/mii_na0818-9a4cea.json
2026-09-24 14:40:19 | INFO     | OK https://skeb.jp/api/users/CORNPOTA_art2
2026-09-24 14:40:19 | INFO     | Saving at a/skeb/CORNPOTA_art2-f30c2c.json
2026-09-24 14:40:20 | INFO     | OK https://skeb.jp/api/users/ranma1530
2026-09-24 14:40:20 | INFO     | Saving at a/skeb/ranma1530-7e94c4.json
2026-09-24 14:40:21 | INFO     | OK https://skeb.jp/api/users/yo_ya_vrc7878
2026-09-24 14:40:21 | INFO     | Saving at a/skeb/yo_ya_vrc7878-1e28fb.json
2026-09-24 14:40:22 | INFO     | OK https://skeb.jp/api/users/OsushiHapi
2026-09-24 14:40:22 | INFO     | Saving at a/skeb/OsushiHapi-9354ec.json
2026-09-24 14:40:23 | INFO     | OK https://skeb.jp/api/users/z_nm_oO
2026-09-24 14:40:23 | INFO     | Saving at a/skeb/z_nm_oO-7c5b0f.json
2026-09-24 14:40:24 | INFO     | OK https://skeb.jp/api/users/Boosykes
2026-09-24 14:40:24 | INFO     | Saving at a/skeb/Boosykes-9514e3.json
2026-09-24 14:40:25 | INFO     | OK https://skeb.jp/api/users/DORIANE_DOJIN
2026-09-24 14:40:25 | INFO     | Saving at a/skeb/DORIANE_DOJIN-ef6c2a.json
2026-09-24 14:40:26 | INFO     | OK https://skeb.jp/api/users/rtenwnds
2026-09-24 14:40:26 | INFO     | Saving at a/skeb/rtenwnds-ff5172.json
2026-09-24 14:40:27 | INFO     | OK https://skeb.jp/api/users/daydreanem
2026-09-24 14:40:27 | INFO     | Saving at a/skeb/daydreanem-2d8f17.json
2026-09-24 14:40:28 | INFO     | OK https://skeb.jp/api/users/mariko_889
2026-09-24 14:40:28 | INFO     | Saving at a/skeb/mariko_889-4dc101.json
2026-09-24 14:40:29 | INFO     | OK https://skeb.jp/api/users/2_bo_ra
2026-09-24 14:40:29 | INFO     | Saving at a/skeb/2_bo_ra-5add97.json
2026-09-24 14:40:30 | INFO     | OK https://skeb.jp/api/users/denmaru2
2026-09-24 14:40:30 | INFO     | Saving at a/skeb/denmaru2-867976.json
2026-09-24 14:40:31 | INFO     | OK https://skeb.jp/api/users/TakoyakiGirlJP
2026-09-24 14:40:31 | INFO     | Saving at a/skeb/TakoyakiGirlJP-cce7b5.json
2026-09-24 14:40:32 | INFO     | OK https://skeb.jp/api/users/kigkawa_e99
2026-09-24 14:40:32 | INFO     | Saving at a/skeb/kigkawa_e99-2095b0.json
2026-09-24 14:40:33 | INFO     | OK https://skeb.jp/api/users/rindoriko
2026-09-24 14:40:33 | INFO     | Saving at a/skeb/rindoriko-374de5.json
2026-09-24 14:40:34 | INFO     | OK https://skeb.jp/api/users/Yi1l1l
2026-09-24 14:40:34 | INFO     | Saving at a/skeb/Yi1l1l-9de5fe.json
2026-09-24 14:40:35 | INFO     | OK https://skeb.jp/api/users/shiro_noha04
2026-09-24 14:40:35 | INFO     | Saving at a/skeb/shiro_noha04-809bde.json
2026-09-24 14:40:36 | INFO     | OK https://skeb.jp/api/users/pP0317Pp_A5
2026-09-24 14:40:36 | INFO     | Saving at a/skeb/pP0317Pp_A5-20ae31.json
2026-09-24 14:40:37 | INFO     | OK https://skeb.jp/api/users/nasukeke_l_nuwa
2026-09-24 14:40:37 | INFO     | Saving at a/skeb/nasukeke_l_nuwa-c2d0c3.json
2026-09-24 14:40:38 | INFO     | OK https://skeb.jp/api/users/A_Chikafuji
2026-09-24 14:40:38 | INFO     | Saving at a/skeb/A_Chikafuji-d431c2.json
2026-09-24 14:40:39 | INFO     | OK https://skeb.jp/api/users/karaage_ha_315
2026-09-24 14:40:39 | INFO     | Saving at a/skeb/karaage_ha_315-f61a4e.json
2026-09-24 14:40:40 | INFO     | OK https://skeb.jp/api/users/nnwstnn
2026-09-24 14:40:40 | INFO     | Saving at a/skeb/nnwstnn-b791bb.json
2026-09-24 14:40:41 | INFO     | OK https://skeb.jp/api/users/KureMnn
2026-09-24 14:40:41 | INFO     | Saving at a/skeb/KureMnn-79862e.json
2026-09-24 14:40:41 | INFO     | OK https://skeb.jp/api/users/Take_ekaki
2026-09-24 14:40:41 | INFO     | Saving at a/skeb/Take_ekaki-6bc8cb.json
2026-09-24 14:40:43 | INFO     | OK https://skeb.jp/api/users/sima_sima_09
2026-09-24 14:40:43 | INFO     | Saving at a/skeb/sima_sima_09-d66a00.json
2026-09-24 14:40:44 | INFO     | OK https://skeb.jp/api/users/_chio_ri
2026-09-24 14:40:44 | INFO     | Saving at a/skeb/_chio_ri-5e8392.json
2026-09-24 14:40:45 | INFO     | OK https://skeb.jp/api/users/gunsou1350
2026-09-24 14:40:45 | INFO     | Saving at a/skeb/gunsou1350-5fd4cf.json
2026-09-24 14:40:45 | INFO     | OK https://skeb.jp/api/users/essay_sasami333
2026-09-24 14:40:45 | INFO     | Saving at a/skeb/essay_sasami333-dc8540.json
2026-09-24 14:40:47 | INFO     | OK https://skeb.jp/api/users/parantal
2026-09-24 14:40:47 | INFO     | Saving at a/skeb/parantal-a10381.json
2026-09-24 14:40:48 | INFO     | OK https://skeb.jp/api/users/cnn6ms
2026-09-24 14:40:48 | INFO     | Saving at a/skeb/cnn6ms-6e9197.json
2026-09-24 14:40:49 | INFO     | OK https://skeb.jp/api/users/wintermute_0000
2026-09-24 14:40:49 | INFO     | Saving at a/skeb/wintermute_0000-4199a3.json
2026-09-24 14:40:50 | INFO     | OK https://skeb.jp/api/users/nisekata
2026-09-24 14:40:50 | INFO     | Saving at a/skeb/nisekata-81ede8.json
2026-09-24 14:40:51 | INFO     | OK https://skeb.jp/api/users/yrnsmi
2026-09-24 14:40:51 | INFO     | Saving at a/skeb/yrnsmi-384fea.json
2026-09-24 14:40:52 | INFO     | OK https://skeb.jp/api/users/pik0maro
2026-09-24 14:40:52 | INFO     | Saving at a/skeb/pik0maro-6c82df.json
2026-09-24 14:40:53 | INFO     | OK https://skeb.jp/api/users/hataraku125
2026-09-24 14:40:53 | INFO     | Saving at a/skeb/hataraku125-268acf.json
2026-09-24 14:40:54 | INFO     | OK https://skeb.jp/api/users/kmtb39
2026-09-24 14:40:54 | INFO     | Saving at a/skeb/kmtb39-983cde.json
2026-09-24 14:40:55 | INFO     | OK https://skeb.jp/api/users/_1_nai
2026-09-24 14:40:55 | INFO     | Saving at a/skeb/_1_nai-f30239.json
2026-09-24 14:40:56 | INFO     | OK https://skeb.jp/api/users/yorinoa
2026-09-24 14:40:56 | INFO     | Saving at a/skeb/yorinoa-3c1dee.json
2026-09-24 14:40:57 | INFO     | OK https://skeb.jp/api/users/front_hook
2026-09-24 14:40:57 | INFO     | Saving at a/skeb/front_hook-da5da4.json
2026-09-24 14:40:58 | INFO     | OK https://skeb.jp/api/users/deka_chang
2026-09-24 14:40:58 | INFO     | Saving at a/skeb/deka_chang-1e10cb.json
2026-09-24 14:40:59 | INFO     | OK https://skeb.jp/api/users/asupamayo210
2026-09-24 14:40:59 | INFO     | Saving at a/skeb/asupamayo210-6776d6.json
2026-09-24 14:40:59 | INFO     | OK https://skeb.jp/api/users/wou_do
2026-09-24 14:40:59 | INFO     | Saving at a/skeb/wou_do-0cc0e8.json
2026-09-24 14:41:01 | INFO     | OK https://skeb.jp/api/users/kinshun76501
2026-09-24 14:41:01 | INFO     | Saving at a/skeb/kinshun76501-33964f.json
2026-09-24 14:41:02 | INFO     | OK https://skeb.jp/api/users/rilunoco_mn
2026-09-24 14:41:02 | INFO     | Saving at a/skeb/rilunoco_mn-96e266.json
2026-09-24 14:41:03 | INFO     | OK https://skeb.jp/api/users/yabeni_uya
2026-09-24 14:41:03 | INFO     | Saving at a/skeb/yabeni_uya-50fd4d.json
2026-09-24 14:41:03 | INFO     | OK https://skeb.jp/api/users/Matur4aa
2026-09-24 14:41:03 | INFO     | Saving at a/skeb/Matur4aa-3e38ab.json
2026-09-24 14:41:05 | INFO     | OK https://skeb.jp/api/users/KaKiPiUwU00
2026-09-24 14:41:05 | INFO     | Saving at a/skeb/KaKiPiUwU00-708aaf.json
2026-09-24 14:41:06 | INFO     | OK https://skeb.jp/api/users/shifumame0354
2026-09-24 14:41:06 | INFO     | Saving at a/skeb/shifumame0354-b4bb4b.json
2026-09-24 14:41:07 | INFO     | OK https://skeb.jp/api/users/pm9e5QWzMk
2026-09-24 14:41:07 | INFO     | Saving at a/skeb/pm9e5QWzMk-bffc7f.json
2026-09-24 14:41:08 | INFO     | OK https://skeb.jp/api/users/Tetewvbr
2026-09-24 14:41:08 | INFO     | Saving at a/skeb/Tetewvbr-c2914f.json
2026-09-24 14:41:09 | INFO     | OK https://skeb.jp/api/users/dokkiRI8
2026-09-24 14:41:09 | INFO     | Saving at a/skeb/dokkiRI8-bf070d.json
2026-09-24 14:41:10 | INFO     | OK https://skeb.jp/api/users/shouki_maru
2026-09-24 14:41:10 | INFO     | Saving at a/skeb/shouki_maru-ec2b00.json
2026-09-24 14:41:11 | INFO     | OK https://skeb.jp/api/users/suKonbu385
2026-09-24 14:41:11 | INFO     | Saving at a/skeb/suKonbu385-3c0bde.json
2026-09-24 14:41:11 | INFO     | OK https://skeb.jp/api/users/JYOULI9Fpi95816
2026-09-24 14:41:11 | INFO     | Saving at a/skeb/JYOULI9Fpi95816-3df6a1.json
2026-09-24 14:41:12 | INFO     | OK https://skeb.jp/api/users/nenene_nemunemu
2026-09-24 14:41:12 | INFO     | Saving at a/skeb/nenene_nemunemu-8dfd24.json
2026-09-24 14:41:14 | INFO     | OK https://skeb.jp/api/users/mdenamimi
2026-09-24 14:41:14 | INFO     | Saving at a/skeb/mdenamimi-f411ff.json
2026-09-24 14:41:15 | INFO     | OK https://skeb.jp/api/users/tomo0111_e
2026-09-24 14:41:15 | INFO     | Saving at a/skeb/tomo0111_e-40acd2.json
2026-09-24 14:41:16 | INFO     | OK https://skeb.jp/api/users/rinrinwolf
2026-09-24 14:41:16 | INFO     | Saving at a/skeb/rinrinwolf-7f09cd.json
2026-09-24 14:41:17 | INFO     | OK https://skeb.jp/api/users/geoxrugu
2026-09-24 14:41:17 | INFO     | Saving at a/skeb/geoxrugu-2fb13d.json
2026-09-24 14:41:18 | INFO     | OK https://skeb.jp/api/users/super_the_dog_
2026-09-24 14:41:18 | INFO     | Saving at a/skeb/super_the_dog_-591369.json
2026-09-24 14:41:19 | INFO     | OK https://skeb.jp/api/users/OekakiAsari
2026-09-24 14:41:19 | INFO     | Saving at a/skeb/OekakiAsari-faf0c5.json
2026-09-24 14:41:20 | INFO     | OK https://skeb.jp/api/users/Hardboiled_08
2026-09-24 14:41:20 | INFO     | Saving at a/skeb/Hardboiled_08-f67bbc.json
2026-09-24 14:41:21 | INFO     | OK https://skeb.jp/api/users/kurimori_
2026-09-24 14:41:21 | INFO     | Saving at a/skeb/kurimori_-a99937.json
2026-09-24 14:41:22 | INFO     | OK https://skeb.jp/api/users/ikasyuumai
2026-09-24 14:41:22 | INFO     | Saving at a/skeb/ikasyuumai-7955dd.json
2026-09-24 14:41:23 | INFO     | OK https://skeb.jp/api/users/joqqeyoqqe
2026-09-24 14:41:23 | INFO     | Saving at a/skeb/joqqeyoqqe-f0da02.json
2026-09-24 14:41:24 | INFO     | OK https://skeb.jp/api/users/kamanbearu
2026-09-24 14:41:24 | INFO     | Saving at a/skeb/kamanbearu-4e72af.json
2026-09-24 14:41:25 | INFO     | OK https://skeb.jp/api/users/tikuwa_hf7781
2026-09-24 14:41:25 | INFO     | Saving at a/skeb/tikuwa_hf7781-ac8598.json
2026-09-24 14:41:26 | INFO     | OK https://skeb.jp/api/users/tatsunami1379
2026-09-24 14:41:26 | INFO     | Saving at a/skeb/tatsunami1379-db7a6b.json
2026-09-24 14:41:27 | INFO     | OK https://skeb.jp/api/users/lnn__am1244
2026-09-24 14:41:27 | INFO     | Saving at a/skeb/lnn__am1244-dded26.json
2026-09-24 14:41:28 | INFO     | OK https://skeb.jp/api/users/t_nao1576
2026-09-24 14:41:28 | INFO     | Saving at a/skeb/t_nao1576-baf168.json
2026-09-24 14:41:29 | INFO     | OK https://skeb.jp/api/users/hanashinitagari
2026-09-24 14:41:29 | INFO     | Saving at a/skeb/hanashinitagari-f33f11.json
2026-09-24 14:41:30 | INFO     | OK https://skeb.jp/api/users/kleio
2026-09-24 14:41:30 | INFO     | Saving at a/skeb/kleio-6dec92.json
2026-09-24 14:41:31 | INFO     | OK https://skeb.jp/api/users/pokoponpen
2026-09-24 14:41:31 | INFO     | Saving at a/skeb/pokoponpen-0d1563.json
2026-09-24 14:41:32 | INFO     | OK https://skeb.jp/api/users/NonELuX
2026-09-24 14:41:32 | INFO     | Saving at a/skeb/NonELuX-cb5144.json
2026-09-24 14:41:33 | INFO     | OK https://skeb.jp/api/users/takanotds
2026-09-24 14:41:33 | INFO     | Saving at a/skeb/takanotds-2e3f6d.json
2026-09-24 14:41:34 | INFO     | OK https://skeb.jp/api/users/ka2_nasu
2026-09-24 14:41:34 | INFO     | Saving at a/skeb/ka2_nasu-9252d8.json
2026-09-24 14:41:35 | INFO     | OK https://skeb.jp/api/users/Universalgyoza
2026-09-24 14:41:35 | INFO     | Saving at a/skeb/Universalgyoza-f7dff6.json
2026-09-24 14:41:36 | INFO     | OK https://skeb.jp/api/users/OWL_YORUHOSHI
2026-09-24 14:41:36 | INFO     | Saving at a/skeb/OWL_YORUHOSHI-fb1726.json
2026-09-24 14:41:37 | INFO     | OK https://skeb.jp/api/users/rinprfm
2026-09-24 14:41:37 | INFO     | Saving at a/skeb/rinprfm-4e55ab.json
2026-09-24 14:41:38 | INFO     | OK https://skeb.jp/api/users/mxxx963
2026-09-24 14:41:38 | INFO     | Saving at a/skeb/mxxx963-b8eab7.json
2026-09-24 14:41:39 | INFO     | OK https://skeb.jp/api/users/DaisakuKimutaku
2026-09-24 14:41:39 | INFO     | Saving at a/skeb/DaisakuKimutaku-32857b.json
2026-09-24 14:41:40 | INFO     | OK https://skeb.jp/api/users/2333mg_g
2026-09-24 14:41:40 | INFO     | Saving at a/skeb/2333mg_g-0f7aee.json
2026-09-24 14:41:41 | INFO     | OK https://skeb.jp/api/users/V2AE5OcFVDuhq2v
2026-09-24 14:41:41 | INFO     | Saving at a/skeb/V2AE5OcFVDuhq2v-a39c8e.json
2026-09-24 14:41:42 | INFO     | OK https://skeb.jp/api/users/mikikoceng2gen1
2026-09-24 14:41:42 | INFO     | Saving at a/skeb/mikikoceng2gen1-41e46d.json
2026-09-24 14:41:43 | INFO     | OK https://skeb.jp/api/users/ooo_____1i
2026-09-24 14:41:43 | INFO     | Saving at a/skeb/ooo_____1i-a533c2.json
2026-09-24 14:41:44 | INFO     | OK https://skeb.jp/api/users/hsn_nnnnn
2026-09-24 14:41:44 | INFO     | Saving at a/skeb/hsn_nnnnn-27a332.json
2026-09-24 14:41:45 | INFO     | OK https://skeb.jp/api/users/ZEN_KAMURO
2026-09-24 14:41:45 | INFO     | Saving at a/skeb/ZEN_KAMURO-15441e.json
2026-09-24 14:41:46 | INFO     | OK https://skeb.jp/api/users/4bD3zwdELJMdncF
2026-09-24 14:41:46 | INFO     | Saving at a/skeb/4bD3zwdELJMdncF-90c761.json
2026-09-24 14:41:47 | INFO     | OK https://skeb.jp/api/users/hizi_ki04
2026-09-24 14:41:47 | INFO     | Saving at a/skeb/hizi_ki04-b7ce1f.json
2026-09-24 14:41:48 | INFO     | OK https://skeb.jp/api/users/ADoX8xAJy264595
2026-09-24 14:41:48 | INFO     | Saving at a/skeb/ADoX8xAJy264595-714111.json
2026-09-24 14:41:49 | INFO     | OK https://skeb.jp/api/users/lowproteinhighf
2026-09-24 14:41:49 | INFO     | Saving at a/skeb/lowproteinhighf-0a417e.json
2026-09-24 14:41:50 | INFO     | OK https://skeb.jp/api/users/WWASwaswa2
2026-09-24 14:41:50 | INFO     | Saving at a/skeb/WWASwaswa2-27239b.json
2026-09-24 14:41:51 | INFO     | OK https://skeb.jp/api/users/ageomoti_556
2026-09-24 14:41:51 | INFO     | Saving at a/skeb/ageomoti_556-e2667f.json
2026-09-24 14:41:52 | INFO     | OK https://skeb.jp/api/users/N_mossi
2026-09-24 14:41:52 | INFO     | Saving at a/skeb/N_mossi-d45929.json
2026-09-24 14:41:53 | INFO     | OK https://skeb.jp/api/users/im_HikarU_desu
2026-09-24 14:41:53 | INFO     | Saving at a/skeb/im_HikarU_desu-8489c4.json
2026-09-24 14:41:54 | INFO     | OK https://skeb.jp/api/users/toriovfl_TRPG
2026-09-24 14:41:54 | INFO     | Saving at a/skeb/toriovfl_TRPG-d09e10.json
2026-09-24 14:41:55 | INFO     | OK https://skeb.jp/api/users/shiomi_cms
2026-09-24 14:41:55 | INFO     | Saving at a/skeb/shiomi_cms-f1d846.json
2026-09-24 14:41:56 | INFO     | OK https://skeb.jp/api/users/o_s_sinrin
2026-09-24 14:41:56 | INFO     | Saving at a/skeb/o_s_sinrin-f54415.json
2026-09-24 14:41:57 | INFO     | OK https://skeb.jp/api/users/uino
2026-09-24 14:41:57 | INFO     | Saving at a/skeb/uino-5b6e33.json
2026-09-24 14:41:58 | INFO     | OK https://skeb.jp/api/users/24crabshop
2026-09-24 14:41:58 | INFO     | Saving at a/skeb/24crabshop-3c6164.json
2026-09-24 14:41:59 | INFO     | OK https://skeb.jp/api/users/Daizu_irasuto
2026-09-24 14:41:59 | INFO     | Saving at a/skeb/Daizu_irasuto-cb3304.json
2026-09-24 14:42:00 | INFO     | OK https://skeb.jp/api/users/rennrenn214
2026-09-24 14:42:00 | INFO     | Saving at a/skeb/rennrenn214-54a274.json
2026-09-24 14:42:01 | INFO     | OK https://skeb.jp/api/users/hetakitsune
2026-09-24 14:42:01 | INFO     | Saving at a/skeb/hetakitsune-f9eda7.json
2026-09-24 14:42:02 | INFO     | OK https://skeb.jp/api/users/mugi_t
2026-09-24 14:42:02 | INFO     | Saving at a/skeb/mugi_t-da21b7.json
2026-09-24 14:42:03 | INFO     | OK https://skeb.jp/api/users/Lembityutel
2026-09-24 14:42:03 | INFO     | Saving at a/skeb/Lembityutel-016575.json
2026-09-24 14:42:04 | INFO     | OK https://skeb.jp/api/users/KyubiTurara
2026-09-24 14:42:04 | INFO     | Saving at a/skeb/KyubiTurara-e0b878.json
2026-09-24 14:42:05 | INFO     | OK https://skeb.jp/api/users/MinazukiAmayo
2026-09-24 14:42:05 | INFO     | Saving at a/skeb/MinazukiAmayo-9b8a7a.json
2026-09-24 14:42:06 | INFO     | OK https://skeb.jp/api/users/yamirine_2
2026-09-24 14:42:06 | INFO     | Saving at a/skeb/yamirine_2-fc7f07.json
2026-09-24 14:42:07 | INFO     | OK https://skeb.jp/api/users/ggohan
2026-09-24 14:42:07 | INFO     | Saving at a/skeb/ggohan-e60ff2.json
2026-09-24 14:42:08 | INFO     | OK https://skeb.jp/api/users/yugo_eti
2026-09-24 14:42:08 | INFO     | Saving at a/skeb/yugo_eti-df9656.json
2026-09-24 14:42:09 | INFO     | OK https://skeb.jp/api/users/harukaze_noda
2026-09-24 14:42:09 | INFO     | Saving at a/skeb/harukaze_noda-11b095.json
2026-09-24 14:42:10 | INFO     | OK https://skeb.jp/api/users/omkaome
2026-09-24 14:42:10 | INFO     | Saving at a/skeb/omkaome-55bda5.json
2026-09-24 14:42:11 | INFO     | OK https://skeb.jp/api/users/suketoru000
2026-09-24 14:42:11 | INFO     | Saving at a/skeb/suketoru000-2a2264.json
2026-09-24 14:42:12 | INFO     | OK https://skeb.jp/api/users/ningyooohime
2026-09-24 14:42:12 | INFO     | Saving at a/skeb/ningyooohime-28a227.json
2026-09-24 14:42:13 | INFO     | OK https://skeb.jp/api/users/m0496nmz
2026-09-24 14:42:13 | INFO     | Saving at a/skeb/m0496nmz-579c16.json
2026-09-24 14:42:14 | INFO     | OK https://skeb.jp/api/users/9pokamoyo
2026-09-24 14:42:14 | INFO     | Saving at a/skeb/9pokamoyo-395231.json
2026-09-24 14:42:15 | INFO     | OK https://skeb.jp/api/users/Mppp
2026-09-24 14:42:15 | INFO     | Saving at a/skeb/Mppp-e579d7.json
2026-09-24 14:42:16 | INFO     | OK https://skeb.jp/api/users/o_mitomi
2026-09-24 14:42:16 | INFO     | Saving at a/skeb/o_mitomi-345517.json
2026-09-24 14:42:16 | INFO     | OK https://skeb.jp/api/users/yaka_w2
2026-09-24 14:42:16 | INFO     | Saving at a/skeb/yaka_w2-84f8dd.json
2026-09-24 14:42:18 | INFO     | OK https://skeb.jp/api/users/lutein1455
2026-09-24 14:42:18 | INFO     | Saving at a/skeb/lutein1455-d8e594.json
2026-09-24 14:42:19 | INFO     | OK https://skeb.jp/api/users/arime_h_sub
2026-09-24 14:42:19 | INFO     | Saving at a/skeb/arime_h_sub-23893b.json
2026-09-24 14:42:20 | INFO     | OK https://skeb.jp/api/users/hirosuke_b_s
2026-09-24 14:42:20 | INFO     | Saving at a/skeb/hirosuke_b_s-d43c3e.json
2026-09-24 14:42:21 | INFO     | OK https://skeb.jp/api/users/seidenki6
2026-09-24 14:42:21 | INFO     | Saving at a/skeb/seidenki6-080af9.json
2026-09-24 14:42:22 | INFO     | OK https://skeb.jp/api/users/drillmole
2026-09-24 14:42:22 | INFO     | Saving at a/skeb/drillmole-ca365d.json
2026-09-24 14:42:22 | INFO     | OK https://skeb.jp/api/users/le__0841
2026-09-24 14:42:22 | INFO     | Saving at a/skeb/le__0841-447bd7.json
2026-09-24 14:42:24 | INFO     | OK https://skeb.jp/api/users/sk_kenzen
2026-09-24 14:42:24 | INFO     | Saving at a/skeb/sk_kenzen-4ab51c.json
2026-09-24 14:42:24 | INFO     | OK https://skeb.jp/api/users/shironehakuro
2026-09-24 14:42:24 | INFO     | Saving at a/skeb/shironehakuro-aaf61f.json
2026-09-24 14:42:26 | INFO     | OK https://skeb.jp/api/users/umeya_04
2026-09-24 14:42:26 | INFO     | Saving at a/skeb/umeya_04-43f265.json
2026-09-24 14:42:27 | INFO     | OK https://skeb.jp/api/users/PuruMochi55
2026-09-24 14:42:27 | INFO     | Saving at a/skeb/PuruMochi55-95ba4a.json
2026-09-24 14:42:28 | INFO     | OK https://skeb.jp/api/users/zakopenpen
2026-09-24 14:42:28 | INFO     | Saving at a/skeb/zakopenpen-17e7c6.json
2026-09-24 14:42:29 | INFO     | OK https://skeb.jp/api/users/mslkanasimi
2026-09-24 14:42:29 | INFO     | Saving at a/skeb/mslkanasimi-f4918a.json
2026-09-24 14:42:30 | INFO     | OK https://skeb.jp/api/users/Japaneseumbrell
2026-09-24 14:42:30 | INFO     | Saving at a/skeb/Japaneseumbrell-c63586.json
2026-09-24 14:42:31 | INFO     | OK https://skeb.jp/api/users/niconicoskb
2026-09-24 14:42:31 | INFO     | Saving at a/skeb/niconicoskb-8bd4e4.json
2026-09-24 14:42:32 | INFO     | OK https://skeb.jp/api/users/hitosaka_info
2026-09-24 14:42:32 | INFO     | Saving at a/skeb/hitosaka_info-9271ce.json
2026-09-24 14:42:33 | INFO     | OK https://skeb.jp/api/users/shibe0_0
2026-09-24 14:42:33 | INFO     | Saving at a/skeb/shibe0_0-9cd1a5.json
2026-09-24 14:42:33 | INFO     | OK https://skeb.jp/api/users/11mamemame33
2026-09-24 14:42:33 | INFO     | Saving at a/skeb/11mamemame33-de2e17.json
2026-09-24 14:42:35 | INFO     | OK https://skeb.jp/api/users/mi0w0im
2026-09-24 14:42:35 | INFO     | Saving at a/skeb/mi0w0im-7c5034.json
2026-09-24 14:42:36 | INFO     | OK https://skeb.jp/api/users/106266_06_2
2026-09-24 14:42:36 | INFO     | Saving at a/skeb/106266_06_2-255986.json
2026-09-24 14:42:37 | INFO     | OK https://skeb.jp/api/users/iseebiaiart1111
2026-09-24 14:42:37 | INFO     | Saving at a/skeb/iseebiaiart1111-749002.json
2026-09-24 14:42:38 | INFO     | OK https://skeb.jp/api/users/yng_hoti
2026-09-24 14:42:38 | INFO     | Saving at a/skeb/yng_hoti-6c4133.json
2026-09-24 14:42:39 | INFO     | OK https://skeb.jp/api/users/mxwux
2026-09-24 14:42:39 | INFO     | Saving at a/skeb/mxwux-de7134.json
2026-09-24 14:42:40 | INFO     | OK https://skeb.jp/api/users/oha_h22
2026-09-24 14:42:40 | INFO     | Saving at a/skeb/oha_h22-6ec9b0.json
2026-09-24 14:42:41 | INFO     | OK https://skeb.jp/api/users/StChame_
2026-09-24 14:42:41 | INFO     | Saving at a/skeb/StChame_-bcefa5.json
2026-09-24 14:42:42 | INFO     | OK https://skeb.jp/api/users/SygNusssss
2026-09-24 14:42:42 | INFO     | Saving at a/skeb/SygNusssss-d2d22d.json
2026-09-24 14:42:43 | INFO     | OK https://skeb.jp/api/users/bound_wolves
2026-09-24 14:42:43 | INFO     | Saving at a/skeb/bound_wolves-8c6162.json
2026-09-24 14:42:44 | INFO     | OK https://skeb.jp/api/users/hata4564
2026-09-24 14:42:44 | INFO     | Saving at a/skeb/hata4564-c58522.json
2026-09-24 14:42:45 | INFO     | OK https://skeb.jp/api/users/nanokanano0
2026-09-24 14:42:45 | INFO     | Saving at a/skeb/nanokanano0-93dda4.json
2026-09-24 14:42:45 | INFO     | OK https://skeb.jp/api/users/hako_nonaka
2026-09-24 14:42:45 | INFO     | Saving at a/skeb/hako_nonaka-f0530f.json
2026-09-24 14:42:47 | INFO     | OK https://skeb.jp/api/users/yuden_33
2026-09-24 14:42:47 | INFO     | Saving at a/skeb/yuden_33-717fa5.json
2026-09-24 14:42:48 | INFO     | OK https://skeb.jp/api/users/gRVLJkTBL7
2026-09-24 14:42:48 | INFO     | Saving at a/skeb/gRVLJkTBL7-cc1796.json
2026-09-24 14:42:49 | INFO     | OK https://skeb.jp/api/users/neko_i_i_
2026-09-24 14:42:49 | INFO     | Saving at a/skeb/neko_i_i_-3a5c45.json
2026-09-24 14:42:50 | INFO     | OK https://skeb.jp/api/users/Nosaboon
2026-09-24 14:42:50 | INFO     | Saving at a/skeb/Nosaboon-d1da8a.json
2026-09-24 14:42:51 | INFO     | OK https://skeb.jp/api/users/ni_tamagoEX
2026-09-24 14:42:51 | INFO     | Saving at a/skeb/ni_tamagoEX-fd0138.json
2026-09-24 14:42:52 | INFO     | OK https://skeb.jp/api/users/Guu8_
2026-09-24 14:42:52 | INFO     | Saving at a/skeb/Guu8_-fccdde.json
2026-09-24 14:42:53 | INFO     | OK https://skeb.jp/api/users/lalansane
2026-09-24 14:42:53 | INFO     | Saving at a/skeb/lalansane-aa54da.json
2026-09-24 14:42:54 | INFO     | OK https://skeb.jp/api/users/rabon_260
2026-09-24 14:42:54 | INFO     | Saving at a/skeb/rabon_260-4a3040.json
2026-09-24 14:42:55 | INFO     | OK https://skeb.jp/api/users/sadozimaH
2026-09-24 14:42:55 | INFO     | Saving at a/skeb/sadozimaH-02bc30.json
2026-09-24 14:42:56 | INFO     | OK https://skeb.jp/api/users/nokokemo
2026-09-24 14:42:56 | INFO     | Saving at a/skeb/nokokemo-8b3889.json
2026-09-24 14:42:57 | INFO     | OK https://skeb.jp/api/users/misIllust26
2026-09-24 14:42:57 | INFO     | Saving at a/skeb/misIllust26-967e75.json
2026-09-24 14:42:58 | INFO     | OK https://skeb.jp/api/users/q60662
2026-09-24 14:42:58 | INFO     | Saving at a/skeb/q60662-8ff28b.json
2026-09-24 14:42:59 | INFO     | OK https://skeb.jp/api/users/2u_jz
2026-09-24 14:42:59 | INFO     | Saving at a/skeb/2u_jz-dd5768.json
2026-09-24 14:43:00 | INFO     | OK https://skeb.jp/api/users/hosi_huru_yoru2
2026-09-24 14:43:00 | INFO     | Saving at a/skeb/hosi_huru_yoru2-4fc05d.json
2026-09-24 14:43:01 | INFO     | OK https://skeb.jp/api/users/Mt_Tsuruta
2026-09-24 14:43:01 | INFO     | Saving at a/skeb/Mt_Tsuruta-916eac.json
2026-09-24 14:43:02 | INFO     | OK https://skeb.jp/api/users/wcv2
2026-09-24 14:43:02 | INFO     | Saving at a/skeb/wcv2-0748ba.json
2026-09-24 14:43:03 | INFO     | OK https://skeb.jp/api/users/KoikuchiTsuyu
2026-09-24 14:43:03 | INFO     | Saving at a/skeb/KoikuchiTsuyu-0e2dca.json
2026-09-24 14:43:04 | INFO     | OK https://skeb.jp/api/users/tc97801
2026-09-24 14:43:04 | INFO     | Saving at a/skeb/tc97801-7f67cc.json
2026-09-24 14:43:05 | INFO     | OK https://skeb.jp/api/users/ka22pi
2026-09-24 14:43:05 | INFO     | Saving at a/skeb/ka22pi-4f9afc.json
2026-09-24 14:43:06 | INFO     | OK https://skeb.jp/api/users/maguro_gyozyou
2026-09-24 14:43:06 | INFO     | Saving at a/skeb/maguro_gyozyou-d40287.json
2026-09-24 14:43:07 | INFO     | OK https://skeb.jp/api/users/mahiron1062
2026-09-24 14:43:07 | INFO     | Saving at a/skeb/mahiron1062-1f9e11.json
2026-09-24 14:43:08 | INFO     | OK https://skeb.jp/api/users/yumyum_ebiebi
2026-09-24 14:43:08 | INFO     | Saving at a/skeb/yumyum_ebiebi-990545.json
2026-09-24 14:43:09 | INFO     | OK https://skeb.jp/api/users/Romantic_Line
2026-09-24 14:43:09 | INFO     | Saving at a/skeb/Romantic_Line-16aed3.json
2026-09-24 14:43:10 | INFO     | OK https://skeb.jp/api/users/yomosuekamo
2026-09-24 14:43:10 | INFO     | Saving at a/skeb/yomosuekamo-d1a170.json
2026-09-24 14:43:11 | INFO     | OK https://skeb.jp/api/users/_Rtms__
2026-09-24 14:43:11 | INFO     | Saving at a/skeb/_Rtms__-252e2e.json
2026-09-24 14:43:12 | INFO     | OK https://skeb.jp/api/users/opiopaopi
2026-09-24 14:43:12 | INFO     | Saving at a/skeb/opiopaopi-6b1b61.json
2026-09-24 14:43:13 | INFO     | OK https://skeb.jp/api/users/96tchi
2026-09-24 14:43:13 | INFO     | Saving at a/skeb/96tchi-93ef35.json
2026-09-24 14:43:14 | INFO     | OK https://skeb.jp/api/users/12Waka11
2026-09-24 14:43:14 | INFO     | Saving at a/skeb/12Waka11-44153a.json
2026-09-24 14:43:15 | INFO     | OK https://skeb.jp/api/users/DANPU456
2026-09-24 14:43:15 | INFO     | Saving at a/skeb/DANPU456-a56f65.json
2026-09-24 14:43:16 | INFO     | OK https://skeb.jp/api/users/love0craft
2026-09-24 14:43:16 | INFO     | Saving at a/skeb/love0craft-906e0d.json
2026-09-24 14:43:17 | INFO     | OK https://skeb.jp/api/users/M_Y_B_S__x
2026-09-24 14:43:17 | INFO     | Saving at a/skeb/M_Y_B_S__x-688ec9.json
2026-09-24 14:43:18 | INFO     | OK https://skeb.jp/api/users/wonderful_512
2026-09-24 14:43:18 | INFO     | Saving at a/skeb/wonderful_512-2ebfc3.json
2026-09-24 14:43:19 | INFO     | OK https://skeb.jp/api/users/hishaku_oreta
2026-09-24 14:43:19 | INFO     | Saving at a/skeb/hishaku_oreta-f2495b.json
2026-09-24 14:43:20 | INFO     | OK https://skeb.jp/api/users/KRanseki
2026-09-24 14:43:20 | INFO     | Saving at a/skeb/KRanseki-b27158.json
2026-09-24 14:43:21 | INFO     | OK https://skeb.jp/api/users/onioni_AOI
2026-09-24 14:43:21 | INFO     | Saving at a/skeb/onioni_AOI-517e1b.json
2026-09-24 14:43:22 | INFO     | OK https://skeb.jp/api/users/nara_o46
2026-09-24 14:43:22 | INFO     | Saving at a/skeb/nara_o46-07f10f.json
2026-09-24 14:43:23 | INFO     | OK https://skeb.jp/api/users/fffff5_fego
2026-09-24 14:43:23 | INFO     | Saving at a/skeb/fffff5_fego-c21027.json
2026-09-24 14:43:24 | INFO     | OK https://skeb.jp/api/users/flamekanix
2026-09-24 14:43:24 | INFO     | Saving at a/skeb/flamekanix-b97ce0.json
2026-09-24 14:43:25 | INFO     | OK https://skeb.jp/api/users/futagahirakanai
2026-09-24 14:43:25 | INFO     | Saving at a/skeb/futagahirakanai-0e9a8e.json
2026-09-24 14:43:26 | INFO     | OK https://skeb.jp/api/users/Biseibutu538655
2026-09-24 14:43:26 | INFO     | Saving at a/skeb/Biseibutu538655-a6bb4e.json
2026-09-24 14:43:27 | INFO     | OK https://skeb.jp/api/users/sousaku_t00
2026-09-24 14:43:27 | INFO     | Saving at a/skeb/sousaku_t00-6a957c.json
2026-09-24 14:43:28 | INFO     | OK https://skeb.jp/api/users/RISE19851203
2026-09-24 14:43:28 | INFO     | Saving at a/skeb/RISE19851203-4f84b4.json
2026-09-24 14:43:29 | INFO     | OK https://skeb.jp/api/users/cursscurss
2026-09-24 14:43:29 | INFO     | Saving at a/skeb/cursscurss-bd87da.json
2026-09-24 14:43:30 | INFO     | OK https://skeb.jp/api/users/hayulf8
2026-09-24 14:43:30 | INFO     | Saving at a/skeb/hayulf8-4ba004.json
2026-09-24 14:43:31 | INFO     | OK https://skeb.jp/api/users/inishienotanaka
2026-09-24 14:43:31 | INFO     | Saving at a/skeb/inishienotanaka-110807.json
2026-09-24 14:43:32 | INFO     | OK https://skeb.jp/api/users/korosite_3326
2026-09-24 14:43:32 | INFO     | Saving at a/skeb/korosite_3326-886d2c.json
2026-09-24 14:43:33 | INFO     | OK https://skeb.jp/api/users/ok_daira001
2026-09-24 14:43:33 | INFO     | Saving at a/skeb/ok_daira001-6a0316.json
2026-09-24 14:43:34 | INFO     | OK https://skeb.jp/api/users/ababa_aba12
2026-09-24 14:43:34 | INFO     | Saving at a/skeb/ababa_aba12-e2e94c.json
2026-09-24 14:43:35 | INFO     | OK https://skeb.jp/api/users/inu_to_tanpopo2
2026-09-24 14:43:35 | INFO     | Saving at a/skeb/inu_to_tanpopo2-fd54b9.json
2026-09-24 14:43:36 | INFO     | OK https://skeb.jp/api/users/yasutami86
2026-09-24 14:43:36 | INFO     | Saving at a/skeb/yasutami86-c04c15.json
2026-09-24 14:43:37 | INFO     | OK https://skeb.jp/api/users/donn_meda
2026-09-24 14:43:37 | INFO     | Saving at a/skeb/donn_meda-a60ecf.json
2026-09-24 14:43:38 | INFO     | OK https://skeb.jp/api/users/asash0u0
2026-09-24 14:43:38 | INFO     | Saving at a/skeb/asash0u0-8d1c03.json
2026-09-24 14:43:39 | INFO     | OK https://skeb.jp/api/users/golden_nabe
2026-09-24 14:43:39 | INFO     | Saving at a/skeb/golden_nabe-a2e243.json
2026-09-24 14:43:40 | INFO     | OK https://skeb.jp/api/users/inunoodorigui
2026-09-24 14:43:40 | INFO     | Saving at a/skeb/inunoodorigui-f9d93e.json
2026-09-24 14:43:41 | INFO     | OK https://skeb.jp/api/users/o__nk_
2026-09-24 14:43:41 | INFO     | Saving at a/skeb/o__nk_-7a512c.json
2026-09-24 14:43:42 | INFO     | OK https://skeb.jp/api/users/victor_mok
2026-09-24 14:43:42 | INFO     | Saving at a/skeb/victor_mok-3e8744.json
2026-09-24 14:43:43 | INFO     | OK https://skeb.jp/api/users/ryksn1297
2026-09-24 14:43:43 | INFO     | Saving at a/skeb/ryksn1297-af39b3.json
2026-09-24 14:43:44 | INFO     | OK https://skeb.jp/api/users/nagi_ailesmer
2026-09-24 14:43:44 | INFO     | Saving at a/skeb/nagi_ailesmer-38b7e0.json
2026-09-24 14:43:45 | INFO     | OK https://skeb.jp/api/users/myamyamyako_
2026-09-24 14:43:45 | INFO     | Saving at a/skeb/myamyamyako_-7eca56.json
2026-09-24 14:43:46 | INFO     | OK https://skeb.jp/api/users/komatsuu123
2026-09-24 14:43:46 | INFO     | Saving at a/skeb/komatsuu123-9e772f.json
2026-09-24 14:43:47 | INFO     | OK https://skeb.jp/api/users/nananananahush1
2026-09-24 14:43:47 | INFO     | Saving at a/skeb/nananananahush1-11f2ff.json
2026-09-24 14:43:48 | INFO     | OK https://skeb.jp/api/users/denryuzel
2026-09-24 14:43:48 | INFO     | Saving at a/skeb/denryuzel-a2df5b.json
2026-09-24 14:43:49 | INFO     | OK https://skeb.jp/api/users/san_mozu01
2026-09-24 14:43:49 | INFO     | Saving at a/skeb/san_mozu01-56366f.json
2026-09-24 14:43:50 | INFO     | OK https://skeb.jp/api/users/ObakenoPerutan
2026-09-24 14:43:50 | INFO     | Saving at a/skeb/ObakenoPerutan-677296.json
2026-09-24 14:43:51 | INFO     | OK https://skeb.jp/api/users/ar_mess
2026-09-24 14:43:51 | INFO     | Saving at a/skeb/ar_mess-6e47b0.json
2026-09-24 14:43:52 | INFO     | OK https://skeb.jp/api/users/hinomiya1031
2026-09-24 14:43:52 | INFO     | Saving at a/skeb/hinomiya1031-ce3898.json
2026-09-24 14:43:53 | INFO     | OK https://skeb.jp/api/users/nakano0829
2026-09-24 14:43:53 | INFO     | Saving at a/skeb/nakano0829-e0cadf.json
2026-09-24 14:43:54 | INFO     | OK https://skeb.jp/api/users/fura3__
2026-09-24 14:43:54 | INFO     | Saving at a/skeb/fura3__-c8aa48.json
2026-09-24 14:43:55 | INFO     | OK https://skeb.jp/api/users/menmenmenma_2
2026-09-24 14:43:55 | INFO     | Saving at a/skeb/menmenmenma_2-3bbd90.json
2026-09-24 14:43:56 | INFO     | OK https://skeb.jp/api/users/yuki_amm55
2026-09-24 14:43:56 | INFO     | Saving at a/skeb/yuki_amm55-0fdd6b.json
2026-09-24 14:43:57 | INFO     | OK https://skeb.jp/api/users/nova_7511
2026-09-24 14:43:57 | INFO     | Saving at a/skeb/nova_7511-80f7d3.json
2026-09-24 14:43:58 | INFO     | OK https://skeb.jp/api/users/NeonShizuku
2026-09-24 14:43:58 | INFO     | Saving at a/skeb/NeonShizuku-3d3f21.json
2026-09-24 14:43:59 | INFO     | OK https://skeb.jp/api/users/tamasuke_kr
2026-09-24 14:43:59 | INFO     | Saving at a/skeb/tamasuke_kr-70b7d4.json
2026-09-24 14:44:00 | INFO     | OK https://skeb.jp/api/users/he_know_lee
2026-09-24 14:44:00 | INFO     | Saving at a/skeb/he_know_lee-ef81a5.json
2026-09-24 14:44:01 | INFO     | OK https://skeb.jp/api/users/yashuring
2026-09-24 14:44:01 | INFO     | Saving at a/skeb/yashuring-e3e429.json
2026-09-24 14:44:02 | INFO     | OK https://skeb.jp/api/users/enipax28
2026-09-24 14:44:02 | INFO     | Saving at a/skeb/enipax28-747337.json
2026-09-24 14:44:03 | INFO     | OK https://skeb.jp/api/users/Chari030922
2026-09-24 14:44:03 | INFO     | Saving at a/skeb/Chari030922-69c736.json
2026-09-24 14:44:04 | INFO     | OK https://skeb.jp/api/users/aonori00
2026-09-24 14:44:04 | INFO     | Saving at a/skeb/aonori00-cfb780.json
2026-09-24 14:44:05 | INFO     | OK https://skeb.jp/api/users/nekoneko
2026-09-24 14:44:05 | INFO     | Saving at a/skeb/nekoneko-c07dda.json
2026-09-24 14:44:06 | INFO     | OK https://skeb.jp/api/users/f55295
2026-09-24 14:44:06 | INFO     | Saving at a/skeb/f55295-ae7b00.json
2026-09-24 14:44:07 | INFO     | OK https://skeb.jp/api/users/chirin_icecream
2026-09-24 14:44:07 | INFO     | Saving at a/skeb/chirin_icecream-c0a5bf.json
2026-09-24 14:44:08 | INFO     | OK https://skeb.jp/api/users/karetyauknife
2026-09-24 14:44:08 | INFO     | Saving at a/skeb/karetyauknife-fd4331.json
2026-09-24 14:44:09 | INFO     | OK https://skeb.jp/api/users/sanmayaroooooo
2026-09-24 14:44:09 | INFO     | Saving at a/skeb/sanmayaroooooo-3ca2df.json
2026-09-24 14:44:10 | INFO     | OK https://skeb.jp/api/users/tanakauyu0424
2026-09-24 14:44:10 | INFO     | Saving at a/skeb/tanakauyu0424-eba5fe.json
2026-09-24 14:44:11 | INFO     | OK https://skeb.jp/api/users/ujmwey
2026-09-24 14:44:11 | INFO     | Saving at a/skeb/ujmwey-6ea155.json
2026-09-24 14:44:12 | INFO     | OK https://skeb.jp/api/users/yuuji_mushipan
2026-09-24 14:44:12 | INFO     | Saving at a/skeb/yuuji_mushipan-47ef19.json
2026-09-24 14:44:13 | INFO     | OK https://skeb.jp/api/users/syaaaaneeeyona
2026-09-24 14:44:13 | INFO     | Saving at a/skeb/syaaaaneeeyona-77c107.json
2026-09-24 14:44:14 | INFO     | OK https://skeb.jp/api/users/KS_Bluearc_7
2026-09-24 14:44:14 | INFO     | Saving at a/skeb/KS_Bluearc_7-b9ef72.json
2026-09-24 14:44:15 | INFO     | OK https://skeb.jp/api/users/wrfts5
2026-09-24 14:44:15 | INFO     | Saving at a/skeb/wrfts5-329ca7.json
2026-09-24 14:44:16 | INFO     | OK https://skeb.jp/api/users/matsuri_ryosan
2026-09-24 14:44:16 | INFO     | Saving at a/skeb/matsuri_ryosan-efe504.json
2026-09-24 14:44:17 | INFO     | OK https://skeb.jp/api/users/h_n_k_u
2026-09-24 14:44:17 | INFO     | Saving at a/skeb/h_n_k_u-4e35ca.json
2026-09-24 14:44:18 | INFO     | OK https://skeb.jp/api/users/DOW_suitable
2026-09-24 14:44:18 | INFO     | Saving at a/skeb/DOW_suitable-d2032f.json
2026-09-24 14:44:19 | INFO     | OK https://skeb.jp/api/users/binssen
2026-09-24 14:44:19 | INFO     | Saving at a/skeb/binssen-cc2739.json
2026-09-24 14:44:20 | INFO     | OK https://skeb.jp/api/users/utsurogi_crow
2026-09-24 14:44:20 | INFO     | Saving at a/skeb/utsurogi_crow-f7de87.json
2026-09-24 14:44:21 | INFO     | OK https://skeb.jp/api/users/agyl_l
2026-09-24 14:44:21 | INFO     | Saving at a/skeb/agyl_l-7c4d7a.json
2026-09-24 14:44:22 | INFO     | OK https://skeb.jp/api/users/Redkingtaraba
2026-09-24 14:44:22 | INFO     | Saving at a/skeb/Redkingtaraba-4e3887.json
2026-09-24 14:44:23 | INFO     | OK https://skeb.jp/api/users/75G7oO7KRMu827J
2026-09-24 14:44:23 | INFO     | Saving at a/skeb/75G7oO7KRMu827J-323560.json
2026-09-24 14:44:24 | INFO     | OK https://skeb.jp/api/users/15_muwi
2026-09-24 14:44:24 | INFO     | Saving at a/skeb/15_muwi-b27643.json
2026-09-24 14:44:25 | INFO     | OK https://skeb.jp/api/users/mac_724838
2026-09-24 14:44:25 | INFO     | Saving at a/skeb/mac_724838-e26e24.json
2026-09-24 14:44:26 | INFO     | OK https://skeb.jp/api/users/moppuneko_ta
2026-09-24 14:44:26 | INFO     | Saving at a/skeb/moppuneko_ta-d6ae5a.json
2026-09-24 14:44:27 | INFO     | OK https://skeb.jp/api/users/ginjiroXX
2026-09-24 14:44:27 | INFO     | Saving at a/skeb/ginjiroXX-907151.json
2026-09-24 14:44:28 | INFO     | OK https://skeb.jp/api/users/58643Jerry
2026-09-24 14:44:28 | INFO     | Saving at a/skeb/58643Jerry-9cc7c5.json
2026-09-24 14:44:29 | INFO     | OK https://skeb.jp/api/users/Ndy5D
2026-09-24 14:44:29 | INFO     | Saving at a/skeb/Ndy5D-5022d1.json
2026-09-24 14:44:30 | INFO     | OK https://skeb.jp/api/users/PlaW_01
2026-09-24 14:44:30 | INFO     | Saving at a/skeb/PlaW_01-fa4113.json
2026-09-24 14:44:31 | INFO     | OK https://skeb.jp/api/users/gucchiponponpon
2026-09-24 14:44:31 | INFO     | Saving at a/skeb/gucchiponponpon-c317c3.json
2026-09-24 14:44:32 | INFO     | OK https://skeb.jp/api/users/neco_modoki_
2026-09-24 14:44:32 | INFO     | Saving at a/skeb/neco_modoki_-45e92f.json
2026-09-24 14:44:33 | INFO     | OK https://skeb.jp/api/users/illustratchaco
2026-09-24 14:44:33 | INFO     | Saving at a/skeb/illustratchaco-002ee8.json
2026-09-24 14:44:34 | INFO     | OK https://skeb.jp/api/users/ir_ooo_35
2026-09-24 14:44:34 | INFO     | Saving at a/skeb/ir_ooo_35-964e12.json
2026-09-24 14:44:35 | INFO     | OK https://skeb.jp/api/users/kazuha1813
2026-09-24 14:44:35 | INFO     | Saving at a/skeb/kazuha1813-26a607.json
2026-09-24 14:44:36 | INFO     | OK https://skeb.jp/api/users/tsuyuame2tsu
2026-09-24 14:44:36 | INFO     | Saving at a/skeb/tsuyuame2tsu-9c73fc.json
2026-09-24 14:44:37 | INFO     | OK https://skeb.jp/api/users/hiipopo
2026-09-24 14:44:37 | INFO     | Saving at a/skeb/hiipopo-454524.json
2026-09-24 14:44:38 | INFO     | OK https://skeb.jp/api/users/osanpo_human
2026-09-24 14:44:38 | INFO     | Saving at a/skeb/osanpo_human-2a79b4.json
2026-09-24 14:44:39 | INFO     | OK https://skeb.jp/api/users/22mk22nd
2026-09-24 14:44:39 | INFO     | Saving at a/skeb/22mk22nd-83b46e.json
2026-09-24 14:44:40 | INFO     | OK https://skeb.jp/api/users/k_art71
2026-09-24 14:44:40 | INFO     | Saving at a/skeb/k_art71-1b7f57.json
2026-09-24 14:44:41 | INFO     | OK https://skeb.jp/api/users/bloomsq
2026-09-24 14:44:41 | INFO     | Saving at a/skeb/bloomsq-883b77.json
2026-09-24 14:44:42 | INFO     | OK https://skeb.jp/api/users/koketuma_robit
2026-09-24 14:44:42 | INFO     | Saving at a/skeb/koketuma_robit-b3990a.json
2026-09-24 14:44:43 | INFO     | OK https://skeb.jp/api/users/wabicha
2026-09-24 14:44:43 | INFO     | Saving at a/skeb/wabicha-287095.json
2026-09-24 14:44:44 | INFO     | OK https://skeb.jp/api/users/Kokuu_17
2026-09-24 14:44:44 | INFO     | Saving at a/skeb/Kokuu_17-de42ef.json
2026-09-24 14:44:45 | INFO     | OK https://skeb.jp/api/users/Twins28n
2026-09-24 14:44:45 | INFO     | Saving at a/skeb/Twins28n-33b3ad.json
2026-09-24 14:44:46 | INFO     | OK https://skeb.jp/api/users/Se_wowou
2026-09-24 14:44:46 | INFO     | Saving at a/skeb/Se_wowou-05bd4d.json
2026-09-24 14:44:47 | INFO     | OK https://skeb.jp/api/users/yuyumu_ekaku
2026-09-24 14:44:47 | INFO     | Saving at a/skeb/yuyumu_ekaku-060ec5.json
2026-09-24 14:44:48 | INFO     | OK https://skeb.jp/api/users/punipuniloan
2026-09-24 14:44:48 | INFO     | Saving at a/skeb/punipuniloan-6f0224.json
2026-09-24 14:44:49 | INFO     | OK https://skeb.jp/api/users/TomMukai
2026-09-24 14:44:49 | INFO     | Saving at a/skeb/TomMukai-cfb2f4.json
2026-09-24 14:44:50 | INFO     | OK https://skeb.jp/api/users/miutomo_chan
2026-09-24 14:44:50 | INFO     | Saving at a/skeb/miutomo_chan-1fe644.json
2026-09-24 14:44:51 | INFO     | OK https://skeb.jp/api/users/yxulxse
2026-09-24 14:44:51 | INFO     | Saving at a/skeb/yxulxse-b36a28.json
2026-09-24 14:44:52 | INFO     | OK https://skeb.jp/api/users/Awawa_117
2026-09-24 14:44:52 | INFO     | Saving at a/skeb/Awawa_117-cd8783.json
2026-09-24 14:44:53 | INFO     | OK https://skeb.jp/api/users/kawam0_
2026-09-24 14:44:53 | INFO     | Saving at a/skeb/kawam0_-749753.json
2026-09-24 14:44:54 | INFO     | OK https://skeb.jp/api/users/kmnm_1403
2026-09-24 14:44:54 | INFO     | Saving at a/skeb/kmnm_1403-9e1665.json
2026-09-24 14:44:55 | INFO     | OK https://skeb.jp/api/users/hijirigakawaii
2026-09-24 14:44:55 | INFO     | Saving at a/skeb/hijirigakawaii-d195aa.json
2026-09-24 14:44:56 | INFO     | OK https://skeb.jp/api/users/Mok_orz
2026-09-24 14:44:56 | INFO     | Saving at a/skeb/Mok_orz-cd0408.json
2026-09-24 14:44:57 | INFO     | OK https://skeb.jp/api/users/aoakumasan
2026-09-24 14:44:57 | INFO     | Saving at a/skeb/aoakumasan-51945d.json
2026-09-24 14:44:58 | INFO     | OK https://skeb.jp/api/users/Hyu_72_orange
2026-09-24 14:44:58 | INFO     | Saving at a/skeb/Hyu_72_orange-acaafe.json
2026-09-24 14:44:59 | INFO     | OK https://skeb.jp/api/users/natsukawa_56
2026-09-24 14:44:59 | INFO     | Saving at a/skeb/natsukawa_56-b213ab.json
2026-09-24 14:45:00 | INFO     | OK https://skeb.jp/api/users/6FHSHjvT12
2026-09-24 14:45:00 | INFO     | Saving at a/skeb/6FHSHjvT12-190c3f.json
2026-09-24 14:45:01 | INFO     | OK https://skeb.jp/api/users/watashiokindayo
2026-09-24 14:45:01 | INFO     | Saving at a/skeb/watashiokindayo-1ed06c.json
2026-09-24 14:45:02 | INFO     | OK https://skeb.jp/api/users/kijico
2026-09-24 14:45:02 | INFO     | Saving at a/skeb/kijico-000687.json
2026-09-24 14:45:03 | INFO     | OK https://skeb.jp/api/users/aji648831161341
2026-09-24 14:45:03 | INFO     | Saving at a/skeb/aji648831161341-b0d676.json
2026-09-24 14:45:04 | INFO     | OK https://skeb.jp/api/users/Tateha_Oto
2026-09-24 14:45:04 | INFO     | Saving at a/skeb/Tateha_Oto-d01d26.json
2026-09-24 14:45:05 | INFO     | OK https://skeb.jp/api/users/Su1cidepend
2026-09-24 14:45:05 | INFO     | Saving at a/skeb/Su1cidepend-467cf8.json
2026-09-24 14:45:06 | INFO     | OK https://skeb.jp/api/users/9302w
2026-09-24 14:45:06 | INFO     | Saving at a/skeb/9302w-5338ff.json
2026-09-24 14:45:07 | INFO     | OK https://skeb.jp/api/users/_eFen
2026-09-24 14:45:07 | INFO     | Saving at a/skeb/_eFen-b24642.json
2026-09-24 14:45:08 | INFO     | OK https://skeb.jp/api/users/PhenomenalZombe
2026-09-24 14:45:08 | INFO     | Saving at a/skeb/PhenomenalZombe-696471.json
2026-09-24 14:45:09 | INFO     | OK https://skeb.jp/api/users/pengdrm
2026-09-24 14:45:09 | INFO     | Saving at a/skeb/pengdrm-6e0878.json
2026-09-24 14:45:10 | INFO     | OK https://skeb.jp/api/users/naokimineta026
2026-09-24 14:45:10 | INFO     | Saving at a/skeb/naokimineta026-8c07f0.json
2026-09-24 14:45:11 | INFO     | OK https://skeb.jp/api/users/KishiNaito
2026-09-24 14:45:11 | INFO     | Saving at a/skeb/KishiNaito-f38453.json
2026-09-24 14:45:12 | INFO     | OK https://skeb.jp/api/users/YURI_Melonchan
2026-09-24 14:45:12 | INFO     | Saving at a/skeb/YURI_Melonchan-a6baa5.json
2026-09-24 14:45:13 | INFO     | OK https://skeb.jp/api/users/honeyvoice
2026-09-24 14:45:13 | INFO     | Saving at a/skeb/honeyvoice-aa997f.json
2026-09-24 14:45:14 | INFO     | OK https://skeb.jp/api/users/sc0
2026-09-24 14:45:14 | INFO     | Saving at a/skeb/sc0-ba497f.json
2026-09-24 14:45:15 | INFO     | OK https://skeb.jp/api/users/KUNAHANLOVE
2026-09-24 14:45:15 | INFO     | Saving at a/skeb/KUNAHANLOVE-85b5ce.json
2026-09-24 14:45:16 | INFO     | OK https://skeb.jp/api/users/nyawaniiii
2026-09-24 14:45:16 | INFO     | Saving at a/skeb/nyawaniiii-e673a8.json
2026-09-24 14:45:17 | INFO     | OK https://skeb.jp/api/users/snhn_imi
2026-09-24 14:45:17 | INFO     | Saving at a/skeb/snhn_imi-ba527b.json
2026-09-24 14:45:18 | INFO     | OK https://skeb.jp/api/users/densi_ronto
2026-09-24 14:45:18 | INFO     | Saving at a/skeb/densi_ronto-2c2d91.json
2026-09-24 14:45:19 | INFO     | OK https://skeb.jp/api/users/toromo_oekaki
2026-09-24 14:45:19 | INFO     | Saving at a/skeb/toromo_oekaki-be91a3.json
2026-09-24 14:45:20 | INFO     | OK https://skeb.jp/api/users/goma_tarata
2026-09-24 14:45:20 | INFO     | Saving at a/skeb/goma_tarata-955b31.json
2026-09-24 14:45:21 | INFO     | OK https://skeb.jp/api/users/in_veranda
2026-09-24 14:45:21 | INFO     | Saving at a/skeb/in_veranda-3aad0c.json
2026-09-24 14:45:22 | INFO     | OK https://skeb.jp/api/users/nonohito_r18
2026-09-24 14:45:22 | INFO     | Saving at a/skeb/nonohito_r18-350fa3.json
2026-09-24 14:45:23 | INFO     | OK https://skeb.jp/api/users/fsmch
2026-09-24 14:45:23 | INFO     | Saving at a/skeb/fsmch-d424b0.json
2026-09-24 14:45:24 | INFO     | OK https://skeb.jp/api/users/HimmelGewalt
2026-09-24 14:45:24 | INFO     | Saving at a/skeb/HimmelGewalt-290f40.json
2026-09-24 14:45:25 | INFO     | OK https://skeb.jp/api/users/sakuratoiwako
2026-09-24 14:45:25 | INFO     | Saving at a/skeb/sakuratoiwako-3c05c9.json
2026-09-24 14:45:26 | INFO     | OK https://skeb.jp/api/users/_ruru912
2026-09-24 14:45:26 | INFO     | Saving at a/skeb/_ruru912-b9ca93.json
2026-09-24 14:45:27 | INFO     | OK https://skeb.jp/api/users/nonbirireo
2026-09-24 14:45:27 | INFO     | Saving at a/skeb/nonbirireo-f563cd.json
2026-09-24 14:45:28 | INFO     | OK https://skeb.jp/api/users/nponpo_ritan
2026-09-24 14:45:28 | INFO     | Saving at a/skeb/nponpo_ritan-0bcb47.json
2026-09-24 14:45:29 | INFO     | OK https://skeb.jp/api/users/Sio_Musubi101
2026-09-24 14:45:29 | INFO     | Saving at a/skeb/Sio_Musubi101-a83757.json
2026-09-24 14:45:30 | INFO     | OK https://skeb.jp/api/users/rexpace
2026-09-24 14:45:30 | INFO     | Saving at a/skeb/rexpace-c2fe70.json
2026-09-24 14:45:31 | INFO     | OK https://skeb.jp/api/users/pynpyn_dx
2026-09-24 14:45:31 | INFO     | Saving at a/skeb/pynpyn_dx-72f249.json
2026-09-24 14:45:32 | INFO     | OK https://skeb.jp/api/users/NP_TRPG
2026-09-24 14:45:32 | INFO     | Saving at a/skeb/NP_TRPG-efdf23.json
2026-09-24 14:45:33 | INFO     | OK https://skeb.jp/api/users/maou_20511
2026-09-24 14:45:33 | INFO     | Saving at a/skeb/maou_20511-5c632d.json
2026-09-24 14:45:34 | INFO     | OK https://skeb.jp/api/users/zumizu1254
2026-09-24 14:45:34 | INFO     | Saving at a/skeb/zumizu1254-a51295.json
2026-09-24 14:45:35 | INFO     | OK https://skeb.jp/api/users/__8gi
2026-09-24 14:45:35 | INFO     | Saving at a/skeb/__8gi-b8285c.json
2026-09-24 14:45:36 | INFO     | OK https://skeb.jp/api/users/Selala_hades
2026-09-24 14:45:36 | INFO     | Saving at a/skeb/Selala_hades-8916f5.json
2026-09-24 14:45:37 | INFO     | OK https://skeb.jp/api/users/vx7bj
2026-09-24 14:45:37 | INFO     | Saving at a/skeb/vx7bj-75ae3a.json
2026-09-24 14:45:38 | INFO     | OK https://skeb.jp/api/users/waya4696
2026-09-24 14:45:38 | INFO     | Saving at a/skeb/waya4696-1ebfda.json
2026-09-24 14:45:39 | INFO     | OK https://skeb.jp/api/users/tinazum
2026-09-24 14:45:39 | INFO     | Saving at a/skeb/tinazum-10ea36.json
2026-09-24 14:45:40 | INFO     | OK https://skeb.jp/api/users/nagira0822
2026-09-24 14:45:40 | INFO     | Saving at a/skeb/nagira0822-438124.json
2026-09-24 14:45:41 | INFO     | OK https://skeb.jp/api/users/sizimi_moon
2026-09-24 14:45:41 | INFO     | Saving at a/skeb/sizimi_moon-6615d6.json
2026-09-24 14:45:42 | INFO     | OK https://skeb.jp/api/users/HHorn1214
2026-09-24 14:45:42 | INFO     | Saving at a/skeb/HHorn1214-9539ef.json
2026-09-24 14:45:43 | INFO     | OK https://skeb.jp/api/users/15furikake
2026-09-24 14:45:43 | INFO     | Saving at a/skeb/15furikake-033fd9.json
2026-09-24 14:45:44 | INFO     | OK https://skeb.jp/api/users/NeNe_Stamp
2026-09-24 14:45:44 | INFO     | Saving at a/skeb/NeNe_Stamp-84e736.json
2026-09-24 14:45:45 | INFO     | OK https://skeb.jp/api/users/Shi_0_8
2026-09-24 14:45:45 | INFO     | Saving at a/skeb/Shi_0_8-7910e4.json
2026-09-24 14:45:46 | INFO     | OK https://skeb.jp/api/users/kugidana
2026-09-24 14:45:46 | INFO     | Saving at a/skeb/kugidana-20d3ef.json
2026-09-24 14:45:47 | INFO     | OK https://skeb.jp/api/users/flat4_v12
2026-09-24 14:45:47 | INFO     | Saving at a/skeb/flat4_v12-cb3b86.json
2026-09-24 14:45:48 | INFO     | OK https://skeb.jp/api/users/hellmayuge
2026-09-24 14:45:48 | INFO     | Saving at a/skeb/hellmayuge-153829.json
2026-09-24 14:45:49 | INFO     | OK https://skeb.jp/api/users/i0nek0_
2026-09-24 14:45:49 | INFO     | Saving at a/skeb/i0nek0_-261938.json
2026-09-24 14:45:50 | INFO     | OK https://skeb.jp/api/users/nobubu72
2026-09-24 14:45:50 | INFO     | Saving at a/skeb/nobubu72-3bc077.json
2026-09-24 14:45:51 | INFO     | OK https://skeb.jp/api/users/ToriTorioekaki
2026-09-24 14:45:51 | INFO     | Saving at a/skeb/ToriTorioekaki-21ac27.json
2026-09-24 14:45:52 | INFO     | OK https://skeb.jp/api/users/Tar_tetete
2026-09-24 14:45:52 | INFO     | Saving at a/skeb/Tar_tetete-7da6f9.json
2026-09-24 14:45:53 | INFO     | OK https://skeb.jp/api/users/futoshi_95
2026-09-24 14:45:53 | INFO     | Saving at a/skeb/futoshi_95-7935b9.json
2026-09-24 14:45:54 | INFO     | OK https://skeb.jp/api/users/8ruakira
2026-09-24 14:45:54 | INFO     | Saving at a/skeb/8ruakira-cc649e.json
2026-09-24 14:45:55 | INFO     | OK https://skeb.jp/api/users/herochi913
2026-09-24 14:45:55 | INFO     | Saving at a/skeb/herochi913-0ad969.json
2026-09-24 14:45:56 | INFO     | OK https://skeb.jp/api/users/kuroe_mashiro
2026-09-24 14:45:56 | INFO     | Saving at a/skeb/kuroe_mashiro-f0c592.json
2026-09-24 14:45:57 | INFO     | OK https://skeb.jp/api/users/origamisayah
2026-09-24 14:45:57 | INFO     | Saving at a/skeb/origamisayah-1d9ba8.json
2026-09-24 14:45:58 | INFO     | OK https://skeb.jp/api/users/asb_oc
2026-09-24 14:45:58 | INFO     | Saving at a/skeb/asb_oc-772fd8.json
2026-09-24 14:45:59 | INFO     | OK https://skeb.jp/api/users/nenryuu
2026-09-24 14:45:59 | INFO     | Saving at a/skeb/nenryuu-f204c3.json
2026-09-24 14:46:00 | INFO     | OK https://skeb.jp/api/users/AZ84997592
2026-09-24 14:46:00 | INFO     | Saving at a/skeb/AZ84997592-8d6dc5.json
2026-09-24 14:46:01 | INFO     | OK https://skeb.jp/api/users/haitarosxxx
2026-09-24 14:46:01 | INFO     | Saving at a/skeb/haitarosxxx-8a0dc0.json
2026-09-24 14:46:02 | INFO     | OK https://skeb.jp/api/users/hokori_4649
2026-09-24 14:46:02 | INFO     | Saving at a/skeb/hokori_4649-28bb1a.json
2026-09-24 14:46:03 | INFO     | OK https://skeb.jp/api/users/Nakasago35
2026-09-24 14:46:03 | INFO     | Saving at a/skeb/Nakasago35-a4c3ec.json
2026-09-24 14:46:04 | INFO     | OK https://skeb.jp/api/users/Zebulun_
2026-09-24 14:46:04 | INFO     | Saving at a/skeb/Zebulun_-c238d3.json
2026-09-24 14:46:05 | INFO     | OK https://skeb.jp/api/users/iiiichimarU_03
2026-09-24 14:46:05 | INFO     | Saving at a/skeb/iiiichimarU_03-c2bd5e.json
2026-09-24 14:46:06 | INFO     | OK https://skeb.jp/api/users/omochi10_01
2026-09-24 14:46:06 | INFO     | Saving at a/skeb/omochi10_01-979a6f.json
2026-09-24 14:46:07 | INFO     | OK https://skeb.jp/api/users/mayoixutsurou
2026-09-24 14:46:07 | INFO     | Saving at a/skeb/mayoixutsurou-758023.json
2026-09-24 14:46:08 | INFO     | OK https://skeb.jp/api/users/morukaaa
2026-09-24 14:46:08 | INFO     | Saving at a/skeb/morukaaa-b1a767.json
2026-09-24 14:46:09 | INFO     | OK https://skeb.jp/api/users/okuramzmz
2026-09-24 14:46:09 | INFO     | Saving at a/skeb/okuramzmz-abfbe1.json
2026-09-24 14:46:10 | INFO     | OK https://skeb.jp/api/users/NyoraOshiume18B
2026-09-24 14:46:10 | INFO     | Saving at a/skeb/NyoraOshiume18B-188079.json
2026-09-24 14:46:11 | INFO     | OK https://skeb.jp/api/users/X_noki9
2026-09-24 14:46:11 | INFO     | Saving at a/skeb/X_noki9-6295fa.json
2026-09-24 14:46:12 | INFO     | OK https://skeb.jp/api/users/omm_13320
2026-09-24 14:46:12 | INFO     | Saving at a/skeb/omm_13320-a8b1d5.json
2026-09-24 14:46:13 | INFO     | OK https://skeb.jp/api/users/urutsu
2026-09-24 14:46:13 | INFO     | Saving at a/skeb/urutsu-8701e4.json
2026-09-24 14:46:14 | INFO     | OK https://skeb.jp/api/users/mwtm_s
2026-09-24 14:46:14 | INFO     | Saving at a/skeb/mwtm_s-e43ad3.json
2026-09-24 14:46:15 | INFO     | OK https://skeb.jp/api/users/yushi_artwork
2026-09-24 14:46:15 | INFO     | Saving at a/skeb/yushi_artwork-d55c50.json
2026-09-24 14:46:16 | INFO     | OK https://skeb.jp/api/users/kinakosuki8
2026-09-24 14:46:16 | INFO     | Saving at a/skeb/kinakosuki8-b76376.json
2026-09-24 14:46:17 | INFO     | OK https://skeb.jp/api/users/kawajinosaka
2026-09-24 14:46:17 | INFO     | Saving at a/skeb/kawajinosaka-53d61f.json
2026-09-24 14:46:18 | INFO     | OK https://skeb.jp/api/users/puto_210
2026-09-24 14:46:18 | INFO     | Saving at a/skeb/puto_210-7a036a.json
2026-09-24 14:46:19 | INFO     | OK https://skeb.jp/api/users/Land_Wharf
2026-09-24 14:46:19 | INFO     | Saving at a/skeb/Land_Wharf-74a917.json
2026-09-24 14:46:20 | INFO     | OK https://skeb.jp/api/users/Nokko_Cheshire
2026-09-24 14:46:20 | INFO     | Saving at a/skeb/Nokko_Cheshire-8b170e.json
2026-09-24 14:46:21 | INFO     | OK https://skeb.jp/api/users/nejirehifumi
2026-09-24 14:46:21 | INFO     | Saving at a/skeb/nejirehifumi-61e24f.json
2026-09-24 14:46:22 | INFO     | OK https://skeb.jp/api/users/kK_mark4
2026-09-24 14:46:22 | INFO     | Saving at a/skeb/kK_mark4-767c98.json
2026-09-24 14:46:23 | INFO     | OK https://skeb.jp/api/users/y4n4se_e
2026-09-24 14:46:23 | INFO     | Saving at a/skeb/y4n4se_e-c2d31e.json
2026-09-24 14:46:24 | INFO     | OK https://skeb.jp/api/users/manami_nattou
2026-09-24 14:46:24 | INFO     | Saving at a/skeb/manami_nattou-0c0c76.json
2026-09-24 14:46:25 | INFO     | OK https://skeb.jp/api/users/nayucoc
2026-09-24 14:46:25 | INFO     | Saving at a/skeb/nayucoc-0455bc.json
2026-09-24 14:46:26 | INFO     | OK https://skeb.jp/api/users/asumaewokaku
2026-09-24 14:46:26 | INFO     | Saving at a/skeb/asumaewokaku-99d8b3.json
2026-09-24 14:46:27 | INFO     | OK https://skeb.jp/api/users/La_Lune_000
2026-09-24 14:46:27 | INFO     | Saving at a/skeb/La_Lune_000-69484c.json
2026-09-24 14:46:28 | INFO     | OK https://skeb.jp/api/users/Byellowlightst1
2026-09-24 14:46:28 | INFO     | Saving at a/skeb/Byellowlightst1-a19270.json
2026-09-24 14:46:29 | INFO     | OK https://skeb.jp/api/users/mikouken
2026-09-24 14:46:29 | INFO     | Saving at a/skeb/mikouken-9127d8.json
2026-09-24 14:46:30 | INFO     | OK https://skeb.jp/api/users/sisyamo0805
2026-09-24 14:46:30 | INFO     | Saving at a/skeb/sisyamo0805-eb94f4.json
2026-09-24 14:46:31 | INFO     | OK https://skeb.jp/api/users/riny_o0
2026-09-24 14:46:31 | INFO     | Saving at a/skeb/riny_o0-39e0cd.json
2026-09-24 14:46:32 | INFO     | OK https://skeb.jp/api/users/0nanaten
2026-09-24 14:46:32 | INFO     | Saving at a/skeb/0nanaten-7cbb6a.json
2026-09-24 14:46:33 | INFO     | OK https://skeb.jp/api/users/K_haziK
2026-09-24 14:46:33 | INFO     | Saving at a/skeb/K_haziK-ceec0d.json
2026-09-24 14:46:34 | INFO     | OK https://skeb.jp/api/users/Silver_Room
2026-09-24 14:46:34 | INFO     | Saving at a/skeb/Silver_Room-78e8d6.json
2026-09-24 14:46:35 | INFO     | OK https://skeb.jp/api/users/hungrymom
2026-09-24 14:46:35 | INFO     | Saving at a/skeb/hungrymom-e94a14.json
2026-09-24 14:46:36 | INFO     | OK https://skeb.jp/api/users/liner_123
2026-09-24 14:46:36 | INFO     | Saving at a/skeb/liner_123-323042.json
2026-09-24 14:46:37 | INFO     | OK https://skeb.jp/api/users/syakkooooo
2026-09-24 14:46:37 | INFO     | Saving at a/skeb/syakkooooo-3c2e28.json
2026-09-24 14:46:38 | INFO     | OK https://skeb.jp/api/users/rn_9j
2026-09-24 14:46:38 | INFO     | Saving at a/skeb/rn_9j-26a2a0.json
2026-09-24 14:46:39 | INFO     | OK https://skeb.jp/api/users/arumi__T_T
2026-09-24 14:46:39 | INFO     | Saving at a/skeb/arumi__T_T-9c5c5e.json
2026-09-24 14:46:40 | INFO     | OK https://skeb.jp/api/users/inu_d0gp0b
2026-09-24 14:46:40 | INFO     | Saving at a/skeb/inu_d0gp0b-d5702d.json
2026-09-24 14:46:41 | INFO     | OK https://skeb.jp/api/users/ShinkaiObake
2026-09-24 14:46:41 | INFO     | Saving at a/skeb/ShinkaiObake-55ce2d.json
2026-09-24 14:46:42 | INFO     | OK https://skeb.jp/api/users/tonarinoyama
2026-09-24 14:46:42 | INFO     | Saving at a/skeb/tonarinoyama-73b9d1.json
2026-09-24 14:46:43 | INFO     | OK https://skeb.jp/api/users/hirari100
2026-09-24 14:46:43 | INFO     | Saving at a/skeb/hirari100-34d071.json
2026-09-24 14:46:44 | INFO     | OK https://skeb.jp/api/users/ii_87_oo
2026-09-24 14:46:44 | INFO     | Saving at a/skeb/ii_87_oo-520375.json
2026-09-24 14:46:45 | INFO     | OK https://skeb.jp/api/users/junko_inusub
2026-09-24 14:46:45 | INFO     | Saving at a/skeb/junko_inusub-03be29.json
2026-09-24 14:46:46 | INFO     | OK https://skeb.jp/api/users/jack_Jabberwock
2026-09-24 14:46:46 | INFO     | Saving at a/skeb/jack_Jabberwock-df2967.json
2026-09-24 14:46:47 | INFO     | OK https://skeb.jp/api/users/Kuwakuma_93
2026-09-24 14:46:47 | INFO     | Saving at a/skeb/Kuwakuma_93-800d56.json
2026-09-24 14:46:48 | INFO     | OK https://skeb.jp/api/users/hato_ri17
2026-09-24 14:46:48 | INFO     | Saving at a/skeb/hato_ri17-e00d79.json
2026-09-24 14:46:49 | INFO     | OK https://skeb.jp/api/users/Kaicho339
2026-09-24 14:46:49 | INFO     | Saving at a/skeb/Kaicho339-2705bf.json
2026-09-24 14:46:50 | INFO     | OK https://skeb.jp/api/users/utau7
2026-09-24 14:46:50 | INFO     | Saving at a/skeb/utau7-c84f30.json
2026-09-24 14:46:51 | INFO     | OK https://skeb.jp/api/users/sobakonattou07
2026-09-24 14:46:51 | INFO     | Saving at a/skeb/sobakonattou07-0e9480.json
2026-09-24 14:46:52 | INFO     | OK https://skeb.jp/api/users/PunicoVoltexO81
2026-09-24 14:46:52 | INFO     | Saving at a/skeb/PunicoVoltexO81-a9dd84.json
2026-09-24 14:46:53 | INFO     | OK https://skeb.jp/api/users/ojyama_djg
2026-09-24 14:46:53 | INFO     | Saving at a/skeb/ojyama_djg-a6152a.json
2026-09-24 14:46:54 | INFO     | OK https://skeb.jp/api/users/juunishiaya_18
2026-09-24 14:46:54 | INFO     | Saving at a/skeb/juunishiaya_18-a23fab.json
2026-09-24 14:46:55 | INFO     | OK https://skeb.jp/api/users/otototamago
2026-09-24 14:46:55 | INFO     | Saving at a/skeb/otototamago-ceac51.json
2026-09-24 14:46:56 | INFO     | OK https://skeb.jp/api/users/yoshio_296
2026-09-24 14:46:56 | INFO     | Saving at a/skeb/yoshio_296-cb65ea.json
2026-09-24 14:46:57 | INFO     | OK https://skeb.jp/api/users/ringokuro999
2026-09-24 14:46:57 | INFO     | Saving at a/skeb/ringokuro999-6455f2.json
2026-09-24 14:46:58 | INFO     | OK https://skeb.jp/api/users/_azhr_
2026-09-24 14:46:58 | INFO     | Saving at a/skeb/_azhr_-319220.json
2026-09-24 14:46:59 | INFO     | OK https://skeb.jp/api/users/Ver7_gogo
2026-09-24 14:46:59 | INFO     | Saving at a/skeb/Ver7_gogo-e897eb.json
2026-09-24 14:47:00 | INFO     | OK https://skeb.jp/api/users/84hsh
2026-09-24 14:47:00 | INFO     | Saving at a/skeb/84hsh-0691f3.json
2026-09-24 14:47:01 | INFO     | OK https://skeb.jp/api/users/pasupipi
2026-09-24 14:47:01 | INFO     | Saving at a/skeb/pasupipi-051ad8.json
2026-09-24 14:47:02 | INFO     | OK https://skeb.jp/api/users/john_doe_milk
2026-09-24 14:47:02 | INFO     | Saving at a/skeb/john_doe_milk-8285ed.json
2026-09-24 14:47:03 | INFO     | OK https://skeb.jp/api/users/satopaint1121
2026-09-24 14:47:03 | INFO     | Saving at a/skeb/satopaint1121-045ddc.json
2026-09-24 14:47:04 | INFO     | OK https://skeb.jp/api/users/nanabako_7
2026-09-24 14:47:04 | INFO     | Saving at a/skeb/nanabako_7-ca4639.json
2026-09-24 14:47:05 | INFO     | OK https://skeb.jp/api/users/PonshuisLIFE
2026-09-24 14:47:05 | INFO     | Saving at a/skeb/PonshuisLIFE-82585d.json
2026-09-24 14:47:06 | INFO     | OK https://skeb.jp/api/users/glassplinters
2026-09-24 14:47:06 | INFO     | Saving at a/skeb/glassplinters-6ce3b1.json
2026-09-24 14:47:07 | INFO     | OK https://skeb.jp/api/users/ShikabaraPurico
2026-09-24 14:47:07 | INFO     | Saving at a/skeb/ShikabaraPurico-9408d8.json
2026-09-24 14:47:08 | INFO     | OK https://skeb.jp/api/users/2jimegu3game
2026-09-24 14:47:08 | INFO     | Saving at a/skeb/2jimegu3game-b77b0a.json
2026-09-24 14:47:09 | INFO     | OK https://skeb.jp/api/users/takomado2130
2026-09-24 14:47:09 | INFO     | Saving at a/skeb/takomado2130-30f66d.json
2026-09-24 14:47:10 | INFO     | OK https://skeb.jp/api/users/yuriai
2026-09-24 14:47:10 | INFO     | Saving at a/skeb/yuriai-b822da.json
2026-09-24 14:47:11 | INFO     | OK https://skeb.jp/api/users/gizagizawing
2026-09-24 14:47:11 | INFO     | Saving at a/skeb/gizagizawing-6fd72a.json
2026-09-24 14:47:12 | INFO     | OK https://skeb.jp/api/users/754_0711
2026-09-24 14:47:12 | INFO     | Saving at a/skeb/754_0711-9ed947.json
2026-09-24 14:47:13 | INFO     | OK https://skeb.jp/api/users/mamemochi_hobby
2026-09-24 14:47:13 | INFO     | Saving at a/skeb/mamemochi_hobby-cf71f9.json
2026-09-24 14:47:14 | INFO     | OK https://skeb.jp/api/users/tetikun
2026-09-24 14:47:14 | INFO     | Saving at a/skeb/tetikun-1474a3.json
2026-09-24 14:47:15 | INFO     | OK https://skeb.jp/api/users/ak1002__
2026-09-24 14:47:15 | INFO     | Saving at a/skeb/ak1002__-025b0e.json
2026-09-24 14:47:16 | INFO     | OK https://skeb.jp/api/users/sosakumoti__M
2026-09-24 14:47:16 | INFO     | Saving at a/skeb/sosakumoti__M-dca53c.json
2026-09-24 14:47:17 | INFO     | OK https://skeb.jp/api/users/mosamosa_OC
2026-09-24 14:47:17 | INFO     | Saving at a/skeb/mosamosa_OC-47d680.json
2026-09-24 14:47:18 | INFO     | OK https://skeb.jp/api/users/yx8b9
2026-09-24 14:47:18 | INFO     | Saving at a/skeb/yx8b9-ce0341.json
2026-09-24 14:47:19 | INFO     | OK https://skeb.jp/api/users/gyosonnotamiyo
2026-09-24 14:47:19 | INFO     | Saving at a/skeb/gyosonnotamiyo-b210b6.json
2026-09-24 14:47:20 | INFO     | OK https://skeb.jp/api/users/Ly05YY
2026-09-24 14:47:20 | INFO     | Saving at a/skeb/Ly05YY-ad96bc.json
2026-09-24 14:47:21 | INFO     | OK https://skeb.jp/api/users/musubiyamaworks
2026-09-24 14:47:21 | INFO     | Saving at a/skeb/musubiyamaworks-14fcba.json
2026-09-24 14:47:22 | INFO     | OK https://skeb.jp/api/users/kogaitohiro
2026-09-24 14:47:22 | INFO     | Saving at a/skeb/kogaitohiro-6983c5.json
2026-09-24 14:47:23 | INFO     | OK https://skeb.jp/api/users/shii595
2026-09-24 14:47:23 | INFO     | Saving at a/skeb/shii595-986a08.json
2026-09-24 14:47:24 | INFO     | OK https://skeb.jp/api/users/10taru_88
2026-09-24 14:47:24 | INFO     | Saving at a/skeb/10taru_88-0cd84a.json
2026-09-24 14:47:25 | INFO     | OK https://skeb.jp/api/users/b612virginia
2026-09-24 14:47:25 | INFO     | Saving at a/skeb/b612virginia-687e6e.json
2026-09-24 14:47:26 | INFO     | OK https://skeb.jp/api/users/lbTmpuugwIBICxs
2026-09-24 14:47:26 | INFO     | Saving at a/skeb/lbTmpuugwIBICxs-45f3c8.json
2026-09-24 14:47:27 | INFO     | OK https://skeb.jp/api/users/NIGHTMARE_spect
2026-09-24 14:47:27 | INFO     | Saving at a/skeb/NIGHTMARE_spect-8afd6c.json
2026-09-24 14:47:28 | INFO     | OK https://skeb.jp/api/users/ityohii_
2026-09-24 14:47:28 | INFO     | Saving at a/skeb/ityohii_-383da3.json
2026-09-24 14:47:29 | INFO     | OK https://skeb.jp/api/users/tsubaking_11
2026-09-24 14:47:29 | INFO     | Saving at a/skeb/tsubaking_11-900513.json
2026-09-24 14:47:30 | INFO     | OK https://skeb.jp/api/users/ffgjm02
2026-09-24 14:47:30 | INFO     | Saving at a/skeb/ffgjm02-64d440.json
2026-09-24 14:47:31 | INFO     | OK https://skeb.jp/api/users/ida_shigeranai
2026-09-24 14:47:31 | INFO     | Saving at a/skeb/ida_shigeranai-6d799a.json
2026-09-24 14:47:32 | INFO     | OK https://skeb.jp/api/users/Dlrow_Dog
2026-09-24 14:47:32 | INFO     | Saving at a/skeb/Dlrow_Dog-85b645.json
2026-09-24 14:47:33 | INFO     | OK https://skeb.jp/api/users/ken553
2026-09-24 14:47:33 | INFO     | Saving at a/skeb/ken553-a42cf4.json
2026-09-24 14:47:34 | INFO     | OK https://skeb.jp/api/users/moyosan_
2026-09-24 14:47:34 | INFO     | Saving at a/skeb/moyosan_-a30d4a.json
2026-09-24 14:47:35 | INFO     | OK https://skeb.jp/api/users/sasakiUria
2026-09-24 14:47:35 | INFO     | Saving at a/skeb/sasakiUria-a8f0ab.json
2026-09-24 14:47:36 | INFO     | OK https://skeb.jp/api/users/EbiMaYo595
2026-09-24 14:47:36 | INFO     | Saving at a/skeb/EbiMaYo595-c88754.json
2026-09-24 14:47:37 | INFO     | OK https://skeb.jp/api/users/dreamdr14722570
2026-09-24 14:47:37 | INFO     | Saving at a/skeb/dreamdr14722570-2d153a.json
2026-09-24 14:47:38 | INFO     | OK https://skeb.jp/api/users/shinonome_rx7
2026-09-24 14:47:38 | INFO     | Saving at a/skeb/shinonome_rx7-5733d1.json
2026-09-24 14:47:39 | INFO     | OK https://skeb.jp/api/users/lenvals9
2026-09-24 14:47:39 | INFO     | Saving at a/skeb/lenvals9-f72da4.json
2026-09-24 14:47:40 | INFO     | OK https://skeb.jp/api/users/Wani_Guchi
2026-09-24 14:47:40 | INFO     | Saving at a/skeb/Wani_Guchi-81b411.json
2026-09-24 14:47:41 | INFO     | OK https://skeb.jp/api/users/i_t_05_12
2026-09-24 14:47:41 | INFO     | Saving at a/skeb/i_t_05_12-b8ee20.json
2026-09-24 14:47:42 | INFO     | OK https://skeb.jp/api/users/FM_2608
2026-09-24 14:47:42 | INFO     | Saving at a/skeb/FM_2608-162876.json
2026-09-24 14:47:43 | INFO     | OK https://skeb.jp/api/users/Chawa_031828
2026-09-24 14:47:43 | INFO     | Saving at a/skeb/Chawa_031828-4b5272.json
2026-09-24 14:47:44 | INFO     | OK https://skeb.jp/api/users/sakaNanato
2026-09-24 14:47:44 | INFO     | Saving at a/skeb/sakaNanato-97b7f6.json
2026-09-24 14:47:45 | INFO     | OK https://skeb.jp/api/users/kariusa21
2026-09-24 14:47:45 | INFO     | Saving at a/skeb/kariusa21-52a4e1.json
2026-09-24 14:47:46 | INFO     | OK https://skeb.jp/api/users/_nrmi_
2026-09-24 14:47:46 | INFO     | Saving at a/skeb/_nrmi_-abc47c.json
2026-09-24 14:47:47 | INFO     | OK https://skeb.jp/api/users/Naoo0_1
2026-09-24 14:47:47 | INFO     | Saving at a/skeb/Naoo0_1-12dbde.json
2026-09-24 14:47:48 | INFO     | OK https://skeb.jp/api/users/10enjondo
2026-09-24 14:47:48 | INFO     | Saving at a/skeb/10enjondo-6b19ec.json
2026-09-24 14:47:49 | INFO     | OK https://skeb.jp/api/users/pretz9172
2026-09-24 14:47:49 | INFO     | Saving at a/skeb/pretz9172-d93853.json
2026-09-24 14:47:50 | INFO     | OK https://skeb.jp/api/users/OMu__Ank
2026-09-24 14:47:50 | INFO     | Saving at a/skeb/OMu__Ank-6e7779.json
2026-09-24 14:47:51 | INFO     | OK https://skeb.jp/api/users/vad_end
2026-09-24 14:47:51 | INFO     | Saving at a/skeb/vad_end-beabb1.json
2026-09-24 14:47:52 | INFO     | OK https://skeb.jp/api/users/toruriri0718
2026-09-24 14:47:52 | INFO     | Saving at a/skeb/toruriri0718-d3b695.json
2026-09-24 14:47:53 | INFO     | OK https://skeb.jp/api/users/Manapoyo777
2026-09-24 14:47:53 | INFO     | Saving at a/skeb/Manapoyo777-04f111.json
2026-09-24 14:47:54 | INFO     | OK https://skeb.jp/api/users/chokkakudon
2026-09-24 14:47:54 | INFO     | Saving at a/skeb/chokkakudon-13703e.json
2026-09-24 14:47:55 | INFO     | OK https://skeb.jp/api/users/hamojanaiyo
2026-09-24 14:47:55 | INFO     | Saving at a/skeb/hamojanaiyo-d2785c.json
2026-09-24 14:47:56 | INFO     | OK https://skeb.jp/api/users/Mo_Chi_n_prrn
2026-09-24 14:47:56 | INFO     | Saving at a/skeb/Mo_Chi_n_prrn-04f5dd.json
2026-09-24 14:47:57 | INFO     | OK https://skeb.jp/api/users/Qu__uO
2026-09-24 14:47:57 | INFO     | Saving at a/skeb/Qu__uO-f2dbcb.json
2026-09-24 14:47:58 | INFO     | OK https://skeb.jp/api/users/killifish_
2026-09-24 14:47:58 | INFO     | Saving at a/skeb/killifish_-416125.json
2026-09-24 14:47:59 | INFO     | OK https://skeb.jp/api/users/Sekilei_333
2026-09-24 14:47:59 | INFO     | Saving at a/skeb/Sekilei_333-46bc01.json
2026-09-24 14:48:00 | INFO     | OK https://skeb.jp/api/users/hidaka_sou
2026-09-24 14:48:00 | INFO     | Saving at a/skeb/hidaka_sou-ef967e.json
2026-09-24 14:48:01 | INFO     | OK https://skeb.jp/api/users/hllspd_0
2026-09-24 14:48:01 | INFO     | Saving at a/skeb/hllspd_0-13948b.json
2026-09-24 14:48:02 | INFO     | OK https://skeb.jp/api/users/7nameru
2026-09-24 14:48:02 | INFO     | Saving at a/skeb/7nameru-997b6a.json
2026-09-24 14:48:03 | INFO     | OK https://skeb.jp/api/users/othiwo
2026-09-24 14:48:03 | INFO     | Saving at a/skeb/othiwo-cc5e25.json
2026-09-24 14:48:04 | INFO     | OK https://skeb.jp/api/users/OFLO_UP
2026-09-24 14:48:04 | INFO     | Saving at a/skeb/OFLO_UP-60991a.json
2026-09-24 14:48:05 | INFO     | OK https://skeb.jp/api/users/NATUMI7ka
2026-09-24 14:48:05 | INFO     | Saving at a/skeb/NATUMI7ka-c52bcc.json
2026-09-24 14:48:06 | INFO     | OK https://skeb.jp/api/users/_dkou
2026-09-24 14:48:06 | INFO     | Saving at a/skeb/_dkou-6c3632.json
2026-09-24 14:48:07 | INFO     | OK https://skeb.jp/api/users/leally_big_rice
2026-09-24 14:48:07 | INFO     | Saving at a/skeb/leally_big_rice-991af6.json
2026-09-24 14:48:08 | INFO     | OK https://skeb.jp/api/users/ore_desurou
2026-09-24 14:48:08 | INFO     | Saving at a/skeb/ore_desurou-40178b.json
2026-09-24 14:48:09 | INFO     | OK https://skeb.jp/api/users/bondi_tei
2026-09-24 14:48:09 | INFO     | Saving at a/skeb/bondi_tei-5693e9.json
2026-09-24 14:48:10 | INFO     | OK https://skeb.jp/api/users/sochin_douji
2026-09-24 14:48:10 | INFO     | Saving at a/skeb/sochin_douji-1373d5.json
2026-09-24 14:48:11 | INFO     | OK https://skeb.jp/api/users/tiny_d1
2026-09-24 14:48:11 | INFO     | Saving at a/skeb/tiny_d1-fd7a15.json
2026-09-24 14:48:12 | INFO     | OK https://skeb.jp/api/users/Kirikasilica
2026-09-24 14:48:12 | INFO     | Saving at a/skeb/Kirikasilica-097eb9.json
2026-09-24 14:48:13 | INFO     | OK https://skeb.jp/api/users/merona_0914
2026-09-24 14:48:13 | INFO     | Saving at a/skeb/merona_0914-6859ea.json
2026-09-24 14:48:14 | INFO     | OK https://skeb.jp/api/users/S7GTtzujPp19649
2026-09-24 14:48:14 | INFO     | Saving at a/skeb/S7GTtzujPp19649-da1e48.json
2026-09-24 14:48:15 | INFO     | OK https://skeb.jp/api/users/DHA_56
2026-09-24 14:48:15 | INFO     | Saving at a/skeb/DHA_56-6605ac.json
2026-09-24 14:48:16 | INFO     | OK https://skeb.jp/api/users/doto_mori
2026-09-24 14:48:16 | INFO     | Saving at a/skeb/doto_mori-5729de.json
2026-09-24 14:48:17 | INFO     | OK https://skeb.jp/api/users/fjt_22
2026-09-24 14:48:17 | INFO     | Saving at a/skeb/fjt_22-f4a31f.json
2026-09-24 14:48:18 | INFO     | OK https://skeb.jp/api/users/he_be_rrr
2026-09-24 14:48:18 | INFO     | Saving at a/skeb/he_be_rrr-261563.json
2026-09-24 14:48:19 | INFO     | OK https://skeb.jp/api/users/9so3go
2026-09-24 14:48:19 | INFO     | Saving at a/skeb/9so3go-a14416.json
2026-09-24 14:48:20 | INFO     | OK https://skeb.jp/api/users/memyou0616
2026-09-24 14:48:20 | INFO     | Saving at a/skeb/memyou0616-64f469.json
2026-09-24 14:48:21 | INFO     | OK https://skeb.jp/api/users/djmmk92
2026-09-24 14:48:21 | INFO     | Saving at a/skeb/djmmk92-7a6075.json
2026-09-24 14:48:22 | INFO     | OK https://skeb.jp/api/users/kou768
2026-09-24 14:48:22 | INFO     | Saving at a/skeb/kou768-559574.json
2026-09-24 14:48:23 | INFO     | OK https://skeb.jp/api/users/litegolyat
2026-09-24 14:48:23 | INFO     | Saving at a/skeb/litegolyat-9a83ca.json
2026-09-24 14:48:24 | INFO     | OK https://skeb.jp/api/users/Harukey8
2026-09-24 14:48:24 | INFO     | Saving at a/skeb/Harukey8-5b7aa8.json
2026-09-24 14:48:25 | INFO     | OK https://skeb.jp/api/users/KANALEMO_chan
2026-09-24 14:48:25 | INFO     | Saving at a/skeb/KANALEMO_chan-d829c9.json
2026-09-24 14:48:26 | INFO     | OK https://skeb.jp/api/users/KiricoSkst
2026-09-24 14:48:26 | INFO     | Saving at a/skeb/KiricoSkst-239f9c.json
2026-09-24 14:48:27 | INFO     | OK https://skeb.jp/api/users/yawaOru
2026-09-24 14:48:27 | INFO     | Saving at a/skeb/yawaOru-0a250b.json
2026-09-24 14:48:28 | INFO     | OK https://skeb.jp/api/users/itmnmi_d
2026-09-24 14:48:28 | INFO     | Saving at a/skeb/itmnmi_d-83a02d.json
2026-09-24 14:48:29 | INFO     | OK https://skeb.jp/api/users/inuowk
2026-09-24 14:48:29 | INFO     | Saving at a/skeb/inuowk-eef6cc.json
2026-09-24 14:48:30 | INFO     | OK https://skeb.jp/api/users/ruu_hh
2026-09-24 14:48:30 | INFO     | Saving at a/skeb/ruu_hh-cc226c.json
2026-09-24 14:48:31 | INFO     | OK https://skeb.jp/api/users/zef2y
2026-09-24 14:48:31 | INFO     | Saving at a/skeb/zef2y-dee45e.json
2026-09-24 14:48:32 | INFO     | OK https://skeb.jp/api/users/otakunocamp
2026-09-24 14:48:32 | INFO     | Saving at a/skeb/otakunocamp-5fb13d.json
2026-09-24 14:48:33 | INFO     | OK https://skeb.jp/api/users/112yke_
2026-09-24 14:48:33 | INFO     | Saving at a/skeb/112yke_-bcc193.json
2026-09-24 14:48:34 | INFO     | OK https://skeb.jp/api/users/tanukihainuka_
2026-09-24 14:48:34 | INFO     | Saving at a/skeb/tanukihainuka_-be48a0.json
2026-09-24 14:48:35 | INFO     | OK https://skeb.jp/api/users/karikari7878
2026-09-24 14:48:35 | INFO     | Saving at a/skeb/karikari7878-54bb04.json
2026-09-24 14:48:36 | INFO     | OK https://skeb.jp/api/users/enju905
2026-09-24 14:48:36 | INFO     | Saving at a/skeb/enju905-e22d37.json
2026-09-24 14:48:37 | INFO     | OK https://skeb.jp/api/users/pocyapocya33
2026-09-24 14:48:37 | INFO     | Saving at a/skeb/pocyapocya33-b65645.json
2026-09-24 14:48:38 | INFO     | OK https://skeb.jp/api/users/Alice0201_
2026-09-24 14:48:38 | INFO     | Saving at a/skeb/Alice0201_-5ff6b8.json
2026-09-24 14:48:39 | INFO     | OK https://skeb.jp/api/users/7B
2026-09-24 14:48:39 | INFO     | Saving at a/skeb/7B-50a3ed.json
2026-09-24 14:48:40 | INFO     | OK https://skeb.jp/api/users/SoiHana
2026-09-24 14:48:40 | INFO     | Saving at a/skeb/SoiHana-c2c02f.json
2026-09-24 14:48:41 | INFO     | OK https://skeb.jp/api/users/imawanokiwa333
2026-09-24 14:48:41 | INFO     | Saving at a/skeb/imawanokiwa333-f85174.json
2026-09-24 14:48:42 | INFO     | OK https://skeb.jp/api/users/yueyuepon
2026-09-24 14:48:42 | INFO     | Saving at a/skeb/yueyuepon-3f4a51.json
2026-09-24 14:48:43 | INFO     | OK https://skeb.jp/api/users/syakesyake1414
2026-09-24 14:48:43 | INFO     | Saving at a/skeb/syakesyake1414-a0db80.json
2026-09-24 14:48:44 | INFO     | OK https://skeb.jp/api/users/osaka_kokowa
2026-09-24 14:48:44 | INFO     | Saving at a/skeb/osaka_kokowa-ac2d8d.json
2026-09-24 14:48:45 | INFO     | OK https://skeb.jp/api/users/uryyyy31
2026-09-24 14:48:45 | INFO     | Saving at a/skeb/uryyyy31-205faa.json
2026-09-24 14:48:46 | INFO     | OK https://skeb.jp/api/users/purpur_nnc
2026-09-24 14:48:46 | INFO     | Saving at a/skeb/purpur_nnc-870b7e.json
2026-09-24 14:48:47 | INFO     | OK https://skeb.jp/api/users/izumikei001
2026-09-24 14:48:47 | INFO     | Saving at a/skeb/izumikei001-90c8a0.json
2026-09-24 14:48:48 | INFO     | OK https://skeb.jp/api/users/Koppepan_agp
2026-09-24 14:48:48 | INFO     | Saving at a/skeb/Koppepan_agp-888d53.json
2026-09-24 14:48:49 | INFO     | OK https://skeb.jp/api/users/KotoriMuro770
2026-09-24 14:48:49 | INFO     | Saving at a/skeb/KotoriMuro770-f18844.json
2026-09-24 14:48:50 | INFO     | OK https://skeb.jp/api/users/aisk_mrn1
2026-09-24 14:48:50 | INFO     | Saving at a/skeb/aisk_mrn1-06fa56.json
2026-09-24 14:48:51 | INFO     | OK https://skeb.jp/api/users/Cq_kk5
2026-09-24 14:48:51 | INFO     | Saving at a/skeb/Cq_kk5-91906d.json
2026-09-24 14:48:52 | INFO     | OK https://skeb.jp/api/users/xxyamada_xx
2026-09-24 14:48:52 | INFO     | Saving at a/skeb/xxyamada_xx-9054d7.json
2026-09-24 14:48:53 | INFO     | OK https://skeb.jp/api/users/zunusama
2026-09-24 14:48:53 | INFO     | Saving at a/skeb/zunusama-8338d4.json
2026-09-24 14:48:54 | INFO     | OK https://skeb.jp/api/users/dameo_da
2026-09-24 14:48:54 | INFO     | Saving at a/skeb/dameo_da-ae0d39.json
2026-09-24 14:48:55 | INFO     | OK https://skeb.jp/api/users/6Jo90yTjpvhOjCO
2026-09-24 14:48:55 | INFO     | Saving at a/skeb/6Jo90yTjpvhOjCO-23dd59.json
2026-09-24 14:48:56 | INFO     | OK https://skeb.jp/api/users/nyaaamiii1182
2026-09-24 14:48:56 | INFO     | Saving at a/skeb/nyaaamiii1182-f06e5d.json
2026-09-24 14:48:57 | INFO     | OK https://skeb.jp/api/users/yp020
2026-09-24 14:48:57 | INFO     | Saving at a/skeb/yp020-410a87.json
2026-09-24 14:48:58 | INFO     | OK https://skeb.jp/api/users/nico_25ch
2026-09-24 14:48:58 | INFO     | Saving at a/skeb/nico_25ch-bc9834.json
2026-09-24 14:48:59 | INFO     | OK https://skeb.jp/api/users/kamikennas
2026-09-24 14:48:59 | INFO     | Saving at a/skeb/kamikennas-603460.json
2026-09-24 14:49:00 | INFO     | OK https://skeb.jp/api/users/nanasenao
2026-09-24 14:49:00 | INFO     | Saving at a/skeb/nanasenao-bbf511.json
2026-09-24 14:49:01 | INFO     | OK https://skeb.jp/api/users/ekiaroll
2026-09-24 14:49:01 | INFO     | Saving at a/skeb/ekiaroll-caa0b8.json
2026-09-24 14:49:02 | INFO     | OK https://skeb.jp/api/users/anoano_san
2026-09-24 14:49:02 | INFO     | Saving at a/skeb/anoano_san-32ee7f.json
2026-09-24 14:49:03 | INFO     | OK https://skeb.jp/api/users/tukumo1019
2026-09-24 14:49:03 | INFO     | Saving at a/skeb/tukumo1019-84d790.json
2026-09-24 14:49:04 | INFO     | OK https://skeb.jp/api/users/ikuraonigiri
2026-09-24 14:49:04 | INFO     | Saving at a/skeb/ikuraonigiri-457fcd.json
2026-09-24 14:49:05 | INFO     | OK https://skeb.jp/api/users/waiwaidaiseidou
2026-09-24 14:49:05 | INFO     | Saving at a/skeb/waiwaidaiseidou-0c9ab0.json
2026-09-24 14:49:06 | INFO     | OK https://skeb.jp/api/users/kposu_
2026-09-24 14:49:06 | INFO     | Saving at a/skeb/kposu_-e4a151.json
2026-09-24 14:49:07 | INFO     | OK https://skeb.jp/api/users/tetora3n
2026-09-24 14:49:07 | INFO     | Saving at a/skeb/tetora3n-1a04ef.json
2026-09-24 14:49:08 | INFO     | OK https://skeb.jp/api/users/kuuhaku_0_
2026-09-24 14:49:08 | INFO     | Saving at a/skeb/kuuhaku_0_-eb6bc2.json
2026-09-24 14:49:09 | INFO     | OK https://skeb.jp/api/users/haruta_makiko
2026-09-24 14:49:09 | INFO     | Saving at a/skeb/haruta_makiko-134493.json
2026-09-24 14:49:10 | INFO     | OK https://skeb.jp/api/users/shirabaki
2026-09-24 14:49:10 | INFO     | Saving at a/skeb/shirabaki-22ed74.json
2026-09-24 14:49:11 | INFO     | OK https://skeb.jp/api/users/esica_esica
2026-09-24 14:49:11 | INFO     | Saving at a/skeb/esica_esica-5c004b.json
2026-09-24 14:49:12 | INFO     | OK https://skeb.jp/api/users/mill_gyunu
2026-09-24 14:49:12 | INFO     | Saving at a/skeb/mill_gyunu-2f22ac.json
2026-09-24 14:49:13 | INFO     | OK https://skeb.jp/api/users/QpDzy
2026-09-24 14:49:13 | INFO     | Saving at a/skeb/QpDzy-e5d313.json
2026-09-24 14:49:14 | INFO     | OK https://skeb.jp/api/users/milano_onaka
2026-09-24 14:49:14 | INFO     | Saving at a/skeb/milano_onaka-2e0ce8.json
2026-09-24 14:49:15 | INFO     | OK https://skeb.jp/api/users/SeiranAichi
2026-09-24 14:49:15 | INFO     | Saving at a/skeb/SeiranAichi-e4884e.json
2026-09-24 14:49:16 | INFO     | OK https://skeb.jp/api/users/HisuiSena
2026-09-24 14:49:16 | INFO     | Saving at a/skeb/HisuiSena-517136.json
2026-09-24 14:49:17 | INFO     | OK https://skeb.jp/api/users/cedar_japonica
2026-09-24 14:49:17 | INFO     | Saving at a/skeb/cedar_japonica-ce4832.json
2026-09-24 14:49:18 | INFO     | OK https://skeb.jp/api/users/minomarusteak
2026-09-24 14:49:18 | INFO     | Saving at a/skeb/minomarusteak-e6d03e.json
2026-09-24 14:49:19 | INFO     | OK https://skeb.jp/api/users/Cytodesu
2026-09-24 14:49:19 | INFO     | Saving at a/skeb/Cytodesu-9672eb.json
2026-09-24 14:49:20 | INFO     | OK https://skeb.jp/api/users/gi4_xz
2026-09-24 14:49:20 | INFO     | Saving at a/skeb/gi4_xz-a51e42.json
2026-09-24 14:49:21 | INFO     | OK https://skeb.jp/api/users/INU_DAKISIME
2026-09-24 14:49:21 | INFO     | Saving at a/skeb/INU_DAKISIME-f887cd.json
2026-09-24 14:49:22 | INFO     | OK https://skeb.jp/api/users/engawa110
2026-09-24 14:49:22 | INFO     | Saving at a/skeb/engawa110-cbd13c.json
2026-09-24 14:49:23 | INFO     | OK https://skeb.jp/api/users/chloe_ethyl
2026-09-24 14:49:23 | INFO     | Saving at a/skeb/chloe_ethyl-b8528e.json
2026-09-24 14:49:24 | INFO     | OK https://skeb.jp/api/users/chi17_chan
2026-09-24 14:49:24 | INFO     | Saving at a/skeb/chi17_chan-c20964.json
2026-09-24 14:49:25 | INFO     | OK https://skeb.jp/api/users/th9xr
2026-09-24 14:49:25 | INFO     | Saving at a/skeb/th9xr-e1ef59.json
2026-09-24 14:49:26 | INFO     | OK https://skeb.jp/api/users/micaja_empty
2026-09-24 14:49:26 | INFO     | Saving at a/skeb/micaja_empty-805c5a.json
2026-09-24 14:49:27 | INFO     | OK https://skeb.jp/api/users/Chall_tr_yz
2026-09-24 14:49:27 | INFO     | Saving at a/skeb/Chall_tr_yz-4146f3.json
2026-09-24 14:49:28 | INFO     | OK https://skeb.jp/api/users/Kittatsu_toku
2026-09-24 14:49:28 | INFO     | Saving at a/skeb/Kittatsu_toku-60629a.json
2026-09-24 14:49:29 | INFO     | OK https://skeb.jp/api/users/UDONtoWATASHI
2026-09-24 14:49:29 | INFO     | Saving at a/skeb/UDONtoWATASHI-4bd592.json
2026-09-24 14:49:30 | INFO     | OK https://skeb.jp/api/users/hk45_x
2026-09-24 14:49:30 | INFO     | Saving at a/skeb/hk45_x-3101ef.json
2026-09-24 14:49:31 | INFO     | OK https://skeb.jp/api/users/kakyo_m
2026-09-24 14:49:31 | INFO     | Saving at a/skeb/kakyo_m-2d29a2.json
2026-09-24 14:49:32 | INFO     | OK https://skeb.jp/api/users/ln_purple__
2026-09-24 14:49:32 | INFO     | Saving at a/skeb/ln_purple__-f29977.json
2026-09-24 14:49:33 | INFO     | OK https://skeb.jp/api/users/pv05_xj
2026-09-24 14:49:33 | INFO     | Saving at a/skeb/pv05_xj-77b43f.json
2026-09-24 14:49:34 | INFO     | OK https://skeb.jp/api/users/7M5_S2
2026-09-24 14:49:34 | INFO     | Saving at a/skeb/7M5_S2-3f0161.json
2026-09-24 14:49:35 | INFO     | OK https://skeb.jp/api/users/ahyoge_4649
2026-09-24 14:49:35 | INFO     | Saving at a/skeb/ahyoge_4649-01a7a8.json
2026-09-24 14:49:36 | INFO     | OK https://skeb.jp/api/users/UknkBe
2026-09-24 14:49:36 | INFO     | Saving at a/skeb/UknkBe-bc6185.json
2026-09-24 14:49:37 | INFO     | OK https://skeb.jp/api/users/torasaburo_36
2026-09-24 14:49:37 | INFO     | Saving at a/skeb/torasaburo_36-7a705b.json
2026-09-24 14:49:38 | INFO     | OK https://skeb.jp/api/users/Tsubamesu727
2026-09-24 14:49:38 | INFO     | Saving at a/skeb/Tsubamesu727-3fd72c.json
2026-09-24 14:49:39 | INFO     | OK https://skeb.jp/api/users/Wataru_401
2026-09-24 14:49:39 | INFO     | Saving at a/skeb/Wataru_401-538027.json
2026-09-24 14:49:40 | INFO     | OK https://skeb.jp/api/users/aussiebeef_j
2026-09-24 14:49:40 | INFO     | Saving at a/skeb/aussiebeef_j-9fefc3.json
2026-09-24 14:49:41 | INFO     | OK https://skeb.jp/api/users/tarocos
2026-09-24 14:49:41 | INFO     | Saving at a/skeb/tarocos-881a28.json
2026-09-24 14:49:42 | INFO     | OK https://skeb.jp/api/users/manige_E
2026-09-24 14:49:42 | INFO     | Saving at a/skeb/manige_E-73943d.json
2026-09-24 14:49:43 | INFO     | OK https://skeb.jp/api/users/0ilqpli0
2026-09-24 14:49:43 | INFO     | Saving at a/skeb/0ilqpli0-286ae1.json
2026-09-24 14:49:44 | INFO     | OK https://skeb.jp/api/users/yomogi_e
2026-09-24 14:49:44 | INFO     | Saving at a/skeb/yomogi_e-d07670.json
2026-09-24 14:49:45 | INFO     | OK https://skeb.jp/api/users/morihayasi
2026-09-24 14:49:45 | INFO     | Saving at a/skeb/morihayasi-fe83f7.json
2026-09-24 14:49:46 | INFO     | OK https://skeb.jp/api/users/room12f1oonn
2026-09-24 14:49:46 | INFO     | Saving at a/skeb/room12f1oonn-5c923a.json
2026-09-24 14:49:47 | INFO     | OK https://skeb.jp/api/users/akmc0015
2026-09-24 14:49:47 | INFO     | Saving at a/skeb/akmc0015-83d3d3.json
2026-09-24 14:49:48 | INFO     | OK https://skeb.jp/api/users/nikonikotepapa
2026-09-24 14:49:48 | INFO     | Saving at a/skeb/nikonikotepapa-098ff9.json
2026-09-24 14:49:48 | INFO     |  --- SUMMARY REPORT --- 
  Sources Retreived    : 3559
  Profiles Fetched     : 3559
  Profile Missing      : 0
  Profile Rate Limited : 0
  Profile Error Others : 0

2026-09-24 14:49:48 | INFO     | Started creating static api data.
2026-09-24 14:52:20 | INFO     | Album index written to a/albums/index.json (530 albums)
